source_id,record_kind,title,publisher,source_url,publication_date,retrieved_at,access_status,license,local_path,sha256,note
GEM_SOMALIA_COUNT,download,Validate complete query result,GEM,https://services.arcgis.com/P3ePLMYs2RVChkJx/arcgis/rest/services/Global_Integrated_Power_v1/FeatureServer/0/query?where=Country_area+LIKE+%27%25Somal%25%27&returnCountOnly=true&f=json,,2026-09-28T16:28:45.631599+00:00,downloaded,CC BY 4.0,raw/gem/count.json,1499080957f351e73617fbd5e34aecb32e1d1f14e99056be11ba70a8c3cf3632,See dataset-specific interpretation and validation
GEM_DISTRIBUTION,download,"Source distribution metadata, release and limitations",Global Energy Monitor / Esri distribution,https://www.arcgis.com/sharing/rest/content/items/d48c087b6d8141599d4923e70e610fca?f=json,,2026-09-28T16:28:45.492946+00:00,downloaded,CC BY 4.0; attribute GEM,raw/gem/distribution.json,8f544a8f84b320c6b689fed8aef5543f688304ef9ecfd7c8d390fbfbc334a27c,See dataset-specific interpretation and validation
GEM_LAYER,download,Layer metadata; API snapshot may be older than GEM latest release,Global Energy Monitor / Esri distribution,https://services.arcgis.com/P3ePLMYs2RVChkJx/arcgis/rest/services/Global_Integrated_Power_v1/FeatureServer/0?f=json,,2026-09-28T16:28:45.298788+00:00,downloaded,CC BY 4.0; attribute GEM,raw/gem/layer.json,4389657cd1b7311da91cdf6f8216c4275e4ea66d9e80af02ee66c892986b5d44,See dataset-specific interpretation and validation
GEM_SOMALIA_ASSETS,download,Threshold-limited power asset inventory; not national installed total,Global Energy Monitor / Esri distribution,https://services.arcgis.com/P3ePLMYs2RVChkJx/arcgis/rest/services/Global_Integrated_Power_v1/FeatureServer/0/query?where=Country_area+LIKE+%27%25Somal%25%27&outFields=%2A&returnGeometry=false&orderByFields=OBJECTID&resultRecordCount=2000&f=json,,2026-09-28T16:28:45.880114+00:00,downloaded,CC BY 4.0; attribute Global Energy Monitor,raw/gem/somalia_assets.json,41c957398a492eb13f4afb5b3238dc589302da0078b2fd3e1952aa1866f1bbaf,See dataset-specific interpretation and validation
GEOBOUNDARIES_ADM0,download,Simplified administrative geometry; retain metadata and version,"geoBoundaries / United National Development Programme (UNDP), OCHA Somalia",https://github.com/wmgeolab/geoBoundaries/raw/9469f09/releaseData/gbOpen/SOM/ADM0/geoBoundaries-SOM-ADM0_simplified.geojson,,2026-09-28T16:24:59.753044+00:00,downloaded,Creative Commons Attribution 3.0 Intergovernmental Organisations (CC BY 3.0 IGO),raw/geoboundaries/ADM0.geojson,ae7cda4305b463a3a75bec0f7c5486a2abe30b88f98022b20d8b70ad7ebf8642,See dataset-specific interpretation and validation
GEOBOUNDARIES_META_ADM0,download,"Alternative administrative boundary version, not electrical zones",geoBoundaries; original provider in metadata,https://www.geoboundaries.org/api/current/gbOpen/SOM/ADM0/,,2026-09-28T16:24:59.228546+00:00,downloaded,See each returned boundaryLicense; not uniform,raw/geoboundaries/ADM0_metadata.json,97ec3e65a0cac5b25eb6e1eb5a749e91e391cc650029a92fd4559f50f696c3ac,See dataset-specific interpretation and validation
GEOBOUNDARIES_ADM1,download,Simplified administrative geometry; retain metadata and version,"geoBoundaries / OpenStreetMap, Wambacher",https://github.com/wmgeolab/geoBoundaries/raw/9469f09/releaseData/gbOpen/SOM/ADM1/geoBoundaries-SOM-ADM1_simplified.geojson,,2026-09-28T16:25:00.385905+00:00,downloaded,Open Data Commons Open Database License 1.0,raw/geoboundaries/ADM1.geojson,a3d87cc4bc6f6d32b40862c34efd325ae61fc22c092c81597e8c49c20c681910,See dataset-specific interpretation and validation
GEOBOUNDARIES_META_ADM1,download,"Alternative administrative boundary version, not electrical zones",geoBoundaries; original provider in metadata,https://www.geoboundaries.org/api/current/gbOpen/SOM/ADM1/,,2026-09-28T16:25:00.313897+00:00,downloaded,See each returned boundaryLicense; not uniform,raw/geoboundaries/ADM1_metadata.json,c77974e12ac283546318a43849a7463f9e56c48129834eadcbf4d3cc589afdf9,See dataset-specific interpretation and validation
GEOBOUNDARIES_ADM2,download,Simplified administrative geometry; retain metadata and version,"geoBoundaries / Global Polio Eradication Initiative (GPEI), Frank Salet",https://github.com/wmgeolab/geoBoundaries/raw/9469f09/releaseData/gbOpen/SOM/ADM2/geoBoundaries-SOM-ADM2_simplified.geojson,,2026-09-28T16:25:00.900381+00:00,downloaded,Creative Commons Attribution 4.0 (CC BY 4.0),raw/geoboundaries/ADM2.geojson,fda57ec0acae5d43ab60523ba65283ce0923dfc52dbe2aebb2e600afe8015009,See dataset-specific interpretation and validation
GEOBOUNDARIES_META_ADM2,download,"Alternative administrative boundary version, not electrical zones",geoBoundaries; original provider in metadata,https://www.geoboundaries.org/api/current/gbOpen/SOM/ADM2/,,2026-09-28T16:25:00.832839+00:00,downloaded,See each returned boundaryLicense; not uniform,raw/geoboundaries/ADM2_metadata.json,f06d457bc9ee3b147122a4d4747bedd29c5fd08912fd571b1e16772a2df0406f,See dataset-specific interpretation and validation
IRENA_CATALOGUE,download,Live table list; preserve release identifiers,IRENA,https://pxweb.irena.org/api/v1/en/IRENASTAT/Power%20Capacity%20and%20Generation/,,2026-09-28T16:28:43.362087+00:00,downloaded,IRENA noncommercial attribution terms; https://www.irena.org/terms-and-conditions; product-specific and third-party terms prevail,raw/irena/catalogue.json,df98624747ec395242cff059b40954dd2fafbec15122eb9c23e5d5e3c5692389,See dataset-specific interpretation and validation
IRENA_DIMENSIONS,download,"Electricity statistics by Country/area, Technology, Data Type, Grid connection and Year",IRENA,https://pxweb.irena.org/api/v1/en/IRENASTAT/Power%20Capacity%20and%20Generation/Country_ELECSTAT_2026_H2_PXready.px,,2026-09-28T16:28:43.763287+00:00,downloaded,IRENA noncommercial attribution terms; https://www.irena.org/terms-and-conditions; product-specific and third-party terms prevail,raw/irena/dimensions.json,bc3bf02f6be0d917c219b0855d3d16aab9e286f80271d8a39985a0af7abad8bd,See dataset-specific interpretation and validation
IRENA_SOMALIA_ELECTRICITY,download,All available electricity capacity/generation categories for Somalia; overlapping technology hierarchies must not be summed,IRENA,https://pxweb.irena.org/api/v1/en/IRENASTAT/Power%20Capacity%20and%20Generation/Country_ELECSTAT_2026_H2_PXready.px,,2026-09-28T16:28:44.140317+00:00,downloaded,IRENA noncommercial attribution terms; https://www.irena.org/terms-and-conditions; product-specific and third-party terms prevail,raw/irena/somalia_electricity.json,be3909be8ebc9a49ae8b6079c16ccb1b2c8deb513475418d658d4fb6421ab1c2,See dataset-specific interpretation and validation
NASA_DAILY_BAIDOA,download,Gridded resource estimates at approximate city point; not measured site data or generation capacity factors,NASA POWER,https://power.larc.nasa.gov/api/temporal/daily/point?parameters=ALLSKY_SFC_SW_DWN%2CT2M%2CWS10M%2CWS50M%2CRH2M%2CPRECTOTCORR&community=RE&longitude=43.65&latitude=3.12&start=20010101&end=20251231&format=JSON&time-standard=UTC,,2026-09-28T16:24:55.201923+00:00,downloaded,NASA POWER freely available; acknowledge NASA POWER and underlying data providers,raw/nasa_power/daily_baidoa_20010101_20251231.json,427a19d7152adb7562b75d4feaee40db442181def305a1b9474c142bd74a9b4b,See dataset-specific interpretation and validation
NASA_DAILY_BELEDWEYNE,download,Gridded resource estimates at approximate city point; not measured site data or generation capacity factors,NASA POWER,https://power.larc.nasa.gov/api/temporal/daily/point?parameters=ALLSKY_SFC_SW_DWN%2CT2M%2CWS10M%2CWS50M%2CRH2M%2CPRECTOTCORR&community=RE&longitude=45.2&latitude=4.74&start=20010101&end=20251231&format=JSON&time-standard=UTC,,2026-09-28T16:24:57.025254+00:00,downloaded,NASA POWER freely available; acknowledge NASA POWER and underlying data providers,raw/nasa_power/daily_beledweyne_20010101_20251231.json,b810adba1ef9bfe7f135f3607f22886f9ae78cf647e2e88e4a5efd3cd2732697,See dataset-specific interpretation and validation
NASA_DAILY_BERBERA,download,Gridded resource estimates at approximate city point; not measured site data or generation capacity factors,NASA POWER,https://power.larc.nasa.gov/api/temporal/daily/point?parameters=ALLSKY_SFC_SW_DWN%2CT2M%2CWS10M%2CWS50M%2CRH2M%2CPRECTOTCORR&community=RE&longitude=45.01&latitude=10.44&start=20010101&end=20251231&format=JSON&time-standard=UTC,,2026-09-28T16:24:59.842347+00:00,downloaded,NASA POWER freely available; acknowledge NASA POWER and underlying data providers,raw/nasa_power/daily_berbera_20010101_20251231.json,5c0996754697d26cf6d67c39895c2274ca869405dd87928bb963abdfd68abcac,See dataset-specific interpretation and validation
NASA_DAILY_BOSASO,download,Gridded resource estimates at approximate city point; not measured site data or generation capacity factors,NASA POWER,https://power.larc.nasa.gov/api/temporal/daily/point?parameters=ALLSKY_SFC_SW_DWN%2CT2M%2CWS10M%2CWS50M%2CRH2M%2CPRECTOTCORR&community=RE&longitude=49.18&latitude=11.28&start=20010101&end=20251231&format=JSON&time-standard=UTC,,2026-09-28T16:24:50.321982+00:00,downloaded,NASA POWER freely available; acknowledge NASA POWER and underlying data providers,raw/nasa_power/daily_bosaso_20010101_20251231.json,f2867e7a66ddd834f963e12d634d6f3cd416be685c506541a331f5746c0f72d7,See dataset-specific interpretation and validation
NASA_DAILY_DHUUSAMAREEB,download,Gridded resource estimates at approximate city point; not measured site data or generation capacity factors,NASA POWER,https://power.larc.nasa.gov/api/temporal/daily/point?parameters=ALLSKY_SFC_SW_DWN%2CT2M%2CWS10M%2CWS50M%2CRH2M%2CPRECTOTCORR&community=RE&longitude=46.39&latitude=5.53&start=20010101&end=20251231&format=JSON&time-standard=UTC,,2026-09-28T16:25:00.739822+00:00,downloaded,NASA POWER freely available; acknowledge NASA POWER and underlying data providers,raw/nasa_power/daily_dhuusamareeb_20010101_20251231.json,6f393c4d2bdcb1482ef26500cf70840109f2cfaadb076f4db36da1b3789e0dfe,See dataset-specific interpretation and validation
NASA_DAILY_GALKAYO,download,Gridded resource estimates at approximate city point; not measured site data or generation capacity factors,NASA POWER,https://power.larc.nasa.gov/api/temporal/daily/point?parameters=ALLSKY_SFC_SW_DWN%2CT2M%2CWS10M%2CWS50M%2CRH2M%2CPRECTOTCORR&community=RE&longitude=47.43&latitude=6.77&start=20010101&end=20251231&format=JSON&time-standard=UTC,,2026-09-28T16:24:58.381770+00:00,downloaded,NASA POWER freely available; acknowledge NASA POWER and underlying data providers,raw/nasa_power/daily_galkayo_20010101_20251231.json,1f7992d7285a7b55b8821ac0cefb6d78321ee8ece2ec72c50fed1a6db656f12a,See dataset-specific interpretation and validation
NASA_DAILY_GAROWE,download,Gridded resource estimates at approximate city point; not measured site data or generation capacity factors,NASA POWER,https://power.larc.nasa.gov/api/temporal/daily/point?parameters=ALLSKY_SFC_SW_DWN%2CT2M%2CWS10M%2CWS50M%2CRH2M%2CPRECTOTCORR&community=RE&longitude=48.48&latitude=8.4&start=20010101&end=20251231&format=JSON&time-standard=UTC,,2026-09-28T16:24:51.925687+00:00,downloaded,NASA POWER freely available; acknowledge NASA POWER and underlying data providers,raw/nasa_power/daily_garowe_20010101_20251231.json,26367aad234411de1f3aacc8f9a3b6203f183e325da6141814d54b324aea3328,See dataset-specific interpretation and validation
NASA_DAILY_HARGEISA,download,Gridded resource estimates at approximate city point; not measured site data or generation capacity factors,NASA POWER,https://power.larc.nasa.gov/api/temporal/daily/point?parameters=ALLSKY_SFC_SW_DWN%2CT2M%2CWS10M%2CWS50M%2CRH2M%2CPRECTOTCORR&community=RE&longitude=44.06&latitude=9.56&start=20010101&end=20251231&format=JSON&time-standard=UTC,,2026-09-28T16:24:48.442015+00:00,downloaded,NASA POWER freely available; acknowledge NASA POWER and underlying data providers,raw/nasa_power/daily_hargeisa_20010101_20251231.json,e3a61b90962ec400d3418df1133671ff3b04a30f967ed0beba800709f4711454,See dataset-specific interpretation and validation
NASA_DAILY_KISMAYO,download,Gridded resource estimates at approximate city point; not measured site data or generation capacity factors,NASA POWER,https://power.larc.nasa.gov/api/temporal/daily/point?parameters=ALLSKY_SFC_SW_DWN%2CT2M%2CWS10M%2CWS50M%2CRH2M%2CPRECTOTCORR&community=RE&longitude=42.55&latitude=-0.36&start=20010101&end=20251231&format=JSON&time-standard=UTC,,2026-09-28T16:24:53.305390+00:00,downloaded,NASA POWER freely available; acknowledge NASA POWER and underlying data providers,raw/nasa_power/daily_kismayo_20010101_20251231.json,4278bba3115dc0608d40a8a23004fe2b94e1e6a63883bab02e72d6bfddb5c635,See dataset-specific interpretation and validation
NASA_DAILY_MOGADISHU,download,Gridded resource estimates at approximate city point; not measured site data or generation capacity factors,NASA POWER,https://power.larc.nasa.gov/api/temporal/daily/point?parameters=ALLSKY_SFC_SW_DWN%2CT2M%2CWS10M%2CWS50M%2CRH2M%2CPRECTOTCORR&community=RE&longitude=45.34&latitude=2.04&start=20010101&end=20251231&format=JSON&time-standard=UTC,,2026-09-28T16:24:46.588284+00:00,downloaded,NASA POWER freely available; acknowledge NASA POWER and underlying data providers,raw/nasa_power/daily_mogadishu_20010101_20251231.json,da8aa1bd6002a93f2f6e72e19f21c1ae6c9a0b0aa68773065675aa646d33240a,See dataset-specific interpretation and validation
NASA_HOURLY_BAIDOA,download,Gridded resource estimates at approximate city point; not measured site data or generation capacity factors,NASA POWER,https://power.larc.nasa.gov/api/temporal/hourly/point?parameters=ALLSKY_SFC_SW_DWN%2CT2M%2CWS10M%2CWS50M%2CRH2M%2CPRECTOTCORR&community=RE&longitude=43.65&latitude=3.12&start=20250101&end=20251231&format=JSON&time-standard=UTC,,2026-09-28T16:23:27.392068+00:00,downloaded,NASA POWER freely available; acknowledge NASA POWER and underlying data providers,raw/nasa_power/hourly_baidoa_20250101_20251231.json,838dc4252a571d8ba9f1649e489113b44844dcd603e0f7e7fcf73f1eadf7fecd,See dataset-specific interpretation and validation
NASA_HOURLY_BELEDWEYNE,download,Gridded resource estimates at approximate city point; not measured site data or generation capacity factors,NASA POWER,https://power.larc.nasa.gov/api/temporal/hourly/point?parameters=ALLSKY_SFC_SW_DWN%2CT2M%2CWS10M%2CWS50M%2CRH2M%2CPRECTOTCORR&community=RE&longitude=45.2&latitude=4.74&start=20250101&end=20251231&format=JSON&time-standard=UTC,,2026-09-28T16:23:29.106877+00:00,downloaded,NASA POWER freely available; acknowledge NASA POWER and underlying data providers,raw/nasa_power/hourly_beledweyne_20250101_20251231.json,a37bea8ce4fbeabc08090a722f6ecaeae4a7e3b06ed41f762a9090b6f843aea3,See dataset-specific interpretation and validation
NASA_HOURLY_BERBERA,download,Gridded resource estimates at approximate city point; not measured site data or generation capacity factors,NASA POWER,https://power.larc.nasa.gov/api/temporal/hourly/point?parameters=ALLSKY_SFC_SW_DWN%2CT2M%2CWS10M%2CWS50M%2CRH2M%2CPRECTOTCORR&community=RE&longitude=45.01&latitude=10.44&start=20250101&end=20251231&format=JSON&time-standard=UTC,,2026-09-28T16:23:32.519726+00:00,downloaded,NASA POWER freely available; acknowledge NASA POWER and underlying data providers,raw/nasa_power/hourly_berbera_20250101_20251231.json,9706400f1d2677bb52c0ca5252a6ce98098b4e09d821e3b4277fc6ef6bfef2e4,See dataset-specific interpretation and validation
NASA_HOURLY_BOSASO,download,Gridded resource estimates at approximate city point; not measured site data or generation capacity factors,NASA POWER,https://power.larc.nasa.gov/api/temporal/hourly/point?parameters=ALLSKY_SFC_SW_DWN%2CT2M%2CWS10M%2CWS50M%2CRH2M%2CPRECTOTCORR&community=RE&longitude=49.18&latitude=11.28&start=20250101&end=20251231&format=JSON&time-standard=UTC,,2026-09-28T16:23:23.228552+00:00,downloaded,NASA POWER freely available; acknowledge NASA POWER and underlying data providers,raw/nasa_power/hourly_bosaso_20250101_20251231.json,1fcee2d98f9a6b88d9cc05a3570f611a1f207aece1862f42407b34268a621ffa,See dataset-specific interpretation and validation
NASA_HOURLY_DHUUSAMAREEB,download,Gridded resource estimates at approximate city point; not measured site data or generation capacity factors,NASA POWER,https://power.larc.nasa.gov/api/temporal/hourly/point?parameters=ALLSKY_SFC_SW_DWN%2CT2M%2CWS10M%2CWS50M%2CRH2M%2CPRECTOTCORR&community=RE&longitude=46.39&latitude=5.53&start=20250101&end=20251231&format=JSON&time-standard=UTC,,2026-09-28T16:23:34.157569+00:00,downloaded,NASA POWER freely available; acknowledge NASA POWER and underlying data providers,raw/nasa_power/hourly_dhuusamareeb_20250101_20251231.json,0b25526afcb3f75f6b65845cf9867b553ace9279e298165b6cf1bdc6e3898181,See dataset-specific interpretation and validation
NASA_HOURLY_GALKAYO,download,Gridded resource estimates at approximate city point; not measured site data or generation capacity factors,NASA POWER,https://power.larc.nasa.gov/api/temporal/hourly/point?parameters=ALLSKY_SFC_SW_DWN%2CT2M%2CWS10M%2CWS50M%2CRH2M%2CPRECTOTCORR&community=RE&longitude=47.43&latitude=6.77&start=20250101&end=20251231&format=JSON&time-standard=UTC,,2026-09-28T16:23:30.809239+00:00,downloaded,NASA POWER freely available; acknowledge NASA POWER and underlying data providers,raw/nasa_power/hourly_galkayo_20250101_20251231.json,2b95b6ad670fd883a46846d287e91ad8a1f18894e780f561bb25904512e2a3c6,See dataset-specific interpretation and validation
NASA_HOURLY_GAROWE,download,Gridded resource estimates at approximate city point; not measured site data or generation capacity factors,NASA POWER,https://power.larc.nasa.gov/api/temporal/hourly/point?parameters=ALLSKY_SFC_SW_DWN%2CT2M%2CWS10M%2CWS50M%2CRH2M%2CPRECTOTCORR&community=RE&longitude=48.48&latitude=8.4&start=20250101&end=20251231&format=JSON&time-standard=UTC,,2026-09-28T16:23:24.788547+00:00,downloaded,NASA POWER freely available; acknowledge NASA POWER and underlying data providers,raw/nasa_power/hourly_garowe_20250101_20251231.json,75acb60aa5a815da54c5a453a339f6d2854b3c9a598aa82ac3dd6d52959ff278,See dataset-specific interpretation and validation
NASA_HOURLY_HARGEISA,download,Gridded resource estimates at approximate city point; not measured site data or generation capacity factors,NASA POWER,https://power.larc.nasa.gov/api/temporal/hourly/point?parameters=ALLSKY_SFC_SW_DWN%2CT2M%2CWS10M%2CWS50M%2CRH2M%2CPRECTOTCORR&community=RE&longitude=44.06&latitude=9.56&start=20250101&end=20251231&format=JSON&time-standard=UTC,,2026-09-28T16:23:21.424900+00:00,downloaded,NASA POWER freely available; acknowledge NASA POWER and underlying data providers,raw/nasa_power/hourly_hargeisa_20250101_20251231.json,a77b3dccd5270f96a446a1f517dc005a680509a4a61f593b14e760e6f8684568,See dataset-specific interpretation and validation
NASA_HOURLY_KISMAYO,download,Gridded resource estimates at approximate city point; not measured site data or generation capacity factors,NASA POWER,https://power.larc.nasa.gov/api/temporal/hourly/point?parameters=ALLSKY_SFC_SW_DWN%2CT2M%2CWS10M%2CWS50M%2CRH2M%2CPRECTOTCORR&community=RE&longitude=42.55&latitude=-0.36&start=20250101&end=20251231&format=JSON&time-standard=UTC,,2026-09-28T16:23:26.245391+00:00,downloaded,NASA POWER freely available; acknowledge NASA POWER and underlying data providers,raw/nasa_power/hourly_kismayo_20250101_20251231.json,1761493bc39ab4c87fbd03485d4079e8308ef2cbe6e48e5e3d8e15192792ed76,See dataset-specific interpretation and validation
NASA_HOURLY_MOGADISHU,download,Gridded resource estimates at approximate city point; not measured site data or generation capacity factors,NASA POWER,https://power.larc.nasa.gov/api/temporal/hourly/point?parameters=ALLSKY_SFC_SW_DWN%2CT2M%2CWS10M%2CWS50M%2CRH2M%2CPRECTOTCORR&community=RE&longitude=45.34&latitude=2.04&start=20250101&end=20251231&format=JSON&time-standard=UTC,,2026-09-28T16:23:19.524921+00:00,downloaded,NASA POWER freely available; acknowledge NASA POWER and underlying data providers,raw/nasa_power/hourly_mogadishu_20250101_20251231.json,d6deb5928508da47e1c6f473009d7566642e7ec0a79999d1a554ab49a1a41b16,See dataset-specific interpretation and validation
ESMAP_SOLAR_WORKBOOK,download,Global Photovoltaic Power Potential by Country 2020; long-term modeled resources,World Bank / ESMAP / Solargis,https://datacatalogfiles.worldbank.org/ddh-published/0038379/1/DR0046831/solargis_pvpotential_countryranking_2020_data.xlsx,,2026-09-28T16:29:21.200577+00:00,downloaded,CC BY 4.0 per World Bank dataset; acknowledge Solargis,raw/solar/solargis_pvpotential_countryranking_2020_data.xlsx,8a73d15c8ad1e8c8f82bb3b879ac8b34143a420b2b45ba37722394104a63696d,See dataset-specific interpretation and validation
WDI_AG.LND.AGRI.ZS,download,Somalia annual series including explicit nulls,World Bank WDI and named original providers,https://api.worldbank.org/v2/country/SOM/indicator/AG.LND.AGRI.ZS?format=json&per_page=1000&date=1960:2025&source=2,,2026-09-28T16:23:12.461381+00:00,downloaded,CC BY 4.0 subject to indicator-specific third-party terms,raw/world_bank/AG.LND.AGRI.ZS.json,14c8ed9b32f3607f52c0d53f5fbd2d0e97ef56558247a7ff394933e274d5b8b0,HTTP200 responses may contain API error messages; use availability table and metadata
WDI_AG.LND.ARBL.ZS,download,Somalia annual series including explicit nulls,World Bank WDI and named original providers,https://api.worldbank.org/v2/country/SOM/indicator/AG.LND.ARBL.ZS?format=json&per_page=1000&date=1960:2025&source=2,,2026-09-28T16:23:12.641516+00:00,downloaded,CC BY 4.0 subject to indicator-specific third-party terms,raw/world_bank/AG.LND.ARBL.ZS.json,3f3b7b878c7b1d2b65aa1499fb016263c1935dd7ecaf595b2e853584622fd3d2,HTTP200 responses may contain API error messages; use availability table and metadata
WDI_AG.LND.FRST.ZS,download,Somalia annual series including explicit nulls,World Bank WDI and named original providers,https://api.worldbank.org/v2/country/SOM/indicator/AG.LND.FRST.ZS?format=json&per_page=1000&date=1960:2025&source=2,,2026-09-28T16:23:12.487222+00:00,downloaded,CC BY 4.0 subject to indicator-specific third-party terms,raw/world_bank/AG.LND.FRST.ZS.json,34464910452e20286ff3912fdaa4ffcec58d6ef2f3a6dabc9be9c2110a0aeda8,HTTP200 responses may contain API error messages; use availability table and metadata
WDI_AG.LND.TOTL.K2,download,Somalia annual series including explicit nulls,World Bank WDI and named original providers,https://api.worldbank.org/v2/country/SOM/indicator/AG.LND.TOTL.K2?format=json&per_page=1000&date=1960:2025&source=2,,2026-09-28T16:23:12.240127+00:00,downloaded,CC BY 4.0 subject to indicator-specific third-party terms,raw/world_bank/AG.LND.TOTL.K2.json,ed4f1f86a573fa91af654a65fb25b633f74f7040409eb4ccbf279c065c6a2b77,HTTP200 responses may contain API error messages; use availability table and metadata
WDI_BX.KLT.DINV.WD.GD.ZS,download,Somalia annual series including explicit nulls,World Bank WDI and named original providers,https://api.worldbank.org/v2/country/SOM/indicator/BX.KLT.DINV.WD.GD.ZS?format=json&per_page=1000&date=1960:2025&source=2,,2026-09-28T16:23:12.147361+00:00,downloaded,CC BY 4.0 subject to indicator-specific third-party terms,raw/world_bank/BX.KLT.DINV.WD.GD.ZS.json,4e9ce614a335405a60016dfa6e0bf17251a275563200abdfda7b909bb1c00274,HTTP200 responses may contain API error messages; use availability table and metadata
WDI_BX.TRF.PWKR.DT.GD.ZS,download,Somalia annual series including explicit nulls,World Bank WDI and named original providers,https://api.worldbank.org/v2/country/SOM/indicator/BX.TRF.PWKR.DT.GD.ZS?format=json&per_page=1000&date=1960:2025&source=2,,2026-09-28T16:23:12.147361+00:00,downloaded,CC BY 4.0 subject to indicator-specific third-party terms,raw/world_bank/BX.TRF.PWKR.DT.GD.ZS.json,41bfeaee9e210c0eaf4892558d4285e3e01f1e501729a5e2f29ef83c3c4f5163,HTTP200 responses may contain API error messages; use availability table and metadata
WDI_EG.CFT.ACCS.ZS,download,Somalia annual series including explicit nulls,World Bank WDI and named original providers,https://api.worldbank.org/v2/country/SOM/indicator/EG.CFT.ACCS.ZS?format=json&per_page=1000&date=1960:2025&source=2,,2026-09-28T16:23:07.940223+00:00,downloaded,CC BY 4.0 subject to indicator-specific third-party terms,raw/world_bank/EG.CFT.ACCS.ZS.json,1b10b2944fcde66d437b3ccdf741ee2fe265653cd383cf05ad10be6fdc34317a,HTTP200 responses may contain API error messages; use availability table and metadata
WDI_EG.EGY.PRIM.PP.KD,download,Somalia annual series including explicit nulls,World Bank WDI and named original providers,https://api.worldbank.org/v2/country/SOM/indicator/EG.EGY.PRIM.PP.KD?format=json&per_page=1000&date=1960:2025&source=2,,2026-09-28T16:23:09.364567+00:00,downloaded,CC BY 4.0 subject to indicator-specific third-party terms,raw/world_bank/EG.EGY.PRIM.PP.KD.json,7c1ef3df62e354425ca5c38b88d6257a4fef3c2a047800d90b0c5c039ac404c4,HTTP200 responses may contain API error messages; use availability table and metadata
WDI_EG.ELC.ACCS.RU.ZS,download,Somalia annual series including explicit nulls,World Bank WDI and named original providers,https://api.worldbank.org/v2/country/SOM/indicator/EG.ELC.ACCS.RU.ZS?format=json&per_page=1000&date=1960:2025&source=2,,2026-09-28T16:23:07.928830+00:00,downloaded,CC BY 4.0 subject to indicator-specific third-party terms,raw/world_bank/EG.ELC.ACCS.RU.ZS.json,e258d1e965b4e20b5708cd1b8c52ce919245e5a4ccc9d00f5750b0cd0ac4f12e,HTTP200 responses may contain API error messages; use availability table and metadata
WDI_EG.ELC.ACCS.UR.ZS,download,Somalia annual series including explicit nulls,World Bank WDI and named original providers,https://api.worldbank.org/v2/country/SOM/indicator/EG.ELC.ACCS.UR.ZS?format=json&per_page=1000&date=1960:2025&source=2,,2026-09-28T16:23:07.577263+00:00,downloaded,CC BY 4.0 subject to indicator-specific third-party terms,raw/world_bank/EG.ELC.ACCS.UR.ZS.json,20c916fe427392a04ab67bcff2a522c1d85e1a89199f9e50c54dafb563a20f58,HTTP200 responses may contain API error messages; use availability table and metadata
WDI_EG.ELC.ACCS.ZS,download,Somalia annual series including explicit nulls,World Bank WDI and named original providers,https://api.worldbank.org/v2/country/SOM/indicator/EG.ELC.ACCS.ZS?format=json&per_page=1000&date=1960:2025&source=2,,2026-09-28T16:23:07.569135+00:00,downloaded,CC BY 4.0 subject to indicator-specific third-party terms,raw/world_bank/EG.ELC.ACCS.ZS.json,cb4efc39dea4104ba98cb74663d52b6b743672fab5c78a211d4d697b45033b17,HTTP200 responses may contain API error messages; use availability table and metadata
WDI_EG.ELC.FOSL.ZS,download,Somalia annual series including explicit nulls,World Bank WDI and named original providers,https://api.worldbank.org/v2/country/SOM/indicator/EG.ELC.FOSL.ZS?format=json&per_page=1000&date=1960:2025&source=2,,2026-09-28T16:23:08.976523+00:00,downloaded,CC BY 4.0 subject to indicator-specific third-party terms,raw/world_bank/EG.ELC.FOSL.ZS.json,c1770d6845338e4dad5b60aa58d94cd53e3d57a5d552b13c0f5129733d81f825,HTTP200 responses may contain API error messages; use availability table and metadata
WDI_EG.ELC.HYRO.ZS,download,Somalia annual series including explicit nulls,World Bank WDI and named original providers,https://api.worldbank.org/v2/country/SOM/indicator/EG.ELC.HYRO.ZS?format=json&per_page=1000&date=1960:2025&source=2,,2026-09-28T16:23:09.298803+00:00,downloaded,CC BY 4.0 subject to indicator-specific third-party terms,raw/world_bank/EG.ELC.HYRO.ZS.json,5bcd0f4f5bf113c734050f71c8297fcf5dfcc2e874c02e2b8058ed62d37845d6,HTTP200 responses may contain API error messages; use availability table and metadata
WDI_EG.ELC.LOSS.ZS,download,Somalia annual series including explicit nulls,World Bank WDI and named original providers,https://api.worldbank.org/v2/country/SOM/indicator/EG.ELC.LOSS.ZS?format=json&per_page=1000&date=1960:2025&source=2,,2026-09-28T16:23:08.457262+00:00,downloaded,CC BY 4.0 subject to indicator-specific third-party terms,raw/world_bank/EG.ELC.LOSS.ZS.json,26e9494812843cfe19da454a8d565ea5f6a9cdba4dd66bac1fe0d0e9295f85a3,HTTP200 responses may contain API error messages; use availability table and metadata
WDI_EG.ELC.PROD.KH,download,Somalia annual series including explicit nulls,World Bank WDI and named original providers,https://api.worldbank.org/v2/country/SOM/indicator/EG.ELC.PROD.KH?format=json&per_page=1000&date=1960:2025&source=2,,2026-09-28T16:23:08.951565+00:00,downloaded,CC BY 4.0 subject to indicator-specific third-party terms,raw/world_bank/EG.ELC.PROD.KH.json,f230e5b6d8f652aa544aec29624faa117c27571ce309a7a474584e1cfeb45c1b,HTTP200 responses may contain API error messages; use availability table and metadata
WDI_EG.ELC.RNEW.ZS,download,Somalia annual series including explicit nulls,World Bank WDI and named original providers,https://api.worldbank.org/v2/country/SOM/indicator/EG.ELC.RNEW.ZS?format=json&per_page=1000&date=1960:2025&source=2,,2026-09-28T16:23:08.155014+00:00,downloaded,CC BY 4.0 subject to indicator-specific third-party terms,raw/world_bank/EG.ELC.RNEW.ZS.json,70496cf6586df8f4ffe4f7a105339ab4769b6c55d244fe0c8d31f970d5d22b7f,HTTP200 responses may contain API error messages; use availability table and metadata
WDI_EG.ELC.RNWX.ZS,download,Somalia annual series including explicit nulls,World Bank WDI and named original providers,https://api.worldbank.org/v2/country/SOM/indicator/EG.ELC.RNWX.ZS?format=json&per_page=1000&date=1960:2025&source=2,,2026-09-28T16:23:09.357456+00:00,downloaded,CC BY 4.0 subject to indicator-specific third-party terms,raw/world_bank/EG.ELC.RNWX.ZS.json,0cba9f12fd0066d9ff72082c6ccaeaabdb265bdfa94f2eed39f04be91be058b2,HTTP200 responses may contain API error messages; use availability table and metadata
WDI_EG.FEC.RNEW.ZS,download,Somalia annual series including explicit nulls,World Bank WDI and named original providers,https://api.worldbank.org/v2/country/SOM/indicator/EG.FEC.RNEW.ZS?format=json&per_page=1000&date=1960:2025&source=2,,2026-09-28T16:23:08.043617+00:00,downloaded,CC BY 4.0 subject to indicator-specific third-party terms,raw/world_bank/EG.FEC.RNEW.ZS.json,2745b56a0c63c3acdd42d46942f647d61d5ac9112b3b2affc2e9bce16ad0be78,HTTP200 responses may contain API error messages; use availability table and metadata
WDI_EG.IMP.CONS.ZS,download,Somalia annual series including explicit nulls,World Bank WDI and named original providers,https://api.worldbank.org/v2/country/SOM/indicator/EG.IMP.CONS.ZS?format=json&per_page=1000&date=1960:2025&source=2,,2026-09-28T16:23:08.616895+00:00,downloaded,CC BY 4.0 subject to indicator-specific third-party terms,raw/world_bank/EG.IMP.CONS.ZS.json,fa5d4138838ae1fc676e962ce068aac433efea1638f551dd508e60896e68cfe3,HTTP200 responses may contain API error messages; use availability table and metadata
WDI_EG.USE.COMM.FO.ZS,download,Somalia annual series including explicit nulls,World Bank WDI and named original providers,https://api.worldbank.org/v2/country/SOM/indicator/EG.USE.COMM.FO.ZS?format=json&per_page=1000&date=1960:2025&source=2,,2026-09-28T16:23:08.808352+00:00,downloaded,CC BY 4.0 subject to indicator-specific third-party terms,raw/world_bank/EG.USE.COMM.FO.ZS.json,f465e646fbb370bd2dfdc724d99bd64a359d2b46abfbd2d79d14b47f6ca39018,HTTP200 responses may contain API error messages; use availability table and metadata
WDI_EG.USE.ELEC.KH.PC,download,Somalia annual series including explicit nulls,World Bank WDI and named original providers,https://api.worldbank.org/v2/country/SOM/indicator/EG.USE.ELEC.KH.PC?format=json&per_page=1000&date=1960:2025&source=2,,2026-09-28T16:23:08.438240+00:00,downloaded,CC BY 4.0 subject to indicator-specific third-party terms,raw/world_bank/EG.USE.ELEC.KH.PC.json,4edd4063e67130fdd47abb880b050d6863e274ada545360d22928f41bf8769a8,HTTP200 responses may contain API error messages; use availability table and metadata
WDI_EG.USE.PCAP.KG.OE,download,Somalia annual series including explicit nulls,World Bank WDI and named original providers,https://api.worldbank.org/v2/country/SOM/indicator/EG.USE.PCAP.KG.OE?format=json&per_page=1000&date=1960:2025&source=2,,2026-09-28T16:23:08.340270+00:00,downloaded,CC BY 4.0 subject to indicator-specific third-party terms,raw/world_bank/EG.USE.PCAP.KG.OE.json,35fbcd953467c456592c92be19f33a3213d1139cc84c6daa9e9f2549595261b1,HTTP200 responses may contain API error messages; use availability table and metadata
WDI_EN.POP.DNST,download,Somalia annual series including explicit nulls,World Bank WDI and named original providers,https://api.worldbank.org/v2/country/SOM/indicator/EN.POP.DNST?format=json&per_page=1000&date=1960:2025&source=2,,2026-09-28T16:23:07.462839+00:00,downloaded,CC BY 4.0 subject to indicator-specific third-party terms,raw/world_bank/EN.POP.DNST.json,67b5648b6cfd46eafd8eb272df8d2222ff46a8030cdc12086ce70a9b11d7fde7,HTTP200 responses may contain API error messages; use availability table and metadata
WDI_ER.H2O.FWTL.ZS,download,Somalia annual series including explicit nulls,World Bank WDI and named original providers,https://api.worldbank.org/v2/country/SOM/indicator/ER.H2O.FWTL.ZS?format=json&per_page=1000&date=1960:2025&source=2,,2026-09-28T16:23:12.919146+00:00,downloaded,CC BY 4.0 subject to indicator-specific third-party terms,raw/world_bank/ER.H2O.FWTL.ZS.json,b110983dba18f0262dfe17ae4894d569ecd6a1f3794a5f7c7e88f58554e325cf,HTTP200 responses may contain API error messages; use availability table and metadata
WDI_ER.H2O.INTR.PC,download,Somalia annual series including explicit nulls,World Bank WDI and named original providers,https://api.worldbank.org/v2/country/SOM/indicator/ER.H2O.INTR.PC?format=json&per_page=1000&date=1960:2025&source=2,,2026-09-28T16:23:12.766627+00:00,downloaded,CC BY 4.0 subject to indicator-specific third-party terms,raw/world_bank/ER.H2O.INTR.PC.json,6a0d95182e48934fbba607e075256b39f550475bc7d10a4d9a9290cbf9b625f9,HTTP200 responses may contain API error messages; use availability table and metadata
WDI_FP.CPI.TOTL.ZG,download,Somalia annual series including explicit nulls,World Bank WDI and named original providers,https://api.worldbank.org/v2/country/SOM/indicator/FP.CPI.TOTL.ZG?format=json&per_page=1000&date=1960:2025&source=2,,2026-09-28T16:23:10.142188+00:00,downloaded,CC BY 4.0 subject to indicator-specific third-party terms,raw/world_bank/FP.CPI.TOTL.ZG.json,d951d3cc869e3f6b911c3ec75280784396bfa00af48a2cd3cea4d644b151880f,HTTP200 responses may contain API error messages; use availability table and metadata
WDI_IC.ELC.LOSS.ZS,download,Somalia annual series including explicit nulls,World Bank WDI and named original providers,https://api.worldbank.org/v2/country/SOM/indicator/IC.ELC.LOSS.ZS?format=json&per_page=1000&date=1960:2025&source=2,,2026-09-28T16:23:13.624287+00:00,downloaded,CC BY 4.0 subject to indicator-specific third-party terms,raw/world_bank/IC.ELC.LOSS.ZS.json,a0933d376ff6b8789c33c2926d044a541b7ab22e8e85c45bb882c60721f6ddbe,HTTP200 responses may contain API error messages; use availability table and metadata
WDI_IC.ELC.OUTG,download,Somalia annual series including explicit nulls,World Bank WDI and named original providers,https://api.worldbank.org/v2/country/SOM/indicator/IC.ELC.OUTG?format=json&per_page=1000&date=1960:2025&source=2,,2026-09-28T16:23:13.541550+00:00,downloaded,CC BY 4.0 subject to indicator-specific third-party terms,raw/world_bank/IC.ELC.OUTG.json,f230e5b6d8f652aa544aec29624faa117c27571ce309a7a474584e1cfeb45c1b,HTTP200 responses may contain API error messages; use availability table and metadata
WDI_IC.ELC.OUTG.ZS,download,Somalia annual series including explicit nulls,World Bank WDI and named original providers,https://api.worldbank.org/v2/country/SOM/indicator/IC.ELC.OUTG.ZS?format=json&per_page=1000&date=1960:2025&source=2,,2026-09-28T16:26:21.689166+00:00,downloaded,CC BY 4.0 subject to indicator-specific third-party terms,raw/world_bank/IC.ELC.OUTG.ZS.json,2c54ea4484296ad380a9c6c2be34181ab9e2026ec5915fcc3e0199beb4e5220e,HTTP200 responses may contain API error messages; use availability table and metadata
WDI_IC.ELC.OWNG.ZS,download,Somalia annual series including explicit nulls,World Bank WDI and named original providers,https://api.worldbank.org/v2/country/SOM/indicator/IC.ELC.OWNG.ZS?format=json&per_page=1000&date=1960:2025&source=2,,2026-09-28T16:23:13.641323+00:00,downloaded,CC BY 4.0 subject to indicator-specific third-party terms,raw/world_bank/IC.ELC.OWNG.ZS.json,a0933d376ff6b8789c33c2926d044a541b7ab22e8e85c45bb882c60721f6ddbe,HTTP200 responses may contain API error messages; use availability table and metadata
WDI_IC.FRM.OUTG.ZS,download,Somalia annual series including explicit nulls,World Bank WDI and named original providers,https://api.worldbank.org/v2/country/SOM/indicator/IC.FRM.OUTG.ZS?format=json&per_page=1000&date=1960:2025&source=2,,2026-09-28T16:23:13.863467+00:00,downloaded,CC BY 4.0 subject to indicator-specific third-party terms,raw/world_bank/IC.FRM.OUTG.ZS.json,9ba3fc06175944728b771f98b941de284a310f62ad7749bcc72db217541fda67,HTTP200 responses may contain API error messages; use availability table and metadata
WDI_IT.CEL.SETS.P2,download,Somalia annual series including explicit nulls,World Bank WDI and named original providers,https://api.worldbank.org/v2/country/SOM/indicator/IT.CEL.SETS.P2?format=json&per_page=1000&date=1960:2025&source=2,,2026-09-28T16:23:13.400841+00:00,downloaded,CC BY 4.0 subject to indicator-specific third-party terms,raw/world_bank/IT.CEL.SETS.P2.json,1c3bf730688b948ca772623de2954771793366171bd15b83d09b77d096caeb20,HTTP200 responses may contain API error messages; use availability table and metadata
WDI_IT.NET.USER.ZS,download,Somalia annual series including explicit nulls,World Bank WDI and named original providers,https://api.worldbank.org/v2/country/SOM/indicator/IT.NET.USER.ZS?format=json&per_page=1000&date=1960:2025&source=2,,2026-09-28T16:23:13.282056+00:00,downloaded,CC BY 4.0 subject to indicator-specific third-party terms,raw/world_bank/IT.NET.USER.ZS.json,a51d02fb10257d58a957acb4f14d958b2ccd87b20e7a5b3eeedad6a26967d674,HTTP200 responses may contain API error messages; use availability table and metadata
WDI_NE.EXP.GNFS.CD,download,Somalia annual series including explicit nulls,World Bank WDI and named original providers,https://api.worldbank.org/v2/country/SOM/indicator/NE.EXP.GNFS.CD?format=json&per_page=1000&date=1960:2025&source=2,,2026-09-28T16:23:10.366698+00:00,downloaded,CC BY 4.0 subject to indicator-specific third-party terms,raw/world_bank/NE.EXP.GNFS.CD.json,835eee79a9482d6c539dd2837458f7b55240e418283c4630c9383ed7aab78a57,HTTP200 responses may contain API error messages; use availability table and metadata
WDI_NE.GDI.TOTL.ZS,download,Somalia annual series including explicit nulls,World Bank WDI and named original providers,https://api.worldbank.org/v2/country/SOM/indicator/NE.GDI.TOTL.ZS?format=json&per_page=1000&date=1960:2025&source=2,,2026-09-28T16:23:11.393256+00:00,downloaded,CC BY 4.0 subject to indicator-specific third-party terms,raw/world_bank/NE.GDI.TOTL.ZS.json,c45e7fbac5f1e8a403dbbd4ed14391ba2af88d43c1ee7e48594ab6627592cccd,HTTP200 responses may contain API error messages; use availability table and metadata
WDI_NE.IMP.GNFS.CD,download,Somalia annual series including explicit nulls,World Bank WDI and named original providers,https://api.worldbank.org/v2/country/SOM/indicator/NE.IMP.GNFS.CD?format=json&per_page=1000&date=1960:2025&source=2,,2026-09-28T16:23:10.309864+00:00,downloaded,CC BY 4.0 subject to indicator-specific third-party terms,raw/world_bank/NE.IMP.GNFS.CD.json,e26002867ce3b2c192b8028acefe44e0e62601b3788b5cbf6ec5e4104e64db70,HTTP200 responses may contain API error messages; use availability table and metadata
WDI_NV.AGR.TOTL.ZS,download,Somalia annual series including explicit nulls,World Bank WDI and named original providers,https://api.worldbank.org/v2/country/SOM/indicator/NV.AGR.TOTL.ZS?format=json&per_page=1000&date=1960:2025&source=2,,2026-09-28T16:23:10.875386+00:00,downloaded,CC BY 4.0 subject to indicator-specific third-party terms,raw/world_bank/NV.AGR.TOTL.ZS.json,1105e67c095ab994ddc92647b983cb8dc4829dcdea1f7a662f77bc65cc4c3463,HTTP200 responses may contain API error messages; use availability table and metadata
WDI_NV.IND.MANF.ZS,download,Somalia annual series including explicit nulls,World Bank WDI and named original providers,https://api.worldbank.org/v2/country/SOM/indicator/NV.IND.MANF.ZS?format=json&per_page=1000&date=1960:2025&source=2,,2026-09-28T16:23:11.084278+00:00,downloaded,CC BY 4.0 subject to indicator-specific third-party terms,raw/world_bank/NV.IND.MANF.ZS.json,ee7b20fee50fab4aaa07f3f276b8f67715f82108b413e9d3efbc252410e1e7e0,HTTP200 responses may contain API error messages; use availability table and metadata
WDI_NV.IND.TOTL.ZS,download,Somalia annual series including explicit nulls,World Bank WDI and named original providers,https://api.worldbank.org/v2/country/SOM/indicator/NV.IND.TOTL.ZS?format=json&per_page=1000&date=1960:2025&source=2,,2026-09-28T16:23:10.986494+00:00,downloaded,CC BY 4.0 subject to indicator-specific third-party terms,raw/world_bank/NV.IND.TOTL.ZS.json,1e840f414f87bd7ca11f15ea6343ff1a6bb9184f48505a47d2002efb24642487,HTTP200 responses may contain API error messages; use availability table and metadata
WDI_NV.SRV.TOTL.ZS,download,Somalia annual series including explicit nulls,World Bank WDI and named original providers,https://api.worldbank.org/v2/country/SOM/indicator/NV.SRV.TOTL.ZS?format=json&per_page=1000&date=1960:2025&source=2,,2026-09-28T16:23:11.340172+00:00,downloaded,CC BY 4.0 subject to indicator-specific third-party terms,raw/world_bank/NV.SRV.TOTL.ZS.json,cb70f0feae6ff28950ceaddecdac2d3102add7c350795b770da385e3de5f821b,HTTP200 responses may contain API error messages; use availability table and metadata
WDI_NY.GDP.MKTP.CD,download,Somalia annual series including explicit nulls,World Bank WDI and named original providers,https://api.worldbank.org/v2/country/SOM/indicator/NY.GDP.MKTP.CD?format=json&per_page=1000&date=1960:2025&source=2,,2026-09-28T16:23:09.392685+00:00,downloaded,CC BY 4.0 subject to indicator-specific third-party terms,raw/world_bank/NY.GDP.MKTP.CD.json,d10e32608ffc976fee8fb50045d57525fe06e50442e5318707903d9b06c6d535,HTTP200 responses may contain API error messages; use availability table and metadata
WDI_NY.GDP.MKTP.KD,download,Somalia annual series including explicit nulls,World Bank WDI and named original providers,https://api.worldbank.org/v2/country/SOM/indicator/NY.GDP.MKTP.KD?format=json&per_page=1000&date=1960:2025&source=2,,2026-09-28T16:23:09.725327+00:00,downloaded,CC BY 4.0 subject to indicator-specific third-party terms,raw/world_bank/NY.GDP.MKTP.KD.json,ebf5d20961960d7c1b641c0a02fc1b3f1a280189208d3b0c16cdac104ecdbddf,HTTP200 responses may contain API error messages; use availability table and metadata
WDI_NY.GDP.MKTP.KD.ZG,download,Somalia annual series including explicit nulls,World Bank WDI and named original providers,https://api.worldbank.org/v2/country/SOM/indicator/NY.GDP.MKTP.KD.ZG?format=json&per_page=1000&date=1960:2025&source=2,,2026-09-28T16:23:09.835608+00:00,downloaded,CC BY 4.0 subject to indicator-specific third-party terms,raw/world_bank/NY.GDP.MKTP.KD.ZG.json,c2b003862a7933a8e5209a445b249fd292a0a9ac322c2151632da5e747b8648d,HTTP200 responses may contain API error messages; use availability table and metadata
WDI_NY.GDP.PCAP.CD,download,Somalia annual series including explicit nulls,World Bank WDI and named original providers,https://api.worldbank.org/v2/country/SOM/indicator/NY.GDP.PCAP.CD?format=json&per_page=1000&date=1960:2025&source=2,,2026-09-28T16:23:09.873971+00:00,downloaded,CC BY 4.0 subject to indicator-specific third-party terms,raw/world_bank/NY.GDP.PCAP.CD.json,12b6afdad1ac6aab71703d221f481ecccf89293aa68604deb3eb1bf7667127d0,HTTP200 responses may contain API error messages; use availability table and metadata
WDI_NY.GDP.PCAP.KD,download,Somalia annual series including explicit nulls,World Bank WDI and named original providers,https://api.worldbank.org/v2/country/SOM/indicator/NY.GDP.PCAP.KD?format=json&per_page=1000&date=1960:2025&source=2,,2026-09-28T16:23:09.954875+00:00,downloaded,CC BY 4.0 subject to indicator-specific third-party terms,raw/world_bank/NY.GDP.PCAP.KD.json,20bcbe0425b70564a1e865cee58f3a1f2a3f25de21d030277421f596d4b8c521,HTTP200 responses may contain API error messages; use availability table and metadata
WDI_PA.NUS.FCRF,download,Somalia annual series including explicit nulls,World Bank WDI and named original providers,https://api.worldbank.org/v2/country/SOM/indicator/PA.NUS.FCRF?format=json&per_page=1000&date=1960:2025&source=2,,2026-09-28T16:23:10.216700+00:00,downloaded,CC BY 4.0 subject to indicator-specific third-party terms,raw/world_bank/PA.NUS.FCRF.json,9c0d7efd615e68ccdcaf418e6b5f7b2ae499d903146028f2b88d23576c38747b,HTTP200 responses may contain API error messages; use availability table and metadata
WDI_SH.H2O.BASW.ZS,download,Somalia annual series including explicit nulls,World Bank WDI and named original providers,https://api.worldbank.org/v2/country/SOM/indicator/SH.H2O.BASW.ZS?format=json&per_page=1000&date=1960:2025&source=2,,2026-09-28T16:23:12.990295+00:00,downloaded,CC BY 4.0 subject to indicator-specific third-party terms,raw/world_bank/SH.H2O.BASW.ZS.json,712b63e6e1f0c3f9fe1200dd3788c8ac9ef6918bdb71de2d73a3fecbead9fec1,HTTP200 responses may contain API error messages; use availability table and metadata
WDI_SH.STA.BASS.ZS,download,Somalia annual series including explicit nulls,World Bank WDI and named original providers,https://api.worldbank.org/v2/country/SOM/indicator/SH.STA.BASS.ZS?format=json&per_page=1000&date=1960:2025&source=2,,2026-09-28T16:23:13.196173+00:00,downloaded,CC BY 4.0 subject to indicator-specific third-party terms,raw/world_bank/SH.STA.BASS.ZS.json,aa545543cf3e6c17bd7690ff667b3e96ae4c68574e05c4bdf93f25af79448725,HTTP200 responses may contain API error messages; use availability table and metadata
WDI_SP.POP.GROW,download,Somalia annual series including explicit nulls,World Bank WDI and named original providers,https://api.worldbank.org/v2/country/SOM/indicator/SP.POP.GROW?format=json&per_page=1000&date=1960:2025&source=2,,2026-09-28T16:23:07.024537+00:00,downloaded,CC BY 4.0 subject to indicator-specific third-party terms,raw/world_bank/SP.POP.GROW.json,91da03e39f53926e242be3b14cd566d10b3ad153dd7a61b94221b529f7887361,HTTP200 responses may contain API error messages; use availability table and metadata
WDI_SP.POP.TOTL,download,Somalia annual series including explicit nulls,World Bank WDI and named original providers,https://api.worldbank.org/v2/country/SOM/indicator/SP.POP.TOTL?format=json&per_page=1000&date=1960:2025&source=2,,2026-09-28T16:23:07.024537+00:00,downloaded,CC BY 4.0 subject to indicator-specific third-party terms,raw/world_bank/SP.POP.TOTL.json,e34bdb0718b16b817f75dc3f48ef7afdb310ad37e529f1a3948042be17af2c15,HTTP200 responses may contain API error messages; use availability table and metadata
WDI_SP.RUR.TOTL,download,Somalia annual series including explicit nulls,World Bank WDI and named original providers,https://api.worldbank.org/v2/country/SOM/indicator/SP.RUR.TOTL?format=json&per_page=1000&date=1960:2025&source=2,,2026-09-28T16:23:07.445918+00:00,downloaded,CC BY 4.0 subject to indicator-specific third-party terms,raw/world_bank/SP.RUR.TOTL.json,da7440dab43d0a493147a15ecdcf08f4547e3356f511edb112b0e0701c2e5e58,HTTP200 responses may contain API error messages; use availability table and metadata
WDI_SP.URB.TOTL.IN.ZS,download,Somalia annual series including explicit nulls,World Bank WDI and named original providers,https://api.worldbank.org/v2/country/SOM/indicator/SP.URB.TOTL.IN.ZS?format=json&per_page=1000&date=1960:2025&source=2,,2026-09-28T16:23:07.023172+00:00,downloaded,CC BY 4.0 subject to indicator-specific third-party terms,raw/world_bank/SP.URB.TOTL.IN.ZS.json,63c8eba55c8e6a136a66a194ed17226381cf8d777b9529ad41b67b1d3cb3b8fc,HTTP200 responses may contain API error messages; use availability table and metadata
WDI_SP.URB.TOTL,download,Somalia annual series including explicit nulls,World Bank WDI and named original providers,https://api.worldbank.org/v2/country/SOM/indicator/SP.URB.TOTL?format=json&per_page=1000&date=1960:2025&source=2,,2026-09-28T16:23:07.023172+00:00,downloaded,CC BY 4.0 subject to indicator-specific third-party terms,raw/world_bank/SP.URB.TOTL.json,1ae65112a23dc9521b5cf8b157915654a7927d3a05a8f398c32a764ffc435a82,HTTP200 responses may contain API error messages; use availability table and metadata
WDI_TM.VAL.FUEL.ZS.UN,download,Somalia annual series including explicit nulls,World Bank WDI and named original providers,https://api.worldbank.org/v2/country/SOM/indicator/TM.VAL.FUEL.ZS.UN?format=json&per_page=1000&date=1960:2025&source=2,,2026-09-28T16:23:10.816866+00:00,downloaded,CC BY 4.0 subject to indicator-specific third-party terms,raw/world_bank/TM.VAL.FUEL.ZS.UN.json,bfcc734939267e8cdd42b4a6e448b14cc26a9943421b2ee0691676ca58534a53,HTTP200 responses may contain API error messages; use availability table and metadata
WDI_TX.VAL.FUEL.ZS.UN,download,Somalia annual series including explicit nulls,World Bank WDI and named original providers,https://api.worldbank.org/v2/country/SOM/indicator/TX.VAL.FUEL.ZS.UN?format=json&per_page=1000&date=1960:2025&source=2,,2026-09-28T16:23:10.510285+00:00,downloaded,CC BY 4.0 subject to indicator-specific third-party terms,raw/world_bank/TX.VAL.FUEL.ZS.UN.json,af601c7192bede61b0166ccb26091f60e4849c35f3904da43413a36ee3b562ad,HTTP200 responses may contain API error messages; use availability table and metadata
WB_SOM_RTEP_20260824,download,Frozen monthly diesel-price panel: source-price fields plus modeled estimates; 45 markets and one publisher aggregate.,"World Bank, Development Economics Data Group (Bo Pieter Johannes Andree)",https://microdata.worldbank.org/catalog/6130/download/359961,,2026-09-28T16:33:24.988605Z,downloaded_and_structurally_verified; modeled estimates remain separate from source-price fields,World Bank open-data attribution terms; see https://microdata.worldbank.org/catalog/6130/get-microdata and https://data.worldbank.org/summary-terms-of-use,raw/world_bank_fuel/SOM_RTEP_mkt_2007_2026-08-24.zip,bcb03c0c20c6b571ec25e74925a99741ee2490007d0ac0801c4a1b814fce56f1,See dataset-specific interpretation and validation
WB_SOM_RTEP_DETAILS_20260824,download,Matching publisher metadata; verifies diesel product unit 1 L and currency SOS; reports underlying observation counts.,"World Bank, Development Economics Data Group (Bo Pieter Johannes Andree)",https://microdata.worldbank.org/catalog/6130/download/359963,,2026-09-28T16:33:24.988605Z,downloaded_and_structurally_verified; modeled estimates remain separate from source-price fields,World Bank open-data attribution terms; see https://microdata.worldbank.org/catalog/6130/get-microdata and https://data.worldbank.org/summary-terms-of-use,raw/world_bank_fuel/SOM_RTP_details_mkt_2007_2026-08-24.zip,95824b67195556602d0548ccc5aeefdd481ab73b80f8edcab296589ee9a3c999,See dataset-specific interpretation and validation
WDI_META_AG.LND.AGRI.ZS,download,"Indicator definition, original sources and method",World Bank,https://api.worldbank.org/v2/indicator/AG.LND.AGRI.ZS?format=json&source=2,,2026-09-28T16:23:12.750741+00:00,downloaded,CC BY 4.0 subject to named original providers,raw/world_bank_metadata/AG.LND.AGRI.ZS.json,cf374ff9762fd9559c918fe788e6072f4ae45a18d8d05f912e162dcc36fba51b,HTTP200 responses may contain API error messages; use availability table and metadata
WDI_META_AG.LND.ARBL.ZS,download,"Indicator definition, original sources and method",World Bank,https://api.worldbank.org/v2/indicator/AG.LND.ARBL.ZS?format=json&source=2,,2026-09-28T16:23:12.923680+00:00,downloaded,CC BY 4.0 subject to named original providers,raw/world_bank_metadata/AG.LND.ARBL.ZS.json,7f98886308e1c185355f43a33ed8832ce762da4ae363f6ec5818a9e4b14dbd24,HTTP200 responses may contain API error messages; use availability table and metadata
WDI_META_AG.LND.FRST.ZS,download,"Indicator definition, original sources and method",World Bank,https://api.worldbank.org/v2/indicator/AG.LND.FRST.ZS?format=json&source=2,,2026-09-28T16:23:12.778391+00:00,downloaded,CC BY 4.0 subject to named original providers,raw/world_bank_metadata/AG.LND.FRST.ZS.json,706587ee22b05b930a1e745e4f104d6c895f46b827f5209655405764b85c7145,HTTP200 responses may contain API error messages; use availability table and metadata
WDI_META_AG.LND.TOTL.K2,download,"Indicator definition, original sources and method",World Bank,https://api.worldbank.org/v2/indicator/AG.LND.TOTL.K2?format=json&source=2,,2026-09-28T16:23:12.499271+00:00,downloaded,CC BY 4.0 subject to named original providers,raw/world_bank_metadata/AG.LND.TOTL.K2.json,5bbf22fc31f4de6995e22f30d09f4149b4cb9a645d97bcf539d79479c87ed58c,HTTP200 responses may contain API error messages; use availability table and metadata
WDI_META_BX.KLT.DINV.WD.GD.ZS,download,"Indicator definition, original sources and method",World Bank,https://api.worldbank.org/v2/indicator/BX.KLT.DINV.WD.GD.ZS?format=json&source=2,,2026-09-28T16:23:12.368316+00:00,downloaded,CC BY 4.0 subject to named original providers,raw/world_bank_metadata/BX.KLT.DINV.WD.GD.ZS.json,fd15df0dd9de59dd6537c0c76dbcf5656ff19af8445370700ad6b7931f192819,HTTP200 responses may contain API error messages; use availability table and metadata
WDI_META_BX.TRF.PWKR.DT.GD.ZS,download,"Indicator definition, original sources and method",World Bank,https://api.worldbank.org/v2/indicator/BX.TRF.PWKR.DT.GD.ZS?format=json&source=2,,2026-09-28T16:23:12.418230+00:00,downloaded,CC BY 4.0 subject to named original providers,raw/world_bank_metadata/BX.TRF.PWKR.DT.GD.ZS.json,6acbc3feaaf54a04593cfbeda6412fa789099bdfa10f7397d66f4457ef8fb94c,HTTP200 responses may contain API error messages; use availability table and metadata
WDI_META_EG.CFT.ACCS.ZS,download,"Indicator definition, original sources and method",World Bank,https://api.worldbank.org/v2/indicator/EG.CFT.ACCS.ZS?format=json&source=2,,2026-09-28T16:23:08.211759+00:00,downloaded,CC BY 4.0 subject to named original providers,raw/world_bank_metadata/EG.CFT.ACCS.ZS.json,5179b58137036f881353069dd42f280c12c934b386c83e2b21753edd894ab9b3,HTTP200 responses may contain API error messages; use availability table and metadata
WDI_META_EG.EGY.PRIM.PP.KD,download,"Indicator definition, original sources and method",World Bank,https://api.worldbank.org/v2/indicator/EG.EGY.PRIM.PP.KD?format=json&source=2,,2026-09-28T16:23:09.626047+00:00,downloaded,CC BY 4.0 subject to named original providers,raw/world_bank_metadata/EG.EGY.PRIM.PP.KD.json,0b945e717f310da3d97d98c731ed6a40b8ad49fe9fbf1522b110880e4f550798,HTTP200 responses may contain API error messages; use availability table and metadata
WDI_META_EG.ELC.ACCS.RU.ZS,download,"Indicator definition, original sources and method",World Bank,https://api.worldbank.org/v2/indicator/EG.ELC.ACCS.RU.ZS?format=json&source=2,,2026-09-28T16:23:08.174700+00:00,downloaded,CC BY 4.0 subject to named original providers,raw/world_bank_metadata/EG.ELC.ACCS.RU.ZS.json,a1310401ed079ebdfba4863372333fac772fd5c87fd1f4d90cc0faa10a4b3f0b,HTTP200 responses may contain API error messages; use availability table and metadata
WDI_META_EG.ELC.ACCS.UR.ZS,download,"Indicator definition, original sources and method",World Bank,https://api.worldbank.org/v2/indicator/EG.ELC.ACCS.UR.ZS?format=json&source=2,,2026-09-28T16:23:07.928830+00:00,downloaded,CC BY 4.0 subject to named original providers,raw/world_bank_metadata/EG.ELC.ACCS.UR.ZS.json,3378ace7389ae6f0f83e2d38c6309cee4d1ba81aa3d8822439bf3e6b0d506002,HTTP200 responses may contain API error messages; use availability table and metadata
WDI_META_EG.ELC.ACCS.ZS,download,"Indicator definition, original sources and method",World Bank,https://api.worldbank.org/v2/indicator/EG.ELC.ACCS.ZS?format=json&source=2,,2026-09-28T16:23:07.930844+00:00,downloaded,CC BY 4.0 subject to named original providers,raw/world_bank_metadata/EG.ELC.ACCS.ZS.json,b97baf3b8af89e755fb51e00bf690940fddff51d8af3dbf32849662ece66559b,HTTP200 responses may contain API error messages; use availability table and metadata
WDI_META_EG.ELC.FOSL.ZS,download,"Indicator definition, original sources and method",World Bank,https://api.worldbank.org/v2/indicator/EG.ELC.FOSL.ZS?format=json&source=2,,2026-09-28T16:23:09.212179+00:00,downloaded,CC BY 4.0 subject to named original providers,raw/world_bank_metadata/EG.ELC.FOSL.ZS.json,4542803a99ac4062723424542e61b4f24895f216e6e0efca83fe46cf294a8f36,HTTP200 responses may contain API error messages; use availability table and metadata
WDI_META_EG.ELC.HYRO.ZS,download,"Indicator definition, original sources and method",World Bank,https://api.worldbank.org/v2/indicator/EG.ELC.HYRO.ZS?format=json&source=2,,2026-09-28T16:23:09.612469+00:00,downloaded,CC BY 4.0 subject to named original providers,raw/world_bank_metadata/EG.ELC.HYRO.ZS.json,85e66a5d816aad574ac62d8cd45343703577fca6f89a9323f5350c49e28a6172,HTTP200 responses may contain API error messages; use availability table and metadata
WDI_META_EG.ELC.LOSS.ZS,download,"Indicator definition, original sources and method",World Bank,https://api.worldbank.org/v2/indicator/EG.ELC.LOSS.ZS?format=json&source=2,,2026-09-28T16:23:08.724547+00:00,downloaded,CC BY 4.0 subject to named original providers,raw/world_bank_metadata/EG.ELC.LOSS.ZS.json,fdcf480674e64414e6187681fca51079ce383e51d174c39ded385441bb196033,HTTP200 responses may contain API error messages; use availability table and metadata
WDI_META_EG.ELC.PROD.KH,download,"Indicator definition, original sources and method",World Bank,https://api.worldbank.org/v2/indicator/EG.ELC.PROD.KH?format=json&source=2,,2026-09-28T16:23:09.164002+00:00,downloaded,CC BY 4.0 subject to named original providers,raw/world_bank_metadata/EG.ELC.PROD.KH.json,25c4d0af5352ac4152dcd53b8cfbac5ae095094bbb1068cb8fe3dbbfca4969dd,HTTP200 responses may contain API error messages; use availability table and metadata
WDI_META_EG.ELC.RNEW.ZS,download,"Indicator definition, original sources and method",World Bank,https://api.worldbank.org/v2/indicator/EG.ELC.RNEW.ZS?format=json&source=2,,2026-09-28T16:23:08.426275+00:00,downloaded,CC BY 4.0 subject to named original providers,raw/world_bank_metadata/EG.ELC.RNEW.ZS.json,cfa9ec6cc2a784407f7ba0a074827f94f78188f7eb43a73ee0ccbc718fbf85f2,HTTP200 responses may contain API error messages; use availability table and metadata
WDI_META_EG.ELC.RNWX.ZS,download,"Indicator definition, original sources and method",World Bank,https://api.worldbank.org/v2/indicator/EG.ELC.RNWX.ZS?format=json&source=2,,2026-09-28T16:23:09.581526+00:00,downloaded,CC BY 4.0 subject to named original providers,raw/world_bank_metadata/EG.ELC.RNWX.ZS.json,31454cb2d1301ca60d5cf365db86aba9bc53358a24134c67142cb7f5f827aafb,HTTP200 responses may contain API error messages; use availability table and metadata
WDI_META_EG.FEC.RNEW.ZS,download,"Indicator definition, original sources and method",World Bank,https://api.worldbank.org/v2/indicator/EG.FEC.RNEW.ZS?format=json&source=2,,2026-09-28T16:23:08.286747+00:00,downloaded,CC BY 4.0 subject to named original providers,raw/world_bank_metadata/EG.FEC.RNEW.ZS.json,a402de31aaa77141eba34f5d65ab0013e05d8e0b792c61be9f4c5f857028bc99,HTTP200 responses may contain API error messages; use availability table and metadata
WDI_META_EG.IMP.CONS.ZS,download,"Indicator definition, original sources and method",World Bank,https://api.worldbank.org/v2/indicator/EG.IMP.CONS.ZS?format=json&source=2,,2026-09-28T16:23:08.961300+00:00,downloaded,CC BY 4.0 subject to named original providers,raw/world_bank_metadata/EG.IMP.CONS.ZS.json,33cd870824ab3c88fd93f761e4a07449c9e353f08cc652d7b15d48b544ffcedd,HTTP200 responses may contain API error messages; use availability table and metadata
WDI_META_EG.USE.COMM.FO.ZS,download,"Indicator definition, original sources and method",World Bank,https://api.worldbank.org/v2/indicator/EG.USE.COMM.FO.ZS?format=json&source=2,,2026-09-28T16:23:09.039878+00:00,downloaded,CC BY 4.0 subject to named original providers,raw/world_bank_metadata/EG.USE.COMM.FO.ZS.json,a4ca51a3d643e575a10a357c95afa1153fc3d61a9e92a0bbcd041949403ea693,HTTP200 responses may contain API error messages; use availability table and metadata
WDI_META_EG.USE.ELEC.KH.PC,download,"Indicator definition, original sources and method",World Bank,https://api.worldbank.org/v2/indicator/EG.USE.ELEC.KH.PC?format=json&source=2,,2026-09-28T16:23:08.736376+00:00,downloaded,CC BY 4.0 subject to named original providers,raw/world_bank_metadata/EG.USE.ELEC.KH.PC.json,4236af9f3948d3190ee93415b9f49aec9ac748a38aa8586d757d1031a3a7c723,HTTP200 responses may contain API error messages; use availability table and metadata
WDI_META_EG.USE.PCAP.KG.OE,download,"Indicator definition, original sources and method",World Bank,https://api.worldbank.org/v2/indicator/EG.USE.PCAP.KG.OE?format=json&source=2,,2026-09-28T16:23:08.584488+00:00,downloaded,CC BY 4.0 subject to named original providers,raw/world_bank_metadata/EG.USE.PCAP.KG.OE.json,dd3c797a0a530e3d1015bd343a302efa96890bdce326fa12a947042fe0e939db,HTTP200 responses may contain API error messages; use availability table and metadata
WDI_META_EN.POP.DNST,download,"Indicator definition, original sources and method",World Bank,https://api.worldbank.org/v2/indicator/EN.POP.DNST?format=json&source=2,,2026-09-28T16:23:07.712703+00:00,downloaded,CC BY 4.0 subject to named original providers,raw/world_bank_metadata/EN.POP.DNST.json,c5df1b392124d9113915d833c5d4a47e73d9c6b989de0e6a64a9487479f9040c,HTTP200 responses may contain API error messages; use availability table and metadata
WDI_META_ER.H2O.FWTL.ZS,download,"Indicator definition, original sources and method",World Bank,https://api.worldbank.org/v2/indicator/ER.H2O.FWTL.ZS?format=json&source=2,,2026-09-28T16:23:13.141485+00:00,downloaded,CC BY 4.0 subject to named original providers,raw/world_bank_metadata/ER.H2O.FWTL.ZS.json,1d51ad300cef34581b418660025064ec77a43510f9af17ac73fe0b463c2c1536,HTTP200 responses may contain API error messages; use availability table and metadata
WDI_META_ER.H2O.INTR.PC,download,"Indicator definition, original sources and method",World Bank,https://api.worldbank.org/v2/indicator/ER.H2O.INTR.PC?format=json&source=2,,2026-09-28T16:23:13.044249+00:00,downloaded,CC BY 4.0 subject to named original providers,raw/world_bank_metadata/ER.H2O.INTR.PC.json,53bf6a2e80c88d7b089185eb9c5295609ab49fa3df8197c2ce2364a81589bcad,HTTP200 responses may contain API error messages; use availability table and metadata
WDI_META_FP.CPI.TOTL.ZG,download,"Indicator definition, original sources and method",World Bank,https://api.worldbank.org/v2/indicator/FP.CPI.TOTL.ZG?format=json&source=2,,2026-09-28T16:23:10.383993+00:00,downloaded,CC BY 4.0 subject to named original providers,raw/world_bank_metadata/FP.CPI.TOTL.ZG.json,df9371a3b6c01e55a3f28991e62e1b1ebbe0cd2a7da94456be9938c7a2962233,HTTP200 responses may contain API error messages; use availability table and metadata
WDI_META_IC.ELC.LOSS.ZS,download,"Indicator definition, original sources and method",World Bank,https://api.worldbank.org/v2/indicator/IC.ELC.LOSS.ZS?format=json&source=2,,2026-09-28T16:23:13.813978+00:00,downloaded,CC BY 4.0 subject to named original providers,raw/world_bank_metadata/IC.ELC.LOSS.ZS.json,f230e5b6d8f652aa544aec29624faa117c27571ce309a7a474584e1cfeb45c1b,HTTP200 responses may contain API error messages; use availability table and metadata
WDI_META_IC.ELC.OUTG,download,"Indicator definition, original sources and method",World Bank,https://api.worldbank.org/v2/indicator/IC.ELC.OUTG?format=json&source=2,,2026-09-28T16:23:13.740763+00:00,downloaded,CC BY 4.0 subject to named original providers,raw/world_bank_metadata/IC.ELC.OUTG.json,25c4d0af5352ac4152dcd53b8cfbac5ae095094bbb1068cb8fe3dbbfca4969dd,HTTP200 responses may contain API error messages; use availability table and metadata
WDI_META_IC.ELC.OUTG.ZS,download,"Indicator definition, original sources and method",World Bank,https://api.worldbank.org/v2/indicator/IC.ELC.OUTG.ZS?format=json&source=2,,2026-09-28T16:26:22.108997+00:00,downloaded,CC BY 4.0 subject to named original providers,raw/world_bank_metadata/IC.ELC.OUTG.ZS.json,4dfb6539dcd83434c5f0aeb19d5277c12d348b48833026fbd27d9903aec28ca0,HTTP200 responses may contain API error messages; use availability table and metadata
WDI_META_IC.ELC.OWNG.ZS,download,"Indicator definition, original sources and method",World Bank,https://api.worldbank.org/v2/indicator/IC.ELC.OWNG.ZS?format=json&source=2,,2026-09-28T16:23:13.918951+00:00,downloaded,CC BY 4.0 subject to named original providers,raw/world_bank_metadata/IC.ELC.OWNG.ZS.json,f230e5b6d8f652aa544aec29624faa117c27571ce309a7a474584e1cfeb45c1b,HTTP200 responses may contain API error messages; use availability table and metadata
WDI_META_IC.FRM.OUTG.ZS,download,"Indicator definition, original sources and method",World Bank,https://api.worldbank.org/v2/indicator/IC.FRM.OUTG.ZS?format=json&source=2,,2026-09-28T16:23:14.091287+00:00,downloaded,CC BY 4.0 subject to named original providers,raw/world_bank_metadata/IC.FRM.OUTG.ZS.json,e71f302cde95f6f2e46e4d1be61f9fe31e4af3a2a5dd6549c000beb6dec413c0,HTTP200 responses may contain API error messages; use availability table and metadata
WDI_META_IT.CEL.SETS.P2,download,"Indicator definition, original sources and method",World Bank,https://api.worldbank.org/v2/indicator/IT.CEL.SETS.P2?format=json&source=2,,2026-09-28T16:23:13.749369+00:00,downloaded,CC BY 4.0 subject to named original providers,raw/world_bank_metadata/IT.CEL.SETS.P2.json,f624bcfad4bd1b64f7791bddece4bef2f0a9024b048badd90f76048453804ea4,HTTP200 responses may contain API error messages; use availability table and metadata
WDI_META_IT.NET.USER.ZS,download,"Indicator definition, original sources and method",World Bank,https://api.worldbank.org/v2/indicator/IT.NET.USER.ZS?format=json&source=2,,2026-09-28T16:23:13.535949+00:00,downloaded,CC BY 4.0 subject to named original providers,raw/world_bank_metadata/IT.NET.USER.ZS.json,6e6fc76f94bda17bd30c3303f1e8965698c93d344c26a556ea6ee18a86c3cc32,HTTP200 responses may contain API error messages; use availability table and metadata
WDI_META_NE.EXP.GNFS.CD,download,"Indicator definition, original sources and method",World Bank,https://api.worldbank.org/v2/indicator/NE.EXP.GNFS.CD?format=json&source=2,,2026-09-28T16:23:10.616053+00:00,downloaded,CC BY 4.0 subject to named original providers,raw/world_bank_metadata/NE.EXP.GNFS.CD.json,add46f767587e60736449ce8b0d365258366a7306e13a2a3a8a8cd0be97a6626,HTTP200 responses may contain API error messages; use availability table and metadata
WDI_META_NE.GDI.TOTL.ZS,download,"Indicator definition, original sources and method",World Bank,https://api.worldbank.org/v2/indicator/NE.GDI.TOTL.ZS?format=json&source=2,,2026-09-28T16:23:12.365126+00:00,downloaded,CC BY 4.0 subject to named original providers,raw/world_bank_metadata/NE.GDI.TOTL.ZS.json,ca424dd8dac40839e4c48353ba5b9bb3d0344a44ba22edac002762b49f1cc82b,HTTP200 responses may contain API error messages; use availability table and metadata
WDI_META_NE.IMP.GNFS.CD,download,"Indicator definition, original sources and method",World Bank,https://api.worldbank.org/v2/indicator/NE.IMP.GNFS.CD?format=json&source=2,,2026-09-28T16:23:10.544333+00:00,downloaded,CC BY 4.0 subject to named original providers,raw/world_bank_metadata/NE.IMP.GNFS.CD.json,373f16c99c2ddc403335b69fcf547a96f84af6ab7da378a6f96864848fd6fdbf,HTTP200 responses may contain API error messages; use availability table and metadata
WDI_META_NV.AGR.TOTL.ZS,download,"Indicator definition, original sources and method",World Bank,https://api.worldbank.org/v2/indicator/NV.AGR.TOTL.ZS?format=json&source=2,,2026-09-28T16:23:11.142753+00:00,downloaded,CC BY 4.0 subject to named original providers,raw/world_bank_metadata/NV.AGR.TOTL.ZS.json,fe7405bdb44e1600d98e44cc0edb61a4cc77b9d8d2ce534bed46309ac173a117,HTTP200 responses may contain API error messages; use availability table and metadata
WDI_META_NV.IND.MANF.ZS,download,"Indicator definition, original sources and method",World Bank,https://api.worldbank.org/v2/indicator/NV.IND.MANF.ZS?format=json&source=2,,2026-09-28T16:23:11.358386+00:00,downloaded,CC BY 4.0 subject to named original providers,raw/world_bank_metadata/NV.IND.MANF.ZS.json,54b1274c98563e9ffc9c80f402b8986a1433d3ca1bc9ce54b6922ce7749bb0a8,HTTP200 responses may contain API error messages; use availability table and metadata
WDI_META_NV.IND.TOTL.ZS,download,"Indicator definition, original sources and method",World Bank,https://api.worldbank.org/v2/indicator/NV.IND.TOTL.ZS?format=json&source=2,,2026-09-28T16:23:11.301647+00:00,downloaded,CC BY 4.0 subject to named original providers,raw/world_bank_metadata/NV.IND.TOTL.ZS.json,989dfa43e4289f3b70735cd07f08fbbba8b2c76e89a6f0d19ded866027736c9b,HTTP200 responses may contain API error messages; use availability table and metadata
WDI_META_NV.SRV.TOTL.ZS,download,"Indicator definition, original sources and method",World Bank,https://api.worldbank.org/v2/indicator/NV.SRV.TOTL.ZS?format=json&source=2,,2026-09-28T16:23:12.147361+00:00,downloaded,CC BY 4.0 subject to named original providers,raw/world_bank_metadata/NV.SRV.TOTL.ZS.json,55d203ff83eb44bd8a39d3fd48042f3473c75f3ce2c6364cfb44da0454661fb6,HTTP200 responses may contain API error messages; use availability table and metadata
WDI_META_NY.GDP.MKTP.CD,download,"Indicator definition, original sources and method",World Bank,https://api.worldbank.org/v2/indicator/NY.GDP.MKTP.CD?format=json&source=2,,2026-09-28T16:23:09.650111+00:00,downloaded,CC BY 4.0 subject to named original providers,raw/world_bank_metadata/NY.GDP.MKTP.CD.json,51cec1e144a5bad8d92238630c0a305e20116e86d34ad95c7c315ed166255b28,HTTP200 responses may contain API error messages; use availability table and metadata
WDI_META_NY.GDP.MKTP.KD,download,"Indicator definition, original sources and method",World Bank,https://api.worldbank.org/v2/indicator/NY.GDP.MKTP.KD?format=json&source=2,,2026-09-28T16:23:10.004916+00:00,downloaded,CC BY 4.0 subject to named original providers,raw/world_bank_metadata/NY.GDP.MKTP.KD.json,bc4bc0ffec1755410f52b1091c6b1f46917c7417977102350d3d1102b4659216,HTTP200 responses may contain API error messages; use availability table and metadata
WDI_META_NY.GDP.MKTP.KD.ZG,download,"Indicator definition, original sources and method",World Bank,https://api.worldbank.org/v2/indicator/NY.GDP.MKTP.KD.ZG?format=json&source=2,,2026-09-28T16:23:10.069800+00:00,downloaded,CC BY 4.0 subject to named original providers,raw/world_bank_metadata/NY.GDP.MKTP.KD.ZG.json,ed7703d841d4dde2d1cb858f0dd53229fe3e841f72abb17dbc8c950ad20c88ce,HTTP200 responses may contain API error messages; use availability table and metadata
WDI_META_NY.GDP.PCAP.CD,download,"Indicator definition, original sources and method",World Bank,https://api.worldbank.org/v2/indicator/NY.GDP.PCAP.CD?format=json&source=2,,2026-09-28T16:23:10.181763+00:00,downloaded,CC BY 4.0 subject to named original providers,raw/world_bank_metadata/NY.GDP.PCAP.CD.json,96520c3a22b1f9da1c7456349a6e70b1643db88d427671faced17cb8b9eaf907,HTTP200 responses may contain API error messages; use availability table and metadata
WDI_META_NY.GDP.PCAP.KD,download,"Indicator definition, original sources and method",World Bank,https://api.worldbank.org/v2/indicator/NY.GDP.PCAP.KD?format=json&source=2,,2026-09-28T16:23:10.218716+00:00,downloaded,CC BY 4.0 subject to named original providers,raw/world_bank_metadata/NY.GDP.PCAP.KD.json,46689488cd435920647264ede1bfb2d4b51b09800fb36f3d3b1422a0b11ea49d,HTTP200 responses may contain API error messages; use availability table and metadata
WDI_META_PA.NUS.FCRF,download,"Indicator definition, original sources and method",World Bank,https://api.worldbank.org/v2/indicator/PA.NUS.FCRF?format=json&source=2,,2026-09-28T16:23:10.667668+00:00,downloaded,CC BY 4.0 subject to named original providers,raw/world_bank_metadata/PA.NUS.FCRF.json,879ac40c1e115d0575c0ac1d26a45b68432303927ea163be9c80e7f47c739b12,HTTP200 responses may contain API error messages; use availability table and metadata
WDI_META_SH.H2O.BASW.ZS,download,"Indicator definition, original sources and method",World Bank,https://api.worldbank.org/v2/indicator/SH.H2O.BASW.ZS?format=json&source=2,,2026-09-28T16:23:13.261447+00:00,downloaded,CC BY 4.0 subject to named original providers,raw/world_bank_metadata/SH.H2O.BASW.ZS.json,41c3627f1979d7347fc12ed8f67bf2bddb25df38ecf7d9cef0ece39f0bbe6591,HTTP200 responses may contain API error messages; use availability table and metadata
WDI_META_SH.STA.BASS.ZS,download,"Indicator definition, original sources and method",World Bank,https://api.worldbank.org/v2/indicator/SH.STA.BASS.ZS?format=json&source=2,,2026-09-28T16:23:13.490688+00:00,downloaded,CC BY 4.0 subject to named original providers,raw/world_bank_metadata/SH.STA.BASS.ZS.json,5be5e6443462725b4bb1ea4547a443489c6dde0ae875c278be049151aa9ec5df,HTTP200 responses may contain API error messages; use availability table and metadata
WDI_META_SP.POP.GROW,download,"Indicator definition, original sources and method",World Bank,https://api.worldbank.org/v2/indicator/SP.POP.GROW?format=json&source=2,,2026-09-28T16:23:07.416706+00:00,downloaded,CC BY 4.0 subject to named original providers,raw/world_bank_metadata/SP.POP.GROW.json,410c9806e450f67653b837ced0851741d45763284d7621f94f29e930ee817c65,HTTP200 responses may contain API error messages; use availability table and metadata
WDI_META_SP.POP.TOTL,download,"Indicator definition, original sources and method",World Bank,https://api.worldbank.org/v2/indicator/SP.POP.TOTL?format=json&source=2,,2026-09-28T16:23:07.438305+00:00,downloaded,CC BY 4.0 subject to named original providers,raw/world_bank_metadata/SP.POP.TOTL.json,2f8491efc00bf2c0995112ff8e87aba69e5e9d22d0880b22f7e3a4ec757ba05c,HTTP200 responses may contain API error messages; use availability table and metadata
WDI_META_SP.RUR.TOTL,download,"Indicator definition, original sources and method",World Bank,https://api.worldbank.org/v2/indicator/SP.RUR.TOTL?format=json&source=2,,2026-09-28T16:23:07.724177+00:00,downloaded,CC BY 4.0 subject to named original providers,raw/world_bank_metadata/SP.RUR.TOTL.json,8a35bd6cbac90b70778339538aa9ec59ba10a7d34815635f364f6278178ca8f4,HTTP200 responses may contain API error messages; use availability table and metadata
WDI_META_SP.URB.TOTL.IN.ZS,download,"Indicator definition, original sources and method",World Bank,https://api.worldbank.org/v2/indicator/SP.URB.TOTL.IN.ZS?format=json&source=2,,2026-09-28T16:23:07.379434+00:00,downloaded,CC BY 4.0 subject to named original providers,raw/world_bank_metadata/SP.URB.TOTL.IN.ZS.json,ada77d666a1469f69379933d0597cdd420299806163905af52de79d538da95e6,HTTP200 responses may contain API error messages; use availability table and metadata
WDI_META_SP.URB.TOTL,download,"Indicator definition, original sources and method",World Bank,https://api.worldbank.org/v2/indicator/SP.URB.TOTL?format=json&source=2,,2026-09-28T16:23:07.248189+00:00,downloaded,CC BY 4.0 subject to named original providers,raw/world_bank_metadata/SP.URB.TOTL.json,fd016165f6393188a488dcb276fb282b0673655dc77f1433c6a8e2201113b336,HTTP200 responses may contain API error messages; use availability table and metadata
WDI_META_TM.VAL.FUEL.ZS.UN,download,"Indicator definition, original sources and method",World Bank,https://api.worldbank.org/v2/indicator/TM.VAL.FUEL.ZS.UN?format=json&source=2,,2026-09-28T16:23:11.108917+00:00,downloaded,CC BY 4.0 subject to named original providers,raw/world_bank_metadata/TM.VAL.FUEL.ZS.UN.json,b9c3043535e6d3c68b38dc151a4f08efd279ad0a39b8a1515918bfee556896c9,HTTP200 responses may contain API error messages; use availability table and metadata
WDI_META_TX.VAL.FUEL.ZS.UN,download,"Indicator definition, original sources and method",World Bank,https://api.worldbank.org/v2/indicator/TX.VAL.FUEL.ZS.UN?format=json&source=2,,2026-09-28T16:23:10.798053+00:00,downloaded,CC BY 4.0 subject to named original providers,raw/world_bank_metadata/TX.VAL.FUEL.ZS.UN.json,009ebf1d8a465d007ef3bc653d2f730f61cc4cd7238228e89ae924143c99e7e6,HTTP200 responses may contain API error messages; use availability table and metadata
GEO-001,dataset_catalogue,Somalia Global Solar Atlas v2 long-term GIS rasters,World Bank ESMAP; Solargis,https://solargis.com/resources/free-maps-and-gis-data?locality=somalia,,2026-09-28,Source and exact links verified; raw ZIP not downloaded by this research agent,Solargis download page labels CC BY-SA 4.0; GSA FAQ states CC BY 4.0; preserve package-specific terms and resolve discrepancy,research/resource_catalog.csv,,Country package is ~74.4 MB; separate yearly/monthly totals package ~78.8 MB. Neither monthly resource nor PVOUT is an hourly capacity-factor series. Maps dated 2021 do not establish observation-period end.
GEO-002,dataset_catalogue,Global Wind Atlas 4.0 Somalia wind speed at 100 m,Technical University of Denmark; World Bank ESMAP; Vortex,https://globalwindatlas.info/en/about/method,,2026-09-28,Downloaded 2026-09-28; SHA256/byte count/CRS/dimensions/nodata and all raster pixels independently checked; see raw/global_wind_atlas provenance and audit,CC BY 4.0 except explicitly identified third-party layers; required GWA 4.0 partnership attribution,research/resource_catalog.csv,,"WRF 3 km then PyWAsP downscaling; local obstacles excluded. Atlas capacity factors depend on representative turbine assumptions and are not measured plant output. Provider prohibits bulk API downloads of all countries/datasets. Delivered product includes offshore cells: 19,053,180 finite pixels, min 2.255723953 and max 16.345039368 m/s; these are product extrema, not national onshore statistics."
GEO-003,dataset_catalogue,ERA5 hourly data on single levels,Copernicus Climate Change Service; ECMWF,https://cds.climate.copernicus.eu/datasets/reanalysis-era5-single-levels,,2026-09-28,Primary metadata verified; CDS registration/request required; no data downloaded,CC BY license displayed by current CDS catalog; accept applicable catalog terms before retrieval,research/resource_catalog.csv,,Reanalysis is model-assisted; variables have different accumulation definitions. Convert energy to mean power using the documented accumulation interval. Wind speed needs a specified turbine/power-curve model.
GEO-004,dataset_catalogue,ERA5-Land hourly data,Copernicus Climate Change Service; ECMWF,https://cds.climate.copernicus.eu/datasets/reanalysis-era5-land,,2026-09-28,Primary metadata verified; account/request required; no data downloaded,CC BY license displayed by current CDS catalog; applicable CDS access terms,research/resource_catalog.csv,,"Driven by ERA5; not independent validation of ERA5. Four soil layers: 0-7, 7-28, 28-100 and 100-289 cm. Runoff is not measured river discharge."
GEO-005,dataset_catalogue,CHIRPS version 3 precipitation,Climate Hazards Center; University of California Santa Barbara,https://chc.ucsb.edu/data/chirps3,,2026-09-28,Primary documentation and public directory verified; no raster downloaded,Provider states public-domain availability and CC BY 4.0; retain citation and attribution,research/resource_catalog.csv,,v3 daily rnl uses ERA5 temporal partitioning; daily sat uses IMERG Late V07. These are not fully independent daily comparisons. Final monthly release arrives about third week of following month; v2 production scheduled to end December 2026.
GEO-006,dataset_catalogue,GPM IMERG Final V07B,NASA GPM; NASA GES DISC; PPS,https://gpm.nasa.gov/data/directory,,2026-09-28,Current NASA product directory verified; Earthdata/PPS registration may be required; no data downloaded,NASA open-data distribution with product citation; no Creative Commons license asserted here,research/resource_catalog.csv,,Use Final for retrospective research. Archive time coverage is current V07B and differs from older IMERG descriptions. GeoTIFF scaling differs by temporal product; do not treat encoded integers as rainfall.
GEO-007,dataset_catalogue,Somalia COD administrative and operational boundaries January 2025,OCHA; Somalia authorities; SODMA/WFP catalog mirror,https://sodma-dev.okfn.org/dataset/cod-ab-som,,2026-09-28,Official mirror metadata and linked URL verified; HDX landing returned 403 and linked ZIP returned 404 in web access; no file validated,Mirror metadata: cc-by-igo; exact license version requires package confirmation,research/resource_catalog.csv,,OPZ1/OPZ2 are not ADM3. Federal member-state boundaries are absent and cannot be reconstructed accurately from ADM2 per metadata. Do not use admin boundaries automatically as electricity zones.
GEO-008,dataset_catalogue,geoBoundaries gbOpen Somalia ADM0/ADM1/ADM2,"William & Mary geoLab; original UNDP/OCHA, OpenStreetMap/Wambacher, GPEI sources",https://www.geoboundaries.org/api/current/gbOpen/SOM/ALL/,,2026-09-28,JSON metadata verified; raw geometry not downloaded by this agent; parent acquisition handled separately,ADM0 CC BY 3.0 IGO; ADM1 ODbL 1.0; ADM2 CC BY 4.0 according to per-level API metadata,research/resource_catalog.csv,,118 ADM2 units conflict with current COD 91; retain both vintages and source IDs. Do not silently conflate sources or label all gbOpen layers CC BY 4.0.
GEO-009,dataset_catalogue,OpenStreetMap Somalia extract,OpenStreetMap contributors; Geofabrik,https://download.geofabrik.de/africa/somalia.html,,2026-09-28,Publisher page and dated PBF link verified; no PBF downloaded,Open Database License 1.0; OpenStreetMap attribution; observe share-alike conditions,research/resource_catalog.csv,,PBF retains tags that free shapefile layers may omit. OSM is not a complete grid/capacity inventory; absence does not imply no asset. Observed PBF 164715457 bytes; latest URL is mutable.
GEO-010,dataset_catalogue,WorldPop Global 2 R2025A v1 Somalia constrained population 2025,WorldPop; University of Southampton,https://hub.worldpop.org/project/categories?id=3,,2026-09-28,Primary project pages and exact directory-listed TIFF URL verified; no population raster downloaded,CC BY 4.0 with WorldPop release citation,research/resource_catalog.csv,,Modeled estimates are not a new census; projected years are not observed counts. Constrained allocation can miss mobile/displaced populations or unmapped buildings. Population is not electricity consumption.
GEO-011,dataset_catalogue,GHS-POP R2023A,European Commission Joint Research Centre,https://data.jrc.ec.europa.eu/dataset/2ff68a52-5b5b-4a22-8f40-c41da8332cfe,,2026-09-28,Primary catalog verified; download portal identified; no raster downloaded,European Commission reuse notice and acknowledgment requirement; inspect release terms,research/resource_catalog.csv,,Dasymetric population uses GPW and GHSL covariates and UN estimates. It is not independent ground enumeration and should not be averaged with WorldPop without reconciling national totals.
GEO-012,dataset_catalogue,GHS-BUILT-S R2023A,European Commission Joint Research Centre,https://data.jrc.ec.europa.eu/dataset/9f06f36f-4b11-47ec-abb0-4f8b7b1d72ea,,2026-09-28,Primary catalog verified; no raster downloaded,European Commission reuse notice and acknowledgment requirement; inspect release terms,research/resource_catalog.csv,,"Interpolated/extrapolated dates are not all direct observations. Built-up area is not connected electrical load, floor area or measured consumption."
GEO-013,dataset_catalogue,ESA WorldCover 2021 v200,European Space Agency; WorldCover consortium,https://esa-worldcover.org/en/data-access,,2026-09-28,"Official metadata, DOI and public S3 prefix verified; no tile downloaded",CC BY 4.0,research/resource_catalog.csv,,2020 and 2021 used different algorithm versions; differences are not solely land change. Global 76.7% accuracy is not Somalia-specific accuracy. Public prefix s3://esa-worldcover/v200/2021/map requires no signed request.
GEO-014,dataset_catalogue,Dynamic World V1,Google; World Resources Institute,https://developers.google.com/earth-engine/datasets/catalog/GOOGLE_DYNAMICWORLD_V1,,2026-09-28,Official Earth Engine catalog verified; account/export required; no data downloaded,CC BY 4.0; required attribution,research/resource_catalog.csv,,Asset GOOGLE/DYNAMICWORLD/V1; define annual compositing and confidence threshold explicitly. Arid/high-reflectance surfaces can confuse classes; low-confidence label is not a definitive exclusion.
GEO-015,dataset_catalogue,Copernicus DEM GLO-30,European Union; ESA; Airbus; DLR,https://dataspace.copernicus.eu/explore-data/data-collections/copernicus-contributing-missions/collections-description/COP-DEM,,2026-09-28,Provider and public hosting registry verified; no DEM tile downloaded,Copernicus DEM custom free-use license and specified attribution; not generic CC BY,research/resource_catalog.csv,,"Digital surface model includes buildings/vegetation, not a bare-earth terrain model. Pin release and vertical datum; public copies can differ from latest source. Not survey-grade engineering terrain."
GEO-016,dataset_catalogue,HydroRIVERS v1.0 Africa,HydroSHEDS; WWF; McGill University partners,https://www.hydrosheds.org/products/hydrorivers,,2026-09-28,Primary product and linked Africa ZIP verified; raw ZIP not downloaded,HydroSHEDS custom license; free scientific/educational/commercial use stated; inspect redistribution terms before bundling,research/resource_catalog.csv,,Includes reaches with catchment at least 10 km2 or estimated mean flow at least 0.1 m3/s. Estimated average discharge is not gauge time series or hydropower capacity.
GEO-017,dataset_catalogue,HydroBASINS v1c Africa standard,HydroSHEDS; WWF; McGill University partners,https://www.hydrosheds.org/products/hydrobasins,,2026-09-28,Primary metadata and download link verified; no file downloaded,HydroSHEDS custom license; inspect redistribution terms before bundling,research/resource_catalog.csv,,"Country-only clipping can remove relevant upstream rainfall/runoff. Basin boundaries do not establish legal water allocations, developable hydropower or reservoir operating rules."
GEO-018,dataset_catalogue,Somalia National River Flow Archive station records,FAO SWALIM,https://snrfa.faoswalim.org/stations/,,2026-09-28,Station list and example station page metadata verified; export/record validity not validated; no file downloaded,No clear redistribution license confirmed on portal; obtain explicit terms before placing raw exports on public GitHub,research/resource_catalog.csv,,Portal table appears to swap latitude/longitude labels and mislabels maximum-flow units. Bardheere failed after bridge loss in November 2023; Bualle marked nonfunctional after March 2024. Preserve gaps; water level cannot be treated as discharge.
GEO-019,dataset_catalogue,SWALIM Climate Time Series stations,FAO SWALIM,https://climseries.faoswalim.org/station/,,2026-09-28,Station/group metadata verified; export not validated; no station observations downloaded,Portal redistribution terms not confirmed; registration/export availability must be resolved,research/resource_catalog.csv,,"Station coverage and continuity differ; do not infer a complete national time series from portal availability. Historical gaps, measurement height, coordinate order and sensor changes require review."
GEO-020,dataset_catalogue,Somalia Water Sources Information Management System,FAO SWALIM,https://swims.faoswalim.org/dashboard/view,,2026-09-28,Portal categories verified; export and record counts not validated; no file downloaded,No clear redistribution license confirmed; request permission/terms for raw export,research/resource_catalog.csv,,Displayed inventory does not imply all sources are functional or current. Do not add water-pumping/desalination demand to the electricity model without separate scope and load evidence.
GEO-021,dataset_catalogue,SWALIM Combined Drought Index,FAO SWALIM,https://cdi.faoswalim.org/index/cdi,,2026-09-28,Primary methodological notice and CSV-download interface verified; CSV not downloaded,No clear redistribution license confirmed; verify CSV-export terms,research/resource_catalog.csv,,Provider stopped using NDVI from early 2021 due poor correlation/false signals. Pre/post-2021 CDI cannot be assumed methodologically identical; current CDI is based on temperature and rainfall.
GEO-022,dataset_catalogue,SWALIM Flood Risk and Response Information Management System,FAO SWALIM,https://frrims.faoswalim.org/,,2026-09-28,Live portal and layer descriptions verified; underlying exports not downloaded,No clear redistribution license confirmed; resolve layer-specific rights,research/resource_catalog.csv,,Keep observed breakages and measured levels separate from forecasts and simulated hazards. Do not freeze an undated live map as a historical observation.
GEO-023,dataset_catalogue,JRC Global Surface Water v1.5,European Commission JRC; Google,https://global-surface-water.appspot.com/download,,2026-09-28,Current download/version documentation verified; no raster downloaded,Copernicus free/full/open access acknowledgment terms; cite JRC/Google and product reference,research/resource_catalog.csv,,Monthly recurrence bug reported for v1.4/v1.5 under sparse observations; registration between Landsat collections can differ by a pixel or more. Water occurrence is not flood return probability. Example asset projects/global-surface-water/assets/GSW1_5/Occurrence.
GEO-024,dataset_catalogue,Protected Planet Somalia WDPCA/WDPA country profile,UNEP-WCMC; IUCN; Protected Planet partners,https://www.protectedplanet.net/en/country/SOM,,2026-09-28,Country summary and current legal terms verified; raw data intentionally not downloaded or redistributed,Restricted non-commercial terms; redistribution/sub-licensing of data or derivatives prohibited without permission; see legal page,research/resource_catalog.csv,,Points cannot create reliable exclusion footprints; reported area does not establish a polygon. Do not publish restricted raw or derivative spatial data on GitHub; metadata links only. Current WDPCA merges WDPA/OECM but some country labels remain WDPA.
GEO-025,dataset_catalogue,JRC/CEMS GloFAS global river flood hazard v2.1.2,European Commission JRC; Copernicus Emergency Management Service,https://data.jrc.ec.europa.eu/dataset/jrc-floods-floodmapgl_rp50y-tif,,2026-09-28,"Catalog, public directory and version README verified; no flood raster downloaded",CC BY 4.0 as stated by JRC catalog,research/resource_catalog.csv,,Simulated hazard is not an event observation or official local flood map. Apply provider masks and inspect spurious depths; not a complete pluvial/coastal hazard model. Download tile_extents.geojson first to select Somalia tiles.
GEO-026,dataset_catalogue,Aqueduct Floods Hazard Maps v2,World Resources Institute,https://www.wri.org/data/aqueduct-floods-hazard-maps,,2026-09-28,Official research and catalog pages verified; no layer downloaded,WRI Aqueduct data CC BY 4.0; retain selected product citation,research/resource_catalog.csv,,"Scenario maps are projections, not predictions. Hazard layers do not themselves include flood protection according to provider; do not interpret as observed present losses."
GEO-027,dataset_catalogue,VIIRS Black Marble VNP46A2 Collection 2,NASA; LAADS DAAC,https://ladsweb.modaps.eosdis.nasa.gov/missions-and-measurements/products/VNP46A2,,2026-09-28,Official Collection 2 metadata and archive link verified; Earthdata access required; no granule downloaded,NASA open-data access with product citation; no Creative Commons license asserted here,research/resource_catalog.csv,,"Light is not MW/MWh and cannot identify all electrified or rural loads. Separate measured and gap-filled values, apply cloud/quality flags and distinguish fires/flaring/stray light."
GEO-028,dataset_catalogue,SoilGrids 2.0,ISRIC World Soil Information,https://docs.isric.org/globaldata/soilgrids/SoilGrids_faqs.html,,2026-09-28,Official FAQs and WebDAV directory verified; REST API reported temporarily paused in January 2026 documentation; no raster downloaded,CC BY 4.0,research/resource_catalog.csv,,Use VRT/WebDAV or WCS regional subset rather than assuming REST works. Predictions are not site geotechnical tests or foundations/bearing-capacity evidence; preserve uncertainty quantiles.
GEO-029,dataset_catalogue,GEBCO 2026 grid,GEBCO; IHO; IOC-UNESCO; BODC,https://www.gebco.net/data-products/gridded-bathymetry-data,,2026-09-28,Official release page and CEDA archive path verified; no grid downloaded,Public domain under GEBCO conditions of use and requested attribution,research/resource_catalog.csv,,"Not navigation, engineering bathymetry or an established offshore energy study. Preserve TID and datum uncertainty, especially near shore. Global files are large; use subset tool."
GEO-030,dataset_catalogue,UNOSAT Somalia November 2023 flood extent FL20231105SOM,UNOSAT; SODMA/WFP catalog mirror,https://sodma-dev.okfn.org/dataset/floods-in-somalia-november-2023,,2026-09-28,Official mirror metadata and UNOSAT-linked ZIP URL verified; no ZIP downloaded,Mirror labels Creative Commons Attribution Share-Alike; exact version must be checked in package,research/resource_catalog.csv,,Map extent is acquisition-limited and water can be obscured/misclassified. Event extent does not establish a return period or all historical flood risk.
REPORT_f9db1621df,report_or_primary_page,Somali Electricity Sector Recovery Project (P173088): Appraisal Project Information Document,World Bank,https://documents1.worldbank.org/curated/en/917771634027301072/pdf/Project-Information-Document-Somali-Electricity-Sector-Recovery-Project-P173088.pdf,2021-10-08,2026-09-28,source_opened; factual extracts retained,Report-specific; original PDF not redistributed in Git,research/,,"Exact locator, evidence class and caveat recorded per fact; document hashes where retained are in report manifests"
REPORT_9b1a2b0597,report_or_primary_page,Somalia Second Inclusive Growth Development Policy Financing,World Bank,https://documents1.worldbank.org/curated/en/099071725125534548/pdf/BOSIB-97a425a9-97c2-4c6a-9909-b8c80e38ad3d.pdf,2025-07-11,2026-09-28,source_opened; factual extracts retained,Report-specific; original PDF not redistributed in Git,research/,,"Exact locator, evidence class and caveat recorded per fact; document hashes where retained are in report manifests"
REPORT_079ec78cc4,report_or_primary_page,Optimized Cost Electricity Generation and Transmission Development Plan for Somalia,Federal Ministry of Energy and Water Resources (MoEWR),https://moewr.gov.so/wp-content/uploads/2025/07/Somalia-Generation-and-Transmission-Plan-2025-MoEWR.pdf,2025-06,2026-09-28,source_opened; factual extracts retained,Report-specific; original PDF not redistributed in Git,research/,,"Exact locator, evidence class and caveat recorded per fact; document hashes where retained are in report manifests"
REPORT_26efc5d996,report_or_primary_page,"Draft ESIA: Proposed Hybrid Power Plant for GECO, Gaalkacyo",MoEWR; Horizon Developments,https://moewr.gov.so/wp-content/uploads/2025/02/GECO-ESIA.pdf,2025-01-30,2026-09-28,source_opened; factual extracts retained,Report-specific; original PDF not redistributed in Git,research/,,"Exact locator, evidence class and caveat recorded per fact; document hashes where retained are in report manifests"
REPORT_c42d778b16,report_or_primary_page,"Draft ESIA: Proposed Hybrid Power Plant for NEPCO, Gaalkacyo",MoEWR; Horizon Developments,https://moewr.gov.so/wp-content/uploads/2025/02/NEPCO-ESIA.pdf,2025-01-30,2026-09-28,source_opened; factual extracts retained,Report-specific; original PDF not redistributed in Git,research/,,"Exact locator, evidence class and caveat recorded per fact; document hashes where retained are in report manifests"
REPORT_cc4953c35b,report_or_primary_page,Draft ESIA: Proposed Hybrid Power Plant for BEC-Baidoa,MoEWR; Horizon Developments,https://moewr.gov.so/wp-content/uploads/2025/02/BEC-BAIDOA-ESIA.pdf,2025-01-30,2026-09-28,source_opened; factual extracts retained,Report-specific; original PDF not redistributed in Git,research/,,"Exact locator, evidence class and caveat recorded per fact; document hashes where retained are in report manifests"
REPORT_b6ddf43fcc,report_or_primary_page,"Draft ESIA: Proposed BECO Hybrid Power Plant, Dayniile",MoEWR; Horizon Developments,https://moewr.gov.so/wp-content/uploads/2025/02/BECO-DAYNIILE-POWER-PLANT-ESIA.pdf,2025-01-30,2026-09-28,source_opened; factual extracts retained,Report-specific; original PDF not redistributed in Git,research/,,"Exact locator, evidence class and caveat recorded per fact; document hashes where retained are in report manifests"
REPORT_fcaa79fdde,report_or_primary_page,"SESRP Mid-Term Review and ASCENT Implementation Support Mission: Aide-Memoire, July 7-25 2025",World Bank,https://documents1.worldbank.org/curated/en/099110425105030846/pdf/P173088-fa99e7da-f0c3-4bcc-a248-69768f01f7c1.pdf,2025-11-04,2026-09-28,source_opened; factual extracts retained,Report-specific; original PDF not redistributed in Git,research/,,"Exact locator, evidence class and caveat recorded per fact; document hashes where retained are in report manifests"
REPORT_a29360d897,report_or_primary_page,SESRP (P173088): Restructuring Paper RES01687,World Bank,https://documents1.worldbank.org/curated/en/099032626073010531/pdf/P173088-db056fb6-ff05-4619-bc8c-69938418e4de.pdf,2026-03-26,2026-09-28,source_opened; factual extracts retained,Report-specific; original PDF not redistributed in Git,research/,,"Exact locator, evidence class and caveat recorded per fact; document hashes where retained are in report manifests"
REPORT_2b205b79bc,report_or_primary_page,"GECO Solar PV+BESS tender addendum, SO-MOEWR-459178-CW-RFB",MoEWR,https://moewr.gov.so/wp-content/uploads/2025/03/Addendum-No2-for-GECO-RFB.pdf,2025-02-16,2026-09-28,source_opened; factual extracts retained,Report-specific; original PDF not redistributed in Git,research/,,"Exact locator, evidence class and caveat recorded per fact; document hashes where retained are in report manifests"
REPORT_a56d963f1b,report_or_primary_page,"Jazeera Power Plant BECO: Addendum 001, submission extension",MoEWR,https://moewr.gov.so/wp-content/uploads/2025/03/Jazeera-Addendum-001-Submission-Extension-Jazeera-Power-Plant-BECO-Mogadishu.pdf,2025-03,2026-09-28,source_opened; factual extracts retained,Report-specific; original PDF not redistributed in Git,research/,,"Exact locator, evidence class and caveat recorded per fact; document hashes where retained are in report manifests"
REPORT_ed14732cff,report_or_primary_page,Draft ESIA: Proposed Repair and Expansion of Bosaso Power Grid,MoEWR; Horizon Developments,https://moewr.gov.so/wp-content/uploads/2025/05/Final-Bosaso-ESIA-Report-20250324-Clean-ver-4-2.pdf,2025-03-23,2026-09-28,source_opened; factual extracts retained,Report-specific; original PDF not redistributed in Git,research/,,"Exact locator, evidence class and caveat recorded per fact; document hashes where retained are in report manifests"
REPORT_f5416d406f,report_or_primary_page,Somalia Electricity Act,MoEWR,https://moewr.gov.so/ova_doc/somalia-electricity-act/,2023-03-08,2026-09-28,source_opened; factual extracts retained,Report-specific; original PDF not redistributed in Git,research/,,"Exact locator, evidence class and caveat recorded per fact; document hashes where retained are in report manifests"
REPORT_e39190a682,report_or_primary_page,Tariff and Licensing Regulations,MoEWR,https://moewr.gov.so/ova_doc/tariff-and-licensing-regulations/,2023-07-13,2026-09-28,source_opened; factual extracts retained,Report-specific; original PDF not redistributed in Git,research/,,"Exact locator, evidence class and caveat recorded per fact; document hashes where retained are in report manifests"
REPORT_ebf28c84e7,report_or_primary_page,Somalia Gross Domestic Product 2025,Somali National Bureau of Statistics,https://nbs.gov.so/somalia-gross-domestic-product-gdp-2025/,2026-06,2026-09-28,source_opened; factual extracts retained,Report-specific; original PDF not redistributed in Git,research/,,"Exact locator, evidence class and caveat recorded per fact; document hashes where retained are in report manifests"
REPORT_ffd1d11fad,report_or_primary_page,"Statistical Abstract 2024, first edition",Somali National Bureau of Statistics,https://nbs.gov.so/wp-content/uploads/2025/03/Statistical-Abstract-2024.pdf,2024-11,2026-09-28,source_opened; factual extracts retained,Report-specific; original PDF not redistributed in Git,research/,,"Exact locator, evidence class and caveat recorded per fact; document hashes where retained are in report manifests"
REPORT_aac65a4a2c,report_or_primary_page,Africa Energy Balances 2025 edition,African Energy Commission (AFREC),https://au-afrec.org/sites/default/files/2026-03/Energy%20Balance%202025%20%28EN%29.pdf,2026-03 (upload; edition 2025),2026-09-28,source_opened; factual extracts retained,Report-specific; original PDF not redistributed in Git,research/,,"Exact locator, evidence class and caveat recorded per fact; document hashes where retained are in report manifests"
REPORT_a3f8b8b429,report_or_primary_page,Updated Somalia NDC 3.0,Federal Government of Somalia / UNFCCC registry,https://unfccc.int/sites/default/files/2025-09/Somalia%20NDC%203.0_Official_2025.pdf,2025-09-08,2026-09-28,source_opened; factual extracts retained,Report-specific; original PDF not redistributed in Git,research/,,"Exact locator, evidence class and caveat recorded per fact; document hashes where retained are in report manifests"
REPORT_f088b6e68f,report_or_primary_page,Monthly energy price estimates by product and market; SOM_2023_RTEP_v01_M; version 2026-08-24,World Bank DECDG,https://microdata.worldbank.org/catalog/6130/download/359961,2026-08-27 (catalogue modified),2026-09-28,source_opened; factual extracts retained,Report-specific; original PDF not redistributed in Git,research/,,"Exact locator, evidence class and caveat recorded per fact; document hashes where retained are in report manifests"
REPORT_ff7750afc2,report_or_primary_page,Somalias Inflation Outlook; Policy Brief No.003,Somali National Bureau of Statistics,https://nbs.gov.so/wp-content/uploads/2026/04/Somalias-Inflation-Outlook.pdf,2026-03 (brief; uploaded 2026-04),2026-09-28,source_opened; factual extracts retained,Report-specific; original PDF not redistributed in Git,research/,,"Exact locator, evidence class and caveat recorded per fact; document hashes where retained are in report manifests"
REPORT_e53b8494b7,report_or_primary_page,Somalia: Groundwater Assessment; Technical Report,World Bank,https://documents1.worldbank.org/curated/en/099615012012129914/pdf/P1749940c70d5d09008a3203ad9eeb97d1a.pdf,2021,2026-09-28,source_opened; factual extracts retained,Report-specific; original PDF not redistributed in Git,research/,,"Exact locator, evidence class and caveat recorded per fact; document hashes where retained are in report manifests"
REPORT_f43b883b4f,report_or_primary_page,Somalia National Energy Information System Diagnostic Report and Action Plan,African Energy Commission (AFREC) / MoEWR,https://au-afrec.org/sites/default/files/2026-04/DiagActionPlan-somalia.pdf,2025-07 (report; uploaded 2026-04),2026-09-28,source_opened; factual extracts retained,Report-specific; original PDF not redistributed in Git,research/,,"Exact locator, evidence class and caveat recorded per fact; document hashes where retained are in report manifests"
REPORT_720c431f5c,report_or_primary_page,Renewable power generation costs in 2025: Executive summary,International Renewable Energy Agency (IRENA),https://www.irena.org/-/media/Files/IRENA/Agency/Publication/2026/Jul/IRENA_TEC_RPGC_2025_Executive_summary_2026.pdf,2026-07,2026-09-28,source_opened; factual extracts retained,Report-specific; original PDF not redistributed in Git,research/,,"Exact locator, evidence class and caveat recorded per fact; document hashes where retained are in report manifests"
IPCC_DIESEL_CO2,global_reference,Default stationary-combustion CO2 factor,IPCC,https://www.ipcc-nggip.iges.or.jp/public/2006gl/pdf/2_Volume2/V2_2_Ch2_Stationary_Combustion.pdf,2006,2026-09-28,original PDF table inspected,IPCC source retained as citation and factual extract,research/fuel_reference_defaults.csv,,Not a Somalia fuel assay or electricity emission intensity; excludes upstream emissions; heat rate required to convert to electricity output basis
IPCC_DIESEL_NCV,global_reference,Default net calorific value,IPCC,https://www.ipcc-nggip.iges.or.jp/public/2006gl/pdf/2_Volume2/V2_1_Ch1_Introduction.pdf,2006,2026-09-28,original PDF table inspected,IPCC source retained as citation and factual extract,research/fuel_reference_defaults.csv,,Source range is stated95percent confidence interval for default dataset; not Somalia-specific uncertainty; density is still needed for litres
GWA_SOMALIA_100M,download_release_archive,Global Wind Atlas 4.0 Somalia wind speed at 100 m,Global Wind Atlas 4.0; Technical University of Denmark; World Bank Group; Vortex; ESMAP,https://globalwindatlas.info/api/gis/country/SOM/wind-speed/100,GWA4; climatology2008-2017,2026-09-28T16:34:15.197469Z,downloaded and decoded; TIFF included in GitHub Release archive,CC BY 4.0 except explicitly identified third-party layers,raw/global_wind_atlas/som_wind-speed_100m_gwa4_20260928.tif,9d2dd6013ab0e2da38d420f861b83ca8b26a34150b86bbb6193c011766fc98de,"No resource area mean, power generation, turbine capacity factor, asset coordinate, or national energy potential computed."
