indicator_code,indicator_name,category,country_iso3,year,value,unit,observation_status,data_status,source_id,source_last_updated,source_url
AG.LND.AGRI.ZS,Agricultural land (% of land area),land,SOM,1960,,% of land area,,missing,WDI_AG.LND.AGRI.ZS,2026-07-13,https://api.worldbank.org/v2/country/SOM/indicator/AG.LND.AGRI.ZS?format=json&per_page=1000&date=1960:2025&source=2
AG.LND.AGRI.ZS,Agricultural land (% of land area),land,SOM,1961,69.9859725188893,% of land area,,source_reported,WDI_AG.LND.AGRI.ZS,2026-07-13,https://api.worldbank.org/v2/country/SOM/indicator/AG.LND.AGRI.ZS?format=json&per_page=1000&date=1960:2025&source=2
AG.LND.AGRI.ZS,Agricultural land (% of land area),land,SOM,1962,69.9939426786113,% of land area,,source_reported,WDI_AG.LND.AGRI.ZS,2026-07-13,https://api.worldbank.org/v2/country/SOM/indicator/AG.LND.AGRI.ZS?format=json&per_page=1000&date=1960:2025&source=2
AG.LND.AGRI.ZS,Agricultural land (% of land area),land,SOM,1963,70.0019128383333,% of land area,,source_reported,WDI_AG.LND.AGRI.ZS,2026-07-13,https://api.worldbank.org/v2/country/SOM/indicator/AG.LND.AGRI.ZS?format=json&per_page=1000&date=1960:2025&source=2
AG.LND.AGRI.ZS,Agricultural land (% of land area),land,SOM,1964,70.0098829980553,% of land area,,source_reported,WDI_AG.LND.AGRI.ZS,2026-07-13,https://api.worldbank.org/v2/country/SOM/indicator/AG.LND.AGRI.ZS?format=json&per_page=1000&date=1960:2025&source=2
AG.LND.AGRI.ZS,Agricultural land (% of land area),land,SOM,1965,70.0178531577773,% of land area,,source_reported,WDI_AG.LND.AGRI.ZS,2026-07-13,https://api.worldbank.org/v2/country/SOM/indicator/AG.LND.AGRI.ZS?format=json&per_page=1000&date=1960:2025&source=2
AG.LND.AGRI.ZS,Agricultural land (% of land area),land,SOM,1966,70.0258233174993,% of land area,,source_reported,WDI_AG.LND.AGRI.ZS,2026-07-13,https://api.worldbank.org/v2/country/SOM/indicator/AG.LND.AGRI.ZS?format=json&per_page=1000&date=1960:2025&source=2
AG.LND.AGRI.ZS,Agricultural land (% of land area),land,SOM,1967,70.0337934772213,% of land area,,source_reported,WDI_AG.LND.AGRI.ZS,2026-07-13,https://api.worldbank.org/v2/country/SOM/indicator/AG.LND.AGRI.ZS?format=json&per_page=1000&date=1960:2025&source=2
AG.LND.AGRI.ZS,Agricultural land (% of land area),land,SOM,1968,70.0417636369433,% of land area,,source_reported,WDI_AG.LND.AGRI.ZS,2026-07-13,https://api.worldbank.org/v2/country/SOM/indicator/AG.LND.AGRI.ZS?format=json&per_page=1000&date=1960:2025&source=2
AG.LND.AGRI.ZS,Agricultural land (% of land area),land,SOM,1969,70.0497337966653,% of land area,,source_reported,WDI_AG.LND.AGRI.ZS,2026-07-13,https://api.worldbank.org/v2/country/SOM/indicator/AG.LND.AGRI.ZS?format=json&per_page=1000&date=1960:2025&source=2
AG.LND.AGRI.ZS,Agricultural land (% of land area),land,SOM,1970,70.0577039563873,% of land area,,source_reported,WDI_AG.LND.AGRI.ZS,2026-07-13,https://api.worldbank.org/v2/country/SOM/indicator/AG.LND.AGRI.ZS?format=json&per_page=1000&date=1960:2025&source=2
AG.LND.AGRI.ZS,Agricultural land (% of land area),land,SOM,1971,70.0656741161093,% of land area,,source_reported,WDI_AG.LND.AGRI.ZS,2026-07-13,https://api.worldbank.org/v2/country/SOM/indicator/AG.LND.AGRI.ZS?format=json&per_page=1000&date=1960:2025&source=2
AG.LND.AGRI.ZS,Agricultural land (% of land area),land,SOM,1972,70.0736442758313,% of land area,,source_reported,WDI_AG.LND.AGRI.ZS,2026-07-13,https://api.worldbank.org/v2/country/SOM/indicator/AG.LND.AGRI.ZS?format=json&per_page=1000&date=1960:2025&source=2
AG.LND.AGRI.ZS,Agricultural land (% of land area),land,SOM,1973,70.0816144355533,% of land area,,source_reported,WDI_AG.LND.AGRI.ZS,2026-07-13,https://api.worldbank.org/v2/country/SOM/indicator/AG.LND.AGRI.ZS?format=json&per_page=1000&date=1960:2025&source=2
AG.LND.AGRI.ZS,Agricultural land (% of land area),land,SOM,1974,70.0895845952753,% of land area,,source_reported,WDI_AG.LND.AGRI.ZS,2026-07-13,https://api.worldbank.org/v2/country/SOM/indicator/AG.LND.AGRI.ZS?format=json&per_page=1000&date=1960:2025&source=2
AG.LND.AGRI.ZS,Agricultural land (% of land area),land,SOM,1975,70.0975547549973,% of land area,,source_reported,WDI_AG.LND.AGRI.ZS,2026-07-13,https://api.worldbank.org/v2/country/SOM/indicator/AG.LND.AGRI.ZS?format=json&per_page=1000&date=1960:2025&source=2
AG.LND.AGRI.ZS,Agricultural land (% of land area),land,SOM,1976,70.1055249147193,% of land area,,source_reported,WDI_AG.LND.AGRI.ZS,2026-07-13,https://api.worldbank.org/v2/country/SOM/indicator/AG.LND.AGRI.ZS?format=json&per_page=1000&date=1960:2025&source=2
AG.LND.AGRI.ZS,Agricultural land (% of land area),land,SOM,1977,70.1134950744413,% of land area,,source_reported,WDI_AG.LND.AGRI.ZS,2026-07-13,https://api.worldbank.org/v2/country/SOM/indicator/AG.LND.AGRI.ZS?format=json&per_page=1000&date=1960:2025&source=2
AG.LND.AGRI.ZS,Agricultural land (% of land area),land,SOM,1978,70.1214652341633,% of land area,,source_reported,WDI_AG.LND.AGRI.ZS,2026-07-13,https://api.worldbank.org/v2/country/SOM/indicator/AG.LND.AGRI.ZS?format=json&per_page=1000&date=1960:2025&source=2
AG.LND.AGRI.ZS,Agricultural land (% of land area),land,SOM,1979,70.1294353938853,% of land area,,source_reported,WDI_AG.LND.AGRI.ZS,2026-07-13,https://api.worldbank.org/v2/country/SOM/indicator/AG.LND.AGRI.ZS?format=json&per_page=1000&date=1960:2025&source=2
AG.LND.AGRI.ZS,Agricultural land (% of land area),land,SOM,1980,70.1374055536073,% of land area,,source_reported,WDI_AG.LND.AGRI.ZS,2026-07-13,https://api.worldbank.org/v2/country/SOM/indicator/AG.LND.AGRI.ZS?format=json&per_page=1000&date=1960:2025&source=2
AG.LND.AGRI.ZS,Agricultural land (% of land area),land,SOM,1981,70.1453757133293,% of land area,,source_reported,WDI_AG.LND.AGRI.ZS,2026-07-13,https://api.worldbank.org/v2/country/SOM/indicator/AG.LND.AGRI.ZS?format=json&per_page=1000&date=1960:2025&source=2
AG.LND.AGRI.ZS,Agricultural land (% of land area),land,SOM,1982,70.1533458730513,% of land area,,source_reported,WDI_AG.LND.AGRI.ZS,2026-07-13,https://api.worldbank.org/v2/country/SOM/indicator/AG.LND.AGRI.ZS?format=json&per_page=1000&date=1960:2025&source=2
AG.LND.AGRI.ZS,Agricultural land (% of land area),land,SOM,1983,70.1613160327733,% of land area,,source_reported,WDI_AG.LND.AGRI.ZS,2026-07-13,https://api.worldbank.org/v2/country/SOM/indicator/AG.LND.AGRI.ZS?format=json&per_page=1000&date=1960:2025&source=2
AG.LND.AGRI.ZS,Agricultural land (% of land area),land,SOM,1984,70.1692861924953,% of land area,,source_reported,WDI_AG.LND.AGRI.ZS,2026-07-13,https://api.worldbank.org/v2/country/SOM/indicator/AG.LND.AGRI.ZS?format=json&per_page=1000&date=1960:2025&source=2
AG.LND.AGRI.ZS,Agricultural land (% of land area),land,SOM,1985,70.1772563522173,% of land area,,source_reported,WDI_AG.LND.AGRI.ZS,2026-07-13,https://api.worldbank.org/v2/country/SOM/indicator/AG.LND.AGRI.ZS?format=json&per_page=1000&date=1960:2025&source=2
AG.LND.AGRI.ZS,Agricultural land (% of land area),land,SOM,1986,70.1852265119393,% of land area,,source_reported,WDI_AG.LND.AGRI.ZS,2026-07-13,https://api.worldbank.org/v2/country/SOM/indicator/AG.LND.AGRI.ZS?format=json&per_page=1000&date=1960:2025&source=2
AG.LND.AGRI.ZS,Agricultural land (% of land area),land,SOM,1987,70.1931966716613,% of land area,,source_reported,WDI_AG.LND.AGRI.ZS,2026-07-13,https://api.worldbank.org/v2/country/SOM/indicator/AG.LND.AGRI.ZS?format=json&per_page=1000&date=1960:2025&source=2
AG.LND.AGRI.ZS,Agricultural land (% of land area),land,SOM,1988,70.1995727994389,% of land area,,source_reported,WDI_AG.LND.AGRI.ZS,2026-07-13,https://api.worldbank.org/v2/country/SOM/indicator/AG.LND.AGRI.ZS?format=json&per_page=1000&date=1960:2025&source=2
AG.LND.AGRI.ZS,Agricultural land (% of land area),land,SOM,1989,70.2011668313833,% of land area,,source_reported,WDI_AG.LND.AGRI.ZS,2026-07-13,https://api.worldbank.org/v2/country/SOM/indicator/AG.LND.AGRI.ZS?format=json&per_page=1000&date=1960:2025&source=2
AG.LND.AGRI.ZS,Agricultural land (% of land area),land,SOM,1990,70.2043548952721,% of land area,,source_reported,WDI_AG.LND.AGRI.ZS,2026-07-13,https://api.worldbank.org/v2/country/SOM/indicator/AG.LND.AGRI.ZS?format=json&per_page=1000&date=1960:2025&source=2
AG.LND.AGRI.ZS,Agricultural land (% of land area),land,SOM,1991,70.2043548952721,% of land area,,source_reported,WDI_AG.LND.AGRI.ZS,2026-07-13,https://api.worldbank.org/v2/country/SOM/indicator/AG.LND.AGRI.ZS?format=json&per_page=1000&date=1960:2025&source=2
AG.LND.AGRI.ZS,Agricultural land (% of land area),land,SOM,1992,70.2059489272165,% of land area,,source_reported,WDI_AG.LND.AGRI.ZS,2026-07-13,https://api.worldbank.org/v2/country/SOM/indicator/AG.LND.AGRI.ZS?format=json&per_page=1000&date=1960:2025&source=2
AG.LND.AGRI.ZS,Agricultural land (% of land area),land,SOM,1993,70.2075429591609,% of land area,,source_reported,WDI_AG.LND.AGRI.ZS,2026-07-13,https://api.worldbank.org/v2/country/SOM/indicator/AG.LND.AGRI.ZS?format=json&per_page=1000&date=1960:2025&source=2
AG.LND.AGRI.ZS,Agricultural land (% of land area),land,SOM,1994,70.2171071508273,% of land area,,source_reported,WDI_AG.LND.AGRI.ZS,2026-07-13,https://api.worldbank.org/v2/country/SOM/indicator/AG.LND.AGRI.ZS?format=json&per_page=1000&date=1960:2025&source=2
AG.LND.AGRI.ZS,Agricultural land (% of land area),land,SOM,1995,70.2266713424937,% of land area,,source_reported,WDI_AG.LND.AGRI.ZS,2026-07-13,https://api.worldbank.org/v2/country/SOM/indicator/AG.LND.AGRI.ZS?format=json&per_page=1000&date=1960:2025&source=2
AG.LND.AGRI.ZS,Agricultural land (% of land area),land,SOM,1996,70.2346415022157,% of land area,,source_reported,WDI_AG.LND.AGRI.ZS,2026-07-13,https://api.worldbank.org/v2/country/SOM/indicator/AG.LND.AGRI.ZS?format=json&per_page=1000&date=1960:2025&source=2
AG.LND.AGRI.ZS,Agricultural land (% of land area),land,SOM,1997,70.2426116619377,% of land area,,source_reported,WDI_AG.LND.AGRI.ZS,2026-07-13,https://api.worldbank.org/v2/country/SOM/indicator/AG.LND.AGRI.ZS?format=json&per_page=1000&date=1960:2025&source=2
AG.LND.AGRI.ZS,Agricultural land (% of land area),land,SOM,1998,70.2442056938821,% of land area,,source_reported,WDI_AG.LND.AGRI.ZS,2026-07-13,https://api.worldbank.org/v2/country/SOM/indicator/AG.LND.AGRI.ZS?format=json&per_page=1000&date=1960:2025&source=2
AG.LND.AGRI.ZS,Agricultural land (% of land area),land,SOM,1999,70.2442056938821,% of land area,,source_reported,WDI_AG.LND.AGRI.ZS,2026-07-13,https://api.worldbank.org/v2/country/SOM/indicator/AG.LND.AGRI.ZS?format=json&per_page=1000&date=1960:2025&source=2
AG.LND.AGRI.ZS,Agricultural land (% of land area),land,SOM,2000,70.2442056938821,% of land area,,source_reported,WDI_AG.LND.AGRI.ZS,2026-07-13,https://api.worldbank.org/v2/country/SOM/indicator/AG.LND.AGRI.ZS?format=json&per_page=1000&date=1960:2025&source=2
AG.LND.AGRI.ZS,Agricultural land (% of land area),land,SOM,2001,70.2505818216597,% of land area,,source_reported,WDI_AG.LND.AGRI.ZS,2026-07-13,https://api.worldbank.org/v2/country/SOM/indicator/AG.LND.AGRI.ZS?format=json&per_page=1000&date=1960:2025&source=2
AG.LND.AGRI.ZS,Agricultural land (% of land area),land,SOM,2002,70.2808684286033,% of land area,,source_reported,WDI_AG.LND.AGRI.ZS,2026-07-13,https://api.worldbank.org/v2/country/SOM/indicator/AG.LND.AGRI.ZS?format=json&per_page=1000&date=1960:2025&source=2
AG.LND.AGRI.ZS,Agricultural land (% of land area),land,SOM,2003,70.3111550355469,% of land area,,source_reported,WDI_AG.LND.AGRI.ZS,2026-07-13,https://api.worldbank.org/v2/country/SOM/indicator/AG.LND.AGRI.ZS?format=json&per_page=1000&date=1960:2025&source=2
AG.LND.AGRI.ZS,Agricultural land (% of land area),land,SOM,2004,70.3876685688781,% of land area,,source_reported,WDI_AG.LND.AGRI.ZS,2026-07-13,https://api.worldbank.org/v2/country/SOM/indicator/AG.LND.AGRI.ZS?format=json&per_page=1000&date=1960:2025&source=2
AG.LND.AGRI.ZS,Agricultural land (% of land area),land,SOM,2005,70.3382535786017,% of land area,,source_reported,WDI_AG.LND.AGRI.ZS,2026-07-13,https://api.worldbank.org/v2/country/SOM/indicator/AG.LND.AGRI.ZS?format=json&per_page=1000&date=1960:2025&source=2
AG.LND.AGRI.ZS,Agricultural land (% of land area),land,SOM,2006,70.2585519813817,% of land area,,source_reported,WDI_AG.LND.AGRI.ZS,2026-07-13,https://api.worldbank.org/v2/country/SOM/indicator/AG.LND.AGRI.ZS?format=json&per_page=1000&date=1960:2025&source=2
AG.LND.AGRI.ZS,Agricultural land (% of land area),land,SOM,2007,70.1788503841617,% of land area,,source_reported,WDI_AG.LND.AGRI.ZS,2026-07-13,https://api.worldbank.org/v2/country/SOM/indicator/AG.LND.AGRI.ZS?format=json&per_page=1000&date=1960:2025&source=2
AG.LND.AGRI.ZS,Agricultural land (% of land area),land,SOM,2008,70.3382535786017,% of land area,,source_reported,WDI_AG.LND.AGRI.ZS,2026-07-13,https://api.worldbank.org/v2/country/SOM/indicator/AG.LND.AGRI.ZS?format=json&per_page=1000&date=1960:2025&source=2
AG.LND.AGRI.ZS,Agricultural land (% of land area),land,SOM,2009,70.3382535786017,% of land area,,source_reported,WDI_AG.LND.AGRI.ZS,2026-07-13,https://api.worldbank.org/v2/country/SOM/indicator/AG.LND.AGRI.ZS?format=json&per_page=1000&date=1960:2025&source=2
AG.LND.AGRI.ZS,Agricultural land (% of land area),land,SOM,2010,70.3382535786017,% of land area,,source_reported,WDI_AG.LND.AGRI.ZS,2026-07-13,https://api.worldbank.org/v2/country/SOM/indicator/AG.LND.AGRI.ZS?format=json&per_page=1000&date=1960:2025&source=2
AG.LND.AGRI.ZS,Agricultural land (% of land area),land,SOM,2011,70.1788503841617,% of land area,,source_reported,WDI_AG.LND.AGRI.ZS,2026-07-13,https://api.worldbank.org/v2/country/SOM/indicator/AG.LND.AGRI.ZS?format=json&per_page=1000&date=1960:2025&source=2
AG.LND.AGRI.ZS,Agricultural land (% of land area),land,SOM,2012,70.1788503841617,% of land area,,source_reported,WDI_AG.LND.AGRI.ZS,2026-07-13,https://api.worldbank.org/v2/country/SOM/indicator/AG.LND.AGRI.ZS?format=json&per_page=1000&date=1960:2025&source=2
AG.LND.AGRI.ZS,Agricultural land (% of land area),land,SOM,2013,70.3382535786017,% of land area,,source_reported,WDI_AG.LND.AGRI.ZS,2026-07-13,https://api.worldbank.org/v2/country/SOM/indicator/AG.LND.AGRI.ZS?format=json&per_page=1000&date=1960:2025&source=2
AG.LND.AGRI.ZS,Agricultural land (% of land area),land,SOM,2014,70.3382535786017,% of land area,,source_reported,WDI_AG.LND.AGRI.ZS,2026-07-13,https://api.worldbank.org/v2/country/SOM/indicator/AG.LND.AGRI.ZS?format=json&per_page=1000&date=1960:2025&source=2
AG.LND.AGRI.ZS,Agricultural land (% of land area),land,SOM,2015,70.3382535786017,% of land area,,source_reported,WDI_AG.LND.AGRI.ZS,2026-07-13,https://api.worldbank.org/v2/country/SOM/indicator/AG.LND.AGRI.ZS?format=json&per_page=1000&date=1960:2025&source=2
AG.LND.AGRI.ZS,Agricultural land (% of land area),land,SOM,2016,70.3382535786017,% of land area,,source_reported,WDI_AG.LND.AGRI.ZS,2026-07-13,https://api.worldbank.org/v2/country/SOM/indicator/AG.LND.AGRI.ZS?format=json&per_page=1000&date=1960:2025&source=2
AG.LND.AGRI.ZS,Agricultural land (% of land area),land,SOM,2017,70.3393694009628,% of land area,,source_reported,WDI_AG.LND.AGRI.ZS,2026-07-13,https://api.worldbank.org/v2/country/SOM/indicator/AG.LND.AGRI.ZS?format=json&per_page=1000&date=1960:2025&source=2
AG.LND.AGRI.ZS,Agricultural land (% of land area),land,SOM,2018,70.3392099977684,% of land area,,source_reported,WDI_AG.LND.AGRI.ZS,2026-07-13,https://api.worldbank.org/v2/country/SOM/indicator/AG.LND.AGRI.ZS?format=json&per_page=1000&date=1960:2025&source=2
AG.LND.AGRI.ZS,Agricultural land (% of land area),land,SOM,2019,70.3412822392961,% of land area,,source_reported,WDI_AG.LND.AGRI.ZS,2026-07-13,https://api.worldbank.org/v2/country/SOM/indicator/AG.LND.AGRI.ZS?format=json&per_page=1000&date=1960:2025&source=2
AG.LND.AGRI.ZS,Agricultural land (% of land area),land,SOM,2020,70.341601045685,% of land area,,source_reported,WDI_AG.LND.AGRI.ZS,2026-07-13,https://api.worldbank.org/v2/country/SOM/indicator/AG.LND.AGRI.ZS?format=json&per_page=1000&date=1960:2025&source=2
AG.LND.AGRI.ZS,Agricultural land (% of land area),land,SOM,2021,70.3414416424905,% of land area,,source_reported,WDI_AG.LND.AGRI.ZS,2026-07-13,https://api.worldbank.org/v2/country/SOM/indicator/AG.LND.AGRI.ZS?format=json&per_page=1000&date=1960:2025&source=2
AG.LND.AGRI.ZS,Agricultural land (% of land area),land,SOM,2022,70.3430356744349,% of land area,,source_reported,WDI_AG.LND.AGRI.ZS,2026-07-13,https://api.worldbank.org/v2/country/SOM/indicator/AG.LND.AGRI.ZS?format=json&per_page=1000&date=1960:2025&source=2
AG.LND.AGRI.ZS,Agricultural land (% of land area),land,SOM,2023,70.3433544808238,% of land area,,source_reported,WDI_AG.LND.AGRI.ZS,2026-07-13,https://api.worldbank.org/v2/country/SOM/indicator/AG.LND.AGRI.ZS?format=json&per_page=1000&date=1960:2025&source=2
AG.LND.AGRI.ZS,Agricultural land (% of land area),land,SOM,2024,,% of land area,,missing,WDI_AG.LND.AGRI.ZS,2026-07-13,https://api.worldbank.org/v2/country/SOM/indicator/AG.LND.AGRI.ZS?format=json&per_page=1000&date=1960:2025&source=2
AG.LND.AGRI.ZS,Agricultural land (% of land area),land,SOM,2025,,% of land area,,missing,WDI_AG.LND.AGRI.ZS,2026-07-13,https://api.worldbank.org/v2/country/SOM/indicator/AG.LND.AGRI.ZS?format=json&per_page=1000&date=1960:2025&source=2
AG.LND.ARBL.ZS,Arable land (% of land area),land,SOM,1960,,% of land area,,missing,WDI_AG.LND.ARBL.ZS,2026-07-13,https://api.worldbank.org/v2/country/SOM/indicator/AG.LND.ARBL.ZS?format=json&per_page=1000&date=1960:2025&source=2
AG.LND.ARBL.ZS,Arable land (% of land area),land,SOM,1961,1.42028246246055,% of land area,,source_reported,WDI_AG.LND.ARBL.ZS,2026-07-13,https://api.worldbank.org/v2/country/SOM/indicator/AG.LND.ARBL.ZS?format=json&per_page=1000&date=1960:2025&source=2
AG.LND.ARBL.ZS,Arable land (% of land area),land,SOM,1962,1.42825262218255,% of land area,,source_reported,WDI_AG.LND.ARBL.ZS,2026-07-13,https://api.worldbank.org/v2/country/SOM/indicator/AG.LND.ARBL.ZS?format=json&per_page=1000&date=1960:2025&source=2
AG.LND.ARBL.ZS,Arable land (% of land area),land,SOM,1963,1.43622278190455,% of land area,,source_reported,WDI_AG.LND.ARBL.ZS,2026-07-13,https://api.worldbank.org/v2/country/SOM/indicator/AG.LND.ARBL.ZS?format=json&per_page=1000&date=1960:2025&source=2
AG.LND.ARBL.ZS,Arable land (% of land area),land,SOM,1964,1.44419294162655,% of land area,,source_reported,WDI_AG.LND.ARBL.ZS,2026-07-13,https://api.worldbank.org/v2/country/SOM/indicator/AG.LND.ARBL.ZS?format=json&per_page=1000&date=1960:2025&source=2
AG.LND.ARBL.ZS,Arable land (% of land area),land,SOM,1965,1.45216310134855,% of land area,,source_reported,WDI_AG.LND.ARBL.ZS,2026-07-13,https://api.worldbank.org/v2/country/SOM/indicator/AG.LND.ARBL.ZS?format=json&per_page=1000&date=1960:2025&source=2
AG.LND.ARBL.ZS,Arable land (% of land area),land,SOM,1966,1.46013326107055,% of land area,,source_reported,WDI_AG.LND.ARBL.ZS,2026-07-13,https://api.worldbank.org/v2/country/SOM/indicator/AG.LND.ARBL.ZS?format=json&per_page=1000&date=1960:2025&source=2
AG.LND.ARBL.ZS,Arable land (% of land area),land,SOM,1967,1.46810342079255,% of land area,,source_reported,WDI_AG.LND.ARBL.ZS,2026-07-13,https://api.worldbank.org/v2/country/SOM/indicator/AG.LND.ARBL.ZS?format=json&per_page=1000&date=1960:2025&source=2
AG.LND.ARBL.ZS,Arable land (% of land area),land,SOM,1968,1.47607358051455,% of land area,,source_reported,WDI_AG.LND.ARBL.ZS,2026-07-13,https://api.worldbank.org/v2/country/SOM/indicator/AG.LND.ARBL.ZS?format=json&per_page=1000&date=1960:2025&source=2
AG.LND.ARBL.ZS,Arable land (% of land area),land,SOM,1969,1.48404374023655,% of land area,,source_reported,WDI_AG.LND.ARBL.ZS,2026-07-13,https://api.worldbank.org/v2/country/SOM/indicator/AG.LND.ARBL.ZS?format=json&per_page=1000&date=1960:2025&source=2
AG.LND.ARBL.ZS,Arable land (% of land area),land,SOM,1970,1.49201389995856,% of land area,,source_reported,WDI_AG.LND.ARBL.ZS,2026-07-13,https://api.worldbank.org/v2/country/SOM/indicator/AG.LND.ARBL.ZS?format=json&per_page=1000&date=1960:2025&source=2
AG.LND.ARBL.ZS,Arable land (% of land area),land,SOM,1971,1.49998405968056,% of land area,,source_reported,WDI_AG.LND.ARBL.ZS,2026-07-13,https://api.worldbank.org/v2/country/SOM/indicator/AG.LND.ARBL.ZS?format=json&per_page=1000&date=1960:2025&source=2
AG.LND.ARBL.ZS,Arable land (% of land area),land,SOM,1972,1.50795421940256,% of land area,,source_reported,WDI_AG.LND.ARBL.ZS,2026-07-13,https://api.worldbank.org/v2/country/SOM/indicator/AG.LND.ARBL.ZS?format=json&per_page=1000&date=1960:2025&source=2
AG.LND.ARBL.ZS,Arable land (% of land area),land,SOM,1973,1.51592437912456,% of land area,,source_reported,WDI_AG.LND.ARBL.ZS,2026-07-13,https://api.worldbank.org/v2/country/SOM/indicator/AG.LND.ARBL.ZS?format=json&per_page=1000&date=1960:2025&source=2
AG.LND.ARBL.ZS,Arable land (% of land area),land,SOM,1974,1.52230050690216,% of land area,,source_reported,WDI_AG.LND.ARBL.ZS,2026-07-13,https://api.worldbank.org/v2/country/SOM/indicator/AG.LND.ARBL.ZS?format=json&per_page=1000&date=1960:2025&source=2
AG.LND.ARBL.ZS,Arable land (% of land area),land,SOM,1975,1.53027066662416,% of land area,,source_reported,WDI_AG.LND.ARBL.ZS,2026-07-13,https://api.worldbank.org/v2/country/SOM/indicator/AG.LND.ARBL.ZS?format=json&per_page=1000&date=1960:2025&source=2
AG.LND.ARBL.ZS,Arable land (% of land area),land,SOM,1976,1.53824082634616,% of land area,,source_reported,WDI_AG.LND.ARBL.ZS,2026-07-13,https://api.worldbank.org/v2/country/SOM/indicator/AG.LND.ARBL.ZS?format=json&per_page=1000&date=1960:2025&source=2
AG.LND.ARBL.ZS,Arable land (% of land area),land,SOM,1977,1.54461695412376,% of land area,,source_reported,WDI_AG.LND.ARBL.ZS,2026-07-13,https://api.worldbank.org/v2/country/SOM/indicator/AG.LND.ARBL.ZS?format=json&per_page=1000&date=1960:2025&source=2
AG.LND.ARBL.ZS,Arable land (% of land area),land,SOM,1978,1.55258711384576,% of land area,,source_reported,WDI_AG.LND.ARBL.ZS,2026-07-13,https://api.worldbank.org/v2/country/SOM/indicator/AG.LND.ARBL.ZS?format=json&per_page=1000&date=1960:2025&source=2
AG.LND.ARBL.ZS,Arable land (% of land area),land,SOM,1979,1.56055727356776,% of land area,,source_reported,WDI_AG.LND.ARBL.ZS,2026-07-13,https://api.worldbank.org/v2/country/SOM/indicator/AG.LND.ARBL.ZS?format=json&per_page=1000&date=1960:2025&source=2
AG.LND.ARBL.ZS,Arable land (% of land area),land,SOM,1980,1.56852743328976,% of land area,,source_reported,WDI_AG.LND.ARBL.ZS,2026-07-13,https://api.worldbank.org/v2/country/SOM/indicator/AG.LND.ARBL.ZS?format=json&per_page=1000&date=1960:2025&source=2
AG.LND.ARBL.ZS,Arable land (% of land area),land,SOM,1981,1.57649759301176,% of land area,,source_reported,WDI_AG.LND.ARBL.ZS,2026-07-13,https://api.worldbank.org/v2/country/SOM/indicator/AG.LND.ARBL.ZS?format=json&per_page=1000&date=1960:2025&source=2
AG.LND.ARBL.ZS,Arable land (% of land area),land,SOM,1982,1.58446775273376,% of land area,,source_reported,WDI_AG.LND.ARBL.ZS,2026-07-13,https://api.worldbank.org/v2/country/SOM/indicator/AG.LND.ARBL.ZS?format=json&per_page=1000&date=1960:2025&source=2
AG.LND.ARBL.ZS,Arable land (% of land area),land,SOM,1983,1.59243791245577,% of land area,,source_reported,WDI_AG.LND.ARBL.ZS,2026-07-13,https://api.worldbank.org/v2/country/SOM/indicator/AG.LND.ARBL.ZS?format=json&per_page=1000&date=1960:2025&source=2
AG.LND.ARBL.ZS,Arable land (% of land area),land,SOM,1984,1.60040807217777,% of land area,,source_reported,WDI_AG.LND.ARBL.ZS,2026-07-13,https://api.worldbank.org/v2/country/SOM/indicator/AG.LND.ARBL.ZS?format=json&per_page=1000&date=1960:2025&source=2
AG.LND.ARBL.ZS,Arable land (% of land area),land,SOM,1985,1.60837823189977,% of land area,,source_reported,WDI_AG.LND.ARBL.ZS,2026-07-13,https://api.worldbank.org/v2/country/SOM/indicator/AG.LND.ARBL.ZS?format=json&per_page=1000&date=1960:2025&source=2
AG.LND.ARBL.ZS,Arable land (% of land area),land,SOM,1986,1.61634839162177,% of land area,,source_reported,WDI_AG.LND.ARBL.ZS,2026-07-13,https://api.worldbank.org/v2/country/SOM/indicator/AG.LND.ARBL.ZS?format=json&per_page=1000&date=1960:2025&source=2
AG.LND.ARBL.ZS,Arable land (% of land area),land,SOM,1987,1.62272451939937,% of land area,,source_reported,WDI_AG.LND.ARBL.ZS,2026-07-13,https://api.worldbank.org/v2/country/SOM/indicator/AG.LND.ARBL.ZS?format=json&per_page=1000&date=1960:2025&source=2
AG.LND.ARBL.ZS,Arable land (% of land area),land,SOM,1988,1.62750661523257,% of land area,,source_reported,WDI_AG.LND.ARBL.ZS,2026-07-13,https://api.worldbank.org/v2/country/SOM/indicator/AG.LND.ARBL.ZS?format=json&per_page=1000&date=1960:2025&source=2
AG.LND.ARBL.ZS,Arable land (% of land area),land,SOM,1989,1.62750661523257,% of land area,,source_reported,WDI_AG.LND.ARBL.ZS,2026-07-13,https://api.worldbank.org/v2/country/SOM/indicator/AG.LND.ARBL.ZS?format=json&per_page=1000&date=1960:2025&source=2
AG.LND.ARBL.ZS,Arable land (% of land area),land,SOM,1990,1.62910064717697,% of land area,,source_reported,WDI_AG.LND.ARBL.ZS,2026-07-13,https://api.worldbank.org/v2/country/SOM/indicator/AG.LND.ARBL.ZS?format=json&per_page=1000&date=1960:2025&source=2
AG.LND.ARBL.ZS,Arable land (% of land area),land,SOM,1991,1.62910064717697,% of land area,,source_reported,WDI_AG.LND.ARBL.ZS,2026-07-13,https://api.worldbank.org/v2/country/SOM/indicator/AG.LND.ARBL.ZS?format=json&per_page=1000&date=1960:2025&source=2
AG.LND.ARBL.ZS,Arable land (% of land area),land,SOM,1992,1.63069467912137,% of land area,,source_reported,WDI_AG.LND.ARBL.ZS,2026-07-13,https://api.worldbank.org/v2/country/SOM/indicator/AG.LND.ARBL.ZS?format=json&per_page=1000&date=1960:2025&source=2
AG.LND.ARBL.ZS,Arable land (% of land area),land,SOM,1993,1.63228871106577,% of land area,,source_reported,WDI_AG.LND.ARBL.ZS,2026-07-13,https://api.worldbank.org/v2/country/SOM/indicator/AG.LND.ARBL.ZS?format=json&per_page=1000&date=1960:2025&source=2
AG.LND.ARBL.ZS,Arable land (% of land area),land,SOM,1994,1.64185290273217,% of land area,,source_reported,WDI_AG.LND.ARBL.ZS,2026-07-13,https://api.worldbank.org/v2/country/SOM/indicator/AG.LND.ARBL.ZS?format=json&per_page=1000&date=1960:2025&source=2
AG.LND.ARBL.ZS,Arable land (% of land area),land,SOM,1995,1.64982306245417,% of land area,,source_reported,WDI_AG.LND.ARBL.ZS,2026-07-13,https://api.worldbank.org/v2/country/SOM/indicator/AG.LND.ARBL.ZS?format=json&per_page=1000&date=1960:2025&source=2
AG.LND.ARBL.ZS,Arable land (% of land area),land,SOM,1996,1.65619919023177,% of land area,,source_reported,WDI_AG.LND.ARBL.ZS,2026-07-13,https://api.worldbank.org/v2/country/SOM/indicator/AG.LND.ARBL.ZS?format=json&per_page=1000&date=1960:2025&source=2
AG.LND.ARBL.ZS,Arable land (% of land area),land,SOM,1997,1.66257531800937,% of land area,,source_reported,WDI_AG.LND.ARBL.ZS,2026-07-13,https://api.worldbank.org/v2/country/SOM/indicator/AG.LND.ARBL.ZS?format=json&per_page=1000&date=1960:2025&source=2
AG.LND.ARBL.ZS,Arable land (% of land area),land,SOM,1998,1.66257531800937,% of land area,,source_reported,WDI_AG.LND.ARBL.ZS,2026-07-13,https://api.worldbank.org/v2/country/SOM/indicator/AG.LND.ARBL.ZS?format=json&per_page=1000&date=1960:2025&source=2
AG.LND.ARBL.ZS,Arable land (% of land area),land,SOM,1999,1.66257531800937,% of land area,,source_reported,WDI_AG.LND.ARBL.ZS,2026-07-13,https://api.worldbank.org/v2/country/SOM/indicator/AG.LND.ARBL.ZS?format=json&per_page=1000&date=1960:2025&source=2
AG.LND.ARBL.ZS,Arable land (% of land area),land,SOM,2000,1.66257531800937,% of land area,,source_reported,WDI_AG.LND.ARBL.ZS,2026-07-13,https://api.worldbank.org/v2/country/SOM/indicator/AG.LND.ARBL.ZS?format=json&per_page=1000&date=1960:2025&source=2
AG.LND.ARBL.ZS,Arable land (% of land area),land,SOM,2001,1.66576338189817,% of land area,,source_reported,WDI_AG.LND.ARBL.ZS,2026-07-13,https://api.worldbank.org/v2/country/SOM/indicator/AG.LND.ARBL.ZS?format=json&per_page=1000&date=1960:2025&source=2
AG.LND.ARBL.ZS,Arable land (% of land area),land,SOM,2002,1.69604998884178,% of land area,,source_reported,WDI_AG.LND.ARBL.ZS,2026-07-13,https://api.worldbank.org/v2/country/SOM/indicator/AG.LND.ARBL.ZS?format=json&per_page=1000&date=1960:2025&source=2
AG.LND.ARBL.ZS,Arable land (% of land area),land,SOM,2003,1.72633659578538,% of land area,,source_reported,WDI_AG.LND.ARBL.ZS,2026-07-13,https://api.worldbank.org/v2/country/SOM/indicator/AG.LND.ARBL.ZS?format=json&per_page=1000&date=1960:2025&source=2
AG.LND.ARBL.ZS,Arable land (% of land area),land,SOM,2004,1.80125609717219,% of land area,,source_reported,WDI_AG.LND.ARBL.ZS,2026-07-13,https://api.worldbank.org/v2/country/SOM/indicator/AG.LND.ARBL.ZS?format=json&per_page=1000&date=1960:2025&source=2
AG.LND.ARBL.ZS,Arable land (% of land area),land,SOM,2005,1.75343513884018,% of land area,,source_reported,WDI_AG.LND.ARBL.ZS,2026-07-13,https://api.worldbank.org/v2/country/SOM/indicator/AG.LND.ARBL.ZS?format=json&per_page=1000&date=1960:2025&source=2
AG.LND.ARBL.ZS,Arable land (% of land area),land,SOM,2006,1.67373354162017,% of land area,,source_reported,WDI_AG.LND.ARBL.ZS,2026-07-13,https://api.worldbank.org/v2/country/SOM/indicator/AG.LND.ARBL.ZS?format=json&per_page=1000&date=1960:2025&source=2
AG.LND.ARBL.ZS,Arable land (% of land area),land,SOM,2007,1.59403194440017,% of land area,,source_reported,WDI_AG.LND.ARBL.ZS,2026-07-13,https://api.worldbank.org/v2/country/SOM/indicator/AG.LND.ARBL.ZS?format=json&per_page=1000&date=1960:2025&source=2
AG.LND.ARBL.ZS,Arable land (% of land area),land,SOM,2008,1.75343513884018,% of land area,,source_reported,WDI_AG.LND.ARBL.ZS,2026-07-13,https://api.worldbank.org/v2/country/SOM/indicator/AG.LND.ARBL.ZS?format=json&per_page=1000&date=1960:2025&source=2
AG.LND.ARBL.ZS,Arable land (% of land area),land,SOM,2009,1.75343513884018,% of land area,,source_reported,WDI_AG.LND.ARBL.ZS,2026-07-13,https://api.worldbank.org/v2/country/SOM/indicator/AG.LND.ARBL.ZS?format=json&per_page=1000&date=1960:2025&source=2
AG.LND.ARBL.ZS,Arable land (% of land area),land,SOM,2010,1.75343513884018,% of land area,,source_reported,WDI_AG.LND.ARBL.ZS,2026-07-13,https://api.worldbank.org/v2/country/SOM/indicator/AG.LND.ARBL.ZS?format=json&per_page=1000&date=1960:2025&source=2
AG.LND.ARBL.ZS,Arable land (% of land area),land,SOM,2011,1.59403194440017,% of land area,,source_reported,WDI_AG.LND.ARBL.ZS,2026-07-13,https://api.worldbank.org/v2/country/SOM/indicator/AG.LND.ARBL.ZS?format=json&per_page=1000&date=1960:2025&source=2
AG.LND.ARBL.ZS,Arable land (% of land area),land,SOM,2012,1.59403194440017,% of land area,,source_reported,WDI_AG.LND.ARBL.ZS,2026-07-13,https://api.worldbank.org/v2/country/SOM/indicator/AG.LND.ARBL.ZS?format=json&per_page=1000&date=1960:2025&source=2
AG.LND.ARBL.ZS,Arable land (% of land area),land,SOM,2013,1.75343513884018,% of land area,,source_reported,WDI_AG.LND.ARBL.ZS,2026-07-13,https://api.worldbank.org/v2/country/SOM/indicator/AG.LND.ARBL.ZS?format=json&per_page=1000&date=1960:2025&source=2
AG.LND.ARBL.ZS,Arable land (% of land area),land,SOM,2014,1.75343513884018,% of land area,,source_reported,WDI_AG.LND.ARBL.ZS,2026-07-13,https://api.worldbank.org/v2/country/SOM/indicator/AG.LND.ARBL.ZS?format=json&per_page=1000&date=1960:2025&source=2
AG.LND.ARBL.ZS,Arable land (% of land area),land,SOM,2015,1.75343513884018,% of land area,,source_reported,WDI_AG.LND.ARBL.ZS,2026-07-13,https://api.worldbank.org/v2/country/SOM/indicator/AG.LND.ARBL.ZS?format=json&per_page=1000&date=1960:2025&source=2
AG.LND.ARBL.ZS,Arable land (% of land area),land,SOM,2016,1.75343513884018,% of land area,,source_reported,WDI_AG.LND.ARBL.ZS,2026-07-13,https://api.worldbank.org/v2/country/SOM/indicator/AG.LND.ARBL.ZS?format=json&per_page=1000&date=1960:2025&source=2
AG.LND.ARBL.ZS,Arable land (% of land area),land,SOM,2017,1.75343513884018,% of land area,,source_reported,WDI_AG.LND.ARBL.ZS,2026-07-13,https://api.worldbank.org/v2/country/SOM/indicator/AG.LND.ARBL.ZS?format=json&per_page=1000&date=1960:2025&source=2
AG.LND.ARBL.ZS,Arable land (% of land area),land,SOM,2018,1.75343513884018,% of land area,,source_reported,WDI_AG.LND.ARBL.ZS,2026-07-13,https://api.worldbank.org/v2/country/SOM/indicator/AG.LND.ARBL.ZS?format=json&per_page=1000&date=1960:2025&source=2
AG.LND.ARBL.ZS,Arable land (% of land area),land,SOM,2019,1.75343513884018,% of land area,,source_reported,WDI_AG.LND.ARBL.ZS,2026-07-13,https://api.worldbank.org/v2/country/SOM/indicator/AG.LND.ARBL.ZS?format=json&per_page=1000&date=1960:2025&source=2
AG.LND.ARBL.ZS,Arable land (% of land area),land,SOM,2020,1.75343513884018,% of land area,,source_reported,WDI_AG.LND.ARBL.ZS,2026-07-13,https://api.worldbank.org/v2/country/SOM/indicator/AG.LND.ARBL.ZS?format=json&per_page=1000&date=1960:2025&source=2
AG.LND.ARBL.ZS,Arable land (% of land area),land,SOM,2021,1.75343513884018,% of land area,,source_reported,WDI_AG.LND.ARBL.ZS,2026-07-13,https://api.worldbank.org/v2/country/SOM/indicator/AG.LND.ARBL.ZS?format=json&per_page=1000&date=1960:2025&source=2
AG.LND.ARBL.ZS,Arable land (% of land area),land,SOM,2022,1.75343513884018,% of land area,,source_reported,WDI_AG.LND.ARBL.ZS,2026-07-13,https://api.worldbank.org/v2/country/SOM/indicator/AG.LND.ARBL.ZS?format=json&per_page=1000&date=1960:2025&source=2
AG.LND.ARBL.ZS,Arable land (% of land area),land,SOM,2023,1.75343513884018,% of land area,,source_reported,WDI_AG.LND.ARBL.ZS,2026-07-13,https://api.worldbank.org/v2/country/SOM/indicator/AG.LND.ARBL.ZS?format=json&per_page=1000&date=1960:2025&source=2
AG.LND.ARBL.ZS,Arable land (% of land area),land,SOM,2024,,% of land area,,missing,WDI_AG.LND.ARBL.ZS,2026-07-13,https://api.worldbank.org/v2/country/SOM/indicator/AG.LND.ARBL.ZS?format=json&per_page=1000&date=1960:2025&source=2
AG.LND.ARBL.ZS,Arable land (% of land area),land,SOM,2025,,% of land area,,missing,WDI_AG.LND.ARBL.ZS,2026-07-13,https://api.worldbank.org/v2/country/SOM/indicator/AG.LND.ARBL.ZS?format=json&per_page=1000&date=1960:2025&source=2
AG.LND.FRST.ZS,Forest area (% of land area),land,SOM,1960,,% of land area,,missing,WDI_AG.LND.FRST.ZS,2026-07-13,https://api.worldbank.org/v2/country/SOM/indicator/AG.LND.FRST.ZS?format=json&per_page=1000&date=1960:2025&source=2
AG.LND.FRST.ZS,Forest area (% of land area),land,SOM,1961,,% of land area,,missing,WDI_AG.LND.FRST.ZS,2026-07-13,https://api.worldbank.org/v2/country/SOM/indicator/AG.LND.FRST.ZS?format=json&per_page=1000&date=1960:2025&source=2
AG.LND.FRST.ZS,Forest area (% of land area),land,SOM,1962,,% of land area,,missing,WDI_AG.LND.FRST.ZS,2026-07-13,https://api.worldbank.org/v2/country/SOM/indicator/AG.LND.FRST.ZS?format=json&per_page=1000&date=1960:2025&source=2
AG.LND.FRST.ZS,Forest area (% of land area),land,SOM,1963,,% of land area,,missing,WDI_AG.LND.FRST.ZS,2026-07-13,https://api.worldbank.org/v2/country/SOM/indicator/AG.LND.FRST.ZS?format=json&per_page=1000&date=1960:2025&source=2
AG.LND.FRST.ZS,Forest area (% of land area),land,SOM,1964,,% of land area,,missing,WDI_AG.LND.FRST.ZS,2026-07-13,https://api.worldbank.org/v2/country/SOM/indicator/AG.LND.FRST.ZS?format=json&per_page=1000&date=1960:2025&source=2
AG.LND.FRST.ZS,Forest area (% of land area),land,SOM,1965,,% of land area,,missing,WDI_AG.LND.FRST.ZS,2026-07-13,https://api.worldbank.org/v2/country/SOM/indicator/AG.LND.FRST.ZS?format=json&per_page=1000&date=1960:2025&source=2
AG.LND.FRST.ZS,Forest area (% of land area),land,SOM,1966,,% of land area,,missing,WDI_AG.LND.FRST.ZS,2026-07-13,https://api.worldbank.org/v2/country/SOM/indicator/AG.LND.FRST.ZS?format=json&per_page=1000&date=1960:2025&source=2
AG.LND.FRST.ZS,Forest area (% of land area),land,SOM,1967,,% of land area,,missing,WDI_AG.LND.FRST.ZS,2026-07-13,https://api.worldbank.org/v2/country/SOM/indicator/AG.LND.FRST.ZS?format=json&per_page=1000&date=1960:2025&source=2
AG.LND.FRST.ZS,Forest area (% of land area),land,SOM,1968,,% of land area,,missing,WDI_AG.LND.FRST.ZS,2026-07-13,https://api.worldbank.org/v2/country/SOM/indicator/AG.LND.FRST.ZS?format=json&per_page=1000&date=1960:2025&source=2
AG.LND.FRST.ZS,Forest area (% of land area),land,SOM,1969,,% of land area,,missing,WDI_AG.LND.FRST.ZS,2026-07-13,https://api.worldbank.org/v2/country/SOM/indicator/AG.LND.FRST.ZS?format=json&per_page=1000&date=1960:2025&source=2
AG.LND.FRST.ZS,Forest area (% of land area),land,SOM,1970,,% of land area,,missing,WDI_AG.LND.FRST.ZS,2026-07-13,https://api.worldbank.org/v2/country/SOM/indicator/AG.LND.FRST.ZS?format=json&per_page=1000&date=1960:2025&source=2
AG.LND.FRST.ZS,Forest area (% of land area),land,SOM,1971,,% of land area,,missing,WDI_AG.LND.FRST.ZS,2026-07-13,https://api.worldbank.org/v2/country/SOM/indicator/AG.LND.FRST.ZS?format=json&per_page=1000&date=1960:2025&source=2
AG.LND.FRST.ZS,Forest area (% of land area),land,SOM,1972,,% of land area,,missing,WDI_AG.LND.FRST.ZS,2026-07-13,https://api.worldbank.org/v2/country/SOM/indicator/AG.LND.FRST.ZS?format=json&per_page=1000&date=1960:2025&source=2
AG.LND.FRST.ZS,Forest area (% of land area),land,SOM,1973,,% of land area,,missing,WDI_AG.LND.FRST.ZS,2026-07-13,https://api.worldbank.org/v2/country/SOM/indicator/AG.LND.FRST.ZS?format=json&per_page=1000&date=1960:2025&source=2
AG.LND.FRST.ZS,Forest area (% of land area),land,SOM,1974,,% of land area,,missing,WDI_AG.LND.FRST.ZS,2026-07-13,https://api.worldbank.org/v2/country/SOM/indicator/AG.LND.FRST.ZS?format=json&per_page=1000&date=1960:2025&source=2
AG.LND.FRST.ZS,Forest area (% of land area),land,SOM,1975,,% of land area,,missing,WDI_AG.LND.FRST.ZS,2026-07-13,https://api.worldbank.org/v2/country/SOM/indicator/AG.LND.FRST.ZS?format=json&per_page=1000&date=1960:2025&source=2
AG.LND.FRST.ZS,Forest area (% of land area),land,SOM,1976,,% of land area,,missing,WDI_AG.LND.FRST.ZS,2026-07-13,https://api.worldbank.org/v2/country/SOM/indicator/AG.LND.FRST.ZS?format=json&per_page=1000&date=1960:2025&source=2
AG.LND.FRST.ZS,Forest area (% of land area),land,SOM,1977,,% of land area,,missing,WDI_AG.LND.FRST.ZS,2026-07-13,https://api.worldbank.org/v2/country/SOM/indicator/AG.LND.FRST.ZS?format=json&per_page=1000&date=1960:2025&source=2
AG.LND.FRST.ZS,Forest area (% of land area),land,SOM,1978,,% of land area,,missing,WDI_AG.LND.FRST.ZS,2026-07-13,https://api.worldbank.org/v2/country/SOM/indicator/AG.LND.FRST.ZS?format=json&per_page=1000&date=1960:2025&source=2
AG.LND.FRST.ZS,Forest area (% of land area),land,SOM,1979,,% of land area,,missing,WDI_AG.LND.FRST.ZS,2026-07-13,https://api.worldbank.org/v2/country/SOM/indicator/AG.LND.FRST.ZS?format=json&per_page=1000&date=1960:2025&source=2
AG.LND.FRST.ZS,Forest area (% of land area),land,SOM,1980,,% of land area,,missing,WDI_AG.LND.FRST.ZS,2026-07-13,https://api.worldbank.org/v2/country/SOM/indicator/AG.LND.FRST.ZS?format=json&per_page=1000&date=1960:2025&source=2
AG.LND.FRST.ZS,Forest area (% of land area),land,SOM,1981,,% of land area,,missing,WDI_AG.LND.FRST.ZS,2026-07-13,https://api.worldbank.org/v2/country/SOM/indicator/AG.LND.FRST.ZS?format=json&per_page=1000&date=1960:2025&source=2
AG.LND.FRST.ZS,Forest area (% of land area),land,SOM,1982,,% of land area,,missing,WDI_AG.LND.FRST.ZS,2026-07-13,https://api.worldbank.org/v2/country/SOM/indicator/AG.LND.FRST.ZS?format=json&per_page=1000&date=1960:2025&source=2
AG.LND.FRST.ZS,Forest area (% of land area),land,SOM,1983,,% of land area,,missing,WDI_AG.LND.FRST.ZS,2026-07-13,https://api.worldbank.org/v2/country/SOM/indicator/AG.LND.FRST.ZS?format=json&per_page=1000&date=1960:2025&source=2
AG.LND.FRST.ZS,Forest area (% of land area),land,SOM,1984,,% of land area,,missing,WDI_AG.LND.FRST.ZS,2026-07-13,https://api.worldbank.org/v2/country/SOM/indicator/AG.LND.FRST.ZS?format=json&per_page=1000&date=1960:2025&source=2
AG.LND.FRST.ZS,Forest area (% of land area),land,SOM,1985,,% of land area,,missing,WDI_AG.LND.FRST.ZS,2026-07-13,https://api.worldbank.org/v2/country/SOM/indicator/AG.LND.FRST.ZS?format=json&per_page=1000&date=1960:2025&source=2
AG.LND.FRST.ZS,Forest area (% of land area),land,SOM,1986,,% of land area,,missing,WDI_AG.LND.FRST.ZS,2026-07-13,https://api.worldbank.org/v2/country/SOM/indicator/AG.LND.FRST.ZS?format=json&per_page=1000&date=1960:2025&source=2
AG.LND.FRST.ZS,Forest area (% of land area),land,SOM,1987,,% of land area,,missing,WDI_AG.LND.FRST.ZS,2026-07-13,https://api.worldbank.org/v2/country/SOM/indicator/AG.LND.FRST.ZS?format=json&per_page=1000&date=1960:2025&source=2
AG.LND.FRST.ZS,Forest area (% of land area),land,SOM,1988,,% of land area,,missing,WDI_AG.LND.FRST.ZS,2026-07-13,https://api.worldbank.org/v2/country/SOM/indicator/AG.LND.FRST.ZS?format=json&per_page=1000&date=1960:2025&source=2
AG.LND.FRST.ZS,Forest area (% of land area),land,SOM,1989,,% of land area,,missing,WDI_AG.LND.FRST.ZS,2026-07-13,https://api.worldbank.org/v2/country/SOM/indicator/AG.LND.FRST.ZS?format=json&per_page=1000&date=1960:2025&source=2
AG.LND.FRST.ZS,Forest area (% of land area),land,SOM,1990,13.2025695794944,% of land area,,source_reported,WDI_AG.LND.FRST.ZS,2026-07-13,https://api.worldbank.org/v2/country/SOM/indicator/AG.LND.FRST.ZS?format=json&per_page=1000&date=1960:2025&source=2
AG.LND.FRST.ZS,Forest area (% of land area),land,SOM,1991,13.0802276277617,% of land area,,source_reported,WDI_AG.LND.FRST.ZS,2026-07-13,https://api.worldbank.org/v2/country/SOM/indicator/AG.LND.FRST.ZS?format=json&per_page=1000&date=1960:2025&source=2
AG.LND.FRST.ZS,Forest area (% of land area),land,SOM,1992,12.9578856760289,% of land area,,source_reported,WDI_AG.LND.FRST.ZS,2026-07-13,https://api.worldbank.org/v2/country/SOM/indicator/AG.LND.FRST.ZS?format=json&per_page=1000&date=1960:2025&source=2
AG.LND.FRST.ZS,Forest area (% of land area),land,SOM,1993,12.8355437242962,% of land area,,source_reported,WDI_AG.LND.FRST.ZS,2026-07-13,https://api.worldbank.org/v2/country/SOM/indicator/AG.LND.FRST.ZS?format=json&per_page=1000&date=1960:2025&source=2
AG.LND.FRST.ZS,Forest area (% of land area),land,SOM,1994,12.7132017725635,% of land area,,source_reported,WDI_AG.LND.FRST.ZS,2026-07-13,https://api.worldbank.org/v2/country/SOM/indicator/AG.LND.FRST.ZS?format=json&per_page=1000&date=1960:2025&source=2
AG.LND.FRST.ZS,Forest area (% of land area),land,SOM,1995,12.5908598208308,% of land area,,source_reported,WDI_AG.LND.FRST.ZS,2026-07-13,https://api.worldbank.org/v2/country/SOM/indicator/AG.LND.FRST.ZS?format=json&per_page=1000&date=1960:2025&source=2
AG.LND.FRST.ZS,Forest area (% of land area),land,SOM,1996,12.4685178690981,% of land area,,source_reported,WDI_AG.LND.FRST.ZS,2026-07-13,https://api.worldbank.org/v2/country/SOM/indicator/AG.LND.FRST.ZS?format=json&per_page=1000&date=1960:2025&source=2
AG.LND.FRST.ZS,Forest area (% of land area),land,SOM,1997,12.3461759173654,% of land area,,source_reported,WDI_AG.LND.FRST.ZS,2026-07-13,https://api.worldbank.org/v2/country/SOM/indicator/AG.LND.FRST.ZS?format=json&per_page=1000&date=1960:2025&source=2
AG.LND.FRST.ZS,Forest area (% of land area),land,SOM,1998,12.2238339656327,% of land area,,source_reported,WDI_AG.LND.FRST.ZS,2026-07-13,https://api.worldbank.org/v2/country/SOM/indicator/AG.LND.FRST.ZS?format=json&per_page=1000&date=1960:2025&source=2
AG.LND.FRST.ZS,Forest area (% of land area),land,SOM,1999,12.1014920139,% of land area,,source_reported,WDI_AG.LND.FRST.ZS,2026-07-13,https://api.worldbank.org/v2/country/SOM/indicator/AG.LND.FRST.ZS?format=json&per_page=1000&date=1960:2025&source=2
AG.LND.FRST.ZS,Forest area (% of land area),land,SOM,2000,11.9791500621672,% of land area,,source_reported,WDI_AG.LND.FRST.ZS,2026-07-13,https://api.worldbank.org/v2/country/SOM/indicator/AG.LND.FRST.ZS?format=json&per_page=1000&date=1960:2025&source=2
AG.LND.FRST.ZS,Forest area (% of land area),land,SOM,2001,11.8568081104345,% of land area,,source_reported,WDI_AG.LND.FRST.ZS,2026-07-13,https://api.worldbank.org/v2/country/SOM/indicator/AG.LND.FRST.ZS?format=json&per_page=1000&date=1960:2025&source=2
AG.LND.FRST.ZS,Forest area (% of land area),land,SOM,2002,11.7344661587018,% of land area,,source_reported,WDI_AG.LND.FRST.ZS,2026-07-13,https://api.worldbank.org/v2/country/SOM/indicator/AG.LND.FRST.ZS?format=json&per_page=1000&date=1960:2025&source=2
AG.LND.FRST.ZS,Forest area (% of land area),land,SOM,2003,11.6121242069691,% of land area,,source_reported,WDI_AG.LND.FRST.ZS,2026-07-13,https://api.worldbank.org/v2/country/SOM/indicator/AG.LND.FRST.ZS?format=json&per_page=1000&date=1960:2025&source=2
AG.LND.FRST.ZS,Forest area (% of land area),land,SOM,2004,11.4897822552364,% of land area,,source_reported,WDI_AG.LND.FRST.ZS,2026-07-13,https://api.worldbank.org/v2/country/SOM/indicator/AG.LND.FRST.ZS?format=json&per_page=1000&date=1960:2025&source=2
AG.LND.FRST.ZS,Forest area (% of land area),land,SOM,2005,11.3674403035037,% of land area,,source_reported,WDI_AG.LND.FRST.ZS,2026-07-13,https://api.worldbank.org/v2/country/SOM/indicator/AG.LND.FRST.ZS?format=json&per_page=1000&date=1960:2025&source=2
AG.LND.FRST.ZS,Forest area (% of land area),land,SOM,2006,11.245098351771,% of land area,,source_reported,WDI_AG.LND.FRST.ZS,2026-07-13,https://api.worldbank.org/v2/country/SOM/indicator/AG.LND.FRST.ZS?format=json&per_page=1000&date=1960:2025&source=2
AG.LND.FRST.ZS,Forest area (% of land area),land,SOM,2007,11.1227564000383,% of land area,,source_reported,WDI_AG.LND.FRST.ZS,2026-07-13,https://api.worldbank.org/v2/country/SOM/indicator/AG.LND.FRST.ZS?format=json&per_page=1000&date=1960:2025&source=2
AG.LND.FRST.ZS,Forest area (% of land area),land,SOM,2008,11.0004144483055,% of land area,,source_reported,WDI_AG.LND.FRST.ZS,2026-07-13,https://api.worldbank.org/v2/country/SOM/indicator/AG.LND.FRST.ZS?format=json&per_page=1000&date=1960:2025&source=2
AG.LND.FRST.ZS,Forest area (% of land area),land,SOM,2009,10.8780724965728,% of land area,,source_reported,WDI_AG.LND.FRST.ZS,2026-07-13,https://api.worldbank.org/v2/country/SOM/indicator/AG.LND.FRST.ZS?format=json&per_page=1000&date=1960:2025&source=2
AG.LND.FRST.ZS,Forest area (% of land area),land,SOM,2010,10.7557305448401,% of land area,,source_reported,WDI_AG.LND.FRST.ZS,2026-07-13,https://api.worldbank.org/v2/country/SOM/indicator/AG.LND.FRST.ZS?format=json&per_page=1000&date=1960:2025&source=2
AG.LND.FRST.ZS,Forest area (% of land area),land,SOM,2011,10.6333885931074,% of land area,,source_reported,WDI_AG.LND.FRST.ZS,2026-07-13,https://api.worldbank.org/v2/country/SOM/indicator/AG.LND.FRST.ZS?format=json&per_page=1000&date=1960:2025&source=2
AG.LND.FRST.ZS,Forest area (% of land area),land,SOM,2012,10.5110466413747,% of land area,,source_reported,WDI_AG.LND.FRST.ZS,2026-07-13,https://api.worldbank.org/v2/country/SOM/indicator/AG.LND.FRST.ZS?format=json&per_page=1000&date=1960:2025&source=2
AG.LND.FRST.ZS,Forest area (% of land area),land,SOM,2013,10.388704689642,% of land area,,source_reported,WDI_AG.LND.FRST.ZS,2026-07-13,https://api.worldbank.org/v2/country/SOM/indicator/AG.LND.FRST.ZS?format=json&per_page=1000&date=1960:2025&source=2
AG.LND.FRST.ZS,Forest area (% of land area),land,SOM,2014,10.2663627379093,% of land area,,source_reported,WDI_AG.LND.FRST.ZS,2026-07-13,https://api.worldbank.org/v2/country/SOM/indicator/AG.LND.FRST.ZS?format=json&per_page=1000&date=1960:2025&source=2
AG.LND.FRST.ZS,Forest area (% of land area),land,SOM,2015,10.1440207861766,% of land area,,source_reported,WDI_AG.LND.FRST.ZS,2026-07-13,https://api.worldbank.org/v2/country/SOM/indicator/AG.LND.FRST.ZS?format=json&per_page=1000&date=1960:2025&source=2
AG.LND.FRST.ZS,Forest area (% of land area),land,SOM,2016,10.0216788344438,% of land area,,source_reported,WDI_AG.LND.FRST.ZS,2026-07-13,https://api.worldbank.org/v2/country/SOM/indicator/AG.LND.FRST.ZS?format=json&per_page=1000&date=1960:2025&source=2
AG.LND.FRST.ZS,Forest area (% of land area),land,SOM,2017,9.89933688271113,% of land area,,source_reported,WDI_AG.LND.FRST.ZS,2026-07-13,https://api.worldbank.org/v2/country/SOM/indicator/AG.LND.FRST.ZS?format=json&per_page=1000&date=1960:2025&source=2
AG.LND.FRST.ZS,Forest area (% of land area),land,SOM,2018,9.77699493097842,% of land area,,source_reported,WDI_AG.LND.FRST.ZS,2026-07-13,https://api.worldbank.org/v2/country/SOM/indicator/AG.LND.FRST.ZS?format=json&per_page=1000&date=1960:2025&source=2
AG.LND.FRST.ZS,Forest area (% of land area),land,SOM,2019,9.6546529792457,% of land area,,source_reported,WDI_AG.LND.FRST.ZS,2026-07-13,https://api.worldbank.org/v2/country/SOM/indicator/AG.LND.FRST.ZS?format=json&per_page=1000&date=1960:2025&source=2
AG.LND.FRST.ZS,Forest area (% of land area),land,SOM,2020,9.53231102751299,% of land area,,source_reported,WDI_AG.LND.FRST.ZS,2026-07-13,https://api.worldbank.org/v2/country/SOM/indicator/AG.LND.FRST.ZS?format=json&per_page=1000&date=1960:2025&source=2
AG.LND.FRST.ZS,Forest area (% of land area),land,SOM,2021,9.40996907578028,% of land area,,source_reported,WDI_AG.LND.FRST.ZS,2026-07-13,https://api.worldbank.org/v2/country/SOM/indicator/AG.LND.FRST.ZS?format=json&per_page=1000&date=1960:2025&source=2
AG.LND.FRST.ZS,Forest area (% of land area),land,SOM,2022,9.28762712404757,% of land area,,source_reported,WDI_AG.LND.FRST.ZS,2026-07-13,https://api.worldbank.org/v2/country/SOM/indicator/AG.LND.FRST.ZS?format=json&per_page=1000&date=1960:2025&source=2
AG.LND.FRST.ZS,Forest area (% of land area),land,SOM,2023,9.16528517231485,% of land area,,source_reported,WDI_AG.LND.FRST.ZS,2026-07-13,https://api.worldbank.org/v2/country/SOM/indicator/AG.LND.FRST.ZS?format=json&per_page=1000&date=1960:2025&source=2
AG.LND.FRST.ZS,Forest area (% of land area),land,SOM,2024,,% of land area,,missing,WDI_AG.LND.FRST.ZS,2026-07-13,https://api.worldbank.org/v2/country/SOM/indicator/AG.LND.FRST.ZS?format=json&per_page=1000&date=1960:2025&source=2
AG.LND.FRST.ZS,Forest area (% of land area),land,SOM,2025,,% of land area,,missing,WDI_AG.LND.FRST.ZS,2026-07-13,https://api.worldbank.org/v2/country/SOM/indicator/AG.LND.FRST.ZS?format=json&per_page=1000&date=1960:2025&source=2
AG.LND.TOTL.K2,Land area (sq. km),land,SOM,1960,,km2,,missing,WDI_AG.LND.TOTL.K2,2026-07-13,https://api.worldbank.org/v2/country/SOM/indicator/AG.LND.TOTL.K2?format=json&per_page=1000&date=1960:2025&source=2
AG.LND.TOTL.K2,Land area (sq. km),land,SOM,1961,627340,km2,,source_reported,WDI_AG.LND.TOTL.K2,2026-07-13,https://api.worldbank.org/v2/country/SOM/indicator/AG.LND.TOTL.K2?format=json&per_page=1000&date=1960:2025&source=2
AG.LND.TOTL.K2,Land area (sq. km),land,SOM,1962,627340,km2,,source_reported,WDI_AG.LND.TOTL.K2,2026-07-13,https://api.worldbank.org/v2/country/SOM/indicator/AG.LND.TOTL.K2?format=json&per_page=1000&date=1960:2025&source=2
AG.LND.TOTL.K2,Land area (sq. km),land,SOM,1963,627340,km2,,source_reported,WDI_AG.LND.TOTL.K2,2026-07-13,https://api.worldbank.org/v2/country/SOM/indicator/AG.LND.TOTL.K2?format=json&per_page=1000&date=1960:2025&source=2
AG.LND.TOTL.K2,Land area (sq. km),land,SOM,1964,627340,km2,,source_reported,WDI_AG.LND.TOTL.K2,2026-07-13,https://api.worldbank.org/v2/country/SOM/indicator/AG.LND.TOTL.K2?format=json&per_page=1000&date=1960:2025&source=2
AG.LND.TOTL.K2,Land area (sq. km),land,SOM,1965,627340,km2,,source_reported,WDI_AG.LND.TOTL.K2,2026-07-13,https://api.worldbank.org/v2/country/SOM/indicator/AG.LND.TOTL.K2?format=json&per_page=1000&date=1960:2025&source=2
AG.LND.TOTL.K2,Land area (sq. km),land,SOM,1966,627340,km2,,source_reported,WDI_AG.LND.TOTL.K2,2026-07-13,https://api.worldbank.org/v2/country/SOM/indicator/AG.LND.TOTL.K2?format=json&per_page=1000&date=1960:2025&source=2
AG.LND.TOTL.K2,Land area (sq. km),land,SOM,1967,627340,km2,,source_reported,WDI_AG.LND.TOTL.K2,2026-07-13,https://api.worldbank.org/v2/country/SOM/indicator/AG.LND.TOTL.K2?format=json&per_page=1000&date=1960:2025&source=2
AG.LND.TOTL.K2,Land area (sq. km),land,SOM,1968,627340,km2,,source_reported,WDI_AG.LND.TOTL.K2,2026-07-13,https://api.worldbank.org/v2/country/SOM/indicator/AG.LND.TOTL.K2?format=json&per_page=1000&date=1960:2025&source=2
AG.LND.TOTL.K2,Land area (sq. km),land,SOM,1969,627340,km2,,source_reported,WDI_AG.LND.TOTL.K2,2026-07-13,https://api.worldbank.org/v2/country/SOM/indicator/AG.LND.TOTL.K2?format=json&per_page=1000&date=1960:2025&source=2
AG.LND.TOTL.K2,Land area (sq. km),land,SOM,1970,627340,km2,,source_reported,WDI_AG.LND.TOTL.K2,2026-07-13,https://api.worldbank.org/v2/country/SOM/indicator/AG.LND.TOTL.K2?format=json&per_page=1000&date=1960:2025&source=2
AG.LND.TOTL.K2,Land area (sq. km),land,SOM,1971,627340,km2,,source_reported,WDI_AG.LND.TOTL.K2,2026-07-13,https://api.worldbank.org/v2/country/SOM/indicator/AG.LND.TOTL.K2?format=json&per_page=1000&date=1960:2025&source=2
AG.LND.TOTL.K2,Land area (sq. km),land,SOM,1972,627340,km2,,source_reported,WDI_AG.LND.TOTL.K2,2026-07-13,https://api.worldbank.org/v2/country/SOM/indicator/AG.LND.TOTL.K2?format=json&per_page=1000&date=1960:2025&source=2
AG.LND.TOTL.K2,Land area (sq. km),land,SOM,1973,627340,km2,,source_reported,WDI_AG.LND.TOTL.K2,2026-07-13,https://api.worldbank.org/v2/country/SOM/indicator/AG.LND.TOTL.K2?format=json&per_page=1000&date=1960:2025&source=2
AG.LND.TOTL.K2,Land area (sq. km),land,SOM,1974,627340,km2,,source_reported,WDI_AG.LND.TOTL.K2,2026-07-13,https://api.worldbank.org/v2/country/SOM/indicator/AG.LND.TOTL.K2?format=json&per_page=1000&date=1960:2025&source=2
AG.LND.TOTL.K2,Land area (sq. km),land,SOM,1975,627340,km2,,source_reported,WDI_AG.LND.TOTL.K2,2026-07-13,https://api.worldbank.org/v2/country/SOM/indicator/AG.LND.TOTL.K2?format=json&per_page=1000&date=1960:2025&source=2
AG.LND.TOTL.K2,Land area (sq. km),land,SOM,1976,627340,km2,,source_reported,WDI_AG.LND.TOTL.K2,2026-07-13,https://api.worldbank.org/v2/country/SOM/indicator/AG.LND.TOTL.K2?format=json&per_page=1000&date=1960:2025&source=2
AG.LND.TOTL.K2,Land area (sq. km),land,SOM,1977,627340,km2,,source_reported,WDI_AG.LND.TOTL.K2,2026-07-13,https://api.worldbank.org/v2/country/SOM/indicator/AG.LND.TOTL.K2?format=json&per_page=1000&date=1960:2025&source=2
AG.LND.TOTL.K2,Land area (sq. km),land,SOM,1978,627340,km2,,source_reported,WDI_AG.LND.TOTL.K2,2026-07-13,https://api.worldbank.org/v2/country/SOM/indicator/AG.LND.TOTL.K2?format=json&per_page=1000&date=1960:2025&source=2
AG.LND.TOTL.K2,Land area (sq. km),land,SOM,1979,627340,km2,,source_reported,WDI_AG.LND.TOTL.K2,2026-07-13,https://api.worldbank.org/v2/country/SOM/indicator/AG.LND.TOTL.K2?format=json&per_page=1000&date=1960:2025&source=2
AG.LND.TOTL.K2,Land area (sq. km),land,SOM,1980,627340,km2,,source_reported,WDI_AG.LND.TOTL.K2,2026-07-13,https://api.worldbank.org/v2/country/SOM/indicator/AG.LND.TOTL.K2?format=json&per_page=1000&date=1960:2025&source=2
AG.LND.TOTL.K2,Land area (sq. km),land,SOM,1981,627340,km2,,source_reported,WDI_AG.LND.TOTL.K2,2026-07-13,https://api.worldbank.org/v2/country/SOM/indicator/AG.LND.TOTL.K2?format=json&per_page=1000&date=1960:2025&source=2
AG.LND.TOTL.K2,Land area (sq. km),land,SOM,1982,627340,km2,,source_reported,WDI_AG.LND.TOTL.K2,2026-07-13,https://api.worldbank.org/v2/country/SOM/indicator/AG.LND.TOTL.K2?format=json&per_page=1000&date=1960:2025&source=2
AG.LND.TOTL.K2,Land area (sq. km),land,SOM,1983,627340,km2,,source_reported,WDI_AG.LND.TOTL.K2,2026-07-13,https://api.worldbank.org/v2/country/SOM/indicator/AG.LND.TOTL.K2?format=json&per_page=1000&date=1960:2025&source=2
AG.LND.TOTL.K2,Land area (sq. km),land,SOM,1984,627340,km2,,source_reported,WDI_AG.LND.TOTL.K2,2026-07-13,https://api.worldbank.org/v2/country/SOM/indicator/AG.LND.TOTL.K2?format=json&per_page=1000&date=1960:2025&source=2
AG.LND.TOTL.K2,Land area (sq. km),land,SOM,1985,627340,km2,,source_reported,WDI_AG.LND.TOTL.K2,2026-07-13,https://api.worldbank.org/v2/country/SOM/indicator/AG.LND.TOTL.K2?format=json&per_page=1000&date=1960:2025&source=2
AG.LND.TOTL.K2,Land area (sq. km),land,SOM,1986,627340,km2,,source_reported,WDI_AG.LND.TOTL.K2,2026-07-13,https://api.worldbank.org/v2/country/SOM/indicator/AG.LND.TOTL.K2?format=json&per_page=1000&date=1960:2025&source=2
AG.LND.TOTL.K2,Land area (sq. km),land,SOM,1987,627340,km2,,source_reported,WDI_AG.LND.TOTL.K2,2026-07-13,https://api.worldbank.org/v2/country/SOM/indicator/AG.LND.TOTL.K2?format=json&per_page=1000&date=1960:2025&source=2
AG.LND.TOTL.K2,Land area (sq. km),land,SOM,1988,627340,km2,,source_reported,WDI_AG.LND.TOTL.K2,2026-07-13,https://api.worldbank.org/v2/country/SOM/indicator/AG.LND.TOTL.K2?format=json&per_page=1000&date=1960:2025&source=2
AG.LND.TOTL.K2,Land area (sq. km),land,SOM,1989,627340,km2,,source_reported,WDI_AG.LND.TOTL.K2,2026-07-13,https://api.worldbank.org/v2/country/SOM/indicator/AG.LND.TOTL.K2?format=json&per_page=1000&date=1960:2025&source=2
AG.LND.TOTL.K2,Land area (sq. km),land,SOM,1990,627340,km2,,source_reported,WDI_AG.LND.TOTL.K2,2026-07-13,https://api.worldbank.org/v2/country/SOM/indicator/AG.LND.TOTL.K2?format=json&per_page=1000&date=1960:2025&source=2
AG.LND.TOTL.K2,Land area (sq. km),land,SOM,1991,627340,km2,,source_reported,WDI_AG.LND.TOTL.K2,2026-07-13,https://api.worldbank.org/v2/country/SOM/indicator/AG.LND.TOTL.K2?format=json&per_page=1000&date=1960:2025&source=2
AG.LND.TOTL.K2,Land area (sq. km),land,SOM,1992,627340,km2,,source_reported,WDI_AG.LND.TOTL.K2,2026-07-13,https://api.worldbank.org/v2/country/SOM/indicator/AG.LND.TOTL.K2?format=json&per_page=1000&date=1960:2025&source=2
AG.LND.TOTL.K2,Land area (sq. km),land,SOM,1993,627340,km2,,source_reported,WDI_AG.LND.TOTL.K2,2026-07-13,https://api.worldbank.org/v2/country/SOM/indicator/AG.LND.TOTL.K2?format=json&per_page=1000&date=1960:2025&source=2
AG.LND.TOTL.K2,Land area (sq. km),land,SOM,1994,627340,km2,,source_reported,WDI_AG.LND.TOTL.K2,2026-07-13,https://api.worldbank.org/v2/country/SOM/indicator/AG.LND.TOTL.K2?format=json&per_page=1000&date=1960:2025&source=2
AG.LND.TOTL.K2,Land area (sq. km),land,SOM,1995,627340,km2,,source_reported,WDI_AG.LND.TOTL.K2,2026-07-13,https://api.worldbank.org/v2/country/SOM/indicator/AG.LND.TOTL.K2?format=json&per_page=1000&date=1960:2025&source=2
AG.LND.TOTL.K2,Land area (sq. km),land,SOM,1996,627340,km2,,source_reported,WDI_AG.LND.TOTL.K2,2026-07-13,https://api.worldbank.org/v2/country/SOM/indicator/AG.LND.TOTL.K2?format=json&per_page=1000&date=1960:2025&source=2
AG.LND.TOTL.K2,Land area (sq. km),land,SOM,1997,627340,km2,,source_reported,WDI_AG.LND.TOTL.K2,2026-07-13,https://api.worldbank.org/v2/country/SOM/indicator/AG.LND.TOTL.K2?format=json&per_page=1000&date=1960:2025&source=2
AG.LND.TOTL.K2,Land area (sq. km),land,SOM,1998,627340,km2,,source_reported,WDI_AG.LND.TOTL.K2,2026-07-13,https://api.worldbank.org/v2/country/SOM/indicator/AG.LND.TOTL.K2?format=json&per_page=1000&date=1960:2025&source=2
AG.LND.TOTL.K2,Land area (sq. km),land,SOM,1999,627340,km2,,source_reported,WDI_AG.LND.TOTL.K2,2026-07-13,https://api.worldbank.org/v2/country/SOM/indicator/AG.LND.TOTL.K2?format=json&per_page=1000&date=1960:2025&source=2
AG.LND.TOTL.K2,Land area (sq. km),land,SOM,2000,627340,km2,,source_reported,WDI_AG.LND.TOTL.K2,2026-07-13,https://api.worldbank.org/v2/country/SOM/indicator/AG.LND.TOTL.K2?format=json&per_page=1000&date=1960:2025&source=2
AG.LND.TOTL.K2,Land area (sq. km),land,SOM,2001,627340,km2,,source_reported,WDI_AG.LND.TOTL.K2,2026-07-13,https://api.worldbank.org/v2/country/SOM/indicator/AG.LND.TOTL.K2?format=json&per_page=1000&date=1960:2025&source=2
AG.LND.TOTL.K2,Land area (sq. km),land,SOM,2002,627340,km2,,source_reported,WDI_AG.LND.TOTL.K2,2026-07-13,https://api.worldbank.org/v2/country/SOM/indicator/AG.LND.TOTL.K2?format=json&per_page=1000&date=1960:2025&source=2
AG.LND.TOTL.K2,Land area (sq. km),land,SOM,2003,627340,km2,,source_reported,WDI_AG.LND.TOTL.K2,2026-07-13,https://api.worldbank.org/v2/country/SOM/indicator/AG.LND.TOTL.K2?format=json&per_page=1000&date=1960:2025&source=2
AG.LND.TOTL.K2,Land area (sq. km),land,SOM,2004,627340,km2,,source_reported,WDI_AG.LND.TOTL.K2,2026-07-13,https://api.worldbank.org/v2/country/SOM/indicator/AG.LND.TOTL.K2?format=json&per_page=1000&date=1960:2025&source=2
AG.LND.TOTL.K2,Land area (sq. km),land,SOM,2005,627340,km2,,source_reported,WDI_AG.LND.TOTL.K2,2026-07-13,https://api.worldbank.org/v2/country/SOM/indicator/AG.LND.TOTL.K2?format=json&per_page=1000&date=1960:2025&source=2
AG.LND.TOTL.K2,Land area (sq. km),land,SOM,2006,627340,km2,,source_reported,WDI_AG.LND.TOTL.K2,2026-07-13,https://api.worldbank.org/v2/country/SOM/indicator/AG.LND.TOTL.K2?format=json&per_page=1000&date=1960:2025&source=2
AG.LND.TOTL.K2,Land area (sq. km),land,SOM,2007,627340,km2,,source_reported,WDI_AG.LND.TOTL.K2,2026-07-13,https://api.worldbank.org/v2/country/SOM/indicator/AG.LND.TOTL.K2?format=json&per_page=1000&date=1960:2025&source=2
AG.LND.TOTL.K2,Land area (sq. km),land,SOM,2008,627340,km2,,source_reported,WDI_AG.LND.TOTL.K2,2026-07-13,https://api.worldbank.org/v2/country/SOM/indicator/AG.LND.TOTL.K2?format=json&per_page=1000&date=1960:2025&source=2
AG.LND.TOTL.K2,Land area (sq. km),land,SOM,2009,627340,km2,,source_reported,WDI_AG.LND.TOTL.K2,2026-07-13,https://api.worldbank.org/v2/country/SOM/indicator/AG.LND.TOTL.K2?format=json&per_page=1000&date=1960:2025&source=2
AG.LND.TOTL.K2,Land area (sq. km),land,SOM,2010,627340,km2,,source_reported,WDI_AG.LND.TOTL.K2,2026-07-13,https://api.worldbank.org/v2/country/SOM/indicator/AG.LND.TOTL.K2?format=json&per_page=1000&date=1960:2025&source=2
AG.LND.TOTL.K2,Land area (sq. km),land,SOM,2011,627340,km2,,source_reported,WDI_AG.LND.TOTL.K2,2026-07-13,https://api.worldbank.org/v2/country/SOM/indicator/AG.LND.TOTL.K2?format=json&per_page=1000&date=1960:2025&source=2
AG.LND.TOTL.K2,Land area (sq. km),land,SOM,2012,627340,km2,,source_reported,WDI_AG.LND.TOTL.K2,2026-07-13,https://api.worldbank.org/v2/country/SOM/indicator/AG.LND.TOTL.K2?format=json&per_page=1000&date=1960:2025&source=2
AG.LND.TOTL.K2,Land area (sq. km),land,SOM,2013,627340,km2,,source_reported,WDI_AG.LND.TOTL.K2,2026-07-13,https://api.worldbank.org/v2/country/SOM/indicator/AG.LND.TOTL.K2?format=json&per_page=1000&date=1960:2025&source=2
AG.LND.TOTL.K2,Land area (sq. km),land,SOM,2014,627340,km2,,source_reported,WDI_AG.LND.TOTL.K2,2026-07-13,https://api.worldbank.org/v2/country/SOM/indicator/AG.LND.TOTL.K2?format=json&per_page=1000&date=1960:2025&source=2
AG.LND.TOTL.K2,Land area (sq. km),land,SOM,2015,627340,km2,,source_reported,WDI_AG.LND.TOTL.K2,2026-07-13,https://api.worldbank.org/v2/country/SOM/indicator/AG.LND.TOTL.K2?format=json&per_page=1000&date=1960:2025&source=2
AG.LND.TOTL.K2,Land area (sq. km),land,SOM,2016,627340,km2,,source_reported,WDI_AG.LND.TOTL.K2,2026-07-13,https://api.worldbank.org/v2/country/SOM/indicator/AG.LND.TOTL.K2?format=json&per_page=1000&date=1960:2025&source=2
AG.LND.TOTL.K2,Land area (sq. km),land,SOM,2017,627340,km2,,source_reported,WDI_AG.LND.TOTL.K2,2026-07-13,https://api.worldbank.org/v2/country/SOM/indicator/AG.LND.TOTL.K2?format=json&per_page=1000&date=1960:2025&source=2
AG.LND.TOTL.K2,Land area (sq. km),land,SOM,2018,627340,km2,,source_reported,WDI_AG.LND.TOTL.K2,2026-07-13,https://api.worldbank.org/v2/country/SOM/indicator/AG.LND.TOTL.K2?format=json&per_page=1000&date=1960:2025&source=2
AG.LND.TOTL.K2,Land area (sq. km),land,SOM,2019,627340,km2,,source_reported,WDI_AG.LND.TOTL.K2,2026-07-13,https://api.worldbank.org/v2/country/SOM/indicator/AG.LND.TOTL.K2?format=json&per_page=1000&date=1960:2025&source=2
AG.LND.TOTL.K2,Land area (sq. km),land,SOM,2020,627340,km2,,source_reported,WDI_AG.LND.TOTL.K2,2026-07-13,https://api.worldbank.org/v2/country/SOM/indicator/AG.LND.TOTL.K2?format=json&per_page=1000&date=1960:2025&source=2
AG.LND.TOTL.K2,Land area (sq. km),land,SOM,2021,627340,km2,,source_reported,WDI_AG.LND.TOTL.K2,2026-07-13,https://api.worldbank.org/v2/country/SOM/indicator/AG.LND.TOTL.K2?format=json&per_page=1000&date=1960:2025&source=2
AG.LND.TOTL.K2,Land area (sq. km),land,SOM,2022,627340,km2,,source_reported,WDI_AG.LND.TOTL.K2,2026-07-13,https://api.worldbank.org/v2/country/SOM/indicator/AG.LND.TOTL.K2?format=json&per_page=1000&date=1960:2025&source=2
AG.LND.TOTL.K2,Land area (sq. km),land,SOM,2023,627340,km2,,source_reported,WDI_AG.LND.TOTL.K2,2026-07-13,https://api.worldbank.org/v2/country/SOM/indicator/AG.LND.TOTL.K2?format=json&per_page=1000&date=1960:2025&source=2
AG.LND.TOTL.K2,Land area (sq. km),land,SOM,2024,,km2,,missing,WDI_AG.LND.TOTL.K2,2026-07-13,https://api.worldbank.org/v2/country/SOM/indicator/AG.LND.TOTL.K2?format=json&per_page=1000&date=1960:2025&source=2
AG.LND.TOTL.K2,Land area (sq. km),land,SOM,2025,,km2,,missing,WDI_AG.LND.TOTL.K2,2026-07-13,https://api.worldbank.org/v2/country/SOM/indicator/AG.LND.TOTL.K2?format=json&per_page=1000&date=1960:2025&source=2
BX.KLT.DINV.WD.GD.ZS,"Foreign direct investment, net inflows (% of GDP)",finance,SOM,1960,,% of GDP,,missing,WDI_BX.KLT.DINV.WD.GD.ZS,2026-07-13,https://api.worldbank.org/v2/country/SOM/indicator/BX.KLT.DINV.WD.GD.ZS?format=json&per_page=1000&date=1960:2025&source=2
BX.KLT.DINV.WD.GD.ZS,"Foreign direct investment, net inflows (% of GDP)",finance,SOM,1961,,% of GDP,,missing,WDI_BX.KLT.DINV.WD.GD.ZS,2026-07-13,https://api.worldbank.org/v2/country/SOM/indicator/BX.KLT.DINV.WD.GD.ZS?format=json&per_page=1000&date=1960:2025&source=2
BX.KLT.DINV.WD.GD.ZS,"Foreign direct investment, net inflows (% of GDP)",finance,SOM,1962,,% of GDP,,missing,WDI_BX.KLT.DINV.WD.GD.ZS,2026-07-13,https://api.worldbank.org/v2/country/SOM/indicator/BX.KLT.DINV.WD.GD.ZS?format=json&per_page=1000&date=1960:2025&source=2
BX.KLT.DINV.WD.GD.ZS,"Foreign direct investment, net inflows (% of GDP)",finance,SOM,1963,,% of GDP,,missing,WDI_BX.KLT.DINV.WD.GD.ZS,2026-07-13,https://api.worldbank.org/v2/country/SOM/indicator/BX.KLT.DINV.WD.GD.ZS?format=json&per_page=1000&date=1960:2025&source=2
BX.KLT.DINV.WD.GD.ZS,"Foreign direct investment, net inflows (% of GDP)",finance,SOM,1964,,% of GDP,,missing,WDI_BX.KLT.DINV.WD.GD.ZS,2026-07-13,https://api.worldbank.org/v2/country/SOM/indicator/BX.KLT.DINV.WD.GD.ZS?format=json&per_page=1000&date=1960:2025&source=2
BX.KLT.DINV.WD.GD.ZS,"Foreign direct investment, net inflows (% of GDP)",finance,SOM,1965,,% of GDP,,missing,WDI_BX.KLT.DINV.WD.GD.ZS,2026-07-13,https://api.worldbank.org/v2/country/SOM/indicator/BX.KLT.DINV.WD.GD.ZS?format=json&per_page=1000&date=1960:2025&source=2
BX.KLT.DINV.WD.GD.ZS,"Foreign direct investment, net inflows (% of GDP)",finance,SOM,1966,,% of GDP,,missing,WDI_BX.KLT.DINV.WD.GD.ZS,2026-07-13,https://api.worldbank.org/v2/country/SOM/indicator/BX.KLT.DINV.WD.GD.ZS?format=json&per_page=1000&date=1960:2025&source=2
BX.KLT.DINV.WD.GD.ZS,"Foreign direct investment, net inflows (% of GDP)",finance,SOM,1967,,% of GDP,,missing,WDI_BX.KLT.DINV.WD.GD.ZS,2026-07-13,https://api.worldbank.org/v2/country/SOM/indicator/BX.KLT.DINV.WD.GD.ZS?format=json&per_page=1000&date=1960:2025&source=2
BX.KLT.DINV.WD.GD.ZS,"Foreign direct investment, net inflows (% of GDP)",finance,SOM,1968,,% of GDP,,missing,WDI_BX.KLT.DINV.WD.GD.ZS,2026-07-13,https://api.worldbank.org/v2/country/SOM/indicator/BX.KLT.DINV.WD.GD.ZS?format=json&per_page=1000&date=1960:2025&source=2
BX.KLT.DINV.WD.GD.ZS,"Foreign direct investment, net inflows (% of GDP)",finance,SOM,1969,,% of GDP,,missing,WDI_BX.KLT.DINV.WD.GD.ZS,2026-07-13,https://api.worldbank.org/v2/country/SOM/indicator/BX.KLT.DINV.WD.GD.ZS?format=json&per_page=1000&date=1960:2025&source=2
BX.KLT.DINV.WD.GD.ZS,"Foreign direct investment, net inflows (% of GDP)",finance,SOM,1970,1.2931577226788,% of GDP,,source_reported,WDI_BX.KLT.DINV.WD.GD.ZS,2026-07-13,https://api.worldbank.org/v2/country/SOM/indicator/BX.KLT.DINV.WD.GD.ZS?format=json&per_page=1000&date=1960:2025&source=2
BX.KLT.DINV.WD.GD.ZS,"Foreign direct investment, net inflows (% of GDP)",finance,SOM,1971,0.489857859398004,% of GDP,,source_reported,WDI_BX.KLT.DINV.WD.GD.ZS,2026-07-13,https://api.worldbank.org/v2/country/SOM/indicator/BX.KLT.DINV.WD.GD.ZS?format=json&per_page=1000&date=1960:2025&source=2
BX.KLT.DINV.WD.GD.ZS,"Foreign direct investment, net inflows (% of GDP)",finance,SOM,1972,1.0047245695039,% of GDP,,source_reported,WDI_BX.KLT.DINV.WD.GD.ZS,2026-07-13,https://api.worldbank.org/v2/country/SOM/indicator/BX.KLT.DINV.WD.GD.ZS?format=json&per_page=1000&date=1960:2025&source=2
BX.KLT.DINV.WD.GD.ZS,"Foreign direct investment, net inflows (% of GDP)",finance,SOM,1973,0.124043928679735,% of GDP,,source_reported,WDI_BX.KLT.DINV.WD.GD.ZS,2026-07-13,https://api.worldbank.org/v2/country/SOM/indicator/BX.KLT.DINV.WD.GD.ZS?format=json&per_page=1000&date=1960:2025&source=2
BX.KLT.DINV.WD.GD.ZS,"Foreign direct investment, net inflows (% of GDP)",finance,SOM,1974,0.122269880403153,% of GDP,,source_reported,WDI_BX.KLT.DINV.WD.GD.ZS,2026-07-13,https://api.worldbank.org/v2/country/SOM/indicator/BX.KLT.DINV.WD.GD.ZS?format=json&per_page=1000&date=1960:2025&source=2
BX.KLT.DINV.WD.GD.ZS,"Foreign direct investment, net inflows (% of GDP)",finance,SOM,1975,1.55743099058939,% of GDP,,source_reported,WDI_BX.KLT.DINV.WD.GD.ZS,2026-07-13,https://api.worldbank.org/v2/country/SOM/indicator/BX.KLT.DINV.WD.GD.ZS?format=json&per_page=1000&date=1960:2025&source=2
BX.KLT.DINV.WD.GD.ZS,"Foreign direct investment, net inflows (% of GDP)",finance,SOM,1976,0.252483448686714,% of GDP,,source_reported,WDI_BX.KLT.DINV.WD.GD.ZS,2026-07-13,https://api.worldbank.org/v2/country/SOM/indicator/BX.KLT.DINV.WD.GD.ZS?format=json&per_page=1000&date=1960:2025&source=2
BX.KLT.DINV.WD.GD.ZS,"Foreign direct investment, net inflows (% of GDP)",finance,SOM,1977,1.56052325581395,% of GDP,,source_reported,WDI_BX.KLT.DINV.WD.GD.ZS,2026-07-13,https://api.worldbank.org/v2/country/SOM/indicator/BX.KLT.DINV.WD.GD.ZS?format=json&per_page=1000&date=1960:2025&source=2
BX.KLT.DINV.WD.GD.ZS,"Foreign direct investment, net inflows (% of GDP)",finance,SOM,1978,0.0531376146788991,% of GDP,,source_reported,WDI_BX.KLT.DINV.WD.GD.ZS,2026-07-13,https://api.worldbank.org/v2/country/SOM/indicator/BX.KLT.DINV.WD.GD.ZS?format=json&per_page=1000&date=1960:2025&source=2
BX.KLT.DINV.WD.GD.ZS,"Foreign direct investment, net inflows (% of GDP)",finance,SOM,1979,0.00169616026711185,% of GDP,,source_reported,WDI_BX.KLT.DINV.WD.GD.ZS,2026-07-13,https://api.worldbank.org/v2/country/SOM/indicator/BX.KLT.DINV.WD.GD.ZS?format=json&per_page=1000&date=1960:2025&source=2
BX.KLT.DINV.WD.GD.ZS,"Foreign direct investment, net inflows (% of GDP)",finance,SOM,1980,-0.00497912461795744,% of GDP,,source_reported,WDI_BX.KLT.DINV.WD.GD.ZS,2026-07-13,https://api.worldbank.org/v2/country/SOM/indicator/BX.KLT.DINV.WD.GD.ZS?format=json&per_page=1000&date=1960:2025&source=2
BX.KLT.DINV.WD.GD.ZS,"Foreign direct investment, net inflows (% of GDP)",finance,SOM,1981,0.0157299601015597,% of GDP,,source_reported,WDI_BX.KLT.DINV.WD.GD.ZS,2026-07-13,https://api.worldbank.org/v2/country/SOM/indicator/BX.KLT.DINV.WD.GD.ZS?format=json&per_page=1000&date=1960:2025&source=2
BX.KLT.DINV.WD.GD.ZS,"Foreign direct investment, net inflows (% of GDP)",finance,SOM,1982,-0.0981178248771942,% of GDP,,source_reported,WDI_BX.KLT.DINV.WD.GD.ZS,2026-07-13,https://api.worldbank.org/v2/country/SOM/indicator/BX.KLT.DINV.WD.GD.ZS?format=json&per_page=1000&date=1960:2025&source=2
BX.KLT.DINV.WD.GD.ZS,"Foreign direct investment, net inflows (% of GDP)",finance,SOM,1983,-1.11910569614848,% of GDP,,source_reported,WDI_BX.KLT.DINV.WD.GD.ZS,2026-07-13,https://api.worldbank.org/v2/country/SOM/indicator/BX.KLT.DINV.WD.GD.ZS?format=json&per_page=1000&date=1960:2025&source=2
BX.KLT.DINV.WD.GD.ZS,"Foreign direct investment, net inflows (% of GDP)",finance,SOM,1984,-1.89730056382825,% of GDP,,source_reported,WDI_BX.KLT.DINV.WD.GD.ZS,2026-07-13,https://api.worldbank.org/v2/country/SOM/indicator/BX.KLT.DINV.WD.GD.ZS?format=json&per_page=1000&date=1960:2025&source=2
BX.KLT.DINV.WD.GD.ZS,"Foreign direct investment, net inflows (% of GDP)",finance,SOM,1985,-0.0810777866880513,% of GDP,,source_reported,WDI_BX.KLT.DINV.WD.GD.ZS,2026-07-13,https://api.worldbank.org/v2/country/SOM/indicator/BX.KLT.DINV.WD.GD.ZS?format=json&per_page=1000&date=1960:2025&source=2
BX.KLT.DINV.WD.GD.ZS,"Foreign direct investment, net inflows (% of GDP)",finance,SOM,1986,0.333845817091959,% of GDP,,source_reported,WDI_BX.KLT.DINV.WD.GD.ZS,2026-07-13,https://api.worldbank.org/v2/country/SOM/indicator/BX.KLT.DINV.WD.GD.ZS?format=json&per_page=1000&date=1960:2025&source=2
BX.KLT.DINV.WD.GD.ZS,"Foreign direct investment, net inflows (% of GDP)",finance,SOM,1987,6.31420274987029,% of GDP,,source_reported,WDI_BX.KLT.DINV.WD.GD.ZS,2026-07-13,https://api.worldbank.org/v2/country/SOM/indicator/BX.KLT.DINV.WD.GD.ZS?format=json&per_page=1000&date=1960:2025&source=2
BX.KLT.DINV.WD.GD.ZS,"Foreign direct investment, net inflows (% of GDP)",finance,SOM,1988,-4.12610547161171,% of GDP,,source_reported,WDI_BX.KLT.DINV.WD.GD.ZS,2026-07-13,https://api.worldbank.org/v2/country/SOM/indicator/BX.KLT.DINV.WD.GD.ZS?format=json&per_page=1000&date=1960:2025&source=2
BX.KLT.DINV.WD.GD.ZS,"Foreign direct investment, net inflows (% of GDP)",finance,SOM,1989,-3.48411749985575,% of GDP,,source_reported,WDI_BX.KLT.DINV.WD.GD.ZS,2026-07-13,https://api.worldbank.org/v2/country/SOM/indicator/BX.KLT.DINV.WD.GD.ZS?format=json&per_page=1000&date=1960:2025&source=2
BX.KLT.DINV.WD.GD.ZS,"Foreign direct investment, net inflows (% of GDP)",finance,SOM,1990,0.542043743616222,% of GDP,,source_reported,WDI_BX.KLT.DINV.WD.GD.ZS,2026-07-13,https://api.worldbank.org/v2/country/SOM/indicator/BX.KLT.DINV.WD.GD.ZS?format=json&per_page=1000&date=1960:2025&source=2
BX.KLT.DINV.WD.GD.ZS,"Foreign direct investment, net inflows (% of GDP)",finance,SOM,1991,-0.0208920943868446,% of GDP,,source_reported,WDI_BX.KLT.DINV.WD.GD.ZS,2026-07-13,https://api.worldbank.org/v2/country/SOM/indicator/BX.KLT.DINV.WD.GD.ZS?format=json&per_page=1000&date=1960:2025&source=2
BX.KLT.DINV.WD.GD.ZS,"Foreign direct investment, net inflows (% of GDP)",finance,SOM,1992,-0.0084590730066901,% of GDP,,source_reported,WDI_BX.KLT.DINV.WD.GD.ZS,2026-07-13,https://api.worldbank.org/v2/country/SOM/indicator/BX.KLT.DINV.WD.GD.ZS?format=json&per_page=1000&date=1960:2025&source=2
BX.KLT.DINV.WD.GD.ZS,"Foreign direct investment, net inflows (% of GDP)",finance,SOM,1993,0.158713411217009,% of GDP,,source_reported,WDI_BX.KLT.DINV.WD.GD.ZS,2026-07-13,https://api.worldbank.org/v2/country/SOM/indicator/BX.KLT.DINV.WD.GD.ZS?format=json&per_page=1000&date=1960:2025&source=2
BX.KLT.DINV.WD.GD.ZS,"Foreign direct investment, net inflows (% of GDP)",finance,SOM,1994,0.0675125950729571,% of GDP,,source_reported,WDI_BX.KLT.DINV.WD.GD.ZS,2026-07-13,https://api.worldbank.org/v2/country/SOM/indicator/BX.KLT.DINV.WD.GD.ZS?format=json&per_page=1000&date=1960:2025&source=2
BX.KLT.DINV.WD.GD.ZS,"Foreign direct investment, net inflows (% of GDP)",finance,SOM,1995,0.0651569312862244,% of GDP,,source_reported,WDI_BX.KLT.DINV.WD.GD.ZS,2026-07-13,https://api.worldbank.org/v2/country/SOM/indicator/BX.KLT.DINV.WD.GD.ZS?format=json&per_page=1000&date=1960:2025&source=2
BX.KLT.DINV.WD.GD.ZS,"Foreign direct investment, net inflows (% of GDP)",finance,SOM,1996,0.0725351591525596,% of GDP,,source_reported,WDI_BX.KLT.DINV.WD.GD.ZS,2026-07-13,https://api.worldbank.org/v2/country/SOM/indicator/BX.KLT.DINV.WD.GD.ZS?format=json&per_page=1000&date=1960:2025&source=2
BX.KLT.DINV.WD.GD.ZS,"Foreign direct investment, net inflows (% of GDP)",finance,SOM,1997,0.0501882283593522,% of GDP,,source_reported,WDI_BX.KLT.DINV.WD.GD.ZS,2026-07-13,https://api.worldbank.org/v2/country/SOM/indicator/BX.KLT.DINV.WD.GD.ZS?format=json&per_page=1000&date=1960:2025&source=2
BX.KLT.DINV.WD.GD.ZS,"Foreign direct investment, net inflows (% of GDP)",finance,SOM,1998,0.00135041720735769,% of GDP,,source_reported,WDI_BX.KLT.DINV.WD.GD.ZS,2026-07-13,https://api.worldbank.org/v2/country/SOM/indicator/BX.KLT.DINV.WD.GD.ZS?format=json&per_page=1000&date=1960:2025&source=2
BX.KLT.DINV.WD.GD.ZS,"Foreign direct investment, net inflows (% of GDP)",finance,SOM,1999,-0.0265944215292669,% of GDP,,source_reported,WDI_BX.KLT.DINV.WD.GD.ZS,2026-07-13,https://api.worldbank.org/v2/country/SOM/indicator/BX.KLT.DINV.WD.GD.ZS?format=json&per_page=1000&date=1960:2025&source=2
BX.KLT.DINV.WD.GD.ZS,"Foreign direct investment, net inflows (% of GDP)",finance,SOM,2000,0.00791139831589152,% of GDP,,source_reported,WDI_BX.KLT.DINV.WD.GD.ZS,2026-07-13,https://api.worldbank.org/v2/country/SOM/indicator/BX.KLT.DINV.WD.GD.ZS?format=json&per_page=1000&date=1960:2025&source=2
BX.KLT.DINV.WD.GD.ZS,"Foreign direct investment, net inflows (% of GDP)",finance,SOM,2001,0.00177553077281127,% of GDP,,source_reported,WDI_BX.KLT.DINV.WD.GD.ZS,2026-07-13,https://api.worldbank.org/v2/country/SOM/indicator/BX.KLT.DINV.WD.GD.ZS?format=json&per_page=1000&date=1960:2025&source=2
BX.KLT.DINV.WD.GD.ZS,"Foreign direct investment, net inflows (% of GDP)",finance,SOM,2002,0.00638486856320524,% of GDP,,source_reported,WDI_BX.KLT.DINV.WD.GD.ZS,2026-07-13,https://api.worldbank.org/v2/country/SOM/indicator/BX.KLT.DINV.WD.GD.ZS?format=json&per_page=1000&date=1960:2025&source=2
BX.KLT.DINV.WD.GD.ZS,"Foreign direct investment, net inflows (% of GDP)",finance,SOM,2003,-0.0299641380218025,% of GDP,,source_reported,WDI_BX.KLT.DINV.WD.GD.ZS,2026-07-13,https://api.worldbank.org/v2/country/SOM/indicator/BX.KLT.DINV.WD.GD.ZS?format=json&per_page=1000&date=1960:2025&source=2
BX.KLT.DINV.WD.GD.ZS,"Foreign direct investment, net inflows (% of GDP)",finance,SOM,2004,-0.124106356083442,% of GDP,,source_reported,WDI_BX.KLT.DINV.WD.GD.ZS,2026-07-13,https://api.worldbank.org/v2/country/SOM/indicator/BX.KLT.DINV.WD.GD.ZS?format=json&per_page=1000&date=1960:2025&source=2
BX.KLT.DINV.WD.GD.ZS,"Foreign direct investment, net inflows (% of GDP)",finance,SOM,2005,0.51246502261239,% of GDP,,source_reported,WDI_BX.KLT.DINV.WD.GD.ZS,2026-07-13,https://api.worldbank.org/v2/country/SOM/indicator/BX.KLT.DINV.WD.GD.ZS?format=json&per_page=1000&date=1960:2025&source=2
BX.KLT.DINV.WD.GD.ZS,"Foreign direct investment, net inflows (% of GDP)",finance,SOM,2006,1.90978521507055,% of GDP,,source_reported,WDI_BX.KLT.DINV.WD.GD.ZS,2026-07-13,https://api.worldbank.org/v2/country/SOM/indicator/BX.KLT.DINV.WD.GD.ZS?format=json&per_page=1000&date=1960:2025&source=2
BX.KLT.DINV.WD.GD.ZS,"Foreign direct investment, net inflows (% of GDP)",finance,SOM,2007,2.5963438148083,% of GDP,,source_reported,WDI_BX.KLT.DINV.WD.GD.ZS,2026-07-13,https://api.worldbank.org/v2/country/SOM/indicator/BX.KLT.DINV.WD.GD.ZS?format=json&per_page=1000&date=1960:2025&source=2
BX.KLT.DINV.WD.GD.ZS,"Foreign direct investment, net inflows (% of GDP)",finance,SOM,2008,1.47118001648448,% of GDP,,source_reported,WDI_BX.KLT.DINV.WD.GD.ZS,2026-07-13,https://api.worldbank.org/v2/country/SOM/indicator/BX.KLT.DINV.WD.GD.ZS?format=json&per_page=1000&date=1960:2025&source=2
BX.KLT.DINV.WD.GD.ZS,"Foreign direct investment, net inflows (% of GDP)",finance,SOM,2009,3.66276197282804,% of GDP,,source_reported,WDI_BX.KLT.DINV.WD.GD.ZS,2026-07-13,https://api.worldbank.org/v2/country/SOM/indicator/BX.KLT.DINV.WD.GD.ZS?format=json&per_page=1000&date=1960:2025&source=2
BX.KLT.DINV.WD.GD.ZS,"Foreign direct investment, net inflows (% of GDP)",finance,SOM,2010,4.16696585149836,% of GDP,,source_reported,WDI_BX.KLT.DINV.WD.GD.ZS,2026-07-13,https://api.worldbank.org/v2/country/SOM/indicator/BX.KLT.DINV.WD.GD.ZS?format=json&per_page=1000&date=1960:2025&source=2
BX.KLT.DINV.WD.GD.ZS,"Foreign direct investment, net inflows (% of GDP)",finance,SOM,2011,3.50997923598382,% of GDP,,source_reported,WDI_BX.KLT.DINV.WD.GD.ZS,2026-07-13,https://api.worldbank.org/v2/country/SOM/indicator/BX.KLT.DINV.WD.GD.ZS?format=json&per_page=1000&date=1960:2025&source=2
BX.KLT.DINV.WD.GD.ZS,"Foreign direct investment, net inflows (% of GDP)",finance,SOM,2012,2.45906325256211,% of GDP,,source_reported,WDI_BX.KLT.DINV.WD.GD.ZS,2026-07-13,https://api.worldbank.org/v2/country/SOM/indicator/BX.KLT.DINV.WD.GD.ZS?format=json&per_page=1000&date=1960:2025&source=2
BX.KLT.DINV.WD.GD.ZS,"Foreign direct investment, net inflows (% of GDP)",finance,SOM,2013,5.09591217775954,% of GDP,,source_reported,WDI_BX.KLT.DINV.WD.GD.ZS,2026-07-13,https://api.worldbank.org/v2/country/SOM/indicator/BX.KLT.DINV.WD.GD.ZS?format=json&per_page=1000&date=1960:2025&source=2
BX.KLT.DINV.WD.GD.ZS,"Foreign direct investment, net inflows (% of GDP)",finance,SOM,2014,4.55624629490798,% of GDP,,source_reported,WDI_BX.KLT.DINV.WD.GD.ZS,2026-07-13,https://api.worldbank.org/v2/country/SOM/indicator/BX.KLT.DINV.WD.GD.ZS?format=json&per_page=1000&date=1960:2025&source=2
BX.KLT.DINV.WD.GD.ZS,"Foreign direct investment, net inflows (% of GDP)",finance,SOM,2015,4.92510820324606,% of GDP,,source_reported,WDI_BX.KLT.DINV.WD.GD.ZS,2026-07-13,https://api.worldbank.org/v2/country/SOM/indicator/BX.KLT.DINV.WD.GD.ZS?format=json&per_page=1000&date=1960:2025&source=2
BX.KLT.DINV.WD.GD.ZS,"Foreign direct investment, net inflows (% of GDP)",finance,SOM,2016,4.9896102178043,% of GDP,,source_reported,WDI_BX.KLT.DINV.WD.GD.ZS,2026-07-13,https://api.worldbank.org/v2/country/SOM/indicator/BX.KLT.DINV.WD.GD.ZS?format=json&per_page=1000&date=1960:2025&source=2
BX.KLT.DINV.WD.GD.ZS,"Foreign direct investment, net inflows (% of GDP)",finance,SOM,2017,4.84156553446397,% of GDP,,source_reported,WDI_BX.KLT.DINV.WD.GD.ZS,2026-07-13,https://api.worldbank.org/v2/country/SOM/indicator/BX.KLT.DINV.WD.GD.ZS?format=json&per_page=1000&date=1960:2025&source=2
BX.KLT.DINV.WD.GD.ZS,"Foreign direct investment, net inflows (% of GDP)",finance,SOM,2018,5.18226851263813,% of GDP,,source_reported,WDI_BX.KLT.DINV.WD.GD.ZS,2026-07-13,https://api.worldbank.org/v2/country/SOM/indicator/BX.KLT.DINV.WD.GD.ZS?format=json&per_page=1000&date=1960:2025&source=2
BX.KLT.DINV.WD.GD.ZS,"Foreign direct investment, net inflows (% of GDP)",finance,SOM,2019,5.16404805914972,% of GDP,,source_reported,WDI_BX.KLT.DINV.WD.GD.ZS,2026-07-13,https://api.worldbank.org/v2/country/SOM/indicator/BX.KLT.DINV.WD.GD.ZS?format=json&per_page=1000&date=1960:2025&source=2
BX.KLT.DINV.WD.GD.ZS,"Foreign direct investment, net inflows (% of GDP)",finance,SOM,2020,6.18915159944367,% of GDP,,source_reported,WDI_BX.KLT.DINV.WD.GD.ZS,2026-07-13,https://api.worldbank.org/v2/country/SOM/indicator/BX.KLT.DINV.WD.GD.ZS?format=json&per_page=1000&date=1960:2025&source=2
BX.KLT.DINV.WD.GD.ZS,"Foreign direct investment, net inflows (% of GDP)",finance,SOM,2021,6.33765685964357,% of GDP,,source_reported,WDI_BX.KLT.DINV.WD.GD.ZS,2026-07-13,https://api.worldbank.org/v2/country/SOM/indicator/BX.KLT.DINV.WD.GD.ZS?format=json&per_page=1000&date=1960:2025&source=2
BX.KLT.DINV.WD.GD.ZS,"Foreign direct investment, net inflows (% of GDP)",finance,SOM,2022,6.23346074683917,% of GDP,,source_reported,WDI_BX.KLT.DINV.WD.GD.ZS,2026-07-13,https://api.worldbank.org/v2/country/SOM/indicator/BX.KLT.DINV.WD.GD.ZS?format=json&per_page=1000&date=1960:2025&source=2
BX.KLT.DINV.WD.GD.ZS,"Foreign direct investment, net inflows (% of GDP)",finance,SOM,2023,6.17357181967512,% of GDP,,source_reported,WDI_BX.KLT.DINV.WD.GD.ZS,2026-07-13,https://api.worldbank.org/v2/country/SOM/indicator/BX.KLT.DINV.WD.GD.ZS?format=json&per_page=1000&date=1960:2025&source=2
BX.KLT.DINV.WD.GD.ZS,"Foreign direct investment, net inflows (% of GDP)",finance,SOM,2024,6.39257959388318,% of GDP,,source_reported,WDI_BX.KLT.DINV.WD.GD.ZS,2026-07-13,https://api.worldbank.org/v2/country/SOM/indicator/BX.KLT.DINV.WD.GD.ZS?format=json&per_page=1000&date=1960:2025&source=2
BX.KLT.DINV.WD.GD.ZS,"Foreign direct investment, net inflows (% of GDP)",finance,SOM,2025,,% of GDP,,missing,WDI_BX.KLT.DINV.WD.GD.ZS,2026-07-13,https://api.worldbank.org/v2/country/SOM/indicator/BX.KLT.DINV.WD.GD.ZS?format=json&per_page=1000&date=1960:2025&source=2
BX.TRF.PWKR.DT.GD.ZS,"Personal remittances, received (% of GDP)",finance,SOM,1960,,% of GDP,,missing,WDI_BX.TRF.PWKR.DT.GD.ZS,2026-07-13,https://api.worldbank.org/v2/country/SOM/indicator/BX.TRF.PWKR.DT.GD.ZS?format=json&per_page=1000&date=1960:2025&source=2
BX.TRF.PWKR.DT.GD.ZS,"Personal remittances, received (% of GDP)",finance,SOM,1961,,% of GDP,,missing,WDI_BX.TRF.PWKR.DT.GD.ZS,2026-07-13,https://api.worldbank.org/v2/country/SOM/indicator/BX.TRF.PWKR.DT.GD.ZS?format=json&per_page=1000&date=1960:2025&source=2
BX.TRF.PWKR.DT.GD.ZS,"Personal remittances, received (% of GDP)",finance,SOM,1962,,% of GDP,,missing,WDI_BX.TRF.PWKR.DT.GD.ZS,2026-07-13,https://api.worldbank.org/v2/country/SOM/indicator/BX.TRF.PWKR.DT.GD.ZS?format=json&per_page=1000&date=1960:2025&source=2
BX.TRF.PWKR.DT.GD.ZS,"Personal remittances, received (% of GDP)",finance,SOM,1963,,% of GDP,,missing,WDI_BX.TRF.PWKR.DT.GD.ZS,2026-07-13,https://api.worldbank.org/v2/country/SOM/indicator/BX.TRF.PWKR.DT.GD.ZS?format=json&per_page=1000&date=1960:2025&source=2
BX.TRF.PWKR.DT.GD.ZS,"Personal remittances, received (% of GDP)",finance,SOM,1964,,% of GDP,,missing,WDI_BX.TRF.PWKR.DT.GD.ZS,2026-07-13,https://api.worldbank.org/v2/country/SOM/indicator/BX.TRF.PWKR.DT.GD.ZS?format=json&per_page=1000&date=1960:2025&source=2
BX.TRF.PWKR.DT.GD.ZS,"Personal remittances, received (% of GDP)",finance,SOM,1965,,% of GDP,,missing,WDI_BX.TRF.PWKR.DT.GD.ZS,2026-07-13,https://api.worldbank.org/v2/country/SOM/indicator/BX.TRF.PWKR.DT.GD.ZS?format=json&per_page=1000&date=1960:2025&source=2
BX.TRF.PWKR.DT.GD.ZS,"Personal remittances, received (% of GDP)",finance,SOM,1966,,% of GDP,,missing,WDI_BX.TRF.PWKR.DT.GD.ZS,2026-07-13,https://api.worldbank.org/v2/country/SOM/indicator/BX.TRF.PWKR.DT.GD.ZS?format=json&per_page=1000&date=1960:2025&source=2
BX.TRF.PWKR.DT.GD.ZS,"Personal remittances, received (% of GDP)",finance,SOM,1967,,% of GDP,,missing,WDI_BX.TRF.PWKR.DT.GD.ZS,2026-07-13,https://api.worldbank.org/v2/country/SOM/indicator/BX.TRF.PWKR.DT.GD.ZS?format=json&per_page=1000&date=1960:2025&source=2
BX.TRF.PWKR.DT.GD.ZS,"Personal remittances, received (% of GDP)",finance,SOM,1968,,% of GDP,,missing,WDI_BX.TRF.PWKR.DT.GD.ZS,2026-07-13,https://api.worldbank.org/v2/country/SOM/indicator/BX.TRF.PWKR.DT.GD.ZS?format=json&per_page=1000&date=1960:2025&source=2
BX.TRF.PWKR.DT.GD.ZS,"Personal remittances, received (% of GDP)",finance,SOM,1969,,% of GDP,,missing,WDI_BX.TRF.PWKR.DT.GD.ZS,2026-07-13,https://api.worldbank.org/v2/country/SOM/indicator/BX.TRF.PWKR.DT.GD.ZS?format=json&per_page=1000&date=1960:2025&source=2
BX.TRF.PWKR.DT.GD.ZS,"Personal remittances, received (% of GDP)",finance,SOM,1970,,% of GDP,,missing,WDI_BX.TRF.PWKR.DT.GD.ZS,2026-07-13,https://api.worldbank.org/v2/country/SOM/indicator/BX.TRF.PWKR.DT.GD.ZS?format=json&per_page=1000&date=1960:2025&source=2
BX.TRF.PWKR.DT.GD.ZS,"Personal remittances, received (% of GDP)",finance,SOM,1971,,% of GDP,,missing,WDI_BX.TRF.PWKR.DT.GD.ZS,2026-07-13,https://api.worldbank.org/v2/country/SOM/indicator/BX.TRF.PWKR.DT.GD.ZS?format=json&per_page=1000&date=1960:2025&source=2
BX.TRF.PWKR.DT.GD.ZS,"Personal remittances, received (% of GDP)",finance,SOM,1972,,% of GDP,,missing,WDI_BX.TRF.PWKR.DT.GD.ZS,2026-07-13,https://api.worldbank.org/v2/country/SOM/indicator/BX.TRF.PWKR.DT.GD.ZS?format=json&per_page=1000&date=1960:2025&source=2
BX.TRF.PWKR.DT.GD.ZS,"Personal remittances, received (% of GDP)",finance,SOM,1973,,% of GDP,,missing,WDI_BX.TRF.PWKR.DT.GD.ZS,2026-07-13,https://api.worldbank.org/v2/country/SOM/indicator/BX.TRF.PWKR.DT.GD.ZS?format=json&per_page=1000&date=1960:2025&source=2
BX.TRF.PWKR.DT.GD.ZS,"Personal remittances, received (% of GDP)",finance,SOM,1974,,% of GDP,,missing,WDI_BX.TRF.PWKR.DT.GD.ZS,2026-07-13,https://api.worldbank.org/v2/country/SOM/indicator/BX.TRF.PWKR.DT.GD.ZS?format=json&per_page=1000&date=1960:2025&source=2
BX.TRF.PWKR.DT.GD.ZS,"Personal remittances, received (% of GDP)",finance,SOM,1975,,% of GDP,,missing,WDI_BX.TRF.PWKR.DT.GD.ZS,2026-07-13,https://api.worldbank.org/v2/country/SOM/indicator/BX.TRF.PWKR.DT.GD.ZS?format=json&per_page=1000&date=1960:2025&source=2
BX.TRF.PWKR.DT.GD.ZS,"Personal remittances, received (% of GDP)",finance,SOM,1976,,% of GDP,,missing,WDI_BX.TRF.PWKR.DT.GD.ZS,2026-07-13,https://api.worldbank.org/v2/country/SOM/indicator/BX.TRF.PWKR.DT.GD.ZS?format=json&per_page=1000&date=1960:2025&source=2
BX.TRF.PWKR.DT.GD.ZS,"Personal remittances, received (% of GDP)",finance,SOM,1977,,% of GDP,,missing,WDI_BX.TRF.PWKR.DT.GD.ZS,2026-07-13,https://api.worldbank.org/v2/country/SOM/indicator/BX.TRF.PWKR.DT.GD.ZS?format=json&per_page=1000&date=1960:2025&source=2
BX.TRF.PWKR.DT.GD.ZS,"Personal remittances, received (% of GDP)",finance,SOM,1978,,% of GDP,,missing,WDI_BX.TRF.PWKR.DT.GD.ZS,2026-07-13,https://api.worldbank.org/v2/country/SOM/indicator/BX.TRF.PWKR.DT.GD.ZS?format=json&per_page=1000&date=1960:2025&source=2
BX.TRF.PWKR.DT.GD.ZS,"Personal remittances, received (% of GDP)",finance,SOM,1979,6.21611059050417,% of GDP,,source_reported,WDI_BX.TRF.PWKR.DT.GD.ZS,2026-07-13,https://api.worldbank.org/v2/country/SOM/indicator/BX.TRF.PWKR.DT.GD.ZS?format=json&per_page=1000&date=1960:2025&source=2
BX.TRF.PWKR.DT.GD.ZS,"Personal remittances, received (% of GDP)",finance,SOM,1980,9.50212578365538,% of GDP,,source_reported,WDI_BX.TRF.PWKR.DT.GD.ZS,2026-07-13,https://api.worldbank.org/v2/country/SOM/indicator/BX.TRF.PWKR.DT.GD.ZS?format=json&per_page=1000&date=1960:2025&source=2
BX.TRF.PWKR.DT.GD.ZS,"Personal remittances, received (% of GDP)",finance,SOM,1981,1.02223726620339,% of GDP,,source_reported,WDI_BX.TRF.PWKR.DT.GD.ZS,2026-07-13,https://api.worldbank.org/v2/country/SOM/indicator/BX.TRF.PWKR.DT.GD.ZS?format=json&per_page=1000&date=1960:2025&source=2
BX.TRF.PWKR.DT.GD.ZS,"Personal remittances, received (% of GDP)",finance,SOM,1982,2.56875384017375,% of GDP,,source_reported,WDI_BX.TRF.PWKR.DT.GD.ZS,2026-07-13,https://api.worldbank.org/v2/country/SOM/indicator/BX.TRF.PWKR.DT.GD.ZS?format=json&per_page=1000&date=1960:2025&source=2
BX.TRF.PWKR.DT.GD.ZS,"Personal remittances, received (% of GDP)",finance,SOM,1983,2.95080769214427,% of GDP,,source_reported,WDI_BX.TRF.PWKR.DT.GD.ZS,2026-07-13,https://api.worldbank.org/v2/country/SOM/indicator/BX.TRF.PWKR.DT.GD.ZS?format=json&per_page=1000&date=1960:2025&source=2
BX.TRF.PWKR.DT.GD.ZS,"Personal remittances, received (% of GDP)",finance,SOM,1984,,% of GDP,,missing,WDI_BX.TRF.PWKR.DT.GD.ZS,2026-07-13,https://api.worldbank.org/v2/country/SOM/indicator/BX.TRF.PWKR.DT.GD.ZS?format=json&per_page=1000&date=1960:2025&source=2
BX.TRF.PWKR.DT.GD.ZS,"Personal remittances, received (% of GDP)",finance,SOM,1985,,% of GDP,,missing,WDI_BX.TRF.PWKR.DT.GD.ZS,2026-07-13,https://api.worldbank.org/v2/country/SOM/indicator/BX.TRF.PWKR.DT.GD.ZS?format=json&per_page=1000&date=1960:2025&source=2
BX.TRF.PWKR.DT.GD.ZS,"Personal remittances, received (% of GDP)",finance,SOM,1986,,% of GDP,,missing,WDI_BX.TRF.PWKR.DT.GD.ZS,2026-07-13,https://api.worldbank.org/v2/country/SOM/indicator/BX.TRF.PWKR.DT.GD.ZS?format=json&per_page=1000&date=1960:2025&source=2
BX.TRF.PWKR.DT.GD.ZS,"Personal remittances, received (% of GDP)",finance,SOM,1987,,% of GDP,,missing,WDI_BX.TRF.PWKR.DT.GD.ZS,2026-07-13,https://api.worldbank.org/v2/country/SOM/indicator/BX.TRF.PWKR.DT.GD.ZS?format=json&per_page=1000&date=1960:2025&source=2
BX.TRF.PWKR.DT.GD.ZS,"Personal remittances, received (% of GDP)",finance,SOM,1988,,% of GDP,,missing,WDI_BX.TRF.PWKR.DT.GD.ZS,2026-07-13,https://api.worldbank.org/v2/country/SOM/indicator/BX.TRF.PWKR.DT.GD.ZS?format=json&per_page=1000&date=1960:2025&source=2
BX.TRF.PWKR.DT.GD.ZS,"Personal remittances, received (% of GDP)",finance,SOM,1989,,% of GDP,,missing,WDI_BX.TRF.PWKR.DT.GD.ZS,2026-07-13,https://api.worldbank.org/v2/country/SOM/indicator/BX.TRF.PWKR.DT.GD.ZS?format=json&per_page=1000&date=1960:2025&source=2
BX.TRF.PWKR.DT.GD.ZS,"Personal remittances, received (% of GDP)",finance,SOM,1990,,% of GDP,,missing,WDI_BX.TRF.PWKR.DT.GD.ZS,2026-07-13,https://api.worldbank.org/v2/country/SOM/indicator/BX.TRF.PWKR.DT.GD.ZS?format=json&per_page=1000&date=1960:2025&source=2
BX.TRF.PWKR.DT.GD.ZS,"Personal remittances, received (% of GDP)",finance,SOM,1991,,% of GDP,,missing,WDI_BX.TRF.PWKR.DT.GD.ZS,2026-07-13,https://api.worldbank.org/v2/country/SOM/indicator/BX.TRF.PWKR.DT.GD.ZS?format=json&per_page=1000&date=1960:2025&source=2
BX.TRF.PWKR.DT.GD.ZS,"Personal remittances, received (% of GDP)",finance,SOM,1992,,% of GDP,,missing,WDI_BX.TRF.PWKR.DT.GD.ZS,2026-07-13,https://api.worldbank.org/v2/country/SOM/indicator/BX.TRF.PWKR.DT.GD.ZS?format=json&per_page=1000&date=1960:2025&source=2
BX.TRF.PWKR.DT.GD.ZS,"Personal remittances, received (% of GDP)",finance,SOM,1993,,% of GDP,,missing,WDI_BX.TRF.PWKR.DT.GD.ZS,2026-07-13,https://api.worldbank.org/v2/country/SOM/indicator/BX.TRF.PWKR.DT.GD.ZS?format=json&per_page=1000&date=1960:2025&source=2
BX.TRF.PWKR.DT.GD.ZS,"Personal remittances, received (% of GDP)",finance,SOM,1994,,% of GDP,,missing,WDI_BX.TRF.PWKR.DT.GD.ZS,2026-07-13,https://api.worldbank.org/v2/country/SOM/indicator/BX.TRF.PWKR.DT.GD.ZS?format=json&per_page=1000&date=1960:2025&source=2
BX.TRF.PWKR.DT.GD.ZS,"Personal remittances, received (% of GDP)",finance,SOM,1995,,% of GDP,,missing,WDI_BX.TRF.PWKR.DT.GD.ZS,2026-07-13,https://api.worldbank.org/v2/country/SOM/indicator/BX.TRF.PWKR.DT.GD.ZS?format=json&per_page=1000&date=1960:2025&source=2
BX.TRF.PWKR.DT.GD.ZS,"Personal remittances, received (% of GDP)",finance,SOM,1996,,% of GDP,,missing,WDI_BX.TRF.PWKR.DT.GD.ZS,2026-07-13,https://api.worldbank.org/v2/country/SOM/indicator/BX.TRF.PWKR.DT.GD.ZS?format=json&per_page=1000&date=1960:2025&source=2
BX.TRF.PWKR.DT.GD.ZS,"Personal remittances, received (% of GDP)",finance,SOM,1997,,% of GDP,,missing,WDI_BX.TRF.PWKR.DT.GD.ZS,2026-07-13,https://api.worldbank.org/v2/country/SOM/indicator/BX.TRF.PWKR.DT.GD.ZS?format=json&per_page=1000&date=1960:2025&source=2
BX.TRF.PWKR.DT.GD.ZS,"Personal remittances, received (% of GDP)",finance,SOM,1998,,% of GDP,,missing,WDI_BX.TRF.PWKR.DT.GD.ZS,2026-07-13,https://api.worldbank.org/v2/country/SOM/indicator/BX.TRF.PWKR.DT.GD.ZS?format=json&per_page=1000&date=1960:2025&source=2
BX.TRF.PWKR.DT.GD.ZS,"Personal remittances, received (% of GDP)",finance,SOM,1999,,% of GDP,,missing,WDI_BX.TRF.PWKR.DT.GD.ZS,2026-07-13,https://api.worldbank.org/v2/country/SOM/indicator/BX.TRF.PWKR.DT.GD.ZS?format=json&per_page=1000&date=1960:2025&source=2
BX.TRF.PWKR.DT.GD.ZS,"Personal remittances, received (% of GDP)",finance,SOM,2000,,% of GDP,,missing,WDI_BX.TRF.PWKR.DT.GD.ZS,2026-07-13,https://api.worldbank.org/v2/country/SOM/indicator/BX.TRF.PWKR.DT.GD.ZS?format=json&per_page=1000&date=1960:2025&source=2
BX.TRF.PWKR.DT.GD.ZS,"Personal remittances, received (% of GDP)",finance,SOM,2001,,% of GDP,,missing,WDI_BX.TRF.PWKR.DT.GD.ZS,2026-07-13,https://api.worldbank.org/v2/country/SOM/indicator/BX.TRF.PWKR.DT.GD.ZS?format=json&per_page=1000&date=1960:2025&source=2
BX.TRF.PWKR.DT.GD.ZS,"Personal remittances, received (% of GDP)",finance,SOM,2002,,% of GDP,,missing,WDI_BX.TRF.PWKR.DT.GD.ZS,2026-07-13,https://api.worldbank.org/v2/country/SOM/indicator/BX.TRF.PWKR.DT.GD.ZS?format=json&per_page=1000&date=1960:2025&source=2
BX.TRF.PWKR.DT.GD.ZS,"Personal remittances, received (% of GDP)",finance,SOM,2003,,% of GDP,,missing,WDI_BX.TRF.PWKR.DT.GD.ZS,2026-07-13,https://api.worldbank.org/v2/country/SOM/indicator/BX.TRF.PWKR.DT.GD.ZS?format=json&per_page=1000&date=1960:2025&source=2
BX.TRF.PWKR.DT.GD.ZS,"Personal remittances, received (% of GDP)",finance,SOM,2004,,% of GDP,,missing,WDI_BX.TRF.PWKR.DT.GD.ZS,2026-07-13,https://api.worldbank.org/v2/country/SOM/indicator/BX.TRF.PWKR.DT.GD.ZS?format=json&per_page=1000&date=1960:2025&source=2
BX.TRF.PWKR.DT.GD.ZS,"Personal remittances, received (% of GDP)",finance,SOM,2005,,% of GDP,,missing,WDI_BX.TRF.PWKR.DT.GD.ZS,2026-07-13,https://api.worldbank.org/v2/country/SOM/indicator/BX.TRF.PWKR.DT.GD.ZS?format=json&per_page=1000&date=1960:2025&source=2
BX.TRF.PWKR.DT.GD.ZS,"Personal remittances, received (% of GDP)",finance,SOM,2006,,% of GDP,,missing,WDI_BX.TRF.PWKR.DT.GD.ZS,2026-07-13,https://api.worldbank.org/v2/country/SOM/indicator/BX.TRF.PWKR.DT.GD.ZS?format=json&per_page=1000&date=1960:2025&source=2
BX.TRF.PWKR.DT.GD.ZS,"Personal remittances, received (% of GDP)",finance,SOM,2007,,% of GDP,,missing,WDI_BX.TRF.PWKR.DT.GD.ZS,2026-07-13,https://api.worldbank.org/v2/country/SOM/indicator/BX.TRF.PWKR.DT.GD.ZS?format=json&per_page=1000&date=1960:2025&source=2
BX.TRF.PWKR.DT.GD.ZS,"Personal remittances, received (% of GDP)",finance,SOM,2008,,% of GDP,,missing,WDI_BX.TRF.PWKR.DT.GD.ZS,2026-07-13,https://api.worldbank.org/v2/country/SOM/indicator/BX.TRF.PWKR.DT.GD.ZS?format=json&per_page=1000&date=1960:2025&source=2
BX.TRF.PWKR.DT.GD.ZS,"Personal remittances, received (% of GDP)",finance,SOM,2009,,% of GDP,,missing,WDI_BX.TRF.PWKR.DT.GD.ZS,2026-07-13,https://api.worldbank.org/v2/country/SOM/indicator/BX.TRF.PWKR.DT.GD.ZS?format=json&per_page=1000&date=1960:2025&source=2
BX.TRF.PWKR.DT.GD.ZS,"Personal remittances, received (% of GDP)",finance,SOM,2010,,% of GDP,,missing,WDI_BX.TRF.PWKR.DT.GD.ZS,2026-07-13,https://api.worldbank.org/v2/country/SOM/indicator/BX.TRF.PWKR.DT.GD.ZS?format=json&per_page=1000&date=1960:2025&source=2
BX.TRF.PWKR.DT.GD.ZS,"Personal remittances, received (% of GDP)",finance,SOM,2011,,% of GDP,,missing,WDI_BX.TRF.PWKR.DT.GD.ZS,2026-07-13,https://api.worldbank.org/v2/country/SOM/indicator/BX.TRF.PWKR.DT.GD.ZS?format=json&per_page=1000&date=1960:2025&source=2
BX.TRF.PWKR.DT.GD.ZS,"Personal remittances, received (% of GDP)",finance,SOM,2012,,% of GDP,,missing,WDI_BX.TRF.PWKR.DT.GD.ZS,2026-07-13,https://api.worldbank.org/v2/country/SOM/indicator/BX.TRF.PWKR.DT.GD.ZS?format=json&per_page=1000&date=1960:2025&source=2
BX.TRF.PWKR.DT.GD.ZS,"Personal remittances, received (% of GDP)",finance,SOM,2013,,% of GDP,,missing,WDI_BX.TRF.PWKR.DT.GD.ZS,2026-07-13,https://api.worldbank.org/v2/country/SOM/indicator/BX.TRF.PWKR.DT.GD.ZS?format=json&per_page=1000&date=1960:2025&source=2
BX.TRF.PWKR.DT.GD.ZS,"Personal remittances, received (% of GDP)",finance,SOM,2014,,% of GDP,,missing,WDI_BX.TRF.PWKR.DT.GD.ZS,2026-07-13,https://api.worldbank.org/v2/country/SOM/indicator/BX.TRF.PWKR.DT.GD.ZS?format=json&per_page=1000&date=1960:2025&source=2
BX.TRF.PWKR.DT.GD.ZS,"Personal remittances, received (% of GDP)",finance,SOM,2015,,% of GDP,,missing,WDI_BX.TRF.PWKR.DT.GD.ZS,2026-07-13,https://api.worldbank.org/v2/country/SOM/indicator/BX.TRF.PWKR.DT.GD.ZS?format=json&per_page=1000&date=1960:2025&source=2
BX.TRF.PWKR.DT.GD.ZS,"Personal remittances, received (% of GDP)",finance,SOM,2016,,% of GDP,,missing,WDI_BX.TRF.PWKR.DT.GD.ZS,2026-07-13,https://api.worldbank.org/v2/country/SOM/indicator/BX.TRF.PWKR.DT.GD.ZS?format=json&per_page=1000&date=1960:2025&source=2
BX.TRF.PWKR.DT.GD.ZS,"Personal remittances, received (% of GDP)",finance,SOM,2017,,% of GDP,,missing,WDI_BX.TRF.PWKR.DT.GD.ZS,2026-07-13,https://api.worldbank.org/v2/country/SOM/indicator/BX.TRF.PWKR.DT.GD.ZS?format=json&per_page=1000&date=1960:2025&source=2
BX.TRF.PWKR.DT.GD.ZS,"Personal remittances, received (% of GDP)",finance,SOM,2018,,% of GDP,,missing,WDI_BX.TRF.PWKR.DT.GD.ZS,2026-07-13,https://api.worldbank.org/v2/country/SOM/indicator/BX.TRF.PWKR.DT.GD.ZS?format=json&per_page=1000&date=1960:2025&source=2
BX.TRF.PWKR.DT.GD.ZS,"Personal remittances, received (% of GDP)",finance,SOM,2019,,% of GDP,,missing,WDI_BX.TRF.PWKR.DT.GD.ZS,2026-07-13,https://api.worldbank.org/v2/country/SOM/indicator/BX.TRF.PWKR.DT.GD.ZS?format=json&per_page=1000&date=1960:2025&source=2
BX.TRF.PWKR.DT.GD.ZS,"Personal remittances, received (% of GDP)",finance,SOM,2020,,% of GDP,,missing,WDI_BX.TRF.PWKR.DT.GD.ZS,2026-07-13,https://api.worldbank.org/v2/country/SOM/indicator/BX.TRF.PWKR.DT.GD.ZS?format=json&per_page=1000&date=1960:2025&source=2
BX.TRF.PWKR.DT.GD.ZS,"Personal remittances, received (% of GDP)",finance,SOM,2021,,% of GDP,,missing,WDI_BX.TRF.PWKR.DT.GD.ZS,2026-07-13,https://api.worldbank.org/v2/country/SOM/indicator/BX.TRF.PWKR.DT.GD.ZS?format=json&per_page=1000&date=1960:2025&source=2
BX.TRF.PWKR.DT.GD.ZS,"Personal remittances, received (% of GDP)",finance,SOM,2022,,% of GDP,,missing,WDI_BX.TRF.PWKR.DT.GD.ZS,2026-07-13,https://api.worldbank.org/v2/country/SOM/indicator/BX.TRF.PWKR.DT.GD.ZS?format=json&per_page=1000&date=1960:2025&source=2
BX.TRF.PWKR.DT.GD.ZS,"Personal remittances, received (% of GDP)",finance,SOM,2023,,% of GDP,,missing,WDI_BX.TRF.PWKR.DT.GD.ZS,2026-07-13,https://api.worldbank.org/v2/country/SOM/indicator/BX.TRF.PWKR.DT.GD.ZS?format=json&per_page=1000&date=1960:2025&source=2
BX.TRF.PWKR.DT.GD.ZS,"Personal remittances, received (% of GDP)",finance,SOM,2024,,% of GDP,,missing,WDI_BX.TRF.PWKR.DT.GD.ZS,2026-07-13,https://api.worldbank.org/v2/country/SOM/indicator/BX.TRF.PWKR.DT.GD.ZS?format=json&per_page=1000&date=1960:2025&source=2
BX.TRF.PWKR.DT.GD.ZS,"Personal remittances, received (% of GDP)",finance,SOM,2025,,% of GDP,,missing,WDI_BX.TRF.PWKR.DT.GD.ZS,2026-07-13,https://api.worldbank.org/v2/country/SOM/indicator/BX.TRF.PWKR.DT.GD.ZS?format=json&per_page=1000&date=1960:2025&source=2
EG.CFT.ACCS.ZS,Access to clean fuels and technologies for cooking (% of population),energy_access,SOM,1960,,% of population,,missing,WDI_EG.CFT.ACCS.ZS,2026-07-13,https://api.worldbank.org/v2/country/SOM/indicator/EG.CFT.ACCS.ZS?format=json&per_page=1000&date=1960:2025&source=2
EG.CFT.ACCS.ZS,Access to clean fuels and technologies for cooking (% of population),energy_access,SOM,1961,,% of population,,missing,WDI_EG.CFT.ACCS.ZS,2026-07-13,https://api.worldbank.org/v2/country/SOM/indicator/EG.CFT.ACCS.ZS?format=json&per_page=1000&date=1960:2025&source=2
EG.CFT.ACCS.ZS,Access to clean fuels and technologies for cooking (% of population),energy_access,SOM,1962,,% of population,,missing,WDI_EG.CFT.ACCS.ZS,2026-07-13,https://api.worldbank.org/v2/country/SOM/indicator/EG.CFT.ACCS.ZS?format=json&per_page=1000&date=1960:2025&source=2
EG.CFT.ACCS.ZS,Access to clean fuels and technologies for cooking (% of population),energy_access,SOM,1963,,% of population,,missing,WDI_EG.CFT.ACCS.ZS,2026-07-13,https://api.worldbank.org/v2/country/SOM/indicator/EG.CFT.ACCS.ZS?format=json&per_page=1000&date=1960:2025&source=2
EG.CFT.ACCS.ZS,Access to clean fuels and technologies for cooking (% of population),energy_access,SOM,1964,,% of population,,missing,WDI_EG.CFT.ACCS.ZS,2026-07-13,https://api.worldbank.org/v2/country/SOM/indicator/EG.CFT.ACCS.ZS?format=json&per_page=1000&date=1960:2025&source=2
EG.CFT.ACCS.ZS,Access to clean fuels and technologies for cooking (% of population),energy_access,SOM,1965,,% of population,,missing,WDI_EG.CFT.ACCS.ZS,2026-07-13,https://api.worldbank.org/v2/country/SOM/indicator/EG.CFT.ACCS.ZS?format=json&per_page=1000&date=1960:2025&source=2
EG.CFT.ACCS.ZS,Access to clean fuels and technologies for cooking (% of population),energy_access,SOM,1966,,% of population,,missing,WDI_EG.CFT.ACCS.ZS,2026-07-13,https://api.worldbank.org/v2/country/SOM/indicator/EG.CFT.ACCS.ZS?format=json&per_page=1000&date=1960:2025&source=2
EG.CFT.ACCS.ZS,Access to clean fuels and technologies for cooking (% of population),energy_access,SOM,1967,,% of population,,missing,WDI_EG.CFT.ACCS.ZS,2026-07-13,https://api.worldbank.org/v2/country/SOM/indicator/EG.CFT.ACCS.ZS?format=json&per_page=1000&date=1960:2025&source=2
EG.CFT.ACCS.ZS,Access to clean fuels and technologies for cooking (% of population),energy_access,SOM,1968,,% of population,,missing,WDI_EG.CFT.ACCS.ZS,2026-07-13,https://api.worldbank.org/v2/country/SOM/indicator/EG.CFT.ACCS.ZS?format=json&per_page=1000&date=1960:2025&source=2
EG.CFT.ACCS.ZS,Access to clean fuels and technologies for cooking (% of population),energy_access,SOM,1969,,% of population,,missing,WDI_EG.CFT.ACCS.ZS,2026-07-13,https://api.worldbank.org/v2/country/SOM/indicator/EG.CFT.ACCS.ZS?format=json&per_page=1000&date=1960:2025&source=2
EG.CFT.ACCS.ZS,Access to clean fuels and technologies for cooking (% of population),energy_access,SOM,1970,,% of population,,missing,WDI_EG.CFT.ACCS.ZS,2026-07-13,https://api.worldbank.org/v2/country/SOM/indicator/EG.CFT.ACCS.ZS?format=json&per_page=1000&date=1960:2025&source=2
EG.CFT.ACCS.ZS,Access to clean fuels and technologies for cooking (% of population),energy_access,SOM,1971,,% of population,,missing,WDI_EG.CFT.ACCS.ZS,2026-07-13,https://api.worldbank.org/v2/country/SOM/indicator/EG.CFT.ACCS.ZS?format=json&per_page=1000&date=1960:2025&source=2
EG.CFT.ACCS.ZS,Access to clean fuels and technologies for cooking (% of population),energy_access,SOM,1972,,% of population,,missing,WDI_EG.CFT.ACCS.ZS,2026-07-13,https://api.worldbank.org/v2/country/SOM/indicator/EG.CFT.ACCS.ZS?format=json&per_page=1000&date=1960:2025&source=2
EG.CFT.ACCS.ZS,Access to clean fuels and technologies for cooking (% of population),energy_access,SOM,1973,,% of population,,missing,WDI_EG.CFT.ACCS.ZS,2026-07-13,https://api.worldbank.org/v2/country/SOM/indicator/EG.CFT.ACCS.ZS?format=json&per_page=1000&date=1960:2025&source=2
EG.CFT.ACCS.ZS,Access to clean fuels and technologies for cooking (% of population),energy_access,SOM,1974,,% of population,,missing,WDI_EG.CFT.ACCS.ZS,2026-07-13,https://api.worldbank.org/v2/country/SOM/indicator/EG.CFT.ACCS.ZS?format=json&per_page=1000&date=1960:2025&source=2
EG.CFT.ACCS.ZS,Access to clean fuels and technologies for cooking (% of population),energy_access,SOM,1975,,% of population,,missing,WDI_EG.CFT.ACCS.ZS,2026-07-13,https://api.worldbank.org/v2/country/SOM/indicator/EG.CFT.ACCS.ZS?format=json&per_page=1000&date=1960:2025&source=2
EG.CFT.ACCS.ZS,Access to clean fuels and technologies for cooking (% of population),energy_access,SOM,1976,,% of population,,missing,WDI_EG.CFT.ACCS.ZS,2026-07-13,https://api.worldbank.org/v2/country/SOM/indicator/EG.CFT.ACCS.ZS?format=json&per_page=1000&date=1960:2025&source=2
EG.CFT.ACCS.ZS,Access to clean fuels and technologies for cooking (% of population),energy_access,SOM,1977,,% of population,,missing,WDI_EG.CFT.ACCS.ZS,2026-07-13,https://api.worldbank.org/v2/country/SOM/indicator/EG.CFT.ACCS.ZS?format=json&per_page=1000&date=1960:2025&source=2
EG.CFT.ACCS.ZS,Access to clean fuels and technologies for cooking (% of population),energy_access,SOM,1978,,% of population,,missing,WDI_EG.CFT.ACCS.ZS,2026-07-13,https://api.worldbank.org/v2/country/SOM/indicator/EG.CFT.ACCS.ZS?format=json&per_page=1000&date=1960:2025&source=2
EG.CFT.ACCS.ZS,Access to clean fuels and technologies for cooking (% of population),energy_access,SOM,1979,,% of population,,missing,WDI_EG.CFT.ACCS.ZS,2026-07-13,https://api.worldbank.org/v2/country/SOM/indicator/EG.CFT.ACCS.ZS?format=json&per_page=1000&date=1960:2025&source=2
EG.CFT.ACCS.ZS,Access to clean fuels and technologies for cooking (% of population),energy_access,SOM,1980,,% of population,,missing,WDI_EG.CFT.ACCS.ZS,2026-07-13,https://api.worldbank.org/v2/country/SOM/indicator/EG.CFT.ACCS.ZS?format=json&per_page=1000&date=1960:2025&source=2
EG.CFT.ACCS.ZS,Access to clean fuels and technologies for cooking (% of population),energy_access,SOM,1981,,% of population,,missing,WDI_EG.CFT.ACCS.ZS,2026-07-13,https://api.worldbank.org/v2/country/SOM/indicator/EG.CFT.ACCS.ZS?format=json&per_page=1000&date=1960:2025&source=2
EG.CFT.ACCS.ZS,Access to clean fuels and technologies for cooking (% of population),energy_access,SOM,1982,,% of population,,missing,WDI_EG.CFT.ACCS.ZS,2026-07-13,https://api.worldbank.org/v2/country/SOM/indicator/EG.CFT.ACCS.ZS?format=json&per_page=1000&date=1960:2025&source=2
EG.CFT.ACCS.ZS,Access to clean fuels and technologies for cooking (% of population),energy_access,SOM,1983,,% of population,,missing,WDI_EG.CFT.ACCS.ZS,2026-07-13,https://api.worldbank.org/v2/country/SOM/indicator/EG.CFT.ACCS.ZS?format=json&per_page=1000&date=1960:2025&source=2
EG.CFT.ACCS.ZS,Access to clean fuels and technologies for cooking (% of population),energy_access,SOM,1984,,% of population,,missing,WDI_EG.CFT.ACCS.ZS,2026-07-13,https://api.worldbank.org/v2/country/SOM/indicator/EG.CFT.ACCS.ZS?format=json&per_page=1000&date=1960:2025&source=2
EG.CFT.ACCS.ZS,Access to clean fuels and technologies for cooking (% of population),energy_access,SOM,1985,,% of population,,missing,WDI_EG.CFT.ACCS.ZS,2026-07-13,https://api.worldbank.org/v2/country/SOM/indicator/EG.CFT.ACCS.ZS?format=json&per_page=1000&date=1960:2025&source=2
EG.CFT.ACCS.ZS,Access to clean fuels and technologies for cooking (% of population),energy_access,SOM,1986,,% of population,,missing,WDI_EG.CFT.ACCS.ZS,2026-07-13,https://api.worldbank.org/v2/country/SOM/indicator/EG.CFT.ACCS.ZS?format=json&per_page=1000&date=1960:2025&source=2
EG.CFT.ACCS.ZS,Access to clean fuels and technologies for cooking (% of population),energy_access,SOM,1987,,% of population,,missing,WDI_EG.CFT.ACCS.ZS,2026-07-13,https://api.worldbank.org/v2/country/SOM/indicator/EG.CFT.ACCS.ZS?format=json&per_page=1000&date=1960:2025&source=2
EG.CFT.ACCS.ZS,Access to clean fuels and technologies for cooking (% of population),energy_access,SOM,1988,,% of population,,missing,WDI_EG.CFT.ACCS.ZS,2026-07-13,https://api.worldbank.org/v2/country/SOM/indicator/EG.CFT.ACCS.ZS?format=json&per_page=1000&date=1960:2025&source=2
EG.CFT.ACCS.ZS,Access to clean fuels and technologies for cooking (% of population),energy_access,SOM,1989,,% of population,,missing,WDI_EG.CFT.ACCS.ZS,2026-07-13,https://api.worldbank.org/v2/country/SOM/indicator/EG.CFT.ACCS.ZS?format=json&per_page=1000&date=1960:2025&source=2
EG.CFT.ACCS.ZS,Access to clean fuels and technologies for cooking (% of population),energy_access,SOM,1990,,% of population,,missing,WDI_EG.CFT.ACCS.ZS,2026-07-13,https://api.worldbank.org/v2/country/SOM/indicator/EG.CFT.ACCS.ZS?format=json&per_page=1000&date=1960:2025&source=2
EG.CFT.ACCS.ZS,Access to clean fuels and technologies for cooking (% of population),energy_access,SOM,1991,,% of population,,missing,WDI_EG.CFT.ACCS.ZS,2026-07-13,https://api.worldbank.org/v2/country/SOM/indicator/EG.CFT.ACCS.ZS?format=json&per_page=1000&date=1960:2025&source=2
EG.CFT.ACCS.ZS,Access to clean fuels and technologies for cooking (% of population),energy_access,SOM,1992,,% of population,,missing,WDI_EG.CFT.ACCS.ZS,2026-07-13,https://api.worldbank.org/v2/country/SOM/indicator/EG.CFT.ACCS.ZS?format=json&per_page=1000&date=1960:2025&source=2
EG.CFT.ACCS.ZS,Access to clean fuels and technologies for cooking (% of population),energy_access,SOM,1993,,% of population,,missing,WDI_EG.CFT.ACCS.ZS,2026-07-13,https://api.worldbank.org/v2/country/SOM/indicator/EG.CFT.ACCS.ZS?format=json&per_page=1000&date=1960:2025&source=2
EG.CFT.ACCS.ZS,Access to clean fuels and technologies for cooking (% of population),energy_access,SOM,1994,,% of population,,missing,WDI_EG.CFT.ACCS.ZS,2026-07-13,https://api.worldbank.org/v2/country/SOM/indicator/EG.CFT.ACCS.ZS?format=json&per_page=1000&date=1960:2025&source=2
EG.CFT.ACCS.ZS,Access to clean fuels and technologies for cooking (% of population),energy_access,SOM,1995,,% of population,,missing,WDI_EG.CFT.ACCS.ZS,2026-07-13,https://api.worldbank.org/v2/country/SOM/indicator/EG.CFT.ACCS.ZS?format=json&per_page=1000&date=1960:2025&source=2
EG.CFT.ACCS.ZS,Access to clean fuels and technologies for cooking (% of population),energy_access,SOM,1996,,% of population,,missing,WDI_EG.CFT.ACCS.ZS,2026-07-13,https://api.worldbank.org/v2/country/SOM/indicator/EG.CFT.ACCS.ZS?format=json&per_page=1000&date=1960:2025&source=2
EG.CFT.ACCS.ZS,Access to clean fuels and technologies for cooking (% of population),energy_access,SOM,1997,,% of population,,missing,WDI_EG.CFT.ACCS.ZS,2026-07-13,https://api.worldbank.org/v2/country/SOM/indicator/EG.CFT.ACCS.ZS?format=json&per_page=1000&date=1960:2025&source=2
EG.CFT.ACCS.ZS,Access to clean fuels and technologies for cooking (% of population),energy_access,SOM,1998,,% of population,,missing,WDI_EG.CFT.ACCS.ZS,2026-07-13,https://api.worldbank.org/v2/country/SOM/indicator/EG.CFT.ACCS.ZS?format=json&per_page=1000&date=1960:2025&source=2
EG.CFT.ACCS.ZS,Access to clean fuels and technologies for cooking (% of population),energy_access,SOM,1999,,% of population,,missing,WDI_EG.CFT.ACCS.ZS,2026-07-13,https://api.worldbank.org/v2/country/SOM/indicator/EG.CFT.ACCS.ZS?format=json&per_page=1000&date=1960:2025&source=2
EG.CFT.ACCS.ZS,Access to clean fuels and technologies for cooking (% of population),energy_access,SOM,2000,0.4,% of population,,source_reported,WDI_EG.CFT.ACCS.ZS,2026-07-13,https://api.worldbank.org/v2/country/SOM/indicator/EG.CFT.ACCS.ZS?format=json&per_page=1000&date=1960:2025&source=2
EG.CFT.ACCS.ZS,Access to clean fuels and technologies for cooking (% of population),energy_access,SOM,2001,0.4,% of population,,source_reported,WDI_EG.CFT.ACCS.ZS,2026-07-13,https://api.worldbank.org/v2/country/SOM/indicator/EG.CFT.ACCS.ZS?format=json&per_page=1000&date=1960:2025&source=2
EG.CFT.ACCS.ZS,Access to clean fuels and technologies for cooking (% of population),energy_access,SOM,2002,0.4,% of population,,source_reported,WDI_EG.CFT.ACCS.ZS,2026-07-13,https://api.worldbank.org/v2/country/SOM/indicator/EG.CFT.ACCS.ZS?format=json&per_page=1000&date=1960:2025&source=2
EG.CFT.ACCS.ZS,Access to clean fuels and technologies for cooking (% of population),energy_access,SOM,2003,0.5,% of population,,source_reported,WDI_EG.CFT.ACCS.ZS,2026-07-13,https://api.worldbank.org/v2/country/SOM/indicator/EG.CFT.ACCS.ZS?format=json&per_page=1000&date=1960:2025&source=2
EG.CFT.ACCS.ZS,Access to clean fuels and technologies for cooking (% of population),energy_access,SOM,2004,0.5,% of population,,source_reported,WDI_EG.CFT.ACCS.ZS,2026-07-13,https://api.worldbank.org/v2/country/SOM/indicator/EG.CFT.ACCS.ZS?format=json&per_page=1000&date=1960:2025&source=2
EG.CFT.ACCS.ZS,Access to clean fuels and technologies for cooking (% of population),energy_access,SOM,2005,0.6,% of population,,source_reported,WDI_EG.CFT.ACCS.ZS,2026-07-13,https://api.worldbank.org/v2/country/SOM/indicator/EG.CFT.ACCS.ZS?format=json&per_page=1000&date=1960:2025&source=2
EG.CFT.ACCS.ZS,Access to clean fuels and technologies for cooking (% of population),energy_access,SOM,2006,0.6,% of population,,source_reported,WDI_EG.CFT.ACCS.ZS,2026-07-13,https://api.worldbank.org/v2/country/SOM/indicator/EG.CFT.ACCS.ZS?format=json&per_page=1000&date=1960:2025&source=2
EG.CFT.ACCS.ZS,Access to clean fuels and technologies for cooking (% of population),energy_access,SOM,2007,0.7,% of population,,source_reported,WDI_EG.CFT.ACCS.ZS,2026-07-13,https://api.worldbank.org/v2/country/SOM/indicator/EG.CFT.ACCS.ZS?format=json&per_page=1000&date=1960:2025&source=2
EG.CFT.ACCS.ZS,Access to clean fuels and technologies for cooking (% of population),energy_access,SOM,2008,0.8,% of population,,source_reported,WDI_EG.CFT.ACCS.ZS,2026-07-13,https://api.worldbank.org/v2/country/SOM/indicator/EG.CFT.ACCS.ZS?format=json&per_page=1000&date=1960:2025&source=2
EG.CFT.ACCS.ZS,Access to clean fuels and technologies for cooking (% of population),energy_access,SOM,2009,0.9,% of population,,source_reported,WDI_EG.CFT.ACCS.ZS,2026-07-13,https://api.worldbank.org/v2/country/SOM/indicator/EG.CFT.ACCS.ZS?format=json&per_page=1000&date=1960:2025&source=2
EG.CFT.ACCS.ZS,Access to clean fuels and technologies for cooking (% of population),energy_access,SOM,2010,1.1,% of population,,source_reported,WDI_EG.CFT.ACCS.ZS,2026-07-13,https://api.worldbank.org/v2/country/SOM/indicator/EG.CFT.ACCS.ZS?format=json&per_page=1000&date=1960:2025&source=2
EG.CFT.ACCS.ZS,Access to clean fuels and technologies for cooking (% of population),energy_access,SOM,2011,1.25,% of population,,source_reported,WDI_EG.CFT.ACCS.ZS,2026-07-13,https://api.worldbank.org/v2/country/SOM/indicator/EG.CFT.ACCS.ZS?format=json&per_page=1000&date=1960:2025&source=2
EG.CFT.ACCS.ZS,Access to clean fuels and technologies for cooking (% of population),energy_access,SOM,2012,1.4,% of population,,source_reported,WDI_EG.CFT.ACCS.ZS,2026-07-13,https://api.worldbank.org/v2/country/SOM/indicator/EG.CFT.ACCS.ZS?format=json&per_page=1000&date=1960:2025&source=2
EG.CFT.ACCS.ZS,Access to clean fuels and technologies for cooking (% of population),energy_access,SOM,2013,1.6,% of population,,source_reported,WDI_EG.CFT.ACCS.ZS,2026-07-13,https://api.worldbank.org/v2/country/SOM/indicator/EG.CFT.ACCS.ZS?format=json&per_page=1000&date=1960:2025&source=2
EG.CFT.ACCS.ZS,Access to clean fuels and technologies for cooking (% of population),energy_access,SOM,2014,1.8,% of population,,source_reported,WDI_EG.CFT.ACCS.ZS,2026-07-13,https://api.worldbank.org/v2/country/SOM/indicator/EG.CFT.ACCS.ZS?format=json&per_page=1000&date=1960:2025&source=2
EG.CFT.ACCS.ZS,Access to clean fuels and technologies for cooking (% of population),energy_access,SOM,2015,2.1,% of population,,source_reported,WDI_EG.CFT.ACCS.ZS,2026-07-13,https://api.worldbank.org/v2/country/SOM/indicator/EG.CFT.ACCS.ZS?format=json&per_page=1000&date=1960:2025&source=2
EG.CFT.ACCS.ZS,Access to clean fuels and technologies for cooking (% of population),energy_access,SOM,2016,2.3,% of population,,source_reported,WDI_EG.CFT.ACCS.ZS,2026-07-13,https://api.worldbank.org/v2/country/SOM/indicator/EG.CFT.ACCS.ZS?format=json&per_page=1000&date=1960:2025&source=2
EG.CFT.ACCS.ZS,Access to clean fuels and technologies for cooking (% of population),energy_access,SOM,2017,2.6,% of population,,source_reported,WDI_EG.CFT.ACCS.ZS,2026-07-13,https://api.worldbank.org/v2/country/SOM/indicator/EG.CFT.ACCS.ZS?format=json&per_page=1000&date=1960:2025&source=2
EG.CFT.ACCS.ZS,Access to clean fuels and technologies for cooking (% of population),energy_access,SOM,2018,3,% of population,,source_reported,WDI_EG.CFT.ACCS.ZS,2026-07-13,https://api.worldbank.org/v2/country/SOM/indicator/EG.CFT.ACCS.ZS?format=json&per_page=1000&date=1960:2025&source=2
EG.CFT.ACCS.ZS,Access to clean fuels and technologies for cooking (% of population),energy_access,SOM,2019,3.5,% of population,,source_reported,WDI_EG.CFT.ACCS.ZS,2026-07-13,https://api.worldbank.org/v2/country/SOM/indicator/EG.CFT.ACCS.ZS?format=json&per_page=1000&date=1960:2025&source=2
EG.CFT.ACCS.ZS,Access to clean fuels and technologies for cooking (% of population),energy_access,SOM,2020,3.7,% of population,,source_reported,WDI_EG.CFT.ACCS.ZS,2026-07-13,https://api.worldbank.org/v2/country/SOM/indicator/EG.CFT.ACCS.ZS?format=json&per_page=1000&date=1960:2025&source=2
EG.CFT.ACCS.ZS,Access to clean fuels and technologies for cooking (% of population),energy_access,SOM,2021,4.3,% of population,,source_reported,WDI_EG.CFT.ACCS.ZS,2026-07-13,https://api.worldbank.org/v2/country/SOM/indicator/EG.CFT.ACCS.ZS?format=json&per_page=1000&date=1960:2025&source=2
EG.CFT.ACCS.ZS,Access to clean fuels and technologies for cooking (% of population),energy_access,SOM,2022,4.8,% of population,,source_reported,WDI_EG.CFT.ACCS.ZS,2026-07-13,https://api.worldbank.org/v2/country/SOM/indicator/EG.CFT.ACCS.ZS?format=json&per_page=1000&date=1960:2025&source=2
EG.CFT.ACCS.ZS,Access to clean fuels and technologies for cooking (% of population),energy_access,SOM,2023,5.4,% of population,,source_reported,WDI_EG.CFT.ACCS.ZS,2026-07-13,https://api.worldbank.org/v2/country/SOM/indicator/EG.CFT.ACCS.ZS?format=json&per_page=1000&date=1960:2025&source=2
EG.CFT.ACCS.ZS,Access to clean fuels and technologies for cooking (% of population),energy_access,SOM,2024,,% of population,,missing,WDI_EG.CFT.ACCS.ZS,2026-07-13,https://api.worldbank.org/v2/country/SOM/indicator/EG.CFT.ACCS.ZS?format=json&per_page=1000&date=1960:2025&source=2
EG.CFT.ACCS.ZS,Access to clean fuels and technologies for cooking (% of population),energy_access,SOM,2025,,% of population,,missing,WDI_EG.CFT.ACCS.ZS,2026-07-13,https://api.worldbank.org/v2/country/SOM/indicator/EG.CFT.ACCS.ZS?format=json&per_page=1000&date=1960:2025&source=2
EG.EGY.PRIM.PP.KD,Energy intensity level of primary energy (MJ/$2021 PPP GDP),energy_intensity,SOM,1960,,MJ/$2021 PPP GDP,,missing,WDI_EG.EGY.PRIM.PP.KD,2026-07-13,https://api.worldbank.org/v2/country/SOM/indicator/EG.EGY.PRIM.PP.KD?format=json&per_page=1000&date=1960:2025&source=2
EG.EGY.PRIM.PP.KD,Energy intensity level of primary energy (MJ/$2021 PPP GDP),energy_intensity,SOM,1961,,MJ/$2021 PPP GDP,,missing,WDI_EG.EGY.PRIM.PP.KD,2026-07-13,https://api.worldbank.org/v2/country/SOM/indicator/EG.EGY.PRIM.PP.KD?format=json&per_page=1000&date=1960:2025&source=2
EG.EGY.PRIM.PP.KD,Energy intensity level of primary energy (MJ/$2021 PPP GDP),energy_intensity,SOM,1962,,MJ/$2021 PPP GDP,,missing,WDI_EG.EGY.PRIM.PP.KD,2026-07-13,https://api.worldbank.org/v2/country/SOM/indicator/EG.EGY.PRIM.PP.KD?format=json&per_page=1000&date=1960:2025&source=2
EG.EGY.PRIM.PP.KD,Energy intensity level of primary energy (MJ/$2021 PPP GDP),energy_intensity,SOM,1963,,MJ/$2021 PPP GDP,,missing,WDI_EG.EGY.PRIM.PP.KD,2026-07-13,https://api.worldbank.org/v2/country/SOM/indicator/EG.EGY.PRIM.PP.KD?format=json&per_page=1000&date=1960:2025&source=2
EG.EGY.PRIM.PP.KD,Energy intensity level of primary energy (MJ/$2021 PPP GDP),energy_intensity,SOM,1964,,MJ/$2021 PPP GDP,,missing,WDI_EG.EGY.PRIM.PP.KD,2026-07-13,https://api.worldbank.org/v2/country/SOM/indicator/EG.EGY.PRIM.PP.KD?format=json&per_page=1000&date=1960:2025&source=2
EG.EGY.PRIM.PP.KD,Energy intensity level of primary energy (MJ/$2021 PPP GDP),energy_intensity,SOM,1965,,MJ/$2021 PPP GDP,,missing,WDI_EG.EGY.PRIM.PP.KD,2026-07-13,https://api.worldbank.org/v2/country/SOM/indicator/EG.EGY.PRIM.PP.KD?format=json&per_page=1000&date=1960:2025&source=2
EG.EGY.PRIM.PP.KD,Energy intensity level of primary energy (MJ/$2021 PPP GDP),energy_intensity,SOM,1966,,MJ/$2021 PPP GDP,,missing,WDI_EG.EGY.PRIM.PP.KD,2026-07-13,https://api.worldbank.org/v2/country/SOM/indicator/EG.EGY.PRIM.PP.KD?format=json&per_page=1000&date=1960:2025&source=2
EG.EGY.PRIM.PP.KD,Energy intensity level of primary energy (MJ/$2021 PPP GDP),energy_intensity,SOM,1967,,MJ/$2021 PPP GDP,,missing,WDI_EG.EGY.PRIM.PP.KD,2026-07-13,https://api.worldbank.org/v2/country/SOM/indicator/EG.EGY.PRIM.PP.KD?format=json&per_page=1000&date=1960:2025&source=2
EG.EGY.PRIM.PP.KD,Energy intensity level of primary energy (MJ/$2021 PPP GDP),energy_intensity,SOM,1968,,MJ/$2021 PPP GDP,,missing,WDI_EG.EGY.PRIM.PP.KD,2026-07-13,https://api.worldbank.org/v2/country/SOM/indicator/EG.EGY.PRIM.PP.KD?format=json&per_page=1000&date=1960:2025&source=2
EG.EGY.PRIM.PP.KD,Energy intensity level of primary energy (MJ/$2021 PPP GDP),energy_intensity,SOM,1969,,MJ/$2021 PPP GDP,,missing,WDI_EG.EGY.PRIM.PP.KD,2026-07-13,https://api.worldbank.org/v2/country/SOM/indicator/EG.EGY.PRIM.PP.KD?format=json&per_page=1000&date=1960:2025&source=2
EG.EGY.PRIM.PP.KD,Energy intensity level of primary energy (MJ/$2021 PPP GDP),energy_intensity,SOM,1970,,MJ/$2021 PPP GDP,,missing,WDI_EG.EGY.PRIM.PP.KD,2026-07-13,https://api.worldbank.org/v2/country/SOM/indicator/EG.EGY.PRIM.PP.KD?format=json&per_page=1000&date=1960:2025&source=2
EG.EGY.PRIM.PP.KD,Energy intensity level of primary energy (MJ/$2021 PPP GDP),energy_intensity,SOM,1971,,MJ/$2021 PPP GDP,,missing,WDI_EG.EGY.PRIM.PP.KD,2026-07-13,https://api.worldbank.org/v2/country/SOM/indicator/EG.EGY.PRIM.PP.KD?format=json&per_page=1000&date=1960:2025&source=2
EG.EGY.PRIM.PP.KD,Energy intensity level of primary energy (MJ/$2021 PPP GDP),energy_intensity,SOM,1972,,MJ/$2021 PPP GDP,,missing,WDI_EG.EGY.PRIM.PP.KD,2026-07-13,https://api.worldbank.org/v2/country/SOM/indicator/EG.EGY.PRIM.PP.KD?format=json&per_page=1000&date=1960:2025&source=2
EG.EGY.PRIM.PP.KD,Energy intensity level of primary energy (MJ/$2021 PPP GDP),energy_intensity,SOM,1973,,MJ/$2021 PPP GDP,,missing,WDI_EG.EGY.PRIM.PP.KD,2026-07-13,https://api.worldbank.org/v2/country/SOM/indicator/EG.EGY.PRIM.PP.KD?format=json&per_page=1000&date=1960:2025&source=2
EG.EGY.PRIM.PP.KD,Energy intensity level of primary energy (MJ/$2021 PPP GDP),energy_intensity,SOM,1974,,MJ/$2021 PPP GDP,,missing,WDI_EG.EGY.PRIM.PP.KD,2026-07-13,https://api.worldbank.org/v2/country/SOM/indicator/EG.EGY.PRIM.PP.KD?format=json&per_page=1000&date=1960:2025&source=2
EG.EGY.PRIM.PP.KD,Energy intensity level of primary energy (MJ/$2021 PPP GDP),energy_intensity,SOM,1975,,MJ/$2021 PPP GDP,,missing,WDI_EG.EGY.PRIM.PP.KD,2026-07-13,https://api.worldbank.org/v2/country/SOM/indicator/EG.EGY.PRIM.PP.KD?format=json&per_page=1000&date=1960:2025&source=2
EG.EGY.PRIM.PP.KD,Energy intensity level of primary energy (MJ/$2021 PPP GDP),energy_intensity,SOM,1976,,MJ/$2021 PPP GDP,,missing,WDI_EG.EGY.PRIM.PP.KD,2026-07-13,https://api.worldbank.org/v2/country/SOM/indicator/EG.EGY.PRIM.PP.KD?format=json&per_page=1000&date=1960:2025&source=2
EG.EGY.PRIM.PP.KD,Energy intensity level of primary energy (MJ/$2021 PPP GDP),energy_intensity,SOM,1977,,MJ/$2021 PPP GDP,,missing,WDI_EG.EGY.PRIM.PP.KD,2026-07-13,https://api.worldbank.org/v2/country/SOM/indicator/EG.EGY.PRIM.PP.KD?format=json&per_page=1000&date=1960:2025&source=2
EG.EGY.PRIM.PP.KD,Energy intensity level of primary energy (MJ/$2021 PPP GDP),energy_intensity,SOM,1978,,MJ/$2021 PPP GDP,,missing,WDI_EG.EGY.PRIM.PP.KD,2026-07-13,https://api.worldbank.org/v2/country/SOM/indicator/EG.EGY.PRIM.PP.KD?format=json&per_page=1000&date=1960:2025&source=2
EG.EGY.PRIM.PP.KD,Energy intensity level of primary energy (MJ/$2021 PPP GDP),energy_intensity,SOM,1979,,MJ/$2021 PPP GDP,,missing,WDI_EG.EGY.PRIM.PP.KD,2026-07-13,https://api.worldbank.org/v2/country/SOM/indicator/EG.EGY.PRIM.PP.KD?format=json&per_page=1000&date=1960:2025&source=2
EG.EGY.PRIM.PP.KD,Energy intensity level of primary energy (MJ/$2021 PPP GDP),energy_intensity,SOM,1980,,MJ/$2021 PPP GDP,,missing,WDI_EG.EGY.PRIM.PP.KD,2026-07-13,https://api.worldbank.org/v2/country/SOM/indicator/EG.EGY.PRIM.PP.KD?format=json&per_page=1000&date=1960:2025&source=2
EG.EGY.PRIM.PP.KD,Energy intensity level of primary energy (MJ/$2021 PPP GDP),energy_intensity,SOM,1981,,MJ/$2021 PPP GDP,,missing,WDI_EG.EGY.PRIM.PP.KD,2026-07-13,https://api.worldbank.org/v2/country/SOM/indicator/EG.EGY.PRIM.PP.KD?format=json&per_page=1000&date=1960:2025&source=2
EG.EGY.PRIM.PP.KD,Energy intensity level of primary energy (MJ/$2021 PPP GDP),energy_intensity,SOM,1982,,MJ/$2021 PPP GDP,,missing,WDI_EG.EGY.PRIM.PP.KD,2026-07-13,https://api.worldbank.org/v2/country/SOM/indicator/EG.EGY.PRIM.PP.KD?format=json&per_page=1000&date=1960:2025&source=2
EG.EGY.PRIM.PP.KD,Energy intensity level of primary energy (MJ/$2021 PPP GDP),energy_intensity,SOM,1983,,MJ/$2021 PPP GDP,,missing,WDI_EG.EGY.PRIM.PP.KD,2026-07-13,https://api.worldbank.org/v2/country/SOM/indicator/EG.EGY.PRIM.PP.KD?format=json&per_page=1000&date=1960:2025&source=2
EG.EGY.PRIM.PP.KD,Energy intensity level of primary energy (MJ/$2021 PPP GDP),energy_intensity,SOM,1984,,MJ/$2021 PPP GDP,,missing,WDI_EG.EGY.PRIM.PP.KD,2026-07-13,https://api.worldbank.org/v2/country/SOM/indicator/EG.EGY.PRIM.PP.KD?format=json&per_page=1000&date=1960:2025&source=2
EG.EGY.PRIM.PP.KD,Energy intensity level of primary energy (MJ/$2021 PPP GDP),energy_intensity,SOM,1985,,MJ/$2021 PPP GDP,,missing,WDI_EG.EGY.PRIM.PP.KD,2026-07-13,https://api.worldbank.org/v2/country/SOM/indicator/EG.EGY.PRIM.PP.KD?format=json&per_page=1000&date=1960:2025&source=2
EG.EGY.PRIM.PP.KD,Energy intensity level of primary energy (MJ/$2021 PPP GDP),energy_intensity,SOM,1986,,MJ/$2021 PPP GDP,,missing,WDI_EG.EGY.PRIM.PP.KD,2026-07-13,https://api.worldbank.org/v2/country/SOM/indicator/EG.EGY.PRIM.PP.KD?format=json&per_page=1000&date=1960:2025&source=2
EG.EGY.PRIM.PP.KD,Energy intensity level of primary energy (MJ/$2021 PPP GDP),energy_intensity,SOM,1987,,MJ/$2021 PPP GDP,,missing,WDI_EG.EGY.PRIM.PP.KD,2026-07-13,https://api.worldbank.org/v2/country/SOM/indicator/EG.EGY.PRIM.PP.KD?format=json&per_page=1000&date=1960:2025&source=2
EG.EGY.PRIM.PP.KD,Energy intensity level of primary energy (MJ/$2021 PPP GDP),energy_intensity,SOM,1988,,MJ/$2021 PPP GDP,,missing,WDI_EG.EGY.PRIM.PP.KD,2026-07-13,https://api.worldbank.org/v2/country/SOM/indicator/EG.EGY.PRIM.PP.KD?format=json&per_page=1000&date=1960:2025&source=2
EG.EGY.PRIM.PP.KD,Energy intensity level of primary energy (MJ/$2021 PPP GDP),energy_intensity,SOM,1989,,MJ/$2021 PPP GDP,,missing,WDI_EG.EGY.PRIM.PP.KD,2026-07-13,https://api.worldbank.org/v2/country/SOM/indicator/EG.EGY.PRIM.PP.KD?format=json&per_page=1000&date=1960:2025&source=2
EG.EGY.PRIM.PP.KD,Energy intensity level of primary energy (MJ/$2021 PPP GDP),energy_intensity,SOM,1990,,MJ/$2021 PPP GDP,,missing,WDI_EG.EGY.PRIM.PP.KD,2026-07-13,https://api.worldbank.org/v2/country/SOM/indicator/EG.EGY.PRIM.PP.KD?format=json&per_page=1000&date=1960:2025&source=2
EG.EGY.PRIM.PP.KD,Energy intensity level of primary energy (MJ/$2021 PPP GDP),energy_intensity,SOM,1991,,MJ/$2021 PPP GDP,,missing,WDI_EG.EGY.PRIM.PP.KD,2026-07-13,https://api.worldbank.org/v2/country/SOM/indicator/EG.EGY.PRIM.PP.KD?format=json&per_page=1000&date=1960:2025&source=2
EG.EGY.PRIM.PP.KD,Energy intensity level of primary energy (MJ/$2021 PPP GDP),energy_intensity,SOM,1992,,MJ/$2021 PPP GDP,,missing,WDI_EG.EGY.PRIM.PP.KD,2026-07-13,https://api.worldbank.org/v2/country/SOM/indicator/EG.EGY.PRIM.PP.KD?format=json&per_page=1000&date=1960:2025&source=2
EG.EGY.PRIM.PP.KD,Energy intensity level of primary energy (MJ/$2021 PPP GDP),energy_intensity,SOM,1993,,MJ/$2021 PPP GDP,,missing,WDI_EG.EGY.PRIM.PP.KD,2026-07-13,https://api.worldbank.org/v2/country/SOM/indicator/EG.EGY.PRIM.PP.KD?format=json&per_page=1000&date=1960:2025&source=2
EG.EGY.PRIM.PP.KD,Energy intensity level of primary energy (MJ/$2021 PPP GDP),energy_intensity,SOM,1994,,MJ/$2021 PPP GDP,,missing,WDI_EG.EGY.PRIM.PP.KD,2026-07-13,https://api.worldbank.org/v2/country/SOM/indicator/EG.EGY.PRIM.PP.KD?format=json&per_page=1000&date=1960:2025&source=2
EG.EGY.PRIM.PP.KD,Energy intensity level of primary energy (MJ/$2021 PPP GDP),energy_intensity,SOM,1995,,MJ/$2021 PPP GDP,,missing,WDI_EG.EGY.PRIM.PP.KD,2026-07-13,https://api.worldbank.org/v2/country/SOM/indicator/EG.EGY.PRIM.PP.KD?format=json&per_page=1000&date=1960:2025&source=2
EG.EGY.PRIM.PP.KD,Energy intensity level of primary energy (MJ/$2021 PPP GDP),energy_intensity,SOM,1996,,MJ/$2021 PPP GDP,,missing,WDI_EG.EGY.PRIM.PP.KD,2026-07-13,https://api.worldbank.org/v2/country/SOM/indicator/EG.EGY.PRIM.PP.KD?format=json&per_page=1000&date=1960:2025&source=2
EG.EGY.PRIM.PP.KD,Energy intensity level of primary energy (MJ/$2021 PPP GDP),energy_intensity,SOM,1997,,MJ/$2021 PPP GDP,,missing,WDI_EG.EGY.PRIM.PP.KD,2026-07-13,https://api.worldbank.org/v2/country/SOM/indicator/EG.EGY.PRIM.PP.KD?format=json&per_page=1000&date=1960:2025&source=2
EG.EGY.PRIM.PP.KD,Energy intensity level of primary energy (MJ/$2021 PPP GDP),energy_intensity,SOM,1998,,MJ/$2021 PPP GDP,,missing,WDI_EG.EGY.PRIM.PP.KD,2026-07-13,https://api.worldbank.org/v2/country/SOM/indicator/EG.EGY.PRIM.PP.KD?format=json&per_page=1000&date=1960:2025&source=2
EG.EGY.PRIM.PP.KD,Energy intensity level of primary energy (MJ/$2021 PPP GDP),energy_intensity,SOM,1999,,MJ/$2021 PPP GDP,,missing,WDI_EG.EGY.PRIM.PP.KD,2026-07-13,https://api.worldbank.org/v2/country/SOM/indicator/EG.EGY.PRIM.PP.KD?format=json&per_page=1000&date=1960:2025&source=2
EG.EGY.PRIM.PP.KD,Energy intensity level of primary energy (MJ/$2021 PPP GDP),energy_intensity,SOM,2000,12.23,MJ/$2021 PPP GDP,,source_reported,WDI_EG.EGY.PRIM.PP.KD,2026-07-13,https://api.worldbank.org/v2/country/SOM/indicator/EG.EGY.PRIM.PP.KD?format=json&per_page=1000&date=1960:2025&source=2
EG.EGY.PRIM.PP.KD,Energy intensity level of primary energy (MJ/$2021 PPP GDP),energy_intensity,SOM,2001,11.72,MJ/$2021 PPP GDP,,source_reported,WDI_EG.EGY.PRIM.PP.KD,2026-07-13,https://api.worldbank.org/v2/country/SOM/indicator/EG.EGY.PRIM.PP.KD?format=json&per_page=1000&date=1960:2025&source=2
EG.EGY.PRIM.PP.KD,Energy intensity level of primary energy (MJ/$2021 PPP GDP),energy_intensity,SOM,2002,12,MJ/$2021 PPP GDP,,source_reported,WDI_EG.EGY.PRIM.PP.KD,2026-07-13,https://api.worldbank.org/v2/country/SOM/indicator/EG.EGY.PRIM.PP.KD?format=json&per_page=1000&date=1960:2025&source=2
EG.EGY.PRIM.PP.KD,Energy intensity level of primary energy (MJ/$2021 PPP GDP),energy_intensity,SOM,2003,12.83,MJ/$2021 PPP GDP,,source_reported,WDI_EG.EGY.PRIM.PP.KD,2026-07-13,https://api.worldbank.org/v2/country/SOM/indicator/EG.EGY.PRIM.PP.KD?format=json&per_page=1000&date=1960:2025&source=2
EG.EGY.PRIM.PP.KD,Energy intensity level of primary energy (MJ/$2021 PPP GDP),energy_intensity,SOM,2004,11.61,MJ/$2021 PPP GDP,,source_reported,WDI_EG.EGY.PRIM.PP.KD,2026-07-13,https://api.worldbank.org/v2/country/SOM/indicator/EG.EGY.PRIM.PP.KD?format=json&per_page=1000&date=1960:2025&source=2
EG.EGY.PRIM.PP.KD,Energy intensity level of primary energy (MJ/$2021 PPP GDP),energy_intensity,SOM,2005,10.69,MJ/$2021 PPP GDP,,source_reported,WDI_EG.EGY.PRIM.PP.KD,2026-07-13,https://api.worldbank.org/v2/country/SOM/indicator/EG.EGY.PRIM.PP.KD?format=json&per_page=1000&date=1960:2025&source=2
EG.EGY.PRIM.PP.KD,Energy intensity level of primary energy (MJ/$2021 PPP GDP),energy_intensity,SOM,2006,10.01,MJ/$2021 PPP GDP,,source_reported,WDI_EG.EGY.PRIM.PP.KD,2026-07-13,https://api.worldbank.org/v2/country/SOM/indicator/EG.EGY.PRIM.PP.KD?format=json&per_page=1000&date=1960:2025&source=2
EG.EGY.PRIM.PP.KD,Energy intensity level of primary energy (MJ/$2021 PPP GDP),energy_intensity,SOM,2007,9.16,MJ/$2021 PPP GDP,,source_reported,WDI_EG.EGY.PRIM.PP.KD,2026-07-13,https://api.worldbank.org/v2/country/SOM/indicator/EG.EGY.PRIM.PP.KD?format=json&per_page=1000&date=1960:2025&source=2
EG.EGY.PRIM.PP.KD,Energy intensity level of primary energy (MJ/$2021 PPP GDP),energy_intensity,SOM,2008,8.64,MJ/$2021 PPP GDP,,source_reported,WDI_EG.EGY.PRIM.PP.KD,2026-07-13,https://api.worldbank.org/v2/country/SOM/indicator/EG.EGY.PRIM.PP.KD?format=json&per_page=1000&date=1960:2025&source=2
EG.EGY.PRIM.PP.KD,Energy intensity level of primary energy (MJ/$2021 PPP GDP),energy_intensity,SOM,2009,8.2,MJ/$2021 PPP GDP,,source_reported,WDI_EG.EGY.PRIM.PP.KD,2026-07-13,https://api.worldbank.org/v2/country/SOM/indicator/EG.EGY.PRIM.PP.KD?format=json&per_page=1000&date=1960:2025&source=2
EG.EGY.PRIM.PP.KD,Energy intensity level of primary energy (MJ/$2021 PPP GDP),energy_intensity,SOM,2010,7.51,MJ/$2021 PPP GDP,,source_reported,WDI_EG.EGY.PRIM.PP.KD,2026-07-13,https://api.worldbank.org/v2/country/SOM/indicator/EG.EGY.PRIM.PP.KD?format=json&per_page=1000&date=1960:2025&source=2
EG.EGY.PRIM.PP.KD,Energy intensity level of primary energy (MJ/$2021 PPP GDP),energy_intensity,SOM,2011,6.88,MJ/$2021 PPP GDP,,source_reported,WDI_EG.EGY.PRIM.PP.KD,2026-07-13,https://api.worldbank.org/v2/country/SOM/indicator/EG.EGY.PRIM.PP.KD?format=json&per_page=1000&date=1960:2025&source=2
EG.EGY.PRIM.PP.KD,Energy intensity level of primary energy (MJ/$2021 PPP GDP),energy_intensity,SOM,2012,6.91,MJ/$2021 PPP GDP,,source_reported,WDI_EG.EGY.PRIM.PP.KD,2026-07-13,https://api.worldbank.org/v2/country/SOM/indicator/EG.EGY.PRIM.PP.KD?format=json&per_page=1000&date=1960:2025&source=2
EG.EGY.PRIM.PP.KD,Energy intensity level of primary energy (MJ/$2021 PPP GDP),energy_intensity,SOM,2013,6.86,MJ/$2021 PPP GDP,,source_reported,WDI_EG.EGY.PRIM.PP.KD,2026-07-13,https://api.worldbank.org/v2/country/SOM/indicator/EG.EGY.PRIM.PP.KD?format=json&per_page=1000&date=1960:2025&source=2
EG.EGY.PRIM.PP.KD,Energy intensity level of primary energy (MJ/$2021 PPP GDP),energy_intensity,SOM,2014,6.72,MJ/$2021 PPP GDP,,source_reported,WDI_EG.EGY.PRIM.PP.KD,2026-07-13,https://api.worldbank.org/v2/country/SOM/indicator/EG.EGY.PRIM.PP.KD?format=json&per_page=1000&date=1960:2025&source=2
EG.EGY.PRIM.PP.KD,Energy intensity level of primary energy (MJ/$2021 PPP GDP),energy_intensity,SOM,2015,6.43,MJ/$2021 PPP GDP,,source_reported,WDI_EG.EGY.PRIM.PP.KD,2026-07-13,https://api.worldbank.org/v2/country/SOM/indicator/EG.EGY.PRIM.PP.KD?format=json&per_page=1000&date=1960:2025&source=2
EG.EGY.PRIM.PP.KD,Energy intensity level of primary energy (MJ/$2021 PPP GDP),energy_intensity,SOM,2016,6.85,MJ/$2021 PPP GDP,,source_reported,WDI_EG.EGY.PRIM.PP.KD,2026-07-13,https://api.worldbank.org/v2/country/SOM/indicator/EG.EGY.PRIM.PP.KD?format=json&per_page=1000&date=1960:2025&source=2
EG.EGY.PRIM.PP.KD,Energy intensity level of primary energy (MJ/$2021 PPP GDP),energy_intensity,SOM,2017,6.41,MJ/$2021 PPP GDP,,source_reported,WDI_EG.EGY.PRIM.PP.KD,2026-07-13,https://api.worldbank.org/v2/country/SOM/indicator/EG.EGY.PRIM.PP.KD?format=json&per_page=1000&date=1960:2025&source=2
EG.EGY.PRIM.PP.KD,Energy intensity level of primary energy (MJ/$2021 PPP GDP),energy_intensity,SOM,2018,6.37,MJ/$2021 PPP GDP,,source_reported,WDI_EG.EGY.PRIM.PP.KD,2026-07-13,https://api.worldbank.org/v2/country/SOM/indicator/EG.EGY.PRIM.PP.KD?format=json&per_page=1000&date=1960:2025&source=2
EG.EGY.PRIM.PP.KD,Energy intensity level of primary energy (MJ/$2021 PPP GDP),energy_intensity,SOM,2019,6.3,MJ/$2021 PPP GDP,,source_reported,WDI_EG.EGY.PRIM.PP.KD,2026-07-13,https://api.worldbank.org/v2/country/SOM/indicator/EG.EGY.PRIM.PP.KD?format=json&per_page=1000&date=1960:2025&source=2
EG.EGY.PRIM.PP.KD,Energy intensity level of primary energy (MJ/$2021 PPP GDP),energy_intensity,SOM,2020,6.6,MJ/$2021 PPP GDP,,source_reported,WDI_EG.EGY.PRIM.PP.KD,2026-07-13,https://api.worldbank.org/v2/country/SOM/indicator/EG.EGY.PRIM.PP.KD?format=json&per_page=1000&date=1960:2025&source=2
EG.EGY.PRIM.PP.KD,Energy intensity level of primary energy (MJ/$2021 PPP GDP),energy_intensity,SOM,2021,6.57,MJ/$2021 PPP GDP,,source_reported,WDI_EG.EGY.PRIM.PP.KD,2026-07-13,https://api.worldbank.org/v2/country/SOM/indicator/EG.EGY.PRIM.PP.KD?format=json&per_page=1000&date=1960:2025&source=2
EG.EGY.PRIM.PP.KD,Energy intensity level of primary energy (MJ/$2021 PPP GDP),energy_intensity,SOM,2022,6.51,MJ/$2021 PPP GDP,,source_reported,WDI_EG.EGY.PRIM.PP.KD,2026-07-13,https://api.worldbank.org/v2/country/SOM/indicator/EG.EGY.PRIM.PP.KD?format=json&per_page=1000&date=1960:2025&source=2
EG.EGY.PRIM.PP.KD,Energy intensity level of primary energy (MJ/$2021 PPP GDP),energy_intensity,SOM,2023,,MJ/$2021 PPP GDP,,missing,WDI_EG.EGY.PRIM.PP.KD,2026-07-13,https://api.worldbank.org/v2/country/SOM/indicator/EG.EGY.PRIM.PP.KD?format=json&per_page=1000&date=1960:2025&source=2
EG.EGY.PRIM.PP.KD,Energy intensity level of primary energy (MJ/$2021 PPP GDP),energy_intensity,SOM,2024,,MJ/$2021 PPP GDP,,missing,WDI_EG.EGY.PRIM.PP.KD,2026-07-13,https://api.worldbank.org/v2/country/SOM/indicator/EG.EGY.PRIM.PP.KD?format=json&per_page=1000&date=1960:2025&source=2
EG.EGY.PRIM.PP.KD,Energy intensity level of primary energy (MJ/$2021 PPP GDP),energy_intensity,SOM,2025,,MJ/$2021 PPP GDP,,missing,WDI_EG.EGY.PRIM.PP.KD,2026-07-13,https://api.worldbank.org/v2/country/SOM/indicator/EG.EGY.PRIM.PP.KD?format=json&per_page=1000&date=1960:2025&source=2
EG.ELC.ACCS.RU.ZS,"Access to electricity, rural (% of rural population)",electricity_access,SOM,1960,,% of rural population,,missing,WDI_EG.ELC.ACCS.RU.ZS,2026-07-13,https://api.worldbank.org/v2/country/SOM/indicator/EG.ELC.ACCS.RU.ZS?format=json&per_page=1000&date=1960:2025&source=2
EG.ELC.ACCS.RU.ZS,"Access to electricity, rural (% of rural population)",electricity_access,SOM,1961,,% of rural population,,missing,WDI_EG.ELC.ACCS.RU.ZS,2026-07-13,https://api.worldbank.org/v2/country/SOM/indicator/EG.ELC.ACCS.RU.ZS?format=json&per_page=1000&date=1960:2025&source=2
EG.ELC.ACCS.RU.ZS,"Access to electricity, rural (% of rural population)",electricity_access,SOM,1962,,% of rural population,,missing,WDI_EG.ELC.ACCS.RU.ZS,2026-07-13,https://api.worldbank.org/v2/country/SOM/indicator/EG.ELC.ACCS.RU.ZS?format=json&per_page=1000&date=1960:2025&source=2
EG.ELC.ACCS.RU.ZS,"Access to electricity, rural (% of rural population)",electricity_access,SOM,1963,,% of rural population,,missing,WDI_EG.ELC.ACCS.RU.ZS,2026-07-13,https://api.worldbank.org/v2/country/SOM/indicator/EG.ELC.ACCS.RU.ZS?format=json&per_page=1000&date=1960:2025&source=2
EG.ELC.ACCS.RU.ZS,"Access to electricity, rural (% of rural population)",electricity_access,SOM,1964,,% of rural population,,missing,WDI_EG.ELC.ACCS.RU.ZS,2026-07-13,https://api.worldbank.org/v2/country/SOM/indicator/EG.ELC.ACCS.RU.ZS?format=json&per_page=1000&date=1960:2025&source=2
EG.ELC.ACCS.RU.ZS,"Access to electricity, rural (% of rural population)",electricity_access,SOM,1965,,% of rural population,,missing,WDI_EG.ELC.ACCS.RU.ZS,2026-07-13,https://api.worldbank.org/v2/country/SOM/indicator/EG.ELC.ACCS.RU.ZS?format=json&per_page=1000&date=1960:2025&source=2
EG.ELC.ACCS.RU.ZS,"Access to electricity, rural (% of rural population)",electricity_access,SOM,1966,,% of rural population,,missing,WDI_EG.ELC.ACCS.RU.ZS,2026-07-13,https://api.worldbank.org/v2/country/SOM/indicator/EG.ELC.ACCS.RU.ZS?format=json&per_page=1000&date=1960:2025&source=2
EG.ELC.ACCS.RU.ZS,"Access to electricity, rural (% of rural population)",electricity_access,SOM,1967,,% of rural population,,missing,WDI_EG.ELC.ACCS.RU.ZS,2026-07-13,https://api.worldbank.org/v2/country/SOM/indicator/EG.ELC.ACCS.RU.ZS?format=json&per_page=1000&date=1960:2025&source=2
EG.ELC.ACCS.RU.ZS,"Access to electricity, rural (% of rural population)",electricity_access,SOM,1968,,% of rural population,,missing,WDI_EG.ELC.ACCS.RU.ZS,2026-07-13,https://api.worldbank.org/v2/country/SOM/indicator/EG.ELC.ACCS.RU.ZS?format=json&per_page=1000&date=1960:2025&source=2
EG.ELC.ACCS.RU.ZS,"Access to electricity, rural (% of rural population)",electricity_access,SOM,1969,,% of rural population,,missing,WDI_EG.ELC.ACCS.RU.ZS,2026-07-13,https://api.worldbank.org/v2/country/SOM/indicator/EG.ELC.ACCS.RU.ZS?format=json&per_page=1000&date=1960:2025&source=2
EG.ELC.ACCS.RU.ZS,"Access to electricity, rural (% of rural population)",electricity_access,SOM,1970,,% of rural population,,missing,WDI_EG.ELC.ACCS.RU.ZS,2026-07-13,https://api.worldbank.org/v2/country/SOM/indicator/EG.ELC.ACCS.RU.ZS?format=json&per_page=1000&date=1960:2025&source=2
EG.ELC.ACCS.RU.ZS,"Access to electricity, rural (% of rural population)",electricity_access,SOM,1971,,% of rural population,,missing,WDI_EG.ELC.ACCS.RU.ZS,2026-07-13,https://api.worldbank.org/v2/country/SOM/indicator/EG.ELC.ACCS.RU.ZS?format=json&per_page=1000&date=1960:2025&source=2
EG.ELC.ACCS.RU.ZS,"Access to electricity, rural (% of rural population)",electricity_access,SOM,1972,,% of rural population,,missing,WDI_EG.ELC.ACCS.RU.ZS,2026-07-13,https://api.worldbank.org/v2/country/SOM/indicator/EG.ELC.ACCS.RU.ZS?format=json&per_page=1000&date=1960:2025&source=2
EG.ELC.ACCS.RU.ZS,"Access to electricity, rural (% of rural population)",electricity_access,SOM,1973,,% of rural population,,missing,WDI_EG.ELC.ACCS.RU.ZS,2026-07-13,https://api.worldbank.org/v2/country/SOM/indicator/EG.ELC.ACCS.RU.ZS?format=json&per_page=1000&date=1960:2025&source=2
EG.ELC.ACCS.RU.ZS,"Access to electricity, rural (% of rural population)",electricity_access,SOM,1974,,% of rural population,,missing,WDI_EG.ELC.ACCS.RU.ZS,2026-07-13,https://api.worldbank.org/v2/country/SOM/indicator/EG.ELC.ACCS.RU.ZS?format=json&per_page=1000&date=1960:2025&source=2
EG.ELC.ACCS.RU.ZS,"Access to electricity, rural (% of rural population)",electricity_access,SOM,1975,,% of rural population,,missing,WDI_EG.ELC.ACCS.RU.ZS,2026-07-13,https://api.worldbank.org/v2/country/SOM/indicator/EG.ELC.ACCS.RU.ZS?format=json&per_page=1000&date=1960:2025&source=2
EG.ELC.ACCS.RU.ZS,"Access to electricity, rural (% of rural population)",electricity_access,SOM,1976,,% of rural population,,missing,WDI_EG.ELC.ACCS.RU.ZS,2026-07-13,https://api.worldbank.org/v2/country/SOM/indicator/EG.ELC.ACCS.RU.ZS?format=json&per_page=1000&date=1960:2025&source=2
EG.ELC.ACCS.RU.ZS,"Access to electricity, rural (% of rural population)",electricity_access,SOM,1977,,% of rural population,,missing,WDI_EG.ELC.ACCS.RU.ZS,2026-07-13,https://api.worldbank.org/v2/country/SOM/indicator/EG.ELC.ACCS.RU.ZS?format=json&per_page=1000&date=1960:2025&source=2
EG.ELC.ACCS.RU.ZS,"Access to electricity, rural (% of rural population)",electricity_access,SOM,1978,,% of rural population,,missing,WDI_EG.ELC.ACCS.RU.ZS,2026-07-13,https://api.worldbank.org/v2/country/SOM/indicator/EG.ELC.ACCS.RU.ZS?format=json&per_page=1000&date=1960:2025&source=2
EG.ELC.ACCS.RU.ZS,"Access to electricity, rural (% of rural population)",electricity_access,SOM,1979,,% of rural population,,missing,WDI_EG.ELC.ACCS.RU.ZS,2026-07-13,https://api.worldbank.org/v2/country/SOM/indicator/EG.ELC.ACCS.RU.ZS?format=json&per_page=1000&date=1960:2025&source=2
EG.ELC.ACCS.RU.ZS,"Access to electricity, rural (% of rural population)",electricity_access,SOM,1980,,% of rural population,,missing,WDI_EG.ELC.ACCS.RU.ZS,2026-07-13,https://api.worldbank.org/v2/country/SOM/indicator/EG.ELC.ACCS.RU.ZS?format=json&per_page=1000&date=1960:2025&source=2
EG.ELC.ACCS.RU.ZS,"Access to electricity, rural (% of rural population)",electricity_access,SOM,1981,,% of rural population,,missing,WDI_EG.ELC.ACCS.RU.ZS,2026-07-13,https://api.worldbank.org/v2/country/SOM/indicator/EG.ELC.ACCS.RU.ZS?format=json&per_page=1000&date=1960:2025&source=2
EG.ELC.ACCS.RU.ZS,"Access to electricity, rural (% of rural population)",electricity_access,SOM,1982,,% of rural population,,missing,WDI_EG.ELC.ACCS.RU.ZS,2026-07-13,https://api.worldbank.org/v2/country/SOM/indicator/EG.ELC.ACCS.RU.ZS?format=json&per_page=1000&date=1960:2025&source=2
EG.ELC.ACCS.RU.ZS,"Access to electricity, rural (% of rural population)",electricity_access,SOM,1983,,% of rural population,,missing,WDI_EG.ELC.ACCS.RU.ZS,2026-07-13,https://api.worldbank.org/v2/country/SOM/indicator/EG.ELC.ACCS.RU.ZS?format=json&per_page=1000&date=1960:2025&source=2
EG.ELC.ACCS.RU.ZS,"Access to electricity, rural (% of rural population)",electricity_access,SOM,1984,,% of rural population,,missing,WDI_EG.ELC.ACCS.RU.ZS,2026-07-13,https://api.worldbank.org/v2/country/SOM/indicator/EG.ELC.ACCS.RU.ZS?format=json&per_page=1000&date=1960:2025&source=2
EG.ELC.ACCS.RU.ZS,"Access to electricity, rural (% of rural population)",electricity_access,SOM,1985,,% of rural population,,missing,WDI_EG.ELC.ACCS.RU.ZS,2026-07-13,https://api.worldbank.org/v2/country/SOM/indicator/EG.ELC.ACCS.RU.ZS?format=json&per_page=1000&date=1960:2025&source=2
EG.ELC.ACCS.RU.ZS,"Access to electricity, rural (% of rural population)",electricity_access,SOM,1986,,% of rural population,,missing,WDI_EG.ELC.ACCS.RU.ZS,2026-07-13,https://api.worldbank.org/v2/country/SOM/indicator/EG.ELC.ACCS.RU.ZS?format=json&per_page=1000&date=1960:2025&source=2
EG.ELC.ACCS.RU.ZS,"Access to electricity, rural (% of rural population)",electricity_access,SOM,1987,,% of rural population,,missing,WDI_EG.ELC.ACCS.RU.ZS,2026-07-13,https://api.worldbank.org/v2/country/SOM/indicator/EG.ELC.ACCS.RU.ZS?format=json&per_page=1000&date=1960:2025&source=2
EG.ELC.ACCS.RU.ZS,"Access to electricity, rural (% of rural population)",electricity_access,SOM,1988,,% of rural population,,missing,WDI_EG.ELC.ACCS.RU.ZS,2026-07-13,https://api.worldbank.org/v2/country/SOM/indicator/EG.ELC.ACCS.RU.ZS?format=json&per_page=1000&date=1960:2025&source=2
EG.ELC.ACCS.RU.ZS,"Access to electricity, rural (% of rural population)",electricity_access,SOM,1989,,% of rural population,,missing,WDI_EG.ELC.ACCS.RU.ZS,2026-07-13,https://api.worldbank.org/v2/country/SOM/indicator/EG.ELC.ACCS.RU.ZS?format=json&per_page=1000&date=1960:2025&source=2
EG.ELC.ACCS.RU.ZS,"Access to electricity, rural (% of rural population)",electricity_access,SOM,1990,,% of rural population,,missing,WDI_EG.ELC.ACCS.RU.ZS,2026-07-13,https://api.worldbank.org/v2/country/SOM/indicator/EG.ELC.ACCS.RU.ZS?format=json&per_page=1000&date=1960:2025&source=2
EG.ELC.ACCS.RU.ZS,"Access to electricity, rural (% of rural population)",electricity_access,SOM,1991,,% of rural population,,missing,WDI_EG.ELC.ACCS.RU.ZS,2026-07-13,https://api.worldbank.org/v2/country/SOM/indicator/EG.ELC.ACCS.RU.ZS?format=json&per_page=1000&date=1960:2025&source=2
EG.ELC.ACCS.RU.ZS,"Access to electricity, rural (% of rural population)",electricity_access,SOM,1992,,% of rural population,,missing,WDI_EG.ELC.ACCS.RU.ZS,2026-07-13,https://api.worldbank.org/v2/country/SOM/indicator/EG.ELC.ACCS.RU.ZS?format=json&per_page=1000&date=1960:2025&source=2
EG.ELC.ACCS.RU.ZS,"Access to electricity, rural (% of rural population)",electricity_access,SOM,1993,,% of rural population,,missing,WDI_EG.ELC.ACCS.RU.ZS,2026-07-13,https://api.worldbank.org/v2/country/SOM/indicator/EG.ELC.ACCS.RU.ZS?format=json&per_page=1000&date=1960:2025&source=2
EG.ELC.ACCS.RU.ZS,"Access to electricity, rural (% of rural population)",electricity_access,SOM,1994,,% of rural population,,missing,WDI_EG.ELC.ACCS.RU.ZS,2026-07-13,https://api.worldbank.org/v2/country/SOM/indicator/EG.ELC.ACCS.RU.ZS?format=json&per_page=1000&date=1960:2025&source=2
EG.ELC.ACCS.RU.ZS,"Access to electricity, rural (% of rural population)",electricity_access,SOM,1995,,% of rural population,,missing,WDI_EG.ELC.ACCS.RU.ZS,2026-07-13,https://api.worldbank.org/v2/country/SOM/indicator/EG.ELC.ACCS.RU.ZS?format=json&per_page=1000&date=1960:2025&source=2
EG.ELC.ACCS.RU.ZS,"Access to electricity, rural (% of rural population)",electricity_access,SOM,1996,,% of rural population,,missing,WDI_EG.ELC.ACCS.RU.ZS,2026-07-13,https://api.worldbank.org/v2/country/SOM/indicator/EG.ELC.ACCS.RU.ZS?format=json&per_page=1000&date=1960:2025&source=2
EG.ELC.ACCS.RU.ZS,"Access to electricity, rural (% of rural population)",electricity_access,SOM,1997,,% of rural population,,missing,WDI_EG.ELC.ACCS.RU.ZS,2026-07-13,https://api.worldbank.org/v2/country/SOM/indicator/EG.ELC.ACCS.RU.ZS?format=json&per_page=1000&date=1960:2025&source=2
EG.ELC.ACCS.RU.ZS,"Access to electricity, rural (% of rural population)",electricity_access,SOM,1998,,% of rural population,,missing,WDI_EG.ELC.ACCS.RU.ZS,2026-07-13,https://api.worldbank.org/v2/country/SOM/indicator/EG.ELC.ACCS.RU.ZS?format=json&per_page=1000&date=1960:2025&source=2
EG.ELC.ACCS.RU.ZS,"Access to electricity, rural (% of rural population)",electricity_access,SOM,1999,,% of rural population,,missing,WDI_EG.ELC.ACCS.RU.ZS,2026-07-13,https://api.worldbank.org/v2/country/SOM/indicator/EG.ELC.ACCS.RU.ZS?format=json&per_page=1000&date=1960:2025&source=2
EG.ELC.ACCS.RU.ZS,"Access to electricity, rural (% of rural population)",electricity_access,SOM,2000,,% of rural population,,missing,WDI_EG.ELC.ACCS.RU.ZS,2026-07-13,https://api.worldbank.org/v2/country/SOM/indicator/EG.ELC.ACCS.RU.ZS?format=json&per_page=1000&date=1960:2025&source=2
EG.ELC.ACCS.RU.ZS,"Access to electricity, rural (% of rural population)",electricity_access,SOM,2001,,% of rural population,,missing,WDI_EG.ELC.ACCS.RU.ZS,2026-07-13,https://api.worldbank.org/v2/country/SOM/indicator/EG.ELC.ACCS.RU.ZS?format=json&per_page=1000&date=1960:2025&source=2
EG.ELC.ACCS.RU.ZS,"Access to electricity, rural (% of rural population)",electricity_access,SOM,2002,,% of rural population,,missing,WDI_EG.ELC.ACCS.RU.ZS,2026-07-13,https://api.worldbank.org/v2/country/SOM/indicator/EG.ELC.ACCS.RU.ZS?format=json&per_page=1000&date=1960:2025&source=2
EG.ELC.ACCS.RU.ZS,"Access to electricity, rural (% of rural population)",electricity_access,SOM,2003,,% of rural population,,missing,WDI_EG.ELC.ACCS.RU.ZS,2026-07-13,https://api.worldbank.org/v2/country/SOM/indicator/EG.ELC.ACCS.RU.ZS?format=json&per_page=1000&date=1960:2025&source=2
EG.ELC.ACCS.RU.ZS,"Access to electricity, rural (% of rural population)",electricity_access,SOM,2004,2.4,% of rural population,,source_reported,WDI_EG.ELC.ACCS.RU.ZS,2026-07-13,https://api.worldbank.org/v2/country/SOM/indicator/EG.ELC.ACCS.RU.ZS?format=json&per_page=1000&date=1960:2025&source=2
EG.ELC.ACCS.RU.ZS,"Access to electricity, rural (% of rural population)",electricity_access,SOM,2005,4.7,% of rural population,,source_reported,WDI_EG.ELC.ACCS.RU.ZS,2026-07-13,https://api.worldbank.org/v2/country/SOM/indicator/EG.ELC.ACCS.RU.ZS?format=json&per_page=1000&date=1960:2025&source=2
EG.ELC.ACCS.RU.ZS,"Access to electricity, rural (% of rural population)",electricity_access,SOM,2006,1.7,% of rural population,,source_reported,WDI_EG.ELC.ACCS.RU.ZS,2026-07-13,https://api.worldbank.org/v2/country/SOM/indicator/EG.ELC.ACCS.RU.ZS?format=json&per_page=1000&date=1960:2025&source=2
EG.ELC.ACCS.RU.ZS,"Access to electricity, rural (% of rural population)",electricity_access,SOM,2007,10.8,% of rural population,,source_reported,WDI_EG.ELC.ACCS.RU.ZS,2026-07-13,https://api.worldbank.org/v2/country/SOM/indicator/EG.ELC.ACCS.RU.ZS?format=json&per_page=1000&date=1960:2025&source=2
EG.ELC.ACCS.RU.ZS,"Access to electricity, rural (% of rural population)",electricity_access,SOM,2008,12.7,% of rural population,,source_reported,WDI_EG.ELC.ACCS.RU.ZS,2026-07-13,https://api.worldbank.org/v2/country/SOM/indicator/EG.ELC.ACCS.RU.ZS?format=json&per_page=1000&date=1960:2025&source=2
EG.ELC.ACCS.RU.ZS,"Access to electricity, rural (% of rural population)",electricity_access,SOM,2009,14.7,% of rural population,,source_reported,WDI_EG.ELC.ACCS.RU.ZS,2026-07-13,https://api.worldbank.org/v2/country/SOM/indicator/EG.ELC.ACCS.RU.ZS?format=json&per_page=1000&date=1960:2025&source=2
EG.ELC.ACCS.RU.ZS,"Access to electricity, rural (% of rural population)",electricity_access,SOM,2010,43.2,% of rural population,,source_reported,WDI_EG.ELC.ACCS.RU.ZS,2026-07-13,https://api.worldbank.org/v2/country/SOM/indicator/EG.ELC.ACCS.RU.ZS?format=json&per_page=1000&date=1960:2025&source=2
EG.ELC.ACCS.RU.ZS,"Access to electricity, rural (% of rural population)",electricity_access,SOM,2011,41.7,% of rural population,,source_reported,WDI_EG.ELC.ACCS.RU.ZS,2026-07-13,https://api.worldbank.org/v2/country/SOM/indicator/EG.ELC.ACCS.RU.ZS?format=json&per_page=1000&date=1960:2025&source=2
EG.ELC.ACCS.RU.ZS,"Access to electricity, rural (% of rural population)",electricity_access,SOM,2012,40.7,% of rural population,,source_reported,WDI_EG.ELC.ACCS.RU.ZS,2026-07-13,https://api.worldbank.org/v2/country/SOM/indicator/EG.ELC.ACCS.RU.ZS?format=json&per_page=1000&date=1960:2025&source=2
EG.ELC.ACCS.RU.ZS,"Access to electricity, rural (% of rural population)",electricity_access,SOM,2013,39.7,% of rural population,,source_reported,WDI_EG.ELC.ACCS.RU.ZS,2026-07-13,https://api.worldbank.org/v2/country/SOM/indicator/EG.ELC.ACCS.RU.ZS?format=json&per_page=1000&date=1960:2025&source=2
EG.ELC.ACCS.RU.ZS,"Access to electricity, rural (% of rural population)",electricity_access,SOM,2014,38.9,% of rural population,,source_reported,WDI_EG.ELC.ACCS.RU.ZS,2026-07-13,https://api.worldbank.org/v2/country/SOM/indicator/EG.ELC.ACCS.RU.ZS?format=json&per_page=1000&date=1960:2025&source=2
EG.ELC.ACCS.RU.ZS,"Access to electricity, rural (% of rural population)",electricity_access,SOM,2015,38.1,% of rural population,,source_reported,WDI_EG.ELC.ACCS.RU.ZS,2026-07-13,https://api.worldbank.org/v2/country/SOM/indicator/EG.ELC.ACCS.RU.ZS?format=json&per_page=1000&date=1960:2025&source=2
EG.ELC.ACCS.RU.ZS,"Access to electricity, rural (% of rural population)",electricity_access,SOM,2016,37.3,% of rural population,,source_reported,WDI_EG.ELC.ACCS.RU.ZS,2026-07-13,https://api.worldbank.org/v2/country/SOM/indicator/EG.ELC.ACCS.RU.ZS?format=json&per_page=1000&date=1960:2025&source=2
EG.ELC.ACCS.RU.ZS,"Access to electricity, rural (% of rural population)",electricity_access,SOM,2017,38.4,% of rural population,,source_reported,WDI_EG.ELC.ACCS.RU.ZS,2026-07-13,https://api.worldbank.org/v2/country/SOM/indicator/EG.ELC.ACCS.RU.ZS?format=json&per_page=1000&date=1960:2025&source=2
EG.ELC.ACCS.RU.ZS,"Access to electricity, rural (% of rural population)",electricity_access,SOM,2018,35.3,% of rural population,,source_reported,WDI_EG.ELC.ACCS.RU.ZS,2026-07-13,https://api.worldbank.org/v2/country/SOM/indicator/EG.ELC.ACCS.RU.ZS?format=json&per_page=1000&date=1960:2025&source=2
EG.ELC.ACCS.RU.ZS,"Access to electricity, rural (% of rural population)",electricity_access,SOM,2019,,% of rural population,,missing,WDI_EG.ELC.ACCS.RU.ZS,2026-07-13,https://api.worldbank.org/v2/country/SOM/indicator/EG.ELC.ACCS.RU.ZS?format=json&per_page=1000&date=1960:2025&source=2
EG.ELC.ACCS.RU.ZS,"Access to electricity, rural (% of rural population)",electricity_access,SOM,2020,32.3,% of rural population,,source_reported,WDI_EG.ELC.ACCS.RU.ZS,2026-07-13,https://api.worldbank.org/v2/country/SOM/indicator/EG.ELC.ACCS.RU.ZS?format=json&per_page=1000&date=1960:2025&source=2
EG.ELC.ACCS.RU.ZS,"Access to electricity, rural (% of rural population)",electricity_access,SOM,2021,30.6,% of rural population,,source_reported,WDI_EG.ELC.ACCS.RU.ZS,2026-07-13,https://api.worldbank.org/v2/country/SOM/indicator/EG.ELC.ACCS.RU.ZS?format=json&per_page=1000&date=1960:2025&source=2
EG.ELC.ACCS.RU.ZS,"Access to electricity, rural (% of rural population)",electricity_access,SOM,2022,30.7,% of rural population,,source_reported,WDI_EG.ELC.ACCS.RU.ZS,2026-07-13,https://api.worldbank.org/v2/country/SOM/indicator/EG.ELC.ACCS.RU.ZS?format=json&per_page=1000&date=1960:2025&source=2
EG.ELC.ACCS.RU.ZS,"Access to electricity, rural (% of rural population)",electricity_access,SOM,2023,23.9,% of rural population,,source_reported,WDI_EG.ELC.ACCS.RU.ZS,2026-07-13,https://api.worldbank.org/v2/country/SOM/indicator/EG.ELC.ACCS.RU.ZS?format=json&per_page=1000&date=1960:2025&source=2
EG.ELC.ACCS.RU.ZS,"Access to electricity, rural (% of rural population)",electricity_access,SOM,2024,24.4,% of rural population,,source_reported,WDI_EG.ELC.ACCS.RU.ZS,2026-07-13,https://api.worldbank.org/v2/country/SOM/indicator/EG.ELC.ACCS.RU.ZS?format=json&per_page=1000&date=1960:2025&source=2
EG.ELC.ACCS.RU.ZS,"Access to electricity, rural (% of rural population)",electricity_access,SOM,2025,,% of rural population,,missing,WDI_EG.ELC.ACCS.RU.ZS,2026-07-13,https://api.worldbank.org/v2/country/SOM/indicator/EG.ELC.ACCS.RU.ZS?format=json&per_page=1000&date=1960:2025&source=2
EG.ELC.ACCS.UR.ZS,"Access to electricity, urban (% of urban population)",electricity_access,SOM,1960,,% of urban population,,missing,WDI_EG.ELC.ACCS.UR.ZS,2026-07-13,https://api.worldbank.org/v2/country/SOM/indicator/EG.ELC.ACCS.UR.ZS?format=json&per_page=1000&date=1960:2025&source=2
EG.ELC.ACCS.UR.ZS,"Access to electricity, urban (% of urban population)",electricity_access,SOM,1961,,% of urban population,,missing,WDI_EG.ELC.ACCS.UR.ZS,2026-07-13,https://api.worldbank.org/v2/country/SOM/indicator/EG.ELC.ACCS.UR.ZS?format=json&per_page=1000&date=1960:2025&source=2
EG.ELC.ACCS.UR.ZS,"Access to electricity, urban (% of urban population)",electricity_access,SOM,1962,,% of urban population,,missing,WDI_EG.ELC.ACCS.UR.ZS,2026-07-13,https://api.worldbank.org/v2/country/SOM/indicator/EG.ELC.ACCS.UR.ZS?format=json&per_page=1000&date=1960:2025&source=2
EG.ELC.ACCS.UR.ZS,"Access to electricity, urban (% of urban population)",electricity_access,SOM,1963,,% of urban population,,missing,WDI_EG.ELC.ACCS.UR.ZS,2026-07-13,https://api.worldbank.org/v2/country/SOM/indicator/EG.ELC.ACCS.UR.ZS?format=json&per_page=1000&date=1960:2025&source=2
EG.ELC.ACCS.UR.ZS,"Access to electricity, urban (% of urban population)",electricity_access,SOM,1964,,% of urban population,,missing,WDI_EG.ELC.ACCS.UR.ZS,2026-07-13,https://api.worldbank.org/v2/country/SOM/indicator/EG.ELC.ACCS.UR.ZS?format=json&per_page=1000&date=1960:2025&source=2
EG.ELC.ACCS.UR.ZS,"Access to electricity, urban (% of urban population)",electricity_access,SOM,1965,,% of urban population,,missing,WDI_EG.ELC.ACCS.UR.ZS,2026-07-13,https://api.worldbank.org/v2/country/SOM/indicator/EG.ELC.ACCS.UR.ZS?format=json&per_page=1000&date=1960:2025&source=2
EG.ELC.ACCS.UR.ZS,"Access to electricity, urban (% of urban population)",electricity_access,SOM,1966,,% of urban population,,missing,WDI_EG.ELC.ACCS.UR.ZS,2026-07-13,https://api.worldbank.org/v2/country/SOM/indicator/EG.ELC.ACCS.UR.ZS?format=json&per_page=1000&date=1960:2025&source=2
EG.ELC.ACCS.UR.ZS,"Access to electricity, urban (% of urban population)",electricity_access,SOM,1967,,% of urban population,,missing,WDI_EG.ELC.ACCS.UR.ZS,2026-07-13,https://api.worldbank.org/v2/country/SOM/indicator/EG.ELC.ACCS.UR.ZS?format=json&per_page=1000&date=1960:2025&source=2
EG.ELC.ACCS.UR.ZS,"Access to electricity, urban (% of urban population)",electricity_access,SOM,1968,,% of urban population,,missing,WDI_EG.ELC.ACCS.UR.ZS,2026-07-13,https://api.worldbank.org/v2/country/SOM/indicator/EG.ELC.ACCS.UR.ZS?format=json&per_page=1000&date=1960:2025&source=2
EG.ELC.ACCS.UR.ZS,"Access to electricity, urban (% of urban population)",electricity_access,SOM,1969,,% of urban population,,missing,WDI_EG.ELC.ACCS.UR.ZS,2026-07-13,https://api.worldbank.org/v2/country/SOM/indicator/EG.ELC.ACCS.UR.ZS?format=json&per_page=1000&date=1960:2025&source=2
EG.ELC.ACCS.UR.ZS,"Access to electricity, urban (% of urban population)",electricity_access,SOM,1970,,% of urban population,,missing,WDI_EG.ELC.ACCS.UR.ZS,2026-07-13,https://api.worldbank.org/v2/country/SOM/indicator/EG.ELC.ACCS.UR.ZS?format=json&per_page=1000&date=1960:2025&source=2
EG.ELC.ACCS.UR.ZS,"Access to electricity, urban (% of urban population)",electricity_access,SOM,1971,,% of urban population,,missing,WDI_EG.ELC.ACCS.UR.ZS,2026-07-13,https://api.worldbank.org/v2/country/SOM/indicator/EG.ELC.ACCS.UR.ZS?format=json&per_page=1000&date=1960:2025&source=2
EG.ELC.ACCS.UR.ZS,"Access to electricity, urban (% of urban population)",electricity_access,SOM,1972,,% of urban population,,missing,WDI_EG.ELC.ACCS.UR.ZS,2026-07-13,https://api.worldbank.org/v2/country/SOM/indicator/EG.ELC.ACCS.UR.ZS?format=json&per_page=1000&date=1960:2025&source=2
EG.ELC.ACCS.UR.ZS,"Access to electricity, urban (% of urban population)",electricity_access,SOM,1973,,% of urban population,,missing,WDI_EG.ELC.ACCS.UR.ZS,2026-07-13,https://api.worldbank.org/v2/country/SOM/indicator/EG.ELC.ACCS.UR.ZS?format=json&per_page=1000&date=1960:2025&source=2
EG.ELC.ACCS.UR.ZS,"Access to electricity, urban (% of urban population)",electricity_access,SOM,1974,,% of urban population,,missing,WDI_EG.ELC.ACCS.UR.ZS,2026-07-13,https://api.worldbank.org/v2/country/SOM/indicator/EG.ELC.ACCS.UR.ZS?format=json&per_page=1000&date=1960:2025&source=2
EG.ELC.ACCS.UR.ZS,"Access to electricity, urban (% of urban population)",electricity_access,SOM,1975,,% of urban population,,missing,WDI_EG.ELC.ACCS.UR.ZS,2026-07-13,https://api.worldbank.org/v2/country/SOM/indicator/EG.ELC.ACCS.UR.ZS?format=json&per_page=1000&date=1960:2025&source=2
EG.ELC.ACCS.UR.ZS,"Access to electricity, urban (% of urban population)",electricity_access,SOM,1976,,% of urban population,,missing,WDI_EG.ELC.ACCS.UR.ZS,2026-07-13,https://api.worldbank.org/v2/country/SOM/indicator/EG.ELC.ACCS.UR.ZS?format=json&per_page=1000&date=1960:2025&source=2
EG.ELC.ACCS.UR.ZS,"Access to electricity, urban (% of urban population)",electricity_access,SOM,1977,,% of urban population,,missing,WDI_EG.ELC.ACCS.UR.ZS,2026-07-13,https://api.worldbank.org/v2/country/SOM/indicator/EG.ELC.ACCS.UR.ZS?format=json&per_page=1000&date=1960:2025&source=2
EG.ELC.ACCS.UR.ZS,"Access to electricity, urban (% of urban population)",electricity_access,SOM,1978,,% of urban population,,missing,WDI_EG.ELC.ACCS.UR.ZS,2026-07-13,https://api.worldbank.org/v2/country/SOM/indicator/EG.ELC.ACCS.UR.ZS?format=json&per_page=1000&date=1960:2025&source=2
EG.ELC.ACCS.UR.ZS,"Access to electricity, urban (% of urban population)",electricity_access,SOM,1979,,% of urban population,,missing,WDI_EG.ELC.ACCS.UR.ZS,2026-07-13,https://api.worldbank.org/v2/country/SOM/indicator/EG.ELC.ACCS.UR.ZS?format=json&per_page=1000&date=1960:2025&source=2
EG.ELC.ACCS.UR.ZS,"Access to electricity, urban (% of urban population)",electricity_access,SOM,1980,,% of urban population,,missing,WDI_EG.ELC.ACCS.UR.ZS,2026-07-13,https://api.worldbank.org/v2/country/SOM/indicator/EG.ELC.ACCS.UR.ZS?format=json&per_page=1000&date=1960:2025&source=2
EG.ELC.ACCS.UR.ZS,"Access to electricity, urban (% of urban population)",electricity_access,SOM,1981,,% of urban population,,missing,WDI_EG.ELC.ACCS.UR.ZS,2026-07-13,https://api.worldbank.org/v2/country/SOM/indicator/EG.ELC.ACCS.UR.ZS?format=json&per_page=1000&date=1960:2025&source=2
EG.ELC.ACCS.UR.ZS,"Access to electricity, urban (% of urban population)",electricity_access,SOM,1982,,% of urban population,,missing,WDI_EG.ELC.ACCS.UR.ZS,2026-07-13,https://api.worldbank.org/v2/country/SOM/indicator/EG.ELC.ACCS.UR.ZS?format=json&per_page=1000&date=1960:2025&source=2
EG.ELC.ACCS.UR.ZS,"Access to electricity, urban (% of urban population)",electricity_access,SOM,1983,,% of urban population,,missing,WDI_EG.ELC.ACCS.UR.ZS,2026-07-13,https://api.worldbank.org/v2/country/SOM/indicator/EG.ELC.ACCS.UR.ZS?format=json&per_page=1000&date=1960:2025&source=2
EG.ELC.ACCS.UR.ZS,"Access to electricity, urban (% of urban population)",electricity_access,SOM,1984,,% of urban population,,missing,WDI_EG.ELC.ACCS.UR.ZS,2026-07-13,https://api.worldbank.org/v2/country/SOM/indicator/EG.ELC.ACCS.UR.ZS?format=json&per_page=1000&date=1960:2025&source=2
EG.ELC.ACCS.UR.ZS,"Access to electricity, urban (% of urban population)",electricity_access,SOM,1985,,% of urban population,,missing,WDI_EG.ELC.ACCS.UR.ZS,2026-07-13,https://api.worldbank.org/v2/country/SOM/indicator/EG.ELC.ACCS.UR.ZS?format=json&per_page=1000&date=1960:2025&source=2
EG.ELC.ACCS.UR.ZS,"Access to electricity, urban (% of urban population)",electricity_access,SOM,1986,,% of urban population,,missing,WDI_EG.ELC.ACCS.UR.ZS,2026-07-13,https://api.worldbank.org/v2/country/SOM/indicator/EG.ELC.ACCS.UR.ZS?format=json&per_page=1000&date=1960:2025&source=2
EG.ELC.ACCS.UR.ZS,"Access to electricity, urban (% of urban population)",electricity_access,SOM,1987,,% of urban population,,missing,WDI_EG.ELC.ACCS.UR.ZS,2026-07-13,https://api.worldbank.org/v2/country/SOM/indicator/EG.ELC.ACCS.UR.ZS?format=json&per_page=1000&date=1960:2025&source=2
EG.ELC.ACCS.UR.ZS,"Access to electricity, urban (% of urban population)",electricity_access,SOM,1988,,% of urban population,,missing,WDI_EG.ELC.ACCS.UR.ZS,2026-07-13,https://api.worldbank.org/v2/country/SOM/indicator/EG.ELC.ACCS.UR.ZS?format=json&per_page=1000&date=1960:2025&source=2
EG.ELC.ACCS.UR.ZS,"Access to electricity, urban (% of urban population)",electricity_access,SOM,1989,,% of urban population,,missing,WDI_EG.ELC.ACCS.UR.ZS,2026-07-13,https://api.worldbank.org/v2/country/SOM/indicator/EG.ELC.ACCS.UR.ZS?format=json&per_page=1000&date=1960:2025&source=2
EG.ELC.ACCS.UR.ZS,"Access to electricity, urban (% of urban population)",electricity_access,SOM,1990,,% of urban population,,missing,WDI_EG.ELC.ACCS.UR.ZS,2026-07-13,https://api.worldbank.org/v2/country/SOM/indicator/EG.ELC.ACCS.UR.ZS?format=json&per_page=1000&date=1960:2025&source=2
EG.ELC.ACCS.UR.ZS,"Access to electricity, urban (% of urban population)",electricity_access,SOM,1991,,% of urban population,,missing,WDI_EG.ELC.ACCS.UR.ZS,2026-07-13,https://api.worldbank.org/v2/country/SOM/indicator/EG.ELC.ACCS.UR.ZS?format=json&per_page=1000&date=1960:2025&source=2
EG.ELC.ACCS.UR.ZS,"Access to electricity, urban (% of urban population)",electricity_access,SOM,1992,,% of urban population,,missing,WDI_EG.ELC.ACCS.UR.ZS,2026-07-13,https://api.worldbank.org/v2/country/SOM/indicator/EG.ELC.ACCS.UR.ZS?format=json&per_page=1000&date=1960:2025&source=2
EG.ELC.ACCS.UR.ZS,"Access to electricity, urban (% of urban population)",electricity_access,SOM,1993,,% of urban population,,missing,WDI_EG.ELC.ACCS.UR.ZS,2026-07-13,https://api.worldbank.org/v2/country/SOM/indicator/EG.ELC.ACCS.UR.ZS?format=json&per_page=1000&date=1960:2025&source=2
EG.ELC.ACCS.UR.ZS,"Access to electricity, urban (% of urban population)",electricity_access,SOM,1994,,% of urban population,,missing,WDI_EG.ELC.ACCS.UR.ZS,2026-07-13,https://api.worldbank.org/v2/country/SOM/indicator/EG.ELC.ACCS.UR.ZS?format=json&per_page=1000&date=1960:2025&source=2
EG.ELC.ACCS.UR.ZS,"Access to electricity, urban (% of urban population)",electricity_access,SOM,1995,,% of urban population,,missing,WDI_EG.ELC.ACCS.UR.ZS,2026-07-13,https://api.worldbank.org/v2/country/SOM/indicator/EG.ELC.ACCS.UR.ZS?format=json&per_page=1000&date=1960:2025&source=2
EG.ELC.ACCS.UR.ZS,"Access to electricity, urban (% of urban population)",electricity_access,SOM,1996,,% of urban population,,missing,WDI_EG.ELC.ACCS.UR.ZS,2026-07-13,https://api.worldbank.org/v2/country/SOM/indicator/EG.ELC.ACCS.UR.ZS?format=json&per_page=1000&date=1960:2025&source=2
EG.ELC.ACCS.UR.ZS,"Access to electricity, urban (% of urban population)",electricity_access,SOM,1997,,% of urban population,,missing,WDI_EG.ELC.ACCS.UR.ZS,2026-07-13,https://api.worldbank.org/v2/country/SOM/indicator/EG.ELC.ACCS.UR.ZS?format=json&per_page=1000&date=1960:2025&source=2
EG.ELC.ACCS.UR.ZS,"Access to electricity, urban (% of urban population)",electricity_access,SOM,1998,,% of urban population,,missing,WDI_EG.ELC.ACCS.UR.ZS,2026-07-13,https://api.worldbank.org/v2/country/SOM/indicator/EG.ELC.ACCS.UR.ZS?format=json&per_page=1000&date=1960:2025&source=2
EG.ELC.ACCS.UR.ZS,"Access to electricity, urban (% of urban population)",electricity_access,SOM,1999,,% of urban population,,missing,WDI_EG.ELC.ACCS.UR.ZS,2026-07-13,https://api.worldbank.org/v2/country/SOM/indicator/EG.ELC.ACCS.UR.ZS?format=json&per_page=1000&date=1960:2025&source=2
EG.ELC.ACCS.UR.ZS,"Access to electricity, urban (% of urban population)",electricity_access,SOM,2000,20.5,% of urban population,,source_reported,WDI_EG.ELC.ACCS.UR.ZS,2026-07-13,https://api.worldbank.org/v2/country/SOM/indicator/EG.ELC.ACCS.UR.ZS?format=json&per_page=1000&date=1960:2025&source=2
EG.ELC.ACCS.UR.ZS,"Access to electricity, urban (% of urban population)",electricity_access,SOM,2001,23,% of urban population,,source_reported,WDI_EG.ELC.ACCS.UR.ZS,2026-07-13,https://api.worldbank.org/v2/country/SOM/indicator/EG.ELC.ACCS.UR.ZS?format=json&per_page=1000&date=1960:2025&source=2
EG.ELC.ACCS.UR.ZS,"Access to electricity, urban (% of urban population)",electricity_access,SOM,2002,22.2,% of urban population,,source_reported,WDI_EG.ELC.ACCS.UR.ZS,2026-07-13,https://api.worldbank.org/v2/country/SOM/indicator/EG.ELC.ACCS.UR.ZS?format=json&per_page=1000&date=1960:2025&source=2
EG.ELC.ACCS.UR.ZS,"Access to electricity, urban (% of urban population)",electricity_access,SOM,2003,28,% of urban population,,source_reported,WDI_EG.ELC.ACCS.UR.ZS,2026-07-13,https://api.worldbank.org/v2/country/SOM/indicator/EG.ELC.ACCS.UR.ZS?format=json&per_page=1000&date=1960:2025&source=2
EG.ELC.ACCS.UR.ZS,"Access to electricity, urban (% of urban population)",electricity_access,SOM,2004,30.5,% of urban population,,source_reported,WDI_EG.ELC.ACCS.UR.ZS,2026-07-13,https://api.worldbank.org/v2/country/SOM/indicator/EG.ELC.ACCS.UR.ZS?format=json&per_page=1000&date=1960:2025&source=2
EG.ELC.ACCS.UR.ZS,"Access to electricity, urban (% of urban population)",electricity_access,SOM,2005,33.1,% of urban population,,source_reported,WDI_EG.ELC.ACCS.UR.ZS,2026-07-13,https://api.worldbank.org/v2/country/SOM/indicator/EG.ELC.ACCS.UR.ZS?format=json&per_page=1000&date=1960:2025&source=2
EG.ELC.ACCS.UR.ZS,"Access to electricity, urban (% of urban population)",electricity_access,SOM,2006,38.1,% of urban population,,source_reported,WDI_EG.ELC.ACCS.UR.ZS,2026-07-13,https://api.worldbank.org/v2/country/SOM/indicator/EG.ELC.ACCS.UR.ZS?format=json&per_page=1000&date=1960:2025&source=2
EG.ELC.ACCS.UR.ZS,"Access to electricity, urban (% of urban population)",electricity_access,SOM,2007,38.2,% of urban population,,source_reported,WDI_EG.ELC.ACCS.UR.ZS,2026-07-13,https://api.worldbank.org/v2/country/SOM/indicator/EG.ELC.ACCS.UR.ZS?format=json&per_page=1000&date=1960:2025&source=2
EG.ELC.ACCS.UR.ZS,"Access to electricity, urban (% of urban population)",electricity_access,SOM,2008,40.8,% of urban population,,source_reported,WDI_EG.ELC.ACCS.UR.ZS,2026-07-13,https://api.worldbank.org/v2/country/SOM/indicator/EG.ELC.ACCS.UR.ZS?format=json&per_page=1000&date=1960:2025&source=2
EG.ELC.ACCS.UR.ZS,"Access to electricity, urban (% of urban population)",electricity_access,SOM,2009,43.4,% of urban population,,source_reported,WDI_EG.ELC.ACCS.UR.ZS,2026-07-13,https://api.worldbank.org/v2/country/SOM/indicator/EG.ELC.ACCS.UR.ZS?format=json&per_page=1000&date=1960:2025&source=2
EG.ELC.ACCS.UR.ZS,"Access to electricity, urban (% of urban population)",electricity_access,SOM,2010,66.3,% of urban population,,source_reported,WDI_EG.ELC.ACCS.UR.ZS,2026-07-13,https://api.worldbank.org/v2/country/SOM/indicator/EG.ELC.ACCS.UR.ZS?format=json&per_page=1000&date=1960:2025&source=2
EG.ELC.ACCS.UR.ZS,"Access to electricity, urban (% of urban population)",electricity_access,SOM,2011,66.9,% of urban population,,source_reported,WDI_EG.ELC.ACCS.UR.ZS,2026-07-13,https://api.worldbank.org/v2/country/SOM/indicator/EG.ELC.ACCS.UR.ZS?format=json&per_page=1000&date=1960:2025&source=2
EG.ELC.ACCS.UR.ZS,"Access to electricity, urban (% of urban population)",electricity_access,SOM,2012,67.4,% of urban population,,source_reported,WDI_EG.ELC.ACCS.UR.ZS,2026-07-13,https://api.worldbank.org/v2/country/SOM/indicator/EG.ELC.ACCS.UR.ZS?format=json&per_page=1000&date=1960:2025&source=2
EG.ELC.ACCS.UR.ZS,"Access to electricity, urban (% of urban population)",electricity_access,SOM,2013,67.8,% of urban population,,source_reported,WDI_EG.ELC.ACCS.UR.ZS,2026-07-13,https://api.worldbank.org/v2/country/SOM/indicator/EG.ELC.ACCS.UR.ZS?format=json&per_page=1000&date=1960:2025&source=2
EG.ELC.ACCS.UR.ZS,"Access to electricity, urban (% of urban population)",electricity_access,SOM,2014,68.2,% of urban population,,source_reported,WDI_EG.ELC.ACCS.UR.ZS,2026-07-13,https://api.worldbank.org/v2/country/SOM/indicator/EG.ELC.ACCS.UR.ZS?format=json&per_page=1000&date=1960:2025&source=2
EG.ELC.ACCS.UR.ZS,"Access to electricity, urban (% of urban population)",electricity_access,SOM,2015,68.5,% of urban population,,source_reported,WDI_EG.ELC.ACCS.UR.ZS,2026-07-13,https://api.worldbank.org/v2/country/SOM/indicator/EG.ELC.ACCS.UR.ZS?format=json&per_page=1000&date=1960:2025&source=2
EG.ELC.ACCS.UR.ZS,"Access to electricity, urban (% of urban population)",electricity_access,SOM,2016,68.9,% of urban population,,source_reported,WDI_EG.ELC.ACCS.UR.ZS,2026-07-13,https://api.worldbank.org/v2/country/SOM/indicator/EG.ELC.ACCS.UR.ZS?format=json&per_page=1000&date=1960:2025&source=2
EG.ELC.ACCS.UR.ZS,"Access to electricity, urban (% of urban population)",electricity_access,SOM,2017,69.3,% of urban population,,source_reported,WDI_EG.ELC.ACCS.UR.ZS,2026-07-13,https://api.worldbank.org/v2/country/SOM/indicator/EG.ELC.ACCS.UR.ZS?format=json&per_page=1000&date=1960:2025&source=2
EG.ELC.ACCS.UR.ZS,"Access to electricity, urban (% of urban population)",electricity_access,SOM,2018,69.7,% of urban population,,source_reported,WDI_EG.ELC.ACCS.UR.ZS,2026-07-13,https://api.worldbank.org/v2/country/SOM/indicator/EG.ELC.ACCS.UR.ZS?format=json&per_page=1000&date=1960:2025&source=2
EG.ELC.ACCS.UR.ZS,"Access to electricity, urban (% of urban population)",electricity_access,SOM,2019,69.9,% of urban population,,source_reported,WDI_EG.ELC.ACCS.UR.ZS,2026-07-13,https://api.worldbank.org/v2/country/SOM/indicator/EG.ELC.ACCS.UR.ZS?format=json&per_page=1000&date=1960:2025&source=2
EG.ELC.ACCS.UR.ZS,"Access to electricity, urban (% of urban population)",electricity_access,SOM,2020,70.3,% of urban population,,source_reported,WDI_EG.ELC.ACCS.UR.ZS,2026-07-13,https://api.worldbank.org/v2/country/SOM/indicator/EG.ELC.ACCS.UR.ZS?format=json&per_page=1000&date=1960:2025&source=2
EG.ELC.ACCS.UR.ZS,"Access to electricity, urban (% of urban population)",electricity_access,SOM,2021,70.6,% of urban population,,source_reported,WDI_EG.ELC.ACCS.UR.ZS,2026-07-13,https://api.worldbank.org/v2/country/SOM/indicator/EG.ELC.ACCS.UR.ZS?format=json&per_page=1000&date=1960:2025&source=2
EG.ELC.ACCS.UR.ZS,"Access to electricity, urban (% of urban population)",electricity_access,SOM,2022,76.7,% of urban population,,source_reported,WDI_EG.ELC.ACCS.UR.ZS,2026-07-13,https://api.worldbank.org/v2/country/SOM/indicator/EG.ELC.ACCS.UR.ZS?format=json&per_page=1000&date=1960:2025&source=2
EG.ELC.ACCS.UR.ZS,"Access to electricity, urban (% of urban population)",electricity_access,SOM,2023,79,% of urban population,,source_reported,WDI_EG.ELC.ACCS.UR.ZS,2026-07-13,https://api.worldbank.org/v2/country/SOM/indicator/EG.ELC.ACCS.UR.ZS?format=json&per_page=1000&date=1960:2025&source=2
EG.ELC.ACCS.UR.ZS,"Access to electricity, urban (% of urban population)",electricity_access,SOM,2024,73.4,% of urban population,,source_reported,WDI_EG.ELC.ACCS.UR.ZS,2026-07-13,https://api.worldbank.org/v2/country/SOM/indicator/EG.ELC.ACCS.UR.ZS?format=json&per_page=1000&date=1960:2025&source=2
EG.ELC.ACCS.UR.ZS,"Access to electricity, urban (% of urban population)",electricity_access,SOM,2025,,% of urban population,,missing,WDI_EG.ELC.ACCS.UR.ZS,2026-07-13,https://api.worldbank.org/v2/country/SOM/indicator/EG.ELC.ACCS.UR.ZS?format=json&per_page=1000&date=1960:2025&source=2
EG.ELC.ACCS.ZS,Access to electricity (% of population),electricity_access,SOM,1960,,% of population,,missing,WDI_EG.ELC.ACCS.ZS,2026-07-13,https://api.worldbank.org/v2/country/SOM/indicator/EG.ELC.ACCS.ZS?format=json&per_page=1000&date=1960:2025&source=2
EG.ELC.ACCS.ZS,Access to electricity (% of population),electricity_access,SOM,1961,,% of population,,missing,WDI_EG.ELC.ACCS.ZS,2026-07-13,https://api.worldbank.org/v2/country/SOM/indicator/EG.ELC.ACCS.ZS?format=json&per_page=1000&date=1960:2025&source=2
EG.ELC.ACCS.ZS,Access to electricity (% of population),electricity_access,SOM,1962,,% of population,,missing,WDI_EG.ELC.ACCS.ZS,2026-07-13,https://api.worldbank.org/v2/country/SOM/indicator/EG.ELC.ACCS.ZS?format=json&per_page=1000&date=1960:2025&source=2
EG.ELC.ACCS.ZS,Access to electricity (% of population),electricity_access,SOM,1963,,% of population,,missing,WDI_EG.ELC.ACCS.ZS,2026-07-13,https://api.worldbank.org/v2/country/SOM/indicator/EG.ELC.ACCS.ZS?format=json&per_page=1000&date=1960:2025&source=2
EG.ELC.ACCS.ZS,Access to electricity (% of population),electricity_access,SOM,1964,,% of population,,missing,WDI_EG.ELC.ACCS.ZS,2026-07-13,https://api.worldbank.org/v2/country/SOM/indicator/EG.ELC.ACCS.ZS?format=json&per_page=1000&date=1960:2025&source=2
EG.ELC.ACCS.ZS,Access to electricity (% of population),electricity_access,SOM,1965,,% of population,,missing,WDI_EG.ELC.ACCS.ZS,2026-07-13,https://api.worldbank.org/v2/country/SOM/indicator/EG.ELC.ACCS.ZS?format=json&per_page=1000&date=1960:2025&source=2
EG.ELC.ACCS.ZS,Access to electricity (% of population),electricity_access,SOM,1966,,% of population,,missing,WDI_EG.ELC.ACCS.ZS,2026-07-13,https://api.worldbank.org/v2/country/SOM/indicator/EG.ELC.ACCS.ZS?format=json&per_page=1000&date=1960:2025&source=2
EG.ELC.ACCS.ZS,Access to electricity (% of population),electricity_access,SOM,1967,,% of population,,missing,WDI_EG.ELC.ACCS.ZS,2026-07-13,https://api.worldbank.org/v2/country/SOM/indicator/EG.ELC.ACCS.ZS?format=json&per_page=1000&date=1960:2025&source=2
EG.ELC.ACCS.ZS,Access to electricity (% of population),electricity_access,SOM,1968,,% of population,,missing,WDI_EG.ELC.ACCS.ZS,2026-07-13,https://api.worldbank.org/v2/country/SOM/indicator/EG.ELC.ACCS.ZS?format=json&per_page=1000&date=1960:2025&source=2
EG.ELC.ACCS.ZS,Access to electricity (% of population),electricity_access,SOM,1969,,% of population,,missing,WDI_EG.ELC.ACCS.ZS,2026-07-13,https://api.worldbank.org/v2/country/SOM/indicator/EG.ELC.ACCS.ZS?format=json&per_page=1000&date=1960:2025&source=2
EG.ELC.ACCS.ZS,Access to electricity (% of population),electricity_access,SOM,1970,,% of population,,missing,WDI_EG.ELC.ACCS.ZS,2026-07-13,https://api.worldbank.org/v2/country/SOM/indicator/EG.ELC.ACCS.ZS?format=json&per_page=1000&date=1960:2025&source=2
EG.ELC.ACCS.ZS,Access to electricity (% of population),electricity_access,SOM,1971,,% of population,,missing,WDI_EG.ELC.ACCS.ZS,2026-07-13,https://api.worldbank.org/v2/country/SOM/indicator/EG.ELC.ACCS.ZS?format=json&per_page=1000&date=1960:2025&source=2
EG.ELC.ACCS.ZS,Access to electricity (% of population),electricity_access,SOM,1972,,% of population,,missing,WDI_EG.ELC.ACCS.ZS,2026-07-13,https://api.worldbank.org/v2/country/SOM/indicator/EG.ELC.ACCS.ZS?format=json&per_page=1000&date=1960:2025&source=2
EG.ELC.ACCS.ZS,Access to electricity (% of population),electricity_access,SOM,1973,,% of population,,missing,WDI_EG.ELC.ACCS.ZS,2026-07-13,https://api.worldbank.org/v2/country/SOM/indicator/EG.ELC.ACCS.ZS?format=json&per_page=1000&date=1960:2025&source=2
EG.ELC.ACCS.ZS,Access to electricity (% of population),electricity_access,SOM,1974,,% of population,,missing,WDI_EG.ELC.ACCS.ZS,2026-07-13,https://api.worldbank.org/v2/country/SOM/indicator/EG.ELC.ACCS.ZS?format=json&per_page=1000&date=1960:2025&source=2
EG.ELC.ACCS.ZS,Access to electricity (% of population),electricity_access,SOM,1975,,% of population,,missing,WDI_EG.ELC.ACCS.ZS,2026-07-13,https://api.worldbank.org/v2/country/SOM/indicator/EG.ELC.ACCS.ZS?format=json&per_page=1000&date=1960:2025&source=2
EG.ELC.ACCS.ZS,Access to electricity (% of population),electricity_access,SOM,1976,,% of population,,missing,WDI_EG.ELC.ACCS.ZS,2026-07-13,https://api.worldbank.org/v2/country/SOM/indicator/EG.ELC.ACCS.ZS?format=json&per_page=1000&date=1960:2025&source=2
EG.ELC.ACCS.ZS,Access to electricity (% of population),electricity_access,SOM,1977,,% of population,,missing,WDI_EG.ELC.ACCS.ZS,2026-07-13,https://api.worldbank.org/v2/country/SOM/indicator/EG.ELC.ACCS.ZS?format=json&per_page=1000&date=1960:2025&source=2
EG.ELC.ACCS.ZS,Access to electricity (% of population),electricity_access,SOM,1978,,% of population,,missing,WDI_EG.ELC.ACCS.ZS,2026-07-13,https://api.worldbank.org/v2/country/SOM/indicator/EG.ELC.ACCS.ZS?format=json&per_page=1000&date=1960:2025&source=2
EG.ELC.ACCS.ZS,Access to electricity (% of population),electricity_access,SOM,1979,,% of population,,missing,WDI_EG.ELC.ACCS.ZS,2026-07-13,https://api.worldbank.org/v2/country/SOM/indicator/EG.ELC.ACCS.ZS?format=json&per_page=1000&date=1960:2025&source=2
EG.ELC.ACCS.ZS,Access to electricity (% of population),electricity_access,SOM,1980,,% of population,,missing,WDI_EG.ELC.ACCS.ZS,2026-07-13,https://api.worldbank.org/v2/country/SOM/indicator/EG.ELC.ACCS.ZS?format=json&per_page=1000&date=1960:2025&source=2
EG.ELC.ACCS.ZS,Access to electricity (% of population),electricity_access,SOM,1981,,% of population,,missing,WDI_EG.ELC.ACCS.ZS,2026-07-13,https://api.worldbank.org/v2/country/SOM/indicator/EG.ELC.ACCS.ZS?format=json&per_page=1000&date=1960:2025&source=2
EG.ELC.ACCS.ZS,Access to electricity (% of population),electricity_access,SOM,1982,,% of population,,missing,WDI_EG.ELC.ACCS.ZS,2026-07-13,https://api.worldbank.org/v2/country/SOM/indicator/EG.ELC.ACCS.ZS?format=json&per_page=1000&date=1960:2025&source=2
EG.ELC.ACCS.ZS,Access to electricity (% of population),electricity_access,SOM,1983,,% of population,,missing,WDI_EG.ELC.ACCS.ZS,2026-07-13,https://api.worldbank.org/v2/country/SOM/indicator/EG.ELC.ACCS.ZS?format=json&per_page=1000&date=1960:2025&source=2
EG.ELC.ACCS.ZS,Access to electricity (% of population),electricity_access,SOM,1984,,% of population,,missing,WDI_EG.ELC.ACCS.ZS,2026-07-13,https://api.worldbank.org/v2/country/SOM/indicator/EG.ELC.ACCS.ZS?format=json&per_page=1000&date=1960:2025&source=2
EG.ELC.ACCS.ZS,Access to electricity (% of population),electricity_access,SOM,1985,,% of population,,missing,WDI_EG.ELC.ACCS.ZS,2026-07-13,https://api.worldbank.org/v2/country/SOM/indicator/EG.ELC.ACCS.ZS?format=json&per_page=1000&date=1960:2025&source=2
EG.ELC.ACCS.ZS,Access to electricity (% of population),electricity_access,SOM,1986,,% of population,,missing,WDI_EG.ELC.ACCS.ZS,2026-07-13,https://api.worldbank.org/v2/country/SOM/indicator/EG.ELC.ACCS.ZS?format=json&per_page=1000&date=1960:2025&source=2
EG.ELC.ACCS.ZS,Access to electricity (% of population),electricity_access,SOM,1987,,% of population,,missing,WDI_EG.ELC.ACCS.ZS,2026-07-13,https://api.worldbank.org/v2/country/SOM/indicator/EG.ELC.ACCS.ZS?format=json&per_page=1000&date=1960:2025&source=2
EG.ELC.ACCS.ZS,Access to electricity (% of population),electricity_access,SOM,1988,,% of population,,missing,WDI_EG.ELC.ACCS.ZS,2026-07-13,https://api.worldbank.org/v2/country/SOM/indicator/EG.ELC.ACCS.ZS?format=json&per_page=1000&date=1960:2025&source=2
EG.ELC.ACCS.ZS,Access to electricity (% of population),electricity_access,SOM,1989,,% of population,,missing,WDI_EG.ELC.ACCS.ZS,2026-07-13,https://api.worldbank.org/v2/country/SOM/indicator/EG.ELC.ACCS.ZS?format=json&per_page=1000&date=1960:2025&source=2
EG.ELC.ACCS.ZS,Access to electricity (% of population),electricity_access,SOM,1990,,% of population,,missing,WDI_EG.ELC.ACCS.ZS,2026-07-13,https://api.worldbank.org/v2/country/SOM/indicator/EG.ELC.ACCS.ZS?format=json&per_page=1000&date=1960:2025&source=2
EG.ELC.ACCS.ZS,Access to electricity (% of population),electricity_access,SOM,1991,,% of population,,missing,WDI_EG.ELC.ACCS.ZS,2026-07-13,https://api.worldbank.org/v2/country/SOM/indicator/EG.ELC.ACCS.ZS?format=json&per_page=1000&date=1960:2025&source=2
EG.ELC.ACCS.ZS,Access to electricity (% of population),electricity_access,SOM,1992,,% of population,,missing,WDI_EG.ELC.ACCS.ZS,2026-07-13,https://api.worldbank.org/v2/country/SOM/indicator/EG.ELC.ACCS.ZS?format=json&per_page=1000&date=1960:2025&source=2
EG.ELC.ACCS.ZS,Access to electricity (% of population),electricity_access,SOM,1993,,% of population,,missing,WDI_EG.ELC.ACCS.ZS,2026-07-13,https://api.worldbank.org/v2/country/SOM/indicator/EG.ELC.ACCS.ZS?format=json&per_page=1000&date=1960:2025&source=2
EG.ELC.ACCS.ZS,Access to electricity (% of population),electricity_access,SOM,1994,,% of population,,missing,WDI_EG.ELC.ACCS.ZS,2026-07-13,https://api.worldbank.org/v2/country/SOM/indicator/EG.ELC.ACCS.ZS?format=json&per_page=1000&date=1960:2025&source=2
EG.ELC.ACCS.ZS,Access to electricity (% of population),electricity_access,SOM,1995,,% of population,,missing,WDI_EG.ELC.ACCS.ZS,2026-07-13,https://api.worldbank.org/v2/country/SOM/indicator/EG.ELC.ACCS.ZS?format=json&per_page=1000&date=1960:2025&source=2
EG.ELC.ACCS.ZS,Access to electricity (% of population),electricity_access,SOM,1996,,% of population,,missing,WDI_EG.ELC.ACCS.ZS,2026-07-13,https://api.worldbank.org/v2/country/SOM/indicator/EG.ELC.ACCS.ZS?format=json&per_page=1000&date=1960:2025&source=2
EG.ELC.ACCS.ZS,Access to electricity (% of population),electricity_access,SOM,1997,,% of population,,missing,WDI_EG.ELC.ACCS.ZS,2026-07-13,https://api.worldbank.org/v2/country/SOM/indicator/EG.ELC.ACCS.ZS?format=json&per_page=1000&date=1960:2025&source=2
EG.ELC.ACCS.ZS,Access to electricity (% of population),electricity_access,SOM,1998,,% of population,,missing,WDI_EG.ELC.ACCS.ZS,2026-07-13,https://api.worldbank.org/v2/country/SOM/indicator/EG.ELC.ACCS.ZS?format=json&per_page=1000&date=1960:2025&source=2
EG.ELC.ACCS.ZS,Access to electricity (% of population),electricity_access,SOM,1999,,% of population,,missing,WDI_EG.ELC.ACCS.ZS,2026-07-13,https://api.worldbank.org/v2/country/SOM/indicator/EG.ELC.ACCS.ZS?format=json&per_page=1000&date=1960:2025&source=2
EG.ELC.ACCS.ZS,Access to electricity (% of population),electricity_access,SOM,2000,2.1,% of population,,source_reported,WDI_EG.ELC.ACCS.ZS,2026-07-13,https://api.worldbank.org/v2/country/SOM/indicator/EG.ELC.ACCS.ZS?format=json&per_page=1000&date=1960:2025&source=2
EG.ELC.ACCS.ZS,Access to electricity (% of population),electricity_access,SOM,2001,4.7,% of population,,source_reported,WDI_EG.ELC.ACCS.ZS,2026-07-13,https://api.worldbank.org/v2/country/SOM/indicator/EG.ELC.ACCS.ZS?format=json&per_page=1000&date=1960:2025&source=2
EG.ELC.ACCS.ZS,Access to electricity (% of population),electricity_access,SOM,2002,7.4,% of population,,source_reported,WDI_EG.ELC.ACCS.ZS,2026-07-13,https://api.worldbank.org/v2/country/SOM/indicator/EG.ELC.ACCS.ZS?format=json&per_page=1000&date=1960:2025&source=2
EG.ELC.ACCS.ZS,Access to electricity (% of population),electricity_access,SOM,2003,9.8,% of population,,source_reported,WDI_EG.ELC.ACCS.ZS,2026-07-13,https://api.worldbank.org/v2/country/SOM/indicator/EG.ELC.ACCS.ZS?format=json&per_page=1000&date=1960:2025&source=2
EG.ELC.ACCS.ZS,Access to electricity (% of population),electricity_access,SOM,2004,12.4,% of population,,source_reported,WDI_EG.ELC.ACCS.ZS,2026-07-13,https://api.worldbank.org/v2/country/SOM/indicator/EG.ELC.ACCS.ZS?format=json&per_page=1000&date=1960:2025&source=2
EG.ELC.ACCS.ZS,Access to electricity (% of population),electricity_access,SOM,2005,15,% of population,,source_reported,WDI_EG.ELC.ACCS.ZS,2026-07-13,https://api.worldbank.org/v2/country/SOM/indicator/EG.ELC.ACCS.ZS?format=json&per_page=1000&date=1960:2025&source=2
EG.ELC.ACCS.ZS,Access to electricity (% of population),electricity_access,SOM,2006,15.2,% of population,,source_reported,WDI_EG.ELC.ACCS.ZS,2026-07-13,https://api.worldbank.org/v2/country/SOM/indicator/EG.ELC.ACCS.ZS?format=json&per_page=1000&date=1960:2025&source=2
EG.ELC.ACCS.ZS,Access to electricity (% of population),electricity_access,SOM,2007,20.2,% of population,,source_reported,WDI_EG.ELC.ACCS.ZS,2026-07-13,https://api.worldbank.org/v2/country/SOM/indicator/EG.ELC.ACCS.ZS?format=json&per_page=1000&date=1960:2025&source=2
EG.ELC.ACCS.ZS,Access to electricity (% of population),electricity_access,SOM,2008,22.9,% of population,,source_reported,WDI_EG.ELC.ACCS.ZS,2026-07-13,https://api.worldbank.org/v2/country/SOM/indicator/EG.ELC.ACCS.ZS?format=json&per_page=1000&date=1960:2025&source=2
EG.ELC.ACCS.ZS,Access to electricity (% of population),electricity_access,SOM,2009,25.5,% of population,,source_reported,WDI_EG.ELC.ACCS.ZS,2026-07-13,https://api.worldbank.org/v2/country/SOM/indicator/EG.ELC.ACCS.ZS?format=json&per_page=1000&date=1960:2025&source=2
EG.ELC.ACCS.ZS,Access to electricity (% of population),electricity_access,SOM,2010,52.3,% of population,,source_reported,WDI_EG.ELC.ACCS.ZS,2026-07-13,https://api.worldbank.org/v2/country/SOM/indicator/EG.ELC.ACCS.ZS?format=json&per_page=1000&date=1960:2025&source=2
EG.ELC.ACCS.ZS,Access to electricity (% of population),electricity_access,SOM,2011,52,% of population,,source_reported,WDI_EG.ELC.ACCS.ZS,2026-07-13,https://api.worldbank.org/v2/country/SOM/indicator/EG.ELC.ACCS.ZS?format=json&per_page=1000&date=1960:2025&source=2
EG.ELC.ACCS.ZS,Access to electricity (% of population),electricity_access,SOM,2012,51.8,% of population,,source_reported,WDI_EG.ELC.ACCS.ZS,2026-07-13,https://api.worldbank.org/v2/country/SOM/indicator/EG.ELC.ACCS.ZS?format=json&per_page=1000&date=1960:2025&source=2
EG.ELC.ACCS.ZS,Access to electricity (% of population),electricity_access,SOM,2013,51.5,% of population,,source_reported,WDI_EG.ELC.ACCS.ZS,2026-07-13,https://api.worldbank.org/v2/country/SOM/indicator/EG.ELC.ACCS.ZS?format=json&per_page=1000&date=1960:2025&source=2
EG.ELC.ACCS.ZS,Access to electricity (% of population),electricity_access,SOM,2014,51.4,% of population,,source_reported,WDI_EG.ELC.ACCS.ZS,2026-07-13,https://api.worldbank.org/v2/country/SOM/indicator/EG.ELC.ACCS.ZS?format=json&per_page=1000&date=1960:2025&source=2
EG.ELC.ACCS.ZS,Access to electricity (% of population),electricity_access,SOM,2015,51.2,% of population,,source_reported,WDI_EG.ELC.ACCS.ZS,2026-07-13,https://api.worldbank.org/v2/country/SOM/indicator/EG.ELC.ACCS.ZS?format=json&per_page=1000&date=1960:2025&source=2
EG.ELC.ACCS.ZS,Access to electricity (% of population),electricity_access,SOM,2016,51.1,% of population,,source_reported,WDI_EG.ELC.ACCS.ZS,2026-07-13,https://api.worldbank.org/v2/country/SOM/indicator/EG.ELC.ACCS.ZS?format=json&per_page=1000&date=1960:2025&source=2
EG.ELC.ACCS.ZS,Access to electricity (% of population),electricity_access,SOM,2017,52.1,% of population,,source_reported,WDI_EG.ELC.ACCS.ZS,2026-07-13,https://api.worldbank.org/v2/country/SOM/indicator/EG.ELC.ACCS.ZS?format=json&per_page=1000&date=1960:2025&source=2
EG.ELC.ACCS.ZS,Access to electricity (% of population),electricity_access,SOM,2018,50.7,% of population,,source_reported,WDI_EG.ELC.ACCS.ZS,2026-07-13,https://api.worldbank.org/v2/country/SOM/indicator/EG.ELC.ACCS.ZS?format=json&per_page=1000&date=1960:2025&source=2
EG.ELC.ACCS.ZS,Access to electricity (% of population),electricity_access,SOM,2019,49.2,% of population,,source_reported,WDI_EG.ELC.ACCS.ZS,2026-07-13,https://api.worldbank.org/v2/country/SOM/indicator/EG.ELC.ACCS.ZS?format=json&per_page=1000&date=1960:2025&source=2
EG.ELC.ACCS.ZS,Access to electricity (% of population),electricity_access,SOM,2020,49.9,% of population,,source_reported,WDI_EG.ELC.ACCS.ZS,2026-07-13,https://api.worldbank.org/v2/country/SOM/indicator/EG.ELC.ACCS.ZS?format=json&per_page=1000&date=1960:2025&source=2
EG.ELC.ACCS.ZS,Access to electricity (% of population),electricity_access,SOM,2021,49.3,% of population,,source_reported,WDI_EG.ELC.ACCS.ZS,2026-07-13,https://api.worldbank.org/v2/country/SOM/indicator/EG.ELC.ACCS.ZS?format=json&per_page=1000&date=1960:2025&source=2
EG.ELC.ACCS.ZS,Access to electricity (% of population),electricity_access,SOM,2022,48.9,% of population,,source_reported,WDI_EG.ELC.ACCS.ZS,2026-07-13,https://api.worldbank.org/v2/country/SOM/indicator/EG.ELC.ACCS.ZS?format=json&per_page=1000&date=1960:2025&source=2
EG.ELC.ACCS.ZS,Access to electricity (% of population),electricity_access,SOM,2023,50.3,% of population,,source_reported,WDI_EG.ELC.ACCS.ZS,2026-07-13,https://api.worldbank.org/v2/country/SOM/indicator/EG.ELC.ACCS.ZS?format=json&per_page=1000&date=1960:2025&source=2
EG.ELC.ACCS.ZS,Access to electricity (% of population),electricity_access,SOM,2024,54.4,% of population,,source_reported,WDI_EG.ELC.ACCS.ZS,2026-07-13,https://api.worldbank.org/v2/country/SOM/indicator/EG.ELC.ACCS.ZS?format=json&per_page=1000&date=1960:2025&source=2
EG.ELC.ACCS.ZS,Access to electricity (% of population),electricity_access,SOM,2025,,% of population,,missing,WDI_EG.ELC.ACCS.ZS,2026-07-13,https://api.worldbank.org/v2/country/SOM/indicator/EG.ELC.ACCS.ZS?format=json&per_page=1000&date=1960:2025&source=2
EG.ELC.FOSL.ZS,"Electricity production from oil, gas and coal sources (% of total)",electricity_generation,SOM,1960,,% of total output,,missing,WDI_EG.ELC.FOSL.ZS,2026-07-13,https://api.worldbank.org/v2/country/SOM/indicator/EG.ELC.FOSL.ZS?format=json&per_page=1000&date=1960:2025&source=2
EG.ELC.FOSL.ZS,"Electricity production from oil, gas and coal sources (% of total)",electricity_generation,SOM,1961,,% of total output,,missing,WDI_EG.ELC.FOSL.ZS,2026-07-13,https://api.worldbank.org/v2/country/SOM/indicator/EG.ELC.FOSL.ZS?format=json&per_page=1000&date=1960:2025&source=2
EG.ELC.FOSL.ZS,"Electricity production from oil, gas and coal sources (% of total)",electricity_generation,SOM,1962,,% of total output,,missing,WDI_EG.ELC.FOSL.ZS,2026-07-13,https://api.worldbank.org/v2/country/SOM/indicator/EG.ELC.FOSL.ZS?format=json&per_page=1000&date=1960:2025&source=2
EG.ELC.FOSL.ZS,"Electricity production from oil, gas and coal sources (% of total)",electricity_generation,SOM,1963,,% of total output,,missing,WDI_EG.ELC.FOSL.ZS,2026-07-13,https://api.worldbank.org/v2/country/SOM/indicator/EG.ELC.FOSL.ZS?format=json&per_page=1000&date=1960:2025&source=2
EG.ELC.FOSL.ZS,"Electricity production from oil, gas and coal sources (% of total)",electricity_generation,SOM,1964,,% of total output,,missing,WDI_EG.ELC.FOSL.ZS,2026-07-13,https://api.worldbank.org/v2/country/SOM/indicator/EG.ELC.FOSL.ZS?format=json&per_page=1000&date=1960:2025&source=2
EG.ELC.FOSL.ZS,"Electricity production from oil, gas and coal sources (% of total)",electricity_generation,SOM,1965,,% of total output,,missing,WDI_EG.ELC.FOSL.ZS,2026-07-13,https://api.worldbank.org/v2/country/SOM/indicator/EG.ELC.FOSL.ZS?format=json&per_page=1000&date=1960:2025&source=2
EG.ELC.FOSL.ZS,"Electricity production from oil, gas and coal sources (% of total)",electricity_generation,SOM,1966,,% of total output,,missing,WDI_EG.ELC.FOSL.ZS,2026-07-13,https://api.worldbank.org/v2/country/SOM/indicator/EG.ELC.FOSL.ZS?format=json&per_page=1000&date=1960:2025&source=2
EG.ELC.FOSL.ZS,"Electricity production from oil, gas and coal sources (% of total)",electricity_generation,SOM,1967,,% of total output,,missing,WDI_EG.ELC.FOSL.ZS,2026-07-13,https://api.worldbank.org/v2/country/SOM/indicator/EG.ELC.FOSL.ZS?format=json&per_page=1000&date=1960:2025&source=2
EG.ELC.FOSL.ZS,"Electricity production from oil, gas and coal sources (% of total)",electricity_generation,SOM,1968,,% of total output,,missing,WDI_EG.ELC.FOSL.ZS,2026-07-13,https://api.worldbank.org/v2/country/SOM/indicator/EG.ELC.FOSL.ZS?format=json&per_page=1000&date=1960:2025&source=2
EG.ELC.FOSL.ZS,"Electricity production from oil, gas and coal sources (% of total)",electricity_generation,SOM,1969,,% of total output,,missing,WDI_EG.ELC.FOSL.ZS,2026-07-13,https://api.worldbank.org/v2/country/SOM/indicator/EG.ELC.FOSL.ZS?format=json&per_page=1000&date=1960:2025&source=2
EG.ELC.FOSL.ZS,"Electricity production from oil, gas and coal sources (% of total)",electricity_generation,SOM,1970,,% of total output,,missing,WDI_EG.ELC.FOSL.ZS,2026-07-13,https://api.worldbank.org/v2/country/SOM/indicator/EG.ELC.FOSL.ZS?format=json&per_page=1000&date=1960:2025&source=2
EG.ELC.FOSL.ZS,"Electricity production from oil, gas and coal sources (% of total)",electricity_generation,SOM,1971,,% of total output,,missing,WDI_EG.ELC.FOSL.ZS,2026-07-13,https://api.worldbank.org/v2/country/SOM/indicator/EG.ELC.FOSL.ZS?format=json&per_page=1000&date=1960:2025&source=2
EG.ELC.FOSL.ZS,"Electricity production from oil, gas and coal sources (% of total)",electricity_generation,SOM,1972,,% of total output,,missing,WDI_EG.ELC.FOSL.ZS,2026-07-13,https://api.worldbank.org/v2/country/SOM/indicator/EG.ELC.FOSL.ZS?format=json&per_page=1000&date=1960:2025&source=2
EG.ELC.FOSL.ZS,"Electricity production from oil, gas and coal sources (% of total)",electricity_generation,SOM,1973,,% of total output,,missing,WDI_EG.ELC.FOSL.ZS,2026-07-13,https://api.worldbank.org/v2/country/SOM/indicator/EG.ELC.FOSL.ZS?format=json&per_page=1000&date=1960:2025&source=2
EG.ELC.FOSL.ZS,"Electricity production from oil, gas and coal sources (% of total)",electricity_generation,SOM,1974,,% of total output,,missing,WDI_EG.ELC.FOSL.ZS,2026-07-13,https://api.worldbank.org/v2/country/SOM/indicator/EG.ELC.FOSL.ZS?format=json&per_page=1000&date=1960:2025&source=2
EG.ELC.FOSL.ZS,"Electricity production from oil, gas and coal sources (% of total)",electricity_generation,SOM,1975,,% of total output,,missing,WDI_EG.ELC.FOSL.ZS,2026-07-13,https://api.worldbank.org/v2/country/SOM/indicator/EG.ELC.FOSL.ZS?format=json&per_page=1000&date=1960:2025&source=2
EG.ELC.FOSL.ZS,"Electricity production from oil, gas and coal sources (% of total)",electricity_generation,SOM,1976,,% of total output,,missing,WDI_EG.ELC.FOSL.ZS,2026-07-13,https://api.worldbank.org/v2/country/SOM/indicator/EG.ELC.FOSL.ZS?format=json&per_page=1000&date=1960:2025&source=2
EG.ELC.FOSL.ZS,"Electricity production from oil, gas and coal sources (% of total)",electricity_generation,SOM,1977,,% of total output,,missing,WDI_EG.ELC.FOSL.ZS,2026-07-13,https://api.worldbank.org/v2/country/SOM/indicator/EG.ELC.FOSL.ZS?format=json&per_page=1000&date=1960:2025&source=2
EG.ELC.FOSL.ZS,"Electricity production from oil, gas and coal sources (% of total)",electricity_generation,SOM,1978,,% of total output,,missing,WDI_EG.ELC.FOSL.ZS,2026-07-13,https://api.worldbank.org/v2/country/SOM/indicator/EG.ELC.FOSL.ZS?format=json&per_page=1000&date=1960:2025&source=2
EG.ELC.FOSL.ZS,"Electricity production from oil, gas and coal sources (% of total)",electricity_generation,SOM,1979,,% of total output,,missing,WDI_EG.ELC.FOSL.ZS,2026-07-13,https://api.worldbank.org/v2/country/SOM/indicator/EG.ELC.FOSL.ZS?format=json&per_page=1000&date=1960:2025&source=2
EG.ELC.FOSL.ZS,"Electricity production from oil, gas and coal sources (% of total)",electricity_generation,SOM,1980,,% of total output,,missing,WDI_EG.ELC.FOSL.ZS,2026-07-13,https://api.worldbank.org/v2/country/SOM/indicator/EG.ELC.FOSL.ZS?format=json&per_page=1000&date=1960:2025&source=2
EG.ELC.FOSL.ZS,"Electricity production from oil, gas and coal sources (% of total)",electricity_generation,SOM,1981,,% of total output,,missing,WDI_EG.ELC.FOSL.ZS,2026-07-13,https://api.worldbank.org/v2/country/SOM/indicator/EG.ELC.FOSL.ZS?format=json&per_page=1000&date=1960:2025&source=2
EG.ELC.FOSL.ZS,"Electricity production from oil, gas and coal sources (% of total)",electricity_generation,SOM,1982,,% of total output,,missing,WDI_EG.ELC.FOSL.ZS,2026-07-13,https://api.worldbank.org/v2/country/SOM/indicator/EG.ELC.FOSL.ZS?format=json&per_page=1000&date=1960:2025&source=2
EG.ELC.FOSL.ZS,"Electricity production from oil, gas and coal sources (% of total)",electricity_generation,SOM,1983,,% of total output,,missing,WDI_EG.ELC.FOSL.ZS,2026-07-13,https://api.worldbank.org/v2/country/SOM/indicator/EG.ELC.FOSL.ZS?format=json&per_page=1000&date=1960:2025&source=2
EG.ELC.FOSL.ZS,"Electricity production from oil, gas and coal sources (% of total)",electricity_generation,SOM,1984,,% of total output,,missing,WDI_EG.ELC.FOSL.ZS,2026-07-13,https://api.worldbank.org/v2/country/SOM/indicator/EG.ELC.FOSL.ZS?format=json&per_page=1000&date=1960:2025&source=2
EG.ELC.FOSL.ZS,"Electricity production from oil, gas and coal sources (% of total)",electricity_generation,SOM,1985,,% of total output,,missing,WDI_EG.ELC.FOSL.ZS,2026-07-13,https://api.worldbank.org/v2/country/SOM/indicator/EG.ELC.FOSL.ZS?format=json&per_page=1000&date=1960:2025&source=2
EG.ELC.FOSL.ZS,"Electricity production from oil, gas and coal sources (% of total)",electricity_generation,SOM,1986,,% of total output,,missing,WDI_EG.ELC.FOSL.ZS,2026-07-13,https://api.worldbank.org/v2/country/SOM/indicator/EG.ELC.FOSL.ZS?format=json&per_page=1000&date=1960:2025&source=2
EG.ELC.FOSL.ZS,"Electricity production from oil, gas and coal sources (% of total)",electricity_generation,SOM,1987,,% of total output,,missing,WDI_EG.ELC.FOSL.ZS,2026-07-13,https://api.worldbank.org/v2/country/SOM/indicator/EG.ELC.FOSL.ZS?format=json&per_page=1000&date=1960:2025&source=2
EG.ELC.FOSL.ZS,"Electricity production from oil, gas and coal sources (% of total)",electricity_generation,SOM,1988,,% of total output,,missing,WDI_EG.ELC.FOSL.ZS,2026-07-13,https://api.worldbank.org/v2/country/SOM/indicator/EG.ELC.FOSL.ZS?format=json&per_page=1000&date=1960:2025&source=2
EG.ELC.FOSL.ZS,"Electricity production from oil, gas and coal sources (% of total)",electricity_generation,SOM,1989,,% of total output,,missing,WDI_EG.ELC.FOSL.ZS,2026-07-13,https://api.worldbank.org/v2/country/SOM/indicator/EG.ELC.FOSL.ZS?format=json&per_page=1000&date=1960:2025&source=2
EG.ELC.FOSL.ZS,"Electricity production from oil, gas and coal sources (% of total)",electricity_generation,SOM,1990,,% of total output,,missing,WDI_EG.ELC.FOSL.ZS,2026-07-13,https://api.worldbank.org/v2/country/SOM/indicator/EG.ELC.FOSL.ZS?format=json&per_page=1000&date=1960:2025&source=2
EG.ELC.FOSL.ZS,"Electricity production from oil, gas and coal sources (% of total)",electricity_generation,SOM,1991,,% of total output,,missing,WDI_EG.ELC.FOSL.ZS,2026-07-13,https://api.worldbank.org/v2/country/SOM/indicator/EG.ELC.FOSL.ZS?format=json&per_page=1000&date=1960:2025&source=2
EG.ELC.FOSL.ZS,"Electricity production from oil, gas and coal sources (% of total)",electricity_generation,SOM,1992,,% of total output,,missing,WDI_EG.ELC.FOSL.ZS,2026-07-13,https://api.worldbank.org/v2/country/SOM/indicator/EG.ELC.FOSL.ZS?format=json&per_page=1000&date=1960:2025&source=2
EG.ELC.FOSL.ZS,"Electricity production from oil, gas and coal sources (% of total)",electricity_generation,SOM,1993,,% of total output,,missing,WDI_EG.ELC.FOSL.ZS,2026-07-13,https://api.worldbank.org/v2/country/SOM/indicator/EG.ELC.FOSL.ZS?format=json&per_page=1000&date=1960:2025&source=2
EG.ELC.FOSL.ZS,"Electricity production from oil, gas and coal sources (% of total)",electricity_generation,SOM,1994,,% of total output,,missing,WDI_EG.ELC.FOSL.ZS,2026-07-13,https://api.worldbank.org/v2/country/SOM/indicator/EG.ELC.FOSL.ZS?format=json&per_page=1000&date=1960:2025&source=2
EG.ELC.FOSL.ZS,"Electricity production from oil, gas and coal sources (% of total)",electricity_generation,SOM,1995,,% of total output,,missing,WDI_EG.ELC.FOSL.ZS,2026-07-13,https://api.worldbank.org/v2/country/SOM/indicator/EG.ELC.FOSL.ZS?format=json&per_page=1000&date=1960:2025&source=2
EG.ELC.FOSL.ZS,"Electricity production from oil, gas and coal sources (% of total)",electricity_generation,SOM,1996,,% of total output,,missing,WDI_EG.ELC.FOSL.ZS,2026-07-13,https://api.worldbank.org/v2/country/SOM/indicator/EG.ELC.FOSL.ZS?format=json&per_page=1000&date=1960:2025&source=2
EG.ELC.FOSL.ZS,"Electricity production from oil, gas and coal sources (% of total)",electricity_generation,SOM,1997,,% of total output,,missing,WDI_EG.ELC.FOSL.ZS,2026-07-13,https://api.worldbank.org/v2/country/SOM/indicator/EG.ELC.FOSL.ZS?format=json&per_page=1000&date=1960:2025&source=2
EG.ELC.FOSL.ZS,"Electricity production from oil, gas and coal sources (% of total)",electricity_generation,SOM,1998,,% of total output,,missing,WDI_EG.ELC.FOSL.ZS,2026-07-13,https://api.worldbank.org/v2/country/SOM/indicator/EG.ELC.FOSL.ZS?format=json&per_page=1000&date=1960:2025&source=2
EG.ELC.FOSL.ZS,"Electricity production from oil, gas and coal sources (% of total)",electricity_generation,SOM,1999,,% of total output,,missing,WDI_EG.ELC.FOSL.ZS,2026-07-13,https://api.worldbank.org/v2/country/SOM/indicator/EG.ELC.FOSL.ZS?format=json&per_page=1000&date=1960:2025&source=2
EG.ELC.FOSL.ZS,"Electricity production from oil, gas and coal sources (% of total)",electricity_generation,SOM,2000,100,% of total output,,source_reported,WDI_EG.ELC.FOSL.ZS,2026-07-13,https://api.worldbank.org/v2/country/SOM/indicator/EG.ELC.FOSL.ZS?format=json&per_page=1000&date=1960:2025&source=2
EG.ELC.FOSL.ZS,"Electricity production from oil, gas and coal sources (% of total)",electricity_generation,SOM,2001,100,% of total output,,source_reported,WDI_EG.ELC.FOSL.ZS,2026-07-13,https://api.worldbank.org/v2/country/SOM/indicator/EG.ELC.FOSL.ZS?format=json&per_page=1000&date=1960:2025&source=2
EG.ELC.FOSL.ZS,"Electricity production from oil, gas and coal sources (% of total)",electricity_generation,SOM,2002,100,% of total output,,source_reported,WDI_EG.ELC.FOSL.ZS,2026-07-13,https://api.worldbank.org/v2/country/SOM/indicator/EG.ELC.FOSL.ZS?format=json&per_page=1000&date=1960:2025&source=2
EG.ELC.FOSL.ZS,"Electricity production from oil, gas and coal sources (% of total)",electricity_generation,SOM,2003,100,% of total output,,source_reported,WDI_EG.ELC.FOSL.ZS,2026-07-13,https://api.worldbank.org/v2/country/SOM/indicator/EG.ELC.FOSL.ZS?format=json&per_page=1000&date=1960:2025&source=2
EG.ELC.FOSL.ZS,"Electricity production from oil, gas and coal sources (% of total)",electricity_generation,SOM,2004,100,% of total output,,source_reported,WDI_EG.ELC.FOSL.ZS,2026-07-13,https://api.worldbank.org/v2/country/SOM/indicator/EG.ELC.FOSL.ZS?format=json&per_page=1000&date=1960:2025&source=2
EG.ELC.FOSL.ZS,"Electricity production from oil, gas and coal sources (% of total)",electricity_generation,SOM,2005,100,% of total output,,source_reported,WDI_EG.ELC.FOSL.ZS,2026-07-13,https://api.worldbank.org/v2/country/SOM/indicator/EG.ELC.FOSL.ZS?format=json&per_page=1000&date=1960:2025&source=2
EG.ELC.FOSL.ZS,"Electricity production from oil, gas and coal sources (% of total)",electricity_generation,SOM,2006,100,% of total output,,source_reported,WDI_EG.ELC.FOSL.ZS,2026-07-13,https://api.worldbank.org/v2/country/SOM/indicator/EG.ELC.FOSL.ZS?format=json&per_page=1000&date=1960:2025&source=2
EG.ELC.FOSL.ZS,"Electricity production from oil, gas and coal sources (% of total)",electricity_generation,SOM,2007,100,% of total output,,source_reported,WDI_EG.ELC.FOSL.ZS,2026-07-13,https://api.worldbank.org/v2/country/SOM/indicator/EG.ELC.FOSL.ZS?format=json&per_page=1000&date=1960:2025&source=2
EG.ELC.FOSL.ZS,"Electricity production from oil, gas and coal sources (% of total)",electricity_generation,SOM,2008,100,% of total output,,source_reported,WDI_EG.ELC.FOSL.ZS,2026-07-13,https://api.worldbank.org/v2/country/SOM/indicator/EG.ELC.FOSL.ZS?format=json&per_page=1000&date=1960:2025&source=2
EG.ELC.FOSL.ZS,"Electricity production from oil, gas and coal sources (% of total)",electricity_generation,SOM,2009,100,% of total output,,source_reported,WDI_EG.ELC.FOSL.ZS,2026-07-13,https://api.worldbank.org/v2/country/SOM/indicator/EG.ELC.FOSL.ZS?format=json&per_page=1000&date=1960:2025&source=2
EG.ELC.FOSL.ZS,"Electricity production from oil, gas and coal sources (% of total)",electricity_generation,SOM,2010,100,% of total output,,source_reported,WDI_EG.ELC.FOSL.ZS,2026-07-13,https://api.worldbank.org/v2/country/SOM/indicator/EG.ELC.FOSL.ZS?format=json&per_page=1000&date=1960:2025&source=2
EG.ELC.FOSL.ZS,"Electricity production from oil, gas and coal sources (% of total)",electricity_generation,SOM,2011,100,% of total output,,source_reported,WDI_EG.ELC.FOSL.ZS,2026-07-13,https://api.worldbank.org/v2/country/SOM/indicator/EG.ELC.FOSL.ZS?format=json&per_page=1000&date=1960:2025&source=2
EG.ELC.FOSL.ZS,"Electricity production from oil, gas and coal sources (% of total)",electricity_generation,SOM,2012,98.8803257234259,% of total output,,source_reported,WDI_EG.ELC.FOSL.ZS,2026-07-13,https://api.worldbank.org/v2/country/SOM/indicator/EG.ELC.FOSL.ZS?format=json&per_page=1000&date=1960:2025&source=2
EG.ELC.FOSL.ZS,"Electricity production from oil, gas and coal sources (% of total)",electricity_generation,SOM,2013,98.9119683481701,% of total output,,source_reported,WDI_EG.ELC.FOSL.ZS,2026-07-13,https://api.worldbank.org/v2/country/SOM/indicator/EG.ELC.FOSL.ZS?format=json&per_page=1000&date=1960:2025&source=2
EG.ELC.FOSL.ZS,"Electricity production from oil, gas and coal sources (% of total)",electricity_generation,SOM,2014,98.8672636366204,% of total output,,source_reported,WDI_EG.ELC.FOSL.ZS,2026-07-13,https://api.worldbank.org/v2/country/SOM/indicator/EG.ELC.FOSL.ZS?format=json&per_page=1000&date=1960:2025&source=2
EG.ELC.FOSL.ZS,"Electricity production from oil, gas and coal sources (% of total)",electricity_generation,SOM,2015,98.5415845486795,% of total output,,source_reported,WDI_EG.ELC.FOSL.ZS,2026-07-13,https://api.worldbank.org/v2/country/SOM/indicator/EG.ELC.FOSL.ZS?format=json&per_page=1000&date=1960:2025&source=2
EG.ELC.FOSL.ZS,"Electricity production from oil, gas and coal sources (% of total)",electricity_generation,SOM,2016,96.6316951960243,% of total output,,source_reported,WDI_EG.ELC.FOSL.ZS,2026-07-13,https://api.worldbank.org/v2/country/SOM/indicator/EG.ELC.FOSL.ZS?format=json&per_page=1000&date=1960:2025&source=2
EG.ELC.FOSL.ZS,"Electricity production from oil, gas and coal sources (% of total)",electricity_generation,SOM,2017,95.3730448525805,% of total output,,source_reported,WDI_EG.ELC.FOSL.ZS,2026-07-13,https://api.worldbank.org/v2/country/SOM/indicator/EG.ELC.FOSL.ZS?format=json&per_page=1000&date=1960:2025&source=2
EG.ELC.FOSL.ZS,"Electricity production from oil, gas and coal sources (% of total)",electricity_generation,SOM,2018,95.3029271613342,% of total output,,source_reported,WDI_EG.ELC.FOSL.ZS,2026-07-13,https://api.worldbank.org/v2/country/SOM/indicator/EG.ELC.FOSL.ZS?format=json&per_page=1000&date=1960:2025&source=2
EG.ELC.FOSL.ZS,"Electricity production from oil, gas and coal sources (% of total)",electricity_generation,SOM,2019,95.3029271613342,% of total output,,source_reported,WDI_EG.ELC.FOSL.ZS,2026-07-13,https://api.worldbank.org/v2/country/SOM/indicator/EG.ELC.FOSL.ZS?format=json&per_page=1000&date=1960:2025&source=2
EG.ELC.FOSL.ZS,"Electricity production from oil, gas and coal sources (% of total)",electricity_generation,SOM,2020,91.7777897748745,% of total output,,source_reported,WDI_EG.ELC.FOSL.ZS,2026-07-13,https://api.worldbank.org/v2/country/SOM/indicator/EG.ELC.FOSL.ZS?format=json&per_page=1000&date=1960:2025&source=2
EG.ELC.FOSL.ZS,"Electricity production from oil, gas and coal sources (% of total)",electricity_generation,SOM,2021,88.7867551052384,% of total output,,source_reported,WDI_EG.ELC.FOSL.ZS,2026-07-13,https://api.worldbank.org/v2/country/SOM/indicator/EG.ELC.FOSL.ZS?format=json&per_page=1000&date=1960:2025&source=2
EG.ELC.FOSL.ZS,"Electricity production from oil, gas and coal sources (% of total)",electricity_generation,SOM,2022,,% of total output,,missing,WDI_EG.ELC.FOSL.ZS,2026-07-13,https://api.worldbank.org/v2/country/SOM/indicator/EG.ELC.FOSL.ZS?format=json&per_page=1000&date=1960:2025&source=2
EG.ELC.FOSL.ZS,"Electricity production from oil, gas and coal sources (% of total)",electricity_generation,SOM,2023,,% of total output,,missing,WDI_EG.ELC.FOSL.ZS,2026-07-13,https://api.worldbank.org/v2/country/SOM/indicator/EG.ELC.FOSL.ZS?format=json&per_page=1000&date=1960:2025&source=2
EG.ELC.FOSL.ZS,"Electricity production from oil, gas and coal sources (% of total)",electricity_generation,SOM,2024,,% of total output,,missing,WDI_EG.ELC.FOSL.ZS,2026-07-13,https://api.worldbank.org/v2/country/SOM/indicator/EG.ELC.FOSL.ZS?format=json&per_page=1000&date=1960:2025&source=2
EG.ELC.FOSL.ZS,"Electricity production from oil, gas and coal sources (% of total)",electricity_generation,SOM,2025,,% of total output,,missing,WDI_EG.ELC.FOSL.ZS,2026-07-13,https://api.worldbank.org/v2/country/SOM/indicator/EG.ELC.FOSL.ZS?format=json&per_page=1000&date=1960:2025&source=2
EG.ELC.HYRO.ZS,Electricity production from hydroelectric sources (% of total),electricity_generation,SOM,1960,,% of total output,,missing,WDI_EG.ELC.HYRO.ZS,2026-07-13,https://api.worldbank.org/v2/country/SOM/indicator/EG.ELC.HYRO.ZS?format=json&per_page=1000&date=1960:2025&source=2
EG.ELC.HYRO.ZS,Electricity production from hydroelectric sources (% of total),electricity_generation,SOM,1961,,% of total output,,missing,WDI_EG.ELC.HYRO.ZS,2026-07-13,https://api.worldbank.org/v2/country/SOM/indicator/EG.ELC.HYRO.ZS?format=json&per_page=1000&date=1960:2025&source=2
EG.ELC.HYRO.ZS,Electricity production from hydroelectric sources (% of total),electricity_generation,SOM,1962,,% of total output,,missing,WDI_EG.ELC.HYRO.ZS,2026-07-13,https://api.worldbank.org/v2/country/SOM/indicator/EG.ELC.HYRO.ZS?format=json&per_page=1000&date=1960:2025&source=2
EG.ELC.HYRO.ZS,Electricity production from hydroelectric sources (% of total),electricity_generation,SOM,1963,,% of total output,,missing,WDI_EG.ELC.HYRO.ZS,2026-07-13,https://api.worldbank.org/v2/country/SOM/indicator/EG.ELC.HYRO.ZS?format=json&per_page=1000&date=1960:2025&source=2
EG.ELC.HYRO.ZS,Electricity production from hydroelectric sources (% of total),electricity_generation,SOM,1964,,% of total output,,missing,WDI_EG.ELC.HYRO.ZS,2026-07-13,https://api.worldbank.org/v2/country/SOM/indicator/EG.ELC.HYRO.ZS?format=json&per_page=1000&date=1960:2025&source=2
EG.ELC.HYRO.ZS,Electricity production from hydroelectric sources (% of total),electricity_generation,SOM,1965,,% of total output,,missing,WDI_EG.ELC.HYRO.ZS,2026-07-13,https://api.worldbank.org/v2/country/SOM/indicator/EG.ELC.HYRO.ZS?format=json&per_page=1000&date=1960:2025&source=2
EG.ELC.HYRO.ZS,Electricity production from hydroelectric sources (% of total),electricity_generation,SOM,1966,,% of total output,,missing,WDI_EG.ELC.HYRO.ZS,2026-07-13,https://api.worldbank.org/v2/country/SOM/indicator/EG.ELC.HYRO.ZS?format=json&per_page=1000&date=1960:2025&source=2
EG.ELC.HYRO.ZS,Electricity production from hydroelectric sources (% of total),electricity_generation,SOM,1967,,% of total output,,missing,WDI_EG.ELC.HYRO.ZS,2026-07-13,https://api.worldbank.org/v2/country/SOM/indicator/EG.ELC.HYRO.ZS?format=json&per_page=1000&date=1960:2025&source=2
EG.ELC.HYRO.ZS,Electricity production from hydroelectric sources (% of total),electricity_generation,SOM,1968,,% of total output,,missing,WDI_EG.ELC.HYRO.ZS,2026-07-13,https://api.worldbank.org/v2/country/SOM/indicator/EG.ELC.HYRO.ZS?format=json&per_page=1000&date=1960:2025&source=2
EG.ELC.HYRO.ZS,Electricity production from hydroelectric sources (% of total),electricity_generation,SOM,1969,,% of total output,,missing,WDI_EG.ELC.HYRO.ZS,2026-07-13,https://api.worldbank.org/v2/country/SOM/indicator/EG.ELC.HYRO.ZS?format=json&per_page=1000&date=1960:2025&source=2
EG.ELC.HYRO.ZS,Electricity production from hydroelectric sources (% of total),electricity_generation,SOM,1970,,% of total output,,missing,WDI_EG.ELC.HYRO.ZS,2026-07-13,https://api.worldbank.org/v2/country/SOM/indicator/EG.ELC.HYRO.ZS?format=json&per_page=1000&date=1960:2025&source=2
EG.ELC.HYRO.ZS,Electricity production from hydroelectric sources (% of total),electricity_generation,SOM,1971,,% of total output,,missing,WDI_EG.ELC.HYRO.ZS,2026-07-13,https://api.worldbank.org/v2/country/SOM/indicator/EG.ELC.HYRO.ZS?format=json&per_page=1000&date=1960:2025&source=2
EG.ELC.HYRO.ZS,Electricity production from hydroelectric sources (% of total),electricity_generation,SOM,1972,,% of total output,,missing,WDI_EG.ELC.HYRO.ZS,2026-07-13,https://api.worldbank.org/v2/country/SOM/indicator/EG.ELC.HYRO.ZS?format=json&per_page=1000&date=1960:2025&source=2
EG.ELC.HYRO.ZS,Electricity production from hydroelectric sources (% of total),electricity_generation,SOM,1973,,% of total output,,missing,WDI_EG.ELC.HYRO.ZS,2026-07-13,https://api.worldbank.org/v2/country/SOM/indicator/EG.ELC.HYRO.ZS?format=json&per_page=1000&date=1960:2025&source=2
EG.ELC.HYRO.ZS,Electricity production from hydroelectric sources (% of total),electricity_generation,SOM,1974,,% of total output,,missing,WDI_EG.ELC.HYRO.ZS,2026-07-13,https://api.worldbank.org/v2/country/SOM/indicator/EG.ELC.HYRO.ZS?format=json&per_page=1000&date=1960:2025&source=2
EG.ELC.HYRO.ZS,Electricity production from hydroelectric sources (% of total),electricity_generation,SOM,1975,,% of total output,,missing,WDI_EG.ELC.HYRO.ZS,2026-07-13,https://api.worldbank.org/v2/country/SOM/indicator/EG.ELC.HYRO.ZS?format=json&per_page=1000&date=1960:2025&source=2
EG.ELC.HYRO.ZS,Electricity production from hydroelectric sources (% of total),electricity_generation,SOM,1976,,% of total output,,missing,WDI_EG.ELC.HYRO.ZS,2026-07-13,https://api.worldbank.org/v2/country/SOM/indicator/EG.ELC.HYRO.ZS?format=json&per_page=1000&date=1960:2025&source=2
EG.ELC.HYRO.ZS,Electricity production from hydroelectric sources (% of total),electricity_generation,SOM,1977,,% of total output,,missing,WDI_EG.ELC.HYRO.ZS,2026-07-13,https://api.worldbank.org/v2/country/SOM/indicator/EG.ELC.HYRO.ZS?format=json&per_page=1000&date=1960:2025&source=2
EG.ELC.HYRO.ZS,Electricity production from hydroelectric sources (% of total),electricity_generation,SOM,1978,,% of total output,,missing,WDI_EG.ELC.HYRO.ZS,2026-07-13,https://api.worldbank.org/v2/country/SOM/indicator/EG.ELC.HYRO.ZS?format=json&per_page=1000&date=1960:2025&source=2
EG.ELC.HYRO.ZS,Electricity production from hydroelectric sources (% of total),electricity_generation,SOM,1979,,% of total output,,missing,WDI_EG.ELC.HYRO.ZS,2026-07-13,https://api.worldbank.org/v2/country/SOM/indicator/EG.ELC.HYRO.ZS?format=json&per_page=1000&date=1960:2025&source=2
EG.ELC.HYRO.ZS,Electricity production from hydroelectric sources (% of total),electricity_generation,SOM,1980,,% of total output,,missing,WDI_EG.ELC.HYRO.ZS,2026-07-13,https://api.worldbank.org/v2/country/SOM/indicator/EG.ELC.HYRO.ZS?format=json&per_page=1000&date=1960:2025&source=2
EG.ELC.HYRO.ZS,Electricity production from hydroelectric sources (% of total),electricity_generation,SOM,1981,,% of total output,,missing,WDI_EG.ELC.HYRO.ZS,2026-07-13,https://api.worldbank.org/v2/country/SOM/indicator/EG.ELC.HYRO.ZS?format=json&per_page=1000&date=1960:2025&source=2
EG.ELC.HYRO.ZS,Electricity production from hydroelectric sources (% of total),electricity_generation,SOM,1982,,% of total output,,missing,WDI_EG.ELC.HYRO.ZS,2026-07-13,https://api.worldbank.org/v2/country/SOM/indicator/EG.ELC.HYRO.ZS?format=json&per_page=1000&date=1960:2025&source=2
EG.ELC.HYRO.ZS,Electricity production from hydroelectric sources (% of total),electricity_generation,SOM,1983,,% of total output,,missing,WDI_EG.ELC.HYRO.ZS,2026-07-13,https://api.worldbank.org/v2/country/SOM/indicator/EG.ELC.HYRO.ZS?format=json&per_page=1000&date=1960:2025&source=2
EG.ELC.HYRO.ZS,Electricity production from hydroelectric sources (% of total),electricity_generation,SOM,1984,,% of total output,,missing,WDI_EG.ELC.HYRO.ZS,2026-07-13,https://api.worldbank.org/v2/country/SOM/indicator/EG.ELC.HYRO.ZS?format=json&per_page=1000&date=1960:2025&source=2
EG.ELC.HYRO.ZS,Electricity production from hydroelectric sources (% of total),electricity_generation,SOM,1985,,% of total output,,missing,WDI_EG.ELC.HYRO.ZS,2026-07-13,https://api.worldbank.org/v2/country/SOM/indicator/EG.ELC.HYRO.ZS?format=json&per_page=1000&date=1960:2025&source=2
EG.ELC.HYRO.ZS,Electricity production from hydroelectric sources (% of total),electricity_generation,SOM,1986,,% of total output,,missing,WDI_EG.ELC.HYRO.ZS,2026-07-13,https://api.worldbank.org/v2/country/SOM/indicator/EG.ELC.HYRO.ZS?format=json&per_page=1000&date=1960:2025&source=2
EG.ELC.HYRO.ZS,Electricity production from hydroelectric sources (% of total),electricity_generation,SOM,1987,,% of total output,,missing,WDI_EG.ELC.HYRO.ZS,2026-07-13,https://api.worldbank.org/v2/country/SOM/indicator/EG.ELC.HYRO.ZS?format=json&per_page=1000&date=1960:2025&source=2
EG.ELC.HYRO.ZS,Electricity production from hydroelectric sources (% of total),electricity_generation,SOM,1988,,% of total output,,missing,WDI_EG.ELC.HYRO.ZS,2026-07-13,https://api.worldbank.org/v2/country/SOM/indicator/EG.ELC.HYRO.ZS?format=json&per_page=1000&date=1960:2025&source=2
EG.ELC.HYRO.ZS,Electricity production from hydroelectric sources (% of total),electricity_generation,SOM,1989,,% of total output,,missing,WDI_EG.ELC.HYRO.ZS,2026-07-13,https://api.worldbank.org/v2/country/SOM/indicator/EG.ELC.HYRO.ZS?format=json&per_page=1000&date=1960:2025&source=2
EG.ELC.HYRO.ZS,Electricity production from hydroelectric sources (% of total),electricity_generation,SOM,1990,,% of total output,,missing,WDI_EG.ELC.HYRO.ZS,2026-07-13,https://api.worldbank.org/v2/country/SOM/indicator/EG.ELC.HYRO.ZS?format=json&per_page=1000&date=1960:2025&source=2
EG.ELC.HYRO.ZS,Electricity production from hydroelectric sources (% of total),electricity_generation,SOM,1991,,% of total output,,missing,WDI_EG.ELC.HYRO.ZS,2026-07-13,https://api.worldbank.org/v2/country/SOM/indicator/EG.ELC.HYRO.ZS?format=json&per_page=1000&date=1960:2025&source=2
EG.ELC.HYRO.ZS,Electricity production from hydroelectric sources (% of total),electricity_generation,SOM,1992,,% of total output,,missing,WDI_EG.ELC.HYRO.ZS,2026-07-13,https://api.worldbank.org/v2/country/SOM/indicator/EG.ELC.HYRO.ZS?format=json&per_page=1000&date=1960:2025&source=2
EG.ELC.HYRO.ZS,Electricity production from hydroelectric sources (% of total),electricity_generation,SOM,1993,,% of total output,,missing,WDI_EG.ELC.HYRO.ZS,2026-07-13,https://api.worldbank.org/v2/country/SOM/indicator/EG.ELC.HYRO.ZS?format=json&per_page=1000&date=1960:2025&source=2
EG.ELC.HYRO.ZS,Electricity production from hydroelectric sources (% of total),electricity_generation,SOM,1994,,% of total output,,missing,WDI_EG.ELC.HYRO.ZS,2026-07-13,https://api.worldbank.org/v2/country/SOM/indicator/EG.ELC.HYRO.ZS?format=json&per_page=1000&date=1960:2025&source=2
EG.ELC.HYRO.ZS,Electricity production from hydroelectric sources (% of total),electricity_generation,SOM,1995,,% of total output,,missing,WDI_EG.ELC.HYRO.ZS,2026-07-13,https://api.worldbank.org/v2/country/SOM/indicator/EG.ELC.HYRO.ZS?format=json&per_page=1000&date=1960:2025&source=2
EG.ELC.HYRO.ZS,Electricity production from hydroelectric sources (% of total),electricity_generation,SOM,1996,,% of total output,,missing,WDI_EG.ELC.HYRO.ZS,2026-07-13,https://api.worldbank.org/v2/country/SOM/indicator/EG.ELC.HYRO.ZS?format=json&per_page=1000&date=1960:2025&source=2
EG.ELC.HYRO.ZS,Electricity production from hydroelectric sources (% of total),electricity_generation,SOM,1997,,% of total output,,missing,WDI_EG.ELC.HYRO.ZS,2026-07-13,https://api.worldbank.org/v2/country/SOM/indicator/EG.ELC.HYRO.ZS?format=json&per_page=1000&date=1960:2025&source=2
EG.ELC.HYRO.ZS,Electricity production from hydroelectric sources (% of total),electricity_generation,SOM,1998,,% of total output,,missing,WDI_EG.ELC.HYRO.ZS,2026-07-13,https://api.worldbank.org/v2/country/SOM/indicator/EG.ELC.HYRO.ZS?format=json&per_page=1000&date=1960:2025&source=2
EG.ELC.HYRO.ZS,Electricity production from hydroelectric sources (% of total),electricity_generation,SOM,1999,,% of total output,,missing,WDI_EG.ELC.HYRO.ZS,2026-07-13,https://api.worldbank.org/v2/country/SOM/indicator/EG.ELC.HYRO.ZS?format=json&per_page=1000&date=1960:2025&source=2
EG.ELC.HYRO.ZS,Electricity production from hydroelectric sources (% of total),electricity_generation,SOM,2000,0,% of total output,,source_reported,WDI_EG.ELC.HYRO.ZS,2026-07-13,https://api.worldbank.org/v2/country/SOM/indicator/EG.ELC.HYRO.ZS?format=json&per_page=1000&date=1960:2025&source=2
EG.ELC.HYRO.ZS,Electricity production from hydroelectric sources (% of total),electricity_generation,SOM,2001,0,% of total output,,source_reported,WDI_EG.ELC.HYRO.ZS,2026-07-13,https://api.worldbank.org/v2/country/SOM/indicator/EG.ELC.HYRO.ZS?format=json&per_page=1000&date=1960:2025&source=2
EG.ELC.HYRO.ZS,Electricity production from hydroelectric sources (% of total),electricity_generation,SOM,2002,0,% of total output,,source_reported,WDI_EG.ELC.HYRO.ZS,2026-07-13,https://api.worldbank.org/v2/country/SOM/indicator/EG.ELC.HYRO.ZS?format=json&per_page=1000&date=1960:2025&source=2
EG.ELC.HYRO.ZS,Electricity production from hydroelectric sources (% of total),electricity_generation,SOM,2003,0,% of total output,,source_reported,WDI_EG.ELC.HYRO.ZS,2026-07-13,https://api.worldbank.org/v2/country/SOM/indicator/EG.ELC.HYRO.ZS?format=json&per_page=1000&date=1960:2025&source=2
EG.ELC.HYRO.ZS,Electricity production from hydroelectric sources (% of total),electricity_generation,SOM,2004,0,% of total output,,source_reported,WDI_EG.ELC.HYRO.ZS,2026-07-13,https://api.worldbank.org/v2/country/SOM/indicator/EG.ELC.HYRO.ZS?format=json&per_page=1000&date=1960:2025&source=2
EG.ELC.HYRO.ZS,Electricity production from hydroelectric sources (% of total),electricity_generation,SOM,2005,0,% of total output,,source_reported,WDI_EG.ELC.HYRO.ZS,2026-07-13,https://api.worldbank.org/v2/country/SOM/indicator/EG.ELC.HYRO.ZS?format=json&per_page=1000&date=1960:2025&source=2
EG.ELC.HYRO.ZS,Electricity production from hydroelectric sources (% of total),electricity_generation,SOM,2006,0,% of total output,,source_reported,WDI_EG.ELC.HYRO.ZS,2026-07-13,https://api.worldbank.org/v2/country/SOM/indicator/EG.ELC.HYRO.ZS?format=json&per_page=1000&date=1960:2025&source=2
EG.ELC.HYRO.ZS,Electricity production from hydroelectric sources (% of total),electricity_generation,SOM,2007,0,% of total output,,source_reported,WDI_EG.ELC.HYRO.ZS,2026-07-13,https://api.worldbank.org/v2/country/SOM/indicator/EG.ELC.HYRO.ZS?format=json&per_page=1000&date=1960:2025&source=2
EG.ELC.HYRO.ZS,Electricity production from hydroelectric sources (% of total),electricity_generation,SOM,2008,0,% of total output,,source_reported,WDI_EG.ELC.HYRO.ZS,2026-07-13,https://api.worldbank.org/v2/country/SOM/indicator/EG.ELC.HYRO.ZS?format=json&per_page=1000&date=1960:2025&source=2
EG.ELC.HYRO.ZS,Electricity production from hydroelectric sources (% of total),electricity_generation,SOM,2009,0,% of total output,,source_reported,WDI_EG.ELC.HYRO.ZS,2026-07-13,https://api.worldbank.org/v2/country/SOM/indicator/EG.ELC.HYRO.ZS?format=json&per_page=1000&date=1960:2025&source=2
EG.ELC.HYRO.ZS,Electricity production from hydroelectric sources (% of total),electricity_generation,SOM,2010,0,% of total output,,source_reported,WDI_EG.ELC.HYRO.ZS,2026-07-13,https://api.worldbank.org/v2/country/SOM/indicator/EG.ELC.HYRO.ZS?format=json&per_page=1000&date=1960:2025&source=2
EG.ELC.HYRO.ZS,Electricity production from hydroelectric sources (% of total),electricity_generation,SOM,2011,0,% of total output,,source_reported,WDI_EG.ELC.HYRO.ZS,2026-07-13,https://api.worldbank.org/v2/country/SOM/indicator/EG.ELC.HYRO.ZS?format=json&per_page=1000&date=1960:2025&source=2
EG.ELC.HYRO.ZS,Electricity production from hydroelectric sources (% of total),electricity_generation,SOM,2012,0,% of total output,,source_reported,WDI_EG.ELC.HYRO.ZS,2026-07-13,https://api.worldbank.org/v2/country/SOM/indicator/EG.ELC.HYRO.ZS?format=json&per_page=1000&date=1960:2025&source=2
EG.ELC.HYRO.ZS,Electricity production from hydroelectric sources (% of total),electricity_generation,SOM,2013,0,% of total output,,source_reported,WDI_EG.ELC.HYRO.ZS,2026-07-13,https://api.worldbank.org/v2/country/SOM/indicator/EG.ELC.HYRO.ZS?format=json&per_page=1000&date=1960:2025&source=2
EG.ELC.HYRO.ZS,Electricity production from hydroelectric sources (% of total),electricity_generation,SOM,2014,0,% of total output,,source_reported,WDI_EG.ELC.HYRO.ZS,2026-07-13,https://api.worldbank.org/v2/country/SOM/indicator/EG.ELC.HYRO.ZS?format=json&per_page=1000&date=1960:2025&source=2
EG.ELC.HYRO.ZS,Electricity production from hydroelectric sources (% of total),electricity_generation,SOM,2015,0,% of total output,,source_reported,WDI_EG.ELC.HYRO.ZS,2026-07-13,https://api.worldbank.org/v2/country/SOM/indicator/EG.ELC.HYRO.ZS?format=json&per_page=1000&date=1960:2025&source=2
EG.ELC.HYRO.ZS,Electricity production from hydroelectric sources (% of total),electricity_generation,SOM,2016,0,% of total output,,source_reported,WDI_EG.ELC.HYRO.ZS,2026-07-13,https://api.worldbank.org/v2/country/SOM/indicator/EG.ELC.HYRO.ZS?format=json&per_page=1000&date=1960:2025&source=2
EG.ELC.HYRO.ZS,Electricity production from hydroelectric sources (% of total),electricity_generation,SOM,2017,0,% of total output,,source_reported,WDI_EG.ELC.HYRO.ZS,2026-07-13,https://api.worldbank.org/v2/country/SOM/indicator/EG.ELC.HYRO.ZS?format=json&per_page=1000&date=1960:2025&source=2
EG.ELC.HYRO.ZS,Electricity production from hydroelectric sources (% of total),electricity_generation,SOM,2018,0,% of total output,,source_reported,WDI_EG.ELC.HYRO.ZS,2026-07-13,https://api.worldbank.org/v2/country/SOM/indicator/EG.ELC.HYRO.ZS?format=json&per_page=1000&date=1960:2025&source=2
EG.ELC.HYRO.ZS,Electricity production from hydroelectric sources (% of total),electricity_generation,SOM,2019,0,% of total output,,source_reported,WDI_EG.ELC.HYRO.ZS,2026-07-13,https://api.worldbank.org/v2/country/SOM/indicator/EG.ELC.HYRO.ZS?format=json&per_page=1000&date=1960:2025&source=2
EG.ELC.HYRO.ZS,Electricity production from hydroelectric sources (% of total),electricity_generation,SOM,2020,0,% of total output,,source_reported,WDI_EG.ELC.HYRO.ZS,2026-07-13,https://api.worldbank.org/v2/country/SOM/indicator/EG.ELC.HYRO.ZS?format=json&per_page=1000&date=1960:2025&source=2
EG.ELC.HYRO.ZS,Electricity production from hydroelectric sources (% of total),electricity_generation,SOM,2021,0,% of total output,,source_reported,WDI_EG.ELC.HYRO.ZS,2026-07-13,https://api.worldbank.org/v2/country/SOM/indicator/EG.ELC.HYRO.ZS?format=json&per_page=1000&date=1960:2025&source=2
EG.ELC.HYRO.ZS,Electricity production from hydroelectric sources (% of total),electricity_generation,SOM,2022,,% of total output,,missing,WDI_EG.ELC.HYRO.ZS,2026-07-13,https://api.worldbank.org/v2/country/SOM/indicator/EG.ELC.HYRO.ZS?format=json&per_page=1000&date=1960:2025&source=2
EG.ELC.HYRO.ZS,Electricity production from hydroelectric sources (% of total),electricity_generation,SOM,2023,,% of total output,,missing,WDI_EG.ELC.HYRO.ZS,2026-07-13,https://api.worldbank.org/v2/country/SOM/indicator/EG.ELC.HYRO.ZS?format=json&per_page=1000&date=1960:2025&source=2
EG.ELC.HYRO.ZS,Electricity production from hydroelectric sources (% of total),electricity_generation,SOM,2024,,% of total output,,missing,WDI_EG.ELC.HYRO.ZS,2026-07-13,https://api.worldbank.org/v2/country/SOM/indicator/EG.ELC.HYRO.ZS?format=json&per_page=1000&date=1960:2025&source=2
EG.ELC.HYRO.ZS,Electricity production from hydroelectric sources (% of total),electricity_generation,SOM,2025,,% of total output,,missing,WDI_EG.ELC.HYRO.ZS,2026-07-13,https://api.worldbank.org/v2/country/SOM/indicator/EG.ELC.HYRO.ZS?format=json&per_page=1000&date=1960:2025&source=2
EG.ELC.LOSS.ZS,Electric power transmission and distribution losses (% of output),electricity_network,SOM,1960,,% of output,,missing,WDI_EG.ELC.LOSS.ZS,2026-07-13,https://api.worldbank.org/v2/country/SOM/indicator/EG.ELC.LOSS.ZS?format=json&per_page=1000&date=1960:2025&source=2
EG.ELC.LOSS.ZS,Electric power transmission and distribution losses (% of output),electricity_network,SOM,1961,,% of output,,missing,WDI_EG.ELC.LOSS.ZS,2026-07-13,https://api.worldbank.org/v2/country/SOM/indicator/EG.ELC.LOSS.ZS?format=json&per_page=1000&date=1960:2025&source=2
EG.ELC.LOSS.ZS,Electric power transmission and distribution losses (% of output),electricity_network,SOM,1962,,% of output,,missing,WDI_EG.ELC.LOSS.ZS,2026-07-13,https://api.worldbank.org/v2/country/SOM/indicator/EG.ELC.LOSS.ZS?format=json&per_page=1000&date=1960:2025&source=2
EG.ELC.LOSS.ZS,Electric power transmission and distribution losses (% of output),electricity_network,SOM,1963,,% of output,,missing,WDI_EG.ELC.LOSS.ZS,2026-07-13,https://api.worldbank.org/v2/country/SOM/indicator/EG.ELC.LOSS.ZS?format=json&per_page=1000&date=1960:2025&source=2
EG.ELC.LOSS.ZS,Electric power transmission and distribution losses (% of output),electricity_network,SOM,1964,,% of output,,missing,WDI_EG.ELC.LOSS.ZS,2026-07-13,https://api.worldbank.org/v2/country/SOM/indicator/EG.ELC.LOSS.ZS?format=json&per_page=1000&date=1960:2025&source=2
EG.ELC.LOSS.ZS,Electric power transmission and distribution losses (% of output),electricity_network,SOM,1965,,% of output,,missing,WDI_EG.ELC.LOSS.ZS,2026-07-13,https://api.worldbank.org/v2/country/SOM/indicator/EG.ELC.LOSS.ZS?format=json&per_page=1000&date=1960:2025&source=2
EG.ELC.LOSS.ZS,Electric power transmission and distribution losses (% of output),electricity_network,SOM,1966,,% of output,,missing,WDI_EG.ELC.LOSS.ZS,2026-07-13,https://api.worldbank.org/v2/country/SOM/indicator/EG.ELC.LOSS.ZS?format=json&per_page=1000&date=1960:2025&source=2
EG.ELC.LOSS.ZS,Electric power transmission and distribution losses (% of output),electricity_network,SOM,1967,,% of output,,missing,WDI_EG.ELC.LOSS.ZS,2026-07-13,https://api.worldbank.org/v2/country/SOM/indicator/EG.ELC.LOSS.ZS?format=json&per_page=1000&date=1960:2025&source=2
EG.ELC.LOSS.ZS,Electric power transmission and distribution losses (% of output),electricity_network,SOM,1968,,% of output,,missing,WDI_EG.ELC.LOSS.ZS,2026-07-13,https://api.worldbank.org/v2/country/SOM/indicator/EG.ELC.LOSS.ZS?format=json&per_page=1000&date=1960:2025&source=2
EG.ELC.LOSS.ZS,Electric power transmission and distribution losses (% of output),electricity_network,SOM,1969,,% of output,,missing,WDI_EG.ELC.LOSS.ZS,2026-07-13,https://api.worldbank.org/v2/country/SOM/indicator/EG.ELC.LOSS.ZS?format=json&per_page=1000&date=1960:2025&source=2
EG.ELC.LOSS.ZS,Electric power transmission and distribution losses (% of output),electricity_network,SOM,1970,,% of output,,missing,WDI_EG.ELC.LOSS.ZS,2026-07-13,https://api.worldbank.org/v2/country/SOM/indicator/EG.ELC.LOSS.ZS?format=json&per_page=1000&date=1960:2025&source=2
EG.ELC.LOSS.ZS,Electric power transmission and distribution losses (% of output),electricity_network,SOM,1971,,% of output,,missing,WDI_EG.ELC.LOSS.ZS,2026-07-13,https://api.worldbank.org/v2/country/SOM/indicator/EG.ELC.LOSS.ZS?format=json&per_page=1000&date=1960:2025&source=2
EG.ELC.LOSS.ZS,Electric power transmission and distribution losses (% of output),electricity_network,SOM,1972,,% of output,,missing,WDI_EG.ELC.LOSS.ZS,2026-07-13,https://api.worldbank.org/v2/country/SOM/indicator/EG.ELC.LOSS.ZS?format=json&per_page=1000&date=1960:2025&source=2
EG.ELC.LOSS.ZS,Electric power transmission and distribution losses (% of output),electricity_network,SOM,1973,,% of output,,missing,WDI_EG.ELC.LOSS.ZS,2026-07-13,https://api.worldbank.org/v2/country/SOM/indicator/EG.ELC.LOSS.ZS?format=json&per_page=1000&date=1960:2025&source=2
EG.ELC.LOSS.ZS,Electric power transmission and distribution losses (% of output),electricity_network,SOM,1974,,% of output,,missing,WDI_EG.ELC.LOSS.ZS,2026-07-13,https://api.worldbank.org/v2/country/SOM/indicator/EG.ELC.LOSS.ZS?format=json&per_page=1000&date=1960:2025&source=2
EG.ELC.LOSS.ZS,Electric power transmission and distribution losses (% of output),electricity_network,SOM,1975,,% of output,,missing,WDI_EG.ELC.LOSS.ZS,2026-07-13,https://api.worldbank.org/v2/country/SOM/indicator/EG.ELC.LOSS.ZS?format=json&per_page=1000&date=1960:2025&source=2
EG.ELC.LOSS.ZS,Electric power transmission and distribution losses (% of output),electricity_network,SOM,1976,,% of output,,missing,WDI_EG.ELC.LOSS.ZS,2026-07-13,https://api.worldbank.org/v2/country/SOM/indicator/EG.ELC.LOSS.ZS?format=json&per_page=1000&date=1960:2025&source=2
EG.ELC.LOSS.ZS,Electric power transmission and distribution losses (% of output),electricity_network,SOM,1977,,% of output,,missing,WDI_EG.ELC.LOSS.ZS,2026-07-13,https://api.worldbank.org/v2/country/SOM/indicator/EG.ELC.LOSS.ZS?format=json&per_page=1000&date=1960:2025&source=2
EG.ELC.LOSS.ZS,Electric power transmission and distribution losses (% of output),electricity_network,SOM,1978,,% of output,,missing,WDI_EG.ELC.LOSS.ZS,2026-07-13,https://api.worldbank.org/v2/country/SOM/indicator/EG.ELC.LOSS.ZS?format=json&per_page=1000&date=1960:2025&source=2
EG.ELC.LOSS.ZS,Electric power transmission and distribution losses (% of output),electricity_network,SOM,1979,,% of output,,missing,WDI_EG.ELC.LOSS.ZS,2026-07-13,https://api.worldbank.org/v2/country/SOM/indicator/EG.ELC.LOSS.ZS?format=json&per_page=1000&date=1960:2025&source=2
EG.ELC.LOSS.ZS,Electric power transmission and distribution losses (% of output),electricity_network,SOM,1980,,% of output,,missing,WDI_EG.ELC.LOSS.ZS,2026-07-13,https://api.worldbank.org/v2/country/SOM/indicator/EG.ELC.LOSS.ZS?format=json&per_page=1000&date=1960:2025&source=2
EG.ELC.LOSS.ZS,Electric power transmission and distribution losses (% of output),electricity_network,SOM,1981,,% of output,,missing,WDI_EG.ELC.LOSS.ZS,2026-07-13,https://api.worldbank.org/v2/country/SOM/indicator/EG.ELC.LOSS.ZS?format=json&per_page=1000&date=1960:2025&source=2
EG.ELC.LOSS.ZS,Electric power transmission and distribution losses (% of output),electricity_network,SOM,1982,,% of output,,missing,WDI_EG.ELC.LOSS.ZS,2026-07-13,https://api.worldbank.org/v2/country/SOM/indicator/EG.ELC.LOSS.ZS?format=json&per_page=1000&date=1960:2025&source=2
EG.ELC.LOSS.ZS,Electric power transmission and distribution losses (% of output),electricity_network,SOM,1983,,% of output,,missing,WDI_EG.ELC.LOSS.ZS,2026-07-13,https://api.worldbank.org/v2/country/SOM/indicator/EG.ELC.LOSS.ZS?format=json&per_page=1000&date=1960:2025&source=2
EG.ELC.LOSS.ZS,Electric power transmission and distribution losses (% of output),electricity_network,SOM,1984,,% of output,,missing,WDI_EG.ELC.LOSS.ZS,2026-07-13,https://api.worldbank.org/v2/country/SOM/indicator/EG.ELC.LOSS.ZS?format=json&per_page=1000&date=1960:2025&source=2
EG.ELC.LOSS.ZS,Electric power transmission and distribution losses (% of output),electricity_network,SOM,1985,,% of output,,missing,WDI_EG.ELC.LOSS.ZS,2026-07-13,https://api.worldbank.org/v2/country/SOM/indicator/EG.ELC.LOSS.ZS?format=json&per_page=1000&date=1960:2025&source=2
EG.ELC.LOSS.ZS,Electric power transmission and distribution losses (% of output),electricity_network,SOM,1986,,% of output,,missing,WDI_EG.ELC.LOSS.ZS,2026-07-13,https://api.worldbank.org/v2/country/SOM/indicator/EG.ELC.LOSS.ZS?format=json&per_page=1000&date=1960:2025&source=2
EG.ELC.LOSS.ZS,Electric power transmission and distribution losses (% of output),electricity_network,SOM,1987,,% of output,,missing,WDI_EG.ELC.LOSS.ZS,2026-07-13,https://api.worldbank.org/v2/country/SOM/indicator/EG.ELC.LOSS.ZS?format=json&per_page=1000&date=1960:2025&source=2
EG.ELC.LOSS.ZS,Electric power transmission and distribution losses (% of output),electricity_network,SOM,1988,,% of output,,missing,WDI_EG.ELC.LOSS.ZS,2026-07-13,https://api.worldbank.org/v2/country/SOM/indicator/EG.ELC.LOSS.ZS?format=json&per_page=1000&date=1960:2025&source=2
EG.ELC.LOSS.ZS,Electric power transmission and distribution losses (% of output),electricity_network,SOM,1989,,% of output,,missing,WDI_EG.ELC.LOSS.ZS,2026-07-13,https://api.worldbank.org/v2/country/SOM/indicator/EG.ELC.LOSS.ZS?format=json&per_page=1000&date=1960:2025&source=2
EG.ELC.LOSS.ZS,Electric power transmission and distribution losses (% of output),electricity_network,SOM,1990,,% of output,,missing,WDI_EG.ELC.LOSS.ZS,2026-07-13,https://api.worldbank.org/v2/country/SOM/indicator/EG.ELC.LOSS.ZS?format=json&per_page=1000&date=1960:2025&source=2
EG.ELC.LOSS.ZS,Electric power transmission and distribution losses (% of output),electricity_network,SOM,1991,,% of output,,missing,WDI_EG.ELC.LOSS.ZS,2026-07-13,https://api.worldbank.org/v2/country/SOM/indicator/EG.ELC.LOSS.ZS?format=json&per_page=1000&date=1960:2025&source=2
EG.ELC.LOSS.ZS,Electric power transmission and distribution losses (% of output),electricity_network,SOM,1992,,% of output,,missing,WDI_EG.ELC.LOSS.ZS,2026-07-13,https://api.worldbank.org/v2/country/SOM/indicator/EG.ELC.LOSS.ZS?format=json&per_page=1000&date=1960:2025&source=2
EG.ELC.LOSS.ZS,Electric power transmission and distribution losses (% of output),electricity_network,SOM,1993,,% of output,,missing,WDI_EG.ELC.LOSS.ZS,2026-07-13,https://api.worldbank.org/v2/country/SOM/indicator/EG.ELC.LOSS.ZS?format=json&per_page=1000&date=1960:2025&source=2
EG.ELC.LOSS.ZS,Electric power transmission and distribution losses (% of output),electricity_network,SOM,1994,,% of output,,missing,WDI_EG.ELC.LOSS.ZS,2026-07-13,https://api.worldbank.org/v2/country/SOM/indicator/EG.ELC.LOSS.ZS?format=json&per_page=1000&date=1960:2025&source=2
EG.ELC.LOSS.ZS,Electric power transmission and distribution losses (% of output),electricity_network,SOM,1995,,% of output,,missing,WDI_EG.ELC.LOSS.ZS,2026-07-13,https://api.worldbank.org/v2/country/SOM/indicator/EG.ELC.LOSS.ZS?format=json&per_page=1000&date=1960:2025&source=2
EG.ELC.LOSS.ZS,Electric power transmission and distribution losses (% of output),electricity_network,SOM,1996,,% of output,,missing,WDI_EG.ELC.LOSS.ZS,2026-07-13,https://api.worldbank.org/v2/country/SOM/indicator/EG.ELC.LOSS.ZS?format=json&per_page=1000&date=1960:2025&source=2
EG.ELC.LOSS.ZS,Electric power transmission and distribution losses (% of output),electricity_network,SOM,1997,,% of output,,missing,WDI_EG.ELC.LOSS.ZS,2026-07-13,https://api.worldbank.org/v2/country/SOM/indicator/EG.ELC.LOSS.ZS?format=json&per_page=1000&date=1960:2025&source=2
EG.ELC.LOSS.ZS,Electric power transmission and distribution losses (% of output),electricity_network,SOM,1998,,% of output,,missing,WDI_EG.ELC.LOSS.ZS,2026-07-13,https://api.worldbank.org/v2/country/SOM/indicator/EG.ELC.LOSS.ZS?format=json&per_page=1000&date=1960:2025&source=2
EG.ELC.LOSS.ZS,Electric power transmission and distribution losses (% of output),electricity_network,SOM,1999,,% of output,,missing,WDI_EG.ELC.LOSS.ZS,2026-07-13,https://api.worldbank.org/v2/country/SOM/indicator/EG.ELC.LOSS.ZS?format=json&per_page=1000&date=1960:2025&source=2
EG.ELC.LOSS.ZS,Electric power transmission and distribution losses (% of output),electricity_network,SOM,2000,,% of output,,missing,WDI_EG.ELC.LOSS.ZS,2026-07-13,https://api.worldbank.org/v2/country/SOM/indicator/EG.ELC.LOSS.ZS?format=json&per_page=1000&date=1960:2025&source=2
EG.ELC.LOSS.ZS,Electric power transmission and distribution losses (% of output),electricity_network,SOM,2001,,% of output,,missing,WDI_EG.ELC.LOSS.ZS,2026-07-13,https://api.worldbank.org/v2/country/SOM/indicator/EG.ELC.LOSS.ZS?format=json&per_page=1000&date=1960:2025&source=2
EG.ELC.LOSS.ZS,Electric power transmission and distribution losses (% of output),electricity_network,SOM,2002,,% of output,,missing,WDI_EG.ELC.LOSS.ZS,2026-07-13,https://api.worldbank.org/v2/country/SOM/indicator/EG.ELC.LOSS.ZS?format=json&per_page=1000&date=1960:2025&source=2
EG.ELC.LOSS.ZS,Electric power transmission and distribution losses (% of output),electricity_network,SOM,2003,,% of output,,missing,WDI_EG.ELC.LOSS.ZS,2026-07-13,https://api.worldbank.org/v2/country/SOM/indicator/EG.ELC.LOSS.ZS?format=json&per_page=1000&date=1960:2025&source=2
EG.ELC.LOSS.ZS,Electric power transmission and distribution losses (% of output),electricity_network,SOM,2004,,% of output,,missing,WDI_EG.ELC.LOSS.ZS,2026-07-13,https://api.worldbank.org/v2/country/SOM/indicator/EG.ELC.LOSS.ZS?format=json&per_page=1000&date=1960:2025&source=2
EG.ELC.LOSS.ZS,Electric power transmission and distribution losses (% of output),electricity_network,SOM,2005,,% of output,,missing,WDI_EG.ELC.LOSS.ZS,2026-07-13,https://api.worldbank.org/v2/country/SOM/indicator/EG.ELC.LOSS.ZS?format=json&per_page=1000&date=1960:2025&source=2
EG.ELC.LOSS.ZS,Electric power transmission and distribution losses (% of output),electricity_network,SOM,2006,,% of output,,missing,WDI_EG.ELC.LOSS.ZS,2026-07-13,https://api.worldbank.org/v2/country/SOM/indicator/EG.ELC.LOSS.ZS?format=json&per_page=1000&date=1960:2025&source=2
EG.ELC.LOSS.ZS,Electric power transmission and distribution losses (% of output),electricity_network,SOM,2007,,% of output,,missing,WDI_EG.ELC.LOSS.ZS,2026-07-13,https://api.worldbank.org/v2/country/SOM/indicator/EG.ELC.LOSS.ZS?format=json&per_page=1000&date=1960:2025&source=2
EG.ELC.LOSS.ZS,Electric power transmission and distribution losses (% of output),electricity_network,SOM,2008,,% of output,,missing,WDI_EG.ELC.LOSS.ZS,2026-07-13,https://api.worldbank.org/v2/country/SOM/indicator/EG.ELC.LOSS.ZS?format=json&per_page=1000&date=1960:2025&source=2
EG.ELC.LOSS.ZS,Electric power transmission and distribution losses (% of output),electricity_network,SOM,2009,,% of output,,missing,WDI_EG.ELC.LOSS.ZS,2026-07-13,https://api.worldbank.org/v2/country/SOM/indicator/EG.ELC.LOSS.ZS?format=json&per_page=1000&date=1960:2025&source=2
EG.ELC.LOSS.ZS,Electric power transmission and distribution losses (% of output),electricity_network,SOM,2010,,% of output,,missing,WDI_EG.ELC.LOSS.ZS,2026-07-13,https://api.worldbank.org/v2/country/SOM/indicator/EG.ELC.LOSS.ZS?format=json&per_page=1000&date=1960:2025&source=2
EG.ELC.LOSS.ZS,Electric power transmission and distribution losses (% of output),electricity_network,SOM,2011,,% of output,,missing,WDI_EG.ELC.LOSS.ZS,2026-07-13,https://api.worldbank.org/v2/country/SOM/indicator/EG.ELC.LOSS.ZS?format=json&per_page=1000&date=1960:2025&source=2
EG.ELC.LOSS.ZS,Electric power transmission and distribution losses (% of output),electricity_network,SOM,2012,,% of output,,missing,WDI_EG.ELC.LOSS.ZS,2026-07-13,https://api.worldbank.org/v2/country/SOM/indicator/EG.ELC.LOSS.ZS?format=json&per_page=1000&date=1960:2025&source=2
EG.ELC.LOSS.ZS,Electric power transmission and distribution losses (% of output),electricity_network,SOM,2013,,% of output,,missing,WDI_EG.ELC.LOSS.ZS,2026-07-13,https://api.worldbank.org/v2/country/SOM/indicator/EG.ELC.LOSS.ZS?format=json&per_page=1000&date=1960:2025&source=2
EG.ELC.LOSS.ZS,Electric power transmission and distribution losses (% of output),electricity_network,SOM,2014,,% of output,,missing,WDI_EG.ELC.LOSS.ZS,2026-07-13,https://api.worldbank.org/v2/country/SOM/indicator/EG.ELC.LOSS.ZS?format=json&per_page=1000&date=1960:2025&source=2
EG.ELC.LOSS.ZS,Electric power transmission and distribution losses (% of output),electricity_network,SOM,2015,,% of output,,missing,WDI_EG.ELC.LOSS.ZS,2026-07-13,https://api.worldbank.org/v2/country/SOM/indicator/EG.ELC.LOSS.ZS?format=json&per_page=1000&date=1960:2025&source=2
EG.ELC.LOSS.ZS,Electric power transmission and distribution losses (% of output),electricity_network,SOM,2016,,% of output,,missing,WDI_EG.ELC.LOSS.ZS,2026-07-13,https://api.worldbank.org/v2/country/SOM/indicator/EG.ELC.LOSS.ZS?format=json&per_page=1000&date=1960:2025&source=2
EG.ELC.LOSS.ZS,Electric power transmission and distribution losses (% of output),electricity_network,SOM,2017,,% of output,,missing,WDI_EG.ELC.LOSS.ZS,2026-07-13,https://api.worldbank.org/v2/country/SOM/indicator/EG.ELC.LOSS.ZS?format=json&per_page=1000&date=1960:2025&source=2
EG.ELC.LOSS.ZS,Electric power transmission and distribution losses (% of output),electricity_network,SOM,2018,,% of output,,missing,WDI_EG.ELC.LOSS.ZS,2026-07-13,https://api.worldbank.org/v2/country/SOM/indicator/EG.ELC.LOSS.ZS?format=json&per_page=1000&date=1960:2025&source=2
EG.ELC.LOSS.ZS,Electric power transmission and distribution losses (% of output),electricity_network,SOM,2019,,% of output,,missing,WDI_EG.ELC.LOSS.ZS,2026-07-13,https://api.worldbank.org/v2/country/SOM/indicator/EG.ELC.LOSS.ZS?format=json&per_page=1000&date=1960:2025&source=2
EG.ELC.LOSS.ZS,Electric power transmission and distribution losses (% of output),electricity_network,SOM,2020,,% of output,,missing,WDI_EG.ELC.LOSS.ZS,2026-07-13,https://api.worldbank.org/v2/country/SOM/indicator/EG.ELC.LOSS.ZS?format=json&per_page=1000&date=1960:2025&source=2
EG.ELC.LOSS.ZS,Electric power transmission and distribution losses (% of output),electricity_network,SOM,2021,,% of output,,missing,WDI_EG.ELC.LOSS.ZS,2026-07-13,https://api.worldbank.org/v2/country/SOM/indicator/EG.ELC.LOSS.ZS?format=json&per_page=1000&date=1960:2025&source=2
EG.ELC.LOSS.ZS,Electric power transmission and distribution losses (% of output),electricity_network,SOM,2022,,% of output,,missing,WDI_EG.ELC.LOSS.ZS,2026-07-13,https://api.worldbank.org/v2/country/SOM/indicator/EG.ELC.LOSS.ZS?format=json&per_page=1000&date=1960:2025&source=2
EG.ELC.LOSS.ZS,Electric power transmission and distribution losses (% of output),electricity_network,SOM,2023,,% of output,,missing,WDI_EG.ELC.LOSS.ZS,2026-07-13,https://api.worldbank.org/v2/country/SOM/indicator/EG.ELC.LOSS.ZS?format=json&per_page=1000&date=1960:2025&source=2
EG.ELC.LOSS.ZS,Electric power transmission and distribution losses (% of output),electricity_network,SOM,2024,,% of output,,missing,WDI_EG.ELC.LOSS.ZS,2026-07-13,https://api.worldbank.org/v2/country/SOM/indicator/EG.ELC.LOSS.ZS?format=json&per_page=1000&date=1960:2025&source=2
EG.ELC.LOSS.ZS,Electric power transmission and distribution losses (% of output),electricity_network,SOM,2025,,% of output,,missing,WDI_EG.ELC.LOSS.ZS,2026-07-13,https://api.worldbank.org/v2/country/SOM/indicator/EG.ELC.LOSS.ZS?format=json&per_page=1000&date=1960:2025&source=2
EG.ELC.RNEW.ZS,Renewable electricity output (% of total electricity output),electricity_generation,SOM,1960,,% of electricity output,,missing,WDI_EG.ELC.RNEW.ZS,2026-07-13,https://api.worldbank.org/v2/country/SOM/indicator/EG.ELC.RNEW.ZS?format=json&per_page=1000&date=1960:2025&source=2
EG.ELC.RNEW.ZS,Renewable electricity output (% of total electricity output),electricity_generation,SOM,1961,,% of electricity output,,missing,WDI_EG.ELC.RNEW.ZS,2026-07-13,https://api.worldbank.org/v2/country/SOM/indicator/EG.ELC.RNEW.ZS?format=json&per_page=1000&date=1960:2025&source=2
EG.ELC.RNEW.ZS,Renewable electricity output (% of total electricity output),electricity_generation,SOM,1962,,% of electricity output,,missing,WDI_EG.ELC.RNEW.ZS,2026-07-13,https://api.worldbank.org/v2/country/SOM/indicator/EG.ELC.RNEW.ZS?format=json&per_page=1000&date=1960:2025&source=2
EG.ELC.RNEW.ZS,Renewable electricity output (% of total electricity output),electricity_generation,SOM,1963,,% of electricity output,,missing,WDI_EG.ELC.RNEW.ZS,2026-07-13,https://api.worldbank.org/v2/country/SOM/indicator/EG.ELC.RNEW.ZS?format=json&per_page=1000&date=1960:2025&source=2
EG.ELC.RNEW.ZS,Renewable electricity output (% of total electricity output),electricity_generation,SOM,1964,,% of electricity output,,missing,WDI_EG.ELC.RNEW.ZS,2026-07-13,https://api.worldbank.org/v2/country/SOM/indicator/EG.ELC.RNEW.ZS?format=json&per_page=1000&date=1960:2025&source=2
EG.ELC.RNEW.ZS,Renewable electricity output (% of total electricity output),electricity_generation,SOM,1965,,% of electricity output,,missing,WDI_EG.ELC.RNEW.ZS,2026-07-13,https://api.worldbank.org/v2/country/SOM/indicator/EG.ELC.RNEW.ZS?format=json&per_page=1000&date=1960:2025&source=2
EG.ELC.RNEW.ZS,Renewable electricity output (% of total electricity output),electricity_generation,SOM,1966,,% of electricity output,,missing,WDI_EG.ELC.RNEW.ZS,2026-07-13,https://api.worldbank.org/v2/country/SOM/indicator/EG.ELC.RNEW.ZS?format=json&per_page=1000&date=1960:2025&source=2
EG.ELC.RNEW.ZS,Renewable electricity output (% of total electricity output),electricity_generation,SOM,1967,,% of electricity output,,missing,WDI_EG.ELC.RNEW.ZS,2026-07-13,https://api.worldbank.org/v2/country/SOM/indicator/EG.ELC.RNEW.ZS?format=json&per_page=1000&date=1960:2025&source=2
EG.ELC.RNEW.ZS,Renewable electricity output (% of total electricity output),electricity_generation,SOM,1968,,% of electricity output,,missing,WDI_EG.ELC.RNEW.ZS,2026-07-13,https://api.worldbank.org/v2/country/SOM/indicator/EG.ELC.RNEW.ZS?format=json&per_page=1000&date=1960:2025&source=2
EG.ELC.RNEW.ZS,Renewable electricity output (% of total electricity output),electricity_generation,SOM,1969,,% of electricity output,,missing,WDI_EG.ELC.RNEW.ZS,2026-07-13,https://api.worldbank.org/v2/country/SOM/indicator/EG.ELC.RNEW.ZS?format=json&per_page=1000&date=1960:2025&source=2
EG.ELC.RNEW.ZS,Renewable electricity output (% of total electricity output),electricity_generation,SOM,1970,,% of electricity output,,missing,WDI_EG.ELC.RNEW.ZS,2026-07-13,https://api.worldbank.org/v2/country/SOM/indicator/EG.ELC.RNEW.ZS?format=json&per_page=1000&date=1960:2025&source=2
EG.ELC.RNEW.ZS,Renewable electricity output (% of total electricity output),electricity_generation,SOM,1971,,% of electricity output,,missing,WDI_EG.ELC.RNEW.ZS,2026-07-13,https://api.worldbank.org/v2/country/SOM/indicator/EG.ELC.RNEW.ZS?format=json&per_page=1000&date=1960:2025&source=2
EG.ELC.RNEW.ZS,Renewable electricity output (% of total electricity output),electricity_generation,SOM,1972,,% of electricity output,,missing,WDI_EG.ELC.RNEW.ZS,2026-07-13,https://api.worldbank.org/v2/country/SOM/indicator/EG.ELC.RNEW.ZS?format=json&per_page=1000&date=1960:2025&source=2
EG.ELC.RNEW.ZS,Renewable electricity output (% of total electricity output),electricity_generation,SOM,1973,,% of electricity output,,missing,WDI_EG.ELC.RNEW.ZS,2026-07-13,https://api.worldbank.org/v2/country/SOM/indicator/EG.ELC.RNEW.ZS?format=json&per_page=1000&date=1960:2025&source=2
EG.ELC.RNEW.ZS,Renewable electricity output (% of total electricity output),electricity_generation,SOM,1974,,% of electricity output,,missing,WDI_EG.ELC.RNEW.ZS,2026-07-13,https://api.worldbank.org/v2/country/SOM/indicator/EG.ELC.RNEW.ZS?format=json&per_page=1000&date=1960:2025&source=2
EG.ELC.RNEW.ZS,Renewable electricity output (% of total electricity output),electricity_generation,SOM,1975,,% of electricity output,,missing,WDI_EG.ELC.RNEW.ZS,2026-07-13,https://api.worldbank.org/v2/country/SOM/indicator/EG.ELC.RNEW.ZS?format=json&per_page=1000&date=1960:2025&source=2
EG.ELC.RNEW.ZS,Renewable electricity output (% of total electricity output),electricity_generation,SOM,1976,,% of electricity output,,missing,WDI_EG.ELC.RNEW.ZS,2026-07-13,https://api.worldbank.org/v2/country/SOM/indicator/EG.ELC.RNEW.ZS?format=json&per_page=1000&date=1960:2025&source=2
EG.ELC.RNEW.ZS,Renewable electricity output (% of total electricity output),electricity_generation,SOM,1977,,% of electricity output,,missing,WDI_EG.ELC.RNEW.ZS,2026-07-13,https://api.worldbank.org/v2/country/SOM/indicator/EG.ELC.RNEW.ZS?format=json&per_page=1000&date=1960:2025&source=2
EG.ELC.RNEW.ZS,Renewable electricity output (% of total electricity output),electricity_generation,SOM,1978,,% of electricity output,,missing,WDI_EG.ELC.RNEW.ZS,2026-07-13,https://api.worldbank.org/v2/country/SOM/indicator/EG.ELC.RNEW.ZS?format=json&per_page=1000&date=1960:2025&source=2
EG.ELC.RNEW.ZS,Renewable electricity output (% of total electricity output),electricity_generation,SOM,1979,,% of electricity output,,missing,WDI_EG.ELC.RNEW.ZS,2026-07-13,https://api.worldbank.org/v2/country/SOM/indicator/EG.ELC.RNEW.ZS?format=json&per_page=1000&date=1960:2025&source=2
EG.ELC.RNEW.ZS,Renewable electricity output (% of total electricity output),electricity_generation,SOM,1980,,% of electricity output,,missing,WDI_EG.ELC.RNEW.ZS,2026-07-13,https://api.worldbank.org/v2/country/SOM/indicator/EG.ELC.RNEW.ZS?format=json&per_page=1000&date=1960:2025&source=2
EG.ELC.RNEW.ZS,Renewable electricity output (% of total electricity output),electricity_generation,SOM,1981,,% of electricity output,,missing,WDI_EG.ELC.RNEW.ZS,2026-07-13,https://api.worldbank.org/v2/country/SOM/indicator/EG.ELC.RNEW.ZS?format=json&per_page=1000&date=1960:2025&source=2
EG.ELC.RNEW.ZS,Renewable electricity output (% of total electricity output),electricity_generation,SOM,1982,,% of electricity output,,missing,WDI_EG.ELC.RNEW.ZS,2026-07-13,https://api.worldbank.org/v2/country/SOM/indicator/EG.ELC.RNEW.ZS?format=json&per_page=1000&date=1960:2025&source=2
EG.ELC.RNEW.ZS,Renewable electricity output (% of total electricity output),electricity_generation,SOM,1983,,% of electricity output,,missing,WDI_EG.ELC.RNEW.ZS,2026-07-13,https://api.worldbank.org/v2/country/SOM/indicator/EG.ELC.RNEW.ZS?format=json&per_page=1000&date=1960:2025&source=2
EG.ELC.RNEW.ZS,Renewable electricity output (% of total electricity output),electricity_generation,SOM,1984,,% of electricity output,,missing,WDI_EG.ELC.RNEW.ZS,2026-07-13,https://api.worldbank.org/v2/country/SOM/indicator/EG.ELC.RNEW.ZS?format=json&per_page=1000&date=1960:2025&source=2
EG.ELC.RNEW.ZS,Renewable electricity output (% of total electricity output),electricity_generation,SOM,1985,,% of electricity output,,missing,WDI_EG.ELC.RNEW.ZS,2026-07-13,https://api.worldbank.org/v2/country/SOM/indicator/EG.ELC.RNEW.ZS?format=json&per_page=1000&date=1960:2025&source=2
EG.ELC.RNEW.ZS,Renewable electricity output (% of total electricity output),electricity_generation,SOM,1986,,% of electricity output,,missing,WDI_EG.ELC.RNEW.ZS,2026-07-13,https://api.worldbank.org/v2/country/SOM/indicator/EG.ELC.RNEW.ZS?format=json&per_page=1000&date=1960:2025&source=2
EG.ELC.RNEW.ZS,Renewable electricity output (% of total electricity output),electricity_generation,SOM,1987,,% of electricity output,,missing,WDI_EG.ELC.RNEW.ZS,2026-07-13,https://api.worldbank.org/v2/country/SOM/indicator/EG.ELC.RNEW.ZS?format=json&per_page=1000&date=1960:2025&source=2
EG.ELC.RNEW.ZS,Renewable electricity output (% of total electricity output),electricity_generation,SOM,1988,,% of electricity output,,missing,WDI_EG.ELC.RNEW.ZS,2026-07-13,https://api.worldbank.org/v2/country/SOM/indicator/EG.ELC.RNEW.ZS?format=json&per_page=1000&date=1960:2025&source=2
EG.ELC.RNEW.ZS,Renewable electricity output (% of total electricity output),electricity_generation,SOM,1989,,% of electricity output,,missing,WDI_EG.ELC.RNEW.ZS,2026-07-13,https://api.worldbank.org/v2/country/SOM/indicator/EG.ELC.RNEW.ZS?format=json&per_page=1000&date=1960:2025&source=2
EG.ELC.RNEW.ZS,Renewable electricity output (% of total electricity output),electricity_generation,SOM,1990,,% of electricity output,,missing,WDI_EG.ELC.RNEW.ZS,2026-07-13,https://api.worldbank.org/v2/country/SOM/indicator/EG.ELC.RNEW.ZS?format=json&per_page=1000&date=1960:2025&source=2
EG.ELC.RNEW.ZS,Renewable electricity output (% of total electricity output),electricity_generation,SOM,1991,,% of electricity output,,missing,WDI_EG.ELC.RNEW.ZS,2026-07-13,https://api.worldbank.org/v2/country/SOM/indicator/EG.ELC.RNEW.ZS?format=json&per_page=1000&date=1960:2025&source=2
EG.ELC.RNEW.ZS,Renewable electricity output (% of total electricity output),electricity_generation,SOM,1992,,% of electricity output,,missing,WDI_EG.ELC.RNEW.ZS,2026-07-13,https://api.worldbank.org/v2/country/SOM/indicator/EG.ELC.RNEW.ZS?format=json&per_page=1000&date=1960:2025&source=2
EG.ELC.RNEW.ZS,Renewable electricity output (% of total electricity output),electricity_generation,SOM,1993,,% of electricity output,,missing,WDI_EG.ELC.RNEW.ZS,2026-07-13,https://api.worldbank.org/v2/country/SOM/indicator/EG.ELC.RNEW.ZS?format=json&per_page=1000&date=1960:2025&source=2
EG.ELC.RNEW.ZS,Renewable electricity output (% of total electricity output),electricity_generation,SOM,1994,,% of electricity output,,missing,WDI_EG.ELC.RNEW.ZS,2026-07-13,https://api.worldbank.org/v2/country/SOM/indicator/EG.ELC.RNEW.ZS?format=json&per_page=1000&date=1960:2025&source=2
EG.ELC.RNEW.ZS,Renewable electricity output (% of total electricity output),electricity_generation,SOM,1995,,% of electricity output,,missing,WDI_EG.ELC.RNEW.ZS,2026-07-13,https://api.worldbank.org/v2/country/SOM/indicator/EG.ELC.RNEW.ZS?format=json&per_page=1000&date=1960:2025&source=2
EG.ELC.RNEW.ZS,Renewable electricity output (% of total electricity output),electricity_generation,SOM,1996,,% of electricity output,,missing,WDI_EG.ELC.RNEW.ZS,2026-07-13,https://api.worldbank.org/v2/country/SOM/indicator/EG.ELC.RNEW.ZS?format=json&per_page=1000&date=1960:2025&source=2
EG.ELC.RNEW.ZS,Renewable electricity output (% of total electricity output),electricity_generation,SOM,1997,,% of electricity output,,missing,WDI_EG.ELC.RNEW.ZS,2026-07-13,https://api.worldbank.org/v2/country/SOM/indicator/EG.ELC.RNEW.ZS?format=json&per_page=1000&date=1960:2025&source=2
EG.ELC.RNEW.ZS,Renewable electricity output (% of total electricity output),electricity_generation,SOM,1998,,% of electricity output,,missing,WDI_EG.ELC.RNEW.ZS,2026-07-13,https://api.worldbank.org/v2/country/SOM/indicator/EG.ELC.RNEW.ZS?format=json&per_page=1000&date=1960:2025&source=2
EG.ELC.RNEW.ZS,Renewable electricity output (% of total electricity output),electricity_generation,SOM,1999,,% of electricity output,,missing,WDI_EG.ELC.RNEW.ZS,2026-07-13,https://api.worldbank.org/v2/country/SOM/indicator/EG.ELC.RNEW.ZS?format=json&per_page=1000&date=1960:2025&source=2
EG.ELC.RNEW.ZS,Renewable electricity output (% of total electricity output),electricity_generation,SOM,2000,0,% of electricity output,,source_reported,WDI_EG.ELC.RNEW.ZS,2026-07-13,https://api.worldbank.org/v2/country/SOM/indicator/EG.ELC.RNEW.ZS?format=json&per_page=1000&date=1960:2025&source=2
EG.ELC.RNEW.ZS,Renewable electricity output (% of total electricity output),electricity_generation,SOM,2001,0,% of electricity output,,source_reported,WDI_EG.ELC.RNEW.ZS,2026-07-13,https://api.worldbank.org/v2/country/SOM/indicator/EG.ELC.RNEW.ZS?format=json&per_page=1000&date=1960:2025&source=2
EG.ELC.RNEW.ZS,Renewable electricity output (% of total electricity output),electricity_generation,SOM,2002,0,% of electricity output,,source_reported,WDI_EG.ELC.RNEW.ZS,2026-07-13,https://api.worldbank.org/v2/country/SOM/indicator/EG.ELC.RNEW.ZS?format=json&per_page=1000&date=1960:2025&source=2
EG.ELC.RNEW.ZS,Renewable electricity output (% of total electricity output),electricity_generation,SOM,2003,0,% of electricity output,,source_reported,WDI_EG.ELC.RNEW.ZS,2026-07-13,https://api.worldbank.org/v2/country/SOM/indicator/EG.ELC.RNEW.ZS?format=json&per_page=1000&date=1960:2025&source=2
EG.ELC.RNEW.ZS,Renewable electricity output (% of total electricity output),electricity_generation,SOM,2004,0,% of electricity output,,source_reported,WDI_EG.ELC.RNEW.ZS,2026-07-13,https://api.worldbank.org/v2/country/SOM/indicator/EG.ELC.RNEW.ZS?format=json&per_page=1000&date=1960:2025&source=2
EG.ELC.RNEW.ZS,Renewable electricity output (% of total electricity output),electricity_generation,SOM,2005,0,% of electricity output,,source_reported,WDI_EG.ELC.RNEW.ZS,2026-07-13,https://api.worldbank.org/v2/country/SOM/indicator/EG.ELC.RNEW.ZS?format=json&per_page=1000&date=1960:2025&source=2
EG.ELC.RNEW.ZS,Renewable electricity output (% of total electricity output),electricity_generation,SOM,2006,0,% of electricity output,,source_reported,WDI_EG.ELC.RNEW.ZS,2026-07-13,https://api.worldbank.org/v2/country/SOM/indicator/EG.ELC.RNEW.ZS?format=json&per_page=1000&date=1960:2025&source=2
EG.ELC.RNEW.ZS,Renewable electricity output (% of total electricity output),electricity_generation,SOM,2007,0,% of electricity output,,source_reported,WDI_EG.ELC.RNEW.ZS,2026-07-13,https://api.worldbank.org/v2/country/SOM/indicator/EG.ELC.RNEW.ZS?format=json&per_page=1000&date=1960:2025&source=2
EG.ELC.RNEW.ZS,Renewable electricity output (% of total electricity output),electricity_generation,SOM,2008,0,% of electricity output,,source_reported,WDI_EG.ELC.RNEW.ZS,2026-07-13,https://api.worldbank.org/v2/country/SOM/indicator/EG.ELC.RNEW.ZS?format=json&per_page=1000&date=1960:2025&source=2
EG.ELC.RNEW.ZS,Renewable electricity output (% of total electricity output),electricity_generation,SOM,2009,0,% of electricity output,,source_reported,WDI_EG.ELC.RNEW.ZS,2026-07-13,https://api.worldbank.org/v2/country/SOM/indicator/EG.ELC.RNEW.ZS?format=json&per_page=1000&date=1960:2025&source=2
EG.ELC.RNEW.ZS,Renewable electricity output (% of total electricity output),electricity_generation,SOM,2010,0,% of electricity output,,source_reported,WDI_EG.ELC.RNEW.ZS,2026-07-13,https://api.worldbank.org/v2/country/SOM/indicator/EG.ELC.RNEW.ZS?format=json&per_page=1000&date=1960:2025&source=2
EG.ELC.RNEW.ZS,Renewable electricity output (% of total electricity output),electricity_generation,SOM,2011,0,% of electricity output,,source_reported,WDI_EG.ELC.RNEW.ZS,2026-07-13,https://api.worldbank.org/v2/country/SOM/indicator/EG.ELC.RNEW.ZS?format=json&per_page=1000&date=1960:2025&source=2
EG.ELC.RNEW.ZS,Renewable electricity output (% of total electricity output),electricity_generation,SOM,2012,1.11967427657409,% of electricity output,,source_reported,WDI_EG.ELC.RNEW.ZS,2026-07-13,https://api.worldbank.org/v2/country/SOM/indicator/EG.ELC.RNEW.ZS?format=json&per_page=1000&date=1960:2025&source=2
EG.ELC.RNEW.ZS,Renewable electricity output (% of total electricity output),electricity_generation,SOM,2013,1.08803165182987,% of electricity output,,source_reported,WDI_EG.ELC.RNEW.ZS,2026-07-13,https://api.worldbank.org/v2/country/SOM/indicator/EG.ELC.RNEW.ZS?format=json&per_page=1000&date=1960:2025&source=2
EG.ELC.RNEW.ZS,Renewable electricity output (% of total electricity output),electricity_generation,SOM,2014,1.13273636337957,% of electricity output,,source_reported,WDI_EG.ELC.RNEW.ZS,2026-07-13,https://api.worldbank.org/v2/country/SOM/indicator/EG.ELC.RNEW.ZS?format=json&per_page=1000&date=1960:2025&source=2
EG.ELC.RNEW.ZS,Renewable electricity output (% of total electricity output),electricity_generation,SOM,2015,1.45841545132046,% of electricity output,,source_reported,WDI_EG.ELC.RNEW.ZS,2026-07-13,https://api.worldbank.org/v2/country/SOM/indicator/EG.ELC.RNEW.ZS?format=json&per_page=1000&date=1960:2025&source=2
EG.ELC.RNEW.ZS,Renewable electricity output (% of total electricity output),electricity_generation,SOM,2016,3.3683048039757,% of electricity output,,source_reported,WDI_EG.ELC.RNEW.ZS,2026-07-13,https://api.worldbank.org/v2/country/SOM/indicator/EG.ELC.RNEW.ZS?format=json&per_page=1000&date=1960:2025&source=2
EG.ELC.RNEW.ZS,Renewable electricity output (% of total electricity output),electricity_generation,SOM,2017,4.62695514741948,% of electricity output,,source_reported,WDI_EG.ELC.RNEW.ZS,2026-07-13,https://api.worldbank.org/v2/country/SOM/indicator/EG.ELC.RNEW.ZS?format=json&per_page=1000&date=1960:2025&source=2
EG.ELC.RNEW.ZS,Renewable electricity output (% of total electricity output),electricity_generation,SOM,2018,4.69707283866576,% of electricity output,,source_reported,WDI_EG.ELC.RNEW.ZS,2026-07-13,https://api.worldbank.org/v2/country/SOM/indicator/EG.ELC.RNEW.ZS?format=json&per_page=1000&date=1960:2025&source=2
EG.ELC.RNEW.ZS,Renewable electricity output (% of total electricity output),electricity_generation,SOM,2019,4.69707283866576,% of electricity output,,source_reported,WDI_EG.ELC.RNEW.ZS,2026-07-13,https://api.worldbank.org/v2/country/SOM/indicator/EG.ELC.RNEW.ZS?format=json&per_page=1000&date=1960:2025&source=2
EG.ELC.RNEW.ZS,Renewable electricity output (% of total electricity output),electricity_generation,SOM,2020,8.22221022512552,% of electricity output,,source_reported,WDI_EG.ELC.RNEW.ZS,2026-07-13,https://api.worldbank.org/v2/country/SOM/indicator/EG.ELC.RNEW.ZS?format=json&per_page=1000&date=1960:2025&source=2
EG.ELC.RNEW.ZS,Renewable electricity output (% of total electricity output),electricity_generation,SOM,2021,11.2132448947616,% of electricity output,,source_reported,WDI_EG.ELC.RNEW.ZS,2026-07-13,https://api.worldbank.org/v2/country/SOM/indicator/EG.ELC.RNEW.ZS?format=json&per_page=1000&date=1960:2025&source=2
EG.ELC.RNEW.ZS,Renewable electricity output (% of total electricity output),electricity_generation,SOM,2022,,% of electricity output,,missing,WDI_EG.ELC.RNEW.ZS,2026-07-13,https://api.worldbank.org/v2/country/SOM/indicator/EG.ELC.RNEW.ZS?format=json&per_page=1000&date=1960:2025&source=2
EG.ELC.RNEW.ZS,Renewable electricity output (% of total electricity output),electricity_generation,SOM,2023,,% of electricity output,,missing,WDI_EG.ELC.RNEW.ZS,2026-07-13,https://api.worldbank.org/v2/country/SOM/indicator/EG.ELC.RNEW.ZS?format=json&per_page=1000&date=1960:2025&source=2
EG.ELC.RNEW.ZS,Renewable electricity output (% of total electricity output),electricity_generation,SOM,2024,,% of electricity output,,missing,WDI_EG.ELC.RNEW.ZS,2026-07-13,https://api.worldbank.org/v2/country/SOM/indicator/EG.ELC.RNEW.ZS?format=json&per_page=1000&date=1960:2025&source=2
EG.ELC.RNEW.ZS,Renewable electricity output (% of total electricity output),electricity_generation,SOM,2025,,% of electricity output,,missing,WDI_EG.ELC.RNEW.ZS,2026-07-13,https://api.worldbank.org/v2/country/SOM/indicator/EG.ELC.RNEW.ZS?format=json&per_page=1000&date=1960:2025&source=2
EG.ELC.RNWX.ZS,"Electricity production from renewable sources, excluding hydroelectric (% of total)",electricity_generation,SOM,1960,,% of total output,,missing,WDI_EG.ELC.RNWX.ZS,2026-07-13,https://api.worldbank.org/v2/country/SOM/indicator/EG.ELC.RNWX.ZS?format=json&per_page=1000&date=1960:2025&source=2
EG.ELC.RNWX.ZS,"Electricity production from renewable sources, excluding hydroelectric (% of total)",electricity_generation,SOM,1961,,% of total output,,missing,WDI_EG.ELC.RNWX.ZS,2026-07-13,https://api.worldbank.org/v2/country/SOM/indicator/EG.ELC.RNWX.ZS?format=json&per_page=1000&date=1960:2025&source=2
EG.ELC.RNWX.ZS,"Electricity production from renewable sources, excluding hydroelectric (% of total)",electricity_generation,SOM,1962,,% of total output,,missing,WDI_EG.ELC.RNWX.ZS,2026-07-13,https://api.worldbank.org/v2/country/SOM/indicator/EG.ELC.RNWX.ZS?format=json&per_page=1000&date=1960:2025&source=2
EG.ELC.RNWX.ZS,"Electricity production from renewable sources, excluding hydroelectric (% of total)",electricity_generation,SOM,1963,,% of total output,,missing,WDI_EG.ELC.RNWX.ZS,2026-07-13,https://api.worldbank.org/v2/country/SOM/indicator/EG.ELC.RNWX.ZS?format=json&per_page=1000&date=1960:2025&source=2
EG.ELC.RNWX.ZS,"Electricity production from renewable sources, excluding hydroelectric (% of total)",electricity_generation,SOM,1964,,% of total output,,missing,WDI_EG.ELC.RNWX.ZS,2026-07-13,https://api.worldbank.org/v2/country/SOM/indicator/EG.ELC.RNWX.ZS?format=json&per_page=1000&date=1960:2025&source=2
EG.ELC.RNWX.ZS,"Electricity production from renewable sources, excluding hydroelectric (% of total)",electricity_generation,SOM,1965,,% of total output,,missing,WDI_EG.ELC.RNWX.ZS,2026-07-13,https://api.worldbank.org/v2/country/SOM/indicator/EG.ELC.RNWX.ZS?format=json&per_page=1000&date=1960:2025&source=2
EG.ELC.RNWX.ZS,"Electricity production from renewable sources, excluding hydroelectric (% of total)",electricity_generation,SOM,1966,,% of total output,,missing,WDI_EG.ELC.RNWX.ZS,2026-07-13,https://api.worldbank.org/v2/country/SOM/indicator/EG.ELC.RNWX.ZS?format=json&per_page=1000&date=1960:2025&source=2
EG.ELC.RNWX.ZS,"Electricity production from renewable sources, excluding hydroelectric (% of total)",electricity_generation,SOM,1967,,% of total output,,missing,WDI_EG.ELC.RNWX.ZS,2026-07-13,https://api.worldbank.org/v2/country/SOM/indicator/EG.ELC.RNWX.ZS?format=json&per_page=1000&date=1960:2025&source=2
EG.ELC.RNWX.ZS,"Electricity production from renewable sources, excluding hydroelectric (% of total)",electricity_generation,SOM,1968,,% of total output,,missing,WDI_EG.ELC.RNWX.ZS,2026-07-13,https://api.worldbank.org/v2/country/SOM/indicator/EG.ELC.RNWX.ZS?format=json&per_page=1000&date=1960:2025&source=2
EG.ELC.RNWX.ZS,"Electricity production from renewable sources, excluding hydroelectric (% of total)",electricity_generation,SOM,1969,,% of total output,,missing,WDI_EG.ELC.RNWX.ZS,2026-07-13,https://api.worldbank.org/v2/country/SOM/indicator/EG.ELC.RNWX.ZS?format=json&per_page=1000&date=1960:2025&source=2
EG.ELC.RNWX.ZS,"Electricity production from renewable sources, excluding hydroelectric (% of total)",electricity_generation,SOM,1970,,% of total output,,missing,WDI_EG.ELC.RNWX.ZS,2026-07-13,https://api.worldbank.org/v2/country/SOM/indicator/EG.ELC.RNWX.ZS?format=json&per_page=1000&date=1960:2025&source=2
EG.ELC.RNWX.ZS,"Electricity production from renewable sources, excluding hydroelectric (% of total)",electricity_generation,SOM,1971,,% of total output,,missing,WDI_EG.ELC.RNWX.ZS,2026-07-13,https://api.worldbank.org/v2/country/SOM/indicator/EG.ELC.RNWX.ZS?format=json&per_page=1000&date=1960:2025&source=2
EG.ELC.RNWX.ZS,"Electricity production from renewable sources, excluding hydroelectric (% of total)",electricity_generation,SOM,1972,,% of total output,,missing,WDI_EG.ELC.RNWX.ZS,2026-07-13,https://api.worldbank.org/v2/country/SOM/indicator/EG.ELC.RNWX.ZS?format=json&per_page=1000&date=1960:2025&source=2
EG.ELC.RNWX.ZS,"Electricity production from renewable sources, excluding hydroelectric (% of total)",electricity_generation,SOM,1973,,% of total output,,missing,WDI_EG.ELC.RNWX.ZS,2026-07-13,https://api.worldbank.org/v2/country/SOM/indicator/EG.ELC.RNWX.ZS?format=json&per_page=1000&date=1960:2025&source=2
EG.ELC.RNWX.ZS,"Electricity production from renewable sources, excluding hydroelectric (% of total)",electricity_generation,SOM,1974,,% of total output,,missing,WDI_EG.ELC.RNWX.ZS,2026-07-13,https://api.worldbank.org/v2/country/SOM/indicator/EG.ELC.RNWX.ZS?format=json&per_page=1000&date=1960:2025&source=2
EG.ELC.RNWX.ZS,"Electricity production from renewable sources, excluding hydroelectric (% of total)",electricity_generation,SOM,1975,,% of total output,,missing,WDI_EG.ELC.RNWX.ZS,2026-07-13,https://api.worldbank.org/v2/country/SOM/indicator/EG.ELC.RNWX.ZS?format=json&per_page=1000&date=1960:2025&source=2
EG.ELC.RNWX.ZS,"Electricity production from renewable sources, excluding hydroelectric (% of total)",electricity_generation,SOM,1976,,% of total output,,missing,WDI_EG.ELC.RNWX.ZS,2026-07-13,https://api.worldbank.org/v2/country/SOM/indicator/EG.ELC.RNWX.ZS?format=json&per_page=1000&date=1960:2025&source=2
EG.ELC.RNWX.ZS,"Electricity production from renewable sources, excluding hydroelectric (% of total)",electricity_generation,SOM,1977,,% of total output,,missing,WDI_EG.ELC.RNWX.ZS,2026-07-13,https://api.worldbank.org/v2/country/SOM/indicator/EG.ELC.RNWX.ZS?format=json&per_page=1000&date=1960:2025&source=2
EG.ELC.RNWX.ZS,"Electricity production from renewable sources, excluding hydroelectric (% of total)",electricity_generation,SOM,1978,,% of total output,,missing,WDI_EG.ELC.RNWX.ZS,2026-07-13,https://api.worldbank.org/v2/country/SOM/indicator/EG.ELC.RNWX.ZS?format=json&per_page=1000&date=1960:2025&source=2
EG.ELC.RNWX.ZS,"Electricity production from renewable sources, excluding hydroelectric (% of total)",electricity_generation,SOM,1979,,% of total output,,missing,WDI_EG.ELC.RNWX.ZS,2026-07-13,https://api.worldbank.org/v2/country/SOM/indicator/EG.ELC.RNWX.ZS?format=json&per_page=1000&date=1960:2025&source=2
EG.ELC.RNWX.ZS,"Electricity production from renewable sources, excluding hydroelectric (% of total)",electricity_generation,SOM,1980,,% of total output,,missing,WDI_EG.ELC.RNWX.ZS,2026-07-13,https://api.worldbank.org/v2/country/SOM/indicator/EG.ELC.RNWX.ZS?format=json&per_page=1000&date=1960:2025&source=2
EG.ELC.RNWX.ZS,"Electricity production from renewable sources, excluding hydroelectric (% of total)",electricity_generation,SOM,1981,,% of total output,,missing,WDI_EG.ELC.RNWX.ZS,2026-07-13,https://api.worldbank.org/v2/country/SOM/indicator/EG.ELC.RNWX.ZS?format=json&per_page=1000&date=1960:2025&source=2
EG.ELC.RNWX.ZS,"Electricity production from renewable sources, excluding hydroelectric (% of total)",electricity_generation,SOM,1982,,% of total output,,missing,WDI_EG.ELC.RNWX.ZS,2026-07-13,https://api.worldbank.org/v2/country/SOM/indicator/EG.ELC.RNWX.ZS?format=json&per_page=1000&date=1960:2025&source=2
EG.ELC.RNWX.ZS,"Electricity production from renewable sources, excluding hydroelectric (% of total)",electricity_generation,SOM,1983,,% of total output,,missing,WDI_EG.ELC.RNWX.ZS,2026-07-13,https://api.worldbank.org/v2/country/SOM/indicator/EG.ELC.RNWX.ZS?format=json&per_page=1000&date=1960:2025&source=2
EG.ELC.RNWX.ZS,"Electricity production from renewable sources, excluding hydroelectric (% of total)",electricity_generation,SOM,1984,,% of total output,,missing,WDI_EG.ELC.RNWX.ZS,2026-07-13,https://api.worldbank.org/v2/country/SOM/indicator/EG.ELC.RNWX.ZS?format=json&per_page=1000&date=1960:2025&source=2
EG.ELC.RNWX.ZS,"Electricity production from renewable sources, excluding hydroelectric (% of total)",electricity_generation,SOM,1985,,% of total output,,missing,WDI_EG.ELC.RNWX.ZS,2026-07-13,https://api.worldbank.org/v2/country/SOM/indicator/EG.ELC.RNWX.ZS?format=json&per_page=1000&date=1960:2025&source=2
EG.ELC.RNWX.ZS,"Electricity production from renewable sources, excluding hydroelectric (% of total)",electricity_generation,SOM,1986,,% of total output,,missing,WDI_EG.ELC.RNWX.ZS,2026-07-13,https://api.worldbank.org/v2/country/SOM/indicator/EG.ELC.RNWX.ZS?format=json&per_page=1000&date=1960:2025&source=2
EG.ELC.RNWX.ZS,"Electricity production from renewable sources, excluding hydroelectric (% of total)",electricity_generation,SOM,1987,,% of total output,,missing,WDI_EG.ELC.RNWX.ZS,2026-07-13,https://api.worldbank.org/v2/country/SOM/indicator/EG.ELC.RNWX.ZS?format=json&per_page=1000&date=1960:2025&source=2
EG.ELC.RNWX.ZS,"Electricity production from renewable sources, excluding hydroelectric (% of total)",electricity_generation,SOM,1988,,% of total output,,missing,WDI_EG.ELC.RNWX.ZS,2026-07-13,https://api.worldbank.org/v2/country/SOM/indicator/EG.ELC.RNWX.ZS?format=json&per_page=1000&date=1960:2025&source=2
EG.ELC.RNWX.ZS,"Electricity production from renewable sources, excluding hydroelectric (% of total)",electricity_generation,SOM,1989,,% of total output,,missing,WDI_EG.ELC.RNWX.ZS,2026-07-13,https://api.worldbank.org/v2/country/SOM/indicator/EG.ELC.RNWX.ZS?format=json&per_page=1000&date=1960:2025&source=2
EG.ELC.RNWX.ZS,"Electricity production from renewable sources, excluding hydroelectric (% of total)",electricity_generation,SOM,1990,,% of total output,,missing,WDI_EG.ELC.RNWX.ZS,2026-07-13,https://api.worldbank.org/v2/country/SOM/indicator/EG.ELC.RNWX.ZS?format=json&per_page=1000&date=1960:2025&source=2
EG.ELC.RNWX.ZS,"Electricity production from renewable sources, excluding hydroelectric (% of total)",electricity_generation,SOM,1991,,% of total output,,missing,WDI_EG.ELC.RNWX.ZS,2026-07-13,https://api.worldbank.org/v2/country/SOM/indicator/EG.ELC.RNWX.ZS?format=json&per_page=1000&date=1960:2025&source=2
EG.ELC.RNWX.ZS,"Electricity production from renewable sources, excluding hydroelectric (% of total)",electricity_generation,SOM,1992,,% of total output,,missing,WDI_EG.ELC.RNWX.ZS,2026-07-13,https://api.worldbank.org/v2/country/SOM/indicator/EG.ELC.RNWX.ZS?format=json&per_page=1000&date=1960:2025&source=2
EG.ELC.RNWX.ZS,"Electricity production from renewable sources, excluding hydroelectric (% of total)",electricity_generation,SOM,1993,,% of total output,,missing,WDI_EG.ELC.RNWX.ZS,2026-07-13,https://api.worldbank.org/v2/country/SOM/indicator/EG.ELC.RNWX.ZS?format=json&per_page=1000&date=1960:2025&source=2
EG.ELC.RNWX.ZS,"Electricity production from renewable sources, excluding hydroelectric (% of total)",electricity_generation,SOM,1994,,% of total output,,missing,WDI_EG.ELC.RNWX.ZS,2026-07-13,https://api.worldbank.org/v2/country/SOM/indicator/EG.ELC.RNWX.ZS?format=json&per_page=1000&date=1960:2025&source=2
EG.ELC.RNWX.ZS,"Electricity production from renewable sources, excluding hydroelectric (% of total)",electricity_generation,SOM,1995,,% of total output,,missing,WDI_EG.ELC.RNWX.ZS,2026-07-13,https://api.worldbank.org/v2/country/SOM/indicator/EG.ELC.RNWX.ZS?format=json&per_page=1000&date=1960:2025&source=2
EG.ELC.RNWX.ZS,"Electricity production from renewable sources, excluding hydroelectric (% of total)",electricity_generation,SOM,1996,,% of total output,,missing,WDI_EG.ELC.RNWX.ZS,2026-07-13,https://api.worldbank.org/v2/country/SOM/indicator/EG.ELC.RNWX.ZS?format=json&per_page=1000&date=1960:2025&source=2
EG.ELC.RNWX.ZS,"Electricity production from renewable sources, excluding hydroelectric (% of total)",electricity_generation,SOM,1997,,% of total output,,missing,WDI_EG.ELC.RNWX.ZS,2026-07-13,https://api.worldbank.org/v2/country/SOM/indicator/EG.ELC.RNWX.ZS?format=json&per_page=1000&date=1960:2025&source=2
EG.ELC.RNWX.ZS,"Electricity production from renewable sources, excluding hydroelectric (% of total)",electricity_generation,SOM,1998,,% of total output,,missing,WDI_EG.ELC.RNWX.ZS,2026-07-13,https://api.worldbank.org/v2/country/SOM/indicator/EG.ELC.RNWX.ZS?format=json&per_page=1000&date=1960:2025&source=2
EG.ELC.RNWX.ZS,"Electricity production from renewable sources, excluding hydroelectric (% of total)",electricity_generation,SOM,1999,,% of total output,,missing,WDI_EG.ELC.RNWX.ZS,2026-07-13,https://api.worldbank.org/v2/country/SOM/indicator/EG.ELC.RNWX.ZS?format=json&per_page=1000&date=1960:2025&source=2
EG.ELC.RNWX.ZS,"Electricity production from renewable sources, excluding hydroelectric (% of total)",electricity_generation,SOM,2000,0,% of total output,,source_reported,WDI_EG.ELC.RNWX.ZS,2026-07-13,https://api.worldbank.org/v2/country/SOM/indicator/EG.ELC.RNWX.ZS?format=json&per_page=1000&date=1960:2025&source=2
EG.ELC.RNWX.ZS,"Electricity production from renewable sources, excluding hydroelectric (% of total)",electricity_generation,SOM,2001,0,% of total output,,source_reported,WDI_EG.ELC.RNWX.ZS,2026-07-13,https://api.worldbank.org/v2/country/SOM/indicator/EG.ELC.RNWX.ZS?format=json&per_page=1000&date=1960:2025&source=2
EG.ELC.RNWX.ZS,"Electricity production from renewable sources, excluding hydroelectric (% of total)",electricity_generation,SOM,2002,0,% of total output,,source_reported,WDI_EG.ELC.RNWX.ZS,2026-07-13,https://api.worldbank.org/v2/country/SOM/indicator/EG.ELC.RNWX.ZS?format=json&per_page=1000&date=1960:2025&source=2
EG.ELC.RNWX.ZS,"Electricity production from renewable sources, excluding hydroelectric (% of total)",electricity_generation,SOM,2003,0,% of total output,,source_reported,WDI_EG.ELC.RNWX.ZS,2026-07-13,https://api.worldbank.org/v2/country/SOM/indicator/EG.ELC.RNWX.ZS?format=json&per_page=1000&date=1960:2025&source=2
EG.ELC.RNWX.ZS,"Electricity production from renewable sources, excluding hydroelectric (% of total)",electricity_generation,SOM,2004,0,% of total output,,source_reported,WDI_EG.ELC.RNWX.ZS,2026-07-13,https://api.worldbank.org/v2/country/SOM/indicator/EG.ELC.RNWX.ZS?format=json&per_page=1000&date=1960:2025&source=2
EG.ELC.RNWX.ZS,"Electricity production from renewable sources, excluding hydroelectric (% of total)",electricity_generation,SOM,2005,0,% of total output,,source_reported,WDI_EG.ELC.RNWX.ZS,2026-07-13,https://api.worldbank.org/v2/country/SOM/indicator/EG.ELC.RNWX.ZS?format=json&per_page=1000&date=1960:2025&source=2
EG.ELC.RNWX.ZS,"Electricity production from renewable sources, excluding hydroelectric (% of total)",electricity_generation,SOM,2006,0,% of total output,,source_reported,WDI_EG.ELC.RNWX.ZS,2026-07-13,https://api.worldbank.org/v2/country/SOM/indicator/EG.ELC.RNWX.ZS?format=json&per_page=1000&date=1960:2025&source=2
EG.ELC.RNWX.ZS,"Electricity production from renewable sources, excluding hydroelectric (% of total)",electricity_generation,SOM,2007,0,% of total output,,source_reported,WDI_EG.ELC.RNWX.ZS,2026-07-13,https://api.worldbank.org/v2/country/SOM/indicator/EG.ELC.RNWX.ZS?format=json&per_page=1000&date=1960:2025&source=2
EG.ELC.RNWX.ZS,"Electricity production from renewable sources, excluding hydroelectric (% of total)",electricity_generation,SOM,2008,0,% of total output,,source_reported,WDI_EG.ELC.RNWX.ZS,2026-07-13,https://api.worldbank.org/v2/country/SOM/indicator/EG.ELC.RNWX.ZS?format=json&per_page=1000&date=1960:2025&source=2
EG.ELC.RNWX.ZS,"Electricity production from renewable sources, excluding hydroelectric (% of total)",electricity_generation,SOM,2009,0,% of total output,,source_reported,WDI_EG.ELC.RNWX.ZS,2026-07-13,https://api.worldbank.org/v2/country/SOM/indicator/EG.ELC.RNWX.ZS?format=json&per_page=1000&date=1960:2025&source=2
EG.ELC.RNWX.ZS,"Electricity production from renewable sources, excluding hydroelectric (% of total)",electricity_generation,SOM,2010,0,% of total output,,source_reported,WDI_EG.ELC.RNWX.ZS,2026-07-13,https://api.worldbank.org/v2/country/SOM/indicator/EG.ELC.RNWX.ZS?format=json&per_page=1000&date=1960:2025&source=2
EG.ELC.RNWX.ZS,"Electricity production from renewable sources, excluding hydroelectric (% of total)",electricity_generation,SOM,2011,0,% of total output,,source_reported,WDI_EG.ELC.RNWX.ZS,2026-07-13,https://api.worldbank.org/v2/country/SOM/indicator/EG.ELC.RNWX.ZS?format=json&per_page=1000&date=1960:2025&source=2
EG.ELC.RNWX.ZS,"Electricity production from renewable sources, excluding hydroelectric (% of total)",electricity_generation,SOM,2012,1.11967427657409,% of total output,,source_reported,WDI_EG.ELC.RNWX.ZS,2026-07-13,https://api.worldbank.org/v2/country/SOM/indicator/EG.ELC.RNWX.ZS?format=json&per_page=1000&date=1960:2025&source=2
EG.ELC.RNWX.ZS,"Electricity production from renewable sources, excluding hydroelectric (% of total)",electricity_generation,SOM,2013,1.08803165182987,% of total output,,source_reported,WDI_EG.ELC.RNWX.ZS,2026-07-13,https://api.worldbank.org/v2/country/SOM/indicator/EG.ELC.RNWX.ZS?format=json&per_page=1000&date=1960:2025&source=2
EG.ELC.RNWX.ZS,"Electricity production from renewable sources, excluding hydroelectric (% of total)",electricity_generation,SOM,2014,1.13273636337957,% of total output,,source_reported,WDI_EG.ELC.RNWX.ZS,2026-07-13,https://api.worldbank.org/v2/country/SOM/indicator/EG.ELC.RNWX.ZS?format=json&per_page=1000&date=1960:2025&source=2
EG.ELC.RNWX.ZS,"Electricity production from renewable sources, excluding hydroelectric (% of total)",electricity_generation,SOM,2015,1.45841545132046,% of total output,,source_reported,WDI_EG.ELC.RNWX.ZS,2026-07-13,https://api.worldbank.org/v2/country/SOM/indicator/EG.ELC.RNWX.ZS?format=json&per_page=1000&date=1960:2025&source=2
EG.ELC.RNWX.ZS,"Electricity production from renewable sources, excluding hydroelectric (% of total)",electricity_generation,SOM,2016,3.3683048039757,% of total output,,source_reported,WDI_EG.ELC.RNWX.ZS,2026-07-13,https://api.worldbank.org/v2/country/SOM/indicator/EG.ELC.RNWX.ZS?format=json&per_page=1000&date=1960:2025&source=2
EG.ELC.RNWX.ZS,"Electricity production from renewable sources, excluding hydroelectric (% of total)",electricity_generation,SOM,2017,4.62695514741948,% of total output,,source_reported,WDI_EG.ELC.RNWX.ZS,2026-07-13,https://api.worldbank.org/v2/country/SOM/indicator/EG.ELC.RNWX.ZS?format=json&per_page=1000&date=1960:2025&source=2
EG.ELC.RNWX.ZS,"Electricity production from renewable sources, excluding hydroelectric (% of total)",electricity_generation,SOM,2018,4.69707283866576,% of total output,,source_reported,WDI_EG.ELC.RNWX.ZS,2026-07-13,https://api.worldbank.org/v2/country/SOM/indicator/EG.ELC.RNWX.ZS?format=json&per_page=1000&date=1960:2025&source=2
EG.ELC.RNWX.ZS,"Electricity production from renewable sources, excluding hydroelectric (% of total)",electricity_generation,SOM,2019,4.69707283866576,% of total output,,source_reported,WDI_EG.ELC.RNWX.ZS,2026-07-13,https://api.worldbank.org/v2/country/SOM/indicator/EG.ELC.RNWX.ZS?format=json&per_page=1000&date=1960:2025&source=2
EG.ELC.RNWX.ZS,"Electricity production from renewable sources, excluding hydroelectric (% of total)",electricity_generation,SOM,2020,8.22221022512552,% of total output,,source_reported,WDI_EG.ELC.RNWX.ZS,2026-07-13,https://api.worldbank.org/v2/country/SOM/indicator/EG.ELC.RNWX.ZS?format=json&per_page=1000&date=1960:2025&source=2
EG.ELC.RNWX.ZS,"Electricity production from renewable sources, excluding hydroelectric (% of total)",electricity_generation,SOM,2021,11.2132448947616,% of total output,,source_reported,WDI_EG.ELC.RNWX.ZS,2026-07-13,https://api.worldbank.org/v2/country/SOM/indicator/EG.ELC.RNWX.ZS?format=json&per_page=1000&date=1960:2025&source=2
EG.ELC.RNWX.ZS,"Electricity production from renewable sources, excluding hydroelectric (% of total)",electricity_generation,SOM,2022,,% of total output,,missing,WDI_EG.ELC.RNWX.ZS,2026-07-13,https://api.worldbank.org/v2/country/SOM/indicator/EG.ELC.RNWX.ZS?format=json&per_page=1000&date=1960:2025&source=2
EG.ELC.RNWX.ZS,"Electricity production from renewable sources, excluding hydroelectric (% of total)",electricity_generation,SOM,2023,,% of total output,,missing,WDI_EG.ELC.RNWX.ZS,2026-07-13,https://api.worldbank.org/v2/country/SOM/indicator/EG.ELC.RNWX.ZS?format=json&per_page=1000&date=1960:2025&source=2
EG.ELC.RNWX.ZS,"Electricity production from renewable sources, excluding hydroelectric (% of total)",electricity_generation,SOM,2024,,% of total output,,missing,WDI_EG.ELC.RNWX.ZS,2026-07-13,https://api.worldbank.org/v2/country/SOM/indicator/EG.ELC.RNWX.ZS?format=json&per_page=1000&date=1960:2025&source=2
EG.ELC.RNWX.ZS,"Electricity production from renewable sources, excluding hydroelectric (% of total)",electricity_generation,SOM,2025,,% of total output,,missing,WDI_EG.ELC.RNWX.ZS,2026-07-13,https://api.worldbank.org/v2/country/SOM/indicator/EG.ELC.RNWX.ZS?format=json&per_page=1000&date=1960:2025&source=2
EG.FEC.RNEW.ZS,Renewable energy consumption (% of total final energy consumption),energy_balance,SOM,1960,,% of total final energy consumption,,missing,WDI_EG.FEC.RNEW.ZS,2026-07-13,https://api.worldbank.org/v2/country/SOM/indicator/EG.FEC.RNEW.ZS?format=json&per_page=1000&date=1960:2025&source=2
EG.FEC.RNEW.ZS,Renewable energy consumption (% of total final energy consumption),energy_balance,SOM,1961,,% of total final energy consumption,,missing,WDI_EG.FEC.RNEW.ZS,2026-07-13,https://api.worldbank.org/v2/country/SOM/indicator/EG.FEC.RNEW.ZS?format=json&per_page=1000&date=1960:2025&source=2
EG.FEC.RNEW.ZS,Renewable energy consumption (% of total final energy consumption),energy_balance,SOM,1962,,% of total final energy consumption,,missing,WDI_EG.FEC.RNEW.ZS,2026-07-13,https://api.worldbank.org/v2/country/SOM/indicator/EG.FEC.RNEW.ZS?format=json&per_page=1000&date=1960:2025&source=2
EG.FEC.RNEW.ZS,Renewable energy consumption (% of total final energy consumption),energy_balance,SOM,1963,,% of total final energy consumption,,missing,WDI_EG.FEC.RNEW.ZS,2026-07-13,https://api.worldbank.org/v2/country/SOM/indicator/EG.FEC.RNEW.ZS?format=json&per_page=1000&date=1960:2025&source=2
EG.FEC.RNEW.ZS,Renewable energy consumption (% of total final energy consumption),energy_balance,SOM,1964,,% of total final energy consumption,,missing,WDI_EG.FEC.RNEW.ZS,2026-07-13,https://api.worldbank.org/v2/country/SOM/indicator/EG.FEC.RNEW.ZS?format=json&per_page=1000&date=1960:2025&source=2
EG.FEC.RNEW.ZS,Renewable energy consumption (% of total final energy consumption),energy_balance,SOM,1965,,% of total final energy consumption,,missing,WDI_EG.FEC.RNEW.ZS,2026-07-13,https://api.worldbank.org/v2/country/SOM/indicator/EG.FEC.RNEW.ZS?format=json&per_page=1000&date=1960:2025&source=2
EG.FEC.RNEW.ZS,Renewable energy consumption (% of total final energy consumption),energy_balance,SOM,1966,,% of total final energy consumption,,missing,WDI_EG.FEC.RNEW.ZS,2026-07-13,https://api.worldbank.org/v2/country/SOM/indicator/EG.FEC.RNEW.ZS?format=json&per_page=1000&date=1960:2025&source=2
EG.FEC.RNEW.ZS,Renewable energy consumption (% of total final energy consumption),energy_balance,SOM,1967,,% of total final energy consumption,,missing,WDI_EG.FEC.RNEW.ZS,2026-07-13,https://api.worldbank.org/v2/country/SOM/indicator/EG.FEC.RNEW.ZS?format=json&per_page=1000&date=1960:2025&source=2
EG.FEC.RNEW.ZS,Renewable energy consumption (% of total final energy consumption),energy_balance,SOM,1968,,% of total final energy consumption,,missing,WDI_EG.FEC.RNEW.ZS,2026-07-13,https://api.worldbank.org/v2/country/SOM/indicator/EG.FEC.RNEW.ZS?format=json&per_page=1000&date=1960:2025&source=2
EG.FEC.RNEW.ZS,Renewable energy consumption (% of total final energy consumption),energy_balance,SOM,1969,,% of total final energy consumption,,missing,WDI_EG.FEC.RNEW.ZS,2026-07-13,https://api.worldbank.org/v2/country/SOM/indicator/EG.FEC.RNEW.ZS?format=json&per_page=1000&date=1960:2025&source=2
EG.FEC.RNEW.ZS,Renewable energy consumption (% of total final energy consumption),energy_balance,SOM,1970,,% of total final energy consumption,,missing,WDI_EG.FEC.RNEW.ZS,2026-07-13,https://api.worldbank.org/v2/country/SOM/indicator/EG.FEC.RNEW.ZS?format=json&per_page=1000&date=1960:2025&source=2
EG.FEC.RNEW.ZS,Renewable energy consumption (% of total final energy consumption),energy_balance,SOM,1971,,% of total final energy consumption,,missing,WDI_EG.FEC.RNEW.ZS,2026-07-13,https://api.worldbank.org/v2/country/SOM/indicator/EG.FEC.RNEW.ZS?format=json&per_page=1000&date=1960:2025&source=2
EG.FEC.RNEW.ZS,Renewable energy consumption (% of total final energy consumption),energy_balance,SOM,1972,,% of total final energy consumption,,missing,WDI_EG.FEC.RNEW.ZS,2026-07-13,https://api.worldbank.org/v2/country/SOM/indicator/EG.FEC.RNEW.ZS?format=json&per_page=1000&date=1960:2025&source=2
EG.FEC.RNEW.ZS,Renewable energy consumption (% of total final energy consumption),energy_balance,SOM,1973,,% of total final energy consumption,,missing,WDI_EG.FEC.RNEW.ZS,2026-07-13,https://api.worldbank.org/v2/country/SOM/indicator/EG.FEC.RNEW.ZS?format=json&per_page=1000&date=1960:2025&source=2
EG.FEC.RNEW.ZS,Renewable energy consumption (% of total final energy consumption),energy_balance,SOM,1974,,% of total final energy consumption,,missing,WDI_EG.FEC.RNEW.ZS,2026-07-13,https://api.worldbank.org/v2/country/SOM/indicator/EG.FEC.RNEW.ZS?format=json&per_page=1000&date=1960:2025&source=2
EG.FEC.RNEW.ZS,Renewable energy consumption (% of total final energy consumption),energy_balance,SOM,1975,,% of total final energy consumption,,missing,WDI_EG.FEC.RNEW.ZS,2026-07-13,https://api.worldbank.org/v2/country/SOM/indicator/EG.FEC.RNEW.ZS?format=json&per_page=1000&date=1960:2025&source=2
EG.FEC.RNEW.ZS,Renewable energy consumption (% of total final energy consumption),energy_balance,SOM,1976,,% of total final energy consumption,,missing,WDI_EG.FEC.RNEW.ZS,2026-07-13,https://api.worldbank.org/v2/country/SOM/indicator/EG.FEC.RNEW.ZS?format=json&per_page=1000&date=1960:2025&source=2
EG.FEC.RNEW.ZS,Renewable energy consumption (% of total final energy consumption),energy_balance,SOM,1977,,% of total final energy consumption,,missing,WDI_EG.FEC.RNEW.ZS,2026-07-13,https://api.worldbank.org/v2/country/SOM/indicator/EG.FEC.RNEW.ZS?format=json&per_page=1000&date=1960:2025&source=2
EG.FEC.RNEW.ZS,Renewable energy consumption (% of total final energy consumption),energy_balance,SOM,1978,,% of total final energy consumption,,missing,WDI_EG.FEC.RNEW.ZS,2026-07-13,https://api.worldbank.org/v2/country/SOM/indicator/EG.FEC.RNEW.ZS?format=json&per_page=1000&date=1960:2025&source=2
EG.FEC.RNEW.ZS,Renewable energy consumption (% of total final energy consumption),energy_balance,SOM,1979,,% of total final energy consumption,,missing,WDI_EG.FEC.RNEW.ZS,2026-07-13,https://api.worldbank.org/v2/country/SOM/indicator/EG.FEC.RNEW.ZS?format=json&per_page=1000&date=1960:2025&source=2
EG.FEC.RNEW.ZS,Renewable energy consumption (% of total final energy consumption),energy_balance,SOM,1980,,% of total final energy consumption,,missing,WDI_EG.FEC.RNEW.ZS,2026-07-13,https://api.worldbank.org/v2/country/SOM/indicator/EG.FEC.RNEW.ZS?format=json&per_page=1000&date=1960:2025&source=2
EG.FEC.RNEW.ZS,Renewable energy consumption (% of total final energy consumption),energy_balance,SOM,1981,,% of total final energy consumption,,missing,WDI_EG.FEC.RNEW.ZS,2026-07-13,https://api.worldbank.org/v2/country/SOM/indicator/EG.FEC.RNEW.ZS?format=json&per_page=1000&date=1960:2025&source=2
EG.FEC.RNEW.ZS,Renewable energy consumption (% of total final energy consumption),energy_balance,SOM,1982,,% of total final energy consumption,,missing,WDI_EG.FEC.RNEW.ZS,2026-07-13,https://api.worldbank.org/v2/country/SOM/indicator/EG.FEC.RNEW.ZS?format=json&per_page=1000&date=1960:2025&source=2
EG.FEC.RNEW.ZS,Renewable energy consumption (% of total final energy consumption),energy_balance,SOM,1983,,% of total final energy consumption,,missing,WDI_EG.FEC.RNEW.ZS,2026-07-13,https://api.worldbank.org/v2/country/SOM/indicator/EG.FEC.RNEW.ZS?format=json&per_page=1000&date=1960:2025&source=2
EG.FEC.RNEW.ZS,Renewable energy consumption (% of total final energy consumption),energy_balance,SOM,1984,,% of total final energy consumption,,missing,WDI_EG.FEC.RNEW.ZS,2026-07-13,https://api.worldbank.org/v2/country/SOM/indicator/EG.FEC.RNEW.ZS?format=json&per_page=1000&date=1960:2025&source=2
EG.FEC.RNEW.ZS,Renewable energy consumption (% of total final energy consumption),energy_balance,SOM,1985,,% of total final energy consumption,,missing,WDI_EG.FEC.RNEW.ZS,2026-07-13,https://api.worldbank.org/v2/country/SOM/indicator/EG.FEC.RNEW.ZS?format=json&per_page=1000&date=1960:2025&source=2
EG.FEC.RNEW.ZS,Renewable energy consumption (% of total final energy consumption),energy_balance,SOM,1986,,% of total final energy consumption,,missing,WDI_EG.FEC.RNEW.ZS,2026-07-13,https://api.worldbank.org/v2/country/SOM/indicator/EG.FEC.RNEW.ZS?format=json&per_page=1000&date=1960:2025&source=2
EG.FEC.RNEW.ZS,Renewable energy consumption (% of total final energy consumption),energy_balance,SOM,1987,,% of total final energy consumption,,missing,WDI_EG.FEC.RNEW.ZS,2026-07-13,https://api.worldbank.org/v2/country/SOM/indicator/EG.FEC.RNEW.ZS?format=json&per_page=1000&date=1960:2025&source=2
EG.FEC.RNEW.ZS,Renewable energy consumption (% of total final energy consumption),energy_balance,SOM,1988,,% of total final energy consumption,,missing,WDI_EG.FEC.RNEW.ZS,2026-07-13,https://api.worldbank.org/v2/country/SOM/indicator/EG.FEC.RNEW.ZS?format=json&per_page=1000&date=1960:2025&source=2
EG.FEC.RNEW.ZS,Renewable energy consumption (% of total final energy consumption),energy_balance,SOM,1989,,% of total final energy consumption,,missing,WDI_EG.FEC.RNEW.ZS,2026-07-13,https://api.worldbank.org/v2/country/SOM/indicator/EG.FEC.RNEW.ZS?format=json&per_page=1000&date=1960:2025&source=2
EG.FEC.RNEW.ZS,Renewable energy consumption (% of total final energy consumption),energy_balance,SOM,1990,86.3,% of total final energy consumption,,source_reported,WDI_EG.FEC.RNEW.ZS,2026-07-13,https://api.worldbank.org/v2/country/SOM/indicator/EG.FEC.RNEW.ZS?format=json&per_page=1000&date=1960:2025&source=2
EG.FEC.RNEW.ZS,Renewable energy consumption (% of total final energy consumption),energy_balance,SOM,1991,87.6,% of total final energy consumption,,source_reported,WDI_EG.FEC.RNEW.ZS,2026-07-13,https://api.worldbank.org/v2/country/SOM/indicator/EG.FEC.RNEW.ZS?format=json&per_page=1000&date=1960:2025&source=2
EG.FEC.RNEW.ZS,Renewable energy consumption (% of total final energy consumption),energy_balance,SOM,1992,88.8,% of total final energy consumption,,source_reported,WDI_EG.FEC.RNEW.ZS,2026-07-13,https://api.worldbank.org/v2/country/SOM/indicator/EG.FEC.RNEW.ZS?format=json&per_page=1000&date=1960:2025&source=2
EG.FEC.RNEW.ZS,Renewable energy consumption (% of total final energy consumption),energy_balance,SOM,1993,89.4,% of total final energy consumption,,source_reported,WDI_EG.FEC.RNEW.ZS,2026-07-13,https://api.worldbank.org/v2/country/SOM/indicator/EG.FEC.RNEW.ZS?format=json&per_page=1000&date=1960:2025&source=2
EG.FEC.RNEW.ZS,Renewable energy consumption (% of total final energy consumption),energy_balance,SOM,1994,89.9,% of total final energy consumption,,source_reported,WDI_EG.FEC.RNEW.ZS,2026-07-13,https://api.worldbank.org/v2/country/SOM/indicator/EG.FEC.RNEW.ZS?format=json&per_page=1000&date=1960:2025&source=2
EG.FEC.RNEW.ZS,Renewable energy consumption (% of total final energy consumption),energy_balance,SOM,1995,90.6,% of total final energy consumption,,source_reported,WDI_EG.FEC.RNEW.ZS,2026-07-13,https://api.worldbank.org/v2/country/SOM/indicator/EG.FEC.RNEW.ZS?format=json&per_page=1000&date=1960:2025&source=2
EG.FEC.RNEW.ZS,Renewable energy consumption (% of total final energy consumption),energy_balance,SOM,1996,91,% of total final energy consumption,,source_reported,WDI_EG.FEC.RNEW.ZS,2026-07-13,https://api.worldbank.org/v2/country/SOM/indicator/EG.FEC.RNEW.ZS?format=json&per_page=1000&date=1960:2025&source=2
EG.FEC.RNEW.ZS,Renewable energy consumption (% of total final energy consumption),energy_balance,SOM,1997,91.7,% of total final energy consumption,,source_reported,WDI_EG.FEC.RNEW.ZS,2026-07-13,https://api.worldbank.org/v2/country/SOM/indicator/EG.FEC.RNEW.ZS?format=json&per_page=1000&date=1960:2025&source=2
EG.FEC.RNEW.ZS,Renewable energy consumption (% of total final energy consumption),energy_balance,SOM,1998,92.5,% of total final energy consumption,,source_reported,WDI_EG.FEC.RNEW.ZS,2026-07-13,https://api.worldbank.org/v2/country/SOM/indicator/EG.FEC.RNEW.ZS?format=json&per_page=1000&date=1960:2025&source=2
EG.FEC.RNEW.ZS,Renewable energy consumption (% of total final energy consumption),energy_balance,SOM,1999,92.9,% of total final energy consumption,,source_reported,WDI_EG.FEC.RNEW.ZS,2026-07-13,https://api.worldbank.org/v2/country/SOM/indicator/EG.FEC.RNEW.ZS?format=json&per_page=1000&date=1960:2025&source=2
EG.FEC.RNEW.ZS,Renewable energy consumption (% of total final energy consumption),energy_balance,SOM,2000,93.3,% of total final energy consumption,,source_reported,WDI_EG.FEC.RNEW.ZS,2026-07-13,https://api.worldbank.org/v2/country/SOM/indicator/EG.FEC.RNEW.ZS?format=json&per_page=1000&date=1960:2025&source=2
EG.FEC.RNEW.ZS,Renewable energy consumption (% of total final energy consumption),energy_balance,SOM,2001,93.3,% of total final energy consumption,,source_reported,WDI_EG.FEC.RNEW.ZS,2026-07-13,https://api.worldbank.org/v2/country/SOM/indicator/EG.FEC.RNEW.ZS?format=json&per_page=1000&date=1960:2025&source=2
EG.FEC.RNEW.ZS,Renewable energy consumption (% of total final energy consumption),energy_balance,SOM,2002,92.6,% of total final energy consumption,,source_reported,WDI_EG.FEC.RNEW.ZS,2026-07-13,https://api.worldbank.org/v2/country/SOM/indicator/EG.FEC.RNEW.ZS?format=json&per_page=1000&date=1960:2025&source=2
EG.FEC.RNEW.ZS,Renewable energy consumption (% of total final energy consumption),energy_balance,SOM,2003,92.8,% of total final energy consumption,,source_reported,WDI_EG.FEC.RNEW.ZS,2026-07-13,https://api.worldbank.org/v2/country/SOM/indicator/EG.FEC.RNEW.ZS?format=json&per_page=1000&date=1960:2025&source=2
EG.FEC.RNEW.ZS,Renewable energy consumption (% of total final energy consumption),energy_balance,SOM,2004,93,% of total final energy consumption,,source_reported,WDI_EG.FEC.RNEW.ZS,2026-07-13,https://api.worldbank.org/v2/country/SOM/indicator/EG.FEC.RNEW.ZS?format=json&per_page=1000&date=1960:2025&source=2
EG.FEC.RNEW.ZS,Renewable energy consumption (% of total final energy consumption),energy_balance,SOM,2005,93.3,% of total final energy consumption,,source_reported,WDI_EG.FEC.RNEW.ZS,2026-07-13,https://api.worldbank.org/v2/country/SOM/indicator/EG.FEC.RNEW.ZS?format=json&per_page=1000&date=1960:2025&source=2
EG.FEC.RNEW.ZS,Renewable energy consumption (% of total final energy consumption),energy_balance,SOM,2006,93.5,% of total final energy consumption,,source_reported,WDI_EG.FEC.RNEW.ZS,2026-07-13,https://api.worldbank.org/v2/country/SOM/indicator/EG.FEC.RNEW.ZS?format=json&per_page=1000&date=1960:2025&source=2
EG.FEC.RNEW.ZS,Renewable energy consumption (% of total final energy consumption),energy_balance,SOM,2007,93,% of total final energy consumption,,source_reported,WDI_EG.FEC.RNEW.ZS,2026-07-13,https://api.worldbank.org/v2/country/SOM/indicator/EG.FEC.RNEW.ZS?format=json&per_page=1000&date=1960:2025&source=2
EG.FEC.RNEW.ZS,Renewable energy consumption (% of total final energy consumption),energy_balance,SOM,2008,93.4,% of total final energy consumption,,source_reported,WDI_EG.FEC.RNEW.ZS,2026-07-13,https://api.worldbank.org/v2/country/SOM/indicator/EG.FEC.RNEW.ZS?format=json&per_page=1000&date=1960:2025&source=2
EG.FEC.RNEW.ZS,Renewable energy consumption (% of total final energy consumption),energy_balance,SOM,2009,93.6,% of total final energy consumption,,source_reported,WDI_EG.FEC.RNEW.ZS,2026-07-13,https://api.worldbank.org/v2/country/SOM/indicator/EG.FEC.RNEW.ZS?format=json&per_page=1000&date=1960:2025&source=2
EG.FEC.RNEW.ZS,Renewable energy consumption (% of total final energy consumption),energy_balance,SOM,2010,93.6,% of total final energy consumption,,source_reported,WDI_EG.FEC.RNEW.ZS,2026-07-13,https://api.worldbank.org/v2/country/SOM/indicator/EG.FEC.RNEW.ZS?format=json&per_page=1000&date=1960:2025&source=2
EG.FEC.RNEW.ZS,Renewable energy consumption (% of total final energy consumption),energy_balance,SOM,2011,93.7,% of total final energy consumption,,source_reported,WDI_EG.FEC.RNEW.ZS,2026-07-13,https://api.worldbank.org/v2/country/SOM/indicator/EG.FEC.RNEW.ZS?format=json&per_page=1000&date=1960:2025&source=2
EG.FEC.RNEW.ZS,Renewable energy consumption (% of total final energy consumption),energy_balance,SOM,2012,93.9,% of total final energy consumption,,source_reported,WDI_EG.FEC.RNEW.ZS,2026-07-13,https://api.worldbank.org/v2/country/SOM/indicator/EG.FEC.RNEW.ZS?format=json&per_page=1000&date=1960:2025&source=2
EG.FEC.RNEW.ZS,Renewable energy consumption (% of total final energy consumption),energy_balance,SOM,2013,94.4,% of total final energy consumption,,source_reported,WDI_EG.FEC.RNEW.ZS,2026-07-13,https://api.worldbank.org/v2/country/SOM/indicator/EG.FEC.RNEW.ZS?format=json&per_page=1000&date=1960:2025&source=2
EG.FEC.RNEW.ZS,Renewable energy consumption (% of total final energy consumption),energy_balance,SOM,2014,94.6,% of total final energy consumption,,source_reported,WDI_EG.FEC.RNEW.ZS,2026-07-13,https://api.worldbank.org/v2/country/SOM/indicator/EG.FEC.RNEW.ZS?format=json&per_page=1000&date=1960:2025&source=2
EG.FEC.RNEW.ZS,Renewable energy consumption (% of total final energy consumption),energy_balance,SOM,2015,94.5,% of total final energy consumption,,source_reported,WDI_EG.FEC.RNEW.ZS,2026-07-13,https://api.worldbank.org/v2/country/SOM/indicator/EG.FEC.RNEW.ZS?format=json&per_page=1000&date=1960:2025&source=2
EG.FEC.RNEW.ZS,Renewable energy consumption (% of total final energy consumption),energy_balance,SOM,2016,94.8,% of total final energy consumption,,source_reported,WDI_EG.FEC.RNEW.ZS,2026-07-13,https://api.worldbank.org/v2/country/SOM/indicator/EG.FEC.RNEW.ZS?format=json&per_page=1000&date=1960:2025&source=2
EG.FEC.RNEW.ZS,Renewable energy consumption (% of total final energy consumption),energy_balance,SOM,2017,94.9,% of total final energy consumption,,source_reported,WDI_EG.FEC.RNEW.ZS,2026-07-13,https://api.worldbank.org/v2/country/SOM/indicator/EG.FEC.RNEW.ZS?format=json&per_page=1000&date=1960:2025&source=2
EG.FEC.RNEW.ZS,Renewable energy consumption (% of total final energy consumption),energy_balance,SOM,2018,94.9,% of total final energy consumption,,source_reported,WDI_EG.FEC.RNEW.ZS,2026-07-13,https://api.worldbank.org/v2/country/SOM/indicator/EG.FEC.RNEW.ZS?format=json&per_page=1000&date=1960:2025&source=2
EG.FEC.RNEW.ZS,Renewable energy consumption (% of total final energy consumption),energy_balance,SOM,2019,95,% of total final energy consumption,,source_reported,WDI_EG.FEC.RNEW.ZS,2026-07-13,https://api.worldbank.org/v2/country/SOM/indicator/EG.FEC.RNEW.ZS?format=json&per_page=1000&date=1960:2025&source=2
EG.FEC.RNEW.ZS,Renewable energy consumption (% of total final energy consumption),energy_balance,SOM,2020,95.5,% of total final energy consumption,,source_reported,WDI_EG.FEC.RNEW.ZS,2026-07-13,https://api.worldbank.org/v2/country/SOM/indicator/EG.FEC.RNEW.ZS?format=json&per_page=1000&date=1960:2025&source=2
EG.FEC.RNEW.ZS,Renewable energy consumption (% of total final energy consumption),energy_balance,SOM,2021,95.4,% of total final energy consumption,,source_reported,WDI_EG.FEC.RNEW.ZS,2026-07-13,https://api.worldbank.org/v2/country/SOM/indicator/EG.FEC.RNEW.ZS?format=json&per_page=1000&date=1960:2025&source=2
EG.FEC.RNEW.ZS,Renewable energy consumption (% of total final energy consumption),energy_balance,SOM,2022,95.4,% of total final energy consumption,,source_reported,WDI_EG.FEC.RNEW.ZS,2026-07-13,https://api.worldbank.org/v2/country/SOM/indicator/EG.FEC.RNEW.ZS?format=json&per_page=1000&date=1960:2025&source=2
EG.FEC.RNEW.ZS,Renewable energy consumption (% of total final energy consumption),energy_balance,SOM,2023,,% of total final energy consumption,,missing,WDI_EG.FEC.RNEW.ZS,2026-07-13,https://api.worldbank.org/v2/country/SOM/indicator/EG.FEC.RNEW.ZS?format=json&per_page=1000&date=1960:2025&source=2
EG.FEC.RNEW.ZS,Renewable energy consumption (% of total final energy consumption),energy_balance,SOM,2024,,% of total final energy consumption,,missing,WDI_EG.FEC.RNEW.ZS,2026-07-13,https://api.worldbank.org/v2/country/SOM/indicator/EG.FEC.RNEW.ZS?format=json&per_page=1000&date=1960:2025&source=2
EG.FEC.RNEW.ZS,Renewable energy consumption (% of total final energy consumption),energy_balance,SOM,2025,,% of total final energy consumption,,missing,WDI_EG.FEC.RNEW.ZS,2026-07-13,https://api.worldbank.org/v2/country/SOM/indicator/EG.FEC.RNEW.ZS?format=json&per_page=1000&date=1960:2025&source=2
EG.IMP.CONS.ZS,"Energy imports, net (% of energy use)",energy_balance,SOM,1960,,% of energy use,,missing,WDI_EG.IMP.CONS.ZS,2026-07-13,https://api.worldbank.org/v2/country/SOM/indicator/EG.IMP.CONS.ZS?format=json&per_page=1000&date=1960:2025&source=2
EG.IMP.CONS.ZS,"Energy imports, net (% of energy use)",energy_balance,SOM,1961,,% of energy use,,missing,WDI_EG.IMP.CONS.ZS,2026-07-13,https://api.worldbank.org/v2/country/SOM/indicator/EG.IMP.CONS.ZS?format=json&per_page=1000&date=1960:2025&source=2
EG.IMP.CONS.ZS,"Energy imports, net (% of energy use)",energy_balance,SOM,1962,,% of energy use,,missing,WDI_EG.IMP.CONS.ZS,2026-07-13,https://api.worldbank.org/v2/country/SOM/indicator/EG.IMP.CONS.ZS?format=json&per_page=1000&date=1960:2025&source=2
EG.IMP.CONS.ZS,"Energy imports, net (% of energy use)",energy_balance,SOM,1963,,% of energy use,,missing,WDI_EG.IMP.CONS.ZS,2026-07-13,https://api.worldbank.org/v2/country/SOM/indicator/EG.IMP.CONS.ZS?format=json&per_page=1000&date=1960:2025&source=2
EG.IMP.CONS.ZS,"Energy imports, net (% of energy use)",energy_balance,SOM,1964,,% of energy use,,missing,WDI_EG.IMP.CONS.ZS,2026-07-13,https://api.worldbank.org/v2/country/SOM/indicator/EG.IMP.CONS.ZS?format=json&per_page=1000&date=1960:2025&source=2
EG.IMP.CONS.ZS,"Energy imports, net (% of energy use)",energy_balance,SOM,1965,,% of energy use,,missing,WDI_EG.IMP.CONS.ZS,2026-07-13,https://api.worldbank.org/v2/country/SOM/indicator/EG.IMP.CONS.ZS?format=json&per_page=1000&date=1960:2025&source=2
EG.IMP.CONS.ZS,"Energy imports, net (% of energy use)",energy_balance,SOM,1966,,% of energy use,,missing,WDI_EG.IMP.CONS.ZS,2026-07-13,https://api.worldbank.org/v2/country/SOM/indicator/EG.IMP.CONS.ZS?format=json&per_page=1000&date=1960:2025&source=2
EG.IMP.CONS.ZS,"Energy imports, net (% of energy use)",energy_balance,SOM,1967,,% of energy use,,missing,WDI_EG.IMP.CONS.ZS,2026-07-13,https://api.worldbank.org/v2/country/SOM/indicator/EG.IMP.CONS.ZS?format=json&per_page=1000&date=1960:2025&source=2
EG.IMP.CONS.ZS,"Energy imports, net (% of energy use)",energy_balance,SOM,1968,,% of energy use,,missing,WDI_EG.IMP.CONS.ZS,2026-07-13,https://api.worldbank.org/v2/country/SOM/indicator/EG.IMP.CONS.ZS?format=json&per_page=1000&date=1960:2025&source=2
EG.IMP.CONS.ZS,"Energy imports, net (% of energy use)",energy_balance,SOM,1969,,% of energy use,,missing,WDI_EG.IMP.CONS.ZS,2026-07-13,https://api.worldbank.org/v2/country/SOM/indicator/EG.IMP.CONS.ZS?format=json&per_page=1000&date=1960:2025&source=2
EG.IMP.CONS.ZS,"Energy imports, net (% of energy use)",energy_balance,SOM,1970,,% of energy use,,missing,WDI_EG.IMP.CONS.ZS,2026-07-13,https://api.worldbank.org/v2/country/SOM/indicator/EG.IMP.CONS.ZS?format=json&per_page=1000&date=1960:2025&source=2
EG.IMP.CONS.ZS,"Energy imports, net (% of energy use)",energy_balance,SOM,1971,,% of energy use,,missing,WDI_EG.IMP.CONS.ZS,2026-07-13,https://api.worldbank.org/v2/country/SOM/indicator/EG.IMP.CONS.ZS?format=json&per_page=1000&date=1960:2025&source=2
EG.IMP.CONS.ZS,"Energy imports, net (% of energy use)",energy_balance,SOM,1972,,% of energy use,,missing,WDI_EG.IMP.CONS.ZS,2026-07-13,https://api.worldbank.org/v2/country/SOM/indicator/EG.IMP.CONS.ZS?format=json&per_page=1000&date=1960:2025&source=2
EG.IMP.CONS.ZS,"Energy imports, net (% of energy use)",energy_balance,SOM,1973,,% of energy use,,missing,WDI_EG.IMP.CONS.ZS,2026-07-13,https://api.worldbank.org/v2/country/SOM/indicator/EG.IMP.CONS.ZS?format=json&per_page=1000&date=1960:2025&source=2
EG.IMP.CONS.ZS,"Energy imports, net (% of energy use)",energy_balance,SOM,1974,,% of energy use,,missing,WDI_EG.IMP.CONS.ZS,2026-07-13,https://api.worldbank.org/v2/country/SOM/indicator/EG.IMP.CONS.ZS?format=json&per_page=1000&date=1960:2025&source=2
EG.IMP.CONS.ZS,"Energy imports, net (% of energy use)",energy_balance,SOM,1975,,% of energy use,,missing,WDI_EG.IMP.CONS.ZS,2026-07-13,https://api.worldbank.org/v2/country/SOM/indicator/EG.IMP.CONS.ZS?format=json&per_page=1000&date=1960:2025&source=2
EG.IMP.CONS.ZS,"Energy imports, net (% of energy use)",energy_balance,SOM,1976,,% of energy use,,missing,WDI_EG.IMP.CONS.ZS,2026-07-13,https://api.worldbank.org/v2/country/SOM/indicator/EG.IMP.CONS.ZS?format=json&per_page=1000&date=1960:2025&source=2
EG.IMP.CONS.ZS,"Energy imports, net (% of energy use)",energy_balance,SOM,1977,,% of energy use,,missing,WDI_EG.IMP.CONS.ZS,2026-07-13,https://api.worldbank.org/v2/country/SOM/indicator/EG.IMP.CONS.ZS?format=json&per_page=1000&date=1960:2025&source=2
EG.IMP.CONS.ZS,"Energy imports, net (% of energy use)",energy_balance,SOM,1978,,% of energy use,,missing,WDI_EG.IMP.CONS.ZS,2026-07-13,https://api.worldbank.org/v2/country/SOM/indicator/EG.IMP.CONS.ZS?format=json&per_page=1000&date=1960:2025&source=2
EG.IMP.CONS.ZS,"Energy imports, net (% of energy use)",energy_balance,SOM,1979,,% of energy use,,missing,WDI_EG.IMP.CONS.ZS,2026-07-13,https://api.worldbank.org/v2/country/SOM/indicator/EG.IMP.CONS.ZS?format=json&per_page=1000&date=1960:2025&source=2
EG.IMP.CONS.ZS,"Energy imports, net (% of energy use)",energy_balance,SOM,1980,,% of energy use,,missing,WDI_EG.IMP.CONS.ZS,2026-07-13,https://api.worldbank.org/v2/country/SOM/indicator/EG.IMP.CONS.ZS?format=json&per_page=1000&date=1960:2025&source=2
EG.IMP.CONS.ZS,"Energy imports, net (% of energy use)",energy_balance,SOM,1981,,% of energy use,,missing,WDI_EG.IMP.CONS.ZS,2026-07-13,https://api.worldbank.org/v2/country/SOM/indicator/EG.IMP.CONS.ZS?format=json&per_page=1000&date=1960:2025&source=2
EG.IMP.CONS.ZS,"Energy imports, net (% of energy use)",energy_balance,SOM,1982,,% of energy use,,missing,WDI_EG.IMP.CONS.ZS,2026-07-13,https://api.worldbank.org/v2/country/SOM/indicator/EG.IMP.CONS.ZS?format=json&per_page=1000&date=1960:2025&source=2
EG.IMP.CONS.ZS,"Energy imports, net (% of energy use)",energy_balance,SOM,1983,,% of energy use,,missing,WDI_EG.IMP.CONS.ZS,2026-07-13,https://api.worldbank.org/v2/country/SOM/indicator/EG.IMP.CONS.ZS?format=json&per_page=1000&date=1960:2025&source=2
EG.IMP.CONS.ZS,"Energy imports, net (% of energy use)",energy_balance,SOM,1984,,% of energy use,,missing,WDI_EG.IMP.CONS.ZS,2026-07-13,https://api.worldbank.org/v2/country/SOM/indicator/EG.IMP.CONS.ZS?format=json&per_page=1000&date=1960:2025&source=2
EG.IMP.CONS.ZS,"Energy imports, net (% of energy use)",energy_balance,SOM,1985,,% of energy use,,missing,WDI_EG.IMP.CONS.ZS,2026-07-13,https://api.worldbank.org/v2/country/SOM/indicator/EG.IMP.CONS.ZS?format=json&per_page=1000&date=1960:2025&source=2
EG.IMP.CONS.ZS,"Energy imports, net (% of energy use)",energy_balance,SOM,1986,,% of energy use,,missing,WDI_EG.IMP.CONS.ZS,2026-07-13,https://api.worldbank.org/v2/country/SOM/indicator/EG.IMP.CONS.ZS?format=json&per_page=1000&date=1960:2025&source=2
EG.IMP.CONS.ZS,"Energy imports, net (% of energy use)",energy_balance,SOM,1987,,% of energy use,,missing,WDI_EG.IMP.CONS.ZS,2026-07-13,https://api.worldbank.org/v2/country/SOM/indicator/EG.IMP.CONS.ZS?format=json&per_page=1000&date=1960:2025&source=2
EG.IMP.CONS.ZS,"Energy imports, net (% of energy use)",energy_balance,SOM,1988,,% of energy use,,missing,WDI_EG.IMP.CONS.ZS,2026-07-13,https://api.worldbank.org/v2/country/SOM/indicator/EG.IMP.CONS.ZS?format=json&per_page=1000&date=1960:2025&source=2
EG.IMP.CONS.ZS,"Energy imports, net (% of energy use)",energy_balance,SOM,1989,,% of energy use,,missing,WDI_EG.IMP.CONS.ZS,2026-07-13,https://api.worldbank.org/v2/country/SOM/indicator/EG.IMP.CONS.ZS?format=json&per_page=1000&date=1960:2025&source=2
EG.IMP.CONS.ZS,"Energy imports, net (% of energy use)",energy_balance,SOM,1990,,% of energy use,,missing,WDI_EG.IMP.CONS.ZS,2026-07-13,https://api.worldbank.org/v2/country/SOM/indicator/EG.IMP.CONS.ZS?format=json&per_page=1000&date=1960:2025&source=2
EG.IMP.CONS.ZS,"Energy imports, net (% of energy use)",energy_balance,SOM,1991,,% of energy use,,missing,WDI_EG.IMP.CONS.ZS,2026-07-13,https://api.worldbank.org/v2/country/SOM/indicator/EG.IMP.CONS.ZS?format=json&per_page=1000&date=1960:2025&source=2
EG.IMP.CONS.ZS,"Energy imports, net (% of energy use)",energy_balance,SOM,1992,,% of energy use,,missing,WDI_EG.IMP.CONS.ZS,2026-07-13,https://api.worldbank.org/v2/country/SOM/indicator/EG.IMP.CONS.ZS?format=json&per_page=1000&date=1960:2025&source=2
EG.IMP.CONS.ZS,"Energy imports, net (% of energy use)",energy_balance,SOM,1993,,% of energy use,,missing,WDI_EG.IMP.CONS.ZS,2026-07-13,https://api.worldbank.org/v2/country/SOM/indicator/EG.IMP.CONS.ZS?format=json&per_page=1000&date=1960:2025&source=2
EG.IMP.CONS.ZS,"Energy imports, net (% of energy use)",energy_balance,SOM,1994,,% of energy use,,missing,WDI_EG.IMP.CONS.ZS,2026-07-13,https://api.worldbank.org/v2/country/SOM/indicator/EG.IMP.CONS.ZS?format=json&per_page=1000&date=1960:2025&source=2
EG.IMP.CONS.ZS,"Energy imports, net (% of energy use)",energy_balance,SOM,1995,,% of energy use,,missing,WDI_EG.IMP.CONS.ZS,2026-07-13,https://api.worldbank.org/v2/country/SOM/indicator/EG.IMP.CONS.ZS?format=json&per_page=1000&date=1960:2025&source=2
EG.IMP.CONS.ZS,"Energy imports, net (% of energy use)",energy_balance,SOM,1996,,% of energy use,,missing,WDI_EG.IMP.CONS.ZS,2026-07-13,https://api.worldbank.org/v2/country/SOM/indicator/EG.IMP.CONS.ZS?format=json&per_page=1000&date=1960:2025&source=2
EG.IMP.CONS.ZS,"Energy imports, net (% of energy use)",energy_balance,SOM,1997,,% of energy use,,missing,WDI_EG.IMP.CONS.ZS,2026-07-13,https://api.worldbank.org/v2/country/SOM/indicator/EG.IMP.CONS.ZS?format=json&per_page=1000&date=1960:2025&source=2
EG.IMP.CONS.ZS,"Energy imports, net (% of energy use)",energy_balance,SOM,1998,,% of energy use,,missing,WDI_EG.IMP.CONS.ZS,2026-07-13,https://api.worldbank.org/v2/country/SOM/indicator/EG.IMP.CONS.ZS?format=json&per_page=1000&date=1960:2025&source=2
EG.IMP.CONS.ZS,"Energy imports, net (% of energy use)",energy_balance,SOM,1999,,% of energy use,,missing,WDI_EG.IMP.CONS.ZS,2026-07-13,https://api.worldbank.org/v2/country/SOM/indicator/EG.IMP.CONS.ZS?format=json&per_page=1000&date=1960:2025&source=2
EG.IMP.CONS.ZS,"Energy imports, net (% of energy use)",energy_balance,SOM,2000,,% of energy use,,missing,WDI_EG.IMP.CONS.ZS,2026-07-13,https://api.worldbank.org/v2/country/SOM/indicator/EG.IMP.CONS.ZS?format=json&per_page=1000&date=1960:2025&source=2
EG.IMP.CONS.ZS,"Energy imports, net (% of energy use)",energy_balance,SOM,2001,,% of energy use,,missing,WDI_EG.IMP.CONS.ZS,2026-07-13,https://api.worldbank.org/v2/country/SOM/indicator/EG.IMP.CONS.ZS?format=json&per_page=1000&date=1960:2025&source=2
EG.IMP.CONS.ZS,"Energy imports, net (% of energy use)",energy_balance,SOM,2002,,% of energy use,,missing,WDI_EG.IMP.CONS.ZS,2026-07-13,https://api.worldbank.org/v2/country/SOM/indicator/EG.IMP.CONS.ZS?format=json&per_page=1000&date=1960:2025&source=2
EG.IMP.CONS.ZS,"Energy imports, net (% of energy use)",energy_balance,SOM,2003,,% of energy use,,missing,WDI_EG.IMP.CONS.ZS,2026-07-13,https://api.worldbank.org/v2/country/SOM/indicator/EG.IMP.CONS.ZS?format=json&per_page=1000&date=1960:2025&source=2
EG.IMP.CONS.ZS,"Energy imports, net (% of energy use)",energy_balance,SOM,2004,,% of energy use,,missing,WDI_EG.IMP.CONS.ZS,2026-07-13,https://api.worldbank.org/v2/country/SOM/indicator/EG.IMP.CONS.ZS?format=json&per_page=1000&date=1960:2025&source=2
EG.IMP.CONS.ZS,"Energy imports, net (% of energy use)",energy_balance,SOM,2005,,% of energy use,,missing,WDI_EG.IMP.CONS.ZS,2026-07-13,https://api.worldbank.org/v2/country/SOM/indicator/EG.IMP.CONS.ZS?format=json&per_page=1000&date=1960:2025&source=2
EG.IMP.CONS.ZS,"Energy imports, net (% of energy use)",energy_balance,SOM,2006,,% of energy use,,missing,WDI_EG.IMP.CONS.ZS,2026-07-13,https://api.worldbank.org/v2/country/SOM/indicator/EG.IMP.CONS.ZS?format=json&per_page=1000&date=1960:2025&source=2
EG.IMP.CONS.ZS,"Energy imports, net (% of energy use)",energy_balance,SOM,2007,,% of energy use,,missing,WDI_EG.IMP.CONS.ZS,2026-07-13,https://api.worldbank.org/v2/country/SOM/indicator/EG.IMP.CONS.ZS?format=json&per_page=1000&date=1960:2025&source=2
EG.IMP.CONS.ZS,"Energy imports, net (% of energy use)",energy_balance,SOM,2008,,% of energy use,,missing,WDI_EG.IMP.CONS.ZS,2026-07-13,https://api.worldbank.org/v2/country/SOM/indicator/EG.IMP.CONS.ZS?format=json&per_page=1000&date=1960:2025&source=2
EG.IMP.CONS.ZS,"Energy imports, net (% of energy use)",energy_balance,SOM,2009,,% of energy use,,missing,WDI_EG.IMP.CONS.ZS,2026-07-13,https://api.worldbank.org/v2/country/SOM/indicator/EG.IMP.CONS.ZS?format=json&per_page=1000&date=1960:2025&source=2
EG.IMP.CONS.ZS,"Energy imports, net (% of energy use)",energy_balance,SOM,2010,,% of energy use,,missing,WDI_EG.IMP.CONS.ZS,2026-07-13,https://api.worldbank.org/v2/country/SOM/indicator/EG.IMP.CONS.ZS?format=json&per_page=1000&date=1960:2025&source=2
EG.IMP.CONS.ZS,"Energy imports, net (% of energy use)",energy_balance,SOM,2011,,% of energy use,,missing,WDI_EG.IMP.CONS.ZS,2026-07-13,https://api.worldbank.org/v2/country/SOM/indicator/EG.IMP.CONS.ZS?format=json&per_page=1000&date=1960:2025&source=2
EG.IMP.CONS.ZS,"Energy imports, net (% of energy use)",energy_balance,SOM,2012,,% of energy use,,missing,WDI_EG.IMP.CONS.ZS,2026-07-13,https://api.worldbank.org/v2/country/SOM/indicator/EG.IMP.CONS.ZS?format=json&per_page=1000&date=1960:2025&source=2
EG.IMP.CONS.ZS,"Energy imports, net (% of energy use)",energy_balance,SOM,2013,,% of energy use,,missing,WDI_EG.IMP.CONS.ZS,2026-07-13,https://api.worldbank.org/v2/country/SOM/indicator/EG.IMP.CONS.ZS?format=json&per_page=1000&date=1960:2025&source=2
EG.IMP.CONS.ZS,"Energy imports, net (% of energy use)",energy_balance,SOM,2014,,% of energy use,,missing,WDI_EG.IMP.CONS.ZS,2026-07-13,https://api.worldbank.org/v2/country/SOM/indicator/EG.IMP.CONS.ZS?format=json&per_page=1000&date=1960:2025&source=2
EG.IMP.CONS.ZS,"Energy imports, net (% of energy use)",energy_balance,SOM,2015,,% of energy use,,missing,WDI_EG.IMP.CONS.ZS,2026-07-13,https://api.worldbank.org/v2/country/SOM/indicator/EG.IMP.CONS.ZS?format=json&per_page=1000&date=1960:2025&source=2
EG.IMP.CONS.ZS,"Energy imports, net (% of energy use)",energy_balance,SOM,2016,,% of energy use,,missing,WDI_EG.IMP.CONS.ZS,2026-07-13,https://api.worldbank.org/v2/country/SOM/indicator/EG.IMP.CONS.ZS?format=json&per_page=1000&date=1960:2025&source=2
EG.IMP.CONS.ZS,"Energy imports, net (% of energy use)",energy_balance,SOM,2017,,% of energy use,,missing,WDI_EG.IMP.CONS.ZS,2026-07-13,https://api.worldbank.org/v2/country/SOM/indicator/EG.IMP.CONS.ZS?format=json&per_page=1000&date=1960:2025&source=2
EG.IMP.CONS.ZS,"Energy imports, net (% of energy use)",energy_balance,SOM,2018,,% of energy use,,missing,WDI_EG.IMP.CONS.ZS,2026-07-13,https://api.worldbank.org/v2/country/SOM/indicator/EG.IMP.CONS.ZS?format=json&per_page=1000&date=1960:2025&source=2
EG.IMP.CONS.ZS,"Energy imports, net (% of energy use)",energy_balance,SOM,2019,,% of energy use,,missing,WDI_EG.IMP.CONS.ZS,2026-07-13,https://api.worldbank.org/v2/country/SOM/indicator/EG.IMP.CONS.ZS?format=json&per_page=1000&date=1960:2025&source=2
EG.IMP.CONS.ZS,"Energy imports, net (% of energy use)",energy_balance,SOM,2020,,% of energy use,,missing,WDI_EG.IMP.CONS.ZS,2026-07-13,https://api.worldbank.org/v2/country/SOM/indicator/EG.IMP.CONS.ZS?format=json&per_page=1000&date=1960:2025&source=2
EG.IMP.CONS.ZS,"Energy imports, net (% of energy use)",energy_balance,SOM,2021,,% of energy use,,missing,WDI_EG.IMP.CONS.ZS,2026-07-13,https://api.worldbank.org/v2/country/SOM/indicator/EG.IMP.CONS.ZS?format=json&per_page=1000&date=1960:2025&source=2
EG.IMP.CONS.ZS,"Energy imports, net (% of energy use)",energy_balance,SOM,2022,,% of energy use,,missing,WDI_EG.IMP.CONS.ZS,2026-07-13,https://api.worldbank.org/v2/country/SOM/indicator/EG.IMP.CONS.ZS?format=json&per_page=1000&date=1960:2025&source=2
EG.IMP.CONS.ZS,"Energy imports, net (% of energy use)",energy_balance,SOM,2023,,% of energy use,,missing,WDI_EG.IMP.CONS.ZS,2026-07-13,https://api.worldbank.org/v2/country/SOM/indicator/EG.IMP.CONS.ZS?format=json&per_page=1000&date=1960:2025&source=2
EG.IMP.CONS.ZS,"Energy imports, net (% of energy use)",energy_balance,SOM,2024,,% of energy use,,missing,WDI_EG.IMP.CONS.ZS,2026-07-13,https://api.worldbank.org/v2/country/SOM/indicator/EG.IMP.CONS.ZS?format=json&per_page=1000&date=1960:2025&source=2
EG.IMP.CONS.ZS,"Energy imports, net (% of energy use)",energy_balance,SOM,2025,,% of energy use,,missing,WDI_EG.IMP.CONS.ZS,2026-07-13,https://api.worldbank.org/v2/country/SOM/indicator/EG.IMP.CONS.ZS?format=json&per_page=1000&date=1960:2025&source=2
EG.USE.COMM.FO.ZS,Fossil fuel energy consumption (% of total),energy_balance,SOM,1960,,% of total energy use,,missing,WDI_EG.USE.COMM.FO.ZS,2026-07-13,https://api.worldbank.org/v2/country/SOM/indicator/EG.USE.COMM.FO.ZS?format=json&per_page=1000&date=1960:2025&source=2
EG.USE.COMM.FO.ZS,Fossil fuel energy consumption (% of total),energy_balance,SOM,1961,,% of total energy use,,missing,WDI_EG.USE.COMM.FO.ZS,2026-07-13,https://api.worldbank.org/v2/country/SOM/indicator/EG.USE.COMM.FO.ZS?format=json&per_page=1000&date=1960:2025&source=2
EG.USE.COMM.FO.ZS,Fossil fuel energy consumption (% of total),energy_balance,SOM,1962,,% of total energy use,,missing,WDI_EG.USE.COMM.FO.ZS,2026-07-13,https://api.worldbank.org/v2/country/SOM/indicator/EG.USE.COMM.FO.ZS?format=json&per_page=1000&date=1960:2025&source=2
EG.USE.COMM.FO.ZS,Fossil fuel energy consumption (% of total),energy_balance,SOM,1963,,% of total energy use,,missing,WDI_EG.USE.COMM.FO.ZS,2026-07-13,https://api.worldbank.org/v2/country/SOM/indicator/EG.USE.COMM.FO.ZS?format=json&per_page=1000&date=1960:2025&source=2
EG.USE.COMM.FO.ZS,Fossil fuel energy consumption (% of total),energy_balance,SOM,1964,,% of total energy use,,missing,WDI_EG.USE.COMM.FO.ZS,2026-07-13,https://api.worldbank.org/v2/country/SOM/indicator/EG.USE.COMM.FO.ZS?format=json&per_page=1000&date=1960:2025&source=2
EG.USE.COMM.FO.ZS,Fossil fuel energy consumption (% of total),energy_balance,SOM,1965,,% of total energy use,,missing,WDI_EG.USE.COMM.FO.ZS,2026-07-13,https://api.worldbank.org/v2/country/SOM/indicator/EG.USE.COMM.FO.ZS?format=json&per_page=1000&date=1960:2025&source=2
EG.USE.COMM.FO.ZS,Fossil fuel energy consumption (% of total),energy_balance,SOM,1966,,% of total energy use,,missing,WDI_EG.USE.COMM.FO.ZS,2026-07-13,https://api.worldbank.org/v2/country/SOM/indicator/EG.USE.COMM.FO.ZS?format=json&per_page=1000&date=1960:2025&source=2
EG.USE.COMM.FO.ZS,Fossil fuel energy consumption (% of total),energy_balance,SOM,1967,,% of total energy use,,missing,WDI_EG.USE.COMM.FO.ZS,2026-07-13,https://api.worldbank.org/v2/country/SOM/indicator/EG.USE.COMM.FO.ZS?format=json&per_page=1000&date=1960:2025&source=2
EG.USE.COMM.FO.ZS,Fossil fuel energy consumption (% of total),energy_balance,SOM,1968,,% of total energy use,,missing,WDI_EG.USE.COMM.FO.ZS,2026-07-13,https://api.worldbank.org/v2/country/SOM/indicator/EG.USE.COMM.FO.ZS?format=json&per_page=1000&date=1960:2025&source=2
EG.USE.COMM.FO.ZS,Fossil fuel energy consumption (% of total),energy_balance,SOM,1969,,% of total energy use,,missing,WDI_EG.USE.COMM.FO.ZS,2026-07-13,https://api.worldbank.org/v2/country/SOM/indicator/EG.USE.COMM.FO.ZS?format=json&per_page=1000&date=1960:2025&source=2
EG.USE.COMM.FO.ZS,Fossil fuel energy consumption (% of total),energy_balance,SOM,1970,,% of total energy use,,missing,WDI_EG.USE.COMM.FO.ZS,2026-07-13,https://api.worldbank.org/v2/country/SOM/indicator/EG.USE.COMM.FO.ZS?format=json&per_page=1000&date=1960:2025&source=2
EG.USE.COMM.FO.ZS,Fossil fuel energy consumption (% of total),energy_balance,SOM,1971,,% of total energy use,,missing,WDI_EG.USE.COMM.FO.ZS,2026-07-13,https://api.worldbank.org/v2/country/SOM/indicator/EG.USE.COMM.FO.ZS?format=json&per_page=1000&date=1960:2025&source=2
EG.USE.COMM.FO.ZS,Fossil fuel energy consumption (% of total),energy_balance,SOM,1972,,% of total energy use,,missing,WDI_EG.USE.COMM.FO.ZS,2026-07-13,https://api.worldbank.org/v2/country/SOM/indicator/EG.USE.COMM.FO.ZS?format=json&per_page=1000&date=1960:2025&source=2
EG.USE.COMM.FO.ZS,Fossil fuel energy consumption (% of total),energy_balance,SOM,1973,,% of total energy use,,missing,WDI_EG.USE.COMM.FO.ZS,2026-07-13,https://api.worldbank.org/v2/country/SOM/indicator/EG.USE.COMM.FO.ZS?format=json&per_page=1000&date=1960:2025&source=2
EG.USE.COMM.FO.ZS,Fossil fuel energy consumption (% of total),energy_balance,SOM,1974,,% of total energy use,,missing,WDI_EG.USE.COMM.FO.ZS,2026-07-13,https://api.worldbank.org/v2/country/SOM/indicator/EG.USE.COMM.FO.ZS?format=json&per_page=1000&date=1960:2025&source=2
EG.USE.COMM.FO.ZS,Fossil fuel energy consumption (% of total),energy_balance,SOM,1975,,% of total energy use,,missing,WDI_EG.USE.COMM.FO.ZS,2026-07-13,https://api.worldbank.org/v2/country/SOM/indicator/EG.USE.COMM.FO.ZS?format=json&per_page=1000&date=1960:2025&source=2
EG.USE.COMM.FO.ZS,Fossil fuel energy consumption (% of total),energy_balance,SOM,1976,,% of total energy use,,missing,WDI_EG.USE.COMM.FO.ZS,2026-07-13,https://api.worldbank.org/v2/country/SOM/indicator/EG.USE.COMM.FO.ZS?format=json&per_page=1000&date=1960:2025&source=2
EG.USE.COMM.FO.ZS,Fossil fuel energy consumption (% of total),energy_balance,SOM,1977,,% of total energy use,,missing,WDI_EG.USE.COMM.FO.ZS,2026-07-13,https://api.worldbank.org/v2/country/SOM/indicator/EG.USE.COMM.FO.ZS?format=json&per_page=1000&date=1960:2025&source=2
EG.USE.COMM.FO.ZS,Fossil fuel energy consumption (% of total),energy_balance,SOM,1978,,% of total energy use,,missing,WDI_EG.USE.COMM.FO.ZS,2026-07-13,https://api.worldbank.org/v2/country/SOM/indicator/EG.USE.COMM.FO.ZS?format=json&per_page=1000&date=1960:2025&source=2
EG.USE.COMM.FO.ZS,Fossil fuel energy consumption (% of total),energy_balance,SOM,1979,,% of total energy use,,missing,WDI_EG.USE.COMM.FO.ZS,2026-07-13,https://api.worldbank.org/v2/country/SOM/indicator/EG.USE.COMM.FO.ZS?format=json&per_page=1000&date=1960:2025&source=2
EG.USE.COMM.FO.ZS,Fossil fuel energy consumption (% of total),energy_balance,SOM,1980,,% of total energy use,,missing,WDI_EG.USE.COMM.FO.ZS,2026-07-13,https://api.worldbank.org/v2/country/SOM/indicator/EG.USE.COMM.FO.ZS?format=json&per_page=1000&date=1960:2025&source=2
EG.USE.COMM.FO.ZS,Fossil fuel energy consumption (% of total),energy_balance,SOM,1981,,% of total energy use,,missing,WDI_EG.USE.COMM.FO.ZS,2026-07-13,https://api.worldbank.org/v2/country/SOM/indicator/EG.USE.COMM.FO.ZS?format=json&per_page=1000&date=1960:2025&source=2
EG.USE.COMM.FO.ZS,Fossil fuel energy consumption (% of total),energy_balance,SOM,1982,,% of total energy use,,missing,WDI_EG.USE.COMM.FO.ZS,2026-07-13,https://api.worldbank.org/v2/country/SOM/indicator/EG.USE.COMM.FO.ZS?format=json&per_page=1000&date=1960:2025&source=2
EG.USE.COMM.FO.ZS,Fossil fuel energy consumption (% of total),energy_balance,SOM,1983,,% of total energy use,,missing,WDI_EG.USE.COMM.FO.ZS,2026-07-13,https://api.worldbank.org/v2/country/SOM/indicator/EG.USE.COMM.FO.ZS?format=json&per_page=1000&date=1960:2025&source=2
EG.USE.COMM.FO.ZS,Fossil fuel energy consumption (% of total),energy_balance,SOM,1984,,% of total energy use,,missing,WDI_EG.USE.COMM.FO.ZS,2026-07-13,https://api.worldbank.org/v2/country/SOM/indicator/EG.USE.COMM.FO.ZS?format=json&per_page=1000&date=1960:2025&source=2
EG.USE.COMM.FO.ZS,Fossil fuel energy consumption (% of total),energy_balance,SOM,1985,,% of total energy use,,missing,WDI_EG.USE.COMM.FO.ZS,2026-07-13,https://api.worldbank.org/v2/country/SOM/indicator/EG.USE.COMM.FO.ZS?format=json&per_page=1000&date=1960:2025&source=2
EG.USE.COMM.FO.ZS,Fossil fuel energy consumption (% of total),energy_balance,SOM,1986,,% of total energy use,,missing,WDI_EG.USE.COMM.FO.ZS,2026-07-13,https://api.worldbank.org/v2/country/SOM/indicator/EG.USE.COMM.FO.ZS?format=json&per_page=1000&date=1960:2025&source=2
EG.USE.COMM.FO.ZS,Fossil fuel energy consumption (% of total),energy_balance,SOM,1987,,% of total energy use,,missing,WDI_EG.USE.COMM.FO.ZS,2026-07-13,https://api.worldbank.org/v2/country/SOM/indicator/EG.USE.COMM.FO.ZS?format=json&per_page=1000&date=1960:2025&source=2
EG.USE.COMM.FO.ZS,Fossil fuel energy consumption (% of total),energy_balance,SOM,1988,,% of total energy use,,missing,WDI_EG.USE.COMM.FO.ZS,2026-07-13,https://api.worldbank.org/v2/country/SOM/indicator/EG.USE.COMM.FO.ZS?format=json&per_page=1000&date=1960:2025&source=2
EG.USE.COMM.FO.ZS,Fossil fuel energy consumption (% of total),energy_balance,SOM,1989,,% of total energy use,,missing,WDI_EG.USE.COMM.FO.ZS,2026-07-13,https://api.worldbank.org/v2/country/SOM/indicator/EG.USE.COMM.FO.ZS?format=json&per_page=1000&date=1960:2025&source=2
EG.USE.COMM.FO.ZS,Fossil fuel energy consumption (% of total),energy_balance,SOM,1990,,% of total energy use,,missing,WDI_EG.USE.COMM.FO.ZS,2026-07-13,https://api.worldbank.org/v2/country/SOM/indicator/EG.USE.COMM.FO.ZS?format=json&per_page=1000&date=1960:2025&source=2
EG.USE.COMM.FO.ZS,Fossil fuel energy consumption (% of total),energy_balance,SOM,1991,,% of total energy use,,missing,WDI_EG.USE.COMM.FO.ZS,2026-07-13,https://api.worldbank.org/v2/country/SOM/indicator/EG.USE.COMM.FO.ZS?format=json&per_page=1000&date=1960:2025&source=2
EG.USE.COMM.FO.ZS,Fossil fuel energy consumption (% of total),energy_balance,SOM,1992,,% of total energy use,,missing,WDI_EG.USE.COMM.FO.ZS,2026-07-13,https://api.worldbank.org/v2/country/SOM/indicator/EG.USE.COMM.FO.ZS?format=json&per_page=1000&date=1960:2025&source=2
EG.USE.COMM.FO.ZS,Fossil fuel energy consumption (% of total),energy_balance,SOM,1993,,% of total energy use,,missing,WDI_EG.USE.COMM.FO.ZS,2026-07-13,https://api.worldbank.org/v2/country/SOM/indicator/EG.USE.COMM.FO.ZS?format=json&per_page=1000&date=1960:2025&source=2
EG.USE.COMM.FO.ZS,Fossil fuel energy consumption (% of total),energy_balance,SOM,1994,,% of total energy use,,missing,WDI_EG.USE.COMM.FO.ZS,2026-07-13,https://api.worldbank.org/v2/country/SOM/indicator/EG.USE.COMM.FO.ZS?format=json&per_page=1000&date=1960:2025&source=2
EG.USE.COMM.FO.ZS,Fossil fuel energy consumption (% of total),energy_balance,SOM,1995,,% of total energy use,,missing,WDI_EG.USE.COMM.FO.ZS,2026-07-13,https://api.worldbank.org/v2/country/SOM/indicator/EG.USE.COMM.FO.ZS?format=json&per_page=1000&date=1960:2025&source=2
EG.USE.COMM.FO.ZS,Fossil fuel energy consumption (% of total),energy_balance,SOM,1996,,% of total energy use,,missing,WDI_EG.USE.COMM.FO.ZS,2026-07-13,https://api.worldbank.org/v2/country/SOM/indicator/EG.USE.COMM.FO.ZS?format=json&per_page=1000&date=1960:2025&source=2
EG.USE.COMM.FO.ZS,Fossil fuel energy consumption (% of total),energy_balance,SOM,1997,,% of total energy use,,missing,WDI_EG.USE.COMM.FO.ZS,2026-07-13,https://api.worldbank.org/v2/country/SOM/indicator/EG.USE.COMM.FO.ZS?format=json&per_page=1000&date=1960:2025&source=2
EG.USE.COMM.FO.ZS,Fossil fuel energy consumption (% of total),energy_balance,SOM,1998,,% of total energy use,,missing,WDI_EG.USE.COMM.FO.ZS,2026-07-13,https://api.worldbank.org/v2/country/SOM/indicator/EG.USE.COMM.FO.ZS?format=json&per_page=1000&date=1960:2025&source=2
EG.USE.COMM.FO.ZS,Fossil fuel energy consumption (% of total),energy_balance,SOM,1999,,% of total energy use,,missing,WDI_EG.USE.COMM.FO.ZS,2026-07-13,https://api.worldbank.org/v2/country/SOM/indicator/EG.USE.COMM.FO.ZS?format=json&per_page=1000&date=1960:2025&source=2
EG.USE.COMM.FO.ZS,Fossil fuel energy consumption (% of total),energy_balance,SOM,2000,,% of total energy use,,missing,WDI_EG.USE.COMM.FO.ZS,2026-07-13,https://api.worldbank.org/v2/country/SOM/indicator/EG.USE.COMM.FO.ZS?format=json&per_page=1000&date=1960:2025&source=2
EG.USE.COMM.FO.ZS,Fossil fuel energy consumption (% of total),energy_balance,SOM,2001,,% of total energy use,,missing,WDI_EG.USE.COMM.FO.ZS,2026-07-13,https://api.worldbank.org/v2/country/SOM/indicator/EG.USE.COMM.FO.ZS?format=json&per_page=1000&date=1960:2025&source=2
EG.USE.COMM.FO.ZS,Fossil fuel energy consumption (% of total),energy_balance,SOM,2002,,% of total energy use,,missing,WDI_EG.USE.COMM.FO.ZS,2026-07-13,https://api.worldbank.org/v2/country/SOM/indicator/EG.USE.COMM.FO.ZS?format=json&per_page=1000&date=1960:2025&source=2
EG.USE.COMM.FO.ZS,Fossil fuel energy consumption (% of total),energy_balance,SOM,2003,,% of total energy use,,missing,WDI_EG.USE.COMM.FO.ZS,2026-07-13,https://api.worldbank.org/v2/country/SOM/indicator/EG.USE.COMM.FO.ZS?format=json&per_page=1000&date=1960:2025&source=2
EG.USE.COMM.FO.ZS,Fossil fuel energy consumption (% of total),energy_balance,SOM,2004,,% of total energy use,,missing,WDI_EG.USE.COMM.FO.ZS,2026-07-13,https://api.worldbank.org/v2/country/SOM/indicator/EG.USE.COMM.FO.ZS?format=json&per_page=1000&date=1960:2025&source=2
EG.USE.COMM.FO.ZS,Fossil fuel energy consumption (% of total),energy_balance,SOM,2005,,% of total energy use,,missing,WDI_EG.USE.COMM.FO.ZS,2026-07-13,https://api.worldbank.org/v2/country/SOM/indicator/EG.USE.COMM.FO.ZS?format=json&per_page=1000&date=1960:2025&source=2
EG.USE.COMM.FO.ZS,Fossil fuel energy consumption (% of total),energy_balance,SOM,2006,,% of total energy use,,missing,WDI_EG.USE.COMM.FO.ZS,2026-07-13,https://api.worldbank.org/v2/country/SOM/indicator/EG.USE.COMM.FO.ZS?format=json&per_page=1000&date=1960:2025&source=2
EG.USE.COMM.FO.ZS,Fossil fuel energy consumption (% of total),energy_balance,SOM,2007,,% of total energy use,,missing,WDI_EG.USE.COMM.FO.ZS,2026-07-13,https://api.worldbank.org/v2/country/SOM/indicator/EG.USE.COMM.FO.ZS?format=json&per_page=1000&date=1960:2025&source=2
EG.USE.COMM.FO.ZS,Fossil fuel energy consumption (% of total),energy_balance,SOM,2008,,% of total energy use,,missing,WDI_EG.USE.COMM.FO.ZS,2026-07-13,https://api.worldbank.org/v2/country/SOM/indicator/EG.USE.COMM.FO.ZS?format=json&per_page=1000&date=1960:2025&source=2
EG.USE.COMM.FO.ZS,Fossil fuel energy consumption (% of total),energy_balance,SOM,2009,,% of total energy use,,missing,WDI_EG.USE.COMM.FO.ZS,2026-07-13,https://api.worldbank.org/v2/country/SOM/indicator/EG.USE.COMM.FO.ZS?format=json&per_page=1000&date=1960:2025&source=2
EG.USE.COMM.FO.ZS,Fossil fuel energy consumption (% of total),energy_balance,SOM,2010,,% of total energy use,,missing,WDI_EG.USE.COMM.FO.ZS,2026-07-13,https://api.worldbank.org/v2/country/SOM/indicator/EG.USE.COMM.FO.ZS?format=json&per_page=1000&date=1960:2025&source=2
EG.USE.COMM.FO.ZS,Fossil fuel energy consumption (% of total),energy_balance,SOM,2011,,% of total energy use,,missing,WDI_EG.USE.COMM.FO.ZS,2026-07-13,https://api.worldbank.org/v2/country/SOM/indicator/EG.USE.COMM.FO.ZS?format=json&per_page=1000&date=1960:2025&source=2
EG.USE.COMM.FO.ZS,Fossil fuel energy consumption (% of total),energy_balance,SOM,2012,,% of total energy use,,missing,WDI_EG.USE.COMM.FO.ZS,2026-07-13,https://api.worldbank.org/v2/country/SOM/indicator/EG.USE.COMM.FO.ZS?format=json&per_page=1000&date=1960:2025&source=2
EG.USE.COMM.FO.ZS,Fossil fuel energy consumption (% of total),energy_balance,SOM,2013,,% of total energy use,,missing,WDI_EG.USE.COMM.FO.ZS,2026-07-13,https://api.worldbank.org/v2/country/SOM/indicator/EG.USE.COMM.FO.ZS?format=json&per_page=1000&date=1960:2025&source=2
EG.USE.COMM.FO.ZS,Fossil fuel energy consumption (% of total),energy_balance,SOM,2014,,% of total energy use,,missing,WDI_EG.USE.COMM.FO.ZS,2026-07-13,https://api.worldbank.org/v2/country/SOM/indicator/EG.USE.COMM.FO.ZS?format=json&per_page=1000&date=1960:2025&source=2
EG.USE.COMM.FO.ZS,Fossil fuel energy consumption (% of total),energy_balance,SOM,2015,,% of total energy use,,missing,WDI_EG.USE.COMM.FO.ZS,2026-07-13,https://api.worldbank.org/v2/country/SOM/indicator/EG.USE.COMM.FO.ZS?format=json&per_page=1000&date=1960:2025&source=2
EG.USE.COMM.FO.ZS,Fossil fuel energy consumption (% of total),energy_balance,SOM,2016,,% of total energy use,,missing,WDI_EG.USE.COMM.FO.ZS,2026-07-13,https://api.worldbank.org/v2/country/SOM/indicator/EG.USE.COMM.FO.ZS?format=json&per_page=1000&date=1960:2025&source=2
EG.USE.COMM.FO.ZS,Fossil fuel energy consumption (% of total),energy_balance,SOM,2017,,% of total energy use,,missing,WDI_EG.USE.COMM.FO.ZS,2026-07-13,https://api.worldbank.org/v2/country/SOM/indicator/EG.USE.COMM.FO.ZS?format=json&per_page=1000&date=1960:2025&source=2
EG.USE.COMM.FO.ZS,Fossil fuel energy consumption (% of total),energy_balance,SOM,2018,,% of total energy use,,missing,WDI_EG.USE.COMM.FO.ZS,2026-07-13,https://api.worldbank.org/v2/country/SOM/indicator/EG.USE.COMM.FO.ZS?format=json&per_page=1000&date=1960:2025&source=2
EG.USE.COMM.FO.ZS,Fossil fuel energy consumption (% of total),energy_balance,SOM,2019,,% of total energy use,,missing,WDI_EG.USE.COMM.FO.ZS,2026-07-13,https://api.worldbank.org/v2/country/SOM/indicator/EG.USE.COMM.FO.ZS?format=json&per_page=1000&date=1960:2025&source=2
EG.USE.COMM.FO.ZS,Fossil fuel energy consumption (% of total),energy_balance,SOM,2020,,% of total energy use,,missing,WDI_EG.USE.COMM.FO.ZS,2026-07-13,https://api.worldbank.org/v2/country/SOM/indicator/EG.USE.COMM.FO.ZS?format=json&per_page=1000&date=1960:2025&source=2
EG.USE.COMM.FO.ZS,Fossil fuel energy consumption (% of total),energy_balance,SOM,2021,,% of total energy use,,missing,WDI_EG.USE.COMM.FO.ZS,2026-07-13,https://api.worldbank.org/v2/country/SOM/indicator/EG.USE.COMM.FO.ZS?format=json&per_page=1000&date=1960:2025&source=2
EG.USE.COMM.FO.ZS,Fossil fuel energy consumption (% of total),energy_balance,SOM,2022,,% of total energy use,,missing,WDI_EG.USE.COMM.FO.ZS,2026-07-13,https://api.worldbank.org/v2/country/SOM/indicator/EG.USE.COMM.FO.ZS?format=json&per_page=1000&date=1960:2025&source=2
EG.USE.COMM.FO.ZS,Fossil fuel energy consumption (% of total),energy_balance,SOM,2023,,% of total energy use,,missing,WDI_EG.USE.COMM.FO.ZS,2026-07-13,https://api.worldbank.org/v2/country/SOM/indicator/EG.USE.COMM.FO.ZS?format=json&per_page=1000&date=1960:2025&source=2
EG.USE.COMM.FO.ZS,Fossil fuel energy consumption (% of total),energy_balance,SOM,2024,,% of total energy use,,missing,WDI_EG.USE.COMM.FO.ZS,2026-07-13,https://api.worldbank.org/v2/country/SOM/indicator/EG.USE.COMM.FO.ZS?format=json&per_page=1000&date=1960:2025&source=2
EG.USE.COMM.FO.ZS,Fossil fuel energy consumption (% of total),energy_balance,SOM,2025,,% of total energy use,,missing,WDI_EG.USE.COMM.FO.ZS,2026-07-13,https://api.worldbank.org/v2/country/SOM/indicator/EG.USE.COMM.FO.ZS?format=json&per_page=1000&date=1960:2025&source=2
EG.USE.ELEC.KH.PC,Electric power consumption (kWh per capita),electricity_consumption,SOM,1960,,kWh/person,,missing,WDI_EG.USE.ELEC.KH.PC,2026-07-13,https://api.worldbank.org/v2/country/SOM/indicator/EG.USE.ELEC.KH.PC?format=json&per_page=1000&date=1960:2025&source=2
EG.USE.ELEC.KH.PC,Electric power consumption (kWh per capita),electricity_consumption,SOM,1961,,kWh/person,,missing,WDI_EG.USE.ELEC.KH.PC,2026-07-13,https://api.worldbank.org/v2/country/SOM/indicator/EG.USE.ELEC.KH.PC?format=json&per_page=1000&date=1960:2025&source=2
EG.USE.ELEC.KH.PC,Electric power consumption (kWh per capita),electricity_consumption,SOM,1962,,kWh/person,,missing,WDI_EG.USE.ELEC.KH.PC,2026-07-13,https://api.worldbank.org/v2/country/SOM/indicator/EG.USE.ELEC.KH.PC?format=json&per_page=1000&date=1960:2025&source=2
EG.USE.ELEC.KH.PC,Electric power consumption (kWh per capita),electricity_consumption,SOM,1963,,kWh/person,,missing,WDI_EG.USE.ELEC.KH.PC,2026-07-13,https://api.worldbank.org/v2/country/SOM/indicator/EG.USE.ELEC.KH.PC?format=json&per_page=1000&date=1960:2025&source=2
EG.USE.ELEC.KH.PC,Electric power consumption (kWh per capita),electricity_consumption,SOM,1964,,kWh/person,,missing,WDI_EG.USE.ELEC.KH.PC,2026-07-13,https://api.worldbank.org/v2/country/SOM/indicator/EG.USE.ELEC.KH.PC?format=json&per_page=1000&date=1960:2025&source=2
EG.USE.ELEC.KH.PC,Electric power consumption (kWh per capita),electricity_consumption,SOM,1965,,kWh/person,,missing,WDI_EG.USE.ELEC.KH.PC,2026-07-13,https://api.worldbank.org/v2/country/SOM/indicator/EG.USE.ELEC.KH.PC?format=json&per_page=1000&date=1960:2025&source=2
EG.USE.ELEC.KH.PC,Electric power consumption (kWh per capita),electricity_consumption,SOM,1966,,kWh/person,,missing,WDI_EG.USE.ELEC.KH.PC,2026-07-13,https://api.worldbank.org/v2/country/SOM/indicator/EG.USE.ELEC.KH.PC?format=json&per_page=1000&date=1960:2025&source=2
EG.USE.ELEC.KH.PC,Electric power consumption (kWh per capita),electricity_consumption,SOM,1967,,kWh/person,,missing,WDI_EG.USE.ELEC.KH.PC,2026-07-13,https://api.worldbank.org/v2/country/SOM/indicator/EG.USE.ELEC.KH.PC?format=json&per_page=1000&date=1960:2025&source=2
EG.USE.ELEC.KH.PC,Electric power consumption (kWh per capita),electricity_consumption,SOM,1968,,kWh/person,,missing,WDI_EG.USE.ELEC.KH.PC,2026-07-13,https://api.worldbank.org/v2/country/SOM/indicator/EG.USE.ELEC.KH.PC?format=json&per_page=1000&date=1960:2025&source=2
EG.USE.ELEC.KH.PC,Electric power consumption (kWh per capita),electricity_consumption,SOM,1969,,kWh/person,,missing,WDI_EG.USE.ELEC.KH.PC,2026-07-13,https://api.worldbank.org/v2/country/SOM/indicator/EG.USE.ELEC.KH.PC?format=json&per_page=1000&date=1960:2025&source=2
EG.USE.ELEC.KH.PC,Electric power consumption (kWh per capita),electricity_consumption,SOM,1970,,kWh/person,,missing,WDI_EG.USE.ELEC.KH.PC,2026-07-13,https://api.worldbank.org/v2/country/SOM/indicator/EG.USE.ELEC.KH.PC?format=json&per_page=1000&date=1960:2025&source=2
EG.USE.ELEC.KH.PC,Electric power consumption (kWh per capita),electricity_consumption,SOM,1971,,kWh/person,,missing,WDI_EG.USE.ELEC.KH.PC,2026-07-13,https://api.worldbank.org/v2/country/SOM/indicator/EG.USE.ELEC.KH.PC?format=json&per_page=1000&date=1960:2025&source=2
EG.USE.ELEC.KH.PC,Electric power consumption (kWh per capita),electricity_consumption,SOM,1972,,kWh/person,,missing,WDI_EG.USE.ELEC.KH.PC,2026-07-13,https://api.worldbank.org/v2/country/SOM/indicator/EG.USE.ELEC.KH.PC?format=json&per_page=1000&date=1960:2025&source=2
EG.USE.ELEC.KH.PC,Electric power consumption (kWh per capita),electricity_consumption,SOM,1973,,kWh/person,,missing,WDI_EG.USE.ELEC.KH.PC,2026-07-13,https://api.worldbank.org/v2/country/SOM/indicator/EG.USE.ELEC.KH.PC?format=json&per_page=1000&date=1960:2025&source=2
EG.USE.ELEC.KH.PC,Electric power consumption (kWh per capita),electricity_consumption,SOM,1974,,kWh/person,,missing,WDI_EG.USE.ELEC.KH.PC,2026-07-13,https://api.worldbank.org/v2/country/SOM/indicator/EG.USE.ELEC.KH.PC?format=json&per_page=1000&date=1960:2025&source=2
EG.USE.ELEC.KH.PC,Electric power consumption (kWh per capita),electricity_consumption,SOM,1975,,kWh/person,,missing,WDI_EG.USE.ELEC.KH.PC,2026-07-13,https://api.worldbank.org/v2/country/SOM/indicator/EG.USE.ELEC.KH.PC?format=json&per_page=1000&date=1960:2025&source=2
EG.USE.ELEC.KH.PC,Electric power consumption (kWh per capita),electricity_consumption,SOM,1976,,kWh/person,,missing,WDI_EG.USE.ELEC.KH.PC,2026-07-13,https://api.worldbank.org/v2/country/SOM/indicator/EG.USE.ELEC.KH.PC?format=json&per_page=1000&date=1960:2025&source=2
EG.USE.ELEC.KH.PC,Electric power consumption (kWh per capita),electricity_consumption,SOM,1977,,kWh/person,,missing,WDI_EG.USE.ELEC.KH.PC,2026-07-13,https://api.worldbank.org/v2/country/SOM/indicator/EG.USE.ELEC.KH.PC?format=json&per_page=1000&date=1960:2025&source=2
EG.USE.ELEC.KH.PC,Electric power consumption (kWh per capita),electricity_consumption,SOM,1978,,kWh/person,,missing,WDI_EG.USE.ELEC.KH.PC,2026-07-13,https://api.worldbank.org/v2/country/SOM/indicator/EG.USE.ELEC.KH.PC?format=json&per_page=1000&date=1960:2025&source=2
EG.USE.ELEC.KH.PC,Electric power consumption (kWh per capita),electricity_consumption,SOM,1979,,kWh/person,,missing,WDI_EG.USE.ELEC.KH.PC,2026-07-13,https://api.worldbank.org/v2/country/SOM/indicator/EG.USE.ELEC.KH.PC?format=json&per_page=1000&date=1960:2025&source=2
EG.USE.ELEC.KH.PC,Electric power consumption (kWh per capita),electricity_consumption,SOM,1980,,kWh/person,,missing,WDI_EG.USE.ELEC.KH.PC,2026-07-13,https://api.worldbank.org/v2/country/SOM/indicator/EG.USE.ELEC.KH.PC?format=json&per_page=1000&date=1960:2025&source=2
EG.USE.ELEC.KH.PC,Electric power consumption (kWh per capita),electricity_consumption,SOM,1981,,kWh/person,,missing,WDI_EG.USE.ELEC.KH.PC,2026-07-13,https://api.worldbank.org/v2/country/SOM/indicator/EG.USE.ELEC.KH.PC?format=json&per_page=1000&date=1960:2025&source=2
EG.USE.ELEC.KH.PC,Electric power consumption (kWh per capita),electricity_consumption,SOM,1982,,kWh/person,,missing,WDI_EG.USE.ELEC.KH.PC,2026-07-13,https://api.worldbank.org/v2/country/SOM/indicator/EG.USE.ELEC.KH.PC?format=json&per_page=1000&date=1960:2025&source=2
EG.USE.ELEC.KH.PC,Electric power consumption (kWh per capita),electricity_consumption,SOM,1983,,kWh/person,,missing,WDI_EG.USE.ELEC.KH.PC,2026-07-13,https://api.worldbank.org/v2/country/SOM/indicator/EG.USE.ELEC.KH.PC?format=json&per_page=1000&date=1960:2025&source=2
EG.USE.ELEC.KH.PC,Electric power consumption (kWh per capita),electricity_consumption,SOM,1984,,kWh/person,,missing,WDI_EG.USE.ELEC.KH.PC,2026-07-13,https://api.worldbank.org/v2/country/SOM/indicator/EG.USE.ELEC.KH.PC?format=json&per_page=1000&date=1960:2025&source=2
EG.USE.ELEC.KH.PC,Electric power consumption (kWh per capita),electricity_consumption,SOM,1985,,kWh/person,,missing,WDI_EG.USE.ELEC.KH.PC,2026-07-13,https://api.worldbank.org/v2/country/SOM/indicator/EG.USE.ELEC.KH.PC?format=json&per_page=1000&date=1960:2025&source=2
EG.USE.ELEC.KH.PC,Electric power consumption (kWh per capita),electricity_consumption,SOM,1986,,kWh/person,,missing,WDI_EG.USE.ELEC.KH.PC,2026-07-13,https://api.worldbank.org/v2/country/SOM/indicator/EG.USE.ELEC.KH.PC?format=json&per_page=1000&date=1960:2025&source=2
EG.USE.ELEC.KH.PC,Electric power consumption (kWh per capita),electricity_consumption,SOM,1987,,kWh/person,,missing,WDI_EG.USE.ELEC.KH.PC,2026-07-13,https://api.worldbank.org/v2/country/SOM/indicator/EG.USE.ELEC.KH.PC?format=json&per_page=1000&date=1960:2025&source=2
EG.USE.ELEC.KH.PC,Electric power consumption (kWh per capita),electricity_consumption,SOM,1988,,kWh/person,,missing,WDI_EG.USE.ELEC.KH.PC,2026-07-13,https://api.worldbank.org/v2/country/SOM/indicator/EG.USE.ELEC.KH.PC?format=json&per_page=1000&date=1960:2025&source=2
EG.USE.ELEC.KH.PC,Electric power consumption (kWh per capita),electricity_consumption,SOM,1989,,kWh/person,,missing,WDI_EG.USE.ELEC.KH.PC,2026-07-13,https://api.worldbank.org/v2/country/SOM/indicator/EG.USE.ELEC.KH.PC?format=json&per_page=1000&date=1960:2025&source=2
EG.USE.ELEC.KH.PC,Electric power consumption (kWh per capita),electricity_consumption,SOM,1990,,kWh/person,,missing,WDI_EG.USE.ELEC.KH.PC,2026-07-13,https://api.worldbank.org/v2/country/SOM/indicator/EG.USE.ELEC.KH.PC?format=json&per_page=1000&date=1960:2025&source=2
EG.USE.ELEC.KH.PC,Electric power consumption (kWh per capita),electricity_consumption,SOM,1991,,kWh/person,,missing,WDI_EG.USE.ELEC.KH.PC,2026-07-13,https://api.worldbank.org/v2/country/SOM/indicator/EG.USE.ELEC.KH.PC?format=json&per_page=1000&date=1960:2025&source=2
EG.USE.ELEC.KH.PC,Electric power consumption (kWh per capita),electricity_consumption,SOM,1992,,kWh/person,,missing,WDI_EG.USE.ELEC.KH.PC,2026-07-13,https://api.worldbank.org/v2/country/SOM/indicator/EG.USE.ELEC.KH.PC?format=json&per_page=1000&date=1960:2025&source=2
EG.USE.ELEC.KH.PC,Electric power consumption (kWh per capita),electricity_consumption,SOM,1993,,kWh/person,,missing,WDI_EG.USE.ELEC.KH.PC,2026-07-13,https://api.worldbank.org/v2/country/SOM/indicator/EG.USE.ELEC.KH.PC?format=json&per_page=1000&date=1960:2025&source=2
EG.USE.ELEC.KH.PC,Electric power consumption (kWh per capita),electricity_consumption,SOM,1994,,kWh/person,,missing,WDI_EG.USE.ELEC.KH.PC,2026-07-13,https://api.worldbank.org/v2/country/SOM/indicator/EG.USE.ELEC.KH.PC?format=json&per_page=1000&date=1960:2025&source=2
EG.USE.ELEC.KH.PC,Electric power consumption (kWh per capita),electricity_consumption,SOM,1995,,kWh/person,,missing,WDI_EG.USE.ELEC.KH.PC,2026-07-13,https://api.worldbank.org/v2/country/SOM/indicator/EG.USE.ELEC.KH.PC?format=json&per_page=1000&date=1960:2025&source=2
EG.USE.ELEC.KH.PC,Electric power consumption (kWh per capita),electricity_consumption,SOM,1996,,kWh/person,,missing,WDI_EG.USE.ELEC.KH.PC,2026-07-13,https://api.worldbank.org/v2/country/SOM/indicator/EG.USE.ELEC.KH.PC?format=json&per_page=1000&date=1960:2025&source=2
EG.USE.ELEC.KH.PC,Electric power consumption (kWh per capita),electricity_consumption,SOM,1997,,kWh/person,,missing,WDI_EG.USE.ELEC.KH.PC,2026-07-13,https://api.worldbank.org/v2/country/SOM/indicator/EG.USE.ELEC.KH.PC?format=json&per_page=1000&date=1960:2025&source=2
EG.USE.ELEC.KH.PC,Electric power consumption (kWh per capita),electricity_consumption,SOM,1998,,kWh/person,,missing,WDI_EG.USE.ELEC.KH.PC,2026-07-13,https://api.worldbank.org/v2/country/SOM/indicator/EG.USE.ELEC.KH.PC?format=json&per_page=1000&date=1960:2025&source=2
EG.USE.ELEC.KH.PC,Electric power consumption (kWh per capita),electricity_consumption,SOM,1999,,kWh/person,,missing,WDI_EG.USE.ELEC.KH.PC,2026-07-13,https://api.worldbank.org/v2/country/SOM/indicator/EG.USE.ELEC.KH.PC?format=json&per_page=1000&date=1960:2025&source=2
EG.USE.ELEC.KH.PC,Electric power consumption (kWh per capita),electricity_consumption,SOM,2000,,kWh/person,,missing,WDI_EG.USE.ELEC.KH.PC,2026-07-13,https://api.worldbank.org/v2/country/SOM/indicator/EG.USE.ELEC.KH.PC?format=json&per_page=1000&date=1960:2025&source=2
EG.USE.ELEC.KH.PC,Electric power consumption (kWh per capita),electricity_consumption,SOM,2001,,kWh/person,,missing,WDI_EG.USE.ELEC.KH.PC,2026-07-13,https://api.worldbank.org/v2/country/SOM/indicator/EG.USE.ELEC.KH.PC?format=json&per_page=1000&date=1960:2025&source=2
EG.USE.ELEC.KH.PC,Electric power consumption (kWh per capita),electricity_consumption,SOM,2002,,kWh/person,,missing,WDI_EG.USE.ELEC.KH.PC,2026-07-13,https://api.worldbank.org/v2/country/SOM/indicator/EG.USE.ELEC.KH.PC?format=json&per_page=1000&date=1960:2025&source=2
EG.USE.ELEC.KH.PC,Electric power consumption (kWh per capita),electricity_consumption,SOM,2003,,kWh/person,,missing,WDI_EG.USE.ELEC.KH.PC,2026-07-13,https://api.worldbank.org/v2/country/SOM/indicator/EG.USE.ELEC.KH.PC?format=json&per_page=1000&date=1960:2025&source=2
EG.USE.ELEC.KH.PC,Electric power consumption (kWh per capita),electricity_consumption,SOM,2004,,kWh/person,,missing,WDI_EG.USE.ELEC.KH.PC,2026-07-13,https://api.worldbank.org/v2/country/SOM/indicator/EG.USE.ELEC.KH.PC?format=json&per_page=1000&date=1960:2025&source=2
EG.USE.ELEC.KH.PC,Electric power consumption (kWh per capita),electricity_consumption,SOM,2005,,kWh/person,,missing,WDI_EG.USE.ELEC.KH.PC,2026-07-13,https://api.worldbank.org/v2/country/SOM/indicator/EG.USE.ELEC.KH.PC?format=json&per_page=1000&date=1960:2025&source=2
EG.USE.ELEC.KH.PC,Electric power consumption (kWh per capita),electricity_consumption,SOM,2006,,kWh/person,,missing,WDI_EG.USE.ELEC.KH.PC,2026-07-13,https://api.worldbank.org/v2/country/SOM/indicator/EG.USE.ELEC.KH.PC?format=json&per_page=1000&date=1960:2025&source=2
EG.USE.ELEC.KH.PC,Electric power consumption (kWh per capita),electricity_consumption,SOM,2007,,kWh/person,,missing,WDI_EG.USE.ELEC.KH.PC,2026-07-13,https://api.worldbank.org/v2/country/SOM/indicator/EG.USE.ELEC.KH.PC?format=json&per_page=1000&date=1960:2025&source=2
EG.USE.ELEC.KH.PC,Electric power consumption (kWh per capita),electricity_consumption,SOM,2008,,kWh/person,,missing,WDI_EG.USE.ELEC.KH.PC,2026-07-13,https://api.worldbank.org/v2/country/SOM/indicator/EG.USE.ELEC.KH.PC?format=json&per_page=1000&date=1960:2025&source=2
EG.USE.ELEC.KH.PC,Electric power consumption (kWh per capita),electricity_consumption,SOM,2009,,kWh/person,,missing,WDI_EG.USE.ELEC.KH.PC,2026-07-13,https://api.worldbank.org/v2/country/SOM/indicator/EG.USE.ELEC.KH.PC?format=json&per_page=1000&date=1960:2025&source=2
EG.USE.ELEC.KH.PC,Electric power consumption (kWh per capita),electricity_consumption,SOM,2010,,kWh/person,,missing,WDI_EG.USE.ELEC.KH.PC,2026-07-13,https://api.worldbank.org/v2/country/SOM/indicator/EG.USE.ELEC.KH.PC?format=json&per_page=1000&date=1960:2025&source=2
EG.USE.ELEC.KH.PC,Electric power consumption (kWh per capita),electricity_consumption,SOM,2011,,kWh/person,,missing,WDI_EG.USE.ELEC.KH.PC,2026-07-13,https://api.worldbank.org/v2/country/SOM/indicator/EG.USE.ELEC.KH.PC?format=json&per_page=1000&date=1960:2025&source=2
EG.USE.ELEC.KH.PC,Electric power consumption (kWh per capita),electricity_consumption,SOM,2012,,kWh/person,,missing,WDI_EG.USE.ELEC.KH.PC,2026-07-13,https://api.worldbank.org/v2/country/SOM/indicator/EG.USE.ELEC.KH.PC?format=json&per_page=1000&date=1960:2025&source=2
EG.USE.ELEC.KH.PC,Electric power consumption (kWh per capita),electricity_consumption,SOM,2013,,kWh/person,,missing,WDI_EG.USE.ELEC.KH.PC,2026-07-13,https://api.worldbank.org/v2/country/SOM/indicator/EG.USE.ELEC.KH.PC?format=json&per_page=1000&date=1960:2025&source=2
EG.USE.ELEC.KH.PC,Electric power consumption (kWh per capita),electricity_consumption,SOM,2014,,kWh/person,,missing,WDI_EG.USE.ELEC.KH.PC,2026-07-13,https://api.worldbank.org/v2/country/SOM/indicator/EG.USE.ELEC.KH.PC?format=json&per_page=1000&date=1960:2025&source=2
EG.USE.ELEC.KH.PC,Electric power consumption (kWh per capita),electricity_consumption,SOM,2015,,kWh/person,,missing,WDI_EG.USE.ELEC.KH.PC,2026-07-13,https://api.worldbank.org/v2/country/SOM/indicator/EG.USE.ELEC.KH.PC?format=json&per_page=1000&date=1960:2025&source=2
EG.USE.ELEC.KH.PC,Electric power consumption (kWh per capita),electricity_consumption,SOM,2016,,kWh/person,,missing,WDI_EG.USE.ELEC.KH.PC,2026-07-13,https://api.worldbank.org/v2/country/SOM/indicator/EG.USE.ELEC.KH.PC?format=json&per_page=1000&date=1960:2025&source=2
EG.USE.ELEC.KH.PC,Electric power consumption (kWh per capita),electricity_consumption,SOM,2017,,kWh/person,,missing,WDI_EG.USE.ELEC.KH.PC,2026-07-13,https://api.worldbank.org/v2/country/SOM/indicator/EG.USE.ELEC.KH.PC?format=json&per_page=1000&date=1960:2025&source=2
EG.USE.ELEC.KH.PC,Electric power consumption (kWh per capita),electricity_consumption,SOM,2018,,kWh/person,,missing,WDI_EG.USE.ELEC.KH.PC,2026-07-13,https://api.worldbank.org/v2/country/SOM/indicator/EG.USE.ELEC.KH.PC?format=json&per_page=1000&date=1960:2025&source=2
EG.USE.ELEC.KH.PC,Electric power consumption (kWh per capita),electricity_consumption,SOM,2019,,kWh/person,,missing,WDI_EG.USE.ELEC.KH.PC,2026-07-13,https://api.worldbank.org/v2/country/SOM/indicator/EG.USE.ELEC.KH.PC?format=json&per_page=1000&date=1960:2025&source=2
EG.USE.ELEC.KH.PC,Electric power consumption (kWh per capita),electricity_consumption,SOM,2020,,kWh/person,,missing,WDI_EG.USE.ELEC.KH.PC,2026-07-13,https://api.worldbank.org/v2/country/SOM/indicator/EG.USE.ELEC.KH.PC?format=json&per_page=1000&date=1960:2025&source=2
EG.USE.ELEC.KH.PC,Electric power consumption (kWh per capita),electricity_consumption,SOM,2021,,kWh/person,,missing,WDI_EG.USE.ELEC.KH.PC,2026-07-13,https://api.worldbank.org/v2/country/SOM/indicator/EG.USE.ELEC.KH.PC?format=json&per_page=1000&date=1960:2025&source=2
EG.USE.ELEC.KH.PC,Electric power consumption (kWh per capita),electricity_consumption,SOM,2022,,kWh/person,,missing,WDI_EG.USE.ELEC.KH.PC,2026-07-13,https://api.worldbank.org/v2/country/SOM/indicator/EG.USE.ELEC.KH.PC?format=json&per_page=1000&date=1960:2025&source=2
EG.USE.ELEC.KH.PC,Electric power consumption (kWh per capita),electricity_consumption,SOM,2023,,kWh/person,,missing,WDI_EG.USE.ELEC.KH.PC,2026-07-13,https://api.worldbank.org/v2/country/SOM/indicator/EG.USE.ELEC.KH.PC?format=json&per_page=1000&date=1960:2025&source=2
EG.USE.ELEC.KH.PC,Electric power consumption (kWh per capita),electricity_consumption,SOM,2024,,kWh/person,,missing,WDI_EG.USE.ELEC.KH.PC,2026-07-13,https://api.worldbank.org/v2/country/SOM/indicator/EG.USE.ELEC.KH.PC?format=json&per_page=1000&date=1960:2025&source=2
EG.USE.ELEC.KH.PC,Electric power consumption (kWh per capita),electricity_consumption,SOM,2025,,kWh/person,,missing,WDI_EG.USE.ELEC.KH.PC,2026-07-13,https://api.worldbank.org/v2/country/SOM/indicator/EG.USE.ELEC.KH.PC?format=json&per_page=1000&date=1960:2025&source=2
EG.USE.PCAP.KG.OE,Energy use (kg of oil equivalent per capita),energy_balance,SOM,1960,,kg oil equivalent/person,,missing,WDI_EG.USE.PCAP.KG.OE,2026-07-13,https://api.worldbank.org/v2/country/SOM/indicator/EG.USE.PCAP.KG.OE?format=json&per_page=1000&date=1960:2025&source=2
EG.USE.PCAP.KG.OE,Energy use (kg of oil equivalent per capita),energy_balance,SOM,1961,,kg oil equivalent/person,,missing,WDI_EG.USE.PCAP.KG.OE,2026-07-13,https://api.worldbank.org/v2/country/SOM/indicator/EG.USE.PCAP.KG.OE?format=json&per_page=1000&date=1960:2025&source=2
EG.USE.PCAP.KG.OE,Energy use (kg of oil equivalent per capita),energy_balance,SOM,1962,,kg oil equivalent/person,,missing,WDI_EG.USE.PCAP.KG.OE,2026-07-13,https://api.worldbank.org/v2/country/SOM/indicator/EG.USE.PCAP.KG.OE?format=json&per_page=1000&date=1960:2025&source=2
EG.USE.PCAP.KG.OE,Energy use (kg of oil equivalent per capita),energy_balance,SOM,1963,,kg oil equivalent/person,,missing,WDI_EG.USE.PCAP.KG.OE,2026-07-13,https://api.worldbank.org/v2/country/SOM/indicator/EG.USE.PCAP.KG.OE?format=json&per_page=1000&date=1960:2025&source=2
EG.USE.PCAP.KG.OE,Energy use (kg of oil equivalent per capita),energy_balance,SOM,1964,,kg oil equivalent/person,,missing,WDI_EG.USE.PCAP.KG.OE,2026-07-13,https://api.worldbank.org/v2/country/SOM/indicator/EG.USE.PCAP.KG.OE?format=json&per_page=1000&date=1960:2025&source=2
EG.USE.PCAP.KG.OE,Energy use (kg of oil equivalent per capita),energy_balance,SOM,1965,,kg oil equivalent/person,,missing,WDI_EG.USE.PCAP.KG.OE,2026-07-13,https://api.worldbank.org/v2/country/SOM/indicator/EG.USE.PCAP.KG.OE?format=json&per_page=1000&date=1960:2025&source=2
EG.USE.PCAP.KG.OE,Energy use (kg of oil equivalent per capita),energy_balance,SOM,1966,,kg oil equivalent/person,,missing,WDI_EG.USE.PCAP.KG.OE,2026-07-13,https://api.worldbank.org/v2/country/SOM/indicator/EG.USE.PCAP.KG.OE?format=json&per_page=1000&date=1960:2025&source=2
EG.USE.PCAP.KG.OE,Energy use (kg of oil equivalent per capita),energy_balance,SOM,1967,,kg oil equivalent/person,,missing,WDI_EG.USE.PCAP.KG.OE,2026-07-13,https://api.worldbank.org/v2/country/SOM/indicator/EG.USE.PCAP.KG.OE?format=json&per_page=1000&date=1960:2025&source=2
EG.USE.PCAP.KG.OE,Energy use (kg of oil equivalent per capita),energy_balance,SOM,1968,,kg oil equivalent/person,,missing,WDI_EG.USE.PCAP.KG.OE,2026-07-13,https://api.worldbank.org/v2/country/SOM/indicator/EG.USE.PCAP.KG.OE?format=json&per_page=1000&date=1960:2025&source=2
EG.USE.PCAP.KG.OE,Energy use (kg of oil equivalent per capita),energy_balance,SOM,1969,,kg oil equivalent/person,,missing,WDI_EG.USE.PCAP.KG.OE,2026-07-13,https://api.worldbank.org/v2/country/SOM/indicator/EG.USE.PCAP.KG.OE?format=json&per_page=1000&date=1960:2025&source=2
EG.USE.PCAP.KG.OE,Energy use (kg of oil equivalent per capita),energy_balance,SOM,1970,,kg oil equivalent/person,,missing,WDI_EG.USE.PCAP.KG.OE,2026-07-13,https://api.worldbank.org/v2/country/SOM/indicator/EG.USE.PCAP.KG.OE?format=json&per_page=1000&date=1960:2025&source=2
EG.USE.PCAP.KG.OE,Energy use (kg of oil equivalent per capita),energy_balance,SOM,1971,,kg oil equivalent/person,,missing,WDI_EG.USE.PCAP.KG.OE,2026-07-13,https://api.worldbank.org/v2/country/SOM/indicator/EG.USE.PCAP.KG.OE?format=json&per_page=1000&date=1960:2025&source=2
EG.USE.PCAP.KG.OE,Energy use (kg of oil equivalent per capita),energy_balance,SOM,1972,,kg oil equivalent/person,,missing,WDI_EG.USE.PCAP.KG.OE,2026-07-13,https://api.worldbank.org/v2/country/SOM/indicator/EG.USE.PCAP.KG.OE?format=json&per_page=1000&date=1960:2025&source=2
EG.USE.PCAP.KG.OE,Energy use (kg of oil equivalent per capita),energy_balance,SOM,1973,,kg oil equivalent/person,,missing,WDI_EG.USE.PCAP.KG.OE,2026-07-13,https://api.worldbank.org/v2/country/SOM/indicator/EG.USE.PCAP.KG.OE?format=json&per_page=1000&date=1960:2025&source=2
EG.USE.PCAP.KG.OE,Energy use (kg of oil equivalent per capita),energy_balance,SOM,1974,,kg oil equivalent/person,,missing,WDI_EG.USE.PCAP.KG.OE,2026-07-13,https://api.worldbank.org/v2/country/SOM/indicator/EG.USE.PCAP.KG.OE?format=json&per_page=1000&date=1960:2025&source=2
EG.USE.PCAP.KG.OE,Energy use (kg of oil equivalent per capita),energy_balance,SOM,1975,,kg oil equivalent/person,,missing,WDI_EG.USE.PCAP.KG.OE,2026-07-13,https://api.worldbank.org/v2/country/SOM/indicator/EG.USE.PCAP.KG.OE?format=json&per_page=1000&date=1960:2025&source=2
EG.USE.PCAP.KG.OE,Energy use (kg of oil equivalent per capita),energy_balance,SOM,1976,,kg oil equivalent/person,,missing,WDI_EG.USE.PCAP.KG.OE,2026-07-13,https://api.worldbank.org/v2/country/SOM/indicator/EG.USE.PCAP.KG.OE?format=json&per_page=1000&date=1960:2025&source=2
EG.USE.PCAP.KG.OE,Energy use (kg of oil equivalent per capita),energy_balance,SOM,1977,,kg oil equivalent/person,,missing,WDI_EG.USE.PCAP.KG.OE,2026-07-13,https://api.worldbank.org/v2/country/SOM/indicator/EG.USE.PCAP.KG.OE?format=json&per_page=1000&date=1960:2025&source=2
EG.USE.PCAP.KG.OE,Energy use (kg of oil equivalent per capita),energy_balance,SOM,1978,,kg oil equivalent/person,,missing,WDI_EG.USE.PCAP.KG.OE,2026-07-13,https://api.worldbank.org/v2/country/SOM/indicator/EG.USE.PCAP.KG.OE?format=json&per_page=1000&date=1960:2025&source=2
EG.USE.PCAP.KG.OE,Energy use (kg of oil equivalent per capita),energy_balance,SOM,1979,,kg oil equivalent/person,,missing,WDI_EG.USE.PCAP.KG.OE,2026-07-13,https://api.worldbank.org/v2/country/SOM/indicator/EG.USE.PCAP.KG.OE?format=json&per_page=1000&date=1960:2025&source=2
EG.USE.PCAP.KG.OE,Energy use (kg of oil equivalent per capita),energy_balance,SOM,1980,,kg oil equivalent/person,,missing,WDI_EG.USE.PCAP.KG.OE,2026-07-13,https://api.worldbank.org/v2/country/SOM/indicator/EG.USE.PCAP.KG.OE?format=json&per_page=1000&date=1960:2025&source=2
EG.USE.PCAP.KG.OE,Energy use (kg of oil equivalent per capita),energy_balance,SOM,1981,,kg oil equivalent/person,,missing,WDI_EG.USE.PCAP.KG.OE,2026-07-13,https://api.worldbank.org/v2/country/SOM/indicator/EG.USE.PCAP.KG.OE?format=json&per_page=1000&date=1960:2025&source=2
EG.USE.PCAP.KG.OE,Energy use (kg of oil equivalent per capita),energy_balance,SOM,1982,,kg oil equivalent/person,,missing,WDI_EG.USE.PCAP.KG.OE,2026-07-13,https://api.worldbank.org/v2/country/SOM/indicator/EG.USE.PCAP.KG.OE?format=json&per_page=1000&date=1960:2025&source=2
EG.USE.PCAP.KG.OE,Energy use (kg of oil equivalent per capita),energy_balance,SOM,1983,,kg oil equivalent/person,,missing,WDI_EG.USE.PCAP.KG.OE,2026-07-13,https://api.worldbank.org/v2/country/SOM/indicator/EG.USE.PCAP.KG.OE?format=json&per_page=1000&date=1960:2025&source=2
EG.USE.PCAP.KG.OE,Energy use (kg of oil equivalent per capita),energy_balance,SOM,1984,,kg oil equivalent/person,,missing,WDI_EG.USE.PCAP.KG.OE,2026-07-13,https://api.worldbank.org/v2/country/SOM/indicator/EG.USE.PCAP.KG.OE?format=json&per_page=1000&date=1960:2025&source=2
EG.USE.PCAP.KG.OE,Energy use (kg of oil equivalent per capita),energy_balance,SOM,1985,,kg oil equivalent/person,,missing,WDI_EG.USE.PCAP.KG.OE,2026-07-13,https://api.worldbank.org/v2/country/SOM/indicator/EG.USE.PCAP.KG.OE?format=json&per_page=1000&date=1960:2025&source=2
EG.USE.PCAP.KG.OE,Energy use (kg of oil equivalent per capita),energy_balance,SOM,1986,,kg oil equivalent/person,,missing,WDI_EG.USE.PCAP.KG.OE,2026-07-13,https://api.worldbank.org/v2/country/SOM/indicator/EG.USE.PCAP.KG.OE?format=json&per_page=1000&date=1960:2025&source=2
EG.USE.PCAP.KG.OE,Energy use (kg of oil equivalent per capita),energy_balance,SOM,1987,,kg oil equivalent/person,,missing,WDI_EG.USE.PCAP.KG.OE,2026-07-13,https://api.worldbank.org/v2/country/SOM/indicator/EG.USE.PCAP.KG.OE?format=json&per_page=1000&date=1960:2025&source=2
EG.USE.PCAP.KG.OE,Energy use (kg of oil equivalent per capita),energy_balance,SOM,1988,,kg oil equivalent/person,,missing,WDI_EG.USE.PCAP.KG.OE,2026-07-13,https://api.worldbank.org/v2/country/SOM/indicator/EG.USE.PCAP.KG.OE?format=json&per_page=1000&date=1960:2025&source=2
EG.USE.PCAP.KG.OE,Energy use (kg of oil equivalent per capita),energy_balance,SOM,1989,,kg oil equivalent/person,,missing,WDI_EG.USE.PCAP.KG.OE,2026-07-13,https://api.worldbank.org/v2/country/SOM/indicator/EG.USE.PCAP.KG.OE?format=json&per_page=1000&date=1960:2025&source=2
EG.USE.PCAP.KG.OE,Energy use (kg of oil equivalent per capita),energy_balance,SOM,1990,,kg oil equivalent/person,,missing,WDI_EG.USE.PCAP.KG.OE,2026-07-13,https://api.worldbank.org/v2/country/SOM/indicator/EG.USE.PCAP.KG.OE?format=json&per_page=1000&date=1960:2025&source=2
EG.USE.PCAP.KG.OE,Energy use (kg of oil equivalent per capita),energy_balance,SOM,1991,,kg oil equivalent/person,,missing,WDI_EG.USE.PCAP.KG.OE,2026-07-13,https://api.worldbank.org/v2/country/SOM/indicator/EG.USE.PCAP.KG.OE?format=json&per_page=1000&date=1960:2025&source=2
EG.USE.PCAP.KG.OE,Energy use (kg of oil equivalent per capita),energy_balance,SOM,1992,,kg oil equivalent/person,,missing,WDI_EG.USE.PCAP.KG.OE,2026-07-13,https://api.worldbank.org/v2/country/SOM/indicator/EG.USE.PCAP.KG.OE?format=json&per_page=1000&date=1960:2025&source=2
EG.USE.PCAP.KG.OE,Energy use (kg of oil equivalent per capita),energy_balance,SOM,1993,,kg oil equivalent/person,,missing,WDI_EG.USE.PCAP.KG.OE,2026-07-13,https://api.worldbank.org/v2/country/SOM/indicator/EG.USE.PCAP.KG.OE?format=json&per_page=1000&date=1960:2025&source=2
EG.USE.PCAP.KG.OE,Energy use (kg of oil equivalent per capita),energy_balance,SOM,1994,,kg oil equivalent/person,,missing,WDI_EG.USE.PCAP.KG.OE,2026-07-13,https://api.worldbank.org/v2/country/SOM/indicator/EG.USE.PCAP.KG.OE?format=json&per_page=1000&date=1960:2025&source=2
EG.USE.PCAP.KG.OE,Energy use (kg of oil equivalent per capita),energy_balance,SOM,1995,,kg oil equivalent/person,,missing,WDI_EG.USE.PCAP.KG.OE,2026-07-13,https://api.worldbank.org/v2/country/SOM/indicator/EG.USE.PCAP.KG.OE?format=json&per_page=1000&date=1960:2025&source=2
EG.USE.PCAP.KG.OE,Energy use (kg of oil equivalent per capita),energy_balance,SOM,1996,,kg oil equivalent/person,,missing,WDI_EG.USE.PCAP.KG.OE,2026-07-13,https://api.worldbank.org/v2/country/SOM/indicator/EG.USE.PCAP.KG.OE?format=json&per_page=1000&date=1960:2025&source=2
EG.USE.PCAP.KG.OE,Energy use (kg of oil equivalent per capita),energy_balance,SOM,1997,,kg oil equivalent/person,,missing,WDI_EG.USE.PCAP.KG.OE,2026-07-13,https://api.worldbank.org/v2/country/SOM/indicator/EG.USE.PCAP.KG.OE?format=json&per_page=1000&date=1960:2025&source=2
EG.USE.PCAP.KG.OE,Energy use (kg of oil equivalent per capita),energy_balance,SOM,1998,,kg oil equivalent/person,,missing,WDI_EG.USE.PCAP.KG.OE,2026-07-13,https://api.worldbank.org/v2/country/SOM/indicator/EG.USE.PCAP.KG.OE?format=json&per_page=1000&date=1960:2025&source=2
EG.USE.PCAP.KG.OE,Energy use (kg of oil equivalent per capita),energy_balance,SOM,1999,,kg oil equivalent/person,,missing,WDI_EG.USE.PCAP.KG.OE,2026-07-13,https://api.worldbank.org/v2/country/SOM/indicator/EG.USE.PCAP.KG.OE?format=json&per_page=1000&date=1960:2025&source=2
EG.USE.PCAP.KG.OE,Energy use (kg of oil equivalent per capita),energy_balance,SOM,2000,,kg oil equivalent/person,,missing,WDI_EG.USE.PCAP.KG.OE,2026-07-13,https://api.worldbank.org/v2/country/SOM/indicator/EG.USE.PCAP.KG.OE?format=json&per_page=1000&date=1960:2025&source=2
EG.USE.PCAP.KG.OE,Energy use (kg of oil equivalent per capita),energy_balance,SOM,2001,,kg oil equivalent/person,,missing,WDI_EG.USE.PCAP.KG.OE,2026-07-13,https://api.worldbank.org/v2/country/SOM/indicator/EG.USE.PCAP.KG.OE?format=json&per_page=1000&date=1960:2025&source=2
EG.USE.PCAP.KG.OE,Energy use (kg of oil equivalent per capita),energy_balance,SOM,2002,,kg oil equivalent/person,,missing,WDI_EG.USE.PCAP.KG.OE,2026-07-13,https://api.worldbank.org/v2/country/SOM/indicator/EG.USE.PCAP.KG.OE?format=json&per_page=1000&date=1960:2025&source=2
EG.USE.PCAP.KG.OE,Energy use (kg of oil equivalent per capita),energy_balance,SOM,2003,,kg oil equivalent/person,,missing,WDI_EG.USE.PCAP.KG.OE,2026-07-13,https://api.worldbank.org/v2/country/SOM/indicator/EG.USE.PCAP.KG.OE?format=json&per_page=1000&date=1960:2025&source=2
EG.USE.PCAP.KG.OE,Energy use (kg of oil equivalent per capita),energy_balance,SOM,2004,,kg oil equivalent/person,,missing,WDI_EG.USE.PCAP.KG.OE,2026-07-13,https://api.worldbank.org/v2/country/SOM/indicator/EG.USE.PCAP.KG.OE?format=json&per_page=1000&date=1960:2025&source=2
EG.USE.PCAP.KG.OE,Energy use (kg of oil equivalent per capita),energy_balance,SOM,2005,,kg oil equivalent/person,,missing,WDI_EG.USE.PCAP.KG.OE,2026-07-13,https://api.worldbank.org/v2/country/SOM/indicator/EG.USE.PCAP.KG.OE?format=json&per_page=1000&date=1960:2025&source=2
EG.USE.PCAP.KG.OE,Energy use (kg of oil equivalent per capita),energy_balance,SOM,2006,,kg oil equivalent/person,,missing,WDI_EG.USE.PCAP.KG.OE,2026-07-13,https://api.worldbank.org/v2/country/SOM/indicator/EG.USE.PCAP.KG.OE?format=json&per_page=1000&date=1960:2025&source=2
EG.USE.PCAP.KG.OE,Energy use (kg of oil equivalent per capita),energy_balance,SOM,2007,,kg oil equivalent/person,,missing,WDI_EG.USE.PCAP.KG.OE,2026-07-13,https://api.worldbank.org/v2/country/SOM/indicator/EG.USE.PCAP.KG.OE?format=json&per_page=1000&date=1960:2025&source=2
EG.USE.PCAP.KG.OE,Energy use (kg of oil equivalent per capita),energy_balance,SOM,2008,,kg oil equivalent/person,,missing,WDI_EG.USE.PCAP.KG.OE,2026-07-13,https://api.worldbank.org/v2/country/SOM/indicator/EG.USE.PCAP.KG.OE?format=json&per_page=1000&date=1960:2025&source=2
EG.USE.PCAP.KG.OE,Energy use (kg of oil equivalent per capita),energy_balance,SOM,2009,,kg oil equivalent/person,,missing,WDI_EG.USE.PCAP.KG.OE,2026-07-13,https://api.worldbank.org/v2/country/SOM/indicator/EG.USE.PCAP.KG.OE?format=json&per_page=1000&date=1960:2025&source=2
EG.USE.PCAP.KG.OE,Energy use (kg of oil equivalent per capita),energy_balance,SOM,2010,,kg oil equivalent/person,,missing,WDI_EG.USE.PCAP.KG.OE,2026-07-13,https://api.worldbank.org/v2/country/SOM/indicator/EG.USE.PCAP.KG.OE?format=json&per_page=1000&date=1960:2025&source=2
EG.USE.PCAP.KG.OE,Energy use (kg of oil equivalent per capita),energy_balance,SOM,2011,,kg oil equivalent/person,,missing,WDI_EG.USE.PCAP.KG.OE,2026-07-13,https://api.worldbank.org/v2/country/SOM/indicator/EG.USE.PCAP.KG.OE?format=json&per_page=1000&date=1960:2025&source=2
EG.USE.PCAP.KG.OE,Energy use (kg of oil equivalent per capita),energy_balance,SOM,2012,,kg oil equivalent/person,,missing,WDI_EG.USE.PCAP.KG.OE,2026-07-13,https://api.worldbank.org/v2/country/SOM/indicator/EG.USE.PCAP.KG.OE?format=json&per_page=1000&date=1960:2025&source=2
EG.USE.PCAP.KG.OE,Energy use (kg of oil equivalent per capita),energy_balance,SOM,2013,,kg oil equivalent/person,,missing,WDI_EG.USE.PCAP.KG.OE,2026-07-13,https://api.worldbank.org/v2/country/SOM/indicator/EG.USE.PCAP.KG.OE?format=json&per_page=1000&date=1960:2025&source=2
EG.USE.PCAP.KG.OE,Energy use (kg of oil equivalent per capita),energy_balance,SOM,2014,,kg oil equivalent/person,,missing,WDI_EG.USE.PCAP.KG.OE,2026-07-13,https://api.worldbank.org/v2/country/SOM/indicator/EG.USE.PCAP.KG.OE?format=json&per_page=1000&date=1960:2025&source=2
EG.USE.PCAP.KG.OE,Energy use (kg of oil equivalent per capita),energy_balance,SOM,2015,,kg oil equivalent/person,,missing,WDI_EG.USE.PCAP.KG.OE,2026-07-13,https://api.worldbank.org/v2/country/SOM/indicator/EG.USE.PCAP.KG.OE?format=json&per_page=1000&date=1960:2025&source=2
EG.USE.PCAP.KG.OE,Energy use (kg of oil equivalent per capita),energy_balance,SOM,2016,,kg oil equivalent/person,,missing,WDI_EG.USE.PCAP.KG.OE,2026-07-13,https://api.worldbank.org/v2/country/SOM/indicator/EG.USE.PCAP.KG.OE?format=json&per_page=1000&date=1960:2025&source=2
EG.USE.PCAP.KG.OE,Energy use (kg of oil equivalent per capita),energy_balance,SOM,2017,,kg oil equivalent/person,,missing,WDI_EG.USE.PCAP.KG.OE,2026-07-13,https://api.worldbank.org/v2/country/SOM/indicator/EG.USE.PCAP.KG.OE?format=json&per_page=1000&date=1960:2025&source=2
EG.USE.PCAP.KG.OE,Energy use (kg of oil equivalent per capita),energy_balance,SOM,2018,,kg oil equivalent/person,,missing,WDI_EG.USE.PCAP.KG.OE,2026-07-13,https://api.worldbank.org/v2/country/SOM/indicator/EG.USE.PCAP.KG.OE?format=json&per_page=1000&date=1960:2025&source=2
EG.USE.PCAP.KG.OE,Energy use (kg of oil equivalent per capita),energy_balance,SOM,2019,,kg oil equivalent/person,,missing,WDI_EG.USE.PCAP.KG.OE,2026-07-13,https://api.worldbank.org/v2/country/SOM/indicator/EG.USE.PCAP.KG.OE?format=json&per_page=1000&date=1960:2025&source=2
EG.USE.PCAP.KG.OE,Energy use (kg of oil equivalent per capita),energy_balance,SOM,2020,,kg oil equivalent/person,,missing,WDI_EG.USE.PCAP.KG.OE,2026-07-13,https://api.worldbank.org/v2/country/SOM/indicator/EG.USE.PCAP.KG.OE?format=json&per_page=1000&date=1960:2025&source=2
EG.USE.PCAP.KG.OE,Energy use (kg of oil equivalent per capita),energy_balance,SOM,2021,,kg oil equivalent/person,,missing,WDI_EG.USE.PCAP.KG.OE,2026-07-13,https://api.worldbank.org/v2/country/SOM/indicator/EG.USE.PCAP.KG.OE?format=json&per_page=1000&date=1960:2025&source=2
EG.USE.PCAP.KG.OE,Energy use (kg of oil equivalent per capita),energy_balance,SOM,2022,,kg oil equivalent/person,,missing,WDI_EG.USE.PCAP.KG.OE,2026-07-13,https://api.worldbank.org/v2/country/SOM/indicator/EG.USE.PCAP.KG.OE?format=json&per_page=1000&date=1960:2025&source=2
EG.USE.PCAP.KG.OE,Energy use (kg of oil equivalent per capita),energy_balance,SOM,2023,,kg oil equivalent/person,,missing,WDI_EG.USE.PCAP.KG.OE,2026-07-13,https://api.worldbank.org/v2/country/SOM/indicator/EG.USE.PCAP.KG.OE?format=json&per_page=1000&date=1960:2025&source=2
EG.USE.PCAP.KG.OE,Energy use (kg of oil equivalent per capita),energy_balance,SOM,2024,,kg oil equivalent/person,,missing,WDI_EG.USE.PCAP.KG.OE,2026-07-13,https://api.worldbank.org/v2/country/SOM/indicator/EG.USE.PCAP.KG.OE?format=json&per_page=1000&date=1960:2025&source=2
EG.USE.PCAP.KG.OE,Energy use (kg of oil equivalent per capita),energy_balance,SOM,2025,,kg oil equivalent/person,,missing,WDI_EG.USE.PCAP.KG.OE,2026-07-13,https://api.worldbank.org/v2/country/SOM/indicator/EG.USE.PCAP.KG.OE?format=json&per_page=1000&date=1960:2025&source=2
EN.POP.DNST,Population density (people per sq. km of land area),demography,SOM,1960,,people/km2 land area,,missing,WDI_EN.POP.DNST,2026-07-13,https://api.worldbank.org/v2/country/SOM/indicator/EN.POP.DNST?format=json&per_page=1000&date=1960:2025&source=2
EN.POP.DNST,Population density (people per sq. km of land area),demography,SOM,1961,4.70566837759429,people/km2 land area,,source_reported,WDI_EN.POP.DNST,2026-07-13,https://api.worldbank.org/v2/country/SOM/indicator/EN.POP.DNST?format=json&per_page=1000&date=1960:2025&source=2
EN.POP.DNST,Population density (people per sq. km of land area),demography,SOM,1962,4.83006184843944,people/km2 land area,,source_reported,WDI_EN.POP.DNST,2026-07-13,https://api.worldbank.org/v2/country/SOM/indicator/EN.POP.DNST?format=json&per_page=1000&date=1960:2025&source=2
EN.POP.DNST,Population density (people per sq. km of land area),demography,SOM,1963,4.95801479261644,people/km2 land area,,source_reported,WDI_EN.POP.DNST,2026-07-13,https://api.worldbank.org/v2/country/SOM/indicator/EN.POP.DNST?format=json&per_page=1000&date=1960:2025&source=2
EN.POP.DNST,Population density (people per sq. km of land area),demography,SOM,1964,5.08941881595307,people/km2 land area,,source_reported,WDI_EN.POP.DNST,2026-07-13,https://api.worldbank.org/v2/country/SOM/indicator/EN.POP.DNST?format=json&per_page=1000&date=1960:2025&source=2
EN.POP.DNST,Population density (people per sq. km of land area),demography,SOM,1965,5.22503586571875,people/km2 land area,,source_reported,WDI_EN.POP.DNST,2026-07-13,https://api.worldbank.org/v2/country/SOM/indicator/EN.POP.DNST?format=json&per_page=1000&date=1960:2025&source=2
EN.POP.DNST,Population density (people per sq. km of land area),demography,SOM,1966,5.36408646029266,people/km2 land area,,source_reported,WDI_EN.POP.DNST,2026-07-13,https://api.worldbank.org/v2/country/SOM/indicator/EN.POP.DNST?format=json&per_page=1000&date=1960:2025&source=2
EN.POP.DNST,Population density (people per sq. km of land area),demography,SOM,1967,5.50664233111232,people/km2 land area,,source_reported,WDI_EN.POP.DNST,2026-07-13,https://api.worldbank.org/v2/country/SOM/indicator/EN.POP.DNST?format=json&per_page=1000&date=1960:2025&source=2
EN.POP.DNST,Population density (people per sq. km of land area),demography,SOM,1968,5.65337775369018,people/km2 land area,,source_reported,WDI_EN.POP.DNST,2026-07-13,https://api.worldbank.org/v2/country/SOM/indicator/EN.POP.DNST?format=json&per_page=1000&date=1960:2025&source=2
EN.POP.DNST,Population density (people per sq. km of land area),demography,SOM,1969,5.80389422004017,people/km2 land area,,source_reported,WDI_EN.POP.DNST,2026-07-13,https://api.worldbank.org/v2/country/SOM/indicator/EN.POP.DNST?format=json&per_page=1000&date=1960:2025&source=2
EN.POP.DNST,Population density (people per sq. km of land area),demography,SOM,1970,5.95920553447891,people/km2 land area,,source_reported,WDI_EN.POP.DNST,2026-07-13,https://api.worldbank.org/v2/country/SOM/indicator/EN.POP.DNST?format=json&per_page=1000&date=1960:2025&source=2
EN.POP.DNST,Population density (people per sq. km of land area),demography,SOM,1971,6.11740204673702,people/km2 land area,,source_reported,WDI_EN.POP.DNST,2026-07-13,https://api.worldbank.org/v2/country/SOM/indicator/EN.POP.DNST?format=json&per_page=1000&date=1960:2025&source=2
EN.POP.DNST,Population density (people per sq. km of land area),demography,SOM,1972,6.27958682692001,people/km2 land area,,source_reported,WDI_EN.POP.DNST,2026-07-13,https://api.worldbank.org/v2/country/SOM/indicator/EN.POP.DNST?format=json&per_page=1000&date=1960:2025&source=2
EN.POP.DNST,Population density (people per sq. km of land area),demography,SOM,1973,6.44880288200976,people/km2 land area,,source_reported,WDI_EN.POP.DNST,2026-07-13,https://api.worldbank.org/v2/country/SOM/indicator/EN.POP.DNST?format=json&per_page=1000&date=1960:2025&source=2
EN.POP.DNST,Population density (people per sq. km of land area),demography,SOM,1974,6.61816877610227,people/km2 land area,,source_reported,WDI_EN.POP.DNST,2026-07-13,https://api.worldbank.org/v2/country/SOM/indicator/EN.POP.DNST?format=json&per_page=1000&date=1960:2025&source=2
EN.POP.DNST,Population density (people per sq. km of land area),demography,SOM,1975,6.78664679440176,people/km2 land area,,source_reported,WDI_EN.POP.DNST,2026-07-13,https://api.worldbank.org/v2/country/SOM/indicator/EN.POP.DNST?format=json&per_page=1000&date=1960:2025&source=2
EN.POP.DNST,Population density (people per sq. km of land area),demography,SOM,1976,6.95924379124558,people/km2 land area,,source_reported,WDI_EN.POP.DNST,2026-07-13,https://api.worldbank.org/v2/country/SOM/indicator/EN.POP.DNST?format=json&per_page=1000&date=1960:2025&source=2
EN.POP.DNST,Population density (people per sq. km of land area),demography,SOM,1977,7.14771894028756,people/km2 land area,,source_reported,WDI_EN.POP.DNST,2026-07-13,https://api.worldbank.org/v2/country/SOM/indicator/EN.POP.DNST?format=json&per_page=1000&date=1960:2025&source=2
EN.POP.DNST,Population density (people per sq. km of land area),demography,SOM,1978,7.6750916568368,people/km2 land area,,source_reported,WDI_EN.POP.DNST,2026-07-13,https://api.worldbank.org/v2/country/SOM/indicator/EN.POP.DNST?format=json&per_page=1000&date=1960:2025&source=2
EN.POP.DNST,Population density (people per sq. km of land area),demography,SOM,1979,8.686066566774,people/km2 land area,,source_reported,WDI_EN.POP.DNST,2026-07-13,https://api.worldbank.org/v2/country/SOM/indicator/EN.POP.DNST?format=json&per_page=1000&date=1960:2025&source=2
EN.POP.DNST,Population density (people per sq. km of land area),demography,SOM,1980,9.46241910287882,people/km2 land area,,source_reported,WDI_EN.POP.DNST,2026-07-13,https://api.worldbank.org/v2/country/SOM/indicator/EN.POP.DNST?format=json&per_page=1000&date=1960:2025&source=2
EN.POP.DNST,Population density (people per sq. km of land area),demography,SOM,1981,9.53685242452259,people/km2 land area,,source_reported,WDI_EN.POP.DNST,2026-07-13,https://api.worldbank.org/v2/country/SOM/indicator/EN.POP.DNST?format=json&per_page=1000&date=1960:2025&source=2
EN.POP.DNST,Population density (people per sq. km of land area),demography,SOM,1982,9.57031274906749,people/km2 land area,,source_reported,WDI_EN.POP.DNST,2026-07-13,https://api.worldbank.org/v2/country/SOM/indicator/EN.POP.DNST?format=json&per_page=1000&date=1960:2025&source=2
EN.POP.DNST,Population density (people per sq. km of land area),demography,SOM,1983,9.88049542512832,people/km2 land area,,source_reported,WDI_EN.POP.DNST,2026-07-13,https://api.worldbank.org/v2/country/SOM/indicator/EN.POP.DNST?format=json&per_page=1000&date=1960:2025&source=2
EN.POP.DNST,Population density (people per sq. km of land area),demography,SOM,1984,10.2470574170306,people/km2 land area,,source_reported,WDI_EN.POP.DNST,2026-07-13,https://api.worldbank.org/v2/country/SOM/indicator/EN.POP.DNST?format=json&per_page=1000&date=1960:2025&source=2
EN.POP.DNST,Population density (people per sq. km of land area),demography,SOM,1985,10.6693164791022,people/km2 land area,,source_reported,WDI_EN.POP.DNST,2026-07-13,https://api.worldbank.org/v2/country/SOM/indicator/EN.POP.DNST?format=json&per_page=1000&date=1960:2025&source=2
EN.POP.DNST,Population density (people per sq. km of land area),demography,SOM,1986,11.1180348774189,people/km2 land area,,source_reported,WDI_EN.POP.DNST,2026-07-13,https://api.worldbank.org/v2/country/SOM/indicator/EN.POP.DNST?format=json&per_page=1000&date=1960:2025&source=2
EN.POP.DNST,Population density (people per sq. km of land area),demography,SOM,1987,11.5221442917716,people/km2 land area,,source_reported,WDI_EN.POP.DNST,2026-07-13,https://api.worldbank.org/v2/country/SOM/indicator/EN.POP.DNST?format=json&per_page=1000&date=1960:2025&source=2
EN.POP.DNST,Population density (people per sq. km of land area),demography,SOM,1988,11.5333949692352,people/km2 land area,,source_reported,WDI_EN.POP.DNST,2026-07-13,https://api.worldbank.org/v2/country/SOM/indicator/EN.POP.DNST?format=json&per_page=1000&date=1960:2025&source=2
EN.POP.DNST,Population density (people per sq. km of land area),demography,SOM,1989,11.3412455765614,people/km2 land area,,source_reported,WDI_EN.POP.DNST,2026-07-13,https://api.worldbank.org/v2/country/SOM/indicator/EN.POP.DNST?format=json&per_page=1000&date=1960:2025&source=2
EN.POP.DNST,Population density (people per sq. km of land area),demography,SOM,1990,11.2902269901489,people/km2 land area,,source_reported,WDI_EN.POP.DNST,2026-07-13,https://api.worldbank.org/v2/country/SOM/indicator/EN.POP.DNST?format=json&per_page=1000&date=1960:2025&source=2
EN.POP.DNST,Population density (people per sq. km of land area),demography,SOM,1991,10.8613511014761,people/km2 land area,,source_reported,WDI_EN.POP.DNST,2026-07-13,https://api.worldbank.org/v2/country/SOM/indicator/EN.POP.DNST?format=json&per_page=1000&date=1960:2025&source=2
EN.POP.DNST,Population density (people per sq. km of land area),demography,SOM,1992,10.3534080402971,people/km2 land area,,source_reported,WDI_EN.POP.DNST,2026-07-13,https://api.worldbank.org/v2/country/SOM/indicator/EN.POP.DNST?format=json&per_page=1000&date=1960:2025&source=2
EN.POP.DNST,Population density (people per sq. km of land area),demography,SOM,1993,10.6503634392833,people/km2 land area,,source_reported,WDI_EN.POP.DNST,2026-07-13,https://api.worldbank.org/v2/country/SOM/indicator/EN.POP.DNST?format=json&per_page=1000&date=1960:2025&source=2
EN.POP.DNST,Population density (people per sq. km of land area),demography,SOM,1994,11.2009388848153,people/km2 land area,,source_reported,WDI_EN.POP.DNST,2026-07-13,https://api.worldbank.org/v2/country/SOM/indicator/EN.POP.DNST?format=json&per_page=1000&date=1960:2025&source=2
EN.POP.DNST,Population density (people per sq. km of land area),demography,SOM,1995,11.6125338731788,people/km2 land area,,source_reported,WDI_EN.POP.DNST,2026-07-13,https://api.worldbank.org/v2/country/SOM/indicator/EN.POP.DNST?format=json&per_page=1000&date=1960:2025&source=2
EN.POP.DNST,Population density (people per sq. km of land area),demography,SOM,1996,12.0420728791405,people/km2 land area,,source_reported,WDI_EN.POP.DNST,2026-07-13,https://api.worldbank.org/v2/country/SOM/indicator/EN.POP.DNST?format=json&per_page=1000&date=1960:2025&source=2
EN.POP.DNST,Population density (people per sq. km of land area),demography,SOM,1997,12.4725427997577,people/km2 land area,,source_reported,WDI_EN.POP.DNST,2026-07-13,https://api.worldbank.org/v2/country/SOM/indicator/EN.POP.DNST?format=json&per_page=1000&date=1960:2025&source=2
EN.POP.DNST,Population density (people per sq. km of land area),demography,SOM,1998,12.9999952179042,people/km2 land area,,source_reported,WDI_EN.POP.DNST,2026-07-13,https://api.worldbank.org/v2/country/SOM/indicator/EN.POP.DNST?format=json&per_page=1000&date=1960:2025&source=2
EN.POP.DNST,Population density (people per sq. km of land area),demography,SOM,1999,13.5366133197309,people/km2 land area,,source_reported,WDI_EN.POP.DNST,2026-07-13,https://api.worldbank.org/v2/country/SOM/indicator/EN.POP.DNST?format=json&per_page=1000&date=1960:2025&source=2
EN.POP.DNST,Population density (people per sq. km of land area),demography,SOM,2000,14.089190869385,people/km2 land area,,source_reported,WDI_EN.POP.DNST,2026-07-13,https://api.worldbank.org/v2/country/SOM/indicator/EN.POP.DNST?format=json&per_page=1000&date=1960:2025&source=2
EN.POP.DNST,Population density (people per sq. km of land area),demography,SOM,2001,14.6626916823413,people/km2 land area,,source_reported,WDI_EN.POP.DNST,2026-07-13,https://api.worldbank.org/v2/country/SOM/indicator/EN.POP.DNST?format=json&per_page=1000&date=1960:2025&source=2
EN.POP.DNST,Population density (people per sq. km of land area),demography,SOM,2002,15.2231054930341,people/km2 land area,,source_reported,WDI_EN.POP.DNST,2026-07-13,https://api.worldbank.org/v2/country/SOM/indicator/EN.POP.DNST?format=json&per_page=1000&date=1960:2025&source=2
EN.POP.DNST,Population density (people per sq. km of land area),demography,SOM,2003,15.7955128000765,people/km2 land area,,source_reported,WDI_EN.POP.DNST,2026-07-13,https://api.worldbank.org/v2/country/SOM/indicator/EN.POP.DNST?format=json&per_page=1000&date=1960:2025&source=2
EN.POP.DNST,Population density (people per sq. km of land area),demography,SOM,2004,16.3882392323142,people/km2 land area,,source_reported,WDI_EN.POP.DNST,2026-07-13,https://api.worldbank.org/v2/country/SOM/indicator/EN.POP.DNST?format=json&per_page=1000&date=1960:2025&source=2
EN.POP.DNST,Population density (people per sq. km of land area),demography,SOM,2005,16.9672394554787,people/km2 land area,,source_reported,WDI_EN.POP.DNST,2026-07-13,https://api.worldbank.org/v2/country/SOM/indicator/EN.POP.DNST?format=json&per_page=1000&date=1960:2025&source=2
EN.POP.DNST,Population density (people per sq. km of land area),demography,SOM,2006,17.4953007938279,people/km2 land area,,source_reported,WDI_EN.POP.DNST,2026-07-13,https://api.worldbank.org/v2/country/SOM/indicator/EN.POP.DNST?format=json&per_page=1000&date=1960:2025&source=2
EN.POP.DNST,Population density (people per sq. km of land area),demography,SOM,2007,18.0485574010903,people/km2 land area,,source_reported,WDI_EN.POP.DNST,2026-07-13,https://api.worldbank.org/v2/country/SOM/indicator/EN.POP.DNST?format=json&per_page=1000&date=1960:2025&source=2
EN.POP.DNST,Population density (people per sq. km of land area),demography,SOM,2008,18.5913284662225,people/km2 land area,,source_reported,WDI_EN.POP.DNST,2026-07-13,https://api.worldbank.org/v2/country/SOM/indicator/EN.POP.DNST?format=json&per_page=1000&date=1960:2025&source=2
EN.POP.DNST,Population density (people per sq. km of land area),demography,SOM,2009,19.0665364873912,people/km2 land area,,source_reported,WDI_EN.POP.DNST,2026-07-13,https://api.worldbank.org/v2/country/SOM/indicator/EN.POP.DNST?format=json&per_page=1000&date=1960:2025&source=2
EN.POP.DNST,Population density (people per sq. km of land area),demography,SOM,2010,19.5456307584404,people/km2 land area,,source_reported,WDI_EN.POP.DNST,2026-07-13,https://api.worldbank.org/v2/country/SOM/indicator/EN.POP.DNST?format=json&per_page=1000&date=1960:2025&source=2
EN.POP.DNST,Population density (people per sq. km of land area),demography,SOM,2011,19.6844294959671,people/km2 land area,,source_reported,WDI_EN.POP.DNST,2026-07-13,https://api.worldbank.org/v2/country/SOM/indicator/EN.POP.DNST?format=json&per_page=1000&date=1960:2025&source=2
EN.POP.DNST,Population density (people per sq. km of land area),demography,SOM,2012,19.8634871042816,people/km2 land area,,source_reported,WDI_EN.POP.DNST,2026-07-13,https://api.worldbank.org/v2/country/SOM/indicator/EN.POP.DNST?format=json&per_page=1000&date=1960:2025&source=2
EN.POP.DNST,Population density (people per sq. km of land area),demography,SOM,2013,20.5145439474607,people/km2 land area,,source_reported,WDI_EN.POP.DNST,2026-07-13,https://api.worldbank.org/v2/country/SOM/indicator/EN.POP.DNST?format=json&per_page=1000&date=1960:2025&source=2
EN.POP.DNST,Population density (people per sq. km of land area),demography,SOM,2014,21.2635747760385,people/km2 land area,,source_reported,WDI_EN.POP.DNST,2026-07-13,https://api.worldbank.org/v2/country/SOM/indicator/EN.POP.DNST?format=json&per_page=1000&date=1960:2025&source=2
EN.POP.DNST,Population density (people per sq. km of land area),demography,SOM,2015,22.0087400771511,people/km2 land area,,source_reported,WDI_EN.POP.DNST,2026-07-13,https://api.worldbank.org/v2/country/SOM/indicator/EN.POP.DNST?format=json&per_page=1000&date=1960:2025&source=2
EN.POP.DNST,Population density (people per sq. km of land area),demography,SOM,2016,22.8723499218924,people/km2 land area,,source_reported,WDI_EN.POP.DNST,2026-07-13,https://api.worldbank.org/v2/country/SOM/indicator/EN.POP.DNST?format=json&per_page=1000&date=1960:2025&source=2
EN.POP.DNST,Population density (people per sq. km of land area),demography,SOM,2017,23.7775831287659,people/km2 land area,,source_reported,WDI_EN.POP.DNST,2026-07-13,https://api.worldbank.org/v2/country/SOM/indicator/EN.POP.DNST?format=json&per_page=1000&date=1960:2025&source=2
EN.POP.DNST,Population density (people per sq. km of land area),demography,SOM,2018,24.6317578984283,people/km2 land area,,source_reported,WDI_EN.POP.DNST,2026-07-13,https://api.worldbank.org/v2/country/SOM/indicator/EN.POP.DNST?format=json&per_page=1000&date=1960:2025&source=2
EN.POP.DNST,Population density (people per sq. km of land area),demography,SOM,2019,25.5538798737527,people/km2 land area,,source_reported,WDI_EN.POP.DNST,2026-07-13,https://api.worldbank.org/v2/country/SOM/indicator/EN.POP.DNST?format=json&per_page=1000&date=1960:2025&source=2
EN.POP.DNST,Population density (people per sq. km of land area),demography,SOM,2020,26.5425303663085,people/km2 land area,,source_reported,WDI_EN.POP.DNST,2026-07-13,https://api.worldbank.org/v2/country/SOM/indicator/EN.POP.DNST?format=json&per_page=1000&date=1960:2025&source=2
EN.POP.DNST,Population density (people per sq. km of land area),demography,SOM,2021,27.5312127395033,people/km2 land area,,source_reported,WDI_EN.POP.DNST,2026-07-13,https://api.worldbank.org/v2/country/SOM/indicator/EN.POP.DNST?format=json&per_page=1000&date=1960:2025&source=2
EN.POP.DNST,Population density (people per sq. km of land area),demography,SOM,2022,28.3767924889215,people/km2 land area,,source_reported,WDI_EN.POP.DNST,2026-07-13,https://api.worldbank.org/v2/country/SOM/indicator/EN.POP.DNST?format=json&per_page=1000&date=1960:2025&source=2
EN.POP.DNST,Population density (people per sq. km of land area),demography,SOM,2023,29.2642187649441,people/km2 land area,,source_reported,WDI_EN.POP.DNST,2026-07-13,https://api.worldbank.org/v2/country/SOM/indicator/EN.POP.DNST?format=json&per_page=1000&date=1960:2025&source=2
EN.POP.DNST,Population density (people per sq. km of land area),demography,SOM,2024,,people/km2 land area,,missing,WDI_EN.POP.DNST,2026-07-13,https://api.worldbank.org/v2/country/SOM/indicator/EN.POP.DNST?format=json&per_page=1000&date=1960:2025&source=2
EN.POP.DNST,Population density (people per sq. km of land area),demography,SOM,2025,,people/km2 land area,,missing,WDI_EN.POP.DNST,2026-07-13,https://api.worldbank.org/v2/country/SOM/indicator/EN.POP.DNST?format=json&per_page=1000&date=1960:2025&source=2
ER.H2O.FWTL.ZS,"Annual freshwater withdrawals, total (% of internal resources)",water,SOM,1960,,% of internal resources,,missing,WDI_ER.H2O.FWTL.ZS,2026-07-13,https://api.worldbank.org/v2/country/SOM/indicator/ER.H2O.FWTL.ZS?format=json&per_page=1000&date=1960:2025&source=2
ER.H2O.FWTL.ZS,"Annual freshwater withdrawals, total (% of internal resources)",water,SOM,1961,,% of internal resources,,missing,WDI_ER.H2O.FWTL.ZS,2026-07-13,https://api.worldbank.org/v2/country/SOM/indicator/ER.H2O.FWTL.ZS?format=json&per_page=1000&date=1960:2025&source=2
ER.H2O.FWTL.ZS,"Annual freshwater withdrawals, total (% of internal resources)",water,SOM,1962,,% of internal resources,,missing,WDI_ER.H2O.FWTL.ZS,2026-07-13,https://api.worldbank.org/v2/country/SOM/indicator/ER.H2O.FWTL.ZS?format=json&per_page=1000&date=1960:2025&source=2
ER.H2O.FWTL.ZS,"Annual freshwater withdrawals, total (% of internal resources)",water,SOM,1963,,% of internal resources,,missing,WDI_ER.H2O.FWTL.ZS,2026-07-13,https://api.worldbank.org/v2/country/SOM/indicator/ER.H2O.FWTL.ZS?format=json&per_page=1000&date=1960:2025&source=2
ER.H2O.FWTL.ZS,"Annual freshwater withdrawals, total (% of internal resources)",water,SOM,1964,,% of internal resources,,missing,WDI_ER.H2O.FWTL.ZS,2026-07-13,https://api.worldbank.org/v2/country/SOM/indicator/ER.H2O.FWTL.ZS?format=json&per_page=1000&date=1960:2025&source=2
ER.H2O.FWTL.ZS,"Annual freshwater withdrawals, total (% of internal resources)",water,SOM,1965,,% of internal resources,,missing,WDI_ER.H2O.FWTL.ZS,2026-07-13,https://api.worldbank.org/v2/country/SOM/indicator/ER.H2O.FWTL.ZS?format=json&per_page=1000&date=1960:2025&source=2
ER.H2O.FWTL.ZS,"Annual freshwater withdrawals, total (% of internal resources)",water,SOM,1966,,% of internal resources,,missing,WDI_ER.H2O.FWTL.ZS,2026-07-13,https://api.worldbank.org/v2/country/SOM/indicator/ER.H2O.FWTL.ZS?format=json&per_page=1000&date=1960:2025&source=2
ER.H2O.FWTL.ZS,"Annual freshwater withdrawals, total (% of internal resources)",water,SOM,1967,,% of internal resources,,missing,WDI_ER.H2O.FWTL.ZS,2026-07-13,https://api.worldbank.org/v2/country/SOM/indicator/ER.H2O.FWTL.ZS?format=json&per_page=1000&date=1960:2025&source=2
ER.H2O.FWTL.ZS,"Annual freshwater withdrawals, total (% of internal resources)",water,SOM,1968,,% of internal resources,,missing,WDI_ER.H2O.FWTL.ZS,2026-07-13,https://api.worldbank.org/v2/country/SOM/indicator/ER.H2O.FWTL.ZS?format=json&per_page=1000&date=1960:2025&source=2
ER.H2O.FWTL.ZS,"Annual freshwater withdrawals, total (% of internal resources)",water,SOM,1969,,% of internal resources,,missing,WDI_ER.H2O.FWTL.ZS,2026-07-13,https://api.worldbank.org/v2/country/SOM/indicator/ER.H2O.FWTL.ZS?format=json&per_page=1000&date=1960:2025&source=2
ER.H2O.FWTL.ZS,"Annual freshwater withdrawals, total (% of internal resources)",water,SOM,1970,,% of internal resources,,missing,WDI_ER.H2O.FWTL.ZS,2026-07-13,https://api.worldbank.org/v2/country/SOM/indicator/ER.H2O.FWTL.ZS?format=json&per_page=1000&date=1960:2025&source=2
ER.H2O.FWTL.ZS,"Annual freshwater withdrawals, total (% of internal resources)",water,SOM,1971,,% of internal resources,,missing,WDI_ER.H2O.FWTL.ZS,2026-07-13,https://api.worldbank.org/v2/country/SOM/indicator/ER.H2O.FWTL.ZS?format=json&per_page=1000&date=1960:2025&source=2
ER.H2O.FWTL.ZS,"Annual freshwater withdrawals, total (% of internal resources)",water,SOM,1972,,% of internal resources,,missing,WDI_ER.H2O.FWTL.ZS,2026-07-13,https://api.worldbank.org/v2/country/SOM/indicator/ER.H2O.FWTL.ZS?format=json&per_page=1000&date=1960:2025&source=2
ER.H2O.FWTL.ZS,"Annual freshwater withdrawals, total (% of internal resources)",water,SOM,1973,,% of internal resources,,missing,WDI_ER.H2O.FWTL.ZS,2026-07-13,https://api.worldbank.org/v2/country/SOM/indicator/ER.H2O.FWTL.ZS?format=json&per_page=1000&date=1960:2025&source=2
ER.H2O.FWTL.ZS,"Annual freshwater withdrawals, total (% of internal resources)",water,SOM,1974,,% of internal resources,,missing,WDI_ER.H2O.FWTL.ZS,2026-07-13,https://api.worldbank.org/v2/country/SOM/indicator/ER.H2O.FWTL.ZS?format=json&per_page=1000&date=1960:2025&source=2
ER.H2O.FWTL.ZS,"Annual freshwater withdrawals, total (% of internal resources)",water,SOM,1975,,% of internal resources,,missing,WDI_ER.H2O.FWTL.ZS,2026-07-13,https://api.worldbank.org/v2/country/SOM/indicator/ER.H2O.FWTL.ZS?format=json&per_page=1000&date=1960:2025&source=2
ER.H2O.FWTL.ZS,"Annual freshwater withdrawals, total (% of internal resources)",water,SOM,1976,,% of internal resources,,missing,WDI_ER.H2O.FWTL.ZS,2026-07-13,https://api.worldbank.org/v2/country/SOM/indicator/ER.H2O.FWTL.ZS?format=json&per_page=1000&date=1960:2025&source=2
ER.H2O.FWTL.ZS,"Annual freshwater withdrawals, total (% of internal resources)",water,SOM,1977,,% of internal resources,,missing,WDI_ER.H2O.FWTL.ZS,2026-07-13,https://api.worldbank.org/v2/country/SOM/indicator/ER.H2O.FWTL.ZS?format=json&per_page=1000&date=1960:2025&source=2
ER.H2O.FWTL.ZS,"Annual freshwater withdrawals, total (% of internal resources)",water,SOM,1978,,% of internal resources,,missing,WDI_ER.H2O.FWTL.ZS,2026-07-13,https://api.worldbank.org/v2/country/SOM/indicator/ER.H2O.FWTL.ZS?format=json&per_page=1000&date=1960:2025&source=2
ER.H2O.FWTL.ZS,"Annual freshwater withdrawals, total (% of internal resources)",water,SOM,1979,,% of internal resources,,missing,WDI_ER.H2O.FWTL.ZS,2026-07-13,https://api.worldbank.org/v2/country/SOM/indicator/ER.H2O.FWTL.ZS?format=json&per_page=1000&date=1960:2025&source=2
ER.H2O.FWTL.ZS,"Annual freshwater withdrawals, total (% of internal resources)",water,SOM,1980,,% of internal resources,,missing,WDI_ER.H2O.FWTL.ZS,2026-07-13,https://api.worldbank.org/v2/country/SOM/indicator/ER.H2O.FWTL.ZS?format=json&per_page=1000&date=1960:2025&source=2
ER.H2O.FWTL.ZS,"Annual freshwater withdrawals, total (% of internal resources)",water,SOM,1981,,% of internal resources,,missing,WDI_ER.H2O.FWTL.ZS,2026-07-13,https://api.worldbank.org/v2/country/SOM/indicator/ER.H2O.FWTL.ZS?format=json&per_page=1000&date=1960:2025&source=2
ER.H2O.FWTL.ZS,"Annual freshwater withdrawals, total (% of internal resources)",water,SOM,1982,,% of internal resources,,missing,WDI_ER.H2O.FWTL.ZS,2026-07-13,https://api.worldbank.org/v2/country/SOM/indicator/ER.H2O.FWTL.ZS?format=json&per_page=1000&date=1960:2025&source=2
ER.H2O.FWTL.ZS,"Annual freshwater withdrawals, total (% of internal resources)",water,SOM,1983,,% of internal resources,,missing,WDI_ER.H2O.FWTL.ZS,2026-07-13,https://api.worldbank.org/v2/country/SOM/indicator/ER.H2O.FWTL.ZS?format=json&per_page=1000&date=1960:2025&source=2
ER.H2O.FWTL.ZS,"Annual freshwater withdrawals, total (% of internal resources)",water,SOM,1984,,% of internal resources,,missing,WDI_ER.H2O.FWTL.ZS,2026-07-13,https://api.worldbank.org/v2/country/SOM/indicator/ER.H2O.FWTL.ZS?format=json&per_page=1000&date=1960:2025&source=2
ER.H2O.FWTL.ZS,"Annual freshwater withdrawals, total (% of internal resources)",water,SOM,1985,,% of internal resources,,missing,WDI_ER.H2O.FWTL.ZS,2026-07-13,https://api.worldbank.org/v2/country/SOM/indicator/ER.H2O.FWTL.ZS?format=json&per_page=1000&date=1960:2025&source=2
ER.H2O.FWTL.ZS,"Annual freshwater withdrawals, total (% of internal resources)",water,SOM,1986,,% of internal resources,,missing,WDI_ER.H2O.FWTL.ZS,2026-07-13,https://api.worldbank.org/v2/country/SOM/indicator/ER.H2O.FWTL.ZS?format=json&per_page=1000&date=1960:2025&source=2
ER.H2O.FWTL.ZS,"Annual freshwater withdrawals, total (% of internal resources)",water,SOM,1987,13.5,% of internal resources,,source_reported,WDI_ER.H2O.FWTL.ZS,2026-07-13,https://api.worldbank.org/v2/country/SOM/indicator/ER.H2O.FWTL.ZS?format=json&per_page=1000&date=1960:2025&source=2
ER.H2O.FWTL.ZS,"Annual freshwater withdrawals, total (% of internal resources)",water,SOM,1988,16.6793589833333,% of internal resources,,source_reported,WDI_ER.H2O.FWTL.ZS,2026-07-13,https://api.worldbank.org/v2/country/SOM/indicator/ER.H2O.FWTL.ZS?format=json&per_page=1000&date=1960:2025&source=2
ER.H2O.FWTL.ZS,"Annual freshwater withdrawals, total (% of internal resources)",water,SOM,1989,19.85871795,% of internal resources,,source_reported,WDI_ER.H2O.FWTL.ZS,2026-07-13,https://api.worldbank.org/v2/country/SOM/indicator/ER.H2O.FWTL.ZS?format=json&per_page=1000&date=1960:2025&source=2
ER.H2O.FWTL.ZS,"Annual freshwater withdrawals, total (% of internal resources)",water,SOM,1990,23.0380769166667,% of internal resources,,source_reported,WDI_ER.H2O.FWTL.ZS,2026-07-13,https://api.worldbank.org/v2/country/SOM/indicator/ER.H2O.FWTL.ZS?format=json&per_page=1000&date=1960:2025&source=2
ER.H2O.FWTL.ZS,"Annual freshwater withdrawals, total (% of internal resources)",water,SOM,1991,26.2174359,% of internal resources,,source_reported,WDI_ER.H2O.FWTL.ZS,2026-07-13,https://api.worldbank.org/v2/country/SOM/indicator/ER.H2O.FWTL.ZS?format=json&per_page=1000&date=1960:2025&source=2
ER.H2O.FWTL.ZS,"Annual freshwater withdrawals, total (% of internal resources)",water,SOM,1992,29.3967948666667,% of internal resources,,source_reported,WDI_ER.H2O.FWTL.ZS,2026-07-13,https://api.worldbank.org/v2/country/SOM/indicator/ER.H2O.FWTL.ZS?format=json&per_page=1000&date=1960:2025&source=2
ER.H2O.FWTL.ZS,"Annual freshwater withdrawals, total (% of internal resources)",water,SOM,1993,32.57615385,% of internal resources,,source_reported,WDI_ER.H2O.FWTL.ZS,2026-07-13,https://api.worldbank.org/v2/country/SOM/indicator/ER.H2O.FWTL.ZS?format=json&per_page=1000&date=1960:2025&source=2
ER.H2O.FWTL.ZS,"Annual freshwater withdrawals, total (% of internal resources)",water,SOM,1994,35.7555128166667,% of internal resources,,source_reported,WDI_ER.H2O.FWTL.ZS,2026-07-13,https://api.worldbank.org/v2/country/SOM/indicator/ER.H2O.FWTL.ZS?format=json&per_page=1000&date=1960:2025&source=2
ER.H2O.FWTL.ZS,"Annual freshwater withdrawals, total (% of internal resources)",water,SOM,1995,38.9348718,% of internal resources,,source_reported,WDI_ER.H2O.FWTL.ZS,2026-07-13,https://api.worldbank.org/v2/country/SOM/indicator/ER.H2O.FWTL.ZS?format=json&per_page=1000&date=1960:2025&source=2
ER.H2O.FWTL.ZS,"Annual freshwater withdrawals, total (% of internal resources)",water,SOM,1996,42.1142307666667,% of internal resources,,source_reported,WDI_ER.H2O.FWTL.ZS,2026-07-13,https://api.worldbank.org/v2/country/SOM/indicator/ER.H2O.FWTL.ZS?format=json&per_page=1000&date=1960:2025&source=2
ER.H2O.FWTL.ZS,"Annual freshwater withdrawals, total (% of internal resources)",water,SOM,1997,45.29358975,% of internal resources,,source_reported,WDI_ER.H2O.FWTL.ZS,2026-07-13,https://api.worldbank.org/v2/country/SOM/indicator/ER.H2O.FWTL.ZS?format=json&per_page=1000&date=1960:2025&source=2
ER.H2O.FWTL.ZS,"Annual freshwater withdrawals, total (% of internal resources)",water,SOM,1998,48.4729487166667,% of internal resources,,source_reported,WDI_ER.H2O.FWTL.ZS,2026-07-13,https://api.worldbank.org/v2/country/SOM/indicator/ER.H2O.FWTL.ZS?format=json&per_page=1000&date=1960:2025&source=2
ER.H2O.FWTL.ZS,"Annual freshwater withdrawals, total (% of internal resources)",water,SOM,1999,51.6523077,% of internal resources,,source_reported,WDI_ER.H2O.FWTL.ZS,2026-07-13,https://api.worldbank.org/v2/country/SOM/indicator/ER.H2O.FWTL.ZS?format=json&per_page=1000&date=1960:2025&source=2
ER.H2O.FWTL.ZS,"Annual freshwater withdrawals, total (% of internal resources)",water,SOM,2000,54.8316666666667,% of internal resources,,source_reported,WDI_ER.H2O.FWTL.ZS,2026-07-13,https://api.worldbank.org/v2/country/SOM/indicator/ER.H2O.FWTL.ZS?format=json&per_page=1000&date=1960:2025&source=2
ER.H2O.FWTL.ZS,"Annual freshwater withdrawals, total (% of internal resources)",water,SOM,2001,54.8766666666667,% of internal resources,,source_reported,WDI_ER.H2O.FWTL.ZS,2026-07-13,https://api.worldbank.org/v2/country/SOM/indicator/ER.H2O.FWTL.ZS?format=json&per_page=1000&date=1960:2025&source=2
ER.H2O.FWTL.ZS,"Annual freshwater withdrawals, total (% of internal resources)",water,SOM,2002,54.9216666666667,% of internal resources,,source_reported,WDI_ER.H2O.FWTL.ZS,2026-07-13,https://api.worldbank.org/v2/country/SOM/indicator/ER.H2O.FWTL.ZS?format=json&per_page=1000&date=1960:2025&source=2
ER.H2O.FWTL.ZS,"Annual freshwater withdrawals, total (% of internal resources)",water,SOM,2003,54.9666666666667,% of internal resources,,source_reported,WDI_ER.H2O.FWTL.ZS,2026-07-13,https://api.worldbank.org/v2/country/SOM/indicator/ER.H2O.FWTL.ZS?format=json&per_page=1000&date=1960:2025&source=2
ER.H2O.FWTL.ZS,"Annual freshwater withdrawals, total (% of internal resources)",water,SOM,2004,54.9666666666667,% of internal resources,,source_reported,WDI_ER.H2O.FWTL.ZS,2026-07-13,https://api.worldbank.org/v2/country/SOM/indicator/ER.H2O.FWTL.ZS?format=json&per_page=1000&date=1960:2025&source=2
ER.H2O.FWTL.ZS,"Annual freshwater withdrawals, total (% of internal resources)",water,SOM,2005,54.9666666666667,% of internal resources,,source_reported,WDI_ER.H2O.FWTL.ZS,2026-07-13,https://api.worldbank.org/v2/country/SOM/indicator/ER.H2O.FWTL.ZS?format=json&per_page=1000&date=1960:2025&source=2
ER.H2O.FWTL.ZS,"Annual freshwater withdrawals, total (% of internal resources)",water,SOM,2006,54.9666666666667,% of internal resources,,source_reported,WDI_ER.H2O.FWTL.ZS,2026-07-13,https://api.worldbank.org/v2/country/SOM/indicator/ER.H2O.FWTL.ZS?format=json&per_page=1000&date=1960:2025&source=2
ER.H2O.FWTL.ZS,"Annual freshwater withdrawals, total (% of internal resources)",water,SOM,2007,54.9666666666667,% of internal resources,,source_reported,WDI_ER.H2O.FWTL.ZS,2026-07-13,https://api.worldbank.org/v2/country/SOM/indicator/ER.H2O.FWTL.ZS?format=json&per_page=1000&date=1960:2025&source=2
ER.H2O.FWTL.ZS,"Annual freshwater withdrawals, total (% of internal resources)",water,SOM,2008,54.9666666666667,% of internal resources,,source_reported,WDI_ER.H2O.FWTL.ZS,2026-07-13,https://api.worldbank.org/v2/country/SOM/indicator/ER.H2O.FWTL.ZS?format=json&per_page=1000&date=1960:2025&source=2
ER.H2O.FWTL.ZS,"Annual freshwater withdrawals, total (% of internal resources)",water,SOM,2009,54.9666666666667,% of internal resources,,source_reported,WDI_ER.H2O.FWTL.ZS,2026-07-13,https://api.worldbank.org/v2/country/SOM/indicator/ER.H2O.FWTL.ZS?format=json&per_page=1000&date=1960:2025&source=2
ER.H2O.FWTL.ZS,"Annual freshwater withdrawals, total (% of internal resources)",water,SOM,2010,54.9666666666667,% of internal resources,,source_reported,WDI_ER.H2O.FWTL.ZS,2026-07-13,https://api.worldbank.org/v2/country/SOM/indicator/ER.H2O.FWTL.ZS?format=json&per_page=1000&date=1960:2025&source=2
ER.H2O.FWTL.ZS,"Annual freshwater withdrawals, total (% of internal resources)",water,SOM,2011,54.9666666666667,% of internal resources,,source_reported,WDI_ER.H2O.FWTL.ZS,2026-07-13,https://api.worldbank.org/v2/country/SOM/indicator/ER.H2O.FWTL.ZS?format=json&per_page=1000&date=1960:2025&source=2
ER.H2O.FWTL.ZS,"Annual freshwater withdrawals, total (% of internal resources)",water,SOM,2012,54.9666666666667,% of internal resources,,source_reported,WDI_ER.H2O.FWTL.ZS,2026-07-13,https://api.worldbank.org/v2/country/SOM/indicator/ER.H2O.FWTL.ZS?format=json&per_page=1000&date=1960:2025&source=2
ER.H2O.FWTL.ZS,"Annual freshwater withdrawals, total (% of internal resources)",water,SOM,2013,54.9666666666667,% of internal resources,,source_reported,WDI_ER.H2O.FWTL.ZS,2026-07-13,https://api.worldbank.org/v2/country/SOM/indicator/ER.H2O.FWTL.ZS?format=json&per_page=1000&date=1960:2025&source=2
ER.H2O.FWTL.ZS,"Annual freshwater withdrawals, total (% of internal resources)",water,SOM,2014,54.9666666666667,% of internal resources,,source_reported,WDI_ER.H2O.FWTL.ZS,2026-07-13,https://api.worldbank.org/v2/country/SOM/indicator/ER.H2O.FWTL.ZS?format=json&per_page=1000&date=1960:2025&source=2
ER.H2O.FWTL.ZS,"Annual freshwater withdrawals, total (% of internal resources)",water,SOM,2015,54.9666666666667,% of internal resources,,source_reported,WDI_ER.H2O.FWTL.ZS,2026-07-13,https://api.worldbank.org/v2/country/SOM/indicator/ER.H2O.FWTL.ZS?format=json&per_page=1000&date=1960:2025&source=2
ER.H2O.FWTL.ZS,"Annual freshwater withdrawals, total (% of internal resources)",water,SOM,2016,54.9666666666667,% of internal resources,,source_reported,WDI_ER.H2O.FWTL.ZS,2026-07-13,https://api.worldbank.org/v2/country/SOM/indicator/ER.H2O.FWTL.ZS?format=json&per_page=1000&date=1960:2025&source=2
ER.H2O.FWTL.ZS,"Annual freshwater withdrawals, total (% of internal resources)",water,SOM,2017,54.9666666666667,% of internal resources,,source_reported,WDI_ER.H2O.FWTL.ZS,2026-07-13,https://api.worldbank.org/v2/country/SOM/indicator/ER.H2O.FWTL.ZS?format=json&per_page=1000&date=1960:2025&source=2
ER.H2O.FWTL.ZS,"Annual freshwater withdrawals, total (% of internal resources)",water,SOM,2018,54.9666666666667,% of internal resources,,source_reported,WDI_ER.H2O.FWTL.ZS,2026-07-13,https://api.worldbank.org/v2/country/SOM/indicator/ER.H2O.FWTL.ZS?format=json&per_page=1000&date=1960:2025&source=2
ER.H2O.FWTL.ZS,"Annual freshwater withdrawals, total (% of internal resources)",water,SOM,2019,54.9666666666667,% of internal resources,,source_reported,WDI_ER.H2O.FWTL.ZS,2026-07-13,https://api.worldbank.org/v2/country/SOM/indicator/ER.H2O.FWTL.ZS?format=json&per_page=1000&date=1960:2025&source=2
ER.H2O.FWTL.ZS,"Annual freshwater withdrawals, total (% of internal resources)",water,SOM,2020,54.9666666666667,% of internal resources,,source_reported,WDI_ER.H2O.FWTL.ZS,2026-07-13,https://api.worldbank.org/v2/country/SOM/indicator/ER.H2O.FWTL.ZS?format=json&per_page=1000&date=1960:2025&source=2
ER.H2O.FWTL.ZS,"Annual freshwater withdrawals, total (% of internal resources)",water,SOM,2021,54.9666666666667,% of internal resources,,source_reported,WDI_ER.H2O.FWTL.ZS,2026-07-13,https://api.worldbank.org/v2/country/SOM/indicator/ER.H2O.FWTL.ZS?format=json&per_page=1000&date=1960:2025&source=2
ER.H2O.FWTL.ZS,"Annual freshwater withdrawals, total (% of internal resources)",water,SOM,2022,54.9666666666667,% of internal resources,,source_reported,WDI_ER.H2O.FWTL.ZS,2026-07-13,https://api.worldbank.org/v2/country/SOM/indicator/ER.H2O.FWTL.ZS?format=json&per_page=1000&date=1960:2025&source=2
ER.H2O.FWTL.ZS,"Annual freshwater withdrawals, total (% of internal resources)",water,SOM,2023,,% of internal resources,,missing,WDI_ER.H2O.FWTL.ZS,2026-07-13,https://api.worldbank.org/v2/country/SOM/indicator/ER.H2O.FWTL.ZS?format=json&per_page=1000&date=1960:2025&source=2
ER.H2O.FWTL.ZS,"Annual freshwater withdrawals, total (% of internal resources)",water,SOM,2024,,% of internal resources,,missing,WDI_ER.H2O.FWTL.ZS,2026-07-13,https://api.worldbank.org/v2/country/SOM/indicator/ER.H2O.FWTL.ZS?format=json&per_page=1000&date=1960:2025&source=2
ER.H2O.FWTL.ZS,"Annual freshwater withdrawals, total (% of internal resources)",water,SOM,2025,,% of internal resources,,missing,WDI_ER.H2O.FWTL.ZS,2026-07-13,https://api.worldbank.org/v2/country/SOM/indicator/ER.H2O.FWTL.ZS?format=json&per_page=1000&date=1960:2025&source=2
ER.H2O.INTR.PC,Renewable internal freshwater resources per capita (cubic meters),water,SOM,1960,,m3/person/year,,missing,WDI_ER.H2O.INTR.PC,2026-07-13,https://api.worldbank.org/v2/country/SOM/indicator/ER.H2O.INTR.PC?format=json&per_page=1000&date=1960:2025&source=2
ER.H2O.INTR.PC,Renewable internal freshwater resources per capita (cubic meters),water,SOM,1961,2032.48314563351,m3/person/year,,source_reported,WDI_ER.H2O.INTR.PC,2026-07-13,https://api.worldbank.org/v2/country/SOM/indicator/ER.H2O.INTR.PC?format=json&per_page=1000&date=1960:2025&source=2
ER.H2O.INTR.PC,Renewable internal freshwater resources per capita (cubic meters),water,SOM,1962,1980.13855029436,m3/person/year,,source_reported,WDI_ER.H2O.INTR.PC,2026-07-13,https://api.worldbank.org/v2/country/SOM/indicator/ER.H2O.INTR.PC?format=json&per_page=1000&date=1960:2025&source=2
ER.H2O.INTR.PC,Renewable internal freshwater resources per capita (cubic meters),water,SOM,1963,1929.03653305838,m3/person/year,,source_reported,WDI_ER.H2O.INTR.PC,2026-07-13,https://api.worldbank.org/v2/country/SOM/indicator/ER.H2O.INTR.PC?format=json&per_page=1000&date=1960:2025&source=2
ER.H2O.INTR.PC,Renewable internal freshwater resources per capita (cubic meters),water,SOM,1964,1879.23061792861,m3/person/year,,source_reported,WDI_ER.H2O.INTR.PC,2026-07-13,https://api.worldbank.org/v2/country/SOM/indicator/ER.H2O.INTR.PC?format=json&per_page=1000&date=1960:2025&source=2
ER.H2O.INTR.PC,Renewable internal freshwater resources per capita (cubic meters),water,SOM,1965,1830.45473987103,m3/person/year,,source_reported,WDI_ER.H2O.INTR.PC,2026-07-13,https://api.worldbank.org/v2/country/SOM/indicator/ER.H2O.INTR.PC?format=json&per_page=1000&date=1960:2025&source=2
ER.H2O.INTR.PC,Renewable internal freshwater resources per capita (cubic meters),water,SOM,1966,1783.00475527368,m3/person/year,,source_reported,WDI_ER.H2O.INTR.PC,2026-07-13,https://api.worldbank.org/v2/country/SOM/indicator/ER.H2O.INTR.PC?format=json&per_page=1000&date=1960:2025&source=2
ER.H2O.INTR.PC,Renewable internal freshwater resources per capita (cubic meters),water,SOM,1967,1736.84635596608,m3/person/year,,source_reported,WDI_ER.H2O.INTR.PC,2026-07-13,https://api.worldbank.org/v2/country/SOM/indicator/ER.H2O.INTR.PC?format=json&per_page=1000&date=1960:2025&source=2
ER.H2O.INTR.PC,Renewable internal freshwater resources per capita (cubic meters),water,SOM,1968,1691.76589343567,m3/person/year,,source_reported,WDI_ER.H2O.INTR.PC,2026-07-13,https://api.worldbank.org/v2/country/SOM/indicator/ER.H2O.INTR.PC?format=json&per_page=1000&date=1960:2025&source=2
ER.H2O.INTR.PC,Renewable internal freshwater resources per capita (cubic meters),water,SOM,1969,1647.89213996647,m3/person/year,,source_reported,WDI_ER.H2O.INTR.PC,2026-07-13,https://api.worldbank.org/v2/country/SOM/indicator/ER.H2O.INTR.PC?format=json&per_page=1000&date=1960:2025&source=2
ER.H2O.INTR.PC,Renewable internal freshwater resources per capita (cubic meters),water,SOM,1970,1604.94408374812,m3/person/year,,source_reported,WDI_ER.H2O.INTR.PC,2026-07-13,https://api.worldbank.org/v2/country/SOM/indicator/ER.H2O.INTR.PC?format=json&per_page=1000&date=1960:2025&source=2
ER.H2O.INTR.PC,Renewable internal freshwater resources per capita (cubic meters),water,SOM,1971,1563.44009978917,m3/person/year,,source_reported,WDI_ER.H2O.INTR.PC,2026-07-13,https://api.worldbank.org/v2/country/SOM/indicator/ER.H2O.INTR.PC?format=json&per_page=1000&date=1960:2025&source=2
ER.H2O.INTR.PC,Renewable internal freshwater resources per capita (cubic meters),water,SOM,1972,1523.0606614754,m3/person/year,,source_reported,WDI_ER.H2O.INTR.PC,2026-07-13,https://api.worldbank.org/v2/country/SOM/indicator/ER.H2O.INTR.PC?format=json&per_page=1000&date=1960:2025&source=2
ER.H2O.INTR.PC,Renewable internal freshwater resources per capita (cubic meters),water,SOM,1973,1483.09567549076,m3/person/year,,source_reported,WDI_ER.H2O.INTR.PC,2026-07-13,https://api.worldbank.org/v2/country/SOM/indicator/ER.H2O.INTR.PC?format=json&per_page=1000&date=1960:2025&source=2
ER.H2O.INTR.PC,Renewable internal freshwater resources per capita (cubic meters),water,SOM,1974,1445.14169855211,m3/person/year,,source_reported,WDI_ER.H2O.INTR.PC,2026-07-13,https://api.worldbank.org/v2/country/SOM/indicator/ER.H2O.INTR.PC?format=json&per_page=1000&date=1960:2025&source=2
ER.H2O.INTR.PC,Renewable internal freshwater resources per capita (cubic meters),water,SOM,1975,1409.2661598789,m3/person/year,,source_reported,WDI_ER.H2O.INTR.PC,2026-07-13,https://api.worldbank.org/v2/country/SOM/indicator/ER.H2O.INTR.PC?format=json&per_page=1000&date=1960:2025&source=2
ER.H2O.INTR.PC,Renewable internal freshwater resources per capita (cubic meters),water,SOM,1976,1374.31478955118,m3/person/year,,source_reported,WDI_ER.H2O.INTR.PC,2026-07-13,https://api.worldbank.org/v2/country/SOM/indicator/ER.H2O.INTR.PC?format=json&per_page=1000&date=1960:2025&source=2
ER.H2O.INTR.PC,Renewable internal freshwater resources per capita (cubic meters),water,SOM,1977,1338.07606962456,m3/person/year,,source_reported,WDI_ER.H2O.INTR.PC,2026-07-13,https://api.worldbank.org/v2/country/SOM/indicator/ER.H2O.INTR.PC?format=json&per_page=1000&date=1960:2025&source=2
ER.H2O.INTR.PC,Renewable internal freshwater resources per capita (cubic meters),water,SOM,1978,1246.13386966935,m3/person/year,,source_reported,WDI_ER.H2O.INTR.PC,2026-07-13,https://api.worldbank.org/v2/country/SOM/indicator/ER.H2O.INTR.PC?format=json&per_page=1000&date=1960:2025&source=2
ER.H2O.INTR.PC,Renewable internal freshwater resources per capita (cubic meters),water,SOM,1979,1101.09582892054,m3/person/year,,source_reported,WDI_ER.H2O.INTR.PC,2026-07-13,https://api.worldbank.org/v2/country/SOM/indicator/ER.H2O.INTR.PC?format=json&per_page=1000&date=1960:2025&source=2
ER.H2O.INTR.PC,Renewable internal freshwater resources per capita (cubic meters),water,SOM,1980,1010.75544872994,m3/person/year,,source_reported,WDI_ER.H2O.INTR.PC,2026-07-13,https://api.worldbank.org/v2/country/SOM/indicator/ER.H2O.INTR.PC?format=json&per_page=1000&date=1960:2025&source=2
ER.H2O.INTR.PC,Renewable internal freshwater resources per capita (cubic meters),water,SOM,1981,1002.86669444607,m3/person/year,,source_reported,WDI_ER.H2O.INTR.PC,2026-07-13,https://api.worldbank.org/v2/country/SOM/indicator/ER.H2O.INTR.PC?format=json&per_page=1000&date=1960:2025&source=2
ER.H2O.INTR.PC,Renewable internal freshwater resources per capita (cubic meters),water,SOM,1982,999.360409338024,m3/person/year,,source_reported,WDI_ER.H2O.INTR.PC,2026-07-13,https://api.worldbank.org/v2/country/SOM/indicator/ER.H2O.INTR.PC?format=json&per_page=1000&date=1960:2025&source=2
ER.H2O.INTR.PC,Renewable internal freshwater resources per capita (cubic meters),water,SOM,1983,967.987054786454,m3/person/year,,source_reported,WDI_ER.H2O.INTR.PC,2026-07-13,https://api.worldbank.org/v2/country/SOM/indicator/ER.H2O.INTR.PC?format=json&per_page=1000&date=1960:2025&source=2
ER.H2O.INTR.PC,Renewable internal freshwater resources per capita (cubic meters),water,SOM,1984,933.359820010892,m3/person/year,,source_reported,WDI_ER.H2O.INTR.PC,2026-07-13,https://api.worldbank.org/v2/country/SOM/indicator/ER.H2O.INTR.PC?format=json&per_page=1000&date=1960:2025&source=2
ER.H2O.INTR.PC,Renewable internal freshwater resources per capita (cubic meters),water,SOM,1985,896.420280074564,m3/person/year,,source_reported,WDI_ER.H2O.INTR.PC,2026-07-13,https://api.worldbank.org/v2/country/SOM/indicator/ER.H2O.INTR.PC?format=json&per_page=1000&date=1960:2025&source=2
ER.H2O.INTR.PC,Renewable internal freshwater resources per capita (cubic meters),water,SOM,1986,860.241200162643,m3/person/year,,source_reported,WDI_ER.H2O.INTR.PC,2026-07-13,https://api.worldbank.org/v2/country/SOM/indicator/ER.H2O.INTR.PC?format=json&per_page=1000&date=1960:2025&source=2
ER.H2O.INTR.PC,Renewable internal freshwater resources per capita (cubic meters),water,SOM,1987,830.070464681747,m3/person/year,,source_reported,WDI_ER.H2O.INTR.PC,2026-07-13,https://api.worldbank.org/v2/country/SOM/indicator/ER.H2O.INTR.PC?format=json&per_page=1000&date=1960:2025&source=2
ER.H2O.INTR.PC,Renewable internal freshwater resources per capita (cubic meters),water,SOM,1988,829.260741690807,m3/person/year,,source_reported,WDI_ER.H2O.INTR.PC,2026-07-13,https://api.worldbank.org/v2/country/SOM/indicator/ER.H2O.INTR.PC?format=json&per_page=1000&date=1960:2025&source=2
ER.H2O.INTR.PC,Renewable internal freshwater resources per capita (cubic meters),water,SOM,1989,843.310516630294,m3/person/year,,source_reported,WDI_ER.H2O.INTR.PC,2026-07-13,https://api.worldbank.org/v2/country/SOM/indicator/ER.H2O.INTR.PC?format=json&per_page=1000&date=1960:2025&source=2
ER.H2O.INTR.PC,Renewable internal freshwater resources per capita (cubic meters),water,SOM,1990,847.121291250042,m3/person/year,,source_reported,WDI_ER.H2O.INTR.PC,2026-07-13,https://api.worldbank.org/v2/country/SOM/indicator/ER.H2O.INTR.PC?format=json&per_page=1000&date=1960:2025&source=2
ER.H2O.INTR.PC,Renewable internal freshwater resources per capita (cubic meters),water,SOM,1991,880.571079697553,m3/person/year,,source_reported,WDI_ER.H2O.INTR.PC,2026-07-13,https://api.worldbank.org/v2/country/SOM/indicator/ER.H2O.INTR.PC?format=json&per_page=1000&date=1960:2025&source=2
ER.H2O.INTR.PC,Renewable internal freshwater resources per capita (cubic meters),water,SOM,1992,923.772310448465,m3/person/year,,source_reported,WDI_ER.H2O.INTR.PC,2026-07-13,https://api.worldbank.org/v2/country/SOM/indicator/ER.H2O.INTR.PC?format=json&per_page=1000&date=1960:2025&source=2
ER.H2O.INTR.PC,Renewable internal freshwater resources per capita (cubic meters),water,SOM,1993,898.015520402239,m3/person/year,,source_reported,WDI_ER.H2O.INTR.PC,2026-07-13,https://api.worldbank.org/v2/country/SOM/indicator/ER.H2O.INTR.PC?format=json&per_page=1000&date=1960:2025&source=2
ER.H2O.INTR.PC,Renewable internal freshwater resources per capita (cubic meters),water,SOM,1994,853.874105086571,m3/person/year,,source_reported,WDI_ER.H2O.INTR.PC,2026-07-13,https://api.worldbank.org/v2/country/SOM/indicator/ER.H2O.INTR.PC?format=json&per_page=1000&date=1960:2025&source=2
ER.H2O.INTR.PC,Renewable internal freshwater resources per capita (cubic meters),water,SOM,1995,823.609366470067,m3/person/year,,source_reported,WDI_ER.H2O.INTR.PC,2026-07-13,https://api.worldbank.org/v2/country/SOM/indicator/ER.H2O.INTR.PC?format=json&per_page=1000&date=1960:2025&source=2
ER.H2O.INTR.PC,Renewable internal freshwater resources per capita (cubic meters),water,SOM,1996,794.231338939018,m3/person/year,,source_reported,WDI_ER.H2O.INTR.PC,2026-07-13,https://api.worldbank.org/v2/country/SOM/indicator/ER.H2O.INTR.PC?format=json&per_page=1000&date=1960:2025&source=2
ER.H2O.INTR.PC,Renewable internal freshwater resources per capita (cubic meters),water,SOM,1997,766.819711100674,m3/person/year,,source_reported,WDI_ER.H2O.INTR.PC,2026-07-13,https://api.worldbank.org/v2/country/SOM/indicator/ER.H2O.INTR.PC?format=json&per_page=1000&date=1960:2025&source=2
ER.H2O.INTR.PC,Renewable internal freshwater resources per capita (cubic meters),water,SOM,1998,735.707321894147,m3/person/year,,source_reported,WDI_ER.H2O.INTR.PC,2026-07-13,https://api.worldbank.org/v2/country/SOM/indicator/ER.H2O.INTR.PC?format=json&per_page=1000&date=1960:2025&source=2
ER.H2O.INTR.PC,Renewable internal freshwater resources per capita (cubic meters),water,SOM,1999,706.542429815902,m3/person/year,,source_reported,WDI_ER.H2O.INTR.PC,2026-07-13,https://api.worldbank.org/v2/country/SOM/indicator/ER.H2O.INTR.PC?format=json&per_page=1000&date=1960:2025&source=2
ER.H2O.INTR.PC,Renewable internal freshwater resources per capita (cubic meters),water,SOM,2000,678.831861607001,m3/person/year,,source_reported,WDI_ER.H2O.INTR.PC,2026-07-13,https://api.worldbank.org/v2/country/SOM/indicator/ER.H2O.INTR.PC?format=json&per_page=1000&date=1960:2025&source=2
ER.H2O.INTR.PC,Renewable internal freshwater resources per capita (cubic meters),water,SOM,2001,652.280759467882,m3/person/year,,source_reported,WDI_ER.H2O.INTR.PC,2026-07-13,https://api.worldbank.org/v2/country/SOM/indicator/ER.H2O.INTR.PC?format=json&per_page=1000&date=1960:2025&source=2
ER.H2O.INTR.PC,Renewable internal freshwater resources per capita (cubic meters),water,SOM,2002,628.268106713013,m3/person/year,,source_reported,WDI_ER.H2O.INTR.PC,2026-07-13,https://api.worldbank.org/v2/country/SOM/indicator/ER.H2O.INTR.PC?format=json&per_page=1000&date=1960:2025&source=2
ER.H2O.INTR.PC,Renewable internal freshwater resources per capita (cubic meters),water,SOM,2003,605.500548633955,m3/person/year,,source_reported,WDI_ER.H2O.INTR.PC,2026-07-13,https://api.worldbank.org/v2/country/SOM/indicator/ER.H2O.INTR.PC?format=json&per_page=1000&date=1960:2025&source=2
ER.H2O.INTR.PC,Renewable internal freshwater resources per capita (cubic meters),water,SOM,2004,583.600930571137,m3/person/year,,source_reported,WDI_ER.H2O.INTR.PC,2026-07-13,https://api.worldbank.org/v2/country/SOM/indicator/ER.H2O.INTR.PC?format=json&per_page=1000&date=1960:2025&source=2
ER.H2O.INTR.PC,Renewable internal freshwater resources per capita (cubic meters),water,SOM,2005,563.685783506329,m3/person/year,,source_reported,WDI_ER.H2O.INTR.PC,2026-07-13,https://api.worldbank.org/v2/country/SOM/indicator/ER.H2O.INTR.PC?format=json&per_page=1000&date=1960:2025&source=2
ER.H2O.INTR.PC,Renewable internal freshwater resources per capita (cubic meters),water,SOM,2006,546.672033771212,m3/person/year,,source_reported,WDI_ER.H2O.INTR.PC,2026-07-13,https://api.worldbank.org/v2/country/SOM/indicator/ER.H2O.INTR.PC?format=json&per_page=1000&date=1960:2025&source=2
ER.H2O.INTR.PC,Renewable internal freshwater resources per capita (cubic meters),water,SOM,2007,529.914466505961,m3/person/year,,source_reported,WDI_ER.H2O.INTR.PC,2026-07-13,https://api.worldbank.org/v2/country/SOM/indicator/ER.H2O.INTR.PC?format=json&per_page=1000&date=1960:2025&source=2
ER.H2O.INTR.PC,Renewable internal freshwater resources per capita (cubic meters),water,SOM,2008,514.443692594514,m3/person/year,,source_reported,WDI_ER.H2O.INTR.PC,2026-07-13,https://api.worldbank.org/v2/country/SOM/indicator/ER.H2O.INTR.PC?format=json&per_page=1000&date=1960:2025&source=2
ER.H2O.INTR.PC,Renewable internal freshwater resources per capita (cubic meters),water,SOM,2009,501.621868907646,m3/person/year,,source_reported,WDI_ER.H2O.INTR.PC,2026-07-13,https://api.worldbank.org/v2/country/SOM/indicator/ER.H2O.INTR.PC?format=json&per_page=1000&date=1960:2025&source=2
ER.H2O.INTR.PC,Renewable internal freshwater resources per capita (cubic meters),water,SOM,2010,489.326324875491,m3/person/year,,source_reported,WDI_ER.H2O.INTR.PC,2026-07-13,https://api.worldbank.org/v2/country/SOM/indicator/ER.H2O.INTR.PC?format=json&per_page=1000&date=1960:2025&source=2
ER.H2O.INTR.PC,Renewable internal freshwater resources per capita (cubic meters),water,SOM,2011,485.875989871105,m3/person/year,,source_reported,WDI_ER.H2O.INTR.PC,2026-07-13,https://api.worldbank.org/v2/country/SOM/indicator/ER.H2O.INTR.PC?format=json&per_page=1000&date=1960:2025&source=2
ER.H2O.INTR.PC,Renewable internal freshwater resources per capita (cubic meters),water,SOM,2012,481.496104696513,m3/person/year,,source_reported,WDI_ER.H2O.INTR.PC,2026-07-13,https://api.worldbank.org/v2/country/SOM/indicator/ER.H2O.INTR.PC?format=json&per_page=1000&date=1960:2025&source=2
ER.H2O.INTR.PC,Renewable internal freshwater resources per capita (cubic meters),water,SOM,2013,466.215173532281,m3/person/year,,source_reported,WDI_ER.H2O.INTR.PC,2026-07-13,https://api.worldbank.org/v2/country/SOM/indicator/ER.H2O.INTR.PC?format=json&per_page=1000&date=1960:2025&source=2
ER.H2O.INTR.PC,Renewable internal freshwater resources per capita (cubic meters),water,SOM,2014,449.792274682745,m3/person/year,,source_reported,WDI_ER.H2O.INTR.PC,2026-07-13,https://api.worldbank.org/v2/country/SOM/indicator/ER.H2O.INTR.PC?format=json&per_page=1000&date=1960:2025&source=2
ER.H2O.INTR.PC,Renewable internal freshwater resources per capita (cubic meters),water,SOM,2015,434.563343147946,m3/person/year,,source_reported,WDI_ER.H2O.INTR.PC,2026-07-13,https://api.worldbank.org/v2/country/SOM/indicator/ER.H2O.INTR.PC?format=json&per_page=1000&date=1960:2025&source=2
ER.H2O.INTR.PC,Renewable internal freshwater resources per capita (cubic meters),water,SOM,2016,418.1551829638,m3/person/year,,source_reported,WDI_ER.H2O.INTR.PC,2026-07-13,https://api.worldbank.org/v2/country/SOM/indicator/ER.H2O.INTR.PC?format=json&per_page=1000&date=1960:2025&source=2
ER.H2O.INTR.PC,Renewable internal freshwater resources per capita (cubic meters),water,SOM,2017,402.235652572709,m3/person/year,,source_reported,WDI_ER.H2O.INTR.PC,2026-07-13,https://api.worldbank.org/v2/country/SOM/indicator/ER.H2O.INTR.PC?format=json&per_page=1000&date=1960:2025&source=2
ER.H2O.INTR.PC,Renewable internal freshwater resources per capita (cubic meters),water,SOM,2018,388.287011663559,m3/person/year,,source_reported,WDI_ER.H2O.INTR.PC,2026-07-13,https://api.worldbank.org/v2/country/SOM/indicator/ER.H2O.INTR.PC?format=json&per_page=1000&date=1960:2025&source=2
ER.H2O.INTR.PC,Renewable internal freshwater resources per capita (cubic meters),water,SOM,2019,374.275519555241,m3/person/year,,source_reported,WDI_ER.H2O.INTR.PC,2026-07-13,https://api.worldbank.org/v2/country/SOM/indicator/ER.H2O.INTR.PC?format=json&per_page=1000&date=1960:2025&source=2
ER.H2O.INTR.PC,Renewable internal freshwater resources per capita (cubic meters),water,SOM,2020,360.334585075626,m3/person/year,,source_reported,WDI_ER.H2O.INTR.PC,2026-07-13,https://api.worldbank.org/v2/country/SOM/indicator/ER.H2O.INTR.PC?format=json&per_page=1000&date=1960:2025&source=2
ER.H2O.INTR.PC,Renewable internal freshwater resources per capita (cubic meters),water,SOM,2021,347.394492095067,m3/person/year,,source_reported,WDI_ER.H2O.INTR.PC,2026-07-13,https://api.worldbank.org/v2/country/SOM/indicator/ER.H2O.INTR.PC?format=json&per_page=1000&date=1960:2025&source=2
ER.H2O.INTR.PC,Renewable internal freshwater resources per capita (cubic meters),water,SOM,2022,337.042732018953,m3/person/year,,source_reported,WDI_ER.H2O.INTR.PC,2026-07-13,https://api.worldbank.org/v2/country/SOM/indicator/ER.H2O.INTR.PC?format=json&per_page=1000&date=1960:2025&source=2
ER.H2O.INTR.PC,Renewable internal freshwater resources per capita (cubic meters),water,SOM,2023,,m3/person/year,,missing,WDI_ER.H2O.INTR.PC,2026-07-13,https://api.worldbank.org/v2/country/SOM/indicator/ER.H2O.INTR.PC?format=json&per_page=1000&date=1960:2025&source=2
ER.H2O.INTR.PC,Renewable internal freshwater resources per capita (cubic meters),water,SOM,2024,,m3/person/year,,missing,WDI_ER.H2O.INTR.PC,2026-07-13,https://api.worldbank.org/v2/country/SOM/indicator/ER.H2O.INTR.PC?format=json&per_page=1000&date=1960:2025&source=2
ER.H2O.INTR.PC,Renewable internal freshwater resources per capita (cubic meters),water,SOM,2025,,m3/person/year,,missing,WDI_ER.H2O.INTR.PC,2026-07-13,https://api.worldbank.org/v2/country/SOM/indicator/ER.H2O.INTR.PC?format=json&per_page=1000&date=1960:2025&source=2
FP.CPI.TOTL.ZG,"Inflation, consumer prices (annual %)",finance,SOM,1960,,% annual,,missing,WDI_FP.CPI.TOTL.ZG,2026-07-13,https://api.worldbank.org/v2/country/SOM/indicator/FP.CPI.TOTL.ZG?format=json&per_page=1000&date=1960:2025&source=2
FP.CPI.TOTL.ZG,"Inflation, consumer prices (annual %)",finance,SOM,1961,,% annual,,missing,WDI_FP.CPI.TOTL.ZG,2026-07-13,https://api.worldbank.org/v2/country/SOM/indicator/FP.CPI.TOTL.ZG?format=json&per_page=1000&date=1960:2025&source=2
FP.CPI.TOTL.ZG,"Inflation, consumer prices (annual %)",finance,SOM,1962,,% annual,,missing,WDI_FP.CPI.TOTL.ZG,2026-07-13,https://api.worldbank.org/v2/country/SOM/indicator/FP.CPI.TOTL.ZG?format=json&per_page=1000&date=1960:2025&source=2
FP.CPI.TOTL.ZG,"Inflation, consumer prices (annual %)",finance,SOM,1963,,% annual,,missing,WDI_FP.CPI.TOTL.ZG,2026-07-13,https://api.worldbank.org/v2/country/SOM/indicator/FP.CPI.TOTL.ZG?format=json&per_page=1000&date=1960:2025&source=2
FP.CPI.TOTL.ZG,"Inflation, consumer prices (annual %)",finance,SOM,1964,,% annual,,missing,WDI_FP.CPI.TOTL.ZG,2026-07-13,https://api.worldbank.org/v2/country/SOM/indicator/FP.CPI.TOTL.ZG?format=json&per_page=1000&date=1960:2025&source=2
FP.CPI.TOTL.ZG,"Inflation, consumer prices (annual %)",finance,SOM,1965,,% annual,,missing,WDI_FP.CPI.TOTL.ZG,2026-07-13,https://api.worldbank.org/v2/country/SOM/indicator/FP.CPI.TOTL.ZG?format=json&per_page=1000&date=1960:2025&source=2
FP.CPI.TOTL.ZG,"Inflation, consumer prices (annual %)",finance,SOM,1966,,% annual,,missing,WDI_FP.CPI.TOTL.ZG,2026-07-13,https://api.worldbank.org/v2/country/SOM/indicator/FP.CPI.TOTL.ZG?format=json&per_page=1000&date=1960:2025&source=2
FP.CPI.TOTL.ZG,"Inflation, consumer prices (annual %)",finance,SOM,1967,,% annual,,missing,WDI_FP.CPI.TOTL.ZG,2026-07-13,https://api.worldbank.org/v2/country/SOM/indicator/FP.CPI.TOTL.ZG?format=json&per_page=1000&date=1960:2025&source=2
FP.CPI.TOTL.ZG,"Inflation, consumer prices (annual %)",finance,SOM,1968,,% annual,,missing,WDI_FP.CPI.TOTL.ZG,2026-07-13,https://api.worldbank.org/v2/country/SOM/indicator/FP.CPI.TOTL.ZG?format=json&per_page=1000&date=1960:2025&source=2
FP.CPI.TOTL.ZG,"Inflation, consumer prices (annual %)",finance,SOM,1969,,% annual,,missing,WDI_FP.CPI.TOTL.ZG,2026-07-13,https://api.worldbank.org/v2/country/SOM/indicator/FP.CPI.TOTL.ZG?format=json&per_page=1000&date=1960:2025&source=2
FP.CPI.TOTL.ZG,"Inflation, consumer prices (annual %)",finance,SOM,1970,,% annual,,missing,WDI_FP.CPI.TOTL.ZG,2026-07-13,https://api.worldbank.org/v2/country/SOM/indicator/FP.CPI.TOTL.ZG?format=json&per_page=1000&date=1960:2025&source=2
FP.CPI.TOTL.ZG,"Inflation, consumer prices (annual %)",finance,SOM,1971,,% annual,,missing,WDI_FP.CPI.TOTL.ZG,2026-07-13,https://api.worldbank.org/v2/country/SOM/indicator/FP.CPI.TOTL.ZG?format=json&per_page=1000&date=1960:2025&source=2
FP.CPI.TOTL.ZG,"Inflation, consumer prices (annual %)",finance,SOM,1972,,% annual,,missing,WDI_FP.CPI.TOTL.ZG,2026-07-13,https://api.worldbank.org/v2/country/SOM/indicator/FP.CPI.TOTL.ZG?format=json&per_page=1000&date=1960:2025&source=2
FP.CPI.TOTL.ZG,"Inflation, consumer prices (annual %)",finance,SOM,1973,,% annual,,missing,WDI_FP.CPI.TOTL.ZG,2026-07-13,https://api.worldbank.org/v2/country/SOM/indicator/FP.CPI.TOTL.ZG?format=json&per_page=1000&date=1960:2025&source=2
FP.CPI.TOTL.ZG,"Inflation, consumer prices (annual %)",finance,SOM,1974,,% annual,,missing,WDI_FP.CPI.TOTL.ZG,2026-07-13,https://api.worldbank.org/v2/country/SOM/indicator/FP.CPI.TOTL.ZG?format=json&per_page=1000&date=1960:2025&source=2
FP.CPI.TOTL.ZG,"Inflation, consumer prices (annual %)",finance,SOM,1975,,% annual,,missing,WDI_FP.CPI.TOTL.ZG,2026-07-13,https://api.worldbank.org/v2/country/SOM/indicator/FP.CPI.TOTL.ZG?format=json&per_page=1000&date=1960:2025&source=2
FP.CPI.TOTL.ZG,"Inflation, consumer prices (annual %)",finance,SOM,1976,,% annual,,missing,WDI_FP.CPI.TOTL.ZG,2026-07-13,https://api.worldbank.org/v2/country/SOM/indicator/FP.CPI.TOTL.ZG?format=json&per_page=1000&date=1960:2025&source=2
FP.CPI.TOTL.ZG,"Inflation, consumer prices (annual %)",finance,SOM,1977,,% annual,,missing,WDI_FP.CPI.TOTL.ZG,2026-07-13,https://api.worldbank.org/v2/country/SOM/indicator/FP.CPI.TOTL.ZG?format=json&per_page=1000&date=1960:2025&source=2
FP.CPI.TOTL.ZG,"Inflation, consumer prices (annual %)",finance,SOM,1978,,% annual,,missing,WDI_FP.CPI.TOTL.ZG,2026-07-13,https://api.worldbank.org/v2/country/SOM/indicator/FP.CPI.TOTL.ZG?format=json&per_page=1000&date=1960:2025&source=2
FP.CPI.TOTL.ZG,"Inflation, consumer prices (annual %)",finance,SOM,1979,,% annual,,missing,WDI_FP.CPI.TOTL.ZG,2026-07-13,https://api.worldbank.org/v2/country/SOM/indicator/FP.CPI.TOTL.ZG?format=json&per_page=1000&date=1960:2025&source=2
FP.CPI.TOTL.ZG,"Inflation, consumer prices (annual %)",finance,SOM,1980,,% annual,,missing,WDI_FP.CPI.TOTL.ZG,2026-07-13,https://api.worldbank.org/v2/country/SOM/indicator/FP.CPI.TOTL.ZG?format=json&per_page=1000&date=1960:2025&source=2
FP.CPI.TOTL.ZG,"Inflation, consumer prices (annual %)",finance,SOM,1981,,% annual,,missing,WDI_FP.CPI.TOTL.ZG,2026-07-13,https://api.worldbank.org/v2/country/SOM/indicator/FP.CPI.TOTL.ZG?format=json&per_page=1000&date=1960:2025&source=2
FP.CPI.TOTL.ZG,"Inflation, consumer prices (annual %)",finance,SOM,1982,,% annual,,missing,WDI_FP.CPI.TOTL.ZG,2026-07-13,https://api.worldbank.org/v2/country/SOM/indicator/FP.CPI.TOTL.ZG?format=json&per_page=1000&date=1960:2025&source=2
FP.CPI.TOTL.ZG,"Inflation, consumer prices (annual %)",finance,SOM,1983,,% annual,,missing,WDI_FP.CPI.TOTL.ZG,2026-07-13,https://api.worldbank.org/v2/country/SOM/indicator/FP.CPI.TOTL.ZG?format=json&per_page=1000&date=1960:2025&source=2
FP.CPI.TOTL.ZG,"Inflation, consumer prices (annual %)",finance,SOM,1984,,% annual,,missing,WDI_FP.CPI.TOTL.ZG,2026-07-13,https://api.worldbank.org/v2/country/SOM/indicator/FP.CPI.TOTL.ZG?format=json&per_page=1000&date=1960:2025&source=2
FP.CPI.TOTL.ZG,"Inflation, consumer prices (annual %)",finance,SOM,1985,,% annual,,missing,WDI_FP.CPI.TOTL.ZG,2026-07-13,https://api.worldbank.org/v2/country/SOM/indicator/FP.CPI.TOTL.ZG?format=json&per_page=1000&date=1960:2025&source=2
FP.CPI.TOTL.ZG,"Inflation, consumer prices (annual %)",finance,SOM,1986,,% annual,,missing,WDI_FP.CPI.TOTL.ZG,2026-07-13,https://api.worldbank.org/v2/country/SOM/indicator/FP.CPI.TOTL.ZG?format=json&per_page=1000&date=1960:2025&source=2
FP.CPI.TOTL.ZG,"Inflation, consumer prices (annual %)",finance,SOM,1987,,% annual,,missing,WDI_FP.CPI.TOTL.ZG,2026-07-13,https://api.worldbank.org/v2/country/SOM/indicator/FP.CPI.TOTL.ZG?format=json&per_page=1000&date=1960:2025&source=2
FP.CPI.TOTL.ZG,"Inflation, consumer prices (annual %)",finance,SOM,1988,,% annual,,missing,WDI_FP.CPI.TOTL.ZG,2026-07-13,https://api.worldbank.org/v2/country/SOM/indicator/FP.CPI.TOTL.ZG?format=json&per_page=1000&date=1960:2025&source=2
FP.CPI.TOTL.ZG,"Inflation, consumer prices (annual %)",finance,SOM,1989,,% annual,,missing,WDI_FP.CPI.TOTL.ZG,2026-07-13,https://api.worldbank.org/v2/country/SOM/indicator/FP.CPI.TOTL.ZG?format=json&per_page=1000&date=1960:2025&source=2
FP.CPI.TOTL.ZG,"Inflation, consumer prices (annual %)",finance,SOM,1990,,% annual,,missing,WDI_FP.CPI.TOTL.ZG,2026-07-13,https://api.worldbank.org/v2/country/SOM/indicator/FP.CPI.TOTL.ZG?format=json&per_page=1000&date=1960:2025&source=2
FP.CPI.TOTL.ZG,"Inflation, consumer prices (annual %)",finance,SOM,1991,,% annual,,missing,WDI_FP.CPI.TOTL.ZG,2026-07-13,https://api.worldbank.org/v2/country/SOM/indicator/FP.CPI.TOTL.ZG?format=json&per_page=1000&date=1960:2025&source=2
FP.CPI.TOTL.ZG,"Inflation, consumer prices (annual %)",finance,SOM,1992,,% annual,,missing,WDI_FP.CPI.TOTL.ZG,2026-07-13,https://api.worldbank.org/v2/country/SOM/indicator/FP.CPI.TOTL.ZG?format=json&per_page=1000&date=1960:2025&source=2
FP.CPI.TOTL.ZG,"Inflation, consumer prices (annual %)",finance,SOM,1993,,% annual,,missing,WDI_FP.CPI.TOTL.ZG,2026-07-13,https://api.worldbank.org/v2/country/SOM/indicator/FP.CPI.TOTL.ZG?format=json&per_page=1000&date=1960:2025&source=2
FP.CPI.TOTL.ZG,"Inflation, consumer prices (annual %)",finance,SOM,1994,,% annual,,missing,WDI_FP.CPI.TOTL.ZG,2026-07-13,https://api.worldbank.org/v2/country/SOM/indicator/FP.CPI.TOTL.ZG?format=json&per_page=1000&date=1960:2025&source=2
FP.CPI.TOTL.ZG,"Inflation, consumer prices (annual %)",finance,SOM,1995,,% annual,,missing,WDI_FP.CPI.TOTL.ZG,2026-07-13,https://api.worldbank.org/v2/country/SOM/indicator/FP.CPI.TOTL.ZG?format=json&per_page=1000&date=1960:2025&source=2
FP.CPI.TOTL.ZG,"Inflation, consumer prices (annual %)",finance,SOM,1996,,% annual,,missing,WDI_FP.CPI.TOTL.ZG,2026-07-13,https://api.worldbank.org/v2/country/SOM/indicator/FP.CPI.TOTL.ZG?format=json&per_page=1000&date=1960:2025&source=2
FP.CPI.TOTL.ZG,"Inflation, consumer prices (annual %)",finance,SOM,1997,,% annual,,missing,WDI_FP.CPI.TOTL.ZG,2026-07-13,https://api.worldbank.org/v2/country/SOM/indicator/FP.CPI.TOTL.ZG?format=json&per_page=1000&date=1960:2025&source=2
FP.CPI.TOTL.ZG,"Inflation, consumer prices (annual %)",finance,SOM,1998,,% annual,,missing,WDI_FP.CPI.TOTL.ZG,2026-07-13,https://api.worldbank.org/v2/country/SOM/indicator/FP.CPI.TOTL.ZG?format=json&per_page=1000&date=1960:2025&source=2
FP.CPI.TOTL.ZG,"Inflation, consumer prices (annual %)",finance,SOM,1999,,% annual,,missing,WDI_FP.CPI.TOTL.ZG,2026-07-13,https://api.worldbank.org/v2/country/SOM/indicator/FP.CPI.TOTL.ZG?format=json&per_page=1000&date=1960:2025&source=2
FP.CPI.TOTL.ZG,"Inflation, consumer prices (annual %)",finance,SOM,2000,,% annual,,missing,WDI_FP.CPI.TOTL.ZG,2026-07-13,https://api.worldbank.org/v2/country/SOM/indicator/FP.CPI.TOTL.ZG?format=json&per_page=1000&date=1960:2025&source=2
FP.CPI.TOTL.ZG,"Inflation, consumer prices (annual %)",finance,SOM,2001,,% annual,,missing,WDI_FP.CPI.TOTL.ZG,2026-07-13,https://api.worldbank.org/v2/country/SOM/indicator/FP.CPI.TOTL.ZG?format=json&per_page=1000&date=1960:2025&source=2
FP.CPI.TOTL.ZG,"Inflation, consumer prices (annual %)",finance,SOM,2002,,% annual,,missing,WDI_FP.CPI.TOTL.ZG,2026-07-13,https://api.worldbank.org/v2/country/SOM/indicator/FP.CPI.TOTL.ZG?format=json&per_page=1000&date=1960:2025&source=2
FP.CPI.TOTL.ZG,"Inflation, consumer prices (annual %)",finance,SOM,2003,,% annual,,missing,WDI_FP.CPI.TOTL.ZG,2026-07-13,https://api.worldbank.org/v2/country/SOM/indicator/FP.CPI.TOTL.ZG?format=json&per_page=1000&date=1960:2025&source=2
FP.CPI.TOTL.ZG,"Inflation, consumer prices (annual %)",finance,SOM,2004,,% annual,,missing,WDI_FP.CPI.TOTL.ZG,2026-07-13,https://api.worldbank.org/v2/country/SOM/indicator/FP.CPI.TOTL.ZG?format=json&per_page=1000&date=1960:2025&source=2
FP.CPI.TOTL.ZG,"Inflation, consumer prices (annual %)",finance,SOM,2005,,% annual,,missing,WDI_FP.CPI.TOTL.ZG,2026-07-13,https://api.worldbank.org/v2/country/SOM/indicator/FP.CPI.TOTL.ZG?format=json&per_page=1000&date=1960:2025&source=2
FP.CPI.TOTL.ZG,"Inflation, consumer prices (annual %)",finance,SOM,2006,,% annual,,missing,WDI_FP.CPI.TOTL.ZG,2026-07-13,https://api.worldbank.org/v2/country/SOM/indicator/FP.CPI.TOTL.ZG?format=json&per_page=1000&date=1960:2025&source=2
FP.CPI.TOTL.ZG,"Inflation, consumer prices (annual %)",finance,SOM,2007,,% annual,,missing,WDI_FP.CPI.TOTL.ZG,2026-07-13,https://api.worldbank.org/v2/country/SOM/indicator/FP.CPI.TOTL.ZG?format=json&per_page=1000&date=1960:2025&source=2
FP.CPI.TOTL.ZG,"Inflation, consumer prices (annual %)",finance,SOM,2008,,% annual,,missing,WDI_FP.CPI.TOTL.ZG,2026-07-13,https://api.worldbank.org/v2/country/SOM/indicator/FP.CPI.TOTL.ZG?format=json&per_page=1000&date=1960:2025&source=2
FP.CPI.TOTL.ZG,"Inflation, consumer prices (annual %)",finance,SOM,2009,,% annual,,missing,WDI_FP.CPI.TOTL.ZG,2026-07-13,https://api.worldbank.org/v2/country/SOM/indicator/FP.CPI.TOTL.ZG?format=json&per_page=1000&date=1960:2025&source=2
FP.CPI.TOTL.ZG,"Inflation, consumer prices (annual %)",finance,SOM,2010,,% annual,,missing,WDI_FP.CPI.TOTL.ZG,2026-07-13,https://api.worldbank.org/v2/country/SOM/indicator/FP.CPI.TOTL.ZG?format=json&per_page=1000&date=1960:2025&source=2
FP.CPI.TOTL.ZG,"Inflation, consumer prices (annual %)",finance,SOM,2011,,% annual,,missing,WDI_FP.CPI.TOTL.ZG,2026-07-13,https://api.worldbank.org/v2/country/SOM/indicator/FP.CPI.TOTL.ZG?format=json&per_page=1000&date=1960:2025&source=2
FP.CPI.TOTL.ZG,"Inflation, consumer prices (annual %)",finance,SOM,2012,,% annual,,missing,WDI_FP.CPI.TOTL.ZG,2026-07-13,https://api.worldbank.org/v2/country/SOM/indicator/FP.CPI.TOTL.ZG?format=json&per_page=1000&date=1960:2025&source=2
FP.CPI.TOTL.ZG,"Inflation, consumer prices (annual %)",finance,SOM,2013,,% annual,,missing,WDI_FP.CPI.TOTL.ZG,2026-07-13,https://api.worldbank.org/v2/country/SOM/indicator/FP.CPI.TOTL.ZG?format=json&per_page=1000&date=1960:2025&source=2
FP.CPI.TOTL.ZG,"Inflation, consumer prices (annual %)",finance,SOM,2014,,% annual,,missing,WDI_FP.CPI.TOTL.ZG,2026-07-13,https://api.worldbank.org/v2/country/SOM/indicator/FP.CPI.TOTL.ZG?format=json&per_page=1000&date=1960:2025&source=2
FP.CPI.TOTL.ZG,"Inflation, consumer prices (annual %)",finance,SOM,2015,,% annual,,missing,WDI_FP.CPI.TOTL.ZG,2026-07-13,https://api.worldbank.org/v2/country/SOM/indicator/FP.CPI.TOTL.ZG?format=json&per_page=1000&date=1960:2025&source=2
FP.CPI.TOTL.ZG,"Inflation, consumer prices (annual %)",finance,SOM,2016,,% annual,,missing,WDI_FP.CPI.TOTL.ZG,2026-07-13,https://api.worldbank.org/v2/country/SOM/indicator/FP.CPI.TOTL.ZG?format=json&per_page=1000&date=1960:2025&source=2
FP.CPI.TOTL.ZG,"Inflation, consumer prices (annual %)",finance,SOM,2017,,% annual,,missing,WDI_FP.CPI.TOTL.ZG,2026-07-13,https://api.worldbank.org/v2/country/SOM/indicator/FP.CPI.TOTL.ZG?format=json&per_page=1000&date=1960:2025&source=2
FP.CPI.TOTL.ZG,"Inflation, consumer prices (annual %)",finance,SOM,2018,,% annual,,missing,WDI_FP.CPI.TOTL.ZG,2026-07-13,https://api.worldbank.org/v2/country/SOM/indicator/FP.CPI.TOTL.ZG?format=json&per_page=1000&date=1960:2025&source=2
FP.CPI.TOTL.ZG,"Inflation, consumer prices (annual %)",finance,SOM,2019,,% annual,,missing,WDI_FP.CPI.TOTL.ZG,2026-07-13,https://api.worldbank.org/v2/country/SOM/indicator/FP.CPI.TOTL.ZG?format=json&per_page=1000&date=1960:2025&source=2
FP.CPI.TOTL.ZG,"Inflation, consumer prices (annual %)",finance,SOM,2020,,% annual,,missing,WDI_FP.CPI.TOTL.ZG,2026-07-13,https://api.worldbank.org/v2/country/SOM/indicator/FP.CPI.TOTL.ZG?format=json&per_page=1000&date=1960:2025&source=2
FP.CPI.TOTL.ZG,"Inflation, consumer prices (annual %)",finance,SOM,2021,,% annual,,missing,WDI_FP.CPI.TOTL.ZG,2026-07-13,https://api.worldbank.org/v2/country/SOM/indicator/FP.CPI.TOTL.ZG?format=json&per_page=1000&date=1960:2025&source=2
FP.CPI.TOTL.ZG,"Inflation, consumer prices (annual %)",finance,SOM,2022,,% annual,,missing,WDI_FP.CPI.TOTL.ZG,2026-07-13,https://api.worldbank.org/v2/country/SOM/indicator/FP.CPI.TOTL.ZG?format=json&per_page=1000&date=1960:2025&source=2
FP.CPI.TOTL.ZG,"Inflation, consumer prices (annual %)",finance,SOM,2023,,% annual,,missing,WDI_FP.CPI.TOTL.ZG,2026-07-13,https://api.worldbank.org/v2/country/SOM/indicator/FP.CPI.TOTL.ZG?format=json&per_page=1000&date=1960:2025&source=2
FP.CPI.TOTL.ZG,"Inflation, consumer prices (annual %)",finance,SOM,2024,,% annual,,missing,WDI_FP.CPI.TOTL.ZG,2026-07-13,https://api.worldbank.org/v2/country/SOM/indicator/FP.CPI.TOTL.ZG?format=json&per_page=1000&date=1960:2025&source=2
FP.CPI.TOTL.ZG,"Inflation, consumer prices (annual %)",finance,SOM,2025,,% annual,,missing,WDI_FP.CPI.TOTL.ZG,2026-07-13,https://api.worldbank.org/v2/country/SOM/indicator/FP.CPI.TOTL.ZG?format=json&per_page=1000&date=1960:2025&source=2
IC.ELC.OUTG.ZS,Firms experiencing electrical outages (% of firms),business_electricity,SOM,1960,,% of firms,,missing,WDI_IC.ELC.OUTG.ZS,2026-07-13,https://api.worldbank.org/v2/country/SOM/indicator/IC.ELC.OUTG.ZS?format=json&per_page=1000&date=1960:2025&source=2
IC.ELC.OUTG.ZS,Firms experiencing electrical outages (% of firms),business_electricity,SOM,1961,,% of firms,,missing,WDI_IC.ELC.OUTG.ZS,2026-07-13,https://api.worldbank.org/v2/country/SOM/indicator/IC.ELC.OUTG.ZS?format=json&per_page=1000&date=1960:2025&source=2
IC.ELC.OUTG.ZS,Firms experiencing electrical outages (% of firms),business_electricity,SOM,1962,,% of firms,,missing,WDI_IC.ELC.OUTG.ZS,2026-07-13,https://api.worldbank.org/v2/country/SOM/indicator/IC.ELC.OUTG.ZS?format=json&per_page=1000&date=1960:2025&source=2
IC.ELC.OUTG.ZS,Firms experiencing electrical outages (% of firms),business_electricity,SOM,1963,,% of firms,,missing,WDI_IC.ELC.OUTG.ZS,2026-07-13,https://api.worldbank.org/v2/country/SOM/indicator/IC.ELC.OUTG.ZS?format=json&per_page=1000&date=1960:2025&source=2
IC.ELC.OUTG.ZS,Firms experiencing electrical outages (% of firms),business_electricity,SOM,1964,,% of firms,,missing,WDI_IC.ELC.OUTG.ZS,2026-07-13,https://api.worldbank.org/v2/country/SOM/indicator/IC.ELC.OUTG.ZS?format=json&per_page=1000&date=1960:2025&source=2
IC.ELC.OUTG.ZS,Firms experiencing electrical outages (% of firms),business_electricity,SOM,1965,,% of firms,,missing,WDI_IC.ELC.OUTG.ZS,2026-07-13,https://api.worldbank.org/v2/country/SOM/indicator/IC.ELC.OUTG.ZS?format=json&per_page=1000&date=1960:2025&source=2
IC.ELC.OUTG.ZS,Firms experiencing electrical outages (% of firms),business_electricity,SOM,1966,,% of firms,,missing,WDI_IC.ELC.OUTG.ZS,2026-07-13,https://api.worldbank.org/v2/country/SOM/indicator/IC.ELC.OUTG.ZS?format=json&per_page=1000&date=1960:2025&source=2
IC.ELC.OUTG.ZS,Firms experiencing electrical outages (% of firms),business_electricity,SOM,1967,,% of firms,,missing,WDI_IC.ELC.OUTG.ZS,2026-07-13,https://api.worldbank.org/v2/country/SOM/indicator/IC.ELC.OUTG.ZS?format=json&per_page=1000&date=1960:2025&source=2
IC.ELC.OUTG.ZS,Firms experiencing electrical outages (% of firms),business_electricity,SOM,1968,,% of firms,,missing,WDI_IC.ELC.OUTG.ZS,2026-07-13,https://api.worldbank.org/v2/country/SOM/indicator/IC.ELC.OUTG.ZS?format=json&per_page=1000&date=1960:2025&source=2
IC.ELC.OUTG.ZS,Firms experiencing electrical outages (% of firms),business_electricity,SOM,1969,,% of firms,,missing,WDI_IC.ELC.OUTG.ZS,2026-07-13,https://api.worldbank.org/v2/country/SOM/indicator/IC.ELC.OUTG.ZS?format=json&per_page=1000&date=1960:2025&source=2
IC.ELC.OUTG.ZS,Firms experiencing electrical outages (% of firms),business_electricity,SOM,1970,,% of firms,,missing,WDI_IC.ELC.OUTG.ZS,2026-07-13,https://api.worldbank.org/v2/country/SOM/indicator/IC.ELC.OUTG.ZS?format=json&per_page=1000&date=1960:2025&source=2
IC.ELC.OUTG.ZS,Firms experiencing electrical outages (% of firms),business_electricity,SOM,1971,,% of firms,,missing,WDI_IC.ELC.OUTG.ZS,2026-07-13,https://api.worldbank.org/v2/country/SOM/indicator/IC.ELC.OUTG.ZS?format=json&per_page=1000&date=1960:2025&source=2
IC.ELC.OUTG.ZS,Firms experiencing electrical outages (% of firms),business_electricity,SOM,1972,,% of firms,,missing,WDI_IC.ELC.OUTG.ZS,2026-07-13,https://api.worldbank.org/v2/country/SOM/indicator/IC.ELC.OUTG.ZS?format=json&per_page=1000&date=1960:2025&source=2
IC.ELC.OUTG.ZS,Firms experiencing electrical outages (% of firms),business_electricity,SOM,1973,,% of firms,,missing,WDI_IC.ELC.OUTG.ZS,2026-07-13,https://api.worldbank.org/v2/country/SOM/indicator/IC.ELC.OUTG.ZS?format=json&per_page=1000&date=1960:2025&source=2
IC.ELC.OUTG.ZS,Firms experiencing electrical outages (% of firms),business_electricity,SOM,1974,,% of firms,,missing,WDI_IC.ELC.OUTG.ZS,2026-07-13,https://api.worldbank.org/v2/country/SOM/indicator/IC.ELC.OUTG.ZS?format=json&per_page=1000&date=1960:2025&source=2
IC.ELC.OUTG.ZS,Firms experiencing electrical outages (% of firms),business_electricity,SOM,1975,,% of firms,,missing,WDI_IC.ELC.OUTG.ZS,2026-07-13,https://api.worldbank.org/v2/country/SOM/indicator/IC.ELC.OUTG.ZS?format=json&per_page=1000&date=1960:2025&source=2
IC.ELC.OUTG.ZS,Firms experiencing electrical outages (% of firms),business_electricity,SOM,1976,,% of firms,,missing,WDI_IC.ELC.OUTG.ZS,2026-07-13,https://api.worldbank.org/v2/country/SOM/indicator/IC.ELC.OUTG.ZS?format=json&per_page=1000&date=1960:2025&source=2
IC.ELC.OUTG.ZS,Firms experiencing electrical outages (% of firms),business_electricity,SOM,1977,,% of firms,,missing,WDI_IC.ELC.OUTG.ZS,2026-07-13,https://api.worldbank.org/v2/country/SOM/indicator/IC.ELC.OUTG.ZS?format=json&per_page=1000&date=1960:2025&source=2
IC.ELC.OUTG.ZS,Firms experiencing electrical outages (% of firms),business_electricity,SOM,1978,,% of firms,,missing,WDI_IC.ELC.OUTG.ZS,2026-07-13,https://api.worldbank.org/v2/country/SOM/indicator/IC.ELC.OUTG.ZS?format=json&per_page=1000&date=1960:2025&source=2
IC.ELC.OUTG.ZS,Firms experiencing electrical outages (% of firms),business_electricity,SOM,1979,,% of firms,,missing,WDI_IC.ELC.OUTG.ZS,2026-07-13,https://api.worldbank.org/v2/country/SOM/indicator/IC.ELC.OUTG.ZS?format=json&per_page=1000&date=1960:2025&source=2
IC.ELC.OUTG.ZS,Firms experiencing electrical outages (% of firms),business_electricity,SOM,1980,,% of firms,,missing,WDI_IC.ELC.OUTG.ZS,2026-07-13,https://api.worldbank.org/v2/country/SOM/indicator/IC.ELC.OUTG.ZS?format=json&per_page=1000&date=1960:2025&source=2
IC.ELC.OUTG.ZS,Firms experiencing electrical outages (% of firms),business_electricity,SOM,1981,,% of firms,,missing,WDI_IC.ELC.OUTG.ZS,2026-07-13,https://api.worldbank.org/v2/country/SOM/indicator/IC.ELC.OUTG.ZS?format=json&per_page=1000&date=1960:2025&source=2
IC.ELC.OUTG.ZS,Firms experiencing electrical outages (% of firms),business_electricity,SOM,1982,,% of firms,,missing,WDI_IC.ELC.OUTG.ZS,2026-07-13,https://api.worldbank.org/v2/country/SOM/indicator/IC.ELC.OUTG.ZS?format=json&per_page=1000&date=1960:2025&source=2
IC.ELC.OUTG.ZS,Firms experiencing electrical outages (% of firms),business_electricity,SOM,1983,,% of firms,,missing,WDI_IC.ELC.OUTG.ZS,2026-07-13,https://api.worldbank.org/v2/country/SOM/indicator/IC.ELC.OUTG.ZS?format=json&per_page=1000&date=1960:2025&source=2
IC.ELC.OUTG.ZS,Firms experiencing electrical outages (% of firms),business_electricity,SOM,1984,,% of firms,,missing,WDI_IC.ELC.OUTG.ZS,2026-07-13,https://api.worldbank.org/v2/country/SOM/indicator/IC.ELC.OUTG.ZS?format=json&per_page=1000&date=1960:2025&source=2
IC.ELC.OUTG.ZS,Firms experiencing electrical outages (% of firms),business_electricity,SOM,1985,,% of firms,,missing,WDI_IC.ELC.OUTG.ZS,2026-07-13,https://api.worldbank.org/v2/country/SOM/indicator/IC.ELC.OUTG.ZS?format=json&per_page=1000&date=1960:2025&source=2
IC.ELC.OUTG.ZS,Firms experiencing electrical outages (% of firms),business_electricity,SOM,1986,,% of firms,,missing,WDI_IC.ELC.OUTG.ZS,2026-07-13,https://api.worldbank.org/v2/country/SOM/indicator/IC.ELC.OUTG.ZS?format=json&per_page=1000&date=1960:2025&source=2
IC.ELC.OUTG.ZS,Firms experiencing electrical outages (% of firms),business_electricity,SOM,1987,,% of firms,,missing,WDI_IC.ELC.OUTG.ZS,2026-07-13,https://api.worldbank.org/v2/country/SOM/indicator/IC.ELC.OUTG.ZS?format=json&per_page=1000&date=1960:2025&source=2
IC.ELC.OUTG.ZS,Firms experiencing electrical outages (% of firms),business_electricity,SOM,1988,,% of firms,,missing,WDI_IC.ELC.OUTG.ZS,2026-07-13,https://api.worldbank.org/v2/country/SOM/indicator/IC.ELC.OUTG.ZS?format=json&per_page=1000&date=1960:2025&source=2
IC.ELC.OUTG.ZS,Firms experiencing electrical outages (% of firms),business_electricity,SOM,1989,,% of firms,,missing,WDI_IC.ELC.OUTG.ZS,2026-07-13,https://api.worldbank.org/v2/country/SOM/indicator/IC.ELC.OUTG.ZS?format=json&per_page=1000&date=1960:2025&source=2
IC.ELC.OUTG.ZS,Firms experiencing electrical outages (% of firms),business_electricity,SOM,1990,,% of firms,,missing,WDI_IC.ELC.OUTG.ZS,2026-07-13,https://api.worldbank.org/v2/country/SOM/indicator/IC.ELC.OUTG.ZS?format=json&per_page=1000&date=1960:2025&source=2
IC.ELC.OUTG.ZS,Firms experiencing electrical outages (% of firms),business_electricity,SOM,1991,,% of firms,,missing,WDI_IC.ELC.OUTG.ZS,2026-07-13,https://api.worldbank.org/v2/country/SOM/indicator/IC.ELC.OUTG.ZS?format=json&per_page=1000&date=1960:2025&source=2
IC.ELC.OUTG.ZS,Firms experiencing electrical outages (% of firms),business_electricity,SOM,1992,,% of firms,,missing,WDI_IC.ELC.OUTG.ZS,2026-07-13,https://api.worldbank.org/v2/country/SOM/indicator/IC.ELC.OUTG.ZS?format=json&per_page=1000&date=1960:2025&source=2
IC.ELC.OUTG.ZS,Firms experiencing electrical outages (% of firms),business_electricity,SOM,1993,,% of firms,,missing,WDI_IC.ELC.OUTG.ZS,2026-07-13,https://api.worldbank.org/v2/country/SOM/indicator/IC.ELC.OUTG.ZS?format=json&per_page=1000&date=1960:2025&source=2
IC.ELC.OUTG.ZS,Firms experiencing electrical outages (% of firms),business_electricity,SOM,1994,,% of firms,,missing,WDI_IC.ELC.OUTG.ZS,2026-07-13,https://api.worldbank.org/v2/country/SOM/indicator/IC.ELC.OUTG.ZS?format=json&per_page=1000&date=1960:2025&source=2
IC.ELC.OUTG.ZS,Firms experiencing electrical outages (% of firms),business_electricity,SOM,1995,,% of firms,,missing,WDI_IC.ELC.OUTG.ZS,2026-07-13,https://api.worldbank.org/v2/country/SOM/indicator/IC.ELC.OUTG.ZS?format=json&per_page=1000&date=1960:2025&source=2
IC.ELC.OUTG.ZS,Firms experiencing electrical outages (% of firms),business_electricity,SOM,1996,,% of firms,,missing,WDI_IC.ELC.OUTG.ZS,2026-07-13,https://api.worldbank.org/v2/country/SOM/indicator/IC.ELC.OUTG.ZS?format=json&per_page=1000&date=1960:2025&source=2
IC.ELC.OUTG.ZS,Firms experiencing electrical outages (% of firms),business_electricity,SOM,1997,,% of firms,,missing,WDI_IC.ELC.OUTG.ZS,2026-07-13,https://api.worldbank.org/v2/country/SOM/indicator/IC.ELC.OUTG.ZS?format=json&per_page=1000&date=1960:2025&source=2
IC.ELC.OUTG.ZS,Firms experiencing electrical outages (% of firms),business_electricity,SOM,1998,,% of firms,,missing,WDI_IC.ELC.OUTG.ZS,2026-07-13,https://api.worldbank.org/v2/country/SOM/indicator/IC.ELC.OUTG.ZS?format=json&per_page=1000&date=1960:2025&source=2
IC.ELC.OUTG.ZS,Firms experiencing electrical outages (% of firms),business_electricity,SOM,1999,,% of firms,,missing,WDI_IC.ELC.OUTG.ZS,2026-07-13,https://api.worldbank.org/v2/country/SOM/indicator/IC.ELC.OUTG.ZS?format=json&per_page=1000&date=1960:2025&source=2
IC.ELC.OUTG.ZS,Firms experiencing electrical outages (% of firms),business_electricity,SOM,2000,,% of firms,,missing,WDI_IC.ELC.OUTG.ZS,2026-07-13,https://api.worldbank.org/v2/country/SOM/indicator/IC.ELC.OUTG.ZS?format=json&per_page=1000&date=1960:2025&source=2
IC.ELC.OUTG.ZS,Firms experiencing electrical outages (% of firms),business_electricity,SOM,2001,,% of firms,,missing,WDI_IC.ELC.OUTG.ZS,2026-07-13,https://api.worldbank.org/v2/country/SOM/indicator/IC.ELC.OUTG.ZS?format=json&per_page=1000&date=1960:2025&source=2
IC.ELC.OUTG.ZS,Firms experiencing electrical outages (% of firms),business_electricity,SOM,2002,,% of firms,,missing,WDI_IC.ELC.OUTG.ZS,2026-07-13,https://api.worldbank.org/v2/country/SOM/indicator/IC.ELC.OUTG.ZS?format=json&per_page=1000&date=1960:2025&source=2
IC.ELC.OUTG.ZS,Firms experiencing electrical outages (% of firms),business_electricity,SOM,2003,,% of firms,,missing,WDI_IC.ELC.OUTG.ZS,2026-07-13,https://api.worldbank.org/v2/country/SOM/indicator/IC.ELC.OUTG.ZS?format=json&per_page=1000&date=1960:2025&source=2
IC.ELC.OUTG.ZS,Firms experiencing electrical outages (% of firms),business_electricity,SOM,2004,,% of firms,,missing,WDI_IC.ELC.OUTG.ZS,2026-07-13,https://api.worldbank.org/v2/country/SOM/indicator/IC.ELC.OUTG.ZS?format=json&per_page=1000&date=1960:2025&source=2
IC.ELC.OUTG.ZS,Firms experiencing electrical outages (% of firms),business_electricity,SOM,2005,,% of firms,,missing,WDI_IC.ELC.OUTG.ZS,2026-07-13,https://api.worldbank.org/v2/country/SOM/indicator/IC.ELC.OUTG.ZS?format=json&per_page=1000&date=1960:2025&source=2
IC.ELC.OUTG.ZS,Firms experiencing electrical outages (% of firms),business_electricity,SOM,2006,,% of firms,,missing,WDI_IC.ELC.OUTG.ZS,2026-07-13,https://api.worldbank.org/v2/country/SOM/indicator/IC.ELC.OUTG.ZS?format=json&per_page=1000&date=1960:2025&source=2
IC.ELC.OUTG.ZS,Firms experiencing electrical outages (% of firms),business_electricity,SOM,2007,,% of firms,,missing,WDI_IC.ELC.OUTG.ZS,2026-07-13,https://api.worldbank.org/v2/country/SOM/indicator/IC.ELC.OUTG.ZS?format=json&per_page=1000&date=1960:2025&source=2
IC.ELC.OUTG.ZS,Firms experiencing electrical outages (% of firms),business_electricity,SOM,2008,,% of firms,,missing,WDI_IC.ELC.OUTG.ZS,2026-07-13,https://api.worldbank.org/v2/country/SOM/indicator/IC.ELC.OUTG.ZS?format=json&per_page=1000&date=1960:2025&source=2
IC.ELC.OUTG.ZS,Firms experiencing electrical outages (% of firms),business_electricity,SOM,2009,,% of firms,,missing,WDI_IC.ELC.OUTG.ZS,2026-07-13,https://api.worldbank.org/v2/country/SOM/indicator/IC.ELC.OUTG.ZS?format=json&per_page=1000&date=1960:2025&source=2
IC.ELC.OUTG.ZS,Firms experiencing electrical outages (% of firms),business_electricity,SOM,2010,,% of firms,,missing,WDI_IC.ELC.OUTG.ZS,2026-07-13,https://api.worldbank.org/v2/country/SOM/indicator/IC.ELC.OUTG.ZS?format=json&per_page=1000&date=1960:2025&source=2
IC.ELC.OUTG.ZS,Firms experiencing electrical outages (% of firms),business_electricity,SOM,2011,,% of firms,,missing,WDI_IC.ELC.OUTG.ZS,2026-07-13,https://api.worldbank.org/v2/country/SOM/indicator/IC.ELC.OUTG.ZS?format=json&per_page=1000&date=1960:2025&source=2
IC.ELC.OUTG.ZS,Firms experiencing electrical outages (% of firms),business_electricity,SOM,2012,,% of firms,,missing,WDI_IC.ELC.OUTG.ZS,2026-07-13,https://api.worldbank.org/v2/country/SOM/indicator/IC.ELC.OUTG.ZS?format=json&per_page=1000&date=1960:2025&source=2
IC.ELC.OUTG.ZS,Firms experiencing electrical outages (% of firms),business_electricity,SOM,2013,,% of firms,,missing,WDI_IC.ELC.OUTG.ZS,2026-07-13,https://api.worldbank.org/v2/country/SOM/indicator/IC.ELC.OUTG.ZS?format=json&per_page=1000&date=1960:2025&source=2
IC.ELC.OUTG.ZS,Firms experiencing electrical outages (% of firms),business_electricity,SOM,2014,,% of firms,,missing,WDI_IC.ELC.OUTG.ZS,2026-07-13,https://api.worldbank.org/v2/country/SOM/indicator/IC.ELC.OUTG.ZS?format=json&per_page=1000&date=1960:2025&source=2
IC.ELC.OUTG.ZS,Firms experiencing electrical outages (% of firms),business_electricity,SOM,2015,,% of firms,,missing,WDI_IC.ELC.OUTG.ZS,2026-07-13,https://api.worldbank.org/v2/country/SOM/indicator/IC.ELC.OUTG.ZS?format=json&per_page=1000&date=1960:2025&source=2
IC.ELC.OUTG.ZS,Firms experiencing electrical outages (% of firms),business_electricity,SOM,2016,,% of firms,,missing,WDI_IC.ELC.OUTG.ZS,2026-07-13,https://api.worldbank.org/v2/country/SOM/indicator/IC.ELC.OUTG.ZS?format=json&per_page=1000&date=1960:2025&source=2
IC.ELC.OUTG.ZS,Firms experiencing electrical outages (% of firms),business_electricity,SOM,2017,,% of firms,,missing,WDI_IC.ELC.OUTG.ZS,2026-07-13,https://api.worldbank.org/v2/country/SOM/indicator/IC.ELC.OUTG.ZS?format=json&per_page=1000&date=1960:2025&source=2
IC.ELC.OUTG.ZS,Firms experiencing electrical outages (% of firms),business_electricity,SOM,2018,,% of firms,,missing,WDI_IC.ELC.OUTG.ZS,2026-07-13,https://api.worldbank.org/v2/country/SOM/indicator/IC.ELC.OUTG.ZS?format=json&per_page=1000&date=1960:2025&source=2
IC.ELC.OUTG.ZS,Firms experiencing electrical outages (% of firms),business_electricity,SOM,2019,,% of firms,,missing,WDI_IC.ELC.OUTG.ZS,2026-07-13,https://api.worldbank.org/v2/country/SOM/indicator/IC.ELC.OUTG.ZS?format=json&per_page=1000&date=1960:2025&source=2
IC.ELC.OUTG.ZS,Firms experiencing electrical outages (% of firms),business_electricity,SOM,2020,,% of firms,,missing,WDI_IC.ELC.OUTG.ZS,2026-07-13,https://api.worldbank.org/v2/country/SOM/indicator/IC.ELC.OUTG.ZS?format=json&per_page=1000&date=1960:2025&source=2
IC.ELC.OUTG.ZS,Firms experiencing electrical outages (% of firms),business_electricity,SOM,2021,,% of firms,,missing,WDI_IC.ELC.OUTG.ZS,2026-07-13,https://api.worldbank.org/v2/country/SOM/indicator/IC.ELC.OUTG.ZS?format=json&per_page=1000&date=1960:2025&source=2
IC.ELC.OUTG.ZS,Firms experiencing electrical outages (% of firms),business_electricity,SOM,2022,,% of firms,,missing,WDI_IC.ELC.OUTG.ZS,2026-07-13,https://api.worldbank.org/v2/country/SOM/indicator/IC.ELC.OUTG.ZS?format=json&per_page=1000&date=1960:2025&source=2
IC.ELC.OUTG.ZS,Firms experiencing electrical outages (% of firms),business_electricity,SOM,2023,,% of firms,,missing,WDI_IC.ELC.OUTG.ZS,2026-07-13,https://api.worldbank.org/v2/country/SOM/indicator/IC.ELC.OUTG.ZS?format=json&per_page=1000&date=1960:2025&source=2
IC.ELC.OUTG.ZS,Firms experiencing electrical outages (% of firms),business_electricity,SOM,2024,,% of firms,,missing,WDI_IC.ELC.OUTG.ZS,2026-07-13,https://api.worldbank.org/v2/country/SOM/indicator/IC.ELC.OUTG.ZS?format=json&per_page=1000&date=1960:2025&source=2
IC.ELC.OUTG.ZS,Firms experiencing electrical outages (% of firms),business_electricity,SOM,2025,52.56361389,% of firms,,source_reported,WDI_IC.ELC.OUTG.ZS,2026-07-13,https://api.worldbank.org/v2/country/SOM/indicator/IC.ELC.OUTG.ZS?format=json&per_page=1000&date=1960:2025&source=2
IC.FRM.OUTG.ZS,Value lost due to electrical outages (% of sales for affected firms),business_electricity,SOM,1960,,% of sales for affected firms,,missing,WDI_IC.FRM.OUTG.ZS,2026-07-13,https://api.worldbank.org/v2/country/SOM/indicator/IC.FRM.OUTG.ZS?format=json&per_page=1000&date=1960:2025&source=2
IC.FRM.OUTG.ZS,Value lost due to electrical outages (% of sales for affected firms),business_electricity,SOM,1961,,% of sales for affected firms,,missing,WDI_IC.FRM.OUTG.ZS,2026-07-13,https://api.worldbank.org/v2/country/SOM/indicator/IC.FRM.OUTG.ZS?format=json&per_page=1000&date=1960:2025&source=2
IC.FRM.OUTG.ZS,Value lost due to electrical outages (% of sales for affected firms),business_electricity,SOM,1962,,% of sales for affected firms,,missing,WDI_IC.FRM.OUTG.ZS,2026-07-13,https://api.worldbank.org/v2/country/SOM/indicator/IC.FRM.OUTG.ZS?format=json&per_page=1000&date=1960:2025&source=2
IC.FRM.OUTG.ZS,Value lost due to electrical outages (% of sales for affected firms),business_electricity,SOM,1963,,% of sales for affected firms,,missing,WDI_IC.FRM.OUTG.ZS,2026-07-13,https://api.worldbank.org/v2/country/SOM/indicator/IC.FRM.OUTG.ZS?format=json&per_page=1000&date=1960:2025&source=2
IC.FRM.OUTG.ZS,Value lost due to electrical outages (% of sales for affected firms),business_electricity,SOM,1964,,% of sales for affected firms,,missing,WDI_IC.FRM.OUTG.ZS,2026-07-13,https://api.worldbank.org/v2/country/SOM/indicator/IC.FRM.OUTG.ZS?format=json&per_page=1000&date=1960:2025&source=2
IC.FRM.OUTG.ZS,Value lost due to electrical outages (% of sales for affected firms),business_electricity,SOM,1965,,% of sales for affected firms,,missing,WDI_IC.FRM.OUTG.ZS,2026-07-13,https://api.worldbank.org/v2/country/SOM/indicator/IC.FRM.OUTG.ZS?format=json&per_page=1000&date=1960:2025&source=2
IC.FRM.OUTG.ZS,Value lost due to electrical outages (% of sales for affected firms),business_electricity,SOM,1966,,% of sales for affected firms,,missing,WDI_IC.FRM.OUTG.ZS,2026-07-13,https://api.worldbank.org/v2/country/SOM/indicator/IC.FRM.OUTG.ZS?format=json&per_page=1000&date=1960:2025&source=2
IC.FRM.OUTG.ZS,Value lost due to electrical outages (% of sales for affected firms),business_electricity,SOM,1967,,% of sales for affected firms,,missing,WDI_IC.FRM.OUTG.ZS,2026-07-13,https://api.worldbank.org/v2/country/SOM/indicator/IC.FRM.OUTG.ZS?format=json&per_page=1000&date=1960:2025&source=2
IC.FRM.OUTG.ZS,Value lost due to electrical outages (% of sales for affected firms),business_electricity,SOM,1968,,% of sales for affected firms,,missing,WDI_IC.FRM.OUTG.ZS,2026-07-13,https://api.worldbank.org/v2/country/SOM/indicator/IC.FRM.OUTG.ZS?format=json&per_page=1000&date=1960:2025&source=2
IC.FRM.OUTG.ZS,Value lost due to electrical outages (% of sales for affected firms),business_electricity,SOM,1969,,% of sales for affected firms,,missing,WDI_IC.FRM.OUTG.ZS,2026-07-13,https://api.worldbank.org/v2/country/SOM/indicator/IC.FRM.OUTG.ZS?format=json&per_page=1000&date=1960:2025&source=2
IC.FRM.OUTG.ZS,Value lost due to electrical outages (% of sales for affected firms),business_electricity,SOM,1970,,% of sales for affected firms,,missing,WDI_IC.FRM.OUTG.ZS,2026-07-13,https://api.worldbank.org/v2/country/SOM/indicator/IC.FRM.OUTG.ZS?format=json&per_page=1000&date=1960:2025&source=2
IC.FRM.OUTG.ZS,Value lost due to electrical outages (% of sales for affected firms),business_electricity,SOM,1971,,% of sales for affected firms,,missing,WDI_IC.FRM.OUTG.ZS,2026-07-13,https://api.worldbank.org/v2/country/SOM/indicator/IC.FRM.OUTG.ZS?format=json&per_page=1000&date=1960:2025&source=2
IC.FRM.OUTG.ZS,Value lost due to electrical outages (% of sales for affected firms),business_electricity,SOM,1972,,% of sales for affected firms,,missing,WDI_IC.FRM.OUTG.ZS,2026-07-13,https://api.worldbank.org/v2/country/SOM/indicator/IC.FRM.OUTG.ZS?format=json&per_page=1000&date=1960:2025&source=2
IC.FRM.OUTG.ZS,Value lost due to electrical outages (% of sales for affected firms),business_electricity,SOM,1973,,% of sales for affected firms,,missing,WDI_IC.FRM.OUTG.ZS,2026-07-13,https://api.worldbank.org/v2/country/SOM/indicator/IC.FRM.OUTG.ZS?format=json&per_page=1000&date=1960:2025&source=2
IC.FRM.OUTG.ZS,Value lost due to electrical outages (% of sales for affected firms),business_electricity,SOM,1974,,% of sales for affected firms,,missing,WDI_IC.FRM.OUTG.ZS,2026-07-13,https://api.worldbank.org/v2/country/SOM/indicator/IC.FRM.OUTG.ZS?format=json&per_page=1000&date=1960:2025&source=2
IC.FRM.OUTG.ZS,Value lost due to electrical outages (% of sales for affected firms),business_electricity,SOM,1975,,% of sales for affected firms,,missing,WDI_IC.FRM.OUTG.ZS,2026-07-13,https://api.worldbank.org/v2/country/SOM/indicator/IC.FRM.OUTG.ZS?format=json&per_page=1000&date=1960:2025&source=2
IC.FRM.OUTG.ZS,Value lost due to electrical outages (% of sales for affected firms),business_electricity,SOM,1976,,% of sales for affected firms,,missing,WDI_IC.FRM.OUTG.ZS,2026-07-13,https://api.worldbank.org/v2/country/SOM/indicator/IC.FRM.OUTG.ZS?format=json&per_page=1000&date=1960:2025&source=2
IC.FRM.OUTG.ZS,Value lost due to electrical outages (% of sales for affected firms),business_electricity,SOM,1977,,% of sales for affected firms,,missing,WDI_IC.FRM.OUTG.ZS,2026-07-13,https://api.worldbank.org/v2/country/SOM/indicator/IC.FRM.OUTG.ZS?format=json&per_page=1000&date=1960:2025&source=2
IC.FRM.OUTG.ZS,Value lost due to electrical outages (% of sales for affected firms),business_electricity,SOM,1978,,% of sales for affected firms,,missing,WDI_IC.FRM.OUTG.ZS,2026-07-13,https://api.worldbank.org/v2/country/SOM/indicator/IC.FRM.OUTG.ZS?format=json&per_page=1000&date=1960:2025&source=2
IC.FRM.OUTG.ZS,Value lost due to electrical outages (% of sales for affected firms),business_electricity,SOM,1979,,% of sales for affected firms,,missing,WDI_IC.FRM.OUTG.ZS,2026-07-13,https://api.worldbank.org/v2/country/SOM/indicator/IC.FRM.OUTG.ZS?format=json&per_page=1000&date=1960:2025&source=2
IC.FRM.OUTG.ZS,Value lost due to electrical outages (% of sales for affected firms),business_electricity,SOM,1980,,% of sales for affected firms,,missing,WDI_IC.FRM.OUTG.ZS,2026-07-13,https://api.worldbank.org/v2/country/SOM/indicator/IC.FRM.OUTG.ZS?format=json&per_page=1000&date=1960:2025&source=2
IC.FRM.OUTG.ZS,Value lost due to electrical outages (% of sales for affected firms),business_electricity,SOM,1981,,% of sales for affected firms,,missing,WDI_IC.FRM.OUTG.ZS,2026-07-13,https://api.worldbank.org/v2/country/SOM/indicator/IC.FRM.OUTG.ZS?format=json&per_page=1000&date=1960:2025&source=2
IC.FRM.OUTG.ZS,Value lost due to electrical outages (% of sales for affected firms),business_electricity,SOM,1982,,% of sales for affected firms,,missing,WDI_IC.FRM.OUTG.ZS,2026-07-13,https://api.worldbank.org/v2/country/SOM/indicator/IC.FRM.OUTG.ZS?format=json&per_page=1000&date=1960:2025&source=2
IC.FRM.OUTG.ZS,Value lost due to electrical outages (% of sales for affected firms),business_electricity,SOM,1983,,% of sales for affected firms,,missing,WDI_IC.FRM.OUTG.ZS,2026-07-13,https://api.worldbank.org/v2/country/SOM/indicator/IC.FRM.OUTG.ZS?format=json&per_page=1000&date=1960:2025&source=2
IC.FRM.OUTG.ZS,Value lost due to electrical outages (% of sales for affected firms),business_electricity,SOM,1984,,% of sales for affected firms,,missing,WDI_IC.FRM.OUTG.ZS,2026-07-13,https://api.worldbank.org/v2/country/SOM/indicator/IC.FRM.OUTG.ZS?format=json&per_page=1000&date=1960:2025&source=2
IC.FRM.OUTG.ZS,Value lost due to electrical outages (% of sales for affected firms),business_electricity,SOM,1985,,% of sales for affected firms,,missing,WDI_IC.FRM.OUTG.ZS,2026-07-13,https://api.worldbank.org/v2/country/SOM/indicator/IC.FRM.OUTG.ZS?format=json&per_page=1000&date=1960:2025&source=2
IC.FRM.OUTG.ZS,Value lost due to electrical outages (% of sales for affected firms),business_electricity,SOM,1986,,% of sales for affected firms,,missing,WDI_IC.FRM.OUTG.ZS,2026-07-13,https://api.worldbank.org/v2/country/SOM/indicator/IC.FRM.OUTG.ZS?format=json&per_page=1000&date=1960:2025&source=2
IC.FRM.OUTG.ZS,Value lost due to electrical outages (% of sales for affected firms),business_electricity,SOM,1987,,% of sales for affected firms,,missing,WDI_IC.FRM.OUTG.ZS,2026-07-13,https://api.worldbank.org/v2/country/SOM/indicator/IC.FRM.OUTG.ZS?format=json&per_page=1000&date=1960:2025&source=2
IC.FRM.OUTG.ZS,Value lost due to electrical outages (% of sales for affected firms),business_electricity,SOM,1988,,% of sales for affected firms,,missing,WDI_IC.FRM.OUTG.ZS,2026-07-13,https://api.worldbank.org/v2/country/SOM/indicator/IC.FRM.OUTG.ZS?format=json&per_page=1000&date=1960:2025&source=2
IC.FRM.OUTG.ZS,Value lost due to electrical outages (% of sales for affected firms),business_electricity,SOM,1989,,% of sales for affected firms,,missing,WDI_IC.FRM.OUTG.ZS,2026-07-13,https://api.worldbank.org/v2/country/SOM/indicator/IC.FRM.OUTG.ZS?format=json&per_page=1000&date=1960:2025&source=2
IC.FRM.OUTG.ZS,Value lost due to electrical outages (% of sales for affected firms),business_electricity,SOM,1990,,% of sales for affected firms,,missing,WDI_IC.FRM.OUTG.ZS,2026-07-13,https://api.worldbank.org/v2/country/SOM/indicator/IC.FRM.OUTG.ZS?format=json&per_page=1000&date=1960:2025&source=2
IC.FRM.OUTG.ZS,Value lost due to electrical outages (% of sales for affected firms),business_electricity,SOM,1991,,% of sales for affected firms,,missing,WDI_IC.FRM.OUTG.ZS,2026-07-13,https://api.worldbank.org/v2/country/SOM/indicator/IC.FRM.OUTG.ZS?format=json&per_page=1000&date=1960:2025&source=2
IC.FRM.OUTG.ZS,Value lost due to electrical outages (% of sales for affected firms),business_electricity,SOM,1992,,% of sales for affected firms,,missing,WDI_IC.FRM.OUTG.ZS,2026-07-13,https://api.worldbank.org/v2/country/SOM/indicator/IC.FRM.OUTG.ZS?format=json&per_page=1000&date=1960:2025&source=2
IC.FRM.OUTG.ZS,Value lost due to electrical outages (% of sales for affected firms),business_electricity,SOM,1993,,% of sales for affected firms,,missing,WDI_IC.FRM.OUTG.ZS,2026-07-13,https://api.worldbank.org/v2/country/SOM/indicator/IC.FRM.OUTG.ZS?format=json&per_page=1000&date=1960:2025&source=2
IC.FRM.OUTG.ZS,Value lost due to electrical outages (% of sales for affected firms),business_electricity,SOM,1994,,% of sales for affected firms,,missing,WDI_IC.FRM.OUTG.ZS,2026-07-13,https://api.worldbank.org/v2/country/SOM/indicator/IC.FRM.OUTG.ZS?format=json&per_page=1000&date=1960:2025&source=2
IC.FRM.OUTG.ZS,Value lost due to electrical outages (% of sales for affected firms),business_electricity,SOM,1995,,% of sales for affected firms,,missing,WDI_IC.FRM.OUTG.ZS,2026-07-13,https://api.worldbank.org/v2/country/SOM/indicator/IC.FRM.OUTG.ZS?format=json&per_page=1000&date=1960:2025&source=2
IC.FRM.OUTG.ZS,Value lost due to electrical outages (% of sales for affected firms),business_electricity,SOM,1996,,% of sales for affected firms,,missing,WDI_IC.FRM.OUTG.ZS,2026-07-13,https://api.worldbank.org/v2/country/SOM/indicator/IC.FRM.OUTG.ZS?format=json&per_page=1000&date=1960:2025&source=2
IC.FRM.OUTG.ZS,Value lost due to electrical outages (% of sales for affected firms),business_electricity,SOM,1997,,% of sales for affected firms,,missing,WDI_IC.FRM.OUTG.ZS,2026-07-13,https://api.worldbank.org/v2/country/SOM/indicator/IC.FRM.OUTG.ZS?format=json&per_page=1000&date=1960:2025&source=2
IC.FRM.OUTG.ZS,Value lost due to electrical outages (% of sales for affected firms),business_electricity,SOM,1998,,% of sales for affected firms,,missing,WDI_IC.FRM.OUTG.ZS,2026-07-13,https://api.worldbank.org/v2/country/SOM/indicator/IC.FRM.OUTG.ZS?format=json&per_page=1000&date=1960:2025&source=2
IC.FRM.OUTG.ZS,Value lost due to electrical outages (% of sales for affected firms),business_electricity,SOM,1999,,% of sales for affected firms,,missing,WDI_IC.FRM.OUTG.ZS,2026-07-13,https://api.worldbank.org/v2/country/SOM/indicator/IC.FRM.OUTG.ZS?format=json&per_page=1000&date=1960:2025&source=2
IC.FRM.OUTG.ZS,Value lost due to electrical outages (% of sales for affected firms),business_electricity,SOM,2000,,% of sales for affected firms,,missing,WDI_IC.FRM.OUTG.ZS,2026-07-13,https://api.worldbank.org/v2/country/SOM/indicator/IC.FRM.OUTG.ZS?format=json&per_page=1000&date=1960:2025&source=2
IC.FRM.OUTG.ZS,Value lost due to electrical outages (% of sales for affected firms),business_electricity,SOM,2001,,% of sales for affected firms,,missing,WDI_IC.FRM.OUTG.ZS,2026-07-13,https://api.worldbank.org/v2/country/SOM/indicator/IC.FRM.OUTG.ZS?format=json&per_page=1000&date=1960:2025&source=2
IC.FRM.OUTG.ZS,Value lost due to electrical outages (% of sales for affected firms),business_electricity,SOM,2002,,% of sales for affected firms,,missing,WDI_IC.FRM.OUTG.ZS,2026-07-13,https://api.worldbank.org/v2/country/SOM/indicator/IC.FRM.OUTG.ZS?format=json&per_page=1000&date=1960:2025&source=2
IC.FRM.OUTG.ZS,Value lost due to electrical outages (% of sales for affected firms),business_electricity,SOM,2003,,% of sales for affected firms,,missing,WDI_IC.FRM.OUTG.ZS,2026-07-13,https://api.worldbank.org/v2/country/SOM/indicator/IC.FRM.OUTG.ZS?format=json&per_page=1000&date=1960:2025&source=2
IC.FRM.OUTG.ZS,Value lost due to electrical outages (% of sales for affected firms),business_electricity,SOM,2004,,% of sales for affected firms,,missing,WDI_IC.FRM.OUTG.ZS,2026-07-13,https://api.worldbank.org/v2/country/SOM/indicator/IC.FRM.OUTG.ZS?format=json&per_page=1000&date=1960:2025&source=2
IC.FRM.OUTG.ZS,Value lost due to electrical outages (% of sales for affected firms),business_electricity,SOM,2005,,% of sales for affected firms,,missing,WDI_IC.FRM.OUTG.ZS,2026-07-13,https://api.worldbank.org/v2/country/SOM/indicator/IC.FRM.OUTG.ZS?format=json&per_page=1000&date=1960:2025&source=2
IC.FRM.OUTG.ZS,Value lost due to electrical outages (% of sales for affected firms),business_electricity,SOM,2006,,% of sales for affected firms,,missing,WDI_IC.FRM.OUTG.ZS,2026-07-13,https://api.worldbank.org/v2/country/SOM/indicator/IC.FRM.OUTG.ZS?format=json&per_page=1000&date=1960:2025&source=2
IC.FRM.OUTG.ZS,Value lost due to electrical outages (% of sales for affected firms),business_electricity,SOM,2007,,% of sales for affected firms,,missing,WDI_IC.FRM.OUTG.ZS,2026-07-13,https://api.worldbank.org/v2/country/SOM/indicator/IC.FRM.OUTG.ZS?format=json&per_page=1000&date=1960:2025&source=2
IC.FRM.OUTG.ZS,Value lost due to electrical outages (% of sales for affected firms),business_electricity,SOM,2008,,% of sales for affected firms,,missing,WDI_IC.FRM.OUTG.ZS,2026-07-13,https://api.worldbank.org/v2/country/SOM/indicator/IC.FRM.OUTG.ZS?format=json&per_page=1000&date=1960:2025&source=2
IC.FRM.OUTG.ZS,Value lost due to electrical outages (% of sales for affected firms),business_electricity,SOM,2009,,% of sales for affected firms,,missing,WDI_IC.FRM.OUTG.ZS,2026-07-13,https://api.worldbank.org/v2/country/SOM/indicator/IC.FRM.OUTG.ZS?format=json&per_page=1000&date=1960:2025&source=2
IC.FRM.OUTG.ZS,Value lost due to electrical outages (% of sales for affected firms),business_electricity,SOM,2010,,% of sales for affected firms,,missing,WDI_IC.FRM.OUTG.ZS,2026-07-13,https://api.worldbank.org/v2/country/SOM/indicator/IC.FRM.OUTG.ZS?format=json&per_page=1000&date=1960:2025&source=2
IC.FRM.OUTG.ZS,Value lost due to electrical outages (% of sales for affected firms),business_electricity,SOM,2011,,% of sales for affected firms,,missing,WDI_IC.FRM.OUTG.ZS,2026-07-13,https://api.worldbank.org/v2/country/SOM/indicator/IC.FRM.OUTG.ZS?format=json&per_page=1000&date=1960:2025&source=2
IC.FRM.OUTG.ZS,Value lost due to electrical outages (% of sales for affected firms),business_electricity,SOM,2012,,% of sales for affected firms,,missing,WDI_IC.FRM.OUTG.ZS,2026-07-13,https://api.worldbank.org/v2/country/SOM/indicator/IC.FRM.OUTG.ZS?format=json&per_page=1000&date=1960:2025&source=2
IC.FRM.OUTG.ZS,Value lost due to electrical outages (% of sales for affected firms),business_electricity,SOM,2013,,% of sales for affected firms,,missing,WDI_IC.FRM.OUTG.ZS,2026-07-13,https://api.worldbank.org/v2/country/SOM/indicator/IC.FRM.OUTG.ZS?format=json&per_page=1000&date=1960:2025&source=2
IC.FRM.OUTG.ZS,Value lost due to electrical outages (% of sales for affected firms),business_electricity,SOM,2014,,% of sales for affected firms,,missing,WDI_IC.FRM.OUTG.ZS,2026-07-13,https://api.worldbank.org/v2/country/SOM/indicator/IC.FRM.OUTG.ZS?format=json&per_page=1000&date=1960:2025&source=2
IC.FRM.OUTG.ZS,Value lost due to electrical outages (% of sales for affected firms),business_electricity,SOM,2015,,% of sales for affected firms,,missing,WDI_IC.FRM.OUTG.ZS,2026-07-13,https://api.worldbank.org/v2/country/SOM/indicator/IC.FRM.OUTG.ZS?format=json&per_page=1000&date=1960:2025&source=2
IC.FRM.OUTG.ZS,Value lost due to electrical outages (% of sales for affected firms),business_electricity,SOM,2016,,% of sales for affected firms,,missing,WDI_IC.FRM.OUTG.ZS,2026-07-13,https://api.worldbank.org/v2/country/SOM/indicator/IC.FRM.OUTG.ZS?format=json&per_page=1000&date=1960:2025&source=2
IC.FRM.OUTG.ZS,Value lost due to electrical outages (% of sales for affected firms),business_electricity,SOM,2017,,% of sales for affected firms,,missing,WDI_IC.FRM.OUTG.ZS,2026-07-13,https://api.worldbank.org/v2/country/SOM/indicator/IC.FRM.OUTG.ZS?format=json&per_page=1000&date=1960:2025&source=2
IC.FRM.OUTG.ZS,Value lost due to electrical outages (% of sales for affected firms),business_electricity,SOM,2018,,% of sales for affected firms,,missing,WDI_IC.FRM.OUTG.ZS,2026-07-13,https://api.worldbank.org/v2/country/SOM/indicator/IC.FRM.OUTG.ZS?format=json&per_page=1000&date=1960:2025&source=2
IC.FRM.OUTG.ZS,Value lost due to electrical outages (% of sales for affected firms),business_electricity,SOM,2019,,% of sales for affected firms,,missing,WDI_IC.FRM.OUTG.ZS,2026-07-13,https://api.worldbank.org/v2/country/SOM/indicator/IC.FRM.OUTG.ZS?format=json&per_page=1000&date=1960:2025&source=2
IC.FRM.OUTG.ZS,Value lost due to electrical outages (% of sales for affected firms),business_electricity,SOM,2020,,% of sales for affected firms,,missing,WDI_IC.FRM.OUTG.ZS,2026-07-13,https://api.worldbank.org/v2/country/SOM/indicator/IC.FRM.OUTG.ZS?format=json&per_page=1000&date=1960:2025&source=2
IC.FRM.OUTG.ZS,Value lost due to electrical outages (% of sales for affected firms),business_electricity,SOM,2021,,% of sales for affected firms,,missing,WDI_IC.FRM.OUTG.ZS,2026-07-13,https://api.worldbank.org/v2/country/SOM/indicator/IC.FRM.OUTG.ZS?format=json&per_page=1000&date=1960:2025&source=2
IC.FRM.OUTG.ZS,Value lost due to electrical outages (% of sales for affected firms),business_electricity,SOM,2022,,% of sales for affected firms,,missing,WDI_IC.FRM.OUTG.ZS,2026-07-13,https://api.worldbank.org/v2/country/SOM/indicator/IC.FRM.OUTG.ZS?format=json&per_page=1000&date=1960:2025&source=2
IC.FRM.OUTG.ZS,Value lost due to electrical outages (% of sales for affected firms),business_electricity,SOM,2023,,% of sales for affected firms,,missing,WDI_IC.FRM.OUTG.ZS,2026-07-13,https://api.worldbank.org/v2/country/SOM/indicator/IC.FRM.OUTG.ZS?format=json&per_page=1000&date=1960:2025&source=2
IC.FRM.OUTG.ZS,Value lost due to electrical outages (% of sales for affected firms),business_electricity,SOM,2024,,% of sales for affected firms,,missing,WDI_IC.FRM.OUTG.ZS,2026-07-13,https://api.worldbank.org/v2/country/SOM/indicator/IC.FRM.OUTG.ZS?format=json&per_page=1000&date=1960:2025&source=2
IC.FRM.OUTG.ZS,Value lost due to electrical outages (% of sales for affected firms),business_electricity,SOM,2025,0,% of sales for affected firms,,source_reported,WDI_IC.FRM.OUTG.ZS,2026-07-13,https://api.worldbank.org/v2/country/SOM/indicator/IC.FRM.OUTG.ZS?format=json&per_page=1000&date=1960:2025&source=2
IT.CEL.SETS.P2,Mobile cellular subscriptions (per 100 people),infrastructure,SOM,1960,0,subscriptions/100 people,,source_reported,WDI_IT.CEL.SETS.P2,2026-07-13,https://api.worldbank.org/v2/country/SOM/indicator/IT.CEL.SETS.P2?format=json&per_page=1000&date=1960:2025&source=2
IT.CEL.SETS.P2,Mobile cellular subscriptions (per 100 people),infrastructure,SOM,1961,,subscriptions/100 people,,missing,WDI_IT.CEL.SETS.P2,2026-07-13,https://api.worldbank.org/v2/country/SOM/indicator/IT.CEL.SETS.P2?format=json&per_page=1000&date=1960:2025&source=2
IT.CEL.SETS.P2,Mobile cellular subscriptions (per 100 people),infrastructure,SOM,1962,,subscriptions/100 people,,missing,WDI_IT.CEL.SETS.P2,2026-07-13,https://api.worldbank.org/v2/country/SOM/indicator/IT.CEL.SETS.P2?format=json&per_page=1000&date=1960:2025&source=2
IT.CEL.SETS.P2,Mobile cellular subscriptions (per 100 people),infrastructure,SOM,1963,,subscriptions/100 people,,missing,WDI_IT.CEL.SETS.P2,2026-07-13,https://api.worldbank.org/v2/country/SOM/indicator/IT.CEL.SETS.P2?format=json&per_page=1000&date=1960:2025&source=2
IT.CEL.SETS.P2,Mobile cellular subscriptions (per 100 people),infrastructure,SOM,1964,,subscriptions/100 people,,missing,WDI_IT.CEL.SETS.P2,2026-07-13,https://api.worldbank.org/v2/country/SOM/indicator/IT.CEL.SETS.P2?format=json&per_page=1000&date=1960:2025&source=2
IT.CEL.SETS.P2,Mobile cellular subscriptions (per 100 people),infrastructure,SOM,1965,0,subscriptions/100 people,,source_reported,WDI_IT.CEL.SETS.P2,2026-07-13,https://api.worldbank.org/v2/country/SOM/indicator/IT.CEL.SETS.P2?format=json&per_page=1000&date=1960:2025&source=2
IT.CEL.SETS.P2,Mobile cellular subscriptions (per 100 people),infrastructure,SOM,1966,,subscriptions/100 people,,missing,WDI_IT.CEL.SETS.P2,2026-07-13,https://api.worldbank.org/v2/country/SOM/indicator/IT.CEL.SETS.P2?format=json&per_page=1000&date=1960:2025&source=2
IT.CEL.SETS.P2,Mobile cellular subscriptions (per 100 people),infrastructure,SOM,1967,,subscriptions/100 people,,missing,WDI_IT.CEL.SETS.P2,2026-07-13,https://api.worldbank.org/v2/country/SOM/indicator/IT.CEL.SETS.P2?format=json&per_page=1000&date=1960:2025&source=2
IT.CEL.SETS.P2,Mobile cellular subscriptions (per 100 people),infrastructure,SOM,1968,,subscriptions/100 people,,missing,WDI_IT.CEL.SETS.P2,2026-07-13,https://api.worldbank.org/v2/country/SOM/indicator/IT.CEL.SETS.P2?format=json&per_page=1000&date=1960:2025&source=2
IT.CEL.SETS.P2,Mobile cellular subscriptions (per 100 people),infrastructure,SOM,1969,,subscriptions/100 people,,missing,WDI_IT.CEL.SETS.P2,2026-07-13,https://api.worldbank.org/v2/country/SOM/indicator/IT.CEL.SETS.P2?format=json&per_page=1000&date=1960:2025&source=2
IT.CEL.SETS.P2,Mobile cellular subscriptions (per 100 people),infrastructure,SOM,1970,0,subscriptions/100 people,,source_reported,WDI_IT.CEL.SETS.P2,2026-07-13,https://api.worldbank.org/v2/country/SOM/indicator/IT.CEL.SETS.P2?format=json&per_page=1000&date=1960:2025&source=2
IT.CEL.SETS.P2,Mobile cellular subscriptions (per 100 people),infrastructure,SOM,1971,,subscriptions/100 people,,missing,WDI_IT.CEL.SETS.P2,2026-07-13,https://api.worldbank.org/v2/country/SOM/indicator/IT.CEL.SETS.P2?format=json&per_page=1000&date=1960:2025&source=2
IT.CEL.SETS.P2,Mobile cellular subscriptions (per 100 people),infrastructure,SOM,1972,,subscriptions/100 people,,missing,WDI_IT.CEL.SETS.P2,2026-07-13,https://api.worldbank.org/v2/country/SOM/indicator/IT.CEL.SETS.P2?format=json&per_page=1000&date=1960:2025&source=2
IT.CEL.SETS.P2,Mobile cellular subscriptions (per 100 people),infrastructure,SOM,1973,,subscriptions/100 people,,missing,WDI_IT.CEL.SETS.P2,2026-07-13,https://api.worldbank.org/v2/country/SOM/indicator/IT.CEL.SETS.P2?format=json&per_page=1000&date=1960:2025&source=2
IT.CEL.SETS.P2,Mobile cellular subscriptions (per 100 people),infrastructure,SOM,1974,,subscriptions/100 people,,missing,WDI_IT.CEL.SETS.P2,2026-07-13,https://api.worldbank.org/v2/country/SOM/indicator/IT.CEL.SETS.P2?format=json&per_page=1000&date=1960:2025&source=2
IT.CEL.SETS.P2,Mobile cellular subscriptions (per 100 people),infrastructure,SOM,1975,0,subscriptions/100 people,,source_reported,WDI_IT.CEL.SETS.P2,2026-07-13,https://api.worldbank.org/v2/country/SOM/indicator/IT.CEL.SETS.P2?format=json&per_page=1000&date=1960:2025&source=2
IT.CEL.SETS.P2,Mobile cellular subscriptions (per 100 people),infrastructure,SOM,1976,0,subscriptions/100 people,,source_reported,WDI_IT.CEL.SETS.P2,2026-07-13,https://api.worldbank.org/v2/country/SOM/indicator/IT.CEL.SETS.P2?format=json&per_page=1000&date=1960:2025&source=2
IT.CEL.SETS.P2,Mobile cellular subscriptions (per 100 people),infrastructure,SOM,1977,0,subscriptions/100 people,,source_reported,WDI_IT.CEL.SETS.P2,2026-07-13,https://api.worldbank.org/v2/country/SOM/indicator/IT.CEL.SETS.P2?format=json&per_page=1000&date=1960:2025&source=2
IT.CEL.SETS.P2,Mobile cellular subscriptions (per 100 people),infrastructure,SOM,1978,0,subscriptions/100 people,,source_reported,WDI_IT.CEL.SETS.P2,2026-07-13,https://api.worldbank.org/v2/country/SOM/indicator/IT.CEL.SETS.P2?format=json&per_page=1000&date=1960:2025&source=2
IT.CEL.SETS.P2,Mobile cellular subscriptions (per 100 people),infrastructure,SOM,1979,0,subscriptions/100 people,,source_reported,WDI_IT.CEL.SETS.P2,2026-07-13,https://api.worldbank.org/v2/country/SOM/indicator/IT.CEL.SETS.P2?format=json&per_page=1000&date=1960:2025&source=2
IT.CEL.SETS.P2,Mobile cellular subscriptions (per 100 people),infrastructure,SOM,1980,0,subscriptions/100 people,,source_reported,WDI_IT.CEL.SETS.P2,2026-07-13,https://api.worldbank.org/v2/country/SOM/indicator/IT.CEL.SETS.P2?format=json&per_page=1000&date=1960:2025&source=2
IT.CEL.SETS.P2,Mobile cellular subscriptions (per 100 people),infrastructure,SOM,1981,0,subscriptions/100 people,,source_reported,WDI_IT.CEL.SETS.P2,2026-07-13,https://api.worldbank.org/v2/country/SOM/indicator/IT.CEL.SETS.P2?format=json&per_page=1000&date=1960:2025&source=2
IT.CEL.SETS.P2,Mobile cellular subscriptions (per 100 people),infrastructure,SOM,1982,0,subscriptions/100 people,,source_reported,WDI_IT.CEL.SETS.P2,2026-07-13,https://api.worldbank.org/v2/country/SOM/indicator/IT.CEL.SETS.P2?format=json&per_page=1000&date=1960:2025&source=2
IT.CEL.SETS.P2,Mobile cellular subscriptions (per 100 people),infrastructure,SOM,1983,0,subscriptions/100 people,,source_reported,WDI_IT.CEL.SETS.P2,2026-07-13,https://api.worldbank.org/v2/country/SOM/indicator/IT.CEL.SETS.P2?format=json&per_page=1000&date=1960:2025&source=2
IT.CEL.SETS.P2,Mobile cellular subscriptions (per 100 people),infrastructure,SOM,1984,0,subscriptions/100 people,,source_reported,WDI_IT.CEL.SETS.P2,2026-07-13,https://api.worldbank.org/v2/country/SOM/indicator/IT.CEL.SETS.P2?format=json&per_page=1000&date=1960:2025&source=2
IT.CEL.SETS.P2,Mobile cellular subscriptions (per 100 people),infrastructure,SOM,1985,0,subscriptions/100 people,,source_reported,WDI_IT.CEL.SETS.P2,2026-07-13,https://api.worldbank.org/v2/country/SOM/indicator/IT.CEL.SETS.P2?format=json&per_page=1000&date=1960:2025&source=2
IT.CEL.SETS.P2,Mobile cellular subscriptions (per 100 people),infrastructure,SOM,1986,0,subscriptions/100 people,,source_reported,WDI_IT.CEL.SETS.P2,2026-07-13,https://api.worldbank.org/v2/country/SOM/indicator/IT.CEL.SETS.P2?format=json&per_page=1000&date=1960:2025&source=2
IT.CEL.SETS.P2,Mobile cellular subscriptions (per 100 people),infrastructure,SOM,1987,0,subscriptions/100 people,,source_reported,WDI_IT.CEL.SETS.P2,2026-07-13,https://api.worldbank.org/v2/country/SOM/indicator/IT.CEL.SETS.P2?format=json&per_page=1000&date=1960:2025&source=2
IT.CEL.SETS.P2,Mobile cellular subscriptions (per 100 people),infrastructure,SOM,1988,0,subscriptions/100 people,,source_reported,WDI_IT.CEL.SETS.P2,2026-07-13,https://api.worldbank.org/v2/country/SOM/indicator/IT.CEL.SETS.P2?format=json&per_page=1000&date=1960:2025&source=2
IT.CEL.SETS.P2,Mobile cellular subscriptions (per 100 people),infrastructure,SOM,1989,0,subscriptions/100 people,,source_reported,WDI_IT.CEL.SETS.P2,2026-07-13,https://api.worldbank.org/v2/country/SOM/indicator/IT.CEL.SETS.P2?format=json&per_page=1000&date=1960:2025&source=2
IT.CEL.SETS.P2,Mobile cellular subscriptions (per 100 people),infrastructure,SOM,1990,0,subscriptions/100 people,,source_reported,WDI_IT.CEL.SETS.P2,2026-07-13,https://api.worldbank.org/v2/country/SOM/indicator/IT.CEL.SETS.P2?format=json&per_page=1000&date=1960:2025&source=2
IT.CEL.SETS.P2,Mobile cellular subscriptions (per 100 people),infrastructure,SOM,1991,0,subscriptions/100 people,,source_reported,WDI_IT.CEL.SETS.P2,2026-07-13,https://api.worldbank.org/v2/country/SOM/indicator/IT.CEL.SETS.P2?format=json&per_page=1000&date=1960:2025&source=2
IT.CEL.SETS.P2,Mobile cellular subscriptions (per 100 people),infrastructure,SOM,1992,0,subscriptions/100 people,,source_reported,WDI_IT.CEL.SETS.P2,2026-07-13,https://api.worldbank.org/v2/country/SOM/indicator/IT.CEL.SETS.P2?format=json&per_page=1000&date=1960:2025&source=2
IT.CEL.SETS.P2,Mobile cellular subscriptions (per 100 people),infrastructure,SOM,1993,0,subscriptions/100 people,,source_reported,WDI_IT.CEL.SETS.P2,2026-07-13,https://api.worldbank.org/v2/country/SOM/indicator/IT.CEL.SETS.P2?format=json&per_page=1000&date=1960:2025&source=2
IT.CEL.SETS.P2,Mobile cellular subscriptions (per 100 people),infrastructure,SOM,1994,0,subscriptions/100 people,,source_reported,WDI_IT.CEL.SETS.P2,2026-07-13,https://api.worldbank.org/v2/country/SOM/indicator/IT.CEL.SETS.P2?format=json&per_page=1000&date=1960:2025&source=2
IT.CEL.SETS.P2,Mobile cellular subscriptions (per 100 people),infrastructure,SOM,1995,0,subscriptions/100 people,,source_reported,WDI_IT.CEL.SETS.P2,2026-07-13,https://api.worldbank.org/v2/country/SOM/indicator/IT.CEL.SETS.P2?format=json&per_page=1000&date=1960:2025&source=2
IT.CEL.SETS.P2,Mobile cellular subscriptions (per 100 people),infrastructure,SOM,1996,0,subscriptions/100 people,,source_reported,WDI_IT.CEL.SETS.P2,2026-07-13,https://api.worldbank.org/v2/country/SOM/indicator/IT.CEL.SETS.P2?format=json&per_page=1000&date=1960:2025&source=2
IT.CEL.SETS.P2,Mobile cellular subscriptions (per 100 people),infrastructure,SOM,1997,0,subscriptions/100 people,,source_reported,WDI_IT.CEL.SETS.P2,2026-07-13,https://api.worldbank.org/v2/country/SOM/indicator/IT.CEL.SETS.P2?format=json&per_page=1000&date=1960:2025&source=2
IT.CEL.SETS.P2,Mobile cellular subscriptions (per 100 people),infrastructure,SOM,1998,0,subscriptions/100 people,,source_reported,WDI_IT.CEL.SETS.P2,2026-07-13,https://api.worldbank.org/v2/country/SOM/indicator/IT.CEL.SETS.P2?format=json&per_page=1000&date=1960:2025&source=2
IT.CEL.SETS.P2,Mobile cellular subscriptions (per 100 people),infrastructure,SOM,1999,0,subscriptions/100 people,,source_reported,WDI_IT.CEL.SETS.P2,2026-07-13,https://api.worldbank.org/v2/country/SOM/indicator/IT.CEL.SETS.P2?format=json&per_page=1000&date=1960:2025&source=2
IT.CEL.SETS.P2,Mobile cellular subscriptions (per 100 people),infrastructure,SOM,2000,0.905109148809335,subscriptions/100 people,,source_reported,WDI_IT.CEL.SETS.P2,2026-07-13,https://api.worldbank.org/v2/country/SOM/indicator/IT.CEL.SETS.P2?format=json&per_page=1000&date=1960:2025&source=2
IT.CEL.SETS.P2,Mobile cellular subscriptions (per 100 people),infrastructure,SOM,2001,0.924064409246167,subscriptions/100 people,,source_reported,WDI_IT.CEL.SETS.P2,2026-07-13,https://api.worldbank.org/v2/country/SOM/indicator/IT.CEL.SETS.P2?format=json&per_page=1000&date=1960:2025&source=2
IT.CEL.SETS.P2,Mobile cellular subscriptions (per 100 people),infrastructure,SOM,2002,1.04711351118836,subscriptions/100 people,,source_reported,WDI_IT.CEL.SETS.P2,2026-07-13,https://api.worldbank.org/v2/country/SOM/indicator/IT.CEL.SETS.P2?format=json&per_page=1000&date=1960:2025&source=2
IT.CEL.SETS.P2,Mobile cellular subscriptions (per 100 people),infrastructure,SOM,2003,2.01833516211319,subscriptions/100 people,,source_reported,WDI_IT.CEL.SETS.P2,2026-07-13,https://api.worldbank.org/v2/country/SOM/indicator/IT.CEL.SETS.P2?format=json&per_page=1000&date=1960:2025&source=2
IT.CEL.SETS.P2,Mobile cellular subscriptions (per 100 people),infrastructure,SOM,2004,4.86334108809281,subscriptions/100 people,,source_reported,WDI_IT.CEL.SETS.P2,2026-07-13,https://api.worldbank.org/v2/country/SOM/indicator/IT.CEL.SETS.P2?format=json&per_page=1000&date=1960:2025&source=2
IT.CEL.SETS.P2,Mobile cellular subscriptions (per 100 people),infrastructure,SOM,2005,4.6973815292194,subscriptions/100 people,,source_reported,WDI_IT.CEL.SETS.P2,2026-07-13,https://api.worldbank.org/v2/country/SOM/indicator/IT.CEL.SETS.P2?format=json&per_page=1000&date=1960:2025&source=2
IT.CEL.SETS.P2,Mobile cellular subscriptions (per 100 people),infrastructure,SOM,2006,5.01116030956944,subscriptions/100 people,,source_reported,WDI_IT.CEL.SETS.P2,2026-07-13,https://api.worldbank.org/v2/country/SOM/indicator/IT.CEL.SETS.P2?format=json&per_page=1000&date=1960:2025&source=2
IT.CEL.SETS.P2,Mobile cellular subscriptions (per 100 people),infrastructure,SOM,2007,5.29914466505961,subscriptions/100 people,,source_reported,WDI_IT.CEL.SETS.P2,2026-07-13,https://api.worldbank.org/v2/country/SOM/indicator/IT.CEL.SETS.P2?format=json&per_page=1000&date=1960:2025&source=2
IT.CEL.SETS.P2,Mobile cellular subscriptions (per 100 people),infrastructure,SOM,2008,5.37593658761268,subscriptions/100 people,,source_reported,WDI_IT.CEL.SETS.P2,2026-07-13,https://api.worldbank.org/v2/country/SOM/indicator/IT.CEL.SETS.P2?format=json&per_page=1000&date=1960:2025&source=2
IT.CEL.SETS.P2,Mobile cellular subscriptions (per 100 people),infrastructure,SOM,2009,5.35899363283001,subscriptions/100 people,,source_reported,WDI_IT.CEL.SETS.P2,2026-07-13,https://api.worldbank.org/v2/country/SOM/indicator/IT.CEL.SETS.P2?format=json&per_page=1000&date=1960:2025&source=2
IT.CEL.SETS.P2,Mobile cellular subscriptions (per 100 people),infrastructure,SOM,2010,5.28635539640489,subscriptions/100 people,,source_reported,WDI_IT.CEL.SETS.P2,2026-07-13,https://api.worldbank.org/v2/country/SOM/indicator/IT.CEL.SETS.P2?format=json&per_page=1000&date=1960:2025&source=2
IT.CEL.SETS.P2,Mobile cellular subscriptions (per 100 people),infrastructure,SOM,2011,14.5762796961332,subscriptions/100 people,,source_reported,WDI_IT.CEL.SETS.P2,2026-07-13,https://api.worldbank.org/v2/country/SOM/indicator/IT.CEL.SETS.P2?format=json&per_page=1000&date=1960:2025&source=2
IT.CEL.SETS.P2,Mobile cellular subscriptions (per 100 people),infrastructure,SOM,2012,18.457350680033,subscriptions/100 people,,source_reported,WDI_IT.CEL.SETS.P2,2026-07-13,https://api.worldbank.org/v2/country/SOM/indicator/IT.CEL.SETS.P2?format=json&per_page=1000&date=1960:2025&source=2
IT.CEL.SETS.P2,Mobile cellular subscriptions (per 100 people),infrastructure,SOM,2013,40.2732207402969,subscriptions/100 people,,source_reported,WDI_IT.CEL.SETS.P2,2026-07-13,https://api.worldbank.org/v2/country/SOM/indicator/IT.CEL.SETS.P2?format=json&per_page=1000&date=1960:2025&source=2
IT.CEL.SETS.P2,Mobile cellular subscriptions (per 100 people),infrastructure,SOM,2014,41.2309585125849,subscriptions/100 people,,source_reported,WDI_IT.CEL.SETS.P2,2026-07-13,https://api.worldbank.org/v2/country/SOM/indicator/IT.CEL.SETS.P2?format=json&per_page=1000&date=1960:2025&source=2
IT.CEL.SETS.P2,Mobile cellular subscriptions (per 100 people),infrastructure,SOM,2015,42.2685278435236,subscriptions/100 people,,source_reported,WDI_IT.CEL.SETS.P2,2026-07-13,https://api.worldbank.org/v2/country/SOM/indicator/IT.CEL.SETS.P2?format=json&per_page=1000&date=1960:2025&source=2
IT.CEL.SETS.P2,Mobile cellular subscriptions (per 100 people),infrastructure,SOM,2016,46.366719307758,subscriptions/100 people,,source_reported,WDI_IT.CEL.SETS.P2,2026-07-13,https://api.worldbank.org/v2/country/SOM/indicator/IT.CEL.SETS.P2?format=json&per_page=1000&date=1960:2025&source=2
IT.CEL.SETS.P2,Mobile cellular subscriptions (per 100 people),infrastructure,SOM,2017,47.725260177752,subscriptions/100 people,,source_reported,WDI_IT.CEL.SETS.P2,2026-07-13,https://api.worldbank.org/v2/country/SOM/indicator/IT.CEL.SETS.P2?format=json&per_page=1000&date=1960:2025&source=2
IT.CEL.SETS.P2,Mobile cellular subscriptions (per 100 people),infrastructure,SOM,2018,49.5262671956948,subscriptions/100 people,,source_reported,WDI_IT.CEL.SETS.P2,2026-07-13,https://api.worldbank.org/v2/country/SOM/indicator/IT.CEL.SETS.P2?format=json&per_page=1000&date=1960:2025&source=2
IT.CEL.SETS.P2,Mobile cellular subscriptions (per 100 people),infrastructure,SOM,2019,51.3194116563494,subscriptions/100 people,,source_reported,WDI_IT.CEL.SETS.P2,2026-07-13,https://api.worldbank.org/v2/country/SOM/indicator/IT.CEL.SETS.P2?format=json&per_page=1000&date=1960:2025&source=2
IT.CEL.SETS.P2,Mobile cellular subscriptions (per 100 people),infrastructure,SOM,2020,53.1133178401473,subscriptions/100 people,,source_reported,WDI_IT.CEL.SETS.P2,2026-07-13,https://api.worldbank.org/v2/country/SOM/indicator/IT.CEL.SETS.P2?format=json&per_page=1000&date=1960:2025&source=2
IT.CEL.SETS.P2,Mobile cellular subscriptions (per 100 people),infrastructure,SOM,2021,51.2059481348129,subscriptions/100 people,,source_reported,WDI_IT.CEL.SETS.P2,2026-07-13,https://api.worldbank.org/v2/country/SOM/indicator/IT.CEL.SETS.P2?format=json&per_page=1000&date=1960:2025&source=2
IT.CEL.SETS.P2,Mobile cellular subscriptions (per 100 people),infrastructure,SOM,2022,49.6800986995936,subscriptions/100 people,,source_reported,WDI_IT.CEL.SETS.P2,2026-07-13,https://api.worldbank.org/v2/country/SOM/indicator/IT.CEL.SETS.P2?format=json&per_page=1000&date=1960:2025&source=2
IT.CEL.SETS.P2,Mobile cellular subscriptions (per 100 people),infrastructure,SOM,2023,53.9579646939598,subscriptions/100 people,,source_reported,WDI_IT.CEL.SETS.P2,2026-07-13,https://api.worldbank.org/v2/country/SOM/indicator/IT.CEL.SETS.P2?format=json&per_page=1000&date=1960:2025&source=2
IT.CEL.SETS.P2,Mobile cellular subscriptions (per 100 people),infrastructure,SOM,2024,,subscriptions/100 people,,missing,WDI_IT.CEL.SETS.P2,2026-07-13,https://api.worldbank.org/v2/country/SOM/indicator/IT.CEL.SETS.P2?format=json&per_page=1000&date=1960:2025&source=2
IT.CEL.SETS.P2,Mobile cellular subscriptions (per 100 people),infrastructure,SOM,2025,,subscriptions/100 people,,missing,WDI_IT.CEL.SETS.P2,2026-07-13,https://api.worldbank.org/v2/country/SOM/indicator/IT.CEL.SETS.P2?format=json&per_page=1000&date=1960:2025&source=2
IT.NET.USER.ZS,Individuals using the Internet (% of population),infrastructure,SOM,1960,,% of population,,missing,WDI_IT.NET.USER.ZS,2026-07-13,https://api.worldbank.org/v2/country/SOM/indicator/IT.NET.USER.ZS?format=json&per_page=1000&date=1960:2025&source=2
IT.NET.USER.ZS,Individuals using the Internet (% of population),infrastructure,SOM,1961,,% of population,,missing,WDI_IT.NET.USER.ZS,2026-07-13,https://api.worldbank.org/v2/country/SOM/indicator/IT.NET.USER.ZS?format=json&per_page=1000&date=1960:2025&source=2
IT.NET.USER.ZS,Individuals using the Internet (% of population),infrastructure,SOM,1962,,% of population,,missing,WDI_IT.NET.USER.ZS,2026-07-13,https://api.worldbank.org/v2/country/SOM/indicator/IT.NET.USER.ZS?format=json&per_page=1000&date=1960:2025&source=2
IT.NET.USER.ZS,Individuals using the Internet (% of population),infrastructure,SOM,1963,,% of population,,missing,WDI_IT.NET.USER.ZS,2026-07-13,https://api.worldbank.org/v2/country/SOM/indicator/IT.NET.USER.ZS?format=json&per_page=1000&date=1960:2025&source=2
IT.NET.USER.ZS,Individuals using the Internet (% of population),infrastructure,SOM,1964,,% of population,,missing,WDI_IT.NET.USER.ZS,2026-07-13,https://api.worldbank.org/v2/country/SOM/indicator/IT.NET.USER.ZS?format=json&per_page=1000&date=1960:2025&source=2
IT.NET.USER.ZS,Individuals using the Internet (% of population),infrastructure,SOM,1965,,% of population,,missing,WDI_IT.NET.USER.ZS,2026-07-13,https://api.worldbank.org/v2/country/SOM/indicator/IT.NET.USER.ZS?format=json&per_page=1000&date=1960:2025&source=2
IT.NET.USER.ZS,Individuals using the Internet (% of population),infrastructure,SOM,1966,,% of population,,missing,WDI_IT.NET.USER.ZS,2026-07-13,https://api.worldbank.org/v2/country/SOM/indicator/IT.NET.USER.ZS?format=json&per_page=1000&date=1960:2025&source=2
IT.NET.USER.ZS,Individuals using the Internet (% of population),infrastructure,SOM,1967,,% of population,,missing,WDI_IT.NET.USER.ZS,2026-07-13,https://api.worldbank.org/v2/country/SOM/indicator/IT.NET.USER.ZS?format=json&per_page=1000&date=1960:2025&source=2
IT.NET.USER.ZS,Individuals using the Internet (% of population),infrastructure,SOM,1968,,% of population,,missing,WDI_IT.NET.USER.ZS,2026-07-13,https://api.worldbank.org/v2/country/SOM/indicator/IT.NET.USER.ZS?format=json&per_page=1000&date=1960:2025&source=2
IT.NET.USER.ZS,Individuals using the Internet (% of population),infrastructure,SOM,1969,,% of population,,missing,WDI_IT.NET.USER.ZS,2026-07-13,https://api.worldbank.org/v2/country/SOM/indicator/IT.NET.USER.ZS?format=json&per_page=1000&date=1960:2025&source=2
IT.NET.USER.ZS,Individuals using the Internet (% of population),infrastructure,SOM,1970,,% of population,,missing,WDI_IT.NET.USER.ZS,2026-07-13,https://api.worldbank.org/v2/country/SOM/indicator/IT.NET.USER.ZS?format=json&per_page=1000&date=1960:2025&source=2
IT.NET.USER.ZS,Individuals using the Internet (% of population),infrastructure,SOM,1971,,% of population,,missing,WDI_IT.NET.USER.ZS,2026-07-13,https://api.worldbank.org/v2/country/SOM/indicator/IT.NET.USER.ZS?format=json&per_page=1000&date=1960:2025&source=2
IT.NET.USER.ZS,Individuals using the Internet (% of population),infrastructure,SOM,1972,,% of population,,missing,WDI_IT.NET.USER.ZS,2026-07-13,https://api.worldbank.org/v2/country/SOM/indicator/IT.NET.USER.ZS?format=json&per_page=1000&date=1960:2025&source=2
IT.NET.USER.ZS,Individuals using the Internet (% of population),infrastructure,SOM,1973,,% of population,,missing,WDI_IT.NET.USER.ZS,2026-07-13,https://api.worldbank.org/v2/country/SOM/indicator/IT.NET.USER.ZS?format=json&per_page=1000&date=1960:2025&source=2
IT.NET.USER.ZS,Individuals using the Internet (% of population),infrastructure,SOM,1974,,% of population,,missing,WDI_IT.NET.USER.ZS,2026-07-13,https://api.worldbank.org/v2/country/SOM/indicator/IT.NET.USER.ZS?format=json&per_page=1000&date=1960:2025&source=2
IT.NET.USER.ZS,Individuals using the Internet (% of population),infrastructure,SOM,1975,,% of population,,missing,WDI_IT.NET.USER.ZS,2026-07-13,https://api.worldbank.org/v2/country/SOM/indicator/IT.NET.USER.ZS?format=json&per_page=1000&date=1960:2025&source=2
IT.NET.USER.ZS,Individuals using the Internet (% of population),infrastructure,SOM,1976,,% of population,,missing,WDI_IT.NET.USER.ZS,2026-07-13,https://api.worldbank.org/v2/country/SOM/indicator/IT.NET.USER.ZS?format=json&per_page=1000&date=1960:2025&source=2
IT.NET.USER.ZS,Individuals using the Internet (% of population),infrastructure,SOM,1977,,% of population,,missing,WDI_IT.NET.USER.ZS,2026-07-13,https://api.worldbank.org/v2/country/SOM/indicator/IT.NET.USER.ZS?format=json&per_page=1000&date=1960:2025&source=2
IT.NET.USER.ZS,Individuals using the Internet (% of population),infrastructure,SOM,1978,,% of population,,missing,WDI_IT.NET.USER.ZS,2026-07-13,https://api.worldbank.org/v2/country/SOM/indicator/IT.NET.USER.ZS?format=json&per_page=1000&date=1960:2025&source=2
IT.NET.USER.ZS,Individuals using the Internet (% of population),infrastructure,SOM,1979,,% of population,,missing,WDI_IT.NET.USER.ZS,2026-07-13,https://api.worldbank.org/v2/country/SOM/indicator/IT.NET.USER.ZS?format=json&per_page=1000&date=1960:2025&source=2
IT.NET.USER.ZS,Individuals using the Internet (% of population),infrastructure,SOM,1980,,% of population,,missing,WDI_IT.NET.USER.ZS,2026-07-13,https://api.worldbank.org/v2/country/SOM/indicator/IT.NET.USER.ZS?format=json&per_page=1000&date=1960:2025&source=2
IT.NET.USER.ZS,Individuals using the Internet (% of population),infrastructure,SOM,1981,,% of population,,missing,WDI_IT.NET.USER.ZS,2026-07-13,https://api.worldbank.org/v2/country/SOM/indicator/IT.NET.USER.ZS?format=json&per_page=1000&date=1960:2025&source=2
IT.NET.USER.ZS,Individuals using the Internet (% of population),infrastructure,SOM,1982,,% of population,,missing,WDI_IT.NET.USER.ZS,2026-07-13,https://api.worldbank.org/v2/country/SOM/indicator/IT.NET.USER.ZS?format=json&per_page=1000&date=1960:2025&source=2
IT.NET.USER.ZS,Individuals using the Internet (% of population),infrastructure,SOM,1983,,% of population,,missing,WDI_IT.NET.USER.ZS,2026-07-13,https://api.worldbank.org/v2/country/SOM/indicator/IT.NET.USER.ZS?format=json&per_page=1000&date=1960:2025&source=2
IT.NET.USER.ZS,Individuals using the Internet (% of population),infrastructure,SOM,1984,,% of population,,missing,WDI_IT.NET.USER.ZS,2026-07-13,https://api.worldbank.org/v2/country/SOM/indicator/IT.NET.USER.ZS?format=json&per_page=1000&date=1960:2025&source=2
IT.NET.USER.ZS,Individuals using the Internet (% of population),infrastructure,SOM,1985,,% of population,,missing,WDI_IT.NET.USER.ZS,2026-07-13,https://api.worldbank.org/v2/country/SOM/indicator/IT.NET.USER.ZS?format=json&per_page=1000&date=1960:2025&source=2
IT.NET.USER.ZS,Individuals using the Internet (% of population),infrastructure,SOM,1986,,% of population,,missing,WDI_IT.NET.USER.ZS,2026-07-13,https://api.worldbank.org/v2/country/SOM/indicator/IT.NET.USER.ZS?format=json&per_page=1000&date=1960:2025&source=2
IT.NET.USER.ZS,Individuals using the Internet (% of population),infrastructure,SOM,1987,,% of population,,missing,WDI_IT.NET.USER.ZS,2026-07-13,https://api.worldbank.org/v2/country/SOM/indicator/IT.NET.USER.ZS?format=json&per_page=1000&date=1960:2025&source=2
IT.NET.USER.ZS,Individuals using the Internet (% of population),infrastructure,SOM,1988,,% of population,,missing,WDI_IT.NET.USER.ZS,2026-07-13,https://api.worldbank.org/v2/country/SOM/indicator/IT.NET.USER.ZS?format=json&per_page=1000&date=1960:2025&source=2
IT.NET.USER.ZS,Individuals using the Internet (% of population),infrastructure,SOM,1989,,% of population,,missing,WDI_IT.NET.USER.ZS,2026-07-13,https://api.worldbank.org/v2/country/SOM/indicator/IT.NET.USER.ZS?format=json&per_page=1000&date=1960:2025&source=2
IT.NET.USER.ZS,Individuals using the Internet (% of population),infrastructure,SOM,1990,0,% of population,,source_reported,WDI_IT.NET.USER.ZS,2026-07-13,https://api.worldbank.org/v2/country/SOM/indicator/IT.NET.USER.ZS?format=json&per_page=1000&date=1960:2025&source=2
IT.NET.USER.ZS,Individuals using the Internet (% of population),infrastructure,SOM,1991,,% of population,,missing,WDI_IT.NET.USER.ZS,2026-07-13,https://api.worldbank.org/v2/country/SOM/indicator/IT.NET.USER.ZS?format=json&per_page=1000&date=1960:2025&source=2
IT.NET.USER.ZS,Individuals using the Internet (% of population),infrastructure,SOM,1992,,% of population,,missing,WDI_IT.NET.USER.ZS,2026-07-13,https://api.worldbank.org/v2/country/SOM/indicator/IT.NET.USER.ZS?format=json&per_page=1000&date=1960:2025&source=2
IT.NET.USER.ZS,Individuals using the Internet (% of population),infrastructure,SOM,1993,,% of population,,missing,WDI_IT.NET.USER.ZS,2026-07-13,https://api.worldbank.org/v2/country/SOM/indicator/IT.NET.USER.ZS?format=json&per_page=1000&date=1960:2025&source=2
IT.NET.USER.ZS,Individuals using the Internet (% of population),infrastructure,SOM,1994,,% of population,,missing,WDI_IT.NET.USER.ZS,2026-07-13,https://api.worldbank.org/v2/country/SOM/indicator/IT.NET.USER.ZS?format=json&per_page=1000&date=1960:2025&source=2
IT.NET.USER.ZS,Individuals using the Internet (% of population),infrastructure,SOM,1995,0,% of population,,source_reported,WDI_IT.NET.USER.ZS,2026-07-13,https://api.worldbank.org/v2/country/SOM/indicator/IT.NET.USER.ZS?format=json&per_page=1000&date=1960:2025&source=2
IT.NET.USER.ZS,Individuals using the Internet (% of population),infrastructure,SOM,1996,0.00151,% of population,,source_reported,WDI_IT.NET.USER.ZS,2026-07-13,https://api.worldbank.org/v2/country/SOM/indicator/IT.NET.USER.ZS?format=json&per_page=1000&date=1960:2025&source=2
IT.NET.USER.ZS,Individuals using the Internet (% of population),infrastructure,SOM,1997,0.00295,% of population,,source_reported,WDI_IT.NET.USER.ZS,2026-07-13,https://api.worldbank.org/v2/country/SOM/indicator/IT.NET.USER.ZS?format=json&per_page=1000&date=1960:2025&source=2
IT.NET.USER.ZS,Individuals using the Internet (% of population),infrastructure,SOM,1998,0.00716,% of population,,source_reported,WDI_IT.NET.USER.ZS,2026-07-13,https://api.worldbank.org/v2/country/SOM/indicator/IT.NET.USER.ZS?format=json&per_page=1000&date=1960:2025&source=2
IT.NET.USER.ZS,Individuals using the Internet (% of population),infrastructure,SOM,1999,0.0139,% of population,,source_reported,WDI_IT.NET.USER.ZS,2026-07-13,https://api.worldbank.org/v2/country/SOM/indicator/IT.NET.USER.ZS?format=json&per_page=1000&date=1960:2025&source=2
IT.NET.USER.ZS,Individuals using the Internet (% of population),infrastructure,SOM,2000,0.02,% of population,,source_reported,WDI_IT.NET.USER.ZS,2026-07-13,https://api.worldbank.org/v2/country/SOM/indicator/IT.NET.USER.ZS?format=json&per_page=1000&date=1960:2025&source=2
IT.NET.USER.ZS,Individuals using the Internet (% of population),infrastructure,SOM,2001,0.0790391786670095,% of population,,source_reported,WDI_IT.NET.USER.ZS,2026-07-13,https://api.worldbank.org/v2/country/SOM/indicator/IT.NET.USER.ZS?format=json&per_page=1000&date=1960:2025&source=2
IT.NET.USER.ZS,Individuals using the Internet (% of population),infrastructure,SOM,2002,0.115614213354469,% of population,,source_reported,WDI_IT.NET.USER.ZS,2026-07-13,https://api.worldbank.org/v2/country/SOM/indicator/IT.NET.USER.ZS?format=json&per_page=1000&date=1960:2025&source=2
IT.NET.USER.ZS,Individuals using the Internet (% of population),infrastructure,SOM,2003,0.376198002539086,% of population,,source_reported,WDI_IT.NET.USER.ZS,2026-07-13,https://api.worldbank.org/v2/country/SOM/indicator/IT.NET.USER.ZS?format=json&per_page=1000&date=1960:2025&source=2
IT.NET.USER.ZS,Individuals using the Internet (% of population),infrastructure,SOM,2004,1.05345474358422,% of population,,source_reported,WDI_IT.NET.USER.ZS,2026-07-13,https://api.worldbank.org/v2/country/SOM/indicator/IT.NET.USER.ZS?format=json&per_page=1000&date=1960:2025&source=2
IT.NET.USER.ZS,Individuals using the Internet (% of population),infrastructure,SOM,2005,1.077299953,% of population,,source_reported,WDI_IT.NET.USER.ZS,2026-07-13,https://api.worldbank.org/v2/country/SOM/indicator/IT.NET.USER.ZS?format=json&per_page=1000&date=1960:2025&source=2
IT.NET.USER.ZS,Individuals using the Internet (% of population),infrastructure,SOM,2006,1.100200057,% of population,,source_reported,WDI_IT.NET.USER.ZS,2026-07-13,https://api.worldbank.org/v2/country/SOM/indicator/IT.NET.USER.ZS?format=json&per_page=1000&date=1960:2025&source=2
IT.NET.USER.ZS,Individuals using the Internet (% of population),infrastructure,SOM,2007,1.122200012,% of population,,source_reported,WDI_IT.NET.USER.ZS,2026-07-13,https://api.worldbank.org/v2/country/SOM/indicator/IT.NET.USER.ZS?format=json&per_page=1000&date=1960:2025&source=2
IT.NET.USER.ZS,Individuals using the Internet (% of population),infrastructure,SOM,2008,1.142699957,% of population,,source_reported,WDI_IT.NET.USER.ZS,2026-07-13,https://api.worldbank.org/v2/country/SOM/indicator/IT.NET.USER.ZS?format=json&per_page=1000&date=1960:2025&source=2
IT.NET.USER.ZS,Individuals using the Internet (% of population),infrastructure,SOM,2009,1.160599947,% of population,,source_reported,WDI_IT.NET.USER.ZS,2026-07-13,https://api.worldbank.org/v2/country/SOM/indicator/IT.NET.USER.ZS?format=json&per_page=1000&date=1960:2025&source=2
IT.NET.USER.ZS,Individuals using the Internet (% of population),infrastructure,SOM,2010,,% of population,,missing,WDI_IT.NET.USER.ZS,2026-07-13,https://api.worldbank.org/v2/country/SOM/indicator/IT.NET.USER.ZS?format=json&per_page=1000&date=1960:2025&source=2
IT.NET.USER.ZS,Individuals using the Internet (% of population),infrastructure,SOM,2011,1.25,% of population,,source_reported,WDI_IT.NET.USER.ZS,2026-07-13,https://api.worldbank.org/v2/country/SOM/indicator/IT.NET.USER.ZS?format=json&per_page=1000&date=1960:2025&source=2
IT.NET.USER.ZS,Individuals using the Internet (% of population),infrastructure,SOM,2012,1.376700044,% of population,,source_reported,WDI_IT.NET.USER.ZS,2026-07-13,https://api.worldbank.org/v2/country/SOM/indicator/IT.NET.USER.ZS?format=json&per_page=1000&date=1960:2025&source=2
IT.NET.USER.ZS,Individuals using the Internet (% of population),infrastructure,SOM,2013,1.5,% of population,,source_reported,WDI_IT.NET.USER.ZS,2026-07-13,https://api.worldbank.org/v2/country/SOM/indicator/IT.NET.USER.ZS?format=json&per_page=1000&date=1960:2025&source=2
IT.NET.USER.ZS,Individuals using the Internet (% of population),infrastructure,SOM,2014,1.629999995,% of population,,source_reported,WDI_IT.NET.USER.ZS,2026-07-13,https://api.worldbank.org/v2/country/SOM/indicator/IT.NET.USER.ZS?format=json&per_page=1000&date=1960:2025&source=2
IT.NET.USER.ZS,Individuals using the Internet (% of population),infrastructure,SOM,2015,1.75999999,% of population,,source_reported,WDI_IT.NET.USER.ZS,2026-07-13,https://api.worldbank.org/v2/country/SOM/indicator/IT.NET.USER.ZS?format=json&per_page=1000&date=1960:2025&source=2
IT.NET.USER.ZS,Individuals using the Internet (% of population),infrastructure,SOM,2016,1.879999995,% of population,,source_reported,WDI_IT.NET.USER.ZS,2026-07-13,https://api.worldbank.org/v2/country/SOM/indicator/IT.NET.USER.ZS?format=json&per_page=1000&date=1960:2025&source=2
IT.NET.USER.ZS,Individuals using the Internet (% of population),infrastructure,SOM,2017,,% of population,,missing,WDI_IT.NET.USER.ZS,2026-07-13,https://api.worldbank.org/v2/country/SOM/indicator/IT.NET.USER.ZS?format=json&per_page=1000&date=1960:2025&source=2
IT.NET.USER.ZS,Individuals using the Internet (% of population),infrastructure,SOM,2018,,% of population,,missing,WDI_IT.NET.USER.ZS,2026-07-13,https://api.worldbank.org/v2/country/SOM/indicator/IT.NET.USER.ZS?format=json&per_page=1000&date=1960:2025&source=2
IT.NET.USER.ZS,Individuals using the Internet (% of population),infrastructure,SOM,2019,2.731400013,% of population,,source_reported,WDI_IT.NET.USER.ZS,2026-07-13,https://api.worldbank.org/v2/country/SOM/indicator/IT.NET.USER.ZS?format=json&per_page=1000&date=1960:2025&source=2
IT.NET.USER.ZS,Individuals using the Internet (% of population),infrastructure,SOM,2020,15.02369976,% of population,,source_reported,WDI_IT.NET.USER.ZS,2026-07-13,https://api.worldbank.org/v2/country/SOM/indicator/IT.NET.USER.ZS?format=json&per_page=1000&date=1960:2025&source=2
IT.NET.USER.ZS,Individuals using the Internet (% of population),infrastructure,SOM,2021,23.87479973,% of population,,source_reported,WDI_IT.NET.USER.ZS,2026-07-13,https://api.worldbank.org/v2/country/SOM/indicator/IT.NET.USER.ZS?format=json&per_page=1000&date=1960:2025&source=2
IT.NET.USER.ZS,Individuals using the Internet (% of population),infrastructure,SOM,2022,27.6,% of population,,source_reported,WDI_IT.NET.USER.ZS,2026-07-13,https://api.worldbank.org/v2/country/SOM/indicator/IT.NET.USER.ZS?format=json&per_page=1000&date=1960:2025&source=2
IT.NET.USER.ZS,Individuals using the Internet (% of population),infrastructure,SOM,2023,26.12010002,% of population,,source_reported,WDI_IT.NET.USER.ZS,2026-07-13,https://api.worldbank.org/v2/country/SOM/indicator/IT.NET.USER.ZS?format=json&per_page=1000&date=1960:2025&source=2
IT.NET.USER.ZS,Individuals using the Internet (% of population),infrastructure,SOM,2024,27.94020081,% of population,,source_reported,WDI_IT.NET.USER.ZS,2026-07-13,https://api.worldbank.org/v2/country/SOM/indicator/IT.NET.USER.ZS?format=json&per_page=1000&date=1960:2025&source=2
IT.NET.USER.ZS,Individuals using the Internet (% of population),infrastructure,SOM,2025,,% of population,,missing,WDI_IT.NET.USER.ZS,2026-07-13,https://api.worldbank.org/v2/country/SOM/indicator/IT.NET.USER.ZS?format=json&per_page=1000&date=1960:2025&source=2
NE.EXP.GNFS.CD,Exports of goods and services (current US$),trade,SOM,1960,22945943.7816225,current USD,,source_reported,WDI_NE.EXP.GNFS.CD,2026-07-13,https://api.worldbank.org/v2/country/SOM/indicator/NE.EXP.GNFS.CD?format=json&per_page=1000&date=1960:2025&source=2
NE.EXP.GNFS.CD,Exports of goods and services (current US$),trade,SOM,1961,30659933.9760264,current USD,,source_reported,WDI_NE.EXP.GNFS.CD,2026-07-13,https://api.worldbank.org/v2/country/SOM/indicator/NE.EXP.GNFS.CD?format=json&per_page=1000&date=1960:2025&source=2
NE.EXP.GNFS.CD,Exports of goods and services (current US$),trade,SOM,1962,26039938.0640248,current USD,,source_reported,WDI_NE.EXP.GNFS.CD,2026-07-13,https://api.worldbank.org/v2/country/SOM/indicator/NE.EXP.GNFS.CD?format=json&per_page=1000&date=1960:2025&source=2
NE.EXP.GNFS.CD,Exports of goods and services (current US$),trade,SOM,1963,34299919.0800324,current USD,,source_reported,WDI_NE.EXP.GNFS.CD,2026-07-13,https://api.worldbank.org/v2/country/SOM/indicator/NE.EXP.GNFS.CD?format=json&per_page=1000&date=1960:2025&source=2
NE.EXP.GNFS.CD,Exports of goods and services (current US$),trade,SOM,1964,36679918.1280328,current USD,,source_reported,WDI_NE.EXP.GNFS.CD,2026-07-13,https://api.worldbank.org/v2/country/SOM/indicator/NE.EXP.GNFS.CD?format=json&per_page=1000&date=1960:2025&source=2
NE.EXP.GNFS.CD,Exports of goods and services (current US$),trade,SOM,1965,41804010.1583959,current USD,,source_reported,WDI_NE.EXP.GNFS.CD,2026-07-13,https://api.worldbank.org/v2/country/SOM/indicator/NE.EXP.GNFS.CD?format=json&per_page=1000&date=1960:2025&source=2
NE.EXP.GNFS.CD,Exports of goods and services (current US$),trade,SOM,1966,38499998.0400008,current USD,,source_reported,WDI_NE.EXP.GNFS.CD,2026-07-13,https://api.worldbank.org/v2/country/SOM/indicator/NE.EXP.GNFS.CD?format=json&per_page=1000&date=1960:2025&source=2
NE.EXP.GNFS.CD,Exports of goods and services (current US$),trade,SOM,1967,37099985.1600059,current USD,,source_reported,WDI_NE.EXP.GNFS.CD,2026-07-13,https://api.worldbank.org/v2/country/SOM/indicator/NE.EXP.GNFS.CD?format=json&per_page=1000&date=1960:2025&source=2
NE.EXP.GNFS.CD,Exports of goods and services (current US$),trade,SOM,1968,42699969.4800122,current USD,,source_reported,WDI_NE.EXP.GNFS.CD,2026-07-13,https://api.worldbank.org/v2/country/SOM/indicator/NE.EXP.GNFS.CD?format=json&per_page=1000&date=1960:2025&source=2
NE.EXP.GNFS.CD,Exports of goods and services (current US$),trade,SOM,1969,48985714.2857143,current USD,,source_reported,WDI_NE.EXP.GNFS.CD,2026-07-13,https://api.worldbank.org/v2/country/SOM/indicator/NE.EXP.GNFS.CD?format=json&per_page=1000&date=1960:2025&source=2
NE.EXP.GNFS.CD,Exports of goods and services (current US$),trade,SOM,1970,37142857.1428571,current USD,,source_reported,WDI_NE.EXP.GNFS.CD,2026-07-13,https://api.worldbank.org/v2/country/SOM/indicator/NE.EXP.GNFS.CD?format=json&per_page=1000&date=1960:2025&source=2
NE.EXP.GNFS.CD,Exports of goods and services (current US$),trade,SOM,1971,43907884.8765767,current USD,,source_reported,WDI_NE.EXP.GNFS.CD,2026-07-13,https://api.worldbank.org/v2/country/SOM/indicator/NE.EXP.GNFS.CD?format=json&per_page=1000&date=1960:2025&source=2
NE.EXP.GNFS.CD,Exports of goods and services (current US$),trade,SOM,1972,65614884.5471965,current USD,,source_reported,WDI_NE.EXP.GNFS.CD,2026-07-13,https://api.worldbank.org/v2/country/SOM/indicator/NE.EXP.GNFS.CD?format=json&per_page=1000&date=1960:2025&source=2
NE.EXP.GNFS.CD,Exports of goods and services (current US$),trade,SOM,1973,70524571.5195415,current USD,,source_reported,WDI_NE.EXP.GNFS.CD,2026-07-13,https://api.worldbank.org/v2/country/SOM/indicator/NE.EXP.GNFS.CD?format=json&per_page=1000&date=1960:2025&source=2
NE.EXP.GNFS.CD,Exports of goods and services (current US$),trade,SOM,1974,81652120.0953137,current USD,,source_reported,WDI_NE.EXP.GNFS.CD,2026-07-13,https://api.worldbank.org/v2/country/SOM/indicator/NE.EXP.GNFS.CD?format=json&per_page=1000&date=1960:2025&source=2
NE.EXP.GNFS.CD,Exports of goods and services (current US$),trade,SOM,1975,88594086.7355044,current USD,,source_reported,WDI_NE.EXP.GNFS.CD,2026-07-13,https://api.worldbank.org/v2/country/SOM/indicator/NE.EXP.GNFS.CD?format=json&per_page=1000&date=1960:2025&source=2
NE.EXP.GNFS.CD,Exports of goods and services (current US$),trade,SOM,1976,81000763.7807784,current USD,,source_reported,WDI_NE.EXP.GNFS.CD,2026-07-13,https://api.worldbank.org/v2/country/SOM/indicator/NE.EXP.GNFS.CD?format=json&per_page=1000&date=1960:2025&source=2
NE.EXP.GNFS.CD,Exports of goods and services (current US$),trade,SOM,1977,101014492.753623,current USD,,source_reported,WDI_NE.EXP.GNFS.CD,2026-07-13,https://api.worldbank.org/v2/country/SOM/indicator/NE.EXP.GNFS.CD?format=json&per_page=1000&date=1960:2025&source=2
NE.EXP.GNFS.CD,Exports of goods and services (current US$),trade,SOM,1978,145994475.138122,current USD,,source_reported,WDI_NE.EXP.GNFS.CD,2026-07-13,https://api.worldbank.org/v2/country/SOM/indicator/NE.EXP.GNFS.CD?format=json&per_page=1000&date=1960:2025&source=2
NE.EXP.GNFS.CD,Exports of goods and services (current US$),trade,SOM,1979,143504008.39895,current USD,,source_reported,WDI_NE.EXP.GNFS.CD,2026-07-13,https://api.worldbank.org/v2/country/SOM/indicator/NE.EXP.GNFS.CD?format=json&per_page=1000&date=1960:2025&source=2
NE.EXP.GNFS.CD,Exports of goods and services (current US$),trade,SOM,1980,200271074.389354,current USD,,source_reported,WDI_NE.EXP.GNFS.CD,2026-07-13,https://api.worldbank.org/v2/country/SOM/indicator/NE.EXP.GNFS.CD?format=json&per_page=1000&date=1960:2025&source=2
NE.EXP.GNFS.CD,Exports of goods and services (current US$),trade,SOM,1981,173525712.111604,current USD,,source_reported,WDI_NE.EXP.GNFS.CD,2026-07-13,https://api.worldbank.org/v2/country/SOM/indicator/NE.EXP.GNFS.CD?format=json&per_page=1000&date=1960:2025&source=2
NE.EXP.GNFS.CD,Exports of goods and services (current US$),trade,SOM,1982,201101592.528537,current USD,,source_reported,WDI_NE.EXP.GNFS.CD,2026-07-13,https://api.worldbank.org/v2/country/SOM/indicator/NE.EXP.GNFS.CD?format=json&per_page=1000&date=1960:2025&source=2
NE.EXP.GNFS.CD,Exports of goods and services (current US$),trade,SOM,1983,173400620.331603,current USD,,source_reported,WDI_NE.EXP.GNFS.CD,2026-07-13,https://api.worldbank.org/v2/country/SOM/indicator/NE.EXP.GNFS.CD?format=json&per_page=1000&date=1960:2025&source=2
NE.EXP.GNFS.CD,Exports of goods and services (current US$),trade,SOM,1984,115004196.817526,current USD,,source_reported,WDI_NE.EXP.GNFS.CD,2026-07-13,https://api.worldbank.org/v2/country/SOM/indicator/NE.EXP.GNFS.CD?format=json&per_page=1000&date=1960:2025&source=2
NE.EXP.GNFS.CD,Exports of goods and services (current US$),trade,SOM,1985,55477537.0786517,current USD,,source_reported,WDI_NE.EXP.GNFS.CD,2026-07-13,https://api.worldbank.org/v2/country/SOM/indicator/NE.EXP.GNFS.CD?format=json&per_page=1000&date=1960:2025&source=2
NE.EXP.GNFS.CD,Exports of goods and services (current US$),trade,SOM,1986,64782760.6451115,current USD,,source_reported,WDI_NE.EXP.GNFS.CD,2026-07-13,https://api.worldbank.org/v2/country/SOM/indicator/NE.EXP.GNFS.CD?format=json&per_page=1000&date=1960:2025&source=2
NE.EXP.GNFS.CD,Exports of goods and services (current US$),trade,SOM,1987,67562031.2165816,current USD,,source_reported,WDI_NE.EXP.GNFS.CD,2026-07-13,https://api.worldbank.org/v2/country/SOM/indicator/NE.EXP.GNFS.CD?format=json&per_page=1000&date=1960:2025&source=2
NE.EXP.GNFS.CD,Exports of goods and services (current US$),trade,SOM,1988,50072045.8179424,current USD,,source_reported,WDI_NE.EXP.GNFS.CD,2026-07-13,https://api.worldbank.org/v2/country/SOM/indicator/NE.EXP.GNFS.CD?format=json&per_page=1000&date=1960:2025&source=2
NE.EXP.GNFS.CD,Exports of goods and services (current US$),trade,SOM,1989,83929436.051234,current USD,,source_reported,WDI_NE.EXP.GNFS.CD,2026-07-13,https://api.worldbank.org/v2/country/SOM/indicator/NE.EXP.GNFS.CD?format=json&per_page=1000&date=1960:2025&source=2
NE.EXP.GNFS.CD,Exports of goods and services (current US$),trade,SOM,1990,89748800.1761538,current USD,,source_reported,WDI_NE.EXP.GNFS.CD,2026-07-13,https://api.worldbank.org/v2/country/SOM/indicator/NE.EXP.GNFS.CD?format=json&per_page=1000&date=1960:2025&source=2
NE.EXP.GNFS.CD,Exports of goods and services (current US$),trade,SOM,1991,,current USD,,missing,WDI_NE.EXP.GNFS.CD,2026-07-13,https://api.worldbank.org/v2/country/SOM/indicator/NE.EXP.GNFS.CD?format=json&per_page=1000&date=1960:2025&source=2
NE.EXP.GNFS.CD,Exports of goods and services (current US$),trade,SOM,1992,,current USD,,missing,WDI_NE.EXP.GNFS.CD,2026-07-13,https://api.worldbank.org/v2/country/SOM/indicator/NE.EXP.GNFS.CD?format=json&per_page=1000&date=1960:2025&source=2
NE.EXP.GNFS.CD,Exports of goods and services (current US$),trade,SOM,1993,,current USD,,missing,WDI_NE.EXP.GNFS.CD,2026-07-13,https://api.worldbank.org/v2/country/SOM/indicator/NE.EXP.GNFS.CD?format=json&per_page=1000&date=1960:2025&source=2
NE.EXP.GNFS.CD,Exports of goods and services (current US$),trade,SOM,1994,,current USD,,missing,WDI_NE.EXP.GNFS.CD,2026-07-13,https://api.worldbank.org/v2/country/SOM/indicator/NE.EXP.GNFS.CD?format=json&per_page=1000&date=1960:2025&source=2
NE.EXP.GNFS.CD,Exports of goods and services (current US$),trade,SOM,1995,,current USD,,missing,WDI_NE.EXP.GNFS.CD,2026-07-13,https://api.worldbank.org/v2/country/SOM/indicator/NE.EXP.GNFS.CD?format=json&per_page=1000&date=1960:2025&source=2
NE.EXP.GNFS.CD,Exports of goods and services (current US$),trade,SOM,1996,,current USD,,missing,WDI_NE.EXP.GNFS.CD,2026-07-13,https://api.worldbank.org/v2/country/SOM/indicator/NE.EXP.GNFS.CD?format=json&per_page=1000&date=1960:2025&source=2
NE.EXP.GNFS.CD,Exports of goods and services (current US$),trade,SOM,1997,,current USD,,missing,WDI_NE.EXP.GNFS.CD,2026-07-13,https://api.worldbank.org/v2/country/SOM/indicator/NE.EXP.GNFS.CD?format=json&per_page=1000&date=1960:2025&source=2
NE.EXP.GNFS.CD,Exports of goods and services (current US$),trade,SOM,1998,,current USD,,missing,WDI_NE.EXP.GNFS.CD,2026-07-13,https://api.worldbank.org/v2/country/SOM/indicator/NE.EXP.GNFS.CD?format=json&per_page=1000&date=1960:2025&source=2
NE.EXP.GNFS.CD,Exports of goods and services (current US$),trade,SOM,1999,,current USD,,missing,WDI_NE.EXP.GNFS.CD,2026-07-13,https://api.worldbank.org/v2/country/SOM/indicator/NE.EXP.GNFS.CD?format=json&per_page=1000&date=1960:2025&source=2
NE.EXP.GNFS.CD,Exports of goods and services (current US$),trade,SOM,2000,,current USD,,missing,WDI_NE.EXP.GNFS.CD,2026-07-13,https://api.worldbank.org/v2/country/SOM/indicator/NE.EXP.GNFS.CD?format=json&per_page=1000&date=1960:2025&source=2
NE.EXP.GNFS.CD,Exports of goods and services (current US$),trade,SOM,2001,,current USD,,missing,WDI_NE.EXP.GNFS.CD,2026-07-13,https://api.worldbank.org/v2/country/SOM/indicator/NE.EXP.GNFS.CD?format=json&per_page=1000&date=1960:2025&source=2
NE.EXP.GNFS.CD,Exports of goods and services (current US$),trade,SOM,2002,,current USD,,missing,WDI_NE.EXP.GNFS.CD,2026-07-13,https://api.worldbank.org/v2/country/SOM/indicator/NE.EXP.GNFS.CD?format=json&per_page=1000&date=1960:2025&source=2
NE.EXP.GNFS.CD,Exports of goods and services (current US$),trade,SOM,2003,,current USD,,missing,WDI_NE.EXP.GNFS.CD,2026-07-13,https://api.worldbank.org/v2/country/SOM/indicator/NE.EXP.GNFS.CD?format=json&per_page=1000&date=1960:2025&source=2
NE.EXP.GNFS.CD,Exports of goods and services (current US$),trade,SOM,2004,,current USD,,missing,WDI_NE.EXP.GNFS.CD,2026-07-13,https://api.worldbank.org/v2/country/SOM/indicator/NE.EXP.GNFS.CD?format=json&per_page=1000&date=1960:2025&source=2
NE.EXP.GNFS.CD,Exports of goods and services (current US$),trade,SOM,2005,,current USD,,missing,WDI_NE.EXP.GNFS.CD,2026-07-13,https://api.worldbank.org/v2/country/SOM/indicator/NE.EXP.GNFS.CD?format=json&per_page=1000&date=1960:2025&source=2
NE.EXP.GNFS.CD,Exports of goods and services (current US$),trade,SOM,2006,,current USD,,missing,WDI_NE.EXP.GNFS.CD,2026-07-13,https://api.worldbank.org/v2/country/SOM/indicator/NE.EXP.GNFS.CD?format=json&per_page=1000&date=1960:2025&source=2
NE.EXP.GNFS.CD,Exports of goods and services (current US$),trade,SOM,2007,,current USD,,missing,WDI_NE.EXP.GNFS.CD,2026-07-13,https://api.worldbank.org/v2/country/SOM/indicator/NE.EXP.GNFS.CD?format=json&per_page=1000&date=1960:2025&source=2
NE.EXP.GNFS.CD,Exports of goods and services (current US$),trade,SOM,2008,,current USD,,missing,WDI_NE.EXP.GNFS.CD,2026-07-13,https://api.worldbank.org/v2/country/SOM/indicator/NE.EXP.GNFS.CD?format=json&per_page=1000&date=1960:2025&source=2
NE.EXP.GNFS.CD,Exports of goods and services (current US$),trade,SOM,2009,,current USD,,missing,WDI_NE.EXP.GNFS.CD,2026-07-13,https://api.worldbank.org/v2/country/SOM/indicator/NE.EXP.GNFS.CD?format=json&per_page=1000&date=1960:2025&source=2
NE.EXP.GNFS.CD,Exports of goods and services (current US$),trade,SOM,2010,,current USD,,missing,WDI_NE.EXP.GNFS.CD,2026-07-13,https://api.worldbank.org/v2/country/SOM/indicator/NE.EXP.GNFS.CD?format=json&per_page=1000&date=1960:2025&source=2
NE.EXP.GNFS.CD,Exports of goods and services (current US$),trade,SOM,2011,,current USD,,missing,WDI_NE.EXP.GNFS.CD,2026-07-13,https://api.worldbank.org/v2/country/SOM/indicator/NE.EXP.GNFS.CD?format=json&per_page=1000&date=1960:2025&source=2
NE.EXP.GNFS.CD,Exports of goods and services (current US$),trade,SOM,2012,853397769.999161,current USD,,source_reported,WDI_NE.EXP.GNFS.CD,2026-07-13,https://api.worldbank.org/v2/country/SOM/indicator/NE.EXP.GNFS.CD?format=json&per_page=1000&date=1960:2025&source=2
NE.EXP.GNFS.CD,Exports of goods and services (current US$),trade,SOM,2013,942600659.999585,current USD,,source_reported,WDI_NE.EXP.GNFS.CD,2026-07-13,https://api.worldbank.org/v2/country/SOM/indicator/NE.EXP.GNFS.CD?format=json&per_page=1000&date=1960:2025&source=2
NE.EXP.GNFS.CD,Exports of goods and services (current US$),trade,SOM,2014,1097727150.00072,current USD,,source_reported,WDI_NE.EXP.GNFS.CD,2026-07-13,https://api.worldbank.org/v2/country/SOM/indicator/NE.EXP.GNFS.CD?format=json&per_page=1000&date=1960:2025&source=2
NE.EXP.GNFS.CD,Exports of goods and services (current US$),trade,SOM,2015,1037964069.9982,current USD,,source_reported,WDI_NE.EXP.GNFS.CD,2026-07-13,https://api.worldbank.org/v2/country/SOM/indicator/NE.EXP.GNFS.CD?format=json&per_page=1000&date=1960:2025&source=2
NE.EXP.GNFS.CD,Exports of goods and services (current US$),trade,SOM,2016,1067190800.00052,current USD,,source_reported,WDI_NE.EXP.GNFS.CD,2026-07-13,https://api.worldbank.org/v2/country/SOM/indicator/NE.EXP.GNFS.CD?format=json&per_page=1000&date=1960:2025&source=2
NE.EXP.GNFS.CD,Exports of goods and services (current US$),trade,SOM,2017,994339299.998874,current USD,,source_reported,WDI_NE.EXP.GNFS.CD,2026-07-13,https://api.worldbank.org/v2/country/SOM/indicator/NE.EXP.GNFS.CD?format=json&per_page=1000&date=1960:2025&source=2
NE.EXP.GNFS.CD,Exports of goods and services (current US$),trade,SOM,2018,1119000000,current USD,,source_reported,WDI_NE.EXP.GNFS.CD,2026-07-13,https://api.worldbank.org/v2/country/SOM/indicator/NE.EXP.GNFS.CD?format=json&per_page=1000&date=1960:2025&source=2
NE.EXP.GNFS.CD,Exports of goods and services (current US$),trade,SOM,2019,1131000000,current USD,,source_reported,WDI_NE.EXP.GNFS.CD,2026-07-13,https://api.worldbank.org/v2/country/SOM/indicator/NE.EXP.GNFS.CD?format=json&per_page=1000&date=1960:2025&source=2
NE.EXP.GNFS.CD,Exports of goods and services (current US$),trade,SOM,2020,1178000000,current USD,,source_reported,WDI_NE.EXP.GNFS.CD,2026-07-13,https://api.worldbank.org/v2/country/SOM/indicator/NE.EXP.GNFS.CD?format=json&per_page=1000&date=1960:2025&source=2
NE.EXP.GNFS.CD,Exports of goods and services (current US$),trade,SOM,2021,1532000000,current USD,,source_reported,WDI_NE.EXP.GNFS.CD,2026-07-13,https://api.worldbank.org/v2/country/SOM/indicator/NE.EXP.GNFS.CD?format=json&per_page=1000&date=1960:2025&source=2
NE.EXP.GNFS.CD,Exports of goods and services (current US$),trade,SOM,2022,1804000000,current USD,,source_reported,WDI_NE.EXP.GNFS.CD,2026-07-13,https://api.worldbank.org/v2/country/SOM/indicator/NE.EXP.GNFS.CD?format=json&per_page=1000&date=1960:2025&source=2
NE.EXP.GNFS.CD,Exports of goods and services (current US$),trade,SOM,2023,2404000000,current USD,,source_reported,WDI_NE.EXP.GNFS.CD,2026-07-13,https://api.worldbank.org/v2/country/SOM/indicator/NE.EXP.GNFS.CD?format=json&per_page=1000&date=1960:2025&source=2
NE.EXP.GNFS.CD,Exports of goods and services (current US$),trade,SOM,2024,3735000000,current USD,,source_reported,WDI_NE.EXP.GNFS.CD,2026-07-13,https://api.worldbank.org/v2/country/SOM/indicator/NE.EXP.GNFS.CD?format=json&per_page=1000&date=1960:2025&source=2
NE.EXP.GNFS.CD,Exports of goods and services (current US$),trade,SOM,2025,3800899999.86713,current USD,,source_reported,WDI_NE.EXP.GNFS.CD,2026-07-13,https://api.worldbank.org/v2/country/SOM/indicator/NE.EXP.GNFS.CD?format=json&per_page=1000&date=1960:2025&source=2
NE.GDI.TOTL.ZS,Gross capital formation (% of GDP),finance,SOM,1960,9.66639703751015,% of GDP,,source_reported,WDI_NE.GDI.TOTL.ZS,2026-07-13,https://api.worldbank.org/v2/country/SOM/indicator/NE.GDI.TOTL.ZS?format=json&per_page=1000&date=1960:2025&source=2
NE.GDI.TOTL.ZS,Gross capital formation (% of GDP),finance,SOM,1961,9.63475749936047,% of GDP,,source_reported,WDI_NE.GDI.TOTL.ZS,2026-07-13,https://api.worldbank.org/v2/country/SOM/indicator/NE.GDI.TOTL.ZS?format=json&per_page=1000&date=1960:2025&source=2
NE.GDI.TOTL.ZS,Gross capital formation (% of GDP),finance,SOM,1962,9.67807688857001,% of GDP,,source_reported,WDI_NE.GDI.TOTL.ZS,2026-07-13,https://api.worldbank.org/v2/country/SOM/indicator/NE.GDI.TOTL.ZS?format=json&per_page=1000&date=1960:2025&source=2
NE.GDI.TOTL.ZS,Gross capital formation (% of GDP),finance,SOM,1963,9.60553407805852,% of GDP,,source_reported,WDI_NE.GDI.TOTL.ZS,2026-07-13,https://api.worldbank.org/v2/country/SOM/indicator/NE.GDI.TOTL.ZS?format=json&per_page=1000&date=1960:2025&source=2
NE.GDI.TOTL.ZS,Gross capital formation (% of GDP),finance,SOM,1964,9.97864109831259,% of GDP,,source_reported,WDI_NE.GDI.TOTL.ZS,2026-07-13,https://api.worldbank.org/v2/country/SOM/indicator/NE.GDI.TOTL.ZS?format=json&per_page=1000&date=1960:2025&source=2
NE.GDI.TOTL.ZS,Gross capital formation (% of GDP),finance,SOM,1965,11.1896147728575,% of GDP,,source_reported,WDI_NE.GDI.TOTL.ZS,2026-07-13,https://api.worldbank.org/v2/country/SOM/indicator/NE.GDI.TOTL.ZS?format=json&per_page=1000&date=1960:2025&source=2
NE.GDI.TOTL.ZS,Gross capital formation (% of GDP),finance,SOM,1966,11.4501740644038,% of GDP,,source_reported,WDI_NE.GDI.TOTL.ZS,2026-07-13,https://api.worldbank.org/v2/country/SOM/indicator/NE.GDI.TOTL.ZS?format=json&per_page=1000&date=1960:2025&source=2
NE.GDI.TOTL.ZS,Gross capital formation (% of GDP),finance,SOM,1967,12.0228714700108,% of GDP,,source_reported,WDI_NE.GDI.TOTL.ZS,2026-07-13,https://api.worldbank.org/v2/country/SOM/indicator/NE.GDI.TOTL.ZS?format=json&per_page=1000&date=1960:2025&source=2
NE.GDI.TOTL.ZS,Gross capital formation (% of GDP),finance,SOM,1968,12.1728515625,% of GDP,,source_reported,WDI_NE.GDI.TOTL.ZS,2026-07-13,https://api.worldbank.org/v2/country/SOM/indicator/NE.GDI.TOTL.ZS?format=json&per_page=1000&date=1960:2025&source=2
NE.GDI.TOTL.ZS,Gross capital formation (% of GDP),finance,SOM,1969,12.3525195366289,% of GDP,,source_reported,WDI_NE.GDI.TOTL.ZS,2026-07-13,https://api.worldbank.org/v2/country/SOM/indicator/NE.GDI.TOTL.ZS?format=json&per_page=1000&date=1960:2025&source=2
NE.GDI.TOTL.ZS,Gross capital formation (% of GDP),finance,SOM,1970,10.8789459209487,% of GDP,,source_reported,WDI_NE.GDI.TOTL.ZS,2026-07-13,https://api.worldbank.org/v2/country/SOM/indicator/NE.GDI.TOTL.ZS?format=json&per_page=1000&date=1960:2025&source=2
NE.GDI.TOTL.ZS,Gross capital formation (% of GDP),finance,SOM,1971,11.3990518119135,% of GDP,,source_reported,WDI_NE.GDI.TOTL.ZS,2026-07-13,https://api.worldbank.org/v2/country/SOM/indicator/NE.GDI.TOTL.ZS?format=json&per_page=1000&date=1960:2025&source=2
NE.GDI.TOTL.ZS,Gross capital formation (% of GDP),finance,SOM,1972,12.6348040219783,% of GDP,,source_reported,WDI_NE.GDI.TOTL.ZS,2026-07-13,https://api.worldbank.org/v2/country/SOM/indicator/NE.GDI.TOTL.ZS?format=json&per_page=1000&date=1960:2025&source=2
NE.GDI.TOTL.ZS,Gross capital formation (% of GDP),finance,SOM,1973,15.0410102412963,% of GDP,,source_reported,WDI_NE.GDI.TOTL.ZS,2026-07-13,https://api.worldbank.org/v2/country/SOM/indicator/NE.GDI.TOTL.ZS?format=json&per_page=1000&date=1960:2025&source=2
NE.GDI.TOTL.ZS,Gross capital formation (% of GDP),finance,SOM,1974,21.9483696923724,% of GDP,,source_reported,WDI_NE.GDI.TOTL.ZS,2026-07-13,https://api.worldbank.org/v2/country/SOM/indicator/NE.GDI.TOTL.ZS?format=json&per_page=1000&date=1960:2025&source=2
NE.GDI.TOTL.ZS,Gross capital formation (% of GDP),finance,SOM,1975,21.1524076936748,% of GDP,,source_reported,WDI_NE.GDI.TOTL.ZS,2026-07-13,https://api.worldbank.org/v2/country/SOM/indicator/NE.GDI.TOTL.ZS?format=json&per_page=1000&date=1960:2025&source=2
NE.GDI.TOTL.ZS,Gross capital formation (% of GDP),finance,SOM,1976,27.693145693845,% of GDP,,source_reported,WDI_NE.GDI.TOTL.ZS,2026-07-13,https://api.worldbank.org/v2/country/SOM/indicator/NE.GDI.TOTL.ZS?format=json&per_page=1000&date=1960:2025&source=2
NE.GDI.TOTL.ZS,Gross capital formation (% of GDP),finance,SOM,1977,21.4244186046512,% of GDP,,source_reported,WDI_NE.GDI.TOTL.ZS,2026-07-13,https://api.worldbank.org/v2/country/SOM/indicator/NE.GDI.TOTL.ZS?format=json&per_page=1000&date=1960:2025&source=2
NE.GDI.TOTL.ZS,Gross capital formation (% of GDP),finance,SOM,1978,28.7094809051988,% of GDP,,source_reported,WDI_NE.GDI.TOTL.ZS,2026-07-13,https://api.worldbank.org/v2/country/SOM/indicator/NE.GDI.TOTL.ZS?format=json&per_page=1000&date=1960:2025&source=2
NE.GDI.TOTL.ZS,Gross capital formation (% of GDP),finance,SOM,1979,23.0161380077908,% of GDP,,source_reported,WDI_NE.GDI.TOTL.ZS,2026-07-13,https://api.worldbank.org/v2/country/SOM/indicator/NE.GDI.TOTL.ZS?format=json&per_page=1000&date=1960:2025&source=2
NE.GDI.TOTL.ZS,Gross capital formation (% of GDP),finance,SOM,1980,42.4716061126809,% of GDP,,source_reported,WDI_NE.GDI.TOTL.ZS,2026-07-13,https://api.worldbank.org/v2/country/SOM/indicator/NE.GDI.TOTL.ZS?format=json&per_page=1000&date=1960:2025&source=2
NE.GDI.TOTL.ZS,Gross capital formation (% of GDP),finance,SOM,1981,27.5571325353645,% of GDP,,source_reported,WDI_NE.GDI.TOTL.ZS,2026-07-13,https://api.worldbank.org/v2/country/SOM/indicator/NE.GDI.TOTL.ZS?format=json&per_page=1000&date=1960:2025&source=2
NE.GDI.TOTL.ZS,Gross capital formation (% of GDP),finance,SOM,1982,29.2741500601147,% of GDP,,source_reported,WDI_NE.GDI.TOTL.ZS,2026-07-13,https://api.worldbank.org/v2/country/SOM/indicator/NE.GDI.TOTL.ZS?format=json&per_page=1000&date=1960:2025&source=2
NE.GDI.TOTL.ZS,Gross capital formation (% of GDP),finance,SOM,1983,22.3746740072305,% of GDP,,source_reported,WDI_NE.GDI.TOTL.ZS,2026-07-13,https://api.worldbank.org/v2/country/SOM/indicator/NE.GDI.TOTL.ZS?format=json&per_page=1000&date=1960:2025&source=2
NE.GDI.TOTL.ZS,Gross capital formation (% of GDP),finance,SOM,1984,24.226945503028,% of GDP,,source_reported,WDI_NE.GDI.TOTL.ZS,2026-07-13,https://api.worldbank.org/v2/country/SOM/indicator/NE.GDI.TOTL.ZS?format=json&per_page=1000&date=1960:2025&source=2
NE.GDI.TOTL.ZS,Gross capital formation (% of GDP),finance,SOM,1985,29.8242645343109,% of GDP,,source_reported,WDI_NE.GDI.TOTL.ZS,2026-07-13,https://api.worldbank.org/v2/country/SOM/indicator/NE.GDI.TOTL.ZS?format=json&per_page=1000&date=1960:2025&source=2
NE.GDI.TOTL.ZS,Gross capital formation (% of GDP),finance,SOM,1986,25.5769942465546,% of GDP,,source_reported,WDI_NE.GDI.TOTL.ZS,2026-07-13,https://api.worldbank.org/v2/country/SOM/indicator/NE.GDI.TOTL.ZS?format=json&per_page=1000&date=1960:2025&source=2
NE.GDI.TOTL.ZS,Gross capital formation (% of GDP),finance,SOM,1987,33.0009852365454,% of GDP,,source_reported,WDI_NE.GDI.TOTL.ZS,2026-07-13,https://api.worldbank.org/v2/country/SOM/indicator/NE.GDI.TOTL.ZS?format=json&per_page=1000&date=1960:2025&source=2
NE.GDI.TOTL.ZS,Gross capital formation (% of GDP),finance,SOM,1988,23.5974316082343,% of GDP,,source_reported,WDI_NE.GDI.TOTL.ZS,2026-07-13,https://api.worldbank.org/v2/country/SOM/indicator/NE.GDI.TOTL.ZS?format=json&per_page=1000&date=1960:2025&source=2
NE.GDI.TOTL.ZS,Gross capital formation (% of GDP),finance,SOM,1989,28.0180463070803,% of GDP,,source_reported,WDI_NE.GDI.TOTL.ZS,2026-07-13,https://api.worldbank.org/v2/country/SOM/indicator/NE.GDI.TOTL.ZS?format=json&per_page=1000&date=1960:2025&source=2
NE.GDI.TOTL.ZS,Gross capital formation (% of GDP),finance,SOM,1990,13.783028588497,% of GDP,,source_reported,WDI_NE.GDI.TOTL.ZS,2026-07-13,https://api.worldbank.org/v2/country/SOM/indicator/NE.GDI.TOTL.ZS?format=json&per_page=1000&date=1960:2025&source=2
NE.GDI.TOTL.ZS,Gross capital formation (% of GDP),finance,SOM,1991,,% of GDP,,missing,WDI_NE.GDI.TOTL.ZS,2026-07-13,https://api.worldbank.org/v2/country/SOM/indicator/NE.GDI.TOTL.ZS?format=json&per_page=1000&date=1960:2025&source=2
NE.GDI.TOTL.ZS,Gross capital formation (% of GDP),finance,SOM,1992,,% of GDP,,missing,WDI_NE.GDI.TOTL.ZS,2026-07-13,https://api.worldbank.org/v2/country/SOM/indicator/NE.GDI.TOTL.ZS?format=json&per_page=1000&date=1960:2025&source=2
NE.GDI.TOTL.ZS,Gross capital formation (% of GDP),finance,SOM,1993,,% of GDP,,missing,WDI_NE.GDI.TOTL.ZS,2026-07-13,https://api.worldbank.org/v2/country/SOM/indicator/NE.GDI.TOTL.ZS?format=json&per_page=1000&date=1960:2025&source=2
NE.GDI.TOTL.ZS,Gross capital formation (% of GDP),finance,SOM,1994,,% of GDP,,missing,WDI_NE.GDI.TOTL.ZS,2026-07-13,https://api.worldbank.org/v2/country/SOM/indicator/NE.GDI.TOTL.ZS?format=json&per_page=1000&date=1960:2025&source=2
NE.GDI.TOTL.ZS,Gross capital formation (% of GDP),finance,SOM,1995,,% of GDP,,missing,WDI_NE.GDI.TOTL.ZS,2026-07-13,https://api.worldbank.org/v2/country/SOM/indicator/NE.GDI.TOTL.ZS?format=json&per_page=1000&date=1960:2025&source=2
NE.GDI.TOTL.ZS,Gross capital formation (% of GDP),finance,SOM,1996,,% of GDP,,missing,WDI_NE.GDI.TOTL.ZS,2026-07-13,https://api.worldbank.org/v2/country/SOM/indicator/NE.GDI.TOTL.ZS?format=json&per_page=1000&date=1960:2025&source=2
NE.GDI.TOTL.ZS,Gross capital formation (% of GDP),finance,SOM,1997,,% of GDP,,missing,WDI_NE.GDI.TOTL.ZS,2026-07-13,https://api.worldbank.org/v2/country/SOM/indicator/NE.GDI.TOTL.ZS?format=json&per_page=1000&date=1960:2025&source=2
NE.GDI.TOTL.ZS,Gross capital formation (% of GDP),finance,SOM,1998,,% of GDP,,missing,WDI_NE.GDI.TOTL.ZS,2026-07-13,https://api.worldbank.org/v2/country/SOM/indicator/NE.GDI.TOTL.ZS?format=json&per_page=1000&date=1960:2025&source=2
NE.GDI.TOTL.ZS,Gross capital formation (% of GDP),finance,SOM,1999,,% of GDP,,missing,WDI_NE.GDI.TOTL.ZS,2026-07-13,https://api.worldbank.org/v2/country/SOM/indicator/NE.GDI.TOTL.ZS?format=json&per_page=1000&date=1960:2025&source=2
NE.GDI.TOTL.ZS,Gross capital formation (% of GDP),finance,SOM,2000,,% of GDP,,missing,WDI_NE.GDI.TOTL.ZS,2026-07-13,https://api.worldbank.org/v2/country/SOM/indicator/NE.GDI.TOTL.ZS?format=json&per_page=1000&date=1960:2025&source=2
NE.GDI.TOTL.ZS,Gross capital formation (% of GDP),finance,SOM,2001,,% of GDP,,missing,WDI_NE.GDI.TOTL.ZS,2026-07-13,https://api.worldbank.org/v2/country/SOM/indicator/NE.GDI.TOTL.ZS?format=json&per_page=1000&date=1960:2025&source=2
NE.GDI.TOTL.ZS,Gross capital formation (% of GDP),finance,SOM,2002,,% of GDP,,missing,WDI_NE.GDI.TOTL.ZS,2026-07-13,https://api.worldbank.org/v2/country/SOM/indicator/NE.GDI.TOTL.ZS?format=json&per_page=1000&date=1960:2025&source=2
NE.GDI.TOTL.ZS,Gross capital formation (% of GDP),finance,SOM,2003,,% of GDP,,missing,WDI_NE.GDI.TOTL.ZS,2026-07-13,https://api.worldbank.org/v2/country/SOM/indicator/NE.GDI.TOTL.ZS?format=json&per_page=1000&date=1960:2025&source=2
NE.GDI.TOTL.ZS,Gross capital formation (% of GDP),finance,SOM,2004,,% of GDP,,missing,WDI_NE.GDI.TOTL.ZS,2026-07-13,https://api.worldbank.org/v2/country/SOM/indicator/NE.GDI.TOTL.ZS?format=json&per_page=1000&date=1960:2025&source=2
NE.GDI.TOTL.ZS,Gross capital formation (% of GDP),finance,SOM,2005,,% of GDP,,missing,WDI_NE.GDI.TOTL.ZS,2026-07-13,https://api.worldbank.org/v2/country/SOM/indicator/NE.GDI.TOTL.ZS?format=json&per_page=1000&date=1960:2025&source=2
NE.GDI.TOTL.ZS,Gross capital formation (% of GDP),finance,SOM,2006,,% of GDP,,missing,WDI_NE.GDI.TOTL.ZS,2026-07-13,https://api.worldbank.org/v2/country/SOM/indicator/NE.GDI.TOTL.ZS?format=json&per_page=1000&date=1960:2025&source=2
NE.GDI.TOTL.ZS,Gross capital formation (% of GDP),finance,SOM,2007,,% of GDP,,missing,WDI_NE.GDI.TOTL.ZS,2026-07-13,https://api.worldbank.org/v2/country/SOM/indicator/NE.GDI.TOTL.ZS?format=json&per_page=1000&date=1960:2025&source=2
NE.GDI.TOTL.ZS,Gross capital formation (% of GDP),finance,SOM,2008,,% of GDP,,missing,WDI_NE.GDI.TOTL.ZS,2026-07-13,https://api.worldbank.org/v2/country/SOM/indicator/NE.GDI.TOTL.ZS?format=json&per_page=1000&date=1960:2025&source=2
NE.GDI.TOTL.ZS,Gross capital formation (% of GDP),finance,SOM,2009,,% of GDP,,missing,WDI_NE.GDI.TOTL.ZS,2026-07-13,https://api.worldbank.org/v2/country/SOM/indicator/NE.GDI.TOTL.ZS?format=json&per_page=1000&date=1960:2025&source=2
NE.GDI.TOTL.ZS,Gross capital formation (% of GDP),finance,SOM,2010,,% of GDP,,missing,WDI_NE.GDI.TOTL.ZS,2026-07-13,https://api.worldbank.org/v2/country/SOM/indicator/NE.GDI.TOTL.ZS?format=json&per_page=1000&date=1960:2025&source=2
NE.GDI.TOTL.ZS,Gross capital formation (% of GDP),finance,SOM,2011,,% of GDP,,missing,WDI_NE.GDI.TOTL.ZS,2026-07-13,https://api.worldbank.org/v2/country/SOM/indicator/NE.GDI.TOTL.ZS?format=json&per_page=1000&date=1960:2025&source=2
NE.GDI.TOTL.ZS,Gross capital formation (% of GDP),finance,SOM,2012,15.7360330751388,% of GDP,,source_reported,WDI_NE.GDI.TOTL.ZS,2026-07-13,https://api.worldbank.org/v2/country/SOM/indicator/NE.GDI.TOTL.ZS?format=json&per_page=1000&date=1960:2025&source=2
NE.GDI.TOTL.ZS,Gross capital formation (% of GDP),finance,SOM,2013,14.3695600150118,% of GDP,,source_reported,WDI_NE.GDI.TOTL.ZS,2026-07-13,https://api.worldbank.org/v2/country/SOM/indicator/NE.GDI.TOTL.ZS?format=json&per_page=1000&date=1960:2025&source=2
NE.GDI.TOTL.ZS,Gross capital formation (% of GDP),finance,SOM,2014,13.4104063533751,% of GDP,,source_reported,WDI_NE.GDI.TOTL.ZS,2026-07-13,https://api.worldbank.org/v2/country/SOM/indicator/NE.GDI.TOTL.ZS?format=json&per_page=1000&date=1960:2025&source=2
NE.GDI.TOTL.ZS,Gross capital formation (% of GDP),finance,SOM,2015,13.1480812127699,% of GDP,,source_reported,WDI_NE.GDI.TOTL.ZS,2026-07-13,https://api.worldbank.org/v2/country/SOM/indicator/NE.GDI.TOTL.ZS?format=json&per_page=1000&date=1960:2025&source=2
NE.GDI.TOTL.ZS,Gross capital formation (% of GDP),finance,SOM,2016,12.8456368959279,% of GDP,,source_reported,WDI_NE.GDI.TOTL.ZS,2026-07-13,https://api.worldbank.org/v2/country/SOM/indicator/NE.GDI.TOTL.ZS?format=json&per_page=1000&date=1960:2025&source=2
NE.GDI.TOTL.ZS,Gross capital formation (% of GDP),finance,SOM,2017,13.8251070470324,% of GDP,,source_reported,WDI_NE.GDI.TOTL.ZS,2026-07-13,https://api.worldbank.org/v2/country/SOM/indicator/NE.GDI.TOTL.ZS?format=json&per_page=1000&date=1960:2025&source=2
NE.GDI.TOTL.ZS,Gross capital formation (% of GDP),finance,SOM,2018,16.1056776324146,% of GDP,,source_reported,WDI_NE.GDI.TOTL.ZS,2026-07-13,https://api.worldbank.org/v2/country/SOM/indicator/NE.GDI.TOTL.ZS?format=json&per_page=1000&date=1960:2025&source=2
NE.GDI.TOTL.ZS,Gross capital formation (% of GDP),finance,SOM,2019,16.0813308687616,% of GDP,,source_reported,WDI_NE.GDI.TOTL.ZS,2026-07-13,https://api.worldbank.org/v2/country/SOM/indicator/NE.GDI.TOTL.ZS?format=json&per_page=1000&date=1960:2025&source=2
NE.GDI.TOTL.ZS,Gross capital formation (% of GDP),finance,SOM,2020,16.006026889198,% of GDP,,source_reported,WDI_NE.GDI.TOTL.ZS,2026-07-13,https://api.worldbank.org/v2/country/SOM/indicator/NE.GDI.TOTL.ZS?format=json&per_page=1000&date=1960:2025&source=2
NE.GDI.TOTL.ZS,Gross capital formation (% of GDP),finance,SOM,2021,17.9795423389223,% of GDP,,source_reported,WDI_NE.GDI.TOTL.ZS,2026-07-13,https://api.worldbank.org/v2/country/SOM/indicator/NE.GDI.TOTL.ZS?format=json&per_page=1000&date=1960:2025&source=2
NE.GDI.TOTL.ZS,Gross capital formation (% of GDP),finance,SOM,2022,23.6499068901304,% of GDP,,source_reported,WDI_NE.GDI.TOTL.ZS,2026-07-13,https://api.worldbank.org/v2/country/SOM/indicator/NE.GDI.TOTL.ZS?format=json&per_page=1000&date=1960:2025&source=2
NE.GDI.TOTL.ZS,Gross capital formation (% of GDP),finance,SOM,2023,23.6083226866216,% of GDP,,source_reported,WDI_NE.GDI.TOTL.ZS,2026-07-13,https://api.worldbank.org/v2/country/SOM/indicator/NE.GDI.TOTL.ZS?format=json&per_page=1000&date=1960:2025&source=2
NE.GDI.TOTL.ZS,Gross capital formation (% of GDP),finance,SOM,2024,26.7485585359739,% of GDP,,source_reported,WDI_NE.GDI.TOTL.ZS,2026-07-13,https://api.worldbank.org/v2/country/SOM/indicator/NE.GDI.TOTL.ZS?format=json&per_page=1000&date=1960:2025&source=2
NE.GDI.TOTL.ZS,Gross capital formation (% of GDP),finance,SOM,2025,28.1142267908557,% of GDP,,source_reported,WDI_NE.GDI.TOTL.ZS,2026-07-13,https://api.worldbank.org/v2/country/SOM/indicator/NE.GDI.TOTL.ZS?format=json&per_page=1000&date=1960:2025&source=2
NE.IMP.GNFS.CD,Imports of goods and services (current US$),trade,SOM,1960,30939958.5040166,current USD,,source_reported,WDI_NE.IMP.GNFS.CD,2026-07-13,https://api.worldbank.org/v2/country/SOM/indicator/NE.IMP.GNFS.CD?format=json&per_page=1000&date=1960:2025&source=2
NE.IMP.GNFS.CD,Imports of goods and services (current US$),trade,SOM,1961,44239946.4640214,current USD,,source_reported,WDI_NE.IMP.GNFS.CD,2026-07-13,https://api.worldbank.org/v2/country/SOM/indicator/NE.IMP.GNFS.CD?format=json&per_page=1000&date=1960:2025&source=2
NE.IMP.GNFS.CD,Imports of goods and services (current US$),trade,SOM,1962,55999932.8000269,current USD,,source_reported,WDI_NE.IMP.GNFS.CD,2026-07-13,https://api.worldbank.org/v2/country/SOM/indicator/NE.IMP.GNFS.CD?format=json&per_page=1000&date=1960:2025&source=2
NE.IMP.GNFS.CD,Imports of goods and services (current US$),trade,SOM,1963,56139923.7840305,current USD,,source_reported,WDI_NE.IMP.GNFS.CD,2026-07-13,https://api.worldbank.org/v2/country/SOM/indicator/NE.IMP.GNFS.CD?format=json&per_page=1000&date=1960:2025&source=2
NE.IMP.GNFS.CD,Imports of goods and services (current US$),trade,SOM,1964,69859927.2560291,current USD,,source_reported,WDI_NE.IMP.GNFS.CD,2026-07-13,https://api.worldbank.org/v2/country/SOM/indicator/NE.IMP.GNFS.CD?format=json&per_page=1000&date=1960:2025&source=2
NE.IMP.GNFS.CD,Imports of goods and services (current US$),trade,SOM,1965,50301993.3192027,current USD,,source_reported,WDI_NE.IMP.GNFS.CD,2026-07-13,https://api.worldbank.org/v2/country/SOM/indicator/NE.IMP.GNFS.CD?format=json&per_page=1000&date=1960:2025&source=2
NE.IMP.GNFS.CD,Imports of goods and services (current US$),trade,SOM,1966,58099990.2000039,current USD,,source_reported,WDI_NE.IMP.GNFS.CD,2026-07-13,https://api.worldbank.org/v2/country/SOM/indicator/NE.IMP.GNFS.CD?format=json&per_page=1000&date=1960:2025&source=2
NE.IMP.GNFS.CD,Imports of goods and services (current US$),trade,SOM,1967,60479975.8080097,current USD,,source_reported,WDI_NE.IMP.GNFS.CD,2026-07-13,https://api.worldbank.org/v2/country/SOM/indicator/NE.IMP.GNFS.CD?format=json&per_page=1000&date=1960:2025&source=2
NE.IMP.GNFS.CD,Imports of goods and services (current US$),trade,SOM,1968,61697961.8808153,current USD,,source_reported,WDI_NE.IMP.GNFS.CD,2026-07-13,https://api.worldbank.org/v2/country/SOM/indicator/NE.IMP.GNFS.CD?format=json&per_page=1000&date=1960:2025&source=2
NE.IMP.GNFS.CD,Imports of goods and services (current US$),trade,SOM,1969,72457142.8571429,current USD,,source_reported,WDI_NE.IMP.GNFS.CD,2026-07-13,https://api.worldbank.org/v2/country/SOM/indicator/NE.IMP.GNFS.CD?format=json&per_page=1000&date=1960:2025&source=2
NE.IMP.GNFS.CD,Imports of goods and services (current US$),trade,SOM,1970,54000013.7142857,current USD,,source_reported,WDI_NE.IMP.GNFS.CD,2026-07-13,https://api.worldbank.org/v2/country/SOM/indicator/NE.IMP.GNFS.CD?format=json&per_page=1000&date=1960:2025&source=2
NE.IMP.GNFS.CD,Imports of goods and services (current US$),trade,SOM,1971,65932001.3949525,current USD,,source_reported,WDI_NE.IMP.GNFS.CD,2026-07-13,https://api.worldbank.org/v2/country/SOM/indicator/NE.IMP.GNFS.CD?format=json&per_page=1000&date=1960:2025&source=2
NE.IMP.GNFS.CD,Imports of goods and services (current US$),trade,SOM,1972,85671836.5358787,current USD,,source_reported,WDI_NE.IMP.GNFS.CD,2026-07-13,https://api.worldbank.org/v2/country/SOM/indicator/NE.IMP.GNFS.CD?format=json&per_page=1000&date=1960:2025&source=2
NE.IMP.GNFS.CD,Imports of goods and services (current US$),trade,SOM,1973,136273183.156889,current USD,,source_reported,WDI_NE.IMP.GNFS.CD,2026-07-13,https://api.worldbank.org/v2/country/SOM/indicator/NE.IMP.GNFS.CD?format=json&per_page=1000&date=1960:2025&source=2
NE.IMP.GNFS.CD,Imports of goods and services (current US$),trade,SOM,1974,186973778.554408,current USD,,source_reported,WDI_NE.IMP.GNFS.CD,2026-07-13,https://api.worldbank.org/v2/country/SOM/indicator/NE.IMP.GNFS.CD?format=json&per_page=1000&date=1960:2025&source=2
NE.IMP.GNFS.CD,Imports of goods and services (current US$),trade,SOM,1975,191088160.127085,current USD,,source_reported,WDI_NE.IMP.GNFS.CD,2026-07-13,https://api.worldbank.org/v2/country/SOM/indicator/NE.IMP.GNFS.CD?format=json&per_page=1000&date=1960:2025&source=2
NE.IMP.GNFS.CD,Imports of goods and services (current US$),trade,SOM,1976,192486094.996029,current USD,,source_reported,WDI_NE.IMP.GNFS.CD,2026-07-13,https://api.worldbank.org/v2/country/SOM/indicator/NE.IMP.GNFS.CD?format=json&per_page=1000&date=1960:2025&source=2
NE.IMP.GNFS.CD,Imports of goods and services (current US$),trade,SOM,1977,295217382.028986,current USD,,source_reported,WDI_NE.IMP.GNFS.CD,2026-07-13,https://api.worldbank.org/v2/country/SOM/indicator/NE.IMP.GNFS.CD?format=json&per_page=1000&date=1960:2025&source=2
NE.IMP.GNFS.CD,Imports of goods and services (current US$),trade,SOM,1978,316988817.679558,current USD,,source_reported,WDI_NE.IMP.GNFS.CD,2026-07-13,https://api.worldbank.org/v2/country/SOM/indicator/NE.IMP.GNFS.CD?format=json&per_page=1000&date=1960:2025&source=2
NE.IMP.GNFS.CD,Imports of goods and services (current US$),trade,SOM,1979,445931808.923885,current USD,,source_reported,WDI_NE.IMP.GNFS.CD,2026-07-13,https://api.worldbank.org/v2/country/SOM/indicator/NE.IMP.GNFS.CD?format=json&per_page=1000&date=1960:2025&source=2
NE.IMP.GNFS.CD,Imports of goods and services (current US$),trade,SOM,1980,534102368.090059,current USD,,source_reported,WDI_NE.IMP.GNFS.CD,2026-07-13,https://api.worldbank.org/v2/country/SOM/indicator/NE.IMP.GNFS.CD?format=json&per_page=1000&date=1960:2025&source=2
NE.IMP.GNFS.CD,Imports of goods and services (current US$),trade,SOM,1981,477996187.190869,current USD,,source_reported,WDI_NE.IMP.GNFS.CD,2026-07-13,https://api.worldbank.org/v2/country/SOM/indicator/NE.IMP.GNFS.CD?format=json&per_page=1000&date=1960:2025&source=2
NE.IMP.GNFS.CD,Imports of goods and services (current US$),trade,SOM,1982,526993563.685709,current USD,,source_reported,WDI_NE.IMP.GNFS.CD,2026-07-13,https://api.worldbank.org/v2/country/SOM/indicator/NE.IMP.GNFS.CD?format=json&per_page=1000&date=1960:2025&source=2
NE.IMP.GNFS.CD,Imports of goods and services (current US$),trade,SOM,1983,533432443.476805,current USD,,source_reported,WDI_NE.IMP.GNFS.CD,2026-07-13,https://api.worldbank.org/v2/country/SOM/indicator/NE.IMP.GNFS.CD?format=json&per_page=1000&date=1960:2025&source=2
NE.IMP.GNFS.CD,Imports of goods and services (current US$),trade,SOM,1984,481494597.283007,current USD,,source_reported,WDI_NE.IMP.GNFS.CD,2026-07-13,https://api.worldbank.org/v2/country/SOM/indicator/NE.IMP.GNFS.CD?format=json&per_page=1000&date=1960:2025&source=2
NE.IMP.GNFS.CD,Imports of goods and services (current US$),trade,SOM,1985,169206456.500803,current USD,,source_reported,WDI_NE.IMP.GNFS.CD,2026-07-13,https://api.worldbank.org/v2/country/SOM/indicator/NE.IMP.GNFS.CD?format=json&per_page=1000&date=1960:2025&source=2
NE.IMP.GNFS.CD,Imports of goods and services (current US$),trade,SOM,1986,273465478.015279,current USD,,source_reported,WDI_NE.IMP.GNFS.CD,2026-07-13,https://api.worldbank.org/v2/country/SOM/indicator/NE.IMP.GNFS.CD?format=json&per_page=1000&date=1960:2025&source=2
NE.IMP.GNFS.CD,Imports of goods and services (current US$),trade,SOM,1987,315205176.136978,current USD,,source_reported,WDI_NE.IMP.GNFS.CD,2026-07-13,https://api.worldbank.org/v2/country/SOM/indicator/NE.IMP.GNFS.CD?format=json&per_page=1000&date=1960:2025&source=2
NE.IMP.GNFS.CD,Imports of goods and services (current US$),trade,SOM,1988,230343008.3312,current USD,,source_reported,WDI_NE.IMP.GNFS.CD,2026-07-13,https://api.worldbank.org/v2/country/SOM/indicator/NE.IMP.GNFS.CD?format=json&per_page=1000&date=1960:2025&source=2
NE.IMP.GNFS.CD,Imports of goods and services (current US$),trade,SOM,1989,490450254.295533,current USD,,source_reported,WDI_NE.IMP.GNFS.CD,2026-07-13,https://api.worldbank.org/v2/country/SOM/indicator/NE.IMP.GNFS.CD?format=json&per_page=1000&date=1960:2025&source=2
NE.IMP.GNFS.CD,Imports of goods and services (current US$),trade,SOM,1990,346105374.490393,current USD,,source_reported,WDI_NE.IMP.GNFS.CD,2026-07-13,https://api.worldbank.org/v2/country/SOM/indicator/NE.IMP.GNFS.CD?format=json&per_page=1000&date=1960:2025&source=2
NE.IMP.GNFS.CD,Imports of goods and services (current US$),trade,SOM,1991,,current USD,,missing,WDI_NE.IMP.GNFS.CD,2026-07-13,https://api.worldbank.org/v2/country/SOM/indicator/NE.IMP.GNFS.CD?format=json&per_page=1000&date=1960:2025&source=2
NE.IMP.GNFS.CD,Imports of goods and services (current US$),trade,SOM,1992,,current USD,,missing,WDI_NE.IMP.GNFS.CD,2026-07-13,https://api.worldbank.org/v2/country/SOM/indicator/NE.IMP.GNFS.CD?format=json&per_page=1000&date=1960:2025&source=2
NE.IMP.GNFS.CD,Imports of goods and services (current US$),trade,SOM,1993,,current USD,,missing,WDI_NE.IMP.GNFS.CD,2026-07-13,https://api.worldbank.org/v2/country/SOM/indicator/NE.IMP.GNFS.CD?format=json&per_page=1000&date=1960:2025&source=2
NE.IMP.GNFS.CD,Imports of goods and services (current US$),trade,SOM,1994,,current USD,,missing,WDI_NE.IMP.GNFS.CD,2026-07-13,https://api.worldbank.org/v2/country/SOM/indicator/NE.IMP.GNFS.CD?format=json&per_page=1000&date=1960:2025&source=2
NE.IMP.GNFS.CD,Imports of goods and services (current US$),trade,SOM,1995,,current USD,,missing,WDI_NE.IMP.GNFS.CD,2026-07-13,https://api.worldbank.org/v2/country/SOM/indicator/NE.IMP.GNFS.CD?format=json&per_page=1000&date=1960:2025&source=2
NE.IMP.GNFS.CD,Imports of goods and services (current US$),trade,SOM,1996,,current USD,,missing,WDI_NE.IMP.GNFS.CD,2026-07-13,https://api.worldbank.org/v2/country/SOM/indicator/NE.IMP.GNFS.CD?format=json&per_page=1000&date=1960:2025&source=2
NE.IMP.GNFS.CD,Imports of goods and services (current US$),trade,SOM,1997,,current USD,,missing,WDI_NE.IMP.GNFS.CD,2026-07-13,https://api.worldbank.org/v2/country/SOM/indicator/NE.IMP.GNFS.CD?format=json&per_page=1000&date=1960:2025&source=2
NE.IMP.GNFS.CD,Imports of goods and services (current US$),trade,SOM,1998,,current USD,,missing,WDI_NE.IMP.GNFS.CD,2026-07-13,https://api.worldbank.org/v2/country/SOM/indicator/NE.IMP.GNFS.CD?format=json&per_page=1000&date=1960:2025&source=2
NE.IMP.GNFS.CD,Imports of goods and services (current US$),trade,SOM,1999,,current USD,,missing,WDI_NE.IMP.GNFS.CD,2026-07-13,https://api.worldbank.org/v2/country/SOM/indicator/NE.IMP.GNFS.CD?format=json&per_page=1000&date=1960:2025&source=2
NE.IMP.GNFS.CD,Imports of goods and services (current US$),trade,SOM,2000,,current USD,,missing,WDI_NE.IMP.GNFS.CD,2026-07-13,https://api.worldbank.org/v2/country/SOM/indicator/NE.IMP.GNFS.CD?format=json&per_page=1000&date=1960:2025&source=2
NE.IMP.GNFS.CD,Imports of goods and services (current US$),trade,SOM,2001,,current USD,,missing,WDI_NE.IMP.GNFS.CD,2026-07-13,https://api.worldbank.org/v2/country/SOM/indicator/NE.IMP.GNFS.CD?format=json&per_page=1000&date=1960:2025&source=2
NE.IMP.GNFS.CD,Imports of goods and services (current US$),trade,SOM,2002,,current USD,,missing,WDI_NE.IMP.GNFS.CD,2026-07-13,https://api.worldbank.org/v2/country/SOM/indicator/NE.IMP.GNFS.CD?format=json&per_page=1000&date=1960:2025&source=2
NE.IMP.GNFS.CD,Imports of goods and services (current US$),trade,SOM,2003,,current USD,,missing,WDI_NE.IMP.GNFS.CD,2026-07-13,https://api.worldbank.org/v2/country/SOM/indicator/NE.IMP.GNFS.CD?format=json&per_page=1000&date=1960:2025&source=2
NE.IMP.GNFS.CD,Imports of goods and services (current US$),trade,SOM,2004,,current USD,,missing,WDI_NE.IMP.GNFS.CD,2026-07-13,https://api.worldbank.org/v2/country/SOM/indicator/NE.IMP.GNFS.CD?format=json&per_page=1000&date=1960:2025&source=2
NE.IMP.GNFS.CD,Imports of goods and services (current US$),trade,SOM,2005,,current USD,,missing,WDI_NE.IMP.GNFS.CD,2026-07-13,https://api.worldbank.org/v2/country/SOM/indicator/NE.IMP.GNFS.CD?format=json&per_page=1000&date=1960:2025&source=2
NE.IMP.GNFS.CD,Imports of goods and services (current US$),trade,SOM,2006,,current USD,,missing,WDI_NE.IMP.GNFS.CD,2026-07-13,https://api.worldbank.org/v2/country/SOM/indicator/NE.IMP.GNFS.CD?format=json&per_page=1000&date=1960:2025&source=2
NE.IMP.GNFS.CD,Imports of goods and services (current US$),trade,SOM,2007,,current USD,,missing,WDI_NE.IMP.GNFS.CD,2026-07-13,https://api.worldbank.org/v2/country/SOM/indicator/NE.IMP.GNFS.CD?format=json&per_page=1000&date=1960:2025&source=2
NE.IMP.GNFS.CD,Imports of goods and services (current US$),trade,SOM,2008,,current USD,,missing,WDI_NE.IMP.GNFS.CD,2026-07-13,https://api.worldbank.org/v2/country/SOM/indicator/NE.IMP.GNFS.CD?format=json&per_page=1000&date=1960:2025&source=2
NE.IMP.GNFS.CD,Imports of goods and services (current US$),trade,SOM,2009,,current USD,,missing,WDI_NE.IMP.GNFS.CD,2026-07-13,https://api.worldbank.org/v2/country/SOM/indicator/NE.IMP.GNFS.CD?format=json&per_page=1000&date=1960:2025&source=2
NE.IMP.GNFS.CD,Imports of goods and services (current US$),trade,SOM,2010,,current USD,,missing,WDI_NE.IMP.GNFS.CD,2026-07-13,https://api.worldbank.org/v2/country/SOM/indicator/NE.IMP.GNFS.CD?format=json&per_page=1000&date=1960:2025&source=2
NE.IMP.GNFS.CD,Imports of goods and services (current US$),trade,SOM,2011,,current USD,,missing,WDI_NE.IMP.GNFS.CD,2026-07-13,https://api.worldbank.org/v2/country/SOM/indicator/NE.IMP.GNFS.CD?format=json&per_page=1000&date=1960:2025&source=2
NE.IMP.GNFS.CD,Imports of goods and services (current US$),trade,SOM,2012,3012549729.99756,current USD,,source_reported,WDI_NE.IMP.GNFS.CD,2026-07-13,https://api.worldbank.org/v2/country/SOM/indicator/NE.IMP.GNFS.CD?format=json&per_page=1000&date=1960:2025&source=2
NE.IMP.GNFS.CD,Imports of goods and services (current US$),trade,SOM,2013,3276855449.99948,current USD,,source_reported,WDI_NE.IMP.GNFS.CD,2026-07-13,https://api.worldbank.org/v2/country/SOM/indicator/NE.IMP.GNFS.CD?format=json&per_page=1000&date=1960:2025&source=2
NE.IMP.GNFS.CD,Imports of goods and services (current US$),trade,SOM,2014,3582435079.99765,current USD,,source_reported,WDI_NE.IMP.GNFS.CD,2026-07-13,https://api.worldbank.org/v2/country/SOM/indicator/NE.IMP.GNFS.CD?format=json&per_page=1000&date=1960:2025&source=2
NE.IMP.GNFS.CD,Imports of goods and services (current US$),trade,SOM,2015,3667158479.99971,current USD,,source_reported,WDI_NE.IMP.GNFS.CD,2026-07-13,https://api.worldbank.org/v2/country/SOM/indicator/NE.IMP.GNFS.CD?format=json&per_page=1000&date=1960:2025&source=2
NE.IMP.GNFS.CD,Imports of goods and services (current US$),trade,SOM,2016,3850891890.00063,current USD,,source_reported,WDI_NE.IMP.GNFS.CD,2026-07-13,https://api.worldbank.org/v2/country/SOM/indicator/NE.IMP.GNFS.CD?format=json&per_page=1000&date=1960:2025&source=2
NE.IMP.GNFS.CD,Imports of goods and services (current US$),trade,SOM,2017,4239776470.0002,current USD,,source_reported,WDI_NE.IMP.GNFS.CD,2026-07-13,https://api.worldbank.org/v2/country/SOM/indicator/NE.IMP.GNFS.CD?format=json&per_page=1000&date=1960:2025&source=2
NE.IMP.GNFS.CD,Imports of goods and services (current US$),trade,SOM,2018,4693000000,current USD,,source_reported,WDI_NE.IMP.GNFS.CD,2026-07-13,https://api.worldbank.org/v2/country/SOM/indicator/NE.IMP.GNFS.CD?format=json&per_page=1000&date=1960:2025&source=2
NE.IMP.GNFS.CD,Imports of goods and services (current US$),trade,SOM,2019,4954000000,current USD,,source_reported,WDI_NE.IMP.GNFS.CD,2026-07-13,https://api.worldbank.org/v2/country/SOM/indicator/NE.IMP.GNFS.CD?format=json&per_page=1000&date=1960:2025&source=2
NE.IMP.GNFS.CD,Imports of goods and services (current US$),trade,SOM,2020,5353000000,current USD,,source_reported,WDI_NE.IMP.GNFS.CD,2026-07-13,https://api.worldbank.org/v2/country/SOM/indicator/NE.IMP.GNFS.CD?format=json&per_page=1000&date=1960:2025&source=2
NE.IMP.GNFS.CD,Imports of goods and services (current US$),trade,SOM,2021,5969000000,current USD,,source_reported,WDI_NE.IMP.GNFS.CD,2026-07-13,https://api.worldbank.org/v2/country/SOM/indicator/NE.IMP.GNFS.CD?format=json&per_page=1000&date=1960:2025&source=2
NE.IMP.GNFS.CD,Imports of goods and services (current US$),trade,SOM,2022,7456000000,current USD,,source_reported,WDI_NE.IMP.GNFS.CD,2026-07-13,https://api.worldbank.org/v2/country/SOM/indicator/NE.IMP.GNFS.CD?format=json&per_page=1000&date=1960:2025&source=2
NE.IMP.GNFS.CD,Imports of goods and services (current US$),trade,SOM,2023,8896000000,current USD,,source_reported,WDI_NE.IMP.GNFS.CD,2026-07-13,https://api.worldbank.org/v2/country/SOM/indicator/NE.IMP.GNFS.CD?format=json&per_page=1000&date=1960:2025&source=2
NE.IMP.GNFS.CD,Imports of goods and services (current US$),trade,SOM,2024,11861000000,current USD,,source_reported,WDI_NE.IMP.GNFS.CD,2026-07-13,https://api.worldbank.org/v2/country/SOM/indicator/NE.IMP.GNFS.CD?format=json&per_page=1000&date=1960:2025&source=2
NE.IMP.GNFS.CD,Imports of goods and services (current US$),trade,SOM,2025,12841200000.5979,current USD,,source_reported,WDI_NE.IMP.GNFS.CD,2026-07-13,https://api.worldbank.org/v2/country/SOM/indicator/NE.IMP.GNFS.CD?format=json&per_page=1000&date=1960:2025&source=2
NV.AGR.TOTL.ZS,"Agriculture, forestry, and fishing, value added (% of GDP)",productive_sectors,SOM,1960,64.4453355124116,% of GDP,,source_reported,WDI_NV.AGR.TOTL.ZS,2026-07-13,https://api.worldbank.org/v2/country/SOM/indicator/NV.AGR.TOTL.ZS?format=json&per_page=1000&date=1960:2025&source=2
NV.AGR.TOTL.ZS,"Agriculture, forestry, and fishing, value added (% of GDP)",productive_sectors,SOM,1961,64.163654131829,% of GDP,,source_reported,WDI_NV.AGR.TOTL.ZS,2026-07-13,https://api.worldbank.org/v2/country/SOM/indicator/NV.AGR.TOTL.ZS?format=json&per_page=1000&date=1960:2025&source=2
NV.AGR.TOTL.ZS,"Agriculture, forestry, and fishing, value added (% of GDP)",productive_sectors,SOM,1962,64.9470589100208,% of GDP,,source_reported,WDI_NV.AGR.TOTL.ZS,2026-07-13,https://api.worldbank.org/v2/country/SOM/indicator/NV.AGR.TOTL.ZS?format=json&per_page=1000&date=1960:2025&source=2
NV.AGR.TOTL.ZS,"Agriculture, forestry, and fishing, value added (% of GDP)",productive_sectors,SOM,1963,64.0326711281641,% of GDP,,source_reported,WDI_NV.AGR.TOTL.ZS,2026-07-13,https://api.worldbank.org/v2/country/SOM/indicator/NV.AGR.TOTL.ZS?format=json&per_page=1000&date=1960:2025&source=2
NV.AGR.TOTL.ZS,"Agriculture, forestry, and fishing, value added (% of GDP)",productive_sectors,SOM,1964,64.5135914215097,% of GDP,,source_reported,WDI_NV.AGR.TOTL.ZS,2026-07-13,https://api.worldbank.org/v2/country/SOM/indicator/NV.AGR.TOTL.ZS?format=json&per_page=1000&date=1960:2025&source=2
NV.AGR.TOTL.ZS,"Agriculture, forestry, and fishing, value added (% of GDP)",productive_sectors,SOM,1965,63.4384525418062,% of GDP,,source_reported,WDI_NV.AGR.TOTL.ZS,2026-07-13,https://api.worldbank.org/v2/country/SOM/indicator/NV.AGR.TOTL.ZS?format=json&per_page=1000&date=1960:2025&source=2
NV.AGR.TOTL.ZS,"Agriculture, forestry, and fishing, value added (% of GDP)",productive_sectors,SOM,1966,61.8690200174064,% of GDP,,source_reported,WDI_NV.AGR.TOTL.ZS,2026-07-13,https://api.worldbank.org/v2/country/SOM/indicator/NV.AGR.TOTL.ZS?format=json&per_page=1000&date=1960:2025&source=2
NV.AGR.TOTL.ZS,"Agriculture, forestry, and fishing, value added (% of GDP)",productive_sectors,SOM,1967,59.6352952703495,% of GDP,,source_reported,WDI_NV.AGR.TOTL.ZS,2026-07-13,https://api.worldbank.org/v2/country/SOM/indicator/NV.AGR.TOTL.ZS?format=json&per_page=1000&date=1960:2025&source=2
NV.AGR.TOTL.ZS,"Agriculture, forestry, and fishing, value added (% of GDP)",productive_sectors,SOM,1968,54.62890625,% of GDP,,source_reported,WDI_NV.AGR.TOTL.ZS,2026-07-13,https://api.worldbank.org/v2/country/SOM/indicator/NV.AGR.TOTL.ZS?format=json&per_page=1000&date=1960:2025&source=2
NV.AGR.TOTL.ZS,"Agriculture, forestry, and fishing, value added (% of GDP)",productive_sectors,SOM,1969,53.7467722467717,% of GDP,,source_reported,WDI_NV.AGR.TOTL.ZS,2026-07-13,https://api.worldbank.org/v2/country/SOM/indicator/NV.AGR.TOTL.ZS?format=json&per_page=1000&date=1960:2025&source=2
NV.AGR.TOTL.ZS,"Agriculture, forestry, and fishing, value added (% of GDP)",productive_sectors,SOM,1970,48.8608382315685,% of GDP,,source_reported,WDI_NV.AGR.TOTL.ZS,2026-07-13,https://api.worldbank.org/v2/country/SOM/indicator/NV.AGR.TOTL.ZS?format=json&per_page=1000&date=1960:2025&source=2
NV.AGR.TOTL.ZS,"Agriculture, forestry, and fishing, value added (% of GDP)",productive_sectors,SOM,1971,48.1549128932314,% of GDP,,source_reported,WDI_NV.AGR.TOTL.ZS,2026-07-13,https://api.worldbank.org/v2/country/SOM/indicator/NV.AGR.TOTL.ZS?format=json&per_page=1000&date=1960:2025&source=2
NV.AGR.TOTL.ZS,"Agriculture, forestry, and fishing, value added (% of GDP)",productive_sectors,SOM,1972,50.8334827131989,% of GDP,,source_reported,WDI_NV.AGR.TOTL.ZS,2026-07-13,https://api.worldbank.org/v2/country/SOM/indicator/NV.AGR.TOTL.ZS?format=json&per_page=1000&date=1960:2025&source=2
NV.AGR.TOTL.ZS,"Agriculture, forestry, and fishing, value added (% of GDP)",productive_sectors,SOM,1973,56.487728186589,% of GDP,,source_reported,WDI_NV.AGR.TOTL.ZS,2026-07-13,https://api.worldbank.org/v2/country/SOM/indicator/NV.AGR.TOTL.ZS?format=json&per_page=1000&date=1960:2025&source=2
NV.AGR.TOTL.ZS,"Agriculture, forestry, and fishing, value added (% of GDP)",productive_sectors,SOM,1974,31.2410444249509,% of GDP,,source_reported,WDI_NV.AGR.TOTL.ZS,2026-07-13,https://api.worldbank.org/v2/country/SOM/indicator/NV.AGR.TOTL.ZS?format=json&per_page=1000&date=1960:2025&source=2
NV.AGR.TOTL.ZS,"Agriculture, forestry, and fishing, value added (% of GDP)",productive_sectors,SOM,1975,45.7714411794507,% of GDP,,source_reported,WDI_NV.AGR.TOTL.ZS,2026-07-13,https://api.worldbank.org/v2/country/SOM/indicator/NV.AGR.TOTL.ZS?format=json&per_page=1000&date=1960:2025&source=2
NV.AGR.TOTL.ZS,"Agriculture, forestry, and fishing, value added (% of GDP)",productive_sectors,SOM,1976,47.2624781614237,% of GDP,,source_reported,WDI_NV.AGR.TOTL.ZS,2026-07-13,https://api.worldbank.org/v2/country/SOM/indicator/NV.AGR.TOTL.ZS?format=json&per_page=1000&date=1960:2025&source=2
NV.AGR.TOTL.ZS,"Agriculture, forestry, and fishing, value added (% of GDP)",productive_sectors,SOM,1977,55.9302474418605,% of GDP,,source_reported,WDI_NV.AGR.TOTL.ZS,2026-07-13,https://api.worldbank.org/v2/country/SOM/indicator/NV.AGR.TOTL.ZS?format=json&per_page=1000&date=1960:2025&source=2
NV.AGR.TOTL.ZS,"Agriculture, forestry, and fishing, value added (% of GDP)",productive_sectors,SOM,1978,55.0214302140673,% of GDP,,source_reported,WDI_NV.AGR.TOTL.ZS,2026-07-13,https://api.worldbank.org/v2/country/SOM/indicator/NV.AGR.TOTL.ZS?format=json&per_page=1000&date=1960:2025&source=2
NV.AGR.TOTL.ZS,"Agriculture, forestry, and fishing, value added (% of GDP)",productive_sectors,SOM,1979,51.1407766722315,% of GDP,,source_reported,WDI_NV.AGR.TOTL.ZS,2026-07-13,https://api.worldbank.org/v2/country/SOM/indicator/NV.AGR.TOTL.ZS?format=json&per_page=1000&date=1960:2025&source=2
NV.AGR.TOTL.ZS,"Agriculture, forestry, and fishing, value added (% of GDP)",productive_sectors,SOM,1980,64.4772486015801,% of GDP,,source_reported,WDI_NV.AGR.TOTL.ZS,2026-07-13,https://api.worldbank.org/v2/country/SOM/indicator/NV.AGR.TOTL.ZS?format=json&per_page=1000&date=1960:2025&source=2
NV.AGR.TOTL.ZS,"Agriculture, forestry, and fishing, value added (% of GDP)",productive_sectors,SOM,1981,62.7539011969532,% of GDP,,source_reported,WDI_NV.AGR.TOTL.ZS,2026-07-13,https://api.worldbank.org/v2/country/SOM/indicator/NV.AGR.TOTL.ZS?format=json&per_page=1000&date=1960:2025&source=2
NV.AGR.TOTL.ZS,"Agriculture, forestry, and fishing, value added (% of GDP)",productive_sectors,SOM,1982,62.9487142042527,% of GDP,,source_reported,WDI_NV.AGR.TOTL.ZS,2026-07-13,https://api.worldbank.org/v2/country/SOM/indicator/NV.AGR.TOTL.ZS?format=json&per_page=1000&date=1960:2025&source=2
NV.AGR.TOTL.ZS,"Agriculture, forestry, and fishing, value added (% of GDP)",productive_sectors,SOM,1983,60.7105227931339,% of GDP,,source_reported,WDI_NV.AGR.TOTL.ZS,2026-07-13,https://api.worldbank.org/v2/country/SOM/indicator/NV.AGR.TOTL.ZS?format=json&per_page=1000&date=1960:2025&source=2
NV.AGR.TOTL.ZS,"Agriculture, forestry, and fishing, value added (% of GDP)",productive_sectors,SOM,1984,65.2048880792893,% of GDP,,source_reported,WDI_NV.AGR.TOTL.ZS,2026-07-13,https://api.worldbank.org/v2/country/SOM/indicator/NV.AGR.TOTL.ZS?format=json&per_page=1000&date=1960:2025&source=2
NV.AGR.TOTL.ZS,"Agriculture, forestry, and fishing, value added (% of GDP)",productive_sectors,SOM,1985,63.6762498888762,% of GDP,,source_reported,WDI_NV.AGR.TOTL.ZS,2026-07-13,https://api.worldbank.org/v2/country/SOM/indicator/NV.AGR.TOTL.ZS?format=json&per_page=1000&date=1960:2025&source=2
NV.AGR.TOTL.ZS,"Agriculture, forestry, and fishing, value added (% of GDP)",productive_sectors,SOM,1986,59.5196273612783,% of GDP,,source_reported,WDI_NV.AGR.TOTL.ZS,2026-07-13,https://api.worldbank.org/v2/country/SOM/indicator/NV.AGR.TOTL.ZS?format=json&per_page=1000&date=1960:2025&source=2
NV.AGR.TOTL.ZS,"Agriculture, forestry, and fishing, value added (% of GDP)",productive_sectors,SOM,1987,60.8167080444319,% of GDP,,source_reported,WDI_NV.AGR.TOTL.ZS,2026-07-13,https://api.worldbank.org/v2/country/SOM/indicator/NV.AGR.TOTL.ZS?format=json&per_page=1000&date=1960:2025&source=2
NV.AGR.TOTL.ZS,"Agriculture, forestry, and fishing, value added (% of GDP)",productive_sectors,SOM,1988,65.8636060346692,% of GDP,,source_reported,WDI_NV.AGR.TOTL.ZS,2026-07-13,https://api.worldbank.org/v2/country/SOM/indicator/NV.AGR.TOTL.ZS?format=json&per_page=1000&date=1960:2025&source=2
NV.AGR.TOTL.ZS,"Agriculture, forestry, and fishing, value added (% of GDP)",productive_sectors,SOM,1989,56.1841819380893,% of GDP,,source_reported,WDI_NV.AGR.TOTL.ZS,2026-07-13,https://api.worldbank.org/v2/country/SOM/indicator/NV.AGR.TOTL.ZS?format=json&per_page=1000&date=1960:2025&source=2
NV.AGR.TOTL.ZS,"Agriculture, forestry, and fishing, value added (% of GDP)",productive_sectors,SOM,1990,55.7941831843125,% of GDP,,source_reported,WDI_NV.AGR.TOTL.ZS,2026-07-13,https://api.worldbank.org/v2/country/SOM/indicator/NV.AGR.TOTL.ZS?format=json&per_page=1000&date=1960:2025&source=2
NV.AGR.TOTL.ZS,"Agriculture, forestry, and fishing, value added (% of GDP)",productive_sectors,SOM,1991,,% of GDP,,missing,WDI_NV.AGR.TOTL.ZS,2026-07-13,https://api.worldbank.org/v2/country/SOM/indicator/NV.AGR.TOTL.ZS?format=json&per_page=1000&date=1960:2025&source=2
NV.AGR.TOTL.ZS,"Agriculture, forestry, and fishing, value added (% of GDP)",productive_sectors,SOM,1992,,% of GDP,,missing,WDI_NV.AGR.TOTL.ZS,2026-07-13,https://api.worldbank.org/v2/country/SOM/indicator/NV.AGR.TOTL.ZS?format=json&per_page=1000&date=1960:2025&source=2
NV.AGR.TOTL.ZS,"Agriculture, forestry, and fishing, value added (% of GDP)",productive_sectors,SOM,1993,,% of GDP,,missing,WDI_NV.AGR.TOTL.ZS,2026-07-13,https://api.worldbank.org/v2/country/SOM/indicator/NV.AGR.TOTL.ZS?format=json&per_page=1000&date=1960:2025&source=2
NV.AGR.TOTL.ZS,"Agriculture, forestry, and fishing, value added (% of GDP)",productive_sectors,SOM,1994,,% of GDP,,missing,WDI_NV.AGR.TOTL.ZS,2026-07-13,https://api.worldbank.org/v2/country/SOM/indicator/NV.AGR.TOTL.ZS?format=json&per_page=1000&date=1960:2025&source=2
NV.AGR.TOTL.ZS,"Agriculture, forestry, and fishing, value added (% of GDP)",productive_sectors,SOM,1995,,% of GDP,,missing,WDI_NV.AGR.TOTL.ZS,2026-07-13,https://api.worldbank.org/v2/country/SOM/indicator/NV.AGR.TOTL.ZS?format=json&per_page=1000&date=1960:2025&source=2
NV.AGR.TOTL.ZS,"Agriculture, forestry, and fishing, value added (% of GDP)",productive_sectors,SOM,1996,,% of GDP,,missing,WDI_NV.AGR.TOTL.ZS,2026-07-13,https://api.worldbank.org/v2/country/SOM/indicator/NV.AGR.TOTL.ZS?format=json&per_page=1000&date=1960:2025&source=2
NV.AGR.TOTL.ZS,"Agriculture, forestry, and fishing, value added (% of GDP)",productive_sectors,SOM,1997,,% of GDP,,missing,WDI_NV.AGR.TOTL.ZS,2026-07-13,https://api.worldbank.org/v2/country/SOM/indicator/NV.AGR.TOTL.ZS?format=json&per_page=1000&date=1960:2025&source=2
NV.AGR.TOTL.ZS,"Agriculture, forestry, and fishing, value added (% of GDP)",productive_sectors,SOM,1998,,% of GDP,,missing,WDI_NV.AGR.TOTL.ZS,2026-07-13,https://api.worldbank.org/v2/country/SOM/indicator/NV.AGR.TOTL.ZS?format=json&per_page=1000&date=1960:2025&source=2
NV.AGR.TOTL.ZS,"Agriculture, forestry, and fishing, value added (% of GDP)",productive_sectors,SOM,1999,,% of GDP,,missing,WDI_NV.AGR.TOTL.ZS,2026-07-13,https://api.worldbank.org/v2/country/SOM/indicator/NV.AGR.TOTL.ZS?format=json&per_page=1000&date=1960:2025&source=2
NV.AGR.TOTL.ZS,"Agriculture, forestry, and fishing, value added (% of GDP)",productive_sectors,SOM,2000,,% of GDP,,missing,WDI_NV.AGR.TOTL.ZS,2026-07-13,https://api.worldbank.org/v2/country/SOM/indicator/NV.AGR.TOTL.ZS?format=json&per_page=1000&date=1960:2025&source=2
NV.AGR.TOTL.ZS,"Agriculture, forestry, and fishing, value added (% of GDP)",productive_sectors,SOM,2001,,% of GDP,,missing,WDI_NV.AGR.TOTL.ZS,2026-07-13,https://api.worldbank.org/v2/country/SOM/indicator/NV.AGR.TOTL.ZS?format=json&per_page=1000&date=1960:2025&source=2
NV.AGR.TOTL.ZS,"Agriculture, forestry, and fishing, value added (% of GDP)",productive_sectors,SOM,2002,,% of GDP,,missing,WDI_NV.AGR.TOTL.ZS,2026-07-13,https://api.worldbank.org/v2/country/SOM/indicator/NV.AGR.TOTL.ZS?format=json&per_page=1000&date=1960:2025&source=2
NV.AGR.TOTL.ZS,"Agriculture, forestry, and fishing, value added (% of GDP)",productive_sectors,SOM,2003,,% of GDP,,missing,WDI_NV.AGR.TOTL.ZS,2026-07-13,https://api.worldbank.org/v2/country/SOM/indicator/NV.AGR.TOTL.ZS?format=json&per_page=1000&date=1960:2025&source=2
NV.AGR.TOTL.ZS,"Agriculture, forestry, and fishing, value added (% of GDP)",productive_sectors,SOM,2004,,% of GDP,,missing,WDI_NV.AGR.TOTL.ZS,2026-07-13,https://api.worldbank.org/v2/country/SOM/indicator/NV.AGR.TOTL.ZS?format=json&per_page=1000&date=1960:2025&source=2
NV.AGR.TOTL.ZS,"Agriculture, forestry, and fishing, value added (% of GDP)",productive_sectors,SOM,2005,,% of GDP,,missing,WDI_NV.AGR.TOTL.ZS,2026-07-13,https://api.worldbank.org/v2/country/SOM/indicator/NV.AGR.TOTL.ZS?format=json&per_page=1000&date=1960:2025&source=2
NV.AGR.TOTL.ZS,"Agriculture, forestry, and fishing, value added (% of GDP)",productive_sectors,SOM,2006,,% of GDP,,missing,WDI_NV.AGR.TOTL.ZS,2026-07-13,https://api.worldbank.org/v2/country/SOM/indicator/NV.AGR.TOTL.ZS?format=json&per_page=1000&date=1960:2025&source=2
NV.AGR.TOTL.ZS,"Agriculture, forestry, and fishing, value added (% of GDP)",productive_sectors,SOM,2007,,% of GDP,,missing,WDI_NV.AGR.TOTL.ZS,2026-07-13,https://api.worldbank.org/v2/country/SOM/indicator/NV.AGR.TOTL.ZS?format=json&per_page=1000&date=1960:2025&source=2
NV.AGR.TOTL.ZS,"Agriculture, forestry, and fishing, value added (% of GDP)",productive_sectors,SOM,2008,,% of GDP,,missing,WDI_NV.AGR.TOTL.ZS,2026-07-13,https://api.worldbank.org/v2/country/SOM/indicator/NV.AGR.TOTL.ZS?format=json&per_page=1000&date=1960:2025&source=2
NV.AGR.TOTL.ZS,"Agriculture, forestry, and fishing, value added (% of GDP)",productive_sectors,SOM,2009,,% of GDP,,missing,WDI_NV.AGR.TOTL.ZS,2026-07-13,https://api.worldbank.org/v2/country/SOM/indicator/NV.AGR.TOTL.ZS?format=json&per_page=1000&date=1960:2025&source=2
NV.AGR.TOTL.ZS,"Agriculture, forestry, and fishing, value added (% of GDP)",productive_sectors,SOM,2010,,% of GDP,,missing,WDI_NV.AGR.TOTL.ZS,2026-07-13,https://api.worldbank.org/v2/country/SOM/indicator/NV.AGR.TOTL.ZS?format=json&per_page=1000&date=1960:2025&source=2
NV.AGR.TOTL.ZS,"Agriculture, forestry, and fishing, value added (% of GDP)",productive_sectors,SOM,2011,,% of GDP,,missing,WDI_NV.AGR.TOTL.ZS,2026-07-13,https://api.worldbank.org/v2/country/SOM/indicator/NV.AGR.TOTL.ZS?format=json&per_page=1000&date=1960:2025&source=2
NV.AGR.TOTL.ZS,"Agriculture, forestry, and fishing, value added (% of GDP)",productive_sectors,SOM,2012,,% of GDP,,missing,WDI_NV.AGR.TOTL.ZS,2026-07-13,https://api.worldbank.org/v2/country/SOM/indicator/NV.AGR.TOTL.ZS?format=json&per_page=1000&date=1960:2025&source=2
NV.AGR.TOTL.ZS,"Agriculture, forestry, and fishing, value added (% of GDP)",productive_sectors,SOM,2013,,% of GDP,,missing,WDI_NV.AGR.TOTL.ZS,2026-07-13,https://api.worldbank.org/v2/country/SOM/indicator/NV.AGR.TOTL.ZS?format=json&per_page=1000&date=1960:2025&source=2
NV.AGR.TOTL.ZS,"Agriculture, forestry, and fishing, value added (% of GDP)",productive_sectors,SOM,2014,,% of GDP,,missing,WDI_NV.AGR.TOTL.ZS,2026-07-13,https://api.worldbank.org/v2/country/SOM/indicator/NV.AGR.TOTL.ZS?format=json&per_page=1000&date=1960:2025&source=2
NV.AGR.TOTL.ZS,"Agriculture, forestry, and fishing, value added (% of GDP)",productive_sectors,SOM,2015,,% of GDP,,missing,WDI_NV.AGR.TOTL.ZS,2026-07-13,https://api.worldbank.org/v2/country/SOM/indicator/NV.AGR.TOTL.ZS?format=json&per_page=1000&date=1960:2025&source=2
NV.AGR.TOTL.ZS,"Agriculture, forestry, and fishing, value added (% of GDP)",productive_sectors,SOM,2016,,% of GDP,,missing,WDI_NV.AGR.TOTL.ZS,2026-07-13,https://api.worldbank.org/v2/country/SOM/indicator/NV.AGR.TOTL.ZS?format=json&per_page=1000&date=1960:2025&source=2
NV.AGR.TOTL.ZS,"Agriculture, forestry, and fishing, value added (% of GDP)",productive_sectors,SOM,2017,,% of GDP,,missing,WDI_NV.AGR.TOTL.ZS,2026-07-13,https://api.worldbank.org/v2/country/SOM/indicator/NV.AGR.TOTL.ZS?format=json&per_page=1000&date=1960:2025&source=2
NV.AGR.TOTL.ZS,"Agriculture, forestry, and fishing, value added (% of GDP)",productive_sectors,SOM,2018,,% of GDP,,missing,WDI_NV.AGR.TOTL.ZS,2026-07-13,https://api.worldbank.org/v2/country/SOM/indicator/NV.AGR.TOTL.ZS?format=json&per_page=1000&date=1960:2025&source=2
NV.AGR.TOTL.ZS,"Agriculture, forestry, and fishing, value added (% of GDP)",productive_sectors,SOM,2019,,% of GDP,,missing,WDI_NV.AGR.TOTL.ZS,2026-07-13,https://api.worldbank.org/v2/country/SOM/indicator/NV.AGR.TOTL.ZS?format=json&per_page=1000&date=1960:2025&source=2
NV.AGR.TOTL.ZS,"Agriculture, forestry, and fishing, value added (% of GDP)",productive_sectors,SOM,2020,,% of GDP,,missing,WDI_NV.AGR.TOTL.ZS,2026-07-13,https://api.worldbank.org/v2/country/SOM/indicator/NV.AGR.TOTL.ZS?format=json&per_page=1000&date=1960:2025&source=2
NV.AGR.TOTL.ZS,"Agriculture, forestry, and fishing, value added (% of GDP)",productive_sectors,SOM,2021,,% of GDP,,missing,WDI_NV.AGR.TOTL.ZS,2026-07-13,https://api.worldbank.org/v2/country/SOM/indicator/NV.AGR.TOTL.ZS?format=json&per_page=1000&date=1960:2025&source=2
NV.AGR.TOTL.ZS,"Agriculture, forestry, and fishing, value added (% of GDP)",productive_sectors,SOM,2022,,% of GDP,,missing,WDI_NV.AGR.TOTL.ZS,2026-07-13,https://api.worldbank.org/v2/country/SOM/indicator/NV.AGR.TOTL.ZS?format=json&per_page=1000&date=1960:2025&source=2
NV.AGR.TOTL.ZS,"Agriculture, forestry, and fishing, value added (% of GDP)",productive_sectors,SOM,2023,,% of GDP,,missing,WDI_NV.AGR.TOTL.ZS,2026-07-13,https://api.worldbank.org/v2/country/SOM/indicator/NV.AGR.TOTL.ZS?format=json&per_page=1000&date=1960:2025&source=2
NV.AGR.TOTL.ZS,"Agriculture, forestry, and fishing, value added (% of GDP)",productive_sectors,SOM,2024,,% of GDP,,missing,WDI_NV.AGR.TOTL.ZS,2026-07-13,https://api.worldbank.org/v2/country/SOM/indicator/NV.AGR.TOTL.ZS?format=json&per_page=1000&date=1960:2025&source=2
NV.AGR.TOTL.ZS,"Agriculture, forestry, and fishing, value added (% of GDP)",productive_sectors,SOM,2025,,% of GDP,,missing,WDI_NV.AGR.TOTL.ZS,2026-07-13,https://api.worldbank.org/v2/country/SOM/indicator/NV.AGR.TOTL.ZS?format=json&per_page=1000&date=1960:2025&source=2
NV.IND.MANF.ZS,"Manufacturing, value added (% of GDP)",productive_sectors,SOM,1960,3.04887494559504,% of GDP,,source_reported,WDI_NV.IND.MANF.ZS,2026-07-13,https://api.worldbank.org/v2/country/SOM/indicator/NV.IND.MANF.ZS?format=json&per_page=1000&date=1960:2025&source=2
NV.IND.MANF.ZS,"Manufacturing, value added (% of GDP)",productive_sectors,SOM,1961,2.87070868058828,% of GDP,,source_reported,WDI_NV.IND.MANF.ZS,2026-07-13,https://api.worldbank.org/v2/country/SOM/indicator/NV.IND.MANF.ZS?format=json&per_page=1000&date=1960:2025&source=2
NV.IND.MANF.ZS,"Manufacturing, value added (% of GDP)",productive_sectors,SOM,1962,2.7032603019613,% of GDP,,source_reported,WDI_NV.IND.MANF.ZS,2026-07-13,https://api.worldbank.org/v2/country/SOM/indicator/NV.IND.MANF.ZS?format=json&per_page=1000&date=1960:2025&source=2
NV.IND.MANF.ZS,"Manufacturing, value added (% of GDP)",productive_sectors,SOM,1963,2.54550138786176,% of GDP,,source_reported,WDI_NV.IND.MANF.ZS,2026-07-13,https://api.worldbank.org/v2/country/SOM/indicator/NV.IND.MANF.ZS?format=json&per_page=1000&date=1960:2025&source=2
NV.IND.MANF.ZS,"Manufacturing, value added (% of GDP)",productive_sectors,SOM,1964,2.39707223134717,% of GDP,,source_reported,WDI_NV.IND.MANF.ZS,2026-07-13,https://api.worldbank.org/v2/country/SOM/indicator/NV.IND.MANF.ZS?format=json&per_page=1000&date=1960:2025&source=2
NV.IND.MANF.ZS,"Manufacturing, value added (% of GDP)",productive_sectors,SOM,1965,2.25745308302516,% of GDP,,source_reported,WDI_NV.IND.MANF.ZS,2026-07-13,https://api.worldbank.org/v2/country/SOM/indicator/NV.IND.MANF.ZS?format=json&per_page=1000&date=1960:2025&source=2
NV.IND.MANF.ZS,"Manufacturing, value added (% of GDP)",productive_sectors,SOM,1966,4.14490861618799,% of GDP,,source_reported,WDI_NV.IND.MANF.ZS,2026-07-13,https://api.worldbank.org/v2/country/SOM/indicator/NV.IND.MANF.ZS?format=json&per_page=1000&date=1960:2025&source=2
NV.IND.MANF.ZS,"Manufacturing, value added (% of GDP)",productive_sectors,SOM,1967,4.98119824828638,% of GDP,,source_reported,WDI_NV.IND.MANF.ZS,2026-07-13,https://api.worldbank.org/v2/country/SOM/indicator/NV.IND.MANF.ZS?format=json&per_page=1000&date=1960:2025&source=2
NV.IND.MANF.ZS,"Manufacturing, value added (% of GDP)",productive_sectors,SOM,1968,5.5224609375,% of GDP,,source_reported,WDI_NV.IND.MANF.ZS,2026-07-13,https://api.worldbank.org/v2/country/SOM/indicator/NV.IND.MANF.ZS?format=json&per_page=1000&date=1960:2025&source=2
NV.IND.MANF.ZS,"Manufacturing, value added (% of GDP)",productive_sectors,SOM,1969,7.09722217745656,% of GDP,,source_reported,WDI_NV.IND.MANF.ZS,2026-07-13,https://api.worldbank.org/v2/country/SOM/indicator/NV.IND.MANF.ZS?format=json&per_page=1000&date=1960:2025&source=2
NV.IND.MANF.ZS,"Manufacturing, value added (% of GDP)",productive_sectors,SOM,1970,7.64399898294582,% of GDP,,source_reported,WDI_NV.IND.MANF.ZS,2026-07-13,https://api.worldbank.org/v2/country/SOM/indicator/NV.IND.MANF.ZS?format=json&per_page=1000&date=1960:2025&source=2
NV.IND.MANF.ZS,"Manufacturing, value added (% of GDP)",productive_sectors,SOM,1971,8.48461049928381,% of GDP,,source_reported,WDI_NV.IND.MANF.ZS,2026-07-13,https://api.worldbank.org/v2/country/SOM/indicator/NV.IND.MANF.ZS?format=json&per_page=1000&date=1960:2025&source=2
NV.IND.MANF.ZS,"Manufacturing, value added (% of GDP)",productive_sectors,SOM,1972,6.84518330016647,% of GDP,,source_reported,WDI_NV.IND.MANF.ZS,2026-07-13,https://api.worldbank.org/v2/country/SOM/indicator/NV.IND.MANF.ZS?format=json&per_page=1000&date=1960:2025&source=2
NV.IND.MANF.ZS,"Manufacturing, value added (% of GDP)",productive_sectors,SOM,1973,6.92808166496438,% of GDP,,source_reported,WDI_NV.IND.MANF.ZS,2026-07-13,https://api.worldbank.org/v2/country/SOM/indicator/NV.IND.MANF.ZS?format=json&per_page=1000&date=1960:2025&source=2
NV.IND.MANF.ZS,"Manufacturing, value added (% of GDP)",productive_sectors,SOM,1974,5.54119939101547,% of GDP,,source_reported,WDI_NV.IND.MANF.ZS,2026-07-13,https://api.worldbank.org/v2/country/SOM/indicator/NV.IND.MANF.ZS?format=json&per_page=1000&date=1960:2025&source=2
NV.IND.MANF.ZS,"Manufacturing, value added (% of GDP)",productive_sectors,SOM,1975,4.75089791849999,% of GDP,,source_reported,WDI_NV.IND.MANF.ZS,2026-07-13,https://api.worldbank.org/v2/country/SOM/indicator/NV.IND.MANF.ZS?format=json&per_page=1000&date=1960:2025&source=2
NV.IND.MANF.ZS,"Manufacturing, value added (% of GDP)",productive_sectors,SOM,1976,6.14754817378504,% of GDP,,source_reported,WDI_NV.IND.MANF.ZS,2026-07-13,https://api.worldbank.org/v2/country/SOM/indicator/NV.IND.MANF.ZS?format=json&per_page=1000&date=1960:2025&source=2
NV.IND.MANF.ZS,"Manufacturing, value added (% of GDP)",productive_sectors,SOM,1977,4.6947688372093,% of GDP,,source_reported,WDI_NV.IND.MANF.ZS,2026-07-13,https://api.worldbank.org/v2/country/SOM/indicator/NV.IND.MANF.ZS?format=json&per_page=1000&date=1960:2025&source=2
NV.IND.MANF.ZS,"Manufacturing, value added (% of GDP)",productive_sectors,SOM,1978,3.68195601223242,% of GDP,,source_reported,WDI_NV.IND.MANF.ZS,2026-07-13,https://api.worldbank.org/v2/country/SOM/indicator/NV.IND.MANF.ZS?format=json&per_page=1000&date=1960:2025&source=2
NV.IND.MANF.ZS,"Manufacturing, value added (% of GDP)",productive_sectors,SOM,1979,4.96382967167501,% of GDP,,source_reported,WDI_NV.IND.MANF.ZS,2026-07-13,https://api.worldbank.org/v2/country/SOM/indicator/NV.IND.MANF.ZS?format=json&per_page=1000&date=1960:2025&source=2
NV.IND.MANF.ZS,"Manufacturing, value added (% of GDP)",productive_sectors,SOM,1980,4.46341115275936,% of GDP,,source_reported,WDI_NV.IND.MANF.ZS,2026-07-13,https://api.worldbank.org/v2/country/SOM/indicator/NV.IND.MANF.ZS?format=json&per_page=1000&date=1960:2025&source=2
NV.IND.MANF.ZS,"Manufacturing, value added (% of GDP)",productive_sectors,SOM,1981,4.22560754443235,% of GDP,,source_reported,WDI_NV.IND.MANF.ZS,2026-07-13,https://api.worldbank.org/v2/country/SOM/indicator/NV.IND.MANF.ZS?format=json&per_page=1000&date=1960:2025&source=2
NV.IND.MANF.ZS,"Manufacturing, value added (% of GDP)",productive_sectors,SOM,1982,4.88818681598021,% of GDP,,source_reported,WDI_NV.IND.MANF.ZS,2026-07-13,https://api.worldbank.org/v2/country/SOM/indicator/NV.IND.MANF.ZS?format=json&per_page=1000&date=1960:2025&source=2
NV.IND.MANF.ZS,"Manufacturing, value added (% of GDP)",productive_sectors,SOM,1983,4.47493523869168,% of GDP,,source_reported,WDI_NV.IND.MANF.ZS,2026-07-13,https://api.worldbank.org/v2/country/SOM/indicator/NV.IND.MANF.ZS?format=json&per_page=1000&date=1960:2025&source=2
NV.IND.MANF.ZS,"Manufacturing, value added (% of GDP)",productive_sectors,SOM,1984,4.50580520135576,% of GDP,,source_reported,WDI_NV.IND.MANF.ZS,2026-07-13,https://api.worldbank.org/v2/country/SOM/indicator/NV.IND.MANF.ZS?format=json&per_page=1000&date=1960:2025&source=2
NV.IND.MANF.ZS,"Manufacturing, value added (% of GDP)",productive_sectors,SOM,1985,4.74853810516669,% of GDP,,source_reported,WDI_NV.IND.MANF.ZS,2026-07-13,https://api.worldbank.org/v2/country/SOM/indicator/NV.IND.MANF.ZS?format=json&per_page=1000&date=1960:2025&source=2
NV.IND.MANF.ZS,"Manufacturing, value added (% of GDP)",productive_sectors,SOM,1986,5.2533671614147,% of GDP,,source_reported,WDI_NV.IND.MANF.ZS,2026-07-13,https://api.worldbank.org/v2/country/SOM/indicator/NV.IND.MANF.ZS?format=json&per_page=1000&date=1960:2025&source=2
NV.IND.MANF.ZS,"Manufacturing, value added (% of GDP)",productive_sectors,SOM,1987,4.94257410499505,% of GDP,,source_reported,WDI_NV.IND.MANF.ZS,2026-07-13,https://api.worldbank.org/v2/country/SOM/indicator/NV.IND.MANF.ZS?format=json&per_page=1000&date=1960:2025&source=2
NV.IND.MANF.ZS,"Manufacturing, value added (% of GDP)",productive_sectors,SOM,1988,5.03028887167084,% of GDP,,source_reported,WDI_NV.IND.MANF.ZS,2026-07-13,https://api.worldbank.org/v2/country/SOM/indicator/NV.IND.MANF.ZS?format=json&per_page=1000&date=1960:2025&source=2
NV.IND.MANF.ZS,"Manufacturing, value added (% of GDP)",productive_sectors,SOM,1989,4.01622496077075,% of GDP,,source_reported,WDI_NV.IND.MANF.ZS,2026-07-13,https://api.worldbank.org/v2/country/SOM/indicator/NV.IND.MANF.ZS?format=json&per_page=1000&date=1960:2025&source=2
NV.IND.MANF.ZS,"Manufacturing, value added (% of GDP)",productive_sectors,SOM,1990,3.93713101486059,% of GDP,,source_reported,WDI_NV.IND.MANF.ZS,2026-07-13,https://api.worldbank.org/v2/country/SOM/indicator/NV.IND.MANF.ZS?format=json&per_page=1000&date=1960:2025&source=2
NV.IND.MANF.ZS,"Manufacturing, value added (% of GDP)",productive_sectors,SOM,1991,,% of GDP,,missing,WDI_NV.IND.MANF.ZS,2026-07-13,https://api.worldbank.org/v2/country/SOM/indicator/NV.IND.MANF.ZS?format=json&per_page=1000&date=1960:2025&source=2
NV.IND.MANF.ZS,"Manufacturing, value added (% of GDP)",productive_sectors,SOM,1992,,% of GDP,,missing,WDI_NV.IND.MANF.ZS,2026-07-13,https://api.worldbank.org/v2/country/SOM/indicator/NV.IND.MANF.ZS?format=json&per_page=1000&date=1960:2025&source=2
NV.IND.MANF.ZS,"Manufacturing, value added (% of GDP)",productive_sectors,SOM,1993,,% of GDP,,missing,WDI_NV.IND.MANF.ZS,2026-07-13,https://api.worldbank.org/v2/country/SOM/indicator/NV.IND.MANF.ZS?format=json&per_page=1000&date=1960:2025&source=2
NV.IND.MANF.ZS,"Manufacturing, value added (% of GDP)",productive_sectors,SOM,1994,,% of GDP,,missing,WDI_NV.IND.MANF.ZS,2026-07-13,https://api.worldbank.org/v2/country/SOM/indicator/NV.IND.MANF.ZS?format=json&per_page=1000&date=1960:2025&source=2
NV.IND.MANF.ZS,"Manufacturing, value added (% of GDP)",productive_sectors,SOM,1995,,% of GDP,,missing,WDI_NV.IND.MANF.ZS,2026-07-13,https://api.worldbank.org/v2/country/SOM/indicator/NV.IND.MANF.ZS?format=json&per_page=1000&date=1960:2025&source=2
NV.IND.MANF.ZS,"Manufacturing, value added (% of GDP)",productive_sectors,SOM,1996,,% of GDP,,missing,WDI_NV.IND.MANF.ZS,2026-07-13,https://api.worldbank.org/v2/country/SOM/indicator/NV.IND.MANF.ZS?format=json&per_page=1000&date=1960:2025&source=2
NV.IND.MANF.ZS,"Manufacturing, value added (% of GDP)",productive_sectors,SOM,1997,,% of GDP,,missing,WDI_NV.IND.MANF.ZS,2026-07-13,https://api.worldbank.org/v2/country/SOM/indicator/NV.IND.MANF.ZS?format=json&per_page=1000&date=1960:2025&source=2
NV.IND.MANF.ZS,"Manufacturing, value added (% of GDP)",productive_sectors,SOM,1998,,% of GDP,,missing,WDI_NV.IND.MANF.ZS,2026-07-13,https://api.worldbank.org/v2/country/SOM/indicator/NV.IND.MANF.ZS?format=json&per_page=1000&date=1960:2025&source=2
NV.IND.MANF.ZS,"Manufacturing, value added (% of GDP)",productive_sectors,SOM,1999,,% of GDP,,missing,WDI_NV.IND.MANF.ZS,2026-07-13,https://api.worldbank.org/v2/country/SOM/indicator/NV.IND.MANF.ZS?format=json&per_page=1000&date=1960:2025&source=2
NV.IND.MANF.ZS,"Manufacturing, value added (% of GDP)",productive_sectors,SOM,2000,,% of GDP,,missing,WDI_NV.IND.MANF.ZS,2026-07-13,https://api.worldbank.org/v2/country/SOM/indicator/NV.IND.MANF.ZS?format=json&per_page=1000&date=1960:2025&source=2
NV.IND.MANF.ZS,"Manufacturing, value added (% of GDP)",productive_sectors,SOM,2001,,% of GDP,,missing,WDI_NV.IND.MANF.ZS,2026-07-13,https://api.worldbank.org/v2/country/SOM/indicator/NV.IND.MANF.ZS?format=json&per_page=1000&date=1960:2025&source=2
NV.IND.MANF.ZS,"Manufacturing, value added (% of GDP)",productive_sectors,SOM,2002,,% of GDP,,missing,WDI_NV.IND.MANF.ZS,2026-07-13,https://api.worldbank.org/v2/country/SOM/indicator/NV.IND.MANF.ZS?format=json&per_page=1000&date=1960:2025&source=2
NV.IND.MANF.ZS,"Manufacturing, value added (% of GDP)",productive_sectors,SOM,2003,,% of GDP,,missing,WDI_NV.IND.MANF.ZS,2026-07-13,https://api.worldbank.org/v2/country/SOM/indicator/NV.IND.MANF.ZS?format=json&per_page=1000&date=1960:2025&source=2
NV.IND.MANF.ZS,"Manufacturing, value added (% of GDP)",productive_sectors,SOM,2004,,% of GDP,,missing,WDI_NV.IND.MANF.ZS,2026-07-13,https://api.worldbank.org/v2/country/SOM/indicator/NV.IND.MANF.ZS?format=json&per_page=1000&date=1960:2025&source=2
NV.IND.MANF.ZS,"Manufacturing, value added (% of GDP)",productive_sectors,SOM,2005,,% of GDP,,missing,WDI_NV.IND.MANF.ZS,2026-07-13,https://api.worldbank.org/v2/country/SOM/indicator/NV.IND.MANF.ZS?format=json&per_page=1000&date=1960:2025&source=2
NV.IND.MANF.ZS,"Manufacturing, value added (% of GDP)",productive_sectors,SOM,2006,,% of GDP,,missing,WDI_NV.IND.MANF.ZS,2026-07-13,https://api.worldbank.org/v2/country/SOM/indicator/NV.IND.MANF.ZS?format=json&per_page=1000&date=1960:2025&source=2
NV.IND.MANF.ZS,"Manufacturing, value added (% of GDP)",productive_sectors,SOM,2007,,% of GDP,,missing,WDI_NV.IND.MANF.ZS,2026-07-13,https://api.worldbank.org/v2/country/SOM/indicator/NV.IND.MANF.ZS?format=json&per_page=1000&date=1960:2025&source=2
NV.IND.MANF.ZS,"Manufacturing, value added (% of GDP)",productive_sectors,SOM,2008,,% of GDP,,missing,WDI_NV.IND.MANF.ZS,2026-07-13,https://api.worldbank.org/v2/country/SOM/indicator/NV.IND.MANF.ZS?format=json&per_page=1000&date=1960:2025&source=2
NV.IND.MANF.ZS,"Manufacturing, value added (% of GDP)",productive_sectors,SOM,2009,,% of GDP,,missing,WDI_NV.IND.MANF.ZS,2026-07-13,https://api.worldbank.org/v2/country/SOM/indicator/NV.IND.MANF.ZS?format=json&per_page=1000&date=1960:2025&source=2
NV.IND.MANF.ZS,"Manufacturing, value added (% of GDP)",productive_sectors,SOM,2010,,% of GDP,,missing,WDI_NV.IND.MANF.ZS,2026-07-13,https://api.worldbank.org/v2/country/SOM/indicator/NV.IND.MANF.ZS?format=json&per_page=1000&date=1960:2025&source=2
NV.IND.MANF.ZS,"Manufacturing, value added (% of GDP)",productive_sectors,SOM,2011,,% of GDP,,missing,WDI_NV.IND.MANF.ZS,2026-07-13,https://api.worldbank.org/v2/country/SOM/indicator/NV.IND.MANF.ZS?format=json&per_page=1000&date=1960:2025&source=2
NV.IND.MANF.ZS,"Manufacturing, value added (% of GDP)",productive_sectors,SOM,2012,,% of GDP,,missing,WDI_NV.IND.MANF.ZS,2026-07-13,https://api.worldbank.org/v2/country/SOM/indicator/NV.IND.MANF.ZS?format=json&per_page=1000&date=1960:2025&source=2
NV.IND.MANF.ZS,"Manufacturing, value added (% of GDP)",productive_sectors,SOM,2013,,% of GDP,,missing,WDI_NV.IND.MANF.ZS,2026-07-13,https://api.worldbank.org/v2/country/SOM/indicator/NV.IND.MANF.ZS?format=json&per_page=1000&date=1960:2025&source=2
NV.IND.MANF.ZS,"Manufacturing, value added (% of GDP)",productive_sectors,SOM,2014,,% of GDP,,missing,WDI_NV.IND.MANF.ZS,2026-07-13,https://api.worldbank.org/v2/country/SOM/indicator/NV.IND.MANF.ZS?format=json&per_page=1000&date=1960:2025&source=2
NV.IND.MANF.ZS,"Manufacturing, value added (% of GDP)",productive_sectors,SOM,2015,,% of GDP,,missing,WDI_NV.IND.MANF.ZS,2026-07-13,https://api.worldbank.org/v2/country/SOM/indicator/NV.IND.MANF.ZS?format=json&per_page=1000&date=1960:2025&source=2
NV.IND.MANF.ZS,"Manufacturing, value added (% of GDP)",productive_sectors,SOM,2016,,% of GDP,,missing,WDI_NV.IND.MANF.ZS,2026-07-13,https://api.worldbank.org/v2/country/SOM/indicator/NV.IND.MANF.ZS?format=json&per_page=1000&date=1960:2025&source=2
NV.IND.MANF.ZS,"Manufacturing, value added (% of GDP)",productive_sectors,SOM,2017,,% of GDP,,missing,WDI_NV.IND.MANF.ZS,2026-07-13,https://api.worldbank.org/v2/country/SOM/indicator/NV.IND.MANF.ZS?format=json&per_page=1000&date=1960:2025&source=2
NV.IND.MANF.ZS,"Manufacturing, value added (% of GDP)",productive_sectors,SOM,2018,,% of GDP,,missing,WDI_NV.IND.MANF.ZS,2026-07-13,https://api.worldbank.org/v2/country/SOM/indicator/NV.IND.MANF.ZS?format=json&per_page=1000&date=1960:2025&source=2
NV.IND.MANF.ZS,"Manufacturing, value added (% of GDP)",productive_sectors,SOM,2019,,% of GDP,,missing,WDI_NV.IND.MANF.ZS,2026-07-13,https://api.worldbank.org/v2/country/SOM/indicator/NV.IND.MANF.ZS?format=json&per_page=1000&date=1960:2025&source=2
NV.IND.MANF.ZS,"Manufacturing, value added (% of GDP)",productive_sectors,SOM,2020,,% of GDP,,missing,WDI_NV.IND.MANF.ZS,2026-07-13,https://api.worldbank.org/v2/country/SOM/indicator/NV.IND.MANF.ZS?format=json&per_page=1000&date=1960:2025&source=2
NV.IND.MANF.ZS,"Manufacturing, value added (% of GDP)",productive_sectors,SOM,2021,,% of GDP,,missing,WDI_NV.IND.MANF.ZS,2026-07-13,https://api.worldbank.org/v2/country/SOM/indicator/NV.IND.MANF.ZS?format=json&per_page=1000&date=1960:2025&source=2
NV.IND.MANF.ZS,"Manufacturing, value added (% of GDP)",productive_sectors,SOM,2022,,% of GDP,,missing,WDI_NV.IND.MANF.ZS,2026-07-13,https://api.worldbank.org/v2/country/SOM/indicator/NV.IND.MANF.ZS?format=json&per_page=1000&date=1960:2025&source=2
NV.IND.MANF.ZS,"Manufacturing, value added (% of GDP)",productive_sectors,SOM,2023,,% of GDP,,missing,WDI_NV.IND.MANF.ZS,2026-07-13,https://api.worldbank.org/v2/country/SOM/indicator/NV.IND.MANF.ZS?format=json&per_page=1000&date=1960:2025&source=2
NV.IND.MANF.ZS,"Manufacturing, value added (% of GDP)",productive_sectors,SOM,2024,,% of GDP,,missing,WDI_NV.IND.MANF.ZS,2026-07-13,https://api.worldbank.org/v2/country/SOM/indicator/NV.IND.MANF.ZS?format=json&per_page=1000&date=1960:2025&source=2
NV.IND.MANF.ZS,"Manufacturing, value added (% of GDP)",productive_sectors,SOM,2025,,% of GDP,,missing,WDI_NV.IND.MANF.ZS,2026-07-13,https://api.worldbank.org/v2/country/SOM/indicator/NV.IND.MANF.ZS?format=json&per_page=1000&date=1960:2025&source=2
NV.IND.TOTL.ZS,"Industry (including construction), value added (% of GDP)",productive_sectors,SOM,1960,6.96664046092708,% of GDP,,source_reported,WDI_NV.IND.TOTL.ZS,2026-07-13,https://api.worldbank.org/v2/country/SOM/indicator/NV.IND.TOTL.ZS?format=json&per_page=1000&date=1960:2025&source=2
NV.IND.TOTL.ZS,"Industry (including construction), value added (% of GDP)",productive_sectors,SOM,1961,6.55953281213302,% of GDP,,source_reported,WDI_NV.IND.TOTL.ZS,2026-07-13,https://api.worldbank.org/v2/country/SOM/indicator/NV.IND.TOTL.ZS?format=json&per_page=1000&date=1960:2025&source=2
NV.IND.TOTL.ZS,"Industry (including construction), value added (% of GDP)",productive_sectors,SOM,1962,6.17691539735687,% of GDP,,source_reported,WDI_NV.IND.TOTL.ZS,2026-07-13,https://api.worldbank.org/v2/country/SOM/indicator/NV.IND.TOTL.ZS?format=json&per_page=1000&date=1960:2025&source=2
NV.IND.TOTL.ZS,"Industry (including construction), value added (% of GDP)",productive_sectors,SOM,1963,5.81643828575029,% of GDP,,source_reported,WDI_NV.IND.TOTL.ZS,2026-07-13,https://api.worldbank.org/v2/country/SOM/indicator/NV.IND.TOTL.ZS?format=json&per_page=1000&date=1960:2025&source=2
NV.IND.TOTL.ZS,"Industry (including construction), value added (% of GDP)",productive_sectors,SOM,1964,5.81884709594199,% of GDP,,source_reported,WDI_NV.IND.TOTL.ZS,2026-07-13,https://api.worldbank.org/v2/country/SOM/indicator/NV.IND.TOTL.ZS?format=json&per_page=1000&date=1960:2025&source=2
NV.IND.TOTL.ZS,"Industry (including construction), value added (% of GDP)",productive_sectors,SOM,1965,5.15825157393535,% of GDP,,source_reported,WDI_NV.IND.TOTL.ZS,2026-07-13,https://api.worldbank.org/v2/country/SOM/indicator/NV.IND.TOTL.ZS?format=json&per_page=1000&date=1960:2025&source=2
NV.IND.TOTL.ZS,"Industry (including construction), value added (% of GDP)",productive_sectors,SOM,1966,7.30526544821584,% of GDP,,source_reported,WDI_NV.IND.TOTL.ZS,2026-07-13,https://api.worldbank.org/v2/country/SOM/indicator/NV.IND.TOTL.ZS?format=json&per_page=1000&date=1960:2025&source=2
NV.IND.TOTL.ZS,"Industry (including construction), value added (% of GDP)",productive_sectors,SOM,1967,7.97403814720508,% of GDP,,source_reported,WDI_NV.IND.TOTL.ZS,2026-07-13,https://api.worldbank.org/v2/country/SOM/indicator/NV.IND.TOTL.ZS?format=json&per_page=1000&date=1960:2025&source=2
NV.IND.TOTL.ZS,"Industry (including construction), value added (% of GDP)",productive_sectors,SOM,1968,11.9091796875,% of GDP,,source_reported,WDI_NV.IND.TOTL.ZS,2026-07-13,https://api.worldbank.org/v2/country/SOM/indicator/NV.IND.TOTL.ZS?format=json&per_page=1000&date=1960:2025&source=2
NV.IND.TOTL.ZS,"Industry (including construction), value added (% of GDP)",productive_sectors,SOM,1969,13.1965432077543,% of GDP,,source_reported,WDI_NV.IND.TOTL.ZS,2026-07-13,https://api.worldbank.org/v2/country/SOM/indicator/NV.IND.TOTL.ZS?format=json&per_page=1000&date=1960:2025&source=2
NV.IND.TOTL.ZS,"Industry (including construction), value added (% of GDP)",productive_sectors,SOM,1970,13.0998929938669,% of GDP,,source_reported,WDI_NV.IND.TOTL.ZS,2026-07-13,https://api.worldbank.org/v2/country/SOM/indicator/NV.IND.TOTL.ZS?format=json&per_page=1000&date=1960:2025&source=2
NV.IND.TOTL.ZS,"Industry (including construction), value added (% of GDP)",productive_sectors,SOM,1971,14.3458230881173,% of GDP,,source_reported,WDI_NV.IND.TOTL.ZS,2026-07-13,https://api.worldbank.org/v2/country/SOM/indicator/NV.IND.TOTL.ZS?format=json&per_page=1000&date=1960:2025&source=2
NV.IND.TOTL.ZS,"Industry (including construction), value added (% of GDP)",productive_sectors,SOM,1972,12.0942233915558,% of GDP,,source_reported,WDI_NV.IND.TOTL.ZS,2026-07-13,https://api.worldbank.org/v2/country/SOM/indicator/NV.IND.TOTL.ZS?format=json&per_page=1000&date=1960:2025&source=2
NV.IND.TOTL.ZS,"Industry (including construction), value added (% of GDP)",productive_sectors,SOM,1973,12.1644607286025,% of GDP,,source_reported,WDI_NV.IND.TOTL.ZS,2026-07-13,https://api.worldbank.org/v2/country/SOM/indicator/NV.IND.TOTL.ZS?format=json&per_page=1000&date=1960:2025&source=2
NV.IND.TOTL.ZS,"Industry (including construction), value added (% of GDP)",productive_sectors,SOM,1974,13.9737006175032,% of GDP,,source_reported,WDI_NV.IND.TOTL.ZS,2026-07-13,https://api.worldbank.org/v2/country/SOM/indicator/NV.IND.TOTL.ZS?format=json&per_page=1000&date=1960:2025&source=2
NV.IND.TOTL.ZS,"Industry (including construction), value added (% of GDP)",productive_sectors,SOM,1975,10.5678100342606,% of GDP,,source_reported,WDI_NV.IND.TOTL.ZS,2026-07-13,https://api.worldbank.org/v2/country/SOM/indicator/NV.IND.TOTL.ZS?format=json&per_page=1000&date=1960:2025&source=2
NV.IND.TOTL.ZS,"Industry (including construction), value added (% of GDP)",productive_sectors,SOM,1976,11.6606528602889,% of GDP,,source_reported,WDI_NV.IND.TOTL.ZS,2026-07-13,https://api.worldbank.org/v2/country/SOM/indicator/NV.IND.TOTL.ZS?format=json&per_page=1000&date=1960:2025&source=2
NV.IND.TOTL.ZS,"Industry (including construction), value added (% of GDP)",productive_sectors,SOM,1977,11.0319795348837,% of GDP,,source_reported,WDI_NV.IND.TOTL.ZS,2026-07-13,https://api.worldbank.org/v2/country/SOM/indicator/NV.IND.TOTL.ZS?format=json&per_page=1000&date=1960:2025&source=2
NV.IND.TOTL.ZS,"Industry (including construction), value added (% of GDP)",productive_sectors,SOM,1978,6.92354583486239,% of GDP,,source_reported,WDI_NV.IND.TOTL.ZS,2026-07-13,https://api.worldbank.org/v2/country/SOM/indicator/NV.IND.TOTL.ZS?format=json&per_page=1000&date=1960:2025&source=2
NV.IND.TOTL.ZS,"Industry (including construction), value added (% of GDP)",productive_sectors,SOM,1979,8.83695047301057,% of GDP,,source_reported,WDI_NV.IND.TOTL.ZS,2026-07-13,https://api.worldbank.org/v2/country/SOM/indicator/NV.IND.TOTL.ZS?format=json&per_page=1000&date=1960:2025&source=2
NV.IND.TOTL.ZS,"Industry (including construction), value added (% of GDP)",productive_sectors,SOM,1980,7.52551719047344,% of GDP,,source_reported,WDI_NV.IND.TOTL.ZS,2026-07-13,https://api.worldbank.org/v2/country/SOM/indicator/NV.IND.TOTL.ZS?format=json&per_page=1000&date=1960:2025&source=2
NV.IND.TOTL.ZS,"Industry (including construction), value added (% of GDP)",productive_sectors,SOM,1981,7.05023605368154,% of GDP,,source_reported,WDI_NV.IND.TOTL.ZS,2026-07-13,https://api.worldbank.org/v2/country/SOM/indicator/NV.IND.TOTL.ZS?format=json&per_page=1000&date=1960:2025&source=2
NV.IND.TOTL.ZS,"Industry (including construction), value added (% of GDP)",productive_sectors,SOM,1982,7.52979973206005,% of GDP,,source_reported,WDI_NV.IND.TOTL.ZS,2026-07-13,https://api.worldbank.org/v2/country/SOM/indicator/NV.IND.TOTL.ZS?format=json&per_page=1000&date=1960:2025&source=2
NV.IND.TOTL.ZS,"Industry (including construction), value added (% of GDP)",productive_sectors,SOM,1983,6.80064885422301,% of GDP,,source_reported,WDI_NV.IND.TOTL.ZS,2026-07-13,https://api.worldbank.org/v2/country/SOM/indicator/NV.IND.TOTL.ZS?format=json&per_page=1000&date=1960:2025&source=2
NV.IND.TOTL.ZS,"Industry (including construction), value added (% of GDP)",productive_sectors,SOM,1984,6.98279570141198,% of GDP,,source_reported,WDI_NV.IND.TOTL.ZS,2026-07-13,https://api.worldbank.org/v2/country/SOM/indicator/NV.IND.TOTL.ZS?format=json&per_page=1000&date=1960:2025&source=2
NV.IND.TOTL.ZS,"Industry (including construction), value added (% of GDP)",productive_sectors,SOM,1985,7.32729892542101,% of GDP,,source_reported,WDI_NV.IND.TOTL.ZS,2026-07-13,https://api.worldbank.org/v2/country/SOM/indicator/NV.IND.TOTL.ZS?format=json&per_page=1000&date=1960:2025&source=2
NV.IND.TOTL.ZS,"Industry (including construction), value added (% of GDP)",productive_sectors,SOM,1986,9.65642836480582,% of GDP,,source_reported,WDI_NV.IND.TOTL.ZS,2026-07-13,https://api.worldbank.org/v2/country/SOM/indicator/NV.IND.TOTL.ZS?format=json&per_page=1000&date=1960:2025&source=2
NV.IND.TOTL.ZS,"Industry (including construction), value added (% of GDP)",productive_sectors,SOM,1987,,% of GDP,,missing,WDI_NV.IND.TOTL.ZS,2026-07-13,https://api.worldbank.org/v2/country/SOM/indicator/NV.IND.TOTL.ZS?format=json&per_page=1000&date=1960:2025&source=2
NV.IND.TOTL.ZS,"Industry (including construction), value added (% of GDP)",productive_sectors,SOM,1988,,% of GDP,,missing,WDI_NV.IND.TOTL.ZS,2026-07-13,https://api.worldbank.org/v2/country/SOM/indicator/NV.IND.TOTL.ZS?format=json&per_page=1000&date=1960:2025&source=2
NV.IND.TOTL.ZS,"Industry (including construction), value added (% of GDP)",productive_sectors,SOM,1989,,% of GDP,,missing,WDI_NV.IND.TOTL.ZS,2026-07-13,https://api.worldbank.org/v2/country/SOM/indicator/NV.IND.TOTL.ZS?format=json&per_page=1000&date=1960:2025&source=2
NV.IND.TOTL.ZS,"Industry (including construction), value added (% of GDP)",productive_sectors,SOM,1990,,% of GDP,,missing,WDI_NV.IND.TOTL.ZS,2026-07-13,https://api.worldbank.org/v2/country/SOM/indicator/NV.IND.TOTL.ZS?format=json&per_page=1000&date=1960:2025&source=2
NV.IND.TOTL.ZS,"Industry (including construction), value added (% of GDP)",productive_sectors,SOM,1991,,% of GDP,,missing,WDI_NV.IND.TOTL.ZS,2026-07-13,https://api.worldbank.org/v2/country/SOM/indicator/NV.IND.TOTL.ZS?format=json&per_page=1000&date=1960:2025&source=2
NV.IND.TOTL.ZS,"Industry (including construction), value added (% of GDP)",productive_sectors,SOM,1992,,% of GDP,,missing,WDI_NV.IND.TOTL.ZS,2026-07-13,https://api.worldbank.org/v2/country/SOM/indicator/NV.IND.TOTL.ZS?format=json&per_page=1000&date=1960:2025&source=2
NV.IND.TOTL.ZS,"Industry (including construction), value added (% of GDP)",productive_sectors,SOM,1993,,% of GDP,,missing,WDI_NV.IND.TOTL.ZS,2026-07-13,https://api.worldbank.org/v2/country/SOM/indicator/NV.IND.TOTL.ZS?format=json&per_page=1000&date=1960:2025&source=2
NV.IND.TOTL.ZS,"Industry (including construction), value added (% of GDP)",productive_sectors,SOM,1994,,% of GDP,,missing,WDI_NV.IND.TOTL.ZS,2026-07-13,https://api.worldbank.org/v2/country/SOM/indicator/NV.IND.TOTL.ZS?format=json&per_page=1000&date=1960:2025&source=2
NV.IND.TOTL.ZS,"Industry (including construction), value added (% of GDP)",productive_sectors,SOM,1995,,% of GDP,,missing,WDI_NV.IND.TOTL.ZS,2026-07-13,https://api.worldbank.org/v2/country/SOM/indicator/NV.IND.TOTL.ZS?format=json&per_page=1000&date=1960:2025&source=2
NV.IND.TOTL.ZS,"Industry (including construction), value added (% of GDP)",productive_sectors,SOM,1996,,% of GDP,,missing,WDI_NV.IND.TOTL.ZS,2026-07-13,https://api.worldbank.org/v2/country/SOM/indicator/NV.IND.TOTL.ZS?format=json&per_page=1000&date=1960:2025&source=2
NV.IND.TOTL.ZS,"Industry (including construction), value added (% of GDP)",productive_sectors,SOM,1997,,% of GDP,,missing,WDI_NV.IND.TOTL.ZS,2026-07-13,https://api.worldbank.org/v2/country/SOM/indicator/NV.IND.TOTL.ZS?format=json&per_page=1000&date=1960:2025&source=2
NV.IND.TOTL.ZS,"Industry (including construction), value added (% of GDP)",productive_sectors,SOM,1998,,% of GDP,,missing,WDI_NV.IND.TOTL.ZS,2026-07-13,https://api.worldbank.org/v2/country/SOM/indicator/NV.IND.TOTL.ZS?format=json&per_page=1000&date=1960:2025&source=2
NV.IND.TOTL.ZS,"Industry (including construction), value added (% of GDP)",productive_sectors,SOM,1999,,% of GDP,,missing,WDI_NV.IND.TOTL.ZS,2026-07-13,https://api.worldbank.org/v2/country/SOM/indicator/NV.IND.TOTL.ZS?format=json&per_page=1000&date=1960:2025&source=2
NV.IND.TOTL.ZS,"Industry (including construction), value added (% of GDP)",productive_sectors,SOM,2000,,% of GDP,,missing,WDI_NV.IND.TOTL.ZS,2026-07-13,https://api.worldbank.org/v2/country/SOM/indicator/NV.IND.TOTL.ZS?format=json&per_page=1000&date=1960:2025&source=2
NV.IND.TOTL.ZS,"Industry (including construction), value added (% of GDP)",productive_sectors,SOM,2001,,% of GDP,,missing,WDI_NV.IND.TOTL.ZS,2026-07-13,https://api.worldbank.org/v2/country/SOM/indicator/NV.IND.TOTL.ZS?format=json&per_page=1000&date=1960:2025&source=2
NV.IND.TOTL.ZS,"Industry (including construction), value added (% of GDP)",productive_sectors,SOM,2002,,% of GDP,,missing,WDI_NV.IND.TOTL.ZS,2026-07-13,https://api.worldbank.org/v2/country/SOM/indicator/NV.IND.TOTL.ZS?format=json&per_page=1000&date=1960:2025&source=2
NV.IND.TOTL.ZS,"Industry (including construction), value added (% of GDP)",productive_sectors,SOM,2003,,% of GDP,,missing,WDI_NV.IND.TOTL.ZS,2026-07-13,https://api.worldbank.org/v2/country/SOM/indicator/NV.IND.TOTL.ZS?format=json&per_page=1000&date=1960:2025&source=2
NV.IND.TOTL.ZS,"Industry (including construction), value added (% of GDP)",productive_sectors,SOM,2004,,% of GDP,,missing,WDI_NV.IND.TOTL.ZS,2026-07-13,https://api.worldbank.org/v2/country/SOM/indicator/NV.IND.TOTL.ZS?format=json&per_page=1000&date=1960:2025&source=2
NV.IND.TOTL.ZS,"Industry (including construction), value added (% of GDP)",productive_sectors,SOM,2005,,% of GDP,,missing,WDI_NV.IND.TOTL.ZS,2026-07-13,https://api.worldbank.org/v2/country/SOM/indicator/NV.IND.TOTL.ZS?format=json&per_page=1000&date=1960:2025&source=2
NV.IND.TOTL.ZS,"Industry (including construction), value added (% of GDP)",productive_sectors,SOM,2006,,% of GDP,,missing,WDI_NV.IND.TOTL.ZS,2026-07-13,https://api.worldbank.org/v2/country/SOM/indicator/NV.IND.TOTL.ZS?format=json&per_page=1000&date=1960:2025&source=2
NV.IND.TOTL.ZS,"Industry (including construction), value added (% of GDP)",productive_sectors,SOM,2007,,% of GDP,,missing,WDI_NV.IND.TOTL.ZS,2026-07-13,https://api.worldbank.org/v2/country/SOM/indicator/NV.IND.TOTL.ZS?format=json&per_page=1000&date=1960:2025&source=2
NV.IND.TOTL.ZS,"Industry (including construction), value added (% of GDP)",productive_sectors,SOM,2008,,% of GDP,,missing,WDI_NV.IND.TOTL.ZS,2026-07-13,https://api.worldbank.org/v2/country/SOM/indicator/NV.IND.TOTL.ZS?format=json&per_page=1000&date=1960:2025&source=2
NV.IND.TOTL.ZS,"Industry (including construction), value added (% of GDP)",productive_sectors,SOM,2009,,% of GDP,,missing,WDI_NV.IND.TOTL.ZS,2026-07-13,https://api.worldbank.org/v2/country/SOM/indicator/NV.IND.TOTL.ZS?format=json&per_page=1000&date=1960:2025&source=2
NV.IND.TOTL.ZS,"Industry (including construction), value added (% of GDP)",productive_sectors,SOM,2010,,% of GDP,,missing,WDI_NV.IND.TOTL.ZS,2026-07-13,https://api.worldbank.org/v2/country/SOM/indicator/NV.IND.TOTL.ZS?format=json&per_page=1000&date=1960:2025&source=2
NV.IND.TOTL.ZS,"Industry (including construction), value added (% of GDP)",productive_sectors,SOM,2011,,% of GDP,,missing,WDI_NV.IND.TOTL.ZS,2026-07-13,https://api.worldbank.org/v2/country/SOM/indicator/NV.IND.TOTL.ZS?format=json&per_page=1000&date=1960:2025&source=2
NV.IND.TOTL.ZS,"Industry (including construction), value added (% of GDP)",productive_sectors,SOM,2012,,% of GDP,,missing,WDI_NV.IND.TOTL.ZS,2026-07-13,https://api.worldbank.org/v2/country/SOM/indicator/NV.IND.TOTL.ZS?format=json&per_page=1000&date=1960:2025&source=2
NV.IND.TOTL.ZS,"Industry (including construction), value added (% of GDP)",productive_sectors,SOM,2013,,% of GDP,,missing,WDI_NV.IND.TOTL.ZS,2026-07-13,https://api.worldbank.org/v2/country/SOM/indicator/NV.IND.TOTL.ZS?format=json&per_page=1000&date=1960:2025&source=2
NV.IND.TOTL.ZS,"Industry (including construction), value added (% of GDP)",productive_sectors,SOM,2014,,% of GDP,,missing,WDI_NV.IND.TOTL.ZS,2026-07-13,https://api.worldbank.org/v2/country/SOM/indicator/NV.IND.TOTL.ZS?format=json&per_page=1000&date=1960:2025&source=2
NV.IND.TOTL.ZS,"Industry (including construction), value added (% of GDP)",productive_sectors,SOM,2015,,% of GDP,,missing,WDI_NV.IND.TOTL.ZS,2026-07-13,https://api.worldbank.org/v2/country/SOM/indicator/NV.IND.TOTL.ZS?format=json&per_page=1000&date=1960:2025&source=2
NV.IND.TOTL.ZS,"Industry (including construction), value added (% of GDP)",productive_sectors,SOM,2016,,% of GDP,,missing,WDI_NV.IND.TOTL.ZS,2026-07-13,https://api.worldbank.org/v2/country/SOM/indicator/NV.IND.TOTL.ZS?format=json&per_page=1000&date=1960:2025&source=2
NV.IND.TOTL.ZS,"Industry (including construction), value added (% of GDP)",productive_sectors,SOM,2017,,% of GDP,,missing,WDI_NV.IND.TOTL.ZS,2026-07-13,https://api.worldbank.org/v2/country/SOM/indicator/NV.IND.TOTL.ZS?format=json&per_page=1000&date=1960:2025&source=2
NV.IND.TOTL.ZS,"Industry (including construction), value added (% of GDP)",productive_sectors,SOM,2018,,% of GDP,,missing,WDI_NV.IND.TOTL.ZS,2026-07-13,https://api.worldbank.org/v2/country/SOM/indicator/NV.IND.TOTL.ZS?format=json&per_page=1000&date=1960:2025&source=2
NV.IND.TOTL.ZS,"Industry (including construction), value added (% of GDP)",productive_sectors,SOM,2019,,% of GDP,,missing,WDI_NV.IND.TOTL.ZS,2026-07-13,https://api.worldbank.org/v2/country/SOM/indicator/NV.IND.TOTL.ZS?format=json&per_page=1000&date=1960:2025&source=2
NV.IND.TOTL.ZS,"Industry (including construction), value added (% of GDP)",productive_sectors,SOM,2020,,% of GDP,,missing,WDI_NV.IND.TOTL.ZS,2026-07-13,https://api.worldbank.org/v2/country/SOM/indicator/NV.IND.TOTL.ZS?format=json&per_page=1000&date=1960:2025&source=2
NV.IND.TOTL.ZS,"Industry (including construction), value added (% of GDP)",productive_sectors,SOM,2021,,% of GDP,,missing,WDI_NV.IND.TOTL.ZS,2026-07-13,https://api.worldbank.org/v2/country/SOM/indicator/NV.IND.TOTL.ZS?format=json&per_page=1000&date=1960:2025&source=2
NV.IND.TOTL.ZS,"Industry (including construction), value added (% of GDP)",productive_sectors,SOM,2022,,% of GDP,,missing,WDI_NV.IND.TOTL.ZS,2026-07-13,https://api.worldbank.org/v2/country/SOM/indicator/NV.IND.TOTL.ZS?format=json&per_page=1000&date=1960:2025&source=2
NV.IND.TOTL.ZS,"Industry (including construction), value added (% of GDP)",productive_sectors,SOM,2023,,% of GDP,,missing,WDI_NV.IND.TOTL.ZS,2026-07-13,https://api.worldbank.org/v2/country/SOM/indicator/NV.IND.TOTL.ZS?format=json&per_page=1000&date=1960:2025&source=2
NV.IND.TOTL.ZS,"Industry (including construction), value added (% of GDP)",productive_sectors,SOM,2024,,% of GDP,,missing,WDI_NV.IND.TOTL.ZS,2026-07-13,https://api.worldbank.org/v2/country/SOM/indicator/NV.IND.TOTL.ZS?format=json&per_page=1000&date=1960:2025&source=2
NV.IND.TOTL.ZS,"Industry (including construction), value added (% of GDP)",productive_sectors,SOM,2025,,% of GDP,,missing,WDI_NV.IND.TOTL.ZS,2026-07-13,https://api.worldbank.org/v2/country/SOM/indicator/NV.IND.TOTL.ZS?format=json&per_page=1000&date=1960:2025&source=2
NV.SRV.TOTL.ZS,"Services, value added (% of GDP)",productive_sectors,SOM,1960,,% of GDP,,missing,WDI_NV.SRV.TOTL.ZS,2026-07-13,https://api.worldbank.org/v2/country/SOM/indicator/NV.SRV.TOTL.ZS?format=json&per_page=1000&date=1960:2025&source=2
NV.SRV.TOTL.ZS,"Services, value added (% of GDP)",productive_sectors,SOM,1961,,% of GDP,,missing,WDI_NV.SRV.TOTL.ZS,2026-07-13,https://api.worldbank.org/v2/country/SOM/indicator/NV.SRV.TOTL.ZS?format=json&per_page=1000&date=1960:2025&source=2
NV.SRV.TOTL.ZS,"Services, value added (% of GDP)",productive_sectors,SOM,1962,,% of GDP,,missing,WDI_NV.SRV.TOTL.ZS,2026-07-13,https://api.worldbank.org/v2/country/SOM/indicator/NV.SRV.TOTL.ZS?format=json&per_page=1000&date=1960:2025&source=2
NV.SRV.TOTL.ZS,"Services, value added (% of GDP)",productive_sectors,SOM,1963,,% of GDP,,missing,WDI_NV.SRV.TOTL.ZS,2026-07-13,https://api.worldbank.org/v2/country/SOM/indicator/NV.SRV.TOTL.ZS?format=json&per_page=1000&date=1960:2025&source=2
NV.SRV.TOTL.ZS,"Services, value added (% of GDP)",productive_sectors,SOM,1964,,% of GDP,,missing,WDI_NV.SRV.TOTL.ZS,2026-07-13,https://api.worldbank.org/v2/country/SOM/indicator/NV.SRV.TOTL.ZS?format=json&per_page=1000&date=1960:2025&source=2
NV.SRV.TOTL.ZS,"Services, value added (% of GDP)",productive_sectors,SOM,1965,,% of GDP,,missing,WDI_NV.SRV.TOTL.ZS,2026-07-13,https://api.worldbank.org/v2/country/SOM/indicator/NV.SRV.TOTL.ZS?format=json&per_page=1000&date=1960:2025&source=2
NV.SRV.TOTL.ZS,"Services, value added (% of GDP)",productive_sectors,SOM,1966,,% of GDP,,missing,WDI_NV.SRV.TOTL.ZS,2026-07-13,https://api.worldbank.org/v2/country/SOM/indicator/NV.SRV.TOTL.ZS?format=json&per_page=1000&date=1960:2025&source=2
NV.SRV.TOTL.ZS,"Services, value added (% of GDP)",productive_sectors,SOM,1967,,% of GDP,,missing,WDI_NV.SRV.TOTL.ZS,2026-07-13,https://api.worldbank.org/v2/country/SOM/indicator/NV.SRV.TOTL.ZS?format=json&per_page=1000&date=1960:2025&source=2
NV.SRV.TOTL.ZS,"Services, value added (% of GDP)",productive_sectors,SOM,1968,,% of GDP,,missing,WDI_NV.SRV.TOTL.ZS,2026-07-13,https://api.worldbank.org/v2/country/SOM/indicator/NV.SRV.TOTL.ZS?format=json&per_page=1000&date=1960:2025&source=2
NV.SRV.TOTL.ZS,"Services, value added (% of GDP)",productive_sectors,SOM,1969,,% of GDP,,missing,WDI_NV.SRV.TOTL.ZS,2026-07-13,https://api.worldbank.org/v2/country/SOM/indicator/NV.SRV.TOTL.ZS?format=json&per_page=1000&date=1960:2025&source=2
NV.SRV.TOTL.ZS,"Services, value added (% of GDP)",productive_sectors,SOM,1970,,% of GDP,,missing,WDI_NV.SRV.TOTL.ZS,2026-07-13,https://api.worldbank.org/v2/country/SOM/indicator/NV.SRV.TOTL.ZS?format=json&per_page=1000&date=1960:2025&source=2
NV.SRV.TOTL.ZS,"Services, value added (% of GDP)",productive_sectors,SOM,1971,,% of GDP,,missing,WDI_NV.SRV.TOTL.ZS,2026-07-13,https://api.worldbank.org/v2/country/SOM/indicator/NV.SRV.TOTL.ZS?format=json&per_page=1000&date=1960:2025&source=2
NV.SRV.TOTL.ZS,"Services, value added (% of GDP)",productive_sectors,SOM,1972,,% of GDP,,missing,WDI_NV.SRV.TOTL.ZS,2026-07-13,https://api.worldbank.org/v2/country/SOM/indicator/NV.SRV.TOTL.ZS?format=json&per_page=1000&date=1960:2025&source=2
NV.SRV.TOTL.ZS,"Services, value added (% of GDP)",productive_sectors,SOM,1973,,% of GDP,,missing,WDI_NV.SRV.TOTL.ZS,2026-07-13,https://api.worldbank.org/v2/country/SOM/indicator/NV.SRV.TOTL.ZS?format=json&per_page=1000&date=1960:2025&source=2
NV.SRV.TOTL.ZS,"Services, value added (% of GDP)",productive_sectors,SOM,1974,,% of GDP,,missing,WDI_NV.SRV.TOTL.ZS,2026-07-13,https://api.worldbank.org/v2/country/SOM/indicator/NV.SRV.TOTL.ZS?format=json&per_page=1000&date=1960:2025&source=2
NV.SRV.TOTL.ZS,"Services, value added (% of GDP)",productive_sectors,SOM,1975,,% of GDP,,missing,WDI_NV.SRV.TOTL.ZS,2026-07-13,https://api.worldbank.org/v2/country/SOM/indicator/NV.SRV.TOTL.ZS?format=json&per_page=1000&date=1960:2025&source=2
NV.SRV.TOTL.ZS,"Services, value added (% of GDP)",productive_sectors,SOM,1976,,% of GDP,,missing,WDI_NV.SRV.TOTL.ZS,2026-07-13,https://api.worldbank.org/v2/country/SOM/indicator/NV.SRV.TOTL.ZS?format=json&per_page=1000&date=1960:2025&source=2
NV.SRV.TOTL.ZS,"Services, value added (% of GDP)",productive_sectors,SOM,1977,,% of GDP,,missing,WDI_NV.SRV.TOTL.ZS,2026-07-13,https://api.worldbank.org/v2/country/SOM/indicator/NV.SRV.TOTL.ZS?format=json&per_page=1000&date=1960:2025&source=2
NV.SRV.TOTL.ZS,"Services, value added (% of GDP)",productive_sectors,SOM,1978,,% of GDP,,missing,WDI_NV.SRV.TOTL.ZS,2026-07-13,https://api.worldbank.org/v2/country/SOM/indicator/NV.SRV.TOTL.ZS?format=json&per_page=1000&date=1960:2025&source=2
NV.SRV.TOTL.ZS,"Services, value added (% of GDP)",productive_sectors,SOM,1979,,% of GDP,,missing,WDI_NV.SRV.TOTL.ZS,2026-07-13,https://api.worldbank.org/v2/country/SOM/indicator/NV.SRV.TOTL.ZS?format=json&per_page=1000&date=1960:2025&source=2
NV.SRV.TOTL.ZS,"Services, value added (% of GDP)",productive_sectors,SOM,1980,,% of GDP,,missing,WDI_NV.SRV.TOTL.ZS,2026-07-13,https://api.worldbank.org/v2/country/SOM/indicator/NV.SRV.TOTL.ZS?format=json&per_page=1000&date=1960:2025&source=2
NV.SRV.TOTL.ZS,"Services, value added (% of GDP)",productive_sectors,SOM,1981,,% of GDP,,missing,WDI_NV.SRV.TOTL.ZS,2026-07-13,https://api.worldbank.org/v2/country/SOM/indicator/NV.SRV.TOTL.ZS?format=json&per_page=1000&date=1960:2025&source=2
NV.SRV.TOTL.ZS,"Services, value added (% of GDP)",productive_sectors,SOM,1982,,% of GDP,,missing,WDI_NV.SRV.TOTL.ZS,2026-07-13,https://api.worldbank.org/v2/country/SOM/indicator/NV.SRV.TOTL.ZS?format=json&per_page=1000&date=1960:2025&source=2
NV.SRV.TOTL.ZS,"Services, value added (% of GDP)",productive_sectors,SOM,1983,,% of GDP,,missing,WDI_NV.SRV.TOTL.ZS,2026-07-13,https://api.worldbank.org/v2/country/SOM/indicator/NV.SRV.TOTL.ZS?format=json&per_page=1000&date=1960:2025&source=2
NV.SRV.TOTL.ZS,"Services, value added (% of GDP)",productive_sectors,SOM,1984,,% of GDP,,missing,WDI_NV.SRV.TOTL.ZS,2026-07-13,https://api.worldbank.org/v2/country/SOM/indicator/NV.SRV.TOTL.ZS?format=json&per_page=1000&date=1960:2025&source=2
NV.SRV.TOTL.ZS,"Services, value added (% of GDP)",productive_sectors,SOM,1985,,% of GDP,,missing,WDI_NV.SRV.TOTL.ZS,2026-07-13,https://api.worldbank.org/v2/country/SOM/indicator/NV.SRV.TOTL.ZS?format=json&per_page=1000&date=1960:2025&source=2
NV.SRV.TOTL.ZS,"Services, value added (% of GDP)",productive_sectors,SOM,1986,,% of GDP,,missing,WDI_NV.SRV.TOTL.ZS,2026-07-13,https://api.worldbank.org/v2/country/SOM/indicator/NV.SRV.TOTL.ZS?format=json&per_page=1000&date=1960:2025&source=2
NV.SRV.TOTL.ZS,"Services, value added (% of GDP)",productive_sectors,SOM,1987,,% of GDP,,missing,WDI_NV.SRV.TOTL.ZS,2026-07-13,https://api.worldbank.org/v2/country/SOM/indicator/NV.SRV.TOTL.ZS?format=json&per_page=1000&date=1960:2025&source=2
NV.SRV.TOTL.ZS,"Services, value added (% of GDP)",productive_sectors,SOM,1988,,% of GDP,,missing,WDI_NV.SRV.TOTL.ZS,2026-07-13,https://api.worldbank.org/v2/country/SOM/indicator/NV.SRV.TOTL.ZS?format=json&per_page=1000&date=1960:2025&source=2
NV.SRV.TOTL.ZS,"Services, value added (% of GDP)",productive_sectors,SOM,1989,,% of GDP,,missing,WDI_NV.SRV.TOTL.ZS,2026-07-13,https://api.worldbank.org/v2/country/SOM/indicator/NV.SRV.TOTL.ZS?format=json&per_page=1000&date=1960:2025&source=2
NV.SRV.TOTL.ZS,"Services, value added (% of GDP)",productive_sectors,SOM,1990,,% of GDP,,missing,WDI_NV.SRV.TOTL.ZS,2026-07-13,https://api.worldbank.org/v2/country/SOM/indicator/NV.SRV.TOTL.ZS?format=json&per_page=1000&date=1960:2025&source=2
NV.SRV.TOTL.ZS,"Services, value added (% of GDP)",productive_sectors,SOM,1991,,% of GDP,,missing,WDI_NV.SRV.TOTL.ZS,2026-07-13,https://api.worldbank.org/v2/country/SOM/indicator/NV.SRV.TOTL.ZS?format=json&per_page=1000&date=1960:2025&source=2
NV.SRV.TOTL.ZS,"Services, value added (% of GDP)",productive_sectors,SOM,1992,,% of GDP,,missing,WDI_NV.SRV.TOTL.ZS,2026-07-13,https://api.worldbank.org/v2/country/SOM/indicator/NV.SRV.TOTL.ZS?format=json&per_page=1000&date=1960:2025&source=2
NV.SRV.TOTL.ZS,"Services, value added (% of GDP)",productive_sectors,SOM,1993,,% of GDP,,missing,WDI_NV.SRV.TOTL.ZS,2026-07-13,https://api.worldbank.org/v2/country/SOM/indicator/NV.SRV.TOTL.ZS?format=json&per_page=1000&date=1960:2025&source=2
NV.SRV.TOTL.ZS,"Services, value added (% of GDP)",productive_sectors,SOM,1994,,% of GDP,,missing,WDI_NV.SRV.TOTL.ZS,2026-07-13,https://api.worldbank.org/v2/country/SOM/indicator/NV.SRV.TOTL.ZS?format=json&per_page=1000&date=1960:2025&source=2
NV.SRV.TOTL.ZS,"Services, value added (% of GDP)",productive_sectors,SOM,1995,,% of GDP,,missing,WDI_NV.SRV.TOTL.ZS,2026-07-13,https://api.worldbank.org/v2/country/SOM/indicator/NV.SRV.TOTL.ZS?format=json&per_page=1000&date=1960:2025&source=2
NV.SRV.TOTL.ZS,"Services, value added (% of GDP)",productive_sectors,SOM,1996,,% of GDP,,missing,WDI_NV.SRV.TOTL.ZS,2026-07-13,https://api.worldbank.org/v2/country/SOM/indicator/NV.SRV.TOTL.ZS?format=json&per_page=1000&date=1960:2025&source=2
NV.SRV.TOTL.ZS,"Services, value added (% of GDP)",productive_sectors,SOM,1997,,% of GDP,,missing,WDI_NV.SRV.TOTL.ZS,2026-07-13,https://api.worldbank.org/v2/country/SOM/indicator/NV.SRV.TOTL.ZS?format=json&per_page=1000&date=1960:2025&source=2
NV.SRV.TOTL.ZS,"Services, value added (% of GDP)",productive_sectors,SOM,1998,,% of GDP,,missing,WDI_NV.SRV.TOTL.ZS,2026-07-13,https://api.worldbank.org/v2/country/SOM/indicator/NV.SRV.TOTL.ZS?format=json&per_page=1000&date=1960:2025&source=2
NV.SRV.TOTL.ZS,"Services, value added (% of GDP)",productive_sectors,SOM,1999,,% of GDP,,missing,WDI_NV.SRV.TOTL.ZS,2026-07-13,https://api.worldbank.org/v2/country/SOM/indicator/NV.SRV.TOTL.ZS?format=json&per_page=1000&date=1960:2025&source=2
NV.SRV.TOTL.ZS,"Services, value added (% of GDP)",productive_sectors,SOM,2000,,% of GDP,,missing,WDI_NV.SRV.TOTL.ZS,2026-07-13,https://api.worldbank.org/v2/country/SOM/indicator/NV.SRV.TOTL.ZS?format=json&per_page=1000&date=1960:2025&source=2
NV.SRV.TOTL.ZS,"Services, value added (% of GDP)",productive_sectors,SOM,2001,,% of GDP,,missing,WDI_NV.SRV.TOTL.ZS,2026-07-13,https://api.worldbank.org/v2/country/SOM/indicator/NV.SRV.TOTL.ZS?format=json&per_page=1000&date=1960:2025&source=2
NV.SRV.TOTL.ZS,"Services, value added (% of GDP)",productive_sectors,SOM,2002,,% of GDP,,missing,WDI_NV.SRV.TOTL.ZS,2026-07-13,https://api.worldbank.org/v2/country/SOM/indicator/NV.SRV.TOTL.ZS?format=json&per_page=1000&date=1960:2025&source=2
NV.SRV.TOTL.ZS,"Services, value added (% of GDP)",productive_sectors,SOM,2003,,% of GDP,,missing,WDI_NV.SRV.TOTL.ZS,2026-07-13,https://api.worldbank.org/v2/country/SOM/indicator/NV.SRV.TOTL.ZS?format=json&per_page=1000&date=1960:2025&source=2
NV.SRV.TOTL.ZS,"Services, value added (% of GDP)",productive_sectors,SOM,2004,,% of GDP,,missing,WDI_NV.SRV.TOTL.ZS,2026-07-13,https://api.worldbank.org/v2/country/SOM/indicator/NV.SRV.TOTL.ZS?format=json&per_page=1000&date=1960:2025&source=2
NV.SRV.TOTL.ZS,"Services, value added (% of GDP)",productive_sectors,SOM,2005,,% of GDP,,missing,WDI_NV.SRV.TOTL.ZS,2026-07-13,https://api.worldbank.org/v2/country/SOM/indicator/NV.SRV.TOTL.ZS?format=json&per_page=1000&date=1960:2025&source=2
NV.SRV.TOTL.ZS,"Services, value added (% of GDP)",productive_sectors,SOM,2006,,% of GDP,,missing,WDI_NV.SRV.TOTL.ZS,2026-07-13,https://api.worldbank.org/v2/country/SOM/indicator/NV.SRV.TOTL.ZS?format=json&per_page=1000&date=1960:2025&source=2
NV.SRV.TOTL.ZS,"Services, value added (% of GDP)",productive_sectors,SOM,2007,,% of GDP,,missing,WDI_NV.SRV.TOTL.ZS,2026-07-13,https://api.worldbank.org/v2/country/SOM/indicator/NV.SRV.TOTL.ZS?format=json&per_page=1000&date=1960:2025&source=2
NV.SRV.TOTL.ZS,"Services, value added (% of GDP)",productive_sectors,SOM,2008,,% of GDP,,missing,WDI_NV.SRV.TOTL.ZS,2026-07-13,https://api.worldbank.org/v2/country/SOM/indicator/NV.SRV.TOTL.ZS?format=json&per_page=1000&date=1960:2025&source=2
NV.SRV.TOTL.ZS,"Services, value added (% of GDP)",productive_sectors,SOM,2009,,% of GDP,,missing,WDI_NV.SRV.TOTL.ZS,2026-07-13,https://api.worldbank.org/v2/country/SOM/indicator/NV.SRV.TOTL.ZS?format=json&per_page=1000&date=1960:2025&source=2
NV.SRV.TOTL.ZS,"Services, value added (% of GDP)",productive_sectors,SOM,2010,,% of GDP,,missing,WDI_NV.SRV.TOTL.ZS,2026-07-13,https://api.worldbank.org/v2/country/SOM/indicator/NV.SRV.TOTL.ZS?format=json&per_page=1000&date=1960:2025&source=2
NV.SRV.TOTL.ZS,"Services, value added (% of GDP)",productive_sectors,SOM,2011,,% of GDP,,missing,WDI_NV.SRV.TOTL.ZS,2026-07-13,https://api.worldbank.org/v2/country/SOM/indicator/NV.SRV.TOTL.ZS?format=json&per_page=1000&date=1960:2025&source=2
NV.SRV.TOTL.ZS,"Services, value added (% of GDP)",productive_sectors,SOM,2012,,% of GDP,,missing,WDI_NV.SRV.TOTL.ZS,2026-07-13,https://api.worldbank.org/v2/country/SOM/indicator/NV.SRV.TOTL.ZS?format=json&per_page=1000&date=1960:2025&source=2
NV.SRV.TOTL.ZS,"Services, value added (% of GDP)",productive_sectors,SOM,2013,,% of GDP,,missing,WDI_NV.SRV.TOTL.ZS,2026-07-13,https://api.worldbank.org/v2/country/SOM/indicator/NV.SRV.TOTL.ZS?format=json&per_page=1000&date=1960:2025&source=2
NV.SRV.TOTL.ZS,"Services, value added (% of GDP)",productive_sectors,SOM,2014,,% of GDP,,missing,WDI_NV.SRV.TOTL.ZS,2026-07-13,https://api.worldbank.org/v2/country/SOM/indicator/NV.SRV.TOTL.ZS?format=json&per_page=1000&date=1960:2025&source=2
NV.SRV.TOTL.ZS,"Services, value added (% of GDP)",productive_sectors,SOM,2015,,% of GDP,,missing,WDI_NV.SRV.TOTL.ZS,2026-07-13,https://api.worldbank.org/v2/country/SOM/indicator/NV.SRV.TOTL.ZS?format=json&per_page=1000&date=1960:2025&source=2
NV.SRV.TOTL.ZS,"Services, value added (% of GDP)",productive_sectors,SOM,2016,,% of GDP,,missing,WDI_NV.SRV.TOTL.ZS,2026-07-13,https://api.worldbank.org/v2/country/SOM/indicator/NV.SRV.TOTL.ZS?format=json&per_page=1000&date=1960:2025&source=2
NV.SRV.TOTL.ZS,"Services, value added (% of GDP)",productive_sectors,SOM,2017,,% of GDP,,missing,WDI_NV.SRV.TOTL.ZS,2026-07-13,https://api.worldbank.org/v2/country/SOM/indicator/NV.SRV.TOTL.ZS?format=json&per_page=1000&date=1960:2025&source=2
NV.SRV.TOTL.ZS,"Services, value added (% of GDP)",productive_sectors,SOM,2018,,% of GDP,,missing,WDI_NV.SRV.TOTL.ZS,2026-07-13,https://api.worldbank.org/v2/country/SOM/indicator/NV.SRV.TOTL.ZS?format=json&per_page=1000&date=1960:2025&source=2
NV.SRV.TOTL.ZS,"Services, value added (% of GDP)",productive_sectors,SOM,2019,,% of GDP,,missing,WDI_NV.SRV.TOTL.ZS,2026-07-13,https://api.worldbank.org/v2/country/SOM/indicator/NV.SRV.TOTL.ZS?format=json&per_page=1000&date=1960:2025&source=2
NV.SRV.TOTL.ZS,"Services, value added (% of GDP)",productive_sectors,SOM,2020,,% of GDP,,missing,WDI_NV.SRV.TOTL.ZS,2026-07-13,https://api.worldbank.org/v2/country/SOM/indicator/NV.SRV.TOTL.ZS?format=json&per_page=1000&date=1960:2025&source=2
NV.SRV.TOTL.ZS,"Services, value added (% of GDP)",productive_sectors,SOM,2021,,% of GDP,,missing,WDI_NV.SRV.TOTL.ZS,2026-07-13,https://api.worldbank.org/v2/country/SOM/indicator/NV.SRV.TOTL.ZS?format=json&per_page=1000&date=1960:2025&source=2
NV.SRV.TOTL.ZS,"Services, value added (% of GDP)",productive_sectors,SOM,2022,,% of GDP,,missing,WDI_NV.SRV.TOTL.ZS,2026-07-13,https://api.worldbank.org/v2/country/SOM/indicator/NV.SRV.TOTL.ZS?format=json&per_page=1000&date=1960:2025&source=2
NV.SRV.TOTL.ZS,"Services, value added (% of GDP)",productive_sectors,SOM,2023,,% of GDP,,missing,WDI_NV.SRV.TOTL.ZS,2026-07-13,https://api.worldbank.org/v2/country/SOM/indicator/NV.SRV.TOTL.ZS?format=json&per_page=1000&date=1960:2025&source=2
NV.SRV.TOTL.ZS,"Services, value added (% of GDP)",productive_sectors,SOM,2024,,% of GDP,,missing,WDI_NV.SRV.TOTL.ZS,2026-07-13,https://api.worldbank.org/v2/country/SOM/indicator/NV.SRV.TOTL.ZS?format=json&per_page=1000&date=1960:2025&source=2
NV.SRV.TOTL.ZS,"Services, value added (% of GDP)",productive_sectors,SOM,2025,,% of GDP,,missing,WDI_NV.SRV.TOTL.ZS,2026-07-13,https://api.worldbank.org/v2/country/SOM/indicator/NV.SRV.TOTL.ZS?format=json&per_page=1000&date=1960:2025&source=2
NY.GDP.MKTP.CD,GDP (current US$),economy,SOM,1960,180459936.776025,current USD,,source_reported,WDI_NY.GDP.MKTP.CD,2026-07-13,https://api.worldbank.org/v2/country/SOM/indicator/NY.GDP.MKTP.CD?format=json&per_page=1000&date=1960:2025&source=2
NY.GDP.MKTP.CD,GDP (current US$),economy,SOM,1961,191659914.376034,current USD,,source_reported,WDI_NY.GDP.MKTP.CD,2026-07-13,https://api.worldbank.org/v2/country/SOM/indicator/NY.GDP.MKTP.CD?format=json&per_page=1000&date=1960:2025&source=2
NY.GDP.MKTP.CD,GDP (current US$),economy,SOM,1962,203531927.547229,current USD,,source_reported,WDI_NY.GDP.MKTP.CD,2026-07-13,https://api.worldbank.org/v2/country/SOM/indicator/NY.GDP.MKTP.CD?format=json&per_page=1000&date=1960:2025&source=2
NY.GDP.MKTP.CD,GDP (current US$),economy,SOM,1963,216145935.941626,current USD,,source_reported,WDI_NY.GDP.MKTP.CD,2026-07-13,https://api.worldbank.org/v2/country/SOM/indicator/NY.GDP.MKTP.CD?format=json&per_page=1000&date=1960:2025&source=2
NY.GDP.MKTP.CD,GDP (current US$),economy,SOM,1964,229529912.668035,current USD,,source_reported,WDI_NY.GDP.MKTP.CD,2026-07-13,https://api.worldbank.org/v2/country/SOM/indicator/NY.GDP.MKTP.CD?format=json&per_page=1000&date=1960:2025&source=2
NY.GDP.MKTP.CD,GDP (current US$),economy,SOM,1965,243725898.029641,current USD,,source_reported,WDI_NY.GDP.MKTP.CD,2026-07-13,https://api.worldbank.org/v2/country/SOM/indicator/NY.GDP.MKTP.CD?format=json&per_page=1000&date=1960:2025&source=2
NY.GDP.MKTP.CD,GDP (current US$),economy,SOM,1966,257375897.049641,current USD,,source_reported,WDI_NY.GDP.MKTP.CD,2026-07-13,https://api.worldbank.org/v2/country/SOM/indicator/NY.GDP.MKTP.CD?format=json&per_page=1000&date=1960:2025&source=2
NY.GDP.MKTP.CD,GDP (current US$),economy,SOM,1967,271781886.807245,current USD,,source_reported,WDI_NY.GDP.MKTP.CD,2026-07-13,https://api.worldbank.org/v2/country/SOM/indicator/NY.GDP.MKTP.CD?format=json&per_page=1000&date=1960:2025&source=2
NY.GDP.MKTP.CD,GDP (current US$),economy,SOM,1968,286719885.312046,current USD,,source_reported,WDI_NY.GDP.MKTP.CD,2026-07-13,https://api.worldbank.org/v2/country/SOM/indicator/NY.GDP.MKTP.CD?format=json&per_page=1000&date=1960:2025&source=2
NY.GDP.MKTP.CD,GDP (current US$),economy,SOM,1969,306357284.571429,current USD,,source_reported,WDI_NY.GDP.MKTP.CD,2026-07-13,https://api.worldbank.org/v2/country/SOM/indicator/NY.GDP.MKTP.CD?format=json&per_page=1000&date=1960:2025&source=2
NY.GDP.MKTP.CD,GDP (current US$),economy,SOM,1970,347985394.285714,current USD,,source_reported,WDI_NY.GDP.MKTP.CD,2026-07-13,https://api.worldbank.org/v2/country/SOM/indicator/NY.GDP.MKTP.CD?format=json&per_page=1000&date=1960:2025&source=2
NY.GDP.MKTP.CD,GDP (current US$),economy,SOM,1971,347039445.705569,current USD,,source_reported,WDI_NY.GDP.MKTP.CD,2026-07-13,https://api.worldbank.org/v2/country/SOM/indicator/NY.GDP.MKTP.CD?format=json&per_page=1000&date=1960:2025&source=2
NY.GDP.MKTP.CD,GDP (current US$),economy,SOM,1972,447883941.190165,current USD,,source_reported,WDI_NY.GDP.MKTP.CD,2026-07-13,https://api.worldbank.org/v2/country/SOM/indicator/NY.GDP.MKTP.CD?format=json&per_page=1000&date=1960:2025&source=2
NY.GDP.MKTP.CD,GDP (current US$),economy,SOM,1973,483699610.602563,current USD,,source_reported,WDI_NY.GDP.MKTP.CD,2026-07-13,https://api.worldbank.org/v2/country/SOM/indicator/NY.GDP.MKTP.CD?format=json&per_page=1000&date=1960:2025&source=2
NY.GDP.MKTP.CD,GDP (current US$),economy,SOM,1974,572504035.901509,current USD,,source_reported,WDI_NY.GDP.MKTP.CD,2026-07-13,https://api.worldbank.org/v2/country/SOM/indicator/NY.GDP.MKTP.CD?format=json&per_page=1000&date=1960:2025&source=2
NY.GDP.MKTP.CD,GDP (current US$),economy,SOM,1975,757015878.792693,current USD,,source_reported,WDI_NY.GDP.MKTP.CD,2026-07-13,https://api.worldbank.org/v2/country/SOM/indicator/NY.GDP.MKTP.CD?format=json&per_page=1000&date=1960:2025&source=2
NY.GDP.MKTP.CD,GDP (current US$),economy,SOM,1976,871344245.115171,current USD,,source_reported,WDI_NY.GDP.MKTP.CD,2026-07-13,https://api.worldbank.org/v2/country/SOM/indicator/NY.GDP.MKTP.CD?format=json&per_page=1000&date=1960:2025&source=2
NY.GDP.MKTP.CD,GDP (current US$),economy,SOM,1977,498550724.637681,current USD,,source_reported,WDI_NY.GDP.MKTP.CD,2026-07-13,https://api.worldbank.org/v2/country/SOM/indicator/NY.GDP.MKTP.CD?format=json&per_page=1000&date=1960:2025&source=2
NY.GDP.MKTP.CD,GDP (current US$),economy,SOM,1978,564571823.20442,current USD,,source_reported,WDI_NY.GDP.MKTP.CD,2026-07-13,https://api.worldbank.org/v2/country/SOM/indicator/NY.GDP.MKTP.CD?format=json&per_page=1000&date=1960:2025&source=2
NY.GDP.MKTP.CD,GDP (current US$),economy,SOM,1979,589566929.133858,current USD,,source_reported,WDI_NY.GDP.MKTP.CD,2026-07-13,https://api.worldbank.org/v2/country/SOM/indicator/NY.GDP.MKTP.CD?format=json&per_page=1000&date=1960:2025&source=2
NY.GDP.MKTP.CD,GDP (current US$),economy,SOM,1980,602515548.452104,current USD,,source_reported,WDI_NY.GDP.MKTP.CD,2026-07-13,https://api.worldbank.org/v2/country/SOM/indicator/NY.GDP.MKTP.CD?format=json&per_page=1000&date=1960:2025&source=2
NY.GDP.MKTP.CD,GDP (current US$),economy,SOM,1981,699302473.050095,current USD,,source_reported,WDI_NY.GDP.MKTP.CD,2026-07-13,https://api.worldbank.org/v2/country/SOM/indicator/NY.GDP.MKTP.CD?format=json&per_page=1000&date=1960:2025&source=2
NY.GDP.MKTP.CD,GDP (current US$),economy,SOM,1982,774578931.96392,current USD,,source_reported,WDI_NY.GDP.MKTP.CD,2026-07-13,https://api.worldbank.org/v2/country/SOM/indicator/NY.GDP.MKTP.CD?format=json&per_page=1000&date=1960:2025&source=2
NY.GDP.MKTP.CD,GDP (current US$),economy,SOM,1983,735408641.768548,current USD,,source_reported,WDI_NY.GDP.MKTP.CD,2026-07-13,https://api.worldbank.org/v2/country/SOM/indicator/NY.GDP.MKTP.CD?format=json&per_page=1000&date=1960:2025&source=2
NY.GDP.MKTP.CD,GDP (current US$),economy,SOM,1984,787434541.728857,current USD,,source_reported,WDI_NY.GDP.MKTP.CD,2026-07-13,https://api.worldbank.org/v2/country/SOM/indicator/NY.GDP.MKTP.CD?format=json&per_page=1000&date=1960:2025&source=2
NY.GDP.MKTP.CD,GDP (current US$),economy,SOM,1985,875702247.191011,current USD,,source_reported,WDI_NY.GDP.MKTP.CD,2026-07-13,https://api.worldbank.org/v2/country/SOM/indicator/NY.GDP.MKTP.CD?format=json&per_page=1000&date=1960:2025&source=2
NY.GDP.MKTP.CD,GDP (current US$),economy,SOM,1986,916590786.326105,current USD,,source_reported,WDI_NY.GDP.MKTP.CD,2026-07-13,https://api.worldbank.org/v2/country/SOM/indicator/NY.GDP.MKTP.CD?format=json&per_page=1000&date=1960:2025&source=2
NY.GDP.MKTP.CD,GDP (current US$),economy,SOM,1987,1018972664.4638,current USD,,source_reported,WDI_NY.GDP.MKTP.CD,2026-07-13,https://api.worldbank.org/v2/country/SOM/indicator/NY.GDP.MKTP.CD?format=json&per_page=1000&date=1960:2025&source=2
NY.GDP.MKTP.CD,GDP (current US$),economy,SOM,1988,1051596967.1287,current USD,,source_reported,WDI_NY.GDP.MKTP.CD,2026-07-13,https://api.worldbank.org/v2/country/SOM/indicator/NY.GDP.MKTP.CD?format=json&per_page=1000&date=1960:2025&source=2
NY.GDP.MKTP.CD,GDP (current US$),economy,SOM,1989,1181360843.93549,current USD,,source_reported,WDI_NY.GDP.MKTP.CD,2026-07-13,https://api.worldbank.org/v2/country/SOM/indicator/NY.GDP.MKTP.CD?format=json&per_page=1000&date=1960:2025&source=2
NY.GDP.MKTP.CD,GDP (current US$),economy,SOM,1990,1031282081.16683,current USD,,source_reported,WDI_NY.GDP.MKTP.CD,2026-07-13,https://api.worldbank.org/v2/country/SOM/indicator/NY.GDP.MKTP.CD?format=json&per_page=1000&date=1960:2025&source=2
NY.GDP.MKTP.CD,GDP (current US$),economy,SOM,1991,717974929.763158,current USD,,source_reported,WDI_NY.GDP.MKTP.CD,2026-07-13,https://api.worldbank.org/v2/country/SOM/indicator/NY.GDP.MKTP.CD?format=json&per_page=1000&date=1960:2025&source=2
NY.GDP.MKTP.CD,GDP (current US$),economy,SOM,1992,709297578.5,current USD,,source_reported,WDI_NY.GDP.MKTP.CD,2026-07-13,https://api.worldbank.org/v2/country/SOM/indicator/NY.GDP.MKTP.CD?format=json&per_page=1000&date=1960:2025&source=2
NY.GDP.MKTP.CD,GDP (current US$),economy,SOM,1993,1260132955.78746,current USD,,source_reported,WDI_NY.GDP.MKTP.CD,2026-07-13,https://api.worldbank.org/v2/country/SOM/indicator/NY.GDP.MKTP.CD?format=json&per_page=1000&date=1960:2025&source=2
NY.GDP.MKTP.CD,GDP (current US$),economy,SOM,1994,1481205097.98113,current USD,,source_reported,WDI_NY.GDP.MKTP.CD,2026-07-13,https://api.worldbank.org/v2/country/SOM/indicator/NY.GDP.MKTP.CD?format=json&per_page=1000&date=1960:2025&source=2
NY.GDP.MKTP.CD,GDP (current US$),economy,SOM,1995,1534756134.55022,current USD,,source_reported,WDI_NY.GDP.MKTP.CD,2026-07-13,https://api.worldbank.org/v2/country/SOM/indicator/NY.GDP.MKTP.CD?format=json&per_page=1000&date=1960:2025&source=2
NY.GDP.MKTP.CD,GDP (current US$),economy,SOM,1996,1792234297.39194,current USD,,source_reported,WDI_NY.GDP.MKTP.CD,2026-07-13,https://api.worldbank.org/v2/country/SOM/indicator/NY.GDP.MKTP.CD?format=json&per_page=1000&date=1960:2025&source=2
NY.GDP.MKTP.CD,GDP (current US$),economy,SOM,1997,2191749013.58124,current USD,,source_reported,WDI_NY.GDP.MKTP.CD,2026-07-13,https://api.worldbank.org/v2/country/SOM/indicator/NY.GDP.MKTP.CD?format=json&per_page=1000&date=1960:2025&source=2
NY.GDP.MKTP.CD,GDP (current US$),economy,SOM,1998,2962047564.41651,current USD,,source_reported,WDI_NY.GDP.MKTP.CD,2026-07-13,https://api.worldbank.org/v2/country/SOM/indicator/NY.GDP.MKTP.CD?format=json&per_page=1000&date=1960:2025&source=2
NY.GDP.MKTP.CD,GDP (current US$),economy,SOM,1999,3045751527.66005,current USD,,source_reported,WDI_NY.GDP.MKTP.CD,2026-07-13,https://api.worldbank.org/v2/country/SOM/indicator/NY.GDP.MKTP.CD?format=json&per_page=1000&date=1960:2025&source=2
NY.GDP.MKTP.CD,GDP (current US$),economy,SOM,2000,3412797450.20112,current USD,,source_reported,WDI_NY.GDP.MKTP.CD,2026-07-13,https://api.worldbank.org/v2/country/SOM/indicator/NY.GDP.MKTP.CD?format=json&per_page=1000&date=1960:2025&source=2
NY.GDP.MKTP.CD,GDP (current US$),economy,SOM,2001,2252847464.68608,current USD,,source_reported,WDI_NY.GDP.MKTP.CD,2026-07-13,https://api.worldbank.org/v2/country/SOM/indicator/NY.GDP.MKTP.CD?format=json&per_page=1000&date=1960:2025&source=2
NY.GDP.MKTP.CD,GDP (current US$),economy,SOM,2002,2192684134.59273,current USD,,source_reported,WDI_NY.GDP.MKTP.CD,2026-07-13,https://api.worldbank.org/v2/country/SOM/indicator/NY.GDP.MKTP.CD?format=json&per_page=1000&date=1960:2025&source=2
NY.GDP.MKTP.CD,GDP (current US$),economy,SOM,2003,2836724351.5616,current USD,,source_reported,WDI_NY.GDP.MKTP.CD,2026-07-13,https://api.worldbank.org/v2/country/SOM/indicator/NY.GDP.MKTP.CD?format=json&per_page=1000&date=1960:2025&source=2
NY.GDP.MKTP.CD,GDP (current US$),economy,SOM,2004,3859592813.10255,current USD,,source_reported,WDI_NY.GDP.MKTP.CD,2026-07-13,https://api.worldbank.org/v2/country/SOM/indicator/NY.GDP.MKTP.CD?format=json&per_page=1000&date=1960:2025&source=2
NY.GDP.MKTP.CD,GDP (current US$),economy,SOM,2005,4683246454.10048,current USD,,source_reported,WDI_NY.GDP.MKTP.CD,2026-07-13,https://api.worldbank.org/v2/country/SOM/indicator/NY.GDP.MKTP.CD?format=json&per_page=1000&date=1960:2025&source=2
NY.GDP.MKTP.CD,GDP (current US$),economy,SOM,2006,5026743282.04251,current USD,,source_reported,WDI_NY.GDP.MKTP.CD,2026-07-13,https://api.worldbank.org/v2/country/SOM/indicator/NY.GDP.MKTP.CD?format=json&per_page=1000&date=1960:2025&source=2
NY.GDP.MKTP.CD,GDP (current US$),economy,SOM,2007,5430713728.89074,current USD,,source_reported,WDI_NY.GDP.MKTP.CD,2026-07-13,https://api.worldbank.org/v2/country/SOM/indicator/NY.GDP.MKTP.CD?format=json&per_page=1000&date=1960:2025&source=2
NY.GDP.MKTP.CD,GDP (current US$),economy,SOM,2008,5913620292.90573,current USD,,source_reported,WDI_NY.GDP.MKTP.CD,2026-07-13,https://api.worldbank.org/v2/country/SOM/indicator/NY.GDP.MKTP.CD?format=json&per_page=1000&date=1960:2025&source=2
NY.GDP.MKTP.CD,GDP (current US$),economy,SOM,2009,2948594552.44952,current USD,,source_reported,WDI_NY.GDP.MKTP.CD,2026-07-13,https://api.worldbank.org/v2/country/SOM/indicator/NY.GDP.MKTP.CD?format=json&per_page=1000&date=1960:2025&source=2
NY.GDP.MKTP.CD,GDP (current US$),economy,SOM,2010,2687807003.73935,current USD,,source_reported,WDI_NY.GDP.MKTP.CD,2026-07-13,https://api.worldbank.org/v2/country/SOM/indicator/NY.GDP.MKTP.CD?format=json&per_page=1000&date=1960:2025&source=2
NY.GDP.MKTP.CD,GDP (current US$),economy,SOM,2011,2906000096.93249,current USD,,source_reported,WDI_NY.GDP.MKTP.CD,2026-07-13,https://api.worldbank.org/v2/country/SOM/indicator/NY.GDP.MKTP.CD?format=json&per_page=1000&date=1960:2025&source=2
NY.GDP.MKTP.CD,GDP (current US$),economy,SOM,2012,4364670159.99578,current USD,,source_reported,WDI_NY.GDP.MKTP.CD,2026-07-13,https://api.worldbank.org/v2/country/SOM/indicator/NY.GDP.MKTP.CD?format=json&per_page=1000&date=1960:2025&source=2
NY.GDP.MKTP.CD,GDP (current US$),economy,SOM,2013,5062881600.00104,current USD,,source_reported,WDI_NY.GDP.MKTP.CD,2026-07-13,https://api.worldbank.org/v2/country/SOM/indicator/NY.GDP.MKTP.CD?format=json&per_page=1000&date=1960:2025&source=2
NY.GDP.MKTP.CD,GDP (current US$),economy,SOM,2014,5728399719.99958,current USD,,source_reported,WDI_NY.GDP.MKTP.CD,2026-07-13,https://api.worldbank.org/v2/country/SOM/indicator/NY.GDP.MKTP.CD?format=json&per_page=1000&date=1960:2025&source=2
NY.GDP.MKTP.CD,GDP (current US$),economy,SOM,2015,6152149099.99942,current USD,,source_reported,WDI_NY.GDP.MKTP.CD,2026-07-13,https://api.worldbank.org/v2/country/SOM/indicator/NY.GDP.MKTP.CD?format=json&per_page=1000&date=1960:2025&source=2
NY.GDP.MKTP.CD,GDP (current US$),economy,SOM,2016,6613743069.99912,current USD,,source_reported,WDI_NY.GDP.MKTP.CD,2026-07-13,https://api.worldbank.org/v2/country/SOM/indicator/NY.GDP.MKTP.CD?format=json&per_page=1000&date=1960:2025&source=2
NY.GDP.MKTP.CD,GDP (current US$),economy,SOM,2017,7621501710.0012,current USD,,source_reported,WDI_NY.GDP.MKTP.CD,2026-07-13,https://api.worldbank.org/v2/country/SOM/indicator/NY.GDP.MKTP.CD?format=json&per_page=1000&date=1960:2025&source=2
NY.GDP.MKTP.CD,GDP (current US$),economy,SOM,2018,7873000000,current USD,,source_reported,WDI_NY.GDP.MKTP.CD,2026-07-13,https://api.worldbank.org/v2/country/SOM/indicator/NY.GDP.MKTP.CD?format=json&per_page=1000&date=1960:2025&source=2
NY.GDP.MKTP.CD,GDP (current US$),economy,SOM,2019,8656000000,current USD,,source_reported,WDI_NY.GDP.MKTP.CD,2026-07-13,https://api.worldbank.org/v2/country/SOM/indicator/NY.GDP.MKTP.CD?format=json&per_page=1000&date=1960:2025&source=2
NY.GDP.MKTP.CD,GDP (current US$),economy,SOM,2020,8628000000,current USD,,source_reported,WDI_NY.GDP.MKTP.CD,2026-07-13,https://api.worldbank.org/v2/country/SOM/indicator/NY.GDP.MKTP.CD?format=json&per_page=1000&date=1960:2025&source=2
NY.GDP.MKTP.CD,GDP (current US$),economy,SOM,2021,9483000000,current USD,,source_reported,WDI_NY.GDP.MKTP.CD,2026-07-13,https://api.worldbank.org/v2/country/SOM/indicator/NY.GDP.MKTP.CD?format=json&per_page=1000&date=1960:2025&source=2
NY.GDP.MKTP.CD,GDP (current US$),economy,SOM,2022,10203000000,current USD,,source_reported,WDI_NY.GDP.MKTP.CD,2026-07-13,https://api.worldbank.org/v2/country/SOM/indicator/NY.GDP.MKTP.CD?format=json&per_page=1000&date=1960:2025&source=2
NY.GDP.MKTP.CD,GDP (current US$),economy,SOM,2023,10958000000,current USD,,source_reported,WDI_NY.GDP.MKTP.CD,2026-07-13,https://api.worldbank.org/v2/country/SOM/indicator/NY.GDP.MKTP.CD?format=json&per_page=1000&date=1960:2025&source=2
NY.GDP.MKTP.CD,GDP (current US$),economy,SOM,2024,11967000000,current USD,,source_reported,WDI_NY.GDP.MKTP.CD,2026-07-13,https://api.worldbank.org/v2/country/SOM/indicator/NY.GDP.MKTP.CD?format=json&per_page=1000&date=1960:2025&source=2
NY.GDP.MKTP.CD,GDP (current US$),economy,SOM,2025,12995200000.2658,current USD,,source_reported,WDI_NY.GDP.MKTP.CD,2026-07-13,https://api.worldbank.org/v2/country/SOM/indicator/NY.GDP.MKTP.CD?format=json&per_page=1000&date=1960:2025&source=2
NY.GDP.MKTP.KD,GDP (constant 2015 US$),economy,SOM,1960,917045732.27398,constant 2015 USD,,source_reported,WDI_NY.GDP.MKTP.KD,2026-07-13,https://api.worldbank.org/v2/country/SOM/indicator/NY.GDP.MKTP.KD?format=json&per_page=1000&date=1960:2025&source=2
NY.GDP.MKTP.KD,GDP (constant 2015 US$),economy,SOM,1961,887131872.87034,constant 2015 USD,,source_reported,WDI_NY.GDP.MKTP.KD,2026-07-13,https://api.worldbank.org/v2/country/SOM/indicator/NY.GDP.MKTP.KD?format=json&per_page=1000&date=1960:2025&source=2
NY.GDP.MKTP.KD,GDP (constant 2015 US$),economy,SOM,1962,949911138.760042,constant 2015 USD,,source_reported,WDI_NY.GDP.MKTP.KD,2026-07-13,https://api.worldbank.org/v2/country/SOM/indicator/NY.GDP.MKTP.KD?format=json&per_page=1000&date=1960:2025&source=2
NY.GDP.MKTP.KD,GDP (constant 2015 US$),economy,SOM,1963,976592267.239141,constant 2015 USD,,source_reported,WDI_NY.GDP.MKTP.KD,2026-07-13,https://api.worldbank.org/v2/country/SOM/indicator/NY.GDP.MKTP.KD?format=json&per_page=1000&date=1960:2025&source=2
NY.GDP.MKTP.KD,GDP (constant 2015 US$),economy,SOM,1964,916916392.314922,constant 2015 USD,,source_reported,WDI_NY.GDP.MKTP.KD,2026-07-13,https://api.worldbank.org/v2/country/SOM/indicator/NY.GDP.MKTP.KD?format=json&per_page=1000&date=1960:2025&source=2
NY.GDP.MKTP.KD,GDP (constant 2015 US$),economy,SOM,1965,862417802.402844,constant 2015 USD,,source_reported,WDI_NY.GDP.MKTP.KD,2026-07-13,https://api.worldbank.org/v2/country/SOM/indicator/NY.GDP.MKTP.KD?format=json&per_page=1000&date=1960:2025&source=2
NY.GDP.MKTP.KD,GDP (constant 2015 US$),economy,SOM,1966,940886220.381401,constant 2015 USD,,source_reported,WDI_NY.GDP.MKTP.KD,2026-07-13,https://api.worldbank.org/v2/country/SOM/indicator/NY.GDP.MKTP.KD?format=json&per_page=1000&date=1960:2025&source=2
NY.GDP.MKTP.KD,GDP (constant 2015 US$),economy,SOM,1967,996783740.230726,constant 2015 USD,,source_reported,WDI_NY.GDP.MKTP.KD,2026-07-13,https://api.worldbank.org/v2/country/SOM/indicator/NY.GDP.MKTP.KD?format=json&per_page=1000&date=1960:2025&source=2
NY.GDP.MKTP.KD,GDP (constant 2015 US$),economy,SOM,1968,1017018224.13508,constant 2015 USD,,source_reported,WDI_NY.GDP.MKTP.KD,2026-07-13,https://api.worldbank.org/v2/country/SOM/indicator/NY.GDP.MKTP.KD?format=json&per_page=1000&date=1960:2025&source=2
NY.GDP.MKTP.KD,GDP (constant 2015 US$),economy,SOM,1969,999733290.377919,constant 2015 USD,,source_reported,WDI_NY.GDP.MKTP.KD,2026-07-13,https://api.worldbank.org/v2/country/SOM/indicator/NY.GDP.MKTP.KD?format=json&per_page=1000&date=1960:2025&source=2
NY.GDP.MKTP.KD,GDP (constant 2015 US$),economy,SOM,1970,1045535150.53668,constant 2015 USD,,source_reported,WDI_NY.GDP.MKTP.KD,2026-07-13,https://api.worldbank.org/v2/country/SOM/indicator/NY.GDP.MKTP.KD?format=json&per_page=1000&date=1960:2025&source=2
NY.GDP.MKTP.KD,GDP (constant 2015 US$),economy,SOM,1971,1067892505.95689,constant 2015 USD,,source_reported,WDI_NY.GDP.MKTP.KD,2026-07-13,https://api.worldbank.org/v2/country/SOM/indicator/NY.GDP.MKTP.KD?format=json&per_page=1000&date=1960:2025&source=2
NY.GDP.MKTP.KD,GDP (constant 2015 US$),economy,SOM,1972,1226805081.24814,constant 2015 USD,,source_reported,WDI_NY.GDP.MKTP.KD,2026-07-13,https://api.worldbank.org/v2/country/SOM/indicator/NY.GDP.MKTP.KD?format=json&per_page=1000&date=1960:2025&source=2
NY.GDP.MKTP.KD,GDP (constant 2015 US$),economy,SOM,1973,1077756045.11294,constant 2015 USD,,source_reported,WDI_NY.GDP.MKTP.KD,2026-07-13,https://api.worldbank.org/v2/country/SOM/indicator/NY.GDP.MKTP.KD?format=json&per_page=1000&date=1960:2025&source=2
NY.GDP.MKTP.KD,GDP (constant 2015 US$),economy,SOM,1974,1085866066.19681,constant 2015 USD,,source_reported,WDI_NY.GDP.MKTP.KD,2026-07-13,https://api.worldbank.org/v2/country/SOM/indicator/NY.GDP.MKTP.KD?format=json&per_page=1000&date=1960:2025&source=2
NY.GDP.MKTP.KD,GDP (constant 2015 US$),economy,SOM,1975,1245436210.76508,constant 2015 USD,,source_reported,WDI_NY.GDP.MKTP.KD,2026-07-13,https://api.worldbank.org/v2/country/SOM/indicator/NY.GDP.MKTP.KD?format=json&per_page=1000&date=1960:2025&source=2
NY.GDP.MKTP.KD,GDP (constant 2015 US$),economy,SOM,1976,1222421286.0677,constant 2015 USD,,source_reported,WDI_NY.GDP.MKTP.KD,2026-07-13,https://api.worldbank.org/v2/country/SOM/indicator/NY.GDP.MKTP.KD?format=json&per_page=1000&date=1960:2025&source=2
NY.GDP.MKTP.KD,GDP (constant 2015 US$),economy,SOM,1977,1389224692.68366,constant 2015 USD,,source_reported,WDI_NY.GDP.MKTP.KD,2026-07-13,https://api.worldbank.org/v2/country/SOM/indicator/NY.GDP.MKTP.KD?format=json&per_page=1000&date=1960:2025&source=2
NY.GDP.MKTP.KD,GDP (constant 2015 US$),economy,SOM,1978,1469791647.97166,constant 2015 USD,,source_reported,WDI_NY.GDP.MKTP.KD,2026-07-13,https://api.worldbank.org/v2/country/SOM/indicator/NY.GDP.MKTP.KD?format=json&per_page=1000&date=1960:2025&source=2
NY.GDP.MKTP.KD,GDP (constant 2015 US$),economy,SOM,1979,1396493891.65707,constant 2015 USD,,source_reported,WDI_NY.GDP.MKTP.KD,2026-07-13,https://api.worldbank.org/v2/country/SOM/indicator/NY.GDP.MKTP.KD?format=json&per_page=1000&date=1960:2025&source=2
NY.GDP.MKTP.KD,GDP (constant 2015 US$),economy,SOM,1980,1421532243.67638,constant 2015 USD,,source_reported,WDI_NY.GDP.MKTP.KD,2026-07-13,https://api.worldbank.org/v2/country/SOM/indicator/NY.GDP.MKTP.KD?format=json&per_page=1000&date=1960:2025&source=2
NY.GDP.MKTP.KD,GDP (constant 2015 US$),economy,SOM,1981,1510579931.09983,constant 2015 USD,,source_reported,WDI_NY.GDP.MKTP.KD,2026-07-13,https://api.worldbank.org/v2/country/SOM/indicator/NY.GDP.MKTP.KD?format=json&per_page=1000&date=1960:2025&source=2
NY.GDP.MKTP.KD,GDP (constant 2015 US$),economy,SOM,1982,1552377825.19655,constant 2015 USD,,source_reported,WDI_NY.GDP.MKTP.KD,2026-07-13,https://api.worldbank.org/v2/country/SOM/indicator/NY.GDP.MKTP.KD?format=json&per_page=1000&date=1960:2025&source=2
NY.GDP.MKTP.KD,GDP (constant 2015 US$),economy,SOM,1983,1372667072.79999,constant 2015 USD,,source_reported,WDI_NY.GDP.MKTP.KD,2026-07-13,https://api.worldbank.org/v2/country/SOM/indicator/NY.GDP.MKTP.KD?format=json&per_page=1000&date=1960:2025&source=2
NY.GDP.MKTP.KD,GDP (constant 2015 US$),economy,SOM,1984,1417493799.80225,constant 2015 USD,,source_reported,WDI_NY.GDP.MKTP.KD,2026-07-13,https://api.worldbank.org/v2/country/SOM/indicator/NY.GDP.MKTP.KD?format=json&per_page=1000&date=1960:2025&source=2
NY.GDP.MKTP.KD,GDP (constant 2015 US$),economy,SOM,1985,1552579747.39023,constant 2015 USD,,source_reported,WDI_NY.GDP.MKTP.KD,2026-07-13,https://api.worldbank.org/v2/country/SOM/indicator/NY.GDP.MKTP.KD?format=json&per_page=1000&date=1960:2025&source=2
NY.GDP.MKTP.KD,GDP (constant 2015 US$),economy,SOM,1986,1519262585.4291,constant 2015 USD,,source_reported,WDI_NY.GDP.MKTP.KD,2026-07-13,https://api.worldbank.org/v2/country/SOM/indicator/NY.GDP.MKTP.KD?format=json&per_page=1000&date=1960:2025&source=2
NY.GDP.MKTP.KD,GDP (constant 2015 US$),economy,SOM,1987,1672521530.45046,constant 2015 USD,,source_reported,WDI_NY.GDP.MKTP.KD,2026-07-13,https://api.worldbank.org/v2/country/SOM/indicator/NY.GDP.MKTP.KD?format=json&per_page=1000&date=1960:2025&source=2
NY.GDP.MKTP.KD,GDP (constant 2015 US$),economy,SOM,1988,1729642283.89566,constant 2015 USD,,source_reported,WDI_NY.GDP.MKTP.KD,2026-07-13,https://api.worldbank.org/v2/country/SOM/indicator/NY.GDP.MKTP.KD?format=json&per_page=1000&date=1960:2025&source=2
NY.GDP.MKTP.KD,GDP (constant 2015 US$),economy,SOM,1989,1795501262.06265,constant 2015 USD,,source_reported,WDI_NY.GDP.MKTP.KD,2026-07-13,https://api.worldbank.org/v2/country/SOM/indicator/NY.GDP.MKTP.KD?format=json&per_page=1000&date=1960:2025&source=2
NY.GDP.MKTP.KD,GDP (constant 2015 US$),economy,SOM,1990,1837281328.3018,constant 2015 USD,,source_reported,WDI_NY.GDP.MKTP.KD,2026-07-13,https://api.worldbank.org/v2/country/SOM/indicator/NY.GDP.MKTP.KD?format=json&per_page=1000&date=1960:2025&source=2
NY.GDP.MKTP.KD,GDP (constant 2015 US$),economy,SOM,1991,1891491615.50305,constant 2015 USD,,source_reported,WDI_NY.GDP.MKTP.KD,2026-07-13,https://api.worldbank.org/v2/country/SOM/indicator/NY.GDP.MKTP.KD?format=json&per_page=1000&date=1960:2025&source=2
NY.GDP.MKTP.KD,GDP (constant 2015 US$),economy,SOM,1992,1730935688.55732,constant 2015 USD,,source_reported,WDI_NY.GDP.MKTP.KD,2026-07-13,https://api.worldbank.org/v2/country/SOM/indicator/NY.GDP.MKTP.KD?format=json&per_page=1000&date=1960:2025&source=2
NY.GDP.MKTP.KD,GDP (constant 2015 US$),economy,SOM,1993,1800010346.16042,constant 2015 USD,,source_reported,WDI_NY.GDP.MKTP.KD,2026-07-13,https://api.worldbank.org/v2/country/SOM/indicator/NY.GDP.MKTP.KD?format=json&per_page=1000&date=1960:2025&source=2
NY.GDP.MKTP.KD,GDP (constant 2015 US$),economy,SOM,1994,1478762688.89017,constant 2015 USD,,source_reported,WDI_NY.GDP.MKTP.KD,2026-07-13,https://api.worldbank.org/v2/country/SOM/indicator/NY.GDP.MKTP.KD?format=json&per_page=1000&date=1960:2025&source=2
NY.GDP.MKTP.KD,GDP (constant 2015 US$),economy,SOM,1995,1537774139.79522,constant 2015 USD,,source_reported,WDI_NY.GDP.MKTP.KD,2026-07-13,https://api.worldbank.org/v2/country/SOM/indicator/NY.GDP.MKTP.KD?format=json&per_page=1000&date=1960:2025&source=2
NY.GDP.MKTP.KD,GDP (constant 2015 US$),economy,SOM,1996,1661503678.51954,constant 2015 USD,,source_reported,WDI_NY.GDP.MKTP.KD,2026-07-13,https://api.worldbank.org/v2/country/SOM/indicator/NY.GDP.MKTP.KD?format=json&per_page=1000&date=1960:2025&source=2
NY.GDP.MKTP.KD,GDP (constant 2015 US$),economy,SOM,1997,1681117593.96895,constant 2015 USD,,source_reported,WDI_NY.GDP.MKTP.KD,2026-07-13,https://api.worldbank.org/v2/country/SOM/indicator/NY.GDP.MKTP.KD?format=json&per_page=1000&date=1960:2025&source=2
NY.GDP.MKTP.KD,GDP (constant 2015 US$),economy,SOM,1998,1791844290.88289,constant 2015 USD,,source_reported,WDI_NY.GDP.MKTP.KD,2026-07-13,https://api.worldbank.org/v2/country/SOM/indicator/NY.GDP.MKTP.KD?format=json&per_page=1000&date=1960:2025&source=2
NY.GDP.MKTP.KD,GDP (constant 2015 US$),economy,SOM,1999,1922976751.05888,constant 2015 USD,,source_reported,WDI_NY.GDP.MKTP.KD,2026-07-13,https://api.worldbank.org/v2/country/SOM/indicator/NY.GDP.MKTP.KD?format=json&per_page=1000&date=1960:2025&source=2
NY.GDP.MKTP.KD,GDP (constant 2015 US$),economy,SOM,2000,2059706442.19302,constant 2015 USD,,source_reported,WDI_NY.GDP.MKTP.KD,2026-07-13,https://api.worldbank.org/v2/country/SOM/indicator/NY.GDP.MKTP.KD?format=json&per_page=1000&date=1960:2025&source=2
NY.GDP.MKTP.KD,GDP (constant 2015 US$),economy,SOM,2001,2206158044.12576,constant 2015 USD,,source_reported,WDI_NY.GDP.MKTP.KD,2026-07-13,https://api.worldbank.org/v2/country/SOM/indicator/NY.GDP.MKTP.KD?format=json&per_page=1000&date=1960:2025&source=2
NY.GDP.MKTP.KD,GDP (constant 2015 US$),economy,SOM,2002,2374493799.80543,constant 2015 USD,,source_reported,WDI_NY.GDP.MKTP.KD,2026-07-13,https://api.worldbank.org/v2/country/SOM/indicator/NY.GDP.MKTP.KD?format=json&per_page=1000&date=1960:2025&source=2
NY.GDP.MKTP.KD,GDP (constant 2015 US$),economy,SOM,2003,2555674023.594,constant 2015 USD,,source_reported,WDI_NY.GDP.MKTP.KD,2026-07-13,https://api.worldbank.org/v2/country/SOM/indicator/NY.GDP.MKTP.KD?format=json&per_page=1000&date=1960:2025&source=2
NY.GDP.MKTP.KD,GDP (constant 2015 US$),economy,SOM,2004,2737390479.44266,constant 2015 USD,,source_reported,WDI_NY.GDP.MKTP.KD,2026-07-13,https://api.worldbank.org/v2/country/SOM/indicator/NY.GDP.MKTP.KD?format=json&per_page=1000&date=1960:2025&source=2
NY.GDP.MKTP.KD,GDP (constant 2015 US$),economy,SOM,2005,2932027546.45904,constant 2015 USD,,source_reported,WDI_NY.GDP.MKTP.KD,2026-07-13,https://api.worldbank.org/v2/country/SOM/indicator/NY.GDP.MKTP.KD?format=json&per_page=1000&date=1960:2025&source=2
NY.GDP.MKTP.KD,GDP (constant 2015 US$),economy,SOM,2006,3122209723.1084,constant 2015 USD,,source_reported,WDI_NY.GDP.MKTP.KD,2026-07-13,https://api.worldbank.org/v2/country/SOM/indicator/NY.GDP.MKTP.KD?format=json&per_page=1000&date=1960:2025&source=2
NY.GDP.MKTP.KD,GDP (constant 2015 US$),economy,SOM,2007,3331221429.82625,constant 2015 USD,,source_reported,WDI_NY.GDP.MKTP.KD,2026-07-13,https://api.worldbank.org/v2/country/SOM/indicator/NY.GDP.MKTP.KD?format=json&per_page=1000&date=1960:2025&source=2
NY.GDP.MKTP.KD,GDP (constant 2015 US$),economy,SOM,2008,3554225115.76716,constant 2015 USD,,source_reported,WDI_NY.GDP.MKTP.KD,2026-07-13,https://api.worldbank.org/v2/country/SOM/indicator/NY.GDP.MKTP.KD?format=json&per_page=1000&date=1960:2025&source=2
NY.GDP.MKTP.KD,GDP (constant 2015 US$),economy,SOM,2009,3792157453.24332,constant 2015 USD,,source_reported,WDI_NY.GDP.MKTP.KD,2026-07-13,https://api.worldbank.org/v2/country/SOM/indicator/NY.GDP.MKTP.KD?format=json&per_page=1000&date=1960:2025&source=2
NY.GDP.MKTP.KD,GDP (constant 2015 US$),economy,SOM,2010,4046017818.73271,constant 2015 USD,,source_reported,WDI_NY.GDP.MKTP.KD,2026-07-13,https://api.worldbank.org/v2/country/SOM/indicator/NY.GDP.MKTP.KD?format=json&per_page=1000&date=1960:2025&source=2
NY.GDP.MKTP.KD,GDP (constant 2015 US$),economy,SOM,2011,4316872490.4943,constant 2015 USD,,source_reported,WDI_NY.GDP.MKTP.KD,2026-07-13,https://api.worldbank.org/v2/country/SOM/indicator/NY.GDP.MKTP.KD?format=json&per_page=1000&date=1960:2025&source=2
NY.GDP.MKTP.KD,GDP (constant 2015 US$),economy,SOM,2012,4605859127.18598,constant 2015 USD,,source_reported,WDI_NY.GDP.MKTP.KD,2026-07-13,https://api.worldbank.org/v2/country/SOM/indicator/NY.GDP.MKTP.KD?format=json&per_page=1000&date=1960:2025&source=2
NY.GDP.MKTP.KD,GDP (constant 2015 US$),economy,SOM,2013,5110628982.78644,constant 2015 USD,,source_reported,WDI_NY.GDP.MKTP.KD,2026-07-13,https://api.worldbank.org/v2/country/SOM/indicator/NY.GDP.MKTP.KD?format=json&per_page=1000&date=1960:2025&source=2
NY.GDP.MKTP.KD,GDP (constant 2015 US$),economy,SOM,2014,5569461554.68178,constant 2015 USD,,source_reported,WDI_NY.GDP.MKTP.KD,2026-07-13,https://api.worldbank.org/v2/country/SOM/indicator/NY.GDP.MKTP.KD?format=json&per_page=1000&date=1960:2025&source=2
NY.GDP.MKTP.KD,GDP (constant 2015 US$),economy,SOM,2015,6152149099.99942,constant 2015 USD,,source_reported,WDI_NY.GDP.MKTP.KD,2026-07-13,https://api.worldbank.org/v2/country/SOM/indicator/NY.GDP.MKTP.KD?format=json&per_page=1000&date=1960:2025&source=2
NY.GDP.MKTP.KD,GDP (constant 2015 US$),economy,SOM,2016,6584944951.37236,constant 2015 USD,,source_reported,WDI_NY.GDP.MKTP.KD,2026-07-13,https://api.worldbank.org/v2/country/SOM/indicator/NY.GDP.MKTP.KD?format=json&per_page=1000&date=1960:2025&source=2
NY.GDP.MKTP.KD,GDP (constant 2015 US$),economy,SOM,2017,7555288980.07671,constant 2015 USD,,source_reported,WDI_NY.GDP.MKTP.KD,2026-07-13,https://api.worldbank.org/v2/country/SOM/indicator/NY.GDP.MKTP.KD?format=json&per_page=1000&date=1960:2025&source=2
NY.GDP.MKTP.KD,GDP (constant 2015 US$),economy,SOM,2018,7710498420.37372,constant 2015 USD,,source_reported,WDI_NY.GDP.MKTP.KD,2026-07-13,https://api.worldbank.org/v2/country/SOM/indicator/NY.GDP.MKTP.KD?format=json&per_page=1000&date=1960:2025&source=2
NY.GDP.MKTP.KD,GDP (constant 2015 US$),economy,SOM,2019,7926418061.75208,constant 2015 USD,,source_reported,WDI_NY.GDP.MKTP.KD,2026-07-13,https://api.worldbank.org/v2/country/SOM/indicator/NY.GDP.MKTP.KD?format=json&per_page=1000&date=1960:2025&source=2
NY.GDP.MKTP.KD,GDP (constant 2015 US$),economy,SOM,2020,7707287719.38668,constant 2015 USD,,source_reported,WDI_NY.GDP.MKTP.KD,2026-07-13,https://api.worldbank.org/v2/country/SOM/indicator/NY.GDP.MKTP.KD?format=json&per_page=1000&date=1960:2025&source=2
NY.GDP.MKTP.KD,GDP (constant 2015 US$),economy,SOM,2021,7972973226.06415,constant 2015 USD,,source_reported,WDI_NY.GDP.MKTP.KD,2026-07-13,https://api.worldbank.org/v2/country/SOM/indicator/NY.GDP.MKTP.KD?format=json&per_page=1000&date=1960:2025&source=2
NY.GDP.MKTP.KD,GDP (constant 2015 US$),economy,SOM,2022,8189695542.68927,constant 2015 USD,,source_reported,WDI_NY.GDP.MKTP.KD,2026-07-13,https://api.worldbank.org/v2/country/SOM/indicator/NY.GDP.MKTP.KD?format=json&per_page=1000&date=1960:2025&source=2
NY.GDP.MKTP.KD,GDP (constant 2015 US$),economy,SOM,2023,8531635197.8089,constant 2015 USD,,source_reported,WDI_NY.GDP.MKTP.KD,2026-07-13,https://api.worldbank.org/v2/country/SOM/indicator/NY.GDP.MKTP.KD?format=json&per_page=1000&date=1960:2025&source=2
NY.GDP.MKTP.KD,GDP (constant 2015 US$),economy,SOM,2024,8882404280.64289,constant 2015 USD,,source_reported,WDI_NY.GDP.MKTP.KD,2026-07-13,https://api.worldbank.org/v2/country/SOM/indicator/NY.GDP.MKTP.KD?format=json&per_page=1000&date=1960:2025&source=2
NY.GDP.MKTP.KD,GDP (constant 2015 US$),economy,SOM,2025,9148089787.32035,constant 2015 USD,,source_reported,WDI_NY.GDP.MKTP.KD,2026-07-13,https://api.worldbank.org/v2/country/SOM/indicator/NY.GDP.MKTP.KD?format=json&per_page=1000&date=1960:2025&source=2
NY.GDP.MKTP.KD.ZG,GDP growth (annual %),economy,SOM,1960,,% annual,,missing,WDI_NY.GDP.MKTP.KD.ZG,2026-07-13,https://api.worldbank.org/v2/country/SOM/indicator/NY.GDP.MKTP.KD.ZG?format=json&per_page=1000&date=1960:2025&source=2
NY.GDP.MKTP.KD.ZG,GDP growth (annual %),economy,SOM,1961,-3.2619812023401,% annual,,source_reported,WDI_NY.GDP.MKTP.KD.ZG,2026-07-13,https://api.worldbank.org/v2/country/SOM/indicator/NY.GDP.MKTP.KD.ZG?format=json&per_page=1000&date=1960:2025&source=2
NY.GDP.MKTP.KD.ZG,GDP growth (annual %),economy,SOM,1962,7.07665543416643,% annual,,source_reported,WDI_NY.GDP.MKTP.KD.ZG,2026-07-13,https://api.worldbank.org/v2/country/SOM/indicator/NY.GDP.MKTP.KD.ZG?format=json&per_page=1000&date=1960:2025&source=2
NY.GDP.MKTP.KD.ZG,GDP growth (annual %),economy,SOM,1963,2.80880257009377,% annual,,source_reported,WDI_NY.GDP.MKTP.KD.ZG,2026-07-13,https://api.worldbank.org/v2/country/SOM/indicator/NY.GDP.MKTP.KD.ZG?format=json&per_page=1000&date=1960:2025&source=2
NY.GDP.MKTP.KD.ZG,GDP growth (annual %),economy,SOM,1964,-6.11062333034076,% annual,,source_reported,WDI_NY.GDP.MKTP.KD.ZG,2026-07-13,https://api.worldbank.org/v2/country/SOM/indicator/NY.GDP.MKTP.KD.ZG?format=json&per_page=1000&date=1960:2025&source=2
NY.GDP.MKTP.KD.ZG,GDP growth (annual %),economy,SOM,1965,-5.94368149253897,% annual,,source_reported,WDI_NY.GDP.MKTP.KD.ZG,2026-07-13,https://api.worldbank.org/v2/country/SOM/indicator/NY.GDP.MKTP.KD.ZG?format=json&per_page=1000&date=1960:2025&source=2
NY.GDP.MKTP.KD.ZG,GDP growth (annual %),economy,SOM,1966,9.09865470772178,% annual,,source_reported,WDI_NY.GDP.MKTP.KD.ZG,2026-07-13,https://api.worldbank.org/v2/country/SOM/indicator/NY.GDP.MKTP.KD.ZG?format=json&per_page=1000&date=1960:2025&source=2
NY.GDP.MKTP.KD.ZG,GDP growth (annual %),economy,SOM,1967,5.94094361661143,% annual,,source_reported,WDI_NY.GDP.MKTP.KD.ZG,2026-07-13,https://api.worldbank.org/v2/country/SOM/indicator/NY.GDP.MKTP.KD.ZG?format=json&per_page=1000&date=1960:2025&source=2
NY.GDP.MKTP.KD.ZG,GDP growth (annual %),economy,SOM,1968,2.02997732483756,% annual,,source_reported,WDI_NY.GDP.MKTP.KD.ZG,2026-07-13,https://api.worldbank.org/v2/country/SOM/indicator/NY.GDP.MKTP.KD.ZG?format=json&per_page=1000&date=1960:2025&source=2
NY.GDP.MKTP.KD.ZG,GDP growth (annual %),economy,SOM,1969,-1.69956971733313,% annual,,source_reported,WDI_NY.GDP.MKTP.KD.ZG,2026-07-13,https://api.worldbank.org/v2/country/SOM/indicator/NY.GDP.MKTP.KD.ZG?format=json&per_page=1000&date=1960:2025&source=2
NY.GDP.MKTP.KD.ZG,GDP growth (annual %),economy,SOM,1970,4.58140792145136,% annual,,source_reported,WDI_NY.GDP.MKTP.KD.ZG,2026-07-13,https://api.worldbank.org/v2/country/SOM/indicator/NY.GDP.MKTP.KD.ZG?format=json&per_page=1000&date=1960:2025&source=2
NY.GDP.MKTP.KD.ZG,GDP growth (annual %),economy,SOM,1971,2.13836477986746,% annual,,source_reported,WDI_NY.GDP.MKTP.KD.ZG,2026-07-13,https://api.worldbank.org/v2/country/SOM/indicator/NY.GDP.MKTP.KD.ZG?format=json&per_page=1000&date=1960:2025&source=2
NY.GDP.MKTP.KD.ZG,GDP growth (annual %),economy,SOM,1972,14.8809523809569,% annual,,source_reported,WDI_NY.GDP.MKTP.KD.ZG,2026-07-13,https://api.worldbank.org/v2/country/SOM/indicator/NY.GDP.MKTP.KD.ZG?format=json&per_page=1000&date=1960:2025&source=2
NY.GDP.MKTP.KD.ZG,GDP growth (annual %),economy,SOM,1973,-12.1493657316414,% annual,,source_reported,WDI_NY.GDP.MKTP.KD.ZG,2026-07-13,https://api.worldbank.org/v2/country/SOM/indicator/NY.GDP.MKTP.KD.ZG?format=json&per_page=1000&date=1960:2025&source=2
NY.GDP.MKTP.KD.ZG,GDP growth (annual %),economy,SOM,1974,0.752491356521489,% annual,,source_reported,WDI_NY.GDP.MKTP.KD.ZG,2026-07-13,https://api.worldbank.org/v2/country/SOM/indicator/NY.GDP.MKTP.KD.ZG?format=json&per_page=1000&date=1960:2025&source=2
NY.GDP.MKTP.KD.ZG,GDP growth (annual %),economy,SOM,1975,14.6951958013713,% annual,,source_reported,WDI_NY.GDP.MKTP.KD.ZG,2026-07-13,https://api.worldbank.org/v2/country/SOM/indicator/NY.GDP.MKTP.KD.ZG?format=json&per_page=1000&date=1960:2025&source=2
NY.GDP.MKTP.KD.ZG,GDP growth (annual %),economy,SOM,1976,-1.84794086589463,% annual,,source_reported,WDI_NY.GDP.MKTP.KD.ZG,2026-07-13,https://api.worldbank.org/v2/country/SOM/indicator/NY.GDP.MKTP.KD.ZG?format=json&per_page=1000&date=1960:2025&source=2
NY.GDP.MKTP.KD.ZG,GDP growth (annual %),economy,SOM,1977,13.6453290299402,% annual,,source_reported,WDI_NY.GDP.MKTP.KD.ZG,2026-07-13,https://api.worldbank.org/v2/country/SOM/indicator/NY.GDP.MKTP.KD.ZG?format=json&per_page=1000&date=1960:2025&source=2
NY.GDP.MKTP.KD.ZG,GDP growth (annual %),economy,SOM,1978,5.79941860465809,% annual,,source_reported,WDI_NY.GDP.MKTP.KD.ZG,2026-07-13,https://api.worldbank.org/v2/country/SOM/indicator/NY.GDP.MKTP.KD.ZG?format=json&per_page=1000&date=1960:2025&source=2
NY.GDP.MKTP.KD.ZG,GDP growth (annual %),economy,SOM,1979,-4.98694875669908,% annual,,source_reported,WDI_NY.GDP.MKTP.KD.ZG,2026-07-13,https://api.worldbank.org/v2/country/SOM/indicator/NY.GDP.MKTP.KD.ZG?format=json&per_page=1000&date=1960:2025&source=2
NY.GDP.MKTP.KD.ZG,GDP growth (annual %),economy,SOM,1980,1.7929438982078,% annual,,source_reported,WDI_NY.GDP.MKTP.KD.ZG,2026-07-13,https://api.worldbank.org/v2/country/SOM/indicator/NY.GDP.MKTP.KD.ZG?format=json&per_page=1000&date=1960:2025&source=2
NY.GDP.MKTP.KD.ZG,GDP growth (annual %),economy,SOM,1981,6.26420454545237,% annual,,source_reported,WDI_NY.GDP.MKTP.KD.ZG,2026-07-13,https://api.worldbank.org/v2/country/SOM/indicator/NY.GDP.MKTP.KD.ZG?format=json&per_page=1000&date=1960:2025&source=2
NY.GDP.MKTP.KD.ZG,GDP growth (annual %),economy,SOM,1982,2.76700975805294,% annual,,source_reported,WDI_NY.GDP.MKTP.KD.ZG,2026-07-13,https://api.worldbank.org/v2/country/SOM/indicator/NY.GDP.MKTP.KD.ZG?format=json&per_page=1000&date=1960:2025&source=2
NY.GDP.MKTP.KD.ZG,GDP growth (annual %),economy,SOM,1983,-11.5764828303838,% annual,,source_reported,WDI_NY.GDP.MKTP.KD.ZG,2026-07-13,https://api.worldbank.org/v2/country/SOM/indicator/NY.GDP.MKTP.KD.ZG?format=json&per_page=1000&date=1960:2025&source=2
NY.GDP.MKTP.KD.ZG,GDP growth (annual %),economy,SOM,1984,3.2656663724599,% annual,,source_reported,WDI_NY.GDP.MKTP.KD.ZG,2026-07-13,https://api.worldbank.org/v2/country/SOM/indicator/NY.GDP.MKTP.KD.ZG?format=json&per_page=1000&date=1960:2025&source=2
NY.GDP.MKTP.KD.ZG,GDP growth (annual %),economy,SOM,1985,9.52991452991402,% annual,,source_reported,WDI_NY.GDP.MKTP.KD.ZG,2026-07-13,https://api.worldbank.org/v2/country/SOM/indicator/NY.GDP.MKTP.KD.ZG?format=json&per_page=1000&date=1960:2025&source=2
NY.GDP.MKTP.KD.ZG,GDP growth (annual %),economy,SOM,1986,-2.14592274677898,% annual,,source_reported,WDI_NY.GDP.MKTP.KD.ZG,2026-07-13,https://api.worldbank.org/v2/country/SOM/indicator/NY.GDP.MKTP.KD.ZG?format=json&per_page=1000&date=1960:2025&source=2
NY.GDP.MKTP.KD.ZG,GDP growth (annual %),economy,SOM,1987,10.0877192982455,% annual,,source_reported,WDI_NY.GDP.MKTP.KD.ZG,2026-07-13,https://api.worldbank.org/v2/country/SOM/indicator/NY.GDP.MKTP.KD.ZG?format=json&per_page=1000&date=1960:2025&source=2
NY.GDP.MKTP.KD.ZG,GDP growth (annual %),economy,SOM,1988,3.41524772059694,% annual,,source_reported,WDI_NY.GDP.MKTP.KD.ZG,2026-07-13,https://api.worldbank.org/v2/country/SOM/indicator/NY.GDP.MKTP.KD.ZG?format=json&per_page=1000&date=1960:2025&source=2
NY.GDP.MKTP.KD.ZG,GDP growth (annual %),economy,SOM,1989,3.80766467033011,% annual,,source_reported,WDI_NY.GDP.MKTP.KD.ZG,2026-07-13,https://api.worldbank.org/v2/country/SOM/indicator/NY.GDP.MKTP.KD.ZG?format=json&per_page=1000&date=1960:2025&source=2
NY.GDP.MKTP.KD.ZG,GDP growth (annual %),economy,SOM,1990,2.32693048576063,% annual,,source_reported,WDI_NY.GDP.MKTP.KD.ZG,2026-07-13,https://api.worldbank.org/v2/country/SOM/indicator/NY.GDP.MKTP.KD.ZG?format=json&per_page=1000&date=1960:2025&source=2
NY.GDP.MKTP.KD.ZG,GDP growth (annual %),economy,SOM,1991,2.95057084433306,% annual,,source_reported,WDI_NY.GDP.MKTP.KD.ZG,2026-07-13,https://api.worldbank.org/v2/country/SOM/indicator/NY.GDP.MKTP.KD.ZG?format=json&per_page=1000&date=1960:2025&source=2
NY.GDP.MKTP.KD.ZG,GDP growth (annual %),economy,SOM,1992,-8.4883234813083,% annual,,source_reported,WDI_NY.GDP.MKTP.KD.ZG,2026-07-13,https://api.worldbank.org/v2/country/SOM/indicator/NY.GDP.MKTP.KD.ZG?format=json&per_page=1000&date=1960:2025&source=2
NY.GDP.MKTP.KD.ZG,GDP growth (annual %),economy,SOM,1993,3.99059641901943,% annual,,source_reported,WDI_NY.GDP.MKTP.KD.ZG,2026-07-13,https://api.worldbank.org/v2/country/SOM/indicator/NY.GDP.MKTP.KD.ZG?format=json&per_page=1000&date=1960:2025&source=2
NY.GDP.MKTP.KD.ZG,GDP growth (annual %),economy,SOM,1994,-17.8469894884494,% annual,,source_reported,WDI_NY.GDP.MKTP.KD.ZG,2026-07-13,https://api.worldbank.org/v2/country/SOM/indicator/NY.GDP.MKTP.KD.ZG?format=json&per_page=1000&date=1960:2025&source=2
NY.GDP.MKTP.KD.ZG,GDP growth (annual %),economy,SOM,1995,3.99059641877655,% annual,,source_reported,WDI_NY.GDP.MKTP.KD.ZG,2026-07-13,https://api.worldbank.org/v2/country/SOM/indicator/NY.GDP.MKTP.KD.ZG?format=json&per_page=1000&date=1960:2025&source=2
NY.GDP.MKTP.KD.ZG,GDP growth (annual %),economy,SOM,1996,8.04601505009022,% annual,,source_reported,WDI_NY.GDP.MKTP.KD.ZG,2026-07-13,https://api.worldbank.org/v2/country/SOM/indicator/NY.GDP.MKTP.KD.ZG?format=json&per_page=1000&date=1960:2025&source=2
NY.GDP.MKTP.KD.ZG,GDP growth (annual %),economy,SOM,1997,1.18049184621003,% annual,,source_reported,WDI_NY.GDP.MKTP.KD.ZG,2026-07-13,https://api.worldbank.org/v2/country/SOM/indicator/NY.GDP.MKTP.KD.ZG?format=json&per_page=1000&date=1960:2025&source=2
NY.GDP.MKTP.KD.ZG,GDP growth (annual %),economy,SOM,1998,6.58649325372474,% annual,,source_reported,WDI_NY.GDP.MKTP.KD.ZG,2026-07-13,https://api.worldbank.org/v2/country/SOM/indicator/NY.GDP.MKTP.KD.ZG?format=json&per_page=1000&date=1960:2025&source=2
NY.GDP.MKTP.KD.ZG,GDP growth (annual %),economy,SOM,1999,7.31829550386784,% annual,,source_reported,WDI_NY.GDP.MKTP.KD.ZG,2026-07-13,https://api.worldbank.org/v2/country/SOM/indicator/NY.GDP.MKTP.KD.ZG?format=json&per_page=1000&date=1960:2025&source=2
NY.GDP.MKTP.KD.ZG,GDP growth (annual %),economy,SOM,2000,7.11031431133236,% annual,,source_reported,WDI_NY.GDP.MKTP.KD.ZG,2026-07-13,https://api.worldbank.org/v2/country/SOM/indicator/NY.GDP.MKTP.KD.ZG?format=json&per_page=1000&date=1960:2025&source=2
NY.GDP.MKTP.KD.ZG,GDP growth (annual %),economy,SOM,2001,7.1103143114324,% annual,,source_reported,WDI_NY.GDP.MKTP.KD.ZG,2026-07-13,https://api.worldbank.org/v2/country/SOM/indicator/NY.GDP.MKTP.KD.ZG?format=json&per_page=1000&date=1960:2025&source=2
NY.GDP.MKTP.KD.ZG,GDP growth (annual %),economy,SOM,2002,7.63026729331047,% annual,,source_reported,WDI_NY.GDP.MKTP.KD.ZG,2026-07-13,https://api.worldbank.org/v2/country/SOM/indicator/NY.GDP.MKTP.KD.ZG?format=json&per_page=1000&date=1960:2025&source=2
NY.GDP.MKTP.KD.ZG,GDP growth (annual %),economy,SOM,2003,7.63026729332455,% annual,,source_reported,WDI_NY.GDP.MKTP.KD.ZG,2026-07-13,https://api.worldbank.org/v2/country/SOM/indicator/NY.GDP.MKTP.KD.ZG?format=json&per_page=1000&date=1960:2025&source=2
NY.GDP.MKTP.KD.ZG,GDP growth (annual %),economy,SOM,2004,7.11031431125608,% annual,,source_reported,WDI_NY.GDP.MKTP.KD.ZG,2026-07-13,https://api.worldbank.org/v2/country/SOM/indicator/NY.GDP.MKTP.KD.ZG?format=json&per_page=1000&date=1960:2025&source=2
NY.GDP.MKTP.KD.ZG,GDP growth (annual %),economy,SOM,2005,7.1103143113146,% annual,,source_reported,WDI_NY.GDP.MKTP.KD.ZG,2026-07-13,https://api.worldbank.org/v2/country/SOM/indicator/NY.GDP.MKTP.KD.ZG?format=json&per_page=1000&date=1960:2025&source=2
NY.GDP.MKTP.KD.ZG,GDP growth (annual %),economy,SOM,2006,6.48637073273908,% annual,,source_reported,WDI_NY.GDP.MKTP.KD.ZG,2026-07-13,https://api.worldbank.org/v2/country/SOM/indicator/NY.GDP.MKTP.KD.ZG?format=json&per_page=1000&date=1960:2025&source=2
NY.GDP.MKTP.KD.ZG,GDP growth (annual %),economy,SOM,2007,6.69435192552552,% annual,,source_reported,WDI_NY.GDP.MKTP.KD.ZG,2026-07-13,https://api.worldbank.org/v2/country/SOM/indicator/NY.GDP.MKTP.KD.ZG?format=json&per_page=1000&date=1960:2025&source=2
NY.GDP.MKTP.KD.ZG,GDP growth (annual %),economy,SOM,2008,6.69435192582009,% annual,,source_reported,WDI_NY.GDP.MKTP.KD.ZG,2026-07-13,https://api.worldbank.org/v2/country/SOM/indicator/NY.GDP.MKTP.KD.ZG?format=json&per_page=1000&date=1960:2025&source=2
NY.GDP.MKTP.KD.ZG,GDP growth (annual %),economy,SOM,2009,6.69435192556188,% annual,,source_reported,WDI_NY.GDP.MKTP.KD.ZG,2026-07-13,https://api.worldbank.org/v2/country/SOM/indicator/NY.GDP.MKTP.KD.ZG?format=json&per_page=1000&date=1960:2025&source=2
NY.GDP.MKTP.KD.ZG,GDP growth (annual %),economy,SOM,2010,6.69435192550543,% annual,,source_reported,WDI_NY.GDP.MKTP.KD.ZG,2026-07-13,https://api.worldbank.org/v2/country/SOM/indicator/NY.GDP.MKTP.KD.ZG?format=json&per_page=1000&date=1960:2025&source=2
NY.GDP.MKTP.KD.ZG,GDP growth (annual %),economy,SOM,2011,6.69435192567755,% annual,,source_reported,WDI_NY.GDP.MKTP.KD.ZG,2026-07-13,https://api.worldbank.org/v2/country/SOM/indicator/NY.GDP.MKTP.KD.ZG?format=json&per_page=1000&date=1960:2025&source=2
NY.GDP.MKTP.KD.ZG,GDP growth (annual %),economy,SOM,2012,6.69435192556698,% annual,,source_reported,WDI_NY.GDP.MKTP.KD.ZG,2026-07-13,https://api.worldbank.org/v2/country/SOM/indicator/NY.GDP.MKTP.KD.ZG?format=json&per_page=1000&date=1960:2025&source=2
NY.GDP.MKTP.KD.ZG,GDP growth (annual %),economy,SOM,2013,10.9592986164311,% annual,,source_reported,WDI_NY.GDP.MKTP.KD.ZG,2026-07-13,https://api.worldbank.org/v2/country/SOM/indicator/NY.GDP.MKTP.KD.ZG?format=json&per_page=1000&date=1960:2025&source=2
NY.GDP.MKTP.KD.ZG,GDP growth (annual %),economy,SOM,2014,8.97800590574617,% annual,,source_reported,WDI_NY.GDP.MKTP.KD.ZG,2026-07-13,https://api.worldbank.org/v2/country/SOM/indicator/NY.GDP.MKTP.KD.ZG?format=json&per_page=1000&date=1960:2025&source=2
NY.GDP.MKTP.KD.ZG,GDP growth (annual %),economy,SOM,2015,10.4621881235147,% annual,,source_reported,WDI_NY.GDP.MKTP.KD.ZG,2026-07-13,https://api.worldbank.org/v2/country/SOM/indicator/NY.GDP.MKTP.KD.ZG?format=json&per_page=1000&date=1960:2025&source=2
NY.GDP.MKTP.KD.ZG,GDP growth (annual %),economy,SOM,2016,7.03487260042162,% annual,,source_reported,WDI_NY.GDP.MKTP.KD.ZG,2026-07-13,https://api.worldbank.org/v2/country/SOM/indicator/NY.GDP.MKTP.KD.ZG?format=json&per_page=1000&date=1960:2025&source=2
NY.GDP.MKTP.KD.ZG,GDP growth (annual %),economy,SOM,2017,14.7357956045195,% annual,,source_reported,WDI_NY.GDP.MKTP.KD.ZG,2026-07-13,https://api.worldbank.org/v2/country/SOM/indicator/NY.GDP.MKTP.KD.ZG?format=json&per_page=1000&date=1960:2025&source=2
NY.GDP.MKTP.KD.ZG,GDP growth (annual %),economy,SOM,2018,2.05431507261069,% annual,,source_reported,WDI_NY.GDP.MKTP.KD.ZG,2026-07-13,https://api.worldbank.org/v2/country/SOM/indicator/NY.GDP.MKTP.KD.ZG?format=json&per_page=1000&date=1960:2025&source=2
NY.GDP.MKTP.KD.ZG,GDP growth (annual %),economy,SOM,2019,2.80033312513012,% annual,,source_reported,WDI_NY.GDP.MKTP.KD.ZG,2026-07-13,https://api.worldbank.org/v2/country/SOM/indicator/NY.GDP.MKTP.KD.ZG?format=json&per_page=1000&date=1960:2025&source=2
NY.GDP.MKTP.KD.ZG,GDP growth (annual %),economy,SOM,2020,-2.76455696202532,% annual,,source_reported,WDI_NY.GDP.MKTP.KD.ZG,2026-07-13,https://api.worldbank.org/v2/country/SOM/indicator/NY.GDP.MKTP.KD.ZG?format=json&per_page=1000&date=1960:2025&source=2
NY.GDP.MKTP.KD.ZG,GDP growth (annual %),economy,SOM,2021,3.44719850031242,% annual,,source_reported,WDI_NY.GDP.MKTP.KD.ZG,2026-07-13,https://api.worldbank.org/v2/country/SOM/indicator/NY.GDP.MKTP.KD.ZG?format=json&per_page=1000&date=1960:2025&source=2
NY.GDP.MKTP.KD.ZG,GDP growth (annual %),economy,SOM,2022,2.71821202053759,% annual,,source_reported,WDI_NY.GDP.MKTP.KD.ZG,2026-07-13,https://api.worldbank.org/v2/country/SOM/indicator/NY.GDP.MKTP.KD.ZG?format=json&per_page=1000&date=1960:2025&source=2
NY.GDP.MKTP.KD.ZG,GDP growth (annual %),economy,SOM,2023,4.17524257571303,% annual,,source_reported,WDI_NY.GDP.MKTP.KD.ZG,2026-07-13,https://api.worldbank.org/v2/country/SOM/indicator/NY.GDP.MKTP.KD.ZG?format=json&per_page=1000&date=1960:2025&source=2
NY.GDP.MKTP.KD.ZG,GDP growth (annual %),economy,SOM,2024,4.11139335779471,% annual,,source_reported,WDI_NY.GDP.MKTP.KD.ZG,2026-07-13,https://api.worldbank.org/v2/country/SOM/indicator/NY.GDP.MKTP.KD.ZG?format=json&per_page=1000&date=1960:2025&source=2
NY.GDP.MKTP.KD.ZG,GDP growth (annual %),economy,SOM,2025,2.99114404482197,% annual,,source_reported,WDI_NY.GDP.MKTP.KD.ZG,2026-07-13,https://api.worldbank.org/v2/country/SOM/indicator/NY.GDP.MKTP.KD.ZG?format=json&per_page=1000&date=1960:2025&source=2
NY.GDP.PCAP.CD,GDP per capita (current US$),economy,SOM,1960,62.7396279412993,current USD/person,,source_reported,WDI_NY.GDP.PCAP.CD,2026-07-13,https://api.worldbank.org/v2/country/SOM/indicator/NY.GDP.PCAP.CD?format=json&per_page=1000&date=1960:2025&source=2
NY.GDP.PCAP.CD,GDP per capita (current US$),economy,SOM,1961,64.9242576104754,current USD/person,,source_reported,WDI_NY.GDP.PCAP.CD,2026-07-13,https://api.worldbank.org/v2/country/SOM/indicator/NY.GDP.PCAP.CD?format=json&per_page=1000&date=1960:2025&source=2
NY.GDP.PCAP.CD,GDP per capita (current US$),economy,SOM,1962,67.1702359919979,current USD/person,,source_reported,WDI_NY.GDP.PCAP.CD,2026-07-13,https://api.worldbank.org/v2/country/SOM/indicator/NY.GDP.PCAP.CD?format=json&per_page=1000&date=1960:2025&source=2
NY.GDP.PCAP.CD,GDP per capita (current US$),economy,SOM,1963,69.4922344839154,current USD/person,,source_reported,WDI_NY.GDP.PCAP.CD,2026-07-13,https://api.worldbank.org/v2/country/SOM/indicator/NY.GDP.PCAP.CD?format=json&per_page=1000&date=1960:2025&source=2
NY.GDP.PCAP.CD,GDP per capita (current US$),economy,SOM,1964,71.8899399360419,current USD/person,,source_reported,WDI_NY.GDP.PCAP.CD,2026-07-13,https://api.worldbank.org/v2/country/SOM/indicator/NY.GDP.PCAP.CD?format=json&per_page=1000&date=1960:2025&source=2
NY.GDP.PCAP.CD,GDP per capita (current US$),economy,SOM,1965,74.3548708796131,current USD/person,,source_reported,WDI_NY.GDP.PCAP.CD,2026-07-13,https://api.worldbank.org/v2/country/SOM/indicator/NY.GDP.PCAP.CD?format=json&per_page=1000&date=1960:2025&source=2
NY.GDP.PCAP.CD,GDP per capita (current US$),economy,SOM,1966,76.4837413887233,current USD/person,,source_reported,WDI_NY.GDP.PCAP.CD,2026-07-13,https://api.worldbank.org/v2/country/SOM/indicator/NY.GDP.PCAP.CD?format=json&per_page=1000&date=1960:2025&source=2
NY.GDP.PCAP.CD,GDP per capita (current US$),economy,SOM,1967,78.6738966197917,current USD/person,,source_reported,WDI_NY.GDP.PCAP.CD,2026-07-13,https://api.worldbank.org/v2/country/SOM/indicator/NY.GDP.PCAP.CD?format=json&per_page=1000&date=1960:2025&source=2
NY.GDP.PCAP.CD,GDP per capita (current US$),economy,SOM,1968,80.8438204901175,current USD/person,,source_reported,WDI_NY.GDP.PCAP.CD,2026-07-13,https://api.worldbank.org/v2/country/SOM/indicator/NY.GDP.PCAP.CD?format=json&per_page=1000&date=1960:2025&source=2
NY.GDP.PCAP.CD,GDP per capita (current US$),economy,SOM,1969,84.1406268777878,current USD/person,,source_reported,WDI_NY.GDP.PCAP.CD,2026-07-13,https://api.worldbank.org/v2/country/SOM/indicator/NY.GDP.PCAP.CD?format=json&per_page=1000&date=1960:2025&source=2
NY.GDP.PCAP.CD,GDP per capita (current US$),economy,SOM,1970,93.0828499649358,current USD/person,,source_reported,WDI_NY.GDP.PCAP.CD,2026-07-13,https://api.worldbank.org/v2/country/SOM/indicator/NY.GDP.PCAP.CD?format=json&per_page=1000&date=1960:2025&source=2
NY.GDP.PCAP.CD,GDP per capita (current US$),economy,SOM,1971,90.4292309374489,current USD/person,,source_reported,WDI_NY.GDP.PCAP.CD,2026-07-13,https://api.worldbank.org/v2/country/SOM/indicator/NY.GDP.PCAP.CD?format=json&per_page=1000&date=1960:2025&source=2
NY.GDP.PCAP.CD,GDP per capita (current US$),economy,SOM,1972,113.69240195555,current USD/person,,source_reported,WDI_NY.GDP.PCAP.CD,2026-07-13,https://api.worldbank.org/v2/country/SOM/indicator/NY.GDP.PCAP.CD?format=json&per_page=1000&date=1960:2025&source=2
NY.GDP.PCAP.CD,GDP per capita (current US$),economy,SOM,1973,119.562133453537,current USD/person,,source_reported,WDI_NY.GDP.PCAP.CD,2026-07-13,https://api.worldbank.org/v2/country/SOM/indicator/NY.GDP.PCAP.CD?format=json&per_page=1000&date=1960:2025&source=2
NY.GDP.PCAP.CD,GDP per capita (current US$),economy,SOM,1974,137.891575811774,current USD/person,,source_reported,WDI_NY.GDP.PCAP.CD,2026-07-13,https://api.worldbank.org/v2/country/SOM/indicator/NY.GDP.PCAP.CD?format=json&per_page=1000&date=1960:2025&source=2
NY.GDP.PCAP.CD,GDP per capita (current US$),economy,SOM,1975,177.806143412254,current USD/person,,source_reported,WDI_NY.GDP.PCAP.CD,2026-07-13,https://api.worldbank.org/v2/country/SOM/indicator/NY.GDP.PCAP.CD?format=json&per_page=1000&date=1960:2025&source=2
NY.GDP.PCAP.CD,GDP per capita (current US$),economy,SOM,1976,199.583547142014,current USD/person,,source_reported,WDI_NY.GDP.PCAP.CD,2026-07-13,https://api.worldbank.org/v2/country/SOM/indicator/NY.GDP.PCAP.CD?format=json&per_page=1000&date=1960:2025&source=2
NY.GDP.PCAP.CD,GDP per capita (current US$),economy,SOM,1977,111.183132355277,current USD/person,,source_reported,WDI_NY.GDP.PCAP.CD,2026-07-13,https://api.worldbank.org/v2/country/SOM/indicator/NY.GDP.PCAP.CD?format=json&per_page=1000&date=1960:2025&source=2
NY.GDP.PCAP.CD,GDP per capita (current US$),economy,SOM,1978,117.255345126001,current USD/person,,source_reported,WDI_NY.GDP.PCAP.CD,2026-07-13,https://api.worldbank.org/v2/country/SOM/indicator/NY.GDP.PCAP.CD?format=json&per_page=1000&date=1960:2025&source=2
NY.GDP.PCAP.CD,GDP per capita (current US$),economy,SOM,1979,108.194947756464,current USD/person,,source_reported,WDI_NY.GDP.PCAP.CD,2026-07-13,https://api.worldbank.org/v2/country/SOM/indicator/NY.GDP.PCAP.CD?format=json&per_page=1000&date=1960:2025&source=2
NY.GDP.PCAP.CD,GDP per capita (current US$),economy,SOM,1980,101.499312257078,current USD/person,,source_reported,WDI_NY.GDP.PCAP.CD,2026-07-13,https://api.worldbank.org/v2/country/SOM/indicator/NY.GDP.PCAP.CD?format=json&per_page=1000&date=1960:2025&source=2
NY.GDP.PCAP.CD,GDP per capita (current US$),economy,SOM,1981,116.884526594286,current USD/person,,source_reported,WDI_NY.GDP.PCAP.CD,2026-07-13,https://api.worldbank.org/v2/country/SOM/indicator/NY.GDP.PCAP.CD?format=json&per_page=1000&date=1960:2025&source=2
NY.GDP.PCAP.CD,GDP per capita (current US$),economy,SOM,1982,129.013919752012,current USD/person,,source_reported,WDI_NY.GDP.PCAP.CD,2026-07-13,https://api.worldbank.org/v2/country/SOM/indicator/NY.GDP.PCAP.CD?format=json&per_page=1000&date=1960:2025&source=2
NY.GDP.PCAP.CD,GDP per capita (current US$),economy,SOM,1983,118.644340868341,current USD/person,,source_reported,WDI_NY.GDP.PCAP.CD,2026-07-13,https://api.worldbank.org/v2/country/SOM/indicator/NY.GDP.PCAP.CD?format=json&per_page=1000&date=1960:2025&source=2
NY.GDP.PCAP.CD,GDP per capita (current US$),economy,SOM,1984,122.493293689734,current USD/person,,source_reported,WDI_NY.GDP.PCAP.CD,2026-07-13,https://api.worldbank.org/v2/country/SOM/indicator/NY.GDP.PCAP.CD?format=json&per_page=1000&date=1960:2025&source=2
NY.GDP.PCAP.CD,GDP per capita (current US$),economy,SOM,1985,130.832875614815,current USD/person,,source_reported,WDI_NY.GDP.PCAP.CD,2026-07-13,https://api.worldbank.org/v2/country/SOM/indicator/NY.GDP.PCAP.CD?format=json&per_page=1000&date=1960:2025&source=2
NY.GDP.PCAP.CD,GDP per capita (current US$),economy,SOM,1986,131.414859681198,current USD/person,,source_reported,WDI_NY.GDP.PCAP.CD,2026-07-13,https://api.worldbank.org/v2/country/SOM/indicator/NY.GDP.PCAP.CD?format=json&per_page=1000&date=1960:2025&source=2
NY.GDP.PCAP.CD,GDP per capita (current US$),economy,SOM,1987,140.969852181578,current USD/person,,source_reported,WDI_NY.GDP.PCAP.CD,2026-07-13,https://api.worldbank.org/v2/country/SOM/indicator/NY.GDP.PCAP.CD?format=json&per_page=1000&date=1960:2025&source=2
NY.GDP.PCAP.CD,GDP per capita (current US$),economy,SOM,1988,145.341346820158,current USD/person,,source_reported,WDI_NY.GDP.PCAP.CD,2026-07-13,https://api.worldbank.org/v2/country/SOM/indicator/NY.GDP.PCAP.CD?format=json&per_page=1000&date=1960:2025&source=2
NY.GDP.PCAP.CD,GDP per capita (current US$),economy,SOM,1989,166.042337271006,current USD/person,,source_reported,WDI_NY.GDP.PCAP.CD,2026-07-13,https://api.worldbank.org/v2/country/SOM/indicator/NY.GDP.PCAP.CD?format=json&per_page=1000&date=1960:2025&source=2
NY.GDP.PCAP.CD,GDP per capita (current US$),economy,SOM,1990,145.603501373513,current USD/person,,source_reported,WDI_NY.GDP.PCAP.CD,2026-07-13,https://api.worldbank.org/v2/country/SOM/indicator/NY.GDP.PCAP.CD?format=json&per_page=1000&date=1960:2025&source=2
NY.GDP.PCAP.CD,GDP per capita (current US$),economy,SOM,1991,105.37132651622,current USD/person,,source_reported,WDI_NY.GDP.PCAP.CD,2026-07-13,https://api.worldbank.org/v2/country/SOM/indicator/NY.GDP.PCAP.CD?format=json&per_page=1000&date=1960:2025&source=2
NY.GDP.PCAP.CD,GDP per capita (current US$),economy,SOM,1992,109.204910481074,current USD/person,,source_reported,WDI_NY.GDP.PCAP.CD,2026-07-13,https://api.worldbank.org/v2/country/SOM/indicator/NY.GDP.PCAP.CD?format=json&per_page=1000&date=1960:2025&source=2
NY.GDP.PCAP.CD,GDP per capita (current US$),economy,SOM,1993,188.603158677914,current USD/person,,source_reported,WDI_NY.GDP.PCAP.CD,2026-07-13,https://api.worldbank.org/v2/country/SOM/indicator/NY.GDP.PCAP.CD?format=json&per_page=1000&date=1960:2025&source=2
NY.GDP.PCAP.CD,GDP per capita (current US$),economy,SOM,1994,210.793779581384,current USD/person,,source_reported,WDI_NY.GDP.PCAP.CD,2026-07-13,https://api.worldbank.org/v2/country/SOM/indicator/NY.GDP.PCAP.CD?format=json&per_page=1000&date=1960:2025&source=2
NY.GDP.PCAP.CD,GDP per capita (current US$),economy,SOM,1995,210.673254610492,current USD/person,,source_reported,WDI_NY.GDP.PCAP.CD,2026-07-13,https://api.worldbank.org/v2/country/SOM/indicator/NY.GDP.PCAP.CD?format=json&per_page=1000&date=1960:2025&source=2
NY.GDP.PCAP.CD,GDP per capita (current US$),economy,SOM,1996,237.241440951671,current USD/person,,source_reported,WDI_NY.GDP.PCAP.CD,2026-07-13,https://api.worldbank.org/v2/country/SOM/indicator/NY.GDP.PCAP.CD?format=json&per_page=1000&date=1960:2025&source=2
NY.GDP.PCAP.CD,GDP per capita (current US$),economy,SOM,1997,280.112724233259,current USD/person,,source_reported,WDI_NY.GDP.PCAP.CD,2026-07-13,https://api.worldbank.org/v2/country/SOM/indicator/NY.GDP.PCAP.CD?format=json&per_page=1000&date=1960:2025&source=2
NY.GDP.PCAP.CD,GDP per capita (current US$),economy,SOM,1998,363.200013489992,current USD/person,,source_reported,WDI_NY.GDP.PCAP.CD,2026-07-13,https://api.worldbank.org/v2/country/SOM/indicator/NY.GDP.PCAP.CD?format=json&per_page=1000&date=1960:2025&source=2
NY.GDP.PCAP.CD,GDP per capita (current US$),economy,SOM,1999,358.658780828071,current USD/person,,source_reported,WDI_NY.GDP.PCAP.CD,2026-07-13,https://api.worldbank.org/v2/country/SOM/indicator/NY.GDP.PCAP.CD?format=json&per_page=1000&date=1960:2025&source=2
NY.GDP.PCAP.CD,GDP per capita (current US$),economy,SOM,2000,386.119274401275,current USD/person,,source_reported,WDI_NY.GDP.PCAP.CD,2026-07-13,https://api.worldbank.org/v2/country/SOM/indicator/NY.GDP.PCAP.CD?format=json&per_page=1000&date=1960:2025&source=2
NY.GDP.PCAP.CD,GDP per capita (current US$),economy,SOM,2001,244.914842538455,current USD/person,,source_reported,WDI_NY.GDP.PCAP.CD,2026-07-13,https://api.worldbank.org/v2/country/SOM/indicator/NY.GDP.PCAP.CD?format=json&per_page=1000&date=1960:2025&source=2
NY.GDP.PCAP.CD,GDP per capita (current US$),economy,SOM,2002,229.598918310039,current USD/person,,source_reported,WDI_NY.GDP.PCAP.CD,2026-07-13,https://api.worldbank.org/v2/country/SOM/indicator/NY.GDP.PCAP.CD?format=json&per_page=1000&date=1960:2025&source=2
NY.GDP.PCAP.CD,GDP per capita (current US$),economy,SOM,2003,286.273025198975,current USD/person,,source_reported,WDI_NY.GDP.PCAP.CD,2026-07-13,https://api.worldbank.org/v2/country/SOM/indicator/NY.GDP.PCAP.CD?format=json&per_page=1000&date=1960:2025&source=2
NY.GDP.PCAP.CD,GDP per capita (current US$),economy,SOM,2004,375.410326225387,current USD/person,,source_reported,WDI_NY.GDP.PCAP.CD,2026-07-13,https://api.worldbank.org/v2/country/SOM/indicator/NY.GDP.PCAP.CD?format=json&per_page=1000&date=1960:2025&source=2
NY.GDP.PCAP.CD,GDP per capita (current US$),economy,SOM,2005,439.979907805478,current USD/person,,source_reported,WDI_NY.GDP.PCAP.CD,2026-07-13,https://api.worldbank.org/v2/country/SOM/indicator/NY.GDP.PCAP.CD?format=json&per_page=1000&date=1960:2025&source=2
NY.GDP.PCAP.CD,GDP per capita (current US$),economy,SOM,2006,457.996662206659,current USD/person,,source_reported,WDI_NY.GDP.PCAP.CD,2026-07-13,https://api.worldbank.org/v2/country/SOM/indicator/NY.GDP.PCAP.CD?format=json&per_page=1000&date=1960:2025&source=2
NY.GDP.PCAP.CD,GDP per capita (current US$),economy,SOM,2007,479.635628065289,current USD/person,,source_reported,WDI_NY.GDP.PCAP.CD,2026-07-13,https://api.worldbank.org/v2/country/SOM/indicator/NY.GDP.PCAP.CD?format=json&per_page=1000&date=1960:2025&source=2
NY.GDP.PCAP.CD,GDP per capita (current US$),economy,SOM,2008,507.03744334738,current USD/person,,source_reported,WDI_NY.GDP.PCAP.CD,2026-07-13,https://api.worldbank.org/v2/country/SOM/indicator/NY.GDP.PCAP.CD?format=json&per_page=1000&date=1960:2025&source=2
NY.GDP.PCAP.CD,GDP per capita (current US$),economy,SOM,2009,246.513251675105,current USD/person,,source_reported,WDI_NY.GDP.PCAP.CD,2026-07-13,https://api.worldbank.org/v2/country/SOM/indicator/NY.GDP.PCAP.CD?format=json&per_page=1000&date=1960:2025&source=2
NY.GDP.PCAP.CD,GDP per capita (current US$),economy,SOM,2010,219.202453852397,current USD/person,,source_reported,WDI_NY.GDP.PCAP.CD,2026-07-13,https://api.worldbank.org/v2/country/SOM/indicator/NY.GDP.PCAP.CD?format=json&per_page=1000&date=1960:2025&source=2
NY.GDP.PCAP.CD,GDP per capita (current US$),economy,SOM,2011,235.325945610434,current USD/person,,source_reported,WDI_NY.GDP.PCAP.CD,2026-07-13,https://api.worldbank.org/v2/country/SOM/indicator/NY.GDP.PCAP.CD?format=json&per_page=1000&date=1960:2025&source=2
NY.GDP.PCAP.CD,GDP per capita (current US$),economy,SOM,2012,350.261946720512,current USD/person,,source_reported,WDI_NY.GDP.PCAP.CD,2026-07-13,https://api.worldbank.org/v2/country/SOM/indicator/NY.GDP.PCAP.CD?format=json&per_page=1000&date=1960:2025&source=2
NY.GDP.PCAP.CD,GDP per capita (current US$),economy,SOM,2013,393.398703952979,current USD/person,,source_reported,WDI_NY.GDP.PCAP.CD,2026-07-13,https://api.worldbank.org/v2/country/SOM/indicator/NY.GDP.PCAP.CD?format=json&per_page=1000&date=1960:2025&source=2
NY.GDP.PCAP.CD,GDP per capita (current US$),economy,SOM,2014,429.431656725102,current USD/person,,source_reported,WDI_NY.GDP.PCAP.CD,2026-07-13,https://api.worldbank.org/v2/country/SOM/indicator/NY.GDP.PCAP.CD?format=json&per_page=1000&date=1960:2025&source=2
NY.GDP.PCAP.CD,GDP per capita (current US$),economy,SOM,2015,445.583080073396,current USD/person,,source_reported,WDI_NY.GDP.PCAP.CD,2026-07-13,https://api.worldbank.org/v2/country/SOM/indicator/NY.GDP.PCAP.CD?format=json&per_page=1000&date=1960:2025&source=2
NY.GDP.PCAP.CD,GDP per capita (current US$),economy,SOM,2016,460.928490585175,current USD/person,,source_reported,WDI_NY.GDP.PCAP.CD,2026-07-13,https://api.worldbank.org/v2/country/SOM/indicator/NY.GDP.PCAP.CD?format=json&per_page=1000&date=1960:2025&source=2
NY.GDP.PCAP.CD,GDP per capita (current US$),economy,SOM,2017,510.939952317726,current USD/person,,source_reported,WDI_NY.GDP.PCAP.CD,2026-07-13,https://api.worldbank.org/v2/country/SOM/indicator/NY.GDP.PCAP.CD?format=json&per_page=1000&date=1960:2025&source=2
NY.GDP.PCAP.CD,GDP per capita (current US$),economy,SOM,2018,509.497273804534,current USD/person,,source_reported,WDI_NY.GDP.PCAP.CD,2026-07-13,https://api.worldbank.org/v2/country/SOM/indicator/NY.GDP.PCAP.CD?format=json&per_page=1000&date=1960:2025&source=2
NY.GDP.PCAP.CD,GDP per capita (current US$),economy,SOM,2019,539.954816211694,current USD/person,,source_reported,WDI_NY.GDP.PCAP.CD,2026-07-13,https://api.worldbank.org/v2/country/SOM/indicator/NY.GDP.PCAP.CD?format=json&per_page=1000&date=1960:2025&source=2
NY.GDP.PCAP.CD,GDP per capita (current US$),economy,SOM,2020,518.16113333875,current USD/person,,source_reported,WDI_NY.GDP.PCAP.CD,2026-07-13,https://api.worldbank.org/v2/country/SOM/indicator/NY.GDP.PCAP.CD?format=json&per_page=1000&date=1960:2025&source=2
NY.GDP.PCAP.CD,GDP per capita (current US$),economy,SOM,2021,549.056994756254,current USD/person,,source_reported,WDI_NY.GDP.PCAP.CD,2026-07-13,https://api.worldbank.org/v2/country/SOM/indicator/NY.GDP.PCAP.CD?format=json&per_page=1000&date=1960:2025&source=2
NY.GDP.PCAP.CD,GDP per capita (current US$),economy,SOM,2022,573.141165798229,current USD/person,,source_reported,WDI_NY.GDP.PCAP.CD,2026-07-13,https://api.worldbank.org/v2/country/SOM/indicator/NY.GDP.PCAP.CD?format=json&per_page=1000&date=1960:2025&source=2
NY.GDP.PCAP.CD,GDP per capita (current US$),economy,SOM,2023,596.885985135589,current USD/person,,source_reported,WDI_NY.GDP.PCAP.CD,2026-07-13,https://api.worldbank.org/v2/country/SOM/indicator/NY.GDP.PCAP.CD?format=json&per_page=1000&date=1960:2025&source=2
NY.GDP.PCAP.CD,GDP per capita (current US$),economy,SOM,2024,629.538899449007,current USD/person,,source_reported,WDI_NY.GDP.PCAP.CD,2026-07-13,https://api.worldbank.org/v2/country/SOM/indicator/NY.GDP.PCAP.CD?format=json&per_page=1000&date=1960:2025&source=2
NY.GDP.PCAP.CD,GDP per capita (current US$),economy,SOM,2025,661.173877723116,current USD/person,,source_reported,WDI_NY.GDP.PCAP.CD,2026-07-13,https://api.worldbank.org/v2/country/SOM/indicator/NY.GDP.PCAP.CD?format=json&per_page=1000&date=1960:2025&source=2
NY.GDP.PCAP.KD,GDP per capita (constant 2015 US$),economy,SOM,1960,318.824826584277,constant 2015 USD/person,,source_reported,WDI_NY.GDP.PCAP.KD,2026-07-13,https://api.worldbank.org/v2/country/SOM/indicator/NY.GDP.PCAP.KD?format=json&per_page=1000&date=1960:2025&source=2
NY.GDP.PCAP.KD,GDP per capita (constant 2015 US$),economy,SOM,1961,300.51342992721,constant 2015 USD/person,,source_reported,WDI_NY.GDP.PCAP.KD,2026-07-13,https://api.worldbank.org/v2/country/SOM/indicator/NY.GDP.PCAP.KD?format=json&per_page=1000&date=1960:2025&source=2
NY.GDP.PCAP.KD,GDP per capita (constant 2015 US$),economy,SOM,1962,313.492610868796,constant 2015 USD/person,,source_reported,WDI_NY.GDP.PCAP.KD,2026-07-13,https://api.worldbank.org/v2/country/SOM/indicator/NY.GDP.PCAP.KD?format=json&per_page=1000&date=1960:2025&source=2
NY.GDP.PCAP.KD,GDP per capita (constant 2015 US$),economy,SOM,1963,313.980360234436,constant 2015 USD/person,,source_reported,WDI_NY.GDP.PCAP.KD,2026-07-13,https://api.worldbank.org/v2/country/SOM/indicator/NY.GDP.PCAP.KD?format=json&per_page=1000&date=1960:2025&source=2
NY.GDP.PCAP.KD,GDP per capita (constant 2015 US$),economy,SOM,1964,287.182893086474,constant 2015 USD/person,,source_reported,WDI_NY.GDP.PCAP.KD,2026-07-13,https://api.worldbank.org/v2/country/SOM/indicator/NY.GDP.PCAP.KD?format=json&per_page=1000&date=1960:2025&source=2
NY.GDP.PCAP.KD,GDP per capita (constant 2015 US$),economy,SOM,1965,263.102792359573,constant 2015 USD/person,,source_reported,WDI_NY.GDP.PCAP.KD,2026-07-13,https://api.worldbank.org/v2/country/SOM/indicator/NY.GDP.PCAP.KD?format=json&per_page=1000&date=1960:2025&source=2
NY.GDP.PCAP.KD,GDP per capita (constant 2015 US$),economy,SOM,1966,279.600767518587,constant 2015 USD/person,,source_reported,WDI_NY.GDP.PCAP.KD,2026-07-13,https://api.worldbank.org/v2/country/SOM/indicator/NY.GDP.PCAP.KD?format=json&per_page=1000&date=1960:2025&source=2
NY.GDP.PCAP.KD,GDP per capita (constant 2015 US$),economy,SOM,1967,288.543367817663,constant 2015 USD/person,,source_reported,WDI_NY.GDP.PCAP.KD,2026-07-13,https://api.worldbank.org/v2/country/SOM/indicator/NY.GDP.PCAP.KD?format=json&per_page=1000&date=1960:2025&source=2
NY.GDP.PCAP.KD,GDP per capita (constant 2015 US$),economy,SOM,1968,286.759457432372,constant 2015 USD/person,,source_reported,WDI_NY.GDP.PCAP.KD,2026-07-13,https://api.worldbank.org/v2/country/SOM/indicator/NY.GDP.PCAP.KD?format=json&per_page=1000&date=1960:2025&source=2
NY.GDP.PCAP.KD,GDP per capita (constant 2015 US$),economy,SOM,1969,274.575438546097,constant 2015 USD/person,,source_reported,WDI_NY.GDP.PCAP.KD,2026-07-13,https://api.worldbank.org/v2/country/SOM/indicator/NY.GDP.PCAP.KD?format=json&per_page=1000&date=1960:2025&source=2
NY.GDP.PCAP.KD,GDP per capita (constant 2015 US$),economy,SOM,1970,279.670909034091,constant 2015 USD/person,,source_reported,WDI_NY.GDP.PCAP.KD,2026-07-13,https://api.worldbank.org/v2/country/SOM/indicator/NY.GDP.PCAP.KD?format=json&per_page=1000&date=1960:2025&source=2
NY.GDP.PCAP.KD,GDP per capita (constant 2015 US$),economy,SOM,1971,278.264327679558,constant 2015 USD/person,,source_reported,WDI_NY.GDP.PCAP.KD,2026-07-13,https://api.worldbank.org/v2/country/SOM/indicator/NY.GDP.PCAP.KD?format=json&per_page=1000&date=1960:2025&source=2
NY.GDP.PCAP.KD,GDP per capita (constant 2015 US$),economy,SOM,1972,311.416426424529,constant 2015 USD/person,,source_reported,WDI_NY.GDP.PCAP.KD,2026-07-13,https://api.worldbank.org/v2/country/SOM/indicator/NY.GDP.PCAP.KD?format=json&per_page=1000&date=1960:2025&source=2
NY.GDP.PCAP.KD,GDP per capita (constant 2015 US$),economy,SOM,1973,266.402554956838,constant 2015 USD/person,,source_reported,WDI_NY.GDP.PCAP.KD,2026-07-13,https://api.worldbank.org/v2/country/SOM/indicator/NY.GDP.PCAP.KD?format=json&per_page=1000&date=1960:2025&source=2
NY.GDP.PCAP.KD,GDP per capita (constant 2015 US$),economy,SOM,1974,261.538388550626,constant 2015 USD/person,,source_reported,WDI_NY.GDP.PCAP.KD,2026-07-13,https://api.worldbank.org/v2/country/SOM/indicator/NY.GDP.PCAP.KD?format=json&per_page=1000&date=1960:2025&source=2
NY.GDP.PCAP.KD,GDP per capita (constant 2015 US$),economy,SOM,1975,292.525184353171,constant 2015 USD/person,,source_reported,WDI_NY.GDP.PCAP.KD,2026-07-13,https://api.worldbank.org/v2/country/SOM/indicator/NY.GDP.PCAP.KD?format=json&per_page=1000&date=1960:2025&source=2
NY.GDP.PCAP.KD,GDP per capita (constant 2015 US$),economy,SOM,1976,279.998608750835,constant 2015 USD/person,,source_reported,WDI_NY.GDP.PCAP.KD,2026-07-13,https://api.worldbank.org/v2/country/SOM/indicator/NY.GDP.PCAP.KD?format=json&per_page=1000&date=1960:2025&source=2
NY.GDP.PCAP.KD,GDP per capita (constant 2015 US$),economy,SOM,1977,309.814719435257,constant 2015 USD/person,,source_reported,WDI_NY.GDP.PCAP.KD,2026-07-13,https://api.worldbank.org/v2/country/SOM/indicator/NY.GDP.PCAP.KD?format=json&per_page=1000&date=1960:2025&source=2
NY.GDP.PCAP.KD,GDP per capita (constant 2015 US$),economy,SOM,1978,305.259525649104,constant 2015 USD/person,,source_reported,WDI_NY.GDP.PCAP.KD,2026-07-13,https://api.worldbank.org/v2/country/SOM/indicator/NY.GDP.PCAP.KD?format=json&per_page=1000&date=1960:2025&source=2
NY.GDP.PCAP.KD,GDP per capita (constant 2015 US$),economy,SOM,1979,256.278933202769,constant 2015 USD/person,,source_reported,WDI_NY.GDP.PCAP.KD,2026-07-13,https://api.worldbank.org/v2/country/SOM/indicator/NY.GDP.PCAP.KD?format=json&per_page=1000&date=1960:2025&source=2
NY.GDP.PCAP.KD,GDP per capita (constant 2015 US$),economy,SOM,1980,239.470243473533,constant 2015 USD/person,,source_reported,WDI_NY.GDP.PCAP.KD,2026-07-13,https://api.worldbank.org/v2/country/SOM/indicator/NY.GDP.PCAP.KD?format=json&per_page=1000&date=1960:2025&source=2
NY.GDP.PCAP.KD,GDP per capita (constant 2015 US$),economy,SOM,1981,252.485050366444,constant 2015 USD/person,,source_reported,WDI_NY.GDP.PCAP.KD,2026-07-13,https://api.worldbank.org/v2/country/SOM/indicator/NY.GDP.PCAP.KD?format=json&per_page=1000&date=1960:2025&source=2
NY.GDP.PCAP.KD,GDP per capita (constant 2015 US$),economy,SOM,1982,258.564156472616,constant 2015 USD/person,,source_reported,WDI_NY.GDP.PCAP.KD,2026-07-13,https://api.worldbank.org/v2/country/SOM/indicator/NY.GDP.PCAP.KD?format=json&per_page=1000&date=1960:2025&source=2
NY.GDP.PCAP.KD,GDP per capita (constant 2015 US$),economy,SOM,1983,221.453992833667,constant 2015 USD/person,,source_reported,WDI_NY.GDP.PCAP.KD,2026-07-13,https://api.worldbank.org/v2/country/SOM/indicator/NY.GDP.PCAP.KD?format=json&per_page=1000&date=1960:2025&source=2
NY.GDP.PCAP.KD,GDP per capita (constant 2015 US$),economy,SOM,1984,220.505292974997,constant 2015 USD/person,,source_reported,WDI_NY.GDP.PCAP.KD,2026-07-13,https://api.worldbank.org/v2/country/SOM/indicator/NY.GDP.PCAP.KD?format=json&per_page=1000&date=1960:2025&source=2
NY.GDP.PCAP.KD,GDP per capita (constant 2015 US$),economy,SOM,1985,231.960661998941,constant 2015 USD/person,,source_reported,WDI_NY.GDP.PCAP.KD,2026-07-13,https://api.worldbank.org/v2/country/SOM/indicator/NY.GDP.PCAP.KD?format=json&per_page=1000&date=1960:2025&source=2
NY.GDP.PCAP.KD,GDP per capita (constant 2015 US$),economy,SOM,1986,217.822044975288,constant 2015 USD/person,,source_reported,WDI_NY.GDP.PCAP.KD,2026-07-13,https://api.worldbank.org/v2/country/SOM/indicator/NY.GDP.PCAP.KD?format=json&per_page=1000&date=1960:2025&source=2
NY.GDP.PCAP.KD,GDP per capita (constant 2015 US$),economy,SOM,1987,231.385120661873,constant 2015 USD/person,,source_reported,WDI_NY.GDP.PCAP.KD,2026-07-13,https://api.worldbank.org/v2/country/SOM/indicator/NY.GDP.PCAP.KD?format=json&per_page=1000&date=1960:2025&source=2
NY.GDP.PCAP.KD,GDP per capita (constant 2015 US$),economy,SOM,1988,239.054073867183,constant 2015 USD/person,,source_reported,WDI_NY.GDP.PCAP.KD,2026-07-13,https://api.worldbank.org/v2/country/SOM/indicator/NY.GDP.PCAP.KD?format=json&per_page=1000&date=1960:2025&source=2
NY.GDP.PCAP.KD,GDP per capita (constant 2015 US$),economy,SOM,1989,252.360849486732,constant 2015 USD/person,,source_reported,WDI_NY.GDP.PCAP.KD,2026-07-13,https://api.worldbank.org/v2/country/SOM/indicator/NY.GDP.PCAP.KD?format=json&per_page=1000&date=1960:2025&source=2
NY.GDP.PCAP.KD,GDP per capita (constant 2015 US$),economy,SOM,1990,259.400021870102,constant 2015 USD/person,,source_reported,WDI_NY.GDP.PCAP.KD,2026-07-13,https://api.worldbank.org/v2/country/SOM/indicator/NY.GDP.PCAP.KD?format=json&per_page=1000&date=1960:2025&source=2
NY.GDP.PCAP.KD,GDP per capita (constant 2015 US$),economy,SOM,1991,277.598802350398,constant 2015 USD/person,,source_reported,WDI_NY.GDP.PCAP.KD,2026-07-13,https://api.worldbank.org/v2/country/SOM/indicator/NY.GDP.PCAP.KD?format=json&per_page=1000&date=1960:2025&source=2
NY.GDP.PCAP.KD,GDP per capita (constant 2015 US$),economy,SOM,1992,266.498410042717,constant 2015 USD/person,,source_reported,WDI_NY.GDP.PCAP.KD,2026-07-13,https://api.worldbank.org/v2/country/SOM/indicator/NY.GDP.PCAP.KD?format=json&per_page=1000&date=1960:2025&source=2
NY.GDP.PCAP.KD,GDP per capita (constant 2015 US$),economy,SOM,1993,269.406204622777,constant 2015 USD/person,,source_reported,WDI_NY.GDP.PCAP.KD,2026-07-13,https://api.worldbank.org/v2/country/SOM/indicator/NY.GDP.PCAP.KD?format=json&per_page=1000&date=1960:2025&source=2
NY.GDP.PCAP.KD,GDP per capita (constant 2015 US$),economy,SOM,1994,210.446194601917,constant 2015 USD/person,,source_reported,WDI_NY.GDP.PCAP.KD,2026-07-13,https://api.worldbank.org/v2/country/SOM/indicator/NY.GDP.PCAP.KD?format=json&per_page=1000&date=1960:2025&source=2
NY.GDP.PCAP.KD,GDP per capita (constant 2015 US$),economy,SOM,1995,211.087530841799,constant 2015 USD/person,,source_reported,WDI_NY.GDP.PCAP.KD,2026-07-13,https://api.worldbank.org/v2/country/SOM/indicator/NY.GDP.PCAP.KD?format=json&per_page=1000&date=1960:2025&source=2
NY.GDP.PCAP.KD,GDP per capita (constant 2015 US$),economy,SOM,1996,219.93638187378,constant 2015 USD/person,,source_reported,WDI_NY.GDP.PCAP.KD,2026-07-13,https://api.worldbank.org/v2/country/SOM/indicator/NY.GDP.PCAP.KD?format=json&per_page=1000&date=1960:2025&source=2
NY.GDP.PCAP.KD,GDP per capita (constant 2015 US$),economy,SOM,1997,214.852351288921,constant 2015 USD/person,,source_reported,WDI_NY.GDP.PCAP.KD,2026-07-13,https://api.worldbank.org/v2/country/SOM/indicator/NY.GDP.PCAP.KD?format=json&per_page=1000&date=1960:2025&source=2
NY.GDP.PCAP.KD,GDP per capita (constant 2015 US$),economy,SOM,1998,219.712160749461,constant 2015 USD/person,,source_reported,WDI_NY.GDP.PCAP.KD,2026-07-13,https://api.worldbank.org/v2/country/SOM/indicator/NY.GDP.PCAP.KD?format=json&per_page=1000&date=1960:2025&source=2
NY.GDP.PCAP.KD,GDP per capita (constant 2015 US$),economy,SOM,1999,226.444111028772,constant 2015 USD/person,,source_reported,WDI_NY.GDP.PCAP.KD,2026-07-13,https://api.worldbank.org/v2/country/SOM/indicator/NY.GDP.PCAP.KD?format=json&per_page=1000&date=1960:2025&source=2
NY.GDP.PCAP.KD,GDP per capita (constant 2015 US$),economy,SOM,2000,233.032393086303,constant 2015 USD/person,,source_reported,WDI_NY.GDP.PCAP.KD,2026-07-13,https://api.worldbank.org/v2/country/SOM/indicator/NY.GDP.PCAP.KD?format=json&per_page=1000&date=1960:2025&source=2
NY.GDP.PCAP.KD,GDP per capita (constant 2015 US$),economy,SOM,2001,239.839074088089,constant 2015 USD/person,,source_reported,WDI_NY.GDP.PCAP.KD,2026-07-13,https://api.worldbank.org/v2/country/SOM/indicator/NY.GDP.PCAP.KD?format=json&per_page=1000&date=1960:2025&source=2
NY.GDP.PCAP.KD,GDP per capita (constant 2015 US$),economy,SOM,2002,248.636454000924,constant 2015 USD/person,,source_reported,WDI_NY.GDP.PCAP.KD,2026-07-13,https://api.worldbank.org/v2/country/SOM/indicator/NY.GDP.PCAP.KD?format=json&per_page=1000&date=1960:2025&source=2
NY.GDP.PCAP.KD,GDP per capita (constant 2015 US$),economy,SOM,2003,257.910337235953,constant 2015 USD/person,,source_reported,WDI_NY.GDP.PCAP.KD,2026-07-13,https://api.worldbank.org/v2/country/SOM/indicator/NY.GDP.PCAP.KD?format=json&per_page=1000&date=1960:2025&source=2
NY.GDP.PCAP.KD,GDP per capita (constant 2015 US$),economy,SOM,2004,266.257271856551,constant 2015 USD/person,,source_reported,WDI_NY.GDP.PCAP.KD,2026-07-13,https://api.worldbank.org/v2/country/SOM/indicator/NY.GDP.PCAP.KD?format=json&per_page=1000&date=1960:2025&source=2
NY.GDP.PCAP.KD,GDP per capita (constant 2015 US$),economy,SOM,2005,275.457040797983,constant 2015 USD/person,,source_reported,WDI_NY.GDP.PCAP.KD,2026-07-13,https://api.worldbank.org/v2/country/SOM/indicator/NY.GDP.PCAP.KD?format=json&per_page=1000&date=1960:2025&source=2
NY.GDP.PCAP.KD,GDP per capita (constant 2015 US$),economy,SOM,2006,284.47078986532,constant 2015 USD/person,,source_reported,WDI_NY.GDP.PCAP.KD,2026-07-13,https://api.worldbank.org/v2/country/SOM/indicator/NY.GDP.PCAP.KD?format=json&per_page=1000&date=1960:2025&source=2
NY.GDP.PCAP.KD,GDP per capita (constant 2015 US$),economy,SOM,2007,294.210404466601,constant 2015 USD/person,,source_reported,WDI_NY.GDP.PCAP.KD,2026-07-13,https://api.worldbank.org/v2/country/SOM/indicator/NY.GDP.PCAP.KD?format=json&per_page=1000&date=1960:2025&source=2
NY.GDP.PCAP.KD,GDP per capita (constant 2015 US$),economy,SOM,2008,304.741448811237,constant 2015 USD/person,,source_reported,WDI_NY.GDP.PCAP.KD,2026-07-13,https://api.worldbank.org/v2/country/SOM/indicator/NY.GDP.PCAP.KD?format=json&per_page=1000&date=1960:2025&source=2
NY.GDP.PCAP.KD,GDP per capita (constant 2015 US$),economy,SOM,2009,317.038184814662,constant 2015 USD/person,,source_reported,WDI_NY.GDP.PCAP.KD,2026-07-13,https://api.worldbank.org/v2/country/SOM/indicator/NY.GDP.PCAP.KD?format=json&per_page=1000&date=1960:2025&source=2
NY.GDP.PCAP.KD,GDP per capita (constant 2015 US$),economy,SOM,2010,329.970504936872,constant 2015 USD/person,,source_reported,WDI_NY.GDP.PCAP.KD,2026-07-13,https://api.worldbank.org/v2/country/SOM/indicator/NY.GDP.PCAP.KD?format=json&per_page=1000&date=1960:2025&source=2
NY.GDP.PCAP.KD,GDP per capita (constant 2015 US$),economy,SOM,2011,349.577449077711,constant 2015 USD/person,,source_reported,WDI_NY.GDP.PCAP.KD,2026-07-13,https://api.worldbank.org/v2/country/SOM/indicator/NY.GDP.PCAP.KD?format=json&per_page=1000&date=1960:2025&source=2
NY.GDP.PCAP.KD,GDP per capita (constant 2015 US$),economy,SOM,2012,369.617204753489,constant 2015 USD/person,,source_reported,WDI_NY.GDP.PCAP.KD,2026-07-13,https://api.worldbank.org/v2/country/SOM/indicator/NY.GDP.PCAP.KD?format=json&per_page=1000&date=1960:2025&source=2
NY.GDP.PCAP.KD,GDP per capita (constant 2015 US$),economy,SOM,2013,397.108796344814,constant 2015 USD/person,,source_reported,WDI_NY.GDP.PCAP.KD,2026-07-13,https://api.worldbank.org/v2/country/SOM/indicator/NY.GDP.PCAP.KD?format=json&per_page=1000&date=1960:2025&source=2
NY.GDP.PCAP.KD,GDP per capita (constant 2015 US$),economy,SOM,2014,417.516796906402,constant 2015 USD/person,,source_reported,WDI_NY.GDP.PCAP.KD,2026-07-13,https://api.worldbank.org/v2/country/SOM/indicator/NY.GDP.PCAP.KD?format=json&per_page=1000&date=1960:2025&source=2
NY.GDP.PCAP.KD,GDP per capita (constant 2015 US$),economy,SOM,2015,445.583080073396,constant 2015 USD/person,,source_reported,WDI_NY.GDP.PCAP.KD,2026-07-13,https://api.worldbank.org/v2/country/SOM/indicator/NY.GDP.PCAP.KD?format=json&per_page=1000&date=1960:2025&source=2
NY.GDP.PCAP.KD,GDP per capita (constant 2015 US$),economy,SOM,2016,458.92147682461,constant 2015 USD/person,,source_reported,WDI_NY.GDP.PCAP.KD,2026-07-13,https://api.worldbank.org/v2/country/SOM/indicator/NY.GDP.PCAP.KD?format=json&per_page=1000&date=1960:2025&source=2
NY.GDP.PCAP.KD,GDP per capita (constant 2015 US$),economy,SOM,2017,506.501098879426,constant 2015 USD/person,,source_reported,WDI_NY.GDP.PCAP.KD,2026-07-13,https://api.worldbank.org/v2/country/SOM/indicator/NY.GDP.PCAP.KD?format=json&per_page=1000&date=1960:2025&source=2
NY.GDP.PCAP.KD,GDP per capita (constant 2015 US$),economy,SOM,2018,498.981065013918,constant 2015 USD/person,,source_reported,WDI_NY.GDP.PCAP.KD,2026-07-13,https://api.worldbank.org/v2/country/SOM/indicator/NY.GDP.PCAP.KD?format=json&per_page=1000&date=1960:2025&source=2
NY.GDP.PCAP.KD,GDP per capita (constant 2015 US$),economy,SOM,2019,494.444039712384,constant 2015 USD/person,,source_reported,WDI_NY.GDP.PCAP.KD,2026-07-13,https://api.worldbank.org/v2/country/SOM/indicator/NY.GDP.PCAP.KD?format=json&per_page=1000&date=1960:2025&source=2
NY.GDP.PCAP.KD,GDP per capita (constant 2015 US$),economy,SOM,2020,462.867053737278,constant 2015 USD/person,,source_reported,WDI_NY.GDP.PCAP.KD,2026-07-13,https://api.worldbank.org/v2/country/SOM/indicator/NY.GDP.PCAP.KD?format=json&per_page=1000&date=1960:2025&source=2
NY.GDP.PCAP.KD,GDP per capita (constant 2015 US$),economy,SOM,2021,461.627830726021,constant 2015 USD/person,,source_reported,WDI_NY.GDP.PCAP.KD,2026-07-13,https://api.worldbank.org/v2/country/SOM/indicator/NY.GDP.PCAP.KD?format=json&per_page=1000&date=1960:2025&source=2
NY.GDP.PCAP.KD,GDP per capita (constant 2015 US$),economy,SOM,2022,460.046226685238,constant 2015 USD/person,,source_reported,WDI_NY.GDP.PCAP.KD,2026-07-13,https://api.worldbank.org/v2/country/SOM/indicator/NY.GDP.PCAP.KD?format=json&per_page=1000&date=1960:2025&source=2
NY.GDP.PCAP.KD,GDP per capita (constant 2015 US$),economy,SOM,2023,464.72106952561,constant 2015 USD/person,,source_reported,WDI_NY.GDP.PCAP.KD,2026-07-13,https://api.worldbank.org/v2/country/SOM/indicator/NY.GDP.PCAP.KD?format=json&per_page=1000&date=1960:2025&source=2
NY.GDP.PCAP.KD,GDP per capita (constant 2015 US$),economy,SOM,2024,467.269910194458,constant 2015 USD/person,,source_reported,WDI_NY.GDP.PCAP.KD,2026-07-13,https://api.worldbank.org/v2/country/SOM/indicator/NY.GDP.PCAP.KD?format=json&per_page=1000&date=1960:2025&source=2
NY.GDP.PCAP.KD,GDP per capita (constant 2015 US$),economy,SOM,2025,465.439392877227,constant 2015 USD/person,,source_reported,WDI_NY.GDP.PCAP.KD,2026-07-13,https://api.worldbank.org/v2/country/SOM/indicator/NY.GDP.PCAP.KD?format=json&per_page=1000&date=1960:2025&source=2
PA.NUS.FCRF,"Official exchange rate (LCU per US$, period average)",finance,SOM,1960,7.14286000614286,LCU/USD period average,,source_reported,WDI_PA.NUS.FCRF,2026-07-13,https://api.worldbank.org/v2/country/SOM/indicator/PA.NUS.FCRF?format=json&per_page=1000&date=1960:2025&source=2
PA.NUS.FCRF,"Official exchange rate (LCU per US$, period average)",finance,SOM,1961,7.14286000614286,LCU/USD period average,,source_reported,WDI_PA.NUS.FCRF,2026-07-13,https://api.worldbank.org/v2/country/SOM/indicator/PA.NUS.FCRF?format=json&per_page=1000&date=1960:2025&source=2
PA.NUS.FCRF,"Official exchange rate (LCU per US$, period average)",finance,SOM,1962,7.14286000614286,LCU/USD period average,,source_reported,WDI_PA.NUS.FCRF,2026-07-13,https://api.worldbank.org/v2/country/SOM/indicator/PA.NUS.FCRF?format=json&per_page=1000&date=1960:2025&source=2
PA.NUS.FCRF,"Official exchange rate (LCU per US$, period average)",finance,SOM,1963,7.14286000614286,LCU/USD period average,,source_reported,WDI_PA.NUS.FCRF,2026-07-13,https://api.worldbank.org/v2/country/SOM/indicator/PA.NUS.FCRF?format=json&per_page=1000&date=1960:2025&source=2
PA.NUS.FCRF,"Official exchange rate (LCU per US$, period average)",finance,SOM,1964,7.14286000614286,LCU/USD period average,,source_reported,WDI_PA.NUS.FCRF,2026-07-13,https://api.worldbank.org/v2/country/SOM/indicator/PA.NUS.FCRF?format=json&per_page=1000&date=1960:2025&source=2
PA.NUS.FCRF,"Official exchange rate (LCU per US$, period average)",finance,SOM,1965,7.14286000614286,LCU/USD period average,,source_reported,WDI_PA.NUS.FCRF,2026-07-13,https://api.worldbank.org/v2/country/SOM/indicator/PA.NUS.FCRF?format=json&per_page=1000&date=1960:2025&source=2
PA.NUS.FCRF,"Official exchange rate (LCU per US$, period average)",finance,SOM,1966,7.14286000614286,LCU/USD period average,,source_reported,WDI_PA.NUS.FCRF,2026-07-13,https://api.worldbank.org/v2/country/SOM/indicator/PA.NUS.FCRF?format=json&per_page=1000&date=1960:2025&source=2
PA.NUS.FCRF,"Official exchange rate (LCU per US$, period average)",finance,SOM,1967,7.14286000614286,LCU/USD period average,,source_reported,WDI_PA.NUS.FCRF,2026-07-13,https://api.worldbank.org/v2/country/SOM/indicator/PA.NUS.FCRF?format=json&per_page=1000&date=1960:2025&source=2
PA.NUS.FCRF,"Official exchange rate (LCU per US$, period average)",finance,SOM,1968,7.14286000614286,LCU/USD period average,,source_reported,WDI_PA.NUS.FCRF,2026-07-13,https://api.worldbank.org/v2/country/SOM/indicator/PA.NUS.FCRF?format=json&per_page=1000&date=1960:2025&source=2
PA.NUS.FCRF,"Official exchange rate (LCU per US$, period average)",finance,SOM,1969,7.14286000614286,LCU/USD period average,,source_reported,WDI_PA.NUS.FCRF,2026-07-13,https://api.worldbank.org/v2/country/SOM/indicator/PA.NUS.FCRF?format=json&per_page=1000&date=1960:2025&source=2
PA.NUS.FCRF,"Official exchange rate (LCU per US$, period average)",finance,SOM,1970,7.14286000614286,LCU/USD period average,,source_reported,WDI_PA.NUS.FCRF,2026-07-13,https://api.worldbank.org/v2/country/SOM/indicator/PA.NUS.FCRF?format=json&per_page=1000&date=1960:2025&source=2
PA.NUS.FCRF,"Official exchange rate (LCU per US$, period average)",finance,SOM,1971,7.12855833888096,LCU/USD period average,,source_reported,WDI_PA.NUS.FCRF,2026-07-13,https://api.worldbank.org/v2/country/SOM/indicator/PA.NUS.FCRF?format=json&per_page=1000&date=1960:2025&source=2
PA.NUS.FCRF,"Official exchange rate (LCU per US$, period average)",finance,SOM,1972,6.980124999,LCU/USD period average,,source_reported,WDI_PA.NUS.FCRF,2026-07-13,https://api.worldbank.org/v2/country/SOM/indicator/PA.NUS.FCRF?format=json&per_page=1000&date=1960:2025&source=2
PA.NUS.FCRF,"Official exchange rate (LCU per US$, period average)",finance,SOM,1973,6.281499999,LCU/USD period average,,source_reported,WDI_PA.NUS.FCRF,2026-07-13,https://api.worldbank.org/v2/country/SOM/indicator/PA.NUS.FCRF?format=json&per_page=1000&date=1960:2025&source=2
PA.NUS.FCRF,"Official exchange rate (LCU per US$, period average)",finance,SOM,1974,6.294999999,LCU/USD period average,,source_reported,WDI_PA.NUS.FCRF,2026-07-13,https://api.worldbank.org/v2/country/SOM/indicator/PA.NUS.FCRF?format=json&per_page=1000&date=1960:2025&source=2
PA.NUS.FCRF,"Official exchange rate (LCU per US$, period average)",finance,SOM,1975,6.294999999,LCU/USD period average,,source_reported,WDI_PA.NUS.FCRF,2026-07-13,https://api.worldbank.org/v2/country/SOM/indicator/PA.NUS.FCRF?format=json&per_page=1000&date=1960:2025&source=2
PA.NUS.FCRF,"Official exchange rate (LCU per US$, period average)",finance,SOM,1976,6.294999999,LCU/USD period average,,source_reported,WDI_PA.NUS.FCRF,2026-07-13,https://api.worldbank.org/v2/country/SOM/indicator/PA.NUS.FCRF?format=json&per_page=1000&date=1960:2025&source=2
PA.NUS.FCRF,"Official exchange rate (LCU per US$, period average)",finance,SOM,1977,6.294999999,LCU/USD period average,,source_reported,WDI_PA.NUS.FCRF,2026-07-13,https://api.worldbank.org/v2/country/SOM/indicator/PA.NUS.FCRF?format=json&per_page=1000&date=1960:2025&source=2
PA.NUS.FCRF,"Official exchange rate (LCU per US$, period average)",finance,SOM,1978,6.294999999,LCU/USD period average,,source_reported,WDI_PA.NUS.FCRF,2026-07-13,https://api.worldbank.org/v2/country/SOM/indicator/PA.NUS.FCRF?format=json&per_page=1000&date=1960:2025&source=2
PA.NUS.FCRF,"Official exchange rate (LCU per US$, period average)",finance,SOM,1979,6.294999999,LCU/USD period average,,source_reported,WDI_PA.NUS.FCRF,2026-07-13,https://api.worldbank.org/v2/country/SOM/indicator/PA.NUS.FCRF?format=json&per_page=1000&date=1960:2025&source=2
PA.NUS.FCRF,"Official exchange rate (LCU per US$, period average)",finance,SOM,1980,6.294999999,LCU/USD period average,,source_reported,WDI_PA.NUS.FCRF,2026-07-13,https://api.worldbank.org/v2/country/SOM/indicator/PA.NUS.FCRF?format=json&per_page=1000&date=1960:2025&source=2
PA.NUS.FCRF,"Official exchange rate (LCU per US$, period average)",finance,SOM,1981,6.294999999,LCU/USD period average,,source_reported,WDI_PA.NUS.FCRF,2026-07-13,https://api.worldbank.org/v2/country/SOM/indicator/PA.NUS.FCRF?format=json&per_page=1000&date=1960:2025&source=2
PA.NUS.FCRF,"Official exchange rate (LCU per US$, period average)",finance,SOM,1982,10.750349999,LCU/USD period average,,source_reported,WDI_PA.NUS.FCRF,2026-07-13,https://api.worldbank.org/v2/country/SOM/indicator/PA.NUS.FCRF?format=json&per_page=1000&date=1960:2025&source=2
PA.NUS.FCRF,"Official exchange rate (LCU per US$, period average)",finance,SOM,1983,15.7876583323333,LCU/USD period average,,source_reported,WDI_PA.NUS.FCRF,2026-07-13,https://api.worldbank.org/v2/country/SOM/indicator/PA.NUS.FCRF?format=json&per_page=1000&date=1960:2025&source=2
PA.NUS.FCRF,"Official exchange rate (LCU per US$, period average)",finance,SOM,1984,20.0185499995833,LCU/USD period average,,source_reported,WDI_PA.NUS.FCRF,2026-07-13,https://api.worldbank.org/v2/country/SOM/indicator/PA.NUS.FCRF?format=json&per_page=1000&date=1960:2025&source=2
PA.NUS.FCRF,"Official exchange rate (LCU per US$, period average)",finance,SOM,1985,39.4871416666667,LCU/USD period average,,source_reported,WDI_PA.NUS.FCRF,2026-07-13,https://api.worldbank.org/v2/country/SOM/indicator/PA.NUS.FCRF?format=json&per_page=1000&date=1960:2025&source=2
PA.NUS.FCRF,"Official exchange rate (LCU per US$, period average)",finance,SOM,1986,72,LCU/USD period average,,source_reported,WDI_PA.NUS.FCRF,2026-07-13,https://api.worldbank.org/v2/country/SOM/indicator/PA.NUS.FCRF?format=json&per_page=1000&date=1960:2025&source=2
PA.NUS.FCRF,"Official exchange rate (LCU per US$, period average)",finance,SOM,1987,105.177083333333,LCU/USD period average,,source_reported,WDI_PA.NUS.FCRF,2026-07-13,https://api.worldbank.org/v2/country/SOM/indicator/PA.NUS.FCRF?format=json&per_page=1000&date=1960:2025&source=2
PA.NUS.FCRF,"Official exchange rate (LCU per US$, period average)",finance,SOM,1988,170.45275,LCU/USD period average,,source_reported,WDI_PA.NUS.FCRF,2026-07-13,https://api.worldbank.org/v2/country/SOM/indicator/PA.NUS.FCRF?format=json&per_page=1000&date=1960:2025&source=2
PA.NUS.FCRF,"Official exchange rate (LCU per US$, period average)",finance,SOM,1989,490.675166666667,LCU/USD period average,,source_reported,WDI_PA.NUS.FCRF,2026-07-13,https://api.worldbank.org/v2/country/SOM/indicator/PA.NUS.FCRF?format=json&per_page=1000&date=1960:2025&source=2
PA.NUS.FCRF,"Official exchange rate (LCU per US$, period average)",finance,SOM,1990,,LCU/USD period average,,missing,WDI_PA.NUS.FCRF,2026-07-13,https://api.worldbank.org/v2/country/SOM/indicator/PA.NUS.FCRF?format=json&per_page=1000&date=1960:2025&source=2
PA.NUS.FCRF,"Official exchange rate (LCU per US$, period average)",finance,SOM,1991,,LCU/USD period average,,missing,WDI_PA.NUS.FCRF,2026-07-13,https://api.worldbank.org/v2/country/SOM/indicator/PA.NUS.FCRF?format=json&per_page=1000&date=1960:2025&source=2
PA.NUS.FCRF,"Official exchange rate (LCU per US$, period average)",finance,SOM,1992,,LCU/USD period average,,missing,WDI_PA.NUS.FCRF,2026-07-13,https://api.worldbank.org/v2/country/SOM/indicator/PA.NUS.FCRF?format=json&per_page=1000&date=1960:2025&source=2
PA.NUS.FCRF,"Official exchange rate (LCU per US$, period average)",finance,SOM,1993,,LCU/USD period average,,missing,WDI_PA.NUS.FCRF,2026-07-13,https://api.worldbank.org/v2/country/SOM/indicator/PA.NUS.FCRF?format=json&per_page=1000&date=1960:2025&source=2
PA.NUS.FCRF,"Official exchange rate (LCU per US$, period average)",finance,SOM,1994,,LCU/USD period average,,missing,WDI_PA.NUS.FCRF,2026-07-13,https://api.worldbank.org/v2/country/SOM/indicator/PA.NUS.FCRF?format=json&per_page=1000&date=1960:2025&source=2
PA.NUS.FCRF,"Official exchange rate (LCU per US$, period average)",finance,SOM,1995,,LCU/USD period average,,missing,WDI_PA.NUS.FCRF,2026-07-13,https://api.worldbank.org/v2/country/SOM/indicator/PA.NUS.FCRF?format=json&per_page=1000&date=1960:2025&source=2
PA.NUS.FCRF,"Official exchange rate (LCU per US$, period average)",finance,SOM,1996,,LCU/USD period average,,missing,WDI_PA.NUS.FCRF,2026-07-13,https://api.worldbank.org/v2/country/SOM/indicator/PA.NUS.FCRF?format=json&per_page=1000&date=1960:2025&source=2
PA.NUS.FCRF,"Official exchange rate (LCU per US$, period average)",finance,SOM,1997,,LCU/USD period average,,missing,WDI_PA.NUS.FCRF,2026-07-13,https://api.worldbank.org/v2/country/SOM/indicator/PA.NUS.FCRF?format=json&per_page=1000&date=1960:2025&source=2
PA.NUS.FCRF,"Official exchange rate (LCU per US$, period average)",finance,SOM,1998,,LCU/USD period average,,missing,WDI_PA.NUS.FCRF,2026-07-13,https://api.worldbank.org/v2/country/SOM/indicator/PA.NUS.FCRF?format=json&per_page=1000&date=1960:2025&source=2
PA.NUS.FCRF,"Official exchange rate (LCU per US$, period average)",finance,SOM,1999,,LCU/USD period average,,missing,WDI_PA.NUS.FCRF,2026-07-13,https://api.worldbank.org/v2/country/SOM/indicator/PA.NUS.FCRF?format=json&per_page=1000&date=1960:2025&source=2
PA.NUS.FCRF,"Official exchange rate (LCU per US$, period average)",finance,SOM,2000,,LCU/USD period average,,missing,WDI_PA.NUS.FCRF,2026-07-13,https://api.worldbank.org/v2/country/SOM/indicator/PA.NUS.FCRF?format=json&per_page=1000&date=1960:2025&source=2
PA.NUS.FCRF,"Official exchange rate (LCU per US$, period average)",finance,SOM,2001,,LCU/USD period average,,missing,WDI_PA.NUS.FCRF,2026-07-13,https://api.worldbank.org/v2/country/SOM/indicator/PA.NUS.FCRF?format=json&per_page=1000&date=1960:2025&source=2
PA.NUS.FCRF,"Official exchange rate (LCU per US$, period average)",finance,SOM,2002,,LCU/USD period average,,missing,WDI_PA.NUS.FCRF,2026-07-13,https://api.worldbank.org/v2/country/SOM/indicator/PA.NUS.FCRF?format=json&per_page=1000&date=1960:2025&source=2
PA.NUS.FCRF,"Official exchange rate (LCU per US$, period average)",finance,SOM,2003,,LCU/USD period average,,missing,WDI_PA.NUS.FCRF,2026-07-13,https://api.worldbank.org/v2/country/SOM/indicator/PA.NUS.FCRF?format=json&per_page=1000&date=1960:2025&source=2
PA.NUS.FCRF,"Official exchange rate (LCU per US$, period average)",finance,SOM,2004,,LCU/USD period average,,missing,WDI_PA.NUS.FCRF,2026-07-13,https://api.worldbank.org/v2/country/SOM/indicator/PA.NUS.FCRF?format=json&per_page=1000&date=1960:2025&source=2
PA.NUS.FCRF,"Official exchange rate (LCU per US$, period average)",finance,SOM,2005,,LCU/USD period average,,missing,WDI_PA.NUS.FCRF,2026-07-13,https://api.worldbank.org/v2/country/SOM/indicator/PA.NUS.FCRF?format=json&per_page=1000&date=1960:2025&source=2
PA.NUS.FCRF,"Official exchange rate (LCU per US$, period average)",finance,SOM,2006,,LCU/USD period average,,missing,WDI_PA.NUS.FCRF,2026-07-13,https://api.worldbank.org/v2/country/SOM/indicator/PA.NUS.FCRF?format=json&per_page=1000&date=1960:2025&source=2
PA.NUS.FCRF,"Official exchange rate (LCU per US$, period average)",finance,SOM,2007,,LCU/USD period average,,missing,WDI_PA.NUS.FCRF,2026-07-13,https://api.worldbank.org/v2/country/SOM/indicator/PA.NUS.FCRF?format=json&per_page=1000&date=1960:2025&source=2
PA.NUS.FCRF,"Official exchange rate (LCU per US$, period average)",finance,SOM,2008,,LCU/USD period average,,missing,WDI_PA.NUS.FCRF,2026-07-13,https://api.worldbank.org/v2/country/SOM/indicator/PA.NUS.FCRF?format=json&per_page=1000&date=1960:2025&source=2
PA.NUS.FCRF,"Official exchange rate (LCU per US$, period average)",finance,SOM,2009,31558.9054783951,LCU/USD period average,,source_reported,WDI_PA.NUS.FCRF,2026-07-13,https://api.worldbank.org/v2/country/SOM/indicator/PA.NUS.FCRF?format=json&per_page=1000&date=1960:2025&source=2
PA.NUS.FCRF,"Official exchange rate (LCU per US$, period average)",finance,SOM,2010,31269.6625712251,LCU/USD period average,,source_reported,WDI_PA.NUS.FCRF,2026-07-13,https://api.worldbank.org/v2/country/SOM/indicator/PA.NUS.FCRF?format=json&per_page=1000&date=1960:2025&source=2
PA.NUS.FCRF,"Official exchange rate (LCU per US$, period average)",finance,SOM,2011,29966.8354404084,LCU/USD period average,,source_reported,WDI_PA.NUS.FCRF,2026-07-13,https://api.worldbank.org/v2/country/SOM/indicator/PA.NUS.FCRF?format=json&per_page=1000&date=1960:2025&source=2
PA.NUS.FCRF,"Official exchange rate (LCU per US$, period average)",finance,SOM,2012,22516.0002967711,LCU/USD period average,,source_reported,WDI_PA.NUS.FCRF,2026-07-13,https://api.worldbank.org/v2/country/SOM/indicator/PA.NUS.FCRF?format=json&per_page=1000&date=1960:2025&source=2
PA.NUS.FCRF,"Official exchange rate (LCU per US$, period average)",finance,SOM,2013,19283.7999504521,LCU/USD period average,,source_reported,WDI_PA.NUS.FCRF,2026-07-13,https://api.worldbank.org/v2/country/SOM/indicator/PA.NUS.FCRF?format=json&per_page=1000&date=1960:2025&source=2
PA.NUS.FCRF,"Official exchange rate (LCU per US$, period average)",finance,SOM,2014,20230.9291310541,LCU/USD period average,,source_reported,WDI_PA.NUS.FCRF,2026-07-13,https://api.worldbank.org/v2/country/SOM/indicator/PA.NUS.FCRF?format=json&per_page=1000&date=1960:2025&source=2
PA.NUS.FCRF,"Official exchange rate (LCU per US$, period average)",finance,SOM,2015,22254.2356837607,LCU/USD period average,,source_reported,WDI_PA.NUS.FCRF,2026-07-13,https://api.worldbank.org/v2/country/SOM/indicator/PA.NUS.FCRF?format=json&per_page=1000&date=1960:2025&source=2
PA.NUS.FCRF,"Official exchange rate (LCU per US$, period average)",finance,SOM,2016,23061.7843138651,LCU/USD period average,,source_reported,WDI_PA.NUS.FCRF,2026-07-13,https://api.worldbank.org/v2/country/SOM/indicator/PA.NUS.FCRF?format=json&per_page=1000&date=1960:2025&source=2
PA.NUS.FCRF,"Official exchange rate (LCU per US$, period average)",finance,SOM,2017,23097.9873219373,LCU/USD period average,,source_reported,WDI_PA.NUS.FCRF,2026-07-13,https://api.worldbank.org/v2/country/SOM/indicator/PA.NUS.FCRF?format=json&per_page=1000&date=1960:2025&source=2
PA.NUS.FCRF,"Official exchange rate (LCU per US$, period average)",finance,SOM,2018,,LCU/USD period average,,missing,WDI_PA.NUS.FCRF,2026-07-13,https://api.worldbank.org/v2/country/SOM/indicator/PA.NUS.FCRF?format=json&per_page=1000&date=1960:2025&source=2
PA.NUS.FCRF,"Official exchange rate (LCU per US$, period average)",finance,SOM,2019,,LCU/USD period average,,missing,WDI_PA.NUS.FCRF,2026-07-13,https://api.worldbank.org/v2/country/SOM/indicator/PA.NUS.FCRF?format=json&per_page=1000&date=1960:2025&source=2
PA.NUS.FCRF,"Official exchange rate (LCU per US$, period average)",finance,SOM,2020,,LCU/USD period average,,missing,WDI_PA.NUS.FCRF,2026-07-13,https://api.worldbank.org/v2/country/SOM/indicator/PA.NUS.FCRF?format=json&per_page=1000&date=1960:2025&source=2
PA.NUS.FCRF,"Official exchange rate (LCU per US$, period average)",finance,SOM,2021,,LCU/USD period average,,missing,WDI_PA.NUS.FCRF,2026-07-13,https://api.worldbank.org/v2/country/SOM/indicator/PA.NUS.FCRF?format=json&per_page=1000&date=1960:2025&source=2
PA.NUS.FCRF,"Official exchange rate (LCU per US$, period average)",finance,SOM,2022,,LCU/USD period average,,missing,WDI_PA.NUS.FCRF,2026-07-13,https://api.worldbank.org/v2/country/SOM/indicator/PA.NUS.FCRF?format=json&per_page=1000&date=1960:2025&source=2
PA.NUS.FCRF,"Official exchange rate (LCU per US$, period average)",finance,SOM,2023,,LCU/USD period average,,missing,WDI_PA.NUS.FCRF,2026-07-13,https://api.worldbank.org/v2/country/SOM/indicator/PA.NUS.FCRF?format=json&per_page=1000&date=1960:2025&source=2
PA.NUS.FCRF,"Official exchange rate (LCU per US$, period average)",finance,SOM,2024,,LCU/USD period average,,missing,WDI_PA.NUS.FCRF,2026-07-13,https://api.worldbank.org/v2/country/SOM/indicator/PA.NUS.FCRF?format=json&per_page=1000&date=1960:2025&source=2
PA.NUS.FCRF,"Official exchange rate (LCU per US$, period average)",finance,SOM,2025,,LCU/USD period average,,missing,WDI_PA.NUS.FCRF,2026-07-13,https://api.worldbank.org/v2/country/SOM/indicator/PA.NUS.FCRF?format=json&per_page=1000&date=1960:2025&source=2
SH.H2O.BASW.ZS,People using at least basic drinking water services (% of population),water,SOM,1960,,% of population,,missing,WDI_SH.H2O.BASW.ZS,2026-07-13,https://api.worldbank.org/v2/country/SOM/indicator/SH.H2O.BASW.ZS?format=json&per_page=1000&date=1960:2025&source=2
SH.H2O.BASW.ZS,People using at least basic drinking water services (% of population),water,SOM,1961,,% of population,,missing,WDI_SH.H2O.BASW.ZS,2026-07-13,https://api.worldbank.org/v2/country/SOM/indicator/SH.H2O.BASW.ZS?format=json&per_page=1000&date=1960:2025&source=2
SH.H2O.BASW.ZS,People using at least basic drinking water services (% of population),water,SOM,1962,,% of population,,missing,WDI_SH.H2O.BASW.ZS,2026-07-13,https://api.worldbank.org/v2/country/SOM/indicator/SH.H2O.BASW.ZS?format=json&per_page=1000&date=1960:2025&source=2
SH.H2O.BASW.ZS,People using at least basic drinking water services (% of population),water,SOM,1963,,% of population,,missing,WDI_SH.H2O.BASW.ZS,2026-07-13,https://api.worldbank.org/v2/country/SOM/indicator/SH.H2O.BASW.ZS?format=json&per_page=1000&date=1960:2025&source=2
SH.H2O.BASW.ZS,People using at least basic drinking water services (% of population),water,SOM,1964,,% of population,,missing,WDI_SH.H2O.BASW.ZS,2026-07-13,https://api.worldbank.org/v2/country/SOM/indicator/SH.H2O.BASW.ZS?format=json&per_page=1000&date=1960:2025&source=2
SH.H2O.BASW.ZS,People using at least basic drinking water services (% of population),water,SOM,1965,,% of population,,missing,WDI_SH.H2O.BASW.ZS,2026-07-13,https://api.worldbank.org/v2/country/SOM/indicator/SH.H2O.BASW.ZS?format=json&per_page=1000&date=1960:2025&source=2
SH.H2O.BASW.ZS,People using at least basic drinking water services (% of population),water,SOM,1966,,% of population,,missing,WDI_SH.H2O.BASW.ZS,2026-07-13,https://api.worldbank.org/v2/country/SOM/indicator/SH.H2O.BASW.ZS?format=json&per_page=1000&date=1960:2025&source=2
SH.H2O.BASW.ZS,People using at least basic drinking water services (% of population),water,SOM,1967,,% of population,,missing,WDI_SH.H2O.BASW.ZS,2026-07-13,https://api.worldbank.org/v2/country/SOM/indicator/SH.H2O.BASW.ZS?format=json&per_page=1000&date=1960:2025&source=2
SH.H2O.BASW.ZS,People using at least basic drinking water services (% of population),water,SOM,1968,,% of population,,missing,WDI_SH.H2O.BASW.ZS,2026-07-13,https://api.worldbank.org/v2/country/SOM/indicator/SH.H2O.BASW.ZS?format=json&per_page=1000&date=1960:2025&source=2
SH.H2O.BASW.ZS,People using at least basic drinking water services (% of population),water,SOM,1969,,% of population,,missing,WDI_SH.H2O.BASW.ZS,2026-07-13,https://api.worldbank.org/v2/country/SOM/indicator/SH.H2O.BASW.ZS?format=json&per_page=1000&date=1960:2025&source=2
SH.H2O.BASW.ZS,People using at least basic drinking water services (% of population),water,SOM,1970,,% of population,,missing,WDI_SH.H2O.BASW.ZS,2026-07-13,https://api.worldbank.org/v2/country/SOM/indicator/SH.H2O.BASW.ZS?format=json&per_page=1000&date=1960:2025&source=2
SH.H2O.BASW.ZS,People using at least basic drinking water services (% of population),water,SOM,1971,,% of population,,missing,WDI_SH.H2O.BASW.ZS,2026-07-13,https://api.worldbank.org/v2/country/SOM/indicator/SH.H2O.BASW.ZS?format=json&per_page=1000&date=1960:2025&source=2
SH.H2O.BASW.ZS,People using at least basic drinking water services (% of population),water,SOM,1972,,% of population,,missing,WDI_SH.H2O.BASW.ZS,2026-07-13,https://api.worldbank.org/v2/country/SOM/indicator/SH.H2O.BASW.ZS?format=json&per_page=1000&date=1960:2025&source=2
SH.H2O.BASW.ZS,People using at least basic drinking water services (% of population),water,SOM,1973,,% of population,,missing,WDI_SH.H2O.BASW.ZS,2026-07-13,https://api.worldbank.org/v2/country/SOM/indicator/SH.H2O.BASW.ZS?format=json&per_page=1000&date=1960:2025&source=2
SH.H2O.BASW.ZS,People using at least basic drinking water services (% of population),water,SOM,1974,,% of population,,missing,WDI_SH.H2O.BASW.ZS,2026-07-13,https://api.worldbank.org/v2/country/SOM/indicator/SH.H2O.BASW.ZS?format=json&per_page=1000&date=1960:2025&source=2
SH.H2O.BASW.ZS,People using at least basic drinking water services (% of population),water,SOM,1975,,% of population,,missing,WDI_SH.H2O.BASW.ZS,2026-07-13,https://api.worldbank.org/v2/country/SOM/indicator/SH.H2O.BASW.ZS?format=json&per_page=1000&date=1960:2025&source=2
SH.H2O.BASW.ZS,People using at least basic drinking water services (% of population),water,SOM,1976,,% of population,,missing,WDI_SH.H2O.BASW.ZS,2026-07-13,https://api.worldbank.org/v2/country/SOM/indicator/SH.H2O.BASW.ZS?format=json&per_page=1000&date=1960:2025&source=2
SH.H2O.BASW.ZS,People using at least basic drinking water services (% of population),water,SOM,1977,,% of population,,missing,WDI_SH.H2O.BASW.ZS,2026-07-13,https://api.worldbank.org/v2/country/SOM/indicator/SH.H2O.BASW.ZS?format=json&per_page=1000&date=1960:2025&source=2
SH.H2O.BASW.ZS,People using at least basic drinking water services (% of population),water,SOM,1978,,% of population,,missing,WDI_SH.H2O.BASW.ZS,2026-07-13,https://api.worldbank.org/v2/country/SOM/indicator/SH.H2O.BASW.ZS?format=json&per_page=1000&date=1960:2025&source=2
SH.H2O.BASW.ZS,People using at least basic drinking water services (% of population),water,SOM,1979,,% of population,,missing,WDI_SH.H2O.BASW.ZS,2026-07-13,https://api.worldbank.org/v2/country/SOM/indicator/SH.H2O.BASW.ZS?format=json&per_page=1000&date=1960:2025&source=2
SH.H2O.BASW.ZS,People using at least basic drinking water services (% of population),water,SOM,1980,,% of population,,missing,WDI_SH.H2O.BASW.ZS,2026-07-13,https://api.worldbank.org/v2/country/SOM/indicator/SH.H2O.BASW.ZS?format=json&per_page=1000&date=1960:2025&source=2
SH.H2O.BASW.ZS,People using at least basic drinking water services (% of population),water,SOM,1981,,% of population,,missing,WDI_SH.H2O.BASW.ZS,2026-07-13,https://api.worldbank.org/v2/country/SOM/indicator/SH.H2O.BASW.ZS?format=json&per_page=1000&date=1960:2025&source=2
SH.H2O.BASW.ZS,People using at least basic drinking water services (% of population),water,SOM,1982,,% of population,,missing,WDI_SH.H2O.BASW.ZS,2026-07-13,https://api.worldbank.org/v2/country/SOM/indicator/SH.H2O.BASW.ZS?format=json&per_page=1000&date=1960:2025&source=2
SH.H2O.BASW.ZS,People using at least basic drinking water services (% of population),water,SOM,1983,,% of population,,missing,WDI_SH.H2O.BASW.ZS,2026-07-13,https://api.worldbank.org/v2/country/SOM/indicator/SH.H2O.BASW.ZS?format=json&per_page=1000&date=1960:2025&source=2
SH.H2O.BASW.ZS,People using at least basic drinking water services (% of population),water,SOM,1984,,% of population,,missing,WDI_SH.H2O.BASW.ZS,2026-07-13,https://api.worldbank.org/v2/country/SOM/indicator/SH.H2O.BASW.ZS?format=json&per_page=1000&date=1960:2025&source=2
SH.H2O.BASW.ZS,People using at least basic drinking water services (% of population),water,SOM,1985,,% of population,,missing,WDI_SH.H2O.BASW.ZS,2026-07-13,https://api.worldbank.org/v2/country/SOM/indicator/SH.H2O.BASW.ZS?format=json&per_page=1000&date=1960:2025&source=2
SH.H2O.BASW.ZS,People using at least basic drinking water services (% of population),water,SOM,1986,,% of population,,missing,WDI_SH.H2O.BASW.ZS,2026-07-13,https://api.worldbank.org/v2/country/SOM/indicator/SH.H2O.BASW.ZS?format=json&per_page=1000&date=1960:2025&source=2
SH.H2O.BASW.ZS,People using at least basic drinking water services (% of population),water,SOM,1987,,% of population,,missing,WDI_SH.H2O.BASW.ZS,2026-07-13,https://api.worldbank.org/v2/country/SOM/indicator/SH.H2O.BASW.ZS?format=json&per_page=1000&date=1960:2025&source=2
SH.H2O.BASW.ZS,People using at least basic drinking water services (% of population),water,SOM,1988,,% of population,,missing,WDI_SH.H2O.BASW.ZS,2026-07-13,https://api.worldbank.org/v2/country/SOM/indicator/SH.H2O.BASW.ZS?format=json&per_page=1000&date=1960:2025&source=2
SH.H2O.BASW.ZS,People using at least basic drinking water services (% of population),water,SOM,1989,,% of population,,missing,WDI_SH.H2O.BASW.ZS,2026-07-13,https://api.worldbank.org/v2/country/SOM/indicator/SH.H2O.BASW.ZS?format=json&per_page=1000&date=1960:2025&source=2
SH.H2O.BASW.ZS,People using at least basic drinking water services (% of population),water,SOM,1990,,% of population,,missing,WDI_SH.H2O.BASW.ZS,2026-07-13,https://api.worldbank.org/v2/country/SOM/indicator/SH.H2O.BASW.ZS?format=json&per_page=1000&date=1960:2025&source=2
SH.H2O.BASW.ZS,People using at least basic drinking water services (% of population),water,SOM,1991,,% of population,,missing,WDI_SH.H2O.BASW.ZS,2026-07-13,https://api.worldbank.org/v2/country/SOM/indicator/SH.H2O.BASW.ZS?format=json&per_page=1000&date=1960:2025&source=2
SH.H2O.BASW.ZS,People using at least basic drinking water services (% of population),water,SOM,1992,,% of population,,missing,WDI_SH.H2O.BASW.ZS,2026-07-13,https://api.worldbank.org/v2/country/SOM/indicator/SH.H2O.BASW.ZS?format=json&per_page=1000&date=1960:2025&source=2
SH.H2O.BASW.ZS,People using at least basic drinking water services (% of population),water,SOM,1993,,% of population,,missing,WDI_SH.H2O.BASW.ZS,2026-07-13,https://api.worldbank.org/v2/country/SOM/indicator/SH.H2O.BASW.ZS?format=json&per_page=1000&date=1960:2025&source=2
SH.H2O.BASW.ZS,People using at least basic drinking water services (% of population),water,SOM,1994,,% of population,,missing,WDI_SH.H2O.BASW.ZS,2026-07-13,https://api.worldbank.org/v2/country/SOM/indicator/SH.H2O.BASW.ZS?format=json&per_page=1000&date=1960:2025&source=2
SH.H2O.BASW.ZS,People using at least basic drinking water services (% of population),water,SOM,1995,,% of population,,missing,WDI_SH.H2O.BASW.ZS,2026-07-13,https://api.worldbank.org/v2/country/SOM/indicator/SH.H2O.BASW.ZS?format=json&per_page=1000&date=1960:2025&source=2
SH.H2O.BASW.ZS,People using at least basic drinking water services (% of population),water,SOM,1996,,% of population,,missing,WDI_SH.H2O.BASW.ZS,2026-07-13,https://api.worldbank.org/v2/country/SOM/indicator/SH.H2O.BASW.ZS?format=json&per_page=1000&date=1960:2025&source=2
SH.H2O.BASW.ZS,People using at least basic drinking water services (% of population),water,SOM,1997,,% of population,,missing,WDI_SH.H2O.BASW.ZS,2026-07-13,https://api.worldbank.org/v2/country/SOM/indicator/SH.H2O.BASW.ZS?format=json&per_page=1000&date=1960:2025&source=2
SH.H2O.BASW.ZS,People using at least basic drinking water services (% of population),water,SOM,1998,,% of population,,missing,WDI_SH.H2O.BASW.ZS,2026-07-13,https://api.worldbank.org/v2/country/SOM/indicator/SH.H2O.BASW.ZS?format=json&per_page=1000&date=1960:2025&source=2
SH.H2O.BASW.ZS,People using at least basic drinking water services (% of population),water,SOM,1999,,% of population,,missing,WDI_SH.H2O.BASW.ZS,2026-07-13,https://api.worldbank.org/v2/country/SOM/indicator/SH.H2O.BASW.ZS?format=json&per_page=1000&date=1960:2025&source=2
SH.H2O.BASW.ZS,People using at least basic drinking water services (% of population),water,SOM,2000,26.5548279259121,% of population,,source_reported,WDI_SH.H2O.BASW.ZS,2026-07-13,https://api.worldbank.org/v2/country/SOM/indicator/SH.H2O.BASW.ZS?format=json&per_page=1000&date=1960:2025&source=2
SH.H2O.BASW.ZS,People using at least basic drinking water services (% of population),water,SOM,2001,27.7109662630007,% of population,,source_reported,WDI_SH.H2O.BASW.ZS,2026-07-13,https://api.worldbank.org/v2/country/SOM/indicator/SH.H2O.BASW.ZS?format=json&per_page=1000&date=1960:2025&source=2
SH.H2O.BASW.ZS,People using at least basic drinking water services (% of population),water,SOM,2002,28.8628866509847,% of population,,source_reported,WDI_SH.H2O.BASW.ZS,2026-07-13,https://api.worldbank.org/v2/country/SOM/indicator/SH.H2O.BASW.ZS?format=json&per_page=1000&date=1960:2025&source=2
SH.H2O.BASW.ZS,People using at least basic drinking water services (% of population),water,SOM,2003,30.2245772114979,% of population,,source_reported,WDI_SH.H2O.BASW.ZS,2026-07-13,https://api.worldbank.org/v2/country/SOM/indicator/SH.H2O.BASW.ZS?format=json&per_page=1000&date=1960:2025&source=2
SH.H2O.BASW.ZS,People using at least basic drinking water services (% of population),water,SOM,2004,31.5789442986576,% of population,,source_reported,WDI_SH.H2O.BASW.ZS,2026-07-13,https://api.worldbank.org/v2/country/SOM/indicator/SH.H2O.BASW.ZS?format=json&per_page=1000&date=1960:2025&source=2
SH.H2O.BASW.ZS,People using at least basic drinking water services (% of population),water,SOM,2005,33.4314329999319,% of population,,source_reported,WDI_SH.H2O.BASW.ZS,2026-07-13,https://api.worldbank.org/v2/country/SOM/indicator/SH.H2O.BASW.ZS?format=json&per_page=1000&date=1960:2025&source=2
SH.H2O.BASW.ZS,People using at least basic drinking water services (% of population),water,SOM,2006,35.3395798096483,% of population,,source_reported,WDI_SH.H2O.BASW.ZS,2026-07-13,https://api.worldbank.org/v2/country/SOM/indicator/SH.H2O.BASW.ZS?format=json&per_page=1000&date=1960:2025&source=2
SH.H2O.BASW.ZS,People using at least basic drinking water services (% of population),water,SOM,2007,35.5233098422892,% of population,,source_reported,WDI_SH.H2O.BASW.ZS,2026-07-13,https://api.worldbank.org/v2/country/SOM/indicator/SH.H2O.BASW.ZS?format=json&per_page=1000&date=1960:2025&source=2
SH.H2O.BASW.ZS,People using at least basic drinking water services (% of population),water,SOM,2008,37.9760688340822,% of population,,source_reported,WDI_SH.H2O.BASW.ZS,2026-07-13,https://api.worldbank.org/v2/country/SOM/indicator/SH.H2O.BASW.ZS?format=json&per_page=1000&date=1960:2025&source=2
SH.H2O.BASW.ZS,People using at least basic drinking water services (% of population),water,SOM,2009,40.466779744943,% of population,,source_reported,WDI_SH.H2O.BASW.ZS,2026-07-13,https://api.worldbank.org/v2/country/SOM/indicator/SH.H2O.BASW.ZS?format=json&per_page=1000&date=1960:2025&source=2
SH.H2O.BASW.ZS,People using at least basic drinking water services (% of population),water,SOM,2010,42.9914341026077,% of population,,source_reported,WDI_SH.H2O.BASW.ZS,2026-07-13,https://api.worldbank.org/v2/country/SOM/indicator/SH.H2O.BASW.ZS?format=json&per_page=1000&date=1960:2025&source=2
SH.H2O.BASW.ZS,People using at least basic drinking water services (% of population),water,SOM,2011,45.5410874380133,% of population,,source_reported,WDI_SH.H2O.BASW.ZS,2026-07-13,https://api.worldbank.org/v2/country/SOM/indicator/SH.H2O.BASW.ZS?format=json&per_page=1000&date=1960:2025&source=2
SH.H2O.BASW.ZS,People using at least basic drinking water services (% of population),water,SOM,2012,47.6056661225373,% of population,,source_reported,WDI_SH.H2O.BASW.ZS,2026-07-13,https://api.worldbank.org/v2/country/SOM/indicator/SH.H2O.BASW.ZS?format=json&per_page=1000&date=1960:2025&source=2
SH.H2O.BASW.ZS,People using at least basic drinking water services (% of population),water,SOM,2013,49.7134555846093,% of population,,source_reported,WDI_SH.H2O.BASW.ZS,2026-07-13,https://api.worldbank.org/v2/country/SOM/indicator/SH.H2O.BASW.ZS?format=json&per_page=1000&date=1960:2025&source=2
SH.H2O.BASW.ZS,People using at least basic drinking water services (% of population),water,SOM,2014,51.8635744481295,% of population,,source_reported,WDI_SH.H2O.BASW.ZS,2026-07-13,https://api.worldbank.org/v2/country/SOM/indicator/SH.H2O.BASW.ZS?format=json&per_page=1000&date=1960:2025&source=2
SH.H2O.BASW.ZS,People using at least basic drinking water services (% of population),water,SOM,2015,54.0545936900229,% of population,,source_reported,WDI_SH.H2O.BASW.ZS,2026-07-13,https://api.worldbank.org/v2/country/SOM/indicator/SH.H2O.BASW.ZS?format=json&per_page=1000&date=1960:2025&source=2
SH.H2O.BASW.ZS,People using at least basic drinking water services (% of population),water,SOM,2016,56.284978016248,% of population,,source_reported,WDI_SH.H2O.BASW.ZS,2026-07-13,https://api.worldbank.org/v2/country/SOM/indicator/SH.H2O.BASW.ZS?format=json&per_page=1000&date=1960:2025&source=2
SH.H2O.BASW.ZS,People using at least basic drinking water services (% of population),water,SOM,2017,58.5524158667796,% of population,,source_reported,WDI_SH.H2O.BASW.ZS,2026-07-13,https://api.worldbank.org/v2/country/SOM/indicator/SH.H2O.BASW.ZS?format=json&per_page=1000&date=1960:2025&source=2
SH.H2O.BASW.ZS,People using at least basic drinking water services (% of population),water,SOM,2018,60.8552872098573,% of population,,source_reported,WDI_SH.H2O.BASW.ZS,2026-07-13,https://api.worldbank.org/v2/country/SOM/indicator/SH.H2O.BASW.ZS?format=json&per_page=1000&date=1960:2025&source=2
SH.H2O.BASW.ZS,People using at least basic drinking water services (% of population),water,SOM,2019,63.1909737588395,% of population,,source_reported,WDI_SH.H2O.BASW.ZS,2026-07-13,https://api.worldbank.org/v2/country/SOM/indicator/SH.H2O.BASW.ZS?format=json&per_page=1000&date=1960:2025&source=2
SH.H2O.BASW.ZS,People using at least basic drinking water services (% of population),water,SOM,2020,65.5578267078208,% of population,,source_reported,WDI_SH.H2O.BASW.ZS,2026-07-13,https://api.worldbank.org/v2/country/SOM/indicator/SH.H2O.BASW.ZS?format=json&per_page=1000&date=1960:2025&source=2
SH.H2O.BASW.ZS,People using at least basic drinking water services (% of population),water,SOM,2021,67.9535994970856,% of population,,source_reported,WDI_SH.H2O.BASW.ZS,2026-07-13,https://api.worldbank.org/v2/country/SOM/indicator/SH.H2O.BASW.ZS?format=json&per_page=1000&date=1960:2025&source=2
SH.H2O.BASW.ZS,People using at least basic drinking water services (% of population),water,SOM,2022,70.3763317867306,% of population,,source_reported,WDI_SH.H2O.BASW.ZS,2026-07-13,https://api.worldbank.org/v2/country/SOM/indicator/SH.H2O.BASW.ZS?format=json&per_page=1000&date=1960:2025&source=2
SH.H2O.BASW.ZS,People using at least basic drinking water services (% of population),water,SOM,2023,72.8240641770805,% of population,,source_reported,WDI_SH.H2O.BASW.ZS,2026-07-13,https://api.worldbank.org/v2/country/SOM/indicator/SH.H2O.BASW.ZS?format=json&per_page=1000&date=1960:2025&source=2
SH.H2O.BASW.ZS,People using at least basic drinking water services (% of population),water,SOM,2024,75.2947964571377,% of population,,source_reported,WDI_SH.H2O.BASW.ZS,2026-07-13,https://api.worldbank.org/v2/country/SOM/indicator/SH.H2O.BASW.ZS?format=json&per_page=1000&date=1960:2025&source=2
SH.H2O.BASW.ZS,People using at least basic drinking water services (% of population),water,SOM,2025,,% of population,,missing,WDI_SH.H2O.BASW.ZS,2026-07-13,https://api.worldbank.org/v2/country/SOM/indicator/SH.H2O.BASW.ZS?format=json&per_page=1000&date=1960:2025&source=2
SH.STA.BASS.ZS,People using at least basic sanitation services (% of population),water,SOM,1960,,% of population,,missing,WDI_SH.STA.BASS.ZS,2026-07-13,https://api.worldbank.org/v2/country/SOM/indicator/SH.STA.BASS.ZS?format=json&per_page=1000&date=1960:2025&source=2
SH.STA.BASS.ZS,People using at least basic sanitation services (% of population),water,SOM,1961,,% of population,,missing,WDI_SH.STA.BASS.ZS,2026-07-13,https://api.worldbank.org/v2/country/SOM/indicator/SH.STA.BASS.ZS?format=json&per_page=1000&date=1960:2025&source=2
SH.STA.BASS.ZS,People using at least basic sanitation services (% of population),water,SOM,1962,,% of population,,missing,WDI_SH.STA.BASS.ZS,2026-07-13,https://api.worldbank.org/v2/country/SOM/indicator/SH.STA.BASS.ZS?format=json&per_page=1000&date=1960:2025&source=2
SH.STA.BASS.ZS,People using at least basic sanitation services (% of population),water,SOM,1963,,% of population,,missing,WDI_SH.STA.BASS.ZS,2026-07-13,https://api.worldbank.org/v2/country/SOM/indicator/SH.STA.BASS.ZS?format=json&per_page=1000&date=1960:2025&source=2
SH.STA.BASS.ZS,People using at least basic sanitation services (% of population),water,SOM,1964,,% of population,,missing,WDI_SH.STA.BASS.ZS,2026-07-13,https://api.worldbank.org/v2/country/SOM/indicator/SH.STA.BASS.ZS?format=json&per_page=1000&date=1960:2025&source=2
SH.STA.BASS.ZS,People using at least basic sanitation services (% of population),water,SOM,1965,,% of population,,missing,WDI_SH.STA.BASS.ZS,2026-07-13,https://api.worldbank.org/v2/country/SOM/indicator/SH.STA.BASS.ZS?format=json&per_page=1000&date=1960:2025&source=2
SH.STA.BASS.ZS,People using at least basic sanitation services (% of population),water,SOM,1966,,% of population,,missing,WDI_SH.STA.BASS.ZS,2026-07-13,https://api.worldbank.org/v2/country/SOM/indicator/SH.STA.BASS.ZS?format=json&per_page=1000&date=1960:2025&source=2
SH.STA.BASS.ZS,People using at least basic sanitation services (% of population),water,SOM,1967,,% of population,,missing,WDI_SH.STA.BASS.ZS,2026-07-13,https://api.worldbank.org/v2/country/SOM/indicator/SH.STA.BASS.ZS?format=json&per_page=1000&date=1960:2025&source=2
SH.STA.BASS.ZS,People using at least basic sanitation services (% of population),water,SOM,1968,,% of population,,missing,WDI_SH.STA.BASS.ZS,2026-07-13,https://api.worldbank.org/v2/country/SOM/indicator/SH.STA.BASS.ZS?format=json&per_page=1000&date=1960:2025&source=2
SH.STA.BASS.ZS,People using at least basic sanitation services (% of population),water,SOM,1969,,% of population,,missing,WDI_SH.STA.BASS.ZS,2026-07-13,https://api.worldbank.org/v2/country/SOM/indicator/SH.STA.BASS.ZS?format=json&per_page=1000&date=1960:2025&source=2
SH.STA.BASS.ZS,People using at least basic sanitation services (% of population),water,SOM,1970,,% of population,,missing,WDI_SH.STA.BASS.ZS,2026-07-13,https://api.worldbank.org/v2/country/SOM/indicator/SH.STA.BASS.ZS?format=json&per_page=1000&date=1960:2025&source=2
SH.STA.BASS.ZS,People using at least basic sanitation services (% of population),water,SOM,1971,,% of population,,missing,WDI_SH.STA.BASS.ZS,2026-07-13,https://api.worldbank.org/v2/country/SOM/indicator/SH.STA.BASS.ZS?format=json&per_page=1000&date=1960:2025&source=2
SH.STA.BASS.ZS,People using at least basic sanitation services (% of population),water,SOM,1972,,% of population,,missing,WDI_SH.STA.BASS.ZS,2026-07-13,https://api.worldbank.org/v2/country/SOM/indicator/SH.STA.BASS.ZS?format=json&per_page=1000&date=1960:2025&source=2
SH.STA.BASS.ZS,People using at least basic sanitation services (% of population),water,SOM,1973,,% of population,,missing,WDI_SH.STA.BASS.ZS,2026-07-13,https://api.worldbank.org/v2/country/SOM/indicator/SH.STA.BASS.ZS?format=json&per_page=1000&date=1960:2025&source=2
SH.STA.BASS.ZS,People using at least basic sanitation services (% of population),water,SOM,1974,,% of population,,missing,WDI_SH.STA.BASS.ZS,2026-07-13,https://api.worldbank.org/v2/country/SOM/indicator/SH.STA.BASS.ZS?format=json&per_page=1000&date=1960:2025&source=2
SH.STA.BASS.ZS,People using at least basic sanitation services (% of population),water,SOM,1975,,% of population,,missing,WDI_SH.STA.BASS.ZS,2026-07-13,https://api.worldbank.org/v2/country/SOM/indicator/SH.STA.BASS.ZS?format=json&per_page=1000&date=1960:2025&source=2
SH.STA.BASS.ZS,People using at least basic sanitation services (% of population),water,SOM,1976,,% of population,,missing,WDI_SH.STA.BASS.ZS,2026-07-13,https://api.worldbank.org/v2/country/SOM/indicator/SH.STA.BASS.ZS?format=json&per_page=1000&date=1960:2025&source=2
SH.STA.BASS.ZS,People using at least basic sanitation services (% of population),water,SOM,1977,,% of population,,missing,WDI_SH.STA.BASS.ZS,2026-07-13,https://api.worldbank.org/v2/country/SOM/indicator/SH.STA.BASS.ZS?format=json&per_page=1000&date=1960:2025&source=2
SH.STA.BASS.ZS,People using at least basic sanitation services (% of population),water,SOM,1978,,% of population,,missing,WDI_SH.STA.BASS.ZS,2026-07-13,https://api.worldbank.org/v2/country/SOM/indicator/SH.STA.BASS.ZS?format=json&per_page=1000&date=1960:2025&source=2
SH.STA.BASS.ZS,People using at least basic sanitation services (% of population),water,SOM,1979,,% of population,,missing,WDI_SH.STA.BASS.ZS,2026-07-13,https://api.worldbank.org/v2/country/SOM/indicator/SH.STA.BASS.ZS?format=json&per_page=1000&date=1960:2025&source=2
SH.STA.BASS.ZS,People using at least basic sanitation services (% of population),water,SOM,1980,,% of population,,missing,WDI_SH.STA.BASS.ZS,2026-07-13,https://api.worldbank.org/v2/country/SOM/indicator/SH.STA.BASS.ZS?format=json&per_page=1000&date=1960:2025&source=2
SH.STA.BASS.ZS,People using at least basic sanitation services (% of population),water,SOM,1981,,% of population,,missing,WDI_SH.STA.BASS.ZS,2026-07-13,https://api.worldbank.org/v2/country/SOM/indicator/SH.STA.BASS.ZS?format=json&per_page=1000&date=1960:2025&source=2
SH.STA.BASS.ZS,People using at least basic sanitation services (% of population),water,SOM,1982,,% of population,,missing,WDI_SH.STA.BASS.ZS,2026-07-13,https://api.worldbank.org/v2/country/SOM/indicator/SH.STA.BASS.ZS?format=json&per_page=1000&date=1960:2025&source=2
SH.STA.BASS.ZS,People using at least basic sanitation services (% of population),water,SOM,1983,,% of population,,missing,WDI_SH.STA.BASS.ZS,2026-07-13,https://api.worldbank.org/v2/country/SOM/indicator/SH.STA.BASS.ZS?format=json&per_page=1000&date=1960:2025&source=2
SH.STA.BASS.ZS,People using at least basic sanitation services (% of population),water,SOM,1984,,% of population,,missing,WDI_SH.STA.BASS.ZS,2026-07-13,https://api.worldbank.org/v2/country/SOM/indicator/SH.STA.BASS.ZS?format=json&per_page=1000&date=1960:2025&source=2
SH.STA.BASS.ZS,People using at least basic sanitation services (% of population),water,SOM,1985,,% of population,,missing,WDI_SH.STA.BASS.ZS,2026-07-13,https://api.worldbank.org/v2/country/SOM/indicator/SH.STA.BASS.ZS?format=json&per_page=1000&date=1960:2025&source=2
SH.STA.BASS.ZS,People using at least basic sanitation services (% of population),water,SOM,1986,,% of population,,missing,WDI_SH.STA.BASS.ZS,2026-07-13,https://api.worldbank.org/v2/country/SOM/indicator/SH.STA.BASS.ZS?format=json&per_page=1000&date=1960:2025&source=2
SH.STA.BASS.ZS,People using at least basic sanitation services (% of population),water,SOM,1987,,% of population,,missing,WDI_SH.STA.BASS.ZS,2026-07-13,https://api.worldbank.org/v2/country/SOM/indicator/SH.STA.BASS.ZS?format=json&per_page=1000&date=1960:2025&source=2
SH.STA.BASS.ZS,People using at least basic sanitation services (% of population),water,SOM,1988,,% of population,,missing,WDI_SH.STA.BASS.ZS,2026-07-13,https://api.worldbank.org/v2/country/SOM/indicator/SH.STA.BASS.ZS?format=json&per_page=1000&date=1960:2025&source=2
SH.STA.BASS.ZS,People using at least basic sanitation services (% of population),water,SOM,1989,,% of population,,missing,WDI_SH.STA.BASS.ZS,2026-07-13,https://api.worldbank.org/v2/country/SOM/indicator/SH.STA.BASS.ZS?format=json&per_page=1000&date=1960:2025&source=2
SH.STA.BASS.ZS,People using at least basic sanitation services (% of population),water,SOM,1990,,% of population,,missing,WDI_SH.STA.BASS.ZS,2026-07-13,https://api.worldbank.org/v2/country/SOM/indicator/SH.STA.BASS.ZS?format=json&per_page=1000&date=1960:2025&source=2
SH.STA.BASS.ZS,People using at least basic sanitation services (% of population),water,SOM,1991,,% of population,,missing,WDI_SH.STA.BASS.ZS,2026-07-13,https://api.worldbank.org/v2/country/SOM/indicator/SH.STA.BASS.ZS?format=json&per_page=1000&date=1960:2025&source=2
SH.STA.BASS.ZS,People using at least basic sanitation services (% of population),water,SOM,1992,,% of population,,missing,WDI_SH.STA.BASS.ZS,2026-07-13,https://api.worldbank.org/v2/country/SOM/indicator/SH.STA.BASS.ZS?format=json&per_page=1000&date=1960:2025&source=2
SH.STA.BASS.ZS,People using at least basic sanitation services (% of population),water,SOM,1993,,% of population,,missing,WDI_SH.STA.BASS.ZS,2026-07-13,https://api.worldbank.org/v2/country/SOM/indicator/SH.STA.BASS.ZS?format=json&per_page=1000&date=1960:2025&source=2
SH.STA.BASS.ZS,People using at least basic sanitation services (% of population),water,SOM,1994,,% of population,,missing,WDI_SH.STA.BASS.ZS,2026-07-13,https://api.worldbank.org/v2/country/SOM/indicator/SH.STA.BASS.ZS?format=json&per_page=1000&date=1960:2025&source=2
SH.STA.BASS.ZS,People using at least basic sanitation services (% of population),water,SOM,1995,,% of population,,missing,WDI_SH.STA.BASS.ZS,2026-07-13,https://api.worldbank.org/v2/country/SOM/indicator/SH.STA.BASS.ZS?format=json&per_page=1000&date=1960:2025&source=2
SH.STA.BASS.ZS,People using at least basic sanitation services (% of population),water,SOM,1996,,% of population,,missing,WDI_SH.STA.BASS.ZS,2026-07-13,https://api.worldbank.org/v2/country/SOM/indicator/SH.STA.BASS.ZS?format=json&per_page=1000&date=1960:2025&source=2
SH.STA.BASS.ZS,People using at least basic sanitation services (% of population),water,SOM,1997,,% of population,,missing,WDI_SH.STA.BASS.ZS,2026-07-13,https://api.worldbank.org/v2/country/SOM/indicator/SH.STA.BASS.ZS?format=json&per_page=1000&date=1960:2025&source=2
SH.STA.BASS.ZS,People using at least basic sanitation services (% of population),water,SOM,1998,,% of population,,missing,WDI_SH.STA.BASS.ZS,2026-07-13,https://api.worldbank.org/v2/country/SOM/indicator/SH.STA.BASS.ZS?format=json&per_page=1000&date=1960:2025&source=2
SH.STA.BASS.ZS,People using at least basic sanitation services (% of population),water,SOM,1999,,% of population,,missing,WDI_SH.STA.BASS.ZS,2026-07-13,https://api.worldbank.org/v2/country/SOM/indicator/SH.STA.BASS.ZS?format=json&per_page=1000&date=1960:2025&source=2
SH.STA.BASS.ZS,People using at least basic sanitation services (% of population),water,SOM,2000,20.1837885796287,% of population,,source_reported,WDI_SH.STA.BASS.ZS,2026-07-13,https://api.worldbank.org/v2/country/SOM/indicator/SH.STA.BASS.ZS?format=json&per_page=1000&date=1960:2025&source=2
SH.STA.BASS.ZS,People using at least basic sanitation services (% of population),water,SOM,2001,20.9631310018359,% of population,,source_reported,WDI_SH.STA.BASS.ZS,2026-07-13,https://api.worldbank.org/v2/country/SOM/indicator/SH.STA.BASS.ZS?format=json&per_page=1000&date=1960:2025&source=2
SH.STA.BASS.ZS,People using at least basic sanitation services (% of population),water,SOM,2002,21.7385524325851,% of population,,source_reported,WDI_SH.STA.BASS.ZS,2026-07-13,https://api.worldbank.org/v2/country/SOM/indicator/SH.STA.BASS.ZS?format=json&per_page=1000&date=1960:2025&source=2
SH.STA.BASS.ZS,People using at least basic sanitation services (% of population),water,SOM,2003,22.6666436152902,% of population,,source_reported,WDI_SH.STA.BASS.ZS,2026-07-13,https://api.worldbank.org/v2/country/SOM/indicator/SH.STA.BASS.ZS?format=json&per_page=1000&date=1960:2025&source=2
SH.STA.BASS.ZS,People using at least basic sanitation services (% of population),water,SOM,2004,23.5876311312832,% of population,,source_reported,WDI_SH.STA.BASS.ZS,2026-07-13,https://api.worldbank.org/v2/country/SOM/indicator/SH.STA.BASS.ZS?format=json&per_page=1000&date=1960:2025&source=2
SH.STA.BASS.ZS,People using at least basic sanitation services (% of population),water,SOM,2005,24.6385730237392,% of population,,source_reported,WDI_SH.STA.BASS.ZS,2026-07-13,https://api.worldbank.org/v2/country/SOM/indicator/SH.STA.BASS.ZS?format=json&per_page=1000&date=1960:2025&source=2
SH.STA.BASS.ZS,People using at least basic sanitation services (% of population),water,SOM,2006,25.6985522654712,% of population,,source_reported,WDI_SH.STA.BASS.ZS,2026-07-13,https://api.worldbank.org/v2/country/SOM/indicator/SH.STA.BASS.ZS?format=json&per_page=1000&date=1960:2025&source=2
SH.STA.BASS.ZS,People using at least basic sanitation services (% of population),water,SOM,2007,25.4724809628705,% of population,,source_reported,WDI_SH.STA.BASS.ZS,2026-07-13,https://api.worldbank.org/v2/country/SOM/indicator/SH.STA.BASS.ZS?format=json&per_page=1000&date=1960:2025&source=2
SH.STA.BASS.ZS,People using at least basic sanitation services (% of population),water,SOM,2008,26.8675518309153,% of population,,source_reported,WDI_SH.STA.BASS.ZS,2026-07-13,https://api.worldbank.org/v2/country/SOM/indicator/SH.STA.BASS.ZS?format=json&per_page=1000&date=1960:2025&source=2
SH.STA.BASS.ZS,People using at least basic sanitation services (% of population),water,SOM,2009,28.2620333243978,% of population,,source_reported,WDI_SH.STA.BASS.ZS,2026-07-13,https://api.worldbank.org/v2/country/SOM/indicator/SH.STA.BASS.ZS?format=json&per_page=1000&date=1960:2025&source=2
SH.STA.BASS.ZS,People using at least basic sanitation services (% of population),water,SOM,2010,29.6552314134568,% of population,,source_reported,WDI_SH.STA.BASS.ZS,2026-07-13,https://api.worldbank.org/v2/country/SOM/indicator/SH.STA.BASS.ZS?format=json&per_page=1000&date=1960:2025&source=2
SH.STA.BASS.ZS,People using at least basic sanitation services (% of population),water,SOM,2011,31.0429095384234,% of population,,source_reported,WDI_SH.STA.BASS.ZS,2026-07-13,https://api.worldbank.org/v2/country/SOM/indicator/SH.STA.BASS.ZS?format=json&per_page=1000&date=1960:2025&source=2
SH.STA.BASS.ZS,People using at least basic sanitation services (% of population),water,SOM,2012,32.0476374113968,% of population,,source_reported,WDI_SH.STA.BASS.ZS,2026-07-13,https://api.worldbank.org/v2/country/SOM/indicator/SH.STA.BASS.ZS?format=json&per_page=1000&date=1960:2025&source=2
SH.STA.BASS.ZS,People using at least basic sanitation services (% of population),water,SOM,2013,33.058251557305,% of population,,source_reported,WDI_SH.STA.BASS.ZS,2026-07-13,https://api.worldbank.org/v2/country/SOM/indicator/SH.STA.BASS.ZS?format=json&per_page=1000&date=1960:2025&source=2
SH.STA.BASS.ZS,People using at least basic sanitation services (% of population),water,SOM,2014,34.0748734228162,% of population,,source_reported,WDI_SH.STA.BASS.ZS,2026-07-13,https://api.worldbank.org/v2/country/SOM/indicator/SH.STA.BASS.ZS?format=json&per_page=1000&date=1960:2025&source=2
SH.STA.BASS.ZS,People using at least basic sanitation services (% of population),water,SOM,2015,35.0972405875154,% of population,,source_reported,WDI_SH.STA.BASS.ZS,2026-07-13,https://api.worldbank.org/v2/country/SOM/indicator/SH.STA.BASS.ZS?format=json&per_page=1000&date=1960:2025&source=2
SH.STA.BASS.ZS,People using at least basic sanitation services (% of population),water,SOM,2016,36.1250378584049,% of population,,source_reported,WDI_SH.STA.BASS.ZS,2026-07-13,https://api.worldbank.org/v2/country/SOM/indicator/SH.STA.BASS.ZS?format=json&per_page=1000&date=1960:2025&source=2
SH.STA.BASS.ZS,People using at least basic sanitation services (% of population),water,SOM,2017,37.1573619625344,% of population,,source_reported,WDI_SH.STA.BASS.ZS,2026-07-13,https://api.worldbank.org/v2/country/SOM/indicator/SH.STA.BASS.ZS?format=json&per_page=1000&date=1960:2025&source=2
SH.STA.BASS.ZS,People using at least basic sanitation services (% of population),water,SOM,2018,38.1938671112932,% of population,,source_reported,WDI_SH.STA.BASS.ZS,2026-07-13,https://api.worldbank.org/v2/country/SOM/indicator/SH.STA.BASS.ZS?format=json&per_page=1000&date=1960:2025&source=2
SH.STA.BASS.ZS,People using at least basic sanitation services (% of population),water,SOM,2019,39.2334053088705,% of population,,source_reported,WDI_SH.STA.BASS.ZS,2026-07-13,https://api.worldbank.org/v2/country/SOM/indicator/SH.STA.BASS.ZS?format=json&per_page=1000&date=1960:2025&source=2
SH.STA.BASS.ZS,People using at least basic sanitation services (% of population),water,SOM,2020,40.2756265135548,% of population,,source_reported,WDI_SH.STA.BASS.ZS,2026-07-13,https://api.worldbank.org/v2/country/SOM/indicator/SH.STA.BASS.ZS?format=json&per_page=1000&date=1960:2025&source=2
SH.STA.BASS.ZS,People using at least basic sanitation services (% of population),water,SOM,2021,41.3196817201459,% of population,,source_reported,WDI_SH.STA.BASS.ZS,2026-07-13,https://api.worldbank.org/v2/country/SOM/indicator/SH.STA.BASS.ZS?format=json&per_page=1000&date=1960:2025&source=2
SH.STA.BASS.ZS,People using at least basic sanitation services (% of population),water,SOM,2022,42.3649691614571,% of population,,source_reported,WDI_SH.STA.BASS.ZS,2026-07-13,https://api.worldbank.org/v2/country/SOM/indicator/SH.STA.BASS.ZS?format=json&per_page=1000&date=1960:2025&source=2
SH.STA.BASS.ZS,People using at least basic sanitation services (% of population),water,SOM,2023,43.4108945004739,% of population,,source_reported,WDI_SH.STA.BASS.ZS,2026-07-13,https://api.worldbank.org/v2/country/SOM/indicator/SH.STA.BASS.ZS?format=json&per_page=1000&date=1960:2025&source=2
SH.STA.BASS.ZS,People using at least basic sanitation services (% of population),water,SOM,2024,44.4568438332571,% of population,,source_reported,WDI_SH.STA.BASS.ZS,2026-07-13,https://api.worldbank.org/v2/country/SOM/indicator/SH.STA.BASS.ZS?format=json&per_page=1000&date=1960:2025&source=2
SH.STA.BASS.ZS,People using at least basic sanitation services (% of population),water,SOM,2025,,% of population,,missing,WDI_SH.STA.BASS.ZS,2026-07-13,https://api.worldbank.org/v2/country/SOM/indicator/SH.STA.BASS.ZS?format=json&per_page=1000&date=1960:2025&source=2
SP.POP.GROW,Population growth (annual %),demography,SOM,1960,,% annual,,missing,WDI_SP.POP.GROW,2026-07-13,https://api.worldbank.org/v2/country/SOM/indicator/SP.POP.GROW?format=json&per_page=1000&date=1960:2025&source=2
SP.POP.GROW,Population growth (annual %),demography,SOM,1961,2.59856756140979,% annual,,source_reported,WDI_SP.POP.GROW,2026-07-13,https://api.worldbank.org/v2/country/SOM/indicator/SP.POP.GROW?format=json&per_page=1000&date=1960:2025&source=2
SP.POP.GROW,Population growth (annual %),demography,SOM,1962,2.60914528197528,% annual,,source_reported,WDI_SP.POP.GROW,2026-07-13,https://api.worldbank.org/v2/country/SOM/indicator/SP.POP.GROW?format=json&per_page=1000&date=1960:2025&source=2
SP.POP.GROW,Population growth (annual %),demography,SOM,1963,2.61461445515309,% annual,,source_reported,WDI_SP.POP.GROW,2026-07-13,https://api.worldbank.org/v2/country/SOM/indicator/SP.POP.GROW?format=json&per_page=1000&date=1960:2025&source=2
SP.POP.GROW,Population growth (annual %),demography,SOM,1964,2.61582253076327,% annual,,source_reported,WDI_SP.POP.GROW,2026-07-13,https://api.worldbank.org/v2/country/SOM/indicator/SP.POP.GROW?format=json&per_page=1000&date=1960:2025&source=2
SP.POP.GROW,Population growth (annual %),demography,SOM,1965,2.62980195781212,% annual,,source_reported,WDI_SP.POP.GROW,2026-07-13,https://api.worldbank.org/v2/country/SOM/indicator/SP.POP.GROW?format=json&per_page=1000&date=1960:2025&source=2
SP.POP.GROW,Population growth (annual %),demography,SOM,1966,2.62644218326139,% annual,,source_reported,WDI_SP.POP.GROW,2026-07-13,https://api.worldbank.org/v2/country/SOM/indicator/SP.POP.GROW?format=json&per_page=1000&date=1960:2025&source=2
SP.POP.GROW,Population growth (annual %),demography,SOM,1967,2.62289762131041,% annual,,source_reported,WDI_SP.POP.GROW,2026-07-13,https://api.worldbank.org/v2/country/SOM/indicator/SP.POP.GROW?format=json&per_page=1000&date=1960:2025&source=2
SP.POP.GROW,Population growth (annual %),demography,SOM,1968,2.6298138913795,% annual,,source_reported,WDI_SP.POP.GROW,2026-07-13,https://api.worldbank.org/v2/country/SOM/indicator/SP.POP.GROW?format=json&per_page=1000&date=1960:2025&source=2
SP.POP.GROW,Population growth (annual %),demography,SOM,1969,2.6275910461738,% annual,,source_reported,WDI_SP.POP.GROW,2026-07-13,https://api.worldbank.org/v2/country/SOM/indicator/SP.POP.GROW?format=json&per_page=1000&date=1960:2025&source=2
SP.POP.GROW,Population growth (annual %),demography,SOM,1970,2.64080631070446,% annual,,source_reported,WDI_SP.POP.GROW,2026-07-13,https://api.worldbank.org/v2/country/SOM/indicator/SP.POP.GROW?format=json&per_page=1000&date=1960:2025&source=2
SP.POP.GROW,Population growth (annual %),demography,SOM,1971,2.62003316225248,% annual,,source_reported,WDI_SP.POP.GROW,2026-07-13,https://api.worldbank.org/v2/country/SOM/indicator/SP.POP.GROW?format=json&per_page=1000&date=1960:2025&source=2
SP.POP.GROW,Population growth (annual %),demography,SOM,1972,2.61666821934792,% annual,,source_reported,WDI_SP.POP.GROW,2026-07-13,https://api.worldbank.org/v2/country/SOM/indicator/SP.POP.GROW?format=json&per_page=1000&date=1960:2025&source=2
SP.POP.GROW,Population growth (annual %),demography,SOM,1973,2.65903274695096,% annual,,source_reported,WDI_SP.POP.GROW,2026-07-13,https://api.worldbank.org/v2/country/SOM/indicator/SP.POP.GROW?format=json&per_page=1000&date=1960:2025&source=2
SP.POP.GROW,Population growth (annual %),demography,SOM,1974,2.59241978649231,% annual,,source_reported,WDI_SP.POP.GROW,2026-07-13,https://api.worldbank.org/v2/country/SOM/indicator/SP.POP.GROW?format=json&per_page=1000&date=1960:2025&source=2
SP.POP.GROW,Population growth (annual %),demography,SOM,1975,2.51382631181487,% annual,,source_reported,WDI_SP.POP.GROW,2026-07-13,https://api.worldbank.org/v2/country/SOM/indicator/SP.POP.GROW?format=json&per_page=1000&date=1960:2025&source=2
SP.POP.GROW,Population growth (annual %),demography,SOM,1976,2.51138428837191,% annual,,source_reported,WDI_SP.POP.GROW,2026-07-13,https://api.worldbank.org/v2/country/SOM/indicator/SP.POP.GROW?format=json&per_page=1000&date=1960:2025&source=2
SP.POP.GROW,Population growth (annual %),demography,SOM,1977,2.67224587145141,% annual,,source_reported,WDI_SP.POP.GROW,2026-07-13,https://api.worldbank.org/v2/country/SOM/indicator/SP.POP.GROW?format=json&per_page=1000&date=1960:2025&source=2
SP.POP.GROW,Population growth (annual %),demography,SOM,1978,7.1186959185997,% annual,,source_reported,WDI_SP.POP.GROW,2026-07-13,https://api.worldbank.org/v2/country/SOM/indicator/SP.POP.GROW?format=json&per_page=1000&date=1960:2025&source=2
SP.POP.GROW,Population growth (annual %),demography,SOM,1979,12.3739962108146,% annual,,source_reported,WDI_SP.POP.GROW,2026-07-13,https://api.worldbank.org/v2/country/SOM/indicator/SP.POP.GROW?format=json&per_page=1000&date=1960:2025&source=2
SP.POP.GROW,Population growth (annual %),demography,SOM,1980,8.56078717246432,% annual,,source_reported,WDI_SP.POP.GROW,2026-07-13,https://api.worldbank.org/v2/country/SOM/indicator/SP.POP.GROW?format=json&per_page=1000&date=1960:2025&source=2
SP.POP.GROW,Population growth (annual %),demography,SOM,1981,0.783542698979642,% annual,,source_reported,WDI_SP.POP.GROW,2026-07-13,https://api.worldbank.org/v2/country/SOM/indicator/SP.POP.GROW?format=json&per_page=1000&date=1960:2025&source=2
SP.POP.GROW,Population growth (annual %),demography,SOM,1982,0.350238860081654,% annual,,source_reported,WDI_SP.POP.GROW,2026-07-13,https://api.worldbank.org/v2/country/SOM/indicator/SP.POP.GROW?format=json&per_page=1000&date=1960:2025&source=2
SP.POP.GROW,Population growth (annual %),demography,SOM,1983,3.18967696621317,% annual,,source_reported,WDI_SP.POP.GROW,2026-07-13,https://api.worldbank.org/v2/country/SOM/indicator/SP.POP.GROW?format=json&per_page=1000&date=1960:2025&source=2
SP.POP.GROW,Population growth (annual %),demography,SOM,1984,3.64279283570459,% annual,,source_reported,WDI_SP.POP.GROW,2026-07-13,https://api.worldbank.org/v2/country/SOM/indicator/SP.POP.GROW?format=json&per_page=1000&date=1960:2025&source=2
SP.POP.GROW,Population growth (annual %),demography,SOM,1985,4.03814200929352,% annual,,source_reported,WDI_SP.POP.GROW,2026-07-13,https://api.worldbank.org/v2/country/SOM/indicator/SP.POP.GROW?format=json&per_page=1000&date=1960:2025&source=2
SP.POP.GROW,Population growth (annual %),demography,SOM,1986,4.11965503527741,% annual,,source_reported,WDI_SP.POP.GROW,2026-07-13,https://api.worldbank.org/v2/country/SOM/indicator/SP.POP.GROW?format=json&per_page=1000&date=1960:2025&source=2
SP.POP.GROW,Population growth (annual %),demography,SOM,1987,3.57022208359072,% annual,,source_reported,WDI_SP.POP.GROW,2026-07-13,https://api.worldbank.org/v2/country/SOM/indicator/SP.POP.GROW?format=json&per_page=1000&date=1960:2025&source=2
SP.POP.GROW,Population growth (annual %),demography,SOM,1988,0.09759631496132,% annual,,source_reported,WDI_SP.POP.GROW,2026-07-13,https://api.worldbank.org/v2/country/SOM/indicator/SP.POP.GROW?format=json&per_page=1000&date=1960:2025&source=2
SP.POP.GROW,Population growth (annual %),demography,SOM,1989,-1.68006060639648,% annual,,source_reported,WDI_SP.POP.GROW,2026-07-13,https://api.worldbank.org/v2/country/SOM/indicator/SP.POP.GROW?format=json&per_page=1000&date=1960:2025&source=2
SP.POP.GROW,Population growth (annual %),demography,SOM,1990,-0.450864809500564,% annual,,source_reported,WDI_SP.POP.GROW,2026-07-13,https://api.worldbank.org/v2/country/SOM/indicator/SP.POP.GROW?format=json&per_page=1000&date=1960:2025&source=2
SP.POP.GROW,Population growth (annual %),demography,SOM,1991,-3.87267657909347,% annual,,source_reported,WDI_SP.POP.GROW,2026-07-13,https://api.worldbank.org/v2/country/SOM/indicator/SP.POP.GROW?format=json&per_page=1000&date=1960:2025&source=2
SP.POP.GROW,Population growth (annual %),demography,SOM,1992,-4.78949728181007,% annual,,source_reported,WDI_SP.POP.GROW,2026-07-13,https://api.worldbank.org/v2/country/SOM/indicator/SP.POP.GROW?format=json&per_page=1000&date=1960:2025&source=2
SP.POP.GROW,Population growth (annual %),demography,SOM,1993,2.82782725608436,% annual,,source_reported,WDI_SP.POP.GROW,2026-07-13,https://api.worldbank.org/v2/country/SOM/indicator/SP.POP.GROW?format=json&per_page=1000&date=1960:2025&source=2
SP.POP.GROW,Population growth (annual %),demography,SOM,1994,5.04035864614898,% annual,,source_reported,WDI_SP.POP.GROW,2026-07-13,https://api.worldbank.org/v2/country/SOM/indicator/SP.POP.GROW?format=json&per_page=1000&date=1960:2025&source=2
SP.POP.GROW,Population growth (annual %),demography,SOM,1995,3.60874173050947,% annual,,source_reported,WDI_SP.POP.GROW,2026-07-13,https://api.worldbank.org/v2/country/SOM/indicator/SP.POP.GROW?format=json&per_page=1000&date=1960:2025&source=2
SP.POP.GROW,Population growth (annual %),demography,SOM,1996,3.63215700093217,% annual,,source_reported,WDI_SP.POP.GROW,2026-07-13,https://api.worldbank.org/v2/country/SOM/indicator/SP.POP.GROW?format=json&per_page=1000&date=1960:2025&source=2
SP.POP.GROW,Population growth (annual %),demography,SOM,1997,3.51230611737778,% annual,,source_reported,WDI_SP.POP.GROW,2026-07-13,https://api.worldbank.org/v2/country/SOM/indicator/SP.POP.GROW?format=json&per_page=1000&date=1960:2025&source=2
SP.POP.GROW,Population growth (annual %),demography,SOM,1998,4.14193373307933,% annual,,source_reported,WDI_SP.POP.GROW,2026-07-13,https://api.worldbank.org/v2/country/SOM/indicator/SP.POP.GROW?format=json&per_page=1000&date=1960:2025&source=2
SP.POP.GROW,Population growth (annual %),demography,SOM,1999,4.04491224932546,% annual,,source_reported,WDI_SP.POP.GROW,2026-07-13,https://api.worldbank.org/v2/country/SOM/indicator/SP.POP.GROW?format=json&per_page=1000&date=1960:2025&source=2
SP.POP.GROW,Population growth (annual %),demography,SOM,2000,4.00097862828906,% annual,,source_reported,WDI_SP.POP.GROW,2026-07-13,https://api.worldbank.org/v2/country/SOM/indicator/SP.POP.GROW?format=json&per_page=1000&date=1960:2025&source=2
SP.POP.GROW,Population growth (annual %),demography,SOM,2001,3.98983884745091,% annual,,source_reported,WDI_SP.POP.GROW,2026-07-13,https://api.worldbank.org/v2/country/SOM/indicator/SP.POP.GROW?format=json&per_page=1000&date=1960:2025&source=2
SP.POP.GROW,Population growth (annual %),demography,SOM,2002,3.75080850397474,% annual,,source_reported,WDI_SP.POP.GROW,2026-07-13,https://api.worldbank.org/v2/country/SOM/indicator/SP.POP.GROW?format=json&per_page=1000&date=1960:2025&source=2
SP.POP.GROW,Population growth (annual %),demography,SOM,2003,3.69115278037828,% annual,,source_reported,WDI_SP.POP.GROW,2026-07-13,https://api.worldbank.org/v2/country/SOM/indicator/SP.POP.GROW?format=json&per_page=1000&date=1960:2025&source=2
SP.POP.GROW,Population growth (annual %),demography,SOM,2004,3.68380578936556,% annual,,source_reported,WDI_SP.POP.GROW,2026-07-13,https://api.worldbank.org/v2/country/SOM/indicator/SP.POP.GROW?format=json&per_page=1000&date=1960:2025&source=2
SP.POP.GROW,Population growth (annual %),demography,SOM,2005,3.47204363776718,% annual,,source_reported,WDI_SP.POP.GROW,2026-07-13,https://api.worldbank.org/v2/country/SOM/indicator/SP.POP.GROW?format=json&per_page=1000&date=1960:2025&source=2
SP.POP.GROW,Population growth (annual %),demography,SOM,2006,3.06479248294565,% annual,,source_reported,WDI_SP.POP.GROW,2026-07-13,https://api.worldbank.org/v2/country/SOM/indicator/SP.POP.GROW?format=json&per_page=1000&date=1960:2025&source=2
SP.POP.GROW,Population growth (annual %),demography,SOM,2007,3.11334404047468,% annual,,source_reported,WDI_SP.POP.GROW,2026-07-13,https://api.worldbank.org/v2/country/SOM/indicator/SP.POP.GROW?format=json&per_page=1000&date=1960:2025&source=2
SP.POP.GROW,Population growth (annual %),demography,SOM,2008,2.96295013077131,% annual,,source_reported,WDI_SP.POP.GROW,2026-07-13,https://api.worldbank.org/v2/country/SOM/indicator/SP.POP.GROW?format=json&per_page=1000&date=1960:2025&source=2
SP.POP.GROW,Population growth (annual %),demography,SOM,2009,2.52395215945852,% annual,,source_reported,WDI_SP.POP.GROW,2026-07-13,https://api.worldbank.org/v2/country/SOM/indicator/SP.POP.GROW?format=json&per_page=1000&date=1960:2025&source=2
SP.POP.GROW,Population growth (annual %),demography,SOM,2010,2.48169887268086,% annual,,source_reported,WDI_SP.POP.GROW,2026-07-13,https://api.worldbank.org/v2/country/SOM/indicator/SP.POP.GROW?format=json&per_page=1000&date=1960:2025&source=2
SP.POP.GROW,Population growth (annual %),demography,SOM,2011,0.707617147612372,% annual,,source_reported,WDI_SP.POP.GROW,2026-07-13,https://api.worldbank.org/v2/country/SOM/indicator/SP.POP.GROW?format=json&per_page=1000&date=1960:2025&source=2
SP.POP.GROW,Population growth (annual %),demography,SOM,2012,0.905528519522503,% annual,,source_reported,WDI_SP.POP.GROW,2026-07-13,https://api.worldbank.org/v2/country/SOM/indicator/SP.POP.GROW?format=json&per_page=1000&date=1960:2025&source=2
SP.POP.GROW,Population growth (annual %),demography,SOM,2013,3.22508679396084,% annual,,source_reported,WDI_SP.POP.GROW,2026-07-13,https://api.worldbank.org/v2/country/SOM/indicator/SP.POP.GROW?format=json&per_page=1000&date=1960:2025&source=2
SP.POP.GROW,Population growth (annual %),demography,SOM,2014,3.58614089585868,% annual,,source_reported,WDI_SP.POP.GROW,2026-07-13,https://api.worldbank.org/v2/country/SOM/indicator/SP.POP.GROW?format=json&per_page=1000&date=1960:2025&source=2
SP.POP.GROW,Population growth (annual %),demography,SOM,2015,3.44441462928404,% annual,,source_reported,WDI_SP.POP.GROW,2026-07-13,https://api.worldbank.org/v2/country/SOM/indicator/SP.POP.GROW?format=json&per_page=1000&date=1960:2025&source=2
SP.POP.GROW,Population growth (annual %),demography,SOM,2016,3.8489103342184,% annual,,source_reported,WDI_SP.POP.GROW,2026-07-13,https://api.worldbank.org/v2/country/SOM/indicator/SP.POP.GROW?format=json&per_page=1000&date=1960:2025&source=2
SP.POP.GROW,Population growth (annual %),demography,SOM,2017,3.88144974373944,% annual,,source_reported,WDI_SP.POP.GROW,2026-07-13,https://api.worldbank.org/v2/country/SOM/indicator/SP.POP.GROW?format=json&per_page=1000&date=1960:2025&source=2
SP.POP.GROW,Population growth (annual %),demography,SOM,2018,3.52933303532182,% annual,,source_reported,WDI_SP.POP.GROW,2026-07-13,https://api.worldbank.org/v2/country/SOM/indicator/SP.POP.GROW?format=json&per_page=1000&date=1960:2025&source=2
SP.POP.GROW,Population growth (annual %),demography,SOM,2019,3.67525774477084,% annual,,source_reported,WDI_SP.POP.GROW,2026-07-13,https://api.worldbank.org/v2/country/SOM/indicator/SP.POP.GROW?format=json&per_page=1000&date=1960:2025&source=2
SP.POP.GROW,Population growth (annual %),demography,SOM,2020,3.79592066888979,% annual,,source_reported,WDI_SP.POP.GROW,2026-07-13,https://api.worldbank.org/v2/country/SOM/indicator/SP.POP.GROW?format=json&per_page=1000&date=1960:2025&source=2
SP.POP.GROW,Population growth (annual %),demography,SOM,2021,3.65720037777736,% annual,,source_reported,WDI_SP.POP.GROW,2026-07-13,https://api.worldbank.org/v2/country/SOM/indicator/SP.POP.GROW?format=json&per_page=1000&date=1960:2025&source=2
SP.POP.GROW,Population growth (annual %),demography,SOM,2022,3.0251275475745,% annual,,source_reported,WDI_SP.POP.GROW,2026-07-13,https://api.worldbank.org/v2/country/SOM/indicator/SP.POP.GROW?format=json&per_page=1000&date=1960:2025&source=2
SP.POP.GROW,Population growth (annual %),demography,SOM,2023,3.07939219638342,% annual,,source_reported,WDI_SP.POP.GROW,2026-07-13,https://api.worldbank.org/v2/country/SOM/indicator/SP.POP.GROW?format=json&per_page=1000&date=1960:2025&source=2
SP.POP.GROW,Population growth (annual %),demography,SOM,2024,3.48215481810475,% annual,,source_reported,WDI_SP.POP.GROW,2026-07-13,https://api.worldbank.org/v2/country/SOM/indicator/SP.POP.GROW?format=json&per_page=1000&date=1960:2025&source=2
SP.POP.GROW,Population growth (annual %),demography,SOM,2025,3.3397984923678,% annual,,source_reported,WDI_SP.POP.GROW,2026-07-13,https://api.worldbank.org/v2/country/SOM/indicator/SP.POP.GROW?format=json&per_page=1000&date=1960:2025&source=2
SP.POP.TOTL,"Population, total",demography,SOM,1960,2876331,people,,source_reported,WDI_SP.POP.TOTL,2026-07-13,https://api.worldbank.org/v2/country/SOM/indicator/SP.POP.TOTL?format=json&per_page=1000&date=1960:2025&source=2
SP.POP.TOTL,"Population, total",demography,SOM,1961,2952054,people,,source_reported,WDI_SP.POP.TOTL,2026-07-13,https://api.worldbank.org/v2/country/SOM/indicator/SP.POP.TOTL?format=json&per_page=1000&date=1960:2025&source=2
SP.POP.TOTL,"Population, total",demography,SOM,1962,3030091,people,,source_reported,WDI_SP.POP.TOTL,2026-07-13,https://api.worldbank.org/v2/country/SOM/indicator/SP.POP.TOTL?format=json&per_page=1000&date=1960:2025&source=2
SP.POP.TOTL,"Population, total",demography,SOM,1963,3110361,people,,source_reported,WDI_SP.POP.TOTL,2026-07-13,https://api.worldbank.org/v2/country/SOM/indicator/SP.POP.TOTL?format=json&per_page=1000&date=1960:2025&source=2
SP.POP.TOTL,"Population, total",demography,SOM,1964,3192796,people,,source_reported,WDI_SP.POP.TOTL,2026-07-13,https://api.worldbank.org/v2/country/SOM/indicator/SP.POP.TOTL?format=json&per_page=1000&date=1960:2025&source=2
SP.POP.TOTL,"Population, total",demography,SOM,1965,3277874,people,,source_reported,WDI_SP.POP.TOTL,2026-07-13,https://api.worldbank.org/v2/country/SOM/indicator/SP.POP.TOTL?format=json&per_page=1000&date=1960:2025&source=2
SP.POP.TOTL,"Population, total",demography,SOM,1966,3365106,people,,source_reported,WDI_SP.POP.TOTL,2026-07-13,https://api.worldbank.org/v2/country/SOM/indicator/SP.POP.TOTL?format=json&per_page=1000&date=1960:2025&source=2
SP.POP.TOTL,"Population, total",demography,SOM,1967,3454537,people,,source_reported,WDI_SP.POP.TOTL,2026-07-13,https://api.worldbank.org/v2/country/SOM/indicator/SP.POP.TOTL?format=json&per_page=1000&date=1960:2025&source=2
SP.POP.TOTL,"Population, total",demography,SOM,1968,3546590,people,,source_reported,WDI_SP.POP.TOTL,2026-07-13,https://api.worldbank.org/v2/country/SOM/indicator/SP.POP.TOTL?format=json&per_page=1000&date=1960:2025&source=2
SP.POP.TOTL,"Population, total",demography,SOM,1969,3641015,people,,source_reported,WDI_SP.POP.TOTL,2026-07-13,https://api.worldbank.org/v2/country/SOM/indicator/SP.POP.TOTL?format=json&per_page=1000&date=1960:2025&source=2
SP.POP.TOTL,"Population, total",demography,SOM,1970,3738448,people,,source_reported,WDI_SP.POP.TOTL,2026-07-13,https://api.worldbank.org/v2/country/SOM/indicator/SP.POP.TOTL?format=json&per_page=1000&date=1960:2025&source=2
SP.POP.TOTL,"Population, total",demography,SOM,1971,3837691,people,,source_reported,WDI_SP.POP.TOTL,2026-07-13,https://api.worldbank.org/v2/country/SOM/indicator/SP.POP.TOTL?format=json&per_page=1000&date=1960:2025&source=2
SP.POP.TOTL,"Population, total",demography,SOM,1972,3939436,people,,source_reported,WDI_SP.POP.TOTL,2026-07-13,https://api.worldbank.org/v2/country/SOM/indicator/SP.POP.TOTL?format=json&per_page=1000&date=1960:2025&source=2
SP.POP.TOTL,"Population, total",demography,SOM,1973,4045592,people,,source_reported,WDI_SP.POP.TOTL,2026-07-13,https://api.worldbank.org/v2/country/SOM/indicator/SP.POP.TOTL?format=json&per_page=1000&date=1960:2025&source=2
SP.POP.TOTL,"Population, total",demography,SOM,1974,4151842,people,,source_reported,WDI_SP.POP.TOTL,2026-07-13,https://api.worldbank.org/v2/country/SOM/indicator/SP.POP.TOTL?format=json&per_page=1000&date=1960:2025&source=2
SP.POP.TOTL,"Population, total",demography,SOM,1975,4257535,people,,source_reported,WDI_SP.POP.TOTL,2026-07-13,https://api.worldbank.org/v2/country/SOM/indicator/SP.POP.TOTL?format=json&per_page=1000&date=1960:2025&source=2
SP.POP.TOTL,"Population, total",demography,SOM,1976,4365812,people,,source_reported,WDI_SP.POP.TOTL,2026-07-13,https://api.worldbank.org/v2/country/SOM/indicator/SP.POP.TOTL?format=json&per_page=1000&date=1960:2025&source=2
SP.POP.TOTL,"Population, total",demography,SOM,1977,4484050,people,,source_reported,WDI_SP.POP.TOTL,2026-07-13,https://api.worldbank.org/v2/country/SOM/indicator/SP.POP.TOTL?format=json&per_page=1000&date=1960:2025&source=2
SP.POP.TOTL,"Population, total",demography,SOM,1978,4814892,people,,source_reported,WDI_SP.POP.TOTL,2026-07-13,https://api.worldbank.org/v2/country/SOM/indicator/SP.POP.TOTL?format=json&per_page=1000&date=1960:2025&source=2
SP.POP.TOTL,"Population, total",demography,SOM,1979,5449117,people,,source_reported,WDI_SP.POP.TOTL,2026-07-13,https://api.worldbank.org/v2/country/SOM/indicator/SP.POP.TOTL?format=json&per_page=1000&date=1960:2025&source=2
SP.POP.TOTL,"Population, total",demography,SOM,1980,5936154,people,,source_reported,WDI_SP.POP.TOTL,2026-07-13,https://api.worldbank.org/v2/country/SOM/indicator/SP.POP.TOTL?format=json&per_page=1000&date=1960:2025&source=2
SP.POP.TOTL,"Population, total",demography,SOM,1981,5982849,people,,source_reported,WDI_SP.POP.TOTL,2026-07-13,https://api.worldbank.org/v2/country/SOM/indicator/SP.POP.TOTL?format=json&per_page=1000&date=1960:2025&source=2
SP.POP.TOTL,"Population, total",demography,SOM,1982,6003840,people,,source_reported,WDI_SP.POP.TOTL,2026-07-13,https://api.worldbank.org/v2/country/SOM/indicator/SP.POP.TOTL?format=json&per_page=1000&date=1960:2025&source=2
SP.POP.TOTL,"Population, total",demography,SOM,1983,6198430,people,,source_reported,WDI_SP.POP.TOTL,2026-07-13,https://api.worldbank.org/v2/country/SOM/indicator/SP.POP.TOTL?format=json&per_page=1000&date=1960:2025&source=2
SP.POP.TOTL,"Population, total",demography,SOM,1984,6428389,people,,source_reported,WDI_SP.POP.TOTL,2026-07-13,https://api.worldbank.org/v2/country/SOM/indicator/SP.POP.TOTL?format=json&per_page=1000&date=1960:2025&source=2
SP.POP.TOTL,"Population, total",demography,SOM,1985,6693289,people,,source_reported,WDI_SP.POP.TOTL,2026-07-13,https://api.worldbank.org/v2/country/SOM/indicator/SP.POP.TOTL?format=json&per_page=1000&date=1960:2025&source=2
SP.POP.TOTL,"Population, total",demography,SOM,1986,6974788,people,,source_reported,WDI_SP.POP.TOTL,2026-07-13,https://api.worldbank.org/v2/country/SOM/indicator/SP.POP.TOTL?format=json&per_page=1000&date=1960:2025&source=2
SP.POP.TOTL,"Population, total",demography,SOM,1987,7228302,people,,source_reported,WDI_SP.POP.TOTL,2026-07-13,https://api.worldbank.org/v2/country/SOM/indicator/SP.POP.TOTL?format=json&per_page=1000&date=1960:2025&source=2
SP.POP.TOTL,"Population, total",demography,SOM,1988,7235360,people,,source_reported,WDI_SP.POP.TOTL,2026-07-13,https://api.worldbank.org/v2/country/SOM/indicator/SP.POP.TOTL?format=json&per_page=1000&date=1960:2025&source=2
SP.POP.TOTL,"Population, total",demography,SOM,1989,7114817,people,,source_reported,WDI_SP.POP.TOTL,2026-07-13,https://api.worldbank.org/v2/country/SOM/indicator/SP.POP.TOTL?format=json&per_page=1000&date=1960:2025&source=2
SP.POP.TOTL,"Population, total",demography,SOM,1990,7082811,people,,source_reported,WDI_SP.POP.TOTL,2026-07-13,https://api.worldbank.org/v2/country/SOM/indicator/SP.POP.TOTL?format=json&per_page=1000&date=1960:2025&source=2
SP.POP.TOTL,"Population, total",demography,SOM,1991,6813760,people,,source_reported,WDI_SP.POP.TOTL,2026-07-13,https://api.worldbank.org/v2/country/SOM/indicator/SP.POP.TOTL?format=json&per_page=1000&date=1960:2025&source=2
SP.POP.TOTL,"Population, total",demography,SOM,1992,6495107,people,,source_reported,WDI_SP.POP.TOTL,2026-07-13,https://api.worldbank.org/v2/country/SOM/indicator/SP.POP.TOTL?format=json&per_page=1000&date=1960:2025&source=2
SP.POP.TOTL,"Population, total",demography,SOM,1993,6681399,people,,source_reported,WDI_SP.POP.TOTL,2026-07-13,https://api.worldbank.org/v2/country/SOM/indicator/SP.POP.TOTL?format=json&per_page=1000&date=1960:2025&source=2
SP.POP.TOTL,"Population, total",demography,SOM,1994,7026797,people,,source_reported,WDI_SP.POP.TOTL,2026-07-13,https://api.worldbank.org/v2/country/SOM/indicator/SP.POP.TOTL?format=json&per_page=1000&date=1960:2025&source=2
SP.POP.TOTL,"Population, total",demography,SOM,1995,7285007,people,,source_reported,WDI_SP.POP.TOTL,2026-07-13,https://api.worldbank.org/v2/country/SOM/indicator/SP.POP.TOTL?format=json&per_page=1000&date=1960:2025&source=2
SP.POP.TOTL,"Population, total",demography,SOM,1996,7554474,people,,source_reported,WDI_SP.POP.TOTL,2026-07-13,https://api.worldbank.org/v2/country/SOM/indicator/SP.POP.TOTL?format=json&per_page=1000&date=1960:2025&source=2
SP.POP.TOTL,"Population, total",demography,SOM,1997,7824525,people,,source_reported,WDI_SP.POP.TOTL,2026-07-13,https://api.worldbank.org/v2/country/SOM/indicator/SP.POP.TOTL?format=json&per_page=1000&date=1960:2025&source=2
SP.POP.TOTL,"Population, total",demography,SOM,1998,8155417,people,,source_reported,WDI_SP.POP.TOTL,2026-07-13,https://api.worldbank.org/v2/country/SOM/indicator/SP.POP.TOTL?format=json&per_page=1000&date=1960:2025&source=2
SP.POP.TOTL,"Population, total",demography,SOM,1999,8492059,people,,source_reported,WDI_SP.POP.TOTL,2026-07-13,https://api.worldbank.org/v2/country/SOM/indicator/SP.POP.TOTL?format=json&per_page=1000&date=1960:2025&source=2
SP.POP.TOTL,"Population, total",demography,SOM,2000,8838713,people,,source_reported,WDI_SP.POP.TOTL,2026-07-13,https://api.worldbank.org/v2/country/SOM/indicator/SP.POP.TOTL?format=json&per_page=1000&date=1960:2025&source=2
SP.POP.TOTL,"Population, total",demography,SOM,2001,9198493,people,,source_reported,WDI_SP.POP.TOTL,2026-07-13,https://api.worldbank.org/v2/country/SOM/indicator/SP.POP.TOTL?format=json&per_page=1000&date=1960:2025&source=2
SP.POP.TOTL,"Population, total",demography,SOM,2002,9550063,people,,source_reported,WDI_SP.POP.TOTL,2026-07-13,https://api.worldbank.org/v2/country/SOM/indicator/SP.POP.TOTL?format=json&per_page=1000&date=1960:2025&source=2
SP.POP.TOTL,"Population, total",demography,SOM,2003,9909157,people,,source_reported,WDI_SP.POP.TOTL,2026-07-13,https://api.worldbank.org/v2/country/SOM/indicator/SP.POP.TOTL?format=json&per_page=1000&date=1960:2025&source=2
SP.POP.TOTL,"Population, total",demography,SOM,2004,10280998,people,,source_reported,WDI_SP.POP.TOTL,2026-07-13,https://api.worldbank.org/v2/country/SOM/indicator/SP.POP.TOTL?format=json&per_page=1000&date=1960:2025&source=2
SP.POP.TOTL,"Population, total",demography,SOM,2005,10644228,people,,source_reported,WDI_SP.POP.TOTL,2026-07-13,https://api.worldbank.org/v2/country/SOM/indicator/SP.POP.TOTL?format=json&per_page=1000&date=1960:2025&source=2
SP.POP.TOTL,"Population, total",demography,SOM,2006,10975502,people,,source_reported,WDI_SP.POP.TOTL,2026-07-13,https://api.worldbank.org/v2/country/SOM/indicator/SP.POP.TOTL?format=json&per_page=1000&date=1960:2025&source=2
SP.POP.TOTL,"Population, total",demography,SOM,2007,11322582,people,,source_reported,WDI_SP.POP.TOTL,2026-07-13,https://api.worldbank.org/v2/country/SOM/indicator/SP.POP.TOTL?format=json&per_page=1000&date=1960:2025&source=2
SP.POP.TOTL,"Population, total",demography,SOM,2008,11663084,people,,source_reported,WDI_SP.POP.TOTL,2026-07-13,https://api.worldbank.org/v2/country/SOM/indicator/SP.POP.TOTL?format=json&per_page=1000&date=1960:2025&source=2
SP.POP.TOTL,"Population, total",demography,SOM,2009,11961201,people,,source_reported,WDI_SP.POP.TOTL,2026-07-13,https://api.worldbank.org/v2/country/SOM/indicator/SP.POP.TOTL?format=json&per_page=1000&date=1960:2025&source=2
SP.POP.TOTL,"Population, total",demography,SOM,2010,12261756,people,,source_reported,WDI_SP.POP.TOTL,2026-07-13,https://api.worldbank.org/v2/country/SOM/indicator/SP.POP.TOTL?format=json&per_page=1000&date=1960:2025&source=2
SP.POP.TOTL,"Population, total",demography,SOM,2011,12348830,people,,source_reported,WDI_SP.POP.TOTL,2026-07-13,https://api.worldbank.org/v2/country/SOM/indicator/SP.POP.TOTL?format=json&per_page=1000&date=1960:2025&source=2
SP.POP.TOTL,"Population, total",demography,SOM,2012,12461160,people,,source_reported,WDI_SP.POP.TOTL,2026-07-13,https://api.worldbank.org/v2/country/SOM/indicator/SP.POP.TOTL?format=json&per_page=1000&date=1960:2025&source=2
SP.POP.TOTL,"Population, total",demography,SOM,2013,12869594,people,,source_reported,WDI_SP.POP.TOTL,2026-07-13,https://api.worldbank.org/v2/country/SOM/indicator/SP.POP.TOTL?format=json&per_page=1000&date=1960:2025&source=2
SP.POP.TOTL,"Population, total",demography,SOM,2014,13339491,people,,source_reported,WDI_SP.POP.TOTL,2026-07-13,https://api.worldbank.org/v2/country/SOM/indicator/SP.POP.TOTL?format=json&per_page=1000&date=1960:2025&source=2
SP.POP.TOTL,"Population, total",demography,SOM,2015,13806963,people,,source_reported,WDI_SP.POP.TOTL,2026-07-13,https://api.worldbank.org/v2/country/SOM/indicator/SP.POP.TOTL?format=json&per_page=1000&date=1960:2025&source=2
SP.POP.TOTL,"Population, total",demography,SOM,2016,14348740,people,,source_reported,WDI_SP.POP.TOTL,2026-07-13,https://api.worldbank.org/v2/country/SOM/indicator/SP.POP.TOTL?format=json&per_page=1000&date=1960:2025&source=2
SP.POP.TOTL,"Population, total",demography,SOM,2017,14916629,people,,source_reported,WDI_SP.POP.TOTL,2026-07-13,https://api.worldbank.org/v2/country/SOM/indicator/SP.POP.TOTL?format=json&per_page=1000&date=1960:2025&source=2
SP.POP.TOTL,"Population, total",demography,SOM,2018,15452487,people,,source_reported,WDI_SP.POP.TOTL,2026-07-13,https://api.worldbank.org/v2/country/SOM/indicator/SP.POP.TOTL?format=json&per_page=1000&date=1960:2025&source=2
SP.POP.TOTL,"Population, total",demography,SOM,2019,16030971,people,,source_reported,WDI_SP.POP.TOTL,2026-07-13,https://api.worldbank.org/v2/country/SOM/indicator/SP.POP.TOTL?format=json&per_page=1000&date=1960:2025&source=2
SP.POP.TOTL,"Population, total",demography,SOM,2020,16651191,people,,source_reported,WDI_SP.POP.TOTL,2026-07-13,https://api.worldbank.org/v2/country/SOM/indicator/SP.POP.TOTL?format=json&per_page=1000&date=1960:2025&source=2
SP.POP.TOTL,"Population, total",demography,SOM,2021,17271431,people,,source_reported,WDI_SP.POP.TOTL,2026-07-13,https://api.worldbank.org/v2/country/SOM/indicator/SP.POP.TOTL?format=json&per_page=1000&date=1960:2025&source=2
SP.POP.TOTL,"Population, total",demography,SOM,2022,17801897,people,,source_reported,WDI_SP.POP.TOTL,2026-07-13,https://api.worldbank.org/v2/country/SOM/indicator/SP.POP.TOTL?format=json&per_page=1000&date=1960:2025&source=2
SP.POP.TOTL,"Population, total",demography,SOM,2023,18358615,people,,source_reported,WDI_SP.POP.TOTL,2026-07-13,https://api.worldbank.org/v2/country/SOM/indicator/SP.POP.TOTL?format=json&per_page=1000&date=1960:2025&source=2
SP.POP.TOTL,"Population, total",demography,SOM,2024,19009151,people,,source_reported,WDI_SP.POP.TOTL,2026-07-13,https://api.worldbank.org/v2/country/SOM/indicator/SP.POP.TOTL?format=json&per_page=1000&date=1960:2025&source=2
SP.POP.TOTL,"Population, total",demography,SOM,2025,19654739,people,,source_reported,WDI_SP.POP.TOTL,2026-07-13,https://api.worldbank.org/v2/country/SOM/indicator/SP.POP.TOTL?format=json&per_page=1000&date=1960:2025&source=2
SP.RUR.TOTL,Rural population,demography,SOM,1960,2368193,people,,source_reported,WDI_SP.RUR.TOTL,2026-07-13,https://api.worldbank.org/v2/country/SOM/indicator/SP.RUR.TOTL?format=json&per_page=1000&date=1960:2025&source=2
SP.RUR.TOTL,Rural population,demography,SOM,1961,2415542,people,,source_reported,WDI_SP.RUR.TOTL,2026-07-13,https://api.worldbank.org/v2/country/SOM/indicator/SP.RUR.TOTL?format=json&per_page=1000&date=1960:2025&source=2
SP.RUR.TOTL,Rural population,demography,SOM,1962,2463905,people,,source_reported,WDI_SP.RUR.TOTL,2026-07-13,https://api.worldbank.org/v2/country/SOM/indicator/SP.RUR.TOTL?format=json&per_page=1000&date=1960:2025&source=2
SP.RUR.TOTL,Rural population,demography,SOM,1963,2513172,people,,source_reported,WDI_SP.RUR.TOTL,2026-07-13,https://api.worldbank.org/v2/country/SOM/indicator/SP.RUR.TOTL?format=json&per_page=1000&date=1960:2025&source=2
SP.RUR.TOTL,Rural population,demography,SOM,1964,2562719,people,,source_reported,WDI_SP.RUR.TOTL,2026-07-13,https://api.worldbank.org/v2/country/SOM/indicator/SP.RUR.TOTL?format=json&per_page=1000&date=1960:2025&source=2
SP.RUR.TOTL,Rural population,demography,SOM,1965,2612508,people,,source_reported,WDI_SP.RUR.TOTL,2026-07-13,https://api.worldbank.org/v2/country/SOM/indicator/SP.RUR.TOTL?format=json&per_page=1000&date=1960:2025&source=2
SP.RUR.TOTL,Rural population,demography,SOM,1966,2662347,people,,source_reported,WDI_SP.RUR.TOTL,2026-07-13,https://api.worldbank.org/v2/country/SOM/indicator/SP.RUR.TOTL?format=json&per_page=1000&date=1960:2025&source=2
SP.RUR.TOTL,Rural population,demography,SOM,1967,2712503,people,,source_reported,WDI_SP.RUR.TOTL,2026-07-13,https://api.worldbank.org/v2/country/SOM/indicator/SP.RUR.TOTL?format=json&per_page=1000&date=1960:2025&source=2
SP.RUR.TOTL,Rural population,demography,SOM,1968,2763568,people,,source_reported,WDI_SP.RUR.TOTL,2026-07-13,https://api.worldbank.org/v2/country/SOM/indicator/SP.RUR.TOTL?format=json&per_page=1000&date=1960:2025&source=2
SP.RUR.TOTL,Rural population,demography,SOM,1969,2815639,people,,source_reported,WDI_SP.RUR.TOTL,2026-07-13,https://api.worldbank.org/v2/country/SOM/indicator/SP.RUR.TOTL?format=json&per_page=1000&date=1960:2025&source=2
SP.RUR.TOTL,Rural population,demography,SOM,1970,2869533,people,,source_reported,WDI_SP.RUR.TOTL,2026-07-13,https://api.worldbank.org/v2/country/SOM/indicator/SP.RUR.TOTL?format=json&per_page=1000&date=1960:2025&source=2
SP.RUR.TOTL,Rural population,demography,SOM,1971,2924695,people,,source_reported,WDI_SP.RUR.TOTL,2026-07-13,https://api.worldbank.org/v2/country/SOM/indicator/SP.RUR.TOTL?format=json&per_page=1000&date=1960:2025&source=2
SP.RUR.TOTL,Rural population,demography,SOM,1972,2982068,people,,source_reported,WDI_SP.RUR.TOTL,2026-07-13,https://api.worldbank.org/v2/country/SOM/indicator/SP.RUR.TOTL?format=json&per_page=1000&date=1960:2025&source=2
SP.RUR.TOTL,Rural population,demography,SOM,1973,3043536,people,,source_reported,WDI_SP.RUR.TOTL,2026-07-13,https://api.worldbank.org/v2/country/SOM/indicator/SP.RUR.TOTL?format=json&per_page=1000&date=1960:2025&source=2
SP.RUR.TOTL,Rural population,demography,SOM,1974,3106342,people,,source_reported,WDI_SP.RUR.TOTL,2026-07-13,https://api.worldbank.org/v2/country/SOM/indicator/SP.RUR.TOTL?format=json&per_page=1000&date=1960:2025&source=2
SP.RUR.TOTL,Rural population,demography,SOM,1975,3170467,people,,source_reported,WDI_SP.RUR.TOTL,2026-07-13,https://api.worldbank.org/v2/country/SOM/indicator/SP.RUR.TOTL?format=json&per_page=1000&date=1960:2025&source=2
SP.RUR.TOTL,Rural population,demography,SOM,1976,3237499,people,,source_reported,WDI_SP.RUR.TOTL,2026-07-13,https://api.worldbank.org/v2/country/SOM/indicator/SP.RUR.TOTL?format=json&per_page=1000&date=1960:2025&source=2
SP.RUR.TOTL,Rural population,demography,SOM,1977,3312545,people,,source_reported,WDI_SP.RUR.TOTL,2026-07-13,https://api.worldbank.org/v2/country/SOM/indicator/SP.RUR.TOTL?format=json&per_page=1000&date=1960:2025&source=2
SP.RUR.TOTL,Rural population,demography,SOM,1978,3544547,people,,source_reported,WDI_SP.RUR.TOTL,2026-07-13,https://api.worldbank.org/v2/country/SOM/indicator/SP.RUR.TOTL?format=json&per_page=1000&date=1960:2025&source=2
SP.RUR.TOTL,Rural population,demography,SOM,1979,3998426,people,,source_reported,WDI_SP.RUR.TOTL,2026-07-13,https://api.worldbank.org/v2/country/SOM/indicator/SP.RUR.TOTL?format=json&per_page=1000&date=1960:2025&source=2
SP.RUR.TOTL,Rural population,demography,SOM,1980,4342421,people,,source_reported,WDI_SP.RUR.TOTL,2026-07-13,https://api.worldbank.org/v2/country/SOM/indicator/SP.RUR.TOTL?format=json&per_page=1000&date=1960:2025&source=2
SP.RUR.TOTL,Rural population,demography,SOM,1981,4363576,people,,source_reported,WDI_SP.RUR.TOTL,2026-07-13,https://api.worldbank.org/v2/country/SOM/indicator/SP.RUR.TOTL?format=json&per_page=1000&date=1960:2025&source=2
SP.RUR.TOTL,Rural population,demography,SOM,1982,4365999,people,,source_reported,WDI_SP.RUR.TOTL,2026-07-13,https://api.worldbank.org/v2/country/SOM/indicator/SP.RUR.TOTL?format=json&per_page=1000&date=1960:2025&source=2
SP.RUR.TOTL,Rural population,demography,SOM,1983,4494037,people,,source_reported,WDI_SP.RUR.TOTL,2026-07-13,https://api.worldbank.org/v2/country/SOM/indicator/SP.RUR.TOTL?format=json&per_page=1000&date=1960:2025&source=2
SP.RUR.TOTL,Rural population,demography,SOM,1984,4646280,people,,source_reported,WDI_SP.RUR.TOTL,2026-07-13,https://api.worldbank.org/v2/country/SOM/indicator/SP.RUR.TOTL?format=json&per_page=1000&date=1960:2025&source=2
SP.RUR.TOTL,Rural population,demography,SOM,1985,4821769,people,,source_reported,WDI_SP.RUR.TOTL,2026-07-13,https://api.worldbank.org/v2/country/SOM/indicator/SP.RUR.TOTL?format=json&per_page=1000&date=1960:2025&source=2
SP.RUR.TOTL,Rural population,demography,SOM,1986,5006605,people,,source_reported,WDI_SP.RUR.TOTL,2026-07-13,https://api.worldbank.org/v2/country/SOM/indicator/SP.RUR.TOTL?format=json&per_page=1000&date=1960:2025&source=2
SP.RUR.TOTL,Rural population,demography,SOM,1987,5168236,people,,source_reported,WDI_SP.RUR.TOTL,2026-07-13,https://api.worldbank.org/v2/country/SOM/indicator/SP.RUR.TOTL?format=json&per_page=1000&date=1960:2025&source=2
SP.RUR.TOTL,Rural population,demography,SOM,1988,5151797,people,,source_reported,WDI_SP.RUR.TOTL,2026-07-13,https://api.worldbank.org/v2/country/SOM/indicator/SP.RUR.TOTL?format=json&per_page=1000&date=1960:2025&source=2
SP.RUR.TOTL,Rural population,demography,SOM,1989,5044544,people,,source_reported,WDI_SP.RUR.TOTL,2026-07-13,https://api.worldbank.org/v2/country/SOM/indicator/SP.RUR.TOTL?format=json&per_page=1000&date=1960:2025&source=2
SP.RUR.TOTL,Rural population,demography,SOM,1990,5000136,people,,source_reported,WDI_SP.RUR.TOTL,2026-07-13,https://api.worldbank.org/v2/country/SOM/indicator/SP.RUR.TOTL?format=json&per_page=1000&date=1960:2025&source=2
SP.RUR.TOTL,Rural population,demography,SOM,1991,4788846,people,,source_reported,WDI_SP.RUR.TOTL,2026-07-13,https://api.worldbank.org/v2/country/SOM/indicator/SP.RUR.TOTL?format=json&per_page=1000&date=1960:2025&source=2
SP.RUR.TOTL,Rural population,demography,SOM,1992,4544011,people,,source_reported,WDI_SP.RUR.TOTL,2026-07-13,https://api.worldbank.org/v2/country/SOM/indicator/SP.RUR.TOTL?format=json&per_page=1000&date=1960:2025&source=2
SP.RUR.TOTL,Rural population,demography,SOM,1993,4652235,people,,source_reported,WDI_SP.RUR.TOTL,2026-07-13,https://api.worldbank.org/v2/country/SOM/indicator/SP.RUR.TOTL?format=json&per_page=1000&date=1960:2025&source=2
SP.RUR.TOTL,Rural population,demography,SOM,1994,4868733,people,,source_reported,WDI_SP.RUR.TOTL,2026-07-13,https://api.worldbank.org/v2/country/SOM/indicator/SP.RUR.TOTL?format=json&per_page=1000&date=1960:2025&source=2
SP.RUR.TOTL,Rural population,demography,SOM,1995,5021882,people,,source_reported,WDI_SP.RUR.TOTL,2026-07-13,https://api.worldbank.org/v2/country/SOM/indicator/SP.RUR.TOTL?format=json&per_page=1000&date=1960:2025&source=2
SP.RUR.TOTL,Rural population,demography,SOM,1996,5179918,people,,source_reported,WDI_SP.RUR.TOTL,2026-07-13,https://api.worldbank.org/v2/country/SOM/indicator/SP.RUR.TOTL?format=json&per_page=1000&date=1960:2025&source=2
SP.RUR.TOTL,Rural population,demography,SOM,1997,5335230,people,,source_reported,WDI_SP.RUR.TOTL,2026-07-13,https://api.worldbank.org/v2/country/SOM/indicator/SP.RUR.TOTL?format=json&per_page=1000&date=1960:2025&source=2
SP.RUR.TOTL,Rural population,demography,SOM,1998,5528434,people,,source_reported,WDI_SP.RUR.TOTL,2026-07-13,https://api.worldbank.org/v2/country/SOM/indicator/SP.RUR.TOTL?format=json&per_page=1000&date=1960:2025&source=2
SP.RUR.TOTL,Rural population,demography,SOM,1999,5721416,people,,source_reported,WDI_SP.RUR.TOTL,2026-07-13,https://api.worldbank.org/v2/country/SOM/indicator/SP.RUR.TOTL?format=json&per_page=1000&date=1960:2025&source=2
SP.RUR.TOTL,Rural population,demography,SOM,2000,5916669,people,,source_reported,WDI_SP.RUR.TOTL,2026-07-13,https://api.worldbank.org/v2/country/SOM/indicator/SP.RUR.TOTL?format=json&per_page=1000&date=1960:2025&source=2
SP.RUR.TOTL,Rural population,demography,SOM,2001,6115819,people,,source_reported,WDI_SP.RUR.TOTL,2026-07-13,https://api.worldbank.org/v2/country/SOM/indicator/SP.RUR.TOTL?format=json&per_page=1000&date=1960:2025&source=2
SP.RUR.TOTL,Rural population,demography,SOM,2002,6304263,people,,source_reported,WDI_SP.RUR.TOTL,2026-07-13,https://api.worldbank.org/v2/country/SOM/indicator/SP.RUR.TOTL?format=json&per_page=1000&date=1960:2025&source=2
SP.RUR.TOTL,Rural population,demography,SOM,2003,6493276,people,,source_reported,WDI_SP.RUR.TOTL,2026-07-13,https://api.worldbank.org/v2/country/SOM/indicator/SP.RUR.TOTL?format=json&per_page=1000&date=1960:2025&source=2
SP.RUR.TOTL,Rural population,demography,SOM,2004,6686548,people,,source_reported,WDI_SP.RUR.TOTL,2026-07-13,https://api.worldbank.org/v2/country/SOM/indicator/SP.RUR.TOTL?format=json&per_page=1000&date=1960:2025&source=2
SP.RUR.TOTL,Rural population,demography,SOM,2005,6868987,people,,source_reported,WDI_SP.RUR.TOTL,2026-07-13,https://api.worldbank.org/v2/country/SOM/indicator/SP.RUR.TOTL?format=json&per_page=1000&date=1960:2025&source=2
SP.RUR.TOTL,Rural population,demography,SOM,2006,7024518,people,,source_reported,WDI_SP.RUR.TOTL,2026-07-13,https://api.worldbank.org/v2/country/SOM/indicator/SP.RUR.TOTL?format=json&per_page=1000&date=1960:2025&source=2
SP.RUR.TOTL,Rural population,demography,SOM,2007,7182571,people,,source_reported,WDI_SP.RUR.TOTL,2026-07-13,https://api.worldbank.org/v2/country/SOM/indicator/SP.RUR.TOTL?format=json&per_page=1000&date=1960:2025&source=2
SP.RUR.TOTL,Rural population,demography,SOM,2008,7327283,people,,source_reported,WDI_SP.RUR.TOTL,2026-07-13,https://api.worldbank.org/v2/country/SOM/indicator/SP.RUR.TOTL?format=json&per_page=1000&date=1960:2025&source=2
SP.RUR.TOTL,Rural population,demography,SOM,2009,7434859,people,,source_reported,WDI_SP.RUR.TOTL,2026-07-13,https://api.worldbank.org/v2/country/SOM/indicator/SP.RUR.TOTL?format=json&per_page=1000&date=1960:2025&source=2
SP.RUR.TOTL,Rural population,demography,SOM,2010,7531967,people,,source_reported,WDI_SP.RUR.TOTL,2026-07-13,https://api.worldbank.org/v2/country/SOM/indicator/SP.RUR.TOTL?format=json&per_page=1000&date=1960:2025&source=2
SP.RUR.TOTL,Rural population,demography,SOM,2011,7485821,people,,source_reported,WDI_SP.RUR.TOTL,2026-07-13,https://api.worldbank.org/v2/country/SOM/indicator/SP.RUR.TOTL?format=json&per_page=1000&date=1960:2025&source=2
SP.RUR.TOTL,Rural population,demography,SOM,2012,7442768,people,,source_reported,WDI_SP.RUR.TOTL,2026-07-13,https://api.worldbank.org/v2/country/SOM/indicator/SP.RUR.TOTL?format=json&per_page=1000&date=1960:2025&source=2
SP.RUR.TOTL,Rural population,demography,SOM,2013,7559683,people,,source_reported,WDI_SP.RUR.TOTL,2026-07-13,https://api.worldbank.org/v2/country/SOM/indicator/SP.RUR.TOTL?format=json&per_page=1000&date=1960:2025&source=2
SP.RUR.TOTL,Rural population,demography,SOM,2014,7690014,people,,source_reported,WDI_SP.RUR.TOTL,2026-07-13,https://api.worldbank.org/v2/country/SOM/indicator/SP.RUR.TOTL?format=json&per_page=1000&date=1960:2025&source=2
SP.RUR.TOTL,Rural population,demography,SOM,2015,7750979,people,,source_reported,WDI_SP.RUR.TOTL,2026-07-13,https://api.worldbank.org/v2/country/SOM/indicator/SP.RUR.TOTL?format=json&per_page=1000&date=1960:2025&source=2
SP.RUR.TOTL,Rural population,demography,SOM,2016,7756521,people,,source_reported,WDI_SP.RUR.TOTL,2026-07-13,https://api.worldbank.org/v2/country/SOM/indicator/SP.RUR.TOTL?format=json&per_page=1000&date=1960:2025&source=2
SP.RUR.TOTL,Rural population,demography,SOM,2017,7702356,people,,source_reported,WDI_SP.RUR.TOTL,2026-07-13,https://api.worldbank.org/v2/country/SOM/indicator/SP.RUR.TOTL?format=json&per_page=1000&date=1960:2025&source=2
SP.RUR.TOTL,Rural population,demography,SOM,2018,7579349,people,,source_reported,WDI_SP.RUR.TOTL,2026-07-13,https://api.worldbank.org/v2/country/SOM/indicator/SP.RUR.TOTL?format=json&per_page=1000&date=1960:2025&source=2
SP.RUR.TOTL,Rural population,demography,SOM,2019,7752238,people,,source_reported,WDI_SP.RUR.TOTL,2026-07-13,https://api.worldbank.org/v2/country/SOM/indicator/SP.RUR.TOTL?format=json&per_page=1000&date=1960:2025&source=2
SP.RUR.TOTL,Rural population,demography,SOM,2020,7944896,people,,source_reported,WDI_SP.RUR.TOTL,2026-07-13,https://api.worldbank.org/v2/country/SOM/indicator/SP.RUR.TOTL?format=json&per_page=1000&date=1960:2025&source=2
SP.RUR.TOTL,Rural population,demography,SOM,2021,8133796,people,,source_reported,WDI_SP.RUR.TOTL,2026-07-13,https://api.worldbank.org/v2/country/SOM/indicator/SP.RUR.TOTL?format=json&per_page=1000&date=1960:2025&source=2
SP.RUR.TOTL,Rural population,demography,SOM,2022,8277702,people,,source_reported,WDI_SP.RUR.TOTL,2026-07-13,https://api.worldbank.org/v2/country/SOM/indicator/SP.RUR.TOTL?format=json&per_page=1000&date=1960:2025&source=2
SP.RUR.TOTL,Rural population,demography,SOM,2023,8431847,people,,source_reported,WDI_SP.RUR.TOTL,2026-07-13,https://api.worldbank.org/v2/country/SOM/indicator/SP.RUR.TOTL?format=json&per_page=1000&date=1960:2025&source=2
SP.RUR.TOTL,Rural population,demography,SOM,2024,8626800,people,,source_reported,WDI_SP.RUR.TOTL,2026-07-13,https://api.worldbank.org/v2/country/SOM/indicator/SP.RUR.TOTL?format=json&per_page=1000&date=1960:2025&source=2
SP.RUR.TOTL,Rural population,demography,SOM,2025,8817134,people,,source_reported,WDI_SP.RUR.TOTL,2026-07-13,https://api.worldbank.org/v2/country/SOM/indicator/SP.RUR.TOTL?format=json&per_page=1000&date=1960:2025&source=2
SP.URB.TOTL,Urban population,demography,SOM,1960,508138,people,,source_reported,WDI_SP.URB.TOTL,2026-07-13,https://api.worldbank.org/v2/country/SOM/indicator/SP.URB.TOTL?format=json&per_page=1000&date=1960:2025&source=2
SP.URB.TOTL,Urban population,demography,SOM,1961,536512,people,,source_reported,WDI_SP.URB.TOTL,2026-07-13,https://api.worldbank.org/v2/country/SOM/indicator/SP.URB.TOTL?format=json&per_page=1000&date=1960:2025&source=2
SP.URB.TOTL,Urban population,demography,SOM,1962,566186,people,,source_reported,WDI_SP.URB.TOTL,2026-07-13,https://api.worldbank.org/v2/country/SOM/indicator/SP.URB.TOTL?format=json&per_page=1000&date=1960:2025&source=2
SP.URB.TOTL,Urban population,demography,SOM,1963,597189,people,,source_reported,WDI_SP.URB.TOTL,2026-07-13,https://api.worldbank.org/v2/country/SOM/indicator/SP.URB.TOTL?format=json&per_page=1000&date=1960:2025&source=2
SP.URB.TOTL,Urban population,demography,SOM,1964,630077,people,,source_reported,WDI_SP.URB.TOTL,2026-07-13,https://api.worldbank.org/v2/country/SOM/indicator/SP.URB.TOTL?format=json&per_page=1000&date=1960:2025&source=2
SP.URB.TOTL,Urban population,demography,SOM,1965,665366,people,,source_reported,WDI_SP.URB.TOTL,2026-07-13,https://api.worldbank.org/v2/country/SOM/indicator/SP.URB.TOTL?format=json&per_page=1000&date=1960:2025&source=2
SP.URB.TOTL,Urban population,demography,SOM,1966,702759,people,,source_reported,WDI_SP.URB.TOTL,2026-07-13,https://api.worldbank.org/v2/country/SOM/indicator/SP.URB.TOTL?format=json&per_page=1000&date=1960:2025&source=2
SP.URB.TOTL,Urban population,demography,SOM,1967,742034,people,,source_reported,WDI_SP.URB.TOTL,2026-07-13,https://api.worldbank.org/v2/country/SOM/indicator/SP.URB.TOTL?format=json&per_page=1000&date=1960:2025&source=2
SP.URB.TOTL,Urban population,demography,SOM,1968,783022,people,,source_reported,WDI_SP.URB.TOTL,2026-07-13,https://api.worldbank.org/v2/country/SOM/indicator/SP.URB.TOTL?format=json&per_page=1000&date=1960:2025&source=2
SP.URB.TOTL,Urban population,demography,SOM,1969,825376,people,,source_reported,WDI_SP.URB.TOTL,2026-07-13,https://api.worldbank.org/v2/country/SOM/indicator/SP.URB.TOTL?format=json&per_page=1000&date=1960:2025&source=2
SP.URB.TOTL,Urban population,demography,SOM,1970,868915,people,,source_reported,WDI_SP.URB.TOTL,2026-07-13,https://api.worldbank.org/v2/country/SOM/indicator/SP.URB.TOTL?format=json&per_page=1000&date=1960:2025&source=2
SP.URB.TOTL,Urban population,demography,SOM,1971,912996,people,,source_reported,WDI_SP.URB.TOTL,2026-07-13,https://api.worldbank.org/v2/country/SOM/indicator/SP.URB.TOTL?format=json&per_page=1000&date=1960:2025&source=2
SP.URB.TOTL,Urban population,demography,SOM,1972,957368,people,,source_reported,WDI_SP.URB.TOTL,2026-07-13,https://api.worldbank.org/v2/country/SOM/indicator/SP.URB.TOTL?format=json&per_page=1000&date=1960:2025&source=2
SP.URB.TOTL,Urban population,demography,SOM,1973,1002056,people,,source_reported,WDI_SP.URB.TOTL,2026-07-13,https://api.worldbank.org/v2/country/SOM/indicator/SP.URB.TOTL?format=json&per_page=1000&date=1960:2025&source=2
SP.URB.TOTL,Urban population,demography,SOM,1974,1045500,people,,source_reported,WDI_SP.URB.TOTL,2026-07-13,https://api.worldbank.org/v2/country/SOM/indicator/SP.URB.TOTL?format=json&per_page=1000&date=1960:2025&source=2
SP.URB.TOTL,Urban population,demography,SOM,1975,1087068,people,,source_reported,WDI_SP.URB.TOTL,2026-07-13,https://api.worldbank.org/v2/country/SOM/indicator/SP.URB.TOTL?format=json&per_page=1000&date=1960:2025&source=2
SP.URB.TOTL,Urban population,demography,SOM,1976,1128313,people,,source_reported,WDI_SP.URB.TOTL,2026-07-13,https://api.worldbank.org/v2/country/SOM/indicator/SP.URB.TOTL?format=json&per_page=1000&date=1960:2025&source=2
SP.URB.TOTL,Urban population,demography,SOM,1977,1171505,people,,source_reported,WDI_SP.URB.TOTL,2026-07-13,https://api.worldbank.org/v2/country/SOM/indicator/SP.URB.TOTL?format=json&per_page=1000&date=1960:2025&source=2
SP.URB.TOTL,Urban population,demography,SOM,1978,1270345,people,,source_reported,WDI_SP.URB.TOTL,2026-07-13,https://api.worldbank.org/v2/country/SOM/indicator/SP.URB.TOTL?format=json&per_page=1000&date=1960:2025&source=2
SP.URB.TOTL,Urban population,demography,SOM,1979,1450691,people,,source_reported,WDI_SP.URB.TOTL,2026-07-13,https://api.worldbank.org/v2/country/SOM/indicator/SP.URB.TOTL?format=json&per_page=1000&date=1960:2025&source=2
SP.URB.TOTL,Urban population,demography,SOM,1980,1593733,people,,source_reported,WDI_SP.URB.TOTL,2026-07-13,https://api.worldbank.org/v2/country/SOM/indicator/SP.URB.TOTL?format=json&per_page=1000&date=1960:2025&source=2
SP.URB.TOTL,Urban population,demography,SOM,1981,1619273,people,,source_reported,WDI_SP.URB.TOTL,2026-07-13,https://api.worldbank.org/v2/country/SOM/indicator/SP.URB.TOTL?format=json&per_page=1000&date=1960:2025&source=2
SP.URB.TOTL,Urban population,demography,SOM,1982,1637841,people,,source_reported,WDI_SP.URB.TOTL,2026-07-13,https://api.worldbank.org/v2/country/SOM/indicator/SP.URB.TOTL?format=json&per_page=1000&date=1960:2025&source=2
SP.URB.TOTL,Urban population,demography,SOM,1983,1704393,people,,source_reported,WDI_SP.URB.TOTL,2026-07-13,https://api.worldbank.org/v2/country/SOM/indicator/SP.URB.TOTL?format=json&per_page=1000&date=1960:2025&source=2
SP.URB.TOTL,Urban population,demography,SOM,1984,1782109,people,,source_reported,WDI_SP.URB.TOTL,2026-07-13,https://api.worldbank.org/v2/country/SOM/indicator/SP.URB.TOTL?format=json&per_page=1000&date=1960:2025&source=2
SP.URB.TOTL,Urban population,demography,SOM,1985,1871520,people,,source_reported,WDI_SP.URB.TOTL,2026-07-13,https://api.worldbank.org/v2/country/SOM/indicator/SP.URB.TOTL?format=json&per_page=1000&date=1960:2025&source=2
SP.URB.TOTL,Urban population,demography,SOM,1986,1968183,people,,source_reported,WDI_SP.URB.TOTL,2026-07-13,https://api.worldbank.org/v2/country/SOM/indicator/SP.URB.TOTL?format=json&per_page=1000&date=1960:2025&source=2
SP.URB.TOTL,Urban population,demography,SOM,1987,2060066,people,,source_reported,WDI_SP.URB.TOTL,2026-07-13,https://api.worldbank.org/v2/country/SOM/indicator/SP.URB.TOTL?format=json&per_page=1000&date=1960:2025&source=2
SP.URB.TOTL,Urban population,demography,SOM,1988,2083563,people,,source_reported,WDI_SP.URB.TOTL,2026-07-13,https://api.worldbank.org/v2/country/SOM/indicator/SP.URB.TOTL?format=json&per_page=1000&date=1960:2025&source=2
SP.URB.TOTL,Urban population,demography,SOM,1989,2070273,people,,source_reported,WDI_SP.URB.TOTL,2026-07-13,https://api.worldbank.org/v2/country/SOM/indicator/SP.URB.TOTL?format=json&per_page=1000&date=1960:2025&source=2
SP.URB.TOTL,Urban population,demography,SOM,1990,2082675,people,,source_reported,WDI_SP.URB.TOTL,2026-07-13,https://api.worldbank.org/v2/country/SOM/indicator/SP.URB.TOTL?format=json&per_page=1000&date=1960:2025&source=2
SP.URB.TOTL,Urban population,demography,SOM,1991,2024914,people,,source_reported,WDI_SP.URB.TOTL,2026-07-13,https://api.worldbank.org/v2/country/SOM/indicator/SP.URB.TOTL?format=json&per_page=1000&date=1960:2025&source=2
SP.URB.TOTL,Urban population,demography,SOM,1992,1951096,people,,source_reported,WDI_SP.URB.TOTL,2026-07-13,https://api.worldbank.org/v2/country/SOM/indicator/SP.URB.TOTL?format=json&per_page=1000&date=1960:2025&source=2
SP.URB.TOTL,Urban population,demography,SOM,1993,2029164,people,,source_reported,WDI_SP.URB.TOTL,2026-07-13,https://api.worldbank.org/v2/country/SOM/indicator/SP.URB.TOTL?format=json&per_page=1000&date=1960:2025&source=2
SP.URB.TOTL,Urban population,demography,SOM,1994,2158064,people,,source_reported,WDI_SP.URB.TOTL,2026-07-13,https://api.worldbank.org/v2/country/SOM/indicator/SP.URB.TOTL?format=json&per_page=1000&date=1960:2025&source=2
SP.URB.TOTL,Urban population,demography,SOM,1995,2263125,people,,source_reported,WDI_SP.URB.TOTL,2026-07-13,https://api.worldbank.org/v2/country/SOM/indicator/SP.URB.TOTL?format=json&per_page=1000&date=1960:2025&source=2
SP.URB.TOTL,Urban population,demography,SOM,1996,2374556,people,,source_reported,WDI_SP.URB.TOTL,2026-07-13,https://api.worldbank.org/v2/country/SOM/indicator/SP.URB.TOTL?format=json&per_page=1000&date=1960:2025&source=2
SP.URB.TOTL,Urban population,demography,SOM,1997,2489295,people,,source_reported,WDI_SP.URB.TOTL,2026-07-13,https://api.worldbank.org/v2/country/SOM/indicator/SP.URB.TOTL?format=json&per_page=1000&date=1960:2025&source=2
SP.URB.TOTL,Urban population,demography,SOM,1998,2626983,people,,source_reported,WDI_SP.URB.TOTL,2026-07-13,https://api.worldbank.org/v2/country/SOM/indicator/SP.URB.TOTL?format=json&per_page=1000&date=1960:2025&source=2
SP.URB.TOTL,Urban population,demography,SOM,1999,2770643,people,,source_reported,WDI_SP.URB.TOTL,2026-07-13,https://api.worldbank.org/v2/country/SOM/indicator/SP.URB.TOTL?format=json&per_page=1000&date=1960:2025&source=2
SP.URB.TOTL,Urban population,demography,SOM,2000,2922044,people,,source_reported,WDI_SP.URB.TOTL,2026-07-13,https://api.worldbank.org/v2/country/SOM/indicator/SP.URB.TOTL?format=json&per_page=1000&date=1960:2025&source=2
SP.URB.TOTL,Urban population,demography,SOM,2001,3082674,people,,source_reported,WDI_SP.URB.TOTL,2026-07-13,https://api.worldbank.org/v2/country/SOM/indicator/SP.URB.TOTL?format=json&per_page=1000&date=1960:2025&source=2
SP.URB.TOTL,Urban population,demography,SOM,2002,3245800,people,,source_reported,WDI_SP.URB.TOTL,2026-07-13,https://api.worldbank.org/v2/country/SOM/indicator/SP.URB.TOTL?format=json&per_page=1000&date=1960:2025&source=2
SP.URB.TOTL,Urban population,demography,SOM,2003,3415881,people,,source_reported,WDI_SP.URB.TOTL,2026-07-13,https://api.worldbank.org/v2/country/SOM/indicator/SP.URB.TOTL?format=json&per_page=1000&date=1960:2025&source=2
SP.URB.TOTL,Urban population,demography,SOM,2004,3594450,people,,source_reported,WDI_SP.URB.TOTL,2026-07-13,https://api.worldbank.org/v2/country/SOM/indicator/SP.URB.TOTL?format=json&per_page=1000&date=1960:2025&source=2
SP.URB.TOTL,Urban population,demography,SOM,2005,3775241,people,,source_reported,WDI_SP.URB.TOTL,2026-07-13,https://api.worldbank.org/v2/country/SOM/indicator/SP.URB.TOTL?format=json&per_page=1000&date=1960:2025&source=2
SP.URB.TOTL,Urban population,demography,SOM,2006,3950984,people,,source_reported,WDI_SP.URB.TOTL,2026-07-13,https://api.worldbank.org/v2/country/SOM/indicator/SP.URB.TOTL?format=json&per_page=1000&date=1960:2025&source=2
SP.URB.TOTL,Urban population,demography,SOM,2007,4140011,people,,source_reported,WDI_SP.URB.TOTL,2026-07-13,https://api.worldbank.org/v2/country/SOM/indicator/SP.URB.TOTL?format=json&per_page=1000&date=1960:2025&source=2
SP.URB.TOTL,Urban population,demography,SOM,2008,4335801,people,,source_reported,WDI_SP.URB.TOTL,2026-07-13,https://api.worldbank.org/v2/country/SOM/indicator/SP.URB.TOTL?format=json&per_page=1000&date=1960:2025&source=2
SP.URB.TOTL,Urban population,demography,SOM,2009,4526342,people,,source_reported,WDI_SP.URB.TOTL,2026-07-13,https://api.worldbank.org/v2/country/SOM/indicator/SP.URB.TOTL?format=json&per_page=1000&date=1960:2025&source=2
SP.URB.TOTL,Urban population,demography,SOM,2010,4729789,people,,source_reported,WDI_SP.URB.TOTL,2026-07-13,https://api.worldbank.org/v2/country/SOM/indicator/SP.URB.TOTL?format=json&per_page=1000&date=1960:2025&source=2
SP.URB.TOTL,Urban population,demography,SOM,2011,4863009,people,,source_reported,WDI_SP.URB.TOTL,2026-07-13,https://api.worldbank.org/v2/country/SOM/indicator/SP.URB.TOTL?format=json&per_page=1000&date=1960:2025&source=2
SP.URB.TOTL,Urban population,demography,SOM,2012,5018392,people,,source_reported,WDI_SP.URB.TOTL,2026-07-13,https://api.worldbank.org/v2/country/SOM/indicator/SP.URB.TOTL?format=json&per_page=1000&date=1960:2025&source=2
SP.URB.TOTL,Urban population,demography,SOM,2013,5309911,people,,source_reported,WDI_SP.URB.TOTL,2026-07-13,https://api.worldbank.org/v2/country/SOM/indicator/SP.URB.TOTL?format=json&per_page=1000&date=1960:2025&source=2
SP.URB.TOTL,Urban population,demography,SOM,2014,5649477,people,,source_reported,WDI_SP.URB.TOTL,2026-07-13,https://api.worldbank.org/v2/country/SOM/indicator/SP.URB.TOTL?format=json&per_page=1000&date=1960:2025&source=2
SP.URB.TOTL,Urban population,demography,SOM,2015,6055984,people,,source_reported,WDI_SP.URB.TOTL,2026-07-13,https://api.worldbank.org/v2/country/SOM/indicator/SP.URB.TOTL?format=json&per_page=1000&date=1960:2025&source=2
SP.URB.TOTL,Urban population,demography,SOM,2016,6592219,people,,source_reported,WDI_SP.URB.TOTL,2026-07-13,https://api.worldbank.org/v2/country/SOM/indicator/SP.URB.TOTL?format=json&per_page=1000&date=1960:2025&source=2
SP.URB.TOTL,Urban population,demography,SOM,2017,7214273,people,,source_reported,WDI_SP.URB.TOTL,2026-07-13,https://api.worldbank.org/v2/country/SOM/indicator/SP.URB.TOTL?format=json&per_page=1000&date=1960:2025&source=2
SP.URB.TOTL,Urban population,demography,SOM,2018,7873138,people,,source_reported,WDI_SP.URB.TOTL,2026-07-13,https://api.worldbank.org/v2/country/SOM/indicator/SP.URB.TOTL?format=json&per_page=1000&date=1960:2025&source=2
SP.URB.TOTL,Urban population,demography,SOM,2019,8278733,people,,source_reported,WDI_SP.URB.TOTL,2026-07-13,https://api.worldbank.org/v2/country/SOM/indicator/SP.URB.TOTL?format=json&per_page=1000&date=1960:2025&source=2
SP.URB.TOTL,Urban population,demography,SOM,2020,8706295,people,,source_reported,WDI_SP.URB.TOTL,2026-07-13,https://api.worldbank.org/v2/country/SOM/indicator/SP.URB.TOTL?format=json&per_page=1000&date=1960:2025&source=2
SP.URB.TOTL,Urban population,demography,SOM,2021,9137635,people,,source_reported,WDI_SP.URB.TOTL,2026-07-13,https://api.worldbank.org/v2/country/SOM/indicator/SP.URB.TOTL?format=json&per_page=1000&date=1960:2025&source=2
SP.URB.TOTL,Urban population,demography,SOM,2022,9524195,people,,source_reported,WDI_SP.URB.TOTL,2026-07-13,https://api.worldbank.org/v2/country/SOM/indicator/SP.URB.TOTL?format=json&per_page=1000&date=1960:2025&source=2
SP.URB.TOTL,Urban population,demography,SOM,2023,9926768,people,,source_reported,WDI_SP.URB.TOTL,2026-07-13,https://api.worldbank.org/v2/country/SOM/indicator/SP.URB.TOTL?format=json&per_page=1000&date=1960:2025&source=2
SP.URB.TOTL,Urban population,demography,SOM,2024,10382351,people,,source_reported,WDI_SP.URB.TOTL,2026-07-13,https://api.worldbank.org/v2/country/SOM/indicator/SP.URB.TOTL?format=json&per_page=1000&date=1960:2025&source=2
SP.URB.TOTL,Urban population,demography,SOM,2025,10837605,people,,source_reported,WDI_SP.URB.TOTL,2026-07-13,https://api.worldbank.org/v2/country/SOM/indicator/SP.URB.TOTL?format=json&per_page=1000&date=1960:2025&source=2
SP.URB.TOTL.IN.ZS,Urban population (% of total population),demography,SOM,1960,17.6661877175783,% of population,,source_reported,WDI_SP.URB.TOTL.IN.ZS,2026-07-13,https://api.worldbank.org/v2/country/SOM/indicator/SP.URB.TOTL.IN.ZS?format=json&per_page=1000&date=1960:2025&source=2
SP.URB.TOTL.IN.ZS,Urban population (% of total population),demography,SOM,1961,18.1741936982061,% of population,,source_reported,WDI_SP.URB.TOTL.IN.ZS,2026-07-13,https://api.worldbank.org/v2/country/SOM/indicator/SP.URB.TOTL.IN.ZS?format=json&per_page=1000&date=1960:2025&source=2
SP.URB.TOTL.IN.ZS,Urban population (% of total population),demography,SOM,1962,18.6854591168632,% of population,,source_reported,WDI_SP.URB.TOTL.IN.ZS,2026-07-13,https://api.worldbank.org/v2/country/SOM/indicator/SP.URB.TOTL.IN.ZS?format=json&per_page=1000&date=1960:2025&source=2
SP.URB.TOTL.IN.ZS,Urban population (% of total population),demography,SOM,1963,19.2000007629395,% of population,,source_reported,WDI_SP.URB.TOTL.IN.ZS,2026-07-13,https://api.worldbank.org/v2/country/SOM/indicator/SP.URB.TOTL.IN.ZS?format=json&per_page=1000&date=1960:2025&source=2
SP.URB.TOTL.IN.ZS,Urban population (% of total population),demography,SOM,1964,19.734329893097,% of population,,source_reported,WDI_SP.URB.TOTL.IN.ZS,2026-07-13,https://api.worldbank.org/v2/country/SOM/indicator/SP.URB.TOTL.IN.ZS?format=json&per_page=1000&date=1960:2025&source=2
SP.URB.TOTL.IN.ZS,Urban population (% of total population),demography,SOM,1965,20.298692538397,% of population,,source_reported,WDI_SP.URB.TOTL.IN.ZS,2026-07-13,https://api.worldbank.org/v2/country/SOM/indicator/SP.URB.TOTL.IN.ZS?format=json&per_page=1000&date=1960:2025&source=2
SP.URB.TOTL.IN.ZS,Urban population (% of total population),demography,SOM,1966,20.8837076498277,% of population,,source_reported,WDI_SP.URB.TOTL.IN.ZS,2026-07-13,https://api.worldbank.org/v2/country/SOM/indicator/SP.URB.TOTL.IN.ZS?format=json&per_page=1000&date=1960:2025&source=2
SP.URB.TOTL.IN.ZS,Urban population (% of total population),demography,SOM,1967,21.4799941783772,% of population,,source_reported,WDI_SP.URB.TOTL.IN.ZS,2026-07-13,https://api.worldbank.org/v2/country/SOM/indicator/SP.URB.TOTL.IN.ZS?format=json&per_page=1000&date=1960:2025&source=2
SP.URB.TOTL.IN.ZS,Urban population (% of total population),demography,SOM,1968,22.0781710750338,% of population,,source_reported,WDI_SP.URB.TOTL.IN.ZS,2026-07-13,https://api.worldbank.org/v2/country/SOM/indicator/SP.URB.TOTL.IN.ZS?format=json&per_page=1000&date=1960:2025&source=2
SP.URB.TOTL.IN.ZS,Urban population (% of total population),demography,SOM,1969,22.6688572907858,% of population,,source_reported,WDI_SP.URB.TOTL.IN.ZS,2026-07-13,https://api.worldbank.org/v2/country/SOM/indicator/SP.URB.TOTL.IN.ZS?format=json&per_page=1000&date=1960:2025&source=2
SP.URB.TOTL.IN.ZS,Urban population (% of total population),demography,SOM,1970,23.2426717766214,% of population,,source_reported,WDI_SP.URB.TOTL.IN.ZS,2026-07-13,https://api.worldbank.org/v2/country/SOM/indicator/SP.URB.TOTL.IN.ZS?format=json&per_page=1000&date=1960:2025&source=2
SP.URB.TOTL.IN.ZS,Urban population (% of total population),demography,SOM,1971,23.7902334835287,% of population,,source_reported,WDI_SP.URB.TOTL.IN.ZS,2026-07-13,https://api.worldbank.org/v2/country/SOM/indicator/SP.URB.TOTL.IN.ZS?format=json&per_page=1000&date=1960:2025&source=2
SP.URB.TOTL.IN.ZS,Urban population (% of total population),demography,SOM,1972,24.302161362496,% of population,,source_reported,WDI_SP.URB.TOTL.IN.ZS,2026-07-13,https://api.worldbank.org/v2/country/SOM/indicator/SP.URB.TOTL.IN.ZS?format=json&per_page=1000&date=1960:2025&source=2
SP.URB.TOTL.IN.ZS,Urban population (% of total population),demography,SOM,1973,24.7690743645115,% of population,,source_reported,WDI_SP.URB.TOTL.IN.ZS,2026-07-13,https://api.worldbank.org/v2/country/SOM/indicator/SP.URB.TOTL.IN.ZS?format=json&per_page=1000&date=1960:2025&source=2
SP.URB.TOTL.IN.ZS,Urban population (% of total population),demography,SOM,1974,25.1815914405635,% of population,,source_reported,WDI_SP.URB.TOTL.IN.ZS,2026-07-13,https://api.worldbank.org/v2/country/SOM/indicator/SP.URB.TOTL.IN.ZS?format=json&per_page=1000&date=1960:2025&source=2
SP.URB.TOTL.IN.ZS,Urban population (% of total population),demography,SOM,1975,25.532797785608,% of population,,source_reported,WDI_SP.URB.TOTL.IN.ZS,2026-07-13,https://api.worldbank.org/v2/country/SOM/indicator/SP.URB.TOTL.IN.ZS?format=json&per_page=1000&date=1960:2025&source=2
SP.URB.TOTL.IN.ZS,Urban population (% of total population),demography,SOM,1976,25.8442943408161,% of population,,source_reported,WDI_SP.URB.TOTL.IN.ZS,2026-07-13,https://api.worldbank.org/v2/country/SOM/indicator/SP.URB.TOTL.IN.ZS?format=json&per_page=1000&date=1960:2025&source=2
SP.URB.TOTL.IN.ZS,Urban population (% of total population),demography,SOM,1977,26.1260458993913,% of population,,source_reported,WDI_SP.URB.TOTL.IN.ZS,2026-07-13,https://api.worldbank.org/v2/country/SOM/indicator/SP.URB.TOTL.IN.ZS?format=json&per_page=1000&date=1960:2025&source=2
SP.URB.TOTL.IN.ZS,Urban population (% of total population),demography,SOM,1978,26.3836594902243,% of population,,source_reported,WDI_SP.URB.TOTL.IN.ZS,2026-07-13,https://api.worldbank.org/v2/country/SOM/indicator/SP.URB.TOTL.IN.ZS?format=json&per_page=1000&date=1960:2025&source=2
SP.URB.TOTL.IN.ZS,Urban population (% of total population),demography,SOM,1979,26.6224928511374,% of population,,source_reported,WDI_SP.URB.TOTL.IN.ZS,2026-07-13,https://api.worldbank.org/v2/country/SOM/indicator/SP.URB.TOTL.IN.ZS?format=json&per_page=1000&date=1960:2025&source=2
SP.URB.TOTL.IN.ZS,Urban population (% of total population),demography,SOM,1980,26.847903719953,% of population,,source_reported,WDI_SP.URB.TOTL.IN.ZS,2026-07-13,https://api.worldbank.org/v2/country/SOM/indicator/SP.URB.TOTL.IN.ZS?format=json&per_page=1000&date=1960:2025&source=2
SP.URB.TOTL.IN.ZS,Urban population (% of total population),demography,SOM,1981,27.0652498344932,% of population,,source_reported,WDI_SP.URB.TOTL.IN.ZS,2026-07-13,https://api.worldbank.org/v2/country/SOM/indicator/SP.URB.TOTL.IN.ZS?format=json&per_page=1000&date=1960:2025&source=2
SP.URB.TOTL.IN.ZS,Urban population (% of total population),demography,SOM,1982,27.2798889325803,% of population,,source_reported,WDI_SP.URB.TOTL.IN.ZS,2026-07-13,https://api.worldbank.org/v2/country/SOM/indicator/SP.URB.TOTL.IN.ZS?format=json&per_page=1000&date=1960:2025&source=2
SP.URB.TOTL.IN.ZS,Urban population (% of total population),demography,SOM,1983,27.4971787520367,% of population,,source_reported,WDI_SP.URB.TOTL.IN.ZS,2026-07-13,https://api.worldbank.org/v2/country/SOM/indicator/SP.URB.TOTL.IN.ZS?format=json&per_page=1000&date=1960:2025&source=2
SP.URB.TOTL.IN.ZS,Urban population (% of total population),demography,SOM,1984,27.7224770306845,% of population,,source_reported,WDI_SP.URB.TOTL.IN.ZS,2026-07-13,https://api.worldbank.org/v2/country/SOM/indicator/SP.URB.TOTL.IN.ZS?format=json&per_page=1000&date=1960:2025&source=2
SP.URB.TOTL.IN.ZS,Urban population (% of total population),demography,SOM,1985,27.9611415063462,% of population,,source_reported,WDI_SP.URB.TOTL.IN.ZS,2026-07-13,https://api.worldbank.org/v2/country/SOM/indicator/SP.URB.TOTL.IN.ZS?format=json&per_page=1000&date=1960:2025&source=2
SP.URB.TOTL.IN.ZS,Urban population (% of total population),demography,SOM,1986,28.2185299168439,% of population,,source_reported,WDI_SP.URB.TOTL.IN.ZS,2026-07-13,https://api.worldbank.org/v2/country/SOM/indicator/SP.URB.TOTL.IN.ZS?format=json&per_page=1000&date=1960:2025&source=2
SP.URB.TOTL.IN.ZS,Urban population (% of total population),demography,SOM,1987,28.5,% of population,,source_reported,WDI_SP.URB.TOTL.IN.ZS,2026-07-13,https://api.worldbank.org/v2/country/SOM/indicator/SP.URB.TOTL.IN.ZS?format=json&per_page=1000&date=1960:2025&source=2
SP.URB.TOTL.IN.ZS,Urban population (% of total population),demography,SOM,1988,28.7969438370269,% of population,,source_reported,WDI_SP.URB.TOTL.IN.ZS,2026-07-13,https://api.worldbank.org/v2/country/SOM/indicator/SP.URB.TOTL.IN.ZS?format=json&per_page=1000&date=1960:2025&source=2
SP.URB.TOTL.IN.ZS,Urban population (% of total population),demography,SOM,1989,29.098054289527,% of population,,source_reported,WDI_SP.URB.TOTL.IN.ZS,2026-07-13,https://api.worldbank.org/v2/country/SOM/indicator/SP.URB.TOTL.IN.ZS?format=json&per_page=1000&date=1960:2025&source=2
SP.URB.TOTL.IN.ZS,Urban population (% of total population),demography,SOM,1990,29.4046402659076,% of population,,source_reported,WDI_SP.URB.TOTL.IN.ZS,2026-07-13,https://api.worldbank.org/v2/country/SOM/indicator/SP.URB.TOTL.IN.ZS?format=json&per_page=1000&date=1960:2025&source=2
SP.URB.TOTL.IN.ZS,Urban population (% of total population),demography,SOM,1991,29.7180106745758,% of population,,source_reported,WDI_SP.URB.TOTL.IN.ZS,2026-07-13,https://api.worldbank.org/v2/country/SOM/indicator/SP.URB.TOTL.IN.ZS?format=json&per_page=1000&date=1960:2025&source=2
SP.URB.TOTL.IN.ZS,Urban population (% of total population),demography,SOM,1992,30.0394744239389,% of population,,source_reported,WDI_SP.URB.TOTL.IN.ZS,2026-07-13,https://api.worldbank.org/v2/country/SOM/indicator/SP.URB.TOTL.IN.ZS?format=json&per_page=1000&date=1960:2025&source=2
SP.URB.TOTL.IN.ZS,Urban population (% of total population),demography,SOM,1993,30.3703404224041,% of population,,source_reported,WDI_SP.URB.TOTL.IN.ZS,2026-07-13,https://api.worldbank.org/v2/country/SOM/indicator/SP.URB.TOTL.IN.ZS?format=json&per_page=1000&date=1960:2025&source=2
SP.URB.TOTL.IN.ZS,Urban population (% of total population),demography,SOM,1994,30.7119175783784,% of population,,source_reported,WDI_SP.URB.TOTL.IN.ZS,2026-07-13,https://api.worldbank.org/v2/country/SOM/indicator/SP.URB.TOTL.IN.ZS?format=json&per_page=1000&date=1960:2025&source=2
SP.URB.TOTL.IN.ZS,Urban population (% of total population),demography,SOM,1995,31.0655148002693,% of population,,source_reported,WDI_SP.URB.TOTL.IN.ZS,2026-07-13,https://api.worldbank.org/v2/country/SOM/indicator/SP.URB.TOTL.IN.ZS?format=json&per_page=1000&date=1960:2025&source=2
SP.URB.TOTL.IN.ZS,Urban population (% of total population),demography,SOM,1996,31.4324409964838,% of population,,source_reported,WDI_SP.URB.TOTL.IN.ZS,2026-07-13,https://api.worldbank.org/v2/country/SOM/indicator/SP.URB.TOTL.IN.ZS?format=json&per_page=1000&date=1960:2025&source=2
SP.URB.TOTL.IN.ZS,Urban population (% of total population),demography,SOM,1997,31.8140050754292,% of population,,source_reported,WDI_SP.URB.TOTL.IN.ZS,2026-07-13,https://api.worldbank.org/v2/country/SOM/indicator/SP.URB.TOTL.IN.ZS?format=json&per_page=1000&date=1960:2025&source=2
SP.URB.TOTL.IN.ZS,Urban population (% of total population),demography,SOM,1998,32.2115159455126,% of population,,source_reported,WDI_SP.URB.TOTL.IN.ZS,2026-07-13,https://api.worldbank.org/v2/country/SOM/indicator/SP.URB.TOTL.IN.ZS?format=json&per_page=1000&date=1960:2025&source=2
SP.URB.TOTL.IN.ZS,Urban population (% of total population),demography,SOM,1999,32.6262825151413,% of population,,source_reported,WDI_SP.URB.TOTL.IN.ZS,2026-07-13,https://api.worldbank.org/v2/country/SOM/indicator/SP.URB.TOTL.IN.ZS?format=json&per_page=1000&date=1960:2025&source=2
SP.URB.TOTL.IN.ZS,Urban population (% of total population),demography,SOM,2000,33.0596136927225,% of population,,source_reported,WDI_SP.URB.TOTL.IN.ZS,2026-07-13,https://api.worldbank.org/v2/country/SOM/indicator/SP.URB.TOTL.IN.ZS?format=json&per_page=1000&date=1960:2025&source=2
SP.URB.TOTL.IN.ZS,Urban population (% of total population),demography,SOM,2001,33.5128183866634,% of population,,source_reported,WDI_SP.URB.TOTL.IN.ZS,2026-07-13,https://api.worldbank.org/v2/country/SOM/indicator/SP.URB.TOTL.IN.ZS?format=json&per_page=1000&date=1960:2025&source=2
SP.URB.TOTL.IN.ZS,Urban population (% of total population),demography,SOM,2002,33.9872055053711,% of population,,source_reported,WDI_SP.URB.TOTL.IN.ZS,2026-07-13,https://api.worldbank.org/v2/country/SOM/indicator/SP.URB.TOTL.IN.ZS?format=json&per_page=1000&date=1960:2025&source=2
SP.URB.TOTL.IN.ZS,Urban population (% of total population),demography,SOM,2003,34.4719665654476,% of population,,source_reported,WDI_SP.URB.TOTL.IN.ZS,2026-07-13,https://api.worldbank.org/v2/country/SOM/indicator/SP.URB.TOTL.IN.ZS?format=json&per_page=1000&date=1960:2025&source=2
SP.URB.TOTL.IN.ZS,Urban population (% of total population),demography,SOM,2004,34.9620706047618,% of population,,source_reported,WDI_SP.URB.TOTL.IN.ZS,2026-07-13,https://api.worldbank.org/v2/country/SOM/indicator/SP.URB.TOTL.IN.ZS?format=json&per_page=1000&date=1960:2025&source=2
SP.URB.TOTL.IN.ZS,Urban population (% of total population),demography,SOM,2005,35.4674928136211,% of population,,source_reported,WDI_SP.URB.TOTL.IN.ZS,2026-07-13,https://api.worldbank.org/v2/country/SOM/indicator/SP.URB.TOTL.IN.ZS?format=json&per_page=1000&date=1960:2025&source=2
SP.URB.TOTL.IN.ZS,Urban population (% of total population),demography,SOM,2006,35.9982083823331,% of population,,source_reported,WDI_SP.URB.TOTL.IN.ZS,2026-07-13,https://api.worldbank.org/v2/country/SOM/indicator/SP.URB.TOTL.IN.ZS?format=json&per_page=1000&date=1960:2025&source=2
SP.URB.TOTL.IN.ZS,Urban population (% of total population),demography,SOM,2007,36.5641925012053,% of population,,source_reported,WDI_SP.URB.TOTL.IN.ZS,2026-07-13,https://api.worldbank.org/v2/country/SOM/indicator/SP.URB.TOTL.IN.ZS?format=json&per_page=1000&date=1960:2025&source=2
SP.URB.TOTL.IN.ZS,Urban population (% of total population),demography,SOM,2008,37.1754203605454,% of population,,source_reported,WDI_SP.URB.TOTL.IN.ZS,2026-07-13,https://api.worldbank.org/v2/country/SOM/indicator/SP.URB.TOTL.IN.ZS?format=json&per_page=1000&date=1960:2025&source=2
SP.URB.TOTL.IN.ZS,Urban population (% of total population),demography,SOM,2009,37.8418671506609,% of population,,source_reported,WDI_SP.URB.TOTL.IN.ZS,2026-07-13,https://api.worldbank.org/v2/country/SOM/indicator/SP.URB.TOTL.IN.ZS?format=json&per_page=1000&date=1960:2025&source=2
SP.URB.TOTL.IN.ZS,Urban population (% of total population),demography,SOM,2010,38.5735080618592,% of population,,source_reported,WDI_SP.URB.TOTL.IN.ZS,2026-07-13,https://api.worldbank.org/v2/country/SOM/indicator/SP.URB.TOTL.IN.ZS?format=json&per_page=1000&date=1960:2025&source=2
SP.URB.TOTL.IN.ZS,Urban population (% of total population),demography,SOM,2011,39.380318284448,% of population,,source_reported,WDI_SP.URB.TOTL.IN.ZS,2026-07-13,https://api.worldbank.org/v2/country/SOM/indicator/SP.URB.TOTL.IN.ZS?format=json&per_page=1000&date=1960:2025&source=2
SP.URB.TOTL.IN.ZS,Urban population (% of total population),demography,SOM,2012,40.2722730087349,% of population,,source_reported,WDI_SP.URB.TOTL.IN.ZS,2026-07-13,https://api.worldbank.org/v2/country/SOM/indicator/SP.URB.TOTL.IN.ZS?format=json&per_page=1000&date=1960:2025&source=2
SP.URB.TOTL.IN.ZS,Urban population (% of total population),demography,SOM,2013,41.2593474250273,% of population,,source_reported,WDI_SP.URB.TOTL.IN.ZS,2026-07-13,https://api.worldbank.org/v2/country/SOM/indicator/SP.URB.TOTL.IN.ZS?format=json&per_page=1000&date=1960:2025&source=2
SP.URB.TOTL.IN.ZS,Urban population (% of total population),demography,SOM,2014,42.3515167236328,% of population,,source_reported,WDI_SP.URB.TOTL.IN.ZS,2026-07-13,https://api.worldbank.org/v2/country/SOM/indicator/SP.URB.TOTL.IN.ZS?format=json&per_page=1000&date=1960:2025&source=2
SP.URB.TOTL.IN.ZS,Urban population (% of total population),demography,SOM,2015,43.8618107408479,% of population,,source_reported,WDI_SP.URB.TOTL.IN.ZS,2026-07-13,https://api.worldbank.org/v2/country/SOM/indicator/SP.URB.TOTL.IN.ZS?format=json&per_page=1000&date=1960:2025&source=2
SP.URB.TOTL.IN.ZS,Urban population (% of total population),demography,SOM,2016,45.942842729174,% of population,,source_reported,WDI_SP.URB.TOTL.IN.ZS,2026-07-13,https://api.worldbank.org/v2/country/SOM/indicator/SP.URB.TOTL.IN.ZS?format=json&per_page=1000&date=1960:2025&source=2
SP.URB.TOTL.IN.ZS,Urban population (% of total population),demography,SOM,2017,48.3639630032265,% of population,,source_reported,WDI_SP.URB.TOTL.IN.ZS,2026-07-13,https://api.worldbank.org/v2/country/SOM/indicator/SP.URB.TOTL.IN.ZS?format=json&per_page=1000&date=1960:2025&source=2
SP.URB.TOTL.IN.ZS,Urban population (% of total population),demography,SOM,2018,50.9506215336872,% of population,,source_reported,WDI_SP.URB.TOTL.IN.ZS,2026-07-13,https://api.worldbank.org/v2/country/SOM/indicator/SP.URB.TOTL.IN.ZS?format=json&per_page=1000&date=1960:2025&source=2
SP.URB.TOTL.IN.ZS,Urban population (% of total population),demography,SOM,2019,51.6421170703225,% of population,,source_reported,WDI_SP.URB.TOTL.IN.ZS,2026-07-13,https://api.worldbank.org/v2/country/SOM/indicator/SP.URB.TOTL.IN.ZS?format=json&per_page=1000&date=1960:2025&source=2
SP.URB.TOTL.IN.ZS,Urban population (% of total population),demography,SOM,2020,52.286318011754,% of population,,source_reported,WDI_SP.URB.TOTL.IN.ZS,2026-07-13,https://api.worldbank.org/v2/country/SOM/indicator/SP.URB.TOTL.IN.ZS?format=json&per_page=1000&date=1960:2025&source=2
SP.URB.TOTL.IN.ZS,Urban population (% of total population),demography,SOM,2021,52.9060649733324,% of population,,source_reported,WDI_SP.URB.TOTL.IN.ZS,2026-07-13,https://api.worldbank.org/v2/country/SOM/indicator/SP.URB.TOTL.IN.ZS?format=json&per_page=1000&date=1960:2025&source=2
SP.URB.TOTL.IN.ZS,Urban population (% of total population),demography,SOM,2022,53.5010115886789,% of population,,source_reported,WDI_SP.URB.TOTL.IN.ZS,2026-07-13,https://api.worldbank.org/v2/country/SOM/indicator/SP.URB.TOTL.IN.ZS?format=json&per_page=1000&date=1960:2025&source=2
SP.URB.TOTL.IN.ZS,Urban population (% of total population),demography,SOM,2023,54.0714435506882,% of population,,source_reported,WDI_SP.URB.TOTL.IN.ZS,2026-07-13,https://api.worldbank.org/v2/country/SOM/indicator/SP.URB.TOTL.IN.ZS?format=json&per_page=1000&date=1960:2025&source=2
SP.URB.TOTL.IN.ZS,Urban population (% of total population),demography,SOM,2024,54.6176465524521,% of population,,source_reported,WDI_SP.URB.TOTL.IN.ZS,2026-07-13,https://api.worldbank.org/v2/country/SOM/indicator/SP.URB.TOTL.IN.ZS?format=json&per_page=1000&date=1960:2025&source=2
SP.URB.TOTL.IN.ZS,Urban population (% of total population),demography,SOM,2025,55.1399062872976,% of population,,source_reported,WDI_SP.URB.TOTL.IN.ZS,2026-07-13,https://api.worldbank.org/v2/country/SOM/indicator/SP.URB.TOTL.IN.ZS?format=json&per_page=1000&date=1960:2025&source=2
TM.VAL.FUEL.ZS.UN,Fuel imports (% of merchandise imports),trade,SOM,1960,,% of merchandise imports,,missing,WDI_TM.VAL.FUEL.ZS.UN,2026-07-13,https://api.worldbank.org/v2/country/SOM/indicator/TM.VAL.FUEL.ZS.UN?format=json&per_page=1000&date=1960:2025&source=2
TM.VAL.FUEL.ZS.UN,Fuel imports (% of merchandise imports),trade,SOM,1961,,% of merchandise imports,,missing,WDI_TM.VAL.FUEL.ZS.UN,2026-07-13,https://api.worldbank.org/v2/country/SOM/indicator/TM.VAL.FUEL.ZS.UN?format=json&per_page=1000&date=1960:2025&source=2
TM.VAL.FUEL.ZS.UN,Fuel imports (% of merchandise imports),trade,SOM,1962,5.02644781934167,% of merchandise imports,,source_reported,WDI_TM.VAL.FUEL.ZS.UN,2026-07-13,https://api.worldbank.org/v2/country/SOM/indicator/TM.VAL.FUEL.ZS.UN?format=json&per_page=1000&date=1960:2025&source=2
TM.VAL.FUEL.ZS.UN,Fuel imports (% of merchandise imports),trade,SOM,1963,,% of merchandise imports,,missing,WDI_TM.VAL.FUEL.ZS.UN,2026-07-13,https://api.worldbank.org/v2/country/SOM/indicator/TM.VAL.FUEL.ZS.UN?format=json&per_page=1000&date=1960:2025&source=2
TM.VAL.FUEL.ZS.UN,Fuel imports (% of merchandise imports),trade,SOM,1964,,% of merchandise imports,,missing,WDI_TM.VAL.FUEL.ZS.UN,2026-07-13,https://api.worldbank.org/v2/country/SOM/indicator/TM.VAL.FUEL.ZS.UN?format=json&per_page=1000&date=1960:2025&source=2
TM.VAL.FUEL.ZS.UN,Fuel imports (% of merchandise imports),trade,SOM,1965,,% of merchandise imports,,missing,WDI_TM.VAL.FUEL.ZS.UN,2026-07-13,https://api.worldbank.org/v2/country/SOM/indicator/TM.VAL.FUEL.ZS.UN?format=json&per_page=1000&date=1960:2025&source=2
TM.VAL.FUEL.ZS.UN,Fuel imports (% of merchandise imports),trade,SOM,1966,5.44988792355227,% of merchandise imports,,source_reported,WDI_TM.VAL.FUEL.ZS.UN,2026-07-13,https://api.worldbank.org/v2/country/SOM/indicator/TM.VAL.FUEL.ZS.UN?format=json&per_page=1000&date=1960:2025&source=2
TM.VAL.FUEL.ZS.UN,Fuel imports (% of merchandise imports),trade,SOM,1967,,% of merchandise imports,,missing,WDI_TM.VAL.FUEL.ZS.UN,2026-07-13,https://api.worldbank.org/v2/country/SOM/indicator/TM.VAL.FUEL.ZS.UN?format=json&per_page=1000&date=1960:2025&source=2
TM.VAL.FUEL.ZS.UN,Fuel imports (% of merchandise imports),trade,SOM,1968,,% of merchandise imports,,missing,WDI_TM.VAL.FUEL.ZS.UN,2026-07-13,https://api.worldbank.org/v2/country/SOM/indicator/TM.VAL.FUEL.ZS.UN?format=json&per_page=1000&date=1960:2025&source=2
TM.VAL.FUEL.ZS.UN,Fuel imports (% of merchandise imports),trade,SOM,1969,,% of merchandise imports,,missing,WDI_TM.VAL.FUEL.ZS.UN,2026-07-13,https://api.worldbank.org/v2/country/SOM/indicator/TM.VAL.FUEL.ZS.UN?format=json&per_page=1000&date=1960:2025&source=2
TM.VAL.FUEL.ZS.UN,Fuel imports (% of merchandise imports),trade,SOM,1970,6.29045506737674,% of merchandise imports,,source_reported,WDI_TM.VAL.FUEL.ZS.UN,2026-07-13,https://api.worldbank.org/v2/country/SOM/indicator/TM.VAL.FUEL.ZS.UN?format=json&per_page=1000&date=1960:2025&source=2
TM.VAL.FUEL.ZS.UN,Fuel imports (% of merchandise imports),trade,SOM,1971,4.23809608166312,% of merchandise imports,,source_reported,WDI_TM.VAL.FUEL.ZS.UN,2026-07-13,https://api.worldbank.org/v2/country/SOM/indicator/TM.VAL.FUEL.ZS.UN?format=json&per_page=1000&date=1960:2025&source=2
TM.VAL.FUEL.ZS.UN,Fuel imports (% of merchandise imports),trade,SOM,1972,4.68916462439253,% of merchandise imports,,source_reported,WDI_TM.VAL.FUEL.ZS.UN,2026-07-13,https://api.worldbank.org/v2/country/SOM/indicator/TM.VAL.FUEL.ZS.UN?format=json&per_page=1000&date=1960:2025&source=2
TM.VAL.FUEL.ZS.UN,Fuel imports (% of merchandise imports),trade,SOM,1973,4.25418270091805,% of merchandise imports,,source_reported,WDI_TM.VAL.FUEL.ZS.UN,2026-07-13,https://api.worldbank.org/v2/country/SOM/indicator/TM.VAL.FUEL.ZS.UN?format=json&per_page=1000&date=1960:2025&source=2
TM.VAL.FUEL.ZS.UN,Fuel imports (% of merchandise imports),trade,SOM,1974,6.70791378287899,% of merchandise imports,,source_reported,WDI_TM.VAL.FUEL.ZS.UN,2026-07-13,https://api.worldbank.org/v2/country/SOM/indicator/TM.VAL.FUEL.ZS.UN?format=json&per_page=1000&date=1960:2025&source=2
TM.VAL.FUEL.ZS.UN,Fuel imports (% of merchandise imports),trade,SOM,1975,6.15826280465112,% of merchandise imports,,source_reported,WDI_TM.VAL.FUEL.ZS.UN,2026-07-13,https://api.worldbank.org/v2/country/SOM/indicator/TM.VAL.FUEL.ZS.UN?format=json&per_page=1000&date=1960:2025&source=2
TM.VAL.FUEL.ZS.UN,Fuel imports (% of merchandise imports),trade,SOM,1976,6.84131491011793,% of merchandise imports,,source_reported,WDI_TM.VAL.FUEL.ZS.UN,2026-07-13,https://api.worldbank.org/v2/country/SOM/indicator/TM.VAL.FUEL.ZS.UN?format=json&per_page=1000&date=1960:2025&source=2
TM.VAL.FUEL.ZS.UN,Fuel imports (% of merchandise imports),trade,SOM,1977,4.36233732084846,% of merchandise imports,,source_reported,WDI_TM.VAL.FUEL.ZS.UN,2026-07-13,https://api.worldbank.org/v2/country/SOM/indicator/TM.VAL.FUEL.ZS.UN?format=json&per_page=1000&date=1960:2025&source=2
TM.VAL.FUEL.ZS.UN,Fuel imports (% of merchandise imports),trade,SOM,1978,6.63474903048627,% of merchandise imports,,source_reported,WDI_TM.VAL.FUEL.ZS.UN,2026-07-13,https://api.worldbank.org/v2/country/SOM/indicator/TM.VAL.FUEL.ZS.UN?format=json&per_page=1000&date=1960:2025&source=2
TM.VAL.FUEL.ZS.UN,Fuel imports (% of merchandise imports),trade,SOM,1979,5.47652848461298,% of merchandise imports,,source_reported,WDI_TM.VAL.FUEL.ZS.UN,2026-07-13,https://api.worldbank.org/v2/country/SOM/indicator/TM.VAL.FUEL.ZS.UN?format=json&per_page=1000&date=1960:2025&source=2
TM.VAL.FUEL.ZS.UN,Fuel imports (% of merchandise imports),trade,SOM,1980,0.738303345424498,% of merchandise imports,,source_reported,WDI_TM.VAL.FUEL.ZS.UN,2026-07-13,https://api.worldbank.org/v2/country/SOM/indicator/TM.VAL.FUEL.ZS.UN?format=json&per_page=1000&date=1960:2025&source=2
TM.VAL.FUEL.ZS.UN,Fuel imports (% of merchandise imports),trade,SOM,1981,2.1904339125905,% of merchandise imports,,source_reported,WDI_TM.VAL.FUEL.ZS.UN,2026-07-13,https://api.worldbank.org/v2/country/SOM/indicator/TM.VAL.FUEL.ZS.UN?format=json&per_page=1000&date=1960:2025&source=2
TM.VAL.FUEL.ZS.UN,Fuel imports (% of merchandise imports),trade,SOM,1982,12.4442947637957,% of merchandise imports,,source_reported,WDI_TM.VAL.FUEL.ZS.UN,2026-07-13,https://api.worldbank.org/v2/country/SOM/indicator/TM.VAL.FUEL.ZS.UN?format=json&per_page=1000&date=1960:2025&source=2
TM.VAL.FUEL.ZS.UN,Fuel imports (% of merchandise imports),trade,SOM,1983,,% of merchandise imports,,missing,WDI_TM.VAL.FUEL.ZS.UN,2026-07-13,https://api.worldbank.org/v2/country/SOM/indicator/TM.VAL.FUEL.ZS.UN?format=json&per_page=1000&date=1960:2025&source=2
TM.VAL.FUEL.ZS.UN,Fuel imports (% of merchandise imports),trade,SOM,1984,,% of merchandise imports,,missing,WDI_TM.VAL.FUEL.ZS.UN,2026-07-13,https://api.worldbank.org/v2/country/SOM/indicator/TM.VAL.FUEL.ZS.UN?format=json&per_page=1000&date=1960:2025&source=2
TM.VAL.FUEL.ZS.UN,Fuel imports (% of merchandise imports),trade,SOM,1985,,% of merchandise imports,,missing,WDI_TM.VAL.FUEL.ZS.UN,2026-07-13,https://api.worldbank.org/v2/country/SOM/indicator/TM.VAL.FUEL.ZS.UN?format=json&per_page=1000&date=1960:2025&source=2
TM.VAL.FUEL.ZS.UN,Fuel imports (% of merchandise imports),trade,SOM,1986,,% of merchandise imports,,missing,WDI_TM.VAL.FUEL.ZS.UN,2026-07-13,https://api.worldbank.org/v2/country/SOM/indicator/TM.VAL.FUEL.ZS.UN?format=json&per_page=1000&date=1960:2025&source=2
TM.VAL.FUEL.ZS.UN,Fuel imports (% of merchandise imports),trade,SOM,1987,,% of merchandise imports,,missing,WDI_TM.VAL.FUEL.ZS.UN,2026-07-13,https://api.worldbank.org/v2/country/SOM/indicator/TM.VAL.FUEL.ZS.UN?format=json&per_page=1000&date=1960:2025&source=2
TM.VAL.FUEL.ZS.UN,Fuel imports (% of merchandise imports),trade,SOM,1988,,% of merchandise imports,,missing,WDI_TM.VAL.FUEL.ZS.UN,2026-07-13,https://api.worldbank.org/v2/country/SOM/indicator/TM.VAL.FUEL.ZS.UN?format=json&per_page=1000&date=1960:2025&source=2
TM.VAL.FUEL.ZS.UN,Fuel imports (% of merchandise imports),trade,SOM,1989,,% of merchandise imports,,missing,WDI_TM.VAL.FUEL.ZS.UN,2026-07-13,https://api.worldbank.org/v2/country/SOM/indicator/TM.VAL.FUEL.ZS.UN?format=json&per_page=1000&date=1960:2025&source=2
TM.VAL.FUEL.ZS.UN,Fuel imports (% of merchandise imports),trade,SOM,1990,,% of merchandise imports,,missing,WDI_TM.VAL.FUEL.ZS.UN,2026-07-13,https://api.worldbank.org/v2/country/SOM/indicator/TM.VAL.FUEL.ZS.UN?format=json&per_page=1000&date=1960:2025&source=2
TM.VAL.FUEL.ZS.UN,Fuel imports (% of merchandise imports),trade,SOM,1991,,% of merchandise imports,,missing,WDI_TM.VAL.FUEL.ZS.UN,2026-07-13,https://api.worldbank.org/v2/country/SOM/indicator/TM.VAL.FUEL.ZS.UN?format=json&per_page=1000&date=1960:2025&source=2
TM.VAL.FUEL.ZS.UN,Fuel imports (% of merchandise imports),trade,SOM,1992,,% of merchandise imports,,missing,WDI_TM.VAL.FUEL.ZS.UN,2026-07-13,https://api.worldbank.org/v2/country/SOM/indicator/TM.VAL.FUEL.ZS.UN?format=json&per_page=1000&date=1960:2025&source=2
TM.VAL.FUEL.ZS.UN,Fuel imports (% of merchandise imports),trade,SOM,1993,,% of merchandise imports,,missing,WDI_TM.VAL.FUEL.ZS.UN,2026-07-13,https://api.worldbank.org/v2/country/SOM/indicator/TM.VAL.FUEL.ZS.UN?format=json&per_page=1000&date=1960:2025&source=2
TM.VAL.FUEL.ZS.UN,Fuel imports (% of merchandise imports),trade,SOM,1994,,% of merchandise imports,,missing,WDI_TM.VAL.FUEL.ZS.UN,2026-07-13,https://api.worldbank.org/v2/country/SOM/indicator/TM.VAL.FUEL.ZS.UN?format=json&per_page=1000&date=1960:2025&source=2
TM.VAL.FUEL.ZS.UN,Fuel imports (% of merchandise imports),trade,SOM,1995,,% of merchandise imports,,missing,WDI_TM.VAL.FUEL.ZS.UN,2026-07-13,https://api.worldbank.org/v2/country/SOM/indicator/TM.VAL.FUEL.ZS.UN?format=json&per_page=1000&date=1960:2025&source=2
TM.VAL.FUEL.ZS.UN,Fuel imports (% of merchandise imports),trade,SOM,1996,,% of merchandise imports,,missing,WDI_TM.VAL.FUEL.ZS.UN,2026-07-13,https://api.worldbank.org/v2/country/SOM/indicator/TM.VAL.FUEL.ZS.UN?format=json&per_page=1000&date=1960:2025&source=2
TM.VAL.FUEL.ZS.UN,Fuel imports (% of merchandise imports),trade,SOM,1997,,% of merchandise imports,,missing,WDI_TM.VAL.FUEL.ZS.UN,2026-07-13,https://api.worldbank.org/v2/country/SOM/indicator/TM.VAL.FUEL.ZS.UN?format=json&per_page=1000&date=1960:2025&source=2
TM.VAL.FUEL.ZS.UN,Fuel imports (% of merchandise imports),trade,SOM,1998,,% of merchandise imports,,missing,WDI_TM.VAL.FUEL.ZS.UN,2026-07-13,https://api.worldbank.org/v2/country/SOM/indicator/TM.VAL.FUEL.ZS.UN?format=json&per_page=1000&date=1960:2025&source=2
TM.VAL.FUEL.ZS.UN,Fuel imports (% of merchandise imports),trade,SOM,1999,,% of merchandise imports,,missing,WDI_TM.VAL.FUEL.ZS.UN,2026-07-13,https://api.worldbank.org/v2/country/SOM/indicator/TM.VAL.FUEL.ZS.UN?format=json&per_page=1000&date=1960:2025&source=2
TM.VAL.FUEL.ZS.UN,Fuel imports (% of merchandise imports),trade,SOM,2000,,% of merchandise imports,,missing,WDI_TM.VAL.FUEL.ZS.UN,2026-07-13,https://api.worldbank.org/v2/country/SOM/indicator/TM.VAL.FUEL.ZS.UN?format=json&per_page=1000&date=1960:2025&source=2
TM.VAL.FUEL.ZS.UN,Fuel imports (% of merchandise imports),trade,SOM,2001,,% of merchandise imports,,missing,WDI_TM.VAL.FUEL.ZS.UN,2026-07-13,https://api.worldbank.org/v2/country/SOM/indicator/TM.VAL.FUEL.ZS.UN?format=json&per_page=1000&date=1960:2025&source=2
TM.VAL.FUEL.ZS.UN,Fuel imports (% of merchandise imports),trade,SOM,2002,,% of merchandise imports,,missing,WDI_TM.VAL.FUEL.ZS.UN,2026-07-13,https://api.worldbank.org/v2/country/SOM/indicator/TM.VAL.FUEL.ZS.UN?format=json&per_page=1000&date=1960:2025&source=2
TM.VAL.FUEL.ZS.UN,Fuel imports (% of merchandise imports),trade,SOM,2003,,% of merchandise imports,,missing,WDI_TM.VAL.FUEL.ZS.UN,2026-07-13,https://api.worldbank.org/v2/country/SOM/indicator/TM.VAL.FUEL.ZS.UN?format=json&per_page=1000&date=1960:2025&source=2
TM.VAL.FUEL.ZS.UN,Fuel imports (% of merchandise imports),trade,SOM,2004,,% of merchandise imports,,missing,WDI_TM.VAL.FUEL.ZS.UN,2026-07-13,https://api.worldbank.org/v2/country/SOM/indicator/TM.VAL.FUEL.ZS.UN?format=json&per_page=1000&date=1960:2025&source=2
TM.VAL.FUEL.ZS.UN,Fuel imports (% of merchandise imports),trade,SOM,2005,,% of merchandise imports,,missing,WDI_TM.VAL.FUEL.ZS.UN,2026-07-13,https://api.worldbank.org/v2/country/SOM/indicator/TM.VAL.FUEL.ZS.UN?format=json&per_page=1000&date=1960:2025&source=2
TM.VAL.FUEL.ZS.UN,Fuel imports (% of merchandise imports),trade,SOM,2006,,% of merchandise imports,,missing,WDI_TM.VAL.FUEL.ZS.UN,2026-07-13,https://api.worldbank.org/v2/country/SOM/indicator/TM.VAL.FUEL.ZS.UN?format=json&per_page=1000&date=1960:2025&source=2
TM.VAL.FUEL.ZS.UN,Fuel imports (% of merchandise imports),trade,SOM,2007,,% of merchandise imports,,missing,WDI_TM.VAL.FUEL.ZS.UN,2026-07-13,https://api.worldbank.org/v2/country/SOM/indicator/TM.VAL.FUEL.ZS.UN?format=json&per_page=1000&date=1960:2025&source=2
TM.VAL.FUEL.ZS.UN,Fuel imports (% of merchandise imports),trade,SOM,2008,,% of merchandise imports,,missing,WDI_TM.VAL.FUEL.ZS.UN,2026-07-13,https://api.worldbank.org/v2/country/SOM/indicator/TM.VAL.FUEL.ZS.UN?format=json&per_page=1000&date=1960:2025&source=2
TM.VAL.FUEL.ZS.UN,Fuel imports (% of merchandise imports),trade,SOM,2009,,% of merchandise imports,,missing,WDI_TM.VAL.FUEL.ZS.UN,2026-07-13,https://api.worldbank.org/v2/country/SOM/indicator/TM.VAL.FUEL.ZS.UN?format=json&per_page=1000&date=1960:2025&source=2
TM.VAL.FUEL.ZS.UN,Fuel imports (% of merchandise imports),trade,SOM,2010,,% of merchandise imports,,missing,WDI_TM.VAL.FUEL.ZS.UN,2026-07-13,https://api.worldbank.org/v2/country/SOM/indicator/TM.VAL.FUEL.ZS.UN?format=json&per_page=1000&date=1960:2025&source=2
TM.VAL.FUEL.ZS.UN,Fuel imports (% of merchandise imports),trade,SOM,2011,,% of merchandise imports,,missing,WDI_TM.VAL.FUEL.ZS.UN,2026-07-13,https://api.worldbank.org/v2/country/SOM/indicator/TM.VAL.FUEL.ZS.UN?format=json&per_page=1000&date=1960:2025&source=2
TM.VAL.FUEL.ZS.UN,Fuel imports (% of merchandise imports),trade,SOM,2012,,% of merchandise imports,,missing,WDI_TM.VAL.FUEL.ZS.UN,2026-07-13,https://api.worldbank.org/v2/country/SOM/indicator/TM.VAL.FUEL.ZS.UN?format=json&per_page=1000&date=1960:2025&source=2
TM.VAL.FUEL.ZS.UN,Fuel imports (% of merchandise imports),trade,SOM,2013,,% of merchandise imports,,missing,WDI_TM.VAL.FUEL.ZS.UN,2026-07-13,https://api.worldbank.org/v2/country/SOM/indicator/TM.VAL.FUEL.ZS.UN?format=json&per_page=1000&date=1960:2025&source=2
TM.VAL.FUEL.ZS.UN,Fuel imports (% of merchandise imports),trade,SOM,2014,,% of merchandise imports,,missing,WDI_TM.VAL.FUEL.ZS.UN,2026-07-13,https://api.worldbank.org/v2/country/SOM/indicator/TM.VAL.FUEL.ZS.UN?format=json&per_page=1000&date=1960:2025&source=2
TM.VAL.FUEL.ZS.UN,Fuel imports (% of merchandise imports),trade,SOM,2015,,% of merchandise imports,,missing,WDI_TM.VAL.FUEL.ZS.UN,2026-07-13,https://api.worldbank.org/v2/country/SOM/indicator/TM.VAL.FUEL.ZS.UN?format=json&per_page=1000&date=1960:2025&source=2
TM.VAL.FUEL.ZS.UN,Fuel imports (% of merchandise imports),trade,SOM,2016,,% of merchandise imports,,missing,WDI_TM.VAL.FUEL.ZS.UN,2026-07-13,https://api.worldbank.org/v2/country/SOM/indicator/TM.VAL.FUEL.ZS.UN?format=json&per_page=1000&date=1960:2025&source=2
TM.VAL.FUEL.ZS.UN,Fuel imports (% of merchandise imports),trade,SOM,2017,,% of merchandise imports,,missing,WDI_TM.VAL.FUEL.ZS.UN,2026-07-13,https://api.worldbank.org/v2/country/SOM/indicator/TM.VAL.FUEL.ZS.UN?format=json&per_page=1000&date=1960:2025&source=2
TM.VAL.FUEL.ZS.UN,Fuel imports (% of merchandise imports),trade,SOM,2018,,% of merchandise imports,,missing,WDI_TM.VAL.FUEL.ZS.UN,2026-07-13,https://api.worldbank.org/v2/country/SOM/indicator/TM.VAL.FUEL.ZS.UN?format=json&per_page=1000&date=1960:2025&source=2
TM.VAL.FUEL.ZS.UN,Fuel imports (% of merchandise imports),trade,SOM,2019,,% of merchandise imports,,missing,WDI_TM.VAL.FUEL.ZS.UN,2026-07-13,https://api.worldbank.org/v2/country/SOM/indicator/TM.VAL.FUEL.ZS.UN?format=json&per_page=1000&date=1960:2025&source=2
TM.VAL.FUEL.ZS.UN,Fuel imports (% of merchandise imports),trade,SOM,2020,,% of merchandise imports,,missing,WDI_TM.VAL.FUEL.ZS.UN,2026-07-13,https://api.worldbank.org/v2/country/SOM/indicator/TM.VAL.FUEL.ZS.UN?format=json&per_page=1000&date=1960:2025&source=2
TM.VAL.FUEL.ZS.UN,Fuel imports (% of merchandise imports),trade,SOM,2021,,% of merchandise imports,,missing,WDI_TM.VAL.FUEL.ZS.UN,2026-07-13,https://api.worldbank.org/v2/country/SOM/indicator/TM.VAL.FUEL.ZS.UN?format=json&per_page=1000&date=1960:2025&source=2
TM.VAL.FUEL.ZS.UN,Fuel imports (% of merchandise imports),trade,SOM,2022,,% of merchandise imports,,missing,WDI_TM.VAL.FUEL.ZS.UN,2026-07-13,https://api.worldbank.org/v2/country/SOM/indicator/TM.VAL.FUEL.ZS.UN?format=json&per_page=1000&date=1960:2025&source=2
TM.VAL.FUEL.ZS.UN,Fuel imports (% of merchandise imports),trade,SOM,2023,,% of merchandise imports,,missing,WDI_TM.VAL.FUEL.ZS.UN,2026-07-13,https://api.worldbank.org/v2/country/SOM/indicator/TM.VAL.FUEL.ZS.UN?format=json&per_page=1000&date=1960:2025&source=2
TM.VAL.FUEL.ZS.UN,Fuel imports (% of merchandise imports),trade,SOM,2024,,% of merchandise imports,,missing,WDI_TM.VAL.FUEL.ZS.UN,2026-07-13,https://api.worldbank.org/v2/country/SOM/indicator/TM.VAL.FUEL.ZS.UN?format=json&per_page=1000&date=1960:2025&source=2
TM.VAL.FUEL.ZS.UN,Fuel imports (% of merchandise imports),trade,SOM,2025,,% of merchandise imports,,missing,WDI_TM.VAL.FUEL.ZS.UN,2026-07-13,https://api.worldbank.org/v2/country/SOM/indicator/TM.VAL.FUEL.ZS.UN?format=json&per_page=1000&date=1960:2025&source=2
TX.VAL.FUEL.ZS.UN,Fuel exports (% of merchandise exports),trade,SOM,1960,,% of merchandise exports,,missing,WDI_TX.VAL.FUEL.ZS.UN,2026-07-13,https://api.worldbank.org/v2/country/SOM/indicator/TX.VAL.FUEL.ZS.UN?format=json&per_page=1000&date=1960:2025&source=2
TX.VAL.FUEL.ZS.UN,Fuel exports (% of merchandise exports),trade,SOM,1961,,% of merchandise exports,,missing,WDI_TX.VAL.FUEL.ZS.UN,2026-07-13,https://api.worldbank.org/v2/country/SOM/indicator/TX.VAL.FUEL.ZS.UN?format=json&per_page=1000&date=1960:2025&source=2
TX.VAL.FUEL.ZS.UN,Fuel exports (% of merchandise exports),trade,SOM,1962,0.00300059389388383,% of merchandise exports,,source_reported,WDI_TX.VAL.FUEL.ZS.UN,2026-07-13,https://api.worldbank.org/v2/country/SOM/indicator/TX.VAL.FUEL.ZS.UN?format=json&per_page=1000&date=1960:2025&source=2
TX.VAL.FUEL.ZS.UN,Fuel exports (% of merchandise exports),trade,SOM,1963,,% of merchandise exports,,missing,WDI_TX.VAL.FUEL.ZS.UN,2026-07-13,https://api.worldbank.org/v2/country/SOM/indicator/TX.VAL.FUEL.ZS.UN?format=json&per_page=1000&date=1960:2025&source=2
TX.VAL.FUEL.ZS.UN,Fuel exports (% of merchandise exports),trade,SOM,1964,,% of merchandise exports,,missing,WDI_TX.VAL.FUEL.ZS.UN,2026-07-13,https://api.worldbank.org/v2/country/SOM/indicator/TX.VAL.FUEL.ZS.UN?format=json&per_page=1000&date=1960:2025&source=2
TX.VAL.FUEL.ZS.UN,Fuel exports (% of merchandise exports),trade,SOM,1965,,% of merchandise exports,,missing,WDI_TX.VAL.FUEL.ZS.UN,2026-07-13,https://api.worldbank.org/v2/country/SOM/indicator/TX.VAL.FUEL.ZS.UN?format=json&per_page=1000&date=1960:2025&source=2
TX.VAL.FUEL.ZS.UN,Fuel exports (% of merchandise exports),trade,SOM,1966,0.147126692229084,% of merchandise exports,,source_reported,WDI_TX.VAL.FUEL.ZS.UN,2026-07-13,https://api.worldbank.org/v2/country/SOM/indicator/TX.VAL.FUEL.ZS.UN?format=json&per_page=1000&date=1960:2025&source=2
TX.VAL.FUEL.ZS.UN,Fuel exports (% of merchandise exports),trade,SOM,1967,,% of merchandise exports,,missing,WDI_TX.VAL.FUEL.ZS.UN,2026-07-13,https://api.worldbank.org/v2/country/SOM/indicator/TX.VAL.FUEL.ZS.UN?format=json&per_page=1000&date=1960:2025&source=2
TX.VAL.FUEL.ZS.UN,Fuel exports (% of merchandise exports),trade,SOM,1968,,% of merchandise exports,,missing,WDI_TX.VAL.FUEL.ZS.UN,2026-07-13,https://api.worldbank.org/v2/country/SOM/indicator/TX.VAL.FUEL.ZS.UN?format=json&per_page=1000&date=1960:2025&source=2
TX.VAL.FUEL.ZS.UN,Fuel exports (% of merchandise exports),trade,SOM,1969,,% of merchandise exports,,missing,WDI_TX.VAL.FUEL.ZS.UN,2026-07-13,https://api.worldbank.org/v2/country/SOM/indicator/TX.VAL.FUEL.ZS.UN?format=json&per_page=1000&date=1960:2025&source=2
TX.VAL.FUEL.ZS.UN,Fuel exports (% of merchandise exports),trade,SOM,1970,0.000197401055904616,% of merchandise exports,,source_reported,WDI_TX.VAL.FUEL.ZS.UN,2026-07-13,https://api.worldbank.org/v2/country/SOM/indicator/TX.VAL.FUEL.ZS.UN?format=json&per_page=1000&date=1960:2025&source=2
TX.VAL.FUEL.ZS.UN,Fuel exports (% of merchandise exports),trade,SOM,1971,,% of merchandise exports,,missing,WDI_TX.VAL.FUEL.ZS.UN,2026-07-13,https://api.worldbank.org/v2/country/SOM/indicator/TX.VAL.FUEL.ZS.UN?format=json&per_page=1000&date=1960:2025&source=2
TX.VAL.FUEL.ZS.UN,Fuel exports (% of merchandise exports),trade,SOM,1972,0.0115140598923247,% of merchandise exports,,source_reported,WDI_TX.VAL.FUEL.ZS.UN,2026-07-13,https://api.worldbank.org/v2/country/SOM/indicator/TX.VAL.FUEL.ZS.UN?format=json&per_page=1000&date=1960:2025&source=2
TX.VAL.FUEL.ZS.UN,Fuel exports (% of merchandise exports),trade,SOM,1973,0.0474583020547104,% of merchandise exports,,source_reported,WDI_TX.VAL.FUEL.ZS.UN,2026-07-13,https://api.worldbank.org/v2/country/SOM/indicator/TX.VAL.FUEL.ZS.UN?format=json&per_page=1000&date=1960:2025&source=2
TX.VAL.FUEL.ZS.UN,Fuel exports (% of merchandise exports),trade,SOM,1974,0.000596339135294071,% of merchandise exports,,source_reported,WDI_TX.VAL.FUEL.ZS.UN,2026-07-13,https://api.worldbank.org/v2/country/SOM/indicator/TX.VAL.FUEL.ZS.UN?format=json&per_page=1000&date=1960:2025&source=2
TX.VAL.FUEL.ZS.UN,Fuel exports (% of merchandise exports),trade,SOM,1975,0.01820754487785,% of merchandise exports,,source_reported,WDI_TX.VAL.FUEL.ZS.UN,2026-07-13,https://api.worldbank.org/v2/country/SOM/indicator/TX.VAL.FUEL.ZS.UN?format=json&per_page=1000&date=1960:2025&source=2
TX.VAL.FUEL.ZS.UN,Fuel exports (% of merchandise exports),trade,SOM,1976,0.058512459939624,% of merchandise exports,,source_reported,WDI_TX.VAL.FUEL.ZS.UN,2026-07-13,https://api.worldbank.org/v2/country/SOM/indicator/TX.VAL.FUEL.ZS.UN?format=json&per_page=1000&date=1960:2025&source=2
TX.VAL.FUEL.ZS.UN,Fuel exports (% of merchandise exports),trade,SOM,1977,0.255163100720116,% of merchandise exports,,source_reported,WDI_TX.VAL.FUEL.ZS.UN,2026-07-13,https://api.worldbank.org/v2/country/SOM/indicator/TX.VAL.FUEL.ZS.UN?format=json&per_page=1000&date=1960:2025&source=2
TX.VAL.FUEL.ZS.UN,Fuel exports (% of merchandise exports),trade,SOM,1978,0.293679352036152,% of merchandise exports,,source_reported,WDI_TX.VAL.FUEL.ZS.UN,2026-07-13,https://api.worldbank.org/v2/country/SOM/indicator/TX.VAL.FUEL.ZS.UN?format=json&per_page=1000&date=1960:2025&source=2
TX.VAL.FUEL.ZS.UN,Fuel exports (% of merchandise exports),trade,SOM,1979,1.16791508284886,% of merchandise exports,,source_reported,WDI_TX.VAL.FUEL.ZS.UN,2026-07-13,https://api.worldbank.org/v2/country/SOM/indicator/TX.VAL.FUEL.ZS.UN?format=json&per_page=1000&date=1960:2025&source=2
TX.VAL.FUEL.ZS.UN,Fuel exports (% of merchandise exports),trade,SOM,1980,4.82273409823714,% of merchandise exports,,source_reported,WDI_TX.VAL.FUEL.ZS.UN,2026-07-13,https://api.worldbank.org/v2/country/SOM/indicator/TX.VAL.FUEL.ZS.UN?format=json&per_page=1000&date=1960:2025&source=2
TX.VAL.FUEL.ZS.UN,Fuel exports (% of merchandise exports),trade,SOM,1981,0.211569040955787,% of merchandise exports,,source_reported,WDI_TX.VAL.FUEL.ZS.UN,2026-07-13,https://api.worldbank.org/v2/country/SOM/indicator/TX.VAL.FUEL.ZS.UN?format=json&per_page=1000&date=1960:2025&source=2
TX.VAL.FUEL.ZS.UN,Fuel exports (% of merchandise exports),trade,SOM,1982,1.11778154998697,% of merchandise exports,,source_reported,WDI_TX.VAL.FUEL.ZS.UN,2026-07-13,https://api.worldbank.org/v2/country/SOM/indicator/TX.VAL.FUEL.ZS.UN?format=json&per_page=1000&date=1960:2025&source=2
TX.VAL.FUEL.ZS.UN,Fuel exports (% of merchandise exports),trade,SOM,1983,,% of merchandise exports,,missing,WDI_TX.VAL.FUEL.ZS.UN,2026-07-13,https://api.worldbank.org/v2/country/SOM/indicator/TX.VAL.FUEL.ZS.UN?format=json&per_page=1000&date=1960:2025&source=2
TX.VAL.FUEL.ZS.UN,Fuel exports (% of merchandise exports),trade,SOM,1984,,% of merchandise exports,,missing,WDI_TX.VAL.FUEL.ZS.UN,2026-07-13,https://api.worldbank.org/v2/country/SOM/indicator/TX.VAL.FUEL.ZS.UN?format=json&per_page=1000&date=1960:2025&source=2
TX.VAL.FUEL.ZS.UN,Fuel exports (% of merchandise exports),trade,SOM,1985,,% of merchandise exports,,missing,WDI_TX.VAL.FUEL.ZS.UN,2026-07-13,https://api.worldbank.org/v2/country/SOM/indicator/TX.VAL.FUEL.ZS.UN?format=json&per_page=1000&date=1960:2025&source=2
TX.VAL.FUEL.ZS.UN,Fuel exports (% of merchandise exports),trade,SOM,1986,,% of merchandise exports,,missing,WDI_TX.VAL.FUEL.ZS.UN,2026-07-13,https://api.worldbank.org/v2/country/SOM/indicator/TX.VAL.FUEL.ZS.UN?format=json&per_page=1000&date=1960:2025&source=2
TX.VAL.FUEL.ZS.UN,Fuel exports (% of merchandise exports),trade,SOM,1987,,% of merchandise exports,,missing,WDI_TX.VAL.FUEL.ZS.UN,2026-07-13,https://api.worldbank.org/v2/country/SOM/indicator/TX.VAL.FUEL.ZS.UN?format=json&per_page=1000&date=1960:2025&source=2
TX.VAL.FUEL.ZS.UN,Fuel exports (% of merchandise exports),trade,SOM,1988,,% of merchandise exports,,missing,WDI_TX.VAL.FUEL.ZS.UN,2026-07-13,https://api.worldbank.org/v2/country/SOM/indicator/TX.VAL.FUEL.ZS.UN?format=json&per_page=1000&date=1960:2025&source=2
TX.VAL.FUEL.ZS.UN,Fuel exports (% of merchandise exports),trade,SOM,1989,,% of merchandise exports,,missing,WDI_TX.VAL.FUEL.ZS.UN,2026-07-13,https://api.worldbank.org/v2/country/SOM/indicator/TX.VAL.FUEL.ZS.UN?format=json&per_page=1000&date=1960:2025&source=2
TX.VAL.FUEL.ZS.UN,Fuel exports (% of merchandise exports),trade,SOM,1990,,% of merchandise exports,,missing,WDI_TX.VAL.FUEL.ZS.UN,2026-07-13,https://api.worldbank.org/v2/country/SOM/indicator/TX.VAL.FUEL.ZS.UN?format=json&per_page=1000&date=1960:2025&source=2
TX.VAL.FUEL.ZS.UN,Fuel exports (% of merchandise exports),trade,SOM,1991,,% of merchandise exports,,missing,WDI_TX.VAL.FUEL.ZS.UN,2026-07-13,https://api.worldbank.org/v2/country/SOM/indicator/TX.VAL.FUEL.ZS.UN?format=json&per_page=1000&date=1960:2025&source=2
TX.VAL.FUEL.ZS.UN,Fuel exports (% of merchandise exports),trade,SOM,1992,,% of merchandise exports,,missing,WDI_TX.VAL.FUEL.ZS.UN,2026-07-13,https://api.worldbank.org/v2/country/SOM/indicator/TX.VAL.FUEL.ZS.UN?format=json&per_page=1000&date=1960:2025&source=2
TX.VAL.FUEL.ZS.UN,Fuel exports (% of merchandise exports),trade,SOM,1993,,% of merchandise exports,,missing,WDI_TX.VAL.FUEL.ZS.UN,2026-07-13,https://api.worldbank.org/v2/country/SOM/indicator/TX.VAL.FUEL.ZS.UN?format=json&per_page=1000&date=1960:2025&source=2
TX.VAL.FUEL.ZS.UN,Fuel exports (% of merchandise exports),trade,SOM,1994,,% of merchandise exports,,missing,WDI_TX.VAL.FUEL.ZS.UN,2026-07-13,https://api.worldbank.org/v2/country/SOM/indicator/TX.VAL.FUEL.ZS.UN?format=json&per_page=1000&date=1960:2025&source=2
TX.VAL.FUEL.ZS.UN,Fuel exports (% of merchandise exports),trade,SOM,1995,,% of merchandise exports,,missing,WDI_TX.VAL.FUEL.ZS.UN,2026-07-13,https://api.worldbank.org/v2/country/SOM/indicator/TX.VAL.FUEL.ZS.UN?format=json&per_page=1000&date=1960:2025&source=2
TX.VAL.FUEL.ZS.UN,Fuel exports (% of merchandise exports),trade,SOM,1996,,% of merchandise exports,,missing,WDI_TX.VAL.FUEL.ZS.UN,2026-07-13,https://api.worldbank.org/v2/country/SOM/indicator/TX.VAL.FUEL.ZS.UN?format=json&per_page=1000&date=1960:2025&source=2
TX.VAL.FUEL.ZS.UN,Fuel exports (% of merchandise exports),trade,SOM,1997,,% of merchandise exports,,missing,WDI_TX.VAL.FUEL.ZS.UN,2026-07-13,https://api.worldbank.org/v2/country/SOM/indicator/TX.VAL.FUEL.ZS.UN?format=json&per_page=1000&date=1960:2025&source=2
TX.VAL.FUEL.ZS.UN,Fuel exports (% of merchandise exports),trade,SOM,1998,,% of merchandise exports,,missing,WDI_TX.VAL.FUEL.ZS.UN,2026-07-13,https://api.worldbank.org/v2/country/SOM/indicator/TX.VAL.FUEL.ZS.UN?format=json&per_page=1000&date=1960:2025&source=2
TX.VAL.FUEL.ZS.UN,Fuel exports (% of merchandise exports),trade,SOM,1999,,% of merchandise exports,,missing,WDI_TX.VAL.FUEL.ZS.UN,2026-07-13,https://api.worldbank.org/v2/country/SOM/indicator/TX.VAL.FUEL.ZS.UN?format=json&per_page=1000&date=1960:2025&source=2
TX.VAL.FUEL.ZS.UN,Fuel exports (% of merchandise exports),trade,SOM,2000,,% of merchandise exports,,missing,WDI_TX.VAL.FUEL.ZS.UN,2026-07-13,https://api.worldbank.org/v2/country/SOM/indicator/TX.VAL.FUEL.ZS.UN?format=json&per_page=1000&date=1960:2025&source=2
TX.VAL.FUEL.ZS.UN,Fuel exports (% of merchandise exports),trade,SOM,2001,,% of merchandise exports,,missing,WDI_TX.VAL.FUEL.ZS.UN,2026-07-13,https://api.worldbank.org/v2/country/SOM/indicator/TX.VAL.FUEL.ZS.UN?format=json&per_page=1000&date=1960:2025&source=2
TX.VAL.FUEL.ZS.UN,Fuel exports (% of merchandise exports),trade,SOM,2002,,% of merchandise exports,,missing,WDI_TX.VAL.FUEL.ZS.UN,2026-07-13,https://api.worldbank.org/v2/country/SOM/indicator/TX.VAL.FUEL.ZS.UN?format=json&per_page=1000&date=1960:2025&source=2
TX.VAL.FUEL.ZS.UN,Fuel exports (% of merchandise exports),trade,SOM,2003,,% of merchandise exports,,missing,WDI_TX.VAL.FUEL.ZS.UN,2026-07-13,https://api.worldbank.org/v2/country/SOM/indicator/TX.VAL.FUEL.ZS.UN?format=json&per_page=1000&date=1960:2025&source=2
TX.VAL.FUEL.ZS.UN,Fuel exports (% of merchandise exports),trade,SOM,2004,,% of merchandise exports,,missing,WDI_TX.VAL.FUEL.ZS.UN,2026-07-13,https://api.worldbank.org/v2/country/SOM/indicator/TX.VAL.FUEL.ZS.UN?format=json&per_page=1000&date=1960:2025&source=2
TX.VAL.FUEL.ZS.UN,Fuel exports (% of merchandise exports),trade,SOM,2005,,% of merchandise exports,,missing,WDI_TX.VAL.FUEL.ZS.UN,2026-07-13,https://api.worldbank.org/v2/country/SOM/indicator/TX.VAL.FUEL.ZS.UN?format=json&per_page=1000&date=1960:2025&source=2
TX.VAL.FUEL.ZS.UN,Fuel exports (% of merchandise exports),trade,SOM,2006,,% of merchandise exports,,missing,WDI_TX.VAL.FUEL.ZS.UN,2026-07-13,https://api.worldbank.org/v2/country/SOM/indicator/TX.VAL.FUEL.ZS.UN?format=json&per_page=1000&date=1960:2025&source=2
TX.VAL.FUEL.ZS.UN,Fuel exports (% of merchandise exports),trade,SOM,2007,,% of merchandise exports,,missing,WDI_TX.VAL.FUEL.ZS.UN,2026-07-13,https://api.worldbank.org/v2/country/SOM/indicator/TX.VAL.FUEL.ZS.UN?format=json&per_page=1000&date=1960:2025&source=2
TX.VAL.FUEL.ZS.UN,Fuel exports (% of merchandise exports),trade,SOM,2008,,% of merchandise exports,,missing,WDI_TX.VAL.FUEL.ZS.UN,2026-07-13,https://api.worldbank.org/v2/country/SOM/indicator/TX.VAL.FUEL.ZS.UN?format=json&per_page=1000&date=1960:2025&source=2
TX.VAL.FUEL.ZS.UN,Fuel exports (% of merchandise exports),trade,SOM,2009,,% of merchandise exports,,missing,WDI_TX.VAL.FUEL.ZS.UN,2026-07-13,https://api.worldbank.org/v2/country/SOM/indicator/TX.VAL.FUEL.ZS.UN?format=json&per_page=1000&date=1960:2025&source=2
TX.VAL.FUEL.ZS.UN,Fuel exports (% of merchandise exports),trade,SOM,2010,,% of merchandise exports,,missing,WDI_TX.VAL.FUEL.ZS.UN,2026-07-13,https://api.worldbank.org/v2/country/SOM/indicator/TX.VAL.FUEL.ZS.UN?format=json&per_page=1000&date=1960:2025&source=2
TX.VAL.FUEL.ZS.UN,Fuel exports (% of merchandise exports),trade,SOM,2011,,% of merchandise exports,,missing,WDI_TX.VAL.FUEL.ZS.UN,2026-07-13,https://api.worldbank.org/v2/country/SOM/indicator/TX.VAL.FUEL.ZS.UN?format=json&per_page=1000&date=1960:2025&source=2
TX.VAL.FUEL.ZS.UN,Fuel exports (% of merchandise exports),trade,SOM,2012,,% of merchandise exports,,missing,WDI_TX.VAL.FUEL.ZS.UN,2026-07-13,https://api.worldbank.org/v2/country/SOM/indicator/TX.VAL.FUEL.ZS.UN?format=json&per_page=1000&date=1960:2025&source=2
TX.VAL.FUEL.ZS.UN,Fuel exports (% of merchandise exports),trade,SOM,2013,,% of merchandise exports,,missing,WDI_TX.VAL.FUEL.ZS.UN,2026-07-13,https://api.worldbank.org/v2/country/SOM/indicator/TX.VAL.FUEL.ZS.UN?format=json&per_page=1000&date=1960:2025&source=2
TX.VAL.FUEL.ZS.UN,Fuel exports (% of merchandise exports),trade,SOM,2014,,% of merchandise exports,,missing,WDI_TX.VAL.FUEL.ZS.UN,2026-07-13,https://api.worldbank.org/v2/country/SOM/indicator/TX.VAL.FUEL.ZS.UN?format=json&per_page=1000&date=1960:2025&source=2
TX.VAL.FUEL.ZS.UN,Fuel exports (% of merchandise exports),trade,SOM,2015,,% of merchandise exports,,missing,WDI_TX.VAL.FUEL.ZS.UN,2026-07-13,https://api.worldbank.org/v2/country/SOM/indicator/TX.VAL.FUEL.ZS.UN?format=json&per_page=1000&date=1960:2025&source=2
TX.VAL.FUEL.ZS.UN,Fuel exports (% of merchandise exports),trade,SOM,2016,,% of merchandise exports,,missing,WDI_TX.VAL.FUEL.ZS.UN,2026-07-13,https://api.worldbank.org/v2/country/SOM/indicator/TX.VAL.FUEL.ZS.UN?format=json&per_page=1000&date=1960:2025&source=2
TX.VAL.FUEL.ZS.UN,Fuel exports (% of merchandise exports),trade,SOM,2017,,% of merchandise exports,,missing,WDI_TX.VAL.FUEL.ZS.UN,2026-07-13,https://api.worldbank.org/v2/country/SOM/indicator/TX.VAL.FUEL.ZS.UN?format=json&per_page=1000&date=1960:2025&source=2
TX.VAL.FUEL.ZS.UN,Fuel exports (% of merchandise exports),trade,SOM,2018,,% of merchandise exports,,missing,WDI_TX.VAL.FUEL.ZS.UN,2026-07-13,https://api.worldbank.org/v2/country/SOM/indicator/TX.VAL.FUEL.ZS.UN?format=json&per_page=1000&date=1960:2025&source=2
TX.VAL.FUEL.ZS.UN,Fuel exports (% of merchandise exports),trade,SOM,2019,,% of merchandise exports,,missing,WDI_TX.VAL.FUEL.ZS.UN,2026-07-13,https://api.worldbank.org/v2/country/SOM/indicator/TX.VAL.FUEL.ZS.UN?format=json&per_page=1000&date=1960:2025&source=2
TX.VAL.FUEL.ZS.UN,Fuel exports (% of merchandise exports),trade,SOM,2020,,% of merchandise exports,,missing,WDI_TX.VAL.FUEL.ZS.UN,2026-07-13,https://api.worldbank.org/v2/country/SOM/indicator/TX.VAL.FUEL.ZS.UN?format=json&per_page=1000&date=1960:2025&source=2
TX.VAL.FUEL.ZS.UN,Fuel exports (% of merchandise exports),trade,SOM,2021,,% of merchandise exports,,missing,WDI_TX.VAL.FUEL.ZS.UN,2026-07-13,https://api.worldbank.org/v2/country/SOM/indicator/TX.VAL.FUEL.ZS.UN?format=json&per_page=1000&date=1960:2025&source=2
TX.VAL.FUEL.ZS.UN,Fuel exports (% of merchandise exports),trade,SOM,2022,,% of merchandise exports,,missing,WDI_TX.VAL.FUEL.ZS.UN,2026-07-13,https://api.worldbank.org/v2/country/SOM/indicator/TX.VAL.FUEL.ZS.UN?format=json&per_page=1000&date=1960:2025&source=2
TX.VAL.FUEL.ZS.UN,Fuel exports (% of merchandise exports),trade,SOM,2023,,% of merchandise exports,,missing,WDI_TX.VAL.FUEL.ZS.UN,2026-07-13,https://api.worldbank.org/v2/country/SOM/indicator/TX.VAL.FUEL.ZS.UN?format=json&per_page=1000&date=1960:2025&source=2
TX.VAL.FUEL.ZS.UN,Fuel exports (% of merchandise exports),trade,SOM,2024,,% of merchandise exports,,missing,WDI_TX.VAL.FUEL.ZS.UN,2026-07-13,https://api.worldbank.org/v2/country/SOM/indicator/TX.VAL.FUEL.ZS.UN?format=json&per_page=1000&date=1960:2025&source=2
TX.VAL.FUEL.ZS.UN,Fuel exports (% of merchandise exports),trade,SOM,2025,,% of merchandise exports,,missing,WDI_TX.VAL.FUEL.ZS.UN,2026-07-13,https://api.worldbank.org/v2/country/SOM/indicator/TX.VAL.FUEL.ZS.UN?format=json&per_page=1000&date=1960:2025&source=2
