site_id,time_utc,latitude,longitude,ALLSKY_SFC_SW_DWN,T2M,WS10M,WS50M,RH2M,PRECTOTCORR
mogadishu,20010101,2.04,45.34,6.5942,26.67,8.4,9.75,73.97,0.0
mogadishu,20010102,2.04,45.34,6.6737,26.69,8.0,9.29,73.74,0.0
mogadishu,20010103,2.04,45.34,6.7414,26.53,7.59,8.76,75.61,0.0
mogadishu,20010104,2.04,45.34,6.5599,26.56,8.13,9.42,75.25,0.0
mogadishu,20010105,2.04,45.34,6.7898,26.6,9.01,10.52,73.25,0.0
mogadishu,20010106,2.04,45.34,6.6914,26.42,8.97,10.54,77.78,0.0
mogadishu,20010107,2.04,45.34,6.6382,26.61,8.43,10.0,81.01,0.0
mogadishu,20010108,2.04,45.34,6.3367,26.86,8.05,9.54,81.88,0.0
mogadishu,20010109,2.04,45.34,6.108,26.63,8.16,9.55,83.23,0.0
mogadishu,20010110,2.04,45.34,6.462,26.9,9.84,11.68,78.37,0.0
mogadishu,20010111,2.04,45.34,6.1759,26.64,9.97,11.79,76.25,0.0
mogadishu,20010112,2.04,45.34,6.5441,26.32,9.82,11.58,75.85,0.0
mogadishu,20010113,2.04,45.34,6.7836,26.04,9.58,11.21,75.84,0.0
mogadishu,20010114,2.04,45.34,6.5081,26.15,9.13,10.68,76.07,0.0
mogadishu,20010115,2.04,45.34,6.7212,26.24,9.43,11.07,76.44,0.0
mogadishu,20010116,2.04,45.34,6.6845,26.21,9.53,11.21,77.16,0.0
mogadishu,20010117,2.04,45.34,6.6929,26.42,9.03,10.61,77.48,0.0
mogadishu,20010118,2.04,45.34,5.9417,26.58,8.23,9.58,79.94,0.0
mogadishu,20010119,2.04,45.34,6.7272,26.7,7.57,8.76,82.08,0.0
mogadishu,20010120,2.04,45.34,6.2126,26.77,7.62,8.84,82.89,0.0
mogadishu,20010121,2.04,45.34,5.2745,26.61,8.53,9.96,80.79,0.0
mogadishu,20010122,2.04,45.34,6.8628,26.13,9.48,10.99,76.03,0.0
mogadishu,20010123,2.04,45.34,6.679,26.37,8.85,10.23,72.55,0.0
mogadishu,20010124,2.04,45.34,6.4454,26.69,8.42,9.77,74.9,0.0
mogadishu,20010125,2.04,45.34,5.8656,26.69,8.47,9.86,77.57,0.0
mogadishu,20010126,2.04,45.34,6.6691,26.37,8.51,9.88,76.73,0.0
mogadishu,20010127,2.04,45.34,6.8666,25.92,8.27,9.55,75.52,0.0
mogadishu,20010128,2.04,45.34,6.9252,26.23,8.93,10.33,77.19,0.0
mogadishu,20010129,2.04,45.34,6.7874,26.47,10.11,11.86,75.55,0.0
mogadishu,20010130,2.04,45.34,6.7762,26.13,9.91,11.62,75.61,0.0
mogadishu,20010131,2.04,45.34,6.8515,25.86,9.98,11.68,74.14,0.0
mogadishu,20010201,2.04,45.34,6.8892,25.69,9.75,11.39,72.55,0.0
mogadishu,20010202,2.04,45.34,7.1719,25.68,9.19,10.72,72.37,0.0
mogadishu,20010203,2.04,45.34,7.1191,25.94,9.43,11.02,74.65,0.0
mogadishu,20010204,2.04,45.34,6.8714,25.82,9.3,10.83,78.38,0.0
mogadishu,20010205,2.04,45.34,6.4378,25.8,8.36,9.69,80.09,0.0
mogadishu,20010206,2.04,45.34,6.5738,25.44,7.27,8.39,83.25,0.0
mogadishu,20010207,2.04,45.34,7.0783,25.67,8.0,9.33,83.26,0.0
mogadishu,20010208,2.04,45.34,6.9283,25.82,8.74,10.24,80.97,0.0
mogadishu,20010209,2.04,45.34,6.9168,25.74,7.65,8.91,83.27,0.0
mogadishu,20010210,2.04,45.34,6.7946,25.82,6.94,8.05,85.2,0.13
mogadishu,20010211,2.04,45.34,5.8116,25.95,7.05,8.12,83.62,0.42
mogadishu,20010212,2.04,45.34,6.6043,25.98,7.87,9.13,82.74,0.15
mogadishu,20010213,2.04,45.34,6.1954,26.07,7.91,9.2,81.86,0.29
mogadishu,20010214,2.04,45.34,6.943,25.73,8.3,9.56,76.41,0.01
mogadishu,20010215,2.04,45.34,7.2602,25.37,7.44,8.54,77.7,0.0
mogadishu,20010216,2.04,45.34,7.295,25.25,6.38,7.26,79.59,0.0
mogadishu,20010217,2.04,45.34,7.1467,25.54,6.41,7.29,77.93,0.0
mogadishu,20010218,2.04,45.34,7.2343,25.75,6.61,7.56,78.52,0.0
mogadishu,20010219,2.04,45.34,7.1971,25.77,6.73,7.66,80.09,0.0
mogadishu,20010220,2.04,45.34,7.3061,25.67,6.47,7.33,79.28,0.0
mogadishu,20010221,2.04,45.34,7.2938,25.87,5.75,6.55,78.51,0.0
mogadishu,20010222,2.04,45.34,7.1868,25.99,5.29,5.98,79.16,0.0
mogadishu,20010223,2.04,45.34,7.1638,26.29,5.67,6.4,79.03,0.0
mogadishu,20010224,2.04,45.34,7.2562,26.52,5.73,6.52,78.3,0.0
mogadishu,20010225,2.04,45.34,7.3858,27.13,6.74,7.82,78.41,0.0
mogadishu,20010226,2.04,45.34,7.2907,26.96,7.6,8.74,79.56,0.0
mogadishu,20010227,2.04,45.34,6.9499,27.15,8.37,9.68,79.03,0.0
mogadishu,20010228,2.04,45.34,7.5046,26.94,9.05,10.49,74.36,0.0
mogadishu,20010301,2.04,45.34,7.1923,26.86,8.31,9.62,72.26,0.0
mogadishu,20010302,2.04,45.34,7.3663,26.73,7.72,8.86,72.57,0.0
mogadishu,20010303,2.04,45.34,7.2137,26.81,7.3,8.39,74.12,0.0
mogadishu,20010304,2.04,45.34,7.4902,27.14,8.34,9.6,71.19,0.0
mogadishu,20010305,2.04,45.34,7.3745,27.29,8.46,9.82,71.19,0.0
mogadishu,20010306,2.04,45.34,7.0042,27.5,7.58,8.81,73.71,0.0
mogadishu,20010307,2.04,45.34,6.4006,27.54,7.07,8.17,77.02,0.0
mogadishu,20010308,2.04,45.34,7.0418,27.26,6.12,7.03,77.88,0.0
mogadishu,20010309,2.04,45.34,7.3349,27.22,5.16,5.85,77.71,0.0
mogadishu,20010310,2.04,45.34,7.181,27.38,4.54,5.02,76.15,0.0
mogadishu,20010311,2.04,45.34,7.1621,27.41,5.85,6.56,77.44,0.0
mogadishu,20010312,2.04,45.34,7.2922,27.05,5.93,6.69,78.51,0.01
mogadishu,20010313,2.04,45.34,7.3039,27.59,5.31,6.01,74.81,0.03
mogadishu,20010314,2.04,45.34,7.4203,27.4,4.66,5.24,72.21,0.0
mogadishu,20010315,2.04,45.34,7.3735,26.94,4.27,4.74,79.33,0.0
mogadishu,20010316,2.04,45.34,7.254,26.67,5.11,5.73,79.33,0.01
mogadishu,20010317,2.04,45.34,7.0063,26.77,5.07,5.68,76.33,0.0
mogadishu,20010318,2.04,45.34,7.0846,27.32,6.42,7.25,75.52,0.0
mogadishu,20010319,2.04,45.34,6.6833,27.39,6.31,7.14,76.0,0.0
mogadishu,20010320,2.04,45.34,7.3726,27.48,6.23,7.07,76.88,0.0
mogadishu,20010321,2.04,45.34,6.8323,27.91,5.35,6.04,75.74,0.0
mogadishu,20010322,2.04,45.34,7.1417,27.95,4.76,5.37,75.45,0.04
mogadishu,20010323,2.04,45.34,7.1138,27.84,4.62,5.16,77.16,0.03
mogadishu,20010324,2.04,45.34,7.2463,27.83,4.36,4.86,76.86,0.04
mogadishu,20010325,2.04,45.34,7.361,27.76,4.45,4.95,76.05,0.03
mogadishu,20010326,2.04,45.34,6.9014,28.16,5.67,6.43,74.88,0.08
mogadishu,20010327,2.04,45.34,6.9418,28.17,5.46,6.13,78.83,0.0
mogadishu,20010328,2.04,45.34,7.3481,28.59,5.48,6.2,76.07,0.0
mogadishu,20010329,2.04,45.34,7.3553,28.34,4.61,5.17,73.96,0.0
mogadishu,20010330,2.04,45.34,7.1714,27.97,5.18,5.75,74.9,0.0
mogadishu,20010331,2.04,45.34,6.9329,28.02,6.05,6.84,74.26,0.0
mogadishu,20010401,2.04,45.34,7.3843,27.84,5.19,5.89,73.06,0.0
mogadishu,20010402,2.04,45.34,7.2252,27.57,3.82,4.19,75.49,0.1
mogadishu,20010403,2.04,45.34,6.7034,28.05,4.23,4.64,76.19,0.6
mogadishu,20010404,2.04,45.34,6.8237,28.4,4.24,4.69,73.24,0.64
mogadishu,20010405,2.04,45.34,6.8664,28.61,4.61,5.17,71.89,0.34
mogadishu,20010406,2.04,45.34,6.913,28.71,4.69,5.21,72.68,0.09
mogadishu,20010407,2.04,45.34,6.4723,28.89,5.88,6.65,72.96,0.12
mogadishu,20010408,2.04,45.34,7.2876,28.92,5.88,6.6,72.03,0.0
mogadishu,20010409,2.04,45.34,7.415,29.0,5.39,5.97,73.13,0.01
mogadishu,20010410,2.04,45.34,6.9168,28.79,5.04,5.56,75.74,0.02
mogadishu,20010411,2.04,45.34,6.727,28.76,4.66,5.22,74.0,0.08
mogadishu,20010412,2.04,45.34,7.0493,28.99,5.01,5.65,75.7,0.86
mogadishu,20010413,2.04,45.34,6.671,29.02,5.47,6.12,75.82,1.03
mogadishu,20010414,2.04,45.34,6.3576,28.67,5.45,6.11,76.96,1.38
mogadishu,20010415,2.04,45.34,6.0146,28.72,4.96,5.57,75.19,0.77
mogadishu,20010416,2.04,45.34,6.5796,28.67,4.55,5.03,75.67,0.02
mogadishu,20010417,2.04,45.34,6.7949,28.76,4.52,4.99,74.86,0.01
mogadishu,20010418,2.04,45.34,6.4783,28.44,5.23,5.81,80.08,0.02
mogadishu,20010419,2.04,45.34,6.421,28.9,4.84,5.39,77.46,0.02
mogadishu,20010420,2.04,45.34,7.1095,29.0,4.85,5.43,77.14,0.03
mogadishu,20010421,2.04,45.34,6.3046,28.94,5.57,6.37,80.34,0.79
mogadishu,20010422,2.04,45.34,4.7988,28.3,4.68,5.26,80.7,0.99
mogadishu,20010423,2.04,45.34,4.3358,28.11,4.33,4.8,81.18,0.26
mogadishu,20010424,2.04,45.34,6.857,28.51,2.9,3.27,74.8,0.06
mogadishu,20010425,2.04,45.34,5.898,28.31,3.84,4.26,79.59,0.34
mogadishu,20010426,2.04,45.34,5.9045,28.16,5.36,6.04,83.13,0.17
mogadishu,20010427,2.04,45.34,5.6256,28.54,5.71,6.48,79.88,0.1
mogadishu,20010428,2.04,45.34,5.1302,28.81,5.69,6.4,80.78,0.11
mogadishu,20010429,2.04,45.34,5.323,28.61,5.69,6.41,82.23,0.13
mogadishu,20010430,2.04,45.34,6.035,28.65,5.34,5.98,81.57,0.15
mogadishu,20010501,2.04,45.34,6.6972,28.85,5.09,5.78,77.58,0.0
mogadishu,20010502,2.04,45.34,5.6827,28.58,5.26,5.94,78.96,0.01
mogadishu,20010503,2.04,45.34,6.1738,28.94,5.95,6.73,75.45,0.01
mogadishu,20010504,2.04,45.34,5.3724,28.64,5.65,6.32,79.89,0.02
mogadishu,20010505,2.04,45.34,6.2126,28.66,5.11,5.75,80.54,0.01
mogadishu,20010506,2.04,45.34,6.1574,28.73,5.75,6.49,79.79,0.76
mogadishu,20010507,2.04,45.34,6.6362,28.91,6.08,6.87,78.33,0.29
mogadishu,20010508,2.04,45.34,6.4613,29.38,7.12,8.11,73.68,0.13
mogadishu,20010509,2.04,45.34,6.7942,29.72,6.67,7.62,74.89,0.44
mogadishu,20010510,2.04,45.34,5.6486,29.38,6.63,7.56,74.17,0.38
mogadishu,20010511,2.04,45.34,6.8287,29.31,6.1,6.9,75.54,0.0
mogadishu,20010512,2.04,45.34,5.6825,29.32,6.91,7.94,78.24,0.0
mogadishu,20010513,2.04,45.34,5.8922,28.78,7.28,8.38,78.35,0.0
mogadishu,20010514,2.04,45.34,6.4416,28.86,7.21,8.26,76.22,0.0
mogadishu,20010515,2.04,45.34,6.1642,28.76,7.89,9.09,76.88,0.0
mogadishu,20010516,2.04,45.34,6.2647,28.55,7.85,9.04,76.03,0.0
mogadishu,20010517,2.04,45.34,6.4553,28.64,7.67,8.78,73.0,0.0
mogadishu,20010518,2.04,45.34,6.7656,28.47,7.35,8.37,75.25,0.0
mogadishu,20010519,2.04,45.34,6.5566,28.66,7.11,8.17,74.55,0.0
mogadishu,20010520,2.04,45.34,6.7147,28.37,5.82,6.64,75.81,0.0
mogadishu,20010521,2.04,45.34,6.7018,28.21,6.4,7.26,79.5,0.04
mogadishu,20010522,2.04,45.34,6.5455,28.43,6.39,7.34,76.9,0.21
mogadishu,20010523,2.04,45.34,6.2551,28.15,5.99,6.91,76.48,0.11
mogadishu,20010524,2.04,45.34,5.9681,27.94,6.29,7.16,77.48,0.22
mogadishu,20010525,2.04,45.34,6.5393,28.11,6.3,7.13,80.08,0.05
mogadishu,20010526,2.04,45.34,5.8044,28.53,6.48,7.46,79.1,0.0
mogadishu,20010527,2.04,45.34,5.9222,28.32,7.82,9.13,75.34,0.0
mogadishu,20010528,2.04,45.34,6.1092,28.26,8.98,10.48,71.16,0.0
mogadishu,20010529,2.04,45.34,5.8663,27.76,9.36,10.95,74.41,0.0
mogadishu,20010530,2.04,45.34,6.0269,27.82,7.88,9.17,75.92,0.0
mogadishu,20010531,2.04,45.34,5.2754,27.81,7.66,8.94,77.86,0.0
mogadishu,20010601,2.04,45.34,6.2028,27.93,8.01,9.36,76.25,0.0
mogadishu,20010602,2.04,45.34,6.2633,27.77,7.31,8.47,74.95,0.0
mogadishu,20010603,2.04,45.34,6.2695,27.63,7.22,8.33,78.12,0.0
mogadishu,20010604,2.04,45.34,6.2088,27.63,7.53,8.69,80.08,0.0
mogadishu,20010605,2.04,45.34,5.5922,27.72,8.46,9.86,75.0,0.0
mogadishu,20010606,2.04,45.34,5.9839,27.26,9.06,10.58,73.55,0.0
mogadishu,20010607,2.04,45.34,5.8416,27.19,8.3,9.68,73.67,0.0
mogadishu,20010608,2.04,45.34,5.8769,26.83,8.71,10.22,76.6,0.0
mogadishu,20010609,2.04,45.34,5.8123,26.56,9.16,10.76,74.72,0.0
mogadishu,20010610,2.04,45.34,4.4215,26.26,9.79,11.48,74.81,0.0
mogadishu,20010611,2.04,45.34,3.7428,25.76,10.17,11.96,75.22,0.0
mogadishu,20010612,2.04,45.34,3.8117,25.65,9.26,10.88,74.42,0.0
mogadishu,20010613,2.04,45.34,4.4971,25.62,9.06,10.6,76.94,0.0
mogadishu,20010614,2.04,45.34,4.5295,25.61,8.67,10.12,75.9,0.0
mogadishu,20010615,2.04,45.34,4.8283,25.71,8.73,10.24,77.7,0.0
mogadishu,20010616,2.04,45.34,5.5495,25.63,8.23,9.69,83.18,0.0
mogadishu,20010617,2.04,45.34,6.0041,25.74,7.22,8.47,84.1,0.0
mogadishu,20010618,2.04,45.34,5.9942,26.56,6.9,8.0,82.02,0.0
mogadishu,20010619,2.04,45.34,6.0442,26.76,7.76,9.03,80.82,0.0
mogadishu,20010620,2.04,45.34,6.0713,26.71,7.64,8.85,76.71,0.02
mogadishu,20010621,2.04,45.34,6.3449,26.9,7.56,8.74,75.07,0.01
mogadishu,20010622,2.04,45.34,6.3634,26.99,8.0,9.28,73.89,0.01
mogadishu,20010623,2.04,45.34,6.3924,26.85,8.22,9.54,77.88,0.04
mogadishu,20010624,2.04,45.34,5.988,26.84,8.48,9.89,77.5,0.02
mogadishu,20010625,2.04,45.34,5.1324,26.65,8.63,10.08,76.31,0.0
mogadishu,20010626,2.04,45.34,6.3302,26.46,8.63,10.06,73.66,0.0
mogadishu,20010627,2.04,45.34,5.2915,26.17,9.08,10.63,74.92,0.0
mogadishu,20010628,2.04,45.34,6.5419,26.15,8.55,9.96,73.46,0.0
mogadishu,20010629,2.04,45.34,6.4277,26.38,9.06,10.57,72.77,0.0
mogadishu,20010630,2.04,45.34,5.1816,26.41,9.29,10.9,77.45,0.0
mogadishu,20010701,2.04,45.34,6.3298,26.34,8.41,9.76,73.17,0.0
mogadishu,20010702,2.04,45.34,5.2937,26.18,8.63,10.02,74.47,0.0
mogadishu,20010703,2.04,45.34,5.9868,26.2,8.84,10.29,71.64,0.0
mogadishu,20010704,2.04,45.34,5.8181,26.4,8.71,10.21,77.59,0.0
mogadishu,20010705,2.04,45.34,6.1613,26.5,9.19,10.82,78.99,0.14
mogadishu,20010706,2.04,45.34,2.2951,26.53,9.39,11.08,80.33,0.3
mogadishu,20010707,2.04,45.34,5.4017,26.34,9.19,10.7,73.98,0.06
mogadishu,20010708,2.04,45.34,5.5831,26.15,9.48,11.02,74.71,0.05
mogadishu,20010709,2.04,45.34,5.0724,26.03,9.96,11.64,72.61,0.02
mogadishu,20010710,2.04,45.34,5.8104,25.76,9.2,10.73,73.22,0.0
mogadishu,20010711,2.04,45.34,4.6358,25.41,8.9,10.34,75.93,0.0
mogadishu,20010712,2.04,45.34,4.908,25.22,9.63,11.24,73.32,0.0
mogadishu,20010713,2.04,45.34,3.6787,25.25,9.54,11.18,76.23,0.0
mogadishu,20010714,2.04,45.34,3.0746,24.99,9.07,10.53,75.86,0.0
mogadishu,20010715,2.04,45.34,5.8505,24.88,7.79,8.97,74.38,0.0
mogadishu,20010716,2.04,45.34,5.3818,24.79,7.76,8.96,76.53,0.0
mogadishu,20010717,2.04,45.34,6.0288,24.66,7.91,9.15,77.42,0.0
mogadishu,20010718,2.04,45.34,5.1168,24.59,7.28,8.45,77.48,0.0
mogadishu,20010719,2.04,45.34,6.1193,24.81,6.4,7.39,77.4,0.0
mogadishu,20010720,2.04,45.34,5.9808,24.61,6.17,7.02,81.89,0.0
mogadishu,20010721,2.04,45.34,5.3316,25.29,7.34,8.44,79.47,0.0
mogadishu,20010722,2.04,45.34,6.3216,25.55,7.56,8.66,76.59,0.0
mogadishu,20010723,2.04,45.34,5.501,25.7,7.92,9.15,75.15,0.0
mogadishu,20010724,2.04,45.34,6.4205,25.49,8.44,9.74,75.34,0.0
mogadishu,20010725,2.04,45.34,6.1421,25.59,9.3,10.81,73.19,0.0
mogadishu,20010726,2.04,45.34,6.7798,25.72,9.34,10.88,71.72,0.0
mogadishu,20010727,2.04,45.34,6.3619,25.8,8.87,10.29,73.77,0.0
mogadishu,20010728,2.04,45.34,5.9834,25.75,9.16,10.69,77.04,0.0
mogadishu,20010729,2.04,45.34,5.9873,25.65,8.93,10.42,75.59,0.0
mogadishu,20010730,2.04,45.34,6.4104,25.57,9.24,10.77,74.48,0.26
mogadishu,20010731,2.04,45.34,5.448,25.18,9.38,11.02,78.2,1.44
mogadishu,20010801,2.04,45.34,3.6566,25.13,9.49,11.15,80.39,3.8
mogadishu,20010802,2.04,45.34,5.8498,25.09,9.31,10.85,78.07,2.43
mogadishu,20010803,2.04,45.34,5.5471,24.74,9.33,10.86,76.68,0.68
mogadishu,20010804,2.04,45.34,6.2782,24.91,9.94,11.66,77.62,0.51
mogadishu,20010805,2.04,45.34,5.1214,24.97,9.11,10.77,80.7,0.78
mogadishu,20010806,2.04,45.34,5.699,24.95,9.27,10.97,81.28,0.52
mogadishu,20010807,2.04,45.34,5.2831,24.95,9.41,11.1,82.98,1.62
mogadishu,20010808,2.04,45.34,4.9399,25.1,9.07,10.61,79.73,0.46
mogadishu,20010809,2.04,45.34,6.0175,25.34,7.91,9.18,79.13,0.0
mogadishu,20010810,2.04,45.34,5.6568,25.41,7.18,8.33,81.38,0.0
mogadishu,20010811,2.04,45.34,6.3986,25.04,7.59,8.75,80.65,0.0
mogadishu,20010812,2.04,45.34,5.8529,24.99,7.95,9.17,79.74,0.0
mogadishu,20010813,2.04,45.34,6.3036,25.31,7.52,8.67,80.64,0.0
mogadishu,20010814,2.04,45.34,6.7598,25.47,7.28,8.43,78.51,0.02
mogadishu,20010815,2.04,45.34,6.3744,25.33,7.05,8.15,77.75,0.04
mogadishu,20010816,2.04,45.34,6.5438,25.26,7.07,8.14,80.02,0.01
mogadishu,20010817,2.04,45.34,6.7366,25.62,7.18,8.35,77.51,0.02
mogadishu,20010818,2.04,45.34,6.7728,25.81,6.26,7.21,79.23,0.04
mogadishu,20010819,2.04,45.34,6.0074,25.68,7.47,8.64,76.59,0.0
mogadishu,20010820,2.04,45.34,6.5494,25.52,7.51,8.68,80.96,0.0
mogadishu,20010821,2.04,45.34,5.6798,25.44,7.38,8.51,81.13,0.0
mogadishu,20010822,2.04,45.34,5.8195,25.32,8.23,9.51,77.0,0.0
mogadishu,20010823,2.04,45.34,7.073,25.34,8.71,10.13,75.74,0.0
mogadishu,20010824,2.04,45.34,5.5994,25.29,8.82,10.32,79.77,0.04
mogadishu,20010825,2.04,45.34,4.5689,24.92,8.41,9.85,77.09,0.02
mogadishu,20010826,2.04,45.34,6.1003,24.82,7.53,8.74,81.6,0.02
mogadishu,20010827,2.04,45.34,4.4256,24.65,8.03,9.4,82.96,0.06
mogadishu,20010828,2.04,45.34,5.4929,24.54,7.09,8.23,81.75,0.01
mogadishu,20010829,2.04,45.34,4.5403,24.52,7.89,9.26,85.17,0.92
mogadishu,20010830,2.04,45.34,5.2958,24.91,7.79,9.1,81.43,0.16
mogadishu,20010831,2.04,45.34,5.8622,25.01,8.15,9.53,82.25,0.45
mogadishu,20010901,2.04,45.34,5.7002,24.83,8.77,10.26,80.75,0.17
mogadishu,20010902,2.04,45.34,5.2426,24.73,8.21,9.57,83.4,0.67
mogadishu,20010903,2.04,45.34,6.1886,25.11,7.75,8.94,79.4,0.0
mogadishu,20010904,2.04,45.34,6.6098,25.31,7.04,8.11,80.82,0.0
mogadishu,20010905,2.04,45.34,6.3989,25.37,6.77,7.83,81.04,0.0
mogadishu,20010906,2.04,45.34,6.6749,25.06,5.7,6.66,79.89,0.0
mogadishu,20010907,2.04,45.34,6.989,25.42,5.28,6.08,76.41,0.0
mogadishu,20010908,2.04,45.34,6.3017,25.61,4.76,5.48,77.81,2.87
mogadishu,20010909,2.04,45.34,6.2282,25.57,5.35,6.2,81.36,3.35
mogadishu,20010910,2.04,45.34,6.4061,25.83,6.17,7.13,79.44,3.19
mogadishu,20010911,2.04,45.34,6.7116,25.59,6.0,6.9,81.77,5.65
mogadishu,20010912,2.04,45.34,6.9919,25.81,5.77,6.7,77.12,3.37
mogadishu,20010913,2.04,45.34,6.6756,25.86,6.63,7.65,73.94,0.0
mogadishu,20010914,2.04,45.34,7.001,25.69,6.88,7.93,77.54,0.0
mogadishu,20010915,2.04,45.34,6.06,25.91,6.27,7.24,73.93,0.0
mogadishu,20010916,2.04,45.34,6.8659,25.86,7.54,8.65,77.63,0.0
mogadishu,20010917,2.04,45.34,6.7776,25.87,7.12,8.14,77.9,0.0
mogadishu,20010918,2.04,45.34,6.5494,25.8,6.6,7.54,77.64,0.0
mogadishu,20010919,2.04,45.34,6.6221,25.97,6.7,7.69,75.52,0.0
mogadishu,20010920,2.04,45.34,7.1846,26.01,6.58,7.54,75.56,0.0
mogadishu,20010921,2.04,45.34,7.0003,26.3,6.95,7.96,72.08,0.0
mogadishu,20010922,2.04,45.34,6.2146,26.15,7.04,8.05,71.11,0.0
mogadishu,20010923,2.04,45.34,7.1134,25.68,6.13,6.96,77.82,0.0
mogadishu,20010924,2.04,45.34,6.5261,26.18,5.87,6.74,79.99,0.0
mogadishu,20010925,2.04,45.34,6.2364,26.13,6.15,7.02,80.76,0.0
mogadishu,20010926,2.04,45.34,5.9537,26.43,7.04,8.1,80.24,0.0
mogadishu,20010927,2.04,45.34,6.7531,26.34,6.57,7.48,80.5,0.0
mogadishu,20010928,2.04,45.34,6.4356,26.36,7.09,8.1,79.96,0.0
mogadishu,20010929,2.04,45.34,6.1735,26.29,7.53,8.64,77.14,0.0
mogadishu,20010930,2.04,45.34,5.8334,26.18,8.32,9.61,74.66,0.0
mogadishu,20011001,2.04,45.34,6.8813,25.97,7.72,8.84,76.41,0.0
mogadishu,20011002,2.04,45.34,7.0798,25.97,7.68,8.78,78.11,0.0
mogadishu,20011003,2.04,45.34,6.6744,26.01,7.28,8.31,80.51,0.04
mogadishu,20011004,2.04,45.34,7.243,26.29,6.85,7.83,79.34,0.01
mogadishu,20011005,2.04,45.34,6.299,26.71,6.92,8.01,80.43,0.15
mogadishu,20011006,2.04,45.34,6.1092,26.34,7.03,8.12,77.08,0.07
mogadishu,20011007,2.04,45.34,5.8481,26.32,6.47,7.49,78.44,0.07
mogadishu,20011008,2.04,45.34,6.163,26.31,6.74,7.74,77.78,0.2
mogadishu,20011009,2.04,45.34,6.1406,26.16,7.24,8.39,78.16,0.28
mogadishu,20011010,2.04,45.34,5.839,25.97,6.39,7.39,80.36,0.48
mogadishu,20011011,2.04,45.34,5.2579,25.89,6.29,7.28,80.72,0.25
mogadishu,20011012,2.04,45.34,5.6786,26.03,5.8,6.64,76.77,0.11
mogadishu,20011013,2.04,45.34,5.2176,26.13,6.05,6.96,76.59,0.09
mogadishu,20011014,2.04,45.34,5.3287,26.25,5.36,6.15,76.23,0.13
mogadishu,20011015,2.04,45.34,5.947,26.42,5.71,6.54,73.93,0.05
mogadishu,20011016,2.04,45.34,6.5971,26.63,5.74,6.52,73.41,0.05
mogadishu,20011017,2.04,45.34,5.7029,26.44,5.72,6.48,75.67,0.07
mogadishu,20011018,2.04,45.34,5.5092,26.28,5.36,6.1,80.78,2.32
mogadishu,20011019,2.04,45.34,5.7415,26.19,4.71,5.42,82.96,4.07
mogadishu,20011020,2.04,45.34,5.4115,25.94,5.14,6.02,86.36,13.76
mogadishu,20011021,2.04,45.34,5.9546,26.01,5.82,6.79,82.49,2.61
mogadishu,20011022,2.04,45.34,5.0546,25.81,4.62,5.38,81.83,1.33
mogadishu,20011023,2.04,45.34,5.2421,25.72,4.43,5.06,83.24,0.22
mogadishu,20011024,2.04,45.34,5.431,26.33,4.24,4.85,81.85,0.27
mogadishu,20011025,2.04,45.34,5.3544,26.85,4.44,5.03,79.11,0.63
mogadishu,20011026,2.04,45.34,5.5762,27.09,4.79,5.46,78.07,0.51
mogadishu,20011027,2.04,45.34,5.2186,26.97,4.88,5.58,79.46,1.4
mogadishu,20011028,2.04,45.34,4.087,26.59,3.85,4.38,82.4,1.17
mogadishu,20011029,2.04,45.34,5.4653,27.24,3.66,4.16,79.11,0.62
mogadishu,20011030,2.04,45.34,5.2982,27.16,4.47,5.03,80.91,0.32
mogadishu,20011031,2.04,45.34,5.7756,27.1,4.33,4.91,80.43,0.35
mogadishu,20011101,2.04,45.34,5.9134,26.99,4.47,5.06,81.28,0.72
mogadishu,20011102,2.04,45.34,5.6566,26.99,4.11,4.58,81.37,0.23
mogadishu,20011103,2.04,45.34,5.7079,27.35,4.81,5.41,80.41,0.18
mogadishu,20011104,2.04,45.34,5.2848,27.23,4.58,5.15,79.14,0.1
mogadishu,20011105,2.04,45.34,5.5241,27.41,3.9,4.34,78.15,0.04
mogadishu,20011106,2.04,45.34,4.8348,26.91,4.33,4.76,80.39,0.04
mogadishu,20011107,2.04,45.34,5.2514,26.94,5.36,6.03,80.05,0.05
mogadishu,20011108,2.04,45.34,6.4591,27.31,4.65,5.3,75.34,0.02
mogadishu,20011109,2.04,45.34,6.1514,26.9,3.21,3.5,80.68,0.03
mogadishu,20011110,2.04,45.34,6.0372,27.2,3.72,4.13,76.75,0.02
mogadishu,20011111,2.04,45.34,6.403,27.39,3.1,3.38,73.2,0.01
mogadishu,20011112,2.04,45.34,6.1584,26.73,3.46,3.74,78.27,0.0
mogadishu,20011113,2.04,45.34,6.025,26.87,4.12,4.57,79.19,0.0
mogadishu,20011114,2.04,45.34,5.514,27.1,6.03,6.87,79.09,0.0
mogadishu,20011115,2.04,45.34,6.0348,26.96,7.11,8.14,74.75,0.0
mogadishu,20011116,2.04,45.34,6.5102,26.68,5.72,6.53,74.57,0.0
mogadishu,20011117,2.04,45.34,6.4615,26.77,5.04,5.65,76.13,0.0
mogadishu,20011118,2.04,45.34,6.1529,27.04,4.96,5.61,74.95,0.01
mogadishu,20011119,2.04,45.34,6.1589,27.05,4.74,5.29,75.04,0.01
mogadishu,20011120,2.04,45.34,5.6249,27.0,5.15,5.77,77.21,0.21
mogadishu,20011121,2.04,45.34,6.0679,27.25,6.06,6.94,74.97,0.21
mogadishu,20011122,2.04,45.34,5.0431,27.05,5.29,5.93,78.83,0.16
mogadishu,20011123,2.04,45.34,5.9491,27.06,4.37,4.8,78.28,0.22
mogadishu,20011124,2.04,45.34,4.9817,26.88,4.93,5.46,79.73,0.36
mogadishu,20011125,2.04,45.34,6.0492,27.16,5.52,6.17,77.97,0.05
mogadishu,20011126,2.04,45.34,5.2858,27.01,5.05,5.64,80.04,0.69
mogadishu,20011127,2.04,45.34,5.2152,27.09,3.88,4.26,78.65,0.14
mogadishu,20011128,2.04,45.34,4.7839,26.24,5.05,5.6,83.65,0.11
mogadishu,20011129,2.04,45.34,6.2806,26.55,4.49,4.98,81.06,0.02
mogadishu,20011130,2.04,45.34,5.377,26.94,5.86,6.66,77.0,0.01
mogadishu,20011201,2.04,45.34,5.9911,27.09,6.85,7.81,76.28,0.0
mogadishu,20011202,2.04,45.34,6.1013,26.95,6.68,7.65,80.74,0.0
mogadishu,20011203,2.04,45.34,6.1214,27.08,6.49,7.4,78.25,0.0
mogadishu,20011204,2.04,45.34,5.9681,27.15,6.21,7.1,78.11,0.0
mogadishu,20011205,2.04,45.34,6.2662,27.09,4.87,5.51,75.56,0.0
mogadishu,20011206,2.04,45.34,6.3907,27.11,4.76,5.35,77.21,0.0
mogadishu,20011207,2.04,45.34,6.3206,27.44,6.1,6.92,78.17,0.02
mogadishu,20011208,2.04,45.34,6.3487,27.66,7.42,8.6,76.46,0.09
mogadishu,20011209,2.04,45.34,4.3997,27.46,7.07,8.17,79.81,0.39
mogadishu,20011210,2.04,45.34,5.2176,27.3,5.64,6.47,82.56,1.23
mogadishu,20011211,2.04,45.34,3.581,26.33,4.51,5.1,85.36,1.17
mogadishu,20011212,2.04,45.34,5.987,26.78,4.61,5.23,82.04,0.01
mogadishu,20011213,2.04,45.34,5.3594,27.46,6.5,7.47,81.26,0.01
mogadishu,20011214,2.04,45.34,4.7705,27.72,7.62,8.8,77.99,0.08
mogadishu,20011215,2.04,45.34,6.1682,27.72,7.55,8.68,78.01,0.02
mogadishu,20011216,2.04,45.34,6.2986,27.71,7.31,8.41,77.04,0.03
mogadishu,20011217,2.04,45.34,6.0518,27.45,7.86,9.09,77.13,0.0
mogadishu,20011218,2.04,45.34,6.2074,27.47,8.83,10.33,77.0,0.0
mogadishu,20011219,2.04,45.34,6.4423,27.36,9.32,10.93,74.7,0.0
mogadishu,20011220,2.04,45.34,6.2854,27.36,8.26,9.62,74.64,0.0
mogadishu,20011221,2.04,45.34,6.2018,27.56,8.37,9.79,77.03,0.0
mogadishu,20011222,2.04,45.34,5.9311,27.48,8.91,10.46,76.34,0.0
mogadishu,20011223,2.04,45.34,6.2971,27.22,8.98,10.46,75.36,0.0
mogadishu,20011224,2.04,45.34,6.5081,27.13,8.34,9.62,73.3,0.0
mogadishu,20011225,2.04,45.34,6.5222,27.39,7.91,9.08,73.31,0.0
mogadishu,20011226,2.04,45.34,6.3514,27.29,8.02,9.2,73.88,0.0
mogadishu,20011227,2.04,45.34,6.6703,27.12,8.14,9.42,75.12,0.0
mogadishu,20011228,2.04,45.34,6.24,27.27,8.35,9.79,78.27,0.0
mogadishu,20011229,2.04,45.34,6.4176,27.25,9.0,10.55,78.52,0.0
mogadishu,20011230,2.04,45.34,6.1495,27.19,8.92,10.47,79.92,0.0
mogadishu,20011231,2.04,45.34,5.6794,26.94,8.65,10.11,80.56,0.0
mogadishu,20020101,2.04,45.34,6.4411,27.05,8.19,9.53,78.78,0.0
mogadishu,20020102,2.04,45.34,6.5179,27.23,8.41,9.79,79.51,0.0
mogadishu,20020103,2.04,45.34,6.3722,27.41,8.23,9.62,80.55,0.0
mogadishu,20020104,2.04,45.34,6.209,27.43,8.06,9.41,77.82,0.0
mogadishu,20020105,2.04,45.34,6.3247,27.41,8.28,9.62,76.19,0.0
mogadishu,20020106,2.04,45.34,6.5717,27.1,8.31,9.68,74.57,0.0
mogadishu,20020107,2.04,45.34,6.5148,27.08,7.81,9.05,74.66,0.0
mogadishu,20020108,2.04,45.34,6.4034,26.87,6.44,7.36,76.04,0.0
mogadishu,20020109,2.04,45.34,6.2376,27.02,6.22,7.1,79.17,0.0
mogadishu,20020110,2.04,45.34,5.9309,27.12,7.18,8.26,77.84,0.0
mogadishu,20020111,2.04,45.34,6.5198,26.96,7.01,8.05,78.94,0.0
mogadishu,20020112,2.04,45.34,6.7277,26.98,7.21,8.27,80.15,0.0
mogadishu,20020113,2.04,45.34,5.617,27.11,8.18,9.53,80.04,0.0
mogadishu,20020114,2.04,45.34,5.5118,26.84,9.14,10.78,76.74,0.0
mogadishu,20020115,2.04,45.34,6.2693,26.98,8.57,10.08,76.56,0.0
mogadishu,20020116,2.04,45.34,6.7322,27.28,8.75,10.24,73.07,0.0
mogadishu,20020117,2.04,45.34,6.4625,27.25,9.19,10.78,74.86,0.0
mogadishu,20020118,2.04,45.34,6.7586,27.2,9.9,11.6,68.74,0.0
mogadishu,20020119,2.04,45.34,6.2431,26.78,10.46,12.23,70.81,0.0
mogadishu,20020120,2.04,45.34,6.426,26.39,9.14,10.68,67.52,0.0
mogadishu,20020121,2.04,45.34,6.7925,26.37,8.28,9.63,67.14,0.0
mogadishu,20020122,2.04,45.34,6.6768,26.52,8.47,9.87,71.66,0.0
mogadishu,20020123,2.04,45.34,6.611,26.57,9.65,11.23,72.14,0.0
mogadishu,20020124,2.04,45.34,5.8548,26.58,8.47,9.82,76.81,0.0
mogadishu,20020125,2.04,45.34,5.693,27.01,8.52,9.9,79.04,0.0
mogadishu,20020126,2.04,45.34,6.6221,27.18,10.11,11.86,75.8,0.0
mogadishu,20020127,2.04,45.34,5.7761,26.82,9.46,11.02,74.36,0.0
mogadishu,20020128,2.04,45.34,6.4426,26.71,9.33,10.85,73.88,0.0
mogadishu,20020129,2.04,45.34,6.7378,26.47,8.88,10.29,72.58,0.0
mogadishu,20020130,2.04,45.34,6.9694,26.4,8.79,10.22,72.26,0.0
mogadishu,20020131,2.04,45.34,7.0214,26.58,9.36,10.87,71.29,0.0
mogadishu,20020201,2.04,45.34,7.129,26.59,10.11,11.79,71.25,0.0
mogadishu,20020202,2.04,45.34,7.1328,26.64,10.12,11.88,66.92,0.0
mogadishu,20020203,2.04,45.34,7.1542,26.27,9.19,10.71,72.71,0.0
mogadishu,20020204,2.04,45.34,7.1047,26.31,7.69,8.89,73.54,0.0
mogadishu,20020205,2.04,45.34,7.2977,26.15,8.56,9.92,74.02,0.0
mogadishu,20020206,2.04,45.34,7.1734,26.34,9.59,11.19,70.61,0.0
mogadishu,20020207,2.04,45.34,7.2245,26.49,10.02,11.72,68.06,0.0
mogadishu,20020208,2.04,45.34,7.2362,26.29,8.95,10.38,70.95,0.0
mogadishu,20020209,2.04,45.34,7.2972,26.46,8.87,10.29,71.2,0.0
mogadishu,20020210,2.04,45.34,7.3855,26.3,9.4,10.97,69.02,0.0
mogadishu,20020211,2.04,45.34,7.3018,26.22,9.22,10.81,68.58,0.0
mogadishu,20020212,2.04,45.34,7.2638,25.91,8.28,9.69,71.65,0.0
mogadishu,20020213,2.04,45.34,7.2444,26.12,8.42,9.89,71.94,0.0
mogadishu,20020214,2.04,45.34,7.1083,25.81,7.19,8.49,78.7,0.0
mogadishu,20020215,2.04,45.34,7.2866,26.67,7.98,9.25,79.61,0.0
mogadishu,20020216,2.04,45.34,7.2434,27.01,8.1,9.38,78.04,0.0
mogadishu,20020217,2.04,45.34,7.3039,26.94,9.05,10.54,76.92,0.0
mogadishu,20020218,2.04,45.34,7.4278,26.52,8.92,10.32,73.78,0.0
mogadishu,20020219,2.04,45.34,7.41,26.54,7.29,8.4,75.32,0.0
mogadishu,20020220,2.04,45.34,7.2643,26.94,6.74,7.79,79.74,0.0
mogadishu,20020221,2.04,45.34,7.1354,27.26,7.87,9.11,80.3,0.0
mogadishu,20020222,2.04,45.34,6.9936,27.38,8.83,10.39,77.59,0.0
mogadishu,20020223,2.04,45.34,7.0877,27.15,8.26,9.65,72.8,0.0
mogadishu,20020224,2.04,45.34,7.3164,26.95,7.47,8.62,75.33,0.0
mogadishu,20020225,2.04,45.34,7.116,27.24,6.99,7.99,76.55,0.0
mogadishu,20020226,2.04,45.34,7.1136,27.46,7.63,8.74,75.17,0.0
mogadishu,20020227,2.04,45.34,6.9946,27.23,7.18,8.19,75.86,0.0
mogadishu,20020228,2.04,45.34,6.661,27.34,6.32,7.26,75.51,0.0
mogadishu,20020301,2.04,45.34,6.805,27.43,5.79,6.6,78.73,0.0
mogadishu,20020302,2.04,45.34,6.8767,27.26,5.32,5.97,79.6,0.0
mogadishu,20020303,2.04,45.34,6.6367,27.72,6.3,7.23,76.92,0.0
mogadishu,20020304,2.04,45.34,7.2514,27.67,8.36,9.63,73.88,0.0
mogadishu,20020305,2.04,45.34,7.2631,27.96,9.26,10.82,74.51,0.0
mogadishu,20020306,2.04,45.34,7.1462,27.93,8.79,10.24,75.8,0.0
mogadishu,20020307,2.04,45.34,7.0906,27.81,7.28,8.35,77.82,0.0
mogadishu,20020308,2.04,45.34,7.3673,27.46,5.96,6.76,77.19,0.0
mogadishu,20020309,2.04,45.34,7.4705,27.36,6.43,7.31,80.33,0.0
mogadishu,20020310,2.04,45.34,7.0872,27.84,7.49,8.63,77.76,0.0
mogadishu,20020311,2.04,45.34,7.303,27.87,8.69,10.27,79.37,0.0
mogadishu,20020312,2.04,45.34,7.1551,27.71,8.85,10.53,80.39,0.0
mogadishu,20020313,2.04,45.34,6.8206,27.98,9.17,10.72,74.02,0.0
mogadishu,20020314,2.04,45.34,7.2487,28.05,8.98,10.44,74.64,0.0
mogadishu,20020315,2.04,45.34,6.9895,28.22,7.62,8.8,77.28,0.0
mogadishu,20020316,2.04,45.34,7.2166,28.07,5.97,6.76,76.46,0.0
mogadishu,20020317,2.04,45.34,7.2425,28.04,4.52,5.07,75.31,0.0
mogadishu,20020318,2.04,45.34,7.3524,27.73,4.68,5.18,78.18,0.0
mogadishu,20020319,2.04,45.34,7.0682,27.95,6.2,7.05,76.73,0.0
mogadishu,20020320,2.04,45.34,7.2214,28.14,6.86,7.96,73.98,0.0
mogadishu,20020321,2.04,45.34,7.3565,27.92,5.81,6.54,75.55,0.0
mogadishu,20020322,2.04,45.34,7.0704,27.83,5.11,5.69,79.43,0.0
mogadishu,20020323,2.04,45.34,7.4326,27.5,5.13,5.75,78.83,0.0
mogadishu,20020324,2.04,45.34,7.451,27.53,4.23,4.68,78.43,0.0
mogadishu,20020325,2.04,45.34,7.4662,27.78,4.36,4.79,76.76,0.0
mogadishu,20020326,2.04,45.34,7.4364,28.01,4.26,4.67,76.99,0.0
mogadishu,20020327,2.04,45.34,7.4765,28.31,4.35,4.8,75.0,0.02
mogadishu,20020328,2.04,45.34,7.2545,28.37,4.2,4.67,74.08,0.09
mogadishu,20020329,2.04,45.34,6.6134,28.34,4.0,4.49,73.96,0.17
mogadishu,20020330,2.04,45.34,7.0265,28.09,3.83,4.3,74.89,0.19
mogadishu,20020331,2.04,45.34,6.9163,27.83,4.6,5.1,75.57,0.32
mogadishu,20020401,2.04,45.34,7.2554,27.49,6.09,6.82,76.99,0.04
mogadishu,20020402,2.04,45.34,6.3125,27.41,5.82,6.55,77.34,0.06
mogadishu,20020403,2.04,45.34,7.5422,27.42,4.34,4.84,75.37,0.02
mogadishu,20020404,2.04,45.34,7.3507,27.66,4.65,5.14,76.64,0.0
mogadishu,20020405,2.04,45.34,7.3997,27.64,4.93,5.46,77.56,0.0
mogadishu,20020406,2.04,45.34,7.2958,28.02,5.06,5.64,76.75,0.0
mogadishu,20020407,2.04,45.34,6.7363,28.2,5.67,6.42,73.72,0.0
mogadishu,20020408,2.04,45.34,7.2314,27.71,5.33,5.97,75.24,0.0
mogadishu,20020409,2.04,45.34,7.3442,27.46,4.25,4.73,76.16,0.0
mogadishu,20020410,2.04,45.34,7.0747,27.74,4.51,4.98,79.86,0.0
mogadishu,20020411,2.04,45.34,7.1779,28.42,4.88,5.46,77.66,0.09
mogadishu,20020412,2.04,45.34,6.8052,28.62,4.82,5.41,74.44,1.06
mogadishu,20020413,2.04,45.34,6.9204,28.77,4.34,4.84,72.84,1.13
mogadishu,20020414,2.04,45.34,4.4138,28.43,4.67,5.23,77.65,2.33
mogadishu,20020415,2.04,45.34,7.0884,28.82,6.07,6.85,76.72,1.59
mogadishu,20020416,2.04,45.34,5.0006,28.75,4.81,5.36,79.2,0.93
mogadishu,20020417,2.04,45.34,5.117,28.44,3.57,4.0,78.73,0.8
mogadishu,20020418,2.04,45.34,6.5839,27.94,3.23,3.53,78.62,0.26
mogadishu,20020419,2.04,45.34,5.9914,27.77,4.3,4.8,82.63,0.77
mogadishu,20020420,2.04,45.34,6.4565,28.31,4.38,4.97,79.56,0.82
mogadishu,20020421,2.04,45.34,6.0552,28.41,4.8,5.44,82.43,0.83
mogadishu,20020422,2.04,45.34,6.5611,28.61,5.15,5.82,81.99,0.86
mogadishu,20020423,2.04,45.34,6.187,28.43,5.07,5.67,77.43,0.6
mogadishu,20020424,2.04,45.34,6.1166,27.4,5.12,5.7,82.96,0.54
mogadishu,20020425,2.04,45.34,6.7382,28.1,4.06,4.54,79.32,0.42
mogadishu,20020426,2.04,45.34,5.6786,28.22,2.52,2.83,70.61,1.02
mogadishu,20020427,2.04,45.34,4.697,28.0,3.99,4.38,79.6,2.2
mogadishu,20020428,2.04,45.34,3.4783,27.82,4.79,5.46,83.4,4.38
mogadishu,20020429,2.04,45.34,6.7205,27.78,4.67,5.29,80.76,1.65
mogadishu,20020430,2.04,45.34,6.6574,27.61,6.01,6.87,82.73,0.57
mogadishu,20020501,2.04,45.34,6.4802,27.87,6.71,7.68,79.59,0.0
mogadishu,20020502,2.04,45.34,6.4666,28.44,6.12,7.02,80.67,0.0
mogadishu,20020503,2.04,45.34,6.1884,28.57,5.94,6.81,81.43,0.0
mogadishu,20020504,2.04,45.34,6.0792,28.8,6.63,7.65,81.16,0.0
mogadishu,20020505,2.04,45.34,6.2374,28.25,5.51,6.25,80.91,0.0
mogadishu,20020506,2.04,45.34,6.4217,28.03,5.95,6.79,81.68,1.59
mogadishu,20020507,2.04,45.34,6.7476,28.35,6.67,7.66,76.77,0.62
mogadishu,20020508,2.04,45.34,6.0238,28.4,7.38,8.51,77.37,0.59
mogadishu,20020509,2.04,45.34,6.7373,28.36,8.45,9.85,76.71,1.4
mogadishu,20020510,2.04,45.34,5.965,28.29,7.59,8.88,78.51,4.6
mogadishu,20020511,2.04,45.34,5.8627,27.99,6.71,7.77,80.14,0.0
mogadishu,20020512,2.04,45.34,6.5945,27.96,6.69,7.74,78.5,0.0
mogadishu,20020513,2.04,45.34,6.6516,27.89,6.75,7.77,79.61,0.0
mogadishu,20020514,2.04,45.34,6.6996,27.74,6.42,7.42,76.31,0.0
mogadishu,20020515,2.04,45.34,6.7891,27.63,6.63,7.68,74.93,0.0
mogadishu,20020516,2.04,45.34,6.7382,27.57,6.8,7.86,78.69,0.06
mogadishu,20020517,2.04,45.34,6.7769,27.68,7.17,8.34,77.45,0.27
mogadishu,20020518,2.04,45.34,6.7562,27.24,7.24,8.44,79.25,0.38
mogadishu,20020519,2.04,45.34,6.2419,27.29,6.42,7.53,77.96,0.37
mogadishu,20020520,2.04,45.34,6.3902,27.27,6.43,7.4,79.85,1.16
mogadishu,20020521,2.04,45.34,6.0905,27.42,6.93,7.94,79.43,0.0
mogadishu,20020522,2.04,45.34,4.6162,27.39,7.74,8.91,80.69,0.0
mogadishu,20020523,2.04,45.34,6.131,27.56,6.39,7.28,76.43,0.0
mogadishu,20020524,2.04,45.34,6.6967,27.41,5.86,6.7,73.78,0.0
mogadishu,20020525,2.04,45.34,6.8314,27.26,6.25,7.13,75.48,0.0
mogadishu,20020526,2.04,45.34,6.7673,27.18,5.78,6.59,75.47,0.0
mogadishu,20020527,2.04,45.34,6.547,27.14,6.49,7.44,75.14,0.0
mogadishu,20020528,2.04,45.34,6.7934,26.93,6.23,7.19,72.07,0.0
mogadishu,20020529,2.04,45.34,6.6931,26.89,6.07,7.02,71.82,0.0
mogadishu,20020530,2.04,45.34,6.7073,26.64,6.0,6.85,78.3,0.0
mogadishu,20020531,2.04,45.34,6.787,26.59,6.59,7.56,78.7,0.0
mogadishu,20020601,2.04,45.34,6.5554,26.89,7.22,8.31,79.91,0.0
mogadishu,20020602,2.04,45.34,6.5616,26.77,7.23,8.37,74.11,0.0
mogadishu,20020603,2.04,45.34,6.8222,26.95,7.27,8.49,69.38,0.0
mogadishu,20020604,2.04,45.34,6.6619,26.7,8.05,9.43,75.11,0.0
mogadishu,20020605,2.04,45.34,5.9052,26.47,7.65,9.01,81.99,0.0
mogadishu,20020606,2.04,45.34,5.4979,26.51,7.42,8.64,78.07,0.0
mogadishu,20020607,2.04,45.34,6.1265,26.63,6.4,7.4,77.02,0.0
mogadishu,20020608,2.04,45.34,6.2376,27.0,6.54,7.56,76.42,0.0
mogadishu,20020609,2.04,45.34,5.7643,27.09,7.36,8.59,81.32,0.0
mogadishu,20020610,2.04,45.34,4.8451,26.84,8.59,10.1,81.09,0.0
mogadishu,20020611,2.04,45.34,5.801,26.72,8.74,10.21,76.95,0.0
mogadishu,20020612,2.04,45.34,4.7402,26.51,9.46,11.08,76.3,0.0
mogadishu,20020613,2.04,45.34,5.2054,26.25,9.21,10.83,77.21,0.0
mogadishu,20020614,2.04,45.34,3.8786,26.21,9.71,11.48,75.57,0.0
mogadishu,20020615,2.04,45.34,4.2338,26.11,8.94,10.53,78.7,0.0
mogadishu,20020616,2.04,45.34,4.0939,26.18,8.89,10.48,77.49,0.0
mogadishu,20020617,2.04,45.34,4.0356,26.25,9.01,10.63,78.97,0.0
mogadishu,20020618,2.04,45.34,5.5279,26.29,8.28,9.67,73.96,0.0
mogadishu,20020619,2.04,45.34,5.442,26.23,8.04,9.38,77.66,0.0
mogadishu,20020620,2.04,45.34,6.0526,26.39,8.57,10.05,77.82,0.0
mogadishu,20020621,2.04,45.34,5.4814,26.51,9.4,11.06,77.29,0.0
mogadishu,20020622,2.04,45.34,5.0345,26.25,9.14,10.71,76.03,0.0
mogadishu,20020623,2.04,45.34,4.9874,26.04,8.73,10.2,76.95,0.0
mogadishu,20020624,2.04,45.34,4.5871,26.03,7.75,8.98,79.52,0.0
mogadishu,20020625,2.04,45.34,4.9402,25.98,8.1,9.41,76.45,0.0
mogadishu,20020626,2.04,45.34,4.385,25.66,9.09,10.6,76.06,0.0
mogadishu,20020627,2.04,45.34,5.136,25.42,8.21,9.64,79.21,0.0
mogadishu,20020628,2.04,45.34,5.9623,25.69,6.69,7.77,84.34,0.0
mogadishu,20020629,2.04,45.34,5.2157,25.86,6.8,7.86,81.92,0.0
mogadishu,20020630,2.04,45.34,6.0773,26.04,7.47,8.7,79.13,0.0
mogadishu,20020701,2.04,45.34,6.1394,25.88,8.22,9.77,76.82,0.0
mogadishu,20020702,2.04,45.34,5.9395,25.64,8.1,9.61,80.71,0.0
mogadishu,20020703,2.04,45.34,5.0225,25.53,7.88,9.27,82.01,0.0
mogadishu,20020704,2.04,45.34,5.849,25.52,7.91,9.18,78.59,0.0
mogadishu,20020705,2.04,45.34,6.2095,25.62,7.97,9.22,78.25,0.0
mogadishu,20020706,2.04,45.34,4.223,25.82,7.95,9.21,78.0,0.0
mogadishu,20020707,2.04,45.34,5.9501,25.97,8.07,9.33,76.5,0.0
mogadishu,20020708,2.04,45.34,5.8498,26.35,7.75,9.01,76.83,0.0
mogadishu,20020709,2.04,45.34,5.7103,26.49,7.45,8.72,80.74,0.0
mogadishu,20020710,2.04,45.34,6.0938,26.42,7.41,8.63,74.92,0.0
mogadishu,20020711,2.04,45.34,6.4682,25.87,7.36,8.57,73.07,0.0
mogadishu,20020712,2.04,45.34,6.5993,25.77,7.34,8.59,76.64,0.0
mogadishu,20020713,2.04,45.34,4.8938,25.43,7.51,8.75,79.0,0.0
mogadishu,20020714,2.04,45.34,5.8116,25.2,8.3,9.64,77.98,0.0
mogadishu,20020715,2.04,45.34,6.1188,25.41,8.24,9.61,76.44,0.0
mogadishu,20020716,2.04,45.34,5.0602,25.53,7.11,8.28,78.02,0.0
mogadishu,20020717,2.04,45.34,5.7118,25.52,6.72,7.81,78.26,0.0
mogadishu,20020718,2.04,45.34,5.8142,25.44,7.62,8.94,79.73,0.0
mogadishu,20020719,2.04,45.34,6.2117,25.69,7.97,9.3,77.43,0.0
mogadishu,20020720,2.04,45.34,6.209,25.76,7.71,8.96,77.8,0.0
mogadishu,20020721,2.04,45.34,6.0989,25.42,7.41,8.65,81.47,0.0
mogadishu,20020722,2.04,45.34,4.7393,25.14,8.47,9.87,80.12,0.0
mogadishu,20020723,2.04,45.34,6.3161,25.37,7.49,8.69,75.25,0.0
mogadishu,20020724,2.04,45.34,5.4055,25.49,7.94,9.29,74.74,0.0
mogadishu,20020725,2.04,45.34,5.4991,25.38,7.34,8.49,81.06,0.0
mogadishu,20020726,2.04,45.34,5.9004,25.66,7.33,8.49,78.19,0.0
mogadishu,20020727,2.04,45.34,6.2882,25.64,7.4,8.57,80.93,0.0
mogadishu,20020728,2.04,45.34,5.2246,25.9,7.69,8.95,76.14,0.0
mogadishu,20020729,2.04,45.34,5.8822,25.71,8.08,9.33,78.58,0.0
mogadishu,20020730,2.04,45.34,5.7864,25.66,8.27,9.55,77.76,0.0
mogadishu,20020731,2.04,45.34,6.2635,25.55,7.71,8.85,78.39,0.0
mogadishu,20020801,2.04,45.34,6.4183,25.77,8.47,9.76,76.2,0.0
mogadishu,20020802,2.04,45.34,6.2753,25.8,8.95,10.39,76.36,0.0
mogadishu,20020803,2.04,45.34,5.9266,25.79,8.68,10.06,76.57,0.0
mogadishu,20020804,2.04,45.34,6.1298,25.64,8.57,9.97,75.73,0.0
mogadishu,20020805,2.04,45.34,5.945,25.56,8.37,9.69,75.07,0.0
mogadishu,20020806,2.04,45.34,5.639,25.61,8.85,10.28,77.32,0.0
mogadishu,20020807,2.04,45.34,5.167,25.75,9.5,11.11,74.61,0.0
mogadishu,20020808,2.04,45.34,5.5519,25.57,8.91,10.38,74.91,0.0
mogadishu,20020809,2.04,45.34,6.1267,25.43,8.76,10.18,75.5,0.0
mogadishu,20020810,2.04,45.34,5.3326,25.44,9.03,10.59,78.72,0.0
mogadishu,20020811,2.04,45.34,4.9488,25.46,7.61,8.9,80.61,0.0
mogadishu,20020812,2.04,45.34,6.3562,25.78,7.32,8.5,77.11,0.0
mogadishu,20020813,2.04,45.34,6.1745,25.7,7.22,8.38,83.76,0.0
mogadishu,20020814,2.04,45.34,4.4239,25.73,7.9,9.24,82.66,0.0
mogadishu,20020815,2.04,45.34,5.8908,25.58,8.31,9.66,78.05,0.0
mogadishu,20020816,2.04,45.34,5.8822,25.45,8.22,9.55,75.83,0.0
mogadishu,20020817,2.04,45.34,5.5812,25.38,8.28,9.68,80.75,0.0
mogadishu,20020818,2.04,45.34,5.442,25.21,7.95,9.25,79.92,0.0
mogadishu,20020819,2.04,45.34,5.3522,25.29,7.39,8.55,76.49,0.0
mogadishu,20020820,2.04,45.34,6.1418,25.41,8.17,9.47,76.22,0.0
mogadishu,20020821,2.04,45.34,6.3442,25.19,8.09,9.42,76.78,0.0
mogadishu,20020822,2.04,45.34,6.419,25.09,8.2,9.63,76.63,0.0
mogadishu,20020823,2.04,45.34,6.4699,25.03,6.68,7.92,83.58,0.0
mogadishu,20020824,2.04,45.34,6.4546,25.21,5.98,6.94,83.66,0.07
mogadishu,20020825,2.04,45.34,5.651,25.4,6.63,7.69,78.66,0.01
mogadishu,20020826,2.04,45.34,6.6691,25.65,6.82,7.83,78.37,0.03
mogadishu,20020827,2.04,45.34,6.5626,25.63,7.07,8.09,75.94,0.02
mogadishu,20020828,2.04,45.34,6.4838,25.65,6.91,7.95,77.56,0.01
mogadishu,20020829,2.04,45.34,6.4656,25.52,6.64,7.56,78.86,0.0
mogadishu,20020830,2.04,45.34,6.5798,25.51,7.36,8.48,79.73,0.0
mogadishu,20020831,2.04,45.34,6.6595,25.69,7.53,8.74,78.87,0.0
mogadishu,20020901,2.04,45.34,6.401,25.6,7.53,8.66,79.92,0.0
mogadishu,20020902,2.04,45.34,6.257,25.83,7.65,8.83,79.46,0.0
mogadishu,20020903,2.04,45.34,6.4802,25.93,7.18,8.3,79.34,0.0
mogadishu,20020904,2.04,45.34,6.2918,25.98,7.26,8.42,83.09,0.01
mogadishu,20020905,2.04,45.34,5.2116,25.64,6.51,7.51,86.68,0.02
mogadishu,20020906,2.04,45.34,5.3546,25.59,6.97,8.05,86.64,0.01
mogadishu,20020907,2.04,45.34,5.9846,26.17,7.04,8.17,81.76,0.0
mogadishu,20020908,2.04,45.34,6.3708,26.1,6.5,7.46,78.38,0.0
mogadishu,20020909,2.04,45.34,6.9595,26.15,5.88,6.72,82.54,0.0
mogadishu,20020910,2.04,45.34,5.9839,26.29,5.61,6.46,83.46,0.0
mogadishu,20020911,2.04,45.34,6.3451,26.19,5.68,6.53,83.83,0.0
mogadishu,20020912,2.04,45.34,5.8586,26.25,6.34,7.32,79.55,0.0
mogadishu,20020913,2.04,45.34,6.2021,26.2,7.54,8.7,81.59,0.0
mogadishu,20020914,2.04,45.34,6.6869,25.96,7.74,8.91,75.86,0.0
mogadishu,20020915,2.04,45.34,6.6463,25.52,6.69,7.72,76.8,0.0
mogadishu,20020916,2.04,45.34,6.0497,25.71,6.44,7.37,74.53,0.0
mogadishu,20020917,2.04,45.34,6.4274,26.13,6.58,7.49,75.9,0.0
mogadishu,20020918,2.04,45.34,6.7435,26.15,6.4,7.27,78.44,0.02
mogadishu,20020919,2.04,45.34,5.5349,26.38,6.78,7.78,78.83,0.03
mogadishu,20020920,2.04,45.34,5.5015,25.99,6.48,7.59,83.56,0.04
mogadishu,20020921,2.04,45.34,5.9052,25.76,5.67,6.7,87.21,0.09
mogadishu,20020922,2.04,45.34,5.7768,26.1,5.76,6.72,84.27,0.12
mogadishu,20020923,2.04,45.34,5.9186,26.22,5.5,6.32,85.68,0.0
mogadishu,20020924,2.04,45.34,5.7408,26.41,6.04,6.96,82.75,0.0
mogadishu,20020925,2.04,45.34,5.8018,26.49,5.83,6.77,81.19,0.0
mogadishu,20020926,2.04,45.34,4.9397,26.43,6.34,7.32,79.9,0.0
mogadishu,20020927,2.04,45.34,6.0031,26.53,6.39,7.31,76.53,0.0
mogadishu,20020928,2.04,45.34,6.318,26.52,6.02,6.83,79.54,0.0
mogadishu,20020929,2.04,45.34,5.1278,26.53,6.29,7.2,79.86,0.0
mogadishu,20020930,2.04,45.34,4.422,26.27,5.82,6.68,78.97,0.0
mogadishu,20021001,2.04,45.34,6.2933,25.9,5.25,6.05,77.2,0.0
mogadishu,20021002,2.04,45.34,4.199,25.91,5.27,6.02,79.44,0.0
mogadishu,20021003,2.04,45.34,6.2494,26.55,4.51,5.02,75.4,0.42
mogadishu,20021004,2.04,45.34,5.701,25.99,5.31,5.99,83.09,1.06
mogadishu,20021005,2.04,45.34,5.6333,26.03,5.85,6.68,79.96,1.44
mogadishu,20021006,2.04,45.34,5.057,25.83,5.65,6.43,82.7,4.1
mogadishu,20021007,2.04,45.34,5.2862,25.75,5.87,6.71,84.15,8.16
mogadishu,20021008,2.04,45.34,4.7954,25.79,5.69,6.59,81.91,1.94
mogadishu,20021009,2.04,45.34,5.1794,25.79,5.28,6.13,80.78,0.15
mogadishu,20021010,2.04,45.34,5.8164,25.87,6.06,7.1,83.31,1.46
mogadishu,20021011,2.04,45.34,6.2431,25.5,6.05,7.09,81.77,1.07
mogadishu,20021012,2.04,45.34,5.928,25.82,6.89,8.03,77.55,0.55
mogadishu,20021013,2.04,45.34,6.043,25.83,7.01,8.15,81.4,0.0
mogadishu,20021014,2.04,45.34,6.3658,26.3,6.57,7.6,83.87,0.0
mogadishu,20021015,2.04,45.34,5.6345,26.37,6.06,6.97,83.74,0.0
mogadishu,20021016,2.04,45.34,6.3994,26.24,5.17,5.94,85.25,0.0
mogadishu,20021017,2.04,45.34,5.9974,26.23,6.14,7.09,85.08,0.0
mogadishu,20021018,2.04,45.34,5.7802,25.96,4.85,5.56,86.43,7.4
mogadishu,20021019,2.04,45.34,5.7638,25.6,3.98,4.61,89.36,8.44
mogadishu,20021020,2.04,45.34,5.605,25.85,4.4,5.03,88.07,7.56
mogadishu,20021021,2.04,45.34,6.0372,26.47,4.29,4.93,81.96,5.15
mogadishu,20021022,2.04,45.34,6.4404,26.68,4.37,4.95,80.83,1.49
mogadishu,20021023,2.04,45.34,6.4406,26.94,4.9,5.62,78.95,0.43
mogadishu,20021024,2.04,45.34,4.5638,26.23,4.75,5.45,84.77,0.85
mogadishu,20021025,2.04,45.34,4.3138,26.5,4.46,5.38,81.19,1.02
mogadishu,20021026,2.04,45.34,5.9148,26.23,3.73,4.25,84.55,0.55
mogadishu,20021027,2.04,45.34,5.8908,26.69,3.97,4.46,81.74,0.26
mogadishu,20021028,2.04,45.34,5.0059,26.66,4.29,4.77,80.64,0.55
mogadishu,20021029,2.04,45.34,6.5448,27.21,3.87,4.31,79.0,0.11
mogadishu,20021030,2.04,45.34,6.0106,27.36,4.3,4.84,80.31,0.13
mogadishu,20021031,2.04,45.34,6.3338,27.18,4.41,4.94,81.57,0.31
mogadishu,20021101,2.04,45.34,6.4346,27.14,4.5,5.05,82.42,0.65
mogadishu,20021102,2.04,45.34,5.5723,26.81,4.2,4.83,82.37,26.92
mogadishu,20021103,2.04,45.34,6.1202,26.66,3.75,4.3,82.38,10.66
mogadishu,20021104,2.04,45.34,5.4269,26.59,3.23,3.69,82.9,10.68
mogadishu,20021105,2.04,45.34,4.9942,26.41,2.45,2.77,84.58,20.94
mogadishu,20021106,2.04,45.34,5.5733,26.59,1.66,1.89,83.95,17.42
mogadishu,20021107,2.04,45.34,6.1157,27.06,2.67,3.03,81.29,0.03
mogadishu,20021108,2.04,45.34,6.3406,26.96,3.55,4.09,82.89,0.09
mogadishu,20021109,2.04,45.34,5.7953,26.88,2.97,3.39,82.09,0.1
mogadishu,20021110,2.04,45.34,4.9613,27.46,2.41,2.67,77.41,0.08
mogadishu,20021111,2.04,45.34,6.4721,27.72,3.61,4.16,79.09,0.04
mogadishu,20021112,2.04,45.34,5.8174,27.19,2.93,3.3,79.85,0.73
mogadishu,20021113,2.04,45.34,5.9018,27.32,3.17,3.6,78.54,0.33
mogadishu,20021114,2.04,45.34,5.9486,27.52,2.96,3.29,77.99,0.17
mogadishu,20021115,2.04,45.34,5.8918,27.48,3.32,3.71,79.46,0.4
mogadishu,20021116,2.04,45.34,5.9674,27.53,3.87,4.39,77.3,0.44
mogadishu,20021117,2.04,45.34,6.4838,28.12,4.47,5.14,73.66,0.2
mogadishu,20021118,2.04,45.34,6.629,28.03,4.19,4.77,73.88,0.04
mogadishu,20021119,2.04,45.34,6.1272,27.89,3.47,3.87,74.8,0.14
mogadishu,20021120,2.04,45.34,4.9438,28.08,3.2,3.6,76.11,0.8
mogadishu,20021121,2.04,45.34,3.8935,27.37,4.47,5.06,79.86,1.03
mogadishu,20021122,2.04,45.34,5.9738,27.56,4.77,5.43,78.13,0.0
mogadishu,20021123,2.04,45.34,6.534,28.2,5.7,6.63,72.22,0.0
mogadishu,20021124,2.04,45.34,6.5959,28.18,5.89,6.8,74.57,0.0
mogadishu,20021125,2.04,45.34,6.7795,28.05,5.85,6.72,74.2,0.0
mogadishu,20021126,2.04,45.34,6.7692,27.39,5.42,6.17,76.83,0.0
mogadishu,20021127,2.04,45.34,6.2191,27.1,4.38,4.93,76.28,0.0
mogadishu,20021128,2.04,45.34,5.958,27.24,4.69,5.33,76.42,0.0
mogadishu,20021129,2.04,45.34,5.855,26.96,4.86,5.5,79.27,0.05
mogadishu,20021130,2.04,45.34,6.0991,27.04,4.75,5.38,81.01,0.02
mogadishu,20021201,2.04,45.34,6.0554,27.32,4.38,4.94,79.23,0.02
mogadishu,20021202,2.04,45.34,5.6405,27.31,3.78,4.24,79.32,0.04
mogadishu,20021203,2.04,45.34,3.9677,27.26,4.84,5.5,80.41,0.24
mogadishu,20021204,2.04,45.34,3.1553,27.53,6.52,7.54,80.83,0.25
mogadishu,20021205,2.04,45.34,6.397,27.96,6.8,7.86,72.11,0.01
mogadishu,20021206,2.04,45.34,6.1858,27.8,8.26,9.64,73.91,0.0
mogadishu,20021207,2.04,45.34,6.2105,27.59,7.44,8.61,77.46,0.12
mogadishu,20021208,2.04,45.34,5.4269,27.39,8.19,9.51,82.14,0.73
mogadishu,20021209,2.04,45.34,6.3595,27.42,7.65,8.85,81.71,0.46
mogadishu,20021210,2.04,45.34,4.859,27.19,6.61,7.61,83.46,0.62
mogadishu,20021211,2.04,45.34,5.3657,27.31,5.7,6.55,82.64,0.41
mogadishu,20021212,2.04,45.34,5.7588,27.2,5.29,6.09,83.72,0.9
mogadishu,20021213,2.04,45.34,5.1024,26.94,5.18,5.93,84.93,0.81
mogadishu,20021214,2.04,45.34,6.1145,27.35,6.55,7.54,83.09,0.59
mogadishu,20021215,2.04,45.34,6.0401,27.71,7.3,8.43,81.72,0.3
mogadishu,20021216,2.04,45.34,6.1126,27.61,7.39,8.5,79.9,0.33
mogadishu,20021217,2.04,45.34,6.2892,27.54,5.81,6.61,81.27,0.09
mogadishu,20021218,2.04,45.34,5.8238,27.58,4.74,5.4,80.86,0.03
mogadishu,20021219,2.04,45.34,5.7158,27.32,4.28,4.86,81.66,0.07
mogadishu,20021220,2.04,45.34,5.8618,27.06,4.61,5.28,82.24,0.03
mogadishu,20021221,2.04,45.34,6.1925,27.09,5.72,6.55,80.67,0.02
mogadishu,20021222,2.04,45.34,6.1186,27.03,5.87,6.71,79.86,0.0
mogadishu,20021223,2.04,45.34,6.2311,27.14,5.54,6.34,78.9,0.0
mogadishu,20021224,2.04,45.34,6.403,27.34,5.46,6.28,82.09,0.0
mogadishu,20021225,2.04,45.34,6.4718,27.28,6.44,7.39,77.97,0.0
mogadishu,20021226,2.04,45.34,6.4046,27.14,7.82,9.03,78.76,0.0
mogadishu,20021227,2.04,45.34,6.5561,27.3,8.69,10.2,76.72,0.0
mogadishu,20021228,2.04,45.34,6.4786,27.5,8.19,9.57,75.82,0.0
mogadishu,20021229,2.04,45.34,6.3113,27.22,8.59,9.97,77.55,0.0
mogadishu,20021230,2.04,45.34,6.3384,27.21,9.97,11.74,74.34,0.0
mogadishu,20021231,2.04,45.34,6.5446,27.17,9.37,11.0,73.87,0.0
mogadishu,20030101,2.04,45.34,6.3144,27.09,8.39,9.76,77.15,0.0
mogadishu,20030102,2.04,45.34,6.7226,26.98,8.56,9.94,75.88,0.0
mogadishu,20030103,2.04,45.34,6.4774,27.0,8.81,10.22,75.13,0.0
mogadishu,20030104,2.04,45.34,6.5791,26.95,7.97,9.22,75.53,0.0
mogadishu,20030105,2.04,45.34,6.6869,27.14,9.01,10.54,74.4,0.0
mogadishu,20030106,2.04,45.34,6.7265,27.27,10.7,12.7,72.86,0.0
mogadishu,20030107,2.04,45.34,6.204,26.75,9.44,11.1,75.72,0.0
mogadishu,20030108,2.04,45.34,6.3036,26.63,8.64,10.11,77.11,0.0
mogadishu,20030109,2.04,45.34,5.7386,26.6,7.96,9.25,78.24,0.0
mogadishu,20030110,2.04,45.34,5.7031,26.52,9.07,10.58,77.74,0.0
mogadishu,20030111,2.04,45.34,6.6266,26.47,10.02,11.79,72.01,0.0
mogadishu,20030112,2.04,45.34,6.907,26.4,9.2,10.85,70.23,0.0
mogadishu,20030113,2.04,45.34,6.6595,26.46,8.43,10.0,75.53,0.0
mogadishu,20030114,2.04,45.34,6.6362,26.34,8.8,10.41,76.2,0.0
mogadishu,20030115,2.04,45.34,6.5664,26.29,9.38,11.12,81.9,0.0
mogadishu,20030116,2.04,45.34,6.1783,26.37,8.05,9.45,82.86,0.0
mogadishu,20030117,2.04,45.34,6.2009,26.39,6.81,7.85,82.97,0.0
mogadishu,20030118,2.04,45.34,6.5839,26.2,6.7,7.69,84.58,0.0
mogadishu,20030119,2.04,45.34,6.3384,26.13,7.51,8.67,79.82,0.0
mogadishu,20030120,2.04,45.34,6.329,26.2,7.36,8.49,77.08,0.0
mogadishu,20030121,2.04,45.34,6.162,26.16,7.96,9.23,78.64,0.83
mogadishu,20030122,2.04,45.34,6.7958,25.96,8.08,9.35,77.89,0.95
mogadishu,20030123,2.04,45.34,6.7471,25.84,7.94,9.16,78.71,0.02
mogadishu,20030124,2.04,45.34,6.6982,25.82,6.74,7.71,79.72,0.09
mogadishu,20030125,2.04,45.34,6.8952,25.82,6.62,7.54,81.11,0.46
mogadishu,20030126,2.04,45.34,6.4284,25.61,7.26,8.28,79.83,0.0
mogadishu,20030127,2.04,45.34,7.1431,25.56,7.59,8.74,76.48,0.0
mogadishu,20030128,2.04,45.34,7.2329,25.45,7.79,8.99,77.13,0.0
mogadishu,20030129,2.04,45.34,7.1774,25.55,6.78,7.83,78.84,0.0
mogadishu,20030130,2.04,45.34,7.2094,25.99,7.03,8.18,77.81,0.0
mogadishu,20030131,2.04,45.34,6.9696,25.94,6.84,7.92,78.91,0.0
mogadishu,20030201,2.04,45.34,7.2029,25.83,8.3,9.66,77.52,0.0
mogadishu,20030202,2.04,45.34,7.0889,25.87,7.87,9.21,75.62,0.0
mogadishu,20030203,2.04,45.34,7.0013,26.29,7.28,8.57,73.39,0.0
mogadishu,20030204,2.04,45.34,7.0886,26.36,6.85,7.94,75.97,0.0
mogadishu,20030205,2.04,45.34,7.2334,26.43,7.71,8.95,77.53,0.0
mogadishu,20030206,2.04,45.34,6.7363,26.48,8.39,9.71,77.93,0.0
mogadishu,20030207,2.04,45.34,6.1932,26.48,9.55,11.2,75.33,0.0
mogadishu,20030208,2.04,45.34,7.2708,26.26,8.96,10.45,71.72,0.0
mogadishu,20030209,2.04,45.34,7.2158,26.28,8.59,10.01,72.62,0.0
mogadishu,20030210,2.04,45.34,7.0236,26.26,8.87,10.31,75.68,0.0
mogadishu,20030211,2.04,45.34,7.1021,26.0,9.71,11.26,74.52,0.0
mogadishu,20030212,2.04,45.34,6.4783,26.06,9.35,10.93,73.21,0.0
mogadishu,20030213,2.04,45.34,7.1772,26.48,8.69,10.27,72.98,0.0
mogadishu,20030214,2.04,45.34,6.846,26.24,7.18,8.45,81.3,0.0
mogadishu,20030215,2.04,45.34,6.9648,26.54,7.64,9.05,82.78,0.04
mogadishu,20030216,2.04,45.34,7.2509,26.94,7.32,8.64,80.94,0.28
mogadishu,20030217,2.04,45.34,6.936,26.85,6.94,8.1,82.44,0.2
mogadishu,20030218,2.04,45.34,6.8326,26.8,6.1,7.03,85.57,0.25
mogadishu,20030219,2.04,45.34,6.985,26.84,6.69,7.77,80.62,0.11
mogadishu,20030220,2.04,45.34,7.2648,26.67,7.07,8.29,79.98,0.0
mogadishu,20030221,2.04,45.34,6.8695,26.84,6.52,7.64,81.6,0.0
mogadishu,20030222,2.04,45.34,6.7577,26.89,6.2,7.23,81.63,0.0
mogadishu,20030223,2.04,45.34,7.0694,26.89,6.51,7.52,84.32,0.0
mogadishu,20030224,2.04,45.34,7.1347,26.91,6.59,7.62,81.79,0.0
mogadishu,20030225,2.04,45.34,7.1167,26.86,6.99,8.17,83.39,0.0
mogadishu,20030226,2.04,45.34,6.696,26.98,6.12,7.13,82.26,0.0
mogadishu,20030227,2.04,45.34,7.1791,26.69,6.14,7.01,80.15,0.0
mogadishu,20030228,2.04,45.34,7.4134,26.24,5.84,6.57,79.17,0.0
mogadishu,20030301,2.04,45.34,7.4947,26.37,6.29,7.22,78.36,0.0
mogadishu,20030302,2.04,45.34,7.4438,26.61,8.83,10.4,76.31,0.0
mogadishu,20030303,2.04,45.34,7.1575,27.13,9.0,10.64,74.49,0.0
mogadishu,20030304,2.04,45.34,7.134,27.07,8.77,10.24,74.27,0.0
mogadishu,20030305,2.04,45.34,7.1244,27.14,8.83,10.28,75.38,0.0
mogadishu,20030306,2.04,45.34,7.1381,27.33,8.82,10.29,75.14,0.0
mogadishu,20030307,2.04,45.34,7.1484,27.25,7.97,9.25,74.92,0.0
mogadishu,20030308,2.04,45.34,7.0214,27.35,7.25,8.37,77.22,0.0
mogadishu,20030309,2.04,45.34,6.857,27.43,6.45,7.4,76.66,0.0
mogadishu,20030310,2.04,45.34,6.9636,27.76,7.09,8.18,76.95,0.0
mogadishu,20030311,2.04,45.34,7.0805,27.94,6.74,7.77,76.16,0.0
mogadishu,20030312,2.04,45.34,6.6667,27.67,6.48,7.39,81.29,0.04
mogadishu,20030313,2.04,45.34,6.6917,27.9,6.22,7.13,80.71,0.11
mogadishu,20030314,2.04,45.34,6.5899,27.86,6.93,7.99,81.03,0.06
mogadishu,20030315,2.04,45.34,6.5585,28.09,7.26,8.42,79.53,0.06
mogadishu,20030316,2.04,45.34,6.852,28.12,6.65,7.64,77.4,0.01
mogadishu,20030317,2.04,45.34,7.0942,28.17,6.18,7.01,77.85,0.0
mogadishu,20030318,2.04,45.34,7.1719,27.89,5.89,6.7,77.29,0.0
mogadishu,20030319,2.04,45.34,7.2595,27.99,5.33,6.17,77.32,0.0
mogadishu,20030320,2.04,45.34,6.5695,27.53,5.05,5.85,80.07,0.0
mogadishu,20030321,2.04,45.34,6.9108,27.91,5.15,5.92,79.21,0.0
mogadishu,20030322,2.04,45.34,7.0783,28.45,6.55,7.58,75.61,0.0
mogadishu,20030323,2.04,45.34,6.0782,27.99,7.43,8.56,76.13,0.0
mogadishu,20030324,2.04,45.34,6.882,28.28,7.3,8.44,78.85,0.01
mogadishu,20030325,2.04,45.34,4.968,28.09,7.01,8.05,81.87,0.01
mogadishu,20030326,2.04,45.34,6.4517,28.36,6.91,8.02,82.98,0.02
mogadishu,20030327,2.04,45.34,6.9509,28.37,5.45,6.25,82.14,0.09
mogadishu,20030328,2.04,45.34,6.3094,28.38,4.36,4.94,79.43,0.08
mogadishu,20030329,2.04,45.34,7.0829,28.32,4.93,5.56,80.57,0.02
mogadishu,20030330,2.04,45.34,6.8786,28.21,5.15,5.89,76.79,0.03
mogadishu,20030331,2.04,45.34,7.1203,28.28,4.93,5.56,77.61,0.09
mogadishu,20030401,2.04,45.34,6.27,28.5,5.82,6.58,79.2,0.02
mogadishu,20030402,2.04,45.34,6.8998,28.89,5.71,6.48,77.3,0.01
mogadishu,20030403,2.04,45.34,6.995,28.9,6.17,7.0,76.54,0.01
mogadishu,20030404,2.04,45.34,7.2401,28.48,5.78,6.59,75.87,0.0
mogadishu,20030405,2.04,45.34,7.4616,28.2,4.54,5.15,71.11,0.0
mogadishu,20030406,2.04,45.34,7.4242,27.78,5.23,5.86,77.04,0.0
mogadishu,20030407,2.04,45.34,7.2096,28.08,6.28,7.2,75.76,0.0
mogadishu,20030408,2.04,45.34,7.2401,28.68,6.9,7.94,72.43,0.0
mogadishu,20030409,2.04,45.34,7.2144,28.95,5.87,6.75,73.44,0.0
mogadishu,20030410,2.04,45.34,7.1201,28.98,5.41,6.13,74.06,0.0
mogadishu,20030411,2.04,45.34,7.1868,28.98,5.33,6.02,74.34,1.63
mogadishu,20030412,2.04,45.34,6.4162,29.08,5.02,5.78,73.5,5.27
mogadishu,20030413,2.04,45.34,6.7466,29.2,4.74,5.47,74.56,8.1
mogadishu,20030414,2.04,45.34,5.6995,28.73,4.11,4.72,79.44,18.91
mogadishu,20030415,2.04,45.34,5.9395,28.71,2.98,3.35,76.55,17.06
mogadishu,20030416,2.04,45.34,6.5009,28.72,2.84,3.19,75.07,0.58
mogadishu,20030417,2.04,45.34,6.0454,28.85,3.78,4.27,76.78,0.51
mogadishu,20030418,2.04,45.34,5.0453,28.65,3.19,3.62,77.62,1.48
mogadishu,20030419,2.04,45.34,3.7745,27.82,1.77,1.94,80.18,2.16
mogadishu,20030420,2.04,45.34,1.489,28.34,3.5,3.91,78.2,2.06
mogadishu,20030421,2.04,45.34,6.4106,28.29,3.97,4.51,80.54,2.69
mogadishu,20030422,2.04,45.34,5.7168,28.56,4.32,4.96,79.75,2.29
mogadishu,20030423,2.04,45.34,5.5135,28.78,4.18,4.77,77.07,5.0
mogadishu,20030424,2.04,45.34,6.4042,29.52,2.4,2.64,67.95,2.27
mogadishu,20030425,2.04,45.34,6.4481,29.01,4.34,4.99,78.78,7.56
mogadishu,20030426,2.04,45.34,5.1396,28.27,5.27,6.11,82.94,2.83
mogadishu,20030427,2.04,45.34,6.3166,27.92,4.45,5.17,83.08,3.11
mogadishu,20030428,2.04,45.34,5.4977,27.98,4.6,5.37,87.85,6.45
mogadishu,20030429,2.04,45.34,4.5929,28.2,5.64,6.66,82.66,3.39
mogadishu,20030430,2.04,45.34,4.5223,27.59,5.44,6.39,84.51,5.39
mogadishu,20030501,2.04,45.34,5.9371,27.35,5.55,6.41,82.23,0.01
mogadishu,20030502,2.04,45.34,6.3286,28.14,4.61,5.26,76.95,0.0
mogadishu,20030503,2.04,45.34,5.7434,28.26,5.31,6.1,78.66,0.01
mogadishu,20030504,2.04,45.34,6.3754,28.25,4.86,5.62,81.55,0.01
mogadishu,20030505,2.04,45.34,6.5959,28.18,5.76,6.75,82.92,0.01
mogadishu,20030506,2.04,45.34,6.4142,27.98,4.71,5.48,83.08,0.0
mogadishu,20030507,2.04,45.34,6.132,27.84,5.43,6.19,82.23,0.0
mogadishu,20030508,2.04,45.34,6.6132,28.38,6.15,7.17,75.71,0.0
mogadishu,20030509,2.04,45.34,5.9957,28.24,5.49,6.4,76.02,0.0
mogadishu,20030510,2.04,45.34,6.8383,28.08,4.91,5.69,75.94,0.0
mogadishu,20030511,2.04,45.34,6.7094,28.22,4.58,5.31,75.57,0.02
mogadishu,20030512,2.04,45.34,6.7433,28.6,4.84,5.63,73.14,0.05
mogadishu,20030513,2.04,45.34,6.7716,28.48,5.09,5.89,73.58,0.05
mogadishu,20030514,2.04,45.34,6.84,28.31,5.75,6.64,77.71,0.21
mogadishu,20030515,2.04,45.34,6.2825,28.35,6.36,7.55,79.21,0.58
mogadishu,20030516,2.04,45.34,6.222,28.42,6.86,8.13,80.93,0.0
mogadishu,20030517,2.04,45.34,5.8582,27.86,6.57,7.77,85.22,0.0
mogadishu,20030518,2.04,45.34,6.3182,27.84,6.27,7.43,85.15,0.0
mogadishu,20030519,2.04,45.34,5.9772,27.61,5.3,6.6,84.84,0.0
mogadishu,20030520,2.04,45.34,6.2794,27.41,5.21,6.75,87.06,0.0
mogadishu,20030521,2.04,45.34,6.5215,27.16,3.31,4.44,89.08,0.68
mogadishu,20030522,2.04,45.34,5.8738,27.47,4.58,5.87,85.08,0.81
mogadishu,20030523,2.04,45.34,6.4157,27.76,4.37,5.11,83.57,0.7
mogadishu,20030524,2.04,45.34,6.1486,27.9,3.82,4.38,79.43,0.31
mogadishu,20030525,2.04,45.34,6.1082,28.22,3.96,4.57,76.78,0.22
mogadishu,20030526,2.04,45.34,6.2266,27.98,4.13,4.75,79.41,2.78
mogadishu,20030527,2.04,45.34,6.5508,28.02,3.91,4.48,78.29,1.7
mogadishu,20030528,2.04,45.34,6.3792,27.72,4.59,5.27,83.31,6.29
mogadishu,20030529,2.04,45.34,5.909,27.33,4.52,5.25,87.09,7.61
mogadishu,20030530,2.04,45.34,6.0684,27.47,5.61,6.66,86.56,7.64
mogadishu,20030531,2.04,45.34,5.5968,27.57,5.32,6.15,84.66,0.0
mogadishu,20030601,2.04,45.34,5.8714,27.25,6.62,7.7,85.17,0.0
mogadishu,20030602,2.04,45.34,5.3556,27.47,5.78,6.72,82.3,0.0
mogadishu,20030603,2.04,45.34,5.712,27.77,5.87,6.89,83.11,0.0
mogadishu,20030604,2.04,45.34,6.2261,27.74,6.15,7.23,83.25,0.0
mogadishu,20030605,2.04,45.34,6.0994,27.82,6.84,8.04,76.74,0.0
mogadishu,20030606,2.04,45.34,6.2232,27.62,7.16,8.47,81.39,0.0
mogadishu,20030607,2.04,45.34,5.2013,27.41,7.69,9.14,80.69,0.0
mogadishu,20030608,2.04,45.34,6.1126,27.45,6.73,7.95,79.89,0.0
mogadishu,20030609,2.04,45.34,5.7802,27.36,7.41,8.81,80.03,0.0
mogadishu,20030610,2.04,45.34,5.8606,27.28,7.57,9.0,75.52,0.0
mogadishu,20030611,2.04,45.34,5.562,27.09,8.09,9.72,79.78,0.0
mogadishu,20030612,2.04,45.34,4.9277,26.91,7.8,9.31,77.61,0.0
mogadishu,20030613,2.04,45.34,5.0407,27.0,8.12,9.54,77.77,0.0
mogadishu,20030614,2.04,45.34,5.4576,26.49,6.96,8.07,81.55,0.0
mogadishu,20030615,2.04,45.34,4.4966,26.85,8.03,9.41,78.83,0.0
mogadishu,20030616,2.04,45.34,5.9942,27.11,8.84,10.47,76.94,0.0
mogadishu,20030617,2.04,45.34,5.9057,27.25,8.66,10.26,76.09,0.0
mogadishu,20030618,2.04,45.34,4.7635,26.98,8.7,10.22,80.35,0.0
mogadishu,20030619,2.04,45.34,5.7826,26.9,8.38,9.76,77.48,0.0
mogadishu,20030620,2.04,45.34,5.8716,27.18,8.78,10.21,74.68,0.0
mogadishu,20030621,2.04,45.34,5.719,27.26,8.67,10.09,76.21,0.0
mogadishu,20030622,2.04,45.34,5.7653,27.08,7.74,8.93,81.64,0.0
mogadishu,20030623,2.04,45.34,4.0462,26.88,8.26,9.57,79.48,0.0
mogadishu,20030624,2.04,45.34,5.6112,26.76,8.82,10.23,76.99,0.0
mogadishu,20030625,2.04,45.34,5.8574,26.68,8.75,10.19,72.28,0.0
mogadishu,20030626,2.04,45.34,5.7137,26.74,8.61,10.02,71.18,0.0
mogadishu,20030627,2.04,45.34,4.8958,26.79,8.22,9.51,75.99,0.0
mogadishu,20030628,2.04,45.34,5.4197,26.66,8.64,10.05,74.33,0.0
mogadishu,20030629,2.04,45.34,5.8999,26.46,8.77,10.25,75.82,0.0
mogadishu,20030630,2.04,45.34,4.884,26.2,9.04,10.58,77.17,0.0
mogadishu,20030701,2.04,45.34,5.9753,26.23,8.78,10.21,73.62,0.0
mogadishu,20030702,2.04,45.34,6.4606,26.2,8.19,9.5,71.71,0.0
mogadishu,20030703,2.04,45.34,5.124,26.46,8.04,9.34,78.36,0.0
mogadishu,20030704,2.04,45.34,6.3257,26.34,8.52,9.89,73.67,0.0
mogadishu,20030705,2.04,45.34,5.748,26.23,9.24,10.76,73.99,0.0
mogadishu,20030706,2.04,45.34,5.8714,26.24,9.95,11.63,74.8,0.0
mogadishu,20030707,2.04,45.34,4.992,25.99,10.4,12.23,76.3,0.0
mogadishu,20030708,2.04,45.34,4.9586,25.83,9.41,11.12,79.5,0.0
mogadishu,20030709,2.04,45.34,3.7745,25.85,8.71,10.32,82.06,0.0
mogadishu,20030710,2.04,45.34,5.1113,25.73,8.56,10.11,81.35,0.07
mogadishu,20030711,2.04,45.34,5.2764,25.98,9.39,11.05,81.13,0.06
mogadishu,20030712,2.04,45.34,5.0647,26.0,9.89,11.71,80.76,0.06
mogadishu,20030713,2.04,45.34,5.2118,26.08,9.89,11.62,81.47,0.09
mogadishu,20030714,2.04,45.34,6.0204,25.74,9.57,11.29,77.3,0.02
mogadishu,20030715,2.04,45.34,4.7909,25.71,9.33,11.06,75.9,0.0
mogadishu,20030716,2.04,45.34,5.0681,25.54,9.11,10.71,76.78,0.0
mogadishu,20030717,2.04,45.34,5.6465,25.66,9.28,10.92,76.68,0.0
mogadishu,20030718,2.04,45.34,4.5151,25.89,8.85,10.51,81.4,0.0
mogadishu,20030719,2.04,45.34,5.7329,25.8,7.59,8.84,81.3,0.0
mogadishu,20030720,2.04,45.34,5.5721,26.4,8.56,10.01,80.45,0.0
mogadishu,20030721,2.04,45.34,5.568,26.18,8.93,10.48,81.34,0.0
mogadishu,20030722,2.04,45.34,5.0522,25.8,9.14,10.72,80.07,0.0
mogadishu,20030723,2.04,45.34,5.6321,25.69,9.57,11.24,78.78,0.0
mogadishu,20030724,2.04,45.34,5.455,25.47,9.86,11.62,77.14,0.0
mogadishu,20030725,2.04,45.34,5.214,25.26,9.35,10.99,80.8,0.0
mogadishu,20030726,2.04,45.34,4.7167,25.24,9.17,10.76,77.63,0.0
mogadishu,20030727,2.04,45.34,5.1619,25.28,8.86,10.37,78.95,0.0
mogadishu,20030728,2.04,45.34,6.4135,25.12,8.67,10.11,79.59,0.0
mogadishu,20030729,2.04,45.34,5.2361,25.16,9.09,10.61,78.09,0.0
mogadishu,20030730,2.04,45.34,4.7434,25.12,9.53,11.21,79.46,0.02
mogadishu,20030731,2.04,45.34,5.2214,24.9,8.75,10.19,77.32,0.01
mogadishu,20030801,2.04,45.34,5.1562,24.7,9.12,10.66,77.62,0.01
mogadishu,20030802,2.04,45.34,3.966,24.43,9.47,11.05,78.71,0.02
mogadishu,20030803,2.04,45.34,4.091,24.28,9.14,10.7,79.1,0.02
mogadishu,20030804,2.04,45.34,4.9325,24.3,8.44,9.8,79.27,0.0
mogadishu,20030805,2.04,45.34,4.7143,24.37,8.0,9.26,76.84,0.0
mogadishu,20030806,2.04,45.34,5.6657,24.6,8.61,10.01,76.03,0.0
mogadishu,20030807,2.04,45.34,6.5095,24.76,8.28,9.62,78.39,0.0
mogadishu,20030808,2.04,45.34,5.2301,25.24,8.15,9.52,80.9,0.0
mogadishu,20030809,2.04,45.34,5.7386,25.27,8.15,9.45,80.95,0.11
mogadishu,20030810,2.04,45.34,6.4128,25.35,7.65,8.84,77.94,0.02
mogadishu,20030811,2.04,45.34,6.1774,25.32,7.39,8.55,78.85,0.03
mogadishu,20030812,2.04,45.34,5.6844,25.19,7.47,8.62,79.83,0.04
mogadishu,20030813,2.04,45.34,5.9707,25.08,8.18,9.52,79.07,0.02
mogadishu,20030814,2.04,45.34,6.6847,25.05,8.13,9.47,77.27,0.17
mogadishu,20030815,2.04,45.34,4.909,24.97,8.03,9.39,80.37,0.21
mogadishu,20030816,2.04,45.34,5.7115,25.02,8.41,9.86,80.73,0.18
mogadishu,20030817,2.04,45.34,5.9854,25.16,8.26,9.63,78.88,0.12
mogadishu,20030818,2.04,45.34,6.3461,25.23,7.92,9.28,82.79,0.6
mogadishu,20030819,2.04,45.34,6.533,25.49,6.84,7.94,80.29,0.05
mogadishu,20030820,2.04,45.34,6.2364,25.47,7.14,8.26,80.37,0.04
mogadishu,20030821,2.04,45.34,6.2544,25.36,7.85,9.11,78.41,0.02
mogadishu,20030822,2.04,45.34,6.4702,25.13,8.14,9.45,79.94,0.06
mogadishu,20030823,2.04,45.34,5.8855,24.83,8.57,9.95,77.29,0.09
mogadishu,20030824,2.04,45.34,6.7339,24.63,8.43,9.83,77.81,0.0
mogadishu,20030825,2.04,45.34,6.6998,24.78,7.71,8.98,76.26,0.0
mogadishu,20030826,2.04,45.34,6.1265,24.84,7.32,8.48,76.82,0.0
mogadishu,20030827,2.04,45.34,6.1807,24.98,8.11,9.42,79.64,0.0
mogadishu,20030828,2.04,45.34,5.9717,25.17,8.55,9.92,79.07,0.0
mogadishu,20030829,2.04,45.34,6.6895,24.91,8.79,10.19,75.61,0.0
mogadishu,20030830,2.04,45.34,6.7061,25.37,7.72,8.95,79.56,0.0
mogadishu,20030831,2.04,45.34,5.4941,25.24,8.05,9.38,82.18,0.0
mogadishu,20030901,2.04,45.34,6.0958,25.17,7.59,8.78,77.36,0.0
mogadishu,20030902,2.04,45.34,6.481,25.24,7.59,8.74,75.37,0.0
mogadishu,20030903,2.04,45.34,6.5568,25.07,8.04,9.28,74.73,0.5
mogadishu,20030904,2.04,45.34,6.726,24.79,7.36,8.52,78.9,0.73
mogadishu,20030905,2.04,45.34,6.3338,25.19,7.38,8.62,79.35,1.28
mogadishu,20030906,2.04,45.34,6.7018,25.03,6.59,7.62,78.35,0.65
mogadishu,20030907,2.04,45.34,6.3864,25.13,6.33,7.32,78.03,0.42
mogadishu,20030908,2.04,45.34,6.7656,25.44,6.49,7.47,78.49,0.01
mogadishu,20030909,2.04,45.34,6.6718,25.66,6.61,7.57,80.81,0.01
mogadishu,20030910,2.04,45.34,6.4032,25.92,6.8,7.89,81.72,0.12
mogadishu,20030911,2.04,45.34,6.5038,26.19,6.65,7.79,82.2,0.11
mogadishu,20030912,2.04,45.34,6.7642,26.3,7.42,8.64,78.01,0.02
mogadishu,20030913,2.04,45.34,6.1303,26.46,6.9,8.0,80.31,0.04
mogadishu,20030914,2.04,45.34,6.1987,26.22,7.32,8.49,78.14,0.03
mogadishu,20030915,2.04,45.34,6.6442,26.03,7.34,8.53,80.74,0.02
mogadishu,20030916,2.04,45.34,6.3542,26.06,7.97,9.36,80.98,0.1
mogadishu,20030917,2.04,45.34,6.4241,25.99,6.9,7.96,80.17,0.06
mogadishu,20030918,2.04,45.34,6.6912,26.04,7.32,8.44,77.36,0.0
mogadishu,20030919,2.04,45.34,6.864,26.1,6.32,7.26,77.72,0.0
mogadishu,20030920,2.04,45.34,6.7793,26.07,6.13,6.99,80.37,0.0
mogadishu,20030921,2.04,45.34,6.5959,26.39,6.25,7.25,80.24,0.0
mogadishu,20030922,2.04,45.34,6.3658,26.4,6.49,7.48,79.0,0.0
mogadishu,20030923,2.04,45.34,6.4481,26.25,6.39,7.32,80.27,0.0
mogadishu,20030924,2.04,45.34,6.2647,26.21,6.6,7.65,80.32,0.0
mogadishu,20030925,2.04,45.34,6.7195,26.15,6.8,7.84,79.99,0.0
mogadishu,20030926,2.04,45.34,6.5354,26.22,7.01,8.08,75.6,0.0
mogadishu,20030927,2.04,45.34,6.8654,25.91,6.67,7.67,74.91,0.0
mogadishu,20030928,2.04,45.34,6.7231,25.95,7.5,8.75,79.57,0.0
mogadishu,20030929,2.04,45.34,6.7843,26.05,7.72,8.99,78.43,0.0
mogadishu,20030930,2.04,45.34,6.6322,26.06,7.13,8.28,77.13,0.0
mogadishu,20031001,2.04,45.34,6.2165,25.98,7.11,8.19,79.18,0.0
mogadishu,20031002,2.04,45.34,6.1738,26.06,6.58,7.62,81.57,0.0
mogadishu,20031003,2.04,45.34,5.6184,26.03,6.55,7.61,82.0,0.0
mogadishu,20031004,2.04,45.34,5.4684,26.02,6.26,7.22,79.57,0.0
mogadishu,20031005,2.04,45.34,6.1046,26.19,5.74,6.62,77.61,0.0
mogadishu,20031006,2.04,45.34,6.5402,26.43,5.87,6.72,75.52,0.0
mogadishu,20031007,2.04,45.34,6.6372,26.1,6.29,7.18,81.65,0.0
mogadishu,20031008,2.04,45.34,5.7564,26.15,6.98,8.01,80.68,0.0
mogadishu,20031009,2.04,45.34,5.0554,26.28,6.25,7.16,79.96,0.0
mogadishu,20031010,2.04,45.34,5.4588,26.31,5.49,6.3,79.64,0.0
mogadishu,20031011,2.04,45.34,5.2169,26.37,6.54,7.62,82.36,0.0
mogadishu,20031012,2.04,45.34,6.763,26.56,6.21,7.18,81.24,0.0
mogadishu,20031013,2.04,45.34,6.3161,26.58,5.33,6.07,81.04,0.02
mogadishu,20031014,2.04,45.34,6.8376,26.61,4.49,5.09,77.62,0.01
mogadishu,20031015,2.04,45.34,5.9938,26.79,4.57,5.22,77.75,0.03
mogadishu,20031016,2.04,45.34,5.7996,27.01,5.83,6.84,75.68,0.01
mogadishu,20031017,2.04,45.34,6.0686,26.77,5.68,6.62,73.01,0.01
mogadishu,20031018,2.04,45.34,6.4332,26.5,4.87,5.54,74.89,0.03
mogadishu,20031019,2.04,45.34,7.0658,26.51,5.07,5.71,78.36,0.01
mogadishu,20031020,2.04,45.34,6.2426,27.01,4.73,5.37,74.76,0.14
mogadishu,20031021,2.04,45.34,6.3185,27.46,4.26,4.81,71.44,0.14
mogadishu,20031022,2.04,45.34,6.0571,27.23,4.75,5.35,79.7,0.26
mogadishu,20031023,2.04,45.34,6.0895,27.47,4.11,4.71,75.74,0.04
mogadishu,20031024,2.04,45.34,6.0566,27.17,4.15,4.67,79.6,0.04
mogadishu,20031025,2.04,45.34,6.7642,27.45,4.33,4.79,78.35,0.07
mogadishu,20031026,2.04,45.34,6.6883,27.57,4.5,5.01,76.42,0.05
mogadishu,20031027,2.04,45.34,6.8527,27.37,4.17,4.68,73.94,0.0
mogadishu,20031028,2.04,45.34,6.1483,27.06,4.48,5.01,75.59,0.04
mogadishu,20031029,2.04,45.34,5.6513,26.75,4.9,5.45,76.71,0.15
mogadishu,20031030,2.04,45.34,5.8848,26.81,4.17,4.59,77.06,0.09
mogadishu,20031031,2.04,45.34,5.0806,26.89,5.07,5.67,78.58,0.53
mogadishu,20031101,2.04,45.34,5.4437,27.16,4.88,5.52,76.28,0.42
mogadishu,20031102,2.04,45.34,5.7934,26.93,5.03,5.79,77.36,4.58
mogadishu,20031103,2.04,45.34,5.976,26.68,4.88,5.62,78.62,0.93
mogadishu,20031104,2.04,45.34,4.721,26.31,5.04,5.76,81.77,2.57
mogadishu,20031105,2.04,45.34,6.0334,26.16,4.73,5.42,82.35,1.39
mogadishu,20031106,2.04,45.34,6.0473,26.25,3.88,4.41,80.11,0.65
mogadishu,20031107,2.04,45.34,6.3586,26.51,3.7,4.08,80.21,0.33
mogadishu,20031108,2.04,45.34,6.3698,26.54,4.06,4.51,81.89,0.44
mogadishu,20031109,2.04,45.34,5.8483,27.12,5.06,5.76,80.77,0.88
mogadishu,20031110,2.04,45.34,6.186,27.14,4.13,4.72,80.24,1.38
mogadishu,20031111,2.04,45.34,5.8349,27.03,3.68,4.22,78.07,0.35
mogadishu,20031112,2.04,45.34,6.157,26.92,4.24,4.82,77.25,0.1
mogadishu,20031113,2.04,45.34,6.137,26.9,3.24,3.63,78.77,0.33
mogadishu,20031114,2.04,45.34,4.9222,26.86,3.09,3.49,79.15,1.23
mogadishu,20031115,2.04,45.34,5.478,27.12,3.84,4.32,81.17,0.06
mogadishu,20031116,2.04,45.34,5.389,27.16,4.34,4.88,80.28,0.2
mogadishu,20031117,2.04,45.34,4.1815,27.18,2.83,3.19,79.15,4.55
mogadishu,20031118,2.04,45.34,4.8559,26.87,3.04,3.51,82.9,5.68
mogadishu,20031119,2.04,45.34,5.3544,26.73,5.11,5.94,85.24,4.17
mogadishu,20031120,2.04,45.34,6.217,26.79,4.79,5.59,82.98,9.64
mogadishu,20031121,2.04,45.34,5.7722,27.11,5.06,5.88,82.12,0.1
mogadishu,20031122,2.04,45.34,5.934,26.83,3.72,4.14,82.46,0.08
mogadishu,20031123,2.04,45.34,5.0938,27.05,3.54,3.99,80.19,0.28
mogadishu,20031124,2.04,45.34,5.0374,27.21,6.88,8.01,79.96,0.31
mogadishu,20031125,2.04,45.34,5.1173,26.79,6.86,7.97,84.32,0.31
mogadishu,20031126,2.04,45.34,5.9292,26.76,5.42,6.3,82.32,0.14
mogadishu,20031127,2.04,45.34,5.5013,26.91,4.59,5.2,83.17,0.33
mogadishu,20031128,2.04,45.34,2.8742,27.08,4.65,5.24,80.66,1.41
mogadishu,20031129,2.04,45.34,5.9146,27.18,4.23,4.77,78.43,0.4
mogadishu,20031130,2.04,45.34,5.8327,27.58,4.41,5.04,77.1,0.63
mogadishu,20031201,2.04,45.34,5.766,27.7,5.22,6.0,80.72,2.22
mogadishu,20031202,2.04,45.34,5.646,26.86,4.72,5.52,86.45,64.72
mogadishu,20031203,2.04,45.34,5.2358,26.8,4.03,4.68,85.16,22.42
mogadishu,20031204,2.04,45.34,6.2292,26.91,3.89,4.47,82.29,3.24
mogadishu,20031205,2.04,45.34,5.4636,27.13,4.01,4.66,81.82,8.07
mogadishu,20031206,2.04,45.34,6.0079,27.34,3.24,3.76,78.28,16.73
mogadishu,20031207,2.04,45.34,5.2937,27.02,2.9,3.38,82.31,0.23
mogadishu,20031208,2.04,45.34,5.682,26.93,6.47,7.63,84.54,0.25
mogadishu,20031209,2.04,45.34,6.133,26.94,7.47,8.77,83.92,0.13
mogadishu,20031210,2.04,45.34,5.9729,27.01,8.42,10.02,82.34,0.49
mogadishu,20031211,2.04,45.34,6.2023,26.98,7.78,9.18,77.93,0.1
mogadishu,20031212,2.04,45.34,6.7337,27.01,8.46,9.91,73.65,0.0
mogadishu,20031213,2.04,45.34,6.5818,26.96,9.2,10.85,72.42,0.0
mogadishu,20031214,2.04,45.34,6.6209,26.83,9.52,11.31,72.98,0.0
mogadishu,20031215,2.04,45.34,6.7337,26.55,8.44,9.97,74.64,0.0
mogadishu,20031216,2.04,45.34,6.389,26.69,7.41,8.75,78.5,0.0
mogadishu,20031217,2.04,45.34,6.0086,26.73,7.27,8.55,79.4,0.0
mogadishu,20031218,2.04,45.34,6.1838,26.46,6.76,7.84,79.54,0.0
mogadishu,20031219,2.04,45.34,6.4594,26.39,7.05,8.17,79.42,0.0
mogadishu,20031220,2.04,45.34,6.4903,26.49,7.32,8.51,80.27,0.0
mogadishu,20031221,2.04,45.34,6.2705,26.8,8.0,9.34,80.21,0.0
mogadishu,20031222,2.04,45.34,6.2614,26.82,8.8,10.35,76.4,0.0
mogadishu,20031223,2.04,45.34,6.6581,26.53,8.56,9.98,73.11,0.0
mogadishu,20031224,2.04,45.34,6.7534,26.59,8.15,9.52,71.34,0.0
mogadishu,20031225,2.04,45.34,6.7716,26.54,8.23,9.59,73.39,0.0
mogadishu,20031226,2.04,45.34,6.6511,26.77,8.41,9.93,71.84,0.0
mogadishu,20031227,2.04,45.34,6.8045,26.4,8.76,10.32,69.75,0.0
mogadishu,20031228,2.04,45.34,6.8059,26.18,8.69,10.2,71.58,0.0
mogadishu,20031229,2.04,45.34,6.5064,26.37,7.91,9.3,79.97,0.0
mogadishu,20031230,2.04,45.34,6.0698,26.51,8.58,10.19,82.62,0.04
mogadishu,20031231,2.04,45.34,6.3245,26.14,7.79,9.17,82.5,0.03
mogadishu,20040101,2.04,45.34,3.7502,26.2,8.24,9.75,83.43,0.0
mogadishu,20040102,2.04,45.34,5.2812,26.11,8.13,9.57,83.37,0.0
mogadishu,20040103,2.04,45.34,6.1224,25.98,7.86,9.22,82.99,0.0
mogadishu,20040104,2.04,45.34,6.0377,26.08,7.03,8.25,85.37,0.0
mogadishu,20040105,2.04,45.34,5.4998,26.16,7.29,8.54,85.66,0.0
mogadishu,20040106,2.04,45.34,5.2658,26.27,7.18,8.36,82.19,0.0
mogadishu,20040107,2.04,45.34,6.7416,25.75,7.26,8.39,79.71,0.0
mogadishu,20040108,2.04,45.34,6.5724,25.63,8.38,9.79,78.31,0.0
mogadishu,20040109,2.04,45.34,6.4728,25.64,8.67,10.15,81.23,0.0
mogadishu,20040110,2.04,45.34,6.4598,25.92,6.99,8.13,81.66,0.0
mogadishu,20040111,2.04,45.34,5.6866,26.21,7.01,8.26,85.99,0.0
mogadishu,20040112,2.04,45.34,4.9061,25.92,7.84,9.28,85.49,0.0
mogadishu,20040113,2.04,45.34,6.1687,25.86,6.66,7.88,83.59,0.0
mogadishu,20040114,2.04,45.34,6.1478,26.13,5.86,6.84,84.35,0.0
mogadishu,20040115,2.04,45.34,5.8097,26.54,7.04,8.28,84.45,0.0
mogadishu,20040116,2.04,45.34,6.1344,26.53,8.05,9.45,81.55,0.07
mogadishu,20040117,2.04,45.34,6.0749,26.6,7.63,8.98,78.73,0.16
mogadishu,20040118,2.04,45.34,6.4949,26.67,6.83,7.92,78.5,0.09
mogadishu,20040119,2.04,45.34,6.5842,26.59,6.72,7.79,78.04,0.0
mogadishu,20040120,2.04,45.34,6.5038,26.33,6.5,7.5,78.97,0.0
mogadishu,20040121,2.04,45.34,6.8306,26.64,7.29,8.44,76.57,0.0
mogadishu,20040122,2.04,45.34,6.3446,27.02,8.02,9.35,77.4,0.0
mogadishu,20040123,2.04,45.34,5.8622,26.99,8.57,9.98,79.04,0.01
mogadishu,20040124,2.04,45.34,6.6694,26.78,7.89,9.13,79.45,0.0
mogadishu,20040125,2.04,45.34,6.6605,26.92,8.02,9.32,78.59,0.0
mogadishu,20040126,2.04,45.34,6.6115,27.01,8.89,10.46,78.44,0.0
mogadishu,20040127,2.04,45.34,6.9809,26.81,7.65,8.91,77.39,0.0
mogadishu,20040128,2.04,45.34,7.0579,26.71,7.87,9.18,77.76,0.0
mogadishu,20040129,2.04,45.34,7.1045,26.69,8.69,10.14,74.94,0.0
mogadishu,20040130,2.04,45.34,6.9972,26.88,8.57,10.01,74.32,0.0
mogadishu,20040131,2.04,45.34,7.0294,27.31,8.99,10.52,73.54,0.0
mogadishu,20040201,2.04,45.34,6.5359,26.71,9.36,10.96,77.71,0.0
mogadishu,20040202,2.04,45.34,6.8057,26.58,9.8,11.54,76.42,0.0
mogadishu,20040203,2.04,45.34,6.6864,26.31,9.44,11.03,75.73,0.0
mogadishu,20040204,2.04,45.34,7.1282,26.61,9.57,11.24,74.01,0.0
mogadishu,20040205,2.04,45.34,6.9197,26.68,9.34,10.95,75.71,0.0
mogadishu,20040206,2.04,45.34,6.9358,26.63,8.42,9.8,79.25,0.0
mogadishu,20040207,2.04,45.34,6.5213,26.93,8.41,9.83,82.38,0.0
mogadishu,20040208,2.04,45.34,6.1402,26.73,9.43,11.08,82.15,0.0
mogadishu,20040209,2.04,45.34,6.5191,26.73,10.04,11.86,78.9,0.0
mogadishu,20040210,2.04,45.34,7.037,26.63,9.88,11.59,74.61,0.0
mogadishu,20040211,2.04,45.34,7.2516,26.49,9.01,10.51,70.18,0.0
mogadishu,20040212,2.04,45.34,7.0361,26.23,7.51,8.7,77.71,0.0
mogadishu,20040213,2.04,45.34,7.1018,26.55,7.36,8.51,80.21,0.0
mogadishu,20040214,2.04,45.34,6.7411,26.62,7.24,8.32,81.26,0.0
mogadishu,20040215,2.04,45.34,6.2875,26.36,6.38,7.2,79.41,0.0
mogadishu,20040216,2.04,45.34,5.7346,26.28,6.16,6.91,79.43,0.0
mogadishu,20040217,2.04,45.34,6.5093,26.78,6.4,7.3,77.06,0.0
mogadishu,20040218,2.04,45.34,6.913,26.68,7.13,8.25,78.02,0.0
mogadishu,20040219,2.04,45.34,6.7937,26.57,7.56,8.72,79.69,0.0
mogadishu,20040220,2.04,45.34,7.2922,26.45,7.69,8.85,79.05,0.0
mogadishu,20040221,2.04,45.34,7.0694,26.64,7.72,8.89,77.54,0.0
mogadishu,20040222,2.04,45.34,7.157,26.84,8.19,9.48,76.79,0.0
mogadishu,20040223,2.04,45.34,6.6302,26.8,8.54,9.85,77.56,0.0
mogadishu,20040224,2.04,45.34,6.9084,27.02,7.88,9.06,77.28,0.0
mogadishu,20040225,2.04,45.34,6.6799,27.38,7.33,8.43,77.65,0.0
mogadishu,20040226,2.04,45.34,7.0411,27.5,8.01,9.27,75.79,0.0
mogadishu,20040227,2.04,45.34,7.1376,27.14,8.84,10.24,74.37,0.0
mogadishu,20040228,2.04,45.34,6.9499,26.88,8.81,10.25,75.56,0.0
mogadishu,20040229,2.04,45.34,7.0644,26.87,8.89,10.32,75.79,0.0
mogadishu,20040301,2.04,45.34,7.2751,26.78,8.86,10.25,75.07,0.0
mogadishu,20040302,2.04,45.34,7.1726,26.83,8.72,10.04,73.62,0.0
mogadishu,20040303,2.04,45.34,7.4146,26.89,8.22,9.46,70.66,0.0
mogadishu,20040304,2.04,45.34,7.6099,26.92,8.57,9.92,70.2,0.0
mogadishu,20040305,2.04,45.34,7.5523,26.81,9.02,10.45,69.83,0.0
mogadishu,20040306,2.04,45.34,7.4532,26.83,9.49,11.0,71.77,0.0
mogadishu,20040307,2.04,45.34,7.2629,26.81,10.16,11.83,74.34,0.0
mogadishu,20040308,2.04,45.34,6.9838,26.81,9.31,10.91,79.09,0.0
mogadishu,20040309,2.04,45.34,6.7817,26.96,8.24,9.66,82.91,0.0
mogadishu,20040310,2.04,45.34,6.4642,26.8,6.91,8.08,80.07,0.0
mogadishu,20040311,2.04,45.34,6.7831,27.07,7.1,8.28,76.15,0.0
mogadishu,20040312,2.04,45.34,7.2994,27.06,6.75,7.8,75.05,0.0
mogadishu,20040313,2.04,45.34,7.3541,27.3,6.22,7.19,75.14,0.0
mogadishu,20040314,2.04,45.34,7.3438,27.31,5.77,6.56,78.34,0.0
mogadishu,20040315,2.04,45.34,7.3759,27.32,5.15,5.84,77.59,0.0
mogadishu,20040316,2.04,45.34,7.1107,27.08,4.95,5.57,79.04,0.0
mogadishu,20040317,2.04,45.34,7.164,26.9,4.8,5.36,79.53,0.0
mogadishu,20040318,2.04,45.34,7.1124,26.96,5.81,6.52,76.9,0.0
mogadishu,20040319,2.04,45.34,6.9346,27.4,5.87,6.64,74.92,0.0
mogadishu,20040320,2.04,45.34,6.773,27.49,5.43,6.08,74.5,0.0
mogadishu,20040321,2.04,45.34,6.9739,27.33,5.1,5.7,72.67,0.0
mogadishu,20040322,2.04,45.34,7.3922,27.54,5.38,6.05,69.43,0.0
mogadishu,20040323,2.04,45.34,7.2581,27.39,5.68,6.47,76.31,0.0
mogadishu,20040324,2.04,45.34,7.1746,27.55,6.42,7.32,77.06,0.0
mogadishu,20040325,2.04,45.34,7.2288,27.7,6.23,7.1,75.37,0.0
mogadishu,20040326,2.04,45.34,7.2211,27.63,5.71,6.46,72.07,0.0
mogadishu,20040327,2.04,45.34,7.0718,27.46,6.38,7.24,73.31,0.0
mogadishu,20040328,2.04,45.34,7.242,27.5,6.93,7.87,71.93,0.0
mogadishu,20040329,2.04,45.34,7.1117,27.72,7.19,8.22,74.94,0.0
mogadishu,20040330,2.04,45.34,6.9295,28.04,6.42,7.3,75.52,0.02
mogadishu,20040331,2.04,45.34,6.8026,27.81,6.0,6.82,79.89,0.03
mogadishu,20040401,2.04,45.34,6.3494,27.9,5.2,6.0,78.46,0.11
mogadishu,20040402,2.04,45.34,6.8299,28.18,5.07,5.77,76.97,0.35
mogadishu,20040403,2.04,45.34,6.6571,28.22,4.72,5.33,76.25,0.2
mogadishu,20040404,2.04,45.34,6.8282,28.16,4.69,5.31,77.6,0.42
mogadishu,20040405,2.04,45.34,5.9062,28.49,4.56,5.16,77.25,0.7
mogadishu,20040406,2.04,45.34,5.1862,28.01,4.15,4.78,79.72,0.0
mogadishu,20040407,2.04,45.34,6.5045,27.87,3.74,4.24,80.22,0.0
mogadishu,20040408,2.04,45.34,6.3142,27.81,4.23,4.72,79.39,0.0
mogadishu,20040409,2.04,45.34,6.787,27.99,4.64,5.2,77.01,0.0
mogadishu,20040410,2.04,45.34,7.1486,27.6,5.09,5.78,76.28,0.0
mogadishu,20040411,2.04,45.34,7.3116,27.57,5.18,5.87,75.72,0.01
mogadishu,20040412,2.04,45.34,7.2838,27.47,4.87,5.51,76.46,0.0
mogadishu,20040413,2.04,45.34,7.2679,27.44,4.71,5.35,75.36,0.0
mogadishu,20040414,2.04,45.34,6.8714,27.72,5.01,5.66,77.96,0.81
mogadishu,20040415,2.04,45.34,6.5693,28.29,4.71,5.41,75.73,1.82
mogadishu,20040416,2.04,45.34,6.5124,28.08,4.38,4.94,75.17,0.18
mogadishu,20040417,2.04,45.34,7.1102,28.02,5.05,5.68,77.32,0.11
mogadishu,20040418,2.04,45.34,6.5045,28.45,5.48,6.22,77.41,1.23
mogadishu,20040419,2.04,45.34,6.4049,28.58,4.41,5.06,78.1,2.6
mogadishu,20040420,2.04,45.34,6.3564,28.64,4.26,4.86,78.07,2.62
mogadishu,20040421,2.04,45.34,6.557,28.99,3.62,4.03,75.25,0.21
mogadishu,20040422,2.04,45.34,6.187,28.72,3.64,4.07,77.16,0.4
mogadishu,20040423,2.04,45.34,6.8969,28.37,3.63,4.03,78.76,0.18
mogadishu,20040424,2.04,45.34,6.5131,28.49,3.74,4.14,76.92,0.13
mogadishu,20040425,2.04,45.34,6.702,28.39,4.78,5.38,78.99,0.86
mogadishu,20040426,2.04,45.34,5.2123,28.64,4.93,5.55,78.55,0.04
mogadishu,20040427,2.04,45.34,5.4641,28.46,3.8,4.24,78.08,0.06
mogadishu,20040428,2.04,45.34,5.5615,28.35,4.51,5.0,77.84,0.02
mogadishu,20040429,2.04,45.34,5.6486,28.07,5.63,6.32,80.98,0.04
mogadishu,20040430,2.04,45.34,4.5492,28.11,7.15,8.15,80.9,0.07
mogadishu,20040501,2.04,45.34,5.4103,28.6,6.27,7.09,76.7,0.0
mogadishu,20040502,2.04,45.34,6.1968,28.3,5.43,6.14,78.97,0.0
mogadishu,20040503,2.04,45.34,5.3364,28.26,5.71,6.51,81.35,0.0
mogadishu,20040504,2.04,45.34,5.4883,28.3,7.18,8.29,80.46,0.0
mogadishu,20040505,2.04,45.34,6.1217,28.5,7.8,9.07,78.58,0.0
mogadishu,20040506,2.04,45.34,6.0523,28.49,7.83,9.11,76.45,0.0
mogadishu,20040507,2.04,45.34,6.071,28.32,7.63,8.87,75.92,0.0
mogadishu,20040508,2.04,45.34,6.3562,28.11,7.76,9.1,74.52,0.0
mogadishu,20040509,2.04,45.34,6.5568,27.65,7.68,9.02,75.72,0.0
mogadishu,20040510,2.04,45.34,6.6372,27.78,7.71,9.05,77.11,0.0
mogadishu,20040511,2.04,45.34,6.6814,27.8,7.57,8.84,76.67,0.0
mogadishu,20040512,2.04,45.34,6.4025,28.08,7.19,8.46,76.16,0.0
mogadishu,20040513,2.04,45.34,6.4322,28.03,7.1,8.3,77.04,0.0
mogadishu,20040514,2.04,45.34,6.4114,27.99,6.41,7.45,77.05,0.0
mogadishu,20040515,2.04,45.34,6.3283,27.85,6.55,7.6,75.3,0.0
mogadishu,20040516,2.04,45.34,6.4034,27.82,7.12,8.31,74.42,0.0
mogadishu,20040517,2.04,45.34,6.4478,27.62,7.07,8.24,75.02,0.0
mogadishu,20040518,2.04,45.34,6.5198,27.77,7.19,8.4,73.32,0.0
mogadishu,20040519,2.04,45.34,5.2414,27.45,7.95,9.4,74.97,0.0
mogadishu,20040520,2.04,45.34,5.8402,27.14,8.35,9.93,75.58,0.0
mogadishu,20040521,2.04,45.34,5.6011,27.23,8.0,9.37,75.0,0.0
mogadishu,20040522,2.04,45.34,5.8109,27.18,7.99,9.39,75.87,0.0
mogadishu,20040523,2.04,45.34,6.0934,27.0,8.11,9.56,75.9,0.0
mogadishu,20040524,2.04,45.34,6.1596,27.19,8.0,9.36,72.91,0.0
mogadishu,20040525,2.04,45.34,6.1968,27.31,8.25,9.62,73.29,0.0
mogadishu,20040526,2.04,45.34,6.1325,27.39,7.67,9.0,76.83,0.05
mogadishu,20040527,2.04,45.34,6.3653,27.31,6.78,7.92,79.12,0.11
mogadishu,20040528,2.04,45.34,6.054,27.32,8.34,9.78,76.85,0.09
mogadishu,20040529,2.04,45.34,6.3773,27.14,8.32,9.72,76.57,0.14
mogadishu,20040530,2.04,45.34,5.9064,26.7,7.94,9.22,77.49,0.05
mogadishu,20040531,2.04,45.34,5.9143,26.51,7.5,8.77,77.67,0.75
mogadishu,20040601,2.04,45.34,6.1582,26.26,7.16,8.3,77.96,0.37
mogadishu,20040602,2.04,45.34,5.844,26.43,7.79,9.06,77.26,0.48
mogadishu,20040603,2.04,45.34,5.0558,26.33,8.65,10.17,78.48,1.72
mogadishu,20040604,2.04,45.34,6.0209,26.39,8.43,9.86,76.33,0.43
mogadishu,20040605,2.04,45.34,6.2429,26.68,8.18,9.57,79.51,0.0
mogadishu,20040606,2.04,45.34,5.429,26.53,7.24,8.44,84.78,0.02
mogadishu,20040607,2.04,45.34,5.641,26.6,6.96,8.1,82.77,0.01
mogadishu,20040608,2.04,45.34,6.1639,26.62,8.29,9.7,81.38,0.01
mogadishu,20040609,2.04,45.34,6.1322,26.57,8.46,9.95,81.59,0.01
mogadishu,20040610,2.04,45.34,6.5525,26.73,8.04,9.42,78.99,0.0
mogadishu,20040611,2.04,45.34,5.3474,26.71,7.88,9.27,80.01,0.0
mogadishu,20040612,2.04,45.34,4.855,26.56,9.25,10.95,77.12,0.0
mogadishu,20040613,2.04,45.34,4.7321,26.52,9.28,10.96,74.99,0.0
mogadishu,20040614,2.04,45.34,5.4082,26.33,8.76,10.3,75.67,0.0
mogadishu,20040615,2.04,45.34,5.6117,26.5,9.12,10.71,74.34,0.0
mogadishu,20040616,2.04,45.34,5.5874,26.58,8.45,9.85,73.71,0.0
mogadishu,20040617,2.04,45.34,5.9398,26.55,8.55,10.02,76.39,0.0
mogadishu,20040618,2.04,45.34,5.3335,26.35,9.11,10.74,76.41,0.0
mogadishu,20040619,2.04,45.34,4.849,26.32,9.1,10.77,74.09,0.0
mogadishu,20040620,2.04,45.34,5.5867,26.25,8.29,9.84,75.68,2.03
mogadishu,20040621,2.04,45.34,6.2038,26.43,7.14,8.46,80.78,4.13
mogadishu,20040622,2.04,45.34,4.2463,26.01,6.74,8.08,87.36,22.82
mogadishu,20040623,2.04,45.34,4.2386,25.94,7.57,9.13,85.11,16.73
mogadishu,20040624,2.04,45.34,5.1674,25.72,7.82,9.26,82.59,7.99
mogadishu,20040625,2.04,45.34,6.2801,25.54,6.31,7.36,79.02,0.01
mogadishu,20040626,2.04,45.34,6.0991,25.74,7.01,8.22,80.97,0.07
mogadishu,20040627,2.04,45.34,6.1958,25.89,6.83,7.93,82.97,0.19
mogadishu,20040628,2.04,45.34,3.6175,26.17,8.02,9.36,79.89,0.16
mogadishu,20040629,2.04,45.34,5.8284,25.98,7.03,8.16,78.97,0.06
mogadishu,20040630,2.04,45.34,5.0983,25.97,7.65,8.94,80.47,0.08
mogadishu,20040701,2.04,45.34,5.9508,25.88,7.11,8.27,79.9,0.08
mogadishu,20040702,2.04,45.34,5.0222,25.67,8.36,9.78,79.21,0.1
mogadishu,20040703,2.04,45.34,4.8982,25.37,8.5,10.04,80.72,0.1
mogadishu,20040704,2.04,45.34,5.5325,25.33,9.36,11.01,73.9,0.01
mogadishu,20040705,2.04,45.34,6.8242,25.51,9.96,11.72,72.07,0.0
mogadishu,20040706,2.04,45.34,6.4032,25.29,9.49,11.12,72.31,0.0
mogadishu,20040707,2.04,45.34,5.1065,25.47,9.6,11.33,78.84,0.0
mogadishu,20040708,2.04,45.34,3.9818,25.3,9.32,10.95,80.13,0.0
mogadishu,20040709,2.04,45.34,4.6524,25.06,8.83,10.31,79.67,0.0
mogadishu,20040710,2.04,45.34,5.8366,24.83,8.68,10.15,76.75,0.0
mogadishu,20040711,2.04,45.34,5.3978,25.16,9.22,10.93,80.51,0.0
mogadishu,20040712,2.04,45.34,5.0158,25.2,9.25,10.91,80.7,0.0
mogadishu,20040713,2.04,45.34,5.5157,25.45,8.4,9.85,80.01,0.0
mogadishu,20040714,2.04,45.34,5.2478,25.63,8.64,10.2,81.65,0.0
mogadishu,20040715,2.04,45.34,3.6079,25.47,9.63,11.37,81.84,0.0
mogadishu,20040716,2.04,45.34,4.6471,25.32,9.68,11.45,80.9,0.0
mogadishu,20040717,2.04,45.34,5.3035,25.2,8.52,9.98,80.24,0.0
mogadishu,20040718,2.04,45.34,6.5935,25.33,8.13,9.46,76.22,0.0
mogadishu,20040719,2.04,45.34,6.2906,25.3,9.22,10.74,76.09,0.0
mogadishu,20040720,2.04,45.34,6.7637,25.32,9.47,11.08,75.78,0.0
mogadishu,20040721,2.04,45.34,6.0857,25.4,8.71,10.23,77.47,0.0
mogadishu,20040722,2.04,45.34,6.1836,25.4,7.91,9.3,80.65,0.0
mogadishu,20040723,2.04,45.34,5.1977,25.33,6.75,7.83,81.83,0.0
mogadishu,20040724,2.04,45.34,5.1694,25.15,8.44,9.85,78.73,0.0
mogadishu,20040725,2.04,45.34,5.6196,24.97,8.17,9.53,77.37,0.16
mogadishu,20040726,2.04,45.34,6.2064,25.09,8.6,10.09,80.4,0.3
mogadishu,20040727,2.04,45.34,6.6446,24.95,9.06,10.58,75.36,0.04
mogadishu,20040728,2.04,45.34,6.3125,24.8,9.57,11.29,76.75,0.09
mogadishu,20040729,2.04,45.34,5.0018,24.47,9.5,11.3,79.62,0.29
mogadishu,20040730,2.04,45.34,4.5562,24.54,9.04,10.75,81.7,0.0
mogadishu,20040731,2.04,45.34,4.3567,24.74,8.49,10.04,81.88,0.0
mogadishu,20040801,2.04,45.34,6.0007,24.77,7.3,8.7,85.31,0.0
mogadishu,20040802,2.04,45.34,4.2288,24.9,8.3,9.85,84.77,0.0
mogadishu,20040803,2.04,45.34,5.5003,24.96,9.07,10.68,83.8,0.0
mogadishu,20040804,2.04,45.34,6.3408,24.99,8.5,9.95,78.99,0.0
mogadishu,20040805,2.04,45.34,6.4116,25.01,8.76,10.18,76.93,0.0
mogadishu,20040806,2.04,45.34,5.4401,25.06,9.42,11.02,74.18,0.0
mogadishu,20040807,2.04,45.34,5.8042,25.14,8.8,10.37,81.18,0.01
mogadishu,20040808,2.04,45.34,5.8118,25.25,8.26,9.66,79.05,0.0
mogadishu,20040809,2.04,45.34,6.217,25.35,7.23,8.4,79.35,0.04
mogadishu,20040810,2.04,45.34,4.8554,25.03,7.29,8.42,82.85,0.04
mogadishu,20040811,2.04,45.34,5.3544,25.21,7.42,8.59,80.61,0.02
mogadishu,20040812,2.04,45.34,5.6426,25.49,7.6,8.81,77.53,0.01
mogadishu,20040813,2.04,45.34,5.6988,25.37,7.98,9.19,76.92,0.02
mogadishu,20040814,2.04,45.34,6.2981,25.44,7.29,8.35,76.82,0.0
mogadishu,20040815,2.04,45.34,5.9405,25.34,7.99,9.22,77.95,0.0
mogadishu,20040816,2.04,45.34,6.419,25.46,8.35,9.69,75.31,0.0
mogadishu,20040817,2.04,45.34,5.9585,25.19,8.62,10.02,76.34,0.0
mogadishu,20040818,2.04,45.34,5.6702,24.93,8.73,10.22,78.07,0.0
mogadishu,20040819,2.04,45.34,4.7851,24.93,8.65,10.13,78.71,0.0
mogadishu,20040820,2.04,45.34,5.5409,25.08,8.15,9.59,82.0,0.0
mogadishu,20040821,2.04,45.34,5.5788,25.27,8.52,10.02,80.31,0.0
mogadishu,20040822,2.04,45.34,4.5286,25.15,8.17,9.55,78.55,0.0
mogadishu,20040823,2.04,45.34,5.7259,25.13,6.83,8.02,79.92,0.0
mogadishu,20040824,2.04,45.34,5.4029,25.25,7.39,8.61,79.64,0.0
mogadishu,20040825,2.04,45.34,6.9216,25.5,7.89,9.16,76.85,0.0
mogadishu,20040826,2.04,45.34,5.7538,25.43,7.8,9.08,74.55,0.0
mogadishu,20040827,2.04,45.34,6.337,25.37,6.85,7.87,76.53,0.0
mogadishu,20040828,2.04,45.34,6.5921,25.35,7.18,8.28,74.94,0.0
mogadishu,20040829,2.04,45.34,6.535,25.46,7.13,8.21,79.05,0.0
mogadishu,20040830,2.04,45.34,6.2004,25.63,8.0,9.31,76.08,0.0
mogadishu,20040831,2.04,45.34,6.4685,25.48,7.45,8.6,75.28,0.0
mogadishu,20040901,2.04,45.34,6.8393,25.33,7.51,8.67,76.93,0.0
mogadishu,20040902,2.04,45.34,6.6763,25.4,6.88,7.95,76.9,0.0
mogadishu,20040903,2.04,45.34,7.0116,25.96,5.86,6.85,71.73,0.06
mogadishu,20040904,2.04,45.34,6.9739,25.8,5.9,6.93,76.42,0.06
mogadishu,20040905,2.04,45.34,6.4927,25.49,5.97,6.9,80.45,0.12
mogadishu,20040906,2.04,45.34,5.7264,25.62,5.74,6.69,80.2,0.2
mogadishu,20040907,2.04,45.34,5.82,25.69,6.26,7.31,76.6,0.28
mogadishu,20040908,2.04,45.34,5.545,25.77,6.57,7.58,76.01,0.0
mogadishu,20040909,2.04,45.34,6.7346,25.69,7.17,8.26,76.03,0.0
mogadishu,20040910,2.04,45.34,6.084,25.69,7.68,8.99,83.32,0.02
mogadishu,20040911,2.04,45.34,4.9066,25.7,7.69,8.98,82.62,0.02
mogadishu,20040912,2.04,45.34,6.5182,25.82,7.06,8.09,80.2,0.0
mogadishu,20040913,2.04,45.34,5.9849,26.03,7.83,9.18,79.49,0.08
mogadishu,20040914,2.04,45.34,5.7091,26.03,7.18,8.35,83.91,0.28
mogadishu,20040915,2.04,45.34,4.8924,26.21,7.64,8.9,79.91,0.15
mogadishu,20040916,2.04,45.34,6.6684,26.35,7.59,8.78,75.48,0.03
mogadishu,20040917,2.04,45.34,6.8342,26.53,6.57,7.55,77.24,0.01
mogadishu,20040918,2.04,45.34,6.4334,26.62,6.75,7.79,79.8,0.02
mogadishu,20040919,2.04,45.34,6.1541,26.59,7.01,8.09,81.45,0.03
mogadishu,20040920,2.04,45.34,6.1505,26.82,6.88,7.96,81.11,0.03
mogadishu,20040921,2.04,45.34,6.6192,26.79,7.29,8.38,78.75,0.03
mogadishu,20040922,2.04,45.34,6.2501,26.38,7.42,8.55,80.04,0.04
mogadishu,20040923,2.04,45.34,6.4358,26.42,7.54,8.72,76.08,0.12
mogadishu,20040924,2.04,45.34,7.1095,26.5,6.93,8.02,75.56,0.01
mogadishu,20040925,2.04,45.34,6.9754,26.3,7.12,8.18,77.94,0.02
mogadishu,20040926,2.04,45.34,5.9102,26.35,6.3,7.27,81.93,0.18
mogadishu,20040927,2.04,45.34,5.9854,26.55,6.38,7.31,77.07,0.09
mogadishu,20040928,2.04,45.34,4.4297,26.21,7.82,9.09,77.67,0.0
mogadishu,20040929,2.04,45.34,6.541,26.01,8.19,9.46,77.19,0.0
mogadishu,20040930,2.04,45.34,6.4601,26.27,7.58,8.77,79.1,0.0
mogadishu,20041001,2.04,45.34,6.3629,26.38,6.79,7.82,78.81,0.0
mogadishu,20041002,2.04,45.34,6.4838,26.52,5.93,6.82,80.81,0.0
mogadishu,20041003,2.04,45.34,6.5482,26.66,6.62,7.67,79.08,0.04
mogadishu,20041004,2.04,45.34,6.5112,26.87,5.86,6.83,78.06,0.03
mogadishu,20041005,2.04,45.34,6.6665,27.01,5.31,6.09,75.92,0.0
mogadishu,20041006,2.04,45.34,6.6754,26.98,5.42,6.26,78.36,0.01
mogadishu,20041007,2.04,45.34,5.5783,26.71,5.08,6.1,82.19,0.04
mogadishu,20041008,2.04,45.34,4.6457,26.74,6.91,8.06,81.07,0.0
mogadishu,20041009,2.04,45.34,4.9392,27.05,5.19,5.89,76.12,0.0
mogadishu,20041010,2.04,45.34,5.4833,27.09,4.67,5.24,76.72,0.0
mogadishu,20041011,2.04,45.34,6.6326,26.93,4.4,4.95,78.6,0.0
mogadishu,20041012,2.04,45.34,7.1978,26.85,4.02,4.49,79.67,0.0
mogadishu,20041013,2.04,45.34,6.8923,26.95,4.26,4.79,81.39,5.25
mogadishu,20041014,2.04,45.34,6.9725,27.15,4.16,4.79,79.23,6.9
mogadishu,20041015,2.04,45.34,5.8061,27.02,4.19,4.81,80.4,12.3
mogadishu,20041016,2.04,45.34,5.335,26.07,4.31,4.97,87.73,22.99
mogadishu,20041017,2.04,45.34,5.7209,26.5,4.24,4.94,82.8,10.01
mogadishu,20041018,2.04,45.34,5.9532,26.49,4.41,5.03,84.47,0.2
mogadishu,20041019,2.04,45.34,4.7566,26.15,4.63,5.32,85.67,0.44
mogadishu,20041020,2.04,45.34,5.635,26.19,4.57,5.27,85.93,0.45
mogadishu,20041021,2.04,45.34,5.5598,26.67,4.66,5.34,82.82,0.18
mogadishu,20041022,2.04,45.34,5.4408,26.73,3.39,3.76,82.41,0.2
mogadishu,20041023,2.04,45.34,5.173,26.83,2.7,2.95,80.9,0.0
mogadishu,20041024,2.04,45.34,5.352,26.33,2.99,3.35,83.77,0.0
mogadishu,20041025,2.04,45.34,4.6858,26.15,3.02,3.26,85.23,0.0
mogadishu,20041026,2.04,45.34,4.7479,26.33,3.32,3.64,82.42,0.0
mogadishu,20041027,2.04,45.34,5.5572,26.59,2.09,2.33,81.5,0.0
mogadishu,20041028,2.04,45.34,6.4291,26.98,2.92,3.29,81.21,0.04
mogadishu,20041029,2.04,45.34,6.204,27.06,3.85,4.31,83.22,0.06
mogadishu,20041030,2.04,45.34,5.8642,26.82,4.94,5.71,85.68,0.07
mogadishu,20041031,2.04,45.34,5.4586,27.3,4.21,4.86,81.19,0.14
mogadishu,20041101,2.04,45.34,4.8389,26.91,4.08,4.68,84.03,0.18
mogadishu,20041102,2.04,45.34,3.5854,26.71,3.84,4.43,85.88,2.29
mogadishu,20041103,2.04,45.34,6.3773,27.16,2.44,2.87,82.75,2.55
mogadishu,20041104,2.04,45.34,5.8992,26.91,1.98,2.3,82.64,1.63
mogadishu,20041105,2.04,45.34,6.0809,26.7,2.73,3.08,81.48,0.72
mogadishu,20041106,2.04,45.34,5.8226,27.1,3.58,4.01,80.33,0.63
mogadishu,20041107,2.04,45.34,6.0118,27.24,3.68,4.07,80.2,0.2
mogadishu,20041108,2.04,45.34,6.5234,27.33,4.3,4.76,81.34,0.16
mogadishu,20041109,2.04,45.34,6.3391,27.62,5.0,5.66,79.42,0.09
mogadishu,20041110,2.04,45.34,6.2098,27.75,4.62,5.29,76.23,0.07
mogadishu,20041111,2.04,45.34,5.7396,27.61,4.3,4.93,78.09,0.12
mogadishu,20041112,2.04,45.34,5.7334,27.66,4.53,5.23,74.71,1.09
mogadishu,20041113,2.04,45.34,6.0569,27.48,4.42,5.11,77.03,3.07
mogadishu,20041114,2.04,45.34,6.2026,27.15,4.41,4.99,79.27,0.2
mogadishu,20041115,2.04,45.34,5.9774,27.36,4.19,4.75,78.2,0.53
mogadishu,20041116,2.04,45.34,3.7618,27.36,4.43,5.04,78.56,2.6
mogadishu,20041117,2.04,45.34,5.1257,27.51,2.73,3.04,76.12,1.24
mogadishu,20041118,2.04,45.34,5.0906,27.34,3.36,3.77,77.64,0.28
mogadishu,20041119,2.04,45.34,4.0265,27.32,4.22,4.84,79.1,1.44
mogadishu,20041120,2.04,45.34,3.5323,27.26,4.31,4.93,81.82,2.64
mogadishu,20041121,2.04,45.34,6.155,27.48,3.96,4.5,81.62,1.45
mogadishu,20041122,2.04,45.34,5.5082,27.2,3.11,3.57,82.76,4.87
mogadishu,20041123,2.04,45.34,5.3909,27.13,3.86,4.49,83.74,4.35
mogadishu,20041124,2.04,45.34,5.3021,27.06,5.2,6.13,85.28,4.96
mogadishu,20041125,2.04,45.34,6.4315,27.54,6.56,7.63,78.91,0.77
mogadishu,20041126,2.04,45.34,6.2518,27.8,7.0,8.17,77.66,3.68
mogadishu,20041127,2.04,45.34,6.4274,27.72,7.3,8.55,75.79,0.16
mogadishu,20041128,2.04,45.34,5.0359,27.27,7.96,9.27,81.85,0.36
mogadishu,20041129,2.04,45.34,4.7146,27.23,7.33,8.57,80.73,0.29
mogadishu,20041130,2.04,45.34,4.5605,27.26,7.5,8.81,74.56,0.11
mogadishu,20041201,2.04,45.34,6.505,27.75,6.84,8.03,74.72,0.06
mogadishu,20041202,2.04,45.34,5.9537,27.68,5.93,6.85,75.16,0.02
mogadishu,20041203,2.04,45.34,6.4066,27.77,6.05,7.03,75.46,0.02
mogadishu,20041204,2.04,45.34,6.3446,28.18,5.32,6.37,76.74,0.19
mogadishu,20041205,2.04,45.34,5.1127,27.01,6.24,7.26,84.85,1.58
mogadishu,20041206,2.04,45.34,6.2988,27.07,6.86,8.02,83.5,0.62
mogadishu,20041207,2.04,45.34,3.2352,26.9,7.19,8.49,83.82,2.28
mogadishu,20041208,2.04,45.34,6.0619,26.86,5.85,6.89,82.69,1.11
mogadishu,20041209,2.04,45.34,5.0009,27.0,5.58,6.5,82.92,1.11
mogadishu,20041210,2.04,45.34,5.7026,26.96,5.34,6.2,83.08,0.32
mogadishu,20041211,2.04,45.34,6.283,26.99,7.05,8.31,80.79,0.01
mogadishu,20041212,2.04,45.34,6.3031,27.05,7.4,8.77,81.97,0.0
mogadishu,20041213,2.04,45.34,6.1104,27.27,7.44,8.75,80.63,0.0
mogadishu,20041214,2.04,45.34,5.9676,27.53,7.62,8.81,77.4,0.0
mogadishu,20041215,2.04,45.34,6.6754,27.67,7.76,9.01,74.69,0.0
mogadishu,20041216,2.04,45.34,6.4622,27.2,6.32,7.3,76.67,0.0
mogadishu,20041217,2.04,45.34,6.4337,27.52,5.71,6.59,78.79,0.03
mogadishu,20041218,2.04,45.34,6.2618,27.81,6.7,7.76,80.05,0.02
mogadishu,20041219,2.04,45.34,6.1747,27.89,7.81,9.13,78.41,0.2
mogadishu,20041220,2.04,45.34,6.5587,27.49,8.09,9.41,74.5,0.02
mogadishu,20041221,2.04,45.34,6.6732,27.4,7.11,8.21,74.52,0.03
mogadishu,20041222,2.04,45.34,6.5614,27.07,6.46,7.4,77.87,0.0
mogadishu,20041223,2.04,45.34,6.7507,26.96,6.53,7.54,76.57,0.0
mogadishu,20041224,2.04,45.34,6.4356,26.62,6.67,7.6,76.65,0.0
mogadishu,20041225,2.04,45.34,6.805,26.74,7.44,8.56,76.05,0.0
mogadishu,20041226,2.04,45.34,6.8184,26.68,7.35,8.48,73.89,0.0
mogadishu,20041227,2.04,45.34,6.93,26.78,7.33,8.53,72.22,0.0
mogadishu,20041228,2.04,45.34,6.7236,26.57,8.2,9.55,73.21,0.0
mogadishu,20041229,2.04,45.34,6.2251,26.69,9.63,11.37,75.5,0.06
mogadishu,20041230,2.04,45.34,6.2794,26.56,10.21,12.08,75.24,0.13
mogadishu,20041231,2.04,45.34,6.5294,25.87,9.56,11.2,72.04,0.02
mogadishu,20050101,2.04,45.34,6.5501,26.08,9.24,10.82,70.57,0.0
mogadishu,20050102,2.04,45.34,6.7704,26.24,8.72,10.15,71.05,0.0
mogadishu,20050103,2.04,45.34,6.889,25.95,8.17,9.41,71.75,0.0
mogadishu,20050104,2.04,45.34,6.7999,26.11,7.85,9.05,73.45,0.0
mogadishu,20050105,2.04,45.34,6.8047,26.14,7.29,8.41,75.02,0.0
mogadishu,20050106,2.04,45.34,6.949,26.13,6.85,7.89,76.17,0.0
mogadishu,20050107,2.04,45.34,6.8714,26.3,7.4,8.57,78.13,0.0
mogadishu,20050108,2.04,45.34,6.5078,26.3,9.14,10.7,78.49,0.0
mogadishu,20050109,2.04,45.34,6.444,26.07,8.95,10.48,77.95,0.0
mogadishu,20050110,2.04,45.34,6.4598,26.24,7.42,8.61,79.25,0.0
mogadishu,20050111,2.04,45.34,5.8685,26.32,7.56,8.73,81.1,0.0
mogadishu,20050112,2.04,45.34,5.9842,26.18,7.96,9.22,79.83,0.0
mogadishu,20050113,2.04,45.34,6.2561,26.2,8.22,9.58,77.95,0.0
mogadishu,20050114,2.04,45.34,6.6775,26.12,7.97,9.24,77.01,0.0
mogadishu,20050115,2.04,45.34,6.8758,26.04,7.72,8.91,77.03,0.0
mogadishu,20050116,2.04,45.34,6.8652,26.16,8.16,9.45,75.26,0.01
mogadishu,20050117,2.04,45.34,6.6038,26.17,8.2,9.6,76.57,0.02
mogadishu,20050118,2.04,45.34,6.8474,25.78,6.82,8.0,78.24,0.0
mogadishu,20050119,2.04,45.34,6.725,25.41,7.06,8.18,79.66,0.0
mogadishu,20050120,2.04,45.34,6.9559,25.63,8.19,9.56,77.42,0.03
mogadishu,20050121,2.04,45.34,6.5808,26.03,8.17,9.59,76.3,0.0
mogadishu,20050122,2.04,45.34,6.4483,25.96,6.43,7.47,78.36,0.0
mogadishu,20050123,2.04,45.34,6.6871,26.05,5.76,6.53,77.47,0.0
mogadishu,20050124,2.04,45.34,6.7961,26.34,6.24,7.25,81.05,0.0
mogadishu,20050125,2.04,45.34,6.3139,26.58,7.84,9.15,81.21,0.0
mogadishu,20050126,2.04,45.34,6.5222,26.79,7.24,8.41,80.19,0.0
mogadishu,20050127,2.04,45.34,6.1922,26.99,7.2,8.43,81.8,0.0
mogadishu,20050128,2.04,45.34,5.5226,26.79,7.0,8.13,80.22,0.0
mogadishu,20050129,2.04,45.34,5.6734,26.74,7.23,8.34,77.76,0.0
mogadishu,20050130,2.04,45.34,6.2897,26.61,9.88,11.57,74.69,0.0
mogadishu,20050131,2.04,45.34,7.0961,26.39,11.76,13.92,65.55,0.0
mogadishu,20050201,2.04,45.34,7.1462,26.45,10.98,12.97,64.91,0.0
mogadishu,20050202,2.04,45.34,7.1897,26.45,9.46,11.08,69.57,0.0
mogadishu,20050203,2.04,45.34,6.9168,26.38,8.18,9.5,75.96,0.0
mogadishu,20050204,2.04,45.34,7.0246,26.58,8.08,9.37,79.02,0.0
mogadishu,20050205,2.04,45.34,6.971,26.55,8.28,9.58,81.45,0.0
mogadishu,20050206,2.04,45.34,6.3463,26.57,7.92,9.16,80.1,0.0
mogadishu,20050207,2.04,45.34,6.8506,26.22,7.28,8.37,78.46,0.0
mogadishu,20050208,2.04,45.34,7.2024,25.92,6.95,7.98,78.95,0.0
mogadishu,20050209,2.04,45.34,7.225,25.99,6.61,7.65,79.29,0.0
mogadishu,20050210,2.04,45.34,7.397,26.16,6.95,8.07,78.87,0.0
mogadishu,20050211,2.04,45.34,7.4124,26.35,7.74,8.96,78.14,0.0
mogadishu,20050212,2.04,45.34,6.888,26.82,7.39,8.59,81.87,0.01
mogadishu,20050213,2.04,45.34,6.7116,26.92,6.75,7.77,84.38,0.34
mogadishu,20050214,2.04,45.34,5.0093,26.84,7.17,8.3,84.33,0.5
mogadishu,20050215,2.04,45.34,6.3118,26.78,7.94,9.23,81.12,0.0
mogadishu,20050216,2.04,45.34,6.768,26.63,7.85,9.11,77.78,0.0
mogadishu,20050217,2.04,45.34,6.8702,26.52,7.7,8.92,78.24,0.0
mogadishu,20050218,2.04,45.34,7.151,26.48,8.77,10.3,76.73,0.0
mogadishu,20050219,2.04,45.34,7.3776,26.15,8.76,10.22,74.59,0.0
mogadishu,20050220,2.04,45.34,7.3692,26.52,8.73,10.17,73.95,0.0
mogadishu,20050221,2.04,45.34,7.212,26.92,9.03,10.65,73.28,0.0
mogadishu,20050222,2.04,45.34,7.4362,27.06,9.32,10.9,69.51,0.0
mogadishu,20050223,2.04,45.34,7.4357,26.97,8.83,10.27,68.38,0.0
mogadishu,20050224,2.04,45.34,7.578,26.71,8.22,9.5,72.45,0.0
mogadishu,20050225,2.04,45.34,7.3872,26.71,8.38,9.67,75.4,0.0
mogadishu,20050226,2.04,45.34,7.1794,26.85,7.54,8.68,74.32,0.0
mogadishu,20050227,2.04,45.34,6.9979,26.85,6.68,7.67,74.64,0.0
mogadishu,20050228,2.04,45.34,7.0968,26.06,5.62,6.4,77.87,0.0
mogadishu,20050301,2.04,45.34,7.2826,25.88,6.33,7.22,81.12,0.0
mogadishu,20050302,2.04,45.34,7.4364,26.66,7.08,8.22,76.88,0.0
mogadishu,20050303,2.04,45.34,7.2895,27.15,7.62,8.81,75.91,0.0
mogadishu,20050304,2.04,45.34,7.3481,27.54,7.36,8.56,74.31,0.0
mogadishu,20050305,2.04,45.34,7.3639,27.13,6.56,7.5,75.45,0.0
mogadishu,20050306,2.04,45.34,7.3843,27.1,6.09,6.96,75.44,0.0
mogadishu,20050307,2.04,45.34,7.1602,27.15,6.43,7.36,77.05,2.51
mogadishu,20050308,2.04,45.34,6.6979,27.13,6.54,7.59,78.04,2.7
mogadishu,20050309,2.04,45.34,6.6204,26.83,6.46,7.6,82.18,15.55
mogadishu,20050310,2.04,45.34,6.6283,26.89,6.02,6.99,77.42,3.93
mogadishu,20050311,2.04,45.34,7.3118,27.15,6.15,7.07,78.29,0.42
mogadishu,20050312,2.04,45.34,7.0589,27.19,5.92,6.71,79.89,0.0
mogadishu,20050313,2.04,45.34,6.8861,27.62,6.14,6.98,78.45,0.0
mogadishu,20050314,2.04,45.34,6.8748,27.73,6.15,7.07,77.56,0.0
mogadishu,20050315,2.04,45.34,7.2235,27.43,5.51,6.3,77.99,0.0
mogadishu,20050316,2.04,45.34,7.4477,27.34,5.23,5.87,78.44,0.0
mogadishu,20050317,2.04,45.34,7.3157,27.47,5.14,5.81,77.88,0.0
mogadishu,20050318,2.04,45.34,7.2794,27.57,5.21,5.87,78.64,0.0
mogadishu,20050319,2.04,45.34,6.9269,27.77,5.12,5.79,77.82,0.07
mogadishu,20050320,2.04,45.34,6.8882,27.89,6.14,7.03,78.84,0.09
mogadishu,20050321,2.04,45.34,6.8009,27.79,7.92,9.11,75.87,0.0
mogadishu,20050322,2.04,45.34,7.4676,27.64,7.55,8.67,73.11,0.0
mogadishu,20050323,2.04,45.34,7.3296,28.06,7.23,8.35,75.1,0.01
mogadishu,20050324,2.04,45.34,7.0831,28.23,6.71,7.72,76.25,0.01
mogadishu,20050325,2.04,45.34,6.5443,28.06,6.85,7.85,78.26,0.0
mogadishu,20050326,2.04,45.34,7.4712,28.05,7.44,8.55,77.54,0.0
mogadishu,20050327,2.04,45.34,7.3831,28.5,7.72,8.88,75.64,0.0
mogadishu,20050328,2.04,45.34,7.3889,28.41,7.44,8.54,76.58,0.0
mogadishu,20050329,2.04,45.34,7.3942,28.39,7.8,8.94,78.75,0.0
mogadishu,20050330,2.04,45.34,7.4539,28.23,7.38,8.45,75.72,0.0
mogadishu,20050331,2.04,45.34,7.6214,27.63,5.84,6.67,75.83,0.0
mogadishu,20050401,2.04,45.34,7.6135,27.52,4.69,5.25,76.65,0.0
mogadishu,20050402,2.04,45.34,7.0512,27.74,4.18,4.62,72.71,0.0
mogadishu,20050403,2.04,45.34,7.163,27.94,4.06,4.46,75.51,0.0
mogadishu,20050404,2.04,45.34,6.2158,28.28,4.14,4.55,75.09,0.0
mogadishu,20050405,2.04,45.34,6.2234,28.49,3.64,3.98,76.1,0.0
mogadishu,20050406,2.04,45.34,6.0031,28.34,3.49,3.69,77.91,1.6
mogadishu,20050407,2.04,45.34,6.6019,28.73,3.83,4.14,69.98,0.62
mogadishu,20050408,2.04,45.34,7.1179,28.95,4.0,4.41,74.87,0.46
mogadishu,20050409,2.04,45.34,7.0284,28.93,4.06,4.43,75.49,0.09
mogadishu,20050410,2.04,45.34,6.8647,28.39,4.35,4.78,76.93,0.08
mogadishu,20050411,2.04,45.34,6.6182,28.55,4.4,4.81,75.15,0.04
mogadishu,20050412,2.04,45.34,6.1318,28.5,4.58,5.06,77.19,0.1
mogadishu,20050413,2.04,45.34,6.0581,28.82,4.87,5.48,76.48,0.09
mogadishu,20050414,2.04,45.34,6.2702,29.0,4.93,5.56,73.24,0.02
mogadishu,20050415,2.04,45.34,6.4682,28.97,5.36,6.02,73.43,0.05
mogadishu,20050416,2.04,45.34,6.5006,28.95,5.12,5.81,72.02,1.76
mogadishu,20050417,2.04,45.34,6.8921,28.97,5.21,5.97,71.4,0.95
mogadishu,20050418,2.04,45.34,7.2026,28.73,4.87,5.56,73.56,0.29
mogadishu,20050419,2.04,45.34,7.1177,28.58,4.99,5.66,76.12,0.27
mogadishu,20050420,2.04,45.34,5.917,28.35,5.08,5.72,76.82,1.31
mogadishu,20050421,2.04,45.34,6.1452,28.7,5.05,5.71,74.48,0.67
mogadishu,20050422,2.04,45.34,6.3034,28.62,4.51,5.07,72.52,0.59
mogadishu,20050423,2.04,45.34,6.6583,28.46,4.54,5.09,76.54,0.16
mogadishu,20050424,2.04,45.34,6.689,28.71,4.37,4.93,76.52,0.64
mogadishu,20050425,2.04,45.34,6.8136,28.98,4.18,4.67,75.91,0.04
mogadishu,20050426,2.04,45.34,7.121,29.2,4.24,4.72,75.35,0.0
mogadishu,20050427,2.04,45.34,6.2762,29.22,4.32,4.82,76.07,0.21
mogadishu,20050428,2.04,45.34,6.7709,28.98,4.93,5.56,77.06,0.86
mogadishu,20050429,2.04,45.34,6.0511,28.73,5.11,5.95,79.94,1.0
mogadishu,20050430,2.04,45.34,5.4264,27.95,5.74,6.63,80.9,4.74
mogadishu,20050501,2.04,45.34,5.989,28.16,5.28,6.06,82.55,0.61
mogadishu,20050502,2.04,45.34,5.4043,28.55,6.56,7.66,82.72,0.71
mogadishu,20050503,2.04,45.34,6.1766,28.37,7.08,8.31,83.45,0.77
mogadishu,20050504,2.04,45.34,6.4344,28.41,6.81,7.92,79.65,0.54
mogadishu,20050505,2.04,45.34,6.7267,28.48,7.16,8.37,81.3,0.46
mogadishu,20050506,2.04,45.34,6.385,28.46,8.03,9.45,82.63,0.44
mogadishu,20050507,2.04,45.34,6.438,28.32,6.06,7.13,84.29,0.84
mogadishu,20050508,2.04,45.34,6.5455,28.14,5.78,6.76,82.59,0.68
mogadishu,20050509,2.04,45.34,5.9808,28.18,6.0,7.01,81.2,0.2
mogadishu,20050510,2.04,45.34,6.2789,28.33,6.66,7.72,78.73,0.17
mogadishu,20050511,2.04,45.34,6.5196,28.31,6.24,7.19,80.1,0.26
mogadishu,20050512,2.04,45.34,5.093,28.34,6.91,8.13,79.27,1.46
mogadishu,20050513,2.04,45.34,5.7574,28.33,7.22,8.52,80.85,1.01
mogadishu,20050514,2.04,45.34,6.4745,28.44,6.91,8.18,81.51,1.07
mogadishu,20050515,2.04,45.34,6.0646,28.02,6.42,7.64,85.82,1.64
mogadishu,20050516,2.04,45.34,5.3071,27.65,6.39,7.69,86.47,11.13
mogadishu,20050517,2.04,45.34,4.6044,27.34,5.82,6.99,85.28,9.12
mogadishu,20050518,2.04,45.34,6.6074,27.87,5.14,5.97,78.44,0.48
mogadishu,20050519,2.04,45.34,6.8045,28.24,4.42,5.0,76.09,0.0
mogadishu,20050520,2.04,45.34,6.5263,28.16,4.32,4.92,80.21,1.17
mogadishu,20050521,2.04,45.34,6.1699,27.91,4.74,5.44,82.46,3.28
mogadishu,20050522,2.04,45.34,5.7214,27.4,3.91,4.6,84.11,7.51
mogadishu,20050523,2.04,45.34,6.3528,27.22,3.87,4.5,84.78,5.74
mogadishu,20050524,2.04,45.34,4.8739,26.97,3.4,3.9,85.88,9.59
mogadishu,20050525,2.04,45.34,4.0481,27.0,4.39,4.98,83.37,5.33
mogadishu,20050526,2.04,45.34,5.4298,27.1,4.44,5.08,85.26,0.42
mogadishu,20050527,2.04,45.34,5.7936,27.66,4.62,5.36,83.57,0.53
mogadishu,20050528,2.04,45.34,5.6551,26.75,5.33,6.11,85.24,0.41
mogadishu,20050529,2.04,45.34,6.4622,27.75,5.42,6.27,79.17,0.16
mogadishu,20050530,2.04,45.34,6.1315,27.77,6.53,7.65,84.12,0.27
mogadishu,20050531,2.04,45.34,5.7492,27.88,7.0,8.27,82.04,0.66
mogadishu,20050601,2.04,45.34,6.3341,27.85,6.55,7.73,82.12,0.58
mogadishu,20050602,2.04,45.34,6.0002,27.78,7.85,9.21,75.96,0.08
mogadishu,20050603,2.04,45.34,6.2186,27.63,7.95,9.28,76.3,0.15
mogadishu,20050604,2.04,45.34,6.2969,27.35,7.81,9.09,73.18,0.09
mogadishu,20050605,2.04,45.34,5.6076,27.02,8.0,9.37,77.1,0.18
mogadishu,20050606,2.04,45.34,6.306,26.83,7.49,8.79,73.69,0.09
mogadishu,20050607,2.04,45.34,5.9033,26.82,7.13,8.39,78.03,0.07
mogadishu,20050608,2.04,45.34,6.4188,27.02,7.51,8.75,77.05,0.04
mogadishu,20050609,2.04,45.34,6.3953,27.07,6.9,7.96,80.8,0.17
mogadishu,20050610,2.04,45.34,5.8459,27.16,8.22,9.64,83.28,0.47
mogadishu,20050611,2.04,45.34,5.6129,27.45,9.38,11.04,79.39,0.18
mogadishu,20050612,2.04,45.34,5.4979,27.18,8.89,10.48,78.68,0.12
mogadishu,20050613,2.04,45.34,5.994,26.86,8.7,10.3,76.99,0.06
mogadishu,20050614,2.04,45.34,6.2789,26.97,7.47,8.71,77.26,0.07
mogadishu,20050615,2.04,45.34,5.677,26.91,7.41,8.61,75.73,0.76
mogadishu,20050616,2.04,45.34,6.1039,27.01,7.88,9.22,74.15,1.06
mogadishu,20050617,2.04,45.34,5.6969,26.93,7.69,8.94,77.22,1.82
mogadishu,20050618,2.04,45.34,6.0552,26.96,8.74,10.19,74.78,2.79
mogadishu,20050619,2.04,45.34,5.3753,26.97,8.5,9.91,76.31,2.33
mogadishu,20050620,2.04,45.34,5.6923,26.33,8.17,9.59,77.44,1.3
mogadishu,20050621,2.04,45.34,5.3815,26.17,7.75,9.11,79.5,1.02
mogadishu,20050622,2.04,45.34,4.3963,26.32,7.78,9.12,81.72,5.22
mogadishu,20050623,2.04,45.34,4.8806,26.29,7.26,8.5,78.85,1.73
mogadishu,20050624,2.04,45.34,5.9482,26.12,6.6,7.64,82.12,0.74
mogadishu,20050625,2.04,45.34,4.0474,26.32,7.85,9.15,79.6,1.0
mogadishu,20050626,2.04,45.34,5.689,26.53,7.37,8.56,76.58,0.45
mogadishu,20050627,2.04,45.34,5.5126,26.49,7.14,8.26,80.83,0.52
mogadishu,20050628,2.04,45.34,4.0608,26.45,8.09,9.37,78.95,0.85
mogadishu,20050629,2.04,45.34,5.7682,26.6,8.91,10.41,76.56,0.59
mogadishu,20050630,2.04,45.34,6.0348,26.35,8.75,10.23,74.2,0.0
mogadishu,20050701,2.04,45.34,4.7381,26.23,8.55,10.05,78.05,0.0
mogadishu,20050702,2.04,45.34,4.6202,25.84,8.27,9.75,81.77,0.0
mogadishu,20050703,2.04,45.34,4.7071,25.81,8.5,9.95,77.55,0.0
mogadishu,20050704,2.04,45.34,4.9399,25.67,8.86,10.34,76.4,0.0
mogadishu,20050705,2.04,45.34,5.407,25.63,9.08,10.72,75.82,4.67
mogadishu,20050706,2.04,45.34,5.2836,25.79,8.69,10.3,82.46,17.96
mogadishu,20050707,2.04,45.34,5.2798,25.9,6.71,7.81,84.12,4.15
mogadishu,20050708,2.04,45.34,5.3798,26.08,7.62,8.9,82.58,5.08
mogadishu,20050709,2.04,45.34,5.537,26.11,7.97,9.37,79.47,7.66
mogadishu,20050710,2.04,45.34,5.3779,26.17,8.56,10.06,79.5,0.0
mogadishu,20050711,2.04,45.34,4.5442,26.17,8.94,10.56,80.88,0.0
mogadishu,20050712,2.04,45.34,4.7902,25.67,8.23,9.6,80.33,0.0
mogadishu,20050713,2.04,45.34,6.0739,25.5,7.94,9.35,77.12,0.0
mogadishu,20050714,2.04,45.34,5.9141,25.54,8.52,10.08,79.61,0.0
mogadishu,20050715,2.04,45.34,5.3359,25.24,8.24,9.72,80.65,0.06
mogadishu,20050716,2.04,45.34,5.1727,25.25,8.71,10.27,79.85,0.06
mogadishu,20050717,2.04,45.34,5.1449,25.22,9.53,11.23,77.86,0.03
mogadishu,20050718,2.04,45.34,5.2906,25.07,8.73,10.35,78.24,0.02
mogadishu,20050719,2.04,45.34,4.7513,25.03,7.59,9.06,83.99,0.05
mogadishu,20050720,2.04,45.34,5.833,25.35,7.84,9.29,80.91,0.24
mogadishu,20050721,2.04,45.34,4.7522,25.36,7.1,8.38,84.0,0.59
mogadishu,20050722,2.04,45.34,4.9802,25.33,7.64,9.01,83.2,0.61
mogadishu,20050723,2.04,45.34,5.5303,25.58,8.51,10.04,80.64,0.33
mogadishu,20050724,2.04,45.34,5.5747,25.49,8.42,9.92,80.2,0.72
mogadishu,20050725,2.04,45.34,6.1054,25.31,8.06,9.42,79.45,2.43
mogadishu,20050726,2.04,45.34,5.1542,25.38,7.96,9.31,80.06,2.51
mogadishu,20050727,2.04,45.34,5.3282,25.23,8.59,10.07,80.58,1.61
mogadishu,20050728,2.04,45.34,5.0366,25.13,8.68,10.24,81.8,3.72
mogadishu,20050729,2.04,45.34,6.084,25.06,8.52,10.01,82.15,2.69
mogadishu,20050730,2.04,45.34,5.9268,25.11,8.9,10.48,83.57,0.24
mogadishu,20050731,2.04,45.34,5.2992,24.92,8.82,10.47,83.08,0.27
mogadishu,20050801,2.04,45.34,5.1156,24.73,8.55,10.04,81.62,0.09
mogadishu,20050802,2.04,45.34,5.1521,24.9,8.55,10.05,79.04,0.06
mogadishu,20050803,2.04,45.34,5.4319,24.97,8.43,9.91,80.02,0.05
mogadishu,20050804,2.04,45.34,3.9286,24.9,7.92,9.27,80.44,0.76
mogadishu,20050805,2.04,45.34,4.0757,25.02,7.65,9.0,81.93,0.5
mogadishu,20050806,2.04,45.34,4.7316,24.92,7.91,9.35,82.72,1.4
mogadishu,20050807,2.04,45.34,6.3002,24.91,8.0,9.36,80.46,0.81
mogadishu,20050808,2.04,45.34,5.0443,25.07,8.6,10.05,84.29,0.87
mogadishu,20050809,2.04,45.34,5.5836,24.98,7.88,9.19,81.75,0.07
mogadishu,20050810,2.04,45.34,4.8946,24.87,7.08,8.24,84.44,0.08
mogadishu,20050811,2.04,45.34,5.0542,24.85,7.52,8.72,84.11,0.19
mogadishu,20050812,2.04,45.34,5.8025,24.78,6.88,7.9,79.92,0.08
mogadishu,20050813,2.04,45.34,5.8186,24.71,6.59,7.59,82.14,0.07
mogadishu,20050814,2.04,45.34,6.5114,25.03,6.75,7.78,81.84,0.13
mogadishu,20050815,2.04,45.34,6.2554,25.2,7.28,8.38,80.68,0.16
mogadishu,20050816,2.04,45.34,6.1375,24.98,7.23,8.3,81.98,0.08
mogadishu,20050817,2.04,45.34,6.2268,25.28,7.34,8.49,77.82,0.08
mogadishu,20050818,2.04,45.34,5.6909,24.78,6.81,7.79,82.93,0.14
mogadishu,20050819,2.04,45.34,5.6153,24.96,6.99,8.07,77.11,0.0
mogadishu,20050820,2.04,45.34,6.6029,24.74,7.07,8.24,79.49,0.0
mogadishu,20050821,2.04,45.34,6.3835,24.66,7.5,8.79,79.51,0.0
mogadishu,20050822,2.04,45.34,6.2765,24.9,8.44,9.81,75.77,0.0
mogadishu,20050823,2.04,45.34,5.1718,24.54,8.17,9.52,80.72,0.0
mogadishu,20050824,2.04,45.34,5.5049,24.59,7.32,8.49,78.34,0.0
mogadishu,20050825,2.04,45.34,4.4294,24.42,7.14,8.19,80.61,0.0
mogadishu,20050826,2.04,45.34,5.5949,24.79,7.17,8.29,80.65,0.0
mogadishu,20050827,2.04,45.34,6.1034,24.9,7.69,8.9,81.07,0.0
mogadishu,20050828,2.04,45.34,5.6491,24.95,7.99,9.26,76.14,0.0
mogadishu,20050829,2.04,45.34,6.3703,25.11,7.77,9.01,73.9,0.0
mogadishu,20050830,2.04,45.34,6.5731,24.95,8.35,9.64,76.14,0.0
mogadishu,20050831,2.04,45.34,6.5412,24.83,7.71,8.83,78.14,0.0
mogadishu,20050901,2.04,45.34,6.355,25.05,7.42,8.53,79.1,0.0
mogadishu,20050902,2.04,45.34,6.3425,25.14,7.47,8.56,79.33,0.0
mogadishu,20050903,2.04,45.34,6.9456,25.46,8.31,9.63,76.86,0.0
mogadishu,20050904,2.04,45.34,6.1961,25.44,8.44,9.82,76.97,0.02
mogadishu,20050905,2.04,45.34,6.7687,25.77,8.3,9.7,78.42,0.01
mogadishu,20050906,2.04,45.34,5.5109,25.96,7.23,8.42,80.21,0.02
mogadishu,20050907,2.04,45.34,6.114,25.73,7.86,9.17,79.9,0.01
mogadishu,20050908,2.04,45.34,5.8116,25.64,8.11,9.47,77.81,0.0
mogadishu,20050909,2.04,45.34,6.1538,25.59,9.0,10.52,76.71,0.0
mogadishu,20050910,2.04,45.34,6.3478,25.37,8.76,10.24,77.55,0.0
mogadishu,20050911,2.04,45.34,4.8048,25.25,8.67,10.15,79.03,0.0
mogadishu,20050912,2.04,45.34,5.4677,25.17,8.12,9.44,80.14,0.0
mogadishu,20050913,2.04,45.34,6.5573,25.19,8.44,9.84,78.81,0.25
mogadishu,20050914,2.04,45.34,6.5292,25.21,8.03,9.4,80.87,0.37
mogadishu,20050915,2.04,45.34,6.4771,25.32,8.4,9.67,78.22,0.16
mogadishu,20050916,2.04,45.34,6.4399,25.49,8.06,9.25,78.4,0.38
mogadishu,20050917,2.04,45.34,6.7078,25.46,6.77,7.77,77.75,0.38
mogadishu,20050918,2.04,45.34,6.8592,25.35,6.35,7.24,79.85,0.0
mogadishu,20050919,2.04,45.34,6.731,25.47,6.58,7.48,81.16,0.0
mogadishu,20050920,2.04,45.34,5.621,25.58,6.09,6.97,82.33,0.0
mogadishu,20050921,2.04,45.34,5.8846,26.01,5.55,6.4,82.23,0.0
mogadishu,20050922,2.04,45.34,5.7835,26.02,6.34,7.3,80.15,0.0
mogadishu,20050923,2.04,45.34,6.7272,26.24,6.49,7.46,78.77,0.0
mogadishu,20050924,2.04,45.34,6.0826,26.25,6.81,7.9,80.33,0.0
mogadishu,20050925,2.04,45.34,5.9957,26.2,6.29,7.29,79.42,0.0
mogadishu,20050926,2.04,45.34,6.4716,26.37,6.25,7.28,80.48,0.0
mogadishu,20050927,2.04,45.34,6.3749,26.42,5.95,6.95,82.94,0.0
mogadishu,20050928,2.04,45.34,6.4735,26.3,5.53,6.46,84.67,0.0
mogadishu,20050929,2.04,45.34,5.6042,26.14,5.86,7.02,83.14,0.0
mogadishu,20050930,2.04,45.34,4.8509,26.03,5.71,6.74,82.57,0.0
mogadishu,20051001,2.04,45.34,6.4762,26.1,5.4,6.25,81.16,0.0
mogadishu,20051002,2.04,45.34,5.9842,26.3,5.64,6.46,80.75,0.0
mogadishu,20051003,2.04,45.34,6.3182,26.58,6.42,7.38,77.53,0.01
mogadishu,20051004,2.04,45.34,4.7383,26.4,6.8,7.9,78.65,0.02
mogadishu,20051005,2.04,45.34,5.5795,26.24,5.58,6.39,77.32,0.0
mogadishu,20051006,2.04,45.34,5.8082,26.42,5.58,6.4,78.23,0.0
mogadishu,20051007,2.04,45.34,5.6059,26.27,6.46,7.34,79.55,0.01
mogadishu,20051008,2.04,45.34,5.8884,26.26,6.7,7.66,80.26,0.0
mogadishu,20051009,2.04,45.34,5.6983,26.47,5.88,6.75,82.14,0.0
mogadishu,20051010,2.04,45.34,6.282,26.56,6.42,7.37,79.02,0.0
mogadishu,20051011,2.04,45.34,5.4883,26.43,6.45,7.35,77.49,0.0
mogadishu,20051012,2.04,45.34,5.466,26.33,5.2,5.98,81.31,0.0
mogadishu,20051013,2.04,45.34,5.0172,26.3,4.77,5.52,83.82,0.0
mogadishu,20051014,2.04,45.34,3.5515,26.41,6.05,7.01,83.65,0.0
mogadishu,20051015,2.04,45.34,3.8683,26.43,6.52,7.45,82.48,0.0
mogadishu,20051016,2.04,45.34,5.4482,26.68,6.56,7.54,77.62,0.0
mogadishu,20051017,2.04,45.34,5.9899,26.48,5.92,6.79,75.01,0.0
mogadishu,20051018,2.04,45.34,6.0982,26.34,6.16,7.09,75.96,0.0
mogadishu,20051019,2.04,45.34,5.9734,26.14,5.39,6.15,80.63,0.0
mogadishu,20051020,2.04,45.34,5.7876,26.23,5.5,6.3,80.65,0.0
mogadishu,20051021,2.04,45.34,5.7077,26.38,5.18,5.99,78.56,0.0
mogadishu,20051022,2.04,45.34,4.8706,26.44,5.22,5.97,77.41,0.0
mogadishu,20051023,2.04,45.34,5.4125,26.51,4.8,5.51,77.05,0.01
mogadishu,20051024,2.04,45.34,5.6858,26.41,4.63,5.24,80.57,0.03
mogadishu,20051025,2.04,45.34,6.1495,26.73,4.76,5.45,77.92,0.01
mogadishu,20051026,2.04,45.34,6.4392,26.82,4.52,5.22,74.88,0.01
mogadishu,20051027,2.04,45.34,5.9712,26.51,5.13,5.81,80.26,0.04
mogadishu,20051028,2.04,45.34,5.9122,26.47,5.14,5.82,81.1,0.0
mogadishu,20051029,2.04,45.34,6.0079,26.81,4.74,5.48,77.72,0.0
mogadishu,20051030,2.04,45.34,5.67,26.99,5.16,6.04,80.15,0.0
mogadishu,20051031,2.04,45.34,5.5896,27.17,5.29,6.11,79.89,0.0
mogadishu,20051101,2.04,45.34,5.7127,27.32,5.19,6.0,81.29,0.0
mogadishu,20051102,2.04,45.34,5.2954,27.1,4.69,5.34,83.0,1.43
mogadishu,20051103,2.04,45.34,5.1578,27.11,4.28,4.88,81.86,0.71
mogadishu,20051104,2.04,45.34,5.195,27.32,4.53,5.14,78.78,0.27
mogadishu,20051105,2.04,45.34,5.3474,26.78,4.87,5.46,81.73,0.31
mogadishu,20051106,2.04,45.34,6.0974,27.1,5.13,5.81,78.21,0.21
mogadishu,20051107,2.04,45.34,6.5539,26.68,4.74,5.32,77.18,0.01
mogadishu,20051108,2.04,45.34,6.5722,26.34,4.61,5.23,77.42,0.0
mogadishu,20051109,2.04,45.34,5.1804,26.22,4.57,5.14,79.17,0.02
mogadishu,20051110,2.04,45.34,5.7893,26.51,4.0,4.58,75.54,0.04
mogadishu,20051111,2.04,45.34,5.527,26.54,3.95,4.42,76.77,0.04
mogadishu,20051112,2.04,45.34,5.6354,26.42,4.55,5.09,78.95,0.19
mogadishu,20051113,2.04,45.34,6.001,26.92,5.26,5.99,78.06,0.11
mogadishu,20051114,2.04,45.34,6.1546,27.0,6.15,7.01,79.51,0.15
mogadishu,20051115,2.04,45.34,5.9594,26.84,5.65,6.39,80.42,0.37
mogadishu,20051116,2.04,45.34,5.0839,26.86,5.63,6.46,81.23,0.21
mogadishu,20051117,2.04,45.34,5.4874,27.12,5.27,5.98,78.31,0.08
mogadishu,20051118,2.04,45.34,5.2438,27.14,5.14,5.82,73.38,0.05
mogadishu,20051119,2.04,45.34,6.4284,27.0,4.53,5.08,76.47,0.0
mogadishu,20051120,2.04,45.34,6.127,26.84,4.16,4.62,77.38,0.0
mogadishu,20051121,2.04,45.34,6.0125,27.11,4.21,4.69,78.22,0.11
mogadishu,20051122,2.04,45.34,5.7878,27.08,4.59,5.15,79.9,4.83
mogadishu,20051123,2.04,45.34,5.5342,27.26,6.57,7.63,78.85,3.36
mogadishu,20051124,2.04,45.34,4.8859,27.22,6.81,8.0,81.67,12.49
mogadishu,20051125,2.04,45.34,5.0594,27.37,6.01,7.07,81.83,11.82
mogadishu,20051126,2.04,45.34,6.7277,27.18,6.42,7.53,76.59,3.17
mogadishu,20051127,2.04,45.34,6.8774,27.05,7.11,8.26,73.59,0.0
mogadishu,20051128,2.04,45.34,6.5926,27.16,7.74,8.97,73.8,0.0
mogadishu,20051129,2.04,45.34,6.4483,26.88,7.23,8.35,73.88,0.0
mogadishu,20051130,2.04,45.34,6.133,26.79,6.33,7.29,74.48,0.0
mogadishu,20051201,2.04,45.34,6.0497,26.45,6.49,7.45,78.69,0.0
mogadishu,20051202,2.04,45.34,6.0948,26.64,7.53,8.67,78.11,0.0
mogadishu,20051203,2.04,45.34,6.1584,26.89,8.06,9.32,75.24,0.0
mogadishu,20051204,2.04,45.34,6.397,26.85,7.66,8.82,73.45,0.0
mogadishu,20051205,2.04,45.34,6.2702,26.98,8.0,9.27,73.22,0.0
mogadishu,20051206,2.04,45.34,6.3024,26.85,8.2,9.51,75.37,0.0
mogadishu,20051207,2.04,45.34,5.363,27.01,6.89,7.92,79.7,0.0
mogadishu,20051208,2.04,45.34,5.814,26.9,5.9,6.8,81.85,0.0
mogadishu,20051209,2.04,45.34,5.0868,27.1,5.69,6.62,79.96,0.0
mogadishu,20051210,2.04,45.34,5.4854,27.32,6.69,7.77,80.2,0.0
mogadishu,20051211,2.04,45.34,6.7234,27.38,8.54,9.94,73.47,0.0
mogadishu,20051212,2.04,45.34,6.799,27.14,8.6,9.96,71.32,0.0
mogadishu,20051213,2.04,45.34,6.3533,27.25,8.03,9.28,74.12,0.0
mogadishu,20051214,2.04,45.34,6.7171,27.22,8.09,9.38,72.22,0.0
mogadishu,20051215,2.04,45.34,6.7586,26.97,7.4,8.57,73.34,0.0
mogadishu,20051216,2.04,45.34,6.4255,26.98,6.87,7.87,75.34,0.0
mogadishu,20051217,2.04,45.34,6.7109,27.28,7.23,8.38,76.43,0.0
mogadishu,20051218,2.04,45.34,6.4284,27.39,7.87,9.17,76.78,0.0
mogadishu,20051219,2.04,45.34,6.433,26.89,7.55,8.71,77.05,0.0
mogadishu,20051220,2.04,45.34,6.1738,26.76,8.53,9.93,75.04,0.0
mogadishu,20051221,2.04,45.34,6.7452,26.87,8.79,10.26,73.63,0.0
mogadishu,20051222,2.04,45.34,6.7202,26.76,7.97,9.23,69.45,0.0
mogadishu,20051223,2.04,45.34,6.8158,26.75,7.4,8.55,72.15,0.0
mogadishu,20051224,2.04,45.34,6.8575,26.88,7.65,8.86,72.14,0.0
mogadishu,20051225,2.04,45.34,6.8287,26.55,8.06,9.36,72.23,0.0
mogadishu,20051226,2.04,45.34,6.815,26.68,8.12,9.43,71.47,0.0
mogadishu,20051227,2.04,45.34,6.6242,26.6,9.27,10.8,71.45,0.0
mogadishu,20051228,2.04,45.34,6.7764,26.85,9.65,11.3,66.81,0.0
mogadishu,20051229,2.04,45.34,6.2669,26.82,9.63,11.31,73.06,0.0
mogadishu,20051230,2.04,45.34,6.3432,26.69,9.17,10.7,76.29,0.0
mogadishu,20051231,2.04,45.34,6.3413,26.91,8.88,10.36,78.05,0.0
mogadishu,20060101,2.04,45.34,5.0544,26.85,8.73,10.25,78.42,0.0
mogadishu,20060102,2.04,45.34,5.947,26.7,9.21,10.8,76.64,0.0
mogadishu,20060103,2.04,45.34,6.7138,26.29,8.95,10.33,73.76,0.0
mogadishu,20060104,2.04,45.34,6.737,26.38,9.15,10.61,73.82,0.0
mogadishu,20060105,2.04,45.34,6.5945,26.52,8.99,10.47,76.03,0.0
mogadishu,20060106,2.04,45.34,6.6235,26.5,9.38,10.97,76.36,0.0
mogadishu,20060107,2.04,45.34,6.6739,26.06,9.0,10.5,74.25,0.0
mogadishu,20060108,2.04,45.34,6.7867,25.75,8.4,9.7,76.36,0.0
mogadishu,20060109,2.04,45.34,6.6641,25.74,7.59,8.72,77.79,0.0
mogadishu,20060110,2.04,45.34,6.695,26.05,8.24,9.52,77.94,0.0
mogadishu,20060111,2.04,45.34,6.4502,26.26,8.24,9.58,80.98,0.0
mogadishu,20060112,2.04,45.34,5.8486,26.36,7.04,8.28,86.48,0.0
mogadishu,20060113,2.04,45.34,5.6602,26.24,6.81,8.0,85.04,0.0
mogadishu,20060114,2.04,45.34,6.7159,26.27,6.07,7.05,81.42,0.0
mogadishu,20060115,2.04,45.34,6.8153,26.26,5.64,6.42,82.16,0.0
mogadishu,20060116,2.04,45.34,6.6091,26.12,5.74,6.54,80.75,2.02
mogadishu,20060117,2.04,45.34,6.7248,26.13,7.37,8.47,78.1,0.14
mogadishu,20060118,2.04,45.34,6.8117,26.03,7.31,8.42,77.43,0.33
mogadishu,20060119,2.04,45.34,6.6329,26.44,7.68,8.92,78.16,1.59
mogadishu,20060120,2.04,45.34,5.9309,26.0,7.64,9.04,86.4,28.11
mogadishu,20060121,2.04,45.34,6.1454,26.2,9.2,10.94,79.58,0.03
mogadishu,20060122,2.04,45.34,6.7886,26.06,9.18,10.92,79.58,0.01
mogadishu,20060123,2.04,45.34,6.5714,26.12,9.47,11.19,80.6,0.01
mogadishu,20060124,2.04,45.34,6.2446,26.23,9.56,11.26,78.73,0.01
mogadishu,20060125,2.04,45.34,6.8717,26.33,8.73,10.24,74.74,0.0
mogadishu,20060126,2.04,45.34,7.0452,26.15,7.89,9.18,75.17,0.0
mogadishu,20060127,2.04,45.34,7.1659,26.15,7.67,8.9,76.06,0.0
mogadishu,20060128,2.04,45.34,7.0901,26.11,7.33,8.49,74.34,0.0
mogadishu,20060129,2.04,45.34,6.9324,26.44,7.84,9.13,75.64,0.0
mogadishu,20060130,2.04,45.34,6.875,25.99,8.92,10.38,79.6,0.0
mogadishu,20060131,2.04,45.34,6.9446,26.06,9.68,11.35,77.45,0.0
mogadishu,20060201,2.04,45.34,6.4915,26.1,10.06,11.92,77.11,0.0
mogadishu,20060202,2.04,45.34,6.8378,26.09,9.47,11.18,76.14,0.0
mogadishu,20060203,2.04,45.34,7.0932,26.21,8.39,9.8,77.37,0.0
mogadishu,20060204,2.04,45.34,6.2928,26.23,7.98,9.32,79.74,0.0
mogadishu,20060205,2.04,45.34,6.3312,25.9,7.33,8.6,79.89,0.0
mogadishu,20060206,2.04,45.34,7.0229,25.94,7.25,8.43,76.21,0.0
mogadishu,20060207,2.04,45.34,7.1688,25.81,7.02,8.04,78.94,0.0
mogadishu,20060208,2.04,45.34,6.6271,26.47,7.85,9.15,82.08,0.0
mogadishu,20060209,2.04,45.34,6.1464,26.17,8.01,9.48,83.41,0.0
mogadishu,20060210,2.04,45.34,6.3953,25.86,7.04,8.22,79.75,0.04
mogadishu,20060211,2.04,45.34,6.8078,25.93,6.55,7.53,78.14,0.0
mogadishu,20060212,2.04,45.34,7.0349,26.08,6.66,7.63,77.26,0.0
mogadishu,20060213,2.04,45.34,7.0421,26.16,7.67,8.76,78.6,0.02
mogadishu,20060214,2.04,45.34,7.079,26.27,7.53,8.66,77.46,0.01
mogadishu,20060215,2.04,45.34,7.0711,26.27,7.45,8.56,77.48,0.0
mogadishu,20060216,2.04,45.34,7.1273,26.15,6.5,7.43,80.28,0.0
mogadishu,20060217,2.04,45.34,7.0541,26.1,6.83,7.79,81.29,0.0
mogadishu,20060218,2.04,45.34,6.8914,26.01,7.12,8.14,81.42,0.0
mogadishu,20060219,2.04,45.34,7.0181,26.21,7.09,8.27,80.1,0.0
mogadishu,20060220,2.04,45.34,7.0183,26.25,7.22,8.48,79.5,0.0
mogadishu,20060221,2.04,45.34,7.0214,26.33,7.46,8.62,78.52,0.0
mogadishu,20060222,2.04,45.34,7.1482,26.08,6.6,7.54,79.9,0.0
mogadishu,20060223,2.04,45.34,7.3094,26.3,5.49,6.24,79.32,0.0
mogadishu,20060224,2.04,45.34,7.1273,26.74,5.66,6.43,79.86,0.0
mogadishu,20060225,2.04,45.34,6.8616,26.71,7.76,9.02,79.56,3.33
mogadishu,20060226,2.04,45.34,6.0533,26.8,9.74,11.53,77.17,0.44
mogadishu,20060227,2.04,45.34,6.7934,27.01,10.42,12.26,75.64,0.2
mogadishu,20060228,2.04,45.34,7.1263,26.64,9.52,11.09,71.41,0.0
mogadishu,20060301,2.04,45.34,7.375,26.67,9.25,10.76,72.13,0.01
mogadishu,20060302,2.04,45.34,6.9029,26.91,8.73,10.15,74.46,0.0
mogadishu,20060303,2.04,45.34,6.9564,26.71,10.0,11.66,75.21,0.0
mogadishu,20060304,2.04,45.34,7.1239,26.63,9.51,11.1,76.27,0.0
mogadishu,20060305,2.04,45.34,7.0692,26.81,8.14,9.43,78.9,0.0
mogadishu,20060306,2.04,45.34,6.6341,27.07,6.77,7.77,82.01,0.0
mogadishu,20060307,2.04,45.34,6.4416,26.87,6.45,7.38,83.51,0.07
mogadishu,20060308,2.04,45.34,6.9341,27.28,6.42,7.39,79.44,0.04
mogadishu,20060309,2.04,45.34,6.9775,27.61,6.96,8.11,79.55,0.13
mogadishu,20060310,2.04,45.34,6.5712,27.51,6.76,7.77,75.47,0.15
mogadishu,20060311,2.04,45.34,7.0555,27.31,5.88,6.7,74.56,0.2
mogadishu,20060312,2.04,45.34,7.2396,26.88,6.4,7.22,79.67,0.08
mogadishu,20060313,2.04,45.34,7.098,27.15,5.56,6.34,76.18,0.19
mogadishu,20060314,2.04,45.34,7.0949,27.11,4.87,5.5,78.11,0.03
mogadishu,20060315,2.04,45.34,7.2634,26.78,4.26,4.72,78.87,0.01
mogadishu,20060316,2.04,45.34,6.9727,26.61,4.42,4.88,78.71,0.01
mogadishu,20060317,2.04,45.34,6.7001,26.45,4.55,5.02,79.01,0.0
mogadishu,20060318,2.04,45.34,7.091,26.42,4.26,4.71,78.2,0.0
mogadishu,20060319,2.04,45.34,6.8904,26.75,5.07,5.65,79.26,0.0
mogadishu,20060320,2.04,45.34,6.4601,26.96,6.31,7.11,79.25,0.0
mogadishu,20060321,2.04,45.34,7.0378,27.02,6.37,7.19,78.8,0.0
mogadishu,20060322,2.04,45.34,6.5208,27.03,6.45,7.3,78.75,0.0
mogadishu,20060323,2.04,45.34,6.4334,27.1,6.21,7.03,76.82,0.0
mogadishu,20060324,2.04,45.34,6.7094,27.45,6.92,7.95,77.06,0.0
mogadishu,20060325,2.04,45.34,7.3855,27.21,7.55,8.74,76.87,0.0
mogadishu,20060326,2.04,45.34,6.8105,27.61,7.04,8.1,75.79,0.0
mogadishu,20060327,2.04,45.34,7.2218,27.98,5.76,6.63,71.97,0.0
mogadishu,20060328,2.04,45.34,7.3711,27.67,4.55,5.06,75.59,0.0
mogadishu,20060329,2.04,45.34,7.2074,27.59,4.07,4.46,78.54,0.0
mogadishu,20060330,2.04,45.34,7.2103,27.86,4.11,4.53,77.42,0.0
mogadishu,20060331,2.04,45.34,6.9346,27.77,4.21,4.63,78.28,0.0
mogadishu,20060401,2.04,45.34,6.7783,27.62,4.21,4.64,77.37,0.68
mogadishu,20060402,2.04,45.34,6.1399,27.71,4.39,4.88,74.87,0.76
mogadishu,20060403,2.04,45.34,6.1843,27.78,4.44,4.98,74.96,1.32
mogadishu,20060404,2.04,45.34,6.445,28.02,4.4,4.95,73.97,1.46
mogadishu,20060405,2.04,45.34,5.9515,28.01,4.72,5.34,75.17,1.68
mogadishu,20060406,2.04,45.34,6.0298,27.75,4.33,5.05,77.26,36.18
mogadishu,20060407,2.04,45.34,6.4771,27.98,4.28,4.96,75.75,26.99
mogadishu,20060408,2.04,45.34,7.1302,27.58,4.07,4.69,78.61,7.0
mogadishu,20060409,2.04,45.34,7.1335,27.76,5.0,5.82,78.97,3.94
mogadishu,20060410,2.04,45.34,6.9768,27.97,6.53,7.66,77.37,4.16
mogadishu,20060411,2.04,45.34,7.0514,28.18,5.56,6.48,74.03,0.02
mogadishu,20060412,2.04,45.34,7.0872,27.9,4.84,5.55,75.98,0.06
mogadishu,20060413,2.04,45.34,6.5918,27.82,4.36,4.93,75.15,0.02
mogadishu,20060414,2.04,45.34,6.7577,27.96,4.82,5.49,75.23,0.02
mogadishu,20060415,2.04,45.34,6.6718,27.7,4.44,5.02,76.64,0.02
mogadishu,20060416,2.04,45.34,6.7366,27.51,4.23,4.73,77.14,0.04
mogadishu,20060417,2.04,45.34,6.5129,27.77,4.0,4.51,80.26,0.81
mogadishu,20060418,2.04,45.34,6.583,28.04,3.66,4.13,80.24,0.88
mogadishu,20060419,2.04,45.34,6.2126,28.4,3.81,4.36,78.65,1.27
mogadishu,20060420,2.04,45.34,4.7779,28.53,4.44,5.05,77.08,2.67
mogadishu,20060421,2.04,45.34,6.3324,28.01,3.95,4.47,82.26,0.01
mogadishu,20060422,2.04,45.34,6.1661,28.15,2.09,2.33,72.69,0.01
mogadishu,20060423,2.04,45.34,6.1334,28.39,2.76,3.09,75.57,0.01
mogadishu,20060424,2.04,45.34,6.1668,28.41,4.67,5.34,79.87,0.01
mogadishu,20060425,2.04,45.34,6.1906,28.4,4.68,5.37,81.2,0.01
mogadishu,20060426,2.04,45.34,5.525,28.77,4.06,4.72,77.82,0.01
mogadishu,20060427,2.04,45.34,6.09,29.11,4.03,4.63,74.8,0.01
mogadishu,20060428,2.04,45.34,6.0886,28.71,4.15,4.68,76.91,0.01
mogadishu,20060429,2.04,45.34,4.0476,28.62,2.96,3.36,78.29,0.01
mogadishu,20060430,2.04,45.34,6.3511,28.18,3.02,3.4,78.77,0.01
mogadishu,20060501,2.04,45.34,6.6631,28.61,3.43,3.84,75.81,0.05
mogadishu,20060502,2.04,45.34,6.7918,28.24,4.29,4.78,76.96,0.03
mogadishu,20060503,2.04,45.34,6.546,28.31,5.07,5.74,79.02,0.17
mogadishu,20060504,2.04,45.34,6.383,28.42,4.43,5.06,79.36,0.39
mogadishu,20060505,2.04,45.34,6.1762,28.04,3.56,4.01,79.4,0.14
mogadishu,20060506,2.04,45.34,6.9612,28.15,3.78,4.28,75.36,0.0
mogadishu,20060507,2.04,45.34,6.7548,28.63,4.05,4.55,76.54,0.02
mogadishu,20060508,2.04,45.34,6.9091,28.66,4.21,4.77,77.96,0.03
mogadishu,20060509,2.04,45.34,6.779,28.82,4.46,5.12,74.83,0.02
mogadishu,20060510,2.04,45.34,6.8383,28.39,4.5,5.09,77.49,0.01
mogadishu,20060511,2.04,45.34,6.0214,28.02,5.02,5.73,81.36,1.95
mogadishu,20060512,2.04,45.34,6.2669,28.28,4.94,5.75,77.22,1.71
mogadishu,20060513,2.04,45.34,5.8231,28.52,5.39,6.31,76.65,4.33
mogadishu,20060514,2.04,45.34,5.9983,28.2,5.9,6.97,79.37,4.03
mogadishu,20060515,2.04,45.34,5.7302,27.98,5.6,6.54,79.87,4.31
mogadishu,20060516,2.04,45.34,6.025,27.9,5.79,6.8,80.44,2.77
mogadishu,20060517,2.04,45.34,6.4442,27.97,5.57,6.6,80.21,6.06
mogadishu,20060518,2.04,45.34,6.1001,28.01,5.35,6.27,79.86,3.37
mogadishu,20060519,2.04,45.34,5.9374,27.65,5.55,6.49,83.22,6.61
mogadishu,20060520,2.04,45.34,6.0631,27.73,4.56,5.32,79.96,3.52
mogadishu,20060521,2.04,45.34,6.678,27.8,4.78,5.56,79.22,0.01
mogadishu,20060522,2.04,45.34,6.7882,27.9,5.28,6.18,74.7,0.0
mogadishu,20060523,2.04,45.34,6.5302,27.59,6.09,7.05,76.92,0.01
mogadishu,20060524,2.04,45.34,6.7354,27.77,6.96,8.13,77.26,0.05
mogadishu,20060525,2.04,45.34,6.1397,27.52,6.41,7.44,79.25,0.02
mogadishu,20060526,2.04,45.34,6.035,27.45,7.64,8.94,79.02,0.0
mogadishu,20060527,2.04,45.34,5.7022,27.55,7.12,8.31,76.86,0.0
mogadishu,20060528,2.04,45.34,5.641,27.27,6.94,8.08,79.79,0.0
mogadishu,20060529,2.04,45.34,4.7383,27.06,7.44,8.73,81.43,0.0
mogadishu,20060530,2.04,45.34,5.0988,27.01,8.16,9.62,78.54,0.0
mogadishu,20060531,2.04,45.34,5.0923,26.96,8.4,9.92,80.54,0.06
mogadishu,20060601,2.04,45.34,4.7419,27.03,8.66,10.22,79.3,0.03
mogadishu,20060602,2.04,45.34,4.4426,26.93,7.22,8.41,80.38,0.04
mogadishu,20060603,2.04,45.34,4.8425,26.97,6.72,7.78,81.33,0.04
mogadishu,20060604,2.04,45.34,4.8067,27.24,7.78,9.02,80.63,0.05
mogadishu,20060605,2.04,45.34,6.2402,27.42,7.66,8.88,75.87,0.0
mogadishu,20060606,2.04,45.34,5.8894,27.43,7.65,8.92,77.43,0.0
mogadishu,20060607,2.04,45.34,5.455,27.16,7.37,8.56,80.28,0.0
mogadishu,20060608,2.04,45.34,5.8248,27.19,6.74,7.82,77.77,0.0
mogadishu,20060609,2.04,45.34,5.9458,27.14,6.55,7.63,81.0,0.0
mogadishu,20060610,2.04,45.34,5.8373,27.06,5.92,6.86,85.09,0.0
mogadishu,20060611,2.04,45.34,6.0322,27.1,5.9,6.89,85.98,0.0
mogadishu,20060612,2.04,45.34,4.686,26.88,7.54,8.85,82.45,0.0
mogadishu,20060613,2.04,45.34,5.5805,27.04,7.19,8.38,76.5,0.0
mogadishu,20060614,2.04,45.34,5.1994,26.77,7.54,8.78,77.9,0.0
mogadishu,20060615,2.04,45.34,5.9414,26.96,7.79,9.12,76.98,0.0
mogadishu,20060616,2.04,45.34,6.4078,26.95,7.1,8.24,79.13,0.0
mogadishu,20060617,2.04,45.34,5.8985,26.89,6.69,7.74,81.58,0.0
mogadishu,20060618,2.04,45.34,5.1557,27.14,7.98,9.39,81.44,0.0
mogadishu,20060619,2.04,45.34,5.8658,27.11,8.02,9.42,80.27,0.0
mogadishu,20060620,2.04,45.34,5.9724,27.1,8.05,9.46,79.04,0.91
mogadishu,20060621,2.04,45.34,6.1435,26.75,8.58,10.11,78.8,0.86
mogadishu,20060622,2.04,45.34,6.1951,26.96,8.86,10.39,75.36,0.12
mogadishu,20060623,2.04,45.34,4.968,26.9,9.94,11.8,75.7,0.72
mogadishu,20060624,2.04,45.34,5.4115,26.74,9.73,11.54,73.63,0.3
mogadishu,20060625,2.04,45.34,5.3842,26.29,9.18,10.87,76.13,0.11
mogadishu,20060626,2.04,45.34,5.2706,26.11,9.71,11.57,79.27,0.14
mogadishu,20060627,2.04,45.34,4.9474,26.02,9.73,11.54,78.93,0.14
mogadishu,20060628,2.04,45.34,3.7018,26.02,9.95,11.73,78.0,0.11
mogadishu,20060629,2.04,45.34,4.2461,26.12,9.03,10.62,78.84,0.26
mogadishu,20060630,2.04,45.34,4.9778,25.93,9.16,10.8,78.38,0.76
mogadishu,20060701,2.04,45.34,5.2469,25.78,8.86,10.42,76.88,0.4
mogadishu,20060702,2.04,45.34,4.5214,25.61,8.9,10.4,76.3,0.33
mogadishu,20060703,2.04,45.34,4.92,25.68,8.33,9.68,76.54,0.15
mogadishu,20060704,2.04,45.34,5.3081,25.78,8.19,9.55,75.48,0.18
mogadishu,20060705,2.04,45.34,3.9132,25.72,8.51,9.93,77.45,0.39
mogadishu,20060706,2.04,45.34,3.737,25.72,8.11,9.45,77.66,0.37
mogadishu,20060707,2.04,45.34,4.0932,25.67,7.79,9.05,77.16,0.51
mogadishu,20060708,2.04,45.34,5.0986,25.69,7.79,9.06,77.35,0.28
mogadishu,20060709,2.04,45.34,4.2254,25.8,9.04,10.57,77.49,0.84
mogadishu,20060710,2.04,45.34,4.7926,25.83,9.63,11.26,75.19,0.76
mogadishu,20060711,2.04,45.34,4.4652,25.72,9.55,11.15,77.48,1.68
mogadishu,20060712,2.04,45.34,4.5768,25.67,8.89,10.38,77.22,0.88
mogadishu,20060713,2.04,45.34,5.0484,25.59,8.22,9.55,77.93,0.7
mogadishu,20060714,2.04,45.34,5.2531,25.39,7.43,8.59,79.26,0.21
mogadishu,20060715,2.04,45.34,5.9465,25.69,6.68,7.78,78.37,0.42
mogadishu,20060716,2.04,45.34,5.4295,25.57,6.93,8.05,81.9,1.35
mogadishu,20060717,2.04,45.34,5.4586,25.37,7.25,8.48,84.57,1.29
mogadishu,20060718,2.04,45.34,4.9853,25.3,7.71,9.08,82.07,0.62
mogadishu,20060719,2.04,45.34,5.1715,25.29,7.78,9.12,79.69,0.73
mogadishu,20060720,2.04,45.34,5.6208,25.62,8.38,9.79,78.79,0.06
mogadishu,20060721,2.04,45.34,5.4194,25.8,8.58,10.03,76.13,0.04
mogadishu,20060722,2.04,45.34,5.0117,25.78,7.79,9.08,79.81,0.11
mogadishu,20060723,2.04,45.34,5.2435,25.63,7.65,8.92,79.38,0.06
mogadishu,20060724,2.04,45.34,5.1823,25.41,7.35,8.55,82.55,0.07
mogadishu,20060725,2.04,45.34,6.0418,25.5,8.36,9.79,81.34,0.49
mogadishu,20060726,2.04,45.34,4.1045,25.42,8.8,10.36,81.97,0.92
mogadishu,20060727,2.04,45.34,5.2214,25.36,7.81,9.1,79.06,0.16
mogadishu,20060728,2.04,45.34,4.488,25.58,8.21,9.59,79.97,0.72
mogadishu,20060729,2.04,45.34,5.5596,25.61,7.62,8.84,77.92,0.36
mogadishu,20060730,2.04,45.34,5.4535,25.62,7.26,8.37,78.86,1.21
mogadishu,20060731,2.04,45.34,6.1154,25.77,7.84,9.12,77.61,0.4
mogadishu,20060801,2.04,45.34,5.729,25.71,7.57,8.81,78.6,0.99
mogadishu,20060802,2.04,45.34,6.4241,25.72,6.88,7.99,78.1,0.38
mogadishu,20060803,2.04,45.34,6.1958,25.74,6.75,7.83,78.23,0.15
mogadishu,20060804,2.04,45.34,5.8946,25.6,6.45,7.47,82.44,0.56
mogadishu,20060805,2.04,45.34,5.8745,25.55,6.69,7.8,84.53,0.98
mogadishu,20060806,2.04,45.34,5.3645,25.11,6.97,8.26,85.75,0.47
mogadishu,20060807,2.04,45.34,5.701,25.0,7.77,9.26,84.33,2.27
mogadishu,20060808,2.04,45.34,4.1846,25.68,8.05,9.4,79.99,1.38
mogadishu,20060809,2.04,45.34,5.9102,25.85,7.04,8.15,78.22,0.21
mogadishu,20060810,2.04,45.34,6.1039,26.01,7.97,9.3,78.43,0.28
mogadishu,20060811,2.04,45.34,4.2214,25.89,8.59,10.1,80.36,1.18
mogadishu,20060812,2.04,45.34,6.5928,25.84,8.32,9.74,81.5,0.57
mogadishu,20060813,2.04,45.34,4.1378,25.65,8.73,10.29,83.65,2.16
mogadishu,20060814,2.04,45.34,4.3838,25.69,9.33,10.92,77.03,1.76
mogadishu,20060815,2.04,45.34,5.6928,25.96,8.57,10.07,78.71,0.6
mogadishu,20060816,2.04,45.34,4.6382,25.9,8.3,9.67,79.0,1.5
mogadishu,20060817,2.04,45.34,6.0792,25.68,8.88,10.36,76.49,0.44
mogadishu,20060818,2.04,45.34,7.0085,25.64,9.08,10.61,78.34,0.42
mogadishu,20060819,2.04,45.34,4.4983,25.39,8.94,10.38,77.23,0.07
mogadishu,20060820,2.04,45.34,4.4052,25.31,8.0,9.26,76.84,0.07
mogadishu,20060821,2.04,45.34,4.6248,25.23,8.08,9.39,79.61,0.11
mogadishu,20060822,2.04,45.34,5.2027,25.35,8.5,9.86,77.22,0.1
mogadishu,20060823,2.04,45.34,4.9714,25.51,8.2,9.57,80.88,0.15
mogadishu,20060824,2.04,45.34,4.8833,25.81,7.89,9.14,78.75,0.03
mogadishu,20060825,2.04,45.34,6.5026,25.83,7.44,8.63,74.34,0.01
mogadishu,20060826,2.04,45.34,6.3293,25.63,6.92,7.95,79.54,0.0
mogadishu,20060827,2.04,45.34,6.1152,25.85,7.36,8.49,80.78,0.01
mogadishu,20060828,2.04,45.34,5.5214,26.07,6.85,7.94,85.88,0.07
mogadishu,20060829,2.04,45.34,1.8014,26.26,7.87,9.2,82.41,2.02
mogadishu,20060830,2.04,45.34,6.6545,26.28,6.66,7.72,80.77,0.55
mogadishu,20060831,2.04,45.34,6.0463,26.23,6.82,7.9,82.54,1.62
mogadishu,20060901,2.04,45.34,6.9065,25.91,6.84,7.86,81.07,0.46
mogadishu,20060902,2.04,45.34,5.8481,25.82,7.07,8.19,81.99,1.81
mogadishu,20060903,2.04,45.34,6.462,25.98,6.52,7.45,77.25,0.7
mogadishu,20060904,2.04,45.34,6.4538,26.11,7.0,8.11,79.42,1.56
mogadishu,20060905,2.04,45.34,5.0549,25.87,8.92,10.46,77.74,1.08
mogadishu,20060906,2.04,45.34,6.9276,25.82,8.67,10.14,71.31,0.29
mogadishu,20060907,2.04,45.34,6.6487,25.65,8.88,10.33,73.2,0.31
mogadishu,20060908,2.04,45.34,6.1826,25.54,8.77,10.16,75.59,0.1
mogadishu,20060909,2.04,45.34,6.4178,25.52,8.45,9.82,76.74,0.05
mogadishu,20060910,2.04,45.34,6.5902,25.58,8.13,9.45,78.97,0.07
mogadishu,20060911,2.04,45.34,6.5323,25.8,8.37,9.77,79.56,0.09
mogadishu,20060912,2.04,45.34,6.265,26.02,8.42,9.89,80.84,0.18
mogadishu,20060913,2.04,45.34,6.3569,26.22,7.46,8.76,82.13,0.06
mogadishu,20060914,2.04,45.34,6.6641,26.16,7.07,8.18,79.2,0.02
mogadishu,20060915,2.04,45.34,6.307,26.23,7.59,8.78,77.46,0.01
mogadishu,20060916,2.04,45.34,7.2233,26.38,7.3,8.48,79.1,0.06
mogadishu,20060917,2.04,45.34,6.054,26.5,6.37,7.36,84.06,0.19
mogadishu,20060918,2.04,45.34,6.5189,26.42,4.82,5.47,85.09,0.77
mogadishu,20060919,2.04,45.34,5.8754,26.27,5.59,6.47,86.18,0.53
mogadishu,20060920,2.04,45.34,5.7878,26.3,6.83,8.0,84.57,0.27
mogadishu,20060921,2.04,45.34,6.0785,26.35,7.6,8.89,82.02,0.65
mogadishu,20060922,2.04,45.34,5.8375,26.27,8.1,9.43,77.78,0.32
mogadishu,20060923,2.04,45.34,5.9959,26.29,7.37,8.54,79.01,0.07
mogadishu,20060924,2.04,45.34,6.5292,26.16,6.39,7.34,78.05,0.05
mogadishu,20060925,2.04,45.34,5.4682,26.36,6.88,7.95,77.68,0.05
mogadishu,20060926,2.04,45.34,5.8241,26.49,6.61,7.66,73.65,0.01
mogadishu,20060927,2.04,45.34,6.7896,26.28,6.57,7.58,77.5,0.01
mogadishu,20060928,2.04,45.34,6.7471,26.69,5.67,6.6,82.47,0.66
mogadishu,20060929,2.04,45.34,6.4634,26.74,6.03,7.01,84.85,3.67
mogadishu,20060930,2.04,45.34,5.4074,26.74,7.38,8.6,80.7,2.91
mogadishu,20061001,2.04,45.34,6.1466,26.68,5.49,6.36,78.2,0.13
mogadishu,20061002,2.04,45.34,6.9319,26.8,5.4,6.27,80.54,0.28
mogadishu,20061003,2.04,45.34,6.5611,26.88,5.79,6.75,83.17,0.07
mogadishu,20061004,2.04,45.34,6.3962,26.86,5.49,6.34,82.66,0.11
mogadishu,20061005,2.04,45.34,5.8145,26.87,6.12,7.1,82.83,0.16
mogadishu,20061006,2.04,45.34,5.0659,26.8,6.52,7.52,79.38,0.07
mogadishu,20061007,2.04,45.34,5.91,26.88,6.58,7.7,82.74,0.23
mogadishu,20061008,2.04,45.34,5.6081,26.85,7.07,8.22,81.29,0.26
mogadishu,20061009,2.04,45.34,5.7886,26.7,7.21,8.31,77.63,0.03
mogadishu,20061010,2.04,45.34,5.1564,26.73,7.1,8.2,77.87,0.15
mogadishu,20061011,2.04,45.34,4.7112,26.67,6.43,7.39,79.69,0.31
mogadishu,20061012,2.04,45.34,6.4735,26.84,5.12,5.83,79.54,0.16
mogadishu,20061013,2.04,45.34,6.1517,26.87,6.21,7.15,81.27,1.36
mogadishu,20061014,2.04,45.34,5.8454,27.21,6.44,7.48,77.77,1.11
mogadishu,20061015,2.04,45.34,6.209,27.48,4.79,5.61,77.62,0.41
mogadishu,20061016,2.04,45.34,6.1562,27.14,4.88,5.58,80.76,1.74
mogadishu,20061017,2.04,45.34,5.1106,27.42,4.78,5.57,80.36,2.16
mogadishu,20061018,2.04,45.34,5.3021,26.62,4.41,5.04,84.5,8.3
mogadishu,20061019,2.04,45.34,5.7094,26.74,4.44,5.06,84.25,8.19
mogadishu,20061020,2.04,45.34,4.4294,26.53,3.46,3.97,86.05,16.99
mogadishu,20061021,2.04,45.34,5.4108,26.39,3.1,3.56,85.93,24.28
mogadishu,20061022,2.04,45.34,5.1504,26.72,4.47,5.22,84.76,35.33
mogadishu,20061023,2.04,45.34,6.1138,26.77,3.32,3.83,82.72,4.11
mogadishu,20061024,2.04,45.34,5.4754,26.42,3.27,3.71,85.05,4.67
mogadishu,20061025,2.04,45.34,5.951,26.52,2.25,2.59,86.47,4.91
mogadishu,20061026,2.04,45.34,6.0329,26.48,2.61,2.97,84.93,4.04
mogadishu,20061027,2.04,45.34,5.7516,26.34,2.96,3.33,87.16,8.24
mogadishu,20061028,2.04,45.34,6.1298,26.54,3.35,3.83,87.14,22.81
mogadishu,20061029,2.04,45.34,4.5254,26.59,3.16,3.67,85.33,30.61
mogadishu,20061030,2.04,45.34,5.634,26.23,3.38,3.95,86.1,13.0
mogadishu,20061031,2.04,45.34,6.377,26.61,5.67,6.68,80.12,0.52
mogadishu,20061101,2.04,45.34,6.6509,26.73,4.88,5.73,82.44,1.46
mogadishu,20061102,2.04,45.34,5.8714,26.8,3.84,4.45,83.44,1.12
mogadishu,20061103,2.04,45.34,6.3146,26.86,3.78,4.4,79.82,0.24
mogadishu,20061104,2.04,45.34,6.126,26.83,4.67,5.45,82.62,0.59
mogadishu,20061105,2.04,45.34,6.4162,26.72,5.05,5.91,82.42,0.23
mogadishu,20061106,2.04,45.34,5.9582,26.93,4.39,5.16,83.25,1.51
mogadishu,20061107,2.04,45.34,5.5104,26.68,3.1,3.53,83.68,6.52
mogadishu,20061108,2.04,45.34,6.1486,27.05,1.91,2.15,81.66,3.33
mogadishu,20061109,2.04,45.34,5.5565,27.04,2.41,2.78,83.38,10.81
mogadishu,20061110,2.04,45.34,6.1543,27.09,3.42,3.93,82.05,5.44
mogadishu,20061111,2.04,45.34,6.1078,27.22,4.18,4.85,81.44,7.94
mogadishu,20061112,2.04,45.34,5.1182,27.09,3.54,4.09,82.94,8.92
mogadishu,20061113,2.04,45.34,6.0156,26.95,3.27,3.74,84.71,5.17
mogadishu,20061114,2.04,45.34,6.3149,27.06,3.14,3.56,81.25,1.51
mogadishu,20061115,2.04,45.34,5.8102,27.16,2.77,3.13,79.19,4.75
mogadishu,20061116,2.04,45.34,5.5562,26.81,2.92,3.34,82.14,7.22
mogadishu,20061117,2.04,45.34,5.5507,26.5,2.61,2.93,83.43,1.18
mogadishu,20061118,2.04,45.34,4.1726,26.12,2.43,2.74,84.99,1.37
mogadishu,20061119,2.04,45.34,5.735,26.79,2.04,2.33,80.7,0.98
mogadishu,20061120,2.04,45.34,5.2042,26.92,2.44,2.72,82.22,1.34
mogadishu,20061121,2.04,45.34,5.7132,27.65,2.76,3.12,79.57,0.23
mogadishu,20061122,2.04,45.34,5.2596,27.5,2.92,3.34,79.87,2.12
mogadishu,20061123,2.04,45.34,5.935,27.25,4.59,5.37,82.17,0.43
mogadishu,20061124,2.04,45.34,6.6168,27.92,3.86,4.51,76.41,0.12
mogadishu,20061125,2.04,45.34,5.9537,27.61,3.14,3.55,77.03,0.1
mogadishu,20061126,2.04,45.34,6.4697,27.96,2.39,2.74,73.95,0.2
mogadishu,20061127,2.04,45.34,6.0096,27.87,3.01,3.42,76.62,0.44
mogadishu,20061128,2.04,45.34,5.7266,27.73,3.31,3.79,77.16,2.1
mogadishu,20061129,2.04,45.34,5.1566,27.51,3.7,4.3,80.91,8.46
mogadishu,20061130,2.04,45.34,6.265,27.0,5.17,5.99,82.26,5.82
mogadishu,20061201,2.04,45.34,6.4229,27.29,5.1,5.95,78.69,1.36
mogadishu,20061202,2.04,45.34,6.4013,27.71,3.92,4.52,78.07,0.02
mogadishu,20061203,2.04,45.34,6.4073,27.43,3.73,4.24,81.79,0.14
mogadishu,20061204,2.04,45.34,6.0701,27.58,3.84,4.39,80.86,1.29
mogadishu,20061205,2.04,45.34,5.0239,27.12,4.89,5.72,83.9,10.5
mogadishu,20061206,2.04,45.34,4.4105,27.03,6.34,7.48,84.16,14.23
mogadishu,20061207,2.04,45.34,6.2304,27.38,7.24,8.55,78.82,0.03
mogadishu,20061208,2.04,45.34,5.706,27.66,6.49,7.66,81.44,0.43
mogadishu,20061209,2.04,45.34,3.3809,27.37,6.87,8.07,81.65,2.03
mogadishu,20061210,2.04,45.34,5.6237,27.4,6.69,7.9,83.82,1.12
mogadishu,20061211,2.04,45.34,6.0662,27.68,5.63,6.68,83.53,0.24
mogadishu,20061212,2.04,45.34,5.4958,27.53,5.75,6.79,83.35,0.75
mogadishu,20061213,2.04,45.34,5.8697,27.49,7.19,8.56,82.59,0.65
mogadishu,20061214,2.04,45.34,6.3977,27.53,7.69,9.12,80.77,0.21
mogadishu,20061215,2.04,45.34,5.5697,27.33,6.85,8.15,83.4,1.68
mogadishu,20061216,2.04,45.34,6.0024,27.32,7.34,8.84,83.69,1.16
mogadishu,20061217,2.04,45.34,6.0497,26.85,7.47,8.83,86.61,3.62
mogadishu,20061218,2.04,45.34,5.9606,27.25,7.51,8.92,83.43,1.95
mogadishu,20061219,2.04,45.34,5.1007,27.29,8.11,9.61,81.3,0.61
mogadishu,20061220,2.04,45.34,6.3979,27.24,7.61,8.91,75.07,0.01
mogadishu,20061221,2.04,45.34,6.2093,27.42,6.69,7.88,77.42,0.04
mogadishu,20061222,2.04,45.34,6.2628,27.47,6.49,7.6,81.62,0.02
mogadishu,20061223,2.04,45.34,6.2923,27.69,6.97,8.24,78.06,0.08
mogadishu,20061224,2.04,45.34,6.4243,27.59,7.64,8.98,78.54,0.0
mogadishu,20061225,2.04,45.34,6.4284,27.61,7.2,8.46,79.56,0.0
mogadishu,20061226,2.04,45.34,5.8745,27.4,7.63,9.08,81.71,0.01
mogadishu,20061227,2.04,45.34,6.2904,27.26,6.24,7.34,81.0,0.0
mogadishu,20061228,2.04,45.34,6.2122,27.34,6.15,7.24,80.94,0.0
mogadishu,20061229,2.04,45.34,6.2107,27.2,7.76,9.15,81.54,0.0
mogadishu,20061230,2.04,45.34,6.3329,27.09,7.12,8.41,83.62,0.0
mogadishu,20061231,2.04,45.34,5.6746,27.1,6.39,7.52,80.82,0.0
mogadishu,20070101,2.04,45.34,5.813,26.75,9.17,10.85,83.99,0.09
mogadishu,20070102,2.04,45.34,5.9354,27.19,9.3,11.03,82.29,0.42
mogadishu,20070103,2.04,45.34,5.701,26.81,10.36,12.26,80.35,0.27
mogadishu,20070104,2.04,45.34,5.8874,26.41,10.87,12.86,76.5,0.02
mogadishu,20070105,2.04,45.34,6.6934,26.4,9.73,11.41,69.05,0.0
mogadishu,20070106,2.04,45.34,6.6204,26.61,8.29,9.72,72.76,0.0
mogadishu,20070107,2.04,45.34,6.2201,26.85,7.68,9.01,73.89,0.0
mogadishu,20070108,2.04,45.34,6.696,26.63,7.86,9.18,76.24,0.0
mogadishu,20070109,2.04,45.34,6.2868,26.75,8.98,10.56,76.45,0.0
mogadishu,20070110,2.04,45.34,6.131,26.69,8.47,9.93,77.78,0.0
mogadishu,20070111,2.04,45.34,6.493,26.82,8.68,10.17,77.45,0.0
mogadishu,20070112,2.04,45.34,6.606,26.71,8.13,9.48,78.86,0.0
mogadishu,20070113,2.04,45.34,6.0233,26.88,7.39,8.65,83.19,0.0
mogadishu,20070114,2.04,45.34,5.9011,27.08,7.74,9.11,83.23,0.0
mogadishu,20070115,2.04,45.34,5.7446,26.95,7.44,8.71,83.31,0.0
mogadishu,20070116,2.04,45.34,6.4894,26.92,7.02,8.1,79.07,0.0
mogadishu,20070117,2.04,45.34,6.5047,26.79,6.73,7.75,80.88,0.0
mogadishu,20070118,2.04,45.34,5.7689,26.94,8.53,9.99,80.35,0.0
mogadishu,20070119,2.04,45.34,6.6854,26.71,9.08,10.6,76.58,0.0
mogadishu,20070120,2.04,45.34,6.7663,26.42,9.12,10.64,78.22,0.0
mogadishu,20070121,2.04,45.34,6.4572,26.67,8.4,9.82,78.47,0.0
mogadishu,20070122,2.04,45.34,5.9342,26.64,6.84,7.95,80.91,0.0
mogadishu,20070123,2.04,45.34,6.2556,26.89,6.25,7.28,82.5,0.0
mogadishu,20070124,2.04,45.34,5.5901,26.82,7.9,9.21,80.02,0.0
mogadishu,20070125,2.04,45.34,6.6509,26.52,9.6,11.25,77.22,0.0
mogadishu,20070126,2.04,45.34,6.5878,26.55,9.4,11.01,74.62,0.0
mogadishu,20070127,2.04,45.34,7.0231,26.69,8.72,10.18,73.23,0.0
mogadishu,20070128,2.04,45.34,6.9821,26.84,8.44,9.84,74.03,0.0
mogadishu,20070129,2.04,45.34,6.9487,26.7,8.28,9.62,74.11,0.0
mogadishu,20070130,2.04,45.34,6.9638,26.39,7.95,9.23,77.73,0.0
mogadishu,20070131,2.04,45.34,6.8316,26.42,8.01,9.32,76.99,0.02
mogadishu,20070201,2.04,45.34,6.9125,26.43,8.07,9.42,80.38,0.01
mogadishu,20070202,2.04,45.34,6.5093,26.78,8.03,9.43,82.46,0.01
mogadishu,20070203,2.04,45.34,6.3648,26.84,7.97,9.35,81.88,0.02
mogadishu,20070204,2.04,45.34,6.6319,27.0,7.51,8.81,77.27,0.01
mogadishu,20070205,2.04,45.34,6.3058,26.79,6.74,7.85,79.95,0.0
mogadishu,20070206,2.04,45.34,6.995,26.98,7.71,9.03,76.78,0.0
mogadishu,20070207,2.04,45.34,6.8772,26.9,8.18,9.62,75.66,0.0
mogadishu,20070208,2.04,45.34,7.1918,26.81,7.69,8.99,73.98,0.0
mogadishu,20070209,2.04,45.34,7.2835,26.75,7.92,9.22,75.35,0.0
mogadishu,20070210,2.04,45.34,7.1239,26.63,8.27,9.57,76.73,0.0
mogadishu,20070211,2.04,45.34,7.3524,26.54,8.42,9.75,76.64,0.0
mogadishu,20070212,2.04,45.34,7.3116,26.6,8.72,10.14,75.81,0.0
mogadishu,20070213,2.04,45.34,7.283,26.73,7.51,8.75,76.52,0.0
mogadishu,20070214,2.04,45.34,7.1762,27.09,6.31,7.31,77.88,0.0
mogadishu,20070215,2.04,45.34,6.924,27.25,6.51,7.65,75.64,0.0
mogadishu,20070216,2.04,45.34,7.2857,26.76,6.66,7.73,78.41,0.0
mogadishu,20070217,2.04,45.34,7.1501,26.73,6.58,7.59,76.95,0.0
mogadishu,20070218,2.04,45.34,7.0008,26.92,5.91,6.82,79.24,0.0
mogadishu,20070219,2.04,45.34,6.4639,27.36,6.32,7.3,79.32,0.0
mogadishu,20070220,2.04,45.34,6.8038,27.43,7.11,8.25,77.1,0.0
mogadishu,20070221,2.04,45.34,7.3015,27.35,8.1,9.42,75.79,0.0
mogadishu,20070222,2.04,45.34,6.9751,27.59,6.96,8.04,77.25,0.0
mogadishu,20070223,2.04,45.34,7.1897,27.64,7.69,8.94,78.78,0.0
mogadishu,20070224,2.04,45.34,7.2449,27.83,9.32,10.99,78.9,0.0
mogadishu,20070225,2.04,45.34,7.1237,27.49,9.27,10.83,75.97,0.0
mogadishu,20070226,2.04,45.34,6.659,27.79,8.21,9.56,73.83,0.0
mogadishu,20070227,2.04,45.34,7.2545,27.98,8.37,9.72,74.81,0.0
mogadishu,20070228,2.04,45.34,7.1844,28.13,8.45,9.88,77.22,0.0
mogadishu,20070301,2.04,45.34,6.3317,28.08,8.3,9.67,78.21,0.0
mogadishu,20070302,2.04,45.34,6.3773,27.67,7.53,8.72,80.11,1.13
mogadishu,20070303,2.04,45.34,7.2466,27.84,6.69,7.8,75.47,0.28
mogadishu,20070304,2.04,45.34,7.1239,27.85,7.26,8.43,78.33,0.18
mogadishu,20070305,2.04,45.34,7.559,27.76,8.31,9.58,73.16,0.01
mogadishu,20070306,2.04,45.34,7.4182,28.12,8.95,10.42,70.35,0.01
mogadishu,20070307,2.04,45.34,6.9749,28.17,7.99,9.22,75.45,0.0
mogadishu,20070308,2.04,45.34,7.1359,28.17,6.11,6.98,74.83,0.0
mogadishu,20070309,2.04,45.34,6.918,28.2,5.07,5.7,75.69,0.0
mogadishu,20070310,2.04,45.34,7.0111,28.17,5.32,6.0,77.92,0.0
mogadishu,20070311,2.04,45.34,7.3903,27.6,5.43,6.12,75.9,0.0
mogadishu,20070312,2.04,45.34,7.3385,27.8,5.17,5.79,77.6,0.0
mogadishu,20070313,2.04,45.34,6.5506,28.26,4.99,5.57,76.44,0.0
mogadishu,20070314,2.04,45.34,7.0217,28.44,6.92,7.88,78.05,0.0
mogadishu,20070315,2.04,45.34,6.9624,28.66,8.34,9.61,77.36,0.0
mogadishu,20070316,2.04,45.34,7.055,28.79,7.65,8.82,72.1,0.0
mogadishu,20070317,2.04,45.34,7.3279,28.72,6.51,7.49,71.9,0.02
mogadishu,20070318,2.04,45.34,7.3649,28.41,6.42,7.35,74.89,0.05
mogadishu,20070319,2.04,45.34,7.1952,28.23,5.75,6.53,77.26,0.08
mogadishu,20070320,2.04,45.34,7.2626,28.6,5.62,6.38,74.78,0.15
mogadishu,20070321,2.04,45.34,6.8042,28.65,6.27,7.17,73.69,0.06
mogadishu,20070322,2.04,45.34,7.3313,28.46,6.27,7.14,75.81,0.0
mogadishu,20070323,2.04,45.34,6.0194,28.28,5.94,6.71,80.71,0.0
mogadishu,20070324,2.04,45.34,6.733,28.93,7.27,8.33,74.55,0.0
mogadishu,20070325,2.04,45.34,7.175,28.87,7.18,8.22,72.36,0.0
mogadishu,20070326,2.04,45.34,7.043,28.7,5.95,6.72,73.55,0.0
mogadishu,20070327,2.04,45.34,6.8098,28.33,4.68,5.23,76.74,0.0
mogadishu,20070328,2.04,45.34,5.9374,28.34,4.7,5.29,79.51,0.0
mogadishu,20070329,2.04,45.34,6.9307,28.35,4.9,5.45,76.76,0.0
mogadishu,20070330,2.04,45.34,7.1285,27.99,4.71,5.24,76.16,0.0
mogadishu,20070331,2.04,45.34,7.357,27.86,4.95,5.5,75.46,0.0
mogadishu,20070401,2.04,45.34,7.3594,28.17,6.73,7.65,73.44,0.03
mogadishu,20070402,2.04,45.34,6.6826,28.19,5.55,6.31,73.04,0.27
mogadishu,20070403,2.04,45.34,7.0164,28.07,4.36,4.93,70.08,0.16
mogadishu,20070404,2.04,45.34,7.0942,27.85,4.62,5.16,76.85,0.0
mogadishu,20070405,2.04,45.34,6.8568,28.11,5.6,6.3,78.35,0.51
mogadishu,20070406,2.04,45.34,6.6168,28.16,4.97,5.61,76.09,0.04
mogadishu,20070407,2.04,45.34,7.1359,28.14,4.36,4.89,76.97,0.01
mogadishu,20070408,2.04,45.34,7.0198,28.51,4.69,5.24,75.86,0.02
mogadishu,20070409,2.04,45.34,7.0399,28.49,5.16,5.77,77.36,0.01
mogadishu,20070410,2.04,45.34,6.7303,28.41,5.05,5.64,78.16,0.05
mogadishu,20070411,2.04,45.34,6.6283,28.55,4.96,5.6,75.2,1.49
mogadishu,20070412,2.04,45.34,6.8362,28.46,4.48,5.03,76.48,0.76
mogadishu,20070413,2.04,45.34,6.8683,28.43,4.14,4.59,77.15,0.51
mogadishu,20070414,2.04,45.34,6.6384,28.86,4.5,5.02,76.09,0.6
mogadishu,20070415,2.04,45.34,3.7932,28.86,2.58,2.82,75.34,4.87
mogadishu,20070416,2.04,45.34,6.6266,28.93,3.29,3.62,74.89,0.8
mogadishu,20070417,2.04,45.34,5.723,29.0,4.81,5.38,74.96,0.87
mogadishu,20070418,2.04,45.34,5.1744,29.18,4.11,4.57,72.31,0.88
mogadishu,20070419,2.04,45.34,6.4529,28.94,3.88,4.3,74.88,0.9
mogadishu,20070420,2.04,45.34,6.4207,28.95,3.89,4.31,76.1,0.59
mogadishu,20070421,2.04,45.34,6.6742,28.67,3.43,3.78,76.09,0.29
mogadishu,20070422,2.04,45.34,6.6098,28.85,3.19,3.45,71.36,0.13
mogadishu,20070423,2.04,45.34,6.636,28.93,4.13,4.59,69.63,0.48
mogadishu,20070424,2.04,45.34,6.4519,28.68,4.59,5.16,74.74,0.14
mogadishu,20070425,2.04,45.34,6.7891,28.94,4.41,4.95,74.18,0.19
mogadishu,20070426,2.04,45.34,6.5861,28.73,4.01,4.56,76.78,8.93
mogadishu,20070427,2.04,45.34,6.486,28.58,3.65,4.11,74.88,3.74
mogadishu,20070428,2.04,45.34,6.499,28.66,4.45,5.04,76.0,1.82
mogadishu,20070429,2.04,45.34,6.8722,28.72,5.44,6.19,79.08,3.85
mogadishu,20070430,2.04,45.34,6.6367,28.8,5.19,5.96,78.66,5.7
mogadishu,20070501,2.04,45.34,6.4171,28.78,4.15,4.73,77.8,0.44
mogadishu,20070502,2.04,45.34,6.2914,28.63,3.54,3.99,78.63,0.64
mogadishu,20070503,2.04,45.34,5.981,28.33,4.47,5.0,81.02,0.51
mogadishu,20070504,2.04,45.34,4.9572,28.83,6.37,7.23,79.24,2.18
mogadishu,20070505,2.04,45.34,6.2554,28.77,6.41,7.34,78.0,1.13
mogadishu,20070506,2.04,45.34,6.7198,29.05,6.29,7.17,77.2,0.2
mogadishu,20070507,2.04,45.34,6.6662,28.83,6.51,7.46,81.21,0.18
mogadishu,20070508,2.04,45.34,6.7632,28.78,6.37,7.29,79.88,0.15
mogadishu,20070509,2.04,45.34,6.606,28.53,5.81,6.67,82.37,0.29
mogadishu,20070510,2.04,45.34,6.5856,28.87,5.68,6.55,78.23,0.19
mogadishu,20070511,2.04,45.34,6.8129,28.74,5.14,5.9,80.99,0.09
mogadishu,20070512,2.04,45.34,6.4534,28.44,5.02,5.78,81.79,0.08
mogadishu,20070513,2.04,45.34,6.5784,28.47,5.01,5.74,80.16,0.05
mogadishu,20070514,2.04,45.34,5.1036,28.48,6.16,7.1,81.12,0.12
mogadishu,20070515,2.04,45.34,6.6715,28.7,5.86,6.77,78.7,0.08
mogadishu,20070516,2.04,45.34,6.6773,28.63,4.47,5.14,80.14,0.01
mogadishu,20070517,2.04,45.34,6.2544,28.42,5.71,6.51,81.45,0.03
mogadishu,20070518,2.04,45.34,6.0079,28.39,6.91,8.0,81.99,0.06
mogadishu,20070519,2.04,45.34,5.766,28.52,7.23,8.41,78.01,0.02
mogadishu,20070520,2.04,45.34,6.6888,28.56,6.94,8.09,76.47,0.0
mogadishu,20070521,2.04,45.34,6.6727,28.46,6.23,7.26,79.65,0.02
mogadishu,20070522,2.04,45.34,6.7025,28.3,5.41,6.23,79.06,0.0
mogadishu,20070523,2.04,45.34,6.7214,28.41,5.84,6.74,78.68,0.01
mogadishu,20070524,2.04,45.34,6.5914,28.63,5.6,6.48,77.85,0.04
mogadishu,20070525,2.04,45.34,6.1579,28.44,7.65,8.95,75.52,0.02
mogadishu,20070526,2.04,45.34,6.575,28.5,6.68,7.77,77.92,0.08
mogadishu,20070527,2.04,45.34,5.9669,28.4,6.45,7.58,81.76,0.1
mogadishu,20070528,2.04,45.34,6.0456,28.25,7.07,8.23,80.44,0.06
mogadishu,20070529,2.04,45.34,6.0571,28.17,5.56,6.47,80.97,0.07
mogadishu,20070530,2.04,45.34,6.4915,27.62,4.64,5.34,84.87,0.09
mogadishu,20070531,2.04,45.34,6.1603,28.33,5.26,6.14,79.02,0.98
mogadishu,20070601,2.04,45.34,5.5622,28.06,6.18,7.26,82.79,2.29
mogadishu,20070602,2.04,45.34,6.1999,27.63,5.94,6.87,85.24,1.9
mogadishu,20070603,2.04,45.34,5.7852,27.58,6.16,7.1,78.37,0.78
mogadishu,20070604,2.04,45.34,5.4996,27.8,8.01,9.35,79.82,1.51
mogadishu,20070605,2.04,45.34,6.0689,28.23,7.48,8.76,77.67,0.31
mogadishu,20070606,2.04,45.34,4.9001,28.09,8.0,9.41,77.07,0.28
mogadishu,20070607,2.04,45.34,6.061,28.09,7.17,8.36,72.25,0.04
mogadishu,20070608,2.04,45.34,6.4654,27.8,6.66,7.72,72.92,0.04
mogadishu,20070609,2.04,45.34,5.5514,27.67,6.23,7.2,74.23,0.01
mogadishu,20070610,2.04,45.34,5.6782,27.63,6.43,7.37,77.57,0.04
mogadishu,20070611,2.04,45.34,5.9304,27.35,7.68,8.87,80.96,0.29
mogadishu,20070612,2.04,45.34,5.4641,27.46,8.48,9.94,79.81,0.4
mogadishu,20070613,2.04,45.34,6.0425,27.65,9.06,10.68,79.74,0.4
mogadishu,20070614,2.04,45.34,5.4418,27.61,7.86,9.22,82.33,0.78
mogadishu,20070615,2.04,45.34,4.2408,27.61,8.66,10.2,79.33,1.4
mogadishu,20070616,2.04,45.34,3.6466,27.4,10.3,12.13,75.12,0.59
mogadishu,20070617,2.04,45.34,5.0947,26.8,10.38,12.25,76.32,0.82
mogadishu,20070618,2.04,45.34,3.9773,26.69,10.81,12.76,75.02,0.56
mogadishu,20070619,2.04,45.34,3.7668,27.04,10.7,12.61,76.68,0.73
mogadishu,20070620,2.04,45.34,5.105,26.84,10.5,12.43,76.73,3.86
mogadishu,20070621,2.04,45.34,3.9614,26.76,10.18,12.03,79.12,7.64
mogadishu,20070622,2.04,45.34,3.5971,26.52,10.29,12.21,80.18,14.4
mogadishu,20070623,2.04,45.34,3.5815,26.41,10.25,12.15,77.92,3.93
mogadishu,20070624,2.04,45.34,3.9434,26.23,9.86,11.63,79.55,8.31
mogadishu,20070625,2.04,45.34,5.1473,26.39,9.22,10.84,78.36,0.92
mogadishu,20070626,2.04,45.34,4.517,26.59,8.79,10.39,81.21,3.53
mogadishu,20070627,2.04,45.34,5.3376,26.38,7.49,8.72,81.87,1.5
mogadishu,20070628,2.04,45.34,5.8673,26.42,7.41,8.56,80.97,0.44
mogadishu,20070629,2.04,45.34,4.8348,26.59,8.49,9.94,80.26,0.79
mogadishu,20070630,2.04,45.34,6.2784,26.53,7.99,9.36,78.37,0.08
mogadishu,20070701,2.04,45.34,5.1319,26.27,8.78,10.3,77.09,0.06
mogadishu,20070702,2.04,45.34,5.0666,26.29,8.89,10.49,79.07,0.16
mogadishu,20070703,2.04,45.34,5.5836,26.22,9.17,10.73,75.15,0.2
mogadishu,20070704,2.04,45.34,5.4842,26.32,8.71,10.18,75.02,0.1
mogadishu,20070705,2.04,45.34,5.6059,26.22,8.81,10.27,76.2,0.24
mogadishu,20070706,2.04,45.34,6.1997,26.26,7.74,8.98,77.55,0.1
mogadishu,20070707,2.04,45.34,5.2406,26.37,7.44,8.65,78.3,0.37
mogadishu,20070708,2.04,45.34,5.7794,26.05,8.22,9.54,79.27,0.08
mogadishu,20070709,2.04,45.34,5.9146,26.17,8.67,10.16,78.84,0.29
mogadishu,20070710,2.04,45.34,5.5738,26.21,9.4,11.03,80.4,0.0
mogadishu,20070711,2.04,45.34,5.0642,26.23,9.27,10.85,76.73,0.0
mogadishu,20070712,2.04,45.34,6.1337,26.26,8.55,9.99,75.57,0.0
mogadishu,20070713,2.04,45.34,6.3588,26.13,8.56,10.04,81.73,0.0
mogadishu,20070714,2.04,45.34,5.7228,26.17,8.82,10.34,78.55,0.0
mogadishu,20070715,2.04,45.34,5.5344,25.94,9.19,10.79,77.3,0.74
mogadishu,20070716,2.04,45.34,6.0941,25.67,8.39,9.84,76.01,0.56
mogadishu,20070717,2.04,45.34,6.2508,25.81,7.63,8.93,78.53,0.64
mogadishu,20070718,2.04,45.34,6.1807,25.85,8.29,9.69,76.46,1.05
mogadishu,20070719,2.04,45.34,6.2357,25.96,8.44,9.84,76.91,0.51
mogadishu,20070720,2.04,45.34,5.977,26.13,8.46,9.91,79.15,0.0
mogadishu,20070721,2.04,45.34,5.0386,26.22,8.33,9.76,81.44,0.0
mogadishu,20070722,2.04,45.34,6.0266,26.2,8.95,10.54,79.57,0.0
mogadishu,20070723,2.04,45.34,6.4438,26.16,9.38,11.03,79.38,0.0
mogadishu,20070724,2.04,45.34,6.049,26.17,9.0,10.53,76.4,0.0
mogadishu,20070725,2.04,45.34,6.0713,26.03,8.41,9.8,76.18,0.0
mogadishu,20070726,2.04,45.34,5.4158,26.23,8.27,9.65,77.73,0.0
mogadishu,20070727,2.04,45.34,5.0254,26.09,7.47,8.64,80.37,0.0
mogadishu,20070728,2.04,45.34,4.8862,26.19,6.88,7.96,78.54,0.0
mogadishu,20070729,2.04,45.34,6.1471,25.95,5.78,6.59,78.09,0.0
mogadishu,20070730,2.04,45.34,6.3432,26.0,6.25,7.15,79.61,0.01
mogadishu,20070731,2.04,45.34,6.4721,26.06,7.12,8.21,81.35,0.42
mogadishu,20070801,2.04,45.34,5.6532,26.19,7.48,8.82,84.81,7.86
mogadishu,20070802,2.04,45.34,5.0146,26.02,7.51,8.83,81.36,3.46
mogadishu,20070803,2.04,45.34,6.0622,26.1,7.51,8.77,77.93,1.52
mogadishu,20070804,2.04,45.34,6.0396,25.96,7.63,8.92,79.61,0.01
mogadishu,20070805,2.04,45.34,5.7914,25.92,8.39,9.83,80.55,0.02
mogadishu,20070806,2.04,45.34,6.3062,26.0,9.38,11.11,81.17,0.03
mogadishu,20070807,2.04,45.34,6.2122,25.91,8.55,10.03,81.52,0.03
mogadishu,20070808,2.04,45.34,6.1178,26.09,8.46,9.92,77.21,0.0
mogadishu,20070809,2.04,45.34,5.9242,26.04,7.83,9.11,78.08,0.0
mogadishu,20070810,2.04,45.34,4.1686,25.94,8.74,10.25,77.86,0.01
mogadishu,20070811,2.04,45.34,5.7242,25.87,7.95,9.27,76.13,0.0
mogadishu,20070812,2.04,45.34,5.9153,25.9,7.64,8.93,78.96,0.0
mogadishu,20070813,2.04,45.34,5.7902,25.83,7.85,9.15,81.1,0.0
mogadishu,20070814,2.04,45.34,6.2093,25.95,7.72,9.03,79.85,0.08
mogadishu,20070815,2.04,45.34,5.7283,25.96,7.07,8.33,84.17,0.1
mogadishu,20070816,2.04,45.34,5.6244,26.0,5.43,6.47,84.45,0.06
mogadishu,20070817,2.04,45.34,6.3127,25.88,5.09,6.01,87.48,0.07
mogadishu,20070818,2.04,45.34,6.2254,26.1,6.62,7.85,82.67,0.11
mogadishu,20070819,2.04,45.34,6.4114,25.95,7.32,8.57,79.45,1.46
mogadishu,20070820,2.04,45.34,6.1039,25.8,6.91,8.07,81.26,2.24
mogadishu,20070821,2.04,45.34,6.3806,25.88,7.52,8.83,82.27,4.18
mogadishu,20070822,2.04,45.34,5.8114,25.78,8.73,10.35,82.77,6.96
mogadishu,20070823,2.04,45.34,5.1262,25.57,7.91,9.31,80.16,3.29
mogadishu,20070824,2.04,45.34,6.2666,25.64,7.81,9.17,80.02,0.0
mogadishu,20070825,2.04,45.34,5.9352,25.8,7.08,8.38,82.49,0.0
mogadishu,20070826,2.04,45.34,5.9326,25.78,8.3,9.74,80.74,0.0
mogadishu,20070827,2.04,45.34,6.0708,25.76,9.22,10.88,80.44,0.01
mogadishu,20070828,2.04,45.34,6.7625,25.96,8.08,9.47,78.12,0.0
mogadishu,20070829,2.04,45.34,6.8921,26.22,8.02,9.45,78.41,0.0
mogadishu,20070830,2.04,45.34,6.9518,26.21,8.15,9.62,82.93,0.0
mogadishu,20070831,2.04,45.34,5.8392,26.21,7.3,8.59,85.32,0.0
mogadishu,20070901,2.04,45.34,5.6844,26.19,7.17,8.42,84.61,0.0
mogadishu,20070902,2.04,45.34,3.2218,26.01,8.78,10.29,82.32,0.0
mogadishu,20070903,2.04,45.34,6.2095,26.02,7.89,9.15,76.02,0.0
mogadishu,20070904,2.04,45.34,6.8774,26.07,7.63,8.83,80.14,0.01
mogadishu,20070905,2.04,45.34,5.4478,26.28,7.35,8.51,81.11,0.02
mogadishu,20070906,2.04,45.34,5.8618,26.21,7.71,8.99,80.09,0.0
mogadishu,20070907,2.04,45.34,6.4589,26.21,7.19,8.3,82.0,0.03
mogadishu,20070908,2.04,45.34,5.8169,26.26,8.08,9.42,80.51,0.0
mogadishu,20070909,2.04,45.34,6.5002,26.0,7.57,8.71,77.0,0.0
mogadishu,20070910,2.04,45.34,6.3574,25.87,7.03,8.02,79.67,0.0
mogadishu,20070911,2.04,45.34,6.7733,26.17,7.47,8.65,80.2,0.0
mogadishu,20070912,2.04,45.34,5.3225,26.1,9.16,10.68,77.13,0.0
mogadishu,20070913,2.04,45.34,5.1418,25.91,8.49,9.83,77.66,0.17
mogadishu,20070914,2.04,45.34,5.303,26.09,6.82,7.91,81.0,0.68
mogadishu,20070915,2.04,45.34,6.3101,26.07,6.34,7.28,83.25,0.18
mogadishu,20070916,2.04,45.34,6.6866,26.39,7.26,8.34,83.08,0.26
mogadishu,20070917,2.04,45.34,5.7595,26.78,7.44,8.63,80.96,0.35
mogadishu,20070918,2.04,45.34,6.6062,26.77,7.7,8.94,82.15,0.06
mogadishu,20070919,2.04,45.34,5.827,26.58,7.65,8.89,83.94,0.17
mogadishu,20070920,2.04,45.34,5.3213,26.6,6.96,8.08,82.22,0.1
mogadishu,20070921,2.04,45.34,6.6082,26.59,6.53,7.5,80.92,0.03
mogadishu,20070922,2.04,45.34,5.8056,26.52,7.44,8.59,80.28,0.05
mogadishu,20070923,2.04,45.34,5.7305,26.3,7.42,8.52,79.61,0.07
mogadishu,20070924,2.04,45.34,6.1702,25.98,7.15,8.16,81.27,0.06
mogadishu,20070925,2.04,45.34,5.9501,26.42,7.26,8.4,79.95,0.08
mogadishu,20070926,2.04,45.34,6.7553,26.43,7.58,8.8,77.19,0.05
mogadishu,20070927,2.04,45.34,6.0941,26.34,7.23,8.46,83.64,0.43
mogadishu,20070928,2.04,45.34,5.5104,26.41,6.46,7.56,83.21,0.13
mogadishu,20070929,2.04,45.34,5.7408,26.43,7.07,8.25,82.48,0.13
mogadishu,20070930,2.04,45.34,5.2786,26.37,6.62,7.59,82.55,0.09
mogadishu,20071001,2.04,45.34,6.0391,26.53,6.79,7.8,81.76,0.08
mogadishu,20071002,2.04,45.34,5.3578,26.65,7.23,8.38,81.17,0.09
mogadishu,20071003,2.04,45.34,6.1546,26.78,7.47,8.7,80.28,0.3
mogadishu,20071004,2.04,45.34,6.8719,26.79,5.85,6.81,82.28,0.14
mogadishu,20071005,2.04,45.34,5.4214,26.75,6.56,7.59,82.77,0.36
mogadishu,20071006,2.04,45.34,5.8255,26.66,6.84,7.88,79.75,0.31
mogadishu,20071007,2.04,45.34,6.0504,26.73,6.1,7.04,77.81,0.1
mogadishu,20071008,2.04,45.34,6.3461,26.91,5.42,6.28,75.52,0.15
mogadishu,20071009,2.04,45.34,6.6864,26.63,5.58,6.43,81.97,1.15
mogadishu,20071010,2.04,45.34,5.5068,26.8,6.41,7.41,78.22,0.57
mogadishu,20071011,2.04,45.34,6.4238,26.53,7.49,8.63,77.37,0.67
mogadishu,20071012,2.04,45.34,5.9129,26.43,7.23,8.34,76.61,0.54
mogadishu,20071013,2.04,45.34,5.8841,26.43,5.45,6.25,75.65,0.03
mogadishu,20071014,2.04,45.34,5.7953,26.51,4.7,5.32,74.07,0.01
mogadishu,20071015,2.04,45.34,6.0506,26.65,4.58,5.2,73.23,0.01
mogadishu,20071016,2.04,45.34,6.4946,26.75,4.4,5.04,73.71,0.01
mogadishu,20071017,2.04,45.34,6.7054,26.73,5.34,6.15,80.71,0.01
mogadishu,20071018,2.04,45.34,6.384,26.93,5.1,5.89,78.67,2.89
mogadishu,20071019,2.04,45.34,6.4855,26.88,3.74,4.31,74.92,5.51
mogadishu,20071020,2.04,45.34,6.222,26.72,3.52,3.98,76.52,1.69
mogadishu,20071021,2.04,45.34,6.1289,26.57,3.54,3.96,77.94,0.96
mogadishu,20071022,2.04,45.34,5.429,26.51,3.68,4.14,80.09,2.76
mogadishu,20071023,2.04,45.34,6.5544,26.66,4.04,4.5,79.41,0.04
mogadishu,20071024,2.04,45.34,5.9021,26.89,4.58,5.19,78.22,0.04
mogadishu,20071025,2.04,45.34,6.3624,26.92,4.17,4.7,78.64,0.07
mogadishu,20071026,2.04,45.34,5.8536,26.65,4.0,4.49,80.48,0.14
mogadishu,20071027,2.04,45.34,5.8181,26.75,4.38,4.97,81.54,0.08
mogadishu,20071028,2.04,45.34,6.3091,27.03,5.11,5.92,78.4,4.2
mogadishu,20071029,2.04,45.34,5.9995,27.29,5.29,6.18,77.01,4.72
mogadishu,20071030,2.04,45.34,5.2171,27.12,5.15,5.97,78.58,5.39
mogadishu,20071031,2.04,45.34,5.5692,27.08,4.72,5.48,79.04,5.33
mogadishu,20071101,2.04,45.34,5.6131,27.04,4.94,5.72,78.94,3.11
mogadishu,20071102,2.04,45.34,5.8308,27.28,5.34,6.15,77.1,0.06
mogadishu,20071103,2.04,45.34,5.1665,27.21,5.42,6.19,77.7,0.07
mogadishu,20071104,2.04,45.34,5.5188,27.21,4.99,5.66,76.61,0.04
mogadishu,20071105,2.04,45.34,5.2762,26.92,4.65,5.25,76.66,0.04
mogadishu,20071106,2.04,45.34,6.0934,27.22,5.1,5.84,75.1,0.05
mogadishu,20071107,2.04,45.34,6.1114,27.33,4.39,5.17,77.01,13.46
mogadishu,20071108,2.04,45.34,6.1474,27.33,3.86,4.45,76.5,5.14
mogadishu,20071109,2.04,45.34,5.6534,26.92,3.79,4.34,78.73,8.4
mogadishu,20071110,2.04,45.34,4.6406,26.51,5.02,5.82,83.19,14.15
mogadishu,20071111,2.04,45.34,6.2741,26.63,4.89,5.69,81.29,3.43
mogadishu,20071112,2.04,45.34,6.5563,26.97,4.95,5.74,76.05,0.01
mogadishu,20071113,2.04,45.34,5.9131,26.95,4.22,4.82,79.56,0.01
mogadishu,20071114,2.04,45.34,6.0197,27.21,4.37,5.03,78.61,0.05
mogadishu,20071115,2.04,45.34,5.1338,27.28,5.33,6.12,80.3,0.16
mogadishu,20071116,2.04,45.34,6.443,27.51,6.38,7.42,73.77,0.02
mogadishu,20071117,2.04,45.34,5.9141,27.57,6.12,7.12,76.72,0.0
mogadishu,20071118,2.04,45.34,6.0034,27.33,5.45,6.27,77.2,0.0
mogadishu,20071119,2.04,45.34,5.7499,27.42,6.45,7.43,77.86,0.0
mogadishu,20071120,2.04,45.34,6.1133,27.44,7.3,8.4,75.38,0.0
mogadishu,20071121,2.04,45.34,6.2602,27.51,7.5,8.64,75.2,0.0
mogadishu,20071122,2.04,45.34,5.8332,27.67,7.02,8.12,74.04,0.0
mogadishu,20071123,2.04,45.34,5.8663,27.27,6.41,7.34,75.06,0.0
mogadishu,20071124,2.04,45.34,6.1289,27.0,5.55,6.32,78.7,0.0
mogadishu,20071125,2.04,45.34,5.8325,27.49,5.37,6.15,79.2,0.0
mogadishu,20071126,2.04,45.34,6.2251,27.79,6.38,7.33,80.3,0.01
mogadishu,20071127,2.04,45.34,5.4518,27.9,6.8,7.84,79.76,0.16
mogadishu,20071128,2.04,45.34,5.6846,27.93,7.44,8.62,78.8,0.15
mogadishu,20071129,2.04,45.34,5.3354,27.71,7.68,8.89,78.4,0.16
mogadishu,20071130,2.04,45.34,5.6215,27.85,7.31,8.44,76.52,0.1
mogadishu,20071201,2.04,45.34,5.9362,27.58,6.63,7.59,74.16,0.0
mogadishu,20071202,2.04,45.34,6.2054,27.38,6.49,7.4,74.6,0.0
mogadishu,20071203,2.04,45.34,6.6631,27.38,6.41,7.34,73.71,0.0
mogadishu,20071204,2.04,45.34,5.9587,27.71,6.66,7.69,78.97,0.07
mogadishu,20071205,2.04,45.34,6.0228,27.67,8.05,9.4,79.61,0.08
mogadishu,20071206,2.04,45.34,5.5231,27.52,8.07,9.45,79.61,0.05
mogadishu,20071207,2.04,45.34,5.7965,27.51,7.76,9.04,78.18,0.01
mogadishu,20071208,2.04,45.34,6.203,27.45,7.6,8.84,79.87,0.0
mogadishu,20071209,2.04,45.34,4.9946,27.46,7.12,8.24,78.32,0.01
mogadishu,20071210,2.04,45.34,5.515,27.3,6.48,7.44,78.52,0.0
mogadishu,20071211,2.04,45.34,4.4167,27.15,6.25,7.28,81.71,0.01
mogadishu,20071212,2.04,45.34,6.0979,27.2,6.9,7.99,76.74,0.0
mogadishu,20071213,2.04,45.34,6.7603,27.0,7.84,9.11,71.88,0.0
mogadishu,20071214,2.04,45.34,6.6415,27.17,7.69,8.91,69.67,0.0
mogadishu,20071215,2.04,45.34,6.6581,26.96,7.5,8.74,72.17,0.0
mogadishu,20071216,2.04,45.34,6.7788,27.14,8.91,10.49,71.13,0.0
mogadishu,20071217,2.04,45.34,6.3754,27.04,8.78,10.32,72.6,0.0
mogadishu,20071218,2.04,45.34,6.8006,26.81,8.76,10.27,71.33,0.0
mogadishu,20071219,2.04,45.34,6.6451,26.61,7.68,8.94,76.42,0.0
mogadishu,20071220,2.04,45.34,6.6276,26.75,7.85,9.16,76.87,0.0
mogadishu,20071221,2.04,45.34,6.4716,26.68,7.74,9.01,76.39,0.0
mogadishu,20071222,2.04,45.34,6.5148,26.76,7.48,8.71,77.04,0.0
mogadishu,20071223,2.04,45.34,6.3828,26.65,7.35,8.54,75.83,0.0
mogadishu,20071224,2.04,45.34,6.1049,26.77,7.28,8.47,77.26,0.0
mogadishu,20071225,2.04,45.34,5.9611,26.87,7.81,9.05,79.92,0.0
mogadishu,20071226,2.04,45.34,6.0864,26.84,9.56,11.16,76.88,0.0
mogadishu,20071227,2.04,45.34,5.5798,27.05,9.51,11.24,75.88,0.0
mogadishu,20071228,2.04,45.34,6.2054,27.03,8.71,10.2,72.91,0.0
mogadishu,20071229,2.04,45.34,6.4411,26.92,9.01,10.59,77.67,0.0
mogadishu,20071230,2.04,45.34,5.2414,26.95,9.04,10.6,79.04,0.01
mogadishu,20071231,2.04,45.34,5.8781,26.86,9.26,10.84,76.71,0.01
mogadishu,20080101,2.04,45.34,6.6986,26.66,8.81,10.25,74.46,0.0
mogadishu,20080102,2.04,45.34,6.7666,26.79,8.41,9.78,73.02,0.0
mogadishu,20080103,2.04,45.34,6.0602,26.73,8.48,9.92,78.86,0.0
mogadishu,20080104,2.04,45.34,5.6767,26.7,8.88,10.38,76.89,0.0
mogadishu,20080105,2.04,45.34,6.6614,26.57,7.82,9.09,77.08,0.0
mogadishu,20080106,2.04,45.34,6.3778,26.47,7.31,8.48,78.97,0.0
mogadishu,20080107,2.04,45.34,6.6389,26.46,7.31,8.47,79.59,0.0
mogadishu,20080108,2.04,45.34,6.7145,26.4,8.33,9.7,79.86,0.01
mogadishu,20080109,2.04,45.34,6.3384,26.45,8.26,9.62,80.84,0.01
mogadishu,20080110,2.04,45.34,6.3787,26.54,8.55,9.99,79.36,0.0
mogadishu,20080111,2.04,45.34,6.2892,26.38,7.73,9.01,82.4,0.01
mogadishu,20080112,2.04,45.34,5.7343,26.45,6.63,7.65,82.26,0.02
mogadishu,20080113,2.04,45.34,6.1651,26.73,6.44,7.51,81.21,0.07
mogadishu,20080114,2.04,45.34,5.917,26.8,6.5,7.61,82.76,0.28
mogadishu,20080115,2.04,45.34,5.334,26.92,7.32,8.57,80.51,0.11
mogadishu,20080116,2.04,45.34,5.8594,26.96,8.02,9.41,82.27,1.87
mogadishu,20080117,2.04,45.34,4.8902,26.88,7.84,9.25,83.93,4.4
mogadishu,20080118,2.04,45.34,5.7542,26.82,7.74,9.1,82.08,4.63
mogadishu,20080119,2.04,45.34,5.3182,26.82,9.33,10.98,78.93,0.44
mogadishu,20080120,2.04,45.34,6.0818,26.66,8.52,9.93,75.06,0.02
mogadishu,20080121,2.04,45.34,6.6569,26.59,8.71,10.16,74.19,0.0
mogadishu,20080122,2.04,45.34,6.8479,26.49,8.04,9.35,74.71,0.0
mogadishu,20080123,2.04,45.34,6.6425,26.75,8.36,9.78,74.97,0.0
mogadishu,20080124,2.04,45.34,6.8544,26.55,7.84,9.14,75.95,0.0
mogadishu,20080125,2.04,45.34,6.7114,26.97,7.78,9.04,77.26,0.0
mogadishu,20080126,2.04,45.34,6.701,27.1,8.35,9.77,77.55,0.0
mogadishu,20080127,2.04,45.34,6.9914,26.91,7.8,9.05,73.48,0.0
mogadishu,20080128,2.04,45.34,6.9113,26.89,8.95,10.49,74.92,0.0
mogadishu,20080129,2.04,45.34,7.0608,26.76,8.18,9.61,75.16,0.0
mogadishu,20080130,2.04,45.34,6.895,26.74,8.02,9.37,74.92,0.0
mogadishu,20080131,2.04,45.34,7.0728,26.79,7.96,9.29,73.66,0.0
mogadishu,20080201,2.04,45.34,6.9958,26.73,8.5,9.92,76.19,0.0
mogadishu,20080202,2.04,45.34,6.8338,26.92,9.69,11.4,72.98,0.0
mogadishu,20080203,2.04,45.34,6.2594,27.26,9.92,11.7,70.24,0.0
mogadishu,20080204,2.04,45.34,6.6386,26.91,8.93,10.4,71.44,0.0
mogadishu,20080205,2.04,45.34,6.8261,26.68,9.23,10.73,73.7,0.0
mogadishu,20080206,2.04,45.34,6.6034,26.42,10.53,12.34,69.09,0.0
mogadishu,20080207,2.04,45.34,6.9338,26.32,10.25,11.99,68.22,0.0
mogadishu,20080208,2.04,45.34,6.5832,26.3,10.13,11.82,70.72,0.0
mogadishu,20080209,2.04,45.34,7.1822,26.32,10.27,12.02,68.14,0.0
mogadishu,20080210,2.04,45.34,7.2298,26.4,10.01,11.78,68.68,0.0
mogadishu,20080211,2.04,45.34,7.0954,26.38,10.13,11.93,67.93,0.0
mogadishu,20080212,2.04,45.34,7.2478,26.13,9.75,11.4,67.4,0.0
mogadishu,20080213,2.04,45.34,6.5263,26.18,7.9,9.17,69.86,0.0
mogadishu,20080214,2.04,45.34,6.6458,26.28,7.96,9.3,75.8,0.0
mogadishu,20080215,2.04,45.34,6.8131,26.15,8.78,10.25,78.4,0.0
mogadishu,20080216,2.04,45.34,5.947,26.2,8.81,10.33,79.78,0.0
mogadishu,20080217,2.04,45.34,6.2114,26.25,8.63,10.18,80.66,0.0
mogadishu,20080218,2.04,45.34,6.2587,26.43,8.57,10.07,81.59,0.0
mogadishu,20080219,2.04,45.34,6.6043,26.35,8.59,10.13,79.7,0.0
mogadishu,20080220,2.04,45.34,7.3219,26.11,7.8,9.04,78.36,0.0
mogadishu,20080221,2.04,45.34,7.049,26.33,8.48,9.85,76.29,0.0
mogadishu,20080222,2.04,45.34,7.2888,26.14,9.85,11.46,74.13,0.0
mogadishu,20080223,2.04,45.34,6.6756,26.43,9.81,11.49,75.22,0.0
mogadishu,20080224,2.04,45.34,6.9079,26.2,8.76,10.14,74.76,0.0
mogadishu,20080225,2.04,45.34,7.2036,25.95,7.68,8.84,74.4,0.0
mogadishu,20080226,2.04,45.34,6.931,25.77,6.61,7.54,76.96,0.02
mogadishu,20080227,2.04,45.34,7.1105,25.84,6.29,7.14,77.86,0.0
mogadishu,20080228,2.04,45.34,7.2134,25.92,7.44,8.55,76.54,0.0
mogadishu,20080229,2.04,45.34,7.482,25.98,8.27,9.57,74.76,0.0
mogadishu,20080301,2.04,45.34,7.261,26.07,8.34,9.63,72.71,0.0
mogadishu,20080302,2.04,45.34,7.2778,26.19,7.54,8.7,75.87,0.0
mogadishu,20080303,2.04,45.34,7.1285,25.97,6.15,7.0,78.4,0.0
mogadishu,20080304,2.04,45.34,6.4834,25.93,5.17,5.79,79.45,0.0
mogadishu,20080305,2.04,45.34,7.075,26.23,5.87,6.66,78.37,0.0
mogadishu,20080306,2.04,45.34,6.691,26.75,7.37,8.54,78.8,0.0
mogadishu,20080307,2.04,45.34,6.2131,26.91,8.99,10.56,81.12,0.0
mogadishu,20080308,2.04,45.34,7.0531,26.79,8.79,10.21,78.03,0.0
mogadishu,20080309,2.04,45.34,7.2158,26.52,8.8,10.14,75.16,0.0
mogadishu,20080310,2.04,45.34,6.9931,26.19,7.78,8.9,74.35,0.0
mogadishu,20080311,2.04,45.34,7.1645,26.45,7.22,8.31,73.21,0.0
mogadishu,20080312,2.04,45.34,7.2919,26.55,7.22,8.33,71.76,0.0
mogadishu,20080313,2.04,45.34,7.2578,26.42,7.04,8.1,76.22,0.0
mogadishu,20080314,2.04,45.34,7.3634,26.27,6.21,7.08,79.29,0.0
mogadishu,20080315,2.04,45.34,7.3858,26.5,6.06,6.91,78.66,0.0
mogadishu,20080316,2.04,45.34,7.3157,26.63,6.24,7.13,77.32,0.0
mogadishu,20080317,2.04,45.34,7.1146,26.44,6.36,7.26,79.07,0.0
mogadishu,20080318,2.04,45.34,7.368,26.3,5.52,6.24,77.74,0.0
mogadishu,20080319,2.04,45.34,7.247,26.29,3.98,4.37,77.28,0.0
mogadishu,20080320,2.04,45.34,6.738,27.22,4.2,4.72,76.92,0.03
mogadishu,20080321,2.04,45.34,6.4195,27.64,3.77,4.22,77.93,0.07
mogadishu,20080322,2.04,45.34,6.1702,27.44,4.47,5.0,77.51,2.25
mogadishu,20080323,2.04,45.34,7.4198,27.1,4.72,5.33,76.44,0.01
mogadishu,20080324,2.04,45.34,7.4086,26.89,4.01,4.46,72.54,0.0
mogadishu,20080325,2.04,45.34,7.3589,27.17,4.25,4.74,70.6,0.0
mogadishu,20080326,2.04,45.34,7.273,27.27,6.02,6.79,73.03,0.0
mogadishu,20080327,2.04,45.34,7.1686,26.98,6.39,7.27,72.29,0.0
mogadishu,20080328,2.04,45.34,7.0966,27.05,6.18,6.98,75.03,0.0
mogadishu,20080329,2.04,45.34,7.0195,27.13,5.72,6.42,76.11,0.0
mogadishu,20080330,2.04,45.34,7.1758,27.46,4.98,5.59,74.85,0.0
mogadishu,20080331,2.04,45.34,6.9041,27.31,4.96,5.54,77.56,0.01
mogadishu,20080401,2.04,45.34,6.8386,27.47,5.09,5.67,78.73,0.0
mogadishu,20080402,2.04,45.34,7.2758,27.76,5.27,5.93,77.82,0.0
mogadishu,20080403,2.04,45.34,7.3325,27.62,5.54,6.3,74.22,0.0
mogadishu,20080404,2.04,45.34,7.4453,27.14,5.3,5.99,77.06,0.0
mogadishu,20080405,2.04,45.34,7.4854,27.17,5.31,5.97,75.94,0.0
mogadishu,20080406,2.04,45.34,7.4086,27.48,5.42,6.11,77.78,3.58
mogadishu,20080407,2.04,45.34,7.0212,27.87,4.59,5.27,74.51,5.96
mogadishu,20080408,2.04,45.34,7.2833,27.58,4.41,5.05,73.06,3.57
mogadishu,20080409,2.04,45.34,7.0865,26.98,4.04,4.59,79.07,9.61
mogadishu,20080410,2.04,45.34,7.1179,27.34,4.27,4.84,75.91,3.52
mogadishu,20080411,2.04,45.34,5.8546,27.36,4.32,4.92,79.74,21.17
mogadishu,20080412,2.04,45.34,5.5234,26.81,4.15,4.79,83.68,36.43
mogadishu,20080413,2.04,45.34,6.0247,27.25,3.53,4.02,78.52,7.96
mogadishu,20080414,2.04,45.34,6.1526,27.44,3.44,3.89,76.32,2.22
mogadishu,20080415,2.04,45.34,5.7967,27.56,3.15,3.5,76.28,2.12
mogadishu,20080416,2.04,45.34,6.4082,27.67,2.96,3.32,77.41,5.09
mogadishu,20080417,2.04,45.34,6.0082,27.62,2.96,3.33,78.35,7.56
mogadishu,20080418,2.04,45.34,6.5522,27.7,3.55,4.09,80.52,15.42
mogadishu,20080419,2.04,45.34,6.4618,27.47,3.54,4.04,83.24,19.76
mogadishu,20080420,2.04,45.34,6.8268,27.19,3.65,4.15,85.09,8.7
mogadishu,20080421,2.04,45.34,6.5993,27.47,3.85,4.41,81.69,2.88
mogadishu,20080422,2.04,45.34,6.8136,27.89,4.25,4.85,78.86,0.91
mogadishu,20080423,2.04,45.34,6.9221,27.97,4.17,4.75,78.02,0.52
mogadishu,20080424,2.04,45.34,6.6773,27.8,3.8,4.3,78.59,2.09
mogadishu,20080425,2.04,45.34,6.4934,27.64,3.27,3.65,78.45,1.94
mogadishu,20080426,2.04,45.34,6.5705,27.71,3.76,4.21,77.31,0.01
mogadishu,20080427,2.04,45.34,6.5489,27.93,5.08,5.78,79.33,0.0
mogadishu,20080428,2.04,45.34,6.2731,28.01,6.11,6.97,81.27,0.01
mogadishu,20080429,2.04,45.34,6.2352,28.12,6.12,7.02,80.29,0.02
mogadishu,20080430,2.04,45.34,6.1728,28.3,6.09,7.06,76.56,0.01
mogadishu,20080501,2.04,45.34,6.0955,27.86,6.21,7.08,79.02,0.31
mogadishu,20080502,2.04,45.34,5.9662,27.89,6.19,7.08,77.08,0.12
mogadishu,20080503,2.04,45.34,6.6972,27.87,5.7,6.53,74.66,0.07
mogadishu,20080504,2.04,45.34,6.6478,27.48,6.06,6.91,78.29,0.06
mogadishu,20080505,2.04,45.34,6.5676,27.7,6.03,6.91,79.12,0.3
mogadishu,20080506,2.04,45.34,6.7226,28.2,6.69,7.79,79.45,0.19
mogadishu,20080507,2.04,45.34,6.4788,28.01,5.9,6.87,80.68,0.15
mogadishu,20080508,2.04,45.34,6.4716,27.98,5.82,6.78,83.41,0.5
mogadishu,20080509,2.04,45.34,5.9722,28.15,5.16,6.03,81.25,0.72
mogadishu,20080510,2.04,45.34,4.5238,28.04,5.47,6.41,80.26,0.44
mogadishu,20080511,2.04,45.34,5.2452,27.96,4.39,5.08,78.99,1.06
mogadishu,20080512,2.04,45.34,6.5225,27.79,4.6,5.27,79.27,0.44
mogadishu,20080513,2.04,45.34,6.7018,27.93,4.8,5.56,75.86,0.23
mogadishu,20080514,2.04,45.34,6.3854,27.69,5.13,5.92,81.94,0.94
mogadishu,20080515,2.04,45.34,6.6576,27.96,6.27,7.36,77.69,0.88
mogadishu,20080516,2.04,45.34,6.4476,27.61,5.62,6.49,81.16,0.06
mogadishu,20080517,2.04,45.34,6.4488,27.86,5.88,6.88,79.35,0.06
mogadishu,20080518,2.04,45.34,6.0629,27.74,5.59,6.44,78.66,0.05
mogadishu,20080519,2.04,45.34,6.1042,27.48,5.56,6.37,81.39,0.06
mogadishu,20080520,2.04,45.34,5.4281,27.59,6.4,7.37,82.62,0.09
mogadishu,20080521,2.04,45.34,5.19,27.43,5.9,6.8,83.31,2.24
mogadishu,20080522,2.04,45.34,5.599,27.11,4.92,5.66,85.71,2.33
mogadishu,20080523,2.04,45.34,4.757,26.61,6.31,7.26,86.33,2.32
mogadishu,20080524,2.04,45.34,5.5584,27.35,6.78,7.96,83.2,2.6
mogadishu,20080525,2.04,45.34,5.5224,27.24,7.12,8.4,82.81,1.32
mogadishu,20080526,2.04,45.34,4.656,27.15,7.79,9.23,82.33,2.83
mogadishu,20080527,2.04,45.34,3.7658,26.97,6.73,8.03,84.19,3.89
mogadishu,20080528,2.04,45.34,4.417,26.29,7.78,9.22,88.5,10.33
mogadishu,20080529,2.04,45.34,4.9865,26.85,7.05,8.29,83.91,4.81
mogadishu,20080530,2.04,45.34,2.8817,26.81,8.42,9.96,84.91,2.79
mogadishu,20080531,2.04,45.34,5.299,26.9,6.98,8.24,83.3,1.7
mogadishu,20080601,2.04,45.34,5.2812,26.82,6.56,7.76,85.34,2.12
mogadishu,20080602,2.04,45.34,5.7394,27.03,7.05,8.28,81.35,0.53
mogadishu,20080603,2.04,45.34,6.1061,27.13,7.66,9.02,82.83,0.88
mogadishu,20080604,2.04,45.34,5.8464,27.08,7.01,8.26,81.97,1.18
mogadishu,20080605,2.04,45.34,5.5001,26.82,7.48,8.85,81.08,0.19
mogadishu,20080606,2.04,45.34,4.9702,26.75,8.25,9.75,77.1,0.05
mogadishu,20080607,2.04,45.34,6.0802,26.68,7.97,9.38,78.98,0.12
mogadishu,20080608,2.04,45.34,5.7101,26.58,8.16,9.61,80.27,0.21
mogadishu,20080609,2.04,45.34,5.2894,26.4,8.34,9.82,78.93,0.09
mogadishu,20080610,2.04,45.34,5.2687,26.06,8.7,10.24,79.88,2.2
mogadishu,20080611,2.04,45.34,5.963,26.03,8.91,10.55,77.79,3.07
mogadishu,20080612,2.04,45.34,5.129,26.22,8.45,10.04,77.34,2.97
mogadishu,20080613,2.04,45.34,4.7906,26.28,7.99,9.51,83.25,5.68
mogadishu,20080614,2.04,45.34,5.2726,26.34,7.86,9.39,87.47,12.11
mogadishu,20080615,2.04,45.34,2.335,26.25,8.53,10.18,82.91,9.72
mogadishu,20080616,2.04,45.34,5.7674,26.35,7.83,9.27,80.22,1.54
mogadishu,20080617,2.04,45.34,5.9899,26.08,8.43,10.01,81.44,1.65
mogadishu,20080618,2.04,45.34,4.416,25.98,8.43,10.01,80.62,3.98
mogadishu,20080619,2.04,45.34,3.9962,25.77,8.98,10.64,79.65,5.05
mogadishu,20080620,2.04,45.34,4.5713,25.93,8.53,10.07,77.58,1.2
mogadishu,20080621,2.04,45.34,4.1071,25.82,7.73,9.04,80.88,1.02
mogadishu,20080622,2.04,45.34,5.0242,26.08,7.49,8.75,79.08,0.83
mogadishu,20080623,2.04,45.34,5.2243,26.13,8.53,10.01,77.56,0.72
mogadishu,20080624,2.04,45.34,6.0708,26.36,8.7,10.22,78.65,0.46
mogadishu,20080625,2.04,45.34,4.3366,26.21,8.38,9.96,85.02,2.75
mogadishu,20080626,2.04,45.34,4.6474,26.17,9.02,10.71,81.55,2.03
mogadishu,20080627,2.04,45.34,6.0312,26.23,8.92,10.54,79.61,1.48
mogadishu,20080628,2.04,45.34,5.6815,26.1,9.29,10.95,76.32,0.85
mogadishu,20080629,2.04,45.34,5.2925,26.12,9.19,10.88,75.69,0.79
mogadishu,20080630,2.04,45.34,5.2217,25.74,8.72,10.35,80.06,0.9
mogadishu,20080701,2.04,45.34,4.2394,25.53,8.6,10.25,84.15,1.78
mogadishu,20080702,2.04,45.34,4.7765,25.64,7.66,9.04,81.49,1.55
mogadishu,20080703,2.04,45.34,4.553,25.59,7.7,9.09,82.29,1.39
mogadishu,20080704,2.04,45.34,5.773,25.69,7.01,8.21,76.64,0.66
mogadishu,20080705,2.04,45.34,5.2483,25.36,7.1,8.31,75.31,4.34
mogadishu,20080706,2.04,45.34,5.8608,25.46,7.47,8.78,76.7,3.14
mogadishu,20080707,2.04,45.34,6.1068,25.38,8.02,9.41,77.8,4.61
mogadishu,20080708,2.04,45.34,5.6818,25.25,8.12,9.58,78.58,4.83
mogadishu,20080709,2.04,45.34,4.4501,25.21,8.24,9.75,80.28,6.33
mogadishu,20080710,2.04,45.34,5.1816,25.5,8.16,9.61,82.13,0.0
mogadishu,20080711,2.04,45.34,5.0777,25.64,8.62,10.25,87.02,0.02
mogadishu,20080712,2.04,45.34,4.8072,25.78,9.27,10.96,80.12,0.0
mogadishu,20080713,2.04,45.34,5.3707,25.7,9.28,10.95,77.16,0.0
mogadishu,20080714,2.04,45.34,4.9982,25.7,9.12,10.78,80.94,0.01
mogadishu,20080715,2.04,45.34,4.7858,25.83,9.13,10.78,81.14,0.02
mogadishu,20080716,2.04,45.34,5.8658,25.81,9.33,11.0,79.32,0.01
mogadishu,20080717,2.04,45.34,5.545,25.76,10.11,11.97,75.7,0.01
mogadishu,20080718,2.04,45.34,5.4247,25.47,9.66,11.45,78.84,0.01
mogadishu,20080719,2.04,45.34,4.6798,25.28,9.41,11.2,84.28,0.02
mogadishu,20080720,2.04,45.34,4.5912,25.27,9.25,11.14,79.36,0.01
mogadishu,20080721,2.04,45.34,5.3986,25.17,8.75,10.39,77.27,0.01
mogadishu,20080722,2.04,45.34,5.9009,25.38,8.88,10.42,78.39,0.01
mogadishu,20080723,2.04,45.34,5.3808,25.14,9.55,11.21,78.13,0.01
mogadishu,20080724,2.04,45.34,5.0909,25.02,9.99,11.78,76.95,0.01
mogadishu,20080725,2.04,45.34,5.2615,25.04,9.79,11.53,77.99,0.0
mogadishu,20080726,2.04,45.34,5.4749,25.17,9.81,11.56,78.6,0.0
mogadishu,20080727,2.04,45.34,5.6868,25.33,9.1,10.73,79.49,0.0
mogadishu,20080728,2.04,45.34,4.9258,25.44,9.11,10.83,84.88,0.0
mogadishu,20080729,2.04,45.34,5.5673,25.42,9.46,11.22,82.88,0.0
mogadishu,20080730,2.04,45.34,5.3057,25.04,9.1,10.78,79.2,0.16
mogadishu,20080731,2.04,45.34,5.7766,25.18,8.68,10.21,76.29,0.13
mogadishu,20080801,2.04,45.34,5.9167,25.12,8.19,9.58,79.58,0.2
mogadishu,20080802,2.04,45.34,5.8428,25.32,8.1,9.53,80.08,0.22
mogadishu,20080803,2.04,45.34,5.8949,25.5,8.65,10.21,80.82,0.23
mogadishu,20080804,2.04,45.34,5.0398,25.44,9.32,11.0,81.04,0.01
mogadishu,20080805,2.04,45.34,5.3525,25.32,9.63,11.32,79.69,0.0
mogadishu,20080806,2.04,45.34,6.347,25.33,8.92,10.5,79.29,0.0
mogadishu,20080807,2.04,45.34,6.0547,25.17,8.38,9.8,79.13,0.0
mogadishu,20080808,2.04,45.34,6.0353,25.29,8.29,9.77,83.58,0.0
mogadishu,20080809,2.04,45.34,5.7425,25.64,8.05,9.53,84.95,0.02
mogadishu,20080810,2.04,45.34,5.1101,25.52,7.27,8.59,86.84,0.03
mogadishu,20080811,2.04,45.34,5.113,25.43,7.81,9.23,86.07,0.04
mogadishu,20080812,2.04,45.34,5.6772,25.24,7.71,9.11,81.1,0.02
mogadishu,20080813,2.04,45.34,5.1374,25.3,7.02,8.22,74.7,0.0
mogadishu,20080814,2.04,45.34,4.825,25.19,7.62,8.88,78.78,0.0
mogadishu,20080815,2.04,45.34,6.4786,25.31,7.62,8.82,80.32,0.0
mogadishu,20080816,2.04,45.34,5.3299,25.55,7.7,9.0,80.54,0.0
mogadishu,20080817,2.04,45.34,5.587,25.59,7.07,8.21,79.58,0.0
mogadishu,20080818,2.04,45.34,5.4415,25.45,6.94,8.01,77.27,0.0
mogadishu,20080819,2.04,45.34,5.3592,25.39,7.66,8.88,79.9,0.0
mogadishu,20080820,2.04,45.34,6.2419,25.52,6.88,7.95,80.08,0.0
mogadishu,20080821,2.04,45.34,6.6473,25.69,7.24,8.36,75.9,0.0
mogadishu,20080822,2.04,45.34,6.7944,25.71,8.23,9.54,76.68,0.0
mogadishu,20080823,2.04,45.34,6.306,26.17,8.51,9.93,79.56,0.0
mogadishu,20080824,2.04,45.34,6.1579,26.21,6.78,7.84,80.16,0.0
mogadishu,20080825,2.04,45.34,5.2159,25.72,7.63,8.93,85.58,0.01
mogadishu,20080826,2.04,45.34,6.2741,25.77,7.28,8.43,83.65,0.0
mogadishu,20080827,2.04,45.34,6.4927,25.88,7.07,8.18,82.77,0.0
mogadishu,20080828,2.04,45.34,5.8752,26.01,6.68,7.7,79.05,0.0
mogadishu,20080829,2.04,45.34,6.725,25.73,6.89,7.93,78.7,0.0
mogadishu,20080830,2.04,45.34,6.0756,25.83,7.53,8.69,76.47,0.0
mogadishu,20080831,2.04,45.34,6.8782,25.71,7.12,8.23,78.42,0.0
mogadishu,20080901,2.04,45.34,7.0723,25.66,6.75,7.79,80.66,0.0
mogadishu,20080902,2.04,45.34,6.6218,25.96,7.21,8.44,83.17,0.0
mogadishu,20080903,2.04,45.34,5.9964,26.01,6.27,7.36,86.91,0.0
mogadishu,20080904,2.04,45.34,2.196,25.96,7.35,8.63,86.85,0.0
mogadishu,20080905,2.04,45.34,4.9486,25.75,7.46,8.64,84.36,0.0
mogadishu,20080906,2.04,45.34,5.755,25.93,8.37,9.76,82.46,0.0
mogadishu,20080907,2.04,45.34,6.06,26.11,7.89,9.14,78.06,0.0
mogadishu,20080908,2.04,45.34,6.4325,25.94,6.79,7.77,78.38,0.0
mogadishu,20080909,2.04,45.34,6.6401,26.01,6.92,7.94,75.61,0.0
mogadishu,20080910,2.04,45.34,6.864,25.83,7.07,8.11,76.87,0.0
mogadishu,20080911,2.04,45.34,6.8342,25.94,7.48,8.62,76.33,0.0
mogadishu,20080912,2.04,45.34,6.4908,25.87,7.14,8.22,80.65,0.0
mogadishu,20080913,2.04,45.34,4.5322,26.01,8.19,9.53,79.18,0.04
mogadishu,20080914,2.04,45.34,6.3528,25.75,8.03,9.28,78.21,0.02
mogadishu,20080915,2.04,45.34,6.3005,25.65,7.92,9.12,79.84,0.02
mogadishu,20080916,2.04,45.34,6.2136,25.67,6.32,7.23,80.01,0.01
mogadishu,20080917,2.04,45.34,5.7106,26.18,5.77,6.63,79.48,0.02
mogadishu,20080918,2.04,45.34,5.443,26.33,6.15,7.1,76.07,0.0
mogadishu,20080919,2.04,45.34,6.4164,26.1,5.61,6.51,73.97,0.0
mogadishu,20080920,2.04,45.34,7.1513,25.94,5.79,6.75,78.09,0.0
mogadishu,20080921,2.04,45.34,6.9727,26.05,5.3,6.22,82.45,0.0
mogadishu,20080922,2.04,45.34,5.4204,26.32,5.65,6.62,83.28,0.0
mogadishu,20080923,2.04,45.34,6.7411,26.32,6.22,7.23,76.06,0.0
mogadishu,20080924,2.04,45.34,6.4409,26.18,5.71,6.59,78.27,0.0
mogadishu,20080925,2.04,45.34,6.6374,26.04,4.83,5.55,84.77,0.0
mogadishu,20080926,2.04,45.34,5.8325,26.41,4.81,5.55,83.73,0.0
mogadishu,20080927,2.04,45.34,5.8306,26.42,5.44,6.25,82.02,0.0
mogadishu,20080928,2.04,45.34,6.1757,26.48,5.45,6.27,80.85,0.0
mogadishu,20080929,2.04,45.34,6.3454,26.32,6.4,7.36,81.39,0.0
mogadishu,20080930,2.04,45.34,6.21,26.69,7.0,8.19,80.65,0.01
mogadishu,20081001,2.04,45.34,6.3631,26.61,6.58,7.64,79.93,0.0
mogadishu,20081002,2.04,45.34,6.054,26.81,6.03,6.97,82.03,0.0
mogadishu,20081003,2.04,45.34,6.1716,26.83,6.23,7.2,82.09,0.2
mogadishu,20081004,2.04,45.34,5.4461,26.79,6.1,7.07,82.3,0.78
mogadishu,20081005,2.04,45.34,5.2025,26.42,4.86,5.52,82.3,0.44
mogadishu,20081006,2.04,45.34,6.3706,26.62,5.76,6.59,80.74,0.08
mogadishu,20081007,2.04,45.34,6.1846,26.91,6.24,7.22,78.07,0.11
mogadishu,20081008,2.04,45.34,5.976,26.66,5.5,6.32,80.93,0.84
mogadishu,20081009,2.04,45.34,5.657,26.95,4.86,5.59,78.75,1.18
mogadishu,20081010,2.04,45.34,6.6545,26.89,3.86,4.37,76.76,0.21
mogadishu,20081011,2.04,45.34,6.8928,26.49,4.47,4.99,80.91,0.0
mogadishu,20081012,2.04,45.34,6.0358,26.36,4.89,5.46,82.96,0.44
mogadishu,20081013,2.04,45.34,6.7169,26.41,4.47,5.01,82.32,0.25
mogadishu,20081014,2.04,45.34,5.9076,26.7,4.26,4.75,77.45,0.11
mogadishu,20081015,2.04,45.34,5.9918,26.54,4.58,5.02,80.09,0.68
mogadishu,20081016,2.04,45.34,5.0794,26.65,5.93,6.81,83.49,5.4
mogadishu,20081017,2.04,45.34,4.8634,26.61,5.72,6.57,82.01,1.18
mogadishu,20081018,2.04,45.34,6.169,26.72,5.2,5.97,79.52,0.54
mogadishu,20081019,2.04,45.34,5.4384,26.71,5.49,6.34,78.92,2.41
mogadishu,20081020,2.04,45.34,5.922,26.59,6.14,7.21,80.0,2.67
mogadishu,20081021,2.04,45.34,5.015,26.3,7.09,8.27,81.22,1.59
mogadishu,20081022,2.04,45.34,5.3743,26.57,7.06,8.23,77.52,0.81
mogadishu,20081023,2.04,45.34,5.5481,26.84,5.97,6.96,83.76,0.73
mogadishu,20081024,2.04,45.34,6.1046,26.98,4.98,5.78,80.71,0.48
mogadishu,20081025,2.04,45.34,6.6919,26.96,4.65,5.35,80.12,0.49
mogadishu,20081026,2.04,45.34,5.9582,27.04,4.64,5.38,77.03,0.38
mogadishu,20081027,2.04,45.34,5.8958,27.22,4.92,5.68,78.02,0.44
mogadishu,20081028,2.04,45.34,5.2356,27.08,5.36,6.27,81.64,7.75
mogadishu,20081029,2.04,45.34,5.4156,27.19,5.55,6.51,77.76,3.47
mogadishu,20081030,2.04,45.34,4.9577,26.74,4.29,5.03,83.05,14.88
mogadishu,20081031,2.04,45.34,5.3431,26.78,3.89,4.53,82.11,10.02
mogadishu,20081101,2.04,45.34,5.9928,26.86,4.41,5.15,82.01,7.32
mogadishu,20081102,2.04,45.34,5.6779,26.6,4.24,4.96,85.54,39.15
mogadishu,20081103,2.04,45.34,5.9933,26.38,4.44,5.17,85.18,37.63
mogadishu,20081104,2.04,45.34,6.659,26.64,4.99,5.89,78.67,4.31
mogadishu,20081105,2.04,45.34,6.6425,26.72,4.08,4.71,78.87,9.69
mogadishu,20081106,2.04,45.34,6.4186,26.86,3.62,4.17,79.45,1.91
mogadishu,20081107,2.04,45.34,5.6724,27.09,3.63,4.19,80.16,0.89
mogadishu,20081108,2.04,45.34,5.761,27.38,4.54,5.33,79.64,1.59
mogadishu,20081109,2.04,45.34,5.5291,27.54,5.83,6.89,81.35,3.66
mogadishu,20081110,2.04,45.34,6.5318,27.7,6.44,7.64,76.68,2.21
mogadishu,20081111,2.04,45.34,6.4375,27.42,5.17,6.04,79.32,0.11
mogadishu,20081112,2.04,45.34,5.9515,27.46,4.41,5.1,79.99,0.0
mogadishu,20081113,2.04,45.34,6.3934,27.58,5.17,5.99,77.5,0.0
mogadishu,20081114,2.04,45.34,6.3017,27.45,4.78,5.54,77.18,0.0
mogadishu,20081115,2.04,45.34,6.5933,27.3,5.24,6.08,76.02,0.0
mogadishu,20081116,2.04,45.34,6.4891,27.39,6.1,7.18,75.66,0.0
mogadishu,20081117,2.04,45.34,6.6564,27.52,7.06,8.42,73.0,0.0
mogadishu,20081118,2.04,45.34,6.9298,27.29,8.21,9.73,68.33,0.0
mogadishu,20081119,2.04,45.34,6.8191,27.1,7.74,9.23,69.34,0.0
mogadishu,20081120,2.04,45.34,6.7882,26.99,6.28,7.46,70.79,0.0
mogadishu,20081121,2.04,45.34,6.6912,27.09,5.83,6.85,75.2,0.0
mogadishu,20081122,2.04,45.34,6.7027,27.18,5.71,6.69,79.42,0.05
mogadishu,20081123,2.04,45.34,6.5386,27.28,6.18,7.19,81.02,0.11
mogadishu,20081124,2.04,45.34,6.0554,27.2,6.06,7.13,83.65,0.57
mogadishu,20081125,2.04,45.34,6.2105,27.21,6.08,7.2,81.23,0.1
mogadishu,20081126,2.04,45.34,6.3043,27.11,5.42,6.36,76.19,0.02
mogadishu,20081127,2.04,45.34,5.887,27.02,4.86,5.64,78.29,0.0
mogadishu,20081128,2.04,45.34,6.4675,27.06,6.31,7.32,79.27,0.0
mogadishu,20081129,2.04,45.34,6.5726,26.78,6.37,7.36,78.77,0.0
mogadishu,20081130,2.04,45.34,6.2558,26.61,5.44,6.28,79.59,0.0
mogadishu,20081201,2.04,45.34,6.3142,26.7,4.18,4.78,79.01,0.0
mogadishu,20081202,2.04,45.34,5.7919,26.91,4.38,4.99,77.04,0.0
mogadishu,20081203,2.04,45.34,6.1836,26.99,6.21,7.13,78.5,0.0
mogadishu,20081204,2.04,45.34,6.5698,27.15,7.82,9.11,76.16,0.0
mogadishu,20081205,2.04,45.34,6.4762,27.11,7.37,8.62,74.79,0.0
mogadishu,20081206,2.04,45.34,6.6638,27.16,6.53,7.64,74.43,0.0
mogadishu,20081207,2.04,45.34,6.6509,27.14,7.06,8.25,75.19,0.0
mogadishu,20081208,2.04,45.34,6.5748,26.9,7.95,9.28,74.43,0.0
mogadishu,20081209,2.04,45.34,6.6413,26.9,8.29,9.7,73.97,0.0
mogadishu,20081210,2.04,45.34,6.601,26.65,7.35,8.57,73.56,0.0
mogadishu,20081211,2.04,45.34,6.6182,26.82,6.28,7.34,75.99,0.0
mogadishu,20081212,2.04,45.34,6.4466,26.95,6.45,7.53,77.48,0.0
mogadishu,20081213,2.04,45.34,6.5801,26.91,7.42,8.69,78.08,0.0
mogadishu,20081214,2.04,45.34,6.7138,26.61,7.24,8.39,75.77,0.0
mogadishu,20081215,2.04,45.34,6.6802,26.41,6.99,8.07,78.15,0.0
mogadishu,20081216,2.04,45.34,6.6768,26.51,6.86,7.99,77.84,0.0
mogadishu,20081217,2.04,45.34,6.6355,26.49,7.71,8.98,76.77,0.0
mogadishu,20081218,2.04,45.34,6.7735,26.5,8.29,9.7,74.13,0.0
mogadishu,20081219,2.04,45.34,6.6958,26.45,8.5,10.03,76.95,0.0
mogadishu,20081220,2.04,45.34,6.6007,26.79,8.94,10.54,69.78,0.0
mogadishu,20081221,2.04,45.34,6.3389,26.58,9.07,10.68,75.59,0.0
mogadishu,20081222,2.04,45.34,5.7979,26.68,9.07,10.7,78.4,0.0
mogadishu,20081223,2.04,45.34,6.282,26.71,8.28,9.72,79.96,0.0
mogadishu,20081224,2.04,45.34,5.802,26.63,7.9,9.27,80.38,0.0
mogadishu,20081225,2.04,45.34,6.4762,26.57,9.0,10.75,81.52,0.0
mogadishu,20081226,2.04,45.34,5.9798,26.28,8.83,10.46,82.77,0.0
mogadishu,20081227,2.04,45.34,5.5087,26.23,7.41,8.66,83.79,0.0
mogadishu,20081228,2.04,45.34,5.3426,26.4,7.3,8.56,82.07,0.0
mogadishu,20081229,2.04,45.34,6.3226,26.37,7.37,8.63,81.72,0.0
mogadishu,20081230,2.04,45.34,6.2942,26.6,8.33,9.72,81.78,0.0
mogadishu,20081231,2.04,45.34,5.6321,26.6,9.19,10.76,79.14,0.0
mogadishu,20090101,2.04,45.34,6.6672,26.29,8.83,10.26,76.01,0.0
mogadishu,20090102,2.04,45.34,6.834,26.27,8.15,9.49,71.45,0.0
mogadishu,20090103,2.04,45.34,6.8311,26.61,8.09,9.48,71.0,0.0
mogadishu,20090104,2.04,45.34,6.846,26.62,8.8,10.36,70.93,0.0
mogadishu,20090105,2.04,45.34,6.9,26.54,8.69,10.2,69.29,0.0
mogadishu,20090106,2.04,45.34,6.7742,26.36,8.42,9.86,72.66,0.0
mogadishu,20090107,2.04,45.34,6.7306,26.5,8.15,9.57,69.46,0.0
mogadishu,20090108,2.04,45.34,6.7195,26.29,7.99,9.31,72.41,0.0
mogadishu,20090109,2.04,45.34,6.4853,26.23,8.4,9.77,76.32,0.0
mogadishu,20090110,2.04,45.34,6.9017,26.16,8.68,10.1,73.07,0.0
mogadishu,20090111,2.04,45.34,6.8352,26.35,8.52,9.93,74.53,0.0
mogadishu,20090112,2.04,45.34,6.5179,26.53,9.1,10.68,81.98,0.0
mogadishu,20090113,2.04,45.34,6.3259,26.65,8.56,10.12,83.63,0.0
mogadishu,20090114,2.04,45.34,5.8903,26.61,8.81,10.48,85.06,0.0
mogadishu,20090115,2.04,45.34,6.1608,26.53,8.79,10.45,83.67,0.0
mogadishu,20090116,2.04,45.34,5.1727,26.31,10.11,12.06,82.27,3.13
mogadishu,20090117,2.04,45.34,6.3223,26.15,9.8,11.58,79.76,0.6
mogadishu,20090118,2.04,45.34,6.4322,26.3,8.19,9.61,79.86,0.37
mogadishu,20090119,2.04,45.34,6.6511,26.48,7.29,8.53,80.34,1.1
mogadishu,20090120,2.04,45.34,6.3816,26.39,7.51,8.73,79.45,0.28
mogadishu,20090121,2.04,45.34,6.547,26.72,8.26,9.74,81.78,0.11
mogadishu,20090122,2.04,45.34,6.5198,26.67,8.38,9.85,78.23,0.13
mogadishu,20090123,2.04,45.34,6.5242,26.62,7.49,8.77,79.43,0.12
mogadishu,20090124,2.04,45.34,6.1032,26.68,6.56,7.66,77.82,0.1
mogadishu,20090125,2.04,45.34,6.222,26.66,6.49,7.59,79.3,0.14
mogadishu,20090126,2.04,45.34,5.5027,26.46,7.15,8.29,79.09,0.07
mogadishu,20090127,2.04,45.34,6.0062,26.35,7.95,9.19,76.32,0.06
mogadishu,20090128,2.04,45.34,6.5122,26.12,7.38,8.5,74.71,0.01
mogadishu,20090129,2.04,45.34,7.0306,26.24,8.19,9.52,73.67,0.0
mogadishu,20090130,2.04,45.34,6.8674,26.39,8.18,9.51,74.66,0.01
mogadishu,20090131,2.04,45.34,6.6211,26.4,8.14,9.45,77.17,0.02
mogadishu,20090201,2.04,45.34,5.7926,26.32,7.77,9.02,81.92,0.08
mogadishu,20090202,2.04,45.34,5.8932,26.56,7.42,8.67,81.78,0.21
mogadishu,20090203,2.04,45.34,6.5366,26.57,8.27,9.65,78.25,0.05
mogadishu,20090204,2.04,45.34,6.8926,26.56,8.71,10.24,77.48,0.05
mogadishu,20090205,2.04,45.34,7.0001,26.76,8.89,10.46,74.48,0.0
mogadishu,20090206,2.04,45.34,7.0963,26.23,9.04,10.54,73.33,0.0
mogadishu,20090207,2.04,45.34,7.0622,26.49,8.48,9.94,72.23,0.0
mogadishu,20090208,2.04,45.34,6.5976,26.66,8.79,10.38,80.83,0.0
mogadishu,20090209,2.04,45.34,6.8474,26.79,9.37,11.08,81.58,0.0
mogadishu,20090210,2.04,45.34,6.6746,26.5,8.3,9.6,77.05,0.0
mogadishu,20090211,2.04,45.34,6.7997,26.7,6.19,7.18,77.14,0.0
mogadishu,20090212,2.04,45.34,7.0447,26.33,5.69,6.53,81.98,0.0
mogadishu,20090213,2.04,45.34,6.8904,26.19,5.97,6.81,78.13,0.0
mogadishu,20090214,2.04,45.34,7.195,26.03,6.99,8.0,77.07,0.0
mogadishu,20090215,2.04,45.34,7.248,26.3,7.07,8.11,72.79,0.0
mogadishu,20090216,2.04,45.34,6.9622,26.47,8.14,9.41,74.6,0.0
mogadishu,20090217,2.04,45.34,6.6648,26.52,8.83,10.28,74.58,0.0
mogadishu,20090218,2.04,45.34,7.2833,26.69,8.03,9.36,70.6,0.0
mogadishu,20090219,2.04,45.34,6.7692,26.32,8.17,9.43,74.78,0.0
mogadishu,20090220,2.04,45.34,7.1858,26.48,8.02,9.27,76.78,0.0
mogadishu,20090221,2.04,45.34,7.3426,26.65,8.17,9.45,76.97,0.0
mogadishu,20090222,2.04,45.34,7.0308,26.81,7.36,8.47,78.36,0.0
mogadishu,20090223,2.04,45.34,6.427,26.69,7.18,8.27,80.83,0.0
mogadishu,20090224,2.04,45.34,6.5122,27.27,7.25,8.52,77.82,0.0
mogadishu,20090225,2.04,45.34,6.2626,27.19,5.43,6.34,81.13,0.08
mogadishu,20090226,2.04,45.34,6.5779,26.86,4.83,5.54,84.42,0.64
mogadishu,20090227,2.04,45.34,6.767,27.3,5.83,6.74,83.48,0.15
mogadishu,20090228,2.04,45.34,6.3151,27.73,6.77,7.84,79.98,0.97
mogadishu,20090301,2.04,45.34,6.8887,27.67,6.66,7.72,80.2,0.64
mogadishu,20090302,2.04,45.34,7.207,27.31,6.35,7.26,79.68,0.0
mogadishu,20090303,2.04,45.34,7.278,27.21,6.94,7.99,77.8,0.0
mogadishu,20090304,2.04,45.34,7.2082,27.37,8.39,9.74,78.17,0.0
mogadishu,20090305,2.04,45.34,7.159,27.13,8.21,9.49,78.19,0.0
mogadishu,20090306,2.04,45.34,7.3042,27.4,8.02,9.3,74.04,0.0
mogadishu,20090307,2.04,45.34,7.0889,27.56,6.75,7.81,73.0,0.0
mogadishu,20090308,2.04,45.34,7.105,27.36,5.84,6.73,76.55,0.0
mogadishu,20090309,2.04,45.34,7.1479,27.17,6.24,7.16,77.21,0.0
mogadishu,20090310,2.04,45.34,7.1412,27.06,7.07,8.12,77.09,0.0
mogadishu,20090311,2.04,45.34,6.5294,27.26,8.18,9.4,76.25,0.0
mogadishu,20090312,2.04,45.34,6.8587,27.51,9.46,11.02,73.4,0.0
mogadishu,20090313,2.04,45.34,7.1314,27.73,8.73,10.19,74.26,0.0
mogadishu,20090314,2.04,45.34,7.0824,27.8,7.83,9.11,75.88,0.0
mogadishu,20090315,2.04,45.34,7.279,27.79,6.55,7.53,75.67,0.0
mogadishu,20090316,2.04,45.34,7.3066,27.79,6.19,7.08,76.71,0.0
mogadishu,20090317,2.04,45.34,7.2799,27.81,6.5,7.45,77.61,0.0
mogadishu,20090318,2.04,45.34,7.2643,27.44,6.82,7.76,77.56,0.0
mogadishu,20090319,2.04,45.34,7.3769,27.97,7.12,8.19,74.25,0.0
mogadishu,20090320,2.04,45.34,7.4719,27.99,6.74,7.77,74.43,0.0
mogadishu,20090321,2.04,45.34,7.4261,27.7,6.29,7.16,77.4,0.0
mogadishu,20090322,2.04,45.34,7.3226,27.65,5.53,6.25,77.38,0.0
mogadishu,20090323,2.04,45.34,7.4666,27.17,5.45,6.1,79.89,0.0
mogadishu,20090324,2.04,45.34,7.3752,27.3,5.57,6.28,79.26,0.0
mogadishu,20090325,2.04,45.34,7.1114,27.83,5.83,6.64,77.4,0.0
mogadishu,20090326,2.04,45.34,7.2377,28.25,5.28,5.98,73.94,0.0
mogadishu,20090327,2.04,45.34,7.0486,28.33,5.95,6.76,74.82,0.92
mogadishu,20090328,2.04,45.34,7.057,28.24,6.12,6.89,75.59,0.66
mogadishu,20090329,2.04,45.34,6.9682,28.04,6.5,7.34,76.4,0.32
mogadishu,20090330,2.04,45.34,7.0853,27.97,7.04,8.0,75.62,0.36
mogadishu,20090331,2.04,45.34,7.3346,27.87,6.46,7.37,75.12,0.1
mogadishu,20090401,2.04,45.34,6.8196,27.86,5.85,6.7,74.8,0.58
mogadishu,20090402,2.04,45.34,7.1585,27.85,5.22,5.92,75.83,0.32
mogadishu,20090403,2.04,45.34,7.3066,27.48,4.56,5.07,78.8,0.22
mogadishu,20090404,2.04,45.34,7.278,27.52,4.24,4.7,78.14,0.33
mogadishu,20090405,2.04,45.34,6.4774,28.18,4.21,4.74,77.54,1.95
mogadishu,20090406,2.04,45.34,6.1514,28.49,5.65,6.47,79.9,3.65
mogadishu,20090407,2.04,45.34,7.1654,28.29,5.15,5.88,79.15,1.21
mogadishu,20090408,2.04,45.34,6.9163,28.28,4.31,4.92,79.65,1.58
mogadishu,20090409,2.04,45.34,6.647,28.16,3.46,3.95,79.95,1.79
mogadishu,20090410,2.04,45.34,6.7874,28.36,3.78,4.22,79.47,0.58
mogadishu,20090411,2.04,45.34,6.7387,28.32,3.89,4.31,78.2,0.21
mogadishu,20090412,2.04,45.34,6.2758,28.23,3.98,4.42,76.24,0.18
mogadishu,20090413,2.04,45.34,6.33,28.46,4.22,4.7,78.0,0.72
mogadishu,20090414,2.04,45.34,6.6658,28.93,5.54,6.3,77.64,0.97
mogadishu,20090415,2.04,45.34,6.486,28.87,5.43,6.18,76.51,0.9
mogadishu,20090416,2.04,45.34,6.5638,29.06,6.15,7.01,76.67,0.03
mogadishu,20090417,2.04,45.34,6.2081,28.74,6.4,7.41,79.6,0.07
mogadishu,20090418,2.04,45.34,5.7794,28.78,6.0,6.94,81.06,0.11
mogadishu,20090419,2.04,45.34,5.6407,28.7,5.63,6.46,83.15,0.1
mogadishu,20090420,2.04,45.34,5.411,28.45,4.88,5.61,84.39,0.08
mogadishu,20090421,2.04,45.34,6.5237,28.69,5.89,6.78,79.62,0.41
mogadishu,20090422,2.04,45.34,6.5028,28.63,5.14,5.87,77.86,0.47
mogadishu,20090423,2.04,45.34,5.8706,28.43,5.02,5.75,79.35,0.45
mogadishu,20090424,2.04,45.34,5.4566,28.38,3.24,3.67,79.94,0.45
mogadishu,20090425,2.04,45.34,5.1715,28.25,3.27,3.64,77.84,0.13
mogadishu,20090426,2.04,45.34,6.6974,28.61,4.54,5.15,71.77,2.2
mogadishu,20090427,2.04,45.34,6.6758,28.44,4.07,4.59,77.6,1.69
mogadishu,20090428,2.04,45.34,6.4322,28.23,3.92,4.45,77.17,3.19
mogadishu,20090429,2.04,45.34,6.462,28.29,3.63,4.09,77.5,1.96
mogadishu,20090430,2.04,45.34,6.3194,28.03,3.92,4.51,80.28,6.27
mogadishu,20090501,2.04,45.34,5.4996,28.05,3.36,3.79,79.15,2.0
mogadishu,20090502,2.04,45.34,6.7342,28.23,4.04,4.56,78.29,0.78
mogadishu,20090503,2.04,45.34,6.78,28.4,4.13,4.74,79.85,1.88
mogadishu,20090504,2.04,45.34,6.5851,28.66,3.06,3.4,73.88,0.88
mogadishu,20090505,2.04,45.34,5.9194,28.45,3.86,4.28,77.22,0.87
mogadishu,20090506,2.04,45.34,6.8222,28.32,4.15,4.67,78.31,0.02
mogadishu,20090507,2.04,45.34,6.6569,28.59,4.47,4.99,77.19,0.09
mogadishu,20090508,2.04,45.34,6.8004,28.94,5.2,5.85,75.0,0.12
mogadishu,20090509,2.04,45.34,6.271,28.69,5.29,5.99,77.77,0.19
mogadishu,20090510,2.04,45.34,6.1572,28.35,5.16,5.91,80.33,0.26
mogadishu,20090511,2.04,45.34,5.0978,28.09,4.98,5.69,82.24,0.19
mogadishu,20090512,2.04,45.34,5.2531,28.25,6.64,7.62,78.96,0.3
mogadishu,20090513,2.04,45.34,5.8387,28.53,7.07,8.13,79.8,0.36
mogadishu,20090514,2.04,45.34,6.0151,28.54,8.0,9.23,80.48,0.25
mogadishu,20090515,2.04,45.34,6.1231,28.39,7.39,8.46,79.41,0.28
mogadishu,20090516,2.04,45.34,5.7084,28.22,6.67,7.63,80.6,1.98
mogadishu,20090517,2.04,45.34,5.5349,28.37,6.49,7.4,78.33,1.42
mogadishu,20090518,2.04,45.34,6.2318,27.84,5.97,6.86,82.69,1.71
mogadishu,20090519,2.04,45.34,6.0499,27.8,5.11,5.8,83.89,1.22
mogadishu,20090520,2.04,45.34,6.1219,27.85,5.94,6.84,81.91,0.96
mogadishu,20090521,2.04,45.34,3.8573,27.7,8.37,9.78,80.95,0.0
mogadishu,20090522,2.04,45.34,5.9383,27.37,7.81,9.03,78.11,0.0
mogadishu,20090523,2.04,45.34,6.1462,27.22,8.72,10.22,81.1,0.0
mogadishu,20090524,2.04,45.34,6.2254,26.92,7.97,9.28,81.03,0.0
mogadishu,20090525,2.04,45.34,6.1222,26.85,8.01,9.34,76.24,0.0
mogadishu,20090526,2.04,45.34,6.6751,26.71,7.86,9.14,78.35,0.0
mogadishu,20090527,2.04,45.34,6.2316,26.75,7.66,8.89,81.19,0.0
mogadishu,20090528,2.04,45.34,6.1058,27.03,7.29,8.44,79.95,0.0
mogadishu,20090529,2.04,45.34,6.4903,27.04,6.54,7.52,78.26,0.0
mogadishu,20090530,2.04,45.34,6.4781,26.97,6.41,7.37,77.58,0.0
mogadishu,20090531,2.04,45.34,6.3938,27.15,6.97,8.03,78.41,0.0
mogadishu,20090601,2.04,45.34,6.5654,27.28,6.58,7.57,76.76,0.0
mogadishu,20090602,2.04,45.34,6.6139,26.96,7.24,8.34,77.8,0.0
mogadishu,20090603,2.04,45.34,6.6785,27.18,6.48,7.49,77.45,0.0
mogadishu,20090604,2.04,45.34,5.7149,27.29,6.14,7.06,84.08,0.0
mogadishu,20090605,2.04,45.34,5.9234,27.45,6.95,8.08,81.56,0.0
mogadishu,20090606,2.04,45.34,6.6919,27.3,7.23,8.32,79.28,0.0
mogadishu,20090607,2.04,45.34,6.3602,27.47,6.59,7.63,77.18,0.0
mogadishu,20090608,2.04,45.34,6.3564,27.58,5.72,6.62,78.95,0.0
mogadishu,20090609,2.04,45.34,4.8758,27.65,6.82,7.96,81.23,0.01
mogadishu,20090610,2.04,45.34,6.1114,27.49,8.57,10.01,82.45,0.0
mogadishu,20090611,2.04,45.34,5.2954,27.32,7.44,8.74,82.87,0.0
mogadishu,20090612,2.04,45.34,6.0043,27.48,6.78,7.9,79.01,0.0
mogadishu,20090613,2.04,45.34,5.9376,27.3,5.36,6.16,81.05,0.0
mogadishu,20090614,2.04,45.34,4.7854,27.48,6.56,7.64,79.41,0.0
mogadishu,20090615,2.04,45.34,5.8661,27.6,6.87,8.03,77.74,0.0
mogadishu,20090616,2.04,45.34,6.167,27.57,6.87,7.98,76.93,0.0
mogadishu,20090617,2.04,45.34,5.5181,27.31,7.5,8.73,80.81,0.0
mogadishu,20090618,2.04,45.34,3.2275,27.04,8.5,9.94,80.19,0.0
mogadishu,20090619,2.04,45.34,5.929,27.52,8.24,9.61,77.06,0.0
mogadishu,20090620,2.04,45.34,6.27,27.53,8.86,10.39,78.92,0.0
mogadishu,20090621,2.04,45.34,5.9297,27.56,8.33,9.68,73.35,0.0
mogadishu,20090622,2.04,45.34,6.3442,27.06,8.17,9.47,73.68,0.0
mogadishu,20090623,2.04,45.34,5.563,26.95,8.54,9.94,75.22,0.0
mogadishu,20090624,2.04,45.34,6.0506,26.95,8.31,9.67,73.47,0.0
mogadishu,20090625,2.04,45.34,5.5109,26.93,7.64,8.9,77.78,0.87
mogadishu,20090626,2.04,45.34,5.8769,26.96,6.75,7.85,77.18,0.75
mogadishu,20090627,2.04,45.34,5.7845,27.04,7.12,8.29,81.47,1.18
mogadishu,20090628,2.04,45.34,6.0667,27.07,8.95,10.49,74.85,0.62
mogadishu,20090629,2.04,45.34,6.4627,26.93,8.87,10.36,76.42,0.7
mogadishu,20090630,2.04,45.34,5.8798,26.74,9.37,10.97,75.06,0.0
mogadishu,20090701,2.04,45.34,5.8978,26.35,9.72,11.36,73.32,0.0
mogadishu,20090702,2.04,45.34,6.0511,26.31,9.62,11.27,78.48,0.0
mogadishu,20090703,2.04,45.34,4.5168,26.21,10.22,12.06,80.65,0.01
mogadishu,20090704,2.04,45.34,4.2408,26.16,10.36,12.2,76.96,0.0
mogadishu,20090705,2.04,45.34,4.8931,25.82,9.84,11.56,75.46,0.0
mogadishu,20090706,2.04,45.34,4.4558,25.68,9.79,11.47,76.69,0.0
mogadishu,20090707,2.04,45.34,5.1749,25.59,9.64,11.29,79.42,0.0
mogadishu,20090708,2.04,45.34,5.6062,25.59,9.87,11.65,77.46,0.0
mogadishu,20090709,2.04,45.34,6.0622,25.49,8.11,9.47,78.4,0.0
mogadishu,20090710,2.04,45.34,6.2731,25.46,8.09,9.42,79.96,0.0
mogadishu,20090711,2.04,45.34,5.1888,25.74,8.38,9.81,79.2,0.0
mogadishu,20090712,2.04,45.34,5.9688,26.04,9.11,10.71,79.17,0.0
mogadishu,20090713,2.04,45.34,5.5099,26.27,8.69,10.17,81.25,0.0
mogadishu,20090714,2.04,45.34,5.2817,26.25,8.2,9.58,81.5,0.0
mogadishu,20090715,2.04,45.34,5.5913,26.21,8.15,9.56,81.01,0.0
mogadishu,20090716,2.04,45.34,5.7204,26.08,8.89,10.41,79.69,0.0
mogadishu,20090717,2.04,45.34,5.7715,25.97,10.0,11.72,75.16,0.0
mogadishu,20090718,2.04,45.34,6.6024,25.88,9.63,11.28,74.65,0.0
mogadishu,20090719,2.04,45.34,6.2993,25.84,8.81,10.28,76.64,0.0
mogadishu,20090720,2.04,45.34,6.0389,25.82,8.71,10.19,77.39,0.0
mogadishu,20090721,2.04,45.34,5.2279,25.54,8.37,9.81,80.86,0.0
mogadishu,20090722,2.04,45.34,3.9631,25.62,8.11,9.51,80.68,0.0
mogadishu,20090723,2.04,45.34,5.0734,25.77,7.13,8.31,80.0,0.0
mogadishu,20090724,2.04,45.34,5.7785,25.94,7.71,9.0,78.0,0.0
mogadishu,20090725,2.04,45.34,6.18,25.78,8.12,9.46,79.64,0.19
mogadishu,20090726,2.04,45.34,5.4274,26.27,7.81,9.22,82.39,0.62
mogadishu,20090727,2.04,45.34,6.0864,26.38,8.44,9.98,79.59,0.19
mogadishu,20090728,2.04,45.34,4.6606,26.24,8.76,10.3,80.05,0.25
mogadishu,20090729,2.04,45.34,5.7046,26.32,8.69,10.19,78.75,0.12
mogadishu,20090730,2.04,45.34,5.8226,26.16,8.73,10.19,77.4,0.0
mogadishu,20090731,2.04,45.34,5.8205,25.89,8.03,9.34,78.3,0.0
mogadishu,20090801,2.04,45.34,6.1212,25.88,7.84,9.08,77.54,0.0
mogadishu,20090802,2.04,45.34,5.5951,26.16,6.81,7.89,78.35,0.01
mogadishu,20090803,2.04,45.34,5.6522,26.3,7.53,8.79,78.06,0.01
mogadishu,20090804,2.04,45.34,6.2179,26.16,7.89,9.15,77.26,0.0
mogadishu,20090805,2.04,45.34,5.958,26.18,8.76,10.28,78.11,0.0
mogadishu,20090806,2.04,45.34,6.288,26.04,8.91,10.42,76.14,0.0
mogadishu,20090807,2.04,45.34,5.9292,25.93,8.91,10.48,78.94,0.0
mogadishu,20090808,2.04,45.34,5.6482,25.76,8.86,10.32,77.92,0.0
mogadishu,20090809,2.04,45.34,5.867,25.66,9.47,11.11,78.7,0.0
mogadishu,20090810,2.04,45.34,4.9872,25.42,9.08,10.71,77.39,0.0
mogadishu,20090811,2.04,45.34,5.5925,25.43,8.12,9.53,75.03,0.0
mogadishu,20090812,2.04,45.34,5.8978,25.49,8.56,10.01,74.72,0.0
mogadishu,20090813,2.04,45.34,5.5392,25.39,7.77,9.07,77.49,0.0
mogadishu,20090814,2.04,45.34,6.0737,25.38,7.6,8.88,77.81,0.0
mogadishu,20090815,2.04,45.34,5.6345,25.41,8.17,9.52,78.0,0.0
mogadishu,20090816,2.04,45.34,5.1773,25.34,9.16,10.75,76.35,0.0
mogadishu,20090817,2.04,45.34,6.0768,25.69,8.86,10.38,73.87,0.0
mogadishu,20090818,2.04,45.34,5.759,25.62,7.68,8.92,77.25,0.0
mogadishu,20090819,2.04,45.34,6.4781,25.85,7.38,8.59,75.53,0.0
mogadishu,20090820,2.04,45.34,6.6194,25.92,7.35,8.52,77.89,0.0
mogadishu,20090821,2.04,45.34,6.221,25.78,7.15,8.26,77.08,0.0
mogadishu,20090822,2.04,45.34,5.892,25.73,7.44,8.63,79.85,0.0
mogadishu,20090823,2.04,45.34,6.1534,25.79,6.85,7.93,77.4,0.0
mogadishu,20090824,2.04,45.34,6.2014,25.96,7.59,8.84,77.96,0.0
mogadishu,20090825,2.04,45.34,6.7154,26.12,8.03,9.33,72.23,0.0
mogadishu,20090826,2.04,45.34,6.8887,25.94,7.52,8.69,75.29,0.0
mogadishu,20090827,2.04,45.34,6.5316,25.89,7.12,8.24,77.22,0.0
mogadishu,20090828,2.04,45.34,5.0345,25.94,7.97,9.29,81.43,0.0
mogadishu,20090829,2.04,45.34,4.5722,25.88,8.52,10.0,84.52,0.0
mogadishu,20090830,2.04,45.34,4.8617,25.94,8.77,10.25,80.52,0.0
mogadishu,20090831,2.04,45.34,6.9043,26.01,7.47,8.68,76.31,0.0
mogadishu,20090901,2.04,45.34,6.6216,26.05,7.42,8.61,77.3,0.0
mogadishu,20090902,2.04,45.34,6.7766,26.1,8.4,9.8,76.08,0.0
mogadishu,20090903,2.04,45.34,6.8062,26.0,8.08,9.34,78.44,0.0
mogadishu,20090904,2.04,45.34,6.4075,26.04,8.29,9.6,77.19,0.0
mogadishu,20090905,2.04,45.34,6.6029,26.05,8.48,9.89,80.74,0.0
mogadishu,20090906,2.04,45.34,6.175,25.85,8.69,10.07,76.79,0.0
mogadishu,20090907,2.04,45.34,6.5501,25.98,7.62,8.78,78.1,0.0
mogadishu,20090908,2.04,45.34,6.4891,26.25,7.18,8.3,75.62,0.0
mogadishu,20090909,2.04,45.34,6.8806,26.22,7.37,8.49,77.62,0.0
mogadishu,20090910,2.04,45.34,5.946,26.12,8.28,9.61,75.81,0.0
mogadishu,20090911,2.04,45.34,6.703,26.18,7.52,8.71,79.62,0.0
mogadishu,20090912,2.04,45.34,6.1622,26.07,8.0,9.24,76.21,0.0
mogadishu,20090913,2.04,45.34,6.0691,25.84,7.26,8.35,78.57,0.0
mogadishu,20090914,2.04,45.34,5.9729,26.08,7.09,8.23,78.43,0.0
mogadishu,20090915,2.04,45.34,6.8465,26.2,6.6,7.66,78.89,0.0
mogadishu,20090916,2.04,45.34,6.6326,26.54,5.94,6.99,81.48,0.0
mogadishu,20090917,2.04,45.34,6.7886,26.46,5.99,6.97,82.57,0.0
mogadishu,20090918,2.04,45.34,5.8061,26.49,6.12,7.11,83.83,0.0
mogadishu,20090919,2.04,45.34,5.8332,26.73,5.73,6.61,81.0,0.0
mogadishu,20090920,2.04,45.34,6.3907,26.76,6.52,7.59,82.68,0.0
mogadishu,20090921,2.04,45.34,5.6719,26.69,7.28,8.47,82.94,0.0
mogadishu,20090922,2.04,45.34,5.3244,26.64,6.81,7.88,81.24,0.0
mogadishu,20090923,2.04,45.34,6.2256,26.97,6.85,7.9,73.45,0.0
mogadishu,20090924,2.04,45.34,6.6876,26.9,6.44,7.38,72.65,0.0
mogadishu,20090925,2.04,45.34,6.7762,26.99,5.66,6.48,75.73,0.0
mogadishu,20090926,2.04,45.34,6.4601,26.72,6.21,7.08,82.96,0.0
mogadishu,20090927,2.04,45.34,6.113,26.88,6.84,7.91,83.11,0.0
mogadishu,20090928,2.04,45.34,5.6674,26.92,7.01,8.1,78.39,0.0
mogadishu,20090929,2.04,45.34,5.2728,26.85,7.19,8.34,78.34,0.0
mogadishu,20090930,2.04,45.34,5.4938,26.65,7.44,8.58,76.01,0.0
mogadishu,20091001,2.04,45.34,6.5066,26.63,6.94,7.96,76.45,0.0
mogadishu,20091002,2.04,45.34,7.0246,26.62,7.16,8.21,76.84,0.0
mogadishu,20091003,2.04,45.34,6.7944,26.64,6.53,7.55,80.89,0.0
mogadishu,20091004,2.04,45.34,6.6365,26.83,6.08,7.01,80.12,0.0
mogadishu,20091005,2.04,45.34,6.2299,26.61,5.63,6.4,81.92,0.0
mogadishu,20091006,2.04,45.34,6.018,26.56,5.99,6.8,82.65,0.0
mogadishu,20091007,2.04,45.34,5.9239,26.77,5.68,6.53,80.51,0.0
mogadishu,20091008,2.04,45.34,6.3619,26.87,5.77,6.61,80.49,0.25
mogadishu,20091009,2.04,45.34,5.963,26.93,6.45,7.38,75.94,0.07
mogadishu,20091010,2.04,45.34,6.9043,26.77,5.35,6.05,79.4,0.12
mogadishu,20091011,2.04,45.34,6.3466,27.06,5.75,6.58,79.61,0.1
mogadishu,20091012,2.04,45.34,5.9784,26.66,5.18,5.82,83.17,0.5
mogadishu,20091013,2.04,45.34,5.741,26.6,3.68,4.23,83.75,14.8
mogadishu,20091014,2.04,45.34,6.066,27.07,4.55,5.33,79.5,10.84
mogadishu,20091015,2.04,45.34,6.0437,26.8,4.51,5.22,80.82,2.61
mogadishu,20091016,2.04,45.34,6.089,26.72,4.41,5.08,80.15,4.33
mogadishu,20091017,2.04,45.34,5.6191,26.72,3.76,4.3,79.38,5.34
mogadishu,20091018,2.04,45.34,6.4349,26.75,3.86,4.37,80.58,1.09
mogadishu,20091019,2.04,45.34,6.1822,26.89,4.33,4.9,81.7,1.87
mogadishu,20091020,2.04,45.34,6.0998,26.88,3.74,4.18,81.41,2.9
mogadishu,20091021,2.04,45.34,5.3882,26.85,2.97,3.25,79.41,1.15
mogadishu,20091022,2.04,45.34,6.3466,27.54,2.86,3.14,76.03,0.4
mogadishu,20091023,2.04,45.34,5.4605,27.05,2.71,3.02,80.25,8.1
mogadishu,20091024,2.04,45.34,5.6926,26.78,3.39,3.86,82.95,6.3
mogadishu,20091025,2.04,45.34,5.8279,26.77,3.26,3.7,83.15,7.39
mogadishu,20091026,2.04,45.34,5.9981,27.28,2.11,2.37,78.51,7.42
mogadishu,20091027,2.04,45.34,4.4508,26.39,2.3,2.55,82.49,5.03
mogadishu,20091028,2.04,45.34,5.1358,26.32,3.73,4.12,83.83,1.24
mogadishu,20091029,2.04,45.34,5.5918,27.05,3.72,4.18,78.14,0.76
mogadishu,20091030,2.04,45.34,6.0696,27.7,5.24,6.05,77.84,0.2
mogadishu,20091031,2.04,45.34,6.1378,27.58,4.84,5.62,80.36,0.82
mogadishu,20091101,2.04,45.34,5.3458,26.34,3.69,4.16,84.26,1.61
mogadishu,20091102,2.04,45.34,5.1242,26.4,2.21,2.41,82.78,2.46
mogadishu,20091103,2.04,45.34,4.1405,26.16,2.14,2.35,81.67,2.12
mogadishu,20091104,2.04,45.34,5.2301,27.3,3.18,3.66,81.38,1.99
mogadishu,20091105,2.04,45.34,6.4099,27.88,5.26,6.16,75.29,0.32
mogadishu,20091106,2.04,45.34,6.3703,28.06,6.38,7.45,75.21,0.03
mogadishu,20091107,2.04,45.34,6.2318,28.13,6.75,7.88,75.17,0.0
mogadishu,20091108,2.04,45.34,6.4901,28.24,5.84,6.78,74.29,0.0
mogadishu,20091109,2.04,45.34,6.7654,27.95,4.5,5.18,72.11,0.0
mogadishu,20091110,2.04,45.34,6.8813,27.44,3.78,4.23,71.37,0.0
mogadishu,20091111,2.04,45.34,6.8141,27.26,3.83,4.26,74.2,0.0
mogadishu,20091112,2.04,45.34,6.8023,27.12,3.62,4.0,75.21,0.0
mogadishu,20091113,2.04,45.34,6.8904,27.13,3.27,3.61,73.02,0.0
mogadishu,20091114,2.04,45.34,6.7654,27.13,4.03,4.5,72.8,0.0
mogadishu,20091115,2.04,45.34,6.1512,27.38,4.9,5.53,74.49,0.0
mogadishu,20091116,2.04,45.34,6.3146,27.49,4.76,5.43,72.96,0.0
mogadishu,20091117,2.04,45.34,6.6917,27.42,5.03,5.74,74.66,0.0
mogadishu,20091118,2.04,45.34,6.4517,27.47,4.63,5.25,75.77,0.0
mogadishu,20091119,2.04,45.34,6.0782,27.3,5.43,6.13,77.42,0.0
mogadishu,20091120,2.04,45.34,6.259,27.45,5.82,6.59,76.85,0.0
mogadishu,20091121,2.04,45.34,6.3845,27.57,4.93,5.6,76.61,0.0
mogadishu,20091122,2.04,45.34,6.3386,27.6,3.99,4.45,77.7,0.0
mogadishu,20091123,2.04,45.34,5.7377,27.87,4.33,4.89,76.31,0.0
mogadishu,20091124,2.04,45.34,5.9153,27.92,6.22,7.13,77.82,0.0
mogadishu,20091125,2.04,45.34,6.125,27.84,6.18,7.05,78.09,0.0
mogadishu,20091126,2.04,45.34,5.6604,28.11,6.54,7.53,78.11,0.0
mogadishu,20091127,2.04,45.34,5.9662,27.59,5.09,5.81,77.96,4.5
mogadishu,20091128,2.04,45.34,6.4805,27.29,4.09,4.66,79.65,1.13
mogadishu,20091129,2.04,45.34,6.413,27.56,3.59,4.02,77.62,0.16
mogadishu,20091130,2.04,45.34,5.8416,27.75,4.6,5.24,79.16,5.86
mogadishu,20091201,2.04,45.34,5.6095,27.95,6.7,7.93,81.64,18.76
mogadishu,20091202,2.04,45.34,4.6212,28.04,7.55,8.84,82.29,0.0
mogadishu,20091203,2.04,45.34,3.8801,27.9,6.72,7.8,79.57,0.0
mogadishu,20091204,2.04,45.34,6.4858,28.11,6.23,7.23,75.01,0.0
mogadishu,20091205,2.04,45.34,6.2071,27.78,6.02,6.98,77.04,0.0
mogadishu,20091206,2.04,45.34,6.4054,27.64,4.65,5.34,79.77,0.0
mogadishu,20091207,2.04,45.34,5.6057,27.72,4.73,5.44,81.65,0.07
mogadishu,20091208,2.04,45.34,6.0998,27.58,4.7,5.37,82.86,0.04
mogadishu,20091209,2.04,45.34,5.3006,27.7,4.75,5.45,82.83,0.03
mogadishu,20091210,2.04,45.34,5.5776,27.75,5.04,5.74,82.66,0.05
mogadishu,20091211,2.04,45.34,6.1466,28.05,5.28,6.08,79.3,0.01
mogadishu,20091212,2.04,45.34,6.0324,28.31,6.32,7.34,78.71,0.0
mogadishu,20091213,2.04,45.34,5.8385,27.97,6.45,7.48,79.84,0.0
mogadishu,20091214,2.04,45.34,6.5822,28.11,6.79,7.85,74.3,0.0
mogadishu,20091215,2.04,45.34,6.7022,27.99,7.3,8.47,73.43,0.0
mogadishu,20091216,2.04,45.34,6.1522,28.04,6.9,8.02,76.77,0.0
mogadishu,20091217,2.04,45.34,6.3967,27.88,6.88,7.95,75.42,0.0
mogadishu,20091218,2.04,45.34,6.3542,27.86,7.45,8.63,75.07,0.0
mogadishu,20091219,2.04,45.34,6.1272,27.75,7.41,8.56,76.3,0.0
mogadishu,20091220,2.04,45.34,6.5278,27.78,7.69,8.97,73.16,0.0
mogadishu,20091221,2.04,45.34,6.4639,27.6,8.05,9.39,74.81,0.0
mogadishu,20091222,2.04,45.34,6.5832,27.61,8.02,9.33,71.59,0.0
mogadishu,20091223,2.04,45.34,6.6134,27.53,8.19,9.53,74.19,0.0
mogadishu,20091224,2.04,45.34,6.5863,27.37,7.96,9.22,77.78,0.0
mogadishu,20091225,2.04,45.34,6.1471,27.51,7.21,8.34,80.34,0.0
mogadishu,20091226,2.04,45.34,5.7586,27.7,7.31,8.52,81.08,0.0
mogadishu,20091227,2.04,45.34,6.4058,27.39,7.62,8.83,75.06,0.96
mogadishu,20091228,2.04,45.34,6.4694,27.42,7.87,9.14,73.51,0.0
mogadishu,20091229,2.04,45.34,6.2866,27.28,7.87,9.14,74.81,0.0
mogadishu,20091230,2.04,45.34,6.4644,27.13,7.54,8.73,73.71,0.0
mogadishu,20091231,2.04,45.34,6.4349,27.05,6.62,7.65,74.47,0.0
mogadishu,20100101,2.04,45.34,6.457,26.98,6.79,7.84,75.83,0.0
mogadishu,20100102,2.04,45.34,6.0276,27.21,8.89,10.44,75.8,0.0
mogadishu,20100103,2.04,45.34,6.709,26.94,10.42,12.25,70.48,0.0
mogadishu,20100104,2.04,45.34,6.5227,26.72,8.94,10.48,77.85,0.0
mogadishu,20100105,2.04,45.34,6.4884,27.06,8.19,9.62,80.65,0.0
mogadishu,20100106,2.04,45.34,6.265,27.13,8.43,9.92,81.17,0.0
mogadishu,20100107,2.04,45.34,6.307,27.03,9.17,10.72,78.39,0.0
mogadishu,20100108,2.04,45.34,6.6919,27.02,9.37,10.94,72.22,0.0
mogadishu,20100109,2.04,45.34,6.7702,26.82,9.22,10.76,71.17,0.0
mogadishu,20100110,2.04,45.34,6.5729,26.88,9.5,11.15,71.49,0.0
mogadishu,20100111,2.04,45.34,6.5076,26.7,10.39,12.2,72.1,0.0
mogadishu,20100112,2.04,45.34,6.419,26.66,10.08,11.8,71.7,0.0
mogadishu,20100113,2.04,45.34,5.0954,26.52,9.11,10.69,77.98,0.0
mogadishu,20100114,2.04,45.34,5.7732,26.63,8.86,10.39,79.85,0.0
mogadishu,20100115,2.04,45.34,6.5088,26.66,8.38,9.8,78.59,0.0
mogadishu,20100116,2.04,45.34,6.6883,26.41,7.66,8.84,76.97,0.0
mogadishu,20100117,2.04,45.34,6.786,26.62,7.85,9.14,80.17,0.0
mogadishu,20100118,2.04,45.34,6.3948,26.9,8.05,9.43,81.61,0.0
mogadishu,20100119,2.04,45.34,5.6698,26.84,6.19,7.17,82.34,0.0
mogadishu,20100120,2.04,45.34,6.1442,26.76,5.92,6.85,82.53,0.0
mogadishu,20100121,2.04,45.34,5.9909,26.8,7.51,8.72,83.57,0.0
mogadishu,20100122,2.04,45.34,6.0086,26.95,7.89,9.21,77.28,0.0
mogadishu,20100123,2.04,45.34,5.7182,26.81,8.35,9.76,78.56,0.0
mogadishu,20100124,2.04,45.34,6.8705,26.54,8.79,10.23,75.4,0.0
mogadishu,20100125,2.04,45.34,6.4901,26.49,8.33,9.67,77.05,0.0
mogadishu,20100126,2.04,45.34,6.6979,26.62,8.51,9.92,77.92,0.0
mogadishu,20100127,2.04,45.34,6.7754,26.48,8.81,10.26,76.64,0.0
mogadishu,20100128,2.04,45.34,6.8186,26.62,8.75,10.25,75.8,0.0
mogadishu,20100129,2.04,45.34,6.7685,26.6,8.87,10.42,77.83,0.0
mogadishu,20100130,2.04,45.34,5.4518,26.85,8.88,10.51,80.63,0.0
mogadishu,20100131,2.04,45.34,6.7606,26.91,8.86,10.43,78.09,0.0
mogadishu,20100201,2.04,45.34,6.8873,26.48,8.64,10.05,77.95,0.0
mogadishu,20100202,2.04,45.34,6.8299,26.23,8.36,9.66,79.57,0.0
mogadishu,20100203,2.04,45.34,6.839,26.31,7.16,8.21,76.92,0.0
mogadishu,20100204,2.04,45.34,6.9974,26.22,6.46,7.45,77.66,0.0
mogadishu,20100205,2.04,45.34,6.9718,26.14,5.35,6.07,79.45,0.06
mogadishu,20100206,2.04,45.34,6.9602,26.25,5.96,6.77,80.24,0.01
mogadishu,20100207,2.04,45.34,7.0735,26.53,6.18,7.11,80.74,0.04
mogadishu,20100208,2.04,45.34,7.0003,26.93,6.38,7.4,78.17,0.16
mogadishu,20100209,2.04,45.34,7.026,26.65,6.9,7.93,78.25,0.0
mogadishu,20100210,2.04,45.34,6.4306,26.97,7.1,8.23,77.1,0.02
mogadishu,20100211,2.04,45.34,6.401,26.71,7.36,8.48,76.85,0.01
mogadishu,20100212,2.04,45.34,6.7493,26.81,8.08,9.41,79.06,0.01
mogadishu,20100213,2.04,45.34,6.8107,27.05,8.74,10.17,75.66,0.01
mogadishu,20100214,2.04,45.34,7.0651,26.94,8.6,9.92,73.75,0.0
mogadishu,20100215,2.04,45.34,7.0942,26.97,8.44,9.77,74.34,0.0
mogadishu,20100216,2.04,45.34,7.0714,27.05,8.58,9.99,75.64,0.0
mogadishu,20100217,2.04,45.34,6.9641,27.25,8.41,9.91,81.85,0.0
mogadishu,20100218,2.04,45.34,6.2266,27.27,8.67,10.29,84.04,0.0
mogadishu,20100219,2.04,45.34,6.6113,27.52,8.91,10.51,81.13,0.0
mogadishu,20100220,2.04,45.34,6.6444,27.22,7.88,9.12,80.61,0.0
mogadishu,20100221,2.04,45.34,6.948,27.11,7.12,8.21,81.56,0.0
mogadishu,20100222,2.04,45.34,6.259,27.0,7.04,8.08,80.47,0.0
mogadishu,20100223,2.04,45.34,7.0764,26.91,6.33,7.22,79.49,0.0
mogadishu,20100224,2.04,45.34,7.225,27.3,5.39,6.25,78.93,0.0
mogadishu,20100225,2.04,45.34,7.0514,27.63,4.67,5.44,80.11,0.16
mogadishu,20100226,2.04,45.34,7.1522,27.59,4.74,5.52,87.08,0.1
mogadishu,20100227,2.04,45.34,6.8844,27.55,5.21,6.1,80.08,0.21
mogadishu,20100228,2.04,45.34,6.6106,27.92,5.8,6.71,82.38,0.8
mogadishu,20100301,2.04,45.34,5.8447,28.1,5.22,6.02,81.32,1.21
mogadishu,20100302,2.04,45.34,6.4735,27.77,5.03,5.73,82.84,2.37
mogadishu,20100303,2.04,45.34,7.1834,27.68,3.81,4.28,75.12,0.27
mogadishu,20100304,2.04,45.34,7.0246,27.74,3.43,3.81,76.86,0.01
mogadishu,20100305,2.04,45.34,6.9965,28.24,5.35,6.08,79.32,0.22
mogadishu,20100306,2.04,45.34,5.2217,28.39,7.13,8.29,80.03,5.15
mogadishu,20100307,2.04,45.34,6.0029,28.37,7.95,9.25,77.46,3.15
mogadishu,20100308,2.04,45.34,6.4586,27.99,7.59,8.91,80.99,12.32
mogadishu,20100309,2.04,45.34,6.6346,28.11,7.49,8.72,78.52,2.13
mogadishu,20100310,2.04,45.34,7.049,28.25,8.04,9.35,74.42,0.03
mogadishu,20100311,2.04,45.34,7.0567,28.3,8.08,9.38,73.77,0.05
mogadishu,20100312,2.04,45.34,6.996,28.33,8.56,10.0,74.08,0.02
mogadishu,20100313,2.04,45.34,6.6406,28.45,8.17,9.52,75.11,0.01
mogadishu,20100314,2.04,45.34,6.7846,28.66,8.22,9.6,77.93,0.16
mogadishu,20100315,2.04,45.34,5.8846,28.98,7.41,8.6,77.11,0.18
mogadishu,20100316,2.04,45.34,7.1285,28.76,6.19,7.06,78.3,0.08
mogadishu,20100317,2.04,45.34,6.791,28.8,5.86,6.68,79.58,2.28
mogadishu,20100318,2.04,45.34,5.3395,28.69,5.52,6.26,80.57,4.78
mogadishu,20100319,2.04,45.34,4.9951,28.32,4.9,5.55,82.13,6.11
mogadishu,20100320,2.04,45.34,4.7477,27.89,4.48,5.15,84.42,4.88
mogadishu,20100321,2.04,45.34,6.6691,28.0,3.89,4.44,80.93,0.67
mogadishu,20100322,2.04,45.34,6.8791,28.26,4.14,4.67,77.1,0.1
mogadishu,20100323,2.04,45.34,6.5513,28.45,5.09,5.77,76.44,0.05
mogadishu,20100324,2.04,45.34,6.3326,28.66,5.89,6.7,77.26,0.26
mogadishu,20100325,2.04,45.34,6.5316,28.74,5.36,6.1,76.6,0.34
mogadishu,20100326,2.04,45.34,6.6569,28.64,3.79,4.22,76.93,0.09
mogadishu,20100327,2.04,45.34,6.8311,28.72,3.87,4.31,79.18,1.1
mogadishu,20100328,2.04,45.34,6.9401,28.68,3.89,4.29,77.11,1.34
mogadishu,20100329,2.04,45.34,7.2151,28.57,3.63,4.0,76.6,1.03
mogadishu,20100330,2.04,45.34,6.4488,28.41,3.5,3.86,77.15,3.46
mogadishu,20100331,2.04,45.34,6.3518,28.64,4.41,4.95,77.67,4.58
mogadishu,20100401,2.04,45.34,6.228,28.45,4.92,5.73,80.99,24.53
mogadishu,20100402,2.04,45.34,7.0327,28.59,4.23,4.82,75.05,0.6
mogadishu,20100403,2.04,45.34,6.7346,28.74,5.34,6.15,77.64,5.5
mogadishu,20100404,2.04,45.34,6.1567,28.19,5.92,6.93,83.9,30.37
mogadishu,20100405,2.04,45.34,6.8477,28.71,5.07,5.93,74.53,5.62
mogadishu,20100406,2.04,45.34,7.0814,28.73,3.72,4.23,72.15,0.11
mogadishu,20100407,2.04,45.34,6.7181,28.82,4.42,5.05,73.99,0.52
mogadishu,20100408,2.04,45.34,6.6175,28.82,5.01,5.76,76.68,3.4
mogadishu,20100409,2.04,45.34,6.456,28.27,3.75,4.24,79.92,6.39
mogadishu,20100410,2.04,45.34,6.8846,28.7,4.45,5.04,76.57,0.33
mogadishu,20100411,2.04,45.34,6.3254,29.12,4.87,5.62,78.54,6.77
mogadishu,20100412,2.04,45.34,5.9794,28.97,4.19,4.85,79.54,14.05
mogadishu,20100413,2.04,45.34,6.0372,29.05,3.35,3.87,79.25,13.66
mogadishu,20100414,2.04,45.34,6.5201,28.59,3.09,3.52,80.95,12.91
mogadishu,20100415,2.04,45.34,6.3062,28.61,2.38,2.64,78.11,13.02
mogadishu,20100416,2.04,45.34,5.8332,29.02,2.87,3.25,76.98,0.02
mogadishu,20100417,2.04,45.34,5.315,28.75,3.69,4.22,81.5,0.06
mogadishu,20100418,2.04,45.34,5.5608,28.78,4.19,4.8,80.93,0.03
mogadishu,20100419,2.04,45.34,6.7495,29.17,4.99,5.75,77.82,0.03
mogadishu,20100420,2.04,45.34,6.7961,29.43,5.68,6.56,77.78,0.01
mogadishu,20100421,2.04,45.34,6.6864,29.18,5.1,5.87,79.3,0.92
mogadishu,20100422,2.04,45.34,6.3,29.29,4.36,4.95,79.05,0.88
mogadishu,20100423,2.04,45.34,5.1425,29.39,5.79,6.74,81.66,3.13
mogadishu,20100424,2.04,45.34,5.867,29.04,5.33,6.17,82.75,3.71
mogadishu,20100425,2.04,45.34,6.1198,28.71,6.36,7.33,73.78,2.54
mogadishu,20100426,2.04,45.34,6.1747,28.68,4.04,4.63,80.08,7.33
mogadishu,20100427,2.04,45.34,5.8994,29.12,2.8,3.17,78.86,1.3
mogadishu,20100428,2.04,45.34,6.1639,28.86,3.01,3.41,80.59,3.93
mogadishu,20100429,2.04,45.34,6.606,28.34,2.67,2.97,79.34,3.95
mogadishu,20100430,2.04,45.34,6.0689,28.76,2.87,3.27,76.24,2.57
mogadishu,20100501,2.04,45.34,6.2146,29.08,3.34,3.75,78.21,0.07
mogadishu,20100502,2.04,45.34,6.2213,29.18,3.46,3.91,78.39,0.03
mogadishu,20100503,2.04,45.34,5.8195,28.81,4.32,4.89,79.53,0.1
mogadishu,20100504,2.04,45.34,5.1542,28.15,4.94,5.62,79.33,0.23
mogadishu,20100505,2.04,45.34,6.5069,28.49,6.22,7.2,78.22,0.21
mogadishu,20100506,2.04,45.34,6.9295,28.66,5.84,6.84,79.12,0.46
mogadishu,20100507,2.04,45.34,6.2078,28.37,5.88,6.87,83.31,2.55
mogadishu,20100508,2.04,45.34,6.1793,28.34,5.46,6.38,83.0,1.42
mogadishu,20100509,2.04,45.34,5.8937,28.6,5.35,6.24,82.19,2.43
mogadishu,20100510,2.04,45.34,5.7269,28.14,5.0,5.84,84.19,2.56
mogadishu,20100511,2.04,45.34,6.0401,27.84,5.64,6.53,85.03,0.03
mogadishu,20100512,2.04,45.34,6.2683,28.57,6.52,7.66,79.21,0.01
mogadishu,20100513,2.04,45.34,6.5299,28.16,5.08,5.9,81.7,0.01
mogadishu,20100514,2.04,45.34,6.3144,28.28,6.64,7.73,78.72,0.0
mogadishu,20100515,2.04,45.34,6.6046,28.48,7.27,8.5,76.87,0.0
mogadishu,20100516,2.04,45.34,6.377,28.59,7.37,8.64,77.49,0.0
mogadishu,20100517,2.04,45.34,6.3024,28.25,7.36,8.52,79.38,0.0
mogadishu,20100518,2.04,45.34,5.5375,28.25,8.07,9.39,79.05,0.0
mogadishu,20100519,2.04,45.34,5.171,28.35,7.54,8.82,74.85,0.0
mogadishu,20100520,2.04,45.34,6.4915,27.87,6.99,8.09,78.15,0.0
mogadishu,20100521,2.04,45.34,6.4493,27.89,5.89,6.74,79.2,0.01
mogadishu,20100522,2.04,45.34,6.2635,27.91,5.94,6.87,78.66,0.01
mogadishu,20100523,2.04,45.34,6.439,27.98,4.48,5.17,80.21,0.0
mogadishu,20100524,2.04,45.34,6.0487,28.11,5.04,5.77,82.38,0.04
mogadishu,20100525,2.04,45.34,6.1987,28.15,5.28,6.03,84.76,0.1
mogadishu,20100526,2.04,45.34,3.3739,28.41,6.71,7.78,78.18,0.03
mogadishu,20100527,2.04,45.34,6.4615,28.03,5.04,5.75,77.77,0.0
mogadishu,20100528,2.04,45.34,5.9402,28.0,5.01,5.75,79.06,0.0
mogadishu,20100529,2.04,45.34,5.0659,28.1,6.62,7.72,81.39,0.02
mogadishu,20100530,2.04,45.34,6.3802,28.21,7.25,8.48,80.51,0.03
mogadishu,20100531,2.04,45.34,6.6953,28.31,7.4,8.67,73.23,0.02
mogadishu,20100601,2.04,45.34,6.0355,28.05,6.79,7.93,79.81,0.02
mogadishu,20100602,2.04,45.34,5.8954,27.96,6.73,7.85,81.08,0.08
mogadishu,20100603,2.04,45.34,5.766,27.96,6.87,8.04,82.21,0.07
mogadishu,20100604,2.04,45.34,5.885,27.96,7.3,8.48,80.42,0.07
mogadishu,20100605,2.04,45.34,5.8802,27.95,6.83,7.91,78.9,0.0
mogadishu,20100606,2.04,45.34,5.3047,27.69,7.36,8.54,82.43,0.0
mogadishu,20100607,2.04,45.34,5.2373,27.66,7.1,8.21,82.9,0.0
mogadishu,20100608,2.04,45.34,5.6527,27.92,6.75,7.83,80.48,0.0
mogadishu,20100609,2.04,45.34,5.039,27.72,6.15,7.06,81.03,0.0
mogadishu,20100610,2.04,45.34,4.2415,27.76,8.18,9.53,78.51,0.0
mogadishu,20100611,2.04,45.34,5.718,27.6,8.3,9.68,75.35,0.0
mogadishu,20100612,2.04,45.34,5.1768,27.57,8.63,10.12,78.14,0.0
mogadishu,20100613,2.04,45.34,5.274,27.58,8.88,10.42,78.61,0.0
mogadishu,20100614,2.04,45.34,5.2152,27.54,8.19,9.55,78.0,0.0
mogadishu,20100615,2.04,45.34,4.6502,27.31,8.16,9.51,76.89,0.0
mogadishu,20100616,2.04,45.34,5.0594,27.06,8.1,9.44,74.95,0.0
mogadishu,20100617,2.04,45.34,5.6861,26.97,7.35,8.54,79.69,0.0
mogadishu,20100618,2.04,45.34,5.8994,27.34,7.53,8.82,83.26,0.0
mogadishu,20100619,2.04,45.34,4.3445,27.15,8.09,9.49,81.51,0.0
mogadishu,20100620,2.04,45.34,4.9438,27.01,8.06,9.4,76.53,0.0
mogadishu,20100621,2.04,45.34,5.2006,26.7,8.2,9.55,77.79,0.0
mogadishu,20100622,2.04,45.34,5.491,26.71,7.95,9.27,78.54,0.0
mogadishu,20100623,2.04,45.34,4.4659,26.75,7.36,8.52,78.79,0.0
mogadishu,20100624,2.04,45.34,6.071,26.71,6.7,7.69,80.83,0.0
mogadishu,20100625,2.04,45.34,5.2306,26.63,8.6,10.11,82.37,0.02
mogadishu,20100626,2.04,45.34,4.8403,27.16,8.93,10.47,76.95,0.01
mogadishu,20100627,2.04,45.34,5.2934,27.03,8.53,10.04,80.65,0.01
mogadishu,20100628,2.04,45.34,5.4355,27.05,7.83,9.18,78.01,0.01
mogadishu,20100629,2.04,45.34,6.2076,26.9,9.23,10.88,75.26,0.0
mogadishu,20100630,2.04,45.34,6.3576,26.8,9.94,11.77,79.11,0.0
mogadishu,20100701,2.04,45.34,5.4677,26.53,8.73,10.27,83.44,0.0
mogadishu,20100702,2.04,45.34,5.0129,26.2,9.58,11.3,79.92,0.0
mogadishu,20100703,2.04,45.34,4.2727,25.69,9.28,10.88,79.56,0.0
mogadishu,20100704,2.04,45.34,5.4989,25.63,9.51,11.2,78.53,0.0
mogadishu,20100705,2.04,45.34,5.0369,25.58,9.27,10.92,79.74,0.01
mogadishu,20100706,2.04,45.34,5.0921,25.51,8.86,10.31,78.14,0.01
mogadishu,20100707,2.04,45.34,5.3345,25.51,9.13,10.61,76.39,0.01
mogadishu,20100708,2.04,45.34,5.377,25.55,9.04,10.54,76.78,0.0
mogadishu,20100709,2.04,45.34,5.3774,25.64,9.41,11.03,79.32,0.01
mogadishu,20100710,2.04,45.34,5.2358,25.48,8.91,10.39,81.06,0.0
mogadishu,20100711,2.04,45.34,5.7266,25.67,7.68,8.89,79.68,0.0
mogadishu,20100712,2.04,45.34,5.3522,25.3,7.77,8.94,79.71,0.0
mogadishu,20100713,2.04,45.34,6.0658,25.12,7.81,8.98,79.04,0.0
mogadishu,20100714,2.04,45.34,5.0844,25.52,7.93,9.15,81.52,0.0
mogadishu,20100715,2.04,45.34,5.3849,25.55,7.61,8.77,83.09,0.0
mogadishu,20100716,2.04,45.34,5.7302,25.72,8.06,9.37,84.96,0.0
mogadishu,20100717,2.04,45.34,5.7823,25.81,7.49,8.67,85.32,0.0
mogadishu,20100718,2.04,45.34,6.4862,25.79,8.52,9.91,80.54,0.0
mogadishu,20100719,2.04,45.34,6.3509,25.59,9.13,10.66,77.68,0.0
mogadishu,20100720,2.04,45.34,6.0454,25.47,9.37,10.99,77.45,0.08
mogadishu,20100721,2.04,45.34,5.6952,25.38,9.26,10.91,78.31,0.22
mogadishu,20100722,2.04,45.34,5.7713,25.42,9.41,11.07,75.86,0.13
mogadishu,20100723,2.04,45.34,6.3187,25.38,9.07,10.64,76.27,0.07
mogadishu,20100724,2.04,45.34,4.6296,25.41,9.38,11.06,78.47,0.17
mogadishu,20100725,2.04,45.34,4.2336,25.49,8.87,10.41,80.55,0.0
mogadishu,20100726,2.04,45.34,5.2836,25.47,9.31,10.94,81.02,0.0
mogadishu,20100727,2.04,45.34,6.2854,25.35,8.91,10.39,81.05,0.0
mogadishu,20100728,2.04,45.34,5.5886,25.2,9.14,10.65,82.43,0.0
mogadishu,20100729,2.04,45.34,6.1138,25.16,9.1,10.6,77.31,0.0
mogadishu,20100730,2.04,45.34,6.4632,25.24,8.97,10.44,76.58,0.0
mogadishu,20100731,2.04,45.34,6.199,25.32,8.54,9.9,79.42,0.0
mogadishu,20100801,2.04,45.34,4.741,25.2,7.83,9.0,82.75,0.0
mogadishu,20100802,2.04,45.34,5.9112,25.12,8.54,9.9,82.01,0.0
mogadishu,20100803,2.04,45.34,5.5063,25.16,8.53,9.85,80.31,0.0
mogadishu,20100804,2.04,45.34,5.8018,25.76,9.36,10.99,81.72,0.58
mogadishu,20100805,2.04,45.34,4.4602,25.47,9.03,10.56,84.82,1.82
mogadishu,20100806,2.04,45.34,5.6808,25.19,8.23,9.51,80.96,0.49
mogadishu,20100807,2.04,45.34,5.911,25.11,7.79,8.95,79.38,0.25
mogadishu,20100808,2.04,45.34,6.3835,25.13,8.21,9.45,79.95,0.2
mogadishu,20100809,2.04,45.34,5.725,25.08,7.64,8.82,78.75,1.13
mogadishu,20100810,2.04,45.34,6.703,25.58,8.48,9.88,79.77,1.05
mogadishu,20100811,2.04,45.34,6.5609,25.8,8.97,10.55,82.36,1.39
mogadishu,20100812,2.04,45.34,4.7206,25.64,8.82,10.31,82.93,2.22
mogadishu,20100813,2.04,45.34,5.6052,25.61,9.31,10.88,77.53,0.51
mogadishu,20100814,2.04,45.34,6.2438,25.25,9.28,10.97,80.1,17.98
mogadishu,20100815,2.04,45.34,5.3258,25.03,8.87,10.53,82.4,23.54
mogadishu,20100816,2.04,45.34,4.5458,25.02,8.65,10.24,79.52,10.93
mogadishu,20100817,2.04,45.34,5.3026,24.89,8.78,10.42,77.84,13.08
mogadishu,20100818,2.04,45.34,5.201,25.02,8.92,10.64,84.85,41.91
mogadishu,20100819,2.04,45.34,4.9769,25.17,8.3,9.81,86.49,0.0
mogadishu,20100820,2.04,45.34,5.6825,25.25,7.89,9.28,79.87,0.0
mogadishu,20100821,2.04,45.34,5.9028,25.17,8.0,9.39,79.29,0.0
mogadishu,20100822,2.04,45.34,4.8727,25.01,7.12,8.33,82.32,0.0
mogadishu,20100823,2.04,45.34,6.059,25.06,6.48,7.65,82.33,0.0
mogadishu,20100824,2.04,45.34,6.0653,25.27,7.29,8.59,82.42,0.0
mogadishu,20100825,2.04,45.34,6.3878,25.48,8.38,9.88,81.17,0.0
mogadishu,20100826,2.04,45.34,5.4749,25.53,8.17,9.61,83.26,0.0
mogadishu,20100827,2.04,45.34,5.1206,25.39,7.05,8.24,82.63,0.0
mogadishu,20100828,2.04,45.34,5.6993,25.34,7.26,8.41,79.01,0.0
mogadishu,20100829,2.04,45.34,5.3546,25.43,7.72,8.97,81.82,0.01
mogadishu,20100830,2.04,45.34,5.8322,25.49,7.91,9.22,82.22,0.02
mogadishu,20100831,2.04,45.34,6.1008,25.71,8.25,9.61,79.93,0.01
mogadishu,20100901,2.04,45.34,5.8848,25.51,6.86,7.92,81.65,0.01
mogadishu,20100902,2.04,45.34,5.0695,25.51,6.1,7.0,83.26,0.03
mogadishu,20100903,2.04,45.34,6.9072,25.65,5.87,6.79,80.62,0.0
mogadishu,20100904,2.04,45.34,5.5284,25.77,6.99,8.13,84.09,0.0
mogadishu,20100905,2.04,45.34,6.4795,25.83,7.08,8.25,80.42,0.0
mogadishu,20100906,2.04,45.34,6.612,25.77,7.1,8.3,83.1,0.0
mogadishu,20100907,2.04,45.34,5.892,25.87,7.01,8.16,81.84,0.0
mogadishu,20100908,2.04,45.34,6.6538,25.94,7.57,8.85,78.48,0.0
mogadishu,20100909,2.04,45.34,6.1399,26.05,7.39,8.66,84.0,0.0
mogadishu,20100910,2.04,45.34,5.531,26.04,7.01,8.21,79.14,0.0
mogadishu,20100911,2.04,45.34,5.2339,25.86,6.88,7.99,80.8,0.0
mogadishu,20100912,2.04,45.34,4.7369,25.73,7.73,8.97,82.48,0.0
mogadishu,20100913,2.04,45.34,6.5467,25.53,8.02,9.31,79.54,0.0
mogadishu,20100914,2.04,45.34,6.6055,25.73,7.89,9.12,80.11,0.0
mogadishu,20100915,2.04,45.34,6.3737,25.82,7.76,8.99,78.28,0.0
mogadishu,20100916,2.04,45.34,6.6029,25.65,6.79,7.82,80.04,0.0
mogadishu,20100917,2.04,45.34,6.6713,25.94,6.41,7.4,82.85,0.0
mogadishu,20100918,2.04,45.34,6.3857,25.91,8.17,9.52,82.72,0.0
mogadishu,20100919,2.04,45.34,6.2854,25.68,7.55,8.75,79.51,0.0
mogadishu,20100920,2.04,45.34,6.137,25.65,7.15,8.27,81.46,0.0
mogadishu,20100921,2.04,45.34,5.5351,25.72,7.02,8.08,79.26,0.0
mogadishu,20100922,2.04,45.34,5.1269,25.5,7.13,8.19,78.46,0.0
mogadishu,20100923,2.04,45.34,5.6256,25.45,7.75,8.92,77.1,0.0
mogadishu,20100924,2.04,45.34,5.3897,25.37,7.24,8.3,79.54,0.0
mogadishu,20100925,2.04,45.34,6.6012,25.82,6.92,8.0,82.0,0.0
mogadishu,20100926,2.04,45.34,5.9083,26.07,6.92,8.07,83.6,0.0
mogadishu,20100927,2.04,45.34,4.8422,25.84,6.65,7.73,82.65,0.0
mogadishu,20100928,2.04,45.34,4.5847,25.68,7.31,8.47,81.66,0.0
mogadishu,20100929,2.04,45.34,5.7833,25.62,7.57,8.78,78.06,0.0
mogadishu,20100930,2.04,45.34,6.3797,25.74,8.09,9.4,77.32,0.0
mogadishu,20101001,2.04,45.34,6.4193,25.9,7.72,8.94,78.3,0.0
mogadishu,20101002,2.04,45.34,6.253,25.8,7.18,8.24,78.81,0.0
mogadishu,20101003,2.04,45.34,5.8409,25.88,6.38,7.33,82.29,0.0
mogadishu,20101004,2.04,45.34,6.2714,26.2,6.73,7.81,78.56,0.0
mogadishu,20101005,2.04,45.34,5.9928,26.22,7.24,8.37,76.37,0.0
mogadishu,20101006,2.04,45.34,5.1869,26.03,7.06,8.18,78.38,0.0
mogadishu,20101007,2.04,45.34,6.9302,26.09,7.75,8.99,79.63,0.0
mogadishu,20101008,2.04,45.34,6.7738,26.5,7.38,8.7,84.33,0.0
mogadishu,20101009,2.04,45.34,5.6218,26.23,6.86,8.0,84.95,0.0
mogadishu,20101010,2.04,45.34,6.4786,26.36,6.2,7.25,80.56,0.0
mogadishu,20101011,2.04,45.34,6.4123,26.11,5.5,6.34,78.71,0.0
mogadishu,20101012,2.04,45.34,6.3252,26.24,5.5,6.34,75.53,0.0
mogadishu,20101013,2.04,45.34,6.1918,26.3,5.03,5.89,76.63,0.0
mogadishu,20101014,2.04,45.34,5.5877,26.19,5.09,5.83,76.31,0.0
mogadishu,20101015,2.04,45.34,5.8262,26.18,5.02,5.71,76.55,0.0
mogadishu,20101016,2.04,45.34,6.3041,26.06,5.27,5.97,78.68,0.0
mogadishu,20101017,2.04,45.34,6.7939,26.31,5.87,6.8,79.1,0.0
mogadishu,20101018,2.04,45.34,5.3976,26.07,5.37,6.13,82.32,0.0
mogadishu,20101019,2.04,45.34,6.0425,26.24,5.6,6.44,76.73,0.0
mogadishu,20101020,2.04,45.34,6.259,26.13,4.73,5.4,75.26,0.0
mogadishu,20101021,2.04,45.34,5.4408,25.91,4.1,4.65,82.01,0.0
mogadishu,20101022,2.04,45.34,5.4264,26.1,4.79,5.43,82.03,0.0
mogadishu,20101023,2.04,45.34,5.8296,26.22,5.08,5.94,81.84,9.81
mogadishu,20101024,2.04,45.34,6.3478,26.39,4.76,5.52,80.91,6.2
mogadishu,20101025,2.04,45.34,6.4219,26.65,4.35,5.02,73.82,0.84
mogadishu,20101026,2.04,45.34,6.6482,26.2,4.46,5.15,80.91,0.44
mogadishu,20101027,2.04,45.34,5.9498,25.92,4.08,4.69,83.79,3.53
mogadishu,20101028,2.04,45.34,6.7246,25.99,4.46,5.08,78.12,0.36
mogadishu,20101029,2.04,45.34,5.8277,26.24,3.88,4.42,76.41,0.54
mogadishu,20101030,2.04,45.34,6.4274,26.24,4.66,5.3,79.56,0.03
mogadishu,20101031,2.04,45.34,6.6074,26.4,5.04,5.8,79.37,0.22
mogadishu,20101101,2.04,45.34,6.1882,26.42,5.23,5.96,79.32,0.08
mogadishu,20101102,2.04,45.34,6.5628,26.47,4.97,5.61,79.95,0.0
mogadishu,20101103,2.04,45.34,6.2825,26.6,5.65,6.42,78.99,0.0
mogadishu,20101104,2.04,45.34,6.013,26.74,6.25,7.14,79.47,0.0
mogadishu,20101105,2.04,45.34,6.0029,26.8,5.71,6.54,76.38,0.0
mogadishu,20101106,2.04,45.34,6.239,26.5,4.91,5.59,78.87,0.0
mogadishu,20101107,2.04,45.34,5.862,26.59,4.14,4.68,77.23,0.0
mogadishu,20101108,2.04,45.34,6.3312,26.76,4.41,4.97,77.35,0.0
mogadishu,20101109,2.04,45.34,5.9566,26.79,4.89,5.51,78.9,0.0
mogadishu,20101110,2.04,45.34,6.1706,26.99,4.88,5.51,77.69,0.0
mogadishu,20101111,2.04,45.34,5.9458,27.07,5.14,5.79,77.44,0.0
mogadishu,20101112,2.04,45.34,5.9813,27.0,4.59,5.16,78.41,0.01
mogadishu,20101113,2.04,45.34,6.5818,27.37,5.17,5.92,75.13,0.0
mogadishu,20101114,2.04,45.34,6.2878,26.91,6.3,7.2,77.12,0.0
mogadishu,20101115,2.04,45.34,6.7694,26.68,5.15,5.89,75.99,0.0
mogadishu,20101116,2.04,45.34,6.0941,26.78,4.07,4.55,76.6,0.01
mogadishu,20101117,2.04,45.34,6.1133,26.77,4.62,5.19,76.96,0.0
mogadishu,20101118,2.04,45.34,6.2599,27.1,5.91,6.74,75.01,0.0
mogadishu,20101119,2.04,45.34,6.029,26.85,6.26,7.1,78.27,0.0
mogadishu,20101120,2.04,45.34,5.4516,26.96,5.82,6.61,76.43,0.0
mogadishu,20101121,2.04,45.34,5.3609,26.79,5.5,6.29,77.65,0.0
mogadishu,20101122,2.04,45.34,6.5868,26.87,4.72,5.34,79.21,0.06
mogadishu,20101123,2.04,45.34,6.6982,27.24,3.8,4.29,76.91,0.42
mogadishu,20101124,2.04,45.34,6.3199,27.66,5.08,5.79,75.68,0.08
mogadishu,20101125,2.04,45.34,6.2026,27.36,6.59,7.57,75.46,0.47
mogadishu,20101126,2.04,45.34,5.706,27.2,6.68,7.66,75.59,1.01
mogadishu,20101127,2.04,45.34,6.427,27.27,6.04,6.91,73.08,0.0
mogadishu,20101128,2.04,45.34,6.3458,27.38,6.83,7.84,74.34,0.02
mogadishu,20101129,2.04,45.34,6.5333,27.64,7.9,9.17,73.9,0.01
mogadishu,20101130,2.04,45.34,6.6713,27.48,8.27,9.57,73.46,0.0
mogadishu,20101201,2.04,45.34,6.6367,27.48,7.71,8.96,75.0,0.0
mogadishu,20101202,2.04,45.34,6.4073,27.45,7.49,8.7,75.21,0.0
mogadishu,20101203,2.04,45.34,6.5146,27.6,7.4,8.58,73.12,0.0
mogadishu,20101204,2.04,45.34,6.5734,27.35,7.59,8.77,73.78,0.0
mogadishu,20101205,2.04,45.34,6.5239,27.22,7.53,8.65,73.63,0.0
mogadishu,20101206,2.04,45.34,6.4267,27.02,7.38,8.47,75.27,0.0
mogadishu,20101207,2.04,45.34,6.4063,26.71,6.89,7.89,77.89,0.0
mogadishu,20101208,2.04,45.34,6.2916,26.79,6.41,7.35,76.97,0.0
mogadishu,20101209,2.04,45.34,6.3746,26.67,6.07,6.9,81.23,0.0
mogadishu,20101210,2.04,45.34,6.2052,26.98,6.1,7.01,76.4,0.0
mogadishu,20101211,2.04,45.34,6.0538,26.4,6.05,6.93,77.95,0.0
mogadishu,20101212,2.04,45.34,6.4882,26.01,5.29,6.08,78.69,0.0
mogadishu,20101213,2.04,45.34,6.5875,26.2,5.32,6.04,78.82,0.0
mogadishu,20101214,2.04,45.34,6.6113,26.04,6.12,7.01,78.39,0.0
mogadishu,20101215,2.04,45.34,6.6259,26.55,7.73,8.96,72.84,0.0
mogadishu,20101216,2.04,45.34,6.4826,26.71,8.82,10.28,69.07,0.0
mogadishu,20101217,2.04,45.34,6.5234,26.64,8.76,10.22,71.61,0.0
mogadishu,20101218,2.04,45.34,6.5669,26.37,8.3,9.63,76.1,0.0
mogadishu,20101219,2.04,45.34,6.5316,26.32,8.44,9.83,76.23,0.0
mogadishu,20101220,2.04,45.34,6.1126,26.37,8.31,9.71,77.0,0.0
mogadishu,20101221,2.04,45.34,5.682,26.53,8.1,9.5,77.4,0.0
mogadishu,20101222,2.04,45.34,6.229,26.6,7.78,9.13,76.13,0.0
mogadishu,20101223,2.04,45.34,6.2849,26.43,7.41,8.65,79.75,0.0
mogadishu,20101224,2.04,45.34,5.9861,26.66,7.17,8.34,81.78,0.0
mogadishu,20101225,2.04,45.34,5.629,26.7,6.44,7.44,80.87,0.0
mogadishu,20101226,2.04,45.34,5.5644,26.71,6.57,7.56,78.47,0.0
mogadishu,20101227,2.04,45.34,6.3523,26.44,8.3,9.6,75.64,0.0
mogadishu,20101228,2.04,45.34,6.3778,26.22,8.54,9.86,74.23,0.0
mogadishu,20101229,2.04,45.34,6.3175,26.17,8.98,10.37,73.65,0.0
mogadishu,20101230,2.04,45.34,6.2772,26.17,8.54,9.85,72.15,0.0
mogadishu,20101231,2.04,45.34,6.6204,26.2,7.91,9.14,73.61,0.0
mogadishu,20110101,2.04,45.34,6.5455,26.19,7.73,8.92,76.16,0.0
mogadishu,20110102,2.04,45.34,6.6638,26.14,7.54,8.77,75.36,0.0
mogadishu,20110103,2.04,45.34,6.6737,25.94,8.79,10.21,73.99,0.0
mogadishu,20110104,2.04,45.34,6.7963,26.09,8.55,9.93,73.01,0.0
mogadishu,20110105,2.04,45.34,6.7798,25.9,8.79,10.21,73.66,0.0
mogadishu,20110106,2.04,45.34,6.7366,25.86,8.76,10.17,73.98,0.0
mogadishu,20110107,2.04,45.34,6.4706,25.84,8.48,9.84,72.96,0.0
mogadishu,20110108,2.04,45.34,6.3391,25.86,7.98,9.26,75.84,0.0
mogadishu,20110109,2.04,45.34,6.3497,25.68,7.48,8.7,79.44,0.0
mogadishu,20110110,2.04,45.34,5.8042,25.92,7.71,8.97,81.46,0.0
mogadishu,20110111,2.04,45.34,6.3451,25.82,8.38,9.73,80.54,0.0
mogadishu,20110112,2.04,45.34,6.2369,25.9,8.91,10.39,77.35,0.0
mogadishu,20110113,2.04,45.34,6.0722,25.81,8.55,9.96,78.06,0.0
mogadishu,20110114,2.04,45.34,6.5827,25.99,8.21,9.58,77.2,0.0
mogadishu,20110115,2.04,45.34,6.6444,25.81,7.18,8.29,77.41,0.0
mogadishu,20110116,2.04,45.34,6.9343,25.94,7.17,8.23,77.69,0.0
mogadishu,20110117,2.04,45.34,6.9194,25.84,7.99,9.22,76.36,0.0
mogadishu,20110118,2.04,45.34,6.8959,25.79,7.54,8.73,75.14,0.0
mogadishu,20110119,2.04,45.34,6.8249,26.06,7.03,8.14,74.86,0.0
mogadishu,20110120,2.04,45.34,6.821,26.24,7.22,8.38,76.47,0.0
mogadishu,20110121,2.04,45.34,6.6742,26.32,7.61,8.87,81.28,0.0
mogadishu,20110122,2.04,45.34,5.2759,26.5,8.15,9.56,83.59,0.0
mogadishu,20110123,2.04,45.34,6.3053,26.47,9.88,11.63,75.52,0.0
mogadishu,20110124,2.04,45.34,6.1642,26.12,10.27,12.07,72.18,0.0
mogadishu,20110125,2.04,45.34,6.4171,25.86,9.46,11.04,74.22,0.0
mogadishu,20110126,2.04,45.34,6.4543,25.86,9.27,10.84,75.77,0.0
mogadishu,20110127,2.04,45.34,6.8158,26.2,9.47,11.15,78.96,0.0
mogadishu,20110128,2.04,45.34,6.4255,26.44,7.29,8.5,81.36,0.0
mogadishu,20110129,2.04,45.34,6.6146,26.45,7.32,8.48,82.4,0.0
mogadishu,20110130,2.04,45.34,6.8362,26.19,8.16,9.5,82.23,0.0
mogadishu,20110131,2.04,45.34,6.9374,25.84,8.42,9.71,79.55,0.0
mogadishu,20110201,2.04,45.34,6.6857,26.26,7.41,8.55,74.59,0.0
mogadishu,20110202,2.04,45.34,6.6922,25.93,7.21,8.32,76.86,0.0
mogadishu,20110203,2.04,45.34,7.2646,25.79,7.52,8.65,73.8,0.0
mogadishu,20110204,2.04,45.34,7.2814,25.65,8.56,9.9,73.86,0.0
mogadishu,20110205,2.04,45.34,7.1352,26.15,8.86,10.4,69.92,0.0
mogadishu,20110206,2.04,45.34,7.2701,26.37,8.8,10.35,66.66,0.0
mogadishu,20110207,2.04,45.34,7.1419,26.06,9.33,10.94,68.49,0.0
mogadishu,20110208,2.04,45.34,7.1911,26.02,8.91,10.44,69.59,0.0
mogadishu,20110209,2.04,45.34,7.2984,26.06,7.87,9.19,69.49,0.0
mogadishu,20110210,2.04,45.34,7.3502,25.68,7.09,8.18,71.95,0.0
mogadishu,20110211,2.04,45.34,7.284,25.58,7.6,8.76,76.62,0.0
mogadishu,20110212,2.04,45.34,7.1822,25.72,7.89,9.08,77.38,0.0
mogadishu,20110213,2.04,45.34,7.2161,25.78,7.79,9.0,75.37,0.0
mogadishu,20110214,2.04,45.34,6.8818,25.86,7.72,8.9,75.97,0.0
mogadishu,20110215,2.04,45.34,6.8496,26.13,9.28,10.81,76.6,0.0
mogadishu,20110216,2.04,45.34,5.8769,26.34,9.53,11.22,77.87,0.08
mogadishu,20110217,2.04,45.34,6.7666,26.47,9.62,11.32,76.06,0.0
mogadishu,20110218,2.04,45.34,7.007,25.92,9.38,10.87,75.0,0.0
mogadishu,20110219,2.04,45.34,7.1762,26.16,9.56,11.16,76.78,0.12
mogadishu,20110220,2.04,45.34,6.7915,26.3,8.21,9.56,79.43,0.0
mogadishu,20110221,2.04,45.34,7.099,26.43,7.71,8.95,78.5,0.0
mogadishu,20110222,2.04,45.34,6.7078,26.16,7.07,8.1,77.32,0.0
mogadishu,20110223,2.04,45.34,6.054,25.96,7.17,8.23,78.67,0.0
mogadishu,20110224,2.04,45.34,7.134,25.87,7.97,9.2,75.92,0.0
mogadishu,20110225,2.04,45.34,7.2922,25.71,7.89,9.09,76.91,0.0
mogadishu,20110226,2.04,45.34,7.3282,25.96,7.7,8.9,76.36,0.0
mogadishu,20110227,2.04,45.34,7.0795,26.08,7.18,8.3,77.42,0.0
mogadishu,20110228,2.04,45.34,7.1947,26.25,7.4,8.55,76.71,0.0
mogadishu,20110301,2.04,45.34,7.2996,25.97,6.72,7.71,76.96,0.0
mogadishu,20110302,2.04,45.34,7.2722,26.09,6.39,7.33,77.32,0.0
mogadishu,20110303,2.04,45.34,7.2574,26.16,6.74,7.72,77.68,0.0
mogadishu,20110304,2.04,45.34,7.362,25.96,7.1,8.07,77.49,0.0
mogadishu,20110305,2.04,45.34,7.481,26.01,6.45,7.38,75.42,0.0
mogadishu,20110306,2.04,45.34,7.0445,26.23,6.5,7.45,75.38,0.0
mogadishu,20110307,2.04,45.34,6.9962,26.79,7.3,8.49,72.35,0.0
mogadishu,20110308,2.04,45.34,7.1484,26.42,8.21,9.57,79.15,0.0
mogadishu,20110309,2.04,45.34,7.2811,26.64,8.01,9.37,78.66,0.0
mogadishu,20110310,2.04,45.34,7.1623,26.8,7.14,8.34,80.27,0.0
mogadishu,20110311,2.04,45.34,6.9468,26.83,6.79,7.87,79.36,0.0
mogadishu,20110312,2.04,45.34,7.037,26.95,6.81,7.95,80.5,0.0
mogadishu,20110313,2.04,45.34,7.0411,27.04,6.56,7.62,80.41,0.0
mogadishu,20110314,2.04,45.34,7.3464,26.31,6.62,7.52,79.48,0.0
mogadishu,20110315,2.04,45.34,7.2511,26.51,6.81,7.75,77.18,0.0
mogadishu,20110316,2.04,45.34,7.0162,27.05,8.07,9.35,77.05,0.0
mogadishu,20110317,2.04,45.34,7.2487,26.84,7.58,8.73,73.44,0.0
mogadishu,20110318,2.04,45.34,7.0658,26.82,7.55,8.71,73.24,0.0
mogadishu,20110319,2.04,45.34,7.1496,26.87,7.56,8.74,72.87,0.0
mogadishu,20110320,2.04,45.34,7.1474,26.86,7.48,8.67,75.32,0.0
mogadishu,20110321,2.04,45.34,7.2048,26.89,6.21,7.15,76.74,0.0
mogadishu,20110322,2.04,45.34,7.1887,27.08,6.03,6.86,79.22,0.0
mogadishu,20110323,2.04,45.34,6.7471,27.44,5.94,6.78,78.79,0.0
mogadishu,20110324,2.04,45.34,6.7315,27.45,6.04,6.82,80.96,0.0
mogadishu,20110325,2.04,45.34,6.9022,27.51,6.81,7.74,79.48,0.0
mogadishu,20110326,2.04,45.34,7.2672,27.47,6.8,7.73,80.35,0.0
mogadishu,20110327,2.04,45.34,7.3318,27.49,5.66,6.36,79.52,0.0
mogadishu,20110328,2.04,45.34,7.2324,27.53,5.42,6.1,77.77,0.0
mogadishu,20110329,2.04,45.34,6.9178,27.45,5.22,5.85,78.49,0.0
mogadishu,20110330,2.04,45.34,7.1945,27.65,6.15,6.99,75.72,0.0
mogadishu,20110331,2.04,45.34,7.2526,27.75,6.67,7.59,77.73,0.0
mogadishu,20110401,2.04,45.34,6.8429,27.88,6.52,7.43,76.57,0.0
mogadishu,20110402,2.04,45.34,7.1086,27.77,6.17,7.04,74.0,0.0
mogadishu,20110403,2.04,45.34,7.1462,27.6,6.74,7.66,78.29,0.0
mogadishu,20110404,2.04,45.34,6.9718,27.86,6.97,8.0,76.5,0.0
mogadishu,20110405,2.04,45.34,7.0982,27.81,6.62,7.58,78.65,0.0
mogadishu,20110406,2.04,45.34,6.8803,28.1,6.24,7.1,76.09,0.0
mogadishu,20110407,2.04,45.34,7.3301,27.56,6.14,6.95,75.58,0.0
mogadishu,20110408,2.04,45.34,7.1443,27.55,5.05,5.69,76.07,0.0
mogadishu,20110409,2.04,45.34,7.2485,27.56,4.94,5.5,76.98,0.0
mogadishu,20110410,2.04,45.34,7.3159,27.56,4.53,5.06,76.56,0.0
mogadishu,20110411,2.04,45.34,7.3248,27.3,4.72,5.29,78.4,0.01
mogadishu,20110412,2.04,45.34,7.2458,27.37,4.78,5.37,77.27,0.01
mogadishu,20110413,2.04,45.34,6.7459,28.19,5.08,5.71,76.71,0.45
mogadishu,20110414,2.04,45.34,6.5842,28.44,5.12,5.8,72.27,0.3
mogadishu,20110415,2.04,45.34,7.0666,28.41,5.3,6.0,71.74,0.03
mogadishu,20110416,2.04,45.34,6.9634,28.17,5.13,5.82,74.83,0.05
mogadishu,20110417,2.04,45.34,7.2401,28.04,4.24,4.8,75.58,0.01
mogadishu,20110418,2.04,45.34,6.93,28.35,3.92,4.38,74.4,0.17
mogadishu,20110419,2.04,45.34,6.9478,28.14,4.34,4.82,75.66,0.16
mogadishu,20110420,2.04,45.34,6.9581,28.15,3.83,4.22,74.77,0.06
mogadishu,20110421,2.04,45.34,7.1851,28.22,3.69,4.08,73.18,0.0
mogadishu,20110422,2.04,45.34,7.038,28.3,3.93,4.34,75.81,0.27
mogadishu,20110423,2.04,45.34,6.8539,28.62,4.49,5.05,76.18,1.29
mogadishu,20110424,2.04,45.34,6.7901,29.06,4.71,5.4,73.54,2.0
mogadishu,20110425,2.04,45.34,6.6458,29.03,4.88,5.61,74.21,2.32
mogadishu,20110426,2.04,45.34,6.4238,28.71,4.53,5.26,75.67,9.76
mogadishu,20110427,2.04,45.34,6.397,28.04,4.19,4.86,82.14,33.2
mogadishu,20110428,2.04,45.34,6.059,27.96,4.41,5.17,82.89,58.71
mogadishu,20110429,2.04,45.34,6.0038,27.87,4.07,4.76,78.72,21.31
mogadishu,20110430,2.04,45.34,6.2338,27.78,4.6,5.35,78.89,7.82
mogadishu,20110501,2.04,45.34,6.2652,28.29,5.0,5.78,83.17,0.21
mogadishu,20110502,2.04,45.34,4.2886,27.91,5.19,6.0,83.17,0.4
mogadishu,20110503,2.04,45.34,4.5775,28.38,4.26,4.94,78.63,0.15
mogadishu,20110504,2.04,45.34,5.9772,27.88,4.57,5.27,84.42,0.29
mogadishu,20110505,2.04,45.34,5.688,27.89,2.71,3.06,81.65,0.22
mogadishu,20110506,2.04,45.34,6.4385,27.9,4.86,5.62,83.39,2.44
mogadishu,20110507,2.04,45.34,6.0055,27.89,4.15,4.76,80.72,2.18
mogadishu,20110508,2.04,45.34,5.6311,27.89,3.78,4.3,82.09,1.52
mogadishu,20110509,2.04,45.34,5.9441,28.44,4.7,5.47,82.04,2.3
mogadishu,20110510,2.04,45.34,6.0809,28.81,5.87,6.85,80.02,1.24
mogadishu,20110511,2.04,45.34,6.4133,28.79,6.48,7.55,77.97,0.08
mogadishu,20110512,2.04,45.34,6.2861,28.47,6.06,7.08,76.19,0.04
mogadishu,20110513,2.04,45.34,6.1356,28.04,6.18,7.13,80.01,0.07
mogadishu,20110514,2.04,45.34,6.221,28.1,6.33,7.3,80.0,0.04
mogadishu,20110515,2.04,45.34,6.03,28.04,5.86,6.82,79.09,0.06
mogadishu,20110516,2.04,45.34,6.6617,28.23,4.62,5.33,77.74,0.06
mogadishu,20110517,2.04,45.34,6.6622,28.46,4.45,5.12,77.8,0.43
mogadishu,20110518,2.04,45.34,5.1214,28.12,5.41,6.33,82.26,0.95
mogadishu,20110519,2.04,45.34,2.4588,27.48,6.65,7.78,85.06,0.97
mogadishu,20110520,2.04,45.34,4.8115,27.59,6.02,7.1,76.58,0.19
mogadishu,20110521,2.04,45.34,6.4334,27.93,6.23,7.27,73.6,0.17
mogadishu,20110522,2.04,45.34,6.2158,27.37,5.95,6.88,79.01,0.25
mogadishu,20110523,2.04,45.34,6.4603,27.56,5.04,5.89,78.45,0.78
mogadishu,20110524,2.04,45.34,6.1541,27.38,4.93,5.71,83.13,1.09
mogadishu,20110525,2.04,45.34,6.2042,27.61,5.42,6.26,80.69,1.27
mogadishu,20110526,2.04,45.34,6.209,27.66,6.22,7.23,78.65,0.0
mogadishu,20110527,2.04,45.34,6.3475,27.86,5.75,6.76,79.92,0.0
mogadishu,20110528,2.04,45.34,6.078,27.91,6.49,7.68,80.46,0.01
mogadishu,20110529,2.04,45.34,6.0631,27.96,6.94,8.12,75.22,0.0
mogadishu,20110530,2.04,45.34,6.493,27.65,6.48,7.47,77.26,0.0
mogadishu,20110531,2.04,45.34,6.0098,27.67,7.75,8.99,78.05,0.0
mogadishu,20110601,2.04,45.34,6.4783,27.53,7.67,8.9,76.03,0.0
mogadishu,20110602,2.04,45.34,6.1843,27.77,8.59,10.06,74.61,0.0
mogadishu,20110603,2.04,45.34,6.1301,27.72,8.14,9.48,73.86,0.0
mogadishu,20110604,2.04,45.34,5.8541,27.7,7.42,8.58,76.96,0.0
mogadishu,20110605,2.04,45.34,6.1049,27.78,8.45,9.84,73.7,0.0
mogadishu,20110606,2.04,45.34,6.2141,27.49,7.71,8.9,76.27,0.0
mogadishu,20110607,2.04,45.34,6.1087,27.75,7.95,9.26,78.24,0.0
mogadishu,20110608,2.04,45.34,5.7586,27.56,7.7,8.92,77.23,0.0
mogadishu,20110609,2.04,45.34,5.3628,27.48,7.77,9.05,76.37,0.0
mogadishu,20110610,2.04,45.34,5.8375,27.36,7.26,8.45,76.31,0.0
mogadishu,20110611,2.04,45.34,5.9246,27.59,7.26,8.48,78.08,0.0
mogadishu,20110612,2.04,45.34,6.1798,27.25,7.96,9.25,76.86,0.0
mogadishu,20110613,2.04,45.34,5.4312,27.13,7.76,9.0,78.84,0.0
mogadishu,20110614,2.04,45.34,4.6008,27.22,8.23,9.6,78.3,0.0
mogadishu,20110615,2.04,45.34,5.2666,27.25,7.87,9.1,75.83,0.0
mogadishu,20110616,2.04,45.34,5.6342,27.09,6.77,7.76,77.04,0.0
mogadishu,20110617,2.04,45.34,5.3993,26.91,7.16,8.23,78.42,0.01
mogadishu,20110618,2.04,45.34,5.7058,26.71,6.93,7.96,79.18,0.0
mogadishu,20110619,2.04,45.34,5.3078,26.88,7.75,8.96,79.29,0.0
mogadishu,20110620,2.04,45.34,5.1893,27.16,7.89,9.19,76.95,0.0
mogadishu,20110621,2.04,45.34,5.5231,27.16,6.99,8.09,79.66,0.0
mogadishu,20110622,2.04,45.34,5.1667,27.18,8.01,9.37,78.19,0.0
mogadishu,20110623,2.04,45.34,5.9611,27.2,7.93,9.24,75.86,0.0
mogadishu,20110624,2.04,45.34,5.6969,27.33,7.97,9.28,73.53,0.0
mogadishu,20110625,2.04,45.34,5.6045,27.21,7.35,8.52,73.89,0.0
mogadishu,20110626,2.04,45.34,4.8994,27.06,7.43,8.61,78.17,0.0
mogadishu,20110627,2.04,45.34,4.4707,26.54,8.17,9.46,80.08,0.0
mogadishu,20110628,2.04,45.34,4.68,26.41,8.49,9.87,78.86,0.0
mogadishu,20110629,2.04,45.34,4.631,26.57,8.93,10.5,78.96,0.0
mogadishu,20110630,2.04,45.34,4.5326,26.83,8.48,9.97,80.28,0.0
mogadishu,20110701,2.04,45.34,3.9682,26.87,8.25,9.68,78.91,0.0
mogadishu,20110702,2.04,45.34,4.7522,26.7,7.38,8.6,80.09,0.0
mogadishu,20110703,2.04,45.34,4.5672,26.52,7.41,8.6,80.04,0.0
mogadishu,20110704,2.04,45.34,5.0273,26.6,7.85,9.2,81.37,0.0
mogadishu,20110705,2.04,45.34,5.9038,26.8,9.25,10.87,72.23,0.0
mogadishu,20110706,2.04,45.34,4.2014,26.71,9.49,11.16,71.87,0.0
mogadishu,20110707,2.04,45.34,2.9342,26.56,9.58,11.29,74.0,0.0
mogadishu,20110708,2.04,45.34,3.2899,26.51,9.1,10.69,76.72,0.0
mogadishu,20110709,2.04,45.34,3.8287,26.45,9.53,11.18,77.87,0.0
mogadishu,20110710,2.04,45.34,3.4133,26.44,9.53,11.14,78.28,0.0
mogadishu,20110711,2.04,45.34,4.9483,26.8,9.28,10.93,75.21,0.0
mogadishu,20110712,2.04,45.34,5.6621,26.7,9.02,10.58,79.01,0.0
mogadishu,20110713,2.04,45.34,4.615,26.67,9.0,10.7,84.44,0.01
mogadishu,20110714,2.04,45.34,2.6206,26.38,8.66,10.28,85.0,0.01
mogadishu,20110715,2.04,45.34,4.9982,26.7,8.83,10.3,77.3,0.0
mogadishu,20110716,2.04,45.34,6.3713,26.55,9.62,11.29,79.5,0.0
mogadishu,20110717,2.04,45.34,5.5114,26.34,10.05,11.9,78.75,0.0
mogadishu,20110718,2.04,45.34,4.7258,26.22,9.42,11.21,79.77,0.0
mogadishu,20110719,2.04,45.34,5.1403,26.13,8.69,10.21,76.12,0.0
mogadishu,20110720,2.04,45.34,4.6846,25.94,8.34,9.85,79.71,0.0
mogadishu,20110721,2.04,45.34,4.9078,25.86,8.35,9.89,79.52,0.0
mogadishu,20110722,2.04,45.34,5.2918,25.71,8.05,9.5,80.39,0.0
mogadishu,20110723,2.04,45.34,5.6554,25.8,8.42,9.91,82.24,0.0
mogadishu,20110724,2.04,45.34,5.0143,25.87,8.72,10.3,83.34,0.0
mogadishu,20110725,2.04,45.34,5.1737,26.15,7.4,8.71,79.27,1.16
mogadishu,20110726,2.04,45.34,4.2079,26.25,6.46,7.69,80.7,1.06
mogadishu,20110727,2.04,45.34,3.9185,26.56,6.96,8.14,78.2,0.76
mogadishu,20110728,2.04,45.34,5.6117,26.31,7.39,8.62,80.75,1.11
mogadishu,20110729,2.04,45.34,6.0953,26.2,7.59,8.81,78.71,0.84
mogadishu,20110730,2.04,45.34,6.2206,26.44,7.85,9.2,80.67,0.81
mogadishu,20110731,2.04,45.34,4.4782,26.38,9.16,10.82,79.83,2.13
mogadishu,20110801,2.04,45.34,5.399,26.23,9.31,10.98,80.75,1.45
mogadishu,20110802,2.04,45.34,5.2414,26.16,8.64,10.2,83.02,1.59
mogadishu,20110803,2.04,45.34,5.4074,26.3,9.1,10.74,77.23,0.35
mogadishu,20110804,2.04,45.34,5.7031,26.09,8.53,10.05,79.2,1.08
mogadishu,20110805,2.04,45.34,5.3654,26.0,8.98,10.59,78.32,1.6
mogadishu,20110806,2.04,45.34,6.2599,26.06,8.95,10.49,76.52,0.83
mogadishu,20110807,2.04,45.34,6.6302,26.0,9.37,11.07,75.39,1.1
mogadishu,20110808,2.04,45.34,5.6681,25.85,8.55,9.98,78.57,1.1
mogadishu,20110809,2.04,45.34,5.5778,25.89,8.86,10.4,77.89,0.0
mogadishu,20110810,2.04,45.34,5.6726,25.69,7.94,9.24,77.85,0.0
mogadishu,20110811,2.04,45.34,4.3908,25.69,8.41,9.81,78.94,0.0
mogadishu,20110812,2.04,45.34,5.0928,25.49,8.37,9.74,78.87,0.0
mogadishu,20110813,2.04,45.34,5.7758,25.55,8.46,9.87,79.89,0.0
mogadishu,20110814,2.04,45.34,5.2373,25.83,7.36,8.61,80.36,0.26
mogadishu,20110815,2.04,45.34,6.0252,26.39,7.46,8.63,78.5,0.12
mogadishu,20110816,2.04,45.34,6.6432,26.42,7.63,8.86,76.92,0.2
mogadishu,20110817,2.04,45.34,5.6383,26.05,8.41,9.8,80.28,0.47
mogadishu,20110818,2.04,45.34,6.3497,26.05,9.21,10.85,80.52,0.83
mogadishu,20110819,2.04,45.34,5.7972,25.99,8.4,9.78,79.04,0.0
mogadishu,20110820,2.04,45.34,6.085,25.9,8.29,9.64,76.9,0.0
mogadishu,20110821,2.04,45.34,6.8791,25.85,8.04,9.3,78.43,0.0
mogadishu,20110822,2.04,45.34,6.2628,25.79,8.42,9.78,77.51,0.0
mogadishu,20110823,2.04,45.34,5.5068,25.72,8.53,9.96,77.8,0.0
mogadishu,20110824,2.04,45.34,5.4574,25.79,8.14,9.48,79.98,0.01
mogadishu,20110825,2.04,45.34,4.4162,26.0,8.56,9.98,80.45,0.01
mogadishu,20110826,2.04,45.34,4.9207,25.95,8.47,9.9,79.26,0.01
mogadishu,20110827,2.04,45.34,6.6331,26.21,8.09,9.38,77.06,0.0
mogadishu,20110828,2.04,45.34,6.2758,26.29,8.93,10.47,82.21,0.02
mogadishu,20110829,2.04,45.34,4.7486,26.13,9.56,11.3,83.32,0.08
mogadishu,20110830,2.04,45.34,5.7818,26.14,8.97,10.57,85.57,0.09
mogadishu,20110831,2.04,45.34,5.8788,26.28,8.64,10.11,79.05,0.01
mogadishu,20110901,2.04,45.34,6.6118,26.23,9.14,10.77,81.2,0.03
mogadishu,20110902,2.04,45.34,4.3015,26.06,9.19,10.82,81.55,0.07
mogadishu,20110903,2.04,45.34,5.8843,26.05,7.97,9.23,79.07,0.0
mogadishu,20110904,2.04,45.34,5.178,26.16,8.26,9.65,80.08,0.0
mogadishu,20110905,2.04,45.34,5.7881,26.42,7.96,9.3,81.64,0.0
mogadishu,20110906,2.04,45.34,4.9884,26.33,8.53,10.0,82.54,0.0
mogadishu,20110907,2.04,45.34,6.0046,26.52,8.84,10.33,80.3,0.0
mogadishu,20110908,2.04,45.34,6.2177,26.59,8.44,9.85,81.74,0.0
mogadishu,20110909,2.04,45.34,5.719,26.58,7.85,9.09,79.26,0.0
mogadishu,20110910,2.04,45.34,5.4197,26.52,7.99,9.27,79.18,0.0
mogadishu,20110911,2.04,45.34,5.4857,26.41,8.07,9.31,79.13,0.0
mogadishu,20110912,2.04,45.34,6.6307,26.46,8.11,9.36,72.89,0.0
mogadishu,20110913,2.04,45.34,6.571,26.24,7.69,8.86,77.88,0.02
mogadishu,20110914,2.04,45.34,6.2921,26.42,6.53,7.5,80.42,0.16
mogadishu,20110915,2.04,45.34,6.1037,26.22,6.71,7.73,80.66,0.24
mogadishu,20110916,2.04,45.34,6.1109,26.25,7.26,8.48,79.84,0.16
mogadishu,20110917,2.04,45.34,5.8548,26.29,7.22,8.44,81.76,0.43
mogadishu,20110918,2.04,45.34,6.257,26.25,7.63,8.92,81.6,1.13
mogadishu,20110919,2.04,45.34,5.9765,26.27,6.92,8.01,80.58,0.46
mogadishu,20110920,2.04,45.34,5.6047,26.09,6.54,7.64,78.4,0.08
mogadishu,20110921,2.04,45.34,6.7738,26.13,6.1,7.13,76.12,0.05
mogadishu,20110922,2.04,45.34,5.7751,26.49,6.21,7.25,78.45,0.05
mogadishu,20110923,2.04,45.34,5.4581,26.4,5.74,6.65,81.65,0.46
mogadishu,20110924,2.04,45.34,6.2009,26.82,7.23,8.39,78.55,0.42
mogadishu,20110925,2.04,45.34,6.6079,26.79,7.53,8.7,78.04,0.71
mogadishu,20110926,2.04,45.34,6.2472,26.71,7.04,8.07,80.39,0.73
mogadishu,20110927,2.04,45.34,6.7951,26.73,6.73,7.75,78.7,0.52
mogadishu,20110928,2.04,45.34,6.5866,26.74,6.43,7.41,79.47,0.0
mogadishu,20110929,2.04,45.34,6.2429,26.65,6.09,6.98,80.05,0.0
mogadishu,20110930,2.04,45.34,6.1109,26.86,5.7,6.51,79.02,0.0
mogadishu,20111001,2.04,45.34,5.3904,27.18,6.54,7.55,76.43,0.0
mogadishu,20111002,2.04,45.34,5.286,27.2,6.6,7.62,75.88,0.0
mogadishu,20111003,2.04,45.34,5.4082,27.26,5.87,6.75,75.09,0.02
mogadishu,20111004,2.04,45.34,6.1788,26.97,5.95,6.82,77.59,0.01
mogadishu,20111005,2.04,45.34,6.1418,27.04,6.38,7.28,78.13,0.02
mogadishu,20111006,2.04,45.34,6.6197,27.33,6.25,7.2,73.95,0.01
mogadishu,20111007,2.04,45.34,6.0022,27.06,6.42,7.4,76.03,0.03
mogadishu,20111008,2.04,45.34,5.7115,26.92,6.13,7.03,79.44,1.93
mogadishu,20111009,2.04,45.34,6.4788,27.12,6.51,7.5,80.55,3.09
mogadishu,20111010,2.04,45.34,5.4672,27.05,5.77,6.65,82.2,8.54
mogadishu,20111011,2.04,45.34,5.287,26.94,3.64,4.19,80.17,8.87
mogadishu,20111012,2.04,45.34,4.6591,26.97,4.4,5.08,82.36,7.3
mogadishu,20111013,2.04,45.34,6.1445,26.48,4.3,5.03,86.16,22.1
mogadishu,20111014,2.04,45.34,5.8464,26.51,2.55,2.91,83.12,8.27
mogadishu,20111015,2.04,45.34,6.3086,26.81,2.07,2.29,78.03,0.5
mogadishu,20111016,2.04,45.34,5.7914,26.87,2.98,3.33,78.7,0.74
mogadishu,20111017,2.04,45.34,6.1085,26.91,4.1,4.66,81.3,4.19
mogadishu,20111018,2.04,45.34,5.7847,26.88,4.7,5.38,81.94,1.35
mogadishu,20111019,2.04,45.34,5.5622,27.05,4.21,4.81,80.3,1.16
mogadishu,20111020,2.04,45.34,5.3498,27.43,4.75,5.51,77.47,1.69
mogadishu,20111021,2.04,45.34,5.6398,27.46,4.23,4.93,77.85,2.0
mogadishu,20111022,2.04,45.34,4.6949,27.34,4.83,5.62,78.4,4.27
mogadishu,20111023,2.04,45.34,5.0897,26.4,3.44,3.94,82.46,9.2
mogadishu,20111024,2.04,45.34,5.7086,27.2,1.89,2.14,75.41,2.32
mogadishu,20111025,2.04,45.34,6.6257,27.31,3.46,3.94,78.91,2.09
mogadishu,20111026,2.04,45.34,5.3352,27.34,4.59,5.36,81.17,10.59
mogadishu,20111027,2.04,45.34,5.5423,26.9,3.44,4.02,84.13,7.74
mogadishu,20111028,2.04,45.34,5.6786,26.8,3.62,4.1,82.81,1.08
mogadishu,20111029,2.04,45.34,6.3418,26.89,4.34,4.96,80.42,0.51
mogadishu,20111030,2.04,45.34,6.1219,27.35,4.96,5.76,80.51,0.97
mogadishu,20111031,2.04,45.34,6.0782,26.9,4.38,5.04,83.95,1.39
mogadishu,20111101,2.04,45.34,6.023,27.31,4.98,5.78,80.17,0.59
mogadishu,20111102,2.04,45.34,6.3209,27.31,5.03,5.76,81.39,0.05
mogadishu,20111103,2.04,45.34,6.054,27.77,4.53,5.27,76.96,0.04
mogadishu,20111104,2.04,45.34,6.3648,28.04,3.66,4.23,75.38,0.05
mogadishu,20111105,2.04,45.34,6.4886,27.74,4.49,5.19,78.11,0.06
mogadishu,20111106,2.04,45.34,6.3211,27.62,3.44,3.93,76.24,0.01
mogadishu,20111107,2.04,45.34,5.6412,27.23,3.87,4.42,81.91,3.61
mogadishu,20111108,2.04,45.34,5.2783,26.89,3.73,4.29,84.92,20.93
mogadishu,20111109,2.04,45.34,5.8546,27.25,4.04,4.71,81.12,13.58
mogadishu,20111110,2.04,45.34,5.8877,27.23,2.97,3.36,74.95,6.12
mogadishu,20111111,2.04,45.34,6.1874,27.24,3.86,4.43,78.85,2.67
mogadishu,20111112,2.04,45.34,6.4498,27.73,5.31,6.22,80.13,0.43
mogadishu,20111113,2.04,45.34,6.011,27.86,4.85,5.75,79.24,1.72
mogadishu,20111114,2.04,45.34,4.6735,26.99,4.97,5.84,85.47,3.48
mogadishu,20111115,2.04,45.34,5.7698,26.87,5.02,5.92,84.14,3.77
mogadishu,20111116,2.04,45.34,4.7438,27.48,4.78,5.66,83.26,2.25
mogadishu,20111117,2.04,45.34,4.6704,27.71,5.01,5.96,81.46,4.28
mogadishu,20111118,2.04,45.34,5.2433,27.62,5.15,6.06,82.61,5.98
mogadishu,20111119,2.04,45.34,6.2959,27.58,4.88,5.68,76.86,1.1
mogadishu,20111120,2.04,45.34,6.253,27.63,3.7,4.3,78.04,0.25
mogadishu,20111121,2.04,45.34,5.3856,27.46,4.33,4.99,80.82,1.82
mogadishu,20111122,2.04,45.34,5.4773,27.07,4.54,5.27,82.63,12.87
mogadishu,20111123,2.04,45.34,5.3674,27.03,4.46,5.22,85.14,29.92
mogadishu,20111124,2.04,45.34,5.9386,27.22,3.68,4.24,82.94,9.59
mogadishu,20111125,2.04,45.34,5.6458,27.49,4.02,4.62,79.77,5.92
mogadishu,20111126,2.04,45.34,5.3606,27.68,3.68,4.21,77.42,2.01
mogadishu,20111127,2.04,45.34,5.6446,27.53,4.36,5.03,79.72,1.08
mogadishu,20111128,2.04,45.34,5.8567,27.48,3.97,4.58,78.82,0.52
mogadishu,20111129,2.04,45.34,5.7396,27.34,3.81,4.33,76.43,0.15
mogadishu,20111130,2.04,45.34,5.1662,27.5,3.43,3.92,73.68,0.02
mogadishu,20111201,2.04,45.34,4.9579,27.45,4.61,5.3,78.78,1.66
mogadishu,20111202,2.04,45.34,5.3726,27.67,6.22,7.27,76.3,0.06
mogadishu,20111203,2.04,45.34,6.0538,27.84,6.31,7.43,75.1,0.0
mogadishu,20111204,2.04,45.34,6.2018,27.94,5.66,6.68,76.69,0.13
mogadishu,20111205,2.04,45.34,6.2575,28.05,6.12,7.19,78.38,0.33
mogadishu,20111206,2.04,45.34,4.9805,27.94,7.02,8.27,79.44,0.55
mogadishu,20111207,2.04,45.34,6.287,27.79,6.7,7.95,77.29,0.04
mogadishu,20111208,2.04,45.34,5.7701,27.83,7.73,9.07,76.99,0.05
mogadishu,20111209,2.04,45.34,6.2791,27.72,8.45,9.9,75.22,0.08
mogadishu,20111210,2.04,45.34,5.8721,27.69,7.8,9.12,77.36,0.39
mogadishu,20111211,2.04,45.34,6.0984,27.53,7.01,8.21,76.62,0.02
mogadishu,20111212,2.04,45.34,6.2191,27.55,6.37,7.43,75.98,0.03
mogadishu,20111213,2.04,45.34,6.0845,27.6,6.21,7.23,79.01,0.19
mogadishu,20111214,2.04,45.34,5.5373,27.22,6.66,7.81,81.97,1.42
mogadishu,20111215,2.04,45.34,5.7499,27.37,6.36,7.48,80.78,1.25
mogadishu,20111216,2.04,45.34,5.7864,27.55,6.14,7.18,78.33,0.18
mogadishu,20111217,2.04,45.34,5.3342,27.49,5.8,6.79,77.76,0.01
mogadishu,20111218,2.04,45.34,5.5171,27.64,5.94,7.0,79.43,0.09
mogadishu,20111219,2.04,45.34,5.4094,27.66,6.91,8.16,79.81,0.76
mogadishu,20111220,2.04,45.34,6.383,27.71,7.96,9.35,78.15,0.38
mogadishu,20111221,2.04,45.34,6.4596,27.53,8.47,9.9,77.35,0.18
mogadishu,20111222,2.04,45.34,6.1697,27.2,7.92,9.23,76.15,0.0
mogadishu,20111223,2.04,45.34,6.45,27.26,6.5,7.55,76.0,0.0
mogadishu,20111224,2.04,45.34,6.3821,27.24,5.54,6.5,74.92,0.0
mogadishu,20111225,2.04,45.34,6.5146,27.38,5.69,6.59,75.58,0.0
mogadishu,20111226,2.04,45.34,6.4651,27.16,5.84,6.72,76.27,0.0
mogadishu,20111227,2.04,45.34,6.6012,26.99,7.0,8.19,77.31,0.0
mogadishu,20111228,2.04,45.34,6.6516,26.98,7.38,8.75,75.47,0.0
mogadishu,20111229,2.04,45.34,6.0516,26.81,8.28,9.73,75.58,0.0
mogadishu,20111230,2.04,45.34,6.3794,26.53,8.89,10.4,73.65,0.0
mogadishu,20111231,2.04,45.34,6.4642,26.42,8.91,10.47,70.8,0.0
mogadishu,20120101,2.04,45.34,6.7932,26.27,7.53,8.82,69.63,0.0
mogadishu,20120102,2.04,45.34,6.7685,26.33,7.2,8.5,69.89,0.0
mogadishu,20120103,2.04,45.34,6.5266,26.27,6.69,7.84,74.76,0.0
mogadishu,20120104,2.04,45.34,6.7872,26.26,7.62,8.91,75.87,0.0
mogadishu,20120105,2.04,45.34,6.7279,26.35,7.53,8.84,73.19,0.0
mogadishu,20120106,2.04,45.34,6.7174,26.51,7.75,9.12,73.12,0.0
mogadishu,20120107,2.04,45.34,6.6763,26.51,6.37,7.5,78.63,0.01
mogadishu,20120108,2.04,45.34,6.4037,26.79,6.69,7.88,82.21,0.01
mogadishu,20120109,2.04,45.34,6.0845,27.19,8.38,10.01,82.03,0.03
mogadishu,20120110,2.04,45.34,6.3026,26.84,8.62,10.16,77.84,0.06
mogadishu,20120111,2.04,45.34,6.0821,26.53,9.24,10.84,76.12,0.0
mogadishu,20120112,2.04,45.34,6.6252,26.62,8.41,9.87,75.64,0.0
mogadishu,20120113,2.04,45.34,6.6377,26.64,7.3,8.54,72.02,0.0
mogadishu,20120114,2.04,45.34,6.8729,26.55,6.98,8.11,74.52,0.0
mogadishu,20120115,2.04,45.34,6.9216,26.48,7.71,8.99,76.77,0.0
mogadishu,20120116,2.04,45.34,6.8258,26.54,8.67,10.24,73.05,0.0
mogadishu,20120117,2.04,45.34,6.8496,26.45,8.94,10.49,70.28,0.0
mogadishu,20120118,2.04,45.34,6.9089,26.7,8.79,10.37,68.08,0.0
mogadishu,20120119,2.04,45.34,6.9202,26.51,8.56,10.04,69.5,0.0
mogadishu,20120120,2.04,45.34,6.8412,26.11,7.9,9.17,73.76,0.0
mogadishu,20120121,2.04,45.34,6.7342,26.28,7.73,9.05,74.82,0.0
mogadishu,20120122,2.04,45.34,6.2479,26.08,9.48,11.17,77.08,0.0
mogadishu,20120123,2.04,45.34,6.3667,26.17,9.43,11.08,77.09,0.0
mogadishu,20120124,2.04,45.34,6.2743,26.25,9.25,10.86,77.39,0.0
mogadishu,20120125,2.04,45.34,5.581,26.38,9.88,11.63,76.6,0.0
mogadishu,20120126,2.04,45.34,6.6713,26.05,9.35,10.93,75.75,0.0
mogadishu,20120127,2.04,45.34,6.7579,25.99,8.91,10.43,73.93,0.0
mogadishu,20120128,2.04,45.34,7.0742,25.95,8.2,9.56,75.92,0.0
mogadishu,20120129,2.04,45.34,7.1095,25.84,8.84,10.32,77.46,0.0
mogadishu,20120130,2.04,45.34,6.9451,25.86,8.83,10.35,77.16,0.0
mogadishu,20120131,2.04,45.34,6.7498,25.84,8.77,10.23,76.44,0.0
mogadishu,20120201,2.04,45.34,7.0675,25.73,7.19,8.36,75.39,0.0
mogadishu,20120202,2.04,45.34,7.1311,25.68,6.53,7.58,76.44,0.0
mogadishu,20120203,2.04,45.34,7.1923,26.02,6.88,7.99,76.98,0.0
mogadishu,20120204,2.04,45.34,7.0166,26.11,8.95,10.48,76.63,0.0
mogadishu,20120205,2.04,45.34,6.9526,26.04,8.73,10.22,77.39,0.0
mogadishu,20120206,2.04,45.34,6.8206,26.02,8.85,10.34,77.53,0.0
mogadishu,20120207,2.04,45.34,6.7992,26.16,9.29,10.92,76.49,0.0
mogadishu,20120208,2.04,45.34,6.6689,26.35,9.17,10.79,77.86,0.0
mogadishu,20120209,2.04,45.34,6.888,26.34,8.87,10.38,77.81,0.0
mogadishu,20120210,2.04,45.34,6.4342,26.52,7.94,9.27,78.1,0.0
mogadishu,20120211,2.04,45.34,6.5642,26.59,8.35,9.75,77.65,0.0
mogadishu,20120212,2.04,45.34,6.8148,26.36,8.7,10.2,75.76,0.0
mogadishu,20120213,2.04,45.34,7.0574,25.94,9.25,10.78,76.08,0.0
mogadishu,20120214,2.04,45.34,7.1321,26.18,9.19,10.76,77.31,0.0
mogadishu,20120215,2.04,45.34,5.7259,26.55,8.77,10.32,80.62,0.0
mogadishu,20120216,2.04,45.34,6.8885,26.47,6.88,7.99,83.01,0.0
mogadishu,20120217,2.04,45.34,6.4615,26.61,6.13,7.09,83.13,0.0
mogadishu,20120218,2.04,45.34,6.5813,26.54,6.17,7.12,82.36,0.0
mogadishu,20120219,2.04,45.34,7.1021,26.09,7.03,8.05,80.36,0.0
mogadishu,20120220,2.04,45.34,7.0092,26.14,7.62,8.75,77.56,0.0
mogadishu,20120221,2.04,45.34,6.8854,26.4,7.53,8.77,76.09,0.0
mogadishu,20120222,2.04,45.34,7.3418,26.45,9.79,11.46,73.18,0.0
mogadishu,20120223,2.04,45.34,6.8628,26.48,9.89,11.65,75.64,0.0
mogadishu,20120224,2.04,45.34,5.5022,26.49,9.07,10.62,78.03,0.0
mogadishu,20120225,2.04,45.34,6.8069,26.52,7.21,8.33,77.43,0.0
mogadishu,20120226,2.04,45.34,7.0195,26.55,7.37,8.5,79.83,0.0
mogadishu,20120227,2.04,45.34,6.7099,26.82,8.23,9.62,77.13,0.0
mogadishu,20120228,2.04,45.34,6.731,26.83,8.61,10.07,77.27,0.0
mogadishu,20120229,2.04,45.34,6.9266,27.19,8.78,10.31,78.47,0.01
mogadishu,20120301,2.04,45.34,6.9518,27.13,7.97,9.37,78.66,0.01
mogadishu,20120302,2.04,45.34,6.9406,27.0,5.66,6.55,78.55,0.09
mogadishu,20120303,2.04,45.34,7.0838,26.85,5.74,6.6,84.08,0.04
mogadishu,20120304,2.04,45.34,7.0219,26.84,5.5,6.34,84.26,0.03
mogadishu,20120305,2.04,45.34,6.9101,27.28,8.41,9.87,79.48,0.03
mogadishu,20120306,2.04,45.34,7.0318,27.13,9.23,10.82,72.52,0.0
mogadishu,20120307,2.04,45.34,6.5945,26.95,8.79,10.29,68.41,0.0
mogadishu,20120308,2.04,45.34,6.9605,26.85,8.68,10.14,68.29,0.0
mogadishu,20120309,2.04,45.34,7.0622,26.28,7.98,9.23,74.26,0.0
mogadishu,20120310,2.04,45.34,7.2744,26.61,7.15,8.27,74.88,0.0
mogadishu,20120311,2.04,45.34,7.361,26.55,7.21,8.3,75.33,0.0
mogadishu,20120312,2.04,45.34,7.4712,26.45,8.95,10.36,74.71,0.0
mogadishu,20120313,2.04,45.34,7.2348,26.65,8.59,9.94,73.59,0.0
mogadishu,20120314,2.04,45.34,7.3817,26.66,7.95,9.13,72.67,0.0
mogadishu,20120315,2.04,45.34,7.242,27.1,7.82,9.06,72.58,0.0
mogadishu,20120316,2.04,45.34,7.367,27.11,7.36,8.5,73.67,0.0
mogadishu,20120317,2.04,45.34,6.9156,26.65,7.02,8.0,79.06,0.0
mogadishu,20120318,2.04,45.34,6.971,27.11,6.9,7.91,77.57,0.0
mogadishu,20120319,2.04,45.34,7.1741,27.24,7.88,9.11,78.04,0.03
mogadishu,20120320,2.04,45.34,6.8357,27.41,7.89,9.18,76.85,0.04
mogadishu,20120321,2.04,45.34,7.2862,27.06,7.67,8.85,76.27,0.0
mogadishu,20120322,2.04,45.34,6.9187,27.27,7.18,8.25,75.86,0.0
mogadishu,20120323,2.04,45.34,7.157,27.57,6.96,8.02,75.18,0.0
mogadishu,20120324,2.04,45.34,6.7567,27.61,7.29,8.5,75.13,0.0
mogadishu,20120325,2.04,45.34,7.2062,27.4,6.77,7.83,77.93,0.0
mogadishu,20120326,2.04,45.34,6.9338,27.52,5.67,6.47,78.62,0.0
mogadishu,20120327,2.04,45.34,6.8962,27.84,5.55,6.36,76.71,0.0
mogadishu,20120328,2.04,45.34,7.0908,27.85,6.15,7.03,77.21,0.0
mogadishu,20120329,2.04,45.34,7.0296,27.83,6.41,7.36,77.48,0.0
mogadishu,20120330,2.04,45.34,6.9977,27.93,6.17,7.08,76.2,0.0
mogadishu,20120331,2.04,45.34,7.1602,27.54,6.22,7.02,78.26,0.0
mogadishu,20120401,2.04,45.34,7.2278,27.34,5.37,6.06,79.1,3.34
mogadishu,20120402,2.04,45.34,6.8069,27.25,5.94,6.73,79.68,2.16
mogadishu,20120403,2.04,45.34,7.3267,27.65,6.9,7.98,77.98,1.37
mogadishu,20120404,2.04,45.34,6.8803,27.31,6.0,7.08,81.63,36.95
mogadishu,20120405,2.04,45.34,7.1642,27.54,5.76,6.85,79.79,15.04
mogadishu,20120406,2.04,45.34,7.2535,27.53,5.32,6.21,78.19,0.0
mogadishu,20120407,2.04,45.34,7.1849,27.53,4.76,5.51,76.63,0.0
mogadishu,20120408,2.04,45.34,7.1748,27.39,4.78,5.44,78.58,0.0
mogadishu,20120409,2.04,45.34,7.3207,27.35,4.33,4.94,76.47,0.0
mogadishu,20120410,2.04,45.34,7.3987,27.33,4.41,5.0,77.84,0.0
mogadishu,20120411,2.04,45.34,7.3135,27.39,5.3,6.02,77.37,0.19
mogadishu,20120412,2.04,45.34,7.2072,27.27,4.28,4.84,76.25,1.9
mogadishu,20120413,2.04,45.34,7.1335,27.51,3.93,4.43,73.45,0.35
mogadishu,20120414,2.04,45.34,6.8981,27.79,3.85,4.39,78.09,13.17
mogadishu,20120415,2.04,45.34,5.5397,27.89,2.31,2.6,82.05,47.32
mogadishu,20120416,2.04,45.34,3.6962,28.08,2.77,3.08,75.99,3.62
mogadishu,20120417,2.04,45.34,6.5614,28.63,3.33,3.72,73.52,0.71
mogadishu,20120418,2.04,45.34,4.4359,28.31,3.05,3.48,77.86,12.35
mogadishu,20120419,2.04,45.34,5.7528,27.79,3.83,4.47,83.76,18.36
mogadishu,20120420,2.04,45.34,5.801,28.28,3.7,4.36,83.26,15.57
mogadishu,20120421,2.04,45.34,4.6478,28.32,3.24,3.73,80.75,0.0
mogadishu,20120422,2.04,45.34,6.1558,28.36,3.42,3.99,79.62,0.0
mogadishu,20120423,2.04,45.34,4.9442,28.62,4.27,4.94,77.3,0.0
mogadishu,20120424,2.04,45.34,6.4025,28.4,4.69,5.46,79.01,0.0
mogadishu,20120425,2.04,45.34,6.2333,28.34,5.85,6.83,81.66,0.0
mogadishu,20120426,2.04,45.34,5.9086,28.25,5.95,6.98,81.41,0.58
mogadishu,20120427,2.04,45.34,2.8486,28.17,4.36,4.95,76.12,0.47
mogadishu,20120428,2.04,45.34,5.4538,27.98,3.57,4.11,78.04,0.16
mogadishu,20120429,2.04,45.34,6.3271,28.13,4.34,5.02,79.86,0.61
mogadishu,20120430,2.04,45.34,5.4218,28.03,3.24,3.7,80.67,0.44
mogadishu,20120501,2.04,45.34,6.3024,28.23,4.97,5.81,80.65,0.26
mogadishu,20120502,2.04,45.34,5.8663,28.12,3.89,4.49,82.25,0.19
mogadishu,20120503,2.04,45.34,6.6012,28.46,3.09,3.51,79.76,0.14
mogadishu,20120504,2.04,45.34,6.1382,28.24,3.83,4.42,82.12,0.3
mogadishu,20120505,2.04,45.34,6.4368,28.01,5.36,6.22,82.34,0.29
mogadishu,20120506,2.04,45.34,6.2825,27.98,6.12,7.18,84.82,0.9
mogadishu,20120507,2.04,45.34,6.1294,28.11,5.57,6.59,81.55,0.9
mogadishu,20120508,2.04,45.34,5.8973,27.77,6.04,7.13,84.63,0.75
mogadishu,20120509,2.04,45.34,5.9882,27.51,5.14,6.02,81.96,0.43
mogadishu,20120510,2.04,45.34,6.727,27.93,4.53,5.28,79.75,0.21
mogadishu,20120511,2.04,45.34,6.421,27.57,4.42,5.16,82.82,4.17
mogadishu,20120512,2.04,45.34,6.2986,27.37,4.43,5.14,84.21,3.36
mogadishu,20120513,2.04,45.34,6.0216,27.91,4.57,5.31,82.0,8.69
mogadishu,20120514,2.04,45.34,6.3643,27.96,4.35,5.1,84.67,7.15
mogadishu,20120515,2.04,45.34,6.2311,28.45,4.84,5.76,82.57,6.3
mogadishu,20120516,2.04,45.34,5.8596,28.05,6.38,7.47,83.36,0.01
mogadishu,20120517,2.04,45.34,5.3297,28.05,7.98,9.37,80.1,0.01
mogadishu,20120518,2.04,45.34,5.6227,27.54,5.61,6.6,83.82,0.01
mogadishu,20120519,2.04,45.34,6.4644,27.46,4.38,5.16,82.89,0.01
mogadishu,20120520,2.04,45.34,6.5261,27.71,3.77,4.48,82.17,0.0
mogadishu,20120521,2.04,45.34,5.8262,27.54,4.01,4.68,84.86,2.34
mogadishu,20120522,2.04,45.34,4.8084,27.33,4.04,4.68,86.74,4.06
mogadishu,20120523,2.04,45.34,5.8649,27.34,3.82,4.43,84.92,3.59
mogadishu,20120524,2.04,45.34,6.1507,27.73,4.89,5.73,81.67,4.07
mogadishu,20120525,2.04,45.34,6.4145,27.78,5.27,6.22,81.51,2.43
mogadishu,20120526,2.04,45.34,6.3744,27.57,6.27,7.42,79.82,0.01
mogadishu,20120527,2.04,45.34,5.9659,27.42,7.41,8.77,81.72,0.02
mogadishu,20120528,2.04,45.34,6.3444,27.39,7.9,9.28,79.24,0.01
mogadishu,20120529,2.04,45.34,6.2878,27.83,8.18,9.66,79.2,0.01
mogadishu,20120530,2.04,45.34,6.2177,27.98,7.85,9.21,79.7,0.01
mogadishu,20120531,2.04,45.34,5.5572,28.23,8.96,10.61,77.49,0.57
mogadishu,20120601,2.04,45.34,5.2205,28.08,10.09,11.93,73.93,0.36
mogadishu,20120602,2.04,45.34,5.4463,27.79,10.14,11.95,76.43,0.91
mogadishu,20120603,2.04,45.34,5.5387,27.46,8.79,10.27,74.51,0.46
mogadishu,20120604,2.04,45.34,5.3038,27.12,8.63,10.08,77.5,0.37
mogadishu,20120605,2.04,45.34,4.8919,26.9,8.65,10.04,77.19,0.0
mogadishu,20120606,2.04,45.34,4.961,26.82,8.59,9.99,75.69,0.0
mogadishu,20120607,2.04,45.34,5.1314,26.91,8.33,9.7,78.15,0.0
mogadishu,20120608,2.04,45.34,5.898,26.97,7.87,9.17,77.48,0.0
mogadishu,20120609,2.04,45.34,6.0425,26.82,7.24,8.41,77.99,0.0
mogadishu,20120610,2.04,45.34,5.7792,27.01,6.72,7.93,82.79,0.16
mogadishu,20120611,2.04,45.34,5.6174,26.96,7.44,8.84,82.53,0.2
mogadishu,20120612,2.04,45.34,5.832,26.61,8.2,9.63,79.3,0.09
mogadishu,20120613,2.04,45.34,5.5754,26.54,7.62,8.9,80.68,0.07
mogadishu,20120614,2.04,45.34,5.4137,26.33,7.84,9.15,79.58,0.06
mogadishu,20120615,2.04,45.34,5.1667,25.67,8.35,9.85,81.7,0.26
mogadishu,20120616,2.04,45.34,5.8994,25.5,8.17,9.66,82.6,0.13
mogadishu,20120617,2.04,45.34,5.2075,25.67,8.41,10.0,84.26,0.54
mogadishu,20120618,2.04,45.34,5.2562,25.83,8.26,9.81,85.88,1.26
mogadishu,20120619,2.04,45.34,4.0246,25.81,8.37,9.93,83.96,0.94
mogadishu,20120620,2.04,45.34,5.7384,25.98,8.45,10.06,84.76,5.93
mogadishu,20120621,2.04,45.34,5.8927,26.29,7.72,9.25,85.28,4.32
mogadishu,20120622,2.04,45.34,5.1331,26.19,5.7,6.77,87.58,6.59
mogadishu,20120623,2.04,45.34,5.7461,26.52,6.48,7.69,88.65,10.32
mogadishu,20120624,2.04,45.34,4.939,26.64,8.01,9.58,84.29,3.0
mogadishu,20120625,2.04,45.34,5.808,26.63,7.74,9.12,79.75,0.09
mogadishu,20120626,2.04,45.34,5.6856,26.51,8.05,9.42,75.96,0.06
mogadishu,20120627,2.04,45.34,5.047,26.23,8.59,10.08,76.9,0.17
mogadishu,20120628,2.04,45.34,5.6693,26.06,8.04,9.46,76.59,0.07
mogadishu,20120629,2.04,45.34,4.945,26.18,8.61,10.16,73.19,0.02
mogadishu,20120630,2.04,45.34,5.7473,25.67,7.79,9.17,74.31,0.02
mogadishu,20120701,2.04,45.34,4.9987,26.11,8.43,9.94,79.85,0.44
mogadishu,20120702,2.04,45.34,4.7491,26.4,8.62,10.23,81.61,0.83
mogadishu,20120703,2.04,45.34,5.3916,26.0,8.66,10.26,79.87,0.42
mogadishu,20120704,2.04,45.34,4.4573,25.27,8.66,10.31,80.69,0.27
mogadishu,20120705,2.04,45.34,4.14,25.08,8.51,10.14,82.67,0.0
mogadishu,20120706,2.04,45.34,3.4327,25.14,8.77,10.55,84.49,0.0
mogadishu,20120707,2.04,45.34,4.7256,25.07,8.9,10.55,78.94,0.0
mogadishu,20120708,2.04,45.34,4.2617,25.04,8.23,9.8,83.22,0.0
mogadishu,20120709,2.04,45.34,3.2266,25.09,8.51,10.1,82.04,0.0
mogadishu,20120710,2.04,45.34,4.3694,25.29,9.03,10.74,77.65,1.19
mogadishu,20120711,2.04,45.34,3.9391,25.77,9.05,10.7,73.79,1.22
mogadishu,20120712,2.04,45.34,5.3894,25.96,8.73,10.3,74.34,0.63
mogadishu,20120713,2.04,45.34,5.8946,26.15,8.65,10.25,80.28,2.06
mogadishu,20120714,2.04,45.34,4.7256,26.53,8.08,9.61,82.93,3.83
mogadishu,20120715,2.04,45.34,5.4703,26.41,8.11,9.54,75.69,0.0
mogadishu,20120716,2.04,45.34,5.4454,26.04,8.37,9.77,74.88,0.0
mogadishu,20120717,2.04,45.34,5.4202,25.66,8.19,9.58,79.81,0.0
mogadishu,20120718,2.04,45.34,5.0952,25.5,8.38,9.8,77.38,0.0
mogadishu,20120719,2.04,45.34,5.6294,25.61,8.05,9.35,76.65,0.0
mogadishu,20120720,2.04,45.34,5.352,25.57,8.27,9.6,76.98,0.04
mogadishu,20120721,2.04,45.34,6.2033,25.72,8.48,9.91,76.87,0.03
mogadishu,20120722,2.04,45.34,6.4646,25.82,8.33,9.74,77.93,0.08
mogadishu,20120723,2.04,45.34,4.6658,25.89,8.06,9.54,80.41,0.14
mogadishu,20120724,2.04,45.34,4.5859,25.96,8.58,10.08,77.9,0.12
mogadishu,20120725,2.04,45.34,5.4199,26.22,9.15,10.72,73.45,0.0
mogadishu,20120726,2.04,45.34,5.1641,26.36,8.97,10.51,78.56,0.0
mogadishu,20120727,2.04,45.34,6.2342,26.32,9.02,10.59,78.17,0.0
mogadishu,20120728,2.04,45.34,3.421,26.12,8.58,10.03,78.41,0.0
mogadishu,20120729,2.04,45.34,4.8866,26.17,8.29,9.67,75.02,0.0
mogadishu,20120730,2.04,45.34,4.7964,26.17,8.56,9.98,77.19,0.0
mogadishu,20120731,2.04,45.34,5.5015,26.5,7.58,8.84,79.76,0.0
mogadishu,20120801,2.04,45.34,4.1414,26.5,7.99,9.39,81.02,0.0
mogadishu,20120802,2.04,45.34,4.9975,26.46,7.5,8.77,81.58,0.0
mogadishu,20120803,2.04,45.34,5.7672,26.52,7.42,8.58,80.32,0.0
mogadishu,20120804,2.04,45.34,5.7454,26.43,8.39,9.71,78.8,0.03
mogadishu,20120805,2.04,45.34,6.3895,26.43,7.8,8.99,74.8,0.01
mogadishu,20120806,2.04,45.34,6.2292,26.59,7.23,8.33,79.36,0.03
mogadishu,20120807,2.04,45.34,4.9044,26.52,6.87,7.86,80.62,0.04
mogadishu,20120808,2.04,45.34,5.9753,26.61,6.51,7.51,74.3,0.01
mogadishu,20120809,2.04,45.34,6.3343,26.57,6.8,7.84,77.39,1.08
mogadishu,20120810,2.04,45.34,6.0238,26.2,7.73,8.92,79.25,1.01
mogadishu,20120811,2.04,45.34,4.735,26.12,8.96,10.5,81.02,3.94
mogadishu,20120812,2.04,45.34,6.6022,25.73,8.38,9.82,76.58,0.29
mogadishu,20120813,2.04,45.34,5.9184,25.62,8.77,10.24,79.68,1.69
mogadishu,20120814,2.04,45.34,4.9572,25.46,8.96,10.5,80.1,3.14
mogadishu,20120815,2.04,45.34,4.7762,25.35,8.92,10.47,79.01,1.65
mogadishu,20120816,2.04,45.34,5.2274,25.32,8.39,9.8,79.08,0.35
mogadishu,20120817,2.04,45.34,5.2582,25.85,8.11,9.48,80.77,0.96
mogadishu,20120818,2.04,45.34,5.8085,26.03,7.76,9.13,81.07,0.77
mogadishu,20120819,2.04,45.34,6.6878,25.96,6.84,7.9,82.34,2.02
mogadishu,20120820,2.04,45.34,5.5963,26.53,9.15,10.71,75.71,2.06
mogadishu,20120821,2.04,45.34,6.5707,26.46,9.05,10.49,73.86,1.23
mogadishu,20120822,2.04,45.34,5.7386,26.06,9.22,10.73,74.97,1.65
mogadishu,20120823,2.04,45.34,6.2902,25.95,9.66,11.29,75.51,1.15
mogadishu,20120824,2.04,45.34,4.4945,25.9,8.41,9.81,76.72,1.61
mogadishu,20120825,2.04,45.34,4.6783,25.9,7.82,9.05,79.32,0.89
mogadishu,20120826,2.04,45.34,5.1778,26.3,7.68,9.01,81.97,2.31
mogadishu,20120827,2.04,45.34,6.2088,26.71,8.11,9.5,79.06,0.79
mogadishu,20120828,2.04,45.34,6.6492,26.77,8.16,9.58,80.68,0.7
mogadishu,20120829,2.04,45.34,5.293,26.61,7.37,8.61,83.91,1.01
mogadishu,20120830,2.04,45.34,6.0497,26.4,7.33,8.59,83.66,0.92
mogadishu,20120831,2.04,45.34,4.8322,26.27,8.34,9.81,80.95,1.23
mogadishu,20120901,2.04,45.34,6.3415,26.27,8.0,9.29,77.04,0.33
mogadishu,20120902,2.04,45.34,6.5038,26.36,8.24,9.55,73.57,0.17
mogadishu,20120903,2.04,45.34,6.2011,26.22,8.59,9.99,76.48,0.01
mogadishu,20120904,2.04,45.34,6.7212,26.17,8.36,9.72,78.5,0.02
mogadishu,20120905,2.04,45.34,4.8965,26.14,8.08,9.55,85.83,0.1
mogadishu,20120906,2.04,45.34,5.389,25.99,8.54,10.04,78.94,0.02
mogadishu,20120907,2.04,45.34,5.4245,25.78,8.02,9.37,78.55,0.01
mogadishu,20120908,2.04,45.34,6.6552,26.02,7.99,9.3,76.06,0.06
mogadishu,20120909,2.04,45.34,6.6355,26.38,7.9,9.2,75.46,0.03
mogadishu,20120910,2.04,45.34,5.6755,26.6,7.01,8.14,82.79,0.65
mogadishu,20120911,2.04,45.34,5.725,26.69,6.51,7.62,86.42,0.84
mogadishu,20120912,2.04,45.34,6.0967,26.88,7.37,8.61,82.22,0.4
mogadishu,20120913,2.04,45.34,6.2347,26.82,7.56,8.75,78.76,0.33
mogadishu,20120914,2.04,45.34,6.6866,26.89,7.38,8.48,75.73,0.09
mogadishu,20120915,2.04,45.34,6.558,26.97,7.98,9.24,75.59,0.1
mogadishu,20120916,2.04,45.34,5.9258,27.21,7.8,9.07,79.06,0.65
mogadishu,20120917,2.04,45.34,6.6466,27.0,7.98,9.26,77.86,0.32
mogadishu,20120918,2.04,45.34,6.9986,27.0,7.87,9.11,75.78,0.0
mogadishu,20120919,2.04,45.34,6.6982,26.9,8.11,9.38,75.47,0.0
mogadishu,20120920,2.04,45.34,6.7174,26.57,7.6,8.73,74.08,0.0
mogadishu,20120921,2.04,45.34,7.02,26.69,7.46,8.57,74.88,0.0
mogadishu,20120922,2.04,45.34,6.5851,27.21,7.06,8.12,72.12,0.0
mogadishu,20120923,2.04,45.34,6.5407,27.39,6.68,7.69,72.24,0.01
mogadishu,20120924,2.04,45.34,6.6389,26.8,6.27,7.18,73.1,0.0
mogadishu,20120925,2.04,45.34,6.606,26.61,6.5,7.45,77.92,0.0
mogadishu,20120926,2.04,45.34,5.6988,27.07,5.49,6.21,79.12,0.01
mogadishu,20120927,2.04,45.34,5.7929,27.0,6.57,7.51,81.52,0.05
mogadishu,20120928,2.04,45.34,6.0283,26.63,5.44,6.14,82.27,0.79
mogadishu,20120929,2.04,45.34,6.2023,26.42,5.15,5.84,82.74,0.13
mogadishu,20120930,2.04,45.34,6.798,26.83,5.41,6.26,77.74,0.09
mogadishu,20121001,2.04,45.34,6.5263,26.9,5.55,6.33,80.84,0.09
mogadishu,20121002,2.04,45.34,5.5922,26.92,6.77,7.82,82.39,1.28
mogadishu,20121003,2.04,45.34,4.9008,27.17,7.16,8.25,76.52,0.76
mogadishu,20121004,2.04,45.34,5.6266,27.13,6.77,7.78,73.61,0.04
mogadishu,20121005,2.04,45.34,6.9108,27.34,5.94,6.85,74.19,0.04
mogadishu,20121006,2.04,45.34,6.3396,27.34,5.7,6.58,75.52,0.06
mogadishu,20121007,2.04,45.34,6.4459,27.28,5.3,6.02,80.24,0.14
mogadishu,20121008,2.04,45.34,6.3252,27.68,5.56,6.41,78.76,0.39
mogadishu,20121009,2.04,45.34,5.6059,27.67,4.77,5.52,80.09,0.54
mogadishu,20121010,2.04,45.34,5.2397,27.18,3.71,4.18,82.66,0.45
mogadishu,20121011,2.04,45.34,5.4662,27.65,4.83,5.56,79.15,0.97
mogadishu,20121012,2.04,45.34,5.8284,27.56,4.47,5.16,80.34,0.89
mogadishu,20121013,2.04,45.34,5.8322,27.13,4.86,5.47,82.61,1.08
mogadishu,20121014,2.04,45.34,5.3974,27.11,5.95,6.8,79.41,1.06
mogadishu,20121015,2.04,45.34,5.7086,27.1,5.5,6.23,78.28,0.48
mogadishu,20121016,2.04,45.34,3.9782,26.96,5.22,5.9,79.32,0.85
mogadishu,20121017,2.04,45.34,6.1073,27.15,3.63,4.03,77.07,0.51
mogadishu,20121018,2.04,45.34,6.2786,27.39,3.97,4.45,76.58,0.14
mogadishu,20121019,2.04,45.34,6.4853,27.5,3.85,4.29,78.42,0.28
mogadishu,20121020,2.04,45.34,6.1574,27.5,4.17,4.73,78.25,0.58
mogadishu,20121021,2.04,45.34,5.9659,27.41,3.93,4.38,78.22,1.36
mogadishu,20121022,2.04,45.34,5.5961,27.16,2.53,2.77,79.08,0.89
mogadishu,20121023,2.04,45.34,5.4005,26.86,2.2,2.46,78.48,1.44
mogadishu,20121024,2.04,45.34,5.0345,27.54,3.15,3.46,77.32,0.52
mogadishu,20121025,2.04,45.34,6.3283,27.48,5.24,5.94,82.1,0.7
mogadishu,20121026,2.04,45.34,6.0079,27.57,6.38,7.35,80.13,0.41
mogadishu,20121027,2.04,45.34,5.2505,27.62,4.84,5.56,77.63,0.17
mogadishu,20121028,2.04,45.34,6.3106,27.36,4.38,4.97,80.87,0.0
mogadishu,20121029,2.04,45.34,5.9215,27.77,4.6,5.25,77.78,0.0
mogadishu,20121030,2.04,45.34,4.9694,27.76,4.09,4.65,77.83,0.0
mogadishu,20121031,2.04,45.34,5.2037,27.35,2.74,3.0,78.92,0.0
mogadishu,20121101,2.04,45.34,6.0725,27.67,4.56,5.17,78.18,0.0
mogadishu,20121102,2.04,45.34,6.505,27.68,4.82,5.55,77.34,3.66
mogadishu,20121103,2.04,45.34,6.5405,27.26,4.21,4.77,76.93,0.1
mogadishu,20121104,2.04,45.34,6.1459,27.08,4.14,4.66,78.61,0.88
mogadishu,20121105,2.04,45.34,6.0139,27.05,4.36,4.94,78.96,0.73
mogadishu,20121106,2.04,45.34,6.235,27.05,3.62,4.07,79.01,1.58
mogadishu,20121107,2.04,45.34,6.2426,26.8,2.87,3.29,80.28,19.26
mogadishu,20121108,2.04,45.34,6.2256,26.92,4.43,5.12,81.01,6.88
mogadishu,20121109,2.04,45.34,6.4097,27.06,4.83,5.61,80.15,4.16
mogadishu,20121110,2.04,45.34,5.8582,26.79,3.9,4.44,81.54,2.27
mogadishu,20121111,2.04,45.34,6.061,26.99,3.6,4.06,78.44,1.66
mogadishu,20121112,2.04,45.34,5.5706,27.21,3.62,4.04,80.61,0.76
mogadishu,20121113,2.04,45.34,4.8917,27.45,3.6,4.08,80.51,1.32
mogadishu,20121114,2.04,45.34,5.7713,27.82,3.02,3.4,74.28,0.59
mogadishu,20121115,2.04,45.34,6.3115,27.83,4.11,4.66,76.22,0.32
mogadishu,20121116,2.04,45.34,5.9614,27.98,4.76,5.43,76.64,0.05
mogadishu,20121117,2.04,45.34,6.3269,28.39,6.12,7.09,77.04,2.49
mogadishu,20121118,2.04,45.34,6.5407,28.17,6.09,7.02,74.91,0.04
mogadishu,20121119,2.04,45.34,6.3132,28.35,5.77,6.6,75.38,0.56
mogadishu,20121120,2.04,45.34,5.8075,28.01,5.19,5.91,77.17,0.46
mogadishu,20121121,2.04,45.34,5.7586,28.07,5.33,6.1,76.14,0.7
mogadishu,20121122,2.04,45.34,5.2908,27.81,6.06,6.89,78.96,0.02
mogadishu,20121123,2.04,45.34,6.1603,28.11,6.08,6.97,77.5,0.09
mogadishu,20121124,2.04,45.34,5.8742,28.16,5.45,6.17,78.01,0.03
mogadishu,20121125,2.04,45.34,5.8706,28.22,4.94,5.57,78.12,0.07
mogadishu,20121126,2.04,45.34,5.9762,28.27,5.05,5.71,76.81,0.01
mogadishu,20121127,2.04,45.34,5.5214,28.04,5.2,5.89,79.07,1.31
mogadishu,20121128,2.04,45.34,5.8229,27.91,4.32,4.95,80.91,1.0
mogadishu,20121129,2.04,45.34,5.761,27.76,4.75,5.37,78.67,0.56
mogadishu,20121130,2.04,45.34,6.1176,27.95,4.9,5.57,77.38,0.56
mogadishu,20121201,2.04,45.34,4.0786,27.99,6.1,7.12,80.2,9.99
mogadishu,20121202,2.04,45.34,5.1341,27.82,6.69,7.81,77.63,0.02
mogadishu,20121203,2.04,45.34,6.1022,28.02,5.61,6.49,74.15,0.02
mogadishu,20121204,2.04,45.34,6.0833,27.92,6.03,6.87,75.55,0.0
mogadishu,20121205,2.04,45.34,5.5438,27.99,5.86,6.67,76.65,0.0
mogadishu,20121206,2.04,45.34,5.6114,28.02,6.27,7.18,75.35,0.0
mogadishu,20121207,2.04,45.34,5.7552,27.93,6.21,7.1,77.0,0.0
mogadishu,20121208,2.04,45.34,5.8666,27.84,6.26,7.11,75.92,0.0
mogadishu,20121209,2.04,45.34,6.1848,27.96,6.53,7.53,75.06,0.0
mogadishu,20121210,2.04,45.34,6.3984,28.31,6.65,7.75,77.2,0.0
mogadishu,20121211,2.04,45.34,5.309,28.12,7.67,8.94,77.14,0.03
mogadishu,20121212,2.04,45.34,5.6246,28.07,7.3,8.44,77.81,0.58
mogadishu,20121213,2.04,45.34,5.8661,27.66,7.37,8.46,80.52,0.07
mogadishu,20121214,2.04,45.34,5.9909,27.85,6.42,7.33,79.52,0.13
mogadishu,20121215,2.04,45.34,6.0271,27.89,6.06,6.91,79.49,0.09
mogadishu,20121216,2.04,45.34,6.3024,28.0,6.26,7.19,77.87,0.11
mogadishu,20121217,2.04,45.34,5.7338,27.77,7.95,9.29,80.52,0.1
mogadishu,20121218,2.04,45.34,5.9021,27.52,9.13,10.67,75.28,0.06
mogadishu,20121219,2.04,45.34,4.7717,27.13,8.66,10.07,77.38,0.01
mogadishu,20121220,2.04,45.34,6.372,27.18,8.39,9.78,77.62,0.03
mogadishu,20121221,2.04,45.34,6.1661,27.25,7.27,8.44,77.98,0.03
mogadishu,20121222,2.04,45.34,5.8234,27.36,6.19,7.1,79.91,0.0
mogadishu,20121223,2.04,45.34,5.3726,27.2,4.99,5.65,80.01,0.0
mogadishu,20121224,2.04,45.34,5.747,27.61,2.86,3.15,73.81,0.0
mogadishu,20121225,2.04,45.34,5.8822,28.32,2.95,3.39,73.68,0.0
mogadishu,20121226,2.04,45.34,5.2894,28.11,3.57,4.09,74.67,0.0
mogadishu,20121227,2.04,45.34,6.2846,27.51,6.45,7.45,77.49,0.16
mogadishu,20121228,2.04,45.34,6.6341,27.35,8.03,9.3,73.59,0.0
mogadishu,20121229,2.04,45.34,6.6557,27.33,8.81,10.23,74.37,0.0
mogadishu,20121230,2.04,45.34,6.5134,27.34,8.41,9.77,73.65,0.0
mogadishu,20121231,2.04,45.34,6.3122,27.17,8.21,9.53,75.97,0.0
mogadishu,20130101,2.04,45.34,6.4327,27.13,8.83,10.37,71.13,0.0
mogadishu,20130102,2.04,45.34,6.5738,26.82,9.62,11.35,73.83,0.0
mogadishu,20130103,2.04,45.34,5.8397,26.74,9.1,10.75,79.69,0.0
mogadishu,20130104,2.04,45.34,5.8723,26.9,7.65,8.99,82.41,0.0
mogadishu,20130105,2.04,45.34,6.265,27.28,7.42,8.71,81.95,0.0
mogadishu,20130106,2.04,45.34,6.6586,27.15,7.04,8.15,82.02,0.03
mogadishu,20130107,2.04,45.34,6.1843,27.06,7.07,8.15,80.98,0.06
mogadishu,20130108,2.04,45.34,6.2285,27.39,5.94,6.84,80.79,0.09
mogadishu,20130109,2.04,45.34,6.0811,27.3,5.3,6.0,81.04,0.09
mogadishu,20130110,2.04,45.34,5.9633,27.47,4.92,5.53,78.71,0.04
mogadishu,20130111,2.04,45.34,6.443,27.69,6.37,7.24,77.22,0.0
mogadishu,20130112,2.04,45.34,5.3758,27.81,8.81,10.17,74.74,0.0
mogadishu,20130113,2.04,45.34,5.7581,27.98,8.1,9.38,77.63,0.03
mogadishu,20130114,2.04,45.34,3.7318,27.78,9.23,10.77,76.56,0.02
mogadishu,20130115,2.04,45.34,6.007,27.83,8.22,9.6,79.04,0.0
mogadishu,20130116,2.04,45.34,5.273,27.13,9.39,11.08,78.23,0.0
mogadishu,20130117,2.04,45.34,6.5551,26.59,10.03,11.81,73.27,0.0
mogadishu,20130118,2.04,45.34,6.6235,26.36,10.09,11.85,71.4,0.0
mogadishu,20130119,2.04,45.34,6.7241,26.4,8.69,10.19,74.28,0.0
mogadishu,20130120,2.04,45.34,6.7814,26.32,8.44,9.89,77.35,0.0
mogadishu,20130121,2.04,45.34,6.8592,26.5,7.58,8.83,78.12,0.0
mogadishu,20130122,2.04,45.34,6.6972,26.79,8.55,10.06,79.04,0.0
mogadishu,20130123,2.04,45.34,6.8578,26.61,9.25,10.97,74.97,0.0
mogadishu,20130124,2.04,45.34,6.8434,26.3,9.54,11.18,73.06,0.0
mogadishu,20130125,2.04,45.34,6.6898,26.45,9.53,11.19,71.57,0.0
mogadishu,20130126,2.04,45.34,6.7771,26.41,9.45,11.06,72.9,0.0
mogadishu,20130127,2.04,45.34,6.9262,26.27,9.44,11.03,72.57,0.0
mogadishu,20130128,2.04,45.34,6.9149,26.08,7.82,9.08,74.15,0.0
mogadishu,20130129,2.04,45.34,6.9566,25.86,8.43,9.72,79.83,0.0
mogadishu,20130130,2.04,45.34,6.8431,26.16,8.84,10.25,79.49,0.0
mogadishu,20130131,2.04,45.34,6.9499,26.25,8.36,9.69,80.72,0.0
mogadishu,20130201,2.04,45.34,6.407,26.53,7.35,8.54,83.82,0.0
mogadishu,20130202,2.04,45.34,5.9383,26.7,6.99,8.12,80.08,0.0
mogadishu,20130203,2.04,45.34,6.9473,26.68,7.98,9.32,83.02,0.0
mogadishu,20130204,2.04,45.34,6.4464,26.71,9.59,11.27,78.95,0.0
mogadishu,20130205,2.04,45.34,6.5602,26.51,9.68,11.41,77.58,0.0
mogadishu,20130206,2.04,45.34,6.8681,26.13,9.72,11.38,74.79,0.0
mogadishu,20130207,2.04,45.34,6.9744,26.02,9.24,10.77,73.66,0.0
mogadishu,20130208,2.04,45.34,7.0632,26.41,8.74,10.22,76.48,0.0
mogadishu,20130209,2.04,45.34,7.0409,26.55,8.82,10.3,79.2,0.0
mogadishu,20130210,2.04,45.34,6.6967,26.64,7.97,9.26,79.53,0.0
mogadishu,20130211,2.04,45.34,6.7198,26.59,7.96,9.22,78.12,0.0
mogadishu,20130212,2.04,45.34,7.1638,26.19,7.85,9.06,77.74,0.0
mogadishu,20130213,2.04,45.34,7.1885,26.16,8.1,9.31,78.5,0.0
mogadishu,20130214,2.04,45.34,7.1844,26.3,7.7,8.84,76.94,0.0
mogadishu,20130215,2.04,45.34,7.2238,26.5,8.42,9.76,73.86,0.0
mogadishu,20130216,2.04,45.34,7.2091,26.49,8.72,10.14,76.47,0.0
mogadishu,20130217,2.04,45.34,7.1304,26.36,8.81,10.18,77.69,0.0
mogadishu,20130218,2.04,45.34,7.0452,26.49,7.92,9.13,76.96,0.0
mogadishu,20130219,2.04,45.34,7.1592,26.56,7.78,8.96,78.41,0.0
mogadishu,20130220,2.04,45.34,6.9077,26.73,7.84,9.08,79.59,0.0
mogadishu,20130221,2.04,45.34,6.6605,26.42,7.82,9.0,78.28,0.0
mogadishu,20130222,2.04,45.34,7.4311,26.48,8.15,9.44,73.14,0.0
mogadishu,20130223,2.04,45.34,7.3541,26.62,7.17,8.35,78.61,0.0
mogadishu,20130224,2.04,45.34,7.0606,27.0,7.88,9.26,83.28,0.0
mogadishu,20130225,2.04,45.34,6.6679,27.46,8.03,9.52,80.26,0.0
mogadishu,20130226,2.04,45.34,7.1455,27.13,8.23,9.54,78.38,0.0
mogadishu,20130227,2.04,45.34,7.3829,26.95,7.64,8.8,71.21,0.0
mogadishu,20130228,2.04,45.34,7.2156,26.86,6.81,7.81,72.62,0.0
mogadishu,20130301,2.04,45.34,7.3013,26.77,7.35,8.42,75.8,0.0
mogadishu,20130302,2.04,45.34,7.3186,26.82,8.01,9.21,77.27,0.0
mogadishu,20130303,2.04,45.34,7.1002,26.74,7.62,8.69,76.05,0.0
mogadishu,20130304,2.04,45.34,7.3116,27.1,7.61,8.77,73.88,0.0
mogadishu,20130305,2.04,45.34,7.4503,27.29,7.43,8.53,73.69,0.0
mogadishu,20130306,2.04,45.34,6.9641,27.16,6.67,7.61,77.11,0.0
mogadishu,20130307,2.04,45.34,6.6775,26.99,6.51,7.42,79.74,0.0
mogadishu,20130308,2.04,45.34,6.8914,27.11,6.52,7.47,80.78,0.0
mogadishu,20130309,2.04,45.34,7.1402,27.03,6.86,7.83,78.39,0.0
mogadishu,20130310,2.04,45.34,7.3656,27.13,5.98,6.82,78.63,0.0
mogadishu,20130311,2.04,45.34,6.2806,27.11,4.92,5.51,79.72,0.0
mogadishu,20130312,2.04,45.34,6.7668,27.19,5.55,6.21,79.07,0.0
mogadishu,20130313,2.04,45.34,6.4877,27.75,6.58,7.57,80.09,0.02
mogadishu,20130314,2.04,45.34,6.3876,27.95,6.38,7.32,83.05,0.07
mogadishu,20130315,2.04,45.34,6.6914,27.96,6.35,7.3,82.29,0.02
mogadishu,20130316,2.04,45.34,6.3797,28.08,5.9,6.66,79.15,0.01
mogadishu,20130317,2.04,45.34,6.0624,28.32,5.52,6.22,78.33,0.07
mogadishu,20130318,2.04,45.34,6.2899,28.46,6.16,7.04,78.11,0.17
mogadishu,20130319,2.04,45.34,6.2093,28.51,5.44,6.2,79.43,0.34
mogadishu,20130320,2.04,45.34,6.0226,28.49,4.92,5.61,80.27,0.25
mogadishu,20130321,2.04,45.34,6.2974,28.02,4.15,4.69,77.88,0.07
mogadishu,20130322,2.04,45.34,7.2631,27.69,3.92,4.39,76.35,0.0
mogadishu,20130323,2.04,45.34,7.1587,28.16,3.99,4.44,72.91,0.0
mogadishu,20130324,2.04,45.34,6.7265,28.24,4.32,4.82,74.58,1.28
mogadishu,20130325,2.04,45.34,6.4226,28.01,3.84,4.31,79.63,8.16
mogadishu,20130326,2.04,45.34,5.2903,27.92,2.88,3.25,78.62,7.12
mogadishu,20130327,2.04,45.34,6.0619,28.15,4.22,4.83,80.89,8.73
mogadishu,20130328,2.04,45.34,4.6046,27.77,3.71,4.29,84.0,14.92
mogadishu,20130329,2.04,45.34,6.187,28.09,2.92,3.32,77.5,3.06
mogadishu,20130330,2.04,45.34,5.2894,28.19,3.19,3.6,80.36,7.7
mogadishu,20130331,2.04,45.34,6.4627,28.52,3.0,3.41,77.76,4.19
mogadishu,20130401,2.04,45.34,6.2083,28.57,3.56,4.0,77.95,2.76
mogadishu,20130402,2.04,45.34,7.0802,28.91,4.56,5.25,79.71,1.48
mogadishu,20130403,2.04,45.34,6.2537,28.69,3.61,4.1,78.75,0.74
mogadishu,20130404,2.04,45.34,6.8959,29.12,2.44,2.68,73.31,0.39
mogadishu,20130405,2.04,45.34,6.8297,28.84,3.46,3.85,79.86,1.24
mogadishu,20130406,2.04,45.34,6.3305,28.7,3.26,3.74,79.76,4.23
mogadishu,20130407,2.04,45.34,6.5011,29.01,4.65,5.34,79.78,5.47
mogadishu,20130408,2.04,45.34,6.3142,28.84,4.22,4.9,80.87,8.86
mogadishu,20130409,2.04,45.34,5.3832,28.75,3.26,3.76,81.09,8.24
mogadishu,20130410,2.04,45.34,4.8012,28.47,3.28,3.74,79.5,7.88
mogadishu,20130411,2.04,45.34,4.9478,28.92,2.32,2.57,72.33,2.7
mogadishu,20130412,2.04,45.34,5.885,28.9,2.21,2.45,74.14,0.13
mogadishu,20130413,2.04,45.34,6.7116,29.13,3.47,3.92,74.18,0.42
mogadishu,20130414,2.04,45.34,6.1164,28.4,2.59,2.89,76.81,0.82
mogadishu,20130415,2.04,45.34,6.8978,28.88,2.7,2.96,72.83,0.61
mogadishu,20130416,2.04,45.34,5.9026,28.48,3.22,3.52,77.32,0.09
mogadishu,20130417,2.04,45.34,6.3355,28.76,3.88,4.32,75.77,0.25
mogadishu,20130418,2.04,45.34,5.5462,28.77,3.82,4.31,76.54,0.28
mogadishu,20130419,2.04,45.34,6.5873,28.68,4.12,4.62,77.22,0.31
mogadishu,20130420,2.04,45.34,6.5268,28.57,4.24,4.81,79.69,0.37
mogadishu,20130421,2.04,45.34,6.7862,28.94,5.05,5.87,78.22,11.9
mogadishu,20130422,2.04,45.34,6.6324,28.37,4.67,5.38,80.4,6.79
mogadishu,20130423,2.04,45.34,6.1608,28.26,3.64,4.17,82.38,10.01
mogadishu,20130424,2.04,45.34,5.1842,28.28,3.72,4.36,83.37,15.55
mogadishu,20130425,2.04,45.34,5.9407,28.18,4.22,4.98,83.61,16.21
mogadishu,20130426,2.04,45.34,5.2142,28.01,4.38,5.16,81.37,12.34
mogadishu,20130427,2.04,45.34,6.1884,27.9,3.44,3.99,75.41,14.39
mogadishu,20130428,2.04,45.34,6.0108,27.13,3.78,4.34,85.52,9.93
mogadishu,20130429,2.04,45.34,6.0926,27.21,3.65,4.24,84.53,10.32
mogadishu,20130430,2.04,45.34,6.1135,27.28,5.29,6.17,81.17,2.93
mogadishu,20130501,2.04,45.34,6.493,27.76,5.71,6.71,79.32,5.01
mogadishu,20130502,2.04,45.34,6.3305,27.79,5.07,5.87,81.9,3.57
mogadishu,20130503,2.04,45.34,6.1788,27.29,4.69,5.47,85.34,3.81
mogadishu,20130504,2.04,45.34,6.7752,27.59,4.8,5.58,83.98,3.6
mogadishu,20130505,2.04,45.34,6.4788,27.7,4.87,5.68,84.15,1.49
mogadishu,20130506,2.04,45.34,5.5829,28.03,5.07,5.94,83.89,0.1
mogadishu,20130507,2.04,45.34,5.2658,27.58,6.38,7.46,84.35,0.14
mogadishu,20130508,2.04,45.34,6.2834,27.4,6.49,7.62,83.21,0.08
mogadishu,20130509,2.04,45.34,6.1639,27.26,5.31,6.32,86.05,0.15
mogadishu,20130510,2.04,45.34,5.9412,27.26,5.16,6.18,88.6,0.19
mogadishu,20130511,2.04,45.34,5.9765,27.14,5.61,6.69,88.57,0.19
mogadishu,20130512,2.04,45.34,6.0355,27.14,6.24,7.33,83.31,0.07
mogadishu,20130513,2.04,45.34,6.1805,27.07,7.46,8.78,81.76,0.07
mogadishu,20130514,2.04,45.34,6.2966,26.94,8.1,9.51,78.05,0.02
mogadishu,20130515,2.04,45.34,6.4606,26.89,7.73,9.06,79.63,0.02
mogadishu,20130516,2.04,45.34,6.3156,26.97,7.61,8.91,79.93,0.0
mogadishu,20130517,2.04,45.34,6.234,26.93,7.68,8.94,79.76,0.0
mogadishu,20130518,2.04,45.34,6.2122,27.07,8.53,10.02,76.95,0.0
mogadishu,20130519,2.04,45.34,6.1985,26.81,8.13,9.54,76.73,0.0
mogadishu,20130520,2.04,45.34,6.5011,26.71,7.89,9.26,78.83,0.0
mogadishu,20130521,2.04,45.34,6.463,26.86,7.71,9.01,76.23,0.0
mogadishu,20130522,2.04,45.34,6.5138,26.87,7.11,8.3,78.46,0.0
mogadishu,20130523,2.04,45.34,6.5741,26.8,7.68,9.0,77.0,0.0
mogadishu,20130524,2.04,45.34,6.6946,27.39,7.52,8.84,79.26,0.0
mogadishu,20130525,2.04,45.34,6.1207,27.31,7.07,8.26,83.8,0.01
mogadishu,20130526,2.04,45.34,5.8954,27.32,6.54,7.56,83.24,0.05
mogadishu,20130527,2.04,45.34,6.2546,27.31,6.9,8.04,81.0,0.01
mogadishu,20130528,2.04,45.34,6.2318,27.17,5.55,6.42,82.81,0.0
mogadishu,20130529,2.04,45.34,5.3851,27.04,4.86,5.54,84.23,0.02
mogadishu,20130530,2.04,45.34,5.0904,27.16,5.91,6.86,83.02,0.04
mogadishu,20130531,2.04,45.34,5.0774,26.71,6.08,6.99,82.57,0.07
mogadishu,20130601,2.04,45.34,5.7218,26.85,7.55,8.8,80.02,0.06
mogadishu,20130602,2.04,45.34,6.355,26.82,8.09,9.46,73.03,0.01
mogadishu,20130603,2.04,45.34,6.3631,26.61,8.27,9.72,74.77,0.02
mogadishu,20130604,2.04,45.34,5.8536,26.33,8.12,9.49,76.45,0.02
mogadishu,20130605,2.04,45.34,5.663,26.12,8.55,9.96,77.44,0.0
mogadishu,20130606,2.04,45.34,5.219,25.91,8.98,10.51,74.38,0.0
mogadishu,20130607,2.04,45.34,4.1232,25.6,8.9,10.47,78.01,0.0
mogadishu,20130608,2.04,45.34,3.81,25.58,8.44,9.91,82.46,0.0
mogadishu,20130609,2.04,45.34,3.2287,25.6,7.79,9.04,81.7,0.0
mogadishu,20130610,2.04,45.34,4.5725,25.66,7.92,9.21,82.39,0.02
mogadishu,20130611,2.04,45.34,4.8826,25.92,8.3,9.73,82.26,0.05
mogadishu,20130612,2.04,45.34,5.466,26.12,8.47,9.96,77.77,0.02
mogadishu,20130613,2.04,45.34,4.8146,26.1,8.0,9.48,85.47,0.14
mogadishu,20130614,2.04,45.34,5.5315,26.2,8.07,9.55,78.87,0.03
mogadishu,20130615,2.04,45.34,5.8214,25.94,8.0,9.42,80.27,0.0
mogadishu,20130616,2.04,45.34,4.296,25.79,8.85,10.41,80.08,0.0
mogadishu,20130617,2.04,45.34,4.2098,25.61,8.78,10.36,78.96,0.0
mogadishu,20130618,2.04,45.34,3.9242,25.6,8.78,10.36,81.22,0.01
mogadishu,20130619,2.04,45.34,4.3063,25.64,8.5,10.07,82.04,0.01
mogadishu,20130620,2.04,45.34,4.5139,25.62,8.48,10.03,80.01,0.02
mogadishu,20130621,2.04,45.34,5.3796,25.61,8.88,10.48,81.91,0.05
mogadishu,20130622,2.04,45.34,4.7436,25.81,8.25,9.75,83.47,0.13
mogadishu,20130623,2.04,45.34,5.3933,25.81,8.55,10.14,85.68,0.16
mogadishu,20130624,2.04,45.34,4.3754,25.96,9.09,10.76,81.74,0.11
mogadishu,20130625,2.04,45.34,4.4782,25.62,8.92,10.49,79.42,0.0
mogadishu,20130626,2.04,45.34,4.9594,25.62,7.5,8.68,80.17,0.0
mogadishu,20130627,2.04,45.34,5.4377,25.32,6.38,7.33,81.22,0.0
mogadishu,20130628,2.04,45.34,5.827,25.46,7.11,8.19,80.48,0.0
mogadishu,20130629,2.04,45.34,6.0034,25.9,7.46,8.65,80.18,0.0
mogadishu,20130630,2.04,45.34,5.8555,26.1,8.38,9.78,78.0,0.0
mogadishu,20130701,2.04,45.34,6.1745,26.3,7.93,9.26,78.56,0.0
mogadishu,20130702,2.04,45.34,5.6381,26.07,8.3,9.68,78.75,0.0
mogadishu,20130703,2.04,45.34,6.2592,25.99,8.15,9.49,74.32,0.0
mogadishu,20130704,2.04,45.34,6.5314,25.7,7.88,9.16,76.61,0.0
mogadishu,20130705,2.04,45.34,5.9362,25.63,8.52,9.98,79.69,0.87
mogadishu,20130706,2.04,45.34,4.7129,25.37,9.32,10.97,76.32,0.51
mogadishu,20130707,2.04,45.34,5.0016,25.61,8.84,10.43,69.63,0.45
mogadishu,20130708,2.04,45.34,6.1872,25.61,9.57,11.31,67.23,0.32
mogadishu,20130709,2.04,45.34,4.9243,25.22,9.78,11.51,74.07,0.54
mogadishu,20130710,2.04,45.34,3.5366,24.87,9.14,10.71,79.02,0.0
mogadishu,20130711,2.04,45.34,3.0456,24.84,9.87,11.63,78.36,0.0
mogadishu,20130712,2.04,45.34,3.5362,24.67,9.28,10.93,77.52,0.0
mogadishu,20130713,2.04,45.34,3.1898,24.64,9.16,10.79,79.94,0.0
mogadishu,20130714,2.04,45.34,3.9146,24.81,9.21,10.92,83.28,0.0
mogadishu,20130715,2.04,45.34,3.7046,24.92,9.33,11.08,83.76,0.0
mogadishu,20130716,2.04,45.34,5.4842,25.01,8.76,10.34,81.27,0.0
mogadishu,20130717,2.04,45.34,5.3268,25.24,8.97,10.66,79.87,0.0
mogadishu,20130718,2.04,45.34,4.7702,25.1,8.96,10.65,83.1,0.0
mogadishu,20130719,2.04,45.34,5.0594,25.08,9.55,11.28,81.01,0.0
mogadishu,20130720,2.04,45.34,5.2042,24.85,9.26,10.88,76.03,0.0
mogadishu,20130721,2.04,45.34,4.0685,24.6,9.04,10.65,77.81,0.0
mogadishu,20130722,2.04,45.34,4.2547,24.7,9.6,11.37,82.0,0.0
mogadishu,20130723,2.04,45.34,4.6858,24.66,9.23,10.91,81.34,0.0
mogadishu,20130724,2.04,45.34,5.9124,24.88,8.72,10.25,80.22,0.0
mogadishu,20130725,2.04,45.34,4.7678,25.33,8.6,10.23,84.73,0.2
mogadishu,20130726,2.04,45.34,5.0225,25.45,9.23,10.92,79.32,0.16
mogadishu,20130727,2.04,45.34,4.7256,25.19,8.25,9.64,78.06,0.05
mogadishu,20130728,2.04,45.34,5.5006,25.22,7.47,8.71,76.73,0.02
mogadishu,20130729,2.04,45.34,6.078,25.32,6.43,7.5,79.5,0.05
mogadishu,20130730,2.04,45.34,4.6807,25.42,8.17,9.66,85.11,0.27
mogadishu,20130731,2.04,45.34,4.9942,25.2,9.07,10.71,83.16,0.18
mogadishu,20130801,2.04,45.34,4.247,25.27,8.77,10.35,85.23,0.31
mogadishu,20130802,2.04,45.34,5.3786,25.35,8.65,10.11,78.83,0.07
mogadishu,20130803,2.04,45.34,5.8598,25.12,8.95,10.42,77.03,0.05
mogadishu,20130804,2.04,45.34,5.9501,25.07,8.76,10.2,80.02,0.01
mogadishu,20130805,2.04,45.34,6.1202,25.03,8.03,9.31,78.16,0.0
mogadishu,20130806,2.04,45.34,6.1723,25.07,7.94,9.24,78.91,0.01
mogadishu,20130807,2.04,45.34,5.076,25.17,8.13,9.47,82.69,0.02
mogadishu,20130808,2.04,45.34,5.6942,25.16,8.0,9.26,80.63,0.0
mogadishu,20130809,2.04,45.34,6.6065,25.35,7.92,9.21,81.7,0.0
mogadishu,20130810,2.04,45.34,6.3254,25.49,7.53,8.73,80.81,0.0
mogadishu,20130811,2.04,45.34,5.747,25.28,8.05,9.34,79.43,0.0
mogadishu,20130812,2.04,45.34,6.7553,25.22,8.14,9.46,77.51,0.0
mogadishu,20130813,2.04,45.34,5.699,25.45,7.41,8.67,82.09,0.0
mogadishu,20130814,2.04,45.34,6.6701,25.34,6.89,8.0,80.35,0.0
mogadishu,20130815,2.04,45.34,6.5935,25.4,6.76,7.83,81.92,0.0
mogadishu,20130816,2.04,45.34,5.6635,25.29,7.58,8.76,78.14,0.0
mogadishu,20130817,2.04,45.34,5.747,25.39,7.51,8.69,78.47,0.0
mogadishu,20130818,2.04,45.34,6.3977,25.27,6.7,7.68,79.72,0.0
mogadishu,20130819,2.04,45.34,5.5622,25.23,6.51,7.54,80.28,0.0
mogadishu,20130820,2.04,45.34,6.5206,25.11,7.52,8.73,78.18,0.0
mogadishu,20130821,2.04,45.34,6.1207,24.98,7.64,8.86,81.76,0.0
mogadishu,20130822,2.04,45.34,5.2474,25.13,7.43,8.68,82.3,0.0
mogadishu,20130823,2.04,45.34,5.3592,25.3,7.87,9.22,81.4,0.0
mogadishu,20130824,2.04,45.34,6.2578,25.4,8.42,9.8,79.52,0.0
mogadishu,20130825,2.04,45.34,6.7536,25.52,9.61,11.26,78.27,0.0
mogadishu,20130826,2.04,45.34,6.6391,25.54,9.14,10.69,78.01,0.0
mogadishu,20130827,2.04,45.34,5.2459,25.38,9.53,11.17,75.43,0.0
mogadishu,20130828,2.04,45.34,5.5992,25.18,8.84,10.33,77.78,0.0
mogadishu,20130829,2.04,45.34,6.3158,25.33,7.71,8.97,77.74,0.0
mogadishu,20130830,2.04,45.34,5.561,25.35,7.48,8.66,78.95,0.0
mogadishu,20130831,2.04,45.34,6.5839,25.47,7.42,8.61,78.17,0.0
mogadishu,20130901,2.04,45.34,6.889,25.71,7.42,8.59,79.15,0.0
mogadishu,20130902,2.04,45.34,5.8987,25.89,7.19,8.33,82.78,0.01
mogadishu,20130903,2.04,45.34,6.1219,25.46,8.52,9.82,75.65,0.0
mogadishu,20130904,2.04,45.34,6.6566,25.2,8.75,10.13,75.24,0.0
mogadishu,20130905,2.04,45.34,6.8623,25.48,7.69,8.89,77.97,0.0
mogadishu,20130906,2.04,45.34,5.52,25.71,7.43,8.6,79.53,0.0
mogadishu,20130907,2.04,45.34,6.1536,25.85,7.63,8.82,81.06,0.0
mogadishu,20130908,2.04,45.34,6.2136,25.76,8.12,9.41,79.55,0.37
mogadishu,20130909,2.04,45.34,6.8964,25.88,6.96,8.09,74.28,0.12
mogadishu,20130910,2.04,45.34,6.9648,25.68,6.82,7.86,74.68,0.05
mogadishu,20130911,2.04,45.34,7.0726,25.98,7.2,8.35,80.22,0.11
mogadishu,20130912,2.04,45.34,5.3998,26.26,7.29,8.49,82.26,0.34
mogadishu,20130913,2.04,45.34,4.4042,26.33,6.91,8.06,82.92,0.0
mogadishu,20130914,2.04,45.34,5.5123,26.28,7.23,8.38,78.73,0.0
mogadishu,20130915,2.04,45.34,6.1874,26.08,7.29,8.44,81.13,0.0
mogadishu,20130916,2.04,45.34,5.579,25.96,7.43,8.64,79.66,0.0
mogadishu,20130917,2.04,45.34,5.9976,25.84,7.75,8.93,79.03,0.0
mogadishu,20130918,2.04,45.34,4.8737,25.92,7.83,9.0,79.68,0.0
mogadishu,20130919,2.04,45.34,6.0893,26.01,7.36,8.42,78.42,0.0
mogadishu,20130920,2.04,45.34,6.3312,26.18,7.26,8.36,81.2,0.0
mogadishu,20130921,2.04,45.34,6.7843,26.62,7.5,8.75,83.08,0.0
mogadishu,20130922,2.04,45.34,5.1146,26.64,7.56,8.87,83.54,0.0
mogadishu,20130923,2.04,45.34,5.0806,26.25,7.05,8.19,82.41,0.0
mogadishu,20130924,2.04,45.34,6.1219,26.19,7.08,8.17,82.06,0.0
mogadishu,20130925,2.04,45.34,6.6036,26.25,6.9,7.92,79.7,0.0
mogadishu,20130926,2.04,45.34,6.9269,26.37,6.43,7.39,76.76,0.0
mogadishu,20130927,2.04,45.34,7.063,26.47,6.17,7.05,76.63,0.0
mogadishu,20130928,2.04,45.34,6.743,26.65,5.65,6.47,78.14,0.01
mogadishu,20130929,2.04,45.34,6.3732,26.68,5.37,6.14,77.61,0.0
mogadishu,20130930,2.04,45.34,6.9355,26.9,5.43,6.28,78.7,0.02
mogadishu,20131001,2.04,45.34,6.5602,26.94,5.97,6.91,85.07,0.22
mogadishu,20131002,2.04,45.34,6.8347,26.85,6.27,7.24,81.91,0.11
mogadishu,20131003,2.04,45.34,7.031,27.15,5.86,6.7,79.97,0.01
mogadishu,20131004,2.04,45.34,6.289,27.25,6.88,7.95,81.72,0.02
mogadishu,20131005,2.04,45.34,5.9791,27.17,6.47,7.39,81.76,0.04
mogadishu,20131006,2.04,45.34,4.2682,26.87,7.88,9.12,81.93,0.03
mogadishu,20131007,2.04,45.34,5.9642,26.62,6.37,7.26,78.89,0.02
mogadishu,20131008,2.04,45.34,5.0585,26.61,5.85,6.6,81.04,1.03
mogadishu,20131009,2.04,45.34,5.0155,26.76,4.92,5.56,78.85,1.09
mogadishu,20131010,2.04,45.34,5.5243,27.1,4.55,5.17,77.61,0.93
mogadishu,20131011,2.04,45.34,6.5489,26.99,4.82,5.48,78.04,0.38
mogadishu,20131012,2.04,45.34,6.924,26.95,4.56,5.23,77.62,0.02
mogadishu,20131013,2.04,45.34,6.9744,27.3,5.91,6.85,80.88,0.0
mogadishu,20131014,2.04,45.34,6.2405,27.52,6.23,7.2,81.3,0.0
mogadishu,20131015,2.04,45.34,5.2718,27.6,6.29,7.32,81.08,0.0
mogadishu,20131016,2.04,45.34,5.7938,27.27,6.71,7.66,77.51,0.0
mogadishu,20131017,2.04,45.34,5.939,26.9,6.89,7.85,76.48,0.0
mogadishu,20131018,2.04,45.34,5.3458,26.88,6.0,6.79,79.09,0.0
mogadishu,20131019,2.04,45.34,5.0818,27.0,4.78,5.39,79.61,0.0
mogadishu,20131020,2.04,45.34,4.775,26.94,4.63,5.23,80.28,0.0
mogadishu,20131021,2.04,45.34,6.0739,27.19,4.99,5.67,77.66,0.0
mogadishu,20131022,2.04,45.34,6.1476,27.44,4.51,5.12,77.58,0.0
mogadishu,20131023,2.04,45.34,5.869,27.65,5.04,5.74,74.4,0.37
mogadishu,20131024,2.04,45.34,5.3494,27.22,4.76,5.34,77.44,1.08
mogadishu,20131025,2.04,45.34,6.1596,26.65,5.21,5.81,81.01,1.35
mogadishu,20131026,2.04,45.34,5.8279,26.74,5.65,6.33,81.01,0.36
mogadishu,20131027,2.04,45.34,5.9712,27.31,4.86,5.5,78.42,0.52
mogadishu,20131028,2.04,45.34,5.8193,26.78,4.53,5.18,81.69,1.51
mogadishu,20131029,2.04,45.34,5.7924,26.94,5.23,5.91,81.14,1.26
mogadishu,20131030,2.04,45.34,5.7252,27.05,4.94,5.59,80.91,1.03
mogadishu,20131031,2.04,45.34,6.0818,27.15,4.74,5.34,79.82,0.37
mogadishu,20131101,2.04,45.34,6.5256,27.62,5.47,6.32,76.54,0.38
mogadishu,20131102,2.04,45.34,6.7169,27.43,4.95,5.83,76.22,8.64
mogadishu,20131103,2.04,45.34,6.6415,27.09,4.21,4.91,80.4,11.46
mogadishu,20131104,2.04,45.34,5.911,26.94,3.47,3.97,80.98,24.9
mogadishu,20131105,2.04,45.34,6.2064,27.48,2.67,3.05,73.83,0.4
mogadishu,20131106,2.04,45.34,4.5686,26.55,4.33,5.04,84.78,102.89
mogadishu,20131107,2.04,45.34,4.5658,26.74,3.68,4.27,81.92,1.31
mogadishu,20131108,2.04,45.34,5.5342,26.83,3.61,4.16,77.56,0.58
mogadishu,20131109,2.04,45.34,5.125,27.07,2.38,2.68,79.49,0.19
mogadishu,20131110,2.04,45.34,5.6755,27.0,3.21,3.66,82.31,0.33
mogadishu,20131111,2.04,45.34,5.7989,27.14,4.42,5.12,83.11,0.46
mogadishu,20131112,2.04,45.34,5.5015,27.05,3.75,4.36,81.77,10.32
mogadishu,20131113,2.04,45.34,5.9729,27.1,3.03,3.46,80.11,3.02
mogadishu,20131114,2.04,45.34,4.6958,26.95,3.71,4.25,82.5,4.29
mogadishu,20131115,2.04,45.34,5.172,27.19,3.71,4.27,81.27,8.82
mogadishu,20131116,2.04,45.34,6.2062,27.49,3.13,3.64,77.96,2.84
mogadishu,20131117,2.04,45.34,6.3751,27.64,4.26,4.93,79.43,0.01
mogadishu,20131118,2.04,45.34,6.1512,27.4,5.76,6.66,80.92,0.01
mogadishu,20131119,2.04,45.34,6.6715,27.49,6.15,7.2,74.5,0.0
mogadishu,20131120,2.04,45.34,6.571,27.35,4.87,5.67,79.77,0.01
mogadishu,20131121,2.04,45.34,6.3811,27.27,4.07,4.67,80.38,0.01
mogadishu,20131122,2.04,45.34,5.923,27.5,4.12,4.71,80.21,0.07
mogadishu,20131123,2.04,45.34,6.234,27.89,5.58,6.52,78.07,0.03
mogadishu,20131124,2.04,45.34,6.599,27.68,6.38,7.41,78.03,0.16
mogadishu,20131125,2.04,45.34,6.4243,27.94,7.76,9.12,76.93,0.29
mogadishu,20131126,2.04,45.34,5.7722,27.96,7.33,8.58,76.69,0.16
mogadishu,20131127,2.04,45.34,6.3115,27.74,6.46,7.47,77.53,0.11
mogadishu,20131128,2.04,45.34,6.4294,27.76,5.75,6.7,75.66,0.07
mogadishu,20131129,2.04,45.34,5.6474,27.53,5.86,6.77,77.9,0.08
mogadishu,20131130,2.04,45.34,6.7159,27.8,6.75,7.91,73.99,0.01
mogadishu,20131201,2.04,45.34,6.7217,27.66,6.7,7.86,74.67,0.0
mogadishu,20131202,2.04,45.34,5.519,27.68,6.32,7.39,78.7,1.01
mogadishu,20131203,2.04,45.34,6.0509,27.71,6.22,7.31,74.82,0.61
mogadishu,20131204,2.04,45.34,6.5657,27.84,5.77,6.73,73.99,0.02
mogadishu,20131205,2.04,45.34,6.3763,27.44,6.09,7.04,76.22,0.0
mogadishu,20131206,2.04,45.34,6.5021,27.43,6.28,7.28,75.82,0.02
mogadishu,20131207,2.04,45.34,6.4217,27.48,5.98,6.94,76.29,0.0
mogadishu,20131208,2.04,45.34,6.3125,27.58,6.14,7.14,77.34,0.01
mogadishu,20131209,2.04,45.34,6.3914,27.3,6.38,7.37,77.92,0.01
mogadishu,20131210,2.04,45.34,6.7774,27.38,6.17,7.14,71.92,0.0
mogadishu,20131211,2.04,45.34,6.6763,27.37,7.06,8.17,70.86,0.0
mogadishu,20131212,2.04,45.34,6.5719,27.34,7.56,8.8,71.0,0.0
mogadishu,20131213,2.04,45.34,6.5945,27.39,7.22,8.44,70.39,0.0
mogadishu,20131214,2.04,45.34,6.2333,27.35,7.46,8.64,73.62,0.0
mogadishu,20131215,2.04,45.34,6.5098,27.42,7.35,8.55,69.84,0.0
mogadishu,20131216,2.04,45.34,6.5438,27.34,7.37,8.58,71.0,0.0
mogadishu,20131217,2.04,45.34,6.5904,27.2,7.74,9.0,75.16,0.0
mogadishu,20131218,2.04,45.34,6.348,27.18,7.39,8.63,78.25,0.0
mogadishu,20131219,2.04,45.34,6.0826,27.31,7.9,9.28,76.58,0.0
mogadishu,20131220,2.04,45.34,5.4979,27.24,8.58,10.08,76.27,0.0
mogadishu,20131221,2.04,45.34,6.4586,27.08,8.43,9.86,74.26,0.0
mogadishu,20131222,2.04,45.34,6.4716,26.98,8.12,9.52,75.08,0.0
mogadishu,20131223,2.04,45.34,6.6089,26.94,9.06,10.69,74.14,0.0
mogadishu,20131224,2.04,45.34,6.1154,26.8,10.17,12.04,73.5,0.0
mogadishu,20131225,2.04,45.34,5.2387,26.89,9.7,11.48,77.8,0.0
mogadishu,20131226,2.04,45.34,5.8286,26.96,9.29,10.96,77.76,0.0
mogadishu,20131227,2.04,45.34,6.0329,26.78,9.29,10.92,76.42,0.0
mogadishu,20131228,2.04,45.34,6.4903,26.55,9.03,10.53,76.22,0.0
mogadishu,20131229,2.04,45.34,6.5964,26.44,8.47,9.84,75.03,0.0
mogadishu,20131230,2.04,45.34,6.7222,26.57,8.1,9.38,74.53,0.0
mogadishu,20131231,2.04,45.34,6.6367,26.61,8.38,9.73,75.27,0.0
mogadishu,20140101,2.04,45.34,6.5146,26.6,8.14,9.48,76.12,0.0
mogadishu,20140102,2.04,45.34,6.7368,26.5,8.88,10.36,75.02,0.0
mogadishu,20140103,2.04,45.34,6.7344,26.34,8.98,10.47,75.19,0.0
mogadishu,20140104,2.04,45.34,6.4985,26.52,8.52,9.99,76.97,0.0
mogadishu,20140105,2.04,45.34,6.1555,26.62,8.62,10.1,79.66,0.0
mogadishu,20140106,2.04,45.34,6.449,26.43,7.9,9.16,79.14,0.0
mogadishu,20140107,2.04,45.34,6.3478,26.54,7.32,8.5,81.03,0.0
mogadishu,20140108,2.04,45.34,6.702,26.6,8.52,9.97,77.65,0.0
mogadishu,20140109,2.04,45.34,6.8633,26.32,9.25,10.81,74.43,0.0
mogadishu,20140110,2.04,45.34,6.696,26.37,8.27,9.68,76.29,0.0
mogadishu,20140111,2.04,45.34,6.7685,26.41,7.18,8.31,77.62,0.0
mogadishu,20140112,2.04,45.34,6.6113,26.48,8.08,9.36,76.82,0.0
mogadishu,20140113,2.04,45.34,6.7006,26.31,9.12,10.63,75.68,0.0
mogadishu,20140114,2.04,45.34,6.7164,26.56,9.91,11.67,72.48,0.0
mogadishu,20140115,2.04,45.34,6.451,26.6,9.7,11.44,73.06,0.0
mogadishu,20140116,2.04,45.34,6.6886,26.43,8.1,9.48,74.5,0.0
mogadishu,20140117,2.04,45.34,6.6322,26.22,8.24,9.61,76.08,0.0
mogadishu,20140118,2.04,45.34,6.8143,25.95,6.87,7.97,77.97,0.0
mogadishu,20140119,2.04,45.34,6.5434,26.2,7.42,8.58,78.72,0.0
mogadishu,20140120,2.04,45.34,6.8374,26.3,9.08,10.57,77.04,0.0
mogadishu,20140121,2.04,45.34,6.7486,26.2,9.72,11.42,75.48,0.0
mogadishu,20140122,2.04,45.34,6.5146,25.85,9.68,11.29,72.65,0.0
mogadishu,20140123,2.04,45.34,6.9106,25.89,8.9,10.38,72.16,0.0
mogadishu,20140124,2.04,45.34,6.9425,25.99,7.99,9.26,74.8,0.0
mogadishu,20140125,2.04,45.34,6.6238,26.18,8.04,9.32,75.1,0.0
mogadishu,20140126,2.04,45.34,6.7685,26.27,8.46,9.86,75.73,0.0
mogadishu,20140127,2.04,45.34,6.8818,26.31,8.01,9.31,77.57,0.0
mogadishu,20140128,2.04,45.34,6.7169,26.37,7.39,8.65,80.06,0.0
mogadishu,20140129,2.04,45.34,6.6355,26.67,7.27,8.5,81.76,0.0
mogadishu,20140130,2.04,45.34,6.179,26.46,7.21,8.32,79.56,0.0
mogadishu,20140131,2.04,45.34,6.8095,26.3,7.06,8.16,78.2,0.0
mogadishu,20140201,2.04,45.34,6.6816,26.22,7.08,8.15,79.68,0.0
mogadishu,20140202,2.04,45.34,7.0507,26.16,7.92,9.15,75.32,0.0
mogadishu,20140203,2.04,45.34,7.0666,26.3,8.62,10.03,74.64,0.0
mogadishu,20140204,2.04,45.34,7.1626,26.28,8.17,9.5,78.79,0.0
mogadishu,20140205,2.04,45.34,7.0428,26.61,7.84,9.13,79.14,0.0
mogadishu,20140206,2.04,45.34,6.8534,26.76,7.24,8.37,79.6,0.0
mogadishu,20140207,2.04,45.34,6.5052,26.92,8.22,9.62,81.71,0.0
mogadishu,20140208,2.04,45.34,6.6079,26.99,8.95,10.46,75.5,0.0
mogadishu,20140209,2.04,45.34,6.7541,26.72,9.08,10.52,74.27,0.0
mogadishu,20140210,2.04,45.34,7.1479,26.65,9.33,10.85,73.67,0.0
mogadishu,20140211,2.04,45.34,6.4651,26.6,9.59,11.19,71.96,0.0
mogadishu,20140212,2.04,45.34,6.653,26.94,8.86,10.34,72.49,0.0
mogadishu,20140213,2.04,45.34,5.9126,26.89,8.92,10.49,75.62,0.0
mogadishu,20140214,2.04,45.34,5.6899,26.93,9.39,11.07,76.51,0.0
mogadishu,20140215,2.04,45.34,6.851,26.75,9.55,11.16,76.64,0.0
mogadishu,20140216,2.04,45.34,6.5801,26.56,9.54,11.09,74.74,0.0
mogadishu,20140217,2.04,45.34,7.2072,26.41,8.95,10.35,74.52,0.0
mogadishu,20140218,2.04,45.34,7.0781,26.87,8.55,9.93,74.41,0.0
mogadishu,20140219,2.04,45.34,6.935,26.82,9.82,11.49,75.05,0.0
mogadishu,20140220,2.04,45.34,7.2475,26.67,10.15,11.86,71.44,0.0
mogadishu,20140221,2.04,45.34,6.9612,26.61,8.78,10.2,71.4,0.0
mogadishu,20140222,2.04,45.34,7.1993,26.36,7.78,8.98,75.17,0.0
mogadishu,20140223,2.04,45.34,7.1359,26.4,6.96,7.99,77.68,0.0
mogadishu,20140224,2.04,45.34,7.0944,26.45,6.86,7.8,78.06,0.0
mogadishu,20140225,2.04,45.34,7.2576,26.84,7.34,8.45,77.27,0.0
mogadishu,20140226,2.04,45.34,6.9535,26.82,7.18,8.26,77.7,0.0
mogadishu,20140227,2.04,45.34,6.7838,27.34,7.01,8.13,78.69,0.0
mogadishu,20140228,2.04,45.34,7.2922,27.05,7.7,8.9,80.57,0.0
mogadishu,20140301,2.04,45.34,6.9974,26.76,6.46,7.4,78.02,0.0
mogadishu,20140302,2.04,45.34,7.0018,27.39,5.43,6.26,78.51,0.0
mogadishu,20140303,2.04,45.34,6.6989,27.54,5.57,6.38,79.78,0.0
mogadishu,20140304,2.04,45.34,6.7745,27.68,5.76,6.54,77.65,0.0
mogadishu,20140305,2.04,45.34,6.3214,27.72,7.03,8.03,75.52,0.0
mogadishu,20140306,2.04,45.34,7.3565,27.43,8.48,9.75,74.91,0.0
mogadishu,20140307,2.04,45.34,6.9782,26.98,7.1,8.11,76.32,0.0
mogadishu,20140308,2.04,45.34,7.1107,27.31,6.88,7.85,77.68,0.0
mogadishu,20140309,2.04,45.34,6.9854,27.54,6.42,7.3,76.49,0.0
mogadishu,20140310,2.04,45.34,6.8678,27.56,6.82,7.82,78.21,0.0
mogadishu,20140311,2.04,45.34,6.859,27.93,6.8,7.86,80.7,0.0
mogadishu,20140312,2.04,45.34,6.5741,27.97,6.74,7.8,80.05,2.66
mogadishu,20140313,2.04,45.34,6.7978,27.64,4.74,5.37,81.44,1.15
mogadishu,20140314,2.04,45.34,7.0409,28.05,4.98,5.67,78.25,0.61
mogadishu,20140315,2.04,45.34,6.1181,27.84,4.94,5.65,80.73,0.78
mogadishu,20140316,2.04,45.34,6.6396,27.99,5.85,6.69,80.01,2.65
mogadishu,20140317,2.04,45.34,6.8366,28.18,8.1,9.43,79.84,0.0
mogadishu,20140318,2.04,45.34,7.0778,28.26,10.24,12.03,73.52,0.0
mogadishu,20140319,2.04,45.34,7.163,28.07,8.76,10.22,72.58,0.0
mogadishu,20140320,2.04,45.34,7.2415,27.85,6.95,7.91,75.71,0.0
mogadishu,20140321,2.04,45.34,6.6818,27.93,6.06,6.88,78.9,0.0
mogadishu,20140322,2.04,45.34,7.1609,27.71,4.83,5.34,79.58,0.06
mogadishu,20140323,2.04,45.34,6.9182,27.73,4.25,4.67,78.87,0.04
mogadishu,20140324,2.04,45.34,6.9067,28.03,4.65,5.15,77.86,0.1
mogadishu,20140325,2.04,45.34,6.4886,28.48,5.84,6.62,77.11,0.16
mogadishu,20140326,2.04,45.34,6.2866,28.55,7.28,8.36,78.15,0.36
mogadishu,20140327,2.04,45.34,6.6871,28.25,7.27,8.33,76.2,0.0
mogadishu,20140328,2.04,45.34,7.3303,28.29,7.04,8.11,73.73,0.0
mogadishu,20140329,2.04,45.34,7.2041,28.49,6.36,7.24,77.68,0.03
mogadishu,20140330,2.04,45.34,6.7253,28.75,7.1,8.18,78.94,0.13
mogadishu,20140331,2.04,45.34,6.4747,28.62,5.52,6.27,76.05,0.08
mogadishu,20140401,2.04,45.34,6.8263,28.36,4.27,4.81,76.43,1.83
mogadishu,20140402,2.04,45.34,6.8174,28.25,4.47,5.06,76.41,0.57
mogadishu,20140403,2.04,45.34,6.9502,28.06,4.25,4.8,75.77,0.49
mogadishu,20140404,2.04,45.34,7.0118,28.19,4.28,4.79,77.13,0.33
mogadishu,20140405,2.04,45.34,6.9833,28.3,4.28,4.78,77.69,0.72
mogadishu,20140406,2.04,45.34,6.881,28.2,5.56,6.24,77.19,1.64
mogadishu,20140407,2.04,45.34,7.4467,28.22,6.69,7.7,73.03,0.19
mogadishu,20140408,2.04,45.34,7.141,28.45,5.86,6.78,73.4,1.83
mogadishu,20140409,2.04,45.34,7.1251,28.21,5.62,6.41,77.08,1.13
mogadishu,20140410,2.04,45.34,7.0884,27.88,4.82,5.45,75.75,0.6
mogadishu,20140411,2.04,45.34,7.0541,27.72,4.43,4.99,76.82,0.78
mogadishu,20140412,2.04,45.34,6.5069,27.94,3.76,4.26,77.38,5.53
mogadishu,20140413,2.04,45.34,6.3864,27.76,3.21,3.65,81.06,15.5
mogadishu,20140414,2.04,45.34,6.1961,27.73,2.93,3.32,82.58,26.66
mogadishu,20140415,2.04,45.34,6.2635,27.63,2.62,2.93,81.41,9.93
mogadishu,20140416,2.04,45.34,6.5028,28.36,3.52,4.0,75.1,4.23
mogadishu,20140417,2.04,45.34,5.7571,28.15,3.67,4.13,79.42,6.4
mogadishu,20140418,2.04,45.34,6.4092,28.14,3.9,4.42,79.2,4.39
mogadishu,20140419,2.04,45.34,6.8753,28.66,4.01,4.54,74.69,2.2
mogadishu,20140420,2.04,45.34,6.8422,28.58,4.4,4.98,75.92,1.67
mogadishu,20140421,2.04,45.34,7.0387,28.8,5.16,5.86,74.37,0.08
mogadishu,20140422,2.04,45.34,6.9358,28.62,4.32,4.84,76.95,0.47
mogadishu,20140423,2.04,45.34,6.8153,28.49,4.35,4.93,76.65,0.86
mogadishu,20140424,2.04,45.34,6.9934,28.47,4.37,4.97,75.29,0.92
mogadishu,20140425,2.04,45.34,6.8146,28.43,4.11,4.64,75.81,0.73
mogadishu,20140426,2.04,45.34,6.8057,28.86,4.57,5.22,75.42,0.28
mogadishu,20140427,2.04,45.34,6.6734,28.85,4.94,5.62,77.15,0.79
mogadishu,20140428,2.04,45.34,6.5362,29.02,5.43,6.26,77.57,0.67
mogadishu,20140429,2.04,45.34,6.0269,29.12,5.16,6.05,78.72,2.12
mogadishu,20140430,2.04,45.34,5.9762,28.89,5.27,6.09,80.6,0.72
mogadishu,20140501,2.04,45.34,5.8097,28.99,5.85,6.78,78.8,0.81
mogadishu,20140502,2.04,45.34,6.5683,28.48,6.14,7.18,83.22,1.04
mogadishu,20140503,2.04,45.34,5.6609,28.67,6.33,7.37,80.83,1.48
mogadishu,20140504,2.04,45.34,5.9966,28.57,6.08,7.05,80.02,1.3
mogadishu,20140505,2.04,45.34,5.6266,28.53,4.85,5.57,80.67,1.62
mogadishu,20140506,2.04,45.34,4.6826,28.43,4.61,5.31,81.71,7.48
mogadishu,20140507,2.04,45.34,5.9242,28.1,4.73,5.45,82.29,5.95
mogadishu,20140508,2.04,45.34,5.5766,28.16,4.53,5.23,81.45,8.02
mogadishu,20140509,2.04,45.34,6.289,28.29,4.41,5.1,80.86,5.04
mogadishu,20140510,2.04,45.34,5.6023,28.12,5.0,5.77,82.29,8.8
mogadishu,20140511,2.04,45.34,6.1368,27.87,4.44,5.16,83.51,4.85
mogadishu,20140512,2.04,45.34,6.3751,27.98,3.58,4.12,82.27,3.64
mogadishu,20140513,2.04,45.34,6.0672,28.23,4.28,4.98,82.2,5.92
mogadishu,20140514,2.04,45.34,6.0643,28.31,5.56,6.45,81.45,4.06
mogadishu,20140515,2.04,45.34,6.3852,28.36,6.47,7.51,80.76,4.65
mogadishu,20140516,2.04,45.34,5.9438,28.24,6.38,7.46,78.0,0.27
mogadishu,20140517,2.04,45.34,6.4433,28.21,5.74,6.73,79.22,0.17
mogadishu,20140518,2.04,45.34,5.8582,27.9,5.94,6.93,85.06,0.43
mogadishu,20140519,2.04,45.34,5.5992,27.6,6.31,7.38,82.32,0.44
mogadishu,20140520,2.04,45.34,5.7266,27.8,5.5,6.41,79.85,0.26
mogadishu,20140521,2.04,45.34,5.64,28.02,5.23,6.09,79.14,0.04
mogadishu,20140522,2.04,45.34,5.977,28.18,6.58,7.75,77.86,0.06
mogadishu,20140523,2.04,45.34,5.4799,27.82,7.8,9.16,78.94,0.07
mogadishu,20140524,2.04,45.34,6.125,27.76,8.24,9.67,77.85,0.01
mogadishu,20140525,2.04,45.34,5.7727,27.44,7.96,9.28,79.59,0.13
mogadishu,20140526,2.04,45.34,5.0662,27.03,6.65,7.69,83.24,0.0
mogadishu,20140527,2.04,45.34,5.3592,27.41,7.4,8.68,83.09,0.0
mogadishu,20140528,2.04,45.34,5.9138,27.48,7.14,8.33,79.8,0.0
mogadishu,20140529,2.04,45.34,6.1308,27.42,6.87,8.01,77.65,0.0
mogadishu,20140530,2.04,45.34,5.3918,27.36,7.47,8.7,80.0,0.0
mogadishu,20140531,2.04,45.34,6.157,27.3,8.03,9.38,77.59,0.0
mogadishu,20140601,2.04,45.34,5.6573,27.35,8.27,9.69,82.94,0.01
mogadishu,20140602,2.04,45.34,5.2992,27.55,7.9,9.31,83.51,0.03
mogadishu,20140603,2.04,45.34,5.7792,27.44,7.38,8.66,83.14,0.05
mogadishu,20140604,2.04,45.34,4.6409,27.23,7.5,8.83,84.31,0.08
mogadishu,20140605,2.04,45.34,5.5961,26.99,7.27,8.56,81.18,1.76
mogadishu,20140606,2.04,45.34,4.8989,26.99,6.98,8.11,79.95,0.35
mogadishu,20140607,2.04,45.34,6.4584,26.83,7.87,9.15,79.61,0.59
mogadishu,20140608,2.04,45.34,6.054,26.77,8.47,9.93,77.68,0.6
mogadishu,20140609,2.04,45.34,5.473,26.79,8.7,10.32,80.45,0.63
mogadishu,20140610,2.04,45.34,5.6892,26.68,7.85,9.21,80.06,0.0
mogadishu,20140611,2.04,45.34,5.9861,26.73,9.11,10.77,77.18,0.0
mogadishu,20140612,2.04,45.34,5.2217,26.61,9.38,11.11,76.74,0.0
mogadishu,20140613,2.04,45.34,4.3303,26.5,8.73,10.24,75.49,0.0
mogadishu,20140614,2.04,45.34,5.4307,26.31,7.56,8.77,77.91,0.0
mogadishu,20140615,2.04,45.34,6.0634,26.25,6.89,7.97,79.68,0.0
mogadishu,20140616,2.04,45.34,6.0638,26.39,6.77,7.88,79.69,0.0
mogadishu,20140617,2.04,45.34,6.2218,26.73,7.65,8.92,77.83,0.0
mogadishu,20140618,2.04,45.34,6.0278,26.91,7.75,9.05,78.2,0.0
mogadishu,20140619,2.04,45.34,6.1522,26.4,8.21,9.56,78.63,0.0
mogadishu,20140620,2.04,45.34,5.933,26.35,7.82,9.16,80.21,0.08
mogadishu,20140621,2.04,45.34,5.8176,26.15,8.14,9.53,79.6,0.05
mogadishu,20140622,2.04,45.34,4.7981,26.05,8.15,9.55,80.81,0.2
mogadishu,20140623,2.04,45.34,5.6054,26.15,7.68,8.94,80.77,0.21
mogadishu,20140624,2.04,45.34,5.3592,26.26,8.37,9.82,80.46,0.39
mogadishu,20140625,2.04,45.34,5.8368,26.07,8.44,9.93,80.67,0.03
mogadishu,20140626,2.04,45.34,4.9498,26.1,7.46,8.73,81.33,0.01
mogadishu,20140627,2.04,45.34,5.6078,26.04,7.36,8.55,80.68,0.02
mogadishu,20140628,2.04,45.34,5.0359,25.93,8.06,9.4,78.16,0.02
mogadishu,20140629,2.04,45.34,5.9321,26.02,8.34,9.74,78.49,0.02
mogadishu,20140630,2.04,45.34,4.8199,26.12,8.78,10.3,81.17,0.0
mogadishu,20140701,2.04,45.34,4.542,26.12,8.5,9.97,82.71,0.0
mogadishu,20140702,2.04,45.34,4.2096,26.09,8.98,10.56,81.83,0.0
mogadishu,20140703,2.04,45.34,6.1526,25.95,9.28,10.86,77.11,0.0
mogadishu,20140704,2.04,45.34,5.2913,25.99,9.75,11.5,80.48,0.0
mogadishu,20140705,2.04,45.34,6.2256,25.72,8.17,9.58,78.91,0.0
mogadishu,20140706,2.04,45.34,5.6198,25.71,7.55,8.88,80.25,0.0
mogadishu,20140707,2.04,45.34,5.189,25.88,7.43,8.7,82.7,0.0
mogadishu,20140708,2.04,45.34,5.6446,25.63,7.93,9.26,78.21,0.0
mogadishu,20140709,2.04,45.34,5.3066,25.46,8.89,10.47,76.62,0.0
mogadishu,20140710,2.04,45.34,4.7232,25.44,9.45,11.17,77.95,0.0
mogadishu,20140711,2.04,45.34,4.6862,25.48,9.07,10.71,82.46,0.0
mogadishu,20140712,2.04,45.34,4.8331,25.35,8.06,9.36,82.47,0.0
mogadishu,20140713,2.04,45.34,4.7878,25.39,8.78,10.28,79.81,0.0
mogadishu,20140714,2.04,45.34,5.821,25.47,8.63,10.13,79.46,0.0
mogadishu,20140715,2.04,45.34,3.845,25.39,8.54,10.05,82.99,0.0
mogadishu,20140716,2.04,45.34,5.0232,25.3,8.3,9.76,80.45,0.0
mogadishu,20140717,2.04,45.34,5.1298,25.42,7.45,8.73,79.24,0.0
mogadishu,20140718,2.04,45.34,5.9875,25.59,7.49,8.75,78.32,0.0
mogadishu,20140719,2.04,45.34,6.0876,25.55,7.17,8.39,81.0,0.0
mogadishu,20140720,2.04,45.34,6.1946,25.28,7.31,8.55,81.82,0.0
mogadishu,20140721,2.04,45.34,5.2517,25.35,7.79,9.17,81.76,0.0
mogadishu,20140722,2.04,45.34,4.4714,25.2,7.82,9.24,83.1,0.0
mogadishu,20140723,2.04,45.34,4.6454,25.1,7.89,9.31,83.23,0.0
mogadishu,20140724,2.04,45.34,4.7909,25.15,7.49,8.82,84.26,0.0
mogadishu,20140725,2.04,45.34,4.8324,25.25,7.35,8.62,80.25,0.0
mogadishu,20140726,2.04,45.34,5.5181,25.24,6.25,7.31,77.64,0.0
mogadishu,20140727,2.04,45.34,6.1565,24.98,6.31,7.33,82.94,0.0
mogadishu,20140728,2.04,45.34,5.9083,25.16,6.76,7.85,84.29,0.0
mogadishu,20140729,2.04,45.34,5.8901,25.5,7.82,9.25,84.87,0.0
mogadishu,20140730,2.04,45.34,4.4981,25.52,8.07,9.5,82.35,0.0
mogadishu,20140731,2.04,45.34,5.904,25.36,8.13,9.46,80.97,0.0
mogadishu,20140801,2.04,45.34,5.2618,25.37,8.4,9.84,81.05,0.0
mogadishu,20140802,2.04,45.34,5.4533,25.35,8.36,9.83,80.64,0.0
mogadishu,20140803,2.04,45.34,6.319,25.21,8.78,10.28,77.91,0.0
mogadishu,20140804,2.04,45.34,6.4128,25.26,8.63,10.06,80.3,0.03
mogadishu,20140805,2.04,45.34,5.1958,25.24,8.49,9.89,81.66,0.02
mogadishu,20140806,2.04,45.34,5.028,24.92,8.23,9.61,81.32,0.01
mogadishu,20140807,2.04,45.34,5.2656,24.62,7.66,8.88,80.25,0.01
mogadishu,20140808,2.04,45.34,6.1997,24.86,8.15,9.59,80.82,0.01
mogadishu,20140809,2.04,45.34,5.8118,24.9,8.33,9.84,80.61,2.32
mogadishu,20140810,2.04,45.34,5.603,24.81,7.41,8.6,80.61,0.66
mogadishu,20140811,2.04,45.34,5.3674,24.85,6.98,8.12,82.63,5.27
mogadishu,20140812,2.04,45.34,5.2855,24.63,7.78,9.19,84.13,5.8
mogadishu,20140813,2.04,45.34,5.0446,24.86,7.47,8.75,82.83,1.92
mogadishu,20140814,2.04,45.34,5.8548,25.02,7.33,8.5,83.17,0.46
mogadishu,20140815,2.04,45.34,6.1656,25.42,7.4,8.59,81.45,0.27
mogadishu,20140816,2.04,45.34,5.8325,25.54,8.04,9.4,76.88,0.43
mogadishu,20140817,2.04,45.34,5.3081,25.1,7.77,9.02,81.61,0.78
mogadishu,20140818,2.04,45.34,5.5418,25.18,7.42,8.53,80.02,0.56
mogadishu,20140819,2.04,45.34,5.7226,24.97,7.45,8.55,79.72,0.13
mogadishu,20140820,2.04,45.34,6.9727,25.22,7.32,8.39,79.65,0.04
mogadishu,20140821,2.04,45.34,6.7891,24.82,6.65,7.55,80.81,0.01
mogadishu,20140822,2.04,45.34,6.9696,25.03,6.71,7.66,81.18,0.01
mogadishu,20140823,2.04,45.34,7.0224,25.15,6.79,7.83,75.36,0.02
mogadishu,20140824,2.04,45.34,6.6768,25.11,7.27,8.36,78.95,0.0
mogadishu,20140825,2.04,45.34,6.6379,25.7,7.31,8.44,79.43,0.0
mogadishu,20140826,2.04,45.34,6.2414,25.82,7.96,9.29,82.6,0.0
mogadishu,20140827,2.04,45.34,6.4128,25.98,7.26,8.45,81.83,0.0
mogadishu,20140828,2.04,45.34,5.9616,25.95,7.06,8.19,82.46,0.0
mogadishu,20140829,2.04,45.34,6.7291,25.61,6.65,7.59,80.67,0.0
mogadishu,20140830,2.04,45.34,6.264,25.74,6.96,8.03,79.16,0.0
mogadishu,20140831,2.04,45.34,5.6227,25.7,7.47,8.65,81.91,0.0
mogadishu,20140901,2.04,45.34,5.9842,25.69,8.54,9.92,77.33,0.0
mogadishu,20140902,2.04,45.34,6.7145,25.7,8.44,9.82,79.83,0.0
mogadishu,20140903,2.04,45.34,4.6061,25.62,8.26,9.56,81.47,0.03
mogadishu,20140904,2.04,45.34,5.6239,25.55,8.01,9.28,78.15,0.01
mogadishu,20140905,2.04,45.34,5.6582,25.57,7.62,8.8,80.07,0.02
mogadishu,20140906,2.04,45.34,6.1524,25.7,7.52,8.66,78.39,0.01
mogadishu,20140907,2.04,45.34,5.8183,25.67,7.41,8.5,81.16,0.04
mogadishu,20140908,2.04,45.34,6.6185,26.06,7.67,8.87,79.01,0.0
mogadishu,20140909,2.04,45.34,5.2973,25.85,7.38,8.46,82.93,0.0
mogadishu,20140910,2.04,45.34,5.1787,25.93,7.64,8.81,82.11,0.0
mogadishu,20140911,2.04,45.34,5.4708,26.06,7.22,8.36,81.46,0.0
mogadishu,20140912,2.04,45.34,5.3858,25.84,6.44,7.4,82.55,0.0
mogadishu,20140913,2.04,45.34,6.3312,25.85,6.55,7.45,82.7,0.0
mogadishu,20140914,2.04,45.34,6.1709,25.69,7.02,8.05,81.23,0.0
mogadishu,20140915,2.04,45.34,6.6118,25.96,7.22,8.34,81.89,0.0
mogadishu,20140916,2.04,45.34,6.0029,26.27,6.99,8.09,82.94,0.01
mogadishu,20140917,2.04,45.34,5.9066,26.22,7.13,8.2,81.92,0.0
mogadishu,20140918,2.04,45.34,5.8805,26.24,7.01,8.11,81.87,0.0
mogadishu,20140919,2.04,45.34,5.8536,25.9,6.67,7.69,80.88,0.0
mogadishu,20140920,2.04,45.34,5.4665,25.79,6.79,7.86,80.5,0.0
mogadishu,20140921,2.04,45.34,5.4362,25.66,7.38,8.55,80.74,0.0
mogadishu,20140922,2.04,45.34,5.4084,25.86,7.57,8.84,82.45,0.0
mogadishu,20140923,2.04,45.34,5.9916,25.93,7.69,8.95,80.09,0.0
mogadishu,20140924,2.04,45.34,6.251,25.67,8.08,9.36,76.16,0.0
mogadishu,20140925,2.04,45.34,6.9144,25.84,7.2,8.31,79.46,0.0
mogadishu,20140926,2.04,45.34,6.3163,25.81,6.62,7.6,81.09,0.0
mogadishu,20140927,2.04,45.34,5.7322,25.95,6.13,7.06,80.25,0.0
mogadishu,20140928,2.04,45.34,6.071,26.11,6.56,7.67,77.67,4.85
mogadishu,20140929,2.04,45.34,6.2681,25.64,6.19,7.08,83.63,4.89
mogadishu,20140930,2.04,45.34,6.3778,26.22,6.55,7.59,76.73,1.62
mogadishu,20141001,2.04,45.34,6.9578,25.97,6.17,7.11,81.43,0.16
mogadishu,20141002,2.04,45.34,6.876,26.2,5.36,6.25,78.91,1.31
mogadishu,20141003,2.04,45.34,6.7742,26.38,5.49,6.34,81.91,0.82
mogadishu,20141004,2.04,45.34,5.5507,26.5,6.21,7.19,82.26,3.15
mogadishu,20141005,2.04,45.34,6.3406,26.19,5.74,6.63,85.51,7.84
mogadishu,20141006,2.04,45.34,6.5618,26.26,5.02,5.79,81.81,1.95
mogadishu,20141007,2.04,45.34,5.5486,26.4,4.71,5.35,83.38,4.06
mogadishu,20141008,2.04,45.34,5.4046,26.87,5.28,6.13,83.13,11.37
mogadishu,20141009,2.04,45.34,6.1469,26.58,4.62,5.37,84.94,9.63
mogadishu,20141010,2.04,45.34,6.5806,26.85,4.54,5.28,78.83,0.89
mogadishu,20141011,2.04,45.34,5.5356,26.91,6.29,7.36,81.48,10.88
mogadishu,20141012,2.04,45.34,5.4192,26.6,5.16,6.01,81.91,11.22
mogadishu,20141013,2.04,45.34,5.987,26.86,5.12,5.97,82.04,0.0
mogadishu,20141014,2.04,45.34,5.209,26.8,5.53,6.4,80.16,0.0
mogadishu,20141015,2.04,45.34,6.1003,26.87,4.85,5.63,77.47,0.0
mogadishu,20141016,2.04,45.34,6.5112,26.84,3.87,4.49,81.95,0.0
mogadishu,20141017,2.04,45.34,6.0907,27.16,4.01,4.64,82.24,0.0
mogadishu,20141018,2.04,45.34,6.4082,27.04,4.61,5.48,86.41,10.15
mogadishu,20141019,2.04,45.34,5.2526,27.02,4.08,4.85,83.3,9.45
mogadishu,20141020,2.04,45.34,6.2609,26.72,4.21,4.88,80.85,1.65
mogadishu,20141021,2.04,45.34,5.7338,26.67,4.75,5.5,77.03,0.53
mogadishu,20141022,2.04,45.34,6.1975,26.78,3.35,3.8,76.82,1.05
mogadishu,20141023,2.04,45.34,6.33,27.06,3.88,4.4,78.16,0.3
mogadishu,20141024,2.04,45.34,5.4598,27.12,4.72,5.33,80.3,1.14
mogadishu,20141025,2.04,45.34,4.9212,27.41,4.1,4.65,77.66,1.25
mogadishu,20141026,2.04,45.34,6.1114,27.63,4.55,5.17,77.42,0.48
mogadishu,20141027,2.04,45.34,5.9395,27.6,4.72,5.41,77.71,0.57
mogadishu,20141028,2.04,45.34,5.784,27.5,4.96,5.65,79.08,0.23
mogadishu,20141029,2.04,45.34,5.5586,27.31,4.27,4.91,78.88,0.28
mogadishu,20141030,2.04,45.34,6.2798,27.52,4.56,5.22,78.38,0.06
mogadishu,20141031,2.04,45.34,5.6671,27.53,4.16,4.72,80.36,0.09
mogadishu,20141101,2.04,45.34,5.4775,27.52,3.8,4.31,79.97,0.15
mogadishu,20141102,2.04,45.34,5.9662,27.44,4.34,4.97,80.36,1.42
mogadishu,20141103,2.04,45.34,6.1483,27.31,3.93,4.47,79.98,1.69
mogadishu,20141104,2.04,45.34,6.0658,27.15,4.16,4.68,80.33,0.7
mogadishu,20141105,2.04,45.34,5.7451,27.28,4.14,4.68,78.38,0.9
mogadishu,20141106,2.04,45.34,6.5794,27.25,3.3,3.67,77.85,1.0
mogadishu,20141107,2.04,45.34,5.6959,27.39,3.51,3.97,79.61,5.07
mogadishu,20141108,2.04,45.34,5.9962,27.33,3.54,4.08,79.62,9.91
mogadishu,20141109,2.04,45.34,4.4422,26.67,4.0,4.66,83.1,9.28
mogadishu,20141110,2.04,45.34,6.7114,27.39,5.88,7.04,76.62,1.73
mogadishu,20141111,2.04,45.34,6.5539,27.42,6.57,7.78,75.03,0.01
mogadishu,20141112,2.04,45.34,6.1968,27.2,5.94,6.89,77.47,0.09
mogadishu,20141113,2.04,45.34,5.8342,27.03,5.13,5.9,78.57,0.55
mogadishu,20141114,2.04,45.34,5.6002,26.97,4.62,5.27,78.53,0.34
mogadishu,20141115,2.04,45.34,5.8056,27.3,4.18,4.76,78.33,0.27
mogadishu,20141116,2.04,45.34,5.9098,27.51,3.78,4.24,75.08,0.04
mogadishu,20141117,2.04,45.34,5.5814,27.48,3.08,3.41,75.75,0.9
mogadishu,20141118,2.04,45.34,5.6515,27.66,4.14,4.66,78.98,2.61
mogadishu,20141119,2.04,45.34,5.6489,27.81,4.13,4.66,79.79,3.47
mogadishu,20141120,2.04,45.34,4.7297,26.67,3.88,4.42,83.58,7.05
mogadishu,20141121,2.04,45.34,5.1151,26.76,3.36,3.84,80.95,7.68
mogadishu,20141122,2.04,45.34,6.0118,27.53,4.71,5.45,79.87,0.01
mogadishu,20141123,2.04,45.34,5.7941,27.68,4.08,4.66,80.2,0.01
mogadishu,20141124,2.04,45.34,5.6222,27.63,3.16,3.53,79.72,0.01
mogadishu,20141125,2.04,45.34,5.8049,27.62,3.8,4.28,81.16,0.01
mogadishu,20141126,2.04,45.34,6.0353,27.94,4.75,5.41,81.04,0.01
mogadishu,20141127,2.04,45.34,6.0384,28.15,5.83,6.78,77.9,0.0
mogadishu,20141128,2.04,45.34,6.2333,27.96,6.52,7.56,76.04,0.03
mogadishu,20141129,2.04,45.34,6.6348,27.84,6.07,7.05,79.34,0.04
mogadishu,20141130,2.04,45.34,5.8978,27.73,6.04,7.0,79.83,0.37
mogadishu,20141201,2.04,45.34,6.1186,27.68,7.13,8.32,80.21,0.22
mogadishu,20141202,2.04,45.34,6.4822,27.49,8.24,9.64,76.64,1.14
mogadishu,20141203,2.04,45.34,6.7099,27.72,9.13,10.78,70.5,0.16
mogadishu,20141204,2.04,45.34,5.4564,27.35,7.18,8.4,76.97,1.58
mogadishu,20141205,2.04,45.34,6.3295,27.4,6.83,7.96,76.38,0.36
mogadishu,20141206,2.04,45.34,6.6269,27.09,6.38,7.38,75.72,0.7
mogadishu,20141207,2.04,45.34,6.1363,27.01,5.8,6.72,77.96,0.03
mogadishu,20141208,2.04,45.34,5.7962,27.1,5.7,6.6,80.13,1.47
mogadishu,20141209,2.04,45.34,6.1524,27.13,6.31,7.3,78.69,2.79
mogadishu,20141210,2.04,45.34,5.5915,27.0,6.69,7.74,80.28,0.08
mogadishu,20141211,2.04,45.34,5.4262,27.01,6.57,7.64,80.98,1.35
mogadishu,20141212,2.04,45.34,5.9554,27.15,6.0,7.02,77.83,0.77
mogadishu,20141213,2.04,45.34,6.6581,27.0,6.21,7.25,74.1,0.01
mogadishu,20141214,2.04,45.34,6.6571,26.85,7.09,8.25,74.53,0.0
mogadishu,20141215,2.04,45.34,6.5923,26.88,7.05,8.18,75.74,0.0
mogadishu,20141216,2.04,45.34,6.4438,26.74,6.41,7.4,77.05,0.02
mogadishu,20141217,2.04,45.34,5.9585,26.95,6.1,7.12,77.89,0.0
mogadishu,20141218,2.04,45.34,5.959,27.17,7.63,8.98,78.03,0.0
mogadishu,20141219,2.04,45.34,6.6852,26.85,8.66,10.18,76.89,0.0
mogadishu,20141220,2.04,45.34,6.5693,27.08,8.18,9.66,77.67,0.0
mogadishu,20141221,2.04,45.34,6.1118,26.95,7.7,9.0,79.02,0.0
mogadishu,20141222,2.04,45.34,6.2215,26.85,7.14,8.3,78.01,0.2
mogadishu,20141223,2.04,45.34,6.0058,26.73,7.59,8.85,78.95,0.78
mogadishu,20141224,2.04,45.34,6.2191,26.65,7.39,8.57,79.73,0.4
mogadishu,20141225,2.04,45.34,5.8802,26.87,8.12,9.53,81.06,0.95
mogadishu,20141226,2.04,45.34,6.6526,26.8,8.64,10.19,76.32,0.83
mogadishu,20141227,2.04,45.34,6.5263,26.91,8.84,10.46,76.97,0.0
mogadishu,20141228,2.04,45.34,6.4927,26.91,8.62,10.16,76.52,0.0
mogadishu,20141229,2.04,45.34,5.8685,26.74,8.42,9.9,77.11,0.0
mogadishu,20141230,2.04,45.34,6.3362,26.58,8.11,9.47,76.83,0.0
mogadishu,20141231,2.04,45.34,6.7822,26.56,8.36,9.8,72.61,0.0
mogadishu,20150101,2.04,45.34,6.7718,26.13,8.31,9.71,73.03,0.0
mogadishu,20150102,2.04,45.34,6.7301,26.28,9.03,10.63,73.26,0.0
mogadishu,20150103,2.04,45.34,6.6869,26.27,8.89,10.48,73.3,0.0
mogadishu,20150104,2.04,45.34,6.737,26.26,8.54,10.04,72.74,0.0
mogadishu,20150105,2.04,45.34,6.6295,26.3,9.27,10.89,75.9,0.0
mogadishu,20150106,2.04,45.34,6.2983,26.23,9.16,10.78,78.36,0.0
mogadishu,20150107,2.04,45.34,5.6143,26.17,8.18,9.59,80.66,0.0
mogadishu,20150108,2.04,45.34,6.053,26.27,8.22,9.6,77.4,0.0
mogadishu,20150109,2.04,45.34,6.5254,26.12,7.8,9.11,79.51,0.0
mogadishu,20150110,2.04,45.34,6.721,26.07,7.52,8.77,79.55,0.0
mogadishu,20150111,2.04,45.34,6.7706,26.31,9.12,10.74,79.14,0.0
mogadishu,20150112,2.04,45.34,6.5366,26.3,9.83,11.58,74.51,0.0
mogadishu,20150113,2.04,45.34,6.8436,26.52,9.52,11.26,70.9,0.0
mogadishu,20150114,2.04,45.34,6.7104,26.43,9.46,11.23,73.48,0.0
mogadishu,20150115,2.04,45.34,6.7277,26.13,9.74,11.52,72.55,0.0
mogadishu,20150116,2.04,45.34,6.7543,26.1,9.19,10.89,72.02,0.0
mogadishu,20150117,2.04,45.34,6.9127,26.04,9.25,10.91,72.88,0.0
mogadishu,20150118,2.04,45.34,6.7824,26.02,8.78,10.28,74.76,0.0
mogadishu,20150119,2.04,45.34,6.4774,25.9,7.95,9.24,78.5,0.0
mogadishu,20150120,2.04,45.34,6.1596,25.92,8.54,10.01,79.97,0.0
mogadishu,20150121,2.04,45.34,6.2503,26.01,9.58,11.3,78.02,0.0
mogadishu,20150122,2.04,45.34,4.7702,25.9,9.46,11.17,77.26,0.0
mogadishu,20150123,2.04,45.34,6.6106,25.43,8.81,10.27,75.01,0.0
mogadishu,20150124,2.04,45.34,6.9557,25.57,8.65,10.07,71.28,0.0
mogadishu,20150125,2.04,45.34,6.8359,25.67,8.24,9.64,76.33,0.0
mogadishu,20150126,2.04,45.34,7.008,25.82,8.45,9.85,71.88,0.0
mogadishu,20150127,2.04,45.34,7.1158,25.87,9.01,10.55,73.84,0.0
mogadishu,20150128,2.04,45.34,6.6989,25.79,9.1,10.68,75.69,0.0
mogadishu,20150129,2.04,45.34,6.931,25.79,8.57,10.02,76.62,0.0
mogadishu,20150130,2.04,45.34,6.9526,26.02,8.72,10.23,74.94,0.0
mogadishu,20150131,2.04,45.34,6.8738,26.13,8.74,10.28,73.81,0.0
mogadishu,20150201,2.04,45.34,6.6245,26.0,8.22,9.61,75.55,0.0
mogadishu,20150202,2.04,45.34,6.8366,25.94,8.35,9.77,79.64,0.0
mogadishu,20150203,2.04,45.34,6.4824,26.24,8.18,9.59,81.81,0.0
mogadishu,20150204,2.04,45.34,6.313,26.41,8.53,10.02,79.83,0.0
mogadishu,20150205,2.04,45.34,6.7126,26.5,8.5,9.98,79.12,0.0
mogadishu,20150206,2.04,45.34,6.8911,26.29,8.67,10.14,80.71,0.0
mogadishu,20150207,2.04,45.34,6.6139,26.26,8.9,10.4,79.21,0.0
mogadishu,20150208,2.04,45.34,6.9734,26.3,8.01,9.34,78.94,0.0
mogadishu,20150209,2.04,45.34,6.7574,26.14,7.33,8.46,78.8,0.0
mogadishu,20150210,2.04,45.34,6.4562,26.26,6.75,7.83,76.31,0.0
mogadishu,20150211,2.04,45.34,6.6468,26.11,6.6,7.62,79.41,0.0
mogadishu,20150212,2.04,45.34,6.7488,25.84,8.16,9.39,78.09,0.0
mogadishu,20150213,2.04,45.34,7.0956,25.96,8.86,10.28,75.29,0.0
mogadishu,20150214,2.04,45.34,7.2007,26.04,8.93,10.36,74.06,0.0
mogadishu,20150215,2.04,45.34,7.0222,26.22,8.48,9.85,72.9,0.0
mogadishu,20150216,2.04,45.34,7.0812,26.04,8.31,9.6,74.52,0.0
mogadishu,20150217,2.04,45.34,7.2689,25.88,7.96,9.17,79.99,0.0
mogadishu,20150218,2.04,45.34,7.2482,25.84,7.43,8.52,82.37,0.01
mogadishu,20150219,2.04,45.34,7.0306,26.23,6.45,7.42,78.27,0.0
mogadishu,20150220,2.04,45.34,6.9209,26.3,6.99,8.03,78.41,0.0
mogadishu,20150221,2.04,45.34,7.1527,26.29,7.22,8.27,78.68,0.0
mogadishu,20150222,2.04,45.34,7.2583,26.13,7.38,8.47,76.12,0.0
mogadishu,20150223,2.04,45.34,7.0766,26.24,7.18,8.3,73.49,0.0
mogadishu,20150224,2.04,45.34,7.0836,26.36,8.0,9.26,75.63,0.0
mogadishu,20150225,2.04,45.34,7.314,26.51,8.58,9.97,76.53,0.0
mogadishu,20150226,2.04,45.34,6.673,26.34,8.55,9.92,78.49,0.0
mogadishu,20150227,2.04,45.34,6.8405,26.42,8.02,9.29,78.01,0.0
mogadishu,20150228,2.04,45.34,7.301,26.45,8.49,9.87,77.59,0.0
mogadishu,20150301,2.04,45.34,7.0958,26.29,8.67,10.09,77.13,0.0
mogadishu,20150302,2.04,45.34,7.1573,26.33,9.03,10.49,74.05,0.0
mogadishu,20150303,2.04,45.34,7.3186,26.11,7.49,8.64,74.06,0.0
mogadishu,20150304,2.04,45.34,7.3985,26.23,6.53,7.5,74.38,0.0
mogadishu,20150305,2.04,45.34,7.4748,25.93,6.7,7.67,78.86,0.0
mogadishu,20150306,2.04,45.34,7.1316,26.37,5.95,6.84,75.46,0.0
mogadishu,20150307,2.04,45.34,7.278,26.5,7.2,8.28,78.23,0.0
mogadishu,20150308,2.04,45.34,7.4806,26.43,8.01,9.22,75.75,0.0
mogadishu,20150309,2.04,45.34,7.4484,26.64,8.64,10.03,75.83,0.0
mogadishu,20150310,2.04,45.34,7.2814,26.68,8.66,10.05,76.18,0.0
mogadishu,20150311,2.04,45.34,7.4203,26.66,7.58,8.69,76.73,0.0
mogadishu,20150312,2.04,45.34,7.3848,26.87,6.62,7.6,79.44,0.0
mogadishu,20150313,2.04,45.34,7.2955,27.31,6.08,6.94,75.76,0.0
mogadishu,20150314,2.04,45.34,7.2559,27.09,4.78,5.42,76.31,0.0
mogadishu,20150315,2.04,45.34,7.3666,26.99,5.26,5.89,77.09,0.0
mogadishu,20150316,2.04,45.34,6.9691,27.32,6.86,7.82,78.21,0.0
mogadishu,20150317,2.04,45.34,7.1945,27.21,6.61,7.54,78.14,0.0
mogadishu,20150318,2.04,45.34,7.3094,27.64,5.75,6.56,75.81,0.01
mogadishu,20150319,2.04,45.34,7.2305,27.59,4.41,4.99,76.83,0.03
mogadishu,20150320,2.04,45.34,6.9912,27.54,5.0,5.64,78.6,0.04
mogadishu,20150321,2.04,45.34,7.0783,27.77,5.77,6.51,79.34,0.03
mogadishu,20150322,2.04,45.34,6.7882,28.1,5.62,6.35,75.92,0.25
mogadishu,20150323,2.04,45.34,7.0555,28.25,4.89,5.58,77.54,0.58
mogadishu,20150324,2.04,45.34,6.5863,28.22,4.76,5.41,78.61,4.0
mogadishu,20150325,2.04,45.34,6.8114,28.03,5.4,6.32,81.04,7.56
mogadishu,20150326,2.04,45.34,5.917,27.21,4.14,4.7,84.21,4.15
mogadishu,20150327,2.04,45.34,5.6419,27.49,4.13,4.63,83.19,0.09
mogadishu,20150328,2.04,45.34,6.936,27.87,4.49,5.06,79.07,0.02
mogadishu,20150329,2.04,45.34,7.1052,27.83,5.21,5.89,77.82,0.02
mogadishu,20150330,2.04,45.34,6.8669,28.03,5.25,5.91,77.31,0.01
mogadishu,20150331,2.04,45.34,6.8357,28.41,4.49,5.04,76.61,0.01
mogadishu,20150401,2.04,45.34,6.7447,28.3,4.23,4.68,79.04,0.03
mogadishu,20150402,2.04,45.34,6.6151,28.41,3.99,4.45,79.75,0.27
mogadishu,20150403,2.04,45.34,6.605,28.53,3.99,4.43,77.02,0.24
mogadishu,20150404,2.04,45.34,6.611,28.69,3.73,4.11,74.99,0.12
mogadishu,20150405,2.04,45.34,6.1246,29.0,3.82,4.23,76.03,0.36
mogadishu,20150406,2.04,45.34,6.9319,29.1,3.91,4.39,77.1,0.85
mogadishu,20150407,2.04,45.34,5.8555,28.86,4.35,4.88,79.34,2.01
mogadishu,20150408,2.04,45.34,5.55,29.06,4.14,4.72,76.86,3.18
mogadishu,20150409,2.04,45.34,6.1224,29.06,3.38,3.81,74.28,2.03
mogadishu,20150410,2.04,45.34,6.3341,28.84,3.59,3.96,75.1,1.77
mogadishu,20150411,2.04,45.34,6.6607,28.66,3.86,4.23,76.91,0.16
mogadishu,20150412,2.04,45.34,6.6977,28.7,4.23,4.67,77.01,0.2
mogadishu,20150413,2.04,45.34,6.51,28.74,4.43,4.89,77.94,0.19
mogadishu,20150414,2.04,45.34,6.403,28.94,4.24,4.74,76.86,0.66
mogadishu,20150415,2.04,45.34,6.1793,29.27,4.65,5.22,74.76,0.33
mogadishu,20150416,2.04,45.34,2.4953,29.14,4.93,5.66,76.12,4.15
mogadishu,20150417,2.04,45.34,6.3235,28.91,3.0,3.37,74.95,0.59
mogadishu,20150418,2.04,45.34,6.5165,28.97,4.37,4.9,75.73,2.83
mogadishu,20150419,2.04,45.34,6.6521,28.99,5.52,6.36,78.22,7.38
mogadishu,20150420,2.04,45.34,5.8387,28.53,4.17,4.82,79.01,4.87
mogadishu,20150421,2.04,45.34,5.7588,28.41,3.41,3.95,81.85,0.95
mogadishu,20150422,2.04,45.34,6.8995,28.18,4.68,5.47,79.57,0.87
mogadishu,20150423,2.04,45.34,6.5957,28.97,5.08,5.85,75.39,0.42
mogadishu,20150424,2.04,45.34,6.5275,28.69,5.78,6.66,78.06,0.43
mogadishu,20150425,2.04,45.34,6.5899,28.67,5.25,5.96,80.12,0.21
mogadishu,20150426,2.04,45.34,6.1229,28.81,5.24,6.03,81.98,0.75
mogadishu,20150427,2.04,45.34,4.7273,28.28,4.91,5.58,78.45,0.74
mogadishu,20150428,2.04,45.34,5.8596,27.91,4.91,5.63,78.85,0.43
mogadishu,20150429,2.04,45.34,5.9993,28.02,3.63,4.06,76.44,0.22
mogadishu,20150430,2.04,45.34,6.533,28.3,3.84,4.3,77.5,0.31
mogadishu,20150501,2.04,45.34,6.4594,28.47,3.71,4.17,76.08,2.89
mogadishu,20150502,2.04,45.34,6.6823,28.3,4.02,4.52,79.25,1.33
mogadishu,20150503,2.04,45.34,6.8582,28.09,3.77,4.28,80.68,1.6
mogadishu,20150504,2.04,45.34,6.6998,28.48,4.32,4.87,80.38,0.78
mogadishu,20150505,2.04,45.34,6.588,28.32,4.84,5.52,80.21,2.49
mogadishu,20150506,2.04,45.34,6.3924,28.17,4.22,4.8,82.2,4.31
mogadishu,20150507,2.04,45.34,6.174,28.19,3.28,3.77,81.09,5.34
mogadishu,20150508,2.04,45.34,5.9347,28.47,4.54,5.27,77.66,1.66
mogadishu,20150509,2.04,45.34,6.4102,27.51,5.41,6.32,84.13,6.2
mogadishu,20150510,2.04,45.34,6.7399,28.12,5.88,6.94,84.39,8.5
mogadishu,20150511,2.04,45.34,6.6101,28.22,5.74,6.73,83.94,0.42
mogadishu,20150512,2.04,45.34,6.2383,28.74,5.41,6.42,80.18,0.65
mogadishu,20150513,2.04,45.34,6.647,28.84,5.46,6.4,80.7,0.41
mogadishu,20150514,2.04,45.34,6.6139,28.79,5.66,6.65,84.03,1.3
mogadishu,20150515,2.04,45.34,6.1819,28.77,6.04,7.09,77.57,0.38
mogadishu,20150516,2.04,45.34,6.139,28.6,7.21,8.46,75.69,0.29
mogadishu,20150517,2.04,45.34,6.3989,28.51,7.78,9.22,73.89,0.29
mogadishu,20150518,2.04,45.34,6.1483,28.38,7.81,9.26,77.86,0.86
mogadishu,20150519,2.04,45.34,6.3286,28.24,7.58,8.89,79.3,2.42
mogadishu,20150520,2.04,45.34,6.3214,28.3,8.73,10.37,80.29,3.54
mogadishu,20150521,2.04,45.34,6.2645,28.25,9.0,10.67,77.35,0.63
mogadishu,20150522,2.04,45.34,5.9237,28.07,8.07,9.57,83.77,3.86
mogadishu,20150523,2.04,45.34,6.0854,27.8,7.82,9.28,82.21,4.47
mogadishu,20150524,2.04,45.34,6.2563,27.82,7.65,9.06,78.65,1.08
mogadishu,20150525,2.04,45.34,6.5786,27.91,7.0,8.19,81.0,0.34
mogadishu,20150526,2.04,45.34,6.1606,27.88,6.96,8.15,83.11,1.52
mogadishu,20150527,2.04,45.34,6.4003,27.8,7.17,8.42,84.6,1.75
mogadishu,20150528,2.04,45.34,6.0257,27.48,5.83,6.71,84.35,0.82
mogadishu,20150529,2.04,45.34,6.023,27.48,5.42,6.28,85.98,2.41
mogadishu,20150530,2.04,45.34,5.1641,27.42,6.43,7.56,85.27,2.55
mogadishu,20150531,2.04,45.34,6.1469,27.26,6.82,8.01,81.2,3.38
mogadishu,20150601,2.04,45.34,5.9606,27.01,7.07,8.31,79.18,3.31
mogadishu,20150602,2.04,45.34,6.181,26.96,6.76,7.95,78.78,1.3
mogadishu,20150603,2.04,45.34,5.2277,27.17,7.44,8.76,78.11,0.37
mogadishu,20150604,2.04,45.34,6.4342,27.33,7.12,8.32,80.88,0.27
mogadishu,20150605,2.04,45.34,6.2717,27.55,6.76,7.88,81.89,0.01
mogadishu,20150606,2.04,45.34,6.287,28.14,7.23,8.5,79.08,0.02
mogadishu,20150607,2.04,45.34,6.3245,27.85,8.89,10.41,78.32,0.03
mogadishu,20150608,2.04,45.34,5.8908,27.84,9.3,10.98,76.89,0.1
mogadishu,20150609,2.04,45.34,6.0353,27.63,8.63,10.12,76.89,0.06
mogadishu,20150610,2.04,45.34,5.9364,27.61,9.02,10.64,79.35,0.06
mogadishu,20150611,2.04,45.34,5.8925,27.41,8.2,9.64,78.38,0.09
mogadishu,20150612,2.04,45.34,5.9544,27.18,7.9,9.19,79.55,0.04
mogadishu,20150613,2.04,45.34,5.3808,27.0,9.07,10.69,77.25,0.03
mogadishu,20150614,2.04,45.34,5.0297,26.9,9.67,11.42,77.98,0.01
mogadishu,20150615,2.04,45.34,4.2554,26.8,9.24,10.91,80.2,0.01
mogadishu,20150616,2.04,45.34,4.9891,26.55,7.97,9.35,80.57,0.01
mogadishu,20150617,2.04,45.34,4.8216,26.68,7.1,8.29,81.75,0.01
mogadishu,20150618,2.04,45.34,5.2536,26.92,7.3,8.5,77.84,0.0
mogadishu,20150619,2.04,45.34,4.9762,27.04,8.07,9.44,77.04,0.0
mogadishu,20150620,2.04,45.34,5.8433,27.11,8.5,9.97,78.27,0.18
mogadishu,20150621,2.04,45.34,6.1027,27.22,8.89,10.46,79.9,0.4
mogadishu,20150622,2.04,45.34,5.754,27.07,8.53,9.98,80.42,0.31
mogadishu,20150623,2.04,45.34,5.4252,27.12,8.58,10.08,79.91,0.17
mogadishu,20150624,2.04,45.34,5.8032,27.2,8.74,10.28,77.16,0.38
mogadishu,20150625,2.04,45.34,6.2314,26.97,8.73,10.19,75.97,0.0
mogadishu,20150626,2.04,45.34,5.7624,27.12,8.76,10.29,79.02,0.02
mogadishu,20150627,2.04,45.34,6.0346,27.16,8.69,10.23,78.29,0.01
mogadishu,20150628,2.04,45.34,5.6659,26.99,8.13,9.55,83.12,0.07
mogadishu,20150629,2.04,45.34,5.9897,26.84,7.11,8.21,82.27,0.06
mogadishu,20150630,2.04,45.34,5.8913,26.81,7.17,8.34,81.94,0.99
mogadishu,20150701,2.04,45.34,6.0682,26.84,7.22,8.39,75.45,0.13
mogadishu,20150702,2.04,45.34,6.3545,26.91,7.58,8.78,74.35,0.12
mogadishu,20150703,2.04,45.34,6.1754,26.67,7.86,9.13,75.63,0.17
mogadishu,20150704,2.04,45.34,6.204,26.48,7.09,8.16,78.76,0.59
mogadishu,20150705,2.04,45.34,5.1528,26.52,7.33,8.51,83.01,4.5
mogadishu,20150706,2.04,45.34,5.4468,26.72,6.64,7.7,83.57,3.31
mogadishu,20150707,2.04,45.34,5.2769,26.6,8.33,9.85,84.73,12.5
mogadishu,20150708,2.04,45.34,5.5853,26.18,8.4,9.99,79.2,3.84
mogadishu,20150709,2.04,45.34,5.507,25.8,8.11,9.55,81.94,7.95
mogadishu,20150710,2.04,45.34,5.4874,25.75,7.89,9.31,77.01,0.34
mogadishu,20150711,2.04,45.34,6.0518,25.87,8.61,10.18,82.83,1.41
mogadishu,20150712,2.04,45.34,5.6688,25.87,9.57,11.38,77.09,0.52
mogadishu,20150713,2.04,45.34,5.2061,26.08,8.57,10.06,78.6,0.59
mogadishu,20150714,2.04,45.34,4.7779,26.15,8.66,10.19,80.2,1.45
mogadishu,20150715,2.04,45.34,6.1774,26.09,8.36,9.78,79.26,0.0
mogadishu,20150716,2.04,45.34,6.0974,25.92,8.6,10.02,77.25,0.0
mogadishu,20150717,2.04,45.34,4.9747,25.64,8.66,10.11,77.33,0.0
mogadishu,20150718,2.04,45.34,5.4214,25.61,7.92,9.26,79.77,0.0
mogadishu,20150719,2.04,45.34,5.2781,25.69,8.11,9.54,82.8,0.0
mogadishu,20150720,2.04,45.34,5.2867,25.82,8.71,10.19,81.8,0.01
mogadishu,20150721,2.04,45.34,4.4162,25.65,9.12,10.71,77.81,0.01
mogadishu,20150722,2.04,45.34,5.4607,25.56,8.59,10.02,77.31,0.0
mogadishu,20150723,2.04,45.34,5.7979,25.82,8.87,10.35,75.91,0.0
mogadishu,20150724,2.04,45.34,5.484,25.84,8.42,9.82,76.56,0.0
mogadishu,20150725,2.04,45.34,5.2577,25.66,7.92,9.21,77.35,0.04
mogadishu,20150726,2.04,45.34,5.1211,25.6,7.49,8.72,80.98,0.19
mogadishu,20150727,2.04,45.34,5.1922,25.49,7.55,8.89,81.24,0.09
mogadishu,20150728,2.04,45.34,5.5236,25.65,7.4,8.6,81.02,0.06
mogadishu,20150729,2.04,45.34,5.2039,25.81,7.11,8.31,82.47,0.28
mogadishu,20150730,2.04,45.34,6.174,25.9,7.74,9.05,76.04,1.89
mogadishu,20150731,2.04,45.34,6.1526,25.82,6.85,8.01,78.79,1.03
mogadishu,20150801,2.04,45.34,5.9028,26.02,6.44,7.54,79.29,1.45
mogadishu,20150802,2.04,45.34,5.8649,26.05,6.39,7.44,83.22,5.57
mogadishu,20150803,2.04,45.34,6.0989,26.32,7.33,8.57,79.92,5.8
mogadishu,20150804,2.04,45.34,3.9029,26.11,7.72,9.05,82.1,0.85
mogadishu,20150805,2.04,45.34,5.9086,25.94,6.01,6.94,82.15,0.68
mogadishu,20150806,2.04,45.34,6.1656,26.27,7.35,8.56,79.55,0.46
mogadishu,20150807,2.04,45.34,5.9066,26.12,8.23,9.62,77.92,0.35
mogadishu,20150808,2.04,45.34,6.0466,25.86,8.02,9.31,74.58,0.12
mogadishu,20150809,2.04,45.34,6.576,25.83,8.0,9.24,77.84,0.0
mogadishu,20150810,2.04,45.34,6.6247,26.37,8.21,9.6,77.31,0.01
mogadishu,20150811,2.04,45.34,6.4666,26.29,7.99,9.3,78.86,0.01
mogadishu,20150812,2.04,45.34,6.8702,25.97,8.4,9.75,76.94,0.0
mogadishu,20150813,2.04,45.34,5.3297,26.01,8.09,9.43,79.06,0.02
mogadishu,20150814,2.04,45.34,5.363,26.04,7.22,8.39,81.92,0.56
mogadishu,20150815,2.04,45.34,6.5028,26.12,8.79,10.32,76.44,0.18
mogadishu,20150816,2.04,45.34,5.3909,25.9,8.34,9.71,76.39,0.09
mogadishu,20150817,2.04,45.34,6.1224,25.82,8.31,9.64,79.5,0.17
mogadishu,20150818,2.04,45.34,5.13,25.9,8.84,10.37,79.82,0.74
mogadishu,20150819,2.04,45.34,5.7146,25.66,7.74,8.97,78.29,0.41
mogadishu,20150820,2.04,45.34,6.2664,25.73,6.73,7.73,79.83,0.3
mogadishu,20150821,2.04,45.34,6.3019,25.5,6.9,7.91,79.28,0.12
mogadishu,20150822,2.04,45.34,5.2392,26.02,7.82,9.07,76.62,0.5
mogadishu,20150823,2.04,45.34,7.0819,26.33,7.47,8.67,77.67,0.18
mogadishu,20150824,2.04,45.34,5.0921,26.45,7.62,8.93,80.9,0.45
mogadishu,20150825,2.04,45.34,6.185,26.24,8.59,10.05,84.28,0.94
mogadishu,20150826,2.04,45.34,4.1378,26.29,7.86,9.21,83.5,1.07
mogadishu,20150827,2.04,45.34,5.0064,26.54,7.07,8.22,79.0,0.15
mogadishu,20150828,2.04,45.34,6.6422,26.59,7.08,8.2,76.8,0.14
mogadishu,20150829,2.04,45.34,5.8118,26.44,8.08,9.41,81.37,0.22
mogadishu,20150830,2.04,45.34,5.5382,26.29,8.36,9.81,82.36,0.41
mogadishu,20150831,2.04,45.34,6.0242,26.39,7.44,8.66,80.87,0.13
mogadishu,20150901,2.04,45.34,6.4838,26.45,7.58,8.79,78.77,0.08
mogadishu,20150902,2.04,45.34,6.5328,26.15,7.36,8.47,78.79,0.03
mogadishu,20150903,2.04,45.34,6.0336,26.18,7.9,9.15,79.72,0.61
mogadishu,20150904,2.04,45.34,5.9472,26.38,8.35,9.76,80.17,1.32
mogadishu,20150905,2.04,45.34,6.4471,26.14,7.49,8.67,76.68,0.5
mogadishu,20150906,2.04,45.34,6.1591,26.1,7.74,8.98,82.22,1.39
mogadishu,20150907,2.04,45.34,5.3462,26.14,7.69,8.93,80.96,1.88
mogadishu,20150908,2.04,45.34,5.3532,26.2,7.2,8.31,79.38,0.04
mogadishu,20150909,2.04,45.34,6.3086,26.39,6.11,7.02,78.08,0.02
mogadishu,20150910,2.04,45.34,6.5474,26.87,6.49,7.5,78.26,0.01
mogadishu,20150911,2.04,45.34,6.5268,26.84,6.85,7.91,82.96,0.13
mogadishu,20150912,2.04,45.34,6.6372,26.98,8.03,9.34,79.48,0.07
mogadishu,20150913,2.04,45.34,6.6122,26.95,7.01,8.1,81.62,0.0
mogadishu,20150914,2.04,45.34,5.3494,26.69,8.5,9.86,80.33,0.0
mogadishu,20150915,2.04,45.34,5.7151,26.72,8.32,9.65,77.45,0.0
mogadishu,20150916,2.04,45.34,5.9371,26.83,7.58,8.76,81.3,0.0
mogadishu,20150917,2.04,45.34,5.1989,27.01,6.07,7.01,83.37,0.0
mogadishu,20150918,2.04,45.34,6.1442,27.11,5.69,6.61,82.28,0.0
mogadishu,20150919,2.04,45.34,6.4042,26.86,6.7,7.76,85.71,0.0
mogadishu,20150920,2.04,45.34,5.9294,26.94,8.55,9.98,81.39,0.0
mogadishu,20150921,2.04,45.34,6.4632,26.75,8.71,10.16,77.79,0.0
mogadishu,20150922,2.04,45.34,6.0408,26.66,8.03,9.36,79.84,0.0
mogadishu,20150923,2.04,45.34,6.1694,26.85,7.75,9.02,79.76,0.27
mogadishu,20150924,2.04,45.34,6.1277,26.82,7.51,8.7,79.97,0.15
mogadishu,20150925,2.04,45.34,6.2386,26.7,7.68,8.85,77.86,0.08
mogadishu,20150926,2.04,45.34,6.7733,26.89,7.34,8.47,75.26,0.03
mogadishu,20150927,2.04,45.34,7.1306,27.22,7.11,8.3,79.76,0.06
mogadishu,20150928,2.04,45.34,6.5897,27.38,7.81,9.15,81.11,0.03
mogadishu,20150929,2.04,45.34,6.3283,27.31,7.03,8.19,82.88,0.05
mogadishu,20150930,2.04,45.34,5.5522,27.19,5.79,6.7,81.87,0.13
mogadishu,20151001,2.04,45.34,4.9906,27.04,4.93,5.68,82.85,0.07
mogadishu,20151002,2.04,45.34,5.1478,27.27,4.58,5.23,83.07,0.15
mogadishu,20151003,2.04,45.34,5.6023,27.65,4.85,5.63,80.64,0.34
mogadishu,20151004,2.04,45.34,6.2467,27.49,5.82,6.68,79.76,0.11
mogadishu,20151005,2.04,45.34,6.9122,27.51,6.75,7.8,75.13,0.09
mogadishu,20151006,2.04,45.34,6.7982,27.63,6.88,8.02,80.05,0.11
mogadishu,20151007,2.04,45.34,6.2093,27.48,5.93,6.82,83.01,0.25
mogadishu,20151008,2.04,45.34,6.4812,27.59,4.92,5.65,82.12,0.28
mogadishu,20151009,2.04,45.34,5.8529,27.23,5.04,5.79,86.18,1.23
mogadishu,20151010,2.04,45.34,6.1051,27.43,5.46,6.31,81.93,0.6
mogadishu,20151011,2.04,45.34,6.2119,27.59,4.68,5.34,82.61,0.51
mogadishu,20151012,2.04,45.34,6.2897,27.64,5.11,5.86,82.96,0.46
mogadishu,20151013,2.04,45.34,5.107,27.54,5.87,6.71,81.5,0.13
mogadishu,20151014,2.04,45.34,5.2426,27.51,5.86,6.73,82.19,0.41
mogadishu,20151015,2.04,45.34,5.189,27.65,4.71,5.4,81.71,0.54
mogadishu,20151016,2.04,45.34,5.3599,27.6,5.05,5.77,83.73,0.71
mogadishu,20151017,2.04,45.34,5.2126,27.82,4.25,4.92,80.86,0.31
mogadishu,20151018,2.04,45.34,5.7506,27.59,4.93,5.69,82.88,6.32
mogadishu,20151019,2.04,45.34,5.4619,27.2,4.5,5.25,84.6,12.53
mogadishu,20151020,2.04,45.34,5.195,27.07,5.29,6.14,83.79,9.0
mogadishu,20151021,2.04,45.34,5.4576,26.93,4.11,4.75,82.12,6.6
mogadishu,20151022,2.04,45.34,6.486,27.18,4.56,5.26,83.1,3.08
mogadishu,20151023,2.04,45.34,6.1159,27.24,4.54,5.2,80.49,0.0
mogadishu,20151024,2.04,45.34,5.7168,27.28,4.08,4.62,80.25,0.0
mogadishu,20151025,2.04,45.34,6.067,27.48,4.51,5.13,81.25,0.01
mogadishu,20151026,2.04,45.34,5.8327,27.79,5.0,5.67,81.37,0.02
mogadishu,20151027,2.04,45.34,4.1856,27.73,5.0,5.72,81.4,0.02
mogadishu,20151028,2.04,45.34,5.6726,27.63,4.22,4.81,80.99,1.89
mogadishu,20151029,2.04,45.34,5.6119,27.72,2.82,3.21,80.07,1.64
mogadishu,20151030,2.04,45.34,6.4416,28.09,3.67,4.11,77.9,0.53
mogadishu,20151031,2.04,45.34,6.0869,28.07,4.85,5.54,79.59,0.25
mogadishu,20151101,2.04,45.34,6.1536,28.03,4.67,5.34,79.57,0.11
mogadishu,20151102,2.04,45.34,5.719,27.85,3.37,3.87,78.19,28.14
mogadishu,20151103,2.04,45.34,6.252,27.65,4.02,4.67,81.96,47.14
mogadishu,20151104,2.04,45.34,6.1476,27.93,4.51,5.28,78.96,12.69
mogadishu,20151105,2.04,45.34,6.3922,28.17,3.36,3.86,74.91,0.67
mogadishu,20151106,2.04,45.34,6.4608,27.92,3.93,4.54,77.49,6.67
mogadishu,20151107,2.04,45.34,6.0341,27.44,4.63,5.35,83.5,1.17
mogadishu,20151108,2.04,45.34,5.6326,27.74,2.82,3.18,77.95,1.47
mogadishu,20151109,2.04,45.34,6.0926,27.77,3.29,3.69,78.57,3.72
mogadishu,20151110,2.04,45.34,5.7569,27.63,3.23,3.69,79.21,3.36
mogadishu,20151111,2.04,45.34,5.3894,27.52,3.11,3.55,81.99,1.64
mogadishu,20151112,2.04,45.34,5.2999,27.2,2.72,3.08,84.77,7.34
mogadishu,20151113,2.04,45.34,6.4373,27.93,3.38,3.91,80.54,3.92
mogadishu,20151114,2.04,45.34,6.0497,28.19,5.79,6.81,78.83,2.7
mogadishu,20151115,2.04,45.34,6.4246,27.85,5.56,6.54,81.11,4.98
mogadishu,20151116,2.04,45.34,5.6978,27.89,4.03,4.77,81.21,10.5
mogadishu,20151117,2.04,45.34,5.2046,26.76,2.62,2.98,81.51,0.38
mogadishu,20151118,2.04,45.34,5.8409,27.35,2.54,2.86,79.64,0.19
mogadishu,20151119,2.04,45.34,5.1216,27.69,2.74,3.06,80.18,0.07
mogadishu,20151120,2.04,45.34,5.2334,27.99,4.17,4.77,80.12,0.15
mogadishu,20151121,2.04,45.34,6.06,28.6,5.03,5.88,76.88,0.14
mogadishu,20151122,2.04,45.34,4.8883,28.54,6.02,7.03,77.68,0.09
mogadishu,20151123,2.04,45.34,6.6007,28.66,5.95,6.94,69.26,0.01
mogadishu,20151124,2.04,45.34,6.5796,28.46,5.32,6.13,72.76,0.0
mogadishu,20151125,2.04,45.34,6.0893,28.4,5.19,5.94,76.99,0.01
mogadishu,20151126,2.04,45.34,6.1555,28.06,5.39,6.16,78.85,0.02
mogadishu,20151127,2.04,45.34,5.3542,28.03,5.63,6.49,79.5,0.63
mogadishu,20151128,2.04,45.34,5.6623,27.98,4.52,5.23,80.27,1.07
mogadishu,20151129,2.04,45.34,5.2246,27.92,3.61,4.11,80.05,1.44
mogadishu,20151130,2.04,45.34,5.371,27.51,2.55,2.88,78.6,1.91
mogadishu,20151201,2.04,45.34,5.6866,28.33,3.94,4.59,73.64,1.49
mogadishu,20151202,2.04,45.34,5.7905,28.12,4.95,5.7,76.6,0.07
mogadishu,20151203,2.04,45.34,5.8865,28.32,4.37,5.04,76.33,0.1
mogadishu,20151204,2.04,45.34,5.4739,28.37,4.95,5.69,77.83,0.07
mogadishu,20151205,2.04,45.34,5.9532,28.53,5.28,6.12,74.33,0.08
mogadishu,20151206,2.04,45.34,6.1435,28.55,5.47,6.34,76.67,0.02
mogadishu,20151207,2.04,45.34,6.0521,28.4,5.65,6.53,78.67,0.46
mogadishu,20151208,2.04,45.34,5.886,28.23,6.92,7.99,77.67,0.21
mogadishu,20151209,2.04,45.34,6.3638,27.94,7.49,8.73,76.19,0.07
mogadishu,20151210,2.04,45.34,5.9383,28.11,7.43,8.72,78.08,0.79
mogadishu,20151211,2.04,45.34,6.4675,28.03,7.23,8.45,73.48,0.03
mogadishu,20151212,2.04,45.34,6.4819,27.97,6.68,7.76,75.49,0.0
mogadishu,20151213,2.04,45.34,5.9237,28.09,6.9,8.06,77.87,0.0
mogadishu,20151214,2.04,45.34,5.9045,27.92,6.52,7.57,78.72,0.01
mogadishu,20151215,2.04,45.34,5.8217,27.93,5.6,6.46,80.39,0.01
mogadishu,20151216,2.04,45.34,5.3986,28.0,5.68,6.62,81.76,0.03
mogadishu,20151217,2.04,45.34,3.5734,27.83,7.28,8.53,82.49,14.38
mogadishu,20151218,2.04,45.34,6.0571,27.51,7.43,8.73,81.98,8.94
mogadishu,20151219,2.04,45.34,6.5112,27.41,7.46,8.68,75.57,0.27
mogadishu,20151220,2.04,45.34,6.5155,27.28,7.53,8.79,73.68,0.01
mogadishu,20151221,2.04,45.34,6.0782,27.29,7.03,8.17,75.36,0.03
mogadishu,20151222,2.04,45.34,6.366,27.37,7.02,8.18,76.48,0.01
mogadishu,20151223,2.04,45.34,6.1207,27.58,6.13,7.14,81.13,0.34
mogadishu,20151224,2.04,45.34,5.4262,27.41,6.37,7.46,84.67,1.84
mogadishu,20151225,2.04,45.34,5.9431,27.47,6.69,7.84,83.0,1.87
mogadishu,20151226,2.04,45.34,5.449,27.31,7.25,8.44,81.99,0.69
mogadishu,20151227,2.04,45.34,6.4114,27.34,9.21,10.85,73.67,0.0
mogadishu,20151228,2.04,45.34,6.5112,27.06,9.69,11.45,73.32,0.0
mogadishu,20151229,2.04,45.34,5.8932,27.15,8.1,9.59,79.36,0.0
mogadishu,20151230,2.04,45.34,6.4159,27.33,7.57,8.92,78.95,0.0
mogadishu,20151231,2.04,45.34,6.3542,27.52,7.06,8.34,80.82,0.0
mogadishu,20160101,2.04,45.34,5.9088,27.59,7.32,8.72,83.98,0.38
mogadishu,20160102,2.04,45.34,5.7734,27.59,7.98,9.44,84.26,0.31
mogadishu,20160103,2.04,45.34,6.084,27.49,8.01,9.5,85.17,0.24
mogadishu,20160104,2.04,45.34,4.8811,27.46,7.87,9.34,84.44,0.22
mogadishu,20160105,2.04,45.34,5.7605,27.33,7.88,9.26,77.27,0.03
mogadishu,20160106,2.04,45.34,6.5717,27.49,8.31,9.77,74.18,0.0
mogadishu,20160107,2.04,45.34,6.6094,27.42,7.97,9.34,72.66,0.0
mogadishu,20160108,2.04,45.34,6.252,27.11,8.68,10.17,75.69,0.0
mogadishu,20160109,2.04,45.34,6.4159,27.18,8.13,9.49,75.39,0.0
mogadishu,20160110,2.04,45.34,6.3509,27.29,7.43,8.62,75.7,0.0
mogadishu,20160111,2.04,45.34,6.1978,27.18,7.78,9.05,76.6,0.0
mogadishu,20160112,2.04,45.34,6.1433,27.07,7.81,9.06,77.05,0.0
mogadishu,20160113,2.04,45.34,6.5342,27.07,7.78,9.05,78.21,0.0
mogadishu,20160114,2.04,45.34,6.5803,27.01,7.96,9.21,76.91,0.0
mogadishu,20160115,2.04,45.34,6.7015,27.1,8.07,9.33,74.49,0.0
mogadishu,20160116,2.04,45.34,6.6077,27.01,8.0,9.23,75.88,0.0
mogadishu,20160117,2.04,45.34,6.2282,26.92,8.39,9.72,77.12,0.0
mogadishu,20160118,2.04,45.34,6.4241,27.0,8.7,10.16,75.46,0.0
mogadishu,20160119,2.04,45.34,6.6209,26.95,8.97,10.49,73.45,0.0
mogadishu,20160120,2.04,45.34,6.618,26.66,9.9,11.59,73.42,0.0
mogadishu,20160121,2.04,45.34,6.8333,26.83,9.41,11.05,69.96,0.0
mogadishu,20160122,2.04,45.34,6.9722,26.76,9.43,11.07,74.62,0.0
mogadishu,20160123,2.04,45.34,6.6403,26.86,9.19,10.79,77.4,0.0
mogadishu,20160124,2.04,45.34,6.2671,26.83,7.5,8.72,77.04,0.01
mogadishu,20160125,2.04,45.34,6.0926,26.78,7.09,8.19,79.59,0.0
mogadishu,20160126,2.04,45.34,6.629,26.84,6.91,7.97,78.8,0.0
mogadishu,20160127,2.04,45.34,6.1118,26.96,7.28,8.45,80.01,0.0
mogadishu,20160128,2.04,45.34,5.7708,26.88,7.58,8.75,80.38,0.0
mogadishu,20160129,2.04,45.34,6.2686,27.17,7.96,9.27,78.42,0.0
mogadishu,20160130,2.04,45.34,6.6576,27.01,8.91,10.4,76.2,0.0
mogadishu,20160131,2.04,45.34,6.0406,27.04,10.25,12.1,75.86,0.0
mogadishu,20160201,2.04,45.34,6.823,26.82,11.04,13.06,74.09,0.0
mogadishu,20160202,2.04,45.34,6.089,26.5,9.38,10.97,79.04,0.0
mogadishu,20160203,2.04,45.34,6.1162,26.68,8.61,10.03,77.53,0.0
mogadishu,20160204,2.04,45.34,6.5441,26.88,9.06,10.61,78.65,0.0
mogadishu,20160205,2.04,45.34,6.7159,26.9,9.95,11.76,74.27,0.0
mogadishu,20160206,2.04,45.34,6.7476,26.73,9.66,11.38,74.36,0.0
mogadishu,20160207,2.04,45.34,6.6547,26.7,8.05,9.42,76.64,0.0
mogadishu,20160208,2.04,45.34,6.5714,26.5,8.44,9.88,79.51,0.0
mogadishu,20160209,2.04,45.34,6.636,26.6,8.82,10.34,78.01,0.0
mogadishu,20160210,2.04,45.34,7.0855,26.44,8.92,10.34,77.14,0.0
mogadishu,20160211,2.04,45.34,7.0874,26.81,8.44,9.81,77.48,0.0
mogadishu,20160212,2.04,45.34,5.8774,26.93,7.84,9.08,79.28,0.0
mogadishu,20160213,2.04,45.34,6.8203,26.88,9.04,10.52,77.42,0.0
mogadishu,20160214,2.04,45.34,7.1563,26.66,9.47,11.01,74.91,0.0
mogadishu,20160215,2.04,45.34,7.1095,26.68,8.54,9.9,74.42,0.0
mogadishu,20160216,2.04,45.34,7.2228,26.54,8.11,9.32,75.13,0.0
mogadishu,20160217,2.04,45.34,7.2084,26.87,8.16,9.43,73.8,0.0
mogadishu,20160218,2.04,45.34,7.1693,26.73,9.99,11.66,74.59,0.0
mogadishu,20160219,2.04,45.34,6.9586,26.47,11.0,12.92,71.16,0.0
mogadishu,20160220,2.04,45.34,7.3512,26.34,9.99,11.65,68.96,0.0
mogadishu,20160221,2.04,45.34,6.8789,26.38,7.47,8.64,77.99,0.0
mogadishu,20160222,2.04,45.34,6.6511,26.93,7.48,8.72,81.59,0.0
mogadishu,20160223,2.04,45.34,6.413,27.05,6.37,7.37,81.08,0.0
mogadishu,20160224,2.04,45.34,6.2016,27.12,6.62,7.67,84.91,0.0
mogadishu,20160225,2.04,45.34,6.3557,27.22,6.29,7.31,86.39,1.26
mogadishu,20160226,2.04,45.34,6.185,27.37,7.11,8.32,84.84,0.22
mogadishu,20160227,2.04,45.34,6.7231,27.35,7.63,8.92,83.17,0.16
mogadishu,20160228,2.04,45.34,6.2914,27.3,8.05,9.41,83.7,0.13
mogadishu,20160229,2.04,45.34,6.2534,27.3,7.26,8.47,85.1,0.14
mogadishu,20160301,2.04,45.34,6.6377,27.25,5.96,6.8,82.44,0.17
mogadishu,20160302,2.04,45.34,7.193,27.17,6.0,6.84,82.21,0.03
mogadishu,20160303,2.04,45.34,7.0349,27.61,6.94,8.04,82.46,0.05
mogadishu,20160304,2.04,45.34,6.8354,28.09,6.31,7.35,81.26,0.2
mogadishu,20160305,2.04,45.34,6.6358,28.21,4.75,5.49,82.68,0.28
mogadishu,20160306,2.04,45.34,6.7459,28.12,4.02,4.53,82.8,0.32
mogadishu,20160307,2.04,45.34,7.073,28.43,5.02,5.8,80.66,0.01
mogadishu,20160308,2.04,45.34,6.7577,28.19,6.04,6.95,79.7,0.0
mogadishu,20160309,2.04,45.34,7.1515,28.17,5.54,6.45,81.1,0.0
mogadishu,20160310,2.04,45.34,6.9466,28.14,6.0,7.04,86.21,0.0
mogadishu,20160311,2.04,45.34,6.7296,28.32,7.09,8.24,81.66,0.0
mogadishu,20160312,2.04,45.34,7.1923,28.13,6.07,6.93,80.11,0.0
mogadishu,20160313,2.04,45.34,7.351,28.0,6.1,6.98,81.79,0.0
mogadishu,20160314,2.04,45.34,7.1854,28.21,5.68,6.45,81.08,0.0
mogadishu,20160315,2.04,45.34,7.1659,28.52,5.74,6.56,77.25,0.0
mogadishu,20160316,2.04,45.34,6.9348,28.79,5.52,6.31,76.53,0.0
mogadishu,20160317,2.04,45.34,7.0884,28.6,5.38,6.17,80.26,0.15
mogadishu,20160318,2.04,45.34,7.5497,28.16,5.48,6.21,79.93,0.02
mogadishu,20160319,2.04,45.34,7.4971,27.87,5.8,6.57,80.86,0.01
mogadishu,20160320,2.04,45.34,7.47,28.11,7.4,8.48,79.61,0.02
mogadishu,20160321,2.04,45.34,7.0946,28.7,6.84,7.83,74.39,0.01
mogadishu,20160322,2.04,45.34,7.469,29.22,6.56,7.51,74.39,0.0
mogadishu,20160323,2.04,45.34,7.3169,28.98,6.93,7.87,78.05,0.0
mogadishu,20160324,2.04,45.34,6.9636,29.64,8.02,9.32,74.48,0.0
mogadishu,20160325,2.04,45.34,7.1273,29.7,8.64,10.08,70.36,0.0
mogadishu,20160326,2.04,45.34,7.1777,29.81,7.27,8.45,65.65,0.0
mogadishu,20160327,2.04,45.34,7.0824,29.42,7.03,8.08,70.62,0.0
mogadishu,20160328,2.04,45.34,7.3481,28.96,7.11,8.07,75.07,0.0
mogadishu,20160329,2.04,45.34,7.067,28.72,6.95,7.83,76.32,0.0
mogadishu,20160330,2.04,45.34,6.827,28.88,6.7,7.57,76.63,0.0
mogadishu,20160331,2.04,45.34,7.3337,29.12,7.62,8.7,72.31,0.0
mogadishu,20160401,2.04,45.34,7.2055,29.26,7.44,8.51,74.71,0.0
mogadishu,20160402,2.04,45.34,6.9698,29.45,7.03,8.04,75.41,0.0
mogadishu,20160403,2.04,45.34,6.703,29.61,6.17,7.06,72.85,0.0
mogadishu,20160404,2.04,45.34,6.7721,29.06,5.28,5.97,80.28,0.02
mogadishu,20160405,2.04,45.34,6.5993,28.86,5.06,5.7,80.43,0.0
mogadishu,20160406,2.04,45.34,6.8918,28.78,5.27,5.96,79.41,4.37
mogadishu,20160407,2.04,45.34,7.0944,28.76,4.63,5.25,77.28,0.78
mogadishu,20160408,2.04,45.34,7.164,28.7,4.35,4.89,77.71,1.26
mogadishu,20160409,2.04,45.34,6.6418,28.95,4.97,5.61,77.81,3.18
mogadishu,20160410,2.04,45.34,6.9814,29.42,4.56,5.19,73.23,5.16
mogadishu,20160411,2.04,45.34,6.8506,29.15,4.55,5.06,73.54,0.1
mogadishu,20160412,2.04,45.34,6.4044,28.84,4.49,5.08,74.75,0.12
mogadishu,20160413,2.04,45.34,7.2547,29.27,4.5,5.14,74.67,0.11
mogadishu,20160414,2.04,45.34,6.8285,29.4,4.27,4.78,75.85,0.04
mogadishu,20160415,2.04,45.34,6.4027,29.45,4.69,5.22,77.37,0.89
mogadishu,20160416,2.04,45.34,6.2227,29.03,4.5,5.11,77.8,3.93
mogadishu,20160417,2.04,45.34,6.4495,29.02,3.64,4.05,75.29,1.2
mogadishu,20160418,2.04,45.34,6.8366,28.95,3.14,3.44,75.5,1.49
mogadishu,20160419,2.04,45.34,6.3379,29.18,3.46,3.79,77.34,3.27
mogadishu,20160420,2.04,45.34,6.858,29.08,3.83,4.24,76.37,0.73
mogadishu,20160421,2.04,45.34,6.9029,28.8,3.96,4.46,74.15,0.71
mogadishu,20160422,2.04,45.34,6.2981,29.0,4.87,5.46,76.82,8.55
mogadishu,20160423,2.04,45.34,5.5406,28.59,4.18,4.82,80.14,19.96
mogadishu,20160424,2.04,45.34,5.7334,28.81,4.13,4.79,80.84,19.24
mogadishu,20160425,2.04,45.34,6.1378,29.07,4.73,5.48,76.55,11.61
mogadishu,20160426,2.04,45.34,6.1315,28.94,3.69,4.21,77.38,1.58
mogadishu,20160427,2.04,45.34,3.5688,28.67,3.71,4.27,80.2,13.48
mogadishu,20160428,2.04,45.34,5.8313,28.02,2.77,3.15,80.24,6.43
mogadishu,20160429,2.04,45.34,5.7782,28.42,2.17,2.42,79.01,2.84
mogadishu,20160430,2.04,45.34,5.699,28.22,3.3,3.71,82.0,4.09
mogadishu,20160501,2.04,45.34,6.7246,28.52,3.38,3.85,79.52,1.66
mogadishu,20160502,2.04,45.34,6.4344,28.94,4.91,5.59,80.79,1.38
mogadishu,20160503,2.04,45.34,3.121,28.11,5.1,5.92,80.13,11.64
mogadishu,20160504,2.04,45.34,5.676,28.57,4.68,5.39,78.42,1.65
mogadishu,20160505,2.04,45.34,6.1202,28.68,5.8,6.89,77.82,1.17
mogadishu,20160506,2.04,45.34,5.3534,28.51,5.49,6.45,81.41,1.61
mogadishu,20160507,2.04,45.34,5.8586,28.16,6.24,7.32,84.73,10.26
mogadishu,20160508,2.04,45.34,3.8702,27.16,5.63,6.62,84.76,5.63
mogadishu,20160509,2.04,45.34,5.789,28.17,5.98,7.01,81.74,5.99
mogadishu,20160510,2.04,45.34,5.0988,28.0,6.59,7.84,83.71,5.61
mogadishu,20160511,2.04,45.34,6.558,28.53,7.13,8.39,78.66,0.05
mogadishu,20160512,2.04,45.34,6.0163,28.59,8.0,9.42,78.77,0.05
mogadishu,20160513,2.04,45.34,5.7103,28.5,8.8,10.42,78.88,0.07
mogadishu,20160514,2.04,45.34,5.5474,28.32,8.1,9.58,81.53,0.08
mogadishu,20160515,2.04,45.34,6.0317,28.32,8.03,9.51,83.86,0.1
mogadishu,20160516,2.04,45.34,6.1884,28.51,8.64,10.26,81.27,0.0
mogadishu,20160517,2.04,45.34,6.1248,28.33,8.96,10.65,82.3,0.0
mogadishu,20160518,2.04,45.34,6.6979,28.25,8.6,10.14,74.8,0.0
mogadishu,20160519,2.04,45.34,4.6332,27.91,8.76,10.32,77.81,0.0
mogadishu,20160520,2.04,45.34,4.8317,27.7,8.84,10.34,77.93,0.0
mogadishu,20160521,2.04,45.34,5.2284,27.74,8.54,10.06,78.45,0.07
mogadishu,20160522,2.04,45.34,5.0854,27.73,8.51,9.95,76.88,0.04
mogadishu,20160523,2.04,45.34,5.3834,27.51,8.62,10.07,77.29,0.06
mogadishu,20160524,2.04,45.34,5.3926,27.34,8.91,10.41,74.97,0.04
mogadishu,20160525,2.04,45.34,6.197,27.39,8.64,10.12,74.9,0.01
mogadishu,20160526,2.04,45.34,6.4831,27.43,8.36,9.83,78.03,0.0
mogadishu,20160527,2.04,45.34,6.4951,27.58,7.35,8.63,75.81,0.0
mogadishu,20160528,2.04,45.34,6.3761,27.34,7.11,8.34,77.23,0.0
mogadishu,20160529,2.04,45.34,6.1226,27.39,7.43,8.73,79.17,0.0
mogadishu,20160530,2.04,45.34,6.5028,27.35,8.15,9.58,77.35,0.0
mogadishu,20160531,2.04,45.34,6.4774,27.12,7.58,8.8,76.34,0.01
mogadishu,20160601,2.04,45.34,6.3396,27.17,7.59,8.82,77.82,0.0
mogadishu,20160602,2.04,45.34,6.5578,27.3,8.35,9.78,77.78,0.0
mogadishu,20160603,2.04,45.34,6.4867,27.52,8.83,10.35,76.91,0.0
mogadishu,20160604,2.04,45.34,6.3703,27.58,8.04,9.5,78.21,0.02
mogadishu,20160605,2.04,45.34,5.3107,27.48,6.94,8.26,82.46,0.4
mogadishu,20160606,2.04,45.34,5.8745,27.3,8.28,9.79,79.49,0.29
mogadishu,20160607,2.04,45.34,6.1862,27.16,8.67,10.2,76.28,0.29
mogadishu,20160608,2.04,45.34,5.5826,26.86,8.99,10.58,76.44,0.24
mogadishu,20160609,2.04,45.34,5.1953,26.81,8.67,10.2,76.97,0.42
mogadishu,20160610,2.04,45.34,4.7866,26.87,8.25,9.71,74.95,0.29
mogadishu,20160611,2.04,45.34,5.6304,26.83,7.54,8.81,76.34,0.08
mogadishu,20160612,2.04,45.34,5.8733,27.15,9.16,10.78,75.86,0.05
mogadishu,20160613,2.04,45.34,6.3984,27.38,9.46,11.18,73.48,0.06
mogadishu,20160614,2.04,45.34,6.462,27.25,9.04,10.7,79.31,0.19
mogadishu,20160615,2.04,45.34,5.6182,26.94,7.12,8.34,84.51,0.77
mogadishu,20160616,2.04,45.34,1.7575,26.99,7.82,9.2,82.22,0.94
mogadishu,20160617,2.04,45.34,5.7629,26.9,8.17,9.62,80.2,0.32
mogadishu,20160618,2.04,45.34,5.8649,26.7,8.17,9.55,81.42,0.35
mogadishu,20160619,2.04,45.34,5.7943,26.57,8.02,9.38,77.93,0.23
mogadishu,20160620,2.04,45.34,6.1747,26.25,7.69,8.93,78.74,0.03
mogadishu,20160621,2.04,45.34,4.9147,26.2,9.4,11.05,78.8,0.05
mogadishu,20160622,2.04,45.34,4.6942,26.22,9.39,11.11,80.73,0.18
mogadishu,20160623,2.04,45.34,5.2178,26.06,9.23,10.91,76.51,0.02
mogadishu,20160624,2.04,45.34,5.5046,25.95,8.62,10.18,79.53,0.06
mogadishu,20160625,2.04,45.34,4.7405,25.98,8.27,9.74,83.55,0.43
mogadishu,20160626,2.04,45.34,5.5858,25.72,8.38,9.77,81.18,0.19
mogadishu,20160627,2.04,45.34,5.6117,25.88,9.08,10.65,77.93,0.06
mogadishu,20160628,2.04,45.34,5.6904,25.79,9.03,10.57,77.56,0.02
mogadishu,20160629,2.04,45.34,5.0681,25.85,8.72,10.23,81.22,0.15
mogadishu,20160630,2.04,45.34,4.4124,25.87,9.0,10.54,80.09,0.01
mogadishu,20160701,2.04,45.34,4.9198,25.86,8.87,10.46,82.98,0.01
mogadishu,20160702,2.04,45.34,5.3129,25.95,8.86,10.42,83.93,0.01
mogadishu,20160703,2.04,45.34,3.373,25.36,9.8,11.54,78.63,0.01
mogadishu,20160704,2.04,45.34,3.1632,24.93,8.89,10.44,79.55,0.0
mogadishu,20160705,2.04,45.34,4.4426,24.62,8.99,10.52,78.86,0.0
mogadishu,20160706,2.04,45.34,3.5136,24.59,8.98,10.54,78.73,0.0
mogadishu,20160707,2.04,45.34,4.1827,24.89,8.87,10.41,80.49,0.0
mogadishu,20160708,2.04,45.34,4.4657,24.8,8.8,10.32,78.86,0.0
mogadishu,20160709,2.04,45.34,5.405,24.86,9.2,10.77,78.49,0.0
mogadishu,20160710,2.04,45.34,3.9115,24.68,9.24,10.81,76.72,0.01
mogadishu,20160711,2.04,45.34,3.1946,24.48,9.44,11.04,77.64,0.02
mogadishu,20160712,2.04,45.34,4.279,24.68,8.99,10.49,78.48,0.01
mogadishu,20160713,2.04,45.34,4.1597,24.74,9.09,10.61,78.03,0.01
mogadishu,20160714,2.04,45.34,6.006,24.83,8.96,10.44,80.12,0.01
mogadishu,20160715,2.04,45.34,5.9693,24.77,8.48,9.87,79.93,0.0
mogadishu,20160716,2.04,45.34,5.1418,24.75,8.57,9.97,79.63,0.0
mogadishu,20160717,2.04,45.34,6.0341,24.8,8.85,10.35,77.22,0.0
mogadishu,20160718,2.04,45.34,4.7237,24.56,8.8,10.3,79.79,0.0
mogadishu,20160719,2.04,45.34,5.0054,24.49,8.18,9.53,78.27,0.0
mogadishu,20160720,2.04,45.34,5.3904,24.72,7.56,8.79,80.88,0.14
mogadishu,20160721,2.04,45.34,3.7699,24.79,7.97,9.37,85.44,1.05
mogadishu,20160722,2.04,45.34,5.8502,24.87,7.37,8.6,81.29,0.59
mogadishu,20160723,2.04,45.34,5.8685,25.09,8.25,9.7,80.81,0.49
mogadishu,20160724,2.04,45.34,5.6794,24.98,7.34,8.57,82.7,0.94
mogadishu,20160725,2.04,45.34,6.1889,24.96,7.58,8.8,80.75,0.17
mogadishu,20160726,2.04,45.34,6.1642,24.64,8.21,9.57,81.02,0.14
mogadishu,20160727,2.04,45.34,6.0286,24.52,7.77,9.02,76.09,0.34
mogadishu,20160728,2.04,45.34,4.9937,24.53,7.67,8.92,81.16,0.32
mogadishu,20160729,2.04,45.34,6.0269,24.67,7.61,8.81,79.72,0.26
mogadishu,20160730,2.04,45.34,6.5184,24.85,7.9,9.16,78.49,0.0
mogadishu,20160731,2.04,45.34,4.7902,25.19,7.83,9.15,78.74,0.0
mogadishu,20160801,2.04,45.34,5.6923,25.01,7.24,8.41,81.78,0.0
mogadishu,20160802,2.04,45.34,6.0499,24.94,7.86,9.12,81.4,0.0
mogadishu,20160803,2.04,45.34,5.1194,24.91,8.46,9.83,80.5,0.0
mogadishu,20160804,2.04,45.34,5.6988,25.06,7.91,9.19,80.5,0.03
mogadishu,20160805,2.04,45.34,4.369,25.0,7.5,8.72,83.92,0.06
mogadishu,20160806,2.04,45.34,5.0503,25.08,8.34,9.78,82.8,0.04
mogadishu,20160807,2.04,45.34,5.8097,24.95,7.97,9.24,82.98,0.05
mogadishu,20160808,2.04,45.34,6.6521,25.13,7.71,8.95,82.89,0.11
mogadishu,20160809,2.04,45.34,5.4358,25.14,8.86,10.33,80.24,0.15
mogadishu,20160810,2.04,45.34,4.8588,24.98,8.56,9.99,81.0,0.19
mogadishu,20160811,2.04,45.34,6.4618,24.87,7.94,9.22,79.93,0.03
mogadishu,20160812,2.04,45.34,5.6275,25.0,7.01,8.09,80.05,0.03
mogadishu,20160813,2.04,45.34,5.4115,25.25,7.08,8.2,83.72,0.18
mogadishu,20160814,2.04,45.34,5.3023,25.39,7.68,8.9,81.15,0.19
mogadishu,20160815,2.04,45.34,6.269,25.45,7.82,9.08,81.7,0.18
mogadishu,20160816,2.04,45.34,6.6043,25.59,8.23,9.61,81.83,0.11
mogadishu,20160817,2.04,45.34,6.245,25.67,8.03,9.39,83.05,0.42
mogadishu,20160818,2.04,45.34,5.5966,25.39,8.36,9.8,82.54,0.37
mogadishu,20160819,2.04,45.34,6.2597,25.38,8.7,10.19,78.8,0.0
mogadishu,20160820,2.04,45.34,5.9194,25.4,8.34,9.75,76.59,0.0
mogadishu,20160821,2.04,45.34,6.3341,25.38,7.88,9.14,79.27,0.0
mogadishu,20160822,2.04,45.34,5.9222,25.07,8.14,9.38,80.45,0.0
mogadishu,20160823,2.04,45.34,6.342,25.17,8.34,9.68,78.9,0.0
mogadishu,20160824,2.04,45.34,6.2455,25.25,8.69,10.12,75.64,0.0
mogadishu,20160825,2.04,45.34,5.689,25.26,9.08,10.61,74.73,0.0
mogadishu,20160826,2.04,45.34,6.7051,25.28,8.14,9.47,75.84,0.0
mogadishu,20160827,2.04,45.34,6.4613,25.37,8.64,10.09,80.17,0.0
mogadishu,20160828,2.04,45.34,5.9551,25.44,9.2,10.76,81.54,0.0
mogadishu,20160829,2.04,45.34,6.0653,25.31,8.97,10.44,78.37,0.17
mogadishu,20160830,2.04,45.34,6.3754,25.31,8.34,9.67,77.76,0.25
mogadishu,20160831,2.04,45.34,5.9779,25.46,9.27,10.85,79.55,0.17
mogadishu,20160901,2.04,45.34,6.0655,25.54,9.75,11.44,78.29,0.14
mogadishu,20160902,2.04,45.34,5.9825,25.35,8.48,9.83,75.21,0.07
mogadishu,20160903,2.04,45.34,5.7456,24.93,8.47,9.76,75.28,0.02
mogadishu,20160904,2.04,45.34,5.3683,24.86,7.7,8.86,76.4,0.01
mogadishu,20160905,2.04,45.34,5.6875,25.09,7.83,9.03,80.08,0.01
mogadishu,20160906,2.04,45.34,5.1391,24.99,6.74,7.68,82.44,0.01
mogadishu,20160907,2.04,45.34,6.3554,25.64,7.29,8.42,79.61,0.01
mogadishu,20160908,2.04,45.34,6.504,25.65,7.77,8.99,79.95,0.01
mogadishu,20160909,2.04,45.34,6.3595,25.73,7.13,8.24,81.44,0.0
mogadishu,20160910,2.04,45.34,5.7336,25.67,6.88,7.9,82.2,0.01
mogadishu,20160911,2.04,45.34,6.1754,25.58,7.95,9.19,79.34,0.0
mogadishu,20160912,2.04,45.34,5.9311,25.53,8.26,9.6,81.81,0.01
mogadishu,20160913,2.04,45.34,5.5882,25.28,7.81,9.06,76.57,0.0
mogadishu,20160914,2.04,45.34,5.9842,25.24,6.78,7.83,80.36,0.0
mogadishu,20160915,2.04,45.34,6.9055,25.24,7.17,8.28,78.14,0.0
mogadishu,20160916,2.04,45.34,6.8004,25.25,7.54,8.71,77.6,0.0
mogadishu,20160917,2.04,45.34,6.9581,25.01,7.73,8.83,80.86,0.0
mogadishu,20160918,2.04,45.34,5.1768,25.43,8.26,9.54,78.73,0.0
mogadishu,20160919,2.04,45.34,5.226,25.2,8.29,9.56,77.43,0.0
mogadishu,20160920,2.04,45.34,5.3441,25.28,7.87,9.05,77.22,0.0
mogadishu,20160921,2.04,45.34,6.8834,25.24,7.63,8.75,77.03,0.0
mogadishu,20160922,2.04,45.34,6.7562,25.9,7.56,8.73,80.55,0.0
mogadishu,20160923,2.04,45.34,5.37,25.74,7.36,8.47,82.45,0.0
mogadishu,20160924,2.04,45.34,5.8416,25.85,7.48,8.65,78.35,0.0
mogadishu,20160925,2.04,45.34,6.7308,25.89,6.88,7.95,77.31,0.0
mogadishu,20160926,2.04,45.34,6.4058,25.64,6.83,7.81,79.42,0.0
mogadishu,20160927,2.04,45.34,6.5474,25.71,6.0,6.84,78.91,0.0
mogadishu,20160928,2.04,45.34,6.4075,25.9,6.16,7.03,82.74,0.01
mogadishu,20160929,2.04,45.34,6.0946,26.26,6.95,8.05,79.75,0.02
mogadishu,20160930,2.04,45.34,6.3626,25.96,7.15,8.24,76.05,0.01
mogadishu,20161001,2.04,45.34,6.5491,25.79,6.87,7.9,75.24,0.0
mogadishu,20161002,2.04,45.34,6.9166,25.89,5.75,6.59,78.65,0.0
mogadishu,20161003,2.04,45.34,6.2813,26.34,5.06,5.77,78.86,0.0
mogadishu,20161004,2.04,45.34,5.2298,26.38,4.94,5.63,80.61,0.0
mogadishu,20161005,2.04,45.34,5.441,26.2,5.27,6.0,82.23,0.0
mogadishu,20161006,2.04,45.34,6.0782,26.2,5.03,5.68,81.9,0.0
mogadishu,20161007,2.04,45.34,5.7132,26.36,5.24,5.88,81.06,0.0
mogadishu,20161008,2.04,45.34,5.4955,26.71,5.68,6.56,78.2,0.0
mogadishu,20161009,2.04,45.34,6.4346,26.76,5.53,6.37,75.75,0.0
mogadishu,20161010,2.04,45.34,6.1932,26.73,6.5,7.5,77.67,0.0
mogadishu,20161011,2.04,45.34,6.3334,26.32,6.36,7.24,77.49,0.0
mogadishu,20161012,2.04,45.34,6.8796,26.07,6.55,7.44,82.05,0.0
mogadishu,20161013,2.04,45.34,5.9443,26.37,6.7,7.65,80.33,0.0
mogadishu,20161014,2.04,45.34,5.4564,26.45,6.78,7.75,79.4,0.0
mogadishu,20161015,2.04,45.34,5.6657,26.45,6.57,7.5,77.11,0.0
mogadishu,20161016,2.04,45.34,5.1902,26.16,5.14,5.79,79.79,0.0
mogadishu,20161017,2.04,45.34,5.9112,26.43,4.51,5.09,79.23,0.0
mogadishu,20161018,2.04,45.34,5.2277,26.42,5.66,6.42,82.6,0.01
mogadishu,20161019,2.04,45.34,5.5277,26.34,5.91,6.7,80.44,0.0
mogadishu,20161020,2.04,45.34,5.0462,25.98,7.0,8.01,78.34,0.0
mogadishu,20161021,2.04,45.34,6.041,26.13,7.01,8.07,80.44,0.0
mogadishu,20161022,2.04,45.34,6.371,26.27,6.64,7.62,78.97,0.0
mogadishu,20161023,2.04,45.34,5.4631,26.25,5.97,6.83,80.11,0.01
mogadishu,20161024,2.04,45.34,5.7158,26.18,5.16,5.88,81.98,0.01
mogadishu,20161025,2.04,45.34,5.9174,26.42,4.78,5.48,79.96,0.01
mogadishu,20161026,2.04,45.34,5.9302,26.91,5.06,5.81,74.21,0.01
mogadishu,20161027,2.04,45.34,6.2076,26.81,4.4,5.04,73.95,0.01
mogadishu,20161028,2.04,45.34,6.0283,26.37,4.08,4.6,79.0,0.0
mogadishu,20161029,2.04,45.34,6.7661,26.21,4.13,4.63,79.64,0.0
mogadishu,20161030,2.04,45.34,5.9066,26.34,4.06,4.54,78.85,0.02
mogadishu,20161031,2.04,45.34,5.7134,26.39,4.49,5.05,80.73,0.03
mogadishu,20161101,2.04,45.34,6.4711,26.57,5.74,6.5,78.94,0.0
mogadishu,20161102,2.04,45.34,5.9746,26.42,6.06,6.87,79.84,0.02
mogadishu,20161103,2.04,45.34,5.689,26.45,5.52,6.22,78.83,0.03
mogadishu,20161104,2.04,45.34,6.0084,26.67,4.77,5.41,76.93,0.05
mogadishu,20161105,2.04,45.34,5.658,27.05,4.36,4.91,76.41,0.06
mogadishu,20161106,2.04,45.34,5.88,26.96,5.0,5.68,78.32,0.1
mogadishu,20161107,2.04,45.34,5.0928,27.13,4.75,5.4,76.02,0.06
mogadishu,20161108,2.04,45.34,5.3093,27.07,4.23,4.75,75.33,0.05
mogadishu,20161109,2.04,45.34,6.2714,27.12,3.5,3.86,74.99,0.05
mogadishu,20161110,2.04,45.34,6.8957,27.54,6.14,7.11,70.65,0.01
mogadishu,20161111,2.04,45.34,6.3672,27.18,7.33,8.52,75.75,0.0
mogadishu,20161112,2.04,45.34,6.2052,27.59,7.19,8.38,75.36,0.01
mogadishu,20161113,2.04,45.34,5.5198,27.58,7.59,8.83,77.13,0.06
mogadishu,20161114,2.04,45.34,4.6999,27.3,5.57,6.37,80.21,0.1
mogadishu,20161115,2.04,45.34,4.2019,27.75,5.88,6.84,77.82,0.1
mogadishu,20161116,2.04,45.34,5.712,27.36,5.39,6.13,80.9,0.08
mogadishu,20161117,2.04,45.34,4.6087,27.52,5.29,6.1,82.33,0.04
mogadishu,20161118,2.04,45.34,5.4077,27.53,5.96,6.81,81.46,0.03
mogadishu,20161119,2.04,45.34,5.7286,27.12,5.61,6.37,83.72,0.02
mogadishu,20161120,2.04,45.34,5.1562,27.53,5.45,6.18,80.98,0.01
mogadishu,20161121,2.04,45.34,4.7196,27.19,4.97,5.55,83.16,0.03
mogadishu,20161122,2.04,45.34,4.0906,27.36,4.53,5.04,81.11,0.08
mogadishu,20161123,2.04,45.34,5.6402,27.43,3.78,4.17,79.64,0.08
mogadishu,20161124,2.04,45.34,6.0206,27.64,4.33,4.83,78.54,0.03
mogadishu,20161125,2.04,45.34,6.1663,28.02,4.15,4.65,75.46,0.01
mogadishu,20161126,2.04,45.34,6.0775,28.26,4.24,4.75,72.94,0.02
mogadishu,20161127,2.04,45.34,6.0005,27.9,5.94,6.72,76.61,0.57
mogadishu,20161128,2.04,45.34,5.4298,27.67,6.52,7.41,77.19,1.27
mogadishu,20161129,2.04,45.34,5.741,27.45,6.25,7.15,77.92,0.91
mogadishu,20161130,2.04,45.34,5.7091,27.57,5.69,6.48,79.38,2.9
mogadishu,20161201,2.04,45.34,5.0921,27.38,5.54,6.4,81.59,4.77
mogadishu,20161202,2.04,45.34,5.7247,27.61,6.16,7.02,79.51,0.01
mogadishu,20161203,2.04,45.34,6.0636,27.58,6.85,7.81,79.01,0.02
mogadishu,20161204,2.04,45.34,6.6535,27.32,6.78,7.77,73.31,0.0
mogadishu,20161205,2.04,45.34,6.4241,27.48,6.34,7.3,70.38,0.0
mogadishu,20161206,2.04,45.34,6.1337,27.45,6.05,6.98,73.18,0.0
mogadishu,20161207,2.04,45.34,5.9717,27.34,6.34,7.26,75.39,0.0
mogadishu,20161208,2.04,45.34,5.9664,27.39,5.62,6.4,76.79,0.0
mogadishu,20161209,2.04,45.34,5.6062,27.35,5.02,5.65,78.24,0.01
mogadishu,20161210,2.04,45.34,4.926,27.45,6.04,6.85,78.93,0.04
mogadishu,20161211,2.04,45.34,5.5975,27.72,7.25,8.35,78.02,0.04
mogadishu,20161212,2.04,45.34,5.8802,27.46,8.31,9.59,75.49,0.0
mogadishu,20161213,2.04,45.34,5.987,27.36,8.26,9.53,75.12,0.0
mogadishu,20161214,2.04,45.34,5.8949,27.13,6.47,7.39,76.97,0.0
mogadishu,20161215,2.04,45.34,6.565,27.21,5.7,6.51,74.79,0.0
mogadishu,20161216,2.04,45.34,6.5162,27.15,6.64,7.6,75.93,0.0
mogadishu,20161217,2.04,45.34,6.4411,27.28,8.21,9.52,76.06,0.0
mogadishu,20161218,2.04,45.34,6.3504,27.27,7.76,8.99,74.94,0.0
mogadishu,20161219,2.04,45.34,5.8874,27.25,6.76,7.79,79.38,0.0
mogadishu,20161220,2.04,45.34,5.7079,27.15,8.44,9.73,79.03,0.01
mogadishu,20161221,2.04,45.34,6.0235,27.06,8.44,9.72,78.8,0.0
mogadishu,20161222,2.04,45.34,6.3394,27.21,8.07,9.36,78.68,0.0
mogadishu,20161223,2.04,45.34,5.9515,27.17,7.73,8.95,78.49,0.0
mogadishu,20161224,2.04,45.34,5.6832,27.54,7.96,9.38,80.52,0.04
mogadishu,20161225,2.04,45.34,5.2284,27.07,8.04,9.35,77.09,0.01
mogadishu,20161226,2.04,45.34,6.5777,26.91,7.79,9.07,70.53,0.0
mogadishu,20161227,2.04,45.34,6.5393,26.83,7.48,8.68,71.49,0.0
mogadishu,20161228,2.04,45.34,6.33,27.1,8.06,9.42,74.11,0.0
mogadishu,20161229,2.04,45.34,6.1788,26.97,7.76,9.08,75.31,0.0
mogadishu,20161230,2.04,45.34,6.1298,27.04,8.06,9.45,75.28,0.0
mogadishu,20161231,2.04,45.34,6.3833,26.81,8.2,9.51,76.36,0.0
mogadishu,20170101,2.04,45.34,6.4812,26.8,7.57,8.75,75.69,0.0
mogadishu,20170102,2.04,45.34,6.4505,26.95,7.69,8.92,77.48,0.0
mogadishu,20170103,2.04,45.34,6.1704,26.95,7.65,8.86,78.19,0.0
mogadishu,20170104,2.04,45.34,6.6564,26.85,7.49,8.62,74.93,0.0
mogadishu,20170105,2.04,45.34,6.7548,26.86,8.13,9.41,74.62,0.0
mogadishu,20170106,2.04,45.34,6.8508,26.87,8.67,10.07,70.55,0.0
mogadishu,20170107,2.04,45.34,6.7387,26.94,8.95,10.45,68.21,0.0
mogadishu,20170108,2.04,45.34,6.7733,26.74,8.96,10.41,69.34,0.0
mogadishu,20170109,2.04,45.34,6.8798,26.5,9.59,11.15,70.54,0.0
mogadishu,20170110,2.04,45.34,6.7514,26.29,8.8,10.19,68.01,0.0
mogadishu,20170111,2.04,45.34,6.1289,26.54,8.97,10.46,72.07,0.0
mogadishu,20170112,2.04,45.34,6.8419,26.59,8.25,9.68,69.01,0.0
mogadishu,20170113,2.04,45.34,6.7337,26.53,7.66,8.92,71.97,0.0
mogadishu,20170114,2.04,45.34,6.822,26.6,8.29,9.65,69.66,0.0
mogadishu,20170115,2.04,45.34,7.0051,26.43,9.3,10.84,70.35,0.0
mogadishu,20170116,2.04,45.34,6.4692,26.31,8.0,9.28,75.84,0.0
mogadishu,20170117,2.04,45.34,6.523,26.4,7.17,8.29,77.36,0.0
mogadishu,20170118,2.04,45.34,6.3962,26.55,8.23,9.57,76.32,0.0
mogadishu,20170119,2.04,45.34,6.9074,26.45,8.81,10.26,72.83,0.0
mogadishu,20170120,2.04,45.34,6.9434,26.25,8.6,9.96,72.24,0.0
mogadishu,20170121,2.04,45.34,6.9482,26.37,8.4,9.75,73.41,0.0
mogadishu,20170122,2.04,45.34,6.7608,26.25,7.77,8.99,76.82,0.0
mogadishu,20170123,2.04,45.34,6.7639,26.23,7.31,8.47,76.85,0.0
mogadishu,20170124,2.04,45.34,6.9485,26.07,7.16,8.24,78.16,0.0
mogadishu,20170125,2.04,45.34,6.9401,26.34,8.13,9.44,76.84,0.0
mogadishu,20170126,2.04,45.34,6.7308,26.83,8.18,9.65,79.65,0.0
mogadishu,20170127,2.04,45.34,5.7626,26.86,8.36,9.83,80.67,0.0
mogadishu,20170128,2.04,45.34,6.1433,26.76,7.99,9.28,80.89,0.0
mogadishu,20170129,2.04,45.34,6.1442,26.65,7.83,9.06,80.41,0.0
mogadishu,20170130,2.04,45.34,5.9947,26.65,8.27,9.59,78.59,0.0
mogadishu,20170131,2.04,45.34,5.8106,26.56,9.05,10.53,78.24,0.0
mogadishu,20170201,2.04,45.34,6.4094,26.09,8.02,9.28,77.87,0.0
mogadishu,20170202,2.04,45.34,7.1573,26.26,7.09,8.16,82.16,0.0
mogadishu,20170203,2.04,45.34,6.8676,26.76,7.25,8.44,82.07,0.0
mogadishu,20170204,2.04,45.34,6.9413,27.19,9.32,11.05,80.49,0.0
mogadishu,20170205,2.04,45.34,6.2088,26.98,9.89,11.62,77.43,0.0
mogadishu,20170206,2.04,45.34,6.6434,26.79,9.44,11.02,75.28,0.0
mogadishu,20170207,2.04,45.34,7.0325,26.64,9.46,11.02,75.82,0.0
mogadishu,20170208,2.04,45.34,7.1402,26.63,9.9,11.57,73.27,0.0
mogadishu,20170209,2.04,45.34,7.223,26.68,8.34,9.72,76.29,0.0
mogadishu,20170210,2.04,45.34,7.1762,26.83,7.34,8.51,79.89,0.0
mogadishu,20170211,2.04,45.34,6.9888,26.84,6.89,7.93,81.49,0.0
mogadishu,20170212,2.04,45.34,6.7277,26.75,6.39,7.35,81.6,0.0
mogadishu,20170213,2.04,45.34,6.7505,26.88,6.47,7.47,80.05,0.0
mogadishu,20170214,2.04,45.34,6.6307,27.18,7.7,9.0,81.78,0.0
mogadishu,20170215,2.04,45.34,5.7394,27.07,8.15,9.53,81.74,0.19
mogadishu,20170216,2.04,45.34,6.1961,26.96,7.69,8.92,79.59,0.03
mogadishu,20170217,2.04,45.34,6.9118,27.05,7.23,8.35,83.43,0.03
mogadishu,20170218,2.04,45.34,6.4807,27.1,6.66,7.67,80.37,0.04
mogadishu,20170219,2.04,45.34,6.9384,27.22,9.69,11.38,77.74,0.05
mogadishu,20170220,2.04,45.34,7.2854,26.85,10.48,12.27,71.63,0.0
mogadishu,20170221,2.04,45.34,6.6871,26.92,8.47,9.83,76.6,0.0
mogadishu,20170222,2.04,45.34,6.7961,26.95,7.81,9.07,78.09,0.0
mogadishu,20170223,2.04,45.34,7.0265,27.02,7.79,9.0,78.51,0.0
mogadishu,20170224,2.04,45.34,6.8832,27.17,7.7,8.89,77.46,0.0
mogadishu,20170225,2.04,45.34,6.8542,27.2,7.83,9.06,77.32,0.0
mogadishu,20170226,2.04,45.34,7.2922,26.91,7.56,8.66,78.22,0.0
mogadishu,20170227,2.04,45.34,7.4225,27.27,7.99,9.2,76.62,0.0
mogadishu,20170228,2.04,45.34,7.4165,27.66,8.56,9.95,72.17,0.0
mogadishu,20170301,2.04,45.34,7.3843,27.42,8.04,9.27,72.91,0.0
mogadishu,20170302,2.04,45.34,7.1647,27.2,6.99,8.01,77.87,0.0
mogadishu,20170303,2.04,45.34,7.1693,27.21,6.59,7.49,79.44,0.0
mogadishu,20170304,2.04,45.34,7.2163,27.01,6.83,7.73,78.26,0.0
mogadishu,20170305,2.04,45.34,7.4959,27.25,6.96,7.89,75.43,0.0
mogadishu,20170306,2.04,45.34,7.5154,27.4,7.61,8.72,75.77,0.0
mogadishu,20170307,2.04,45.34,7.4993,27.33,7.64,8.78,77.05,0.0
mogadishu,20170308,2.04,45.34,7.5446,27.54,8.03,9.26,76.62,0.0
mogadishu,20170309,2.04,45.34,7.4626,27.78,7.93,9.15,79.33,0.0
mogadishu,20170310,2.04,45.34,7.0327,27.97,7.31,8.41,78.89,0.0
mogadishu,20170311,2.04,45.34,7.2322,27.77,8.14,9.36,76.81,0.0
mogadishu,20170312,2.04,45.34,7.3157,27.69,7.46,8.54,73.98,0.0
mogadishu,20170313,2.04,45.34,7.2761,27.62,8.03,9.2,77.11,0.0
mogadishu,20170314,2.04,45.34,7.3759,27.7,7.4,8.41,76.9,0.0
mogadishu,20170315,2.04,45.34,6.7601,27.54,6.58,7.44,76.76,0.0
mogadishu,20170316,2.04,45.34,7.3327,27.37,5.97,6.78,75.59,0.0
mogadishu,20170317,2.04,45.34,7.1786,27.66,5.86,6.71,74.84,0.0
mogadishu,20170318,2.04,45.34,7.481,27.77,6.26,7.18,75.71,0.0
mogadishu,20170319,2.04,45.34,7.3927,27.62,5.74,6.46,77.86,0.0
mogadishu,20170320,2.04,45.34,7.0464,27.85,5.36,5.96,75.05,0.0
mogadishu,20170321,2.04,45.34,7.1683,27.88,5.59,6.27,76.1,0.0
mogadishu,20170322,2.04,45.34,7.2576,27.68,6.0,6.73,79.35,0.01
mogadishu,20170323,2.04,45.34,7.2526,28.09,5.87,6.65,78.31,0.01
mogadishu,20170324,2.04,45.34,6.5194,28.04,5.83,6.67,81.68,0.02
mogadishu,20170325,2.04,45.34,6.7831,28.36,5.96,6.75,77.91,0.01
mogadishu,20170326,2.04,45.34,6.9943,28.35,6.02,6.82,73.0,0.0
mogadishu,20170327,2.04,45.34,7.3236,28.28,7.55,8.65,75.77,0.0
mogadishu,20170328,2.04,45.34,6.9804,28.17,7.17,8.18,78.21,0.0
mogadishu,20170329,2.04,45.34,7.1714,28.11,7.27,8.3,78.45,0.0
mogadishu,20170330,2.04,45.34,7.3147,28.2,6.88,7.85,74.66,0.0
mogadishu,20170331,2.04,45.34,6.7202,28.05,5.5,6.21,74.21,0.0
mogadishu,20170401,2.04,45.34,7.2523,28.16,5.01,5.65,71.27,0.0
mogadishu,20170402,2.04,45.34,7.2341,27.3,4.86,5.4,78.72,0.0
mogadishu,20170403,2.04,45.34,7.2485,27.85,5.03,5.65,78.0,0.0
mogadishu,20170404,2.04,45.34,7.0498,28.38,4.65,5.2,76.85,0.0
mogadishu,20170405,2.04,45.34,6.6475,28.29,3.9,4.27,77.51,0.01
mogadishu,20170406,2.04,45.34,6.6062,28.17,4.3,4.75,77.83,0.03
mogadishu,20170407,2.04,45.34,6.5278,28.3,5.93,6.67,79.2,0.01
mogadishu,20170408,2.04,45.34,4.6769,28.71,5.82,6.6,77.93,0.09
mogadishu,20170409,2.04,45.34,5.8469,28.59,5.87,6.66,78.5,0.09
mogadishu,20170410,2.04,45.34,6.9466,28.52,5.36,6.02,77.0,0.04
mogadishu,20170411,2.04,45.34,6.9324,28.45,4.98,5.59,75.05,0.01
mogadishu,20170412,2.04,45.34,7.0932,28.23,4.96,5.55,75.69,0.0
mogadishu,20170413,2.04,45.34,7.2079,28.22,4.38,4.87,75.31,0.0
mogadishu,20170414,2.04,45.34,7.1282,28.37,4.5,4.99,77.22,0.0
mogadishu,20170415,2.04,45.34,6.9252,28.54,4.54,5.02,79.08,0.01
mogadishu,20170416,2.04,45.34,6.5806,28.94,4.74,5.34,78.78,1.81
mogadishu,20170417,2.04,45.34,6.6864,28.73,4.54,5.11,79.41,1.09
mogadishu,20170418,2.04,45.34,6.5242,28.48,4.31,4.8,78.44,0.45
mogadishu,20170419,2.04,45.34,7.0704,28.33,4.83,5.46,78.12,0.39
mogadishu,20170420,2.04,45.34,7.0826,28.43,4.67,5.19,76.97,0.11
mogadishu,20170421,2.04,45.34,7.0414,28.62,4.52,5.05,77.7,0.09
mogadishu,20170422,2.04,45.34,6.9094,29.21,4.37,4.89,74.03,0.11
mogadishu,20170423,2.04,45.34,6.6754,28.99,4.54,5.08,76.62,0.05
mogadishu,20170424,2.04,45.34,7.0267,29.05,5.47,6.2,78.61,0.08
mogadishu,20170425,2.04,45.34,6.6091,29.4,6.14,7.01,76.7,0.18
mogadishu,20170426,2.04,45.34,6.8134,29.33,6.62,7.52,75.23,0.03
mogadishu,20170427,2.04,45.34,6.1752,29.43,7.25,8.28,76.2,0.09
mogadishu,20170428,2.04,45.34,5.1718,28.96,5.93,6.7,79.02,0.32
mogadishu,20170429,2.04,45.34,5.0258,28.95,5.16,5.87,75.61,0.84
mogadishu,20170430,2.04,45.34,4.9898,28.88,4.65,5.21,72.8,0.24
mogadishu,20170501,2.04,45.34,5.7367,28.31,5.6,6.29,77.49,0.2
mogadishu,20170502,2.04,45.34,4.6402,27.76,3.22,3.6,80.39,0.38
mogadishu,20170503,2.04,45.34,6.2933,27.95,3.46,3.84,78.54,0.07
mogadishu,20170504,2.04,45.34,6.6367,28.42,3.49,3.87,75.31,0.06
mogadishu,20170505,2.04,45.34,6.3199,28.69,4.24,4.72,77.58,0.02
mogadishu,20170506,2.04,45.34,6.0233,28.65,3.82,4.25,76.02,0.01
mogadishu,20170507,2.04,45.34,6.1423,28.5,3.3,3.59,77.41,0.04
mogadishu,20170508,2.04,45.34,5.9201,28.69,3.78,4.17,76.39,0.03
mogadishu,20170509,2.04,45.34,6.0106,28.55,4.38,4.89,78.97,0.02
mogadishu,20170510,2.04,45.34,6.6533,28.66,5.03,5.62,78.71,0.01
mogadishu,20170511,2.04,45.34,6.7368,28.66,5.32,5.96,80.1,0.03
mogadishu,20170512,2.04,45.34,6.4452,28.74,6.48,7.37,79.58,0.06
mogadishu,20170513,2.04,45.34,6.3996,28.52,6.1,6.92,79.38,0.04
mogadishu,20170514,2.04,45.34,6.3979,28.74,6.68,7.57,77.07,0.09
mogadishu,20170515,2.04,45.34,6.4591,28.41,5.3,6.02,78.96,0.07
mogadishu,20170516,2.04,45.34,6.3312,28.58,6.25,7.05,78.74,0.11
mogadishu,20170517,2.04,45.34,6.1874,28.63,6.06,6.86,78.1,0.01
mogadishu,20170518,2.04,45.34,5.5058,28.47,6.48,7.36,79.59,0.14
mogadishu,20170519,2.04,45.34,6.1795,28.56,7.35,8.44,78.21,0.14
mogadishu,20170520,2.04,45.34,6.0146,28.43,7.51,8.58,75.51,0.01
mogadishu,20170521,2.04,45.34,5.7984,28.41,7.72,8.9,81.93,0.56
mogadishu,20170522,2.04,45.34,5.7859,28.19,7.62,8.79,79.29,0.75
mogadishu,20170523,2.04,45.34,6.5599,27.86,8.03,9.22,75.23,0.03
mogadishu,20170524,2.04,45.34,6.5172,27.58,7.83,9.01,77.05,0.04
mogadishu,20170525,2.04,45.34,5.5378,27.4,7.83,9.06,79.34,0.16
mogadishu,20170526,2.04,45.34,6.4298,27.75,7.53,8.86,79.2,0.0
mogadishu,20170527,2.04,45.34,6.2323,27.77,6.53,7.65,82.38,0.02
mogadishu,20170528,2.04,45.34,5.9071,27.6,6.91,8.04,83.93,0.02
mogadishu,20170529,2.04,45.34,6.1459,27.69,7.54,8.81,80.16,0.01
mogadishu,20170530,2.04,45.34,5.3126,27.47,7.53,8.77,80.25,0.01
mogadishu,20170531,2.04,45.34,6.2232,27.73,8.16,9.59,79.07,0.07
mogadishu,20170601,2.04,45.34,5.1629,27.47,7.08,8.2,79.16,0.11
mogadishu,20170602,2.04,45.34,6.204,27.31,8.28,9.65,80.74,0.09
mogadishu,20170603,2.04,45.34,5.5778,27.18,8.43,9.87,77.37,0.07
mogadishu,20170604,2.04,45.34,6.2767,26.92,8.09,9.37,77.71,0.01
mogadishu,20170605,2.04,45.34,5.6762,27.1,8.33,9.66,78.0,0.0
mogadishu,20170606,2.04,45.34,5.6023,27.0,8.83,10.28,79.05,0.0
mogadishu,20170607,2.04,45.34,5.3887,26.96,8.8,10.26,75.68,0.0
mogadishu,20170608,2.04,45.34,5.3914,26.93,8.15,9.44,77.03,0.0
mogadishu,20170609,2.04,45.34,5.8714,26.88,8.58,9.95,77.23,0.0
mogadishu,20170610,2.04,45.34,6.1457,27.08,8.47,9.88,76.53,0.28
mogadishu,20170611,2.04,45.34,5.8188,27.25,7.62,8.92,78.19,0.53
mogadishu,20170612,2.04,45.34,5.4218,27.15,6.05,7.02,82.45,0.32
mogadishu,20170613,2.04,45.34,5.5901,26.95,5.54,6.32,84.59,1.92
mogadishu,20170614,2.04,45.34,5.6054,27.27,5.67,6.52,81.41,0.18
mogadishu,20170615,2.04,45.34,5.2258,27.37,6.07,6.98,83.91,0.23
mogadishu,20170616,2.04,45.34,4.9452,27.08,6.94,8.04,85.82,0.96
mogadishu,20170617,2.04,45.34,4.2341,27.25,7.74,9.03,82.19,0.21
mogadishu,20170618,2.04,45.34,5.8778,27.32,7.7,8.92,76.67,0.06
mogadishu,20170619,2.04,45.34,5.5505,27.28,6.94,8.06,75.4,0.02
mogadishu,20170620,2.04,45.34,6.4459,27.18,8.09,9.38,77.32,0.12
mogadishu,20170621,2.04,45.34,5.9983,27.07,7.98,9.31,80.35,0.56
mogadishu,20170622,2.04,45.34,6.0545,26.91,7.33,8.51,80.47,0.27
mogadishu,20170623,2.04,45.34,5.6671,26.72,6.82,7.88,82.47,0.38
mogadishu,20170624,2.04,45.34,6.1447,26.58,6.64,7.62,80.24,0.19
mogadishu,20170625,2.04,45.34,5.7619,26.64,7.93,9.15,79.0,0.01
mogadishu,20170626,2.04,45.34,6.0677,26.88,8.79,10.26,74.57,0.01
mogadishu,20170627,2.04,45.34,6.102,26.7,8.07,9.4,73.83,0.01
mogadishu,20170628,2.04,45.34,5.6467,26.37,7.3,8.39,77.52,0.01
mogadishu,20170629,2.04,45.34,5.4914,26.19,7.72,8.89,80.79,0.01
mogadishu,20170630,2.04,45.34,5.6016,26.75,9.79,11.52,78.47,0.0
mogadishu,20170701,2.04,45.34,4.3087,26.45,9.55,11.17,75.91,0.0
mogadishu,20170702,2.04,45.34,5.2469,26.21,8.96,10.41,74.63,0.0
mogadishu,20170703,2.04,45.34,4.1695,26.31,8.56,9.96,76.55,0.0
mogadishu,20170704,2.04,45.34,3.6281,26.43,8.35,9.71,78.31,0.0
mogadishu,20170705,2.04,45.34,5.3738,26.53,8.5,9.9,75.97,0.01
mogadishu,20170706,2.04,45.34,4.248,26.38,8.73,10.19,77.21,0.04
mogadishu,20170707,2.04,45.34,5.7437,26.43,9.44,11.12,76.82,0.01
mogadishu,20170708,2.04,45.34,6.0982,26.5,9.78,11.54,75.6,0.01
mogadishu,20170709,2.04,45.34,5.3837,26.18,9.21,10.74,74.37,0.02
mogadishu,20170710,2.04,45.34,4.5379,25.93,8.95,10.41,75.25,0.0
mogadishu,20170711,2.04,45.34,4.7681,25.84,8.37,9.7,75.39,0.0
mogadishu,20170712,2.04,45.34,4.2893,25.82,9.09,10.64,77.36,0.0
mogadishu,20170713,2.04,45.34,4.1981,25.69,9.01,10.53,79.34,0.0
mogadishu,20170714,2.04,45.34,4.6061,25.73,9.27,10.85,77.05,0.0
mogadishu,20170715,2.04,45.34,5.2764,25.88,8.74,10.24,80.7,0.0
mogadishu,20170716,2.04,45.34,4.657,25.96,7.84,9.18,84.24,0.0
mogadishu,20170717,2.04,45.34,5.076,26.13,8.32,9.88,86.98,0.02
mogadishu,20170718,2.04,45.34,5.2702,26.12,7.96,9.42,86.88,0.02
mogadishu,20170719,2.04,45.34,4.849,26.08,8.86,10.47,84.05,0.02
mogadishu,20170720,2.04,45.34,5.784,25.83,8.94,10.51,78.68,0.0
mogadishu,20170721,2.04,45.34,5.7355,25.94,8.43,9.83,75.8,0.0
mogadishu,20170722,2.04,45.34,4.0471,25.88,8.38,9.78,80.78,0.0
mogadishu,20170723,2.04,45.34,3.8578,25.79,8.72,10.21,80.73,0.0
mogadishu,20170724,2.04,45.34,5.2406,25.61,8.4,9.84,79.24,0.0
mogadishu,20170725,2.04,45.34,5.2442,25.54,8.69,10.25,82.69,0.0
mogadishu,20170726,2.04,45.34,5.4614,25.81,8.61,10.17,79.01,0.0
mogadishu,20170727,2.04,45.34,4.7122,25.73,8.3,9.74,82.28,0.0
mogadishu,20170728,2.04,45.34,5.3714,26.02,8.4,9.91,81.21,0.0
mogadishu,20170729,2.04,45.34,5.6045,25.95,8.65,10.18,81.4,0.0
mogadishu,20170730,2.04,45.34,5.723,25.81,7.76,9.07,80.76,0.09
mogadishu,20170731,2.04,45.34,5.7142,25.94,6.97,8.13,82.53,0.17
mogadishu,20170801,2.04,45.34,5.1084,26.1,7.84,9.12,81.38,0.35
mogadishu,20170802,2.04,45.34,6.1214,26.04,8.19,9.58,79.29,0.17
mogadishu,20170803,2.04,45.34,6.3732,26.09,7.91,9.19,77.69,0.1
mogadishu,20170804,2.04,45.34,6.6749,26.14,8.15,9.45,77.29,0.0
mogadishu,20170805,2.04,45.34,6.8674,26.3,8.76,10.19,76.62,0.0
mogadishu,20170806,2.04,45.34,5.9592,26.2,9.19,10.71,75.5,0.0
mogadishu,20170807,2.04,45.34,5.2625,26.12,9.24,10.79,78.24,0.0
mogadishu,20170808,2.04,45.34,4.4105,25.93,9.27,10.8,77.61,0.0
mogadishu,20170809,2.04,45.34,4.9298,25.77,9.49,11.12,76.0,1.11
mogadishu,20170810,2.04,45.34,5.983,25.74,9.29,10.89,78.05,2.4
mogadishu,20170811,2.04,45.34,5.2692,25.94,9.26,10.94,80.39,2.87
mogadishu,20170812,2.04,45.34,5.7775,25.92,8.94,10.56,82.02,2.99
mogadishu,20170813,2.04,45.34,6.0979,25.98,7.68,9.02,83.22,3.04
mogadishu,20170814,2.04,45.34,5.3364,26.09,7.42,8.68,83.58,0.04
mogadishu,20170815,2.04,45.34,5.0544,26.58,7.78,9.01,78.34,0.02
mogadishu,20170816,2.04,45.34,6.1277,26.82,6.73,7.75,77.31,0.0
mogadishu,20170817,2.04,45.34,7.0178,26.59,6.78,7.88,80.54,0.0
mogadishu,20170818,2.04,45.34,6.1778,26.59,7.16,8.4,85.0,0.01
mogadishu,20170819,2.04,45.34,6.1553,26.25,7.71,9.09,84.3,0.22
mogadishu,20170820,2.04,45.34,6.0564,26.19,8.35,9.77,79.65,0.15
mogadishu,20170821,2.04,45.34,6.6689,26.16,9.33,10.91,77.79,0.06
mogadishu,20170822,2.04,45.34,5.3623,26.22,9.53,11.2,80.18,0.11
mogadishu,20170823,2.04,45.34,5.9882,26.25,8.7,10.21,79.14,0.06
mogadishu,20170824,2.04,45.34,5.7878,26.4,6.73,7.82,80.88,0.0
mogadishu,20170825,2.04,45.34,6.5844,26.44,7.19,8.38,77.22,0.0
mogadishu,20170826,2.04,45.34,5.2346,26.37,7.86,9.18,83.94,0.0
mogadishu,20170827,2.04,45.34,4.9022,26.29,8.85,10.36,79.5,0.01
mogadishu,20170828,2.04,45.34,6.6607,26.17,9.06,10.58,74.89,0.0
mogadishu,20170829,2.04,45.34,5.7398,25.95,9.09,10.62,76.86,0.0
mogadishu,20170830,2.04,45.34,5.9489,25.94,8.66,10.08,77.54,0.0
mogadishu,20170831,2.04,45.34,5.1521,25.94,8.13,9.47,80.97,0.0
mogadishu,20170901,2.04,45.34,4.7489,26.1,7.35,8.52,79.95,0.0
mogadishu,20170902,2.04,45.34,6.0074,25.84,7.15,8.23,81.6,0.0
mogadishu,20170903,2.04,45.34,5.4624,26.06,7.96,9.23,78.86,0.0
mogadishu,20170904,2.04,45.34,5.6354,26.12,8.07,9.37,78.67,0.0
mogadishu,20170905,2.04,45.34,6.0394,26.15,8.23,9.57,77.9,0.0
mogadishu,20170906,2.04,45.34,6.7774,26.25,8.51,9.97,80.16,0.0
mogadishu,20170907,2.04,45.34,6.1872,26.27,7.58,8.84,82.04,0.01
mogadishu,20170908,2.04,45.34,5.6189,26.26,8.01,9.32,78.29,0.0
mogadishu,20170909,2.04,45.34,6.4622,25.95,7.94,9.18,75.86,0.0
mogadishu,20170910,2.04,45.34,6.1745,25.85,8.26,9.6,77.48,0.0
mogadishu,20170911,2.04,45.34,6.7438,25.82,7.93,9.24,77.4,0.0
mogadishu,20170912,2.04,45.34,6.3139,26.07,7.96,9.33,80.61,0.0
mogadishu,20170913,2.04,45.34,6.0036,25.95,7.83,9.06,79.64,0.0
mogadishu,20170914,2.04,45.34,7.0217,26.29,7.58,8.8,80.0,0.0
mogadishu,20170915,2.04,45.34,6.6672,26.21,7.2,8.28,78.73,0.0
mogadishu,20170916,2.04,45.34,6.924,26.07,7.47,8.59,76.85,0.0
mogadishu,20170917,2.04,45.34,7.2211,26.09,6.81,7.8,77.38,0.0
mogadishu,20170918,2.04,45.34,7.1309,26.15,5.9,6.75,77.26,0.02
mogadishu,20170919,2.04,45.34,6.588,26.24,5.13,5.9,77.29,0.01
mogadishu,20170920,2.04,45.34,6.6046,26.32,5.6,6.43,83.05,0.1
mogadishu,20170921,2.04,45.34,4.7438,26.46,7.04,8.2,84.22,0.34
mogadishu,20170922,2.04,45.34,4.8218,26.37,7.2,8.35,79.74,0.18
mogadishu,20170923,2.04,45.34,6.3698,26.2,6.88,7.93,80.68,0.0
mogadishu,20170924,2.04,45.34,6.0449,26.34,6.59,7.66,79.22,0.0
mogadishu,20170925,2.04,45.34,6.5563,25.88,5.92,6.72,82.43,0.0
mogadishu,20170926,2.04,45.34,6.2071,26.02,6.5,7.43,81.22,0.0
mogadishu,20170927,2.04,45.34,6.1514,26.32,6.82,7.83,77.37,0.0
mogadishu,20170928,2.04,45.34,6.139,26.47,6.54,7.53,78.86,0.0
mogadishu,20170929,2.04,45.34,5.4612,26.6,7.43,8.61,80.28,0.01
mogadishu,20170930,2.04,45.34,5.9597,26.56,7.04,8.11,72.55,0.0
mogadishu,20171001,2.04,45.34,6.9108,26.2,6.31,7.23,79.5,0.0
mogadishu,20171002,2.04,45.34,6.4478,26.44,7.33,8.41,79.31,0.0
mogadishu,20171003,2.04,45.34,7.1237,26.56,7.06,8.1,77.5,0.0
mogadishu,20171004,2.04,45.34,7.3555,26.73,7.32,8.47,80.93,0.0
mogadishu,20171005,2.04,45.34,5.7444,26.79,7.17,8.34,84.04,0.0
mogadishu,20171006,2.04,45.34,6.8532,26.73,5.85,6.71,82.36,0.0
mogadishu,20171007,2.04,45.34,6.0478,26.83,6.16,7.08,82.71,0.0
mogadishu,20171008,2.04,45.34,5.4329,26.65,6.25,7.12,80.59,0.01
mogadishu,20171009,2.04,45.34,4.9303,26.46,5.63,6.37,80.19,0.01
mogadishu,20171010,2.04,45.34,5.4271,26.46,5.17,5.86,80.7,0.0
mogadishu,20171011,2.04,45.34,4.7395,26.56,5.31,6.04,78.56,0.07
mogadishu,20171012,2.04,45.34,5.5435,26.86,4.98,5.69,77.18,0.0
mogadishu,20171013,2.04,45.34,5.1643,27.01,5.92,6.79,77.45,0.0
mogadishu,20171014,2.04,45.34,6.2074,26.72,6.66,7.6,78.59,0.0
mogadishu,20171015,2.04,45.34,5.9647,26.7,6.28,7.2,80.95,0.0
mogadishu,20171016,2.04,45.34,6.2518,26.79,6.07,6.99,79.44,0.0
mogadishu,20171017,2.04,45.34,6.9091,26.81,5.29,6.07,78.5,0.0
mogadishu,20171018,2.04,45.34,6.7584,27.37,4.68,5.32,75.89,0.0
mogadishu,20171019,2.04,45.34,4.6303,27.13,4.33,4.84,83.34,0.03
mogadishu,20171020,2.04,45.34,4.3644,27.07,5.71,6.53,83.29,0.07
mogadishu,20171021,2.04,45.34,3.7949,26.92,6.1,6.97,80.37,0.11
mogadishu,20171022,2.04,45.34,6.517,27.0,6.84,7.9,78.89,0.0
mogadishu,20171023,2.04,45.34,6.4848,27.41,6.35,7.51,83.78,0.68
mogadishu,20171024,2.04,45.34,2.7358,27.09,5.39,6.24,84.96,15.61
mogadishu,20171025,2.04,45.34,6.4346,26.55,4.86,5.66,82.51,1.06
mogadishu,20171026,2.04,45.34,6.0101,26.9,5.25,6.05,78.34,0.02
mogadishu,20171027,2.04,45.34,6.5009,26.8,4.57,5.23,78.5,0.08
mogadishu,20171028,2.04,45.34,6.7711,26.84,4.76,5.44,79.19,0.09
mogadishu,20171029,2.04,45.34,6.3166,27.1,4.55,5.24,77.96,0.24
mogadishu,20171030,2.04,45.34,5.9335,27.32,3.36,3.87,76.71,0.42
mogadishu,20171031,2.04,45.34,6.2136,27.19,3.64,4.08,78.49,0.78
mogadishu,20171101,2.04,45.34,6.0571,26.92,3.28,3.7,81.33,2.43
mogadishu,20171102,2.04,45.34,6.0002,26.94,3.99,4.57,80.02,2.42
mogadishu,20171103,2.04,45.34,6.3276,27.24,4.26,4.88,80.62,1.31
mogadishu,20171104,2.04,45.34,5.203,27.14,3.49,4.02,81.11,6.23
mogadishu,20171105,2.04,45.34,5.5231,26.42,4.08,4.7,84.9,53.07
mogadishu,20171106,2.04,45.34,5.795,26.5,1.87,2.09,76.69,3.53
mogadishu,20171107,2.04,45.34,5.1626,27.2,2.96,3.38,78.53,0.29
mogadishu,20171108,2.04,45.34,5.6282,27.26,4.38,5.08,80.69,0.13
mogadishu,20171109,2.04,45.34,5.5222,27.29,4.28,4.91,80.65,0.11
mogadishu,20171110,2.04,45.34,4.807,27.43,4.65,5.33,80.45,0.19
mogadishu,20171111,2.04,45.34,5.5606,27.8,4.1,4.7,75.39,0.09
mogadishu,20171112,2.04,45.34,5.8867,27.91,3.65,4.17,74.75,0.01
mogadishu,20171113,2.04,45.34,6.3967,27.67,4.11,4.64,79.42,0.02
mogadishu,20171114,2.04,45.34,6.5112,27.94,5.11,5.91,75.62,0.01
mogadishu,20171115,2.04,45.34,6.9293,27.88,5.29,6.11,71.71,0.0
mogadishu,20171116,2.04,45.34,6.4282,27.74,5.93,6.84,72.04,0.0
mogadishu,20171117,2.04,45.34,6.3571,27.87,6.53,7.56,73.3,0.0
mogadishu,20171118,2.04,45.34,6.2671,27.87,6.77,7.85,74.23,0.0
mogadishu,20171119,2.04,45.34,6.9326,27.91,7.79,9.05,72.63,0.0
mogadishu,20171120,2.04,45.34,6.7752,27.77,7.55,8.76,72.95,0.0
mogadishu,20171121,2.04,45.34,6.8165,27.71,6.32,7.26,74.29,0.0
mogadishu,20171122,2.04,45.34,6.6682,27.68,4.91,5.62,75.15,0.03
mogadishu,20171123,2.04,45.34,6.3262,27.5,5.2,5.9,77.94,0.38
mogadishu,20171124,2.04,45.34,6.3679,27.59,5.84,6.63,79.27,0.24
mogadishu,20171125,2.04,45.34,6.5455,27.7,7.26,8.38,77.56,0.07
mogadishu,20171126,2.04,45.34,5.3237,26.89,7.44,8.74,81.52,16.1
mogadishu,20171127,2.04,45.34,4.8708,27.38,7.24,8.49,79.34,0.02
mogadishu,20171128,2.04,45.34,6.7126,27.58,6.47,7.52,77.3,0.0
mogadishu,20171129,2.04,45.34,6.6878,27.34,6.99,8.1,76.45,0.0
mogadishu,20171130,2.04,45.34,6.6782,27.32,6.91,8.07,73.21,0.0
mogadishu,20171201,2.04,45.34,6.8225,27.35,5.92,6.9,71.9,0.0
mogadishu,20171202,2.04,45.34,6.5263,27.29,6.15,7.14,74.15,0.0
mogadishu,20171203,2.04,45.34,6.7164,27.44,6.69,7.81,74.97,0.0
mogadishu,20171204,2.04,45.34,6.7022,27.34,6.99,8.21,72.79,0.0
mogadishu,20171205,2.04,45.34,6.6451,27.27,7.8,9.14,73.73,0.0
mogadishu,20171206,2.04,45.34,6.6266,27.18,8.17,9.57,73.34,0.0
mogadishu,20171207,2.04,45.34,6.4982,26.99,9.0,10.52,74.61,0.0
mogadishu,20171208,2.04,45.34,6.2666,26.9,8.99,10.47,73.19,0.0
mogadishu,20171209,2.04,45.34,6.8364,27.14,9.3,10.92,70.57,0.0
mogadishu,20171210,2.04,45.34,6.6631,26.84,9.45,11.05,73.04,0.0
mogadishu,20171211,2.04,45.34,6.6754,26.66,8.85,10.32,73.0,0.0
mogadishu,20171212,2.04,45.34,6.5683,26.87,8.39,9.83,70.48,0.0
mogadishu,20171213,2.04,45.34,6.5902,26.44,7.7,8.95,74.79,0.0
mogadishu,20171214,2.04,45.34,6.5491,26.45,7.35,8.53,76.4,0.0
mogadishu,20171215,2.04,45.34,6.5784,26.64,7.86,9.15,78.31,0.0
mogadishu,20171216,2.04,45.34,6.4543,26.75,7.59,8.84,80.57,0.0
mogadishu,20171217,2.04,45.34,6.2938,27.02,7.7,9.03,79.1,0.0
mogadishu,20171218,2.04,45.34,6.7222,26.66,9.28,10.89,77.67,0.0
mogadishu,20171219,2.04,45.34,6.7284,26.62,10.0,11.82,74.12,0.0
mogadishu,20171220,2.04,45.34,6.4339,26.56,8.52,10.08,77.07,0.0
mogadishu,20171221,2.04,45.34,6.1378,26.6,9.4,11.22,76.76,0.0
mogadishu,20171222,2.04,45.34,6.3425,26.6,9.45,11.26,76.24,0.0
mogadishu,20171223,2.04,45.34,6.4975,26.37,9.2,10.88,76.33,0.0
mogadishu,20171224,2.04,45.34,6.097,26.34,8.55,10.06,76.61,0.0
mogadishu,20171225,2.04,45.34,5.9165,26.34,8.56,10.08,76.95,0.0
mogadishu,20171226,2.04,45.34,6.6746,26.19,8.14,9.51,75.73,0.0
mogadishu,20171227,2.04,45.34,6.7512,26.0,8.19,9.56,77.67,0.0
mogadishu,20171228,2.04,45.34,6.7351,26.18,8.67,10.21,75.91,0.0
mogadishu,20171229,2.04,45.34,6.8117,26.2,8.49,9.96,73.89,0.0
mogadishu,20171230,2.04,45.34,6.6701,26.15,8.92,10.5,72.46,0.0
mogadishu,20171231,2.04,45.34,6.8414,26.13,8.31,9.79,72.61,0.0
mogadishu,20180101,2.04,45.34,6.7541,25.91,8.13,9.57,72.8,0.0
mogadishu,20180102,2.04,45.34,6.8501,25.62,7.6,8.89,75.88,0.0
mogadishu,20180103,2.04,45.34,6.8844,25.87,8.94,10.54,76.09,0.0
mogadishu,20180104,2.04,45.34,6.8741,25.77,9.29,10.94,75.77,0.0
mogadishu,20180105,2.04,45.34,6.9089,25.94,9.08,10.72,74.72,0.0
mogadishu,20180106,2.04,45.34,6.7817,25.85,9.0,10.64,76.97,0.0
mogadishu,20180107,2.04,45.34,6.7018,25.71,8.95,10.55,78.12,0.0
mogadishu,20180108,2.04,45.34,6.7968,25.62,9.17,10.79,76.91,0.0
mogadishu,20180109,2.04,45.34,6.605,25.6,10.07,11.92,75.88,0.0
mogadishu,20180110,2.04,45.34,6.6382,25.51,10.37,12.28,73.81,0.0
mogadishu,20180111,2.04,45.34,6.3305,25.41,10.9,12.93,72.72,0.0
mogadishu,20180112,2.04,45.34,6.7246,25.33,10.29,12.12,69.61,0.0
mogadishu,20180113,2.04,45.34,6.8628,25.59,8.63,10.13,72.06,0.0
mogadishu,20180114,2.04,45.34,6.539,25.72,8.41,9.86,77.35,0.0
mogadishu,20180115,2.04,45.34,6.4867,25.88,8.18,9.61,79.78,0.0
mogadishu,20180116,2.04,45.34,6.5124,25.98,8.02,9.49,80.58,0.0
mogadishu,20180117,2.04,45.34,6.4582,25.77,7.53,8.85,79.63,0.0
mogadishu,20180118,2.04,45.34,6.6058,25.95,7.95,9.34,81.05,0.0
mogadishu,20180119,2.04,45.34,6.8338,26.06,8.74,10.26,80.62,0.0
mogadishu,20180120,2.04,45.34,6.9391,26.07,8.41,9.88,76.68,0.0
mogadishu,20180121,2.04,45.34,6.7927,26.07,8.33,9.8,77.55,0.0
mogadishu,20180122,2.04,45.34,6.9406,25.95,8.98,10.6,75.2,0.0
mogadishu,20180123,2.04,45.34,6.7013,25.58,8.42,9.81,76.73,0.0
mogadishu,20180124,2.04,45.34,6.7906,25.47,7.34,8.47,76.04,0.0
mogadishu,20180125,2.04,45.34,6.931,25.64,7.7,8.94,75.9,0.0
mogadishu,20180126,2.04,45.34,6.8088,25.58,7.94,9.2,78.21,0.0
mogadishu,20180127,2.04,45.34,5.7806,25.43,7.48,8.6,78.98,0.0
mogadishu,20180128,2.04,45.34,6.4138,25.68,6.73,7.74,79.12,0.0
mogadishu,20180129,2.04,45.34,6.8023,25.46,7.82,9.01,80.16,0.0
mogadishu,20180130,2.04,45.34,7.2727,25.81,8.7,10.13,75.73,0.0
mogadishu,20180131,2.04,45.34,6.7572,25.9,8.78,10.24,75.28,0.0
mogadishu,20180201,2.04,45.34,7.103,25.75,8.83,10.28,76.58,0.0
mogadishu,20180202,2.04,45.34,7.0087,25.97,7.66,8.96,79.1,0.0
mogadishu,20180203,2.04,45.34,6.8045,26.17,7.73,9.03,80.68,0.0
mogadishu,20180204,2.04,45.34,6.7675,26.24,9.32,11.01,77.5,0.0
mogadishu,20180205,2.04,45.34,6.9293,25.89,10.66,12.63,74.77,0.0
mogadishu,20180206,2.04,45.34,6.9223,25.79,10.87,12.88,73.64,0.0
mogadishu,20180207,2.04,45.34,7.2931,25.57,9.64,11.33,74.24,0.0
mogadishu,20180208,2.04,45.34,7.2648,25.73,7.6,8.85,77.82,0.0
mogadishu,20180209,2.04,45.34,6.6691,26.2,7.06,8.25,81.49,0.0
mogadishu,20180210,2.04,45.34,6.5354,26.05,6.68,7.73,84.4,0.0
mogadishu,20180211,2.04,45.34,6.1543,26.02,6.27,7.28,84.16,0.0
mogadishu,20180212,2.04,45.34,7.0262,26.24,6.46,7.56,82.76,0.0
mogadishu,20180213,2.04,45.34,6.1404,26.18,6.31,7.33,82.06,0.0
mogadishu,20180214,2.04,45.34,7.0973,26.33,6.25,7.27,81.7,0.0
mogadishu,20180215,2.04,45.34,6.787,26.5,7.4,8.62,81.64,0.0
mogadishu,20180216,2.04,45.34,6.0569,26.56,7.7,8.95,83.57,0.0
mogadishu,20180217,2.04,45.34,6.6898,26.64,6.88,7.91,82.29,0.0
mogadishu,20180218,2.04,45.34,6.5964,26.56,6.49,7.4,80.47,0.0
mogadishu,20180219,2.04,45.34,6.9154,26.47,5.55,6.29,78.7,0.0
mogadishu,20180220,2.04,45.34,6.6065,26.6,5.62,6.47,79.29,0.0
mogadishu,20180221,2.04,45.34,6.9907,26.68,7.13,8.26,80.53,0.0
mogadishu,20180222,2.04,45.34,7.3661,26.73,7.6,8.73,80.84,0.0
mogadishu,20180223,2.04,45.34,7.1885,27.03,6.72,7.77,80.29,0.0
mogadishu,20180224,2.04,45.34,6.737,27.17,6.12,7.08,83.0,0.0
mogadishu,20180225,2.04,45.34,7.1592,27.3,5.68,6.54,83.72,0.0
mogadishu,20180226,2.04,45.34,7.02,27.5,7.17,8.32,81.51,0.0
mogadishu,20180227,2.04,45.34,6.7171,27.19,7.45,8.55,79.28,0.0
mogadishu,20180228,2.04,45.34,6.9902,27.06,7.4,8.49,77.91,0.0
mogadishu,20180301,2.04,45.34,7.1383,27.0,7.56,8.64,80.24,0.0
mogadishu,20180302,2.04,45.34,5.9402,27.28,6.35,7.25,79.3,0.13
mogadishu,20180303,2.04,45.34,6.0595,27.69,7.05,8.19,78.37,0.27
mogadishu,20180304,2.04,45.34,6.6902,27.87,7.77,9.12,79.97,0.02
mogadishu,20180305,2.04,45.34,6.3043,28.04,7.56,8.86,77.28,0.01
mogadishu,20180306,2.04,45.34,7.039,27.92,7.86,9.17,76.89,0.04
mogadishu,20180307,2.04,45.34,7.0826,27.62,8.42,9.82,77.09,0.0
mogadishu,20180308,2.04,45.34,7.2185,27.69,8.88,10.37,73.94,0.0
mogadishu,20180309,2.04,45.34,7.3927,27.56,9.16,10.68,71.51,0.0
mogadishu,20180310,2.04,45.34,7.5475,27.29,8.35,9.59,74.24,0.0
mogadishu,20180311,2.04,45.34,7.1854,27.42,7.25,8.31,79.42,0.0
mogadishu,20180312,2.04,45.34,6.6182,27.55,6.1,6.92,81.81,0.18
mogadishu,20180313,2.04,45.34,6.3526,27.53,5.51,6.18,78.56,0.25
mogadishu,20180314,2.04,45.34,7.0313,27.6,5.57,6.29,76.68,0.08
mogadishu,20180315,2.04,45.34,7.195,27.98,7.6,8.75,74.44,0.02
mogadishu,20180316,2.04,45.34,7.1971,27.79,7.23,8.29,73.78,0.01
mogadishu,20180317,2.04,45.34,6.5158,27.81,6.76,7.71,74.68,0.0
mogadishu,20180318,2.04,45.34,6.8088,27.94,8.13,9.36,79.25,0.0
mogadishu,20180319,2.04,45.34,6.7483,28.33,7.74,8.98,80.7,0.03
mogadishu,20180320,2.04,45.34,6.198,28.04,7.59,8.86,83.68,0.12
mogadishu,20180321,2.04,45.34,7.2067,28.32,6.04,6.94,78.33,0.01
mogadishu,20180322,2.04,45.34,6.767,27.44,4.29,4.81,82.43,0.13
mogadishu,20180323,2.04,45.34,6.6226,27.69,4.08,4.47,80.36,0.14
mogadishu,20180324,2.04,45.34,6.6948,27.83,4.88,5.4,79.31,0.25
mogadishu,20180325,2.04,45.34,6.324,28.33,6.55,7.47,76.19,0.23
mogadishu,20180326,2.04,45.34,6.943,28.29,7.55,8.64,75.46,0.01
mogadishu,20180327,2.04,45.34,6.695,28.49,6.98,7.98,78.96,0.03
mogadishu,20180328,2.04,45.34,7.0793,28.67,6.9,7.89,75.91,0.02
mogadishu,20180329,2.04,45.34,6.661,28.77,5.35,6.06,73.4,0.03
mogadishu,20180330,2.04,45.34,6.4541,28.04,4.45,4.96,78.55,0.03
mogadishu,20180331,2.04,45.34,7.0063,28.19,4.11,4.55,76.15,0.01
mogadishu,20180401,2.04,45.34,7.0985,28.21,4.84,5.39,79.43,0.06
mogadishu,20180402,2.04,45.34,6.8369,28.26,4.83,5.39,77.89,0.04
mogadishu,20180403,2.04,45.34,5.2306,28.47,5.22,5.84,78.68,0.04
mogadishu,20180404,2.04,45.34,6.7056,28.66,4.76,5.36,74.93,0.07
mogadishu,20180405,2.04,45.34,6.558,28.5,4.1,4.56,75.01,0.04
mogadishu,20180406,2.04,45.34,5.3191,28.5,3.95,4.39,74.71,0.26
mogadishu,20180407,2.04,45.34,6.5813,28.6,4.37,4.88,74.71,0.13
mogadishu,20180408,2.04,45.34,6.0538,28.68,3.61,3.95,74.81,0.65
mogadishu,20180409,2.04,45.34,5.3774,28.6,3.29,3.6,74.03,2.25
mogadishu,20180410,2.04,45.34,5.6078,28.53,2.82,3.13,75.97,2.75
mogadishu,20180411,2.04,45.34,5.2783,28.38,3.01,3.36,77.88,0.18
mogadishu,20180412,2.04,45.34,4.6548,28.51,3.18,3.57,77.07,0.65
mogadishu,20180413,2.04,45.34,6.3437,28.63,3.48,3.96,77.32,2.43
mogadishu,20180414,2.04,45.34,4.9454,28.42,5.0,5.61,77.89,0.2
mogadishu,20180415,2.04,45.34,6.1488,28.73,5.75,6.52,77.79,0.92
mogadishu,20180416,2.04,45.34,3.8971,28.74,5.04,5.73,77.04,1.19
mogadishu,20180417,2.04,45.34,3.0494,28.2,4.31,4.89,80.75,4.31
mogadishu,20180418,2.04,45.34,4.7455,27.32,4.43,5.06,82.88,1.48
mogadishu,20180419,2.04,45.34,5.2466,28.35,3.78,4.21,75.33,0.78
mogadishu,20180420,2.04,45.34,6.8297,28.81,3.51,4.02,74.84,0.42
mogadishu,20180421,2.04,45.34,4.9836,28.52,4.59,5.25,80.32,5.37
mogadishu,20180422,2.04,45.34,5.465,28.46,3.59,4.14,81.94,6.97
mogadishu,20180423,2.04,45.34,6.3763,28.21,3.29,3.78,81.99,2.74
mogadishu,20180424,2.04,45.34,6.3785,28.0,3.04,3.45,81.38,2.41
mogadishu,20180425,2.04,45.34,6.0902,27.59,4.03,4.66,86.03,10.62
mogadishu,20180426,2.04,45.34,5.8445,28.01,5.36,6.27,84.07,0.41
mogadishu,20180427,2.04,45.34,6.2285,28.46,5.49,6.43,79.59,0.38
mogadishu,20180428,2.04,45.34,5.9153,27.93,5.33,6.16,82.93,0.81
mogadishu,20180429,2.04,45.34,6.4255,28.12,4.9,5.63,82.16,0.06
mogadishu,20180430,2.04,45.34,6.509,28.26,5.37,6.24,82.5,0.2
mogadishu,20180501,2.04,45.34,6.1536,27.87,4.28,4.92,84.62,0.12
mogadishu,20180502,2.04,45.34,4.9716,27.45,4.03,4.53,78.61,0.05
mogadishu,20180503,2.04,45.34,6.0103,27.7,4.87,5.55,79.42,0.03
mogadishu,20180504,2.04,45.34,6.0761,27.46,3.45,3.93,81.72,0.08
mogadishu,20180505,2.04,45.34,6.486,27.95,3.25,3.64,81.34,0.07
mogadishu,20180506,2.04,45.34,6.5256,28.3,3.03,3.47,80.16,0.07
mogadishu,20180507,2.04,45.34,5.8766,27.86,5.26,6.04,84.46,0.12
mogadishu,20180508,2.04,45.34,5.8937,27.87,5.82,6.73,83.36,0.04
mogadishu,20180509,2.04,45.34,6.2873,28.28,5.46,6.36,80.22,0.04
mogadishu,20180510,2.04,45.34,6.283,27.98,5.35,6.14,81.76,0.02
mogadishu,20180511,2.04,45.34,6.33,28.35,6.42,7.53,80.71,0.0
mogadishu,20180512,2.04,45.34,6.751,28.3,5.39,6.38,82.61,0.01
mogadishu,20180513,2.04,45.34,5.879,28.01,4.91,5.7,83.58,0.01
mogadishu,20180514,2.04,45.34,5.844,27.9,5.37,6.18,86.19,0.01
mogadishu,20180515,2.04,45.34,5.8447,28.26,6.1,7.11,84.1,0.01
mogadishu,20180516,2.04,45.34,5.4946,28.05,7.84,9.2,82.58,0.04
mogadishu,20180517,2.04,45.34,5.383,27.94,7.37,8.57,79.94,0.0
mogadishu,20180518,2.04,45.34,5.7703,28.09,8.21,9.61,79.24,0.0
mogadishu,20180519,2.04,45.34,5.2159,27.7,7.36,8.47,81.41,0.0
mogadishu,20180520,2.04,45.34,3.3542,27.38,7.11,8.2,82.05,0.0
mogadishu,20180521,2.04,45.34,5.917,27.38,5.15,5.88,81.51,0.16
mogadishu,20180522,2.04,45.34,5.7012,27.32,6.17,7.01,83.02,0.24
mogadishu,20180523,2.04,45.34,5.7506,27.46,7.96,9.17,81.0,0.16
mogadishu,20180524,2.04,45.34,5.9249,27.61,7.95,9.25,79.77,0.06
mogadishu,20180525,2.04,45.34,6.4786,27.55,6.81,7.93,81.1,0.09
mogadishu,20180526,2.04,45.34,4.7215,27.53,7.32,8.54,82.76,0.18
mogadishu,20180527,2.04,45.34,6.5153,27.6,8.11,9.48,79.81,0.03
mogadishu,20180528,2.04,45.34,6.4898,27.74,8.26,9.68,77.3,0.01
mogadishu,20180529,2.04,45.34,6.3677,27.86,7.74,9.07,78.08,0.01
mogadishu,20180530,2.04,45.34,5.7108,27.64,7.2,8.36,82.81,0.06
mogadishu,20180531,2.04,45.34,5.2116,27.5,6.79,7.87,84.43,5.23
mogadishu,20180601,2.04,45.34,5.1878,27.59,8.06,9.38,77.03,1.8
mogadishu,20180602,2.04,45.34,5.5877,27.33,7.96,9.25,73.54,0.39
mogadishu,20180603,2.04,45.34,6.4109,27.23,8.73,10.18,74.93,0.97
mogadishu,20180604,2.04,45.34,5.015,27.08,9.26,10.87,77.32,2.9
mogadishu,20180605,2.04,45.34,5.172,27.28,9.79,11.57,75.83,0.08
mogadishu,20180606,2.04,45.34,4.865,27.18,9.42,11.14,76.27,0.18
mogadishu,20180607,2.04,45.34,5.2841,26.8,8.14,9.45,79.82,0.41
mogadishu,20180608,2.04,45.34,4.0246,26.85,8.84,10.34,81.08,0.96
mogadishu,20180609,2.04,45.34,4.859,26.69,8.64,10.02,78.91,0.14
mogadishu,20180610,2.04,45.34,5.3369,26.6,8.44,9.81,77.81,0.01
mogadishu,20180611,2.04,45.34,6.0204,26.91,8.27,9.66,80.29,0.06
mogadishu,20180612,2.04,45.34,5.8402,26.61,8.3,9.64,77.34,0.02
mogadishu,20180613,2.04,45.34,4.8634,26.56,8.67,10.14,77.0,0.02
mogadishu,20180614,2.04,45.34,5.2368,26.35,8.38,9.82,77.05,0.01
mogadishu,20180615,2.04,45.34,5.2992,26.3,7.86,9.19,78.68,0.0
mogadishu,20180616,2.04,45.34,5.4902,26.29,7.64,8.88,77.95,0.0
mogadishu,20180617,2.04,45.34,5.1655,26.09,7.08,8.15,81.92,0.0
mogadishu,20180618,2.04,45.34,4.2581,26.21,7.72,8.94,79.62,0.01
mogadishu,20180619,2.04,45.34,5.5718,26.04,7.23,8.4,76.23,0.0
mogadishu,20180620,2.04,45.34,5.712,25.95,7.08,8.22,78.72,0.05
mogadishu,20180621,2.04,45.34,6.6338,26.52,7.31,8.52,78.54,0.09
mogadishu,20180622,2.04,45.34,5.9345,26.32,7.91,9.3,83.54,1.38
mogadishu,20180623,2.04,45.34,4.9193,26.0,8.9,10.5,78.83,0.9
mogadishu,20180624,2.04,45.34,5.7991,25.72,7.78,9.1,82.06,0.91
mogadishu,20180625,2.04,45.34,5.3059,26.05,7.51,8.75,80.72,0.05
mogadishu,20180626,2.04,45.34,5.9441,26.23,7.79,9.1,79.2,0.01
mogadishu,20180627,2.04,45.34,6.1138,26.59,8.44,9.95,78.48,0.01
mogadishu,20180628,2.04,45.34,6.4733,26.52,8.63,10.15,80.12,0.0
mogadishu,20180629,2.04,45.34,5.9278,26.58,8.48,9.97,80.42,0.01
mogadishu,20180630,2.04,45.34,6.4226,26.25,7.9,9.18,79.23,0.07
mogadishu,20180701,2.04,45.34,5.7065,25.88,8.33,9.71,76.83,0.06
mogadishu,20180702,2.04,45.34,6.066,25.79,7.4,8.5,78.36,0.04
mogadishu,20180703,2.04,45.34,5.8159,25.65,8.06,9.31,77.47,0.03
mogadishu,20180704,2.04,45.34,5.8661,25.52,8.21,9.54,76.59,0.07
mogadishu,20180705,2.04,45.34,5.2366,25.43,9.15,10.73,78.49,0.24
mogadishu,20180706,2.04,45.34,5.0309,25.47,9.27,11.05,80.68,0.15
mogadishu,20180707,2.04,45.34,5.693,25.38,9.28,11.0,78.8,0.11
mogadishu,20180708,2.04,45.34,5.081,25.41,8.61,10.14,81.92,0.32
mogadishu,20180709,2.04,45.34,4.9764,25.36,8.99,10.68,81.55,0.66
mogadishu,20180710,2.04,45.34,5.3477,25.21,9.27,10.92,77.95,0.0
mogadishu,20180711,2.04,45.34,5.5106,25.41,9.55,11.23,81.13,0.0
mogadishu,20180712,2.04,45.34,6.3245,25.63,9.95,11.73,79.56,0.0
mogadishu,20180713,2.04,45.34,6.1106,25.65,9.12,10.7,79.57,0.0
mogadishu,20180714,2.04,45.34,6.1682,25.45,8.74,10.18,80.54,0.0
mogadishu,20180715,2.04,45.34,4.4441,25.45,9.2,10.74,77.89,0.0
mogadishu,20180716,2.04,45.34,6.24,25.12,9.18,10.65,77.02,0.0
mogadishu,20180717,2.04,45.34,6.0278,25.09,9.42,11.01,75.96,0.0
mogadishu,20180718,2.04,45.34,4.5139,24.91,9.45,11.06,77.76,0.0
mogadishu,20180719,2.04,45.34,5.7226,25.09,8.9,10.42,77.73,0.01
mogadishu,20180720,2.04,45.34,4.5758,25.07,8.5,9.91,81.69,0.01
mogadishu,20180721,2.04,45.34,4.9346,25.12,8.39,9.79,82.18,0.0
mogadishu,20180722,2.04,45.34,5.484,25.21,8.57,10.0,81.55,0.0
mogadishu,20180723,2.04,45.34,5.9616,25.15,8.73,10.15,81.19,0.0
mogadishu,20180724,2.04,45.34,5.9491,25.19,8.83,10.3,76.39,0.0
mogadishu,20180725,2.04,45.34,5.4907,25.06,8.38,9.75,78.45,0.0
mogadishu,20180726,2.04,45.34,6.2378,25.29,7.93,9.26,78.44,0.0
mogadishu,20180727,2.04,45.34,5.849,25.4,7.48,8.69,84.11,0.0
mogadishu,20180728,2.04,45.34,6.1142,25.51,7.38,8.58,83.12,0.0
mogadishu,20180729,2.04,45.34,5.587,25.37,7.66,8.86,81.76,0.0
mogadishu,20180730,2.04,45.34,5.8013,25.52,7.14,8.3,80.51,0.58
mogadishu,20180731,2.04,45.34,6.0727,25.18,7.03,8.11,83.42,0.71
mogadishu,20180801,2.04,45.34,6.3991,25.32,6.91,8.03,81.52,0.39
mogadishu,20180802,2.04,45.34,6.6785,25.32,7.51,8.74,81.2,0.49
mogadishu,20180803,2.04,45.34,6.1939,25.28,6.8,7.97,83.29,1.08
mogadishu,20180804,2.04,45.34,5.3333,25.46,6.68,7.79,82.44,0.0
mogadishu,20180805,2.04,45.34,5.3086,25.42,7.38,8.61,83.39,0.0
mogadishu,20180806,2.04,45.34,5.9453,25.28,7.52,8.65,82.08,0.0
mogadishu,20180807,2.04,45.34,5.9808,25.54,7.97,9.3,83.59,0.0
mogadishu,20180808,2.04,45.34,5.7847,25.77,7.44,8.6,84.69,0.0
mogadishu,20180809,2.04,45.34,6.1982,25.7,8.7,10.16,79.64,7.65
mogadishu,20180810,2.04,45.34,6.0487,25.62,7.68,8.95,78.45,5.36
mogadishu,20180811,2.04,45.34,6.21,25.24,6.96,8.04,81.31,10.94
mogadishu,20180812,2.04,45.34,3.9979,24.99,8.23,9.74,84.74,26.1
mogadishu,20180813,2.04,45.34,5.1763,24.95,8.3,9.73,80.44,3.83
mogadishu,20180814,2.04,45.34,6.3806,25.42,8.58,10.06,81.26,0.72
mogadishu,20180815,2.04,45.34,5.6549,25.3,8.73,10.2,81.02,0.84
mogadishu,20180816,2.04,45.34,5.9755,25.13,7.75,9.01,79.53,0.39
mogadishu,20180817,2.04,45.34,5.4816,25.16,8.48,9.91,80.38,0.31
mogadishu,20180818,2.04,45.34,6.1531,25.09,8.36,9.74,79.03,0.29
mogadishu,20180819,2.04,45.34,5.5253,25.29,8.6,9.98,79.88,0.01
mogadishu,20180820,2.04,45.34,6.4656,25.14,8.51,9.88,79.38,0.02
mogadishu,20180821,2.04,45.34,5.7725,25.07,8.02,9.27,79.49,0.01
mogadishu,20180822,2.04,45.34,5.8234,24.89,7.63,8.82,80.37,0.0
mogadishu,20180823,2.04,45.34,5.2934,25.05,7.43,8.58,82.23,0.01
mogadishu,20180824,2.04,45.34,5.1713,25.34,7.45,8.65,81.28,0.0
mogadishu,20180825,2.04,45.34,6.5508,25.24,7.27,8.39,80.7,0.0
mogadishu,20180826,2.04,45.34,6.5894,25.27,7.64,8.89,80.05,0.0
mogadishu,20180827,2.04,45.34,5.8872,25.02,7.76,9.03,81.63,0.0
mogadishu,20180828,2.04,45.34,6.389,24.96,7.43,8.61,81.42,0.0
mogadishu,20180829,2.04,45.34,4.5317,25.05,8.21,9.59,80.78,0.0
mogadishu,20180830,2.04,45.34,4.2127,25.12,8.29,9.64,79.57,0.0
mogadishu,20180831,2.04,45.34,6.7654,25.17,7.47,8.59,77.02,0.0
mogadishu,20180901,2.04,45.34,6.5453,25.24,7.59,8.78,75.62,0.0
mogadishu,20180902,2.04,45.34,7.0186,25.43,7.05,8.15,79.15,0.0
mogadishu,20180903,2.04,45.34,6.5405,25.45,6.39,7.35,83.35,0.0
mogadishu,20180904,2.04,45.34,5.9998,25.64,5.35,6.14,81.67,0.0
mogadishu,20180905,2.04,45.34,6.5482,25.9,5.68,6.55,80.0,0.0
mogadishu,20180906,2.04,45.34,6.5352,25.78,6.87,7.9,81.36,0.0
mogadishu,20180907,2.04,45.34,6.6713,25.86,6.61,7.59,82.33,0.0
mogadishu,20180908,2.04,45.34,6.2398,26.0,6.2,7.17,83.26,0.02
mogadishu,20180909,2.04,45.34,5.9102,26.01,6.43,7.43,85.58,0.04
mogadishu,20180910,2.04,45.34,5.927,26.09,6.33,7.3,82.08,0.01
mogadishu,20180911,2.04,45.34,6.6523,26.08,6.69,7.7,81.43,0.02
mogadishu,20180912,2.04,45.34,6.7596,25.99,6.07,6.97,80.96,0.01
mogadishu,20180913,2.04,45.34,7.194,26.2,6.59,7.61,82.57,0.0
mogadishu,20180914,2.04,45.34,6.5304,26.31,6.75,7.83,85.59,0.0
mogadishu,20180915,2.04,45.34,6.143,26.24,6.81,7.84,79.25,0.0
mogadishu,20180916,2.04,45.34,7.2293,26.15,6.96,8.04,75.05,0.0
mogadishu,20180917,2.04,45.34,6.6626,26.18,7.09,8.15,73.92,0.0
mogadishu,20180918,2.04,45.34,6.9696,26.15,6.52,7.46,74.64,0.0
mogadishu,20180919,2.04,45.34,7.2636,26.09,6.82,7.82,76.88,0.0
mogadishu,20180920,2.04,45.34,7.3531,25.93,6.86,7.88,80.13,0.0
mogadishu,20180921,2.04,45.34,6.9278,26.35,6.82,7.86,80.01,0.0
mogadishu,20180922,2.04,45.34,6.8222,26.22,7.06,8.11,79.07,0.0
mogadishu,20180923,2.04,45.34,5.82,26.06,6.45,7.34,82.74,0.01
mogadishu,20180924,2.04,45.34,5.5714,26.28,6.49,7.62,83.99,0.05
mogadishu,20180925,2.04,45.34,6.5131,26.35,6.32,7.36,82.63,0.0
mogadishu,20180926,2.04,45.34,6.4238,26.72,6.27,7.31,81.64,0.0
mogadishu,20180927,2.04,45.34,6.1951,26.71,5.95,6.88,83.24,0.05
mogadishu,20180928,2.04,45.34,5.2414,26.66,6.64,7.7,83.35,0.2
mogadishu,20180929,2.04,45.34,5.1593,26.39,7.11,8.28,83.95,0.34
mogadishu,20180930,2.04,45.34,5.633,26.36,7.01,8.08,80.6,0.14
mogadishu,20181001,2.04,45.34,5.3942,26.25,6.87,7.84,79.77,0.06
mogadishu,20181002,2.04,45.34,5.3669,26.33,7.17,8.19,79.67,0.04
mogadishu,20181003,2.04,45.34,6.6816,26.47,6.04,6.9,77.09,0.0
mogadishu,20181004,2.04,45.34,6.757,26.41,6.48,7.41,75.96,0.0
mogadishu,20181005,2.04,45.34,5.9335,26.25,6.83,7.81,82.14,0.0
mogadishu,20181006,2.04,45.34,5.8903,26.44,7.52,8.67,76.69,0.0
mogadishu,20181007,2.04,45.34,6.7327,26.36,7.43,8.55,77.0,0.0
mogadishu,20181008,2.04,45.34,7.0133,26.32,7.55,8.67,78.21,0.0
mogadishu,20181009,2.04,45.34,5.9345,26.47,7.05,8.16,82.5,0.0
mogadishu,20181010,2.04,45.34,5.9287,26.23,6.63,7.61,78.34,0.0
mogadishu,20181011,2.04,45.34,6.1298,26.3,6.63,7.65,80.36,0.0
mogadishu,20181012,2.04,45.34,5.9981,26.58,6.87,7.99,82.88,0.0
mogadishu,20181013,2.04,45.34,5.0621,26.75,6.32,7.34,82.89,0.05
mogadishu,20181014,2.04,45.34,4.9027,26.49,5.69,6.63,83.86,0.04
mogadishu,20181015,2.04,45.34,5.346,26.61,4.37,5.05,83.15,0.04
mogadishu,20181016,2.04,45.34,6.0751,26.35,4.65,5.26,84.06,0.07
mogadishu,20181017,2.04,45.34,6.1128,26.39,5.4,6.16,81.81,0.02
mogadishu,20181018,2.04,45.34,6.841,26.37,5.25,6.0,79.96,0.01
mogadishu,20181019,2.04,45.34,6.5738,26.35,4.62,5.27,79.87,0.01
mogadishu,20181020,2.04,45.34,6.9516,26.31,4.67,5.31,80.25,0.01
mogadishu,20181021,2.04,45.34,6.9026,26.9,4.63,5.3,76.7,0.01
mogadishu,20181022,2.04,45.34,6.3048,27.17,4.74,5.45,76.81,0.05
mogadishu,20181023,2.04,45.34,6.3038,26.97,6.37,7.37,80.69,0.79
mogadishu,20181024,2.04,45.34,6.156,27.04,5.09,5.9,81.5,1.4
mogadishu,20181025,2.04,45.34,5.6779,26.88,4.9,5.62,81.52,1.35
mogadishu,20181026,2.04,45.34,4.758,26.98,5.32,6.18,79.69,1.19
mogadishu,20181027,2.04,45.34,5.8037,26.78,3.96,4.51,80.75,1.07
mogadishu,20181028,2.04,45.34,6.1541,26.8,4.4,4.93,82.57,0.19
mogadishu,20181029,2.04,45.34,5.7204,26.87,4.12,4.62,80.48,0.31
mogadishu,20181030,2.04,45.34,5.773,26.85,3.84,4.24,80.1,0.25
mogadishu,20181031,2.04,45.34,5.5714,27.14,5.63,6.45,81.05,0.13
mogadishu,20181101,2.04,45.34,6.0278,27.39,5.93,6.91,78.53,0.03
mogadishu,20181102,2.04,45.34,6.4027,27.05,5.4,6.17,79.44,0.0
mogadishu,20181103,2.04,45.34,6.6943,26.99,4.12,4.67,78.04,0.0
mogadishu,20181104,2.04,45.34,6.0024,27.2,3.41,3.87,77.08,0.0
mogadishu,20181105,2.04,45.34,6.287,27.06,3.64,4.07,79.72,0.0
mogadishu,20181106,2.04,45.34,6.391,26.79,3.99,4.38,82.58,0.0
mogadishu,20181107,2.04,45.34,6.4222,27.3,4.1,4.61,78.98,0.0
mogadishu,20181108,2.04,45.34,5.821,27.24,4.78,5.39,79.8,0.0
mogadishu,20181109,2.04,45.34,5.4982,27.51,4.25,4.76,78.1,0.02
mogadishu,20181110,2.04,45.34,5.3746,27.46,3.86,4.28,77.92,0.01
mogadishu,20181111,2.04,45.34,5.927,27.29,3.75,4.16,79.76,0.03
mogadishu,20181112,2.04,45.34,6.4046,27.39,4.1,4.54,80.41,0.24
mogadishu,20181113,2.04,45.34,5.9815,27.5,4.2,4.68,79.8,0.22
mogadishu,20181114,2.04,45.34,6.095,27.49,4.28,4.75,80.04,0.18
mogadishu,20181115,2.04,45.34,6.281,27.64,4.27,4.73,77.66,0.26
mogadishu,20181116,2.04,45.34,5.1391,27.68,4.64,5.17,78.27,0.51
mogadishu,20181117,2.04,45.34,6.7042,27.87,3.35,3.72,74.34,0.02
mogadishu,20181118,2.04,45.34,6.1097,28.0,4.89,5.57,78.25,0.01
mogadishu,20181119,2.04,45.34,6.3898,27.72,6.78,7.77,77.07,0.01
mogadishu,20181120,2.04,45.34,7.069,27.52,6.36,7.32,73.38,0.0
mogadishu,20181121,2.04,45.34,6.9346,27.41,5.82,6.69,74.37,0.0
mogadishu,20181122,2.04,45.34,6.8484,27.4,6.13,7.07,76.73,0.0
mogadishu,20181123,2.04,45.34,6.2959,27.52,5.9,6.74,80.81,0.05
mogadishu,20181124,2.04,45.34,5.6064,27.26,5.69,6.42,81.3,0.31
mogadishu,20181125,2.04,45.34,6.6238,26.89,4.51,5.04,77.5,0.01
mogadishu,20181126,2.04,45.34,6.5741,26.85,3.55,3.95,78.2,0.0
mogadishu,20181127,2.04,45.34,5.8618,27.35,5.27,5.97,78.22,0.02
mogadishu,20181128,2.04,45.34,5.8999,27.65,6.64,7.66,80.12,0.06
mogadishu,20181129,2.04,45.34,6.6492,27.98,7.95,9.27,75.96,0.02
mogadishu,20181130,2.04,45.34,5.6539,27.87,6.6,7.59,80.65,0.14
mogadishu,20181201,2.04,45.34,5.2822,27.96,6.06,7.02,81.67,0.33
mogadishu,20181202,2.04,45.34,5.0738,27.62,5.29,6.05,81.34,0.0
mogadishu,20181203,2.04,45.34,5.3242,27.79,6.09,7.0,77.69,0.0
mogadishu,20181204,2.04,45.34,5.9158,27.97,6.94,8.02,79.89,0.0
mogadishu,20181205,2.04,45.34,5.3182,27.9,6.53,7.56,82.18,0.0
mogadishu,20181206,2.04,45.34,3.4522,26.51,2.88,3.23,79.73,0.01
mogadishu,20181207,2.04,45.34,5.772,27.87,5.64,6.46,79.59,0.0
mogadishu,20181208,2.04,45.34,6.011,28.34,6.62,7.65,79.97,0.01
mogadishu,20181209,2.04,45.34,5.9088,27.7,7.46,8.61,79.79,0.0
mogadishu,20181210,2.04,45.34,5.4175,27.88,5.89,6.82,80.48,0.02
mogadishu,20181211,2.04,45.34,5.569,27.64,5.62,6.48,81.5,0.0
mogadishu,20181212,2.04,45.34,4.9092,27.64,6.1,7.06,82.26,0.25
mogadishu,20181213,2.04,45.34,5.6623,27.58,7.66,8.86,79.08,0.01
mogadishu,20181214,2.04,45.34,6.1138,27.63,7.85,9.1,74.84,0.0
mogadishu,20181215,2.04,45.34,6.4675,27.57,8.5,9.93,72.18,0.0
mogadishu,20181216,2.04,45.34,6.3497,27.56,8.6,10.06,71.93,0.0
mogadishu,20181217,2.04,45.34,6.6065,27.35,8.35,9.77,72.34,0.0
mogadishu,20181218,2.04,45.34,6.6643,27.2,7.96,9.26,73.61,0.0
mogadishu,20181219,2.04,45.34,6.3914,27.47,8.05,9.44,78.32,0.0
mogadishu,20181220,2.04,45.34,6.1582,27.36,9.0,10.55,78.37,0.0
mogadishu,20181221,2.04,45.34,6.4298,27.21,8.75,10.24,76.64,0.0
mogadishu,20181222,2.04,45.34,6.6876,27.05,8.79,10.31,75.97,0.0
mogadishu,20181223,2.04,45.34,6.1008,27.08,9.28,10.91,78.59,0.0
mogadishu,20181224,2.04,45.34,6.1198,27.27,9.38,11.07,75.68,0.0
mogadishu,20181225,2.04,45.34,4.9361,27.22,9.0,10.55,75.43,0.0
mogadishu,20181226,2.04,45.34,4.9303,27.06,8.38,9.8,79.73,0.0
mogadishu,20181227,2.04,45.34,5.6887,26.9,7.35,8.52,82.09,0.01
mogadishu,20181228,2.04,45.34,5.9136,26.79,6.79,7.82,82.44,0.01
mogadishu,20181229,2.04,45.34,5.5915,26.77,6.78,7.81,80.85,0.02
mogadishu,20181230,2.04,45.34,6.0216,26.7,7.24,8.31,78.96,0.0
mogadishu,20181231,2.04,45.34,6.0881,26.73,7.45,8.62,79.02,0.0
mogadishu,20190101,2.04,45.34,6.2825,26.81,7.19,8.33,81.84,0.02
mogadishu,20190102,2.04,45.34,5.8334,27.34,7.76,9.17,82.24,0.07
mogadishu,20190103,2.04,45.34,4.7196,27.23,9.53,11.24,80.4,0.04
mogadishu,20190104,2.04,45.34,4.6942,26.93,9.22,10.77,77.48,0.13
mogadishu,20190105,2.04,45.34,4.5624,26.93,8.78,10.26,74.41,0.0
mogadishu,20190106,2.04,45.34,6.415,27.16,8.18,9.55,75.07,0.0
mogadishu,20190107,2.04,45.34,6.0132,27.19,8.46,9.9,73.67,0.0
mogadishu,20190108,2.04,45.34,4.9135,26.92,8.48,9.89,75.51,0.01
mogadishu,20190109,2.04,45.34,4.6632,26.61,7.6,8.75,77.87,0.08
mogadishu,20190110,2.04,45.34,6.4039,26.69,8.44,9.85,76.3,0.01
mogadishu,20190111,2.04,45.34,6.7942,26.79,9.34,10.95,74.78,0.0
mogadishu,20190112,2.04,45.34,6.1704,26.56,9.01,10.52,78.05,0.0
mogadishu,20190113,2.04,45.34,6.1032,26.66,8.35,9.69,75.94,0.0
mogadishu,20190114,2.04,45.34,6.6221,26.95,8.1,9.38,72.94,0.0
mogadishu,20190115,2.04,45.34,6.5599,26.63,7.61,8.79,75.7,0.0
mogadishu,20190116,2.04,45.34,6.9442,26.49,7.36,8.48,76.29,0.0
mogadishu,20190117,2.04,45.34,6.9,26.17,7.59,8.7,78.56,0.0
mogadishu,20190118,2.04,45.34,7.1194,26.01,7.42,8.5,77.7,0.0
mogadishu,20190119,2.04,45.34,6.8736,25.99,7.76,8.98,77.16,0.0
mogadishu,20190120,2.04,45.34,6.9161,26.15,8.58,9.98,77.99,0.0
mogadishu,20190121,2.04,45.34,6.984,26.38,9.09,10.61,75.37,0.0
mogadishu,20190122,2.04,45.34,7.0207,26.29,9.02,10.55,74.43,0.0
mogadishu,20190123,2.04,45.34,6.9698,26.36,7.77,9.02,75.14,0.0
mogadishu,20190124,2.04,45.34,6.9197,26.33,8.22,9.52,78.28,0.0
mogadishu,20190125,2.04,45.34,6.9773,26.38,9.15,10.65,76.39,0.0
mogadishu,20190126,2.04,45.34,5.977,26.25,8.99,10.48,74.74,0.0
mogadishu,20190127,2.04,45.34,6.2316,26.37,9.58,11.21,73.67,0.0
mogadishu,20190128,2.04,45.34,6.9566,26.09,9.13,10.63,73.62,0.0
mogadishu,20190129,2.04,45.34,6.8323,26.27,7.67,8.89,75.0,0.0
mogadishu,20190130,2.04,45.34,6.7819,26.34,7.35,8.51,78.53,0.0
mogadishu,20190131,2.04,45.34,6.9643,26.49,8.02,9.29,77.02,0.0
mogadishu,20190201,2.04,45.34,7.2766,26.22,8.17,9.51,76.84,0.0
mogadishu,20190202,2.04,45.34,7.1748,26.35,8.11,9.4,77.21,0.0
mogadishu,20190203,2.04,45.34,7.2595,26.38,8.92,10.37,75.66,0.0
mogadishu,20190204,2.04,45.34,7.2701,26.15,8.87,10.31,76.79,0.0
mogadishu,20190205,2.04,45.34,7.0342,26.32,8.37,9.72,78.7,0.0
mogadishu,20190206,2.04,45.34,6.4236,26.61,8.14,9.57,81.56,0.0
mogadishu,20190207,2.04,45.34,7.0056,26.55,8.83,10.38,80.68,0.0
mogadishu,20190208,2.04,45.34,6.5016,26.45,9.79,11.55,77.9,0.0
mogadishu,20190209,2.04,45.34,6.3871,26.37,8.84,10.33,79.27,0.0
mogadishu,20190210,2.04,45.34,6.7745,26.41,7.31,8.49,81.03,0.0
mogadishu,20190211,2.04,45.34,7.1198,26.55,6.15,7.09,81.96,0.0
mogadishu,20190212,2.04,45.34,6.9811,26.78,6.04,6.98,81.82,0.0
mogadishu,20190213,2.04,45.34,6.7574,26.83,7.2,8.31,80.34,0.0
mogadishu,20190214,2.04,45.34,6.7037,27.15,6.8,7.93,81.76,0.0
mogadishu,20190215,2.04,45.34,5.9359,27.07,7.19,8.34,83.16,0.01
mogadishu,20190216,2.04,45.34,6.9132,27.02,7.52,8.65,80.75,0.0
mogadishu,20190217,2.04,45.34,7.1945,26.88,6.98,7.99,77.52,0.0
mogadishu,20190218,2.04,45.34,6.9715,26.82,6.96,7.96,80.03,0.0
mogadishu,20190219,2.04,45.34,7.1006,27.2,6.75,7.77,79.38,0.0
mogadishu,20190220,2.04,45.34,7.0188,27.77,7.05,8.15,79.87,0.02
mogadishu,20190221,2.04,45.34,6.4346,27.62,7.47,8.66,81.59,0.07
mogadishu,20190222,2.04,45.34,6.8189,27.48,8.58,9.99,76.58,0.01
mogadishu,20190223,2.04,45.34,6.9605,27.52,8.48,9.9,79.54,0.01
mogadishu,20190224,2.04,45.34,7.0126,27.35,8.49,9.83,75.79,0.01
mogadishu,20190225,2.04,45.34,7.1993,27.06,7.51,8.69,76.3,0.0
mogadishu,20190226,2.04,45.34,7.0001,27.34,8.05,9.37,79.78,0.0
mogadishu,20190227,2.04,45.34,7.2516,27.35,6.77,7.78,77.9,0.0
mogadishu,20190228,2.04,45.34,7.399,26.85,6.43,7.29,78.99,0.0
mogadishu,20190301,2.04,45.34,7.5226,26.73,5.85,6.59,80.41,0.0
mogadishu,20190302,2.04,45.34,7.5936,26.7,4.84,5.43,79.65,0.0
mogadishu,20190303,2.04,45.34,7.2466,27.06,4.77,5.3,80.79,0.0
mogadishu,20190304,2.04,45.34,5.8409,27.4,5.97,6.75,79.14,0.0
mogadishu,20190305,2.04,45.34,6.924,27.62,7.67,8.82,76.64,0.0
mogadishu,20190306,2.04,45.34,7.3721,27.84,7.62,8.82,76.06,0.0
mogadishu,20190307,2.04,45.34,7.5415,27.66,7.36,8.46,76.6,0.0
mogadishu,20190308,2.04,45.34,7.2276,27.73,8.03,9.3,76.14,0.0
mogadishu,20190309,2.04,45.34,7.3994,27.79,7.96,9.24,75.89,0.0
mogadishu,20190310,2.04,45.34,7.4496,28.02,8.19,9.55,74.29,0.0
mogadishu,20190311,2.04,45.34,7.459,27.83,8.33,9.64,74.42,0.0
mogadishu,20190312,2.04,45.34,7.0771,27.9,8.04,9.32,74.57,0.0
mogadishu,20190313,2.04,45.34,6.8074,28.08,7.43,8.61,79.35,0.0
mogadishu,20190314,2.04,45.34,6.8441,27.97,7.45,8.6,77.18,0.0
mogadishu,20190315,2.04,45.34,7.087,27.7,7.55,8.64,77.03,0.0
mogadishu,20190316,2.04,45.34,7.4762,27.82,7.26,8.29,77.46,0.0
mogadishu,20190317,2.04,45.34,7.2682,28.0,7.35,8.42,78.01,0.0
mogadishu,20190318,2.04,45.34,7.4222,28.01,6.89,7.85,79.89,0.0
mogadishu,20190319,2.04,45.34,7.3843,28.08,7.3,8.35,76.25,0.0
mogadishu,20190320,2.04,45.34,7.5614,28.3,7.2,8.24,75.46,0.0
mogadishu,20190321,2.04,45.34,7.458,28.35,7.65,8.75,76.39,0.0
mogadishu,20190322,2.04,45.34,7.3541,28.22,7.16,8.15,74.19,0.0
mogadishu,20190323,2.04,45.34,7.429,28.29,6.71,7.64,73.94,0.0
mogadishu,20190324,2.04,45.34,7.0193,28.51,5.73,6.51,78.82,0.0
mogadishu,20190325,2.04,45.34,6.1445,28.76,5.47,6.29,79.52,0.0
mogadishu,20190326,2.04,45.34,6.1454,28.7,5.94,6.86,84.0,0.0
mogadishu,20190327,2.04,45.34,6.703,28.95,6.96,8.08,81.76,0.17
mogadishu,20190328,2.04,45.34,6.7188,28.64,6.18,7.06,76.58,0.03
mogadishu,20190329,2.04,45.34,7.343,28.47,6.93,7.88,76.94,0.0
mogadishu,20190330,2.04,45.34,7.3469,28.58,7.14,8.12,74.36,0.0
mogadishu,20190331,2.04,45.34,7.4002,29.17,6.45,7.39,67.99,0.04
mogadishu,20190401,2.04,45.34,6.9751,28.76,6.61,7.54,72.6,0.01
mogadishu,20190402,2.04,45.34,7.158,28.51,6.5,7.39,77.75,0.01
mogadishu,20190403,2.04,45.34,7.0049,28.68,5.7,6.47,72.68,0.01
mogadishu,20190404,2.04,45.34,7.3644,28.79,6.08,6.84,74.42,0.02
mogadishu,20190405,2.04,45.34,7.1138,28.83,6.58,7.44,74.01,0.01
mogadishu,20190406,2.04,45.34,7.0766,28.71,5.94,6.76,72.17,0.14
mogadishu,20190407,2.04,45.34,7.4578,28.95,5.33,5.99,70.35,0.0
mogadishu,20190408,2.04,45.34,7.3632,28.39,4.61,5.13,75.02,0.01
mogadishu,20190409,2.04,45.34,7.242,28.64,4.95,5.55,75.36,0.04
mogadishu,20190410,2.04,45.34,6.6737,28.88,5.96,6.74,75.04,0.01
mogadishu,20190411,2.04,45.34,7.2403,28.85,6.15,6.97,74.98,0.0
mogadishu,20190412,2.04,45.34,7.1969,28.85,5.49,6.19,74.35,0.0
mogadishu,20190413,2.04,45.34,7.4832,28.72,5.18,5.84,74.03,0.0
mogadishu,20190414,2.04,45.34,7.4774,28.4,5.13,5.78,75.83,0.0
mogadishu,20190415,2.04,45.34,7.4011,28.51,5.11,5.74,77.69,0.0
mogadishu,20190416,2.04,45.34,7.1549,28.61,4.91,5.45,77.7,0.0
mogadishu,20190417,2.04,45.34,6.6862,28.76,4.53,5.05,76.39,0.01
mogadishu,20190418,2.04,45.34,7.0673,28.99,4.76,5.34,75.86,0.0
mogadishu,20190419,2.04,45.34,6.643,29.28,4.3,4.76,74.11,0.01
mogadishu,20190420,2.04,45.34,6.8134,29.24,4.04,4.55,75.79,0.02
mogadishu,20190421,2.04,45.34,5.9909,29.68,4.98,5.63,77.74,0.09
mogadishu,20190422,2.04,45.34,6.3341,29.99,4.04,4.58,76.71,0.21
mogadishu,20190423,2.04,45.34,4.9894,29.99,3.74,4.23,76.16,0.28
mogadishu,20190424,2.04,45.34,5.1706,29.08,2.25,2.53,78.38,0.46
mogadishu,20190425,2.04,45.34,5.4454,29.56,4.92,5.55,77.57,0.52
mogadishu,20190426,2.04,45.34,6.3156,29.87,6.37,7.27,77.81,0.41
mogadishu,20190427,2.04,45.34,5.8349,29.77,4.98,5.64,75.04,0.49
mogadishu,20190428,2.04,45.34,6.9259,29.35,3.67,4.03,76.19,0.1
mogadishu,20190429,2.04,45.34,6.9756,29.28,4.03,4.47,78.51,0.15
mogadishu,20190430,2.04,45.34,7.0289,29.18,5.14,5.77,81.06,0.09
mogadishu,20190501,2.04,45.34,6.894,29.51,5.73,6.49,78.98,0.01
mogadishu,20190502,2.04,45.34,6.3497,29.94,5.9,6.76,78.01,0.03
mogadishu,20190503,2.04,45.34,5.7934,29.56,6.46,7.38,78.57,0.05
mogadishu,20190504,2.04,45.34,6.3934,29.47,5.54,6.25,77.02,0.03
mogadishu,20190505,2.04,45.34,6.6175,29.57,4.43,4.97,74.33,0.03
mogadishu,20190506,2.04,45.34,6.155,29.53,4.69,5.23,78.1,0.07
mogadishu,20190507,2.04,45.34,4.5466,29.44,6.23,7.12,80.22,0.14
mogadishu,20190508,2.04,45.34,4.4546,29.17,4.8,5.52,78.58,0.64
mogadishu,20190509,2.04,45.34,6.4402,28.75,4.67,5.28,81.9,0.19
mogadishu,20190510,2.04,45.34,6.6026,29.41,5.41,6.12,76.59,0.17
mogadishu,20190511,2.04,45.34,6.5851,29.09,5.1,5.8,77.16,1.46
mogadishu,20190512,2.04,45.34,6.2503,28.97,4.51,5.09,79.94,1.05
mogadishu,20190513,2.04,45.34,5.4641,28.67,4.28,4.87,83.38,0.19
mogadishu,20190514,2.04,45.34,6.5662,28.99,4.75,5.38,79.52,0.16
mogadishu,20190515,2.04,45.34,6.5722,29.09,4.21,4.82,78.16,0.05
mogadishu,20190516,2.04,45.34,6.9031,29.04,4.18,4.75,78.58,0.0
mogadishu,20190517,2.04,45.34,6.7618,28.52,4.25,4.8,80.99,0.01
mogadishu,20190518,2.04,45.34,6.0379,28.38,4.4,4.99,81.92,0.04
mogadishu,20190519,2.04,45.34,6.1771,28.13,5.18,5.97,84.08,0.02
mogadishu,20190520,2.04,45.34,5.9662,28.44,5.55,6.41,78.07,0.01
mogadishu,20190521,2.04,45.34,5.8961,28.21,4.04,4.59,79.46,0.34
mogadishu,20190522,2.04,45.34,5.2087,27.8,3.93,4.43,82.81,0.77
mogadishu,20190523,2.04,45.34,5.9921,27.87,4.21,4.73,81.94,0.26
mogadishu,20190524,2.04,45.34,5.8716,28.31,5.99,6.82,78.69,0.35
mogadishu,20190525,2.04,45.34,6.1433,28.31,6.8,7.7,79.59,0.11
mogadishu,20190526,2.04,45.34,6.1613,28.16,6.52,7.4,81.99,0.67
mogadishu,20190527,2.04,45.34,5.8399,28.39,6.89,7.91,81.02,2.05
mogadishu,20190528,2.04,45.34,5.6316,28.48,7.13,8.26,80.51,8.11
mogadishu,20190529,2.04,45.34,6.0353,28.04,7.08,8.31,81.18,7.94
mogadishu,20190530,2.04,45.34,6.1908,28.02,7.61,8.9,81.11,1.02
mogadishu,20190531,2.04,45.34,6.0223,27.98,8.07,9.45,75.39,0.3
mogadishu,20190601,2.04,45.34,6.0216,27.91,7.34,8.56,75.57,0.32
mogadishu,20190602,2.04,45.34,5.0568,28.0,7.39,8.65,75.61,0.47
mogadishu,20190603,2.04,45.34,4.8067,27.83,7.95,9.25,75.56,1.26
mogadishu,20190604,2.04,45.34,5.1715,27.45,8.05,9.32,76.67,1.27
mogadishu,20190605,2.04,45.34,4.9961,27.64,8.36,9.72,77.98,0.13
mogadishu,20190606,2.04,45.34,5.3935,27.43,8.22,9.57,81.52,0.15
mogadishu,20190607,2.04,45.34,5.5678,27.32,7.85,9.14,80.17,0.1
mogadishu,20190608,2.04,45.34,5.7994,27.77,8.95,10.63,81.16,0.1
mogadishu,20190609,2.04,45.34,5.6875,27.79,9.86,11.73,79.34,0.08
mogadishu,20190610,2.04,45.34,4.3166,27.53,9.28,10.99,77.63,10.73
mogadishu,20190611,2.04,45.34,4.2715,26.89,8.32,9.93,85.39,29.08
mogadishu,20190612,2.04,45.34,5.5313,26.93,9.25,11.08,84.32,10.63
mogadishu,20190613,2.04,45.34,5.6131,26.94,8.67,10.37,84.53,10.15
mogadishu,20190614,2.04,45.34,5.5346,26.59,8.99,10.75,84.82,7.12
mogadishu,20190615,2.04,45.34,5.3318,26.68,9.16,10.89,79.97,0.01
mogadishu,20190616,2.04,45.34,4.9274,26.56,8.9,10.48,79.72,0.0
mogadishu,20190617,2.04,45.34,5.1926,26.81,8.38,9.88,82.08,0.03
mogadishu,20190618,2.04,45.34,6.3478,26.69,8.4,9.82,82.92,0.0
mogadishu,20190619,2.04,45.34,5.5783,26.71,9.03,10.58,82.34,0.01
mogadishu,20190620,2.04,45.34,5.7324,26.64,9.04,10.57,79.05,0.0
mogadishu,20190621,2.04,45.34,4.849,26.56,8.7,10.15,79.62,0.0
mogadishu,20190622,2.04,45.34,5.7137,26.59,8.02,9.31,81.38,0.0
mogadishu,20190623,2.04,45.34,5.8481,26.52,7.56,8.77,80.65,0.0
mogadishu,20190624,2.04,45.34,5.7442,26.69,7.21,8.35,81.13,0.0
mogadishu,20190625,2.04,45.34,5.9071,26.41,6.76,7.79,81.32,0.0
mogadishu,20190626,2.04,45.34,5.8411,26.82,7.85,9.19,77.06,0.0
mogadishu,20190627,2.04,45.34,5.5138,26.55,8.72,10.19,76.67,0.0
mogadishu,20190628,2.04,45.34,4.691,26.43,8.87,10.37,77.87,0.0
mogadishu,20190629,2.04,45.34,6.4075,26.38,8.65,10.14,77.66,0.0
mogadishu,20190630,2.04,45.34,5.0861,26.57,8.14,9.63,81.27,0.02
mogadishu,20190701,2.04,45.34,5.3534,26.73,8.27,9.78,82.86,0.03
mogadishu,20190702,2.04,45.34,6.0835,26.61,8.81,10.3,76.48,0.01
mogadishu,20190703,2.04,45.34,6.1949,26.44,8.46,9.86,77.82,0.0
mogadishu,20190704,2.04,45.34,6.2323,26.59,8.58,10.08,79.47,0.01
mogadishu,20190705,2.04,45.34,6.2153,26.66,8.81,10.4,80.91,0.32
mogadishu,20190706,2.04,45.34,5.9035,26.54,8.09,9.52,83.88,0.42
mogadishu,20190707,2.04,45.34,5.3654,26.48,6.98,8.24,86.12,0.84
mogadishu,20190708,2.04,45.34,4.6675,26.52,6.67,7.82,86.38,0.77
mogadishu,20190709,2.04,45.34,5.1214,26.62,7.62,8.98,84.02,0.38
mogadishu,20190710,2.04,45.34,5.2416,26.76,7.83,9.25,82.72,1.35
mogadishu,20190711,2.04,45.34,5.3765,26.61,7.92,9.33,83.11,2.84
mogadishu,20190712,2.04,45.34,5.9016,26.58,7.79,9.12,79.22,0.79
mogadishu,20190713,2.04,45.34,5.0741,26.48,8.05,9.54,85.32,8.17
mogadishu,20190714,2.04,45.34,5.0239,26.04,7.74,9.18,86.08,7.2
mogadishu,20190715,2.04,45.34,6.1306,25.83,7.47,8.73,80.8,0.01
mogadishu,20190716,2.04,45.34,4.5149,26.01,8.8,10.34,81.75,0.03
mogadishu,20190717,2.04,45.34,4.998,25.96,9.28,10.87,78.25,0.03
mogadishu,20190718,2.04,45.34,5.6849,25.61,8.18,9.45,78.13,0.0
mogadishu,20190719,2.04,45.34,6.5141,25.7,8.55,9.94,78.58,0.01
mogadishu,20190720,2.04,45.34,5.8116,25.57,8.65,10.07,80.91,0.48
mogadishu,20190721,2.04,45.34,6.4495,25.8,8.69,10.16,78.31,0.21
mogadishu,20190722,2.04,45.34,5.9873,25.77,9.82,11.63,78.97,0.97
mogadishu,20190723,2.04,45.34,4.1069,25.66,10.26,12.14,81.41,4.46
mogadishu,20190724,2.04,45.34,2.4888,25.43,9.63,11.29,81.2,3.62
mogadishu,20190725,2.04,45.34,3.1985,25.09,9.5,11.07,79.63,0.0
mogadishu,20190726,2.04,45.34,4.4378,25.08,8.99,10.47,76.32,0.0
mogadishu,20190727,2.04,45.34,4.5098,25.28,8.63,10.03,80.33,0.0
mogadishu,20190728,2.04,45.34,4.8096,25.54,8.36,9.75,82.61,0.0
mogadishu,20190729,2.04,45.34,4.0471,25.53,7.86,9.13,82.61,0.0
mogadishu,20190730,2.04,45.34,4.9493,25.67,7.19,8.3,82.77,0.03
mogadishu,20190731,2.04,45.34,5.5111,25.67,6.6,7.59,82.72,0.02
mogadishu,20190801,2.04,45.34,5.7869,25.7,6.35,7.32,81.86,0.01
mogadishu,20190802,2.04,45.34,6.2806,25.64,6.41,7.37,85.84,0.03
mogadishu,20190803,2.04,45.34,5.0686,25.91,7.93,9.23,84.18,0.05
mogadishu,20190804,2.04,45.34,4.8257,25.88,8.1,9.53,84.28,0.01
mogadishu,20190805,2.04,45.34,4.9682,25.91,7.76,9.14,86.19,0.03
mogadishu,20190806,2.04,45.34,5.2222,26.04,7.38,8.65,85.96,0.01
mogadishu,20190807,2.04,45.34,5.4905,25.9,7.08,8.25,83.28,0.01
mogadishu,20190808,2.04,45.34,6.667,25.85,7.62,8.85,80.04,0.0
mogadishu,20190809,2.04,45.34,6.8851,25.82,7.79,9.06,79.32,0.0
mogadishu,20190810,2.04,45.34,5.3779,25.78,8.41,9.82,80.13,0.0
mogadishu,20190811,2.04,45.34,6.1802,25.65,9.07,10.59,79.57,0.01
mogadishu,20190812,2.04,45.34,6.2086,25.72,8.84,10.31,77.94,0.0
mogadishu,20190813,2.04,45.34,4.7498,25.82,8.78,10.29,81.19,0.01
mogadishu,20190814,2.04,45.34,5.9568,25.29,8.8,10.28,76.21,1.21
mogadishu,20190815,2.04,45.34,6.5206,25.25,8.46,9.88,78.53,0.7
mogadishu,20190816,2.04,45.34,6.1517,25.49,8.37,9.77,78.98,1.38
mogadishu,20190817,2.04,45.34,5.1893,25.46,8.71,10.15,79.47,1.07
mogadishu,20190818,2.04,45.34,5.9962,25.38,8.67,10.12,78.44,1.72
mogadishu,20190819,2.04,45.34,6.8026,25.36,8.51,9.94,79.82,0.0
mogadishu,20190820,2.04,45.34,6.1699,25.58,8.08,9.5,83.29,0.0
mogadishu,20190821,2.04,45.34,5.3189,25.7,8.75,10.33,84.59,0.01
mogadishu,20190822,2.04,45.34,6.0,25.85,9.11,10.79,83.38,0.0
mogadishu,20190823,2.04,45.34,6.3912,25.97,8.96,10.58,83.72,0.0
mogadishu,20190824,2.04,45.34,4.7628,25.69,7.32,8.51,85.68,2.42
mogadishu,20190825,2.04,45.34,5.838,25.97,7.83,9.15,84.12,1.91
mogadishu,20190826,2.04,45.34,4.9838,25.68,7.98,9.32,82.09,1.59
mogadishu,20190827,2.04,45.34,6.6775,25.66,7.45,8.63,82.67,1.42
mogadishu,20190828,2.04,45.34,6.7826,25.63,7.82,9.18,79.23,0.61
mogadishu,20190829,2.04,45.34,5.5793,25.88,6.91,8.08,81.87,0.0
mogadishu,20190830,2.04,45.34,6.0898,25.92,7.32,8.61,85.74,0.0
mogadishu,20190831,2.04,45.34,6.0782,26.02,7.25,8.52,83.64,0.0
mogadishu,20190901,2.04,45.34,5.6669,25.95,6.99,8.15,80.92,0.0
mogadishu,20190902,2.04,45.34,5.532,25.94,7.23,8.44,80.93,0.0
mogadishu,20190903,2.04,45.34,6.5434,26.12,8.0,9.39,81.92,0.0
mogadishu,20190904,2.04,45.34,6.3142,26.16,7.88,9.27,83.03,0.0
mogadishu,20190905,2.04,45.34,6.4742,26.25,7.75,9.1,82.17,0.0
mogadishu,20190906,2.04,45.34,6.426,26.24,8.06,9.44,78.88,0.0
mogadishu,20190907,2.04,45.34,6.7687,26.17,8.78,10.26,77.37,0.0
mogadishu,20190908,2.04,45.34,5.8805,26.18,8.46,9.92,82.25,2.75
mogadishu,20190909,2.04,45.34,4.5564,26.18,6.56,7.64,83.87,2.85
mogadishu,20190910,2.04,45.34,5.6957,26.17,6.49,7.56,81.85,0.92
mogadishu,20190911,2.04,45.34,5.7305,26.16,7.72,9.05,81.0,2.77
mogadishu,20190912,2.04,45.34,6.6852,26.18,6.1,7.14,79.31,0.13
mogadishu,20190913,2.04,45.34,5.4314,26.3,5.82,6.79,85.17,0.82
mogadishu,20190914,2.04,45.34,5.2022,26.31,6.76,7.88,82.94,0.53
mogadishu,20190915,2.04,45.34,6.4291,26.4,6.61,7.69,81.64,0.35
mogadishu,20190916,2.04,45.34,5.9033,26.2,7.28,8.42,78.86,0.29
mogadishu,20190917,2.04,45.34,7.0658,26.23,7.32,8.52,79.52,0.12
mogadishu,20190918,2.04,45.34,6.455,26.29,7.03,8.2,81.98,0.0
mogadishu,20190919,2.04,45.34,6.395,26.31,6.91,8.05,82.19,0.0
mogadishu,20190920,2.04,45.34,6.3017,26.29,7.63,8.9,79.49,0.0
mogadishu,20190921,2.04,45.34,6.87,26.28,7.57,8.74,78.2,0.0
mogadishu,20190922,2.04,45.34,6.7613,26.31,7.46,8.66,74.22,0.0
mogadishu,20190923,2.04,45.34,7.1083,26.24,6.77,7.85,75.7,0.02
mogadishu,20190924,2.04,45.34,6.9588,26.25,6.78,7.92,78.85,0.02
mogadishu,20190925,2.04,45.34,7.1885,26.63,7.37,8.66,81.02,0.06
mogadishu,20190926,2.04,45.34,5.7242,26.61,7.58,8.88,80.4,0.17
mogadishu,20190927,2.04,45.34,6.2266,26.55,7.11,8.32,77.56,0.04
mogadishu,20190928,2.04,45.34,6.3598,26.59,6.24,7.28,80.23,0.01
mogadishu,20190929,2.04,45.34,6.9259,26.59,5.15,6.02,83.0,0.01
mogadishu,20190930,2.04,45.34,5.8217,26.68,4.55,5.18,79.95,0.01
mogadishu,20191001,2.04,45.34,6.8863,26.85,4.84,5.54,81.43,0.03
mogadishu,20191002,2.04,45.34,6.4354,26.96,4.45,5.11,78.42,0.03
mogadishu,20191003,2.04,45.34,6.4474,27.03,4.35,5.0,77.69,1.42
mogadishu,20191004,2.04,45.34,6.4793,26.57,3.83,4.35,85.22,4.32
mogadishu,20191005,2.04,45.34,6.4747,26.51,4.49,5.09,85.38,5.29
mogadishu,20191006,2.04,45.34,6.1169,26.39,4.85,5.66,88.08,6.17
mogadishu,20191007,2.04,45.34,6.2635,26.91,5.7,6.66,82.9,4.54
mogadishu,20191008,2.04,45.34,5.7564,27.34,4.11,4.74,78.38,0.34
mogadishu,20191009,2.04,45.34,5.1442,26.92,4.93,5.63,80.37,0.74
mogadishu,20191010,2.04,45.34,6.2789,27.0,4.55,5.16,81.01,0.24
mogadishu,20191011,2.04,45.34,5.5478,26.87,4.15,4.68,81.75,0.35
mogadishu,20191012,2.04,45.34,6.0146,27.16,4.81,5.45,81.38,0.18
mogadishu,20191013,2.04,45.34,5.88,27.47,4.9,5.64,79.93,0.19
mogadishu,20191014,2.04,45.34,5.4353,27.62,5.31,6.11,80.91,0.17
mogadishu,20191015,2.04,45.34,6.0787,27.65,6.04,6.97,81.09,0.16
mogadishu,20191016,2.04,45.34,5.7516,27.23,4.11,4.72,82.52,0.15
mogadishu,20191017,2.04,45.34,5.982,27.29,3.86,4.42,81.41,0.11
mogadishu,20191018,2.04,45.34,6.6137,27.34,4.67,5.32,82.11,1.62
mogadishu,20191019,2.04,45.34,6.0955,27.05,3.48,3.98,83.43,1.43
mogadishu,20191020,2.04,45.34,6.3703,27.13,3.96,4.53,82.86,7.11
mogadishu,20191021,2.04,45.34,6.6559,26.73,4.51,5.26,87.82,35.89
mogadishu,20191022,2.04,45.34,5.4958,27.27,3.59,4.18,85.51,5.41
mogadishu,20191023,2.04,45.34,5.6126,27.06,3.27,3.72,85.82,0.08
mogadishu,20191024,2.04,45.34,6.653,27.33,2.87,3.28,80.59,0.03
mogadishu,20191025,2.04,45.34,6.6446,27.45,3.78,4.31,81.76,0.02
mogadishu,20191026,2.04,45.34,6.1603,27.32,3.75,4.25,81.65,0.02
mogadishu,20191027,2.04,45.34,6.149,27.33,3.93,4.49,82.15,0.02
mogadishu,20191028,2.04,45.34,6.6677,27.4,3.96,4.56,83.01,0.01
mogadishu,20191029,2.04,45.34,6.2702,27.52,3.94,4.51,81.61,0.03
mogadishu,20191030,2.04,45.34,6.0461,27.82,4.09,4.68,80.19,0.06
mogadishu,20191031,2.04,45.34,6.8172,28.01,4.08,4.7,76.31,0.03
mogadishu,20191101,2.04,45.34,6.665,27.71,6.38,7.42,82.07,0.13
mogadishu,20191102,2.04,45.34,5.9465,27.64,6.27,7.27,80.26,0.18
mogadishu,20191103,2.04,45.34,5.7698,27.58,5.97,6.95,79.19,0.41
mogadishu,20191104,2.04,45.34,5.9342,27.85,5.43,6.28,77.08,0.54
mogadishu,20191105,2.04,45.34,5.2114,27.62,4.67,5.36,77.05,0.09
mogadishu,20191106,2.04,45.34,5.4794,27.49,3.83,4.34,77.64,0.05
mogadishu,20191107,2.04,45.34,5.8992,27.71,4.12,4.74,79.58,0.15
mogadishu,20191108,2.04,45.34,5.5946,27.79,4.1,4.66,78.69,0.08
mogadishu,20191109,2.04,45.34,6.3586,27.94,3.28,3.68,75.91,0.08
mogadishu,20191110,2.04,45.34,5.8334,27.99,3.52,3.98,77.51,0.29
mogadishu,20191111,2.04,45.34,5.9892,27.97,5.38,6.23,79.23,0.25
mogadishu,20191112,2.04,45.34,6.0391,28.08,6.27,7.26,78.14,0.06
mogadishu,20191113,2.04,45.34,6.3142,28.14,6.28,7.26,79.26,0.0
mogadishu,20191114,2.04,45.34,6.4819,28.22,6.22,7.18,79.51,0.03
mogadishu,20191115,2.04,45.34,6.815,28.19,6.97,8.1,79.68,0.01
mogadishu,20191116,2.04,45.34,6.876,28.35,8.51,9.99,77.75,0.0
mogadishu,20191117,2.04,45.34,5.9971,28.48,7.04,8.18,78.78,0.17
mogadishu,20191118,2.04,45.34,5.017,27.95,4.97,5.74,82.01,0.64
mogadishu,20191119,2.04,45.34,4.4815,27.05,4.59,5.25,82.66,0.32
mogadishu,20191120,2.04,45.34,6.384,27.2,2.86,3.2,79.45,0.25
mogadishu,20191121,2.04,45.34,5.923,27.43,4.13,4.6,82.02,0.17
mogadishu,20191122,2.04,45.34,6.5482,27.48,6.17,7.09,84.56,0.39
mogadishu,20191123,2.04,45.34,5.2894,28.37,7.22,8.43,80.49,1.83
mogadishu,20191124,2.04,45.34,3.9811,27.76,6.8,7.94,81.94,2.94
mogadishu,20191125,2.04,45.34,3.0686,26.47,2.91,3.27,80.13,1.94
mogadishu,20191126,2.04,45.34,2.2217,27.36,2.34,2.71,72.94,7.91
mogadishu,20191127,2.04,45.34,5.473,27.54,6.73,7.88,80.66,0.08
mogadishu,20191128,2.04,45.34,6.2609,27.91,7.0,8.23,77.27,0.0
mogadishu,20191129,2.04,45.34,6.5921,27.99,5.53,6.45,76.38,0.0
mogadishu,20191130,2.04,45.34,5.7206,27.95,4.36,5.16,77.0,0.0
mogadishu,20191201,2.04,45.34,5.9674,28.15,4.31,5.02,73.61,0.0
mogadishu,20191202,2.04,45.34,6.3125,28.19,3.62,4.21,75.37,0.0
mogadishu,20191203,2.04,45.34,5.933,27.66,2.65,2.93,77.67,0.0
mogadishu,20191204,2.04,45.34,6.1538,27.99,2.98,3.31,77.11,0.0
mogadishu,20191205,2.04,45.34,6.2515,28.16,3.89,4.39,75.08,0.0
mogadishu,20191206,2.04,45.34,6.4262,28.44,3.23,3.73,74.39,0.0
mogadishu,20191207,2.04,45.34,5.4055,28.3,3.38,3.82,78.46,2.67
mogadishu,20191208,2.04,45.34,4.4633,27.77,6.07,7.07,83.3,2.09
mogadishu,20191209,2.04,45.34,6.5083,28.09,7.25,8.41,79.73,0.25
mogadishu,20191210,2.04,45.34,6.1889,27.99,6.69,7.69,81.28,0.09
mogadishu,20191211,2.04,45.34,5.0558,27.98,5.19,5.98,80.92,0.22
mogadishu,20191212,2.04,45.34,5.4468,27.71,4.78,5.46,80.6,0.05
mogadishu,20191213,2.04,45.34,6.127,27.76,5.18,5.96,80.39,0.1
mogadishu,20191214,2.04,45.34,6.4728,28.0,6.26,7.13,78.89,0.07
mogadishu,20191215,2.04,45.34,5.8138,28.15,6.24,7.14,81.21,0.04
mogadishu,20191216,2.04,45.34,6.5491,28.23,7.0,8.06,76.02,0.01
mogadishu,20191217,2.04,45.34,6.8088,28.46,7.78,9.05,72.85,0.01
mogadishu,20191218,2.04,45.34,6.8652,28.34,7.84,9.11,72.64,0.01
mogadishu,20191219,2.04,45.34,6.1565,28.32,7.77,9.12,78.95,0.24
mogadishu,20191220,2.04,45.34,6.45,28.42,8.76,10.31,75.19,0.03
mogadishu,20191221,2.04,45.34,6.6593,28.04,9.49,11.14,73.94,0.01
mogadishu,20191222,2.04,45.34,6.041,27.63,8.39,9.73,77.05,0.01
mogadishu,20191223,2.04,45.34,6.6324,27.54,7.23,8.31,76.96,0.0
mogadishu,20191224,2.04,45.34,6.66,27.73,7.25,8.38,74.9,0.01
mogadishu,20191225,2.04,45.34,6.7615,27.62,8.24,9.58,74.18,0.01
mogadishu,20191226,2.04,45.34,6.7162,27.4,8.28,9.62,76.38,0.01
mogadishu,20191227,2.04,45.34,6.8587,27.29,7.82,9.07,76.05,0.0
mogadishu,20191228,2.04,45.34,6.839,27.42,7.98,9.26,80.74,0.0
mogadishu,20191229,2.04,45.34,6.0586,27.78,8.23,9.54,79.8,0.0
mogadishu,20191230,2.04,45.34,6.6878,27.52,7.88,9.09,79.94,0.0
mogadishu,20191231,2.04,45.34,6.3725,27.91,7.77,9.05,79.7,0.0
mogadishu,20200101,2.04,45.34,6.3845,27.74,8.03,9.29,79.58,0.0
mogadishu,20200102,2.04,45.34,6.2458,27.95,8.07,9.38,79.68,0.0
mogadishu,20200103,2.04,45.34,4.7652,27.82,8.35,9.74,78.71,0.0
mogadishu,20200104,2.04,45.34,5.9806,27.46,6.68,7.63,78.67,0.0
mogadishu,20200105,2.04,45.34,6.7034,27.72,5.76,6.56,81.81,0.0
mogadishu,20200106,2.04,45.34,6.3238,27.7,6.42,7.3,83.13,0.01
mogadishu,20200107,2.04,45.34,5.6921,27.7,6.97,8.05,83.43,0.01
mogadishu,20200108,2.04,45.34,6.131,27.66,7.71,8.89,80.04,0.0
mogadishu,20200109,2.04,45.34,6.7056,27.73,7.59,8.77,75.07,0.0
mogadishu,20200110,2.04,45.34,6.3742,27.49,6.48,7.42,79.42,0.0
mogadishu,20200111,2.04,45.34,6.1594,27.74,5.29,6.04,80.96,0.03
mogadishu,20200112,2.04,45.34,5.3599,27.86,6.28,7.21,82.22,0.04
mogadishu,20200113,2.04,45.34,5.2524,27.98,9.93,11.61,76.06,0.02
mogadishu,20200114,2.04,45.34,5.1338,27.88,9.8,11.46,75.25,0.01
mogadishu,20200115,2.04,45.34,6.4766,27.6,9.81,11.42,74.27,0.01
mogadishu,20200116,2.04,45.34,6.8381,27.25,9.95,11.57,72.23,0.0
mogadishu,20200117,2.04,45.34,6.8803,27.13,9.67,11.24,69.04,0.0
mogadishu,20200118,2.04,45.34,6.9802,27.34,9.82,11.51,70.76,0.0
mogadishu,20200119,2.04,45.34,6.7279,27.17,9.13,10.67,74.0,0.0
mogadishu,20200120,2.04,45.34,6.8748,27.41,8.73,10.22,75.53,0.0
mogadishu,20200121,2.04,45.34,6.9146,27.48,9.13,10.7,77.62,0.0
mogadishu,20200122,2.04,45.34,6.8023,27.68,9.15,10.74,79.69,0.0
mogadishu,20200123,2.04,45.34,6.859,27.8,8.85,10.38,81.44,0.0
mogadishu,20200124,2.04,45.34,6.1723,27.9,8.44,9.94,84.13,0.0
mogadishu,20200125,2.04,45.34,5.1228,27.82,8.47,10.01,83.86,0.0
mogadishu,20200126,2.04,45.34,6.4843,27.8,7.93,9.32,83.07,0.0
mogadishu,20200127,2.04,45.34,5.5834,27.54,9.24,10.87,77.76,0.0
mogadishu,20200128,2.04,45.34,4.8413,27.34,9.65,11.32,75.37,0.0
mogadishu,20200129,2.04,45.34,6.3898,27.15,9.62,11.19,74.74,0.0
mogadishu,20200130,2.04,45.34,6.7414,27.06,8.19,9.42,74.24,0.0
mogadishu,20200131,2.04,45.34,6.8647,27.51,8.08,9.31,73.5,0.0
mogadishu,20200201,2.04,45.34,6.8974,27.35,7.59,8.71,74.51,0.0
mogadishu,20200202,2.04,45.34,6.3871,27.33,7.72,8.85,75.81,0.0
mogadishu,20200203,2.04,45.34,7.1976,27.0,8.1,9.32,75.16,0.0
mogadishu,20200204,2.04,45.34,7.2336,27.02,8.51,9.82,76.12,0.0
mogadishu,20200205,2.04,45.34,6.8976,26.85,8.38,9.69,74.36,0.0
mogadishu,20200206,2.04,45.34,6.7183,26.89,8.54,9.91,75.17,0.0
mogadishu,20200207,2.04,45.34,7.1018,26.69,8.26,9.56,76.12,0.0
mogadishu,20200208,2.04,45.34,7.1892,26.78,6.73,7.75,77.74,0.0
mogadishu,20200209,2.04,45.34,6.9406,26.95,5.52,6.32,80.55,0.0
mogadishu,20200210,2.04,45.34,7.1902,27.1,5.17,5.85,79.98,0.0
mogadishu,20200211,2.04,45.34,5.8322,27.33,5.5,6.21,78.72,0.0
mogadishu,20200212,2.04,45.34,6.7872,27.46,8.12,9.38,77.98,0.0
mogadishu,20200213,2.04,45.34,6.8342,27.86,9.88,11.75,77.28,0.0
mogadishu,20200214,2.04,45.34,5.3297,27.29,10.39,12.27,80.42,0.0
mogadishu,20200215,2.04,45.34,6.1675,27.56,8.16,9.52,79.89,0.0
mogadishu,20200216,2.04,45.34,6.7922,27.8,8.21,9.53,78.74,0.0
mogadishu,20200217,2.04,45.34,6.8114,27.68,8.03,9.21,77.81,0.0
mogadishu,20200218,2.04,45.34,6.9883,27.73,7.64,8.71,76.2,0.0
mogadishu,20200219,2.04,45.34,7.2031,27.97,6.55,7.46,76.38,0.0
mogadishu,20200220,2.04,45.34,6.9415,28.32,5.99,6.84,76.94,0.0
mogadishu,20200221,2.04,45.34,7.0061,28.63,7.05,8.1,79.36,0.0
mogadishu,20200222,2.04,45.34,5.82,28.38,8.67,10.06,80.13,0.0
mogadishu,20200223,2.04,45.34,7.2641,27.82,9.36,10.75,74.8,0.0
mogadishu,20200224,2.04,45.34,6.8098,28.14,8.43,9.71,76.58,0.0
mogadishu,20200225,2.04,45.34,6.7327,28.62,8.76,10.14,78.51,0.0
mogadishu,20200226,2.04,45.34,5.6398,28.14,7.9,9.05,81.05,0.0
mogadishu,20200227,2.04,45.34,5.911,28.31,8.02,9.22,77.11,0.0
mogadishu,20200228,2.04,45.34,6.9257,28.22,8.03,9.24,73.84,0.0
mogadishu,20200229,2.04,45.34,7.2478,27.88,7.07,8.03,73.79,0.0
mogadishu,20200301,2.04,45.34,7.279,27.75,7.59,8.65,75.24,0.0
mogadishu,20200302,2.04,45.34,7.398,27.7,7.94,9.07,76.75,0.0
mogadishu,20200303,2.04,45.34,6.8554,27.5,7.73,8.83,76.55,0.0
mogadishu,20200304,2.04,45.34,6.6684,27.7,5.94,6.76,78.4,0.0
mogadishu,20200305,2.04,45.34,7.1508,28.43,4.35,4.86,75.56,0.0
mogadishu,20200306,2.04,45.34,7.2977,28.4,5.18,5.87,79.42,0.0
mogadishu,20200307,2.04,45.34,7.0008,28.56,5.46,6.19,77.61,0.0
mogadishu,20200308,2.04,45.34,6.2998,28.22,6.36,7.2,75.32,0.0
mogadishu,20200309,2.04,45.34,6.5844,28.22,6.74,7.66,76.9,0.0
mogadishu,20200310,2.04,45.34,5.5577,28.04,7.9,8.97,76.19,0.0
mogadishu,20200311,2.04,45.34,6.8695,27.97,9.24,10.66,73.28,0.0
mogadishu,20200312,2.04,45.34,7.2881,28.48,9.01,10.47,76.41,0.0
mogadishu,20200313,2.04,45.34,7.1837,28.59,8.72,10.14,78.07,0.0
mogadishu,20200314,2.04,45.34,7.1194,28.82,7.49,8.71,79.54,0.0
mogadishu,20200315,2.04,45.34,6.8714,28.75,6.76,7.73,80.4,0.0
mogadishu,20200316,2.04,45.34,6.9737,28.87,7.23,8.31,81.61,0.0
mogadishu,20200317,2.04,45.34,7.0224,29.03,8.03,9.32,78.0,0.0
mogadishu,20200318,2.04,45.34,7.1184,28.82,6.72,7.65,78.66,0.0
mogadishu,20200319,2.04,45.34,7.0956,28.98,5.51,6.27,79.14,0.0
mogadishu,20200320,2.04,45.34,7.3212,28.65,4.9,5.5,79.55,0.0
mogadishu,20200321,2.04,45.34,7.4868,28.34,4.78,5.42,76.37,0.0
mogadishu,20200322,2.04,45.34,7.4664,28.74,4.86,5.44,74.81,0.0
mogadishu,20200323,2.04,45.34,7.3366,28.78,4.68,5.25,76.1,0.0
mogadishu,20200324,2.04,45.34,6.5659,28.98,4.27,4.79,76.0,0.01
mogadishu,20200325,2.04,45.34,6.727,29.05,4.03,4.46,76.72,0.0
mogadishu,20200326,2.04,45.34,4.6639,29.03,4.21,4.63,77.43,0.07
mogadishu,20200327,2.04,45.34,3.8215,29.1,5.8,6.61,77.46,0.03
mogadishu,20200328,2.04,45.34,6.7594,29.15,5.81,6.61,80.34,0.03
mogadishu,20200329,2.04,45.34,6.5026,28.96,4.5,5.09,80.89,0.04
mogadishu,20200330,2.04,45.34,7.0406,28.78,4.06,4.58,79.62,0.04
mogadishu,20200331,2.04,45.34,6.8354,29.0,4.06,4.55,78.28,0.01
mogadishu,20200401,2.04,45.34,6.5962,29.02,4.36,4.94,80.63,0.02
mogadishu,20200402,2.04,45.34,6.4078,29.31,5.21,5.9,78.83,0.03
mogadishu,20200403,2.04,45.34,7.1813,28.81,5.83,6.56,77.85,0.01
mogadishu,20200404,2.04,45.34,7.1162,28.83,5.63,6.27,75.61,0.01
mogadishu,20200405,2.04,45.34,6.5258,29.44,6.16,6.99,74.26,0.01
mogadishu,20200406,2.04,45.34,7.3399,29.76,7.13,8.16,70.49,0.0
mogadishu,20200407,2.04,45.34,6.9744,29.63,6.65,7.56,71.96,0.01
mogadishu,20200408,2.04,45.34,6.9718,29.16,5.51,6.2,77.54,0.01
mogadishu,20200409,2.04,45.34,6.9878,28.97,4.44,4.95,77.05,0.01
mogadishu,20200410,2.04,45.34,6.6751,29.16,3.36,3.67,73.8,0.01
mogadishu,20200411,2.04,45.34,6.5501,29.38,3.9,4.3,75.28,0.12
mogadishu,20200412,2.04,45.34,6.3982,29.49,5.78,6.54,75.14,0.17
mogadishu,20200413,2.04,45.34,6.7601,29.56,5.17,5.8,75.51,0.14
mogadishu,20200414,2.04,45.34,5.4991,29.34,4.42,5.04,78.56,0.27
mogadishu,20200415,2.04,45.34,5.256,29.43,4.08,4.64,78.3,0.26
mogadishu,20200416,2.04,45.34,6.006,30.08,4.11,4.6,71.43,0.08
mogadishu,20200417,2.04,45.34,6.1992,29.94,4.77,5.3,74.25,0.36
mogadishu,20200418,2.04,45.34,6.7877,29.77,5.38,6.03,76.7,0.14
mogadishu,20200419,2.04,45.34,6.071,29.67,4.46,4.96,75.47,0.94
mogadishu,20200420,2.04,45.34,5.2673,29.67,5.67,6.48,77.04,0.98
mogadishu,20200421,2.04,45.34,6.0662,28.39,5.02,5.77,80.15,12.47
mogadishu,20200422,2.04,45.34,6.2254,29.29,3.15,3.62,72.07,0.59
mogadishu,20200423,2.04,45.34,4.4618,28.06,4.0,4.5,81.94,0.83
mogadishu,20200424,2.04,45.34,5.6839,29.09,3.55,4.06,77.44,0.79
mogadishu,20200425,2.04,45.34,3.8081,28.33,4.9,5.56,83.74,2.23
mogadishu,20200426,2.04,45.34,6.1157,28.87,4.95,5.59,78.91,0.16
mogadishu,20200427,2.04,45.34,5.9712,28.88,3.61,4.08,79.07,0.15
mogadishu,20200428,2.04,45.34,6.2083,29.43,3.67,4.2,73.23,0.15
mogadishu,20200429,2.04,45.34,6.3106,29.21,5.81,6.6,78.85,0.1
mogadishu,20200430,2.04,45.34,5.8706,28.99,5.9,6.72,79.45,0.05
mogadishu,20200501,2.04,45.34,5.5094,28.77,4.92,5.56,82.32,0.12
mogadishu,20200502,2.04,45.34,6.5513,29.35,6.16,6.96,79.61,0.05
mogadishu,20200503,2.04,45.34,5.8342,29.27,7.58,8.66,76.37,0.08
mogadishu,20200504,2.04,45.34,6.3079,28.98,5.46,6.22,79.2,0.06
mogadishu,20200505,2.04,45.34,5.0405,29.03,4.26,4.9,79.19,0.06
mogadishu,20200506,2.04,45.34,5.9227,28.2,3.97,4.63,85.43,36.64
mogadishu,20200507,2.04,45.34,5.7074,27.8,4.5,5.26,85.95,156.1
mogadishu,20200508,2.04,45.34,6.1625,27.65,4.32,5.02,84.13,8.7
mogadishu,20200509,2.04,45.34,6.6761,28.73,4.66,5.45,84.55,6.99
mogadishu,20200510,2.04,45.34,6.6346,27.96,4.09,4.77,87.1,52.03
mogadishu,20200511,2.04,45.34,6.6871,28.17,4.66,5.49,86.75,0.0
mogadishu,20200512,2.04,45.34,6.1901,28.0,5.52,6.5,85.16,0.0
mogadishu,20200513,2.04,45.34,6.131,28.3,6.11,7.21,82.6,0.0
mogadishu,20200514,2.04,45.34,6.4644,28.56,6.01,7.19,81.37,0.0
mogadishu,20200515,2.04,45.34,6.3562,28.68,6.15,7.27,80.7,0.0
mogadishu,20200516,2.04,45.34,6.0694,28.64,7.01,8.27,80.25,0.01
mogadishu,20200517,2.04,45.34,6.492,28.38,7.61,8.94,78.29,0.01
mogadishu,20200518,2.04,45.34,6.1274,28.25,6.9,8.07,79.83,0.01
mogadishu,20200519,2.04,45.34,6.288,28.18,7.51,8.74,81.62,0.02
mogadishu,20200520,2.04,45.34,5.6832,28.1,7.42,8.73,79.22,0.02
mogadishu,20200521,2.04,45.34,6.1282,28.24,7.84,9.22,76.97,0.01
mogadishu,20200522,2.04,45.34,5.5594,28.12,7.62,8.95,78.59,0.0
mogadishu,20200523,2.04,45.34,6.1846,28.2,8.36,9.91,80.39,0.02
mogadishu,20200524,2.04,45.34,6.3374,28.12,8.1,9.55,82.51,0.01
mogadishu,20200525,2.04,45.34,6.0144,28.11,6.23,7.33,84.4,0.02
mogadishu,20200526,2.04,45.34,5.8726,28.37,6.37,7.51,83.51,0.0
mogadishu,20200527,2.04,45.34,6.2141,28.28,6.07,7.12,85.14,0.01
mogadishu,20200528,2.04,45.34,6.0084,28.21,6.15,7.25,83.83,0.01
mogadishu,20200529,2.04,45.34,6.7565,28.33,7.12,8.38,75.81,0.0
mogadishu,20200530,2.04,45.34,6.5244,28.27,7.56,8.85,79.88,0.0
mogadishu,20200531,2.04,45.34,5.34,28.33,7.18,8.39,81.51,0.2
mogadishu,20200601,2.04,45.34,5.5958,28.56,8.24,9.79,81.17,0.13
mogadishu,20200602,2.04,45.34,5.9306,28.22,7.28,8.6,82.13,0.31
mogadishu,20200603,2.04,45.34,5.4031,28.29,7.78,9.18,79.3,0.25
mogadishu,20200604,2.04,45.34,5.0774,27.91,8.16,9.65,83.44,0.53
mogadishu,20200605,2.04,45.34,5.0986,27.92,7.26,8.61,85.27,3.05
mogadishu,20200606,2.04,45.34,6.1843,27.95,6.97,8.24,85.7,3.63
mogadishu,20200607,2.04,45.34,5.538,27.49,7.41,8.8,87.53,36.55
mogadishu,20200608,2.04,45.34,4.4498,27.22,8.43,10.07,85.87,19.11
mogadishu,20200609,2.04,45.34,5.6966,27.44,8.54,10.16,79.65,0.43
mogadishu,20200610,2.04,45.34,6.6854,27.71,7.99,9.43,78.68,0.0
mogadishu,20200611,2.04,45.34,6.5018,27.73,9.1,10.78,76.98,0.0
mogadishu,20200612,2.04,45.34,6.175,27.45,8.69,10.28,80.63,0.01
mogadishu,20200613,2.04,45.34,5.6407,27.15,8.59,10.18,78.99,0.0
mogadishu,20200614,2.04,45.34,5.1216,27.28,8.8,10.41,79.28,0.0
mogadishu,20200615,2.04,45.34,5.5891,27.29,9.24,10.97,80.01,3.09
mogadishu,20200616,2.04,45.34,5.5073,26.99,9.18,10.92,81.74,3.75
mogadishu,20200617,2.04,45.34,5.0131,26.82,9.23,10.98,82.28,8.98
mogadishu,20200618,2.04,45.34,5.0258,26.77,8.56,10.17,82.28,4.94
mogadishu,20200619,2.04,45.34,5.129,26.97,9.51,11.33,79.2,1.91
mogadishu,20200620,2.04,45.34,6.0794,27.01,9.92,11.85,79.38,1.57
mogadishu,20200621,2.04,45.34,5.9383,26.89,9.32,11.13,83.67,2.45
mogadishu,20200622,2.04,45.34,5.4415,26.78,8.11,9.69,87.71,3.8
mogadishu,20200623,2.04,45.34,5.9594,26.92,7.88,9.38,85.83,3.91
mogadishu,20200624,2.04,45.34,5.6827,26.88,8.11,9.59,84.22,2.01
mogadishu,20200625,2.04,45.34,5.7857,27.02,7.99,9.42,81.12,0.01
mogadishu,20200626,2.04,45.34,5.3638,26.87,8.22,9.69,83.35,0.02
mogadishu,20200627,2.04,45.34,4.6222,26.91,8.3,9.81,81.43,0.02
mogadishu,20200628,2.04,45.34,5.4074,27.17,7.02,8.34,83.09,0.03
mogadishu,20200629,2.04,45.34,6.1188,27.11,7.11,8.39,83.68,0.01
mogadishu,20200630,2.04,45.34,5.6316,27.04,7.88,9.31,81.51,2.1
mogadishu,20200701,2.04,45.34,5.9042,26.69,9.36,11.1,79.09,0.78
mogadishu,20200702,2.04,45.34,5.3695,26.56,9.31,11.01,78.07,0.81
mogadishu,20200703,2.04,45.34,5.1658,26.63,9.09,10.77,77.57,0.75
mogadishu,20200704,2.04,45.34,5.3784,26.77,8.71,10.3,79.11,0.83
mogadishu,20200705,2.04,45.34,6.4418,26.71,9.51,11.28,82.63,12.89
mogadishu,20200706,2.04,45.34,2.4302,26.41,9.25,11.11,86.04,18.9
mogadishu,20200707,2.04,45.34,5.9477,26.54,7.93,9.5,84.68,9.57
mogadishu,20200708,2.04,45.34,5.8075,26.42,7.62,9.08,83.69,9.3
mogadishu,20200709,2.04,45.34,6.1097,26.21,7.06,8.32,81.45,0.9
mogadishu,20200710,2.04,45.34,5.016,26.3,7.39,8.69,84.15,0.99
mogadishu,20200711,2.04,45.34,6.4346,26.31,8.68,10.28,85.13,2.01
mogadishu,20200712,2.04,45.34,4.319,26.33,8.42,10.03,86.56,3.63
mogadishu,20200713,2.04,45.34,4.5562,26.22,8.27,9.83,83.26,0.91
mogadishu,20200714,2.04,45.34,4.8516,26.18,8.06,9.56,82.54,0.87
mogadishu,20200715,2.04,45.34,5.2145,26.19,8.33,9.91,84.64,5.75
mogadishu,20200716,2.04,45.34,5.2315,26.03,10.11,12.13,83.09,9.34
mogadishu,20200717,2.04,45.34,4.9354,25.86,9.52,11.29,77.15,1.86
mogadishu,20200718,2.04,45.34,3.5491,25.64,10.28,12.23,80.16,6.51
mogadishu,20200719,2.04,45.34,4.5998,25.56,10.07,11.98,80.97,5.96
mogadishu,20200720,2.04,45.34,4.4122,25.76,9.39,11.14,79.71,2.63
mogadishu,20200721,2.04,45.34,3.69,25.63,9.78,11.63,84.56,12.96
mogadishu,20200722,2.04,45.34,5.3849,25.66,9.84,11.73,81.07,3.25
mogadishu,20200723,2.04,45.34,5.4074,25.65,9.84,11.69,77.63,1.71
mogadishu,20200724,2.04,45.34,5.1533,25.71,9.79,11.61,77.12,1.12
mogadishu,20200725,2.04,45.34,4.4405,25.71,9.74,11.62,81.96,15.52
mogadishu,20200726,2.04,45.34,5.3662,25.59,8.95,10.68,85.98,13.56
mogadishu,20200727,2.04,45.34,5.0011,25.75,8.79,10.53,87.24,17.74
mogadishu,20200728,2.04,45.34,5.3364,25.62,8.07,9.65,87.77,19.38
mogadishu,20200729,2.04,45.34,5.6006,25.5,6.41,7.57,87.61,6.63
mogadishu,20200730,2.04,45.34,5.6518,25.61,6.72,7.9,88.13,11.61
mogadishu,20200731,2.04,45.34,5.095,25.51,8.65,10.33,86.27,28.58
mogadishu,20200801,2.04,45.34,5.6897,25.43,9.82,11.76,82.28,18.55
mogadishu,20200802,2.04,45.34,6.2386,25.2,8.91,10.59,83.43,34.83
mogadishu,20200803,2.04,45.34,4.6133,25.39,8.97,10.72,85.3,31.03
mogadishu,20200804,2.04,45.34,5.0959,25.37,8.97,10.67,87.68,17.95
mogadishu,20200805,2.04,45.34,5.2006,25.16,8.6,10.2,85.97,5.55
mogadishu,20200806,2.04,45.34,6.7409,25.08,7.79,9.25,81.45,1.17
mogadishu,20200807,2.04,45.34,6.1654,25.08,9.49,11.25,78.94,2.35
mogadishu,20200808,2.04,45.34,6.426,24.86,9.45,11.19,77.33,1.52
mogadishu,20200809,2.04,45.34,6.7082,24.72,8.56,10.11,77.84,0.0
mogadishu,20200810,2.04,45.34,6.7591,24.91,7.94,9.38,78.1,0.0
mogadishu,20200811,2.04,45.34,5.9899,25.0,8.07,9.52,82.62,0.0
mogadishu,20200812,2.04,45.34,4.71,24.81,7.16,8.34,84.32,0.0
mogadishu,20200813,2.04,45.34,6.3456,24.96,7.35,8.64,78.1,0.0
mogadishu,20200814,2.04,45.34,5.0808,25.07,7.79,9.17,84.98,1.06
mogadishu,20200815,2.04,45.34,4.975,25.06,7.73,9.15,80.56,0.63
mogadishu,20200816,2.04,45.34,4.9399,24.84,6.14,7.16,84.36,0.54
mogadishu,20200817,2.04,45.34,5.2678,24.98,7.03,8.29,82.51,0.18
mogadishu,20200818,2.04,45.34,5.9794,25.42,6.84,8.1,86.97,1.18
mogadishu,20200819,2.04,45.34,4.8614,25.25,6.83,8.12,88.62,7.5
mogadishu,20200820,2.04,45.34,5.6386,25.24,6.72,7.93,85.59,1.7
mogadishu,20200821,2.04,45.34,6.3245,25.29,7.06,8.32,84.32,1.27
mogadishu,20200822,2.04,45.34,5.9688,25.29,7.76,9.21,84.12,2.7
mogadishu,20200823,2.04,45.34,5.0616,25.15,8.12,9.59,81.2,4.21
mogadishu,20200824,2.04,45.34,6.4015,25.31,7.23,8.46,81.79,0.0
mogadishu,20200825,2.04,45.34,5.4007,25.54,6.54,7.67,85.37,0.0
mogadishu,20200826,2.04,45.34,6.4018,25.71,6.38,7.56,82.1,0.0
mogadishu,20200827,2.04,45.34,5.9134,25.53,6.95,8.15,82.22,0.0
mogadishu,20200828,2.04,45.34,6.3,25.46,7.18,8.42,84.03,0.0
mogadishu,20200829,2.04,45.34,5.7382,25.68,6.7,7.88,84.44,0.16
mogadishu,20200830,2.04,45.34,6.0763,25.82,7.22,8.49,84.6,0.24
mogadishu,20200831,2.04,45.34,6.4514,25.88,8.13,9.59,85.42,0.27
mogadishu,20200901,2.04,45.34,6.155,25.93,8.65,10.22,84.6,0.25
mogadishu,20200902,2.04,45.34,5.9422,25.69,7.92,9.28,81.7,0.3
mogadishu,20200903,2.04,45.34,7.2571,25.48,7.69,8.99,78.16,0.0
mogadishu,20200904,2.04,45.34,6.341,25.42,8.16,9.53,80.57,0.0
mogadishu,20200905,2.04,45.34,5.9117,25.38,7.55,8.77,80.86,0.01
mogadishu,20200906,2.04,45.34,5.1948,25.36,7.39,8.6,80.2,0.01
mogadishu,20200907,2.04,45.34,5.7026,25.3,7.35,8.55,79.58,0.0
mogadishu,20200908,2.04,45.34,5.3227,25.45,7.63,8.92,78.15,0.73
mogadishu,20200909,2.04,45.34,6.9384,25.49,8.05,9.43,78.92,0.8
mogadishu,20200910,2.04,45.34,6.1366,25.79,7.7,9.07,83.91,4.49
mogadishu,20200911,2.04,45.34,6.4392,25.86,7.25,8.5,87.66,5.45
mogadishu,20200912,2.04,45.34,6.1567,25.98,7.95,9.38,86.28,5.66
mogadishu,20200913,2.04,45.34,5.6611,25.74,7.39,8.78,89.08,49.91
mogadishu,20200914,2.04,45.34,6.0108,25.63,6.48,7.64,90.87,46.63
mogadishu,20200915,2.04,45.34,6.09,25.62,6.84,8.09,88.94,22.03
mogadishu,20200916,2.04,45.34,6.7879,25.78,6.15,7.33,85.47,4.65
mogadishu,20200917,2.04,45.34,6.3178,25.56,5.98,7.08,86.65,11.71
mogadishu,20200918,2.04,45.34,6.0314,25.43,5.72,6.71,84.64,0.01
mogadishu,20200919,2.04,45.34,5.6558,25.64,6.95,8.2,84.1,0.02
mogadishu,20200920,2.04,45.34,6.5107,25.45,6.8,7.99,81.76,0.01
mogadishu,20200921,2.04,45.34,7.2722,25.37,6.62,7.76,83.26,0.0
mogadishu,20200922,2.04,45.34,7.0464,25.93,6.98,8.3,84.77,0.01
mogadishu,20200923,2.04,45.34,6.1634,26.03,6.21,7.36,84.13,0.87
mogadishu,20200924,2.04,45.34,6.1728,25.7,7.7,9.15,79.03,0.45
mogadishu,20200925,2.04,45.34,6.6516,25.46,6.8,7.99,83.24,0.26
mogadishu,20200926,2.04,45.34,6.7618,25.68,6.04,7.13,83.53,0.3
mogadishu,20200927,2.04,45.34,7.0368,26.03,4.5,5.3,80.34,0.14
mogadishu,20200928,2.04,45.34,6.1284,25.87,4.94,5.76,87.59,0.0
mogadishu,20200929,2.04,45.34,5.6623,25.96,5.23,6.11,84.78,0.0
mogadishu,20200930,2.04,45.34,5.4602,26.01,5.55,6.56,82.76,0.0
mogadishu,20201001,2.04,45.34,7.1993,25.88,4.61,5.39,85.44,0.0
mogadishu,20201002,2.04,45.34,6.63,26.22,5.21,6.15,86.41,0.01
mogadishu,20201003,2.04,45.34,6.8105,26.45,5.68,6.72,84.84,0.2
mogadishu,20201004,2.04,45.34,5.4029,26.59,5.24,6.18,87.18,0.46
mogadishu,20201005,2.04,45.34,6.1445,26.59,4.95,5.82,84.88,0.11
mogadishu,20201006,2.04,45.34,5.0693,26.62,5.21,6.15,85.86,0.26
mogadishu,20201007,2.04,45.34,5.4446,26.58,4.83,5.72,86.7,0.36
mogadishu,20201008,2.04,45.34,5.3491,26.6,4.98,5.83,87.13,0.01
mogadishu,20201009,2.04,45.34,6.0974,26.66,5.48,6.37,85.66,0.01
mogadishu,20201010,2.04,45.34,6.1351,26.82,4.95,5.8,81.4,0.01
mogadishu,20201011,2.04,45.34,6.3782,26.71,4.14,4.85,84.68,0.0
mogadishu,20201012,2.04,45.34,6.3043,27.11,4.38,5.16,79.39,0.0
mogadishu,20201013,2.04,45.34,5.977,27.49,5.05,5.97,76.64,0.02
mogadishu,20201014,2.04,45.34,5.8054,27.18,5.56,6.52,80.51,0.08
mogadishu,20201015,2.04,45.34,5.2061,26.92,5.82,6.8,81.35,0.05
mogadishu,20201016,2.04,45.34,6.281,26.78,6.36,7.31,82.75,0.08
mogadishu,20201017,2.04,45.34,5.4958,26.95,6.4,7.43,81.94,0.11
mogadishu,20201018,2.04,45.34,5.4552,26.89,6.44,7.45,80.79,0.03
mogadishu,20201019,2.04,45.34,6.2088,26.88,5.16,6.0,80.77,0.02
mogadishu,20201020,2.04,45.34,6.5064,26.9,5.49,6.31,83.39,0.11
mogadishu,20201021,2.04,45.34,6.6682,27.27,5.74,6.72,79.19,0.02
mogadishu,20201022,2.04,45.34,6.5167,27.45,6.4,7.54,82.95,0.09
mogadishu,20201023,2.04,45.34,5.5512,27.63,7.32,8.72,81.65,0.07
mogadishu,20201024,2.04,45.34,5.2493,27.26,5.8,6.83,84.62,0.08
mogadishu,20201025,2.04,45.34,5.9374,27.33,4.27,5.0,84.68,0.05
mogadishu,20201026,2.04,45.34,4.7496,27.53,4.15,4.82,81.16,0.1
mogadishu,20201027,2.04,45.34,5.5166,27.4,2.8,3.26,80.76,0.09
mogadishu,20201028,2.04,45.34,5.1658,27.21,3.92,4.53,83.87,5.21
mogadishu,20201029,2.04,45.34,6.6106,27.18,3.4,3.94,83.03,1.93
mogadishu,20201030,2.04,45.34,6.6134,26.83,3.77,4.28,81.71,2.76
mogadishu,20201031,2.04,45.34,5.2303,27.06,4.61,5.36,82.35,7.48
mogadishu,20201101,2.04,45.34,5.3806,26.77,3.66,4.24,84.62,12.2
mogadishu,20201102,2.04,45.34,4.7813,26.8,3.41,3.87,83.88,0.22
mogadishu,20201103,2.04,45.34,5.5253,26.65,3.55,4.01,84.74,0.47
mogadishu,20201104,2.04,45.34,5.8445,26.49,3.74,4.28,83.07,0.48
mogadishu,20201105,2.04,45.34,5.4785,26.91,4.16,4.75,82.07,0.07
mogadishu,20201106,2.04,45.34,5.748,26.99,3.67,4.15,83.11,0.12
mogadishu,20201107,2.04,45.34,5.3945,26.99,3.42,3.86,82.98,2.02
mogadishu,20201108,2.04,45.34,5.3119,26.9,3.6,4.15,82.58,1.87
mogadishu,20201109,2.04,45.34,6.4481,27.55,4.89,5.76,81.22,0.22
mogadishu,20201110,2.04,45.34,4.0596,26.95,3.72,4.29,86.94,2.36
mogadishu,20201111,2.04,45.34,5.4254,26.12,2.88,3.3,84.5,0.2
mogadishu,20201112,2.04,45.34,5.7926,27.03,3.67,4.19,80.54,1.06
mogadishu,20201113,2.04,45.34,6.3214,26.98,3.81,4.38,81.66,0.65
mogadishu,20201114,2.04,45.34,6.2544,26.96,3.7,4.22,80.19,1.04
mogadishu,20201115,2.04,45.34,5.9698,27.39,4.99,5.77,78.78,1.33
mogadishu,20201116,2.04,45.34,5.765,27.49,5.48,6.39,77.72,0.21
mogadishu,20201117,2.04,45.34,5.3791,27.12,5.15,5.98,82.2,0.49
mogadishu,20201118,2.04,45.34,5.5358,27.28,5.29,6.14,82.35,2.05
mogadishu,20201119,2.04,45.34,6.3026,27.63,5.8,6.79,77.74,0.25
mogadishu,20201120,2.04,45.34,6.6362,27.63,6.35,7.4,78.17,0.06
mogadishu,20201121,2.04,45.34,6.4546,27.42,5.76,6.69,77.0,0.06
mogadishu,20201122,2.04,45.34,6.3108,27.37,4.39,5.04,77.65,0.0
mogadishu,20201123,2.04,45.34,6.4445,27.48,4.38,5.03,79.02,0.0
mogadishu,20201124,2.04,45.34,6.3559,27.52,4.04,4.6,80.33,0.0
mogadishu,20201125,2.04,45.34,5.7629,27.59,3.83,4.33,80.8,0.01
mogadishu,20201126,2.04,45.34,5.9734,27.92,5.42,6.25,81.5,0.01
mogadishu,20201127,2.04,45.34,5.7986,27.95,6.98,8.12,81.06,0.03
mogadishu,20201128,2.04,45.34,6.6502,27.43,7.07,8.17,76.73,0.0
mogadishu,20201129,2.04,45.34,6.7387,27.43,5.81,6.73,79.4,0.0
mogadishu,20201130,2.04,45.34,6.7063,27.59,6.15,7.13,78.46,0.01
mogadishu,20201201,2.04,45.34,6.4817,27.4,7.23,8.37,77.74,0.0
mogadishu,20201202,2.04,45.34,6.6802,27.3,7.63,8.83,76.37,0.0
mogadishu,20201203,2.04,45.34,6.4162,27.09,6.31,7.3,78.25,0.0
mogadishu,20201204,2.04,45.34,6.678,27.27,4.96,5.75,80.4,0.0
mogadishu,20201205,2.04,45.34,6.7846,27.12,4.2,4.77,78.96,0.0
mogadishu,20201206,2.04,45.34,6.7615,27.3,4.22,4.81,76.79,0.0
mogadishu,20201207,2.04,45.34,6.451,27.37,4.75,5.35,78.46,0.0
mogadishu,20201208,2.04,45.34,6.3266,27.53,5.91,6.76,78.19,0.01
mogadishu,20201209,2.04,45.34,6.5928,27.53,7.69,8.9,75.25,0.0
mogadishu,20201210,2.04,45.34,6.9298,27.49,8.18,9.54,72.32,0.0
mogadishu,20201211,2.04,45.34,6.7344,27.49,7.94,9.26,73.13,0.0
mogadishu,20201212,2.04,45.34,6.8736,26.97,7.46,8.68,71.89,0.0
mogadishu,20201213,2.04,45.34,6.8573,26.76,6.9,8.0,73.0,0.0
mogadishu,20201214,2.04,45.34,6.6718,26.94,7.38,8.55,75.59,0.0
mogadishu,20201215,2.04,45.34,6.5345,27.11,7.25,8.45,73.14,0.0
mogadishu,20201216,2.04,45.34,6.8052,26.87,7.51,8.78,75.17,0.0
mogadishu,20201217,2.04,45.34,6.5165,27.03,6.46,7.59,78.86,0.0
mogadishu,20201218,2.04,45.34,6.2777,27.33,5.58,6.5,80.51,0.0
mogadishu,20201219,2.04,45.34,6.3178,27.25,6.8,7.85,79.68,0.0
mogadishu,20201220,2.04,45.34,6.402,27.33,7.27,8.45,81.27,0.0
mogadishu,20201221,2.04,45.34,6.2518,27.45,7.14,8.38,82.31,0.0
mogadishu,20201222,2.04,45.34,5.8428,27.43,7.96,9.37,82.56,0.01
mogadishu,20201223,2.04,45.34,6.3982,27.26,7.87,9.23,76.98,0.0
mogadishu,20201224,2.04,45.34,6.6619,26.95,7.91,9.19,74.9,0.0
mogadishu,20201225,2.04,45.34,6.7934,26.82,8.16,9.51,73.6,0.0
mogadishu,20201226,2.04,45.34,6.9518,26.63,9.1,10.65,75.37,0.0
mogadishu,20201227,2.04,45.34,6.6792,26.85,8.46,9.91,76.11,0.0
mogadishu,20201228,2.04,45.34,6.4493,26.97,7.45,8.7,79.15,0.01
mogadishu,20201229,2.04,45.34,6.1562,27.07,7.23,8.59,84.44,0.19
mogadishu,20201230,2.04,45.34,5.5162,26.98,8.31,9.83,83.2,0.63
mogadishu,20201231,2.04,45.34,6.4255,26.64,7.87,9.15,76.89,0.0
mogadishu,20210101,2.04,45.34,6.8242,26.36,7.22,8.36,77.16,0.01
mogadishu,20210102,2.04,45.34,6.7562,26.48,7.16,8.34,76.89,0.0
mogadishu,20210103,2.04,45.34,6.9048,26.56,7.46,8.79,75.74,0.0
mogadishu,20210104,2.04,45.34,6.185,26.26,7.98,9.34,76.91,0.0
mogadishu,20210105,2.04,45.34,6.4044,26.32,8.9,10.39,73.9,0.0
mogadishu,20210106,2.04,45.34,6.8369,26.28,8.77,10.26,71.28,0.0
mogadishu,20210107,2.04,45.34,6.3317,26.2,8.48,9.9,74.06,0.0
mogadishu,20210108,2.04,45.34,6.8294,26.12,8.36,9.79,73.75,0.0
mogadishu,20210109,2.04,45.34,6.8102,26.04,9.25,10.86,73.33,0.0
mogadishu,20210110,2.04,45.34,6.785,25.74,9.96,11.68,75.13,0.0
mogadishu,20210111,2.04,45.34,6.835,25.69,9.8,11.47,75.38,0.0
mogadishu,20210112,2.04,45.34,6.7037,25.84,9.58,11.26,76.07,0.0
mogadishu,20210113,2.04,45.34,6.8234,25.86,8.91,10.48,78.32,0.0
mogadishu,20210114,2.04,45.34,6.7757,25.84,7.87,9.23,81.3,0.01
mogadishu,20210115,2.04,45.34,6.2626,26.0,7.24,8.48,82.85,0.02
mogadishu,20210116,2.04,45.34,6.2594,26.0,7.72,9.05,82.3,0.41
mogadishu,20210117,2.04,45.34,6.7577,25.96,8.05,9.42,81.62,0.22
mogadishu,20210118,2.04,45.34,7.0032,26.08,7.94,9.29,77.84,0.07
mogadishu,20210119,2.04,45.34,7.0022,26.05,8.33,9.81,77.95,0.06
mogadishu,20210120,2.04,45.34,6.0449,26.52,7.89,9.37,84.51,1.5
mogadishu,20210121,2.04,45.34,6.0041,26.31,8.3,9.87,87.5,2.28
mogadishu,20210122,2.04,45.34,6.4294,26.48,7.94,9.47,84.64,1.4
mogadishu,20210123,2.04,45.34,6.209,26.23,7.56,8.88,80.45,0.43
mogadishu,20210124,2.04,45.34,6.6962,26.15,8.74,10.23,76.88,0.0
mogadishu,20210125,2.04,45.34,6.8933,25.98,8.6,10.04,74.96,0.01
mogadishu,20210126,2.04,45.34,6.601,25.99,7.36,8.57,77.66,0.0
mogadishu,20210127,2.04,45.34,6.39,26.13,7.71,9.01,81.57,0.0
mogadishu,20210128,2.04,45.34,7.0128,26.11,8.66,10.09,77.1,0.0
mogadishu,20210129,2.04,45.34,6.7781,26.18,8.91,10.42,73.64,0.0
mogadishu,20210130,2.04,45.34,7.303,26.0,7.73,9.04,70.33,0.0
mogadishu,20210131,2.04,45.34,7.3406,25.89,7.24,8.43,72.88,0.0
mogadishu,20210201,2.04,45.34,7.164,25.99,7.74,9.02,76.67,0.0
mogadishu,20210202,2.04,45.34,7.2718,26.04,8.42,9.84,73.76,0.0
mogadishu,20210203,2.04,45.34,7.3536,26.07,8.24,9.61,73.37,0.0
mogadishu,20210204,2.04,45.34,6.9994,25.99,7.78,9.01,78.59,0.0
mogadishu,20210205,2.04,45.34,7.1189,25.94,7.67,8.83,80.57,0.0
mogadishu,20210206,2.04,45.34,7.3634,25.76,7.81,8.97,80.12,0.0
mogadishu,20210207,2.04,45.34,6.9295,25.96,8.87,10.28,79.89,0.0
mogadishu,20210208,2.04,45.34,6.9574,26.35,8.97,10.47,80.92,0.0
mogadishu,20210209,2.04,45.34,6.8966,26.47,9.52,11.15,75.66,0.0
mogadishu,20210210,2.04,45.34,7.127,26.29,9.86,11.59,74.67,0.0
mogadishu,20210211,2.04,45.34,6.2758,26.09,8.54,9.95,77.73,0.0
mogadishu,20210212,2.04,45.34,7.1162,25.98,8.19,9.49,77.43,0.0
mogadishu,20210213,2.04,45.34,7.247,25.84,8.06,9.32,78.3,0.0
mogadishu,20210214,2.04,45.34,7.3697,26.0,7.82,9.02,78.76,0.0
mogadishu,20210215,2.04,45.34,7.2115,26.27,7.51,8.72,78.08,0.0
mogadishu,20210216,2.04,45.34,7.3646,26.36,7.42,8.65,77.64,0.0
mogadishu,20210217,2.04,45.34,7.2398,26.38,6.99,8.09,75.75,0.0
mogadishu,20210218,2.04,45.34,7.1693,26.26,6.67,7.66,77.85,0.0
mogadishu,20210219,2.04,45.34,7.127,26.51,7.83,9.08,78.98,0.0
mogadishu,20210220,2.04,45.34,6.3605,26.68,8.33,9.69,75.98,0.0
mogadishu,20210221,2.04,45.34,7.2377,26.48,8.78,10.18,76.15,0.0
mogadishu,20210222,2.04,45.34,5.7312,26.57,8.48,9.87,79.16,0.0
mogadishu,20210223,2.04,45.34,6.7908,26.67,8.25,9.58,77.46,0.0
mogadishu,20210224,2.04,45.34,6.7716,26.09,7.81,9.0,79.5,0.0
mogadishu,20210225,2.04,45.34,6.7668,26.07,6.86,7.84,80.68,0.0
mogadishu,20210226,2.04,45.34,7.0394,25.98,6.98,7.99,80.93,0.0
mogadishu,20210227,2.04,45.34,7.3963,26.56,8.12,9.41,80.44,0.0
mogadishu,20210228,2.04,45.34,7.3068,26.43,8.77,10.18,78.78,0.0
mogadishu,20210301,2.04,45.34,7.1616,26.71,8.74,10.23,75.17,0.0
mogadishu,20210302,2.04,45.34,7.0253,26.75,8.09,9.37,77.11,0.0
mogadishu,20210303,2.04,45.34,6.3322,26.76,8.12,9.43,78.98,0.0
mogadishu,20210304,2.04,45.34,7.5048,27.0,7.9,9.2,78.33,0.0
mogadishu,20210305,2.04,45.34,7.5286,26.66,8.64,10.05,79.01,0.0
mogadishu,20210306,2.04,45.34,7.5274,26.55,9.0,10.44,78.03,0.0
mogadishu,20210307,2.04,45.34,7.3402,26.64,8.54,9.92,77.05,0.0
mogadishu,20210308,2.04,45.34,7.4424,26.74,7.99,9.26,79.85,0.0
mogadishu,20210309,2.04,45.34,7.4201,27.01,7.14,8.28,82.16,0.0
mogadishu,20210310,2.04,45.34,7.4868,27.0,7.05,8.13,79.63,0.0
mogadishu,20210311,2.04,45.34,7.4998,27.28,6.85,7.95,79.65,0.0
mogadishu,20210312,2.04,45.34,7.4167,27.01,6.53,7.45,81.48,0.01
mogadishu,20210313,2.04,45.34,7.1374,27.54,5.82,6.7,79.96,0.01
mogadishu,20210314,2.04,45.34,6.8546,27.8,5.67,6.52,79.84,0.03
mogadishu,20210315,2.04,45.34,5.3573,27.45,6.56,7.52,79.35,0.05
mogadishu,20210316,2.04,45.34,6.9233,27.36,5.96,6.73,80.47,0.04
mogadishu,20210317,2.04,45.34,6.8626,27.38,6.07,6.87,79.51,0.06
mogadishu,20210318,2.04,45.34,6.8153,27.32,5.68,6.43,78.7,0.05
mogadishu,20210319,2.04,45.34,7.0697,27.32,5.44,6.1,78.42,0.14
mogadishu,20210320,2.04,45.34,6.2594,27.69,5.95,6.77,79.44,0.46
mogadishu,20210321,2.04,45.34,6.894,27.88,6.42,7.34,80.71,0.74
mogadishu,20210322,2.04,45.34,7.0068,27.96,7.25,8.37,79.02,0.0
mogadishu,20210323,2.04,45.34,7.547,27.54,7.2,8.26,78.83,0.0
mogadishu,20210324,2.04,45.34,7.6589,27.01,5.44,6.14,77.95,0.0
mogadishu,20210325,2.04,45.34,7.5667,27.15,6.09,6.91,75.41,0.0
mogadishu,20210326,2.04,45.34,7.6649,27.35,7.61,8.71,74.86,0.0
mogadishu,20210327,2.04,45.34,7.4645,27.75,7.45,8.55,76.29,0.01
mogadishu,20210328,2.04,45.34,7.3116,28.02,6.76,7.71,80.51,0.01
mogadishu,20210329,2.04,45.34,7.5012,28.07,6.03,6.9,81.27,0.01
mogadishu,20210330,2.04,45.34,7.2362,27.86,4.84,5.46,78.4,0.0
mogadishu,20210331,2.04,45.34,7.4753,27.86,5.24,5.86,79.09,0.01
mogadishu,20210401,2.04,45.34,7.4359,28.03,4.68,5.19,78.54,0.0
mogadishu,20210402,2.04,45.34,7.3632,28.13,4.65,5.18,79.07,0.01
mogadishu,20210403,2.04,45.34,6.8772,28.32,4.62,5.15,79.65,0.02
mogadishu,20210404,2.04,45.34,6.8196,28.76,4.57,5.16,75.56,0.02
mogadishu,20210405,2.04,45.34,7.2024,28.69,3.94,4.38,73.98,0.0
mogadishu,20210406,2.04,45.34,6.3235,28.4,4.38,4.84,76.6,0.71
mogadishu,20210407,2.04,45.34,6.9821,28.46,4.74,5.27,76.3,0.53
mogadishu,20210408,2.04,45.34,7.2211,28.38,4.26,4.72,73.89,0.47
mogadishu,20210409,2.04,45.34,6.8206,28.49,3.88,4.26,74.88,2.15
mogadishu,20210410,2.04,45.34,5.742,28.43,3.98,4.5,77.25,4.98
mogadishu,20210411,2.04,45.34,7.0985,28.61,4.82,5.53,73.84,0.01
mogadishu,20210412,2.04,45.34,7.0159,28.4,5.71,6.51,71.67,0.01
mogadishu,20210413,2.04,45.34,6.2868,28.48,4.99,5.65,72.27,0.02
mogadishu,20210414,2.04,45.34,6.8107,28.35,4.06,4.5,75.44,0.05
mogadishu,20210415,2.04,45.34,6.7102,28.56,3.92,4.41,74.6,0.02
mogadishu,20210416,2.04,45.34,6.9089,28.83,4.18,4.71,76.07,0.94
mogadishu,20210417,2.04,45.34,6.3278,28.71,4.08,4.52,77.91,2.39
mogadishu,20210418,2.04,45.34,6.2467,28.79,4.53,5.09,76.7,0.83
mogadishu,20210419,2.04,45.34,5.628,28.73,4.62,5.22,74.66,0.94
mogadishu,20210420,2.04,45.34,6.6672,28.68,3.33,3.73,74.71,2.99
mogadishu,20210421,2.04,45.34,5.7144,28.98,4.86,5.54,75.37,0.58
mogadishu,20210422,2.04,45.34,5.7684,29.07,4.53,5.09,74.06,0.3
mogadishu,20210423,2.04,45.34,5.8392,28.69,3.6,4.03,77.64,0.25
mogadishu,20210424,2.04,45.34,7.021,28.9,4.51,5.06,78.49,0.12
mogadishu,20210425,2.04,45.34,6.7994,29.17,4.86,5.51,77.18,0.19
mogadishu,20210426,2.04,45.34,6.5074,29.09,3.99,4.48,74.95,0.34
mogadishu,20210427,2.04,45.34,6.3694,28.98,3.96,4.43,75.06,0.13
mogadishu,20210428,2.04,45.34,6.7289,28.93,4.03,4.48,76.46,0.11
mogadishu,20210429,2.04,45.34,6.1982,29.05,3.88,4.36,74.29,0.04
mogadishu,20210430,2.04,45.34,6.263,28.82,3.95,4.43,74.36,0.09
mogadishu,20210501,2.04,45.34,6.8122,28.8,4.09,4.59,74.6,0.02
mogadishu,20210502,2.04,45.34,6.8218,29.02,4.49,5.1,76.71,0.04
mogadishu,20210503,2.04,45.34,5.1883,28.76,3.32,3.7,76.94,1.36
mogadishu,20210504,2.04,45.34,5.4238,28.88,4.0,4.54,73.18,2.81
mogadishu,20210505,2.04,45.34,6.3372,28.8,5.89,6.72,78.72,0.69
mogadishu,20210506,2.04,45.34,3.7846,28.4,6.45,7.31,79.28,3.89
mogadishu,20210507,2.04,45.34,1.7026,27.42,5.85,6.63,82.91,7.44
mogadishu,20210508,2.04,45.34,5.6959,26.93,5.24,5.94,83.85,5.17
mogadishu,20210509,2.04,45.34,4.6795,27.1,7.08,8.23,85.66,12.93
mogadishu,20210510,2.04,45.34,4.3332,27.36,5.61,6.5,80.86,7.75
mogadishu,20210511,2.04,45.34,5.22,27.65,6.96,8.07,81.61,0.03
mogadishu,20210512,2.04,45.34,5.1324,27.5,8.65,10.14,79.73,0.01
mogadishu,20210513,2.04,45.34,6.1783,27.37,8.15,9.52,79.79,0.0
mogadishu,20210514,2.04,45.34,6.3372,27.48,7.61,8.96,82.18,0.01
mogadishu,20210515,2.04,45.34,6.3168,27.44,8.05,9.52,83.0,0.01
mogadishu,20210516,2.04,45.34,6.8215,27.62,7.15,8.41,83.75,0.0
mogadishu,20210517,2.04,45.34,6.2107,27.65,6.62,7.82,84.22,0.0
mogadishu,20210518,2.04,45.34,6.0293,27.34,7.68,9.01,82.51,0.0
mogadishu,20210519,2.04,45.34,6.1123,27.37,8.06,9.58,82.37,0.0
mogadishu,20210520,2.04,45.34,5.8877,27.25,8.52,10.02,78.43,0.0
mogadishu,20210521,2.04,45.34,5.7331,27.03,8.09,9.44,78.83,0.53
mogadishu,20210522,2.04,45.34,5.635,27.32,8.1,9.49,78.04,0.48
mogadishu,20210523,2.04,45.34,4.2715,27.05,9.01,10.56,78.16,1.24
mogadishu,20210524,2.04,45.34,5.3573,27.02,7.96,9.28,77.1,1.39
mogadishu,20210525,2.04,45.34,5.7442,26.63,7.97,9.26,78.85,1.16
mogadishu,20210526,2.04,45.34,5.7192,26.74,7.13,8.27,77.08,3.86
mogadishu,20210527,2.04,45.34,5.359,26.55,6.2,7.18,79.36,2.14
mogadishu,20210528,2.04,45.34,5.149,26.74,6.15,7.17,79.21,3.33
mogadishu,20210529,2.04,45.34,5.9765,26.58,5.95,6.86,80.3,0.55
mogadishu,20210530,2.04,45.34,6.3458,26.58,6.01,6.95,81.75,1.01
mogadishu,20210531,2.04,45.34,6.3346,26.93,5.89,6.78,79.26,0.0
mogadishu,20210601,2.04,45.34,6.2282,27.04,6.9,7.98,77.77,0.01
mogadishu,20210602,2.04,45.34,6.1735,27.1,6.9,8.01,75.16,0.0
mogadishu,20210603,2.04,45.34,6.3835,27.11,7.04,8.19,79.72,0.0
mogadishu,20210604,2.04,45.34,6.4742,26.76,6.64,7.66,80.16,0.0
mogadishu,20210605,2.04,45.34,6.3504,26.89,6.84,7.94,77.34,0.14
mogadishu,20210606,2.04,45.34,6.3605,27.12,7.34,8.54,80.22,0.18
mogadishu,20210607,2.04,45.34,6.2597,27.27,7.08,8.3,82.92,2.24
mogadishu,20210608,2.04,45.34,4.9142,27.14,7.36,8.66,82.43,2.92
mogadishu,20210609,2.04,45.34,5.7168,27.14,7.39,8.7,80.15,2.58
mogadishu,20210610,2.04,45.34,4.6754,27.05,8.48,10.0,77.11,3.14
mogadishu,20210611,2.04,45.34,5.3597,26.77,9.03,10.64,76.92,1.6
mogadishu,20210612,2.04,45.34,6.7661,26.71,8.32,9.74,76.12,1.25
mogadishu,20210613,2.04,45.34,5.7422,26.58,7.89,9.27,80.95,5.1
mogadishu,20210614,2.04,45.34,5.8342,26.52,7.59,8.88,80.62,2.19
mogadishu,20210615,2.04,45.34,5.7406,26.74,7.57,8.91,79.81,0.39
mogadishu,20210616,2.04,45.34,5.6594,26.68,7.67,9.02,79.2,0.32
mogadishu,20210617,2.04,45.34,6.1656,26.79,7.38,8.61,77.11,0.15
mogadishu,20210618,2.04,45.34,5.6275,26.53,7.5,8.78,83.15,1.37
mogadishu,20210619,2.04,45.34,4.0843,26.61,9.25,10.93,79.14,1.52
mogadishu,20210620,2.04,45.34,5.4694,26.32,8.65,10.17,79.24,3.87
mogadishu,20210621,2.04,45.34,5.1074,26.14,7.81,9.21,80.07,5.08
mogadishu,20210622,2.04,45.34,5.4979,26.05,6.6,7.76,80.91,5.97
mogadishu,20210623,2.04,45.34,5.1814,26.09,7.59,8.94,79.44,4.62
mogadishu,20210624,2.04,45.34,4.4261,26.38,8.0,9.42,78.53,3.89
mogadishu,20210625,2.04,45.34,6.3156,26.3,8.45,9.97,78.07,2.25
mogadishu,20210626,2.04,45.34,6.529,26.4,8.16,9.63,79.19,1.01
mogadishu,20210627,2.04,45.34,5.8956,26.33,6.73,7.91,82.19,1.79
mogadishu,20210628,2.04,45.34,4.7338,26.25,6.35,7.41,81.61,2.84
mogadishu,20210629,2.04,45.34,6.2074,26.34,7.57,8.88,80.46,1.69
mogadishu,20210630,2.04,45.34,5.7665,26.38,8.65,10.19,76.54,1.48
mogadishu,20210701,2.04,45.34,6.5986,26.5,8.78,10.34,76.7,2.13
mogadishu,20210702,2.04,45.34,6.4003,26.45,8.94,10.6,80.78,5.98
mogadishu,20210703,2.04,45.34,4.692,26.17,8.97,10.65,81.9,9.18
mogadishu,20210704,2.04,45.34,4.781,26.04,8.86,10.47,81.47,5.48
mogadishu,20210705,2.04,45.34,5.6042,26.0,8.7,10.3,80.41,2.57
mogadishu,20210706,2.04,45.34,4.0992,26.03,9.27,11.04,83.0,10.23
mogadishu,20210707,2.04,45.34,4.1815,25.69,9.94,11.8,76.16,1.27
mogadishu,20210708,2.04,45.34,5.3393,25.65,8.86,10.47,77.28,1.3
mogadishu,20210709,2.04,45.34,4.7582,25.87,9.66,11.47,76.74,0.87
mogadishu,20210710,2.04,45.34,5.7238,25.95,9.0,10.74,83.21,19.5
mogadishu,20210711,2.04,45.34,6.1394,25.78,8.44,10.09,85.59,21.38
mogadishu,20210712,2.04,45.34,5.1636,25.94,8.63,10.32,84.51,12.39
mogadishu,20210713,2.04,45.34,5.4655,25.84,8.93,10.71,84.7,18.58
mogadishu,20210714,2.04,45.34,5.3952,25.64,8.76,10.46,83.76,10.99
mogadishu,20210715,2.04,45.34,4.1458,25.6,8.73,10.38,82.22,4.81
mogadishu,20210716,2.04,45.34,5.579,25.55,9.38,11.17,78.08,1.62
mogadishu,20210717,2.04,45.34,5.1125,25.64,9.75,11.64,80.16,5.82
mogadishu,20210718,2.04,45.34,4.3382,25.53,9.3,11.07,82.17,7.11
mogadishu,20210719,2.04,45.34,5.3246,25.44,8.62,10.34,82.81,9.14
mogadishu,20210720,2.04,45.34,4.9454,25.66,8.45,10.09,80.54,0.65
mogadishu,20210721,2.04,45.34,4.6123,25.83,8.59,10.2,84.03,1.76
mogadishu,20210722,2.04,45.34,4.5648,25.93,9.15,10.84,84.16,3.4
mogadishu,20210723,2.04,45.34,5.904,25.76,10.21,12.09,78.85,1.92
mogadishu,20210724,2.04,45.34,4.457,25.6,11.33,13.48,77.1,1.86
mogadishu,20210725,2.04,45.34,4.379,25.45,9.92,11.73,78.0,4.64
mogadishu,20210726,2.04,45.34,5.6376,25.49,9.63,11.36,77.75,5.1
mogadishu,20210727,2.04,45.34,2.6162,25.53,9.21,10.91,81.07,3.41
mogadishu,20210728,2.04,45.34,4.2108,25.56,8.84,10.46,83.26,12.46
mogadishu,20210729,2.04,45.34,3.7894,25.41,9.22,10.96,81.64,6.88
mogadishu,20210730,2.04,45.34,5.9122,25.4,8.92,10.58,75.86,3.19
mogadishu,20210731,2.04,45.34,6.7574,25.39,8.03,9.46,79.28,4.47
mogadishu,20210801,2.04,45.34,4.4638,25.26,8.39,10.03,87.31,70.2
mogadishu,20210802,2.04,45.34,5.3777,25.41,7.95,9.54,84.55,12.08
mogadishu,20210803,2.04,45.34,5.3508,25.38,7.49,8.95,86.45,11.62
mogadishu,20210804,2.04,45.34,4.6154,25.25,8.01,9.59,87.67,41.2
mogadishu,20210805,2.04,45.34,5.8495,25.29,7.47,8.94,81.35,11.9
mogadishu,20210806,2.04,45.34,6.6965,25.07,8.02,9.55,79.66,3.08
mogadishu,20210807,2.04,45.34,6.3996,25.09,7.78,9.3,79.96,3.4
mogadishu,20210808,2.04,45.34,4.9834,25.27,7.58,9.12,85.2,15.76
mogadishu,20210809,2.04,45.34,4.2394,25.16,7.16,8.57,83.35,0.01
mogadishu,20210810,2.04,45.34,5.7182,25.18,6.96,8.23,80.63,0.0
mogadishu,20210811,2.04,45.34,5.2874,25.25,6.87,8.13,82.02,0.0
mogadishu,20210812,2.04,45.34,5.9138,25.48,6.74,8.02,83.11,0.0
mogadishu,20210813,2.04,45.34,5.8195,25.44,6.24,7.5,86.6,0.0
mogadishu,20210814,2.04,45.34,5.2118,25.37,7.86,9.41,86.85,7.53
mogadishu,20210815,2.04,45.34,5.7533,25.34,8.13,9.7,82.65,3.17
mogadishu,20210816,2.04,45.34,5.635,25.21,8.66,10.3,80.5,1.59
mogadishu,20210817,2.04,45.34,5.0474,25.37,7.87,9.37,80.51,1.07
mogadishu,20210818,2.04,45.34,6.3281,25.21,8.03,9.51,80.69,0.88
mogadishu,20210819,2.04,45.34,6.0667,25.55,7.92,9.44,87.21,6.63
mogadishu,20210820,2.04,45.34,4.9327,25.54,6.49,7.77,90.54,10.62
mogadishu,20210821,2.04,45.34,5.8442,25.66,6.21,7.33,89.18,7.58
mogadishu,20210822,2.04,45.34,5.7341,25.69,7.08,8.37,86.74,7.45
mogadishu,20210823,2.04,45.34,5.6582,25.39,6.93,8.17,84.31,5.7
mogadishu,20210824,2.04,45.34,4.8377,25.38,6.58,7.74,85.92,10.71
mogadishu,20210825,2.04,45.34,5.5517,25.4,7.13,8.4,86.08,10.5
mogadishu,20210826,2.04,45.34,5.2572,25.32,7.6,9.0,83.59,5.76
mogadishu,20210827,2.04,45.34,6.9643,25.14,7.47,8.8,81.35,2.18
mogadishu,20210828,2.04,45.34,7.0061,25.29,7.96,9.45,80.75,2.9
mogadishu,20210829,2.04,45.34,7.2233,25.17,7.39,8.72,78.7,0.92
mogadishu,20210830,2.04,45.34,7.1042,25.28,7.61,9.01,76.81,0.48
mogadishu,20210831,2.04,45.34,6.4553,25.1,6.55,7.7,82.66,1.21
mogadishu,20210901,2.04,45.34,6.6271,25.54,5.49,6.48,85.75,1.82
mogadishu,20210902,2.04,45.34,6.2782,25.75,6.01,7.05,87.04,20.29
mogadishu,20210903,2.04,45.34,5.3813,25.83,7.34,8.66,82.09,0.27
mogadishu,20210904,2.04,45.34,6.1486,25.74,7.2,8.45,80.99,0.17
mogadishu,20210905,2.04,45.34,6.7272,25.64,6.94,8.07,80.52,0.1
mogadishu,20210906,2.04,45.34,6.8177,25.67,6.9,8.04,81.83,0.12
mogadishu,20210907,2.04,45.34,6.3931,25.77,7.11,8.3,81.13,0.18
mogadishu,20210908,2.04,45.34,7.0435,25.68,7.08,8.31,82.75,4.17
mogadishu,20210909,2.04,45.34,6.3214,25.65,7.31,8.61,84.05,12.01
mogadishu,20210910,2.04,45.34,7.2,25.76,7.56,8.93,80.53,3.49
mogadishu,20210911,2.04,45.34,6.7169,26.03,8.33,9.91,86.45,41.12
mogadishu,20210912,2.04,45.34,2.533,25.72,8.47,10.05,84.39,18.33
mogadishu,20210913,2.04,45.34,6.2023,25.63,7.36,8.73,80.36,0.0
mogadishu,20210914,2.04,45.34,6.1054,25.89,7.17,8.47,83.36,0.01
mogadishu,20210915,2.04,45.34,6.5621,25.9,6.76,7.93,86.37,0.0
mogadishu,20210916,2.04,45.34,6.2854,26.05,6.62,7.78,85.07,0.01
mogadishu,20210917,2.04,45.34,5.1024,25.89,6.27,7.34,84.6,0.0
mogadishu,20210918,2.04,45.34,6.3115,25.99,6.8,7.94,84.53,0.0
mogadishu,20210919,2.04,45.34,6.3408,25.92,7.85,9.19,81.25,0.0
mogadishu,20210920,2.04,45.34,5.2214,25.61,7.31,8.56,82.17,0.0
mogadishu,20210921,2.04,45.34,7.0548,25.64,5.99,6.98,82.37,0.01
mogadishu,20210922,2.04,45.34,6.9586,26.07,6.07,7.05,86.43,0.03
mogadishu,20210923,2.04,45.34,5.9364,26.35,7.33,8.6,80.8,0.0
mogadishu,20210924,2.04,45.34,6.6691,26.16,7.17,8.41,82.7,0.0
mogadishu,20210925,2.04,45.34,6.4205,26.15,6.13,7.15,82.56,0.0
mogadishu,20210926,2.04,45.34,6.8851,26.07,7.91,9.27,78.84,0.0
mogadishu,20210927,2.04,45.34,7.1414,26.09,7.84,9.27,80.49,0.0
mogadishu,20210928,2.04,45.34,6.9365,26.33,6.96,8.3,84.49,0.0
mogadishu,20210929,2.04,45.34,5.827,26.48,5.85,7.01,84.77,0.01
mogadishu,20210930,2.04,45.34,6.3996,26.47,5.9,6.96,85.18,0.02
mogadishu,20211001,2.04,45.34,5.8183,26.33,6.5,7.61,82.44,0.01
mogadishu,20211002,2.04,45.34,5.8358,26.06,6.2,7.17,84.56,0.01
mogadishu,20211003,2.04,45.34,6.0972,26.19,6.0,6.95,83.85,0.07
mogadishu,20211004,2.04,45.34,6.9199,26.2,5.81,6.76,83.29,0.05
mogadishu,20211005,2.04,45.34,5.723,26.27,6.44,7.47,85.12,0.12
mogadishu,20211006,2.04,45.34,5.9585,26.08,7.36,8.6,81.4,0.05
mogadishu,20211007,2.04,45.34,7.1434,25.85,7.28,8.52,80.86,0.05
mogadishu,20211008,2.04,45.34,7.1196,26.15,6.84,8.04,78.99,0.06
mogadishu,20211009,2.04,45.34,6.0168,26.28,5.81,6.77,86.5,0.41
mogadishu,20211010,2.04,45.34,6.7027,26.26,5.65,6.57,84.81,0.4
mogadishu,20211011,2.04,45.34,5.6993,26.38,5.93,6.91,86.14,0.54
mogadishu,20211012,2.04,45.34,4.1184,26.2,6.91,8.12,84.11,0.66
mogadishu,20211013,2.04,45.34,5.4329,26.1,5.74,6.69,78.07,0.0
mogadishu,20211014,2.04,45.34,6.9586,26.1,5.71,6.61,82.01,0.0
mogadishu,20211015,2.04,45.34,6.7234,26.45,5.93,6.9,81.92,0.0
mogadishu,20211016,2.04,45.34,6.0744,26.7,6.18,7.27,76.57,0.0
mogadishu,20211017,2.04,45.34,6.0874,26.61,5.99,7.04,77.99,0.0
mogadishu,20211018,2.04,45.34,5.2291,26.46,5.23,6.05,82.72,0.09
mogadishu,20211019,2.04,45.34,5.6095,26.65,5.14,5.98,83.96,0.22
mogadishu,20211020,2.04,45.34,4.8991,26.61,5.11,5.88,83.29,0.31
mogadishu,20211021,2.04,45.34,5.6743,26.71,4.85,5.57,80.27,0.16
mogadishu,20211022,2.04,45.34,6.1762,26.54,5.15,5.86,84.0,0.33
mogadishu,20211023,2.04,45.34,6.1037,26.62,3.89,4.38,82.83,0.01
mogadishu,20211024,2.04,45.34,6.2798,26.99,5.39,6.2,79.88,0.01
mogadishu,20211025,2.04,45.34,6.1615,27.01,5.1,5.89,78.31,0.0
mogadishu,20211026,2.04,45.34,6.6811,26.84,4.45,5.09,80.46,0.0
mogadishu,20211027,2.04,45.34,6.7658,27.13,5.43,6.26,80.33,0.01
mogadishu,20211028,2.04,45.34,5.6904,27.22,5.19,5.97,74.7,0.52
mogadishu,20211029,2.04,45.34,6.492,27.03,3.73,4.27,75.72,1.34
mogadishu,20211030,2.04,45.34,6.792,26.76,4.97,5.71,78.69,0.1
mogadishu,20211031,2.04,45.34,6.9797,26.8,7.19,8.32,79.6,0.61
mogadishu,20211101,2.04,45.34,6.6955,26.85,6.45,7.49,81.72,0.4
mogadishu,20211102,2.04,45.34,6.3262,26.98,5.71,6.59,80.66,0.0
mogadishu,20211103,2.04,45.34,5.9258,26.93,4.73,5.43,78.95,0.0
mogadishu,20211104,2.04,45.34,6.3574,26.61,4.48,5.07,80.13,0.0
mogadishu,20211105,2.04,45.34,6.1682,26.74,4.34,4.95,79.76,0.01
mogadishu,20211106,2.04,45.34,6.5544,26.96,5.02,5.76,76.22,0.0
mogadishu,20211107,2.04,45.34,6.2102,27.05,4.43,5.03,77.17,0.0
mogadishu,20211108,2.04,45.34,6.4046,27.19,3.84,4.34,77.78,0.0
mogadishu,20211109,2.04,45.34,6.3439,27.32,4.83,5.53,76.98,0.0
mogadishu,20211110,2.04,45.34,6.4452,27.15,5.02,5.75,77.49,0.0
mogadishu,20211111,2.04,45.34,6.3917,27.24,5.02,5.72,79.3,0.0
mogadishu,20211112,2.04,45.34,5.9681,27.31,5.52,6.34,80.11,0.0
mogadishu,20211113,2.04,45.34,5.4617,27.37,5.79,6.62,80.67,0.0
mogadishu,20211114,2.04,45.34,5.6359,27.37,5.19,5.89,79.91,0.0
mogadishu,20211115,2.04,45.34,5.4146,27.29,4.33,4.9,77.52,0.0
mogadishu,20211116,2.04,45.34,6.0679,27.33,4.28,4.86,75.54,0.0
mogadishu,20211117,2.04,45.34,5.5178,27.41,4.59,5.21,77.42,0.01
mogadishu,20211118,2.04,45.34,5.8147,27.68,4.45,5.07,74.08,0.01
mogadishu,20211119,2.04,45.34,6.1315,27.51,4.12,4.65,77.66,0.0
mogadishu,20211120,2.04,45.34,6.2849,27.54,4.83,5.44,76.08,0.0
mogadishu,20211121,2.04,45.34,6.8935,27.35,5.38,6.12,76.19,0.0
mogadishu,20211122,2.04,45.34,5.8834,27.4,5.01,5.7,75.75,0.9
mogadishu,20211123,2.04,45.34,6.4224,27.44,4.53,5.14,77.14,0.62
mogadishu,20211124,2.04,45.34,6.6636,27.62,4.5,5.12,77.56,0.03
mogadishu,20211125,2.04,45.34,6.3149,28.01,5.78,6.68,80.44,1.77
mogadishu,20211126,2.04,45.34,4.1196,27.91,4.49,5.25,82.76,10.79
mogadishu,20211127,2.04,45.34,4.4774,27.69,3.74,4.34,81.24,13.28
mogadishu,20211128,2.04,45.34,5.9143,27.76,3.67,4.24,78.97,6.52
mogadishu,20211129,2.04,45.34,5.3429,27.41,4.77,5.58,83.04,7.94
mogadishu,20211130,2.04,45.34,6.7008,27.72,6.17,7.28,76.92,0.64
mogadishu,20211201,2.04,45.34,6.3622,27.67,5.47,6.38,73.19,0.01
mogadishu,20211202,2.04,45.34,5.863,27.69,5.39,6.28,75.46,0.0
mogadishu,20211203,2.04,45.34,6.0953,27.39,5.11,5.92,76.01,0.0
mogadishu,20211204,2.04,45.34,5.8783,27.51,5.81,6.78,74.88,0.0
mogadishu,20211205,2.04,45.34,6.0427,27.32,6.16,7.18,75.28,0.0
mogadishu,20211206,2.04,45.34,6.2496,27.28,5.65,6.59,76.94,0.0
mogadishu,20211207,2.04,45.34,5.7866,27.23,5.63,6.52,79.7,0.01
mogadishu,20211208,2.04,45.34,5.8606,27.28,5.68,6.61,76.67,0.0
mogadishu,20211209,2.04,45.34,6.63,27.19,6.91,8.07,75.19,0.0
mogadishu,20211210,2.04,45.34,6.7932,27.03,7.81,9.15,73.01,0.0
mogadishu,20211211,2.04,45.34,6.479,27.1,7.45,8.73,77.02,0.0
mogadishu,20211212,2.04,45.34,5.9054,27.18,7.81,9.12,80.27,0.0
mogadishu,20211213,2.04,45.34,5.6743,27.21,7.89,9.3,79.06,0.01
mogadishu,20211214,2.04,45.34,5.3407,27.09,7.54,8.86,78.91,0.01
mogadishu,20211215,2.04,45.34,5.6436,27.03,7.46,8.69,79.28,0.0
mogadishu,20211216,2.04,45.34,5.8922,27.24,7.16,8.37,80.59,0.01
mogadishu,20211217,2.04,45.34,4.7558,27.33,7.49,8.81,80.9,0.17
mogadishu,20211218,2.04,45.34,4.6442,27.28,7.49,8.8,83.26,0.46
mogadishu,20211219,2.04,45.34,4.9555,27.3,7.23,8.44,82.09,0.12
mogadishu,20211220,2.04,45.34,5.1852,27.19,6.87,8.0,83.86,0.28
mogadishu,20211221,2.04,45.34,5.9858,26.89,7.31,8.47,82.25,0.04
mogadishu,20211222,2.04,45.34,6.4315,27.06,6.78,7.87,80.66,0.48
mogadishu,20211223,2.04,45.34,5.0306,26.87,6.17,7.17,84.62,0.11
mogadishu,20211224,2.04,45.34,5.0458,27.22,5.53,6.42,81.07,0.03
mogadishu,20211225,2.04,45.34,6.4027,26.97,5.93,6.88,78.53,0.01
mogadishu,20211226,2.04,45.34,6.139,27.13,6.8,7.9,79.12,0.02
mogadishu,20211227,2.04,45.34,5.6275,27.29,7.81,9.15,78.99,0.06
mogadishu,20211228,2.04,45.34,6.5347,26.95,7.68,8.95,74.51,0.0
mogadishu,20211229,2.04,45.34,6.8136,26.77,7.26,8.4,72.46,0.0
mogadishu,20211230,2.04,45.34,6.685,26.74,7.74,9.09,72.0,0.0
mogadishu,20211231,2.04,45.34,6.8923,26.51,7.85,9.21,75.98,0.0
mogadishu,20220101,2.04,45.34,6.8767,26.35,7.47,8.76,74.08,0.0
mogadishu,20220102,2.04,45.34,6.8136,26.44,6.13,7.23,76.8,0.0
mogadishu,20220103,2.04,45.34,6.3706,27.0,6.42,7.56,82.68,0.03
mogadishu,20220104,2.04,45.34,6.121,27.2,6.43,7.51,82.22,0.06
mogadishu,20220105,2.04,45.34,6.0437,27.23,7.26,8.53,84.34,0.08
mogadishu,20220106,2.04,45.34,6.569,27.1,8.18,9.57,78.68,0.0
mogadishu,20220107,2.04,45.34,6.7426,27.11,8.41,9.82,76.78,0.0
mogadishu,20220108,2.04,45.34,6.5978,27.08,8.61,10.04,75.9,0.0
mogadishu,20220109,2.04,45.34,6.6425,27.16,8.26,9.67,76.92,0.0
mogadishu,20220110,2.04,45.34,6.8088,26.86,8.65,10.11,73.57,0.0
mogadishu,20220111,2.04,45.34,6.2842,26.87,8.45,9.89,74.61,0.0
mogadishu,20220112,2.04,45.34,6.8453,26.81,8.11,9.42,75.27,0.0
mogadishu,20220113,2.04,45.34,6.9919,26.83,7.26,8.44,75.24,0.0
mogadishu,20220114,2.04,45.34,7.0277,26.77,7.21,8.39,76.62,0.0
mogadishu,20220115,2.04,45.34,7.0198,26.75,6.9,7.96,78.73,0.0
mogadishu,20220116,2.04,45.34,6.8964,26.58,6.43,7.39,80.5,0.05
mogadishu,20220117,2.04,45.34,5.9057,26.75,7.49,8.71,79.24,0.02
mogadishu,20220118,2.04,45.34,6.203,26.93,8.03,9.36,75.68,0.0
mogadishu,20220119,2.04,45.34,6.3636,26.84,7.0,8.19,79.75,0.02
mogadishu,20220120,2.04,45.34,6.5623,27.17,8.03,9.38,78.18,0.04
mogadishu,20220121,2.04,45.34,6.636,26.66,8.89,10.44,78.32,9.19
mogadishu,20220122,2.04,45.34,6.4351,26.76,9.37,11.07,74.86,2.76
mogadishu,20220123,2.04,45.34,6.6502,26.23,8.47,10.16,78.12,16.87
mogadishu,20220124,2.04,45.34,6.6605,26.34,9.42,11.1,75.57,0.01
mogadishu,20220125,2.04,45.34,6.9732,26.4,9.54,11.22,72.06,0.0
mogadishu,20220126,2.04,45.34,6.9526,26.25,8.04,9.43,70.78,0.0
mogadishu,20220127,2.04,45.34,7.0596,26.61,6.88,8.05,73.35,0.0
mogadishu,20220128,2.04,45.34,6.8923,26.56,7.34,8.54,75.84,0.0
mogadishu,20220129,2.04,45.34,7.0618,26.78,9.2,10.85,74.03,0.0
mogadishu,20220130,2.04,45.34,7.1906,26.63,8.51,9.93,73.15,0.0
mogadishu,20220131,2.04,45.34,6.8026,26.42,7.41,8.55,77.15,0.0
mogadishu,20220201,2.04,45.34,6.059,26.75,7.72,9.03,83.11,0.0
mogadishu,20220202,2.04,45.34,5.3537,26.7,8.2,9.65,83.92,0.0
mogadishu,20220203,2.04,45.34,6.6144,26.72,8.57,10.1,82.14,0.0
mogadishu,20220204,2.04,45.34,7.182,26.58,8.15,9.53,76.93,0.0
mogadishu,20220205,2.04,45.34,7.1926,26.41,7.31,8.49,80.77,2.62
mogadishu,20220206,2.04,45.34,6.7522,25.96,6.82,7.99,83.1,50.07
mogadishu,20220207,2.04,45.34,7.2974,25.83,7.69,9.05,75.96,0.38
mogadishu,20220208,2.04,45.34,7.0529,26.37,7.83,9.28,74.92,0.16
mogadishu,20220209,2.04,45.34,6.6485,26.29,8.73,10.26,76.88,0.14
mogadishu,20220210,2.04,45.34,7.1302,26.2,8.15,9.54,76.64,0.0
mogadishu,20220211,2.04,45.34,6.9415,26.06,8.05,9.37,76.89,0.0
mogadishu,20220212,2.04,45.34,6.8506,26.37,7.62,8.93,75.63,0.0
mogadishu,20220213,2.04,45.34,7.0226,26.3,7.09,8.26,77.08,0.0
mogadishu,20220214,2.04,45.34,6.6209,26.17,7.93,9.23,76.94,0.0
mogadishu,20220215,2.04,45.34,7.5091,26.15,8.08,9.43,73.19,0.0
mogadishu,20220216,2.04,45.34,7.08,26.14,7.12,8.31,76.31,0.0
mogadishu,20220217,2.04,45.34,7.1676,25.97,6.44,7.41,80.14,0.0
mogadishu,20220218,2.04,45.34,6.8683,26.01,6.48,7.42,79.73,0.0
mogadishu,20220219,2.04,45.34,6.9012,26.45,8.03,9.37,76.93,0.0
mogadishu,20220220,2.04,45.34,6.8832,26.56,7.9,9.25,77.59,0.0
mogadishu,20220221,2.04,45.34,7.0123,26.59,7.4,8.63,79.86,0.0
mogadishu,20220222,2.04,45.34,7.1114,26.75,8.31,9.8,83.82,0.0
mogadishu,20220223,2.04,45.34,5.9172,27.03,8.4,10.04,83.14,0.0
mogadishu,20220224,2.04,45.34,7.2578,26.93,7.95,9.33,82.97,0.0
mogadishu,20220225,2.04,45.34,7.3582,26.79,7.12,8.34,84.94,0.0
mogadishu,20220226,2.04,45.34,7.217,26.83,6.38,7.35,82.46,0.0
mogadishu,20220227,2.04,45.34,7.1035,26.95,7.0,8.07,80.81,0.0
mogadishu,20220228,2.04,45.34,6.893,27.1,8.18,9.52,76.26,0.0
mogadishu,20220301,2.04,45.34,7.2996,27.02,8.34,9.73,73.08,0.0
mogadishu,20220302,2.04,45.34,7.2139,27.0,8.17,9.55,80.78,0.0
mogadishu,20220303,2.04,45.34,7.4357,27.12,8.37,9.76,76.31,0.0
mogadishu,20220304,2.04,45.34,7.572,26.77,8.5,9.85,75.5,0.0
mogadishu,20220305,2.04,45.34,7.5934,26.92,8.72,10.13,72.99,0.0
mogadishu,20220306,2.04,45.34,7.4642,26.82,7.89,9.12,74.75,0.0
mogadishu,20220307,2.04,45.34,7.4251,26.86,7.72,8.89,75.82,0.0
mogadishu,20220308,2.04,45.34,7.4335,26.83,7.41,8.59,78.23,0.0
mogadishu,20220309,2.04,45.34,7.4863,27.05,7.71,8.99,74.11,0.0
mogadishu,20220310,2.04,45.34,7.5269,27.06,7.54,8.79,72.71,0.0
mogadishu,20220311,2.04,45.34,7.5636,26.92,7.3,8.41,74.08,0.0
mogadishu,20220312,2.04,45.34,7.6015,27.05,6.86,7.88,74.74,0.0
mogadishu,20220313,2.04,45.34,7.5158,27.13,7.82,9.03,76.04,0.0
mogadishu,20220314,2.04,45.34,7.3522,27.39,7.72,8.99,75.95,0.0
mogadishu,20220315,2.04,45.34,7.3781,27.18,7.64,8.82,77.99,0.0
mogadishu,20220316,2.04,45.34,7.3843,27.25,7.62,8.81,77.65,0.0
mogadishu,20220317,2.04,45.34,7.3766,27.29,7.84,9.06,78.03,0.0
mogadishu,20220318,2.04,45.34,7.2389,27.51,6.64,7.66,77.02,0.0
mogadishu,20220319,2.04,45.34,7.2578,27.55,6.08,6.96,76.79,0.0
mogadishu,20220320,2.04,45.34,7.2134,27.19,6.12,7.02,78.62,0.0
mogadishu,20220321,2.04,45.34,7.344,26.9,5.15,5.81,78.8,0.0
mogadishu,20220322,2.04,45.34,6.9924,26.99,4.55,5.1,77.39,0.01
mogadishu,20220323,2.04,45.34,7.0742,27.72,4.8,5.49,77.12,0.0
mogadishu,20220324,2.04,45.34,6.8208,28.08,4.84,5.52,79.24,0.02
mogadishu,20220325,2.04,45.34,6.39,28.19,4.8,5.39,79.59,0.02
mogadishu,20220326,2.04,45.34,5.3719,28.35,3.92,4.38,77.17,0.12
mogadishu,20220327,2.04,45.34,6.9072,28.13,5.18,5.88,75.93,0.0
mogadishu,20220328,2.04,45.34,7.2098,28.03,6.4,7.33,74.96,0.0
mogadishu,20220329,2.04,45.34,7.075,28.1,7.74,8.92,76.5,0.0
mogadishu,20220330,2.04,45.34,6.6821,28.04,7.46,8.55,79.91,0.0
mogadishu,20220331,2.04,45.34,6.6314,28.32,6.27,7.19,80.31,0.01
mogadishu,20220401,2.04,45.34,6.5309,28.13,5.85,6.69,78.86,0.53
mogadishu,20220402,2.04,45.34,6.9691,28.32,5.25,5.95,77.04,0.25
mogadishu,20220403,2.04,45.34,7.0454,28.65,4.51,5.16,74.62,0.1
mogadishu,20220404,2.04,45.34,7.1974,28.21,4.75,5.34,77.11,0.01
mogadishu,20220405,2.04,45.34,7.3613,28.15,5.17,5.84,78.21,0.02
mogadishu,20220406,2.04,45.34,7.3454,28.13,5.47,6.15,78.08,0.0
mogadishu,20220407,2.04,45.34,6.9355,28.36,5.59,6.34,77.08,0.0
mogadishu,20220408,2.04,45.34,6.522,28.82,5.07,5.77,76.43,0.0
mogadishu,20220409,2.04,45.34,6.7932,28.35,4.55,5.11,78.35,0.0
mogadishu,20220410,2.04,45.34,7.1266,28.02,4.63,5.16,77.9,0.0
mogadishu,20220411,2.04,45.34,6.6127,28.53,4.19,4.69,76.35,0.07
mogadishu,20220412,2.04,45.34,6.9725,28.72,3.97,4.39,76.24,0.27
mogadishu,20220413,2.04,45.34,6.8611,28.74,4.52,5.04,79.06,0.2
mogadishu,20220414,2.04,45.34,7.0217,28.56,4.24,4.78,79.27,0.14
mogadishu,20220415,2.04,45.34,5.4878,29.05,4.27,4.83,75.0,0.05
mogadishu,20220416,2.04,45.34,5.8694,28.82,4.93,5.58,80.08,0.71
mogadishu,20220417,2.04,45.34,5.5049,28.98,5.47,6.33,78.79,2.73
mogadishu,20220418,2.04,45.34,3.349,28.47,5.03,5.86,84.51,9.75
mogadishu,20220419,2.04,45.34,6.0497,28.28,3.13,3.59,82.01,15.3
mogadishu,20220420,2.04,45.34,6.8206,28.34,4.03,4.63,81.79,5.97
mogadishu,20220421,2.04,45.34,6.5045,28.43,4.03,4.63,80.22,0.08
mogadishu,20220422,2.04,45.34,6.0091,28.36,4.27,4.99,70.68,0.26
mogadishu,20220423,2.04,45.34,6.9338,29.03,4.55,5.22,76.29,0.08
mogadishu,20220424,2.04,45.34,7.1628,28.46,3.6,4.09,79.35,0.14
mogadishu,20220425,2.04,45.34,6.7423,28.41,3.56,3.98,77.48,0.14
mogadishu,20220426,2.04,45.34,6.0137,28.86,2.76,3.03,72.34,1.64
mogadishu,20220427,2.04,45.34,5.5174,28.92,3.86,4.37,75.88,2.17
mogadishu,20220428,2.04,45.34,6.0262,28.99,4.02,4.56,75.39,0.67
mogadishu,20220429,2.04,45.34,5.8622,28.95,4.13,4.71,78.74,2.43
mogadishu,20220430,2.04,45.34,5.2042,28.76,4.3,4.94,79.77,5.14
mogadishu,20220501,2.04,45.34,6.3026,28.54,5.4,6.31,81.88,5.18
mogadishu,20220502,2.04,45.34,6.4114,28.37,5.08,5.92,82.41,3.21
mogadishu,20220503,2.04,45.34,5.767,28.6,6.03,7.05,83.62,6.4
mogadishu,20220504,2.04,45.34,5.6294,27.95,5.28,6.14,83.28,4.01
mogadishu,20220505,2.04,45.34,5.353,27.55,5.19,6.05,85.35,5.86
mogadishu,20220506,2.04,45.34,6.7154,28.14,5.93,6.85,82.48,0.18
mogadishu,20220507,2.04,45.34,6.0415,28.26,6.2,7.2,82.7,0.12
mogadishu,20220508,2.04,45.34,6.5664,28.58,6.66,7.74,82.1,0.04
mogadishu,20220509,2.04,45.34,6.3379,28.53,7.01,8.24,85.08,0.14
mogadishu,20220510,2.04,45.34,6.193,28.32,6.5,7.59,84.25,0.13
mogadishu,20220511,2.04,45.34,6.432,28.32,6.83,8.07,79.1,0.0
mogadishu,20220512,2.04,45.34,5.922,28.23,7.16,8.41,81.95,0.04
mogadishu,20220513,2.04,45.34,5.4502,28.15,7.29,8.57,82.23,0.09
mogadishu,20220514,2.04,45.34,5.7444,28.19,6.44,7.58,80.85,0.04
mogadishu,20220515,2.04,45.34,6.444,28.22,6.51,7.73,77.52,0.01
mogadishu,20220516,2.04,45.34,6.7152,28.22,7.4,8.69,79.47,0.25
mogadishu,20220517,2.04,45.34,6.2657,28.29,8.64,10.18,77.45,0.12
mogadishu,20220518,2.04,45.34,6.3574,28.17,7.94,9.32,75.15,0.05
mogadishu,20220519,2.04,45.34,6.0259,27.93,7.21,8.43,75.91,0.02
mogadishu,20220520,2.04,45.34,6.3022,27.78,7.08,8.26,77.13,0.1
mogadishu,20220521,2.04,45.34,6.0504,27.83,7.01,8.22,77.88,0.07
mogadishu,20220522,2.04,45.34,5.7648,27.79,6.57,7.8,83.73,0.09
mogadishu,20220523,2.04,45.34,5.8418,27.71,7.0,8.29,83.6,0.03
mogadishu,20220524,2.04,45.34,5.6414,27.61,6.65,7.84,82.1,0.11
mogadishu,20220525,2.04,45.34,6.0084,27.82,7.1,8.36,77.25,0.05
mogadishu,20220526,2.04,45.34,5.8044,27.77,7.19,8.35,79.43,0.01
mogadishu,20220527,2.04,45.34,5.873,27.82,7.55,8.81,77.19,0.0
mogadishu,20220528,2.04,45.34,5.6273,27.64,7.36,8.57,75.72,0.01
mogadishu,20220529,2.04,45.34,6.0869,27.44,7.54,8.74,78.72,0.04
mogadishu,20220530,2.04,45.34,6.2076,27.7,7.7,8.95,74.18,0.0
mogadishu,20220531,2.04,45.34,6.3235,27.7,7.8,9.07,75.8,0.01
mogadishu,20220601,2.04,45.34,6.0413,27.49,8.12,9.45,77.87,0.02
mogadishu,20220602,2.04,45.34,6.1884,27.49,8.27,9.67,78.62,0.05
mogadishu,20220603,2.04,45.34,5.7161,27.41,8.27,9.66,78.78,0.07
mogadishu,20220604,2.04,45.34,5.6662,27.17,7.28,8.4,81.04,0.1
mogadishu,20220605,2.04,45.34,4.6608,27.28,7.62,8.81,76.28,1.01
mogadishu,20220606,2.04,45.34,6.3017,27.34,8.35,9.79,79.01,4.07
mogadishu,20220607,2.04,45.34,5.0501,27.43,9.17,10.83,79.08,6.65
mogadishu,20220608,2.04,45.34,4.6817,27.11,8.08,9.58,83.92,24.93
mogadishu,20220609,2.04,45.34,4.6051,26.62,8.2,9.74,86.0,46.59
mogadishu,20220610,2.04,45.34,6.4685,27.14,8.76,10.39,79.41,0.25
mogadishu,20220611,2.04,45.34,6.4219,27.33,8.14,9.64,80.21,0.74
mogadishu,20220612,2.04,45.34,5.0426,27.31,9.24,10.94,79.75,0.34
mogadishu,20220613,2.04,45.34,5.9273,27.17,8.89,10.47,77.16,0.27
mogadishu,20220614,2.04,45.34,5.6609,27.22,8.73,10.38,78.8,0.99
mogadishu,20220615,2.04,45.34,6.2057,27.25,7.94,9.39,80.92,2.39
mogadishu,20220616,2.04,45.34,6.5371,26.98,6.86,8.01,83.74,2.64
mogadishu,20220617,2.04,45.34,6.2546,26.97,7.73,9.12,78.56,1.62
mogadishu,20220618,2.04,45.34,6.6314,26.77,8.31,9.75,75.08,0.31
mogadishu,20220619,2.04,45.34,6.3595,26.82,8.27,9.71,77.33,0.31
mogadishu,20220620,2.04,45.34,5.3098,26.94,8.52,10.03,78.89,2.58
mogadishu,20220621,2.04,45.34,5.3268,26.77,9.25,10.97,77.37,1.8
mogadishu,20220622,2.04,45.34,4.7234,26.5,9.19,10.84,78.17,6.74
mogadishu,20220623,2.04,45.34,3.5314,26.16,9.04,10.73,78.29,5.51
mogadishu,20220624,2.04,45.34,4.6766,26.04,7.95,9.37,78.6,1.99
mogadishu,20220625,2.04,45.34,5.4638,26.27,8.09,9.5,78.06,0.94
mogadishu,20220626,2.04,45.34,5.9213,26.54,9.08,10.8,83.62,19.67
mogadishu,20220627,2.04,45.34,4.9658,26.29,9.35,11.15,82.37,9.73
mogadishu,20220628,2.04,45.34,4.6855,26.05,9.42,11.19,78.78,4.49
mogadishu,20220629,2.04,45.34,4.5686,25.67,9.21,10.92,79.46,7.03
mogadishu,20220630,2.04,45.34,4.6238,25.88,9.47,11.2,79.26,2.3
mogadishu,20220701,2.04,45.34,6.077,25.86,8.64,10.21,78.39,3.38
mogadishu,20220702,2.04,45.34,3.9979,25.74,9.68,11.45,79.29,3.01
mogadishu,20220703,2.04,45.34,4.7554,25.62,10.04,11.92,77.64,2.57
mogadishu,20220704,2.04,45.34,4.127,25.6,9.54,11.38,81.6,6.64
mogadishu,20220705,2.04,45.34,3.1152,25.59,8.98,10.66,80.59,2.63
mogadishu,20220706,2.04,45.34,3.8023,25.58,9.41,11.22,81.21,7.82
mogadishu,20220707,2.04,45.34,4.9409,25.32,9.24,11.01,80.82,9.86
mogadishu,20220708,2.04,45.34,5.3983,25.32,9.68,11.52,76.95,5.48
mogadishu,20220709,2.04,45.34,5.0856,24.9,10.03,11.87,79.24,6.94
mogadishu,20220710,2.04,45.34,4.0862,25.17,9.38,11.1,78.84,4.0
mogadishu,20220711,2.04,45.34,4.7047,25.43,8.03,9.48,82.25,6.88
mogadishu,20220712,2.04,45.34,4.0315,25.28,8.43,9.98,81.95,4.75
mogadishu,20220713,2.04,45.34,5.461,25.5,8.37,9.95,85.39,4.57
mogadishu,20220714,2.04,45.34,4.099,25.72,7.57,8.97,87.07,9.56
mogadishu,20220715,2.04,45.34,3.7022,25.53,9.08,10.89,84.59,8.77
mogadishu,20220716,2.04,45.34,5.0268,25.5,9.31,11.15,78.09,1.38
mogadishu,20220717,2.04,45.34,5.2697,25.28,8.77,10.46,81.53,4.66
mogadishu,20220718,2.04,45.34,4.6056,25.22,9.29,11.09,82.29,18.5
mogadishu,20220719,2.04,45.34,5.2814,24.77,9.12,10.82,79.06,3.75
mogadishu,20220720,2.04,45.34,5.9722,24.94,8.66,10.25,79.15,4.51
mogadishu,20220721,2.04,45.34,5.454,25.26,8.14,9.62,80.84,5.66
mogadishu,20220722,2.04,45.34,4.1611,25.03,8.27,9.82,83.38,8.59
mogadishu,20220723,2.04,45.34,5.617,25.16,8.32,9.84,83.09,4.53
mogadishu,20220724,2.04,45.34,4.7623,25.3,8.98,10.73,81.5,3.91
mogadishu,20220725,2.04,45.34,5.7211,25.35,8.84,10.54,81.21,1.32
mogadishu,20220726,2.04,45.34,5.7943,25.47,8.58,10.15,82.23,1.77
mogadishu,20220727,2.04,45.34,6.1118,25.33,7.95,9.4,78.56,1.0
mogadishu,20220728,2.04,45.34,6.4651,25.3,7.35,8.72,80.43,0.84
mogadishu,20220729,2.04,45.34,5.3237,25.33,7.97,9.39,79.68,1.51
mogadishu,20220730,2.04,45.34,5.9078,25.16,7.57,8.91,78.6,0.41
mogadishu,20220731,2.04,45.34,5.6088,25.21,7.64,8.93,80.35,1.2
mogadishu,20220801,2.04,45.34,6.0857,25.32,8.25,9.73,78.55,1.32
mogadishu,20220802,2.04,45.34,5.8135,25.16,7.99,9.38,79.57,1.46
mogadishu,20220803,2.04,45.34,4.9459,25.38,8.48,9.99,78.55,2.32
mogadishu,20220804,2.04,45.34,5.5406,25.22,8.42,9.89,80.65,1.46
mogadishu,20220805,2.04,45.34,6.1519,25.1,8.39,9.82,79.26,1.84
mogadishu,20220806,2.04,45.34,5.6184,24.95,8.5,9.97,79.48,1.16
mogadishu,20220807,2.04,45.34,5.4418,24.86,8.41,9.84,77.87,1.16
mogadishu,20220808,2.04,45.34,4.7971,24.94,8.3,9.71,79.41,1.0
mogadishu,20220809,2.04,45.34,5.509,24.96,7.43,8.69,84.14,1.2
mogadishu,20220810,2.04,45.34,4.0291,24.92,7.82,9.26,87.53,3.95
mogadishu,20220811,2.04,45.34,5.5006,24.96,8.54,10.11,79.13,0.82
mogadishu,20220812,2.04,45.34,4.9214,24.99,8.22,9.68,81.56,1.26
mogadishu,20220813,2.04,45.34,4.5624,25.27,7.76,9.14,81.34,0.4
mogadishu,20220814,2.04,45.34,6.1198,25.33,6.86,8.14,84.17,11.2
mogadishu,20220815,2.04,45.34,5.5106,25.21,6.49,7.66,82.78,2.85
mogadishu,20220816,2.04,45.34,5.4972,25.17,7.2,8.47,84.22,7.99
mogadishu,20220817,2.04,45.34,5.3345,25.18,7.29,8.58,82.87,2.19
mogadishu,20220818,2.04,45.34,5.97,25.36,6.69,7.86,83.35,3.21
mogadishu,20220819,2.04,45.34,4.877,25.47,6.36,7.48,87.43,4.37
mogadishu,20220820,2.04,45.34,5.3582,25.44,7.09,8.38,86.95,2.94
mogadishu,20220821,2.04,45.34,4.9766,25.29,7.79,9.17,82.75,1.16
mogadishu,20220822,2.04,45.34,6.0626,25.17,7.18,8.42,81.74,2.73
mogadishu,20220823,2.04,45.34,5.1842,25.03,8.17,9.61,80.01,2.49
mogadishu,20220824,2.04,45.34,5.2843,24.96,7.06,8.33,84.95,18.78
mogadishu,20220825,2.04,45.34,5.1302,24.82,8.44,10.08,84.67,39.31
mogadishu,20220826,2.04,45.34,5.6633,24.79,7.55,9.0,81.64,14.56
mogadishu,20220827,2.04,45.34,5.6215,24.61,6.95,8.26,82.07,20.43
mogadishu,20220828,2.04,45.34,6.355,24.42,6.36,7.47,82.27,3.59
mogadishu,20220829,2.04,45.34,6.2482,24.77,7.29,8.6,81.5,0.0
mogadishu,20220830,2.04,45.34,6.623,24.62,6.52,7.58,84.32,0.0
mogadishu,20220831,2.04,45.34,6.4555,24.95,7.51,8.83,82.45,0.0
mogadishu,20220901,2.04,45.34,6.9838,24.91,7.87,9.26,77.7,0.0
mogadishu,20220902,2.04,45.34,6.1306,24.9,7.96,9.35,78.43,0.0
mogadishu,20220903,2.04,45.34,6.083,24.81,7.52,8.87,81.78,0.0
mogadishu,20220904,2.04,45.34,5.7614,25.13,7.65,9.01,81.39,0.0
mogadishu,20220905,2.04,45.34,6.7013,25.06,7.91,9.26,79.32,0.0
mogadishu,20220906,2.04,45.34,6.4234,25.05,7.86,9.18,78.17,0.0
mogadishu,20220907,2.04,45.34,5.9119,25.18,8.0,9.39,80.6,0.0
mogadishu,20220908,2.04,45.34,6.733,25.32,7.81,9.17,81.07,0.0
mogadishu,20220909,2.04,45.34,7.129,25.31,7.66,9.02,80.33,0.0
mogadishu,20220910,2.04,45.34,5.2176,25.44,6.73,7.95,87.2,0.0
mogadishu,20220911,2.04,45.34,4.9764,25.6,7.14,8.41,84.88,0.0
mogadishu,20220912,2.04,45.34,6.9924,25.56,6.95,8.13,81.98,0.0
mogadishu,20220913,2.04,45.34,6.6185,25.52,6.76,8.04,82.85,1.17
mogadishu,20220914,2.04,45.34,6.2563,25.6,7.59,8.95,84.2,2.26
mogadishu,20220915,2.04,45.34,5.8061,25.62,6.52,7.64,84.2,3.67
mogadishu,20220916,2.04,45.34,4.8725,25.71,7.24,8.55,84.26,5.66
mogadishu,20220917,2.04,45.34,6.3106,25.64,6.86,8.11,80.4,0.26
mogadishu,20220918,2.04,45.34,7.1782,25.83,6.22,7.31,85.01,0.14
mogadishu,20220919,2.04,45.34,6.3353,26.16,5.66,6.67,87.1,2.28
mogadishu,20220920,2.04,45.34,4.9349,26.13,6.24,7.36,86.5,2.72
mogadishu,20220921,2.04,45.34,6.3175,26.17,5.66,6.61,85.03,1.08
mogadishu,20220922,2.04,45.34,4.6752,26.14,7.12,8.28,83.48,2.41
mogadishu,20220923,2.04,45.34,5.9004,25.79,6.1,7.1,78.45,0.0
mogadishu,20220924,2.04,45.34,7.2888,25.51,5.31,6.16,81.21,0.0
mogadishu,20220925,2.04,45.34,6.9218,25.73,6.1,7.13,83.11,0.0
mogadishu,20220926,2.04,45.34,6.5266,26.31,5.82,6.78,83.39,0.01
mogadishu,20220927,2.04,45.34,6.1423,26.51,6.25,7.31,83.1,0.02
mogadishu,20220928,2.04,45.34,5.6395,26.2,7.87,9.19,82.49,0.32
mogadishu,20220929,2.04,45.34,4.4882,25.87,7.21,8.41,79.28,0.08
mogadishu,20220930,2.04,45.34,6.2532,25.79,6.55,7.61,79.18,0.09
mogadishu,20221001,2.04,45.34,6.7634,25.81,6.69,7.82,77.67,0.05
mogadishu,20221002,2.04,45.34,6.4435,25.77,7.05,8.21,79.17,0.05
mogadishu,20221003,2.04,45.34,5.688,25.45,6.69,7.78,81.58,0.0
mogadishu,20221004,2.04,45.34,6.0485,25.75,5.41,6.34,83.64,0.01
mogadishu,20221005,2.04,45.34,6.1656,25.9,5.84,6.81,84.96,0.0
mogadishu,20221006,2.04,45.34,6.4236,25.79,6.09,7.04,84.73,0.03
mogadishu,20221007,2.04,45.34,5.5486,25.66,5.95,6.88,82.94,0.01
mogadishu,20221008,2.04,45.34,5.0861,25.82,6.82,7.92,81.96,0.23
mogadishu,20221009,2.04,45.34,6.085,25.8,6.48,7.48,81.16,0.23
mogadishu,20221010,2.04,45.34,5.3237,25.82,7.18,8.29,80.1,0.18
mogadishu,20221011,2.04,45.34,5.2678,25.83,7.69,8.91,79.92,0.05
mogadishu,20221012,2.04,45.34,4.7323,25.78,6.99,8.1,82.09,0.12
mogadishu,20221013,2.04,45.34,5.2222,25.98,7.13,8.33,82.17,0.0
mogadishu,20221014,2.04,45.34,5.6042,25.91,5.29,6.11,81.05,0.0
mogadishu,20221015,2.04,45.34,5.1274,25.74,5.01,5.73,82.67,0.0
mogadishu,20221016,2.04,45.34,5.765,25.98,5.06,5.79,83.08,0.0
mogadishu,20221017,2.04,45.34,4.9752,26.07,5.81,6.75,82.0,0.0
mogadishu,20221018,2.04,45.34,5.1329,26.12,5.63,6.54,79.21,0.4
mogadishu,20221019,2.04,45.34,3.8256,26.06,5.44,6.31,78.77,0.29
mogadishu,20221020,2.04,45.34,4.4928,25.85,5.26,6.01,82.57,0.19
mogadishu,20221021,2.04,45.34,5.3854,25.89,5.74,6.58,81.95,0.43
mogadishu,20221022,2.04,45.34,6.222,26.15,4.8,5.48,80.56,0.21
mogadishu,20221023,2.04,45.34,6.3478,26.38,5.0,5.71,80.17,0.02
mogadishu,20221024,2.04,45.34,6.7548,26.64,4.84,5.56,79.08,0.02
mogadishu,20221025,2.04,45.34,5.2366,26.64,5.02,5.79,80.24,0.07
mogadishu,20221026,2.04,45.34,5.802,26.38,5.02,5.71,82.42,0.06
mogadishu,20221027,2.04,45.34,4.5166,26.29,5.15,5.89,84.81,0.11
mogadishu,20221028,2.04,45.34,5.8066,26.4,4.49,5.1,81.19,0.73
mogadishu,20221029,2.04,45.34,5.1245,26.34,4.22,4.74,79.88,0.28
mogadishu,20221030,2.04,45.34,5.9597,26.41,4.19,4.72,80.78,0.1
mogadishu,20221031,2.04,45.34,5.6292,26.72,4.65,5.28,79.27,0.31
mogadishu,20221101,2.04,45.34,5.2606,26.58,4.43,5.02,81.94,0.6
mogadishu,20221102,2.04,45.34,6.0242,26.88,4.36,5.01,76.97,0.06
mogadishu,20221103,2.04,45.34,5.8217,26.3,4.29,4.79,80.23,0.02
mogadishu,20221104,2.04,45.34,5.8277,26.45,4.38,4.9,78.74,0.02
mogadishu,20221105,2.04,45.34,5.1818,26.68,5.04,5.73,78.3,0.05
mogadishu,20221106,2.04,45.34,5.4689,26.73,4.87,5.57,77.95,0.05
mogadishu,20221107,2.04,45.34,5.6993,26.58,4.19,4.74,78.42,0.01
mogadishu,20221108,2.04,45.34,5.4898,26.59,4.07,4.57,79.73,0.01
mogadishu,20221109,2.04,45.34,5.7053,26.97,4.8,5.48,78.18,0.01
mogadishu,20221110,2.04,45.34,5.9551,27.2,5.23,6.06,75.87,0.01
mogadishu,20221111,2.04,45.34,5.5493,27.08,4.53,5.29,75.13,0.0
mogadishu,20221112,2.04,45.34,5.669,26.59,4.28,4.79,78.4,0.0
mogadishu,20221113,2.04,45.34,5.3323,26.81,4.14,4.64,79.24,0.01
mogadishu,20221114,2.04,45.34,5.5517,26.92,4.26,4.85,79.1,0.03
mogadishu,20221115,2.04,45.34,5.6124,27.15,4.97,5.72,79.65,0.02
mogadishu,20221116,2.04,45.34,5.7732,27.17,5.29,6.09,78.63,0.01
mogadishu,20221117,2.04,45.34,5.5392,27.34,5.01,5.72,79.4,0.53
mogadishu,20221118,2.04,45.34,5.4158,27.57,5.01,5.72,79.07,0.46
mogadishu,20221119,2.04,45.34,5.9772,27.56,4.79,5.48,78.63,0.21
mogadishu,20221120,2.04,45.34,5.3899,26.92,3.93,4.39,79.33,0.19
mogadishu,20221121,2.04,45.34,5.4396,27.33,4.29,4.9,79.06,0.83
mogadishu,20221122,2.04,45.34,6.1697,27.89,6.98,8.11,75.97,0.03
mogadishu,20221123,2.04,45.34,6.0684,27.49,6.24,7.11,79.66,0.04
mogadishu,20221124,2.04,45.34,6.2112,27.19,4.64,5.26,79.45,0.06
mogadishu,20221125,2.04,45.34,5.928,27.17,4.26,4.81,77.61,0.06
mogadishu,20221126,2.04,45.34,5.5934,27.31,4.49,5.03,78.4,0.08
mogadishu,20221127,2.04,45.34,5.0976,27.47,5.05,5.7,78.51,0.02
mogadishu,20221128,2.04,45.34,5.4166,27.56,5.79,6.54,79.15,0.02
mogadishu,20221129,2.04,45.34,5.8793,27.89,6.86,7.86,77.7,0.01
mogadishu,20221130,2.04,45.34,6.343,27.74,6.49,7.45,77.16,0.0
mogadishu,20221201,2.04,45.34,6.2381,27.79,5.52,6.31,78.31,0.01
mogadishu,20221202,2.04,45.34,5.1103,27.43,4.35,5.09,83.86,25.58
mogadishu,20221203,2.04,45.34,5.556,27.41,4.87,5.76,83.4,20.25
mogadishu,20221204,2.04,45.34,6.4786,27.56,5.81,6.82,77.86,0.51
mogadishu,20221205,2.04,45.34,6.3948,27.88,5.93,6.94,76.87,2.85
mogadishu,20221206,2.04,45.34,4.919,27.23,4.54,5.35,85.42,88.08
mogadishu,20221207,2.04,45.34,6.2138,26.96,5.03,5.95,84.46,2.83
mogadishu,20221208,2.04,45.34,5.4751,26.87,4.75,5.56,84.97,1.93
mogadishu,20221209,2.04,45.34,5.8949,26.59,4.46,5.18,85.38,1.18
mogadishu,20221210,2.04,45.34,5.783,26.86,4.24,4.94,83.89,0.73
mogadishu,20221211,2.04,45.34,6.3686,27.29,6.24,7.28,80.47,0.07
mogadishu,20221212,2.04,45.34,6.5729,27.31,7.34,8.56,76.96,0.0
mogadishu,20221213,2.04,45.34,6.5246,27.34,6.94,8.11,78.36,0.0
mogadishu,20221214,2.04,45.34,6.7392,27.22,6.71,7.85,76.15,0.0
mogadishu,20221215,2.04,45.34,6.4298,26.76,6.11,7.11,76.79,0.0
mogadishu,20221216,2.04,45.34,6.5081,26.65,6.03,6.98,78.24,0.0
mogadishu,20221217,2.04,45.34,6.3886,26.82,7.32,8.48,78.93,0.0
mogadishu,20221218,2.04,45.34,6.455,26.78,8.12,9.48,76.74,0.0
mogadishu,20221219,2.04,45.34,6.6936,26.93,7.22,8.49,76.59,0.0
mogadishu,20221220,2.04,45.34,6.3156,27.02,7.55,8.91,80.9,0.0
mogadishu,20221221,2.04,45.34,5.8142,26.95,7.11,8.29,82.53,0.0
mogadishu,20221222,2.04,45.34,5.6093,26.94,7.38,8.64,81.72,0.01
mogadishu,20221223,2.04,45.34,6.3288,26.67,7.23,8.41,78.84,0.0
mogadishu,20221224,2.04,45.34,6.2933,26.57,6.58,7.68,78.63,0.0
mogadishu,20221225,2.04,45.34,5.9282,26.68,6.36,7.37,78.43,0.0
mogadishu,20221226,2.04,45.34,6.2628,26.58,6.6,7.63,79.26,0.0
mogadishu,20221227,2.04,45.34,6.7104,26.48,5.74,6.64,77.83,0.0
mogadishu,20221228,2.04,45.34,6.6295,26.45,6.05,6.97,80.48,0.0
mogadishu,20221229,2.04,45.34,6.3485,26.71,7.41,8.59,76.9,0.0
mogadishu,20221230,2.04,45.34,6.683,26.74,7.08,8.25,74.8,0.0
mogadishu,20221231,2.04,45.34,6.5026,27.0,6.26,7.32,80.68,0.0
mogadishu,20230101,2.04,45.34,5.9266,26.83,6.35,7.41,83.68,0.04
mogadishu,20230102,2.04,45.34,4.4628,26.95,8.57,10.07,80.8,0.12
mogadishu,20230103,2.04,45.34,5.9311,26.93,8.92,10.48,76.25,0.0
mogadishu,20230104,2.04,45.34,6.4126,26.63,8.54,9.98,76.57,0.0
mogadishu,20230105,2.04,45.34,6.7687,26.59,7.71,9.01,77.73,0.0
mogadishu,20230106,2.04,45.34,6.7361,26.77,7.8,9.09,77.05,0.0
mogadishu,20230107,2.04,45.34,6.7313,26.87,7.96,9.3,79.31,0.0
mogadishu,20230108,2.04,45.34,6.0715,26.7,7.86,9.16,79.12,0.0
mogadishu,20230109,2.04,45.34,6.5738,26.82,7.34,8.62,82.16,0.01
mogadishu,20230110,2.04,45.34,5.6525,26.78,7.55,8.82,82.44,0.06
mogadishu,20230111,2.04,45.34,6.7046,26.35,7.56,8.74,79.17,0.0
mogadishu,20230112,2.04,45.34,6.7145,26.25,7.91,9.19,77.47,0.0
mogadishu,20230113,2.04,45.34,6.8071,26.61,8.57,10.02,73.69,0.0
mogadishu,20230114,2.04,45.34,6.4675,26.4,8.27,9.62,78.03,0.0
mogadishu,20230115,2.04,45.34,6.5786,26.33,9.17,10.71,77.4,0.0
mogadishu,20230116,2.04,45.34,6.6132,26.35,8.31,9.74,72.69,0.0
mogadishu,20230117,2.04,45.34,6.9658,26.45,7.85,9.22,75.69,0.0
mogadishu,20230118,2.04,45.34,6.9487,26.48,7.87,9.22,77.33,0.0
mogadishu,20230119,2.04,45.34,6.9182,26.65,9.12,10.72,76.39,0.0
mogadishu,20230120,2.04,45.34,6.5016,26.78,9.5,11.26,79.38,0.0
mogadishu,20230121,2.04,45.34,5.6618,26.51,9.39,11.05,81.43,0.0
mogadishu,20230122,2.04,45.34,6.2614,26.56,8.65,10.18,81.44,0.0
mogadishu,20230123,2.04,45.34,6.9845,26.44,8.89,10.45,80.51,0.0
mogadishu,20230124,2.04,45.34,6.9619,26.42,8.42,9.83,79.56,0.0
mogadishu,20230125,2.04,45.34,7.0399,26.13,8.9,10.34,77.7,0.0
mogadishu,20230126,2.04,45.34,7.1983,26.07,9.57,11.18,75.26,0.0
mogadishu,20230127,2.04,45.34,7.2115,26.18,8.37,9.81,73.35,0.0
mogadishu,20230128,2.04,45.34,7.1933,26.06,8.41,9.82,74.9,0.0
mogadishu,20230129,2.04,45.34,7.1016,26.06,8.56,9.97,76.38,0.0
mogadishu,20230130,2.04,45.34,5.9635,26.13,8.51,9.9,77.54,0.0
mogadishu,20230131,2.04,45.34,7.0867,26.13,8.4,9.74,76.55,0.0
mogadishu,20230201,2.04,45.34,7.193,26.29,7.47,8.67,76.57,0.0
mogadishu,20230202,2.04,45.34,6.2249,26.33,7.45,8.67,77.85,0.0
mogadishu,20230203,2.04,45.34,7.1465,26.19,7.99,9.34,76.2,0.0
mogadishu,20230204,2.04,45.34,7.2859,26.46,8.13,9.58,71.31,0.0
mogadishu,20230205,2.04,45.34,7.2946,26.23,8.46,9.9,73.56,0.0
mogadishu,20230206,2.04,45.34,6.7008,26.1,8.25,9.59,80.49,0.0
mogadishu,20230207,2.04,45.34,5.9369,26.09,8.08,9.42,82.11,0.0
mogadishu,20230208,2.04,45.34,6.3665,26.09,7.61,8.81,81.36,0.0
mogadishu,20230209,2.04,45.34,7.074,26.33,7.48,8.69,81.8,0.0
mogadishu,20230210,2.04,45.34,7.1986,26.11,8.35,9.68,79.39,0.0
mogadishu,20230211,2.04,45.34,7.3459,26.28,9.16,10.72,74.3,0.0
mogadishu,20230212,2.04,45.34,7.2756,26.14,8.8,10.3,75.87,0.0
mogadishu,20230213,2.04,45.34,7.2631,26.01,7.39,8.58,76.4,0.0
mogadishu,20230214,2.04,45.34,7.2041,26.22,7.38,8.58,78.96,0.0
mogadishu,20230215,2.04,45.34,7.218,26.32,8.35,9.72,78.0,0.0
mogadishu,20230216,2.04,45.34,7.2662,26.26,9.28,10.81,78.28,0.0
mogadishu,20230217,2.04,45.34,6.7987,26.55,8.33,9.74,81.72,0.0
mogadishu,20230218,2.04,45.34,6.8767,26.57,8.8,10.29,78.7,0.0
mogadishu,20230219,2.04,45.34,7.2701,26.56,8.9,10.41,74.88,0.0
mogadishu,20230220,2.04,45.34,7.3162,26.46,9.33,10.9,73.8,0.0
mogadishu,20230221,2.04,45.34,7.3452,26.31,8.23,9.55,73.62,0.0
mogadishu,20230222,2.04,45.34,7.375,26.39,7.55,8.76,76.44,0.0
mogadishu,20230223,2.04,45.34,7.008,26.29,6.74,7.76,79.9,0.0
mogadishu,20230224,2.04,45.34,7.285,26.48,6.14,7.05,79.26,0.0
mogadishu,20230225,2.04,45.34,6.6358,26.74,6.95,8.01,77.98,0.0
mogadishu,20230226,2.04,45.34,6.5419,26.81,8.36,9.76,75.93,0.0
mogadishu,20230227,2.04,45.34,7.219,26.64,8.27,9.64,75.01,0.0
mogadishu,20230228,2.04,45.34,7.3471,26.46,7.08,8.27,78.5,0.0
mogadishu,20230301,2.04,45.34,7.1438,26.55,6.28,7.25,83.21,0.0
mogadishu,20230302,2.04,45.34,7.1714,27.0,7.4,8.64,80.9,0.0
mogadishu,20230303,2.04,45.34,7.5178,27.17,8.33,9.76,78.77,0.0
mogadishu,20230304,2.04,45.34,7.3306,27.33,8.99,10.61,75.04,0.0
mogadishu,20230305,2.04,45.34,6.971,27.29,8.19,9.61,78.08,0.0
mogadishu,20230306,2.04,45.34,7.3771,27.11,7.97,9.29,81.03,0.0
mogadishu,20230307,2.04,45.34,7.2564,27.46,7.64,8.94,80.77,0.0
mogadishu,20230308,2.04,45.34,6.8026,27.48,7.9,9.25,78.78,0.0
mogadishu,20230309,2.04,45.34,6.8006,27.58,7.84,9.19,80.04,0.0
mogadishu,20230310,2.04,45.34,7.2235,27.94,8.01,9.5,81.08,0.0
mogadishu,20230311,2.04,45.34,7.3726,28.02,7.79,9.18,82.63,0.0
mogadishu,20230312,2.04,45.34,6.0888,28.19,7.06,8.25,83.51,0.05
mogadishu,20230313,2.04,45.34,5.9489,28.36,6.75,7.8,77.8,0.03
mogadishu,20230314,2.04,45.34,5.4281,28.13,6.08,6.97,81.02,0.03
mogadishu,20230315,2.04,45.34,6.6742,28.17,5.68,6.46,81.43,0.02
mogadishu,20230316,2.04,45.34,4.8744,28.06,5.74,6.52,80.75,0.03
mogadishu,20230317,2.04,45.34,5.7653,27.75,5.35,6.09,82.58,0.25
mogadishu,20230318,2.04,45.34,6.4162,27.83,4.47,5.05,79.95,0.17
mogadishu,20230319,2.04,45.34,6.5047,27.62,3.68,4.13,80.01,0.16
mogadishu,20230320,2.04,45.34,6.7003,27.58,4.18,4.62,81.34,0.19
mogadishu,20230321,2.04,45.34,6.9857,28.34,5.37,6.11,77.38,0.29
mogadishu,20230322,2.04,45.34,6.7068,28.33,5.5,6.22,79.34,0.06
mogadishu,20230323,2.04,45.34,5.7324,28.18,3.55,3.99,81.25,0.03
mogadishu,20230324,2.04,45.34,6.8664,28.12,3.07,3.37,79.71,0.09
mogadishu,20230325,2.04,45.34,4.536,28.23,4.47,5.04,81.85,0.14
mogadishu,20230326,2.04,45.34,7.1129,28.64,5.32,6.08,75.09,0.01
mogadishu,20230327,2.04,45.34,6.9991,28.29,4.98,5.64,75.25,0.01
mogadishu,20230328,2.04,45.34,7.0538,28.39,5.67,6.39,78.37,0.08
mogadishu,20230329,2.04,45.34,6.7226,28.01,5.17,5.82,78.03,0.04
mogadishu,20230330,2.04,45.34,7.0202,28.37,4.87,5.5,76.26,0.11
mogadishu,20230331,2.04,45.34,7.2893,28.28,4.43,4.94,75.18,0.04
mogadishu,20230401,2.04,45.34,7.2451,28.18,4.2,4.6,76.53,0.02
mogadishu,20230402,2.04,45.34,6.6518,28.25,4.17,4.63,79.43,0.13
mogadishu,20230403,2.04,45.34,6.7332,28.56,4.03,4.45,76.31,0.06
mogadishu,20230404,2.04,45.34,5.2536,28.81,4.84,5.5,77.59,0.19
mogadishu,20230405,2.04,45.34,5.4761,28.85,5.11,5.81,78.86,0.41
mogadishu,20230406,2.04,45.34,6.3821,28.31,4.44,5.07,81.95,8.82
mogadishu,20230407,2.04,45.34,5.633,28.45,4.14,4.84,79.98,7.4
mogadishu,20230408,2.04,45.34,6.8213,28.52,4.31,4.96,80.75,5.13
mogadishu,20230409,2.04,45.34,5.6933,28.89,5.18,5.96,79.09,5.07
mogadishu,20230410,2.04,45.34,6.3154,28.79,4.91,5.64,79.9,9.58
mogadishu,20230411,2.04,45.34,7.0459,29.09,5.98,6.96,78.43,0.28
mogadishu,20230412,2.04,45.34,4.4256,29.16,5.72,6.58,78.69,0.69
mogadishu,20230413,2.04,45.34,7.3116,29.26,4.98,5.72,72.0,0.03
mogadishu,20230414,2.04,45.34,6.6223,29.48,4.69,5.38,72.23,0.04
mogadishu,20230415,2.04,45.34,5.1336,29.19,4.52,5.15,75.93,0.4
mogadishu,20230416,2.04,45.34,5.0856,28.99,3.89,4.36,76.04,1.06
mogadishu,20230417,2.04,45.34,5.4701,29.14,3.15,3.51,74.47,0.24
mogadishu,20230418,2.04,45.34,5.6995,29.29,3.33,3.68,71.99,0.14
mogadishu,20230419,2.04,45.34,4.8749,29.16,3.07,3.43,75.98,0.35
mogadishu,20230420,2.04,45.34,6.8904,29.44,4.27,4.81,75.21,0.18
mogadishu,20230421,2.04,45.34,7.1462,30.04,3.23,3.6,70.55,0.21
mogadishu,20230422,2.04,45.34,4.3788,29.52,4.33,4.88,77.54,1.06
mogadishu,20230423,2.04,45.34,4.3159,28.62,4.38,5.06,76.53,8.28
mogadishu,20230424,2.04,45.34,5.2416,28.88,3.88,4.43,77.05,4.29
mogadishu,20230425,2.04,45.34,6.4174,28.89,4.63,5.33,76.95,1.07
mogadishu,20230426,2.04,45.34,6.1656,29.01,5.28,6.01,77.84,0.71
mogadishu,20230427,2.04,45.34,6.2328,29.32,5.39,6.2,78.76,2.78
mogadishu,20230428,2.04,45.34,4.7215,28.6,3.95,4.52,82.14,3.46
mogadishu,20230429,2.04,45.34,6.2976,28.69,5.66,6.49,80.42,2.18
mogadishu,20230430,2.04,45.34,5.5882,28.69,6.61,7.54,74.61,1.17
mogadishu,20230501,2.04,45.34,6.2234,29.26,6.59,7.56,75.1,0.51
mogadishu,20230502,2.04,45.34,6.4625,28.91,6.54,7.47,80.48,0.55
mogadishu,20230503,2.04,45.34,5.6011,29.01,6.08,7.02,80.16,1.67
mogadishu,20230504,2.04,45.34,6.2484,28.76,6.69,7.7,80.65,0.91
mogadishu,20230505,2.04,45.34,6.4906,28.26,5.85,6.7,81.54,0.42
mogadishu,20230506,2.04,45.34,6.2347,28.57,6.64,7.68,79.83,0.01
mogadishu,20230507,2.04,45.34,6.3946,28.39,6.83,7.95,78.36,0.0
mogadishu,20230508,2.04,45.34,6.6209,28.17,7.68,8.9,79.35,0.0
mogadishu,20230509,2.04,45.34,6.4313,28.5,8.0,9.38,81.13,0.01
mogadishu,20230510,2.04,45.34,6.4337,28.42,7.43,8.71,78.58,0.01
mogadishu,20230511,2.04,45.34,6.7711,28.39,7.11,8.34,78.91,0.0
mogadishu,20230512,2.04,45.34,6.7421,28.25,6.08,7.07,80.36,0.0
mogadishu,20230513,2.04,45.34,6.6029,28.22,6.63,7.66,81.71,0.01
mogadishu,20230514,2.04,45.34,5.5558,28.15,7.24,8.45,78.18,0.0
mogadishu,20230515,2.04,45.34,6.8503,28.07,7.15,8.37,80.09,0.0
mogadishu,20230516,2.04,45.34,6.6658,28.3,6.38,7.59,82.86,0.0
mogadishu,20230517,2.04,45.34,6.4603,28.28,6.18,7.27,83.64,0.0
mogadishu,20230518,2.04,45.34,6.6122,28.26,5.59,6.59,83.76,0.0
mogadishu,20230519,2.04,45.34,6.1661,28.01,5.72,6.61,82.64,0.0
mogadishu,20230520,2.04,45.34,6.3725,28.21,5.52,6.44,81.28,0.0
mogadishu,20230521,2.04,45.34,6.4759,28.08,4.36,5.09,83.14,0.04
mogadishu,20230522,2.04,45.34,6.4526,28.11,4.6,5.3,82.58,0.05
mogadishu,20230523,2.04,45.34,6.0804,27.92,5.52,6.34,83.38,0.25
mogadishu,20230524,2.04,45.34,6.0775,28.02,5.36,6.21,77.25,0.08
mogadishu,20230525,2.04,45.34,6.3106,27.81,4.99,5.7,74.77,0.03
mogadishu,20230526,2.04,45.34,6.6516,27.64,5.94,6.76,78.09,0.01
mogadishu,20230527,2.04,45.34,6.5676,27.47,5.96,6.86,76.46,0.01
mogadishu,20230528,2.04,45.34,6.0262,27.71,6.29,7.23,76.95,0.05
mogadishu,20230529,2.04,45.34,5.4012,27.81,6.6,7.53,78.7,0.04
mogadishu,20230530,2.04,45.34,5.9441,27.94,6.32,7.21,79.21,0.05
mogadishu,20230531,2.04,45.34,5.7986,28.27,7.46,8.58,78.3,0.27
mogadishu,20230601,2.04,45.34,5.9016,28.3,7.04,8.14,78.94,1.12
mogadishu,20230602,2.04,45.34,6.0658,28.03,6.31,7.24,81.13,0.77
mogadishu,20230603,2.04,45.34,6.1195,27.89,6.56,7.53,81.76,0.68
mogadishu,20230604,2.04,45.34,5.7158,28.12,6.85,7.94,79.05,1.18
mogadishu,20230605,2.04,45.34,6.0727,27.92,6.75,7.83,81.28,3.96
mogadishu,20230606,2.04,45.34,6.0434,27.68,7.49,8.78,80.61,2.72
mogadishu,20230607,2.04,45.34,6.1123,27.42,6.84,7.98,76.66,1.02
mogadishu,20230608,2.04,45.34,5.7346,27.1,6.1,7.15,80.97,4.59
mogadishu,20230609,2.04,45.34,5.82,27.19,6.24,7.42,84.39,11.9
mogadishu,20230610,2.04,45.34,5.2538,27.18,7.24,8.6,80.68,0.01
mogadishu,20230611,2.04,45.34,6.1212,27.22,7.48,8.82,77.08,0.01
mogadishu,20230612,2.04,45.34,6.3912,27.36,7.6,8.98,81.13,0.01
mogadishu,20230613,2.04,45.34,5.0318,27.33,6.69,7.85,80.22,0.01
mogadishu,20230614,2.04,45.34,5.1665,27.21,6.64,7.79,79.79,0.0
mogadishu,20230615,2.04,45.34,5.7629,27.14,6.38,7.46,78.77,0.0
mogadishu,20230616,2.04,45.34,5.2332,26.87,7.29,8.42,81.4,0.01
mogadishu,20230617,2.04,45.34,5.8601,27.12,7.64,8.93,78.99,0.01
mogadishu,20230618,2.04,45.34,6.2861,27.38,7.2,8.39,79.8,0.01
mogadishu,20230619,2.04,45.34,6.0542,27.31,7.77,9.05,77.31,0.01
mogadishu,20230620,2.04,45.34,5.9561,27.0,7.32,8.51,77.1,0.13
mogadishu,20230621,2.04,45.34,5.053,27.12,7.47,8.72,80.32,0.33
mogadishu,20230622,2.04,45.34,4.9006,26.87,8.25,9.61,77.23,0.2
mogadishu,20230623,2.04,45.34,5.1055,26.83,8.54,9.95,78.87,0.45
mogadishu,20230624,2.04,45.34,5.1612,26.82,8.56,9.99,80.09,0.83
mogadishu,20230625,2.04,45.34,5.0162,26.98,9.22,10.81,77.52,0.71
mogadishu,20230626,2.04,45.34,4.2794,26.73,8.64,10.14,79.45,0.62
mogadishu,20230627,2.04,45.34,3.5659,26.7,7.96,9.3,79.36,1.0
mogadishu,20230628,2.04,45.34,3.9118,26.71,8.03,9.4,80.27,1.25
mogadishu,20230629,2.04,45.34,3.8424,26.68,8.05,9.42,78.16,0.41
mogadishu,20230630,2.04,45.34,3.6929,26.52,8.09,9.48,80.56,5.4
mogadishu,20230701,2.04,45.34,3.7627,26.15,8.54,10.04,78.28,7.7
mogadishu,20230702,2.04,45.34,4.8046,25.81,8.13,9.54,77.6,3.2
mogadishu,20230703,2.04,45.34,4.8086,26.07,7.8,9.1,77.95,2.26
mogadishu,20230704,2.04,45.34,5.7622,26.19,8.31,9.79,77.85,2.01
mogadishu,20230705,2.04,45.34,5.1281,26.2,9.21,10.9,80.11,9.85
mogadishu,20230706,2.04,45.34,4.4112,26.21,9.63,11.39,78.98,5.36
mogadishu,20230707,2.04,45.34,4.4395,26.12,8.89,10.59,79.91,8.72
mogadishu,20230708,2.04,45.34,5.7084,26.24,8.91,10.55,78.66,3.52
mogadishu,20230709,2.04,45.34,5.0695,26.53,8.38,9.91,81.2,1.34
mogadishu,20230710,2.04,45.34,4.5996,26.53,8.17,9.72,85.65,0.02
mogadishu,20230711,2.04,45.34,5.3993,26.59,7.85,9.32,84.33,0.01
mogadishu,20230712,2.04,45.34,5.97,26.66,8.99,10.6,79.64,0.01
mogadishu,20230713,2.04,45.34,5.2181,26.54,8.67,10.2,81.0,0.03
mogadishu,20230714,2.04,45.34,6.1603,26.49,8.48,9.98,78.29,0.01
mogadishu,20230715,2.04,45.34,4.9798,26.46,8.21,9.66,79.44,1.75
mogadishu,20230716,2.04,45.34,5.8027,26.28,8.32,9.8,78.76,0.73
mogadishu,20230717,2.04,45.34,5.9695,26.22,8.53,10.06,80.72,4.47
mogadishu,20230718,2.04,45.34,5.3479,26.21,8.24,9.68,79.92,0.72
mogadishu,20230719,2.04,45.34,5.142,26.04,8.38,9.86,80.42,0.79
mogadishu,20230720,2.04,45.34,5.8898,26.18,8.36,9.97,82.89,0.98
mogadishu,20230721,2.04,45.34,3.942,26.29,8.56,10.27,87.29,6.66
mogadishu,20230722,2.04,45.34,4.9838,26.31,7.62,9.03,83.19,3.12
mogadishu,20230723,2.04,45.34,6.0192,26.23,8.33,9.82,79.26,1.7
mogadishu,20230724,2.04,45.34,5.1835,26.26,8.84,10.42,75.9,0.37
mogadishu,20230725,2.04,45.34,5.3683,26.09,8.48,10.01,79.67,3.13
mogadishu,20230726,2.04,45.34,4.4851,25.95,8.06,9.51,78.11,1.78
mogadishu,20230727,2.04,45.34,4.9198,25.9,7.97,9.35,78.72,2.18
mogadishu,20230728,2.04,45.34,3.2988,25.85,8.01,9.42,82.74,6.25
mogadishu,20230729,2.04,45.34,3.8047,25.92,7.77,9.14,83.72,5.99
mogadishu,20230730,2.04,45.34,3.3895,25.79,8.07,9.48,82.36,1.36
mogadishu,20230731,2.04,45.34,4.1688,26.1,7.54,8.87,80.6,0.41
mogadishu,20230801,2.04,45.34,4.1587,26.08,7.44,8.78,83.35,3.99
mogadishu,20230802,2.04,45.34,3.3727,25.92,7.98,9.44,83.2,1.5
mogadishu,20230803,2.04,45.34,5.0496,26.07,8.14,9.61,81.22,0.95
mogadishu,20230804,2.04,45.34,5.7317,26.05,8.65,10.23,83.29,7.91
mogadishu,20230805,2.04,45.34,5.1247,25.96,8.2,9.68,82.79,4.45
mogadishu,20230806,2.04,45.34,4.8353,25.82,8.51,10.07,83.7,4.1
mogadishu,20230807,2.04,45.34,4.3627,25.79,8.65,10.26,83.17,8.08
mogadishu,20230808,2.04,45.34,5.7542,25.62,8.28,9.8,80.45,2.95
mogadishu,20230809,2.04,45.34,5.0755,25.75,7.82,9.25,81.61,0.0
mogadishu,20230810,2.04,45.34,4.6044,25.91,7.67,8.94,80.56,0.0
mogadishu,20230811,2.04,45.34,5.8841,25.95,7.86,9.2,77.75,0.0
mogadishu,20230812,2.04,45.34,6.6257,25.96,7.01,8.18,83.05,0.0
mogadishu,20230813,2.04,45.34,6.1435,26.17,6.72,7.86,84.97,0.0
mogadishu,20230814,2.04,45.34,5.4766,26.25,6.02,7.05,83.42,0.04
mogadishu,20230815,2.04,45.34,6.7087,26.18,6.61,7.67,82.4,0.03
mogadishu,20230816,2.04,45.34,6.6418,26.3,7.4,8.66,82.2,0.03
mogadishu,20230817,2.04,45.34,7.0963,26.07,7.36,8.5,79.95,0.03
mogadishu,20230818,2.04,45.34,6.3257,26.07,7.09,8.15,80.06,0.01
mogadishu,20230819,2.04,45.34,6.8158,26.21,6.92,7.98,81.49,0.11
mogadishu,20230820,2.04,45.34,6.2933,26.56,6.92,8.07,83.64,0.38
mogadishu,20230821,2.04,45.34,5.6086,26.6,5.46,6.3,84.71,0.86
mogadishu,20230822,2.04,45.34,5.387,26.72,6.7,7.85,83.68,1.29
mogadishu,20230823,2.04,45.34,6.8098,26.28,6.12,7.05,79.23,0.21
mogadishu,20230824,2.04,45.34,6.923,26.31,6.29,7.29,81.02,0.15
mogadishu,20230825,2.04,45.34,5.4732,26.35,7.23,8.46,83.16,0.46
mogadishu,20230826,2.04,45.34,6.5443,26.36,7.16,8.37,77.74,0.33
mogadishu,20230827,2.04,45.34,5.9294,26.29,7.08,8.25,82.26,0.27
mogadishu,20230828,2.04,45.34,6.7574,26.49,7.78,9.1,81.95,0.16
mogadishu,20230829,2.04,45.34,5.413,26.32,8.54,10.02,82.47,0.05
mogadishu,20230830,2.04,45.34,5.7384,26.37,8.01,9.37,79.3,0.02
mogadishu,20230831,2.04,45.34,6.0934,26.53,7.82,9.11,78.78,0.01
mogadishu,20230901,2.04,45.34,6.635,26.37,8.04,9.34,79.73,0.02
mogadishu,20230902,2.04,45.34,6.4346,26.25,7.61,8.86,78.62,0.0
mogadishu,20230903,2.04,45.34,6.3979,26.31,8.37,9.76,78.74,0.58
mogadishu,20230904,2.04,45.34,6.8707,26.27,7.72,8.99,80.83,0.16
mogadishu,20230905,2.04,45.34,6.0271,26.53,7.94,9.39,84.82,0.37
mogadishu,20230906,2.04,45.34,5.3616,26.56,7.64,9.0,84.9,0.98
mogadishu,20230907,2.04,45.34,4.937,26.41,7.57,8.93,83.2,0.79
mogadishu,20230908,2.04,45.34,6.4742,26.28,7.17,8.3,79.48,0.18
mogadishu,20230909,2.04,45.34,7.1184,26.33,6.92,8.02,77.46,0.02
mogadishu,20230910,2.04,45.34,6.4063,26.46,6.88,8.01,85.44,0.5
mogadishu,20230911,2.04,45.34,5.1365,26.45,6.86,8.02,83.97,0.3
mogadishu,20230912,2.04,45.34,6.8165,26.58,5.93,6.87,82.95,0.06
mogadishu,20230913,2.04,45.34,5.9352,26.48,7.24,8.38,81.46,0.0
mogadishu,20230914,2.04,45.34,5.767,26.37,6.22,7.1,81.1,0.0
mogadishu,20230915,2.04,45.34,4.2463,26.4,6.81,7.86,81.44,0.0
mogadishu,20230916,2.04,45.34,6.4824,26.61,7.01,8.1,79.19,0.0
mogadishu,20230917,2.04,45.34,7.176,26.45,6.62,7.66,79.54,0.0
mogadishu,20230918,2.04,45.34,7.0126,26.54,6.7,7.77,83.35,0.11
mogadishu,20230919,2.04,45.34,6.7152,26.81,7.04,8.24,82.15,0.23
mogadishu,20230920,2.04,45.34,6.2263,26.82,7.06,8.25,80.94,0.21
mogadishu,20230921,2.04,45.34,6.6415,26.83,6.21,7.23,83.83,0.14
mogadishu,20230922,2.04,45.34,5.5598,26.9,5.92,6.85,86.44,1.19
mogadishu,20230923,2.04,45.34,5.7727,27.17,7.64,9.0,81.4,0.19
mogadishu,20230924,2.04,45.34,6.6002,26.84,7.37,8.57,79.37,0.04
mogadishu,20230925,2.04,45.34,6.996,26.74,7.31,8.5,80.44,0.02
mogadishu,20230926,2.04,45.34,6.9648,26.96,6.92,8.01,81.1,0.05
mogadishu,20230927,2.04,45.34,6.0338,27.09,6.04,6.94,83.31,0.11
mogadishu,20230928,2.04,45.34,6.5822,27.23,6.14,7.06,82.4,0.02
mogadishu,20230929,2.04,45.34,6.0406,27.22,6.82,7.86,83.51,0.05
mogadishu,20230930,2.04,45.34,5.3866,27.26,6.94,8.01,79.7,0.02
mogadishu,20231001,2.04,45.34,5.329,27.16,6.16,7.01,80.7,0.01
mogadishu,20231002,2.04,45.34,6.1327,27.17,6.21,7.09,82.49,0.0
mogadishu,20231003,2.04,45.34,6.24,27.11,4.94,5.57,85.82,1.8
mogadishu,20231004,2.04,45.34,5.8296,27.24,6.12,7.05,85.94,8.43
mogadishu,20231005,2.04,45.34,4.8108,27.04,5.85,6.7,83.98,6.11
mogadishu,20231006,2.04,45.34,5.5553,26.94,5.88,6.71,83.91,1.77
mogadishu,20231007,2.04,45.34,5.453,27.15,6.26,7.19,83.63,2.52
mogadishu,20231008,2.04,45.34,5.8286,27.3,6.78,7.83,80.36,0.0
mogadishu,20231009,2.04,45.34,5.417,27.36,5.79,6.69,77.64,0.0
mogadishu,20231010,2.04,45.34,6.4099,27.15,5.74,6.57,81.52,0.0
mogadishu,20231011,2.04,45.34,5.4684,27.3,5.16,5.88,82.88,0.0
mogadishu,20231012,2.04,45.34,5.8277,27.3,4.7,5.31,84.2,0.0
mogadishu,20231013,2.04,45.34,6.197,27.22,4.44,5.01,83.45,0.41
mogadishu,20231014,2.04,45.34,6.6941,27.37,5.04,5.74,82.53,0.23
mogadishu,20231015,2.04,45.34,5.9198,27.46,4.78,5.49,82.69,0.74
mogadishu,20231016,2.04,45.34,6.7519,27.53,4.29,4.96,82.16,0.24
mogadishu,20231017,2.04,45.34,6.413,27.59,4.56,5.19,82.39,0.48
mogadishu,20231018,2.04,45.34,5.9273,27.49,4.66,5.31,83.94,1.7
mogadishu,20231019,2.04,45.34,6.0444,27.56,4.35,4.99,83.71,2.34
mogadishu,20231020,2.04,45.34,5.8966,27.46,3.8,4.44,82.8,27.66
mogadishu,20231021,2.04,45.34,5.9714,26.97,4.91,5.75,84.54,4.4
mogadishu,20231022,2.04,45.34,5.5908,27.29,4.65,5.33,80.37,0.69
mogadishu,20231023,2.04,45.34,6.9631,27.62,3.7,4.26,79.25,1.05
mogadishu,20231024,2.04,45.34,6.6142,27.9,4.23,4.9,79.6,2.24
mogadishu,20231025,2.04,45.34,6.7174,27.91,4.01,4.58,84.01,9.84
mogadishu,20231026,2.04,45.34,5.6398,27.45,3.36,3.89,85.5,19.27
mogadishu,20231027,2.04,45.34,6.193,27.27,2.62,2.97,84.2,9.58
mogadishu,20231028,2.04,45.34,5.2214,27.31,3.42,3.91,84.35,8.8
mogadishu,20231029,2.04,45.34,4.9121,26.37,2.76,3.15,82.83,18.41
mogadishu,20231030,2.04,45.34,6.2981,27.51,1.73,1.93,75.24,1.53
mogadishu,20231031,2.04,45.34,6.2714,27.54,2.96,3.36,80.33,9.24
mogadishu,20231101,2.04,45.34,4.4208,26.75,3.88,4.46,85.06,20.19
mogadishu,20231102,2.04,45.34,4.8026,26.61,3.46,3.98,84.56,63.33
mogadishu,20231103,2.04,45.34,6.1766,27.25,2.86,3.25,81.84,19.09
mogadishu,20231104,2.04,45.34,4.8456,27.57,3.59,4.13,81.97,3.7
mogadishu,20231105,2.04,45.34,5.623,27.51,3.91,4.5,83.33,7.51
mogadishu,20231106,2.04,45.34,4.4496,27.34,3.23,3.7,80.88,7.2
mogadishu,20231107,2.04,45.34,5.7732,27.75,2.4,2.76,79.0,2.67
mogadishu,20231108,2.04,45.34,5.6371,27.47,1.65,1.77,81.86,4.12
mogadishu,20231109,2.04,45.34,5.5092,27.87,4.06,4.7,80.56,1.24
mogadishu,20231110,2.04,45.34,5.9767,28.04,5.03,5.87,78.8,5.28
mogadishu,20231111,2.04,45.34,4.2938,27.33,5.59,6.57,85.09,10.49
mogadishu,20231112,2.04,45.34,6.0943,27.88,2.74,3.1,81.09,6.83
mogadishu,20231113,2.04,45.34,4.5286,27.77,2.96,3.34,82.59,5.04
mogadishu,20231114,2.04,45.34,6.2016,27.81,2.39,2.67,80.69,3.43
mogadishu,20231115,2.04,45.34,5.4982,28.05,2.08,2.31,78.96,4.71
mogadishu,20231116,2.04,45.34,5.9131,28.16,2.71,3.04,79.81,4.06
mogadishu,20231117,2.04,45.34,5.3083,28.06,3.08,3.5,82.37,4.9
mogadishu,20231118,2.04,45.34,4.6747,28.26,3.96,4.62,84.5,27.05
mogadishu,20231119,2.04,45.34,5.6863,27.92,3.2,3.7,83.85,18.43
mogadishu,20231120,2.04,45.34,6.0749,28.31,4.36,5.09,81.36,4.5
mogadishu,20231121,2.04,45.34,5.6066,28.54,4.99,5.84,81.42,2.94
mogadishu,20231122,2.04,45.34,5.8126,28.26,5.65,6.7,80.52,0.49
mogadishu,20231123,2.04,45.34,5.6299,27.76,4.53,5.25,83.07,5.85
mogadishu,20231124,2.04,45.34,4.6457,28.1,5.43,6.38,79.71,0.71
mogadishu,20231125,2.04,45.34,6.2558,28.21,5.41,6.35,80.91,0.48
mogadishu,20231126,2.04,45.34,5.3983,27.95,4.35,5.04,85.51,1.95
mogadishu,20231127,2.04,45.34,3.7006,27.26,3.31,3.81,79.78,6.36
mogadishu,20231128,2.04,45.34,5.3323,27.95,3.92,4.5,81.0,0.9
mogadishu,20231129,2.04,45.34,6.3317,28.07,5.04,5.87,77.98,0.11
mogadishu,20231130,2.04,45.34,6.4097,27.56,6.26,7.4,77.88,0.06
mogadishu,20231201,2.04,45.34,6.5513,28.36,6.32,7.45,75.87,0.03
mogadishu,20231202,2.04,45.34,5.2848,27.66,5.19,6.01,77.28,0.0
mogadishu,20231203,2.04,45.34,6.355,28.16,5.96,7.03,77.91,0.0
mogadishu,20231204,2.04,45.34,6.36,28.11,5.91,7.0,80.15,0.0
mogadishu,20231205,2.04,45.34,6.4781,28.17,5.44,6.32,75.33,0.0
mogadishu,20231206,2.04,45.34,6.5921,28.05,5.19,6.01,72.42,0.0
mogadishu,20231207,2.04,45.34,6.7361,27.67,5.0,5.75,72.17,0.0
mogadishu,20231208,2.04,45.34,6.4505,27.67,5.31,6.14,76.61,0.0
mogadishu,20231209,2.04,45.34,6.5153,27.67,5.68,6.63,77.61,0.0
mogadishu,20231210,2.04,45.34,6.204,27.98,5.15,6.03,81.1,0.01
mogadishu,20231211,2.04,45.34,5.7281,27.83,4.62,5.35,82.76,0.04
mogadishu,20231212,2.04,45.34,5.9818,28.32,4.79,5.58,79.83,0.04
mogadishu,20231213,2.04,45.34,6.2724,28.14,4.66,5.35,79.47,0.01
mogadishu,20231214,2.04,45.34,6.4217,28.39,4.94,5.71,79.92,0.0
mogadishu,20231215,2.04,45.34,6.594,28.33,5.23,6.12,78.9,0.0
mogadishu,20231216,2.04,45.34,6.2938,28.22,7.78,9.16,79.89,0.0
mogadishu,20231217,2.04,45.34,5.9134,28.03,7.99,9.4,77.57,0.0
mogadishu,20231218,2.04,45.34,6.3787,28.03,7.61,8.96,76.44,0.0
mogadishu,20231219,2.04,45.34,6.2496,28.2,7.53,8.88,79.19,0.0
mogadishu,20231220,2.04,45.34,6.1627,28.37,7.22,8.54,80.92,0.0
mogadishu,20231221,2.04,45.34,5.7646,28.24,6.83,7.96,82.02,0.0
mogadishu,20231222,2.04,45.34,5.2699,28.25,6.89,8.06,83.02,0.01
mogadishu,20231223,2.04,45.34,6.2352,28.25,5.59,6.5,80.96,0.0
mogadishu,20231224,2.04,45.34,5.1206,27.89,5.86,6.78,81.16,0.0
mogadishu,20231225,2.04,45.34,5.6683,27.85,6.88,8.0,79.38,0.0
mogadishu,20231226,2.04,45.34,6.2225,28.17,7.72,9.1,81.03,0.0
mogadishu,20231227,2.04,45.34,5.8241,28.31,8.02,9.4,80.88,0.01
mogadishu,20231228,2.04,45.34,3.5851,28.13,7.15,8.45,83.44,0.03
mogadishu,20231229,2.04,45.34,5.6981,27.88,7.8,9.1,83.13,0.06
mogadishu,20231230,2.04,45.34,6.5599,27.75,7.09,8.23,79.53,0.0
mogadishu,20231231,2.04,45.34,6.6934,27.45,6.72,7.8,78.08,0.0
mogadishu,20240101,2.04,45.34,6.6362,27.54,6.57,7.65,77.39,0.0
mogadishu,20240102,2.04,45.34,6.5623,27.34,7.39,8.57,78.94,0.0
mogadishu,20240103,2.04,45.34,6.7586,27.14,7.6,8.87,77.52,0.0
mogadishu,20240104,2.04,45.34,6.4908,27.36,6.93,8.16,76.0,0.0
mogadishu,20240105,2.04,45.34,6.7666,27.35,7.03,8.14,77.06,0.0
mogadishu,20240106,2.04,45.34,6.7579,27.39,6.8,7.95,75.86,0.0
mogadishu,20240107,2.04,45.34,6.5772,27.11,7.69,8.96,75.35,0.0
mogadishu,20240108,2.04,45.34,6.6281,27.11,8.69,10.14,75.43,0.0
mogadishu,20240109,2.04,45.34,6.6643,26.83,8.88,10.36,75.44,0.0
mogadishu,20240110,2.04,45.34,6.751,26.95,8.96,10.54,77.23,0.0
mogadishu,20240111,2.04,45.34,6.1543,26.75,8.28,9.68,78.14,0.0
mogadishu,20240112,2.04,45.34,5.8598,26.98,6.83,8.0,80.44,0.0
mogadishu,20240113,2.04,45.34,5.9129,27.32,7.37,8.7,82.01,0.0
mogadishu,20240114,2.04,45.34,5.6986,27.62,7.54,8.89,81.82,0.0
mogadishu,20240115,2.04,45.34,5.8781,27.69,7.35,8.72,83.42,0.0
mogadishu,20240116,2.04,45.34,6.6686,27.73,5.69,6.72,82.59,0.01
mogadishu,20240117,2.04,45.34,6.2287,27.86,6.54,7.75,85.43,0.02
mogadishu,20240118,2.04,45.34,6.3631,27.78,6.79,7.99,83.75,0.0
mogadishu,20240119,2.04,45.34,6.959,27.55,8.08,9.45,77.46,0.0
mogadishu,20240120,2.04,45.34,6.9847,27.46,9.52,11.22,76.38,0.0
mogadishu,20240121,2.04,45.34,6.8359,27.39,9.85,11.68,75.27,0.0
mogadishu,20240122,2.04,45.34,6.8942,27.35,8.87,10.41,75.8,0.0
mogadishu,20240123,2.04,45.34,6.4644,27.59,8.26,9.7,80.2,0.0
mogadishu,20240124,2.04,45.34,6.6989,27.62,7.48,8.72,81.48,0.0
mogadishu,20240125,2.04,45.34,6.4073,27.54,7.02,8.21,83.93,0.02
mogadishu,20240126,2.04,45.34,6.5453,27.57,5.97,7.03,80.85,0.0
mogadishu,20240127,2.04,45.34,6.9727,27.52,5.65,6.61,79.42,0.0
mogadishu,20240128,2.04,45.34,6.4162,27.87,6.12,7.16,80.88,0.0
mogadishu,20240129,2.04,45.34,6.756,27.71,6.76,7.88,82.62,0.0
mogadishu,20240130,2.04,45.34,6.1709,27.58,7.52,8.69,80.42,0.0
mogadishu,20240131,2.04,45.34,6.1692,27.67,6.62,7.68,81.27,0.01
mogadishu,20240201,2.04,45.34,5.7017,27.62,5.59,6.46,80.45,0.07
mogadishu,20240202,2.04,45.34,6.5664,27.73,5.53,6.41,77.2,0.01
mogadishu,20240203,2.04,45.34,6.373,28.05,6.74,7.79,77.6,0.02
mogadishu,20240204,2.04,45.34,6.7903,28.37,7.92,9.17,77.13,0.04
mogadishu,20240205,2.04,45.34,5.9251,27.86,8.35,9.67,76.67,0.0
mogadishu,20240206,2.04,45.34,6.1493,28.1,8.04,9.28,79.09,0.0
mogadishu,20240207,2.04,45.34,6.3811,28.01,7.82,9.01,79.48,0.0
mogadishu,20240208,2.04,45.34,7.1136,27.95,8.58,9.92,77.17,0.0
mogadishu,20240209,2.04,45.34,6.985,27.95,9.02,10.55,77.13,0.0
mogadishu,20240210,2.04,45.34,6.7306,27.71,8.71,10.19,79.35,0.0
mogadishu,20240211,2.04,45.34,7.1623,27.59,7.45,8.66,80.01,0.0
mogadishu,20240212,2.04,45.34,7.2187,27.69,7.33,8.56,80.47,0.0
mogadishu,20240213,2.04,45.34,6.9962,27.85,6.46,7.59,81.68,0.0
mogadishu,20240214,2.04,45.34,6.3797,28.31,7.03,8.24,81.25,0.0
mogadishu,20240215,2.04,45.34,6.7956,28.47,8.09,9.48,81.53,0.0
mogadishu,20240216,2.04,45.34,6.7226,28.47,7.59,8.91,80.41,0.0
mogadishu,20240217,2.04,45.34,6.8167,28.23,7.17,8.23,77.27,0.0
mogadishu,20240218,2.04,45.34,7.3226,28.32,7.43,8.58,77.14,0.0
mogadishu,20240219,2.04,45.34,6.6334,27.9,8.28,9.54,77.96,0.0
mogadishu,20240220,2.04,45.34,7.2744,27.59,7.9,8.99,75.12,0.0
mogadishu,20240221,2.04,45.34,7.0025,28.16,7.84,9.06,79.65,0.0
mogadishu,20240222,2.04,45.34,6.9055,28.62,8.83,10.36,80.51,0.0
mogadishu,20240223,2.04,45.34,6.3271,28.26,9.59,11.24,77.97,0.0
mogadishu,20240224,2.04,45.34,7.2694,28.36,7.87,9.14,74.19,0.0
mogadishu,20240225,2.04,45.34,6.9446,28.17,5.67,6.49,77.6,0.0
mogadishu,20240226,2.04,45.34,6.7106,28.48,4.56,5.1,77.28,0.0
mogadishu,20240227,2.04,45.34,7.0231,28.36,6.08,6.96,77.98,0.0
mogadishu,20240228,2.04,45.34,7.045,27.86,6.37,7.19,79.18,0.0
mogadishu,20240229,2.04,45.34,7.5194,28.1,6.51,7.44,78.01,0.0
mogadishu,20240301,2.04,45.34,7.3606,28.5,6.24,7.29,74.82,0.0
mogadishu,20240302,2.04,45.34,7.5626,28.41,6.86,7.93,78.43,0.0
mogadishu,20240303,2.04,45.34,7.3987,28.78,7.15,8.27,78.61,0.0
mogadishu,20240304,2.04,45.34,7.0747,28.73,7.53,8.7,81.54,0.0
mogadishu,20240305,2.04,45.34,7.1455,28.8,6.17,7.04,82.22,0.0
mogadishu,20240306,2.04,45.34,7.1338,28.56,4.87,5.5,80.7,0.0
mogadishu,20240307,2.04,45.34,7.2022,28.63,4.52,5.05,80.42,0.0
mogadishu,20240308,2.04,45.34,7.2106,28.67,4.95,5.58,78.85,0.0
mogadishu,20240309,2.04,45.34,7.5226,28.0,6.27,7.12,79.08,0.0
mogadishu,20240310,2.04,45.34,7.6426,28.05,6.63,7.53,77.82,0.0
mogadishu,20240311,2.04,45.34,7.4292,28.37,5.55,6.36,73.15,0.0
mogadishu,20240312,2.04,45.34,7.4765,28.71,4.26,4.73,75.96,0.0
mogadishu,20240313,2.04,45.34,6.7558,29.05,5.44,6.17,79.85,0.0
mogadishu,20240314,2.04,45.34,7.2917,28.84,7.61,8.7,73.44,0.0
mogadishu,20240315,2.04,45.34,7.6529,28.6,6.57,7.56,71.62,0.0
mogadishu,20240316,2.04,45.34,7.5487,28.59,6.02,6.81,75.62,0.0
mogadishu,20240317,2.04,45.34,7.4131,28.66,6.13,6.9,75.31,0.01
mogadishu,20240318,2.04,45.34,6.847,28.6,6.45,7.28,74.7,0.01
mogadishu,20240319,2.04,45.34,7.2523,29.19,7.09,8.13,69.78,0.0
mogadishu,20240320,2.04,45.34,7.391,29.07,6.99,8.06,69.56,0.0
mogadishu,20240321,2.04,45.34,7.5276,29.01,6.5,7.42,72.96,0.0
mogadishu,20240322,2.04,45.34,6.8861,28.89,6.65,7.56,78.07,0.0
mogadishu,20240323,2.04,45.34,7.3759,28.97,7.03,7.97,76.46,0.0
mogadishu,20240324,2.04,45.34,6.529,29.43,7.21,8.22,78.97,0.01
mogadishu,20240325,2.04,45.34,7.1105,28.9,5.64,6.4,75.83,0.0
mogadishu,20240326,2.04,45.34,7.0351,29.29,6.72,7.67,77.88,0.0
mogadishu,20240327,2.04,45.34,7.3159,29.31,7.02,7.98,76.83,0.02
mogadishu,20240328,2.04,45.34,6.1397,29.69,7.78,8.98,77.97,0.09
mogadishu,20240329,2.04,45.34,6.9749,29.57,7.34,8.45,72.57,0.01
mogadishu,20240330,2.04,45.34,7.0716,29.52,6.3,7.15,78.28,0.15
mogadishu,20240331,2.04,45.34,6.1615,29.08,5.35,6.07,82.2,0.57
mogadishu,20240401,2.04,45.34,6.2532,28.49,4.14,4.63,82.2,1.09
mogadishu,20240402,2.04,45.34,5.0786,28.65,3.65,4.03,80.38,0.71
mogadishu,20240403,2.04,45.34,5.4091,28.58,3.19,3.51,78.28,0.62
mogadishu,20240404,2.04,45.34,5.5565,28.74,3.13,3.5,77.9,0.52
mogadishu,20240405,2.04,45.34,6.6684,29.14,3.88,4.35,79.49,0.6
mogadishu,20240406,2.04,45.34,6.2522,29.42,3.94,4.43,77.45,0.52
mogadishu,20240407,2.04,45.34,6.2791,29.61,4.06,4.56,75.24,1.38
mogadishu,20240408,2.04,45.34,5.0738,29.78,3.19,3.56,66.87,0.4
mogadishu,20240409,2.04,45.34,6.2981,29.82,3.37,3.74,74.19,0.2
mogadishu,20240410,2.04,45.34,6.4759,29.83,3.87,4.29,75.58,0.34
mogadishu,20240411,2.04,45.34,6.0859,29.55,4.01,4.44,78.11,0.5
mogadishu,20240412,2.04,45.34,6.4046,29.82,4.04,4.46,76.32,0.86
mogadishu,20240413,2.04,45.34,6.606,29.94,3.77,4.18,76.12,0.22
mogadishu,20240414,2.04,45.34,6.1574,30.35,4.92,5.57,76.3,1.96
mogadishu,20240415,2.04,45.34,4.1494,30.07,6.45,7.4,78.65,1.37
mogadishu,20240416,2.04,45.34,5.7574,30.33,5.95,6.91,77.77,1.32
mogadishu,20240417,2.04,45.34,6.5486,29.88,5.1,5.86,82.3,0.56
mogadishu,20240418,2.04,45.34,4.5346,30.09,5.04,5.84,76.66,0.81
mogadishu,20240419,2.04,45.34,6.5052,29.7,5.98,6.83,79.27,0.62
mogadishu,20240420,2.04,45.34,6.6077,30.02,5.48,6.27,75.97,2.29
mogadishu,20240421,2.04,45.34,2.8829,29.57,4.64,5.43,74.8,26.61
mogadishu,20240422,2.04,45.34,6.4867,29.32,3.27,3.75,78.06,1.83
mogadishu,20240423,2.04,45.34,6.2462,29.45,3.16,3.56,77.36,1.93
mogadishu,20240424,2.04,45.34,6.5522,29.7,3.89,4.43,78.62,0.59
mogadishu,20240425,2.04,45.34,6.0178,29.48,4.52,5.22,78.93,2.67
mogadishu,20240426,2.04,45.34,5.6208,28.93,3.23,3.69,71.86,0.32
mogadishu,20240427,2.04,45.34,6.444,29.16,6.09,7.0,78.5,1.1
mogadishu,20240428,2.04,45.34,4.2216,28.56,5.59,6.42,84.63,0.38
mogadishu,20240429,2.04,45.34,6.1097,29.43,6.26,7.32,80.21,0.28
mogadishu,20240430,2.04,45.34,6.6115,29.3,5.3,6.24,80.79,0.15
mogadishu,20240501,2.04,45.34,4.8108,29.21,4.91,5.83,81.68,1.54
mogadishu,20240502,2.04,45.34,5.7679,29.4,5.07,6.03,83.0,1.21
mogadishu,20240503,2.04,45.34,6.2453,29.46,5.14,5.98,84.13,1.0
mogadishu,20240504,2.04,45.34,5.4854,29.36,4.59,5.33,82.68,2.11
mogadishu,20240505,2.04,45.34,4.5218,28.37,4.48,5.16,83.01,2.86
mogadishu,20240506,2.04,45.34,5.4869,28.79,4.61,5.33,79.08,1.12
mogadishu,20240507,2.04,45.34,5.0933,27.98,4.94,5.68,84.85,0.98
mogadishu,20240508,2.04,45.34,6.4111,28.66,5.88,6.75,84.41,0.39
mogadishu,20240509,2.04,45.34,6.3936,29.17,6.0,7.02,81.19,0.32
mogadishu,20240510,2.04,45.34,6.6598,29.0,5.82,7.22,83.42,0.36
mogadishu,20240511,2.04,45.34,6.7294,28.48,5.04,5.92,85.5,0.0
mogadishu,20240512,2.04,45.34,6.4421,28.82,5.3,6.38,84.03,0.0
mogadishu,20240513,2.04,45.34,6.5753,29.0,5.65,6.88,84.08,0.0
mogadishu,20240514,2.04,45.34,6.7459,29.11,6.39,7.79,83.06,0.0
mogadishu,20240515,2.04,45.34,6.311,28.83,7.25,8.57,83.22,0.0
mogadishu,20240516,2.04,45.34,5.9179,28.78,7.32,8.64,82.81,0.79
mogadishu,20240517,2.04,45.34,6.3048,29.09,6.97,8.22,79.39,0.53
mogadishu,20240518,2.04,45.34,6.3101,29.39,6.79,8.0,77.82,0.02
mogadishu,20240519,2.04,45.34,6.5153,29.35,6.8,8.09,78.73,0.17
mogadishu,20240520,2.04,45.34,6.3324,29.08,6.34,7.58,83.59,0.28
mogadishu,20240521,2.04,45.34,5.7962,28.76,6.44,7.78,86.82,48.41
mogadishu,20240522,2.04,45.34,6.2854,28.58,4.79,5.72,87.37,18.93
mogadishu,20240523,2.04,45.34,5.7521,28.36,5.93,7.09,85.69,40.69
mogadishu,20240524,2.04,45.34,5.5836,28.24,6.41,7.61,87.54,24.53
mogadishu,20240525,2.04,45.34,4.339,27.99,7.65,9.2,87.26,75.69
mogadishu,20240526,2.04,45.34,4.4942,27.94,7.74,9.36,85.12,2.16
mogadishu,20240527,2.04,45.34,6.456,27.88,7.79,9.32,82.2,2.16
mogadishu,20240528,2.04,45.34,5.5349,27.77,8.28,9.83,82.58,2.79
mogadishu,20240529,2.04,45.34,5.423,27.58,8.55,10.23,80.94,2.1
mogadishu,20240530,2.04,45.34,5.5128,27.45,8.04,9.56,77.6,0.33
mogadishu,20240531,2.04,45.34,5.3976,27.65,7.23,8.58,80.6,0.0
mogadishu,20240601,2.04,45.34,5.9688,27.85,7.37,8.7,83.62,0.0
mogadishu,20240602,2.04,45.34,6.3746,27.95,7.1,8.4,83.46,0.0
mogadishu,20240603,2.04,45.34,6.4627,27.98,6.76,8.0,83.28,0.0
mogadishu,20240604,2.04,45.34,6.2122,28.01,6.97,8.25,83.34,0.0
mogadishu,20240605,2.04,45.34,5.9482,27.76,6.48,7.7,85.47,14.17
mogadishu,20240606,2.04,45.34,5.7218,27.61,6.73,7.98,86.45,9.16
mogadishu,20240607,2.04,45.34,5.9688,27.6,7.66,9.15,84.71,7.81
mogadishu,20240608,2.04,45.34,5.3794,27.63,7.89,9.43,80.23,4.85
mogadishu,20240609,2.04,45.34,5.6131,27.39,8.74,10.42,79.46,3.45
mogadishu,20240610,2.04,45.34,6.2662,27.38,8.83,10.53,76.72,0.35
mogadishu,20240611,2.04,45.34,5.5968,27.31,8.36,9.95,76.48,1.32
mogadishu,20240612,2.04,45.34,6.5731,27.35,8.3,9.88,74.86,0.47
mogadishu,20240613,2.04,45.34,5.5634,27.31,7.65,9.09,78.02,0.27
mogadishu,20240614,2.04,45.34,6.5316,27.34,7.5,8.87,75.58,0.32
mogadishu,20240615,2.04,45.34,6.5148,27.14,7.74,9.13,76.47,0.35
mogadishu,20240616,2.04,45.34,6.1517,27.32,7.63,9.04,77.83,0.32
mogadishu,20240617,2.04,45.34,5.4254,27.43,7.82,9.29,80.84,1.64
mogadishu,20240618,2.04,45.34,5.1406,27.25,7.08,8.38,81.6,3.31
mogadishu,20240619,2.04,45.34,5.6683,26.98,6.34,7.42,86.32,4.25
mogadishu,20240620,2.04,45.34,5.1782,27.21,7.65,9.03,83.91,1.64
mogadishu,20240621,2.04,45.34,4.2811,27.09,8.75,10.39,81.7,3.93
mogadishu,20240622,2.04,45.34,4.999,27.04,9.01,10.67,81.68,5.59
mogadishu,20240623,2.04,45.34,2.527,26.66,9.1,10.9,83.32,16.61
mogadishu,20240624,2.04,45.34,5.7098,26.81,9.6,11.46,79.88,3.43
mogadishu,20240625,2.04,45.34,5.3278,26.43,9.08,10.87,79.1,8.84
mogadishu,20240626,2.04,45.34,6.0046,26.61,8.95,10.76,82.72,6.92
mogadishu,20240627,2.04,45.34,4.6246,26.63,9.67,11.62,84.96,24.11
mogadishu,20240628,2.04,45.34,4.404,26.51,10.04,12.06,83.39,11.05
mogadishu,20240629,2.04,45.34,5.8793,26.58,9.07,10.85,82.31,11.95
mogadishu,20240630,2.04,45.34,5.9671,26.65,8.43,9.99,83.68,1.27
mogadishu,20240701,2.04,45.34,5.0453,26.72,8.41,10.0,84.41,1.03
mogadishu,20240702,2.04,45.34,4.7705,26.49,7.89,9.29,84.63,0.68
mogadishu,20240703,2.04,45.34,4.9049,26.34,8.12,9.59,81.92,0.73
mogadishu,20240704,2.04,45.34,6.1608,26.05,6.95,8.14,81.78,0.11
mogadishu,20240705,2.04,45.34,5.3491,26.23,7.3,8.63,83.52,3.9
mogadishu,20240706,2.04,45.34,5.743,26.04,8.12,9.62,80.87,2.92
mogadishu,20240707,2.04,45.34,5.7449,26.21,7.99,9.52,78.6,1.93
mogadishu,20240708,2.04,45.34,5.495,26.34,8.36,9.97,83.07,2.32
mogadishu,20240709,2.04,45.34,4.9848,26.38,7.63,9.13,87.52,9.67
mogadishu,20240710,2.04,45.34,3.8122,26.31,7.46,8.89,79.93,0.53
mogadishu,20240711,2.04,45.34,5.1343,26.02,7.29,8.67,81.09,0.28
mogadishu,20240712,2.04,45.34,3.9713,26.11,7.68,9.13,86.72,2.81
mogadishu,20240713,2.04,45.34,4.6639,26.19,8.61,10.18,83.54,2.86
mogadishu,20240714,2.04,45.34,5.6714,25.95,8.52,10.06,80.37,0.83
mogadishu,20240715,2.04,45.34,5.9292,26.16,8.46,9.93,82.26,0.63
mogadishu,20240716,2.04,45.34,4.2958,26.1,8.86,10.47,80.92,1.29
mogadishu,20240717,2.04,45.34,4.0157,26.08,8.31,9.83,82.34,2.67
mogadishu,20240718,2.04,45.34,5.6321,25.77,7.58,8.88,81.81,1.12
mogadishu,20240719,2.04,45.34,5.0184,25.76,8.3,9.76,81.39,1.01
mogadishu,20240720,2.04,45.34,5.3921,25.76,7.07,8.25,81.14,0.75
mogadishu,20240721,2.04,45.34,4.5014,26.12,7.44,8.8,81.17,0.78
mogadishu,20240722,2.04,45.34,5.3909,26.02,7.93,9.38,82.58,0.94
mogadishu,20240723,2.04,45.34,4.1827,25.9,7.52,8.86,84.51,0.35
mogadishu,20240724,2.04,45.34,5.2685,26.03,8.05,9.51,82.78,0.35
mogadishu,20240725,2.04,45.34,4.5857,26.17,7.84,9.27,80.81,1.24
mogadishu,20240726,2.04,45.34,3.7464,26.11,7.27,8.6,82.32,1.22
mogadishu,20240727,2.04,45.34,5.1689,26.07,6.92,8.2,83.39,0.99
mogadishu,20240728,2.04,45.34,5.5296,26.07,7.5,8.87,81.67,0.32
mogadishu,20240729,2.04,45.34,5.0035,25.85,7.38,8.71,82.94,0.29
mogadishu,20240730,2.04,45.34,5.0657,25.8,7.56,8.92,83.91,4.47
mogadishu,20240731,2.04,45.34,4.6378,25.59,6.89,8.04,84.93,2.81
mogadishu,20240801,2.04,45.34,4.2506,25.44,8.44,9.87,82.01,1.77
mogadishu,20240802,2.04,45.34,5.7437,25.69,8.31,9.82,82.67,2.17
mogadishu,20240803,2.04,45.34,5.0455,25.8,8.13,9.6,81.55,3.94
mogadishu,20240804,2.04,45.34,5.6784,25.68,8.23,9.6,80.25,0.38
mogadishu,20240805,2.04,45.34,5.6587,25.44,8.08,9.43,79.12,0.26
mogadishu,20240806,2.04,45.34,6.3235,25.59,7.4,8.63,82.23,0.35
mogadishu,20240807,2.04,45.34,4.5214,25.83,7.07,8.23,83.09,0.69
mogadishu,20240808,2.04,45.34,6.6053,25.87,6.97,8.12,78.14,0.07
mogadishu,20240809,2.04,45.34,6.696,26.0,7.88,9.26,83.85,7.78
mogadishu,20240810,2.04,45.34,4.7023,25.77,7.79,9.23,86.76,14.9
mogadishu,20240811,2.04,45.34,5.9383,25.6,7.31,8.57,82.37,3.0
mogadishu,20240812,2.04,45.34,6.2818,25.71,7.43,8.75,82.81,4.58
mogadishu,20240813,2.04,45.34,6.1039,25.82,7.0,8.21,84.35,6.66
mogadishu,20240814,2.04,45.34,6.5292,26.06,7.82,9.19,80.88,0.0
mogadishu,20240815,2.04,45.34,6.3271,26.03,8.11,9.5,80.46,0.0
mogadishu,20240816,2.04,45.34,6.0523,25.88,9.02,10.58,79.46,0.0
mogadishu,20240817,2.04,45.34,5.2824,25.94,9.42,11.08,79.96,0.0
mogadishu,20240818,2.04,45.34,5.3786,25.95,9.48,11.18,79.17,0.0
mogadishu,20240819,2.04,45.34,6.499,25.94,9.39,11.07,79.08,0.69
mogadishu,20240820,2.04,45.34,4.373,25.88,10.28,12.18,80.08,1.85
mogadishu,20240821,2.04,45.34,4.5199,25.76,9.48,11.16,80.19,1.41
mogadishu,20240822,2.04,45.34,4.6267,25.85,8.62,10.16,81.92,1.3
mogadishu,20240823,2.04,45.34,4.1784,25.95,8.39,9.91,83.41,1.1
mogadishu,20240824,2.04,45.34,5.3846,26.03,8.45,9.96,83.92,3.89
mogadishu,20240825,2.04,45.34,4.2137,25.94,7.9,9.31,85.18,4.21
mogadishu,20240826,2.04,45.34,4.4362,25.79,6.97,8.16,89.17,9.83
mogadishu,20240827,2.04,45.34,5.2822,26.05,6.67,7.82,90.08,9.58
mogadishu,20240828,2.04,45.34,4.9368,25.92,6.45,7.57,90.87,9.46
mogadishu,20240829,2.04,45.34,4.9841,25.83,7.16,8.35,88.18,9.94
mogadishu,20240830,2.04,45.34,5.3986,26.07,7.54,8.84,84.54,2.35
mogadishu,20240831,2.04,45.34,5.5622,26.09,8.02,9.39,82.25,2.44
mogadishu,20240901,2.04,45.34,6.7255,25.95,7.79,9.1,80.63,1.86
mogadishu,20240902,2.04,45.34,6.7502,25.89,8.01,9.37,80.36,1.47
mogadishu,20240903,2.04,45.34,6.7589,25.87,8.14,9.51,79.45,0.18
mogadishu,20240904,2.04,45.34,5.9508,25.89,7.95,9.31,79.89,0.27
mogadishu,20240905,2.04,45.34,6.9955,26.21,6.79,7.94,81.03,0.14
mogadishu,20240906,2.04,45.34,5.3726,26.49,7.57,8.86,84.25,0.56
mogadishu,20240907,2.04,45.34,6.2599,26.37,7.73,9.06,83.34,0.32
mogadishu,20240908,2.04,45.34,6.8618,26.39,7.44,8.66,82.69,0.0
mogadishu,20240909,2.04,45.34,5.4175,26.39,6.5,7.49,85.33,0.0
mogadishu,20240910,2.04,45.34,5.2637,26.32,6.8,7.93,85.21,0.0
mogadishu,20240911,2.04,45.34,5.1646,26.27,7.03,8.15,85.45,0.0
mogadishu,20240912,2.04,45.34,5.6544,26.28,7.89,9.23,83.23,0.0
mogadishu,20240913,2.04,45.34,6.5021,26.33,7.24,8.45,83.71,2.1
mogadishu,20240914,2.04,45.34,6.473,26.22,7.95,9.24,78.48,1.17
mogadishu,20240915,2.04,45.34,7.0327,25.96,7.1,8.23,79.3,0.62
mogadishu,20240916,2.04,45.34,6.059,26.41,6.85,8.01,85.67,2.74
mogadishu,20240917,2.04,45.34,5.8639,26.68,6.45,7.6,85.02,1.94
mogadishu,20240918,2.04,45.34,6.5431,26.57,6.96,8.15,83.0,0.0
mogadishu,20240919,2.04,45.34,6.115,26.59,6.09,7.1,81.59,0.0
mogadishu,20240920,2.04,45.34,6.0907,26.52,6.45,7.51,84.11,0.0
mogadishu,20240921,2.04,45.34,5.8462,26.51,6.14,7.12,85.17,0.0
mogadishu,20240922,2.04,45.34,5.4187,26.78,6.78,7.84,82.78,0.0
mogadishu,20240923,2.04,45.34,4.7275,26.59,8.15,9.46,79.77,0.0
mogadishu,20240924,2.04,45.34,7.0603,26.37,7.82,9.07,77.54,0.0
mogadishu,20240925,2.04,45.34,6.9994,26.21,7.95,9.19,78.41,0.0
mogadishu,20240926,2.04,45.34,6.7882,26.26,7.68,8.9,78.37,0.0
mogadishu,20240927,2.04,45.34,7.2329,26.57,6.97,8.09,79.58,0.0
mogadishu,20240928,2.04,45.34,6.3245,26.7,6.42,7.4,79.65,0.0
mogadishu,20240929,2.04,45.34,5.3479,26.8,5.73,6.58,80.22,0.0
mogadishu,20240930,2.04,45.34,6.3485,26.92,4.86,5.6,79.52,0.0
mogadishu,20241001,2.04,45.34,6.4152,27.14,5.68,6.56,74.67,0.0
mogadishu,20241002,2.04,45.34,6.5482,26.63,5.02,5.73,81.66,0.0
mogadishu,20241003,2.04,45.34,6.1742,26.77,6.96,8.05,78.67,0.0
mogadishu,20241004,2.04,45.34,6.6041,26.35,7.23,8.31,80.48,0.0
mogadishu,20241005,2.04,45.34,5.9249,26.71,7.87,9.13,80.09,0.0
mogadishu,20241006,2.04,45.34,5.4876,26.74,6.93,7.97,79.18,0.0
mogadishu,20241007,2.04,45.34,5.8301,26.74,6.21,7.12,82.23,0.0
mogadishu,20241008,2.04,45.34,6.0883,26.7,6.11,7.08,82.32,0.09
mogadishu,20241009,2.04,45.34,6.1529,26.62,7.15,8.33,78.5,0.03
mogadishu,20241010,2.04,45.34,7.0358,26.79,7.54,8.8,78.53,0.08
mogadishu,20241011,2.04,45.34,6.1152,27.07,7.01,8.27,80.43,0.08
mogadishu,20241012,2.04,45.34,6.1951,26.96,6.18,7.24,82.56,0.17
mogadishu,20241013,2.04,45.34,5.9652,26.84,6.93,8.07,81.41,0.16
mogadishu,20241014,2.04,45.34,6.8366,26.95,7.1,8.28,81.17,0.07
mogadishu,20241015,2.04,45.34,5.8051,26.97,6.24,7.23,83.43,0.19
mogadishu,20241016,2.04,45.34,6.7764,27.08,5.5,6.39,81.36,0.18
mogadishu,20241017,2.04,45.34,6.8422,26.95,7.23,8.41,79.59,0.05
mogadishu,20241018,2.04,45.34,6.6852,27.07,6.54,7.63,79.09,0.0
mogadishu,20241019,2.04,45.34,6.9478,27.11,5.67,6.54,77.44,0.0
mogadishu,20241020,2.04,45.34,6.144,26.84,5.42,6.18,85.15,0.0
mogadishu,20241021,2.04,45.34,5.0218,26.92,5.92,6.78,85.89,0.0
mogadishu,20241022,2.04,45.34,4.8334,26.98,6.07,6.98,83.72,0.0
mogadishu,20241023,2.04,45.34,6.1867,26.93,6.09,6.97,83.56,0.4
mogadishu,20241024,2.04,45.34,5.6009,27.01,6.0,6.9,80.07,0.03
mogadishu,20241025,2.04,45.34,5.783,27.02,4.71,5.41,79.14,0.02
mogadishu,20241026,2.04,45.34,6.6725,27.2,4.41,5.01,78.52,0.03
mogadishu,20241027,2.04,45.34,4.5226,27.51,4.59,5.28,78.86,0.11
mogadishu,20241028,2.04,45.34,5.1895,27.44,4.81,5.55,77.66,0.01
mogadishu,20241029,2.04,45.34,5.8819,26.89,3.94,4.44,78.75,0.02
mogadishu,20241030,2.04,45.34,5.6081,26.99,4.25,4.77,79.93,0.01
mogadishu,20241031,2.04,45.34,5.8802,27.12,4.67,5.25,79.15,0.02
mogadishu,20241101,2.04,45.34,6.6768,26.94,4.42,4.97,79.33,0.01
mogadishu,20241102,2.04,45.34,6.259,27.53,3.26,3.68,75.95,1.26
mogadishu,20241103,2.04,45.34,5.9604,27.11,3.17,3.61,80.85,15.39
mogadishu,20241104,2.04,45.34,5.8469,26.84,3.61,4.14,83.77,25.96
mogadishu,20241105,2.04,45.34,5.6707,26.94,4.36,5.11,85.64,27.19
mogadishu,20241106,2.04,45.34,6.1183,27.0,5.89,6.96,82.8,8.0
mogadishu,20241107,2.04,45.34,5.8358,27.08,4.75,5.56,78.89,0.03
mogadishu,20241108,2.04,45.34,5.7787,26.9,3.85,4.4,81.42,0.04
mogadishu,20241109,2.04,45.34,5.785,27.41,3.62,4.13,80.91,0.24
mogadishu,20241110,2.04,45.34,5.5567,27.43,3.49,4.03,82.09,0.44
mogadishu,20241111,2.04,45.34,5.4031,27.72,3.93,4.59,82.1,0.55
mogadishu,20241112,2.04,45.34,5.2807,27.71,3.76,4.35,82.15,0.03
mogadishu,20241113,2.04,45.34,4.3361,27.76,3.95,4.54,82.31,0.04
mogadishu,20241114,2.04,45.34,5.5349,27.56,4.62,5.36,82.31,0.04
mogadishu,20241115,2.04,45.34,6.3725,27.61,5.76,6.74,78.74,0.0
mogadishu,20241116,2.04,45.34,6.6396,27.72,5.35,6.23,78.05,0.0
mogadishu,20241117,2.04,45.34,5.5634,28.02,5.28,6.17,81.5,0.09
mogadishu,20241118,2.04,45.34,5.3191,27.64,4.86,5.61,80.9,0.01
mogadishu,20241119,2.04,45.34,5.6275,27.64,5.26,6.09,82.47,0.01
mogadishu,20241120,2.04,45.34,6.4519,27.88,4.83,5.58,78.48,0.0
mogadishu,20241121,2.04,45.34,6.2335,27.43,4.61,5.24,78.15,0.0
mogadishu,20241122,2.04,45.34,6.1111,27.39,4.89,5.62,80.07,0.51
mogadishu,20241123,2.04,45.34,4.6291,27.57,5.44,6.27,82.1,2.41
mogadishu,20241124,2.04,45.34,5.8394,27.73,5.43,6.27,80.16,0.22
mogadishu,20241125,2.04,45.34,5.9772,27.76,5.06,5.81,82.97,0.87
mogadishu,20241126,2.04,45.34,5.7571,27.98,4.95,5.72,82.85,2.04
mogadishu,20241127,2.04,45.34,5.5466,27.92,4.89,5.65,83.95,1.82
mogadishu,20241128,2.04,45.34,5.1425,27.88,4.51,5.22,83.73,1.68
mogadishu,20241129,2.04,45.34,5.0966,27.89,5.21,6.06,82.15,1.41
mogadishu,20241130,2.04,45.34,6.4433,28.36,6.85,8.06,76.51,0.11
mogadishu,20241201,2.04,45.34,6.8575,27.99,7.44,8.7,73.13,0.0
mogadishu,20241202,2.04,45.34,6.8066,27.73,7.25,8.43,71.94,0.0
mogadishu,20241203,2.04,45.34,6.7402,27.94,7.53,8.78,70.99,0.0
mogadishu,20241204,2.04,45.34,6.5201,27.84,7.53,8.8,72.45,0.0
mogadishu,20241205,2.04,45.34,6.5789,27.66,7.25,8.46,73.77,0.0
mogadishu,20241206,2.04,45.34,6.2976,27.65,6.69,7.83,76.79,0.0
mogadishu,20241207,2.04,45.34,6.3418,27.66,6.61,7.75,79.53,0.0
mogadishu,20241208,2.04,45.34,6.3252,28.08,7.12,8.53,78.46,0.0
mogadishu,20241209,2.04,45.34,6.5275,27.67,8.0,9.41,77.3,0.0
mogadishu,20241210,2.04,45.34,6.498,27.34,7.26,8.43,77.94,0.0
mogadishu,20241211,2.04,45.34,6.1937,27.42,7.51,8.74,77.54,0.0
mogadishu,20241212,2.04,45.34,6.5038,27.49,7.45,8.71,76.24,0.0
mogadishu,20241213,2.04,45.34,6.6106,27.58,7.95,9.37,75.9,0.0
mogadishu,20241214,2.04,45.34,6.4214,27.58,8.26,9.69,77.28,0.0
mogadishu,20241215,2.04,45.34,6.0442,27.47,8.26,9.69,79.1,0.0
mogadishu,20241216,2.04,45.34,6.0163,27.52,8.46,9.98,77.3,0.0
mogadishu,20241217,2.04,45.34,6.3948,27.11,8.26,9.67,76.68,0.0
mogadishu,20241218,2.04,45.34,6.2638,26.99,7.14,8.29,77.59,0.0
mogadishu,20241219,2.04,45.34,5.658,26.89,6.65,7.67,80.65,0.0
mogadishu,20241220,2.04,45.34,5.3976,26.87,6.74,7.75,80.05,0.0
mogadishu,20241221,2.04,45.34,5.9042,26.52,6.08,6.97,77.75,0.0
mogadishu,20241222,2.04,45.34,6.491,26.61,6.12,7.05,78.55,0.0
mogadishu,20241223,2.04,45.34,6.4512,26.78,7.6,8.83,76.19,0.0
mogadishu,20241224,2.04,45.34,6.6502,26.53,8.01,9.26,76.13,0.0
mogadishu,20241225,2.04,45.34,6.5287,26.45,7.93,9.13,76.59,0.0
mogadishu,20241226,2.04,45.34,6.8561,26.61,8.19,9.51,75.15,0.0
mogadishu,20241227,2.04,45.34,6.7382,26.74,9.04,10.61,73.52,0.0
mogadishu,20241228,2.04,45.34,6.4418,26.5,8.2,9.55,74.79,0.0
mogadishu,20241229,2.04,45.34,5.9573,26.81,8.46,9.9,76.37,0.0
mogadishu,20241230,2.04,45.34,6.4423,26.76,8.63,10.06,76.28,0.0
mogadishu,20241231,2.04,45.34,6.3478,26.68,8.31,9.67,76.64,0.0
mogadishu,20250101,2.04,45.34,6.1942,26.59,8.05,9.35,78.12,0.0
mogadishu,20250102,2.04,45.34,6.7054,26.73,8.08,9.42,79.07,0.0
mogadishu,20250103,2.04,45.34,6.161,26.94,9.04,10.69,76.23,0.0
mogadishu,20250104,2.04,45.34,6.3602,26.58,9.52,11.2,74.5,0.0
mogadishu,20250105,2.04,45.34,6.8189,26.29,9.47,11.1,69.68,0.0
mogadishu,20250106,2.04,45.34,6.6482,26.21,7.71,8.99,75.39,0.0
mogadishu,20250107,2.04,45.34,6.3245,26.48,6.45,7.47,77.35,0.0
mogadishu,20250108,2.04,45.34,5.7031,26.42,6.7,7.76,80.12,0.0
mogadishu,20250109,2.04,45.34,6.036,26.28,7.22,8.36,80.31,0.0
mogadishu,20250110,2.04,45.34,6.672,26.35,8.61,10.05,77.45,0.0
mogadishu,20250111,2.04,45.34,6.7332,26.31,8.62,10.08,76.22,0.0
mogadishu,20250112,2.04,45.34,6.8088,26.33,9.22,10.79,75.38,0.0
mogadishu,20250113,2.04,45.34,6.7798,26.12,9.09,10.61,77.02,0.0
mogadishu,20250114,2.04,45.34,6.6994,26.36,9.74,11.49,76.82,0.0
mogadishu,20250115,2.04,45.34,6.4733,26.3,9.47,11.15,74.56,0.0
mogadishu,20250116,2.04,45.34,6.5431,26.31,8.6,10.09,78.13,0.0
mogadishu,20250117,2.04,45.34,6.8314,26.31,8.49,9.93,76.38,0.0
mogadishu,20250118,2.04,45.34,6.6499,26.06,7.55,8.77,77.46,0.0
mogadishu,20250119,2.04,45.34,7.0361,26.05,7.97,9.28,77.32,0.0
mogadishu,20250120,2.04,45.34,6.9715,25.82,8.24,9.59,78.86,0.0
mogadishu,20250121,2.04,45.34,6.6749,26.27,7.51,8.77,80.94,0.0
mogadishu,20250122,2.04,45.34,6.2542,26.47,7.7,9.02,81.3,0.0
mogadishu,20250123,2.04,45.34,6.3139,26.37,9.04,10.63,77.93,0.0
mogadishu,20250124,2.04,45.34,6.7651,26.04,9.23,10.79,76.15,0.0
mogadishu,20250125,2.04,45.34,6.7507,25.81,8.86,10.31,77.31,0.0
mogadishu,20250126,2.04,45.34,6.9396,25.88,8.42,9.79,78.44,0.0
mogadishu,20250127,2.04,45.34,6.9593,25.8,7.85,9.04,79.06,0.0
mogadishu,20250128,2.04,45.34,6.9137,25.85,7.54,8.69,79.68,0.0
mogadishu,20250129,2.04,45.34,7.0742,26.12,8.65,10.1,78.65,0.0
mogadishu,20250130,2.04,45.34,6.3564,25.98,8.17,9.48,82.16,0.0
mogadishu,20250131,2.04,45.34,6.9725,26.28,8.49,9.93,77.17,0.0
mogadishu,20250201,2.04,45.34,7.0157,26.09,9.68,11.36,73.64,0.0
mogadishu,20250202,2.04,45.34,6.9689,25.93,10.06,11.85,76.37,0.0
mogadishu,20250203,2.04,45.34,7.019,25.85,10.26,12.12,76.63,0.0
mogadishu,20250204,2.04,45.34,6.1265,25.97,9.0,10.6,80.7,0.0
mogadishu,20250205,2.04,45.34,6.5482,26.02,8.75,10.29,81.44,0.0
mogadishu,20250206,2.04,45.34,6.9701,26.07,8.57,10.1,82.01,0.0
mogadishu,20250207,2.04,45.34,7.1539,26.1,6.99,8.15,83.52,0.0
mogadishu,20250208,2.04,45.34,7.164,26.31,6.33,7.27,80.99,0.0
mogadishu,20250209,2.04,45.34,7.2326,26.23,5.96,6.82,81.45,0.0
mogadishu,20250210,2.04,45.34,7.1962,26.3,7.42,8.63,84.06,0.0
mogadishu,20250211,2.04,45.34,5.5529,26.72,9.15,10.87,84.43,0.0
mogadishu,20250212,2.04,45.34,5.7547,26.61,8.6,10.08,79.38,0.0
mogadishu,20250213,2.04,45.34,7.1724,26.45,7.96,9.27,78.3,0.0
mogadishu,20250214,2.04,45.34,6.7978,26.37,8.21,9.53,80.45,0.0
mogadishu,20250215,2.04,45.34,6.7646,26.4,8.05,9.32,77.62,0.0
mogadishu,20250216,2.04,45.34,7.0411,25.96,8.2,9.48,78.68,0.0
mogadishu,20250217,2.04,45.34,7.5137,26.29,7.89,9.16,74.25,0.0
mogadishu,20250218,2.04,45.34,7.4172,26.58,7.51,8.76,75.97,0.0
mogadishu,20250219,2.04,45.34,7.2991,26.69,7.63,8.88,77.66,0.0
mogadishu,20250220,2.04,45.34,7.2833,26.65,8.07,9.42,80.26,0.0
mogadishu,20250221,2.04,45.34,7.4314,26.84,8.52,10.0,80.88,0.0
mogadishu,20250222,2.04,45.34,7.2482,26.97,8.27,9.73,80.27,0.0
mogadishu,20250223,2.04,45.34,7.2965,26.87,8.14,9.51,79.21,0.0
mogadishu,20250224,2.04,45.34,7.4246,26.62,8.12,9.45,81.11,0.0
mogadishu,20250225,2.04,45.34,7.4537,26.82,8.09,9.43,80.52,0.0
mogadishu,20250226,2.04,45.34,7.2185,27.02,8.16,9.54,79.24,0.0
mogadishu,20250227,2.04,45.34,7.1779,27.33,7.83,9.2,78.48,0.0
mogadishu,20250228,2.04,45.34,6.4056,26.84,7.21,8.43,85.01,0.0
mogadishu,20250301,2.04,45.34,7.2578,27.23,8.06,9.47,81.83,0.0
mogadishu,20250302,2.04,45.34,7.3176,27.24,7.22,8.35,79.91,0.0
mogadishu,20250303,2.04,45.34,7.2389,27.43,6.24,7.14,77.65,0.0
mogadishu,20250304,2.04,45.34,6.1894,27.57,6.61,7.58,79.75,0.0
mogadishu,20250305,2.04,45.34,6.353,27.45,7.32,8.46,79.6,0.0
mogadishu,20250306,2.04,45.34,6.5604,27.43,5.95,6.87,82.28,0.0
mogadishu,20250307,2.04,45.34,6.3804,27.88,6.39,7.41,82.76,0.09
mogadishu,20250308,2.04,45.34,6.4658,27.68,7.24,8.4,85.0,0.1
mogadishu,20250309,2.04,45.34,6.5345,27.73,6.74,7.83,83.38,0.03
mogadishu,20250310,2.04,45.34,6.473,27.94,7.96,9.33,83.38,0.01
mogadishu,20250311,2.04,45.34,6.1927,27.96,7.32,8.61,83.63,0.04
mogadishu,20250312,2.04,45.34,6.9977,27.83,7.66,8.88,78.84,0.0
mogadishu,20250313,2.04,45.34,7.0224,27.69,6.82,7.8,78.96,0.0
mogadishu,20250314,2.04,45.34,7.4352,27.86,7.72,8.94,78.4,0.0
mogadishu,20250315,2.04,45.34,6.6864,27.89,7.29,8.37,81.04,0.0
mogadishu,20250316,2.04,45.34,6.985,28.04,6.35,7.25,80.28,0.0
mogadishu,20250317,2.04,45.34,6.5465,27.95,4.76,5.41,74.75,0.06
mogadishu,20250318,2.04,45.34,6.7507,27.73,5.02,5.61,80.52,0.03
mogadishu,20250319,2.04,45.34,7.2965,27.97,5.23,5.94,78.96,0.02
mogadishu,20250320,2.04,45.34,6.7582,28.33,5.39,6.17,77.24,0.04
mogadishu,20250321,2.04,45.34,6.3998,28.74,4.7,5.33,76.31,0.09
mogadishu,20250322,2.04,45.34,6.7721,28.91,5.77,6.67,78.46,1.81
mogadishu,20250323,2.04,45.34,7.0572,28.83,5.9,6.78,82.76,3.98
mogadishu,20250324,2.04,45.34,5.7413,28.88,5.42,6.23,81.47,4.7
mogadishu,20250325,2.04,45.34,5.0873,28.48,4.45,5.12,82.53,8.19
mogadishu,20250326,2.04,45.34,5.8829,28.45,5.48,6.31,80.49,9.2
mogadishu,20250327,2.04,45.34,6.8023,28.99,7.19,8.35,77.94,0.12
mogadishu,20250328,2.04,45.34,7.1258,29.16,6.76,7.87,75.91,0.0
mogadishu,20250329,2.04,45.34,7.0188,28.6,4.97,5.65,77.41,0.01
mogadishu,20250330,2.04,45.34,6.2213,28.76,4.6,5.19,77.73,0.04
mogadishu,20250331,2.04,45.34,6.9218,28.82,3.78,4.23,75.17,0.04
mogadishu,20250401,2.04,45.34,6.5683,28.8,3.27,3.58,76.26,0.19
mogadishu,20250402,2.04,45.34,6.912,29.0,4.18,4.62,77.45,0.08
mogadishu,20250403,2.04,45.34,6.5527,28.87,4.56,5.05,77.81,0.06
mogadishu,20250404,2.04,45.34,6.409,29.27,5.13,5.71,74.4,0.04
mogadishu,20250405,2.04,45.34,6.7483,28.87,5.91,6.73,74.45,0.01
mogadishu,20250406,2.04,45.34,6.6274,28.87,4.88,5.51,78.6,0.0
mogadishu,20250407,2.04,45.34,6.5496,28.95,4.08,4.55,72.18,0.0
mogadishu,20250408,2.04,45.34,6.5114,29.1,3.97,4.33,75.62,0.0
mogadishu,20250409,2.04,45.34,5.9309,29.4,4.04,4.47,73.63,0.0
mogadishu,20250410,2.04,45.34,5.502,29.04,3.66,4.01,75.59,0.0
mogadishu,20250411,2.04,45.34,6.7846,29.14,4.52,5.04,77.52,3.35
mogadishu,20250412,2.04,45.34,6.6869,29.56,5.06,5.73,76.47,3.15
mogadishu,20250413,2.04,45.34,6.3953,29.8,4.4,5.06,74.03,4.06
mogadishu,20250414,2.04,45.34,5.6693,30.03,3.76,4.26,73.07,1.54
mogadishu,20250415,2.04,45.34,6.0653,29.72,4.46,5.07,76.22,8.09
mogadishu,20250416,2.04,45.34,3.2479,28.44,2.83,3.14,81.74,0.69
mogadishu,20250417,2.04,45.34,6.5453,28.95,2.86,3.19,75.63,0.21
mogadishu,20250418,2.04,45.34,5.9693,29.16,3.21,3.56,75.09,0.27
mogadishu,20250419,2.04,45.34,5.395,29.07,2.75,3.05,75.42,0.19
mogadishu,20250420,2.04,45.34,5.5414,28.77,1.67,1.87,75.94,0.63
mogadishu,20250421,2.04,45.34,5.4329,28.73,2.27,2.56,76.52,1.77
mogadishu,20250422,2.04,45.34,5.4247,29.34,5.54,6.31,77.37,0.95
mogadishu,20250423,2.04,45.34,5.7271,29.62,5.2,5.96,76.76,0.57
mogadishu,20250424,2.04,45.34,6.6494,29.32,3.87,4.36,76.11,0.35
mogadishu,20250425,2.04,45.34,6.5095,29.45,4.75,5.34,75.3,0.09
mogadishu,20250426,2.04,45.34,6.3881,29.68,5.76,6.56,76.0,0.29
mogadishu,20250427,2.04,45.34,6.4202,29.42,5.01,5.64,77.24,0.5
mogadishu,20250428,2.04,45.34,6.4282,29.21,4.82,5.42,77.9,1.46
mogadishu,20250429,2.04,45.34,6.425,29.38,5.04,5.72,75.93,0.2
mogadishu,20250430,2.04,45.34,6.4714,29.59,4.21,4.78,74.15,0.21
mogadishu,20250501,2.04,45.34,6.4598,29.63,4.42,5.0,77.18,1.2
mogadishu,20250502,2.04,45.34,6.3166,29.4,3.7,4.19,77.87,0.58
mogadishu,20250503,2.04,45.34,5.2824,29.45,3.97,4.48,77.32,1.34
mogadishu,20250504,2.04,45.34,5.0856,29.42,4.03,4.62,76.83,1.29
mogadishu,20250505,2.04,45.34,5.1101,29.24,5.14,5.88,77.37,0.79
mogadishu,20250506,2.04,45.34,6.1819,28.53,5.79,6.74,82.93,21.95
mogadishu,20250507,2.04,45.34,5.5442,28.28,6.08,7.21,83.26,29.59
mogadishu,20250508,2.04,45.34,5.3424,28.31,5.21,6.12,83.32,40.65
mogadishu,20250509,2.04,45.34,4.8269,27.99,4.96,5.85,84.26,58.25
mogadishu,20250510,2.04,45.34,5.8613,27.8,5.51,6.52,85.9,79.16
mogadishu,20250511,2.04,45.34,6.265,28.09,5.75,6.78,84.4,0.15
mogadishu,20250512,2.04,45.34,6.54,27.98,5.86,6.88,83.69,0.17
mogadishu,20250513,2.04,45.34,6.3442,28.18,6.15,7.26,83.94,0.16
mogadishu,20250514,2.04,45.34,6.3161,28.14,5.94,7.01,85.13,0.15
mogadishu,20250515,2.04,45.34,6.2038,27.98,7.29,8.62,85.58,0.14
mogadishu,20250516,2.04,45.34,6.3518,27.84,6.0,7.11,84.23,0.02
mogadishu,20250517,2.04,45.34,6.2386,27.69,5.19,6.12,85.03,0.01
mogadishu,20250518,2.04,45.34,6.1265,27.65,4.63,5.48,84.63,0.02
mogadishu,20250519,2.04,45.34,5.8882,27.58,5.6,6.65,86.06,0.01
mogadishu,20250520,2.04,45.34,6.2338,27.84,5.86,7.0,85.04,0.01
mogadishu,20250521,2.04,45.34,5.9318,27.96,5.61,6.82,86.98,0.0
mogadishu,20250522,2.04,45.34,6.1567,27.82,6.28,7.55,89.04,0.01
mogadishu,20250523,2.04,45.34,5.9851,27.72,8.12,9.76,83.72,0.0
mogadishu,20250524,2.04,45.34,5.7442,27.75,7.95,9.67,80.36,0.01
mogadishu,20250525,2.04,45.34,5.9878,27.5,7.36,8.96,84.43,0.0
mogadishu,20250526,2.04,45.34,5.3909,27.49,6.89,8.32,83.77,1.68
mogadishu,20250527,2.04,45.34,5.0311,27.35,7.08,8.44,85.24,1.08
mogadishu,20250528,2.04,45.34,5.0777,27.68,8.41,10.09,83.23,2.75
mogadishu,20250529,2.04,45.34,5.748,27.57,8.61,10.24,80.64,0.37
mogadishu,20250530,2.04,45.34,5.2078,27.66,8.23,9.85,83.33,3.32
mogadishu,20250531,2.04,45.34,5.9028,27.68,8.1,9.66,81.42,0.01
mogadishu,20250601,2.04,45.34,6.0175,27.46,7.76,9.09,79.16,0.0
mogadishu,20250602,2.04,45.34,6.041,27.35,7.79,9.16,79.26,0.0
mogadishu,20250603,2.04,45.34,6.522,27.5,7.53,8.91,79.28,0.0
mogadishu,20250604,2.04,45.34,5.531,27.71,7.17,8.46,83.3,0.03
mogadishu,20250605,2.04,45.34,5.045,27.55,7.94,9.35,83.37,2.13
mogadishu,20250606,2.04,45.34,5.8584,27.6,8.64,10.17,79.55,0.52
mogadishu,20250607,2.04,45.34,6.3461,27.55,7.39,8.67,80.17,0.36
mogadishu,20250608,2.04,45.34,5.4149,27.6,6.09,7.11,85.06,1.39
mogadishu,20250609,2.04,45.34,4.4638,27.51,6.78,8.0,86.33,2.09
mogadishu,20250610,2.04,45.34,5.2579,27.14,7.64,9.09,84.62,41.49
mogadishu,20250611,2.04,45.34,5.9398,27.11,7.66,9.19,82.15,13.92
mogadishu,20250612,2.04,45.34,4.1208,27.08,8.51,10.23,84.17,55.88
mogadishu,20250613,2.04,45.34,5.4086,26.69,9.09,10.89,81.05,53.71
mogadishu,20250614,2.04,45.34,5.917,26.68,8.82,10.56,80.58,37.19
mogadishu,20250615,2.04,45.34,5.2958,26.82,8.91,10.67,81.25,2.15
mogadishu,20250616,2.04,45.34,4.9152,26.84,8.66,10.35,81.07,3.55
mogadishu,20250617,2.04,45.34,4.7844,26.78,8.25,9.89,82.7,7.35
mogadishu,20250618,2.04,45.34,4.4635,26.89,7.9,9.42,82.79,1.32
mogadishu,20250619,2.04,45.34,4.9579,26.88,7.97,9.51,81.03,0.23
mogadishu,20250620,2.04,45.34,5.6767,26.89,7.66,9.11,85.64,1.18
mogadishu,20250621,2.04,45.34,5.303,27.08,7.87,9.38,82.45,0.63
mogadishu,20250622,2.04,45.34,5.9803,26.85,7.91,9.46,81.22,0.4
mogadishu,20250623,2.04,45.34,5.9945,26.87,7.39,8.82,80.94,0.53
mogadishu,20250624,2.04,45.34,5.196,26.76,6.28,7.44,85.49,2.36
mogadishu,20250625,2.04,45.34,5.7854,26.83,7.03,8.34,81.09,3.11
mogadishu,20250626,2.04,45.34,5.7012,26.61,7.53,8.92,78.3,1.3
mogadishu,20250627,2.04,45.34,4.9099,26.49,7.72,9.17,78.33,1.42
mogadishu,20250628,2.04,45.34,5.8219,26.57,8.28,9.88,81.16,2.86
mogadishu,20250629,2.04,45.34,5.1989,26.65,9.03,10.77,78.89,1.34
mogadishu,20250630,2.04,45.34,5.6246,26.8,8.29,9.86,81.98,0.48
mogadishu,20250701,2.04,45.34,5.7595,26.53,8.55,10.08,81.02,0.42
mogadishu,20250702,2.04,45.34,6.0144,26.39,8.32,9.86,78.23,0.29
mogadishu,20250703,2.04,45.34,4.8334,26.3,8.61,10.26,80.29,0.64
mogadishu,20250704,2.04,45.34,4.7518,26.2,8.28,9.85,80.89,0.95
mogadishu,20250705,2.04,45.34,5.7756,26.05,7.76,9.21,80.53,6.43
mogadishu,20250706,2.04,45.34,5.2109,26.02,7.46,8.87,83.44,8.99
mogadishu,20250707,2.04,45.34,5.635,26.04,7.22,8.71,84.34,8.44
mogadishu,20250708,2.04,45.34,4.9642,26.06,7.67,9.18,84.29,9.14
mogadishu,20250709,2.04,45.34,4.535,25.95,8.51,10.2,83.32,9.38
mogadishu,20250710,2.04,45.34,4.5451,26.14,8.66,10.3,82.78,1.29
mogadishu,20250711,2.04,45.34,5.6717,26.08,8.73,10.41,82.15,1.04
mogadishu,20250712,2.04,45.34,5.9726,26.2,7.88,9.36,81.67,0.61
mogadishu,20250713,2.04,45.34,5.6611,26.37,8.65,10.32,81.87,0.71
mogadishu,20250714,2.04,45.34,6.1738,26.42,8.88,10.57,84.09,1.4
mogadishu,20250715,2.04,45.34,5.5356,26.25,8.49,10.12,85.34,1.04
mogadishu,20250716,2.04,45.34,6.1075,26.22,8.33,9.93,80.87,0.31
mogadishu,20250717,2.04,45.34,4.9807,26.1,8.27,9.84,82.54,0.63
mogadishu,20250718,2.04,45.34,4.3706,26.02,9.17,10.88,78.65,0.38
mogadishu,20250719,2.04,45.34,4.8089,25.8,9.59,11.43,78.25,0.24
mogadishu,20250720,2.04,45.34,5.034,25.5,9.65,11.47,78.01,3.93
mogadishu,20250721,2.04,45.34,3.9245,25.47,9.72,11.55,79.09,2.58
mogadishu,20250722,2.04,45.34,3.6202,25.55,8.6,10.21,83.88,8.41
mogadishu,20250723,2.04,45.34,4.8917,25.55,9.06,10.76,77.36,1.48
mogadishu,20250724,2.04,45.34,5.285,25.4,8.89,10.56,78.51,4.77
mogadishu,20250725,2.04,45.34,4.1407,25.46,8.76,10.43,79.87,0.15
mogadishu,20250726,2.04,45.34,4.9282,25.45,8.08,9.5,81.48,0.12
mogadishu,20250727,2.04,45.34,4.5276,25.6,8.32,9.91,80.26,0.09
mogadishu,20250728,2.04,45.34,4.3313,25.46,9.68,11.54,81.1,0.2
mogadishu,20250729,2.04,45.34,4.3466,25.49,9.25,11.0,81.41,0.13
mogadishu,20250730,2.04,45.34,5.3633,25.76,8.86,10.53,81.18,0.07
mogadishu,20250731,2.04,45.34,5.5872,25.6,9.23,10.95,78.02,0.02
mogadishu,20250801,2.04,45.34,5.7403,25.61,9.6,11.43,75.99,0.01
mogadishu,20250802,2.04,45.34,4.8509,25.71,9.44,11.2,76.24,0.01
mogadishu,20250803,2.04,45.34,5.0306,25.61,9.47,11.23,75.99,0.01
mogadishu,20250804,2.04,45.34,3.5184,25.46,9.44,11.24,77.19,2.25
mogadishu,20250805,2.04,45.34,3.1229,25.25,8.72,10.34,80.7,3.66
mogadishu,20250806,2.04,45.34,4.7503,25.4,8.33,9.85,82.28,1.25
mogadishu,20250807,2.04,45.34,4.2982,25.61,8.23,9.76,81.92,2.61
mogadishu,20250808,2.04,45.34,5.1965,25.61,7.49,8.89,83.9,3.86
mogadishu,20250809,2.04,45.34,4.1244,25.3,7.26,8.63,86.05,19.95
mogadishu,20250810,2.04,45.34,5.0722,25.19,7.72,9.22,84.25,13.27
mogadishu,20250811,2.04,45.34,6.2323,25.28,7.76,9.2,78.73,3.18
mogadishu,20250812,2.04,45.34,6.708,25.59,6.72,7.99,80.52,3.09
mogadishu,20250813,2.04,45.34,5.9206,25.81,7.2,8.57,84.31,5.64
mogadishu,20250814,2.04,45.34,6.2434,25.91,6.97,8.29,84.64,0.0
mogadishu,20250815,2.04,45.34,5.9345,25.8,7.91,9.31,80.52,0.0
mogadishu,20250816,2.04,45.34,7.0162,25.68,8.34,9.8,77.6,0.0
mogadishu,20250817,2.04,45.34,6.0785,25.7,8.23,9.69,79.01,0.0
mogadishu,20250818,2.04,45.34,5.3323,25.73,9.14,10.82,77.31,0.0
mogadishu,20250819,2.04,45.34,5.4763,25.82,8.52,10.1,82.5,0.98
mogadishu,20250820,2.04,45.34,4.651,25.7,8.51,10.05,82.4,1.16
mogadishu,20250821,2.04,45.34,5.4905,25.65,7.95,9.33,78.38,0.4
mogadishu,20250822,2.04,45.34,4.5067,25.59,7.28,8.54,80.42,0.41
mogadishu,20250823,2.04,45.34,4.3296,25.72,6.43,7.55,84.02,1.85
mogadishu,20250824,2.04,45.34,5.0436,26.07,6.12,7.17,81.29,0.0
mogadishu,20250825,2.04,45.34,5.7043,26.19,7.14,8.39,82.99,0.0
mogadishu,20250826,2.04,45.34,5.3544,26.13,8.4,9.95,85.22,0.0
mogadishu,20250827,2.04,45.34,6.2131,25.83,8.36,9.85,82.79,0.0
mogadishu,20250828,2.04,45.34,6.3504,25.68,7.19,8.39,81.52,0.0
mogadishu,20250829,2.04,45.34,4.693,25.7,8.09,9.44,80.62,0.02
mogadishu,20250830,2.04,45.34,5.311,25.39,7.37,8.56,77.87,0.0
mogadishu,20250831,2.04,45.34,5.125,25.41,7.57,8.79,82.32,0.02
mogadishu,20250901,2.04,45.34,6.7262,25.34,7.77,9.04,81.37,0.01
mogadishu,20250902,2.04,45.34,7.0927,25.65,7.8,9.19,82.34,0.0
mogadishu,20250903,2.04,45.34,5.113,25.56,8.48,10.0,83.11,1.99
mogadishu,20250904,2.04,45.34,5.8375,25.62,8.04,9.42,79.16,0.3
mogadishu,20250905,2.04,45.34,6.6874,25.59,7.64,8.93,79.96,0.31
mogadishu,20250906,2.04,45.34,7.0644,25.68,7.05,8.26,81.58,0.24
mogadishu,20250907,2.04,45.34,5.9534,25.97,6.49,7.66,85.18,0.77
mogadishu,20250908,2.04,45.34,6.1591,26.23,6.45,7.49,82.22,0.01
mogadishu,20250909,2.04,45.34,5.8222,26.33,7.17,8.38,82.0,0.01
mogadishu,20250910,2.04,45.34,6.5854,26.07,7.52,8.71,82.67,0.01
mogadishu,20250911,2.04,45.34,6.666,26.05,7.42,8.6,80.56,0.02
mogadishu,20250912,2.04,45.34,6.6,26.1,8.02,9.32,81.29,0.01
mogadishu,20250913,2.04,45.34,5.4878,25.9,7.45,8.65,82.06,0.0
mogadishu,20250914,2.04,45.34,5.3875,25.82,7.45,8.62,81.29,0.01
mogadishu,20250915,2.04,45.34,7.056,25.86,6.41,7.38,78.34,0.0
mogadishu,20250916,2.04,45.34,7.0879,26.02,6.41,7.44,82.44,0.0
mogadishu,20250917,2.04,45.34,6.791,26.41,5.24,6.09,81.94,0.01
mogadishu,20250918,2.04,45.34,6.2904,26.27,6.08,7.06,81.96,2.12
mogadishu,20250919,2.04,45.34,5.8709,26.28,7.34,8.53,75.05,0.79
mogadishu,20250920,2.04,45.34,7.2022,26.36,6.74,7.84,80.69,1.03
mogadishu,20250921,2.04,45.34,6.4757,26.55,6.81,7.96,85.32,4.62
mogadishu,20250922,2.04,45.34,5.6117,26.41,7.49,8.77,81.95,1.58
mogadishu,20250923,2.04,45.34,5.2231,26.34,7.27,8.45,76.92,0.01
mogadishu,20250924,2.04,45.34,7.1863,26.23,7.63,8.86,77.14,0.0
mogadishu,20250925,2.04,45.34,7.3236,26.18,7.81,9.1,78.03,0.0
mogadishu,20250926,2.04,45.34,7.3418,26.13,7.91,9.2,76.34,0.0
mogadishu,20250927,2.04,45.34,7.1419,25.99,7.92,9.21,78.61,0.0
mogadishu,20250928,2.04,45.34,6.0941,26.17,6.11,7.08,84.04,0.01
mogadishu,20250929,2.04,45.34,5.7206,26.19,6.35,7.37,82.56,0.0
mogadishu,20250930,2.04,45.34,6.4582,26.1,6.43,7.46,82.41,0.0
mogadishu,20251001,2.04,45.34,6.6324,25.95,7.56,8.79,82.63,0.0
mogadishu,20251002,2.04,45.34,7.0949,26.16,7.67,8.97,80.87,0.0
mogadishu,20251003,2.04,45.34,6.6449,26.18,6.66,7.81,82.62,0.0
mogadishu,20251004,2.04,45.34,6.0158,26.36,6.0,6.97,83.31,0.0
mogadishu,20251005,2.04,45.34,6.565,26.07,6.4,7.36,83.81,0.0
mogadishu,20251006,2.04,45.34,6.0302,26.09,5.05,5.76,82.85,0.0
mogadishu,20251007,2.04,45.34,6.4625,26.19,4.95,5.64,84.17,0.0
mogadishu,20251008,2.04,45.34,6.6358,26.51,5.5,6.34,83.61,0.02
mogadishu,20251009,2.04,45.34,6.6458,26.5,5.35,6.13,82.39,0.01
mogadishu,20251010,2.04,45.34,6.402,26.31,5.31,6.01,83.06,0.01
mogadishu,20251011,2.04,45.34,5.7312,26.42,5.96,6.77,81.66,0.06
mogadishu,20251012,2.04,45.34,5.215,26.54,5.2,5.93,76.27,0.0
mogadishu,20251013,2.04,45.34,5.6537,26.5,5.17,5.89,81.53,0.37
mogadishu,20251014,2.04,45.34,5.8008,26.85,5.74,6.64,78.48,0.42
mogadishu,20251015,2.04,45.34,5.8836,26.76,6.39,7.35,81.59,0.44
mogadishu,20251016,2.04,45.34,6.3696,26.71,5.5,6.33,81.71,0.2
mogadishu,20251017,2.04,45.34,5.5812,26.78,4.46,5.16,81.31,0.55
mogadishu,20251018,2.04,45.34,6.0389,26.87,5.79,6.69,83.78,0.03
mogadishu,20251019,2.04,45.34,5.1965,26.7,7.11,8.2,80.25,0.03
mogadishu,20251020,2.04,45.34,5.9808,26.66,6.62,7.67,82.95,0.02
mogadishu,20251021,2.04,45.34,5.8236,26.72,7.11,8.23,79.82,0.02
mogadishu,20251022,2.04,45.34,5.4667,26.49,5.94,6.78,79.0,0.0
mogadishu,20251023,2.04,45.34,6.5599,26.72,6.4,7.36,79.58,0.0
mogadishu,20251024,2.04,45.34,6.6686,26.59,5.76,6.57,81.14,0.0
mogadishu,20251025,2.04,45.34,6.6274,26.7,5.64,6.52,82.1,0.0
mogadishu,20251026,2.04,45.34,5.5186,27.09,5.48,6.36,84.02,0.0
mogadishu,20251027,2.04,45.34,5.6906,27.19,4.19,4.78,82.54,0.0
mogadishu,20251028,2.04,45.34,6.6958,26.82,5.05,5.79,78.73,0.01
mogadishu,20251029,2.04,45.34,6.3979,26.87,5.0,5.77,77.66,0.0
mogadishu,20251030,2.04,45.34,6.8623,26.55,4.68,5.32,79.83,0.01
mogadishu,20251031,2.04,45.34,6.8767,26.62,4.71,5.34,76.73,0.01
mogadishu,20251101,2.04,45.34,6.8995,26.49,4.75,5.39,78.47,0.01
mogadishu,20251102,2.04,45.34,6.9518,26.24,4.84,5.42,80.11,0.0
mogadishu,20251103,2.04,45.34,6.9818,26.47,4.28,4.79,79.39,0.0
mogadishu,20251104,2.04,45.34,6.8616,26.55,4.24,4.75,79.34,0.0
mogadishu,20251105,2.04,45.34,6.4529,26.93,3.66,4.11,78.01,0.0
mogadishu,20251106,2.04,45.34,5.8279,26.76,3.71,4.14,79.2,0.0
mogadishu,20251107,2.04,45.34,6.6576,26.92,5.95,6.82,77.73,0.02
mogadishu,20251108,2.04,45.34,6.5278,26.95,6.74,7.74,78.08,0.03
mogadishu,20251109,2.04,45.34,6.2458,27.1,6.08,6.97,78.46,0.03
mogadishu,20251110,2.04,45.34,6.1145,27.39,5.49,6.35,79.03,0.11
mogadishu,20251111,2.04,45.34,6.1145,27.64,5.61,6.52,77.15,0.18
mogadishu,20251112,2.04,45.34,5.9772,27.71,5.97,6.88,77.92,0.0
mogadishu,20251113,2.04,45.34,5.9664,27.52,6.09,6.96,77.99,0.0
mogadishu,20251114,2.04,45.34,5.9731,27.39,5.51,6.28,78.65,0.01
mogadishu,20251115,2.04,45.34,6.0624,27.46,5.36,6.1,78.59,0.01
mogadishu,20251116,2.04,45.34,6.253,27.71,5.9,6.72,76.95,0.01
mogadishu,20251117,2.04,45.34,6.0005,27.73,6.19,7.1,78.84,0.04
mogadishu,20251118,2.04,45.34,5.8598,27.72,6.52,7.5,80.73,0.03
mogadishu,20251119,2.04,45.34,6.0842,27.94,7.77,9.02,77.43,0.02
mogadishu,20251120,2.04,45.34,6.306,27.71,7.69,8.94,76.11,0.0
mogadishu,20251121,2.04,45.34,6.3012,27.75,8.37,9.75,75.62,0.0
mogadishu,20251122,2.04,45.34,6.2174,27.71,7.58,8.73,77.39,0.0
mogadishu,20251123,2.04,45.34,5.8046,27.51,6.04,6.86,80.09,0.01
mogadishu,20251124,2.04,45.34,6.2143,27.55,5.01,5.67,77.06,0.01
mogadishu,20251125,2.04,45.34,6.3283,27.61,4.81,5.47,76.81,0.0
mogadishu,20251126,2.04,45.34,6.1618,27.52,5.24,5.97,75.26,0.0
mogadishu,20251127,2.04,45.34,5.9129,27.19,5.86,6.66,77.55,0.0
mogadishu,20251128,2.04,45.34,6.5417,27.23,6.61,7.52,77.05,0.0
mogadishu,20251129,2.04,45.34,6.721,27.2,7.62,8.76,75.49,0.0
mogadishu,20251130,2.04,45.34,6.5758,27.14,8.68,10.07,75.56,0.0
mogadishu,20251201,2.04,45.34,6.0914,27.24,8.09,9.41,77.48,0.0
mogadishu,20251202,2.04,45.34,6.3166,27.0,7.76,8.95,77.47,0.0
mogadishu,20251203,2.04,45.34,6.3286,27.01,6.84,7.91,77.49,0.02
mogadishu,20251204,2.04,45.34,5.1358,27.19,5.95,6.88,80.28,0.04
mogadishu,20251205,2.04,45.34,5.9196,27.14,6.46,7.37,77.93,0.02
mogadishu,20251206,2.04,45.34,6.2112,27.2,6.44,7.39,81.18,0.06
mogadishu,20251207,2.04,45.34,6.187,27.36,6.52,7.52,79.06,0.02
mogadishu,20251208,2.04,45.34,6.2506,27.28,7.13,8.2,78.55,0.0
mogadishu,20251209,2.04,45.34,6.4154,27.19,6.86,7.89,77.38,0.0
mogadishu,20251210,2.04,45.34,4.8766,27.45,6.15,7.06,78.69,0.01
mogadishu,20251211,2.04,45.34,4.9409,27.55,6.86,7.94,80.07,0.01
mogadishu,20251212,2.04,45.34,5.5018,27.42,6.35,7.3,83.46,0.0
mogadishu,20251213,2.04,45.34,4.5382,27.14,5.34,6.19,84.57,0.0
mogadishu,20251214,2.04,45.34,5.4439,27.25,5.29,6.1,80.9,0.0
mogadishu,20251215,2.04,45.34,6.2683,27.18,6.66,7.65,79.67,0.0
mogadishu,20251216,2.04,45.34,6.3605,27.28,7.2,8.32,78.91,0.0
mogadishu,20251217,2.04,45.34,6.1922,27.58,7.2,8.33,79.58,0.02
mogadishu,20251218,2.04,45.34,5.6657,27.62,6.47,7.45,81.06,0.03
mogadishu,20251219,2.04,45.34,6.3838,27.6,5.9,6.74,81.45,0.04
mogadishu,20251220,2.04,45.34,5.1955,27.43,7.36,8.49,80.29,0.01
mogadishu,20251221,2.04,45.34,5.5109,27.4,8.82,10.26,75.81,0.0
mogadishu,20251222,2.04,45.34,5.7257,27.56,8.51,9.97,79.94,0.0
mogadishu,20251223,2.04,45.34,5.6954,27.63,8.93,10.49,78.34,0.0
mogadishu,20251224,2.04,45.34,6.5621,27.38,8.8,10.28,76.88,0.0
mogadishu,20251225,2.04,45.34,6.5736,27.21,8.27,9.58,78.86,0.0
mogadishu,20251226,2.04,45.34,6.6871,27.12,7.94,9.17,76.33,0.0
mogadishu,20251227,2.04,45.34,6.6394,27.19,8.43,9.79,76.75,0.0
mogadishu,20251228,2.04,45.34,6.7654,26.98,7.35,8.48,79.09,0.0
mogadishu,20251229,2.04,45.34,6.5489,27.21,5.57,6.34,78.37,0.0
mogadishu,20251230,2.04,45.34,6.7291,27.02,6.45,7.39,82.62,0.0
mogadishu,20251231,2.04,45.34,6.7255,26.78,6.96,7.94,79.8,0.0
