site_id,time_utc,latitude,longitude,ALLSKY_SFC_SW_DWN,T2M,WS10M,WS50M,RH2M,PRECTOTCORR
galkayo,20010101,6.77,47.43,6.7615,23.73,5.58,7.93,45.59,0.0
galkayo,20010102,6.77,47.43,6.6473,24.2,5.68,7.85,49.62,0.0
galkayo,20010103,6.77,47.43,6.7202,24.12,5.15,7.21,50.82,0.0
galkayo,20010104,6.77,47.43,6.7174,24.34,5.24,7.18,49.66,0.0
galkayo,20010105,6.77,47.43,6.6547,24.66,5.48,7.63,49.96,0.0
galkayo,20010106,6.77,47.43,6.6871,25.09,5.69,7.9,52.55,0.0
galkayo,20010107,6.77,47.43,6.2141,26.46,5.8,7.57,58.04,0.0
galkayo,20010108,6.77,47.43,6.1397,26.69,5.48,6.9,60.04,0.0
galkayo,20010109,6.77,47.43,6.2909,27.21,5.84,7.4,55.63,0.0
galkayo,20010110,6.77,47.43,6.5642,27.12,7.3,9.1,50.96,0.0
galkayo,20010111,6.77,47.43,6.3607,25.6,7.0,9.0,50.2,0.0
galkayo,20010112,6.77,47.43,6.4728,24.73,6.37,8.3,48.53,0.0
galkayo,20010113,6.77,47.43,6.6926,24.55,6.02,8.19,47.72,0.0
galkayo,20010114,6.77,47.43,6.5393,24.51,5.55,7.75,48.8,0.0
galkayo,20010115,6.77,47.43,6.6926,24.42,6.27,8.28,48.04,0.0
galkayo,20010116,6.77,47.43,6.653,24.47,6.1,8.28,46.85,0.0
galkayo,20010117,6.77,47.43,6.7721,24.69,5.97,7.97,47.7,0.0
galkayo,20010118,6.77,47.43,6.3427,25.64,6.06,7.62,57.07,0.0
galkayo,20010119,6.77,47.43,6.1217,26.39,5.79,7.15,61.45,0.0
galkayo,20010120,6.77,47.43,5.459,27.21,5.97,7.35,59.65,0.0
galkayo,20010121,6.77,47.43,6.3898,26.34,5.86,7.5,53.53,0.0
galkayo,20010122,6.77,47.43,7.0128,24.9,6.28,8.23,46.51,0.0
galkayo,20010123,6.77,47.43,6.9427,24.62,6.01,7.98,48.22,0.0
galkayo,20010124,6.77,47.43,6.5911,25.14,5.46,7.18,55.5,0.0
galkayo,20010125,6.77,47.43,6.5302,25.51,5.68,7.37,55.73,0.0
galkayo,20010126,6.77,47.43,6.7498,25.34,5.38,7.27,48.61,0.0
galkayo,20010127,6.77,47.43,6.7913,24.94,4.78,6.56,51.76,0.0
galkayo,20010128,6.77,47.43,6.7838,25.67,5.74,7.51,55.86,0.0
galkayo,20010129,6.77,47.43,6.8916,25.02,7.44,9.56,49.82,0.0
galkayo,20010130,6.77,47.43,6.8189,24.5,6.98,9.18,48.4,0.0
galkayo,20010131,6.77,47.43,7.1078,23.82,6.32,8.52,42.52,0.0
galkayo,20010201,6.77,47.43,7.033,23.55,6.49,8.67,44.72,0.0
galkayo,20010202,6.77,47.43,7.217,23.61,6.17,8.35,43.62,0.0
galkayo,20010203,6.77,47.43,7.0934,24.43,5.87,7.77,48.1,0.0
galkayo,20010204,6.77,47.43,7.0466,25.27,5.67,7.29,54.63,0.0
galkayo,20010205,6.77,47.43,6.8842,26.26,6.16,7.68,56.23,0.0
galkayo,20010206,6.77,47.43,6.5323,26.11,6.31,7.75,57.42,0.0
galkayo,20010207,6.77,47.43,6.9725,26.22,6.46,7.99,57.15,0.0
galkayo,20010208,6.77,47.43,6.9607,25.82,6.76,8.29,58.19,0.0
galkayo,20010209,6.77,47.43,7.0342,26.35,6.39,7.85,59.71,0.0
galkayo,20010210,6.77,47.43,6.997,26.88,6.58,7.98,60.67,0.02
galkayo,20010211,6.77,47.43,6.8208,26.62,5.53,6.93,53.63,0.01
galkayo,20010212,6.77,47.43,6.8666,26.45,6.1,7.67,55.31,0.0
galkayo,20010213,6.77,47.43,7.0406,25.75,6.31,8.02,51.83,0.0
galkayo,20010214,6.77,47.43,7.3726,24.74,6.05,7.78,52.86,0.0
galkayo,20010215,6.77,47.43,7.1568,25.31,5.98,7.4,58.87,0.0
galkayo,20010216,6.77,47.43,7.1158,25.8,6.19,7.52,57.88,0.0
galkayo,20010217,6.77,47.43,6.936,25.75,5.52,6.93,55.41,0.0
galkayo,20010218,6.77,47.43,6.9929,25.79,6.09,7.49,57.44,0.0
galkayo,20010219,6.77,47.43,7.2938,25.74,5.31,6.77,56.29,0.0
galkayo,20010220,6.77,47.43,7.3301,26.32,6.2,7.63,58.26,0.0
galkayo,20010221,6.77,47.43,7.0186,26.56,5.32,6.6,58.29,0.0
galkayo,20010222,6.77,47.43,6.6672,26.38,5.61,6.84,59.27,0.0
galkayo,20010223,6.77,47.43,7.3973,26.88,4.94,6.26,55.07,0.0
galkayo,20010224,6.77,47.43,7.4237,26.91,4.99,6.4,55.06,0.0
galkayo,20010225,6.77,47.43,7.6159,26.89,4.98,6.49,49.9,0.0
galkayo,20010226,6.77,47.43,7.6334,26.35,5.45,7.19,49.77,0.0
galkayo,20010227,6.77,47.43,7.5286,26.09,6.03,7.72,53.86,0.0
galkayo,20010228,6.77,47.43,7.4911,25.53,6.32,8.3,51.88,0.0
galkayo,20010301,6.77,47.43,7.169,25.46,6.07,7.98,55.39,0.0
galkayo,20010302,6.77,47.43,7.4743,26.41,5.83,7.45,53.45,0.0
galkayo,20010303,6.77,47.43,7.2329,26.91,6.11,7.55,54.75,0.0
galkayo,20010304,6.77,47.43,7.4688,26.67,6.61,8.14,53.5,0.0
galkayo,20010305,6.77,47.43,7.1599,26.45,6.79,8.38,55.1,0.0
galkayo,20010306,6.77,47.43,7.3322,26.31,6.68,8.21,58.26,0.0
galkayo,20010307,6.77,47.43,7.1064,26.95,5.99,7.35,59.06,0.0
galkayo,20010308,6.77,47.43,7.0512,27.49,5.5,6.68,60.08,0.0
galkayo,20010309,6.77,47.43,7.1938,27.93,5.53,6.7,58.86,0.0
galkayo,20010310,6.77,47.43,7.2139,27.73,4.82,6.04,53.79,0.0
galkayo,20010311,6.77,47.43,7.5876,27.88,5.27,6.51,53.22,0.0
galkayo,20010312,6.77,47.43,7.4093,27.81,5.67,6.93,54.49,0.0
galkayo,20010313,6.77,47.43,7.4263,28.12,5.3,6.52,56.48,0.0
galkayo,20010314,6.77,47.43,7.1904,28.81,4.93,6.05,55.51,0.0
galkayo,20010315,6.77,47.43,7.4887,29.28,5.08,6.15,52.99,0.0
galkayo,20010316,6.77,47.43,7.2989,28.91,6.1,7.3,54.41,0.0
galkayo,20010317,6.77,47.43,7.0682,27.85,6.27,7.62,51.31,0.0
galkayo,20010318,6.77,47.43,7.5559,28.07,6.32,7.6,59.74,0.17
galkayo,20010319,6.77,47.43,6.4567,28.32,6.42,7.76,61.01,0.64
galkayo,20010320,6.77,47.43,7.446,29.01,6.45,7.76,57.56,0.03
galkayo,20010321,6.77,47.43,7.4436,28.65,5.8,7.01,53.31,0.02
galkayo,20010322,6.77,47.43,7.4902,27.96,5.23,6.39,54.02,0.27
galkayo,20010323,6.77,47.43,7.6097,28.15,4.35,5.52,52.31,0.01
galkayo,20010324,6.77,47.43,7.6546,28.26,4.65,5.78,55.13,1.37
galkayo,20010325,6.77,47.43,7.6824,28.2,4.79,6.14,55.05,2.03
galkayo,20010326,6.77,47.43,7.7028,27.57,4.96,6.43,53.75,0.16
galkayo,20010327,6.77,47.43,7.7244,27.69,4.9,6.35,50.95,0.0
galkayo,20010328,6.77,47.43,7.7575,28.32,5.55,7.1,48.22,0.0
galkayo,20010329,6.77,47.43,7.6668,27.93,5.2,6.78,51.31,0.0
galkayo,20010330,6.77,47.43,7.3063,28.89,5.7,7.06,53.03,0.0
galkayo,20010331,6.77,47.43,7.3567,28.36,6.33,7.69,53.18,0.0
galkayo,20010401,6.77,47.43,7.4405,28.17,5.66,6.93,52.4,0.01
galkayo,20010402,6.77,47.43,7.4436,28.86,4.49,5.72,51.77,0.03
galkayo,20010403,6.77,47.43,7.6085,28.72,4.66,6.01,49.9,0.0
galkayo,20010404,6.77,47.43,7.5278,28.71,5.12,6.46,51.15,0.11
galkayo,20010405,6.77,47.43,7.5914,29.41,5.59,6.92,53.57,0.1
galkayo,20010406,6.77,47.43,7.4513,29.27,5.81,6.99,53.85,0.11
galkayo,20010407,6.77,47.43,7.6906,28.9,6.3,7.72,51.97,0.04
galkayo,20010408,6.77,47.43,7.6373,28.23,5.74,7.16,51.53,0.0
galkayo,20010409,6.77,47.43,7.5266,28.61,4.99,6.43,52.19,0.01
galkayo,20010410,6.77,47.43,7.5686,29.55,4.97,6.21,54.1,0.04
galkayo,20010411,6.77,47.43,7.4674,30.42,4.66,5.69,51.73,0.0
galkayo,20010412,6.77,47.43,7.1554,30.73,4.46,5.35,52.28,0.0
galkayo,20010413,6.77,47.43,6.8479,30.74,3.83,4.76,52.04,0.08
galkayo,20010414,6.77,47.43,5.495,30.27,4.38,5.27,54.19,0.09
galkayo,20010415,6.77,47.43,7.1134,30.06,5.36,6.41,53.7,0.01
galkayo,20010416,6.77,47.43,7.441,29.32,4.78,5.84,55.34,0.0
galkayo,20010417,6.77,47.43,7.4165,30.31,4.06,5.04,51.06,0.0
galkayo,20010418,6.77,47.43,7.1383,30.68,3.95,4.86,52.97,0.0
galkayo,20010419,6.77,47.43,7.2502,30.19,3.02,4.19,51.31,0.0
galkayo,20010420,6.77,47.43,7.229,30.9,3.55,4.67,50.19,0.0
galkayo,20010421,6.77,47.43,7.038,30.02,3.32,4.26,52.96,0.2
galkayo,20010422,6.77,47.43,6.7721,29.96,3.48,4.3,54.02,0.3
galkayo,20010423,6.77,47.43,5.5248,26.99,2.54,2.93,69.19,0.3
galkayo,20010424,6.77,47.43,7.0721,28.52,3.31,4.17,58.23,0.04
galkayo,20010425,6.77,47.43,7.3697,29.29,3.99,5.07,51.32,0.0
galkayo,20010426,6.77,47.43,7.0224,30.45,2.95,3.63,53.41,0.0
galkayo,20010427,6.77,47.43,6.39,30.14,3.45,4.38,54.63,0.05
galkayo,20010428,6.77,47.43,7.3118,31.09,3.94,5.22,50.01,0.01
galkayo,20010429,6.77,47.43,6.3864,30.21,5.21,6.4,57.01,0.02
galkayo,20010430,6.77,47.43,7.0212,28.48,4.31,5.75,61.08,0.02
galkayo,20010501,6.77,47.43,5.9698,28.2,3.72,5.03,60.49,0.34
galkayo,20010502,6.77,47.43,5.052,30.05,3.66,4.9,53.39,0.23
galkayo,20010503,6.77,47.43,6.9038,30.61,3.96,5.16,54.73,0.18
galkayo,20010504,6.77,47.43,6.7603,30.81,4.64,5.77,55.01,0.16
galkayo,20010505,6.77,47.43,7.0313,30.95,3.9,4.98,53.69,0.15
galkayo,20010506,6.77,47.43,7.2314,30.15,3.44,4.4,53.79,1.91
galkayo,20010507,6.77,47.43,7.0764,30.32,3.34,4.43,53.11,2.28
galkayo,20010508,6.77,47.43,5.4209,28.21,4.14,5.8,72.16,9.44
galkayo,20010509,6.77,47.43,6.8486,27.78,5.09,7.1,67.23,3.38
galkayo,20010510,6.77,47.43,7.0625,28.22,4.6,6.57,68.84,4.76
galkayo,20010511,6.77,47.43,7.2725,29.04,5.31,7.66,58.98,0.1
galkayo,20010512,6.77,47.43,7.2319,29.92,6.05,8.37,56.39,0.11
galkayo,20010513,6.77,47.43,7.2002,28.95,6.53,8.68,60.83,0.09
galkayo,20010514,6.77,47.43,6.9187,27.26,5.59,7.58,66.81,0.04
galkayo,20010515,6.77,47.43,6.3593,27.94,5.54,7.62,64.12,0.16
galkayo,20010516,6.77,47.43,7.0428,29.01,6.17,8.34,55.2,0.07
galkayo,20010517,6.77,47.43,7.195,29.78,6.6,8.69,53.22,0.12
galkayo,20010518,6.77,47.43,7.2504,30.25,6.98,9.13,49.03,0.14
galkayo,20010519,6.77,47.43,7.1294,29.17,6.54,8.38,57.63,0.15
galkayo,20010520,6.77,47.43,7.2072,30.51,5.82,7.84,50.26,0.05
galkayo,20010521,6.77,47.43,7.1323,30.72,5.94,7.76,51.09,0.02
galkayo,20010522,6.77,47.43,7.0013,30.96,6.07,7.68,50.1,0.01
galkayo,20010523,6.77,47.43,6.9413,30.18,6.08,7.82,53.18,0.02
galkayo,20010524,6.77,47.43,7.0034,30.17,5.6,7.48,49.47,0.03
galkayo,20010525,6.77,47.43,6.8686,30.82,6.76,8.97,45.34,0.01
galkayo,20010526,6.77,47.43,6.9348,30.04,6.38,8.49,50.35,0.13
galkayo,20010527,6.77,47.43,5.8046,29.85,7.12,9.24,52.62,0.31
galkayo,20010528,6.77,47.43,6.7726,29.99,7.62,9.91,48.0,0.32
galkayo,20010529,6.77,47.43,6.7778,29.44,8.4,10.89,46.51,0.15
galkayo,20010530,6.77,47.43,7.0274,30.08,7.88,10.26,44.07,0.05
galkayo,20010531,6.77,47.43,6.875,30.56,7.87,9.97,46.75,0.0
galkayo,20010601,6.77,47.43,6.9866,30.2,7.43,9.65,46.53,0.0
galkayo,20010602,6.77,47.43,6.9158,30.21,7.09,9.09,45.85,0.0
galkayo,20010603,6.77,47.43,6.959,30.66,6.53,8.39,45.3,0.0
galkayo,20010604,6.77,47.43,6.8974,31.13,7.35,9.44,44.77,0.0
galkayo,20010605,6.77,47.43,6.7956,30.15,8.65,10.98,47.01,0.0
galkayo,20010606,6.77,47.43,6.119,29.96,8.88,11.19,46.3,0.0
galkayo,20010607,6.77,47.43,5.7334,29.63,8.68,10.98,45.81,0.0
galkayo,20010608,6.77,47.43,6.8438,30.28,8.96,11.37,43.4,0.0
galkayo,20010609,6.77,47.43,6.3343,29.7,9.57,12.07,46.05,0.0
galkayo,20010610,6.77,47.43,6.5026,28.75,9.46,12.03,45.45,0.0
galkayo,20010611,6.77,47.43,3.8078,28.76,9.7,12.31,47.03,0.06
galkayo,20010612,6.77,47.43,3.3581,28.54,8.78,11.0,48.43,0.04
galkayo,20010613,6.77,47.43,5.1785,28.71,8.84,11.07,47.17,0.01
galkayo,20010614,6.77,47.43,5.4362,28.81,8.78,11.05,47.36,0.02
galkayo,20010615,6.77,47.43,4.7045,28.76,8.86,11.15,47.95,0.0
galkayo,20010616,6.77,47.43,6.846,28.6,8.67,11.2,45.09,0.0
galkayo,20010617,6.77,47.43,7.0166,29.56,8.78,11.18,44.36,0.0
galkayo,20010618,6.77,47.43,7.0013,30.1,8.03,10.21,45.34,0.0
galkayo,20010619,6.77,47.43,6.889,30.22,8.06,10.1,48.52,0.0
galkayo,20010620,6.77,47.43,6.4414,29.37,8.18,10.27,50.66,0.0
galkayo,20010621,6.77,47.43,7.1126,29.01,7.9,10.12,47.61,0.0
galkayo,20010622,6.77,47.43,7.1386,29.37,7.76,9.96,45.11,0.0
galkayo,20010623,6.77,47.43,7.147,29.33,7.71,9.86,42.5,0.0
galkayo,20010624,6.77,47.43,7.0349,29.56,8.8,11.16,45.46,0.0
galkayo,20010625,6.77,47.43,6.7764,29.57,9.76,12.17,48.05,0.0
galkayo,20010626,6.77,47.43,6.6773,29.35,9.45,11.96,43.82,0.0
galkayo,20010627,6.77,47.43,5.3417,28.76,9.68,12.14,47.54,0.0
galkayo,20010628,6.77,47.43,6.5179,28.86,8.96,11.35,43.75,0.0
galkayo,20010629,6.77,47.43,6.881,28.94,8.55,11.0,44.19,0.0
galkayo,20010630,6.77,47.43,5.9071,29.08,9.06,11.38,46.0,0.0
galkayo,20010701,6.77,47.43,5.9986,29.04,8.6,10.89,45.52,0.0
galkayo,20010702,6.77,47.43,6.2364,28.94,8.92,11.29,44.03,0.0
galkayo,20010703,6.77,47.43,5.844,28.73,9.18,11.59,45.24,0.0
galkayo,20010704,6.77,47.43,6.8856,29.26,9.52,12.02,42.68,0.0
galkayo,20010705,6.77,47.43,6.252,29.57,9.63,12.09,44.88,0.0
galkayo,20010706,6.77,47.43,6.6833,29.29,10.14,12.55,50.09,0.06
galkayo,20010707,6.77,47.43,5.9208,28.86,9.61,12.0,47.85,0.0
galkayo,20010708,6.77,47.43,6.6439,28.8,9.82,12.3,43.16,0.0
galkayo,20010709,6.77,47.43,5.724,28.49,9.5,11.86,45.79,0.0
galkayo,20010710,6.77,47.43,6.2846,28.42,8.85,11.16,45.02,0.0
galkayo,20010711,6.77,47.43,5.8066,28.38,8.37,10.71,46.16,0.0
galkayo,20010712,6.77,47.43,5.8548,28.78,8.86,11.13,46.69,0.0
galkayo,20010713,6.77,47.43,4.9344,28.21,9.59,11.98,46.68,0.0
galkayo,20010714,6.77,47.43,3.7776,27.69,9.73,12.02,49.51,0.0
galkayo,20010715,6.77,47.43,5.7096,27.33,8.44,10.57,48.71,0.0
galkayo,20010716,6.77,47.43,6.1418,27.41,8.61,10.64,49.9,0.0
galkayo,20010717,6.77,47.43,6.1205,27.24,8.85,10.9,51.62,0.0
galkayo,20010718,6.77,47.43,6.4164,27.33,8.77,10.8,51.47,0.0
galkayo,20010719,6.77,47.43,6.9941,27.39,7.98,9.93,49.31,0.0
galkayo,20010720,6.77,47.43,6.053,27.71,7.49,9.39,49.34,0.0
galkayo,20010721,6.77,47.43,6.4051,28.19,8.46,10.45,50.67,0.0
galkayo,20010722,6.77,47.43,6.8294,28.18,8.52,10.53,48.3,0.0
galkayo,20010723,6.77,47.43,5.8073,28.06,9.0,11.09,50.29,0.0
galkayo,20010724,6.77,47.43,6.9473,27.64,8.64,10.99,44.97,0.0
galkayo,20010725,6.77,47.43,6.0158,27.36,8.94,11.22,47.85,0.0
galkayo,20010726,6.77,47.43,6.594,27.56,10.02,12.43,45.18,0.0
galkayo,20010727,6.77,47.43,6.7459,27.7,9.17,11.4,46.42,0.0
galkayo,20010728,6.77,47.43,5.9676,27.18,9.38,11.68,50.66,0.0
galkayo,20010729,6.77,47.43,6.4601,27.81,9.65,11.95,47.92,0.0
galkayo,20010730,6.77,47.43,6.9259,28.1,9.57,11.91,46.86,0.0
galkayo,20010731,6.77,47.43,6.4896,28.12,10.7,13.21,44.46,0.02
galkayo,20010801,6.77,47.43,2.9496,25.28,9.17,11.31,61.27,0.26
galkayo,20010802,6.77,47.43,5.3275,26.8,8.91,11.25,52.42,0.08
galkayo,20010803,6.77,47.43,7.1443,28.18,10.19,12.69,43.95,0.0
galkayo,20010804,6.77,47.43,6.4469,27.65,10.49,12.95,49.63,0.0
galkayo,20010805,6.77,47.43,6.6499,27.97,10.12,12.57,46.66,0.0
galkayo,20010806,6.77,47.43,7.129,29.06,9.75,12.26,41.54,0.0
galkayo,20010807,6.77,47.43,6.8806,28.89,10.55,13.05,46.8,0.02
galkayo,20010808,6.77,47.43,5.159,28.38,10.16,12.45,50.02,0.01
galkayo,20010809,6.77,47.43,5.9645,28.19,9.26,11.44,47.55,0.0
galkayo,20010810,6.77,47.43,7.2926,28.75,7.51,9.71,42.47,0.0
galkayo,20010811,6.77,47.43,7.3829,28.77,7.89,10.0,46.27,0.0
galkayo,20010812,6.77,47.43,7.0944,28.69,8.64,10.67,46.96,0.0
galkayo,20010813,6.77,47.43,7.409,28.01,8.5,10.64,47.07,0.0
galkayo,20010814,6.77,47.43,7.3373,28.21,7.61,9.65,48.06,0.0
galkayo,20010815,6.77,47.43,7.3387,28.56,7.6,9.44,48.72,0.01
galkayo,20010816,6.77,47.43,7.295,28.61,7.82,9.7,47.88,0.01
galkayo,20010817,6.77,47.43,7.1666,28.41,7.73,9.66,49.6,0.07
galkayo,20010818,6.77,47.43,7.5482,28.77,7.47,9.55,47.98,0.04
galkayo,20010819,6.77,47.43,7.1218,29.32,8.26,10.3,49.05,0.02
galkayo,20010820,6.77,47.43,7.411,28.7,8.07,10.15,47.42,0.0
galkayo,20010821,6.77,47.43,5.4358,28.98,8.55,10.44,52.27,0.07
galkayo,20010822,6.77,47.43,7.3402,29.12,8.82,10.9,47.54,0.01
galkayo,20010823,6.77,47.43,7.3366,28.49,8.54,10.94,42.22,0.0
galkayo,20010824,6.77,47.43,6.204,28.36,9.5,11.76,49.51,0.84
galkayo,20010825,6.77,47.43,3.0689,27.55,9.3,11.43,53.52,0.65
galkayo,20010826,6.77,47.43,5.4374,27.77,8.43,10.52,49.81,0.01
galkayo,20010827,6.77,47.43,4.607,27.95,9.13,11.24,53.59,2.01
galkayo,20010828,6.77,47.43,6.0802,27.89,8.45,10.53,49.01,0.12
galkayo,20010829,6.77,47.43,6.833,26.83,9.05,11.19,57.88,6.57
galkayo,20010830,6.77,47.43,5.184,26.14,8.41,10.7,59.7,3.12
galkayo,20010831,6.77,47.43,6.3943,26.94,8.36,10.56,56.49,1.44
galkayo,20010901,6.77,47.43,5.7194,25.88,8.44,10.72,63.84,9.11
galkayo,20010902,6.77,47.43,5.1574,25.54,7.86,10.17,64.8,7.32
galkayo,20010903,6.77,47.43,6.0754,26.4,7.37,9.44,63.1,0.0
galkayo,20010904,6.77,47.43,7.2811,27.17,6.52,8.48,57.49,0.0
galkayo,20010905,6.77,47.43,7.3094,27.35,6.35,8.11,58.7,0.0
galkayo,20010906,6.77,47.43,7.3109,27.43,5.13,6.69,59.19,0.0
galkayo,20010907,6.77,47.43,6.8719,26.86,4.92,6.25,60.74,0.0
galkayo,20010908,6.77,47.43,6.9646,27.18,4.21,5.39,59.31,0.0
galkayo,20010909,6.77,47.43,7.152,27.55,3.79,5.29,55.21,0.04
galkayo,20010910,6.77,47.43,7.2962,27.58,5.67,7.54,55.63,1.13
galkayo,20010911,6.77,47.43,7.3447,27.92,6.85,8.83,52.78,0.01
galkayo,20010912,6.77,47.43,7.4081,28.26,6.6,8.41,52.72,0.12
galkayo,20010913,6.77,47.43,7.3164,28.37,6.66,8.28,53.25,0.0
galkayo,20010914,6.77,47.43,7.3565,28.58,6.75,8.51,51.26,0.0
galkayo,20010915,6.77,47.43,6.7966,28.99,5.92,7.7,49.15,0.0
galkayo,20010916,6.77,47.43,7.0198,28.92,6.67,8.28,49.61,0.0
galkayo,20010917,6.77,47.43,7.2677,28.57,6.79,8.37,52.72,0.0
galkayo,20010918,6.77,47.43,6.8906,28.94,6.44,8.02,49.98,0.0
galkayo,20010919,6.77,47.43,7.3166,28.78,6.7,8.23,51.21,0.0
galkayo,20010920,6.77,47.43,7.2962,29.42,5.76,7.12,47.72,0.0
galkayo,20010921,6.77,47.43,6.2477,28.94,5.73,7.09,51.59,0.0
galkayo,20010922,6.77,47.43,7.1777,29.38,6.37,7.67,50.39,0.0
galkayo,20010923,6.77,47.43,6.4781,26.73,4.95,6.23,57.01,0.04
galkayo,20010924,6.77,47.43,7.0771,28.51,4.56,5.63,54.55,0.02
galkayo,20010925,6.77,47.43,7.2307,29.42,5.23,6.42,53.85,0.36
galkayo,20010926,6.77,47.43,2.8694,26.38,4.49,5.56,66.6,0.8
galkayo,20010927,6.77,47.43,5.5778,25.01,4.44,5.47,72.72,0.38
galkayo,20010928,6.77,47.43,6.773,29.29,5.77,7.39,53.32,0.0
galkayo,20010929,6.77,47.43,4.8967,28.95,6.04,7.48,53.49,0.0
galkayo,20010930,6.77,47.43,5.3138,28.63,6.68,8.27,53.58,0.0
galkayo,20011001,6.77,47.43,6.4272,28.02,6.34,8.13,50.21,0.0
galkayo,20011002,6.77,47.43,7.1933,28.64,6.34,7.97,50.99,0.0
galkayo,20011003,6.77,47.43,7.2048,29.6,6.08,7.76,48.82,0.09
galkayo,20011004,6.77,47.43,6.9756,29.58,5.26,6.65,49.44,0.13
galkayo,20011005,6.77,47.43,7.0121,29.57,6.28,7.9,50.09,0.07
galkayo,20011006,6.77,47.43,6.5846,29.61,6.34,7.88,52.22,0.37
galkayo,20011007,6.77,47.43,7.0879,28.91,5.45,6.7,53.63,0.15
galkayo,20011008,6.77,47.43,6.5909,28.56,4.52,5.71,54.72,0.09
galkayo,20011009,6.77,47.43,5.6218,28.87,5.38,6.67,53.29,0.14
galkayo,20011010,6.77,47.43,6.0456,27.84,5.26,6.44,56.45,0.1
galkayo,20011011,6.77,47.43,6.4584,28.14,5.48,6.5,56.4,0.08
galkayo,20011012,6.77,47.43,5.699,28.38,5.28,6.27,57.29,0.11
galkayo,20011013,6.77,47.43,4.5907,27.49,4.72,5.52,61.71,0.4
galkayo,20011014,6.77,47.43,6.9509,26.61,4.42,5.54,59.58,0.12
galkayo,20011015,6.77,47.43,7.0306,28.58,4.25,5.38,54.46,0.45
galkayo,20011016,6.77,47.43,7.0013,28.94,3.97,4.98,53.03,0.14
galkayo,20011017,6.77,47.43,6.5028,29.08,4.61,5.63,53.91,0.24
galkayo,20011018,6.77,47.43,5.2721,26.34,3.62,4.62,65.31,1.78
galkayo,20011019,6.77,47.43,5.6244,27.85,3.53,4.31,61.8,2.09
galkayo,20011020,6.77,47.43,6.4212,27.51,3.81,4.85,66.53,6.04
galkayo,20011021,6.77,47.43,5.3261,26.42,4.56,5.74,75.0,29.89
galkayo,20011022,6.77,47.43,5.9172,25.45,3.48,4.93,78.11,13.38
galkayo,20011023,6.77,47.43,6.0761,24.86,3.54,4.55,80.65,1.82
galkayo,20011024,6.77,47.43,6.1154,26.05,2.86,3.85,73.78,0.6
galkayo,20011025,6.77,47.43,6.5369,26.37,3.35,4.5,71.57,0.63
galkayo,20011026,6.77,47.43,6.0257,26.59,3.0,3.99,71.16,1.32
galkayo,20011027,6.77,47.43,5.5663,26.61,3.28,4.16,72.73,3.21
galkayo,20011028,6.77,47.43,4.8154,26.4,3.84,5.1,70.37,1.38
galkayo,20011029,6.77,47.43,6.6391,26.43,3.64,4.95,67.49,0.03
galkayo,20011030,6.77,47.43,6.5678,26.35,4.25,5.66,66.02,0.01
galkayo,20011031,6.77,47.43,6.4531,27.03,3.94,5.04,69.11,0.8
galkayo,20011101,6.77,47.43,5.7588,27.17,4.41,5.68,66.42,0.03
galkayo,20011102,6.77,47.43,6.6823,26.84,4.46,5.95,64.38,0.0
galkayo,20011103,6.77,47.43,6.8016,25.46,4.11,6.03,56.06,0.0
galkayo,20011104,6.77,47.43,6.9938,24.88,4.29,6.28,58.03,0.0
galkayo,20011105,6.77,47.43,6.5786,26.64,4.38,6.03,60.61,0.0
galkayo,20011106,6.77,47.43,6.5069,27.88,4.2,5.56,60.95,0.0
galkayo,20011107,6.77,47.43,6.6449,27.55,3.25,4.5,57.57,0.37
galkayo,20011108,6.77,47.43,6.8309,26.3,2.87,4.33,53.44,0.01
galkayo,20011109,6.77,47.43,6.8136,26.17,3.1,4.65,54.0,0.0
galkayo,20011110,6.77,47.43,6.8921,26.05,4.43,6.44,52.83,0.0
galkayo,20011111,6.77,47.43,6.9002,25.65,3.62,5.38,51.62,0.0
galkayo,20011112,6.77,47.43,6.8321,25.41,3.13,4.81,48.99,0.0
galkayo,20011113,6.77,47.43,6.755,26.31,3.72,5.06,56.33,0.0
galkayo,20011114,6.77,47.43,6.7896,25.99,4.21,6.0,51.59,0.0
galkayo,20011115,6.77,47.43,6.9367,25.07,5.19,7.4,49.07,0.0
galkayo,20011116,6.77,47.43,6.8239,25.37,4.32,6.3,48.34,0.0
galkayo,20011117,6.77,47.43,6.6266,25.79,3.61,5.14,56.25,0.0
galkayo,20011118,6.77,47.43,6.4836,26.87,4.03,5.21,58.69,0.0
galkayo,20011119,6.77,47.43,5.8992,27.28,4.77,5.88,59.92,0.0
galkayo,20011120,6.77,47.43,6.318,26.99,4.87,6.31,55.81,0.0
galkayo,20011121,6.77,47.43,6.5309,26.89,4.84,6.48,54.45,0.0
galkayo,20011122,6.77,47.43,6.3175,27.74,5.09,6.62,56.13,0.0
galkayo,20011123,6.77,47.43,5.7602,28.09,6.04,7.71,53.55,0.0
galkayo,20011124,6.77,47.43,6.6497,26.77,5.29,7.31,48.76,0.0
galkayo,20011125,6.77,47.43,6.3739,26.79,5.17,7.29,47.8,0.0
galkayo,20011126,6.77,47.43,6.4975,26.98,6.17,8.42,46.02,0.0
galkayo,20011127,6.77,47.43,5.8226,26.11,6.77,8.76,52.96,0.0
galkayo,20011128,6.77,47.43,6.2911,26.06,4.28,5.88,53.06,0.0
galkayo,20011129,6.77,47.43,6.5299,26.09,3.69,5.16,53.41,0.0
galkayo,20011130,6.77,47.43,6.5345,26.51,4.7,6.32,53.64,0.0
galkayo,20011201,6.77,47.43,6.6283,26.59,5.32,7.09,53.5,0.0
galkayo,20011202,6.77,47.43,6.5522,27.18,5.69,7.31,55.31,0.0
galkayo,20011203,6.77,47.43,6.4918,27.58,5.55,6.96,57.9,0.01
galkayo,20011204,6.77,47.43,6.2952,27.62,5.02,6.42,56.47,0.0
galkayo,20011205,6.77,47.43,5.8123,28.12,4.89,6.07,58.99,0.06
galkayo,20011206,6.77,47.43,6.1135,27.78,5.38,6.62,62.3,0.06
galkayo,20011207,6.77,47.43,6.5158,27.49,6.22,7.74,58.88,0.0
galkayo,20011208,6.77,47.43,5.957,27.59,6.02,7.72,56.14,0.0
galkayo,20011209,6.77,47.43,6.0156,27.91,6.16,7.73,56.21,0.01
galkayo,20011210,6.77,47.43,4.9447,26.69,6.71,8.33,63.71,0.03
galkayo,20011211,6.77,47.43,6.2311,26.7,6.33,7.91,61.54,0.0
galkayo,20011212,6.77,47.43,6.066,26.94,5.26,6.58,61.2,0.0
galkayo,20011213,6.77,47.43,5.7084,27.02,6.58,8.22,57.14,0.0
galkayo,20011214,6.77,47.43,6.4757,26.65,6.01,7.72,56.46,0.0
galkayo,20011215,6.77,47.43,6.3485,26.33,6.19,7.86,60.07,0.0
galkayo,20011216,6.77,47.43,6.5842,26.04,4.98,6.54,55.7,0.0
galkayo,20011217,6.77,47.43,6.5642,26.09,5.45,7.04,57.02,0.0
galkayo,20011218,6.77,47.43,6.541,26.39,5.81,7.73,50.32,0.0
galkayo,20011219,6.77,47.43,6.5837,26.07,6.43,8.56,52.34,0.0
galkayo,20011220,6.77,47.43,6.0811,26.18,6.54,8.5,55.58,0.0
galkayo,20011221,6.77,47.43,6.3624,26.95,6.33,8.21,56.9,0.0
galkayo,20011222,6.77,47.43,6.3353,26.69,6.66,8.59,52.29,0.0
galkayo,20011223,6.77,47.43,6.6055,25.71,5.94,8.06,50.0,0.0
galkayo,20011224,6.77,47.43,6.6576,25.69,5.83,7.91,48.21,0.0
galkayo,20011225,6.77,47.43,6.541,25.88,5.62,7.59,53.73,0.0
galkayo,20011226,6.77,47.43,6.6348,25.54,5.71,7.81,49.59,0.0
galkayo,20011227,6.77,47.43,6.5153,25.61,5.79,7.83,50.91,0.0
galkayo,20011228,6.77,47.43,6.2796,26.27,6.17,7.92,56.03,0.01
galkayo,20011229,6.77,47.43,6.4918,26.78,6.06,7.93,54.67,0.0
galkayo,20011230,6.77,47.43,6.2429,26.8,6.66,8.48,57.0,0.06
galkayo,20011231,6.77,47.43,5.6957,26.55,6.53,8.23,57.22,0.0
galkayo,20020101,6.77,47.43,6.2503,26.66,6.08,7.64,60.02,0.02
galkayo,20020102,6.77,47.43,5.9426,26.94,5.95,7.37,61.18,0.03
galkayo,20020103,6.77,47.43,6.2801,27.53,6.24,7.74,58.98,0.01
galkayo,20020104,6.77,47.43,6.1411,27.21,6.98,8.71,57.98,0.02
galkayo,20020105,6.77,47.43,6.0122,26.43,6.74,8.55,55.57,0.02
galkayo,20020106,6.77,47.43,6.3706,26.03,6.54,8.34,53.85,0.0
galkayo,20020107,6.77,47.43,6.4483,25.57,5.84,7.67,50.11,0.0
galkayo,20020108,6.77,47.43,6.1421,26.06,5.11,6.8,54.48,0.0
galkayo,20020109,6.77,47.43,6.377,26.65,5.01,6.48,56.58,0.0
galkayo,20020110,6.77,47.43,6.5208,26.88,5.78,7.28,55.19,0.0
galkayo,20020111,6.77,47.43,5.899,27.48,5.54,6.86,60.88,0.05
galkayo,20020112,6.77,47.43,6.0662,27.44,5.47,6.68,63.4,0.09
galkayo,20020113,6.77,47.43,5.963,27.28,6.07,7.55,59.7,0.01
galkayo,20020114,6.77,47.43,6.475,26.75,7.1,8.99,53.35,0.0
galkayo,20020115,6.77,47.43,6.5194,26.13,6.56,8.44,52.6,0.0
galkayo,20020116,6.77,47.43,6.5244,25.93,5.89,7.82,51.74,0.03
galkayo,20020117,6.77,47.43,6.5962,26.01,6.86,8.76,51.43,0.0
galkayo,20020118,6.77,47.43,5.8594,26.02,7.0,8.97,51.47,0.0
galkayo,20020119,6.77,47.43,6.6446,24.44,7.52,9.92,40.0,0.0
galkayo,20020120,6.77,47.43,6.6943,23.59,5.95,8.24,41.6,0.0
galkayo,20020121,6.77,47.43,6.9017,23.7,4.68,7.05,37.52,0.0
galkayo,20020122,6.77,47.43,6.2887,24.68,5.41,7.45,47.48,0.0
galkayo,20020123,6.77,47.43,6.8198,24.7,6.43,8.52,48.97,0.0
galkayo,20020124,6.77,47.43,4.8931,24.91,6.26,8.24,57.06,0.0
galkayo,20020125,6.77,47.43,5.1139,25.87,6.6,8.59,50.25,0.0
galkayo,20020126,6.77,47.43,6.5251,25.37,7.63,9.75,51.41,0.0
galkayo,20020127,6.77,47.43,6.3242,24.82,6.74,8.84,50.83,0.0
galkayo,20020128,6.77,47.43,6.731,24.52,6.16,8.2,51.42,0.0
galkayo,20020129,6.77,47.43,7.0579,24.51,5.92,7.94,50.7,0.0
galkayo,20020130,6.77,47.43,6.9912,24.6,6.0,8.01,50.53,0.0
galkayo,20020131,6.77,47.43,7.0476,24.78,6.36,8.48,48.58,0.0
galkayo,20020201,6.77,47.43,7.1189,24.5,7.03,9.3,45.6,0.0
galkayo,20020202,6.77,47.43,6.9134,24.23,7.24,9.53,46.63,0.0
galkayo,20020203,6.77,47.43,7.1729,23.87,6.75,9.12,46.33,0.0
galkayo,20020204,6.77,47.43,7.0831,24.2,5.66,7.73,50.05,0.0
galkayo,20020205,6.77,47.43,7.2403,24.93,6.72,8.75,50.64,0.0
galkayo,20020206,6.77,47.43,7.1393,24.55,7.19,9.36,49.25,0.0
galkayo,20020207,6.77,47.43,7.1585,24.22,6.05,8.16,46.74,0.0
galkayo,20020208,6.77,47.43,7.213,24.06,5.89,7.91,45.69,0.0
galkayo,20020209,6.77,47.43,7.1995,24.55,5.51,7.48,46.16,0.0
galkayo,20020210,6.77,47.43,7.3613,24.59,6.69,8.75,48.53,0.0
galkayo,20020211,6.77,47.43,7.1674,24.4,6.4,8.32,50.32,0.0
galkayo,20020212,6.77,47.43,7.2379,24.56,6.09,7.88,52.45,0.0
galkayo,20020213,6.77,47.43,7.0951,25.2,5.92,7.64,55.55,0.0
galkayo,20020214,6.77,47.43,6.8563,25.63,5.44,7.01,59.13,0.01
galkayo,20020215,6.77,47.43,6.9216,26.42,5.79,7.24,57.39,0.0
galkayo,20020216,6.77,47.43,7.2209,26.31,5.86,7.43,53.55,0.0
galkayo,20020217,6.77,47.43,7.3342,26.35,6.66,8.39,52.75,0.0
galkayo,20020218,6.77,47.43,7.2826,25.3,6.29,7.97,55.01,0.0
galkayo,20020219,6.77,47.43,7.0027,25.22,5.69,7.29,57.76,0.0
galkayo,20020220,6.77,47.43,7.2804,26.25,5.02,6.46,59.39,0.0
galkayo,20020221,6.77,47.43,7.1501,27.5,6.33,7.74,57.96,0.0
galkayo,20020222,6.77,47.43,7.2794,26.34,7.48,9.3,53.93,0.0
galkayo,20020223,6.77,47.43,7.3015,25.68,6.39,8.18,54.58,0.0
galkayo,20020224,6.77,47.43,7.3838,25.98,6.2,7.93,56.45,0.0
galkayo,20020225,6.77,47.43,7.4126,26.13,5.57,7.2,52.78,0.0
galkayo,20020226,6.77,47.43,7.5509,26.31,5.34,6.82,53.26,0.0
galkayo,20020227,6.77,47.43,7.5871,26.13,5.72,7.24,53.32,0.0
galkayo,20020228,6.77,47.43,7.5454,26.3,5.27,6.75,53.97,0.0
galkayo,20020301,6.77,47.43,7.3831,27.17,5.4,6.77,54.74,0.0
galkayo,20020302,6.77,47.43,7.1208,27.17,5.15,6.39,53.99,0.37
galkayo,20020303,6.77,47.43,7.4011,27.02,5.57,6.94,51.62,0.03
galkayo,20020304,6.77,47.43,7.4762,27.59,6.77,8.29,52.43,0.02
galkayo,20020305,6.77,47.43,7.3675,27.33,6.59,8.14,51.31,0.0
galkayo,20020306,6.77,47.43,7.475,27.02,6.19,7.66,53.02,0.0
galkayo,20020307,6.77,47.43,7.5943,26.81,5.78,7.1,52.9,0.0
galkayo,20020308,6.77,47.43,7.5288,27.21,5.38,6.64,53.21,0.0
galkayo,20020309,6.77,47.43,7.2504,27.9,5.95,7.32,55.07,0.0
galkayo,20020310,6.77,47.43,7.2569,27.47,5.94,7.34,55.2,0.0
galkayo,20020311,6.77,47.43,7.405,28.16,6.89,8.48,53.77,0.0
galkayo,20020312,6.77,47.43,7.0258,28.45,7.44,9.15,54.83,0.0
galkayo,20020313,6.77,47.43,7.2154,27.87,7.64,9.35,52.75,0.0
galkayo,20020314,6.77,47.43,7.3896,27.91,7.13,8.75,52.78,0.0
galkayo,20020315,6.77,47.43,7.1126,27.94,6.79,8.17,56.37,0.0
galkayo,20020316,6.77,47.43,6.9216,28.13,5.93,7.07,56.4,0.0
galkayo,20020317,6.77,47.43,7.2478,29.02,5.63,6.77,56.12,0.0
galkayo,20020318,6.77,47.43,6.8419,29.32,5.96,7.07,58.03,0.0
galkayo,20020319,6.77,47.43,7.097,29.03,6.3,7.54,56.08,0.0
galkayo,20020320,6.77,47.43,7.5022,29.2,6.48,7.82,55.12,0.0
galkayo,20020321,6.77,47.43,7.4609,29.49,6.04,7.26,56.62,0.0
galkayo,20020322,6.77,47.43,7.6032,29.62,5.13,6.18,51.64,0.0
galkayo,20020323,6.77,47.43,7.5958,29.36,5.37,6.42,52.07,0.0
galkayo,20020324,6.77,47.43,7.6282,29.57,4.92,5.93,51.67,0.0
galkayo,20020325,6.77,47.43,7.6274,30.05,4.72,5.81,52.35,0.0
galkayo,20020326,6.77,47.43,7.5108,29.52,4.58,5.84,47.66,0.0
galkayo,20020327,6.77,47.43,7.8163,28.95,4.02,5.4,46.82,0.0
galkayo,20020328,6.77,47.43,7.6224,28.54,4.33,5.55,51.93,0.0
galkayo,20020329,6.77,47.43,6.8268,29.06,4.8,5.76,53.94,0.0
galkayo,20020330,6.77,47.43,6.5587,29.16,4.19,5.08,53.45,0.0
galkayo,20020331,6.77,47.43,5.8121,29.15,5.49,6.57,52.85,0.01
galkayo,20020401,6.77,47.43,6.7342,29.33,6.21,7.53,57.48,0.0
galkayo,20020402,6.77,47.43,6.3206,29.24,6.07,7.39,58.23,0.0
galkayo,20020403,6.77,47.43,7.6049,29.44,5.1,6.34,51.2,0.0
galkayo,20020404,6.77,47.43,7.6313,29.67,4.32,5.49,51.06,0.0
galkayo,20020405,6.77,47.43,7.4357,30.32,5.09,6.1,52.8,0.0
galkayo,20020406,6.77,47.43,7.5269,30.06,5.7,6.78,54.67,0.0
galkayo,20020407,6.77,47.43,7.5766,29.5,5.91,7.12,52.03,0.0
galkayo,20020408,6.77,47.43,7.6356,28.6,5.76,7.01,51.93,0.0
galkayo,20020409,6.77,47.43,7.5017,28.53,5.01,6.25,51.77,0.0
galkayo,20020410,6.77,47.43,7.5374,29.78,5.47,6.59,55.64,0.0
galkayo,20020411,6.77,47.43,7.3714,30.1,5.93,7.15,53.88,0.32
galkayo,20020412,6.77,47.43,7.1801,30.35,5.95,7.06,57.42,0.63
galkayo,20020413,6.77,47.43,7.3723,29.35,5.23,6.27,61.61,2.05
galkayo,20020414,6.77,47.43,5.7262,28.38,4.94,6.25,57.11,0.64
galkayo,20020415,6.77,47.43,7.4618,29.75,6.16,7.62,51.7,0.33
galkayo,20020416,6.77,47.43,6.8292,28.57,6.32,7.63,62.08,0.82
galkayo,20020417,6.77,47.43,6.3362,28.75,5.16,6.38,61.15,1.84
galkayo,20020418,6.77,47.43,7.1201,29.49,4.37,5.43,55.8,0.53
galkayo,20020419,6.77,47.43,7.1218,30.14,3.8,4.58,58.0,0.62
galkayo,20020420,6.77,47.43,6.9041,29.09,3.78,4.74,62.18,1.52
galkayo,20020421,6.77,47.43,6.8717,29.29,2.94,3.6,61.68,0.1
galkayo,20020422,6.77,47.43,6.7123,28.56,2.83,3.44,64.52,0.01
galkayo,20020423,6.77,47.43,7.085,30.51,4.66,5.9,51.92,0.01
galkayo,20020424,6.77,47.43,7.307,30.21,5.13,6.46,50.7,0.0
galkayo,20020425,6.77,47.43,7.2403,29.64,5.3,6.76,49.68,0.01
galkayo,20020426,6.77,47.43,5.875,29.54,5.49,6.83,53.09,0.01
galkayo,20020427,6.77,47.43,5.2229,29.04,6.69,8.21,59.09,0.01
galkayo,20020428,6.77,47.43,6.8182,28.51,4.94,6.03,60.61,0.01
galkayo,20020429,6.77,47.43,7.2518,30.13,2.99,4.08,50.31,0.0
galkayo,20020430,6.77,47.43,7.1155,30.35,3.86,4.94,48.56,0.0
galkayo,20020501,6.77,47.43,7.0438,29.94,3.0,4.16,52.58,1.92
galkayo,20020502,6.77,47.43,6.9497,29.2,4.32,5.69,59.63,1.94
galkayo,20020503,6.77,47.43,6.6094,29.49,3.93,5.33,58.16,1.09
galkayo,20020504,6.77,47.43,5.9376,28.17,3.54,4.4,65.2,1.61
galkayo,20020505,6.77,47.43,5.5224,25.83,3.63,5.16,72.18,2.21
galkayo,20020506,6.77,47.43,7.0795,28.89,4.44,6.38,56.08,1.12
galkayo,20020507,6.77,47.43,6.9936,29.73,4.77,6.73,54.12,0.88
galkayo,20020508,6.77,47.43,7.1465,30.39,5.92,8.17,51.16,1.38
galkayo,20020509,6.77,47.43,7.0586,30.31,6.17,8.29,52.58,0.69
galkayo,20020510,6.77,47.43,7.177,30.67,6.31,8.21,53.55,0.91
galkayo,20020511,6.77,47.43,6.9881,30.61,6.12,7.95,52.99,0.0
galkayo,20020512,6.77,47.43,7.2674,30.89,6.08,7.97,50.42,0.0
galkayo,20020513,6.77,47.43,7.1909,30.86,5.94,7.79,49.58,0.0
galkayo,20020514,6.77,47.43,7.1926,31.04,5.99,7.73,48.08,0.0
galkayo,20020515,6.77,47.43,7.2792,30.74,5.46,7.16,45.93,0.0
galkayo,20020516,6.77,47.43,7.2859,31.36,5.83,7.64,41.6,0.1
galkayo,20020517,6.77,47.43,6.7517,30.97,6.77,8.7,44.42,0.11
galkayo,20020518,6.77,47.43,7.1515,30.41,7.16,9.13,47.64,0.08
galkayo,20020519,6.77,47.43,7.2403,31.05,7.72,9.76,43.37,0.03
galkayo,20020520,6.77,47.43,6.7985,31.02,8.03,10.22,44.8,0.02
galkayo,20020521,6.77,47.43,6.8904,30.86,7.64,9.58,47.47,0.0
galkayo,20020522,6.77,47.43,6.9631,30.19,7.2,8.73,55.2,0.0
galkayo,20020523,6.77,47.43,7.091,30.71,7.27,9.05,49.34,0.0
galkayo,20020524,6.77,47.43,7.0102,30.55,6.29,7.93,48.72,0.0
galkayo,20020525,6.77,47.43,7.2454,30.15,6.03,7.51,47.52,0.0
galkayo,20020526,6.77,47.43,7.242,29.85,6.24,7.85,50.75,0.0
galkayo,20020527,6.77,47.43,7.2948,29.95,6.22,7.84,49.03,0.0
galkayo,20020528,6.77,47.43,7.3303,29.71,6.3,8.28,45.61,0.0
galkayo,20020529,6.77,47.43,7.3205,29.78,6.41,8.1,46.22,0.0
galkayo,20020530,6.77,47.43,7.2934,29.47,6.51,8.22,45.76,0.0
galkayo,20020531,6.77,47.43,7.2125,30.15,6.8,8.57,44.94,0.0
galkayo,20020601,6.77,47.43,7.1172,29.87,7.08,8.88,45.3,0.0
galkayo,20020602,6.77,47.43,7.0337,29.35,6.52,8.53,50.19,0.0
galkayo,20020603,6.77,47.43,7.1294,30.28,7.09,9.18,43.5,0.0
galkayo,20020604,6.77,47.43,7.1825,29.82,7.94,10.21,42.33,0.0
galkayo,20020605,6.77,47.43,6.4709,29.53,8.33,10.32,50.39,0.17
galkayo,20020606,6.77,47.43,5.8123,29.53,7.7,9.57,51.06,0.19
galkayo,20020607,6.77,47.43,5.1526,29.11,7.41,9.29,49.57,0.22
galkayo,20020608,6.77,47.43,6.8976,29.86,7.53,9.75,44.9,0.08
galkayo,20020609,6.77,47.43,7.0862,31.09,8.74,11.17,42.75,0.16
galkayo,20020610,6.77,47.43,6.7867,30.62,9.85,12.31,48.53,0.47
galkayo,20020611,6.77,47.43,5.5315,29.15,9.19,11.66,50.4,0.46
galkayo,20020612,6.77,47.43,5.087,28.72,9.05,11.55,49.33,0.09
galkayo,20020613,6.77,47.43,5.0333,28.87,10.01,12.62,47.58,0.02
galkayo,20020614,6.77,47.43,3.3197,28.74,10.29,12.9,50.49,0.68
galkayo,20020615,6.77,47.43,3.925,28.93,9.58,12.03,48.27,0.0
galkayo,20020616,6.77,47.43,3.8405,28.76,9.34,11.69,50.07,0.0
galkayo,20020617,6.77,47.43,3.3698,28.18,9.18,11.56,51.16,0.0
galkayo,20020618,6.77,47.43,4.9126,28.16,8.4,10.66,49.88,0.0
galkayo,20020619,6.77,47.43,6.3845,29.09,8.63,10.94,46.19,0.0
galkayo,20020620,6.77,47.43,6.0168,29.09,9.52,11.96,47.64,0.02
galkayo,20020621,6.77,47.43,5.7365,29.43,9.75,12.31,47.13,0.03
galkayo,20020622,6.77,47.43,5.7941,29.29,9.4,11.84,45.27,0.02
galkayo,20020623,6.77,47.43,4.7794,28.4,9.08,11.37,50.58,0.15
galkayo,20020624,6.77,47.43,5.6254,28.95,8.65,10.86,49.2,0.03
galkayo,20020625,6.77,47.43,5.6354,28.98,8.25,10.36,50.45,0.06
galkayo,20020626,6.77,47.43,3.7915,29.24,8.48,10.61,48.47,0.04
galkayo,20020627,6.77,47.43,5.4854,29.23,8.32,10.41,45.63,0.0
galkayo,20020628,6.77,47.43,6.587,29.24,7.83,10.0,44.97,0.0
galkayo,20020629,6.77,47.43,6.9485,29.45,8.02,9.98,48.88,0.39
galkayo,20020630,6.77,47.43,6.8071,29.69,8.21,10.46,45.62,0.0
galkayo,20020701,6.77,47.43,6.911,29.76,8.32,10.57,45.26,0.0
galkayo,20020702,6.77,47.43,6.3456,29.23,8.66,10.94,45.32,0.0
galkayo,20020703,6.77,47.43,6.048,29.14,8.76,10.89,48.6,0.0
galkayo,20020704,6.77,47.43,6.2578,28.96,8.56,10.72,48.79,0.0
galkayo,20020705,6.77,47.43,6.5825,29.13,9.01,11.24,45.17,0.0
galkayo,20020706,6.77,47.43,6.7289,28.76,9.06,11.19,49.15,0.0
galkayo,20020707,6.77,47.43,7.1074,28.48,7.42,9.6,45.9,0.0
galkayo,20020708,6.77,47.43,6.8914,29.28,7.86,10.1,43.31,0.0
galkayo,20020709,6.77,47.43,6.7798,29.48,8.9,11.11,45.67,0.0
galkayo,20020710,6.77,47.43,6.2722,28.84,8.52,10.61,51.22,0.0
galkayo,20020711,6.77,47.43,7.1482,28.7,8.19,10.26,48.25,0.0
galkayo,20020712,6.77,47.43,6.827,28.02,8.18,10.33,47.66,0.0
galkayo,20020713,6.77,47.43,6.4642,28.34,8.67,10.84,47.94,0.0
galkayo,20020714,6.77,47.43,4.771,27.99,9.2,11.35,50.53,0.0
galkayo,20020715,6.77,47.43,6.1526,27.48,8.84,11.04,46.92,0.01
galkayo,20020716,6.77,47.43,4.9392,27.89,8.43,10.45,51.08,0.11
galkayo,20020717,6.77,47.43,5.8411,28.35,7.9,9.9,49.94,0.05
galkayo,20020718,6.77,47.43,6.8842,28.84,7.89,10.02,47.54,0.0
galkayo,20020719,6.77,47.43,6.9744,29.11,8.62,10.83,45.46,0.0
galkayo,20020720,6.77,47.43,6.7735,28.15,9.23,11.37,49.77,0.0
galkayo,20020721,6.77,47.43,6.6353,28.42,8.94,11.03,49.09,0.0
galkayo,20020722,6.77,47.43,7.1472,28.11,9.31,11.58,51.0,0.0
galkayo,20020723,6.77,47.43,7.2062,27.51,9.35,11.71,46.94,0.0
galkayo,20020724,6.77,47.43,5.3902,27.32,9.41,11.6,50.74,0.01
galkayo,20020725,6.77,47.43,7.0097,27.77,8.03,10.23,46.27,0.0
galkayo,20020726,6.77,47.43,6.0269,28.57,8.65,10.65,49.94,0.0
galkayo,20020727,6.77,47.43,6.4555,28.17,8.65,10.7,48.75,0.0
galkayo,20020728,6.77,47.43,4.979,28.27,8.65,10.74,50.67,0.0
galkayo,20020729,6.77,47.43,6.354,28.78,9.0,11.12,46.49,0.0
galkayo,20020730,6.77,47.43,7.0313,28.92,8.95,11.01,46.31,0.0
galkayo,20020731,6.77,47.43,7.2252,28.45,8.25,10.48,43.1,0.0
galkayo,20020801,6.77,47.43,7.0894,28.32,8.57,10.9,43.91,0.0
galkayo,20020802,6.77,47.43,6.6574,28.15,8.98,11.43,45.75,0.0
galkayo,20020803,6.77,47.43,5.6868,27.61,9.33,11.66,50.06,0.0
galkayo,20020804,6.77,47.43,5.1254,27.97,9.45,11.62,50.36,0.08
galkayo,20020805,6.77,47.43,6.8083,28.09,8.88,11.21,46.08,0.0
galkayo,20020806,6.77,47.43,6.4786,28.49,9.84,12.28,45.83,0.01
galkayo,20020807,6.77,47.43,5.5061,27.87,10.31,12.65,50.25,0.03
galkayo,20020808,6.77,47.43,5.2229,28.07,9.51,11.82,47.53,0.0
galkayo,20020809,6.77,47.43,6.1733,28.69,9.48,11.84,43.83,0.0
galkayo,20020810,6.77,47.43,6.5352,28.19,9.3,11.64,46.27,0.0
galkayo,20020811,6.77,47.43,5.1864,28.4,9.77,11.91,51.97,0.0
galkayo,20020812,6.77,47.43,5.5567,28.91,8.82,10.93,48.1,0.01
galkayo,20020813,6.77,47.43,7.1316,29.5,8.91,11.15,42.39,0.0
galkayo,20020814,6.77,47.43,6.547,29.05,9.81,11.92,53.51,0.06
galkayo,20020815,6.77,47.43,4.7654,29.04,9.45,11.59,49.59,0.01
galkayo,20020816,6.77,47.43,6.7879,28.62,9.65,11.81,46.81,0.0
galkayo,20020817,6.77,47.43,6.6194,28.73,9.34,11.55,44.89,0.0
galkayo,20020818,6.77,47.43,6.1447,28.82,8.66,10.67,48.88,0.0
galkayo,20020819,6.77,47.43,6.4058,28.55,8.07,9.96,48.73,0.0
galkayo,20020820,6.77,47.43,7.0663,28.73,7.94,9.8,46.34,0.0
galkayo,20020821,6.77,47.43,7.2586,28.65,8.68,10.7,45.53,0.0
galkayo,20020822,6.77,47.43,6.5849,28.07,9.02,11.01,48.17,0.0
galkayo,20020823,6.77,47.43,6.7618,28.35,8.12,10.1,46.95,0.0
galkayo,20020824,6.77,47.43,7.055,28.59,7.47,9.2,48.71,0.0
galkayo,20020825,6.77,47.43,5.1871,28.24,7.13,8.65,53.64,0.0
galkayo,20020826,6.77,47.43,6.935,28.57,8.05,9.82,49.39,0.0
galkayo,20020827,6.77,47.43,6.7279,28.72,7.9,9.68,50.27,0.0
galkayo,20020828,6.77,47.43,7.3838,28.77,7.62,9.45,48.87,0.0
galkayo,20020829,6.77,47.43,7.079,28.84,7.61,9.34,49.95,0.0
galkayo,20020830,6.77,47.43,5.9947,28.55,7.94,9.63,52.09,0.0
galkayo,20020831,6.77,47.43,7.265,28.72,7.78,9.69,48.66,0.0
galkayo,20020901,6.77,47.43,7.2569,28.8,7.95,9.78,49.07,0.0
galkayo,20020902,6.77,47.43,7.0668,28.99,8.15,9.99,49.9,0.0
galkayo,20020903,6.77,47.43,7.0058,28.78,7.3,9.23,48.0,0.0
galkayo,20020904,6.77,47.43,7.5374,29.46,7.05,9.19,44.67,0.0
galkayo,20020905,6.77,47.43,7.5103,30.16,7.98,10.03,46.41,0.0
galkayo,20020906,6.77,47.43,7.4203,30.31,8.98,10.94,47.48,0.0
galkayo,20020907,6.77,47.43,6.1982,29.81,7.73,9.49,48.28,0.0
galkayo,20020908,6.77,47.43,6.6348,30.13,7.58,9.44,45.28,0.0
galkayo,20020909,6.77,47.43,7.441,30.04,6.32,7.98,45.06,0.0
galkayo,20020910,6.77,47.43,6.7531,30.5,6.87,8.38,50.05,0.0
galkayo,20020911,6.77,47.43,5.7494,30.02,6.69,8.12,53.17,0.0
galkayo,20020912,6.77,47.43,5.3897,29.21,6.14,7.64,55.17,0.0
galkayo,20020913,6.77,47.43,7.0591,29.06,7.05,8.91,51.6,0.0
galkayo,20020914,6.77,47.43,6.7243,29.15,7.49,9.22,51.68,0.0
galkayo,20020915,6.77,47.43,6.9509,28.61,7.7,9.46,47.02,0.0
galkayo,20020916,6.77,47.43,6.9528,28.43,6.91,8.59,47.03,0.0
galkayo,20020917,6.77,47.43,7.075,28.75,6.96,8.55,49.51,0.0
galkayo,20020918,6.77,47.43,7.2754,29.44,7.06,8.78,47.86,0.0
galkayo,20020919,6.77,47.43,4.8878,29.25,7.08,8.74,52.63,0.0
galkayo,20020920,6.77,47.43,5.9083,29.2,6.72,8.19,51.57,0.0
galkayo,20020921,6.77,47.43,6.2611,29.19,6.73,8.49,51.05,0.0
galkayo,20020922,6.77,47.43,7.0642,29.35,6.67,8.16,53.68,0.0
galkayo,20020923,6.77,47.43,6.7956,29.62,6.91,8.59,52.87,0.0
galkayo,20020924,6.77,47.43,5.8003,29.08,6.31,7.91,55.26,0.0
galkayo,20020925,6.77,47.43,6.4224,29.17,5.85,7.5,53.67,0.0
galkayo,20020926,6.77,47.43,7.0502,30.03,6.66,8.18,49.73,0.0
galkayo,20020927,6.77,47.43,5.0234,28.48,5.67,6.89,56.57,0.0
galkayo,20020928,6.77,47.43,7.2917,28.71,6.45,7.95,52.87,0.02
galkayo,20020929,6.77,47.43,6.4954,29.74,5.65,6.99,52.21,0.06
galkayo,20020930,6.77,47.43,5.1014,29.57,4.84,5.89,53.55,0.05
galkayo,20021001,6.77,47.43,6.0058,29.44,3.35,4.24,52.12,0.07
galkayo,20021002,6.77,47.43,5.5286,28.73,4.48,5.24,53.19,0.04
galkayo,20021003,6.77,47.43,6.1303,27.61,3.81,4.41,58.68,0.21
galkayo,20021004,6.77,47.43,5.6222,28.51,3.67,4.35,56.62,0.8
galkayo,20021005,6.77,47.43,5.5798,28.76,3.01,3.52,56.12,0.87
galkayo,20021006,6.77,47.43,6.2054,27.65,3.94,4.95,59.83,1.09
galkayo,20021007,6.77,47.43,5.7446,28.07,3.5,4.61,59.5,1.5
galkayo,20021008,6.77,47.43,6.3324,25.96,3.63,4.54,71.57,1.08
galkayo,20021009,6.77,47.43,6.666,28.56,2.96,3.88,57.51,0.59
galkayo,20021010,6.77,47.43,5.699,28.93,3.22,4.33,54.36,0.8
galkayo,20021011,6.77,47.43,6.4097,28.75,3.83,4.68,56.33,0.56
galkayo,20021012,6.77,47.43,5.1986,27.37,5.8,7.06,60.52,3.31
galkayo,20021013,6.77,47.43,6.6396,27.18,4.92,6.95,62.68,6.4
galkayo,20021014,6.77,47.43,6.5842,27.94,4.23,6.22,62.35,7.82
galkayo,20021015,6.77,47.43,6.7411,28.69,3.53,5.18,58.72,4.44
galkayo,20021016,6.77,47.43,6.8455,28.51,2.58,3.85,59.88,4.14
galkayo,20021017,6.77,47.43,4.5696,27.97,1.86,2.81,63.77,5.45
galkayo,20021018,6.77,47.43,6.7246,27.35,2.16,3.36,67.34,4.51
galkayo,20021019,6.77,47.43,5.7406,26.97,2.64,3.73,71.26,7.74
galkayo,20021020,6.77,47.43,6.1925,26.39,3.21,4.36,74.04,11.6
galkayo,20021021,6.77,47.43,5.4835,26.12,3.53,4.8,75.71,9.74
galkayo,20021022,6.77,47.43,6.4814,26.3,3.3,4.51,74.67,8.93
galkayo,20021023,6.77,47.43,6.4973,26.35,3.36,4.55,73.5,0.55
galkayo,20021024,6.77,47.43,4.415,26.78,3.11,3.88,71.87,0.55
galkayo,20021025,6.77,47.43,5.8637,24.68,3.2,4.47,78.42,0.7
galkayo,20021026,6.77,47.43,6.9458,26.75,3.23,4.64,64.47,0.07
galkayo,20021027,6.77,47.43,5.8541,25.96,4.85,6.46,71.24,0.16
galkayo,20021028,6.77,47.43,6.8986,26.46,4.48,6.03,64.65,0.07
galkayo,20021029,6.77,47.43,6.7603,26.65,3.67,5.01,63.31,0.0
galkayo,20021030,6.77,47.43,6.731,26.53,3.31,4.59,62.65,0.08
galkayo,20021031,6.77,47.43,6.7757,26.84,2.96,4.22,62.01,0.1
galkayo,20021101,6.77,47.43,6.5117,27.16,3.04,4.28,64.91,0.25
galkayo,20021102,6.77,47.43,6.2767,27.43,3.29,4.46,66.12,0.96
galkayo,20021103,6.77,47.43,6.5086,27.55,3.84,5.02,64.51,0.65
galkayo,20021104,6.77,47.43,5.101,26.05,3.52,5.19,74.91,2.74
galkayo,20021105,6.77,47.43,1.525,25.82,4.87,6.7,74.53,2.43
galkayo,20021106,6.77,47.43,5.9426,27.37,4.56,6.3,59.84,0.22
galkayo,20021107,6.77,47.43,6.8002,26.98,3.56,5.14,54.87,0.0
galkayo,20021108,6.77,47.43,6.415,27.04,3.18,4.57,59.47,0.04
galkayo,20021109,6.77,47.43,6.731,25.41,3.4,5.04,62.13,0.0
galkayo,20021110,6.77,47.43,5.6652,26.47,3.61,5.38,52.37,0.0
galkayo,20021111,6.77,47.43,6.6091,26.78,4.09,5.77,52.03,0.0
galkayo,20021112,6.77,47.43,6.6353,27.55,3.65,4.96,55.5,0.0
galkayo,20021113,6.77,47.43,6.5148,27.59,2.81,4.05,54.07,0.0
galkayo,20021114,6.77,47.43,6.4927,27.78,3.02,4.21,55.14,0.0
galkayo,20021115,6.77,47.43,6.1994,27.55,3.59,4.81,56.23,0.0
galkayo,20021116,6.77,47.43,6.743,27.44,4.69,6.46,54.06,0.0
galkayo,20021117,6.77,47.43,6.8455,27.45,5.36,7.37,49.2,0.0
galkayo,20021118,6.77,47.43,6.5714,28.19,5.06,6.76,46.59,0.0
galkayo,20021119,6.77,47.43,5.8867,28.66,5.14,6.79,50.09,0.0
galkayo,20021120,6.77,47.43,5.605,28.36,5.02,6.56,55.65,0.0
galkayo,20021121,6.77,47.43,6.2863,28.65,5.52,7.22,50.2,0.0
galkayo,20021122,6.77,47.43,6.6158,27.52,5.34,7.42,46.83,0.0
galkayo,20021123,6.77,47.43,6.6494,26.79,5.69,7.94,47.98,0.0
galkayo,20021124,6.77,47.43,6.6149,26.57,5.42,7.52,49.1,0.0
galkayo,20021125,6.77,47.43,6.6617,26.98,3.7,5.3,54.08,0.0
galkayo,20021126,6.77,47.43,6.6403,26.43,3.43,4.91,53.75,0.0
galkayo,20021127,6.77,47.43,6.5342,26.75,3.88,5.24,56.4,0.0
galkayo,20021128,6.77,47.43,6.4022,27.61,5.25,6.8,56.01,0.0
galkayo,20021129,6.77,47.43,5.8421,27.92,5.39,6.83,56.71,0.0
galkayo,20021130,6.77,47.43,6.1169,28.4,4.48,5.79,55.64,0.0
galkayo,20021201,6.77,47.43,6.3446,29.08,4.42,5.61,57.26,0.0
galkayo,20021202,6.77,47.43,5.2505,28.32,5.98,7.47,62.75,0.0
galkayo,20021203,6.77,47.43,5.5476,27.65,6.59,8.19,60.52,0.0
galkayo,20021204,6.77,47.43,6.6391,26.78,5.92,7.67,55.71,0.0
galkayo,20021205,6.77,47.43,6.6122,26.12,5.41,7.38,53.55,0.0
galkayo,20021206,6.77,47.43,6.6526,26.44,5.98,8.11,50.92,0.0
galkayo,20021207,6.77,47.43,5.892,27.22,6.28,8.07,56.0,0.0
galkayo,20021208,6.77,47.43,4.0862,27.08,7.02,8.82,59.86,0.0
galkayo,20021209,6.77,47.43,5.3789,27.31,5.67,7.25,58.61,0.0
galkayo,20021210,6.77,47.43,6.2083,27.88,5.71,7.28,55.26,0.0
galkayo,20021211,6.77,47.43,6.3782,27.87,5.12,6.69,52.95,0.0
galkayo,20021212,6.77,47.43,5.3892,27.31,5.84,7.29,63.79,0.01
galkayo,20021213,6.77,47.43,4.7549,27.47,5.67,7.15,63.59,0.04
galkayo,20021214,6.77,47.43,5.843,27.85,6.09,7.7,57.58,0.0
galkayo,20021215,6.77,47.43,6.3286,28.14,6.78,8.51,54.41,0.0
galkayo,20021216,6.77,47.43,6.276,27.38,5.53,7.26,48.21,0.0
galkayo,20021217,6.77,47.43,6.403,27.01,4.48,5.94,56.39,0.0
galkayo,20021218,6.77,47.43,6.0185,28.41,4.8,6.28,54.13,0.0
galkayo,20021219,6.77,47.43,6.2724,27.91,4.19,5.53,54.2,0.0
galkayo,20021220,6.77,47.43,6.2834,28.23,4.87,6.26,56.93,0.0
galkayo,20021221,6.77,47.43,6.3643,27.71,5.4,6.9,54.24,0.0
galkayo,20021222,6.77,47.43,6.3982,27.51,5.34,6.77,56.08,0.0
galkayo,20021223,6.77,47.43,6.3053,28.0,5.81,7.19,56.53,0.0
galkayo,20021224,6.77,47.43,6.2117,26.96,5.42,6.8,58.94,0.0
galkayo,20021225,6.77,47.43,6.3182,27.38,5.23,6.68,55.86,0.0
galkayo,20021226,6.77,47.43,6.1855,27.33,6.83,8.46,57.33,0.0
galkayo,20021227,6.77,47.43,6.45,26.81,6.95,8.88,55.7,0.0
galkayo,20021228,6.77,47.43,5.8246,26.73,6.82,8.49,59.12,0.0
galkayo,20021229,6.77,47.43,6.355,27.26,6.19,7.89,53.15,0.0
galkayo,20021230,6.77,47.43,5.567,26.41,7.68,9.68,54.44,0.0
galkayo,20021231,6.77,47.43,6.505,25.79,6.56,8.51,48.68,0.0
galkayo,20030101,6.77,47.43,6.4265,25.68,5.11,6.87,52.13,0.0
galkayo,20030102,6.77,47.43,6.517,25.71,5.71,7.87,48.41,0.0
galkayo,20030103,6.77,47.43,6.4805,24.94,5.45,7.46,49.2,0.0
galkayo,20030104,6.77,47.43,6.5542,24.94,4.94,6.9,47.96,0.0
galkayo,20030105,6.77,47.43,6.6034,25.64,6.72,8.98,50.63,0.0
galkayo,20030106,6.77,47.43,6.3276,25.3,7.52,9.95,45.58,0.0
galkayo,20030107,6.77,47.43,5.5514,25.58,6.64,8.82,48.93,0.0
galkayo,20030108,6.77,47.43,6.3173,25.85,6.16,8.07,52.75,0.0
galkayo,20030109,6.77,47.43,6.2119,25.61,5.43,7.28,52.85,0.0
galkayo,20030110,6.77,47.43,6.6396,25.45,5.51,7.52,48.78,0.0
galkayo,20030111,6.77,47.43,6.7205,24.53,6.64,9.01,46.91,0.0
galkayo,20030112,6.77,47.43,6.7488,24.66,6.91,9.37,47.26,0.0
galkayo,20030113,6.77,47.43,6.625,25.18,6.27,8.62,41.83,0.0
galkayo,20030114,6.77,47.43,6.5083,25.7,6.38,8.39,44.93,0.0
galkayo,20030115,6.77,47.43,6.3286,26.86,6.64,8.27,55.77,0.0
galkayo,20030116,6.77,47.43,5.5327,27.08,5.98,7.3,60.67,0.0
galkayo,20030117,6.77,47.43,5.7636,27.5,5.09,6.27,61.0,0.0
galkayo,20030118,6.77,47.43,5.5205,27.43,5.83,7.05,59.46,0.0
galkayo,20030119,6.77,47.43,5.4643,26.78,6.57,8.05,58.74,0.01
galkayo,20030120,6.77,47.43,6.3636,26.55,6.23,7.74,57.07,0.0
galkayo,20030121,6.77,47.43,6.3065,26.03,6.12,7.7,53.66,0.01
galkayo,20030122,6.77,47.43,6.8275,25.77,5.34,6.93,53.37,0.0
galkayo,20030123,6.77,47.43,6.6005,26.28,5.38,6.82,57.06,0.11
galkayo,20030124,6.77,47.43,6.5374,26.43,5.1,6.29,57.59,0.0
galkayo,20030125,6.77,47.43,6.7258,26.66,5.32,6.6,56.41,0.07
galkayo,20030126,6.77,47.43,6.9026,26.2,5.62,6.96,53.96,0.0
galkayo,20030127,6.77,47.43,6.9221,26.01,5.58,7.0,56.89,0.0
galkayo,20030128,6.77,47.43,6.9948,25.95,6.12,7.6,57.86,0.0
galkayo,20030129,6.77,47.43,7.0354,25.49,5.0,6.66,56.11,0.0
galkayo,20030130,6.77,47.43,7.2461,25.94,4.43,5.95,54.73,0.0
galkayo,20030131,6.77,47.43,7.1182,26.31,5.08,6.55,56.23,0.0
galkayo,20030201,6.77,47.43,7.1011,26.01,6.16,7.94,54.51,0.0
galkayo,20030202,6.77,47.43,6.973,26.05,5.95,7.71,57.33,0.0
galkayo,20030203,6.77,47.43,6.9,26.27,6.04,7.66,56.72,0.0
galkayo,20030204,6.77,47.43,7.0687,26.42,5.24,6.89,52.46,0.0
galkayo,20030205,6.77,47.43,7.0543,26.72,5.65,7.23,55.51,0.0
galkayo,20030206,6.77,47.43,6.5179,27.28,6.01,7.51,54.97,0.0
galkayo,20030207,6.77,47.43,7.1282,26.12,6.54,8.66,45.36,0.0
galkayo,20030208,6.77,47.43,7.2278,25.67,6.36,8.32,47.21,0.0
galkayo,20030209,6.77,47.43,7.2106,25.72,5.63,7.67,45.43,0.0
galkayo,20030210,6.77,47.43,7.2125,25.57,5.57,7.54,45.49,0.0
galkayo,20030211,6.77,47.43,7.4028,25.32,5.98,8.02,45.59,0.0
galkayo,20030212,6.77,47.43,6.8431,25.41,6.21,8.12,49.45,0.0
galkayo,20030213,6.77,47.43,7.225,25.93,6.44,8.28,48.5,0.0
galkayo,20030214,6.77,47.43,6.8558,26.61,5.17,6.51,57.19,0.0
galkayo,20030215,6.77,47.43,6.8657,27.44,5.93,7.22,60.39,0.0
galkayo,20030216,6.77,47.43,6.8304,27.81,5.72,7.21,57.19,0.0
galkayo,20030217,6.77,47.43,6.9672,27.81,5.71,7.08,58.53,0.0
galkayo,20030218,6.77,47.43,6.841,28.07,5.86,7.16,56.6,0.0
galkayo,20030219,6.77,47.43,7.0102,27.88,5.45,6.7,54.87,0.0
galkayo,20030220,6.77,47.43,7.3747,27.46,6.1,7.46,58.18,0.0
galkayo,20030221,6.77,47.43,7.0634,27.77,6.28,7.68,59.86,0.0
galkayo,20030222,6.77,47.43,7.2691,28.22,5.08,6.35,55.91,0.0
galkayo,20030223,6.77,47.43,7.1186,28.33,5.52,6.73,55.24,0.0
galkayo,20030224,6.77,47.43,7.315,27.96,5.3,6.46,54.42,0.0
galkayo,20030225,6.77,47.43,7.53,26.98,5.49,6.74,54.02,0.0
galkayo,20030226,6.77,47.43,7.6133,27.06,5.36,6.63,53.87,0.03
galkayo,20030227,6.77,47.43,7.596,27.7,5.2,6.48,55.13,0.03
galkayo,20030228,6.77,47.43,7.471,27.24,5.28,6.6,52.14,0.02
galkayo,20030301,6.77,47.43,7.4467,27.47,5.51,7.01,51.94,0.0
galkayo,20030302,6.77,47.43,7.4222,27.45,7.68,9.51,51.06,0.0
galkayo,20030303,6.77,47.43,7.1918,26.52,7.03,8.95,50.27,0.0
galkayo,20030304,6.77,47.43,7.223,26.98,6.98,8.7,54.92,0.0
galkayo,20030305,6.77,47.43,7.2115,27.36,6.59,8.22,50.86,0.0
galkayo,20030306,6.77,47.43,7.5209,27.15,6.54,8.08,50.96,0.0
galkayo,20030307,6.77,47.43,7.2672,26.97,6.38,7.91,53.16,0.0
galkayo,20030308,6.77,47.43,7.4926,27.24,5.46,6.9,52.23,0.0
galkayo,20030309,6.77,47.43,7.2847,27.54,6.5,7.93,55.87,0.0
galkayo,20030310,6.77,47.43,7.3582,27.48,6.27,7.7,55.77,0.0
galkayo,20030311,6.77,47.43,7.35,28.29,6.26,7.67,57.49,0.0
galkayo,20030312,6.77,47.43,7.3601,28.72,6.27,7.54,57.25,0.0
galkayo,20030313,6.77,47.43,7.2694,29.13,6.06,7.25,56.71,0.0
galkayo,20030314,6.77,47.43,6.9754,28.99,6.73,8.1,55.66,0.0
galkayo,20030315,6.77,47.43,7.4405,28.9,6.62,8.06,52.05,0.0
galkayo,20030316,6.77,47.43,7.3178,28.5,6.21,7.45,55.99,0.0
galkayo,20030317,6.77,47.43,7.2898,29.04,5.43,6.57,53.78,0.0
galkayo,20030318,6.77,47.43,7.2485,28.94,5.72,6.83,55.22,0.0
galkayo,20030319,6.77,47.43,7.452,29.16,6.11,7.31,55.95,0.0
galkayo,20030320,6.77,47.43,7.3027,29.43,5.58,6.65,56.38,0.0
galkayo,20030321,6.77,47.43,7.3193,29.39,5.71,6.89,53.03,0.0
galkayo,20030322,6.77,47.43,7.5204,28.91,6.09,7.42,52.1,0.0
galkayo,20030323,6.77,47.43,7.2473,29.03,6.74,8.11,51.99,0.0
galkayo,20030324,6.77,47.43,6.2105,29.43,6.6,7.91,59.21,0.0
galkayo,20030325,6.77,47.43,7.0882,29.5,6.89,8.29,57.7,0.0
galkayo,20030326,6.77,47.43,7.4167,29.81,6.38,7.72,53.04,0.0
galkayo,20030327,6.77,47.43,7.255,30.19,5.95,7.08,55.14,0.0
galkayo,20030328,6.77,47.43,7.4282,30.36,5.34,6.32,54.55,0.0
galkayo,20030329,6.77,47.43,7.6865,29.9,5.79,6.87,50.67,0.0
galkayo,20030330,6.77,47.43,7.6781,28.67,6.11,7.37,54.07,0.0
galkayo,20030331,6.77,47.43,7.6656,28.47,4.95,6.15,49.93,0.0
galkayo,20030401,6.77,47.43,7.6714,28.49,4.88,6.21,50.25,0.0
galkayo,20030402,6.77,47.43,7.5922,28.85,5.46,6.75,52.53,0.0
galkayo,20030403,6.77,47.43,7.7105,29.03,5.24,6.9,47.22,0.0
galkayo,20030404,6.77,47.43,7.7378,29.02,5.28,7.34,46.92,0.0
galkayo,20030405,6.77,47.43,7.6586,29.42,4.55,6.37,45.09,0.0
galkayo,20030406,6.77,47.43,7.5566,29.23,5.06,6.43,51.71,0.0
galkayo,20030407,6.77,47.43,7.464,28.76,6.6,7.99,55.57,0.17
galkayo,20030408,6.77,47.43,7.5598,28.72,5.51,6.91,49.29,0.09
galkayo,20030409,6.77,47.43,7.5775,29.11,4.51,5.75,51.03,0.0
galkayo,20030410,6.77,47.43,7.3145,30.08,5.03,6.11,51.9,0.03
galkayo,20030411,6.77,47.43,7.0085,30.74,4.96,6.01,52.65,0.09
galkayo,20030412,6.77,47.43,6.7298,30.84,5.34,6.4,52.39,0.13
galkayo,20030413,6.77,47.43,6.9379,30.12,4.66,5.76,55.57,3.81
galkayo,20030414,6.77,47.43,6.5561,29.16,4.68,5.87,63.82,6.37
galkayo,20030415,6.77,47.43,6.8532,29.02,3.87,5.0,62.86,2.82
galkayo,20030416,6.77,47.43,7.3483,29.31,4.3,5.59,57.0,0.27
galkayo,20030417,6.77,47.43,6.9857,28.82,4.75,6.01,62.94,1.1
galkayo,20030418,6.77,47.43,5.9429,27.29,3.62,4.91,69.6,0.93
galkayo,20030419,6.77,47.43,6.0122,27.37,2.83,4.08,70.41,1.73
galkayo,20030420,6.77,47.43,6.619,27.79,4.11,5.2,69.09,0.67
galkayo,20030421,6.77,47.43,6.8522,28.21,3.16,4.03,65.88,2.89
galkayo,20030422,6.77,47.43,6.7834,28.4,3.2,4.18,67.93,2.61
galkayo,20030423,6.77,47.43,7.2725,28.35,3.61,4.63,67.42,4.35
galkayo,20030424,6.77,47.43,6.6905,27.43,3.16,4.32,69.28,4.85
galkayo,20030425,6.77,47.43,7.0858,28.55,3.29,4.5,64.53,1.06
galkayo,20030426,6.77,47.43,7.1933,29.09,3.95,5.22,60.26,0.03
galkayo,20030427,6.77,47.43,6.8676,29.1,2.85,3.8,58.62,0.27
galkayo,20030428,6.77,47.43,5.8522,30.17,2.08,2.86,57.46,0.9
galkayo,20030429,6.77,47.43,3.2278,29.06,2.91,3.58,62.84,1.24
galkayo,20030430,6.77,47.43,6.7008,27.59,3.03,4.16,60.01,0.01
galkayo,20030501,6.77,47.43,7.2785,28.92,3.15,4.27,53.85,0.0
galkayo,20030502,6.77,47.43,6.4339,29.82,2.21,3.15,50.05,0.01
galkayo,20030503,6.77,47.43,6.5842,29.77,3.54,4.34,54.3,0.44
galkayo,20030504,6.77,47.43,6.9773,30.1,3.88,5.07,53.73,0.87
galkayo,20030505,6.77,47.43,6.3833,30.2,4.43,5.99,53.38,0.79
galkayo,20030506,6.77,47.43,6.1529,29.4,4.11,5.57,58.51,0.68
galkayo,20030507,6.77,47.43,5.9376,29.11,4.12,5.52,59.1,0.68
galkayo,20030508,6.77,47.43,5.3846,28.47,4.39,5.9,63.34,1.5
galkayo,20030509,6.77,47.43,7.0099,28.42,3.84,5.36,63.26,1.29
galkayo,20030510,6.77,47.43,6.4997,27.48,2.7,3.7,65.05,1.74
galkayo,20030511,6.77,47.43,7.1302,28.04,2.98,4.46,65.46,2.94
galkayo,20030512,6.77,47.43,7.1198,28.42,3.52,5.24,66.08,5.08
galkayo,20030513,6.77,47.43,7.2394,28.7,4.64,6.47,63.47,4.88
galkayo,20030514,6.77,47.43,7.0212,28.92,4.1,5.83,61.96,2.1
galkayo,20030515,6.77,47.43,6.7373,28.44,4.52,6.73,62.63,5.8
galkayo,20030516,6.77,47.43,6.8875,28.75,5.18,7.71,60.76,0.0
galkayo,20030517,6.77,47.43,7.0006,28.54,5.95,8.28,60.9,0.0
galkayo,20030518,6.77,47.43,7.1729,28.52,5.56,7.93,62.1,0.0
galkayo,20030519,6.77,47.43,7.1431,29.9,5.62,7.72,57.36,0.0
galkayo,20030520,6.77,47.43,7.1513,30.35,5.72,7.66,56.27,0.0
galkayo,20030521,6.77,47.43,6.9125,29.07,4.9,6.81,62.28,0.99
galkayo,20030522,6.77,47.43,5.9506,28.15,5.02,6.96,66.68,0.92
galkayo,20030523,6.77,47.43,6.773,28.71,5.4,7.49,60.87,0.63
galkayo,20030524,6.77,47.43,6.9132,28.51,4.2,6.02,65.35,1.54
galkayo,20030525,6.77,47.43,4.5432,27.75,3.16,4.6,69.39,1.17
galkayo,20030526,6.77,47.43,6.6343,27.27,3.09,4.72,70.48,1.34
galkayo,20030527,6.77,47.43,6.8484,27.65,3.23,4.77,65.25,1.16
galkayo,20030528,6.77,47.43,7.1813,29.72,3.97,5.54,52.79,0.31
galkayo,20030529,6.77,47.43,6.3754,29.15,5.2,6.77,60.25,2.34
galkayo,20030530,6.77,47.43,5.6369,28.24,5.9,7.55,66.32,1.41
galkayo,20030531,6.77,47.43,6.7728,29.19,5.21,7.0,59.85,0.53
galkayo,20030601,6.77,47.43,7.0159,29.39,5.61,7.76,55.39,0.64
galkayo,20030602,6.77,47.43,6.7339,29.84,6.74,8.82,54.96,0.52
galkayo,20030603,6.77,47.43,6.8131,29.42,6.62,8.7,55.82,0.55
galkayo,20030604,6.77,47.43,6.931,29.52,6.79,8.84,56.48,0.53
galkayo,20030605,6.77,47.43,6.7697,28.99,7.03,9.05,57.12,0.0
galkayo,20030606,6.77,47.43,6.893,29.79,8.13,10.3,50.84,0.0
galkayo,20030607,6.77,47.43,6.7663,28.55,7.64,9.65,56.79,0.0
galkayo,20030608,6.77,47.43,6.8335,29.5,7.47,9.6,46.34,0.0
galkayo,20030609,6.77,47.43,6.2362,29.51,8.06,10.18,51.93,0.0
galkayo,20030610,6.77,47.43,6.468,29.2,8.72,11.06,49.52,0.0
galkayo,20030611,6.77,47.43,6.4171,28.96,8.4,10.79,41.88,0.0
galkayo,20030612,6.77,47.43,6.3482,28.47,9.16,11.63,49.28,0.0
galkayo,20030613,6.77,47.43,5.8466,29.08,9.0,11.25,50.37,0.0
galkayo,20030614,6.77,47.43,6.3554,28.46,8.37,10.56,52.88,0.0
galkayo,20030615,6.77,47.43,5.2963,28.54,8.99,11.19,54.7,0.0
galkayo,20030616,6.77,47.43,6.3898,28.96,9.32,11.68,50.7,0.0
galkayo,20030617,6.77,47.43,6.774,29.43,9.23,11.65,45.64,0.0
galkayo,20030618,6.77,47.43,6.7495,29.11,9.02,11.4,49.57,0.0
galkayo,20030619,6.77,47.43,6.3468,29.14,8.96,11.24,52.0,0.0
galkayo,20030620,6.77,47.43,6.4142,29.74,9.12,11.43,47.39,0.0
galkayo,20030621,6.77,47.43,6.8575,29.73,8.92,11.31,44.35,0.0
galkayo,20030622,6.77,47.43,6.8918,30.09,8.69,11.14,42.74,0.0
galkayo,20030623,6.77,47.43,6.5438,29.4,8.97,11.18,52.77,0.0
galkayo,20030624,6.77,47.43,6.5455,29.49,9.32,11.67,47.25,0.0
galkayo,20030625,6.77,47.43,6.3427,28.57,8.75,11.14,47.4,0.82
galkayo,20030626,6.77,47.43,6.769,28.5,8.62,10.97,45.77,0.11
galkayo,20030627,6.77,47.43,6.5268,28.65,8.18,10.47,45.12,0.19
galkayo,20030628,6.77,47.43,6.1126,27.39,8.14,10.55,52.31,1.39
galkayo,20030629,6.77,47.43,6.3598,28.62,9.07,11.52,46.89,0.04
galkayo,20030630,6.77,47.43,6.5556,28.4,8.87,11.56,44.49,0.0
galkayo,20030701,6.77,47.43,6.7423,28.45,8.63,11.16,43.82,0.0
galkayo,20030702,6.77,47.43,6.8328,28.48,8.43,10.87,42.67,0.04
galkayo,20030703,6.77,47.43,6.99,28.47,8.31,10.79,39.04,0.0
galkayo,20030704,6.77,47.43,6.871,28.6,8.48,11.03,42.51,0.06
galkayo,20030705,6.77,47.43,6.8671,28.51,9.13,11.62,43.69,0.0
galkayo,20030706,6.77,47.43,5.0693,28.24,9.99,12.48,49.98,0.01
galkayo,20030707,6.77,47.43,3.1762,27.24,10.19,12.76,52.1,0.06
galkayo,20030708,6.77,47.43,3.961,28.31,10.51,13.23,47.77,0.0
galkayo,20030709,6.77,47.43,6.0559,28.89,10.7,13.42,48.25,0.12
galkayo,20030710,6.77,47.43,4.9994,28.31,10.32,12.78,53.9,0.08
galkayo,20030711,6.77,47.43,5.3222,28.01,10.39,12.99,51.94,0.02
galkayo,20030712,6.77,47.43,6.5352,29.28,10.84,13.64,45.58,0.0
galkayo,20030713,6.77,47.43,6.6242,29.29,11.3,14.13,47.15,0.02
galkayo,20030714,6.77,47.43,5.9266,27.37,10.31,13.08,50.84,0.0
galkayo,20030715,6.77,47.43,5.7278,28.15,10.48,13.03,49.86,0.0
galkayo,20030716,6.77,47.43,6.2441,28.1,9.83,12.3,46.58,0.0
galkayo,20030717,6.77,47.43,6.6797,28.39,10.25,12.81,44.39,0.0
galkayo,20030718,6.77,47.43,6.2381,28.71,10.22,12.78,44.42,0.0
galkayo,20030719,6.77,47.43,6.4529,29.22,9.15,11.61,45.43,0.0
galkayo,20030720,6.77,47.43,6.864,30.0,9.49,12.12,41.35,0.0
galkayo,20030721,6.77,47.43,6.7987,29.51,10.48,13.13,44.78,0.0
galkayo,20030722,6.77,47.43,6.5606,29.35,9.5,11.97,43.69,0.0
galkayo,20030723,6.77,47.43,6.7702,29.15,9.94,12.59,41.5,0.0
galkayo,20030724,6.77,47.43,4.9128,28.86,11.28,14.04,45.34,0.0
galkayo,20030725,6.77,47.43,6.3967,28.42,10.35,12.89,44.73,0.0
galkayo,20030726,6.77,47.43,5.9813,28.42,10.2,12.61,48.46,0.0
galkayo,20030727,6.77,47.43,5.6719,28.7,9.5,11.8,46.93,0.0
galkayo,20030728,6.77,47.43,6.8614,28.7,9.08,11.35,46.04,0.0
galkayo,20030729,6.77,47.43,4.7194,28.63,9.5,11.88,48.47,0.0
galkayo,20030730,6.77,47.43,6.8071,28.43,10.01,12.34,48.23,1.58
galkayo,20030731,6.77,47.43,4.5893,28.21,8.4,10.53,49.09,0.37
galkayo,20030801,6.77,47.43,7.031,27.97,8.67,11.0,44.63,0.37
galkayo,20030802,6.77,47.43,6.5083,27.77,9.96,12.24,47.94,2.24
galkayo,20030803,6.77,47.43,4.2096,26.55,9.67,11.96,54.43,0.8
galkayo,20030804,6.77,47.43,6.2688,26.68,8.82,10.98,52.96,0.0
galkayo,20030805,6.77,47.43,6.5333,26.81,8.24,10.26,53.08,0.0
galkayo,20030806,6.77,47.43,6.9307,27.05,8.74,10.88,49.29,0.0
galkayo,20030807,6.77,47.43,7.2991,27.08,8.63,11.03,46.23,0.0
galkayo,20030808,6.77,47.43,7.3867,27.95,9.41,11.68,46.77,0.0
galkayo,20030809,6.77,47.43,7.2218,27.85,9.4,11.55,50.02,0.6
galkayo,20030810,6.77,47.43,6.978,27.54,8.59,10.65,50.99,0.12
galkayo,20030811,6.77,47.43,7.2994,28.03,8.11,10.07,48.03,0.04
galkayo,20030812,6.77,47.43,6.7157,27.9,7.88,9.75,51.5,0.59
galkayo,20030813,6.77,47.43,7.1753,28.42,8.47,10.55,49.19,0.13
galkayo,20030814,6.77,47.43,7.0531,28.04,8.58,10.6,48.83,0.76
galkayo,20030815,6.77,47.43,6.9367,27.7,8.66,10.64,54.79,7.74
galkayo,20030816,6.77,47.43,6.5021,25.93,7.48,9.88,66.05,34.0
galkayo,20030817,6.77,47.43,7.1131,25.4,6.66,9.04,66.3,8.42
galkayo,20030818,6.77,47.43,6.823,25.9,7.36,9.56,65.02,0.26
galkayo,20030819,6.77,47.43,7.0862,26.31,7.27,9.71,62.2,0.43
galkayo,20030820,6.77,47.43,7.3118,26.76,7.55,9.95,61.22,1.02
galkayo,20030821,6.77,47.43,6.51,26.63,8.49,10.96,60.31,0.45
galkayo,20030822,6.77,47.43,6.4224,26.47,8.36,10.74,58.88,0.05
galkayo,20030823,6.77,47.43,6.9473,26.5,8.18,10.6,57.49,0.19
galkayo,20030824,6.77,47.43,7.3541,25.87,8.93,11.55,52.49,0.0
galkayo,20030825,6.77,47.43,7.1215,26.81,8.04,10.42,54.66,0.0
galkayo,20030826,6.77,47.43,7.1652,27.19,7.57,9.89,54.65,0.0
galkayo,20030827,6.77,47.43,7.1758,27.71,8.07,10.39,54.1,0.0
galkayo,20030828,6.77,47.43,7.2048,27.23,7.86,10.34,53.27,0.0
galkayo,20030829,6.77,47.43,7.0992,26.62,7.78,10.14,53.15,0.0
galkayo,20030830,6.77,47.43,7.2516,26.74,7.83,10.28,49.78,0.0
galkayo,20030831,6.77,47.43,7.1184,27.7,8.49,10.63,55.43,0.0
galkayo,20030901,6.77,47.43,6.4766,27.54,8.26,10.3,55.52,0.0
galkayo,20030902,6.77,47.43,7.0865,27.5,8.29,10.35,53.06,0.0
galkayo,20030903,6.77,47.43,6.9451,25.87,7.76,10.03,62.77,10.69
galkayo,20030904,6.77,47.43,7.1998,26.11,7.55,10.0,55.72,0.06
galkayo,20030905,6.77,47.43,7.2562,26.5,8.43,10.62,61.21,1.92
galkayo,20030906,6.77,47.43,7.1311,26.13,7.54,9.71,62.95,4.76
galkayo,20030907,6.77,47.43,7.0253,25.5,6.86,9.09,63.28,6.65
galkayo,20030908,6.77,47.43,7.0582,25.94,5.88,7.9,62.0,0.32
galkayo,20030909,6.77,47.43,7.2619,27.24,5.84,7.79,59.48,0.25
galkayo,20030910,6.77,47.43,7.3217,27.42,6.44,8.42,61.4,1.11
galkayo,20030911,6.77,47.43,7.4998,27.74,6.43,8.78,56.57,0.01
galkayo,20030912,6.77,47.43,7.476,27.93,6.68,9.15,54.54,0.36
galkayo,20030913,6.77,47.43,7.3687,27.8,7.07,9.63,53.45,0.03
galkayo,20030914,6.77,47.43,7.2346,28.3,6.55,8.62,58.88,2.69
galkayo,20030915,6.77,47.43,6.1466,28.1,6.52,8.77,52.82,1.08
galkayo,20030916,6.77,47.43,6.2482,28.41,6.35,8.42,53.89,0.46
galkayo,20030917,6.77,47.43,6.637,28.47,6.52,8.49,53.86,0.57
galkayo,20030918,6.77,47.43,6.9598,28.46,6.49,8.22,55.5,0.28
galkayo,20030919,6.77,47.43,7.2929,28.14,6.29,7.96,54.74,0.07
galkayo,20030920,6.77,47.43,7.3591,28.27,6.15,7.65,55.68,0.02
galkayo,20030921,6.77,47.43,7.2866,28.41,6.14,7.6,56.62,0.01
galkayo,20030922,6.77,47.43,7.1849,28.64,6.23,7.65,57.64,0.05
galkayo,20030923,6.77,47.43,7.2437,28.74,6.23,7.69,55.61,0.11
galkayo,20030924,6.77,47.43,7.133,29.01,6.0,7.46,54.86,0.31
galkayo,20030925,6.77,47.43,7.0332,29.14,6.01,7.36,55.64,0.18
galkayo,20030926,6.77,47.43,6.8647,27.89,5.86,7.39,57.23,0.18
galkayo,20030927,6.77,47.43,7.1302,28.58,6.43,8.01,52.26,0.1
galkayo,20030928,6.77,47.43,7.0409,28.77,7.08,8.91,49.21,0.0
galkayo,20030929,6.77,47.43,7.1009,29.1,7.27,9.23,49.69,0.0
galkayo,20030930,6.77,47.43,7.1974,28.97,6.63,8.53,48.78,0.0
galkayo,20031001,6.77,47.43,7.1345,28.93,5.57,7.0,50.55,0.0
galkayo,20031002,6.77,47.43,7.0908,29.31,6.15,7.74,48.72,0.0
galkayo,20031003,6.77,47.43,5.7485,26.84,5.53,6.7,63.62,0.0
galkayo,20031004,6.77,47.43,5.1134,27.89,4.91,5.84,60.4,0.0
galkayo,20031005,6.77,47.43,5.0162,27.88,4.47,5.21,60.87,0.0
galkayo,20031006,6.77,47.43,6.8794,29.04,3.8,4.68,55.12,0.0
galkayo,20031007,6.77,47.43,7.0291,30.17,3.28,4.03,49.09,0.0
galkayo,20031008,6.77,47.43,6.7205,30.64,4.29,5.3,48.43,0.01
galkayo,20031009,6.77,47.43,5.6717,30.27,4.62,5.62,50.13,0.01
galkayo,20031010,6.77,47.43,5.5711,28.95,5.3,6.12,57.25,0.01
galkayo,20031011,6.77,47.43,4.8689,28.64,5.15,6.12,57.09,0.01
galkayo,20031012,6.77,47.43,6.1488,28.9,4.23,4.93,57.22,0.04
galkayo,20031013,6.77,47.43,5.5253,29.32,4.6,5.57,55.17,0.0
galkayo,20031014,6.77,47.43,5.4691,28.5,4.76,5.52,58.58,0.0
galkayo,20031015,6.77,47.43,5.8342,28.46,4.37,5.09,57.72,0.0
galkayo,20031016,6.77,47.43,7.085,28.55,5.39,6.4,54.91,0.0
galkayo,20031017,6.77,47.43,6.8299,28.32,4.9,5.89,55.82,0.0
galkayo,20031018,6.77,47.43,5.9779,28.45,4.51,5.42,56.14,0.0
galkayo,20031019,6.77,47.43,6.6458,28.47,4.5,5.3,57.43,0.01
galkayo,20031020,6.77,47.43,6.1824,28.28,4.46,5.25,56.84,0.0
galkayo,20031021,6.77,47.43,7.0627,28.72,3.03,3.95,51.13,0.01
galkayo,20031022,6.77,47.43,7.0567,28.18,2.82,3.85,49.45,0.02
galkayo,20031023,6.77,47.43,6.899,28.72,3.48,4.57,52.19,0.0
galkayo,20031024,6.77,47.43,7.141,28.16,3.85,5.25,46.79,0.0
galkayo,20031025,6.77,47.43,7.1268,27.42,3.04,4.51,48.91,0.0
galkayo,20031026,6.77,47.43,7.0745,27.27,3.03,4.23,50.57,0.0
galkayo,20031027,6.77,47.43,7.0488,27.43,3.62,4.9,51.57,0.0
galkayo,20031028,6.77,47.43,7.0068,27.64,4.42,5.76,52.5,0.0
galkayo,20031029,6.77,47.43,6.8179,27.63,5.04,6.47,52.96,0.0
galkayo,20031030,6.77,47.43,6.7478,28.35,5.05,6.5,53.29,0.01
galkayo,20031031,6.77,47.43,6.6938,28.21,5.17,6.45,53.33,0.04
galkayo,20031101,6.77,47.43,6.792,27.88,4.55,6.05,49.21,0.0
galkayo,20031102,6.77,47.43,6.6922,27.38,4.45,5.88,53.5,0.0
galkayo,20031103,6.77,47.43,6.4726,28.25,5.77,7.05,58.15,1.03
galkayo,20031104,6.77,47.43,6.5794,28.48,6.47,7.93,56.81,0.17
galkayo,20031105,6.77,47.43,6.5098,28.48,6.06,7.59,55.73,0.63
galkayo,20031106,6.77,47.43,6.0886,28.6,5.93,7.37,55.35,0.63
galkayo,20031107,6.77,47.43,6.7757,28.09,4.56,6.2,47.63,0.04
galkayo,20031108,6.77,47.43,6.918,28.2,3.8,5.01,53.12,0.0
galkayo,20031109,6.77,47.43,6.8184,27.69,3.58,4.9,49.05,0.0
galkayo,20031110,6.77,47.43,6.7637,27.38,4.12,5.5,55.65,0.0
galkayo,20031111,6.77,47.43,6.7231,27.67,4.02,5.42,53.81,0.0
galkayo,20031112,6.77,47.43,6.4476,27.71,4.0,5.39,55.66,0.0
galkayo,20031113,6.77,47.43,4.2794,28.13,2.79,3.58,57.64,0.01
galkayo,20031114,6.77,47.43,5.6321,28.4,3.79,4.81,53.71,0.0
galkayo,20031115,6.77,47.43,5.2262,27.63,3.16,4.36,48.75,0.0
galkayo,20031116,6.77,47.43,4.4546,29.17,4.87,6.32,47.79,0.0
galkayo,20031117,6.77,47.43,6.0358,28.93,6.65,8.4,54.46,2.01
galkayo,20031118,6.77,47.43,6.4978,27.98,6.61,8.29,48.98,0.03
galkayo,20031119,6.77,47.43,6.6698,27.11,5.94,7.66,49.82,0.0
galkayo,20031120,6.77,47.43,6.6151,27.02,5.67,7.55,54.59,0.02
galkayo,20031121,6.77,47.43,6.4423,28.21,5.69,7.58,52.0,1.15
galkayo,20031122,6.77,47.43,5.5356,28.53,6.27,7.87,56.63,0.0
galkayo,20031123,6.77,47.43,5.5435,27.79,6.29,7.79,59.21,0.0
galkayo,20031124,6.77,47.43,5.3486,27.8,7.21,9.2,46.99,0.0
galkayo,20031125,6.77,47.43,5.0129,27.64,6.43,8.03,57.82,0.0
galkayo,20031126,6.77,47.43,6.1829,28.33,5.14,6.44,58.62,0.0
galkayo,20031127,6.77,47.43,6.1711,28.66,5.54,6.92,59.65,0.07
galkayo,20031128,6.77,47.43,5.6849,28.06,6.17,7.67,63.15,0.06
galkayo,20031129,6.77,47.43,4.7796,28.14,5.67,7.02,57.78,0.03
galkayo,20031130,6.77,47.43,6.1015,28.28,5.69,7.06,57.62,0.0
galkayo,20031201,6.77,47.43,6.1534,28.23,5.83,7.24,58.35,0.0
galkayo,20031202,6.77,47.43,6.3751,27.83,5.11,6.5,56.78,0.05
galkayo,20031203,6.77,47.43,6.4702,28.08,4.22,5.41,60.64,1.65
galkayo,20031204,6.77,47.43,3.8705,27.43,4.05,5.29,71.35,8.87
galkayo,20031205,6.77,47.43,5.1514,25.99,3.69,5.08,79.31,15.58
galkayo,20031206,6.77,47.43,3.2813,25.91,3.8,5.43,75.16,8.85
galkayo,20031207,6.77,47.43,5.7977,25.56,4.29,5.74,77.43,5.01
galkayo,20031208,6.77,47.43,6.3168,24.99,5.57,7.66,63.55,0.01
galkayo,20031209,6.77,47.43,6.0622,25.69,6.37,8.49,66.36,1.4
galkayo,20031210,6.77,47.43,5.5171,25.31,6.16,8.37,60.06,0.0
galkayo,20031211,6.77,47.43,6.647,23.81,5.71,8.1,58.27,0.0
galkayo,20031212,6.77,47.43,6.703,23.86,5.79,8.22,61.2,0.0
galkayo,20031213,6.77,47.43,6.385,24.08,6.35,8.83,61.6,0.0
galkayo,20031214,6.77,47.43,6.4711,23.87,6.49,9.08,57.94,0.0
galkayo,20031215,6.77,47.43,6.5292,23.78,6.16,8.74,57.95,0.0
galkayo,20031216,6.77,47.43,6.0905,24.61,5.37,7.4,60.87,0.0
galkayo,20031217,6.77,47.43,6.4469,24.55,4.9,6.83,60.82,0.0
galkayo,20031218,6.77,47.43,6.4747,24.44,4.71,6.47,63.53,0.0
galkayo,20031219,6.77,47.43,6.5009,25.03,4.78,6.62,61.83,0.0
galkayo,20031220,6.77,47.43,6.4423,25.36,5.11,6.94,61.19,0.0
galkayo,20031221,6.77,47.43,6.5645,25.65,5.43,7.29,57.23,0.0
galkayo,20031222,6.77,47.43,6.5683,24.95,6.18,8.27,55.87,0.0
galkayo,20031223,6.77,47.43,6.5894,24.38,5.99,8.23,53.59,0.0
galkayo,20031224,6.77,47.43,6.7054,24.01,5.97,8.27,52.78,0.0
galkayo,20031225,6.77,47.43,6.6569,24.19,5.88,8.3,51.34,0.0
galkayo,20031226,6.77,47.43,6.5959,24.27,5.83,8.32,49.46,0.0
galkayo,20031227,6.77,47.43,6.5688,24.22,6.19,8.5,51.0,0.0
galkayo,20031228,6.77,47.43,6.4358,24.24,5.9,8.07,56.65,0.0
galkayo,20031229,6.77,47.43,5.5548,25.55,6.32,8.27,59.43,0.16
galkayo,20031230,6.77,47.43,6.1238,26.37,6.43,8.33,56.34,0.0
galkayo,20031231,6.77,47.43,6.3067,26.09,6.23,8.07,54.5,0.01
galkayo,20040101,6.77,47.43,4.9454,26.48,6.42,8.07,55.93,0.0
galkayo,20040102,6.77,47.43,6.4673,25.8,5.6,7.46,50.18,0.0
galkayo,20040103,6.77,47.43,6.5374,25.43,5.4,7.06,56.1,0.0
galkayo,20040104,6.77,47.43,6.527,26.32,5.26,6.9,57.5,0.0
galkayo,20040105,6.77,47.43,6.5371,26.23,4.86,6.43,57.74,0.0
galkayo,20040106,6.77,47.43,6.6898,24.99,5.26,7.04,54.88,0.0
galkayo,20040107,6.77,47.43,6.6125,24.88,5.32,7.08,57.54,0.0
galkayo,20040108,6.77,47.43,6.6286,25.33,5.51,7.24,57.93,0.0
galkayo,20040109,6.77,47.43,6.6696,25.37,6.11,7.88,57.72,0.0
galkayo,20040110,6.77,47.43,6.5366,26.09,6.06,7.67,61.22,0.0
galkayo,20040111,6.77,47.43,5.4979,26.71,6.42,8.0,62.64,0.0
galkayo,20040112,6.77,47.43,6.4673,26.62,5.76,7.19,55.46,0.0
galkayo,20040113,6.77,47.43,6.487,26.21,5.0,6.28,57.11,0.0
galkayo,20040114,6.77,47.43,6.4807,27.02,4.5,5.69,57.86,0.0
galkayo,20040115,6.77,47.43,5.7384,28.03,5.02,6.27,56.44,0.0
galkayo,20040116,6.77,47.43,4.632,27.91,6.34,7.9,56.85,0.46
galkayo,20040117,6.77,47.43,6.4997,26.74,6.61,8.2,57.93,0.17
galkayo,20040118,6.77,47.43,5.9957,26.31,5.78,7.17,60.97,0.35
galkayo,20040119,6.77,47.43,6.1786,26.7,5.15,6.42,61.64,0.22
galkayo,20040120,6.77,47.43,5.7972,27.0,5.83,7.06,61.33,0.08
galkayo,20040121,6.77,47.43,5.2296,27.5,6.54,7.95,61.03,0.01
galkayo,20040122,6.77,47.43,5.9328,27.03,6.79,8.27,59.02,0.02
galkayo,20040123,6.77,47.43,6.4742,27.0,5.91,7.3,55.13,0.0
galkayo,20040124,6.77,47.43,6.5146,27.23,6.17,7.5,56.2,0.0
galkayo,20040125,6.77,47.43,6.2532,27.19,5.98,7.28,57.82,0.0
galkayo,20040126,6.77,47.43,6.8974,26.48,5.98,7.55,54.79,0.0
galkayo,20040127,6.77,47.43,6.9924,26.45,5.33,6.68,57.03,0.0
galkayo,20040128,6.77,47.43,6.8256,26.53,5.76,7.27,58.08,0.0
galkayo,20040129,6.77,47.43,6.9521,26.75,6.83,8.45,56.29,0.0
galkayo,20040130,6.77,47.43,6.7505,26.67,6.42,8.02,55.36,0.0
galkayo,20040131,6.77,47.43,6.421,27.4,6.6,8.2,54.57,0.0
galkayo,20040201,6.77,47.43,6.5918,27.06,6.62,8.36,51.89,0.0
galkayo,20040202,6.77,47.43,6.7985,26.45,6.31,8.08,50.81,0.01
galkayo,20040203,6.77,47.43,6.9931,25.76,6.2,8.06,45.8,0.0
galkayo,20040204,6.77,47.43,7.1803,25.65,5.91,7.88,47.57,0.0
galkayo,20040205,6.77,47.43,7.1393,26.16,6.29,8.22,50.78,0.0
galkayo,20040206,6.77,47.43,6.8014,27.05,6.26,7.85,55.7,0.0
galkayo,20040207,6.77,47.43,6.8294,27.6,6.75,8.2,59.69,0.02
galkayo,20040208,6.77,47.43,6.5246,28.08,7.2,8.91,55.24,0.01
galkayo,20040209,6.77,47.43,6.8755,27.07,7.71,9.66,48.22,0.0
galkayo,20040210,6.77,47.43,7.0603,25.4,7.14,9.16,47.4,0.0
galkayo,20040211,6.77,47.43,7.1825,25.24,6.42,8.32,50.13,0.0
galkayo,20040212,6.77,47.43,7.2686,25.8,5.96,7.79,51.82,0.0
galkayo,20040213,6.77,47.43,7.0946,26.27,4.48,5.91,53.55,0.0
galkayo,20040214,6.77,47.43,7.2086,26.58,4.8,6.14,53.44,0.0
galkayo,20040215,6.77,47.43,7.1647,26.71,5.07,6.39,51.49,0.0
galkayo,20040216,6.77,47.43,7.1705,26.45,4.76,6.09,52.37,0.0
galkayo,20040217,6.77,47.43,7.1897,26.55,5.27,7.03,47.15,0.0
galkayo,20040218,6.77,47.43,7.3447,25.97,5.06,6.82,50.73,0.0
galkayo,20040219,6.77,47.43,7.4347,25.92,5.84,7.55,52.33,0.0
galkayo,20040220,6.77,47.43,7.5209,26.02,5.62,7.41,49.53,0.0
galkayo,20040221,6.77,47.43,7.3632,26.22,5.92,7.59,52.1,0.0
galkayo,20040222,6.77,47.43,7.2806,26.28,6.01,7.65,51.84,0.0
galkayo,20040223,6.77,47.43,7.4465,25.8,6.33,7.95,52.31,0.0
galkayo,20040224,6.77,47.43,7.2454,26.3,5.71,7.38,52.1,0.0
galkayo,20040225,6.77,47.43,7.2173,27.13,5.57,7.29,48.58,0.0
galkayo,20040226,6.77,47.43,7.3351,27.13,5.52,7.36,46.46,0.0
galkayo,20040227,6.77,47.43,7.3255,26.66,6.1,7.89,46.55,0.0
galkayo,20040228,6.77,47.43,7.1225,26.29,6.32,8.03,49.7,0.0
galkayo,20040229,6.77,47.43,7.3939,26.15,6.98,8.72,52.35,0.0
galkayo,20040301,6.77,47.43,7.4066,26.52,6.17,7.97,48.12,0.0
galkayo,20040302,6.77,47.43,7.5938,26.1,6.11,8.12,43.01,0.0
galkayo,20040303,6.77,47.43,7.8598,25.55,5.52,7.71,39.48,0.0
galkayo,20040304,6.77,47.43,7.9524,25.34,5.56,7.79,38.63,0.0
galkayo,20040305,6.77,47.43,7.9258,25.54,5.87,7.9,45.06,0.0
galkayo,20040306,6.77,47.43,7.5917,25.99,6.04,7.88,48.74,0.0
galkayo,20040307,6.77,47.43,7.3586,26.64,6.58,8.23,54.7,0.0
galkayo,20040308,6.77,47.43,7.2955,27.55,6.86,8.38,58.37,0.0
galkayo,20040309,6.77,47.43,6.8762,28.7,6.93,8.37,57.19,0.0
galkayo,20040310,6.77,47.43,7.277,28.44,6.31,7.71,53.3,0.0
galkayo,20040311,6.77,47.43,7.4035,26.89,5.73,7.23,49.65,0.0
galkayo,20040312,6.77,47.43,7.5806,26.84,5.34,6.6,54.95,0.0
galkayo,20040313,6.77,47.43,7.3414,27.69,5.67,6.98,56.41,0.0
galkayo,20040314,6.77,47.43,7.5046,28.25,4.6,5.93,53.67,0.0
galkayo,20040315,6.77,47.43,7.3303,29.15,4.41,5.61,53.06,0.0
galkayo,20040316,6.77,47.43,6.6982,29.4,4.81,5.75,54.88,0.0
galkayo,20040317,6.77,47.43,7.4398,29.03,4.96,6.07,50.99,0.0
galkayo,20040318,6.77,47.43,7.4558,28.04,6.12,7.45,53.97,0.0
galkayo,20040319,6.77,47.43,7.3786,28.1,6.23,7.53,56.11,0.0
galkayo,20040320,6.77,47.43,7.1875,28.82,5.8,6.93,56.06,0.0
galkayo,20040321,6.77,47.43,7.4983,28.95,5.23,6.47,52.63,0.0
galkayo,20040322,6.77,47.43,7.4794,28.39,5.41,6.97,47.48,0.0
galkayo,20040323,6.77,47.43,7.6202,27.6,5.41,7.18,46.77,0.0
galkayo,20040324,6.77,47.43,7.7455,27.22,4.88,6.81,45.69,0.0
galkayo,20040325,6.77,47.43,7.8007,27.08,4.6,6.38,41.05,0.0
galkayo,20040326,6.77,47.43,7.7011,27.74,4.89,6.35,51.21,0.0
galkayo,20040327,6.77,47.43,7.4746,27.84,6.56,7.96,54.96,0.0
galkayo,20040328,6.77,47.43,7.3066,27.54,6.65,8.07,53.62,0.0
galkayo,20040329,6.77,47.43,7.4522,27.72,6.4,7.8,56.47,0.0
galkayo,20040330,6.77,47.43,7.2168,28.77,5.93,7.19,54.83,0.0
galkayo,20040331,6.77,47.43,7.1388,29.47,5.65,6.77,56.11,0.04
galkayo,20040401,6.77,47.43,6.3098,29.76,5.48,6.49,57.62,0.92
galkayo,20040402,6.77,47.43,6.9053,29.67,5.73,6.76,56.56,0.12
galkayo,20040403,6.77,47.43,6.3706,29.46,5.71,6.81,55.62,0.73
galkayo,20040404,6.77,47.43,6.8993,29.34,5.54,6.58,58.17,1.13
galkayo,20040405,6.77,47.43,6.941,29.48,5.14,6.18,56.07,1.14
galkayo,20040406,6.77,47.43,6.9662,29.84,4.33,5.22,54.55,0.01
galkayo,20040407,6.77,47.43,6.3358,29.18,4.27,5.0,57.86,0.02
galkayo,20040408,6.77,47.43,7.1882,28.49,4.01,4.78,62.11,0.01
galkayo,20040409,6.77,47.43,7.3301,29.43,5.26,6.35,56.18,0.0
galkayo,20040410,6.77,47.43,7.6591,28.76,5.45,6.67,54.71,0.0
galkayo,20040411,6.77,47.43,7.7057,28.95,5.56,6.74,55.24,0.0
galkayo,20040412,6.77,47.43,7.2895,29.75,5.25,6.23,56.84,0.32
galkayo,20040413,6.77,47.43,6.8906,29.76,5.57,6.6,57.6,0.14
galkayo,20040414,6.77,47.43,7.187,29.71,6.38,7.68,55.11,0.61
galkayo,20040415,6.77,47.43,7.3296,29.65,5.74,7.0,54.4,0.31
galkayo,20040416,6.77,47.43,7.386,29.86,4.41,5.43,56.83,2.52
galkayo,20040417,6.77,47.43,7.5533,29.99,3.92,4.93,54.16,0.54
galkayo,20040418,6.77,47.43,7.4412,30.49,4.44,5.44,55.78,2.32
galkayo,20040419,6.77,47.43,7.1731,28.99,3.4,4.47,63.5,2.71
galkayo,20040420,6.77,47.43,6.1855,29.09,2.24,2.97,64.35,3.43
galkayo,20040421,6.77,47.43,7.111,28.89,2.92,3.96,65.67,1.26
galkayo,20040422,6.77,47.43,7.4359,29.79,4.16,5.33,57.43,0.03
galkayo,20040423,6.77,47.43,7.4878,29.6,3.97,5.22,53.29,0.0
galkayo,20040424,6.77,47.43,7.3966,30.19,3.4,4.57,51.41,0.0
galkayo,20040425,6.77,47.43,7.2643,30.82,3.79,4.78,51.95,0.06
galkayo,20040426,6.77,47.43,7.068,30.16,4.57,5.56,54.43,0.0
galkayo,20040427,6.77,47.43,6.3737,29.82,5.26,6.33,55.69,0.0
galkayo,20040428,6.77,47.43,5.8891,29.77,4.58,5.48,53.96,0.0
galkayo,20040429,6.77,47.43,6.4447,30.53,3.46,4.27,52.76,0.0
galkayo,20040430,6.77,47.43,6.4296,30.09,4.09,5.02,55.73,0.03
galkayo,20040501,6.77,47.43,6.6384,28.38,5.51,6.95,60.62,0.0
galkayo,20040502,6.77,47.43,6.5981,29.03,5.14,6.57,57.53,0.0
galkayo,20040503,6.77,47.43,6.6408,28.84,4.36,5.37,59.99,0.0
galkayo,20040504,6.77,47.43,6.408,30.02,5.03,6.36,53.76,0.0
galkayo,20040505,6.77,47.43,6.8585,28.38,6.13,7.99,60.49,0.0
galkayo,20040506,6.77,47.43,7.2926,30.35,5.79,7.85,49.06,0.0
galkayo,20040507,6.77,47.43,7.3462,31.92,5.48,7.21,44.09,0.0
galkayo,20040508,6.77,47.43,7.1916,32.09,5.36,6.91,45.44,0.0
galkayo,20040509,6.77,47.43,7.0267,32.51,5.67,7.22,42.83,0.0
galkayo,20040510,6.77,47.43,7.055,32.59,6.19,7.86,42.56,0.0
galkayo,20040511,6.77,47.43,7.1986,32.19,6.65,8.43,43.81,0.0
galkayo,20040512,6.77,47.43,7.17,32.23,7.0,8.84,42.31,0.0
galkayo,20040513,6.77,47.43,7.2475,32.06,7.35,9.21,45.33,0.0
galkayo,20040514,6.77,47.43,6.9802,31.72,6.39,8.23,43.27,0.0
galkayo,20040515,6.77,47.43,7.0219,32.17,5.82,7.5,44.72,0.0
galkayo,20040516,6.77,47.43,6.9175,31.11,5.47,6.79,48.66,0.0
galkayo,20040517,6.77,47.43,6.8609,31.2,5.56,6.92,48.3,0.0
galkayo,20040518,6.77,47.43,6.9809,31.29,4.83,6.29,45.92,0.0
galkayo,20040519,6.77,47.43,6.6041,31.54,5.81,7.39,45.86,0.0
galkayo,20040520,6.77,47.43,6.4025,31.09,7.68,9.51,46.61,0.0
galkayo,20040521,6.77,47.43,6.0619,30.07,8.12,10.21,45.94,0.0
galkayo,20040522,6.77,47.43,6.6869,29.98,8.68,10.93,45.07,0.0
galkayo,20040523,6.77,47.43,6.6725,29.92,8.06,10.15,46.11,0.0
galkayo,20040524,6.77,47.43,6.9077,29.25,7.16,9.13,48.75,0.0
galkayo,20040525,6.77,47.43,7.0212,30.43,7.07,8.89,45.78,0.01
galkayo,20040526,6.77,47.43,7.0759,30.78,7.41,9.45,44.26,0.39
galkayo,20040527,6.77,47.43,7.159,31.32,6.87,8.95,42.18,0.69
galkayo,20040528,6.77,47.43,6.8542,29.25,6.83,9.05,57.72,8.8
galkayo,20040529,6.77,47.43,6.9792,28.35,7.18,9.66,57.64,3.82
galkayo,20040530,6.77,47.43,6.7752,27.81,6.84,9.13,61.61,6.8
galkayo,20040531,6.77,47.43,5.5886,27.95,6.65,8.73,59.53,1.42
galkayo,20040601,6.77,47.43,5.6844,27.32,6.17,8.29,59.82,0.42
galkayo,20040602,6.77,47.43,6.5762,28.3,6.13,8.19,54.46,0.64
galkayo,20040603,6.77,47.43,7.05,28.4,7.34,9.77,55.65,2.32
galkayo,20040604,6.77,47.43,6.6852,28.74,7.41,10.03,50.91,0.38
galkayo,20040605,6.77,47.43,7.0721,28.87,7.98,10.69,49.73,0.48
galkayo,20040606,6.77,47.43,7.0394,29.16,7.59,10.2,50.91,3.09
galkayo,20040607,6.77,47.43,7.0529,28.21,7.84,10.46,59.63,8.51
galkayo,20040608,6.77,47.43,6.8287,27.68,7.66,10.28,60.39,6.53
galkayo,20040609,6.77,47.43,7.0495,28.1,7.61,10.5,54.19,1.03
galkayo,20040610,6.77,47.43,7.0831,28.43,7.44,10.37,51.93,0.0
galkayo,20040611,6.77,47.43,7.0469,29.03,8.13,11.04,50.6,0.0
galkayo,20040612,6.77,47.43,6.6506,29.47,8.76,11.53,50.82,0.0
galkayo,20040613,6.77,47.43,6.438,29.12,9.08,11.67,51.24,0.0
galkayo,20040614,6.77,47.43,6.011,28.7,8.6,11.18,49.71,0.0
galkayo,20040615,6.77,47.43,5.5428,27.91,8.93,11.31,52.62,0.12
galkayo,20040616,6.77,47.43,6.7296,28.26,7.99,10.42,46.98,0.0
galkayo,20040617,6.77,47.43,6.5292,28.97,8.77,11.21,47.11,0.01
galkayo,20040618,6.77,47.43,5.7038,28.87,8.97,11.48,48.09,0.01
galkayo,20040619,6.77,47.43,4.9553,28.5,9.05,11.51,49.84,0.07
galkayo,20040620,6.77,47.43,5.4838,28.69,8.73,11.06,47.38,0.0
galkayo,20040621,6.77,47.43,6.8594,28.81,7.44,9.87,43.75,0.0
galkayo,20040622,6.77,47.43,6.8618,29.09,8.24,10.28,53.38,0.75
galkayo,20040623,6.77,47.43,5.785,27.91,8.42,10.45,62.1,1.79
galkayo,20040624,6.77,47.43,4.9097,27.17,8.47,10.49,62.99,1.25
galkayo,20040625,6.77,47.43,6.9773,26.87,7.09,9.37,51.82,0.29
galkayo,20040626,6.77,47.43,7.0433,27.7,8.12,10.29,50.6,0.15
galkayo,20040627,6.77,47.43,7.027,28.11,7.98,10.16,51.87,0.05
galkayo,20040628,6.77,47.43,6.395,27.06,8.07,10.25,64.03,10.29
galkayo,20040629,6.77,47.43,5.6609,26.89,8.01,10.46,60.3,3.71
galkayo,20040630,6.77,47.43,5.9626,27.07,8.12,10.35,59.18,0.0
galkayo,20040701,6.77,47.43,5.8884,27.61,8.06,10.38,55.05,0.0
galkayo,20040702,6.77,47.43,5.8673,27.78,8.6,10.94,54.98,0.0
galkayo,20040703,6.77,47.43,7.003,28.11,9.86,12.5,50.86,0.0
galkayo,20040704,6.77,47.43,5.7929,27.89,9.85,12.5,53.01,0.0
galkayo,20040705,6.77,47.43,7.0798,26.38,9.21,11.89,43.01,0.0
galkayo,20040706,6.77,47.43,7.0217,26.05,9.01,11.54,45.28,0.0
galkayo,20040707,6.77,47.43,6.4308,27.16,9.01,11.37,49.05,0.0
galkayo,20040708,6.77,47.43,5.5608,27.19,9.52,11.72,53.95,0.0
galkayo,20040709,6.77,47.43,5.6076,27.37,8.99,11.2,51.67,0.0
galkayo,20040710,6.77,47.43,5.5644,27.14,9.66,11.97,50.78,0.03
galkayo,20040711,6.77,47.43,6.8165,27.17,10.05,12.56,49.58,0.0
galkayo,20040712,6.77,47.43,6.0017,27.45,9.98,12.43,52.17,0.03
galkayo,20040713,6.77,47.43,6.4891,28.01,9.67,12.06,50.0,0.0
galkayo,20040714,6.77,47.43,6.5438,28.93,9.53,11.92,48.02,0.04
galkayo,20040715,6.77,47.43,6.5659,27.37,9.16,11.49,56.08,3.03
galkayo,20040716,6.77,47.43,6.9701,27.37,9.72,12.24,53.93,1.06
galkayo,20040717,6.77,47.43,6.9091,27.61,9.36,11.82,52.95,0.22
galkayo,20040718,6.77,47.43,6.3946,27.02,8.62,11.24,51.27,1.78
galkayo,20040719,6.77,47.43,6.5311,27.34,9.38,11.92,50.55,0.53
galkayo,20040720,6.77,47.43,7.0824,26.87,8.98,11.63,43.76,0.0
galkayo,20040721,6.77,47.43,7.1302,27.48,8.5,10.86,47.53,0.0
galkayo,20040722,6.77,47.43,6.6785,27.79,8.53,10.83,48.8,0.0
galkayo,20040723,6.77,47.43,7.2485,28.26,8.96,11.17,49.2,0.02
galkayo,20040724,6.77,47.43,5.9858,28.14,8.98,11.13,52.13,0.43
galkayo,20040725,6.77,47.43,6.8537,27.6,9.02,11.35,50.77,1.51
galkayo,20040726,6.77,47.43,6.9182,27.54,9.03,11.63,51.24,2.65
galkayo,20040727,6.77,47.43,7.1846,27.61,9.07,11.77,47.7,0.69
galkayo,20040728,6.77,47.43,6.7906,27.37,10.63,13.37,49.42,0.09
galkayo,20040729,6.77,47.43,4.8713,25.95,10.13,12.58,57.23,2.64
galkayo,20040730,6.77,47.43,4.5564,26.81,9.96,12.55,51.7,0.0
galkayo,20040731,6.77,47.43,5.0957,27.18,9.35,11.63,53.51,0.0
galkayo,20040801,6.77,47.43,6.8309,28.13,10.03,12.46,49.19,0.0
galkayo,20040802,6.77,47.43,6.0768,27.56,9.56,11.74,56.07,0.01
galkayo,20040803,6.77,47.43,6.6578,27.74,10.35,12.75,52.25,0.0
galkayo,20040804,6.77,47.43,5.7238,27.96,9.7,12.02,51.63,0.08
galkayo,20040805,6.77,47.43,7.0582,28.03,9.81,12.24,48.3,0.0
galkayo,20040806,6.77,47.43,5.0926,27.99,10.28,12.72,49.65,0.03
galkayo,20040807,6.77,47.43,5.7967,27.54,10.25,12.68,49.04,0.02
galkayo,20040808,6.77,47.43,4.6272,27.9,9.78,12.06,52.12,0.32
galkayo,20040809,6.77,47.43,6.9787,27.57,8.6,10.63,50.45,0.0
galkayo,20040810,6.77,47.43,6.4366,27.57,8.55,10.44,55.99,0.15
galkayo,20040811,6.77,47.43,5.845,28.17,8.65,10.57,55.34,1.11
galkayo,20040812,6.77,47.43,7.1237,28.0,8.63,10.71,52.77,0.07
galkayo,20040813,6.77,47.43,7.1594,27.96,8.71,10.71,50.76,0.0
galkayo,20040814,6.77,47.43,6.3511,28.18,8.36,10.32,48.46,0.0
galkayo,20040815,6.77,47.43,6.9264,28.35,8.95,11.15,45.52,0.0
galkayo,20040816,6.77,47.43,7.1165,28.34,8.64,10.98,45.73,0.0
galkayo,20040817,6.77,47.43,6.9629,28.47,9.22,11.45,47.16,0.0
galkayo,20040818,6.77,47.43,4.6258,28.18,9.4,11.67,48.25,0.0
galkayo,20040819,6.77,47.43,5.6189,28.3,9.68,11.94,48.46,0.02
galkayo,20040820,6.77,47.43,6.6701,28.79,10.22,12.63,46.76,0.02
galkayo,20040821,6.77,47.43,5.6302,28.38,9.11,11.32,49.4,0.01
galkayo,20040822,6.77,47.43,6.7966,27.98,8.93,11.01,51.55,0.02
galkayo,20040823,6.77,47.43,5.5123,28.02,8.67,10.73,50.6,0.02
galkayo,20040824,6.77,47.43,6.4282,28.52,8.63,10.54,50.67,0.01
galkayo,20040825,6.77,47.43,7.1134,27.81,8.34,10.28,51.03,0.0
galkayo,20040826,6.77,47.43,5.3882,27.33,7.86,9.7,53.66,0.02
galkayo,20040827,6.77,47.43,7.0337,27.44,7.18,9.07,45.15,0.0
galkayo,20040828,6.77,47.43,7.2754,27.69,7.25,9.25,48.82,0.0
galkayo,20040829,6.77,47.43,7.4743,27.98,6.94,9.01,44.91,0.0
galkayo,20040830,6.77,47.43,5.55,28.32,8.44,10.33,51.9,0.02
galkayo,20040831,6.77,47.43,7.3248,28.12,8.14,10.01,46.4,0.0
galkayo,20040901,6.77,47.43,7.451,28.51,7.12,9.01,44.81,0.0
galkayo,20040902,6.77,47.43,7.4117,28.8,7.11,9.02,46.8,0.0
galkayo,20040903,6.77,47.43,7.3003,28.72,6.43,8.11,49.47,0.4
galkayo,20040904,6.77,47.43,7.29,29.23,6.6,8.18,49.64,0.28
galkayo,20040905,6.77,47.43,7.1774,29.15,6.66,8.26,49.29,0.15
galkayo,20040906,6.77,47.43,7.2312,28.54,6.38,7.82,53.93,1.07
galkayo,20040907,6.77,47.43,6.9422,27.16,6.17,7.7,64.5,11.63
galkayo,20040908,6.77,47.43,7.4074,27.34,6.11,7.92,56.99,0.0
galkayo,20040909,6.77,47.43,7.4222,27.89,7.07,9.0,54.92,0.0
galkayo,20040910,6.77,47.43,7.2775,28.06,7.69,9.67,55.12,0.0
galkayo,20040911,6.77,47.43,6.6175,28.3,8.1,10.01,56.62,0.2
galkayo,20040912,6.77,47.43,7.2478,29.07,7.49,9.36,51.17,0.0
galkayo,20040913,6.77,47.43,5.9263,27.93,8.04,9.97,58.0,3.04
galkayo,20040914,6.77,47.43,7.3637,27.84,7.18,9.16,53.33,0.33
galkayo,20040915,6.77,47.43,6.4982,26.89,7.39,9.3,66.6,5.84
galkayo,20040916,6.77,47.43,7.2451,27.69,7.28,9.38,58.86,0.85
galkayo,20040917,6.77,47.43,7.385,27.75,6.58,8.67,53.19,0.01
galkayo,20040918,6.77,47.43,7.4064,28.75,6.22,8.11,53.77,0.01
galkayo,20040919,6.77,47.43,7.2929,28.73,6.42,8.14,54.74,0.09
galkayo,20040920,6.77,47.43,7.0951,28.64,6.18,7.96,55.01,0.72
galkayo,20040921,6.77,47.43,5.43,27.58,5.9,7.7,58.1,1.04
galkayo,20040922,6.77,47.43,6.9766,28.67,6.29,8.03,53.1,0.42
galkayo,20040923,6.77,47.43,6.5102,28.44,6.58,8.28,56.31,0.81
galkayo,20040924,6.77,47.43,7.3471,29.12,5.83,7.53,50.98,0.35
galkayo,20040925,6.77,47.43,7.1978,29.32,4.92,6.3,52.18,0.94
galkayo,20040926,6.77,47.43,6.708,28.67,5.85,7.41,52.43,0.86
galkayo,20040927,6.77,47.43,6.8441,28.67,4.74,6.05,56.76,0.87
galkayo,20040928,6.77,47.43,7.1143,28.95,5.55,7.27,53.51,0.0
galkayo,20040929,6.77,47.43,6.9182,29.79,5.61,7.27,48.6,0.0
galkayo,20040930,6.77,47.43,7.177,29.62,5.79,7.19,49.74,0.0
galkayo,20041001,6.77,47.43,6.6662,28.64,6.42,7.86,55.2,0.0
galkayo,20041002,6.77,47.43,6.336,28.67,6.0,7.5,54.53,0.0
galkayo,20041003,6.77,47.43,6.3744,28.61,6.48,7.84,57.78,0.18
galkayo,20041004,6.77,47.43,6.8261,28.14,5.54,6.89,57.21,0.05
galkayo,20041005,6.77,47.43,6.5246,28.63,5.36,6.57,56.54,0.12
galkayo,20041006,6.77,47.43,5.7062,27.69,4.26,5.43,56.2,0.18
galkayo,20041007,6.77,47.43,6.8146,28.38,4.12,5.31,56.08,0.23
galkayo,20041008,6.77,47.43,4.7208,27.67,4.9,6.08,63.24,0.81
galkayo,20041009,6.77,47.43,6.3914,28.46,3.55,4.37,57.42,0.32
galkayo,20041010,6.77,47.43,6.8083,28.91,3.84,4.84,54.79,0.19
galkayo,20041011,6.77,47.43,6.9734,28.61,4.56,5.49,55.13,0.12
galkayo,20041012,6.77,47.43,7.0392,28.58,4.55,5.5,54.58,0.02
galkayo,20041013,6.77,47.43,5.2042,28.52,4.22,5.13,58.4,3.19
galkayo,20041014,6.77,47.43,5.9731,28.05,4.58,5.68,61.45,3.87
galkayo,20041015,6.77,47.43,6.0379,27.76,4.35,5.46,62.01,2.3
galkayo,20041016,6.77,47.43,6.4625,27.93,4.27,5.43,59.52,0.46
galkayo,20041017,6.77,47.43,6.3475,27.95,3.57,4.58,60.22,0.64
galkayo,20041018,6.77,47.43,6.8892,28.03,3.35,4.42,53.67,0.0
galkayo,20041019,6.77,47.43,7.2446,27.42,3.0,4.23,50.39,0.0
galkayo,20041020,6.77,47.43,7.0625,27.49,2.82,3.87,52.83,0.0
galkayo,20041021,6.77,47.43,6.8592,27.76,3.9,4.97,54.05,0.0
galkayo,20041022,6.77,47.43,6.4075,28.91,4.49,5.57,56.06,0.0
galkayo,20041023,6.77,47.43,6.6624,28.16,4.52,5.76,52.36,0.02
galkayo,20041024,6.77,47.43,6.3581,28.03,4.2,5.16,57.09,0.14
galkayo,20041025,6.77,47.43,4.6596,28.18,5.49,6.85,54.68,0.09
galkayo,20041026,6.77,47.43,5.6722,27.53,6.52,8.1,57.04,0.58
galkayo,20041027,6.77,47.43,4.8367,26.63,5.25,6.85,56.87,0.04
galkayo,20041028,6.77,47.43,6.3478,28.48,3.35,4.62,45.74,0.25
galkayo,20041029,6.77,47.43,4.4942,28.69,4.17,5.29,51.52,1.14
galkayo,20041030,6.77,47.43,5.8699,28.02,3.14,4.21,64.49,5.98
galkayo,20041031,6.77,47.43,3.6247,27.63,4.62,5.79,62.95,0.89
galkayo,20041101,6.77,47.43,5.4905,26.39,3.96,5.1,68.32,2.22
galkayo,20041102,6.77,47.43,5.2944,27.37,4.29,5.51,60.8,0.0
galkayo,20041103,6.77,47.43,6.5422,27.86,3.57,4.8,56.53,0.0
galkayo,20041104,6.77,47.43,6.6149,27.95,3.79,4.96,58.76,0.0
galkayo,20041105,6.77,47.43,6.6612,28.19,3.71,4.87,55.84,0.0
galkayo,20041106,6.77,47.43,6.6374,28.4,3.83,5.07,56.86,0.0
galkayo,20041107,6.77,47.43,6.8873,27.8,3.62,5.13,51.04,0.02
galkayo,20041108,6.77,47.43,6.8506,28.12,1.58,2.65,52.11,0.02
galkayo,20041109,6.77,47.43,6.6,28.7,2.43,3.94,51.57,0.14
galkayo,20041110,6.77,47.43,6.2381,29.24,3.69,4.81,56.81,1.48
galkayo,20041111,6.77,47.43,4.2259,27.36,4.69,5.85,67.63,1.81
galkayo,20041112,6.77,47.43,6.5004,28.44,5.19,6.62,58.38,0.26
galkayo,20041113,6.77,47.43,6.6917,28.84,5.1,6.64,54.21,0.0
galkayo,20041114,6.77,47.43,6.6497,29.36,4.84,6.22,54.22,0.29
galkayo,20041115,6.77,47.43,6.0475,27.56,4.64,5.87,65.3,0.91
galkayo,20041116,6.77,47.43,4.6966,25.83,4.56,5.71,76.08,2.26
galkayo,20041117,6.77,47.43,5.3098,26.94,4.16,5.83,65.38,1.21
galkayo,20041118,6.77,47.43,5.9731,27.47,5.21,6.89,65.22,4.23
galkayo,20041119,6.77,47.43,5.8207,26.02,4.19,5.75,73.89,13.72
galkayo,20041120,6.77,47.43,5.2543,24.94,1.54,2.13,81.52,17.74
galkayo,20041121,6.77,47.43,6.0744,25.22,2.88,3.91,81.54,9.05
galkayo,20041122,6.77,47.43,4.5847,24.45,5.22,7.03,85.61,10.01
galkayo,20041123,6.77,47.43,5.8274,25.73,3.96,5.49,72.84,1.02
galkayo,20041124,6.77,47.43,6.5222,25.24,4.34,6.01,70.73,0.04
galkayo,20041125,6.77,47.43,6.4855,25.36,4.93,6.99,67.6,0.13
galkayo,20041126,6.77,47.43,6.6204,24.62,5.3,7.29,65.64,0.15
galkayo,20041127,6.77,47.43,5.9422,25.14,5.19,7.15,64.03,2.24
galkayo,20041128,6.77,47.43,6.3228,25.51,5.88,7.76,63.31,0.26
galkayo,20041129,6.77,47.43,6.1963,24.47,5.34,7.49,61.15,0.01
galkayo,20041130,6.77,47.43,6.5249,24.85,5.36,7.46,59.5,0.29
galkayo,20041201,6.77,47.43,6.5501,24.43,5.05,7.2,59.34,0.01
galkayo,20041202,6.77,47.43,6.5578,24.23,4.45,6.67,57.41,0.01
galkayo,20041203,6.77,47.43,6.2479,25.96,5.23,7.5,61.48,0.31
galkayo,20041204,6.77,47.43,4.7304,25.31,6.98,9.3,69.48,5.29
galkayo,20041205,6.77,47.43,6.257,25.29,5.71,7.68,74.44,4.15
galkayo,20041206,6.77,47.43,5.2486,25.75,5.72,7.55,69.3,1.81
galkayo,20041207,6.77,47.43,6.2105,25.62,5.92,7.76,68.66,0.0
galkayo,20041208,6.77,47.43,5.622,25.87,5.6,7.22,68.96,0.0
galkayo,20041209,6.77,47.43,6.2215,25.71,4.75,6.31,66.4,0.0
galkayo,20041210,6.77,47.43,6.3403,25.08,4.63,6.36,63.06,0.0
galkayo,20041211,6.77,47.43,6.481,25.14,5.51,7.59,63.08,0.0
galkayo,20041212,6.77,47.43,5.5973,26.26,5.79,7.55,64.15,0.0
galkayo,20041213,6.77,47.43,6.029,26.28,5.49,7.21,64.33,0.0
galkayo,20041214,6.77,47.43,6.517,25.2,5.48,7.44,57.6,0.0
galkayo,20041215,6.77,47.43,6.6202,24.62,5.38,7.44,58.02,0.0
galkayo,20041216,6.77,47.43,6.5088,24.8,4.65,6.48,61.89,0.0
galkayo,20041217,6.77,47.43,5.8862,26.04,4.18,5.64,63.71,0.0
galkayo,20041218,6.77,47.43,5.7334,26.99,5.33,6.88,60.8,0.08
galkayo,20041219,6.77,47.43,4.8871,25.67,5.93,7.65,63.05,0.02
galkayo,20041220,6.77,47.43,6.018,25.92,6.03,7.71,62.64,0.0
galkayo,20041221,6.77,47.43,6.4978,25.59,5.07,6.73,57.99,0.0
galkayo,20041222,6.77,47.43,6.7027,25.02,4.16,5.63,60.53,0.0
galkayo,20041223,6.77,47.43,6.6898,25.01,4.95,6.5,60.57,0.0
galkayo,20041224,6.77,47.43,6.7063,24.73,5.13,6.94,59.8,0.0
galkayo,20041225,6.77,47.43,6.6598,24.53,5.56,7.48,58.87,0.0
galkayo,20041226,6.77,47.43,6.4313,24.46,5.09,7.01,56.9,0.0
galkayo,20041227,6.77,47.43,6.6694,24.93,4.6,6.37,57.42,0.0
galkayo,20041228,6.77,47.43,5.9765,25.28,5.67,7.44,60.69,0.06
galkayo,20041229,6.77,47.43,5.9897,25.3,7.29,9.31,57.18,1.4
galkayo,20041230,6.77,47.43,6.5338,23.43,6.63,9.17,39.16,0.0
galkayo,20041231,6.77,47.43,6.7186,22.0,6.64,9.15,46.64,0.0
galkayo,20050101,6.77,47.43,6.7502,22.49,6.09,8.52,45.48,0.0
galkayo,20050102,6.77,47.43,6.8638,22.34,5.59,7.93,49.99,0.0
galkayo,20050103,6.77,47.43,6.8402,22.57,5.07,7.21,52.97,0.0
galkayo,20050104,6.77,47.43,6.7128,23.5,5.18,7.24,53.81,0.0
galkayo,20050105,6.77,47.43,6.8105,23.94,4.4,6.25,54.53,0.0
galkayo,20050106,6.77,47.43,6.774,24.3,3.94,5.65,55.59,0.0
galkayo,20050107,6.77,47.43,6.3696,24.87,4.46,6.13,59.59,0.0
galkayo,20050108,6.77,47.43,6.2038,25.6,6.18,7.91,57.69,0.0
galkayo,20050109,6.77,47.43,6.4392,25.26,6.65,8.51,58.16,0.0
galkayo,20050110,6.77,47.43,6.0228,25.94,5.85,7.43,59.9,0.0
galkayo,20050111,6.77,47.43,5.0062,26.73,5.58,6.95,59.48,0.0
galkayo,20050112,6.77,47.43,6.2947,26.56,6.16,7.7,58.22,0.0
galkayo,20050113,6.77,47.43,6.6038,26.01,6.12,7.75,55.85,0.0
galkayo,20050114,6.77,47.43,6.5978,25.44,6.09,7.8,55.69,0.0
galkayo,20050115,6.77,47.43,6.5074,25.96,6.19,7.82,61.09,0.0
galkayo,20050116,6.77,47.43,6.138,25.73,6.15,7.75,62.61,1.75
galkayo,20050117,6.77,47.43,6.4469,25.62,5.95,7.48,63.63,2.57
galkayo,20050118,6.77,47.43,6.607,24.8,5.76,7.29,61.03,0.05
galkayo,20050119,6.77,47.43,6.8258,24.16,5.1,6.7,64.63,0.98
galkayo,20050120,6.77,47.43,6.7913,24.6,5.28,6.98,60.92,0.03
galkayo,20050121,6.77,47.43,6.7942,24.4,5.65,7.59,59.34,0.0
galkayo,20050122,6.77,47.43,6.5066,24.4,5.35,7.1,61.13,0.09
galkayo,20050123,6.77,47.43,6.6792,25.89,5.01,6.42,58.12,0.38
galkayo,20050124,6.77,47.43,6.6643,27.17,4.92,6.2,54.96,0.0
galkayo,20050125,6.77,47.43,4.9306,26.87,6.34,7.84,61.57,0.35
galkayo,20050126,6.77,47.43,6.5803,26.72,6.09,7.67,62.3,0.0
galkayo,20050127,6.77,47.43,6.4121,27.03,5.81,7.19,59.77,0.0
galkayo,20050128,6.77,47.43,5.6047,27.1,5.7,6.93,60.12,0.0
galkayo,20050129,6.77,47.43,6.1262,26.37,6.16,7.47,56.39,0.0
galkayo,20050130,6.77,47.43,6.7375,25.55,6.18,8.44,36.94,0.0
galkayo,20050131,6.77,47.43,7.0925,22.95,7.33,9.77,40.78,0.0
galkayo,20050201,6.77,47.43,6.8707,23.97,7.63,9.97,47.92,0.0
galkayo,20050202,6.77,47.43,7.111,24.49,6.1,8.33,45.61,0.0
galkayo,20050203,6.77,47.43,7.0474,25.16,5.28,7.06,51.07,0.0
galkayo,20050204,6.77,47.43,6.966,26.01,4.81,6.18,58.73,0.0
galkayo,20050205,6.77,47.43,6.6307,26.88,5.28,6.51,58.52,0.01
galkayo,20050206,6.77,47.43,6.7675,26.23,5.06,6.38,56.86,0.06
galkayo,20050207,6.77,47.43,7.2593,25.27,4.66,6.18,54.37,0.0
galkayo,20050208,6.77,47.43,7.3574,24.97,4.54,6.21,55.1,0.0
galkayo,20050209,6.77,47.43,7.255,26.13,4.55,6.09,56.12,0.01
galkayo,20050210,6.77,47.43,6.9931,26.62,4.95,6.5,56.8,0.0
galkayo,20050211,6.77,47.43,7.1126,27.25,6.34,7.88,59.86,0.0
galkayo,20050212,6.77,47.43,6.5568,27.22,5.99,7.45,59.7,0.0
galkayo,20050213,6.77,47.43,7.1275,27.53,6.39,7.78,60.59,0.0
galkayo,20050214,6.77,47.43,6.9996,27.59,6.59,8.08,55.41,0.0
galkayo,20050215,6.77,47.43,7.2785,26.21,5.89,7.59,53.02,0.0
galkayo,20050216,6.77,47.43,6.967,25.64,5.95,7.54,55.18,0.0
galkayo,20050217,6.77,47.43,7.3428,26.09,5.5,7.18,51.71,0.0
galkayo,20050218,6.77,47.43,7.5475,25.57,5.55,7.4,49.35,0.0
galkayo,20050219,6.77,47.43,7.2317,26.1,6.21,7.91,56.0,0.0
galkayo,20050220,6.77,47.43,7.0334,26.63,6.21,7.83,54.9,0.0
galkayo,20050221,6.77,47.43,7.2792,26.71,6.82,8.61,56.93,0.0
galkayo,20050222,6.77,47.43,7.3646,26.16,6.74,8.52,52.09,0.0
galkayo,20050223,6.77,47.43,7.2811,25.75,6.02,7.66,54.48,0.0
galkayo,20050224,6.77,47.43,7.4618,26.06,5.9,7.47,55.9,0.0
galkayo,20050225,6.77,47.43,7.3939,26.13,5.43,6.95,55.16,0.0
galkayo,20050226,6.77,47.43,7.1218,26.52,5.63,7.01,57.87,0.0
galkayo,20050227,6.77,47.43,7.2434,27.46,5.37,6.59,56.51,0.0
galkayo,20050228,6.77,47.43,6.7205,27.65,4.9,6.09,53.44,0.0
galkayo,20050301,6.77,47.43,7.4124,27.73,5.2,6.33,51.06,0.0
galkayo,20050302,6.77,47.43,6.9463,27.88,5.71,6.89,58.3,0.0
galkayo,20050303,6.77,47.43,6.0526,28.39,6.77,8.18,59.79,0.0
galkayo,20050304,6.77,47.43,7.0337,28.13,6.79,8.22,58.29,0.0
galkayo,20050305,6.77,47.43,7.0522,28.62,6.15,7.36,57.68,0.0
galkayo,20050306,6.77,47.43,7.2046,28.8,6.11,7.3,55.17,0.0
galkayo,20050307,6.77,47.43,6.8165,28.69,6.14,7.35,57.08,0.79
galkayo,20050308,6.77,47.43,6.0264,28.62,6.34,7.7,60.51,4.57
galkayo,20050309,6.77,47.43,7.134,27.81,6.41,7.8,59.65,0.05
galkayo,20050310,6.77,47.43,7.1647,27.88,5.8,7.08,58.47,0.25
galkayo,20050311,6.77,47.43,7.3639,28.39,5.96,7.21,58.14,0.08
galkayo,20050312,6.77,47.43,7.1326,28.53,6.05,7.23,58.06,0.0
galkayo,20050313,6.77,47.43,6.5861,28.65,6.15,7.39,57.26,0.0
galkayo,20050314,6.77,47.43,6.9521,28.39,5.8,7.01,53.24,0.0
galkayo,20050315,6.77,47.43,7.6171,28.17,5.2,6.37,54.69,0.0
galkayo,20050316,6.77,47.43,7.2653,28.92,5.03,6.08,53.58,0.0
galkayo,20050317,6.77,47.43,7.3536,29.65,4.77,5.79,53.53,0.13
galkayo,20050318,6.77,47.43,7.2084,29.4,5.64,6.71,56.32,1.63
galkayo,20050319,6.77,47.43,6.7438,29.09,5.17,6.18,58.44,1.08
galkayo,20050320,6.77,47.43,6.7246,28.65,5.75,6.97,60.3,2.98
galkayo,20050321,6.77,47.43,6.6122,27.86,6.5,8.08,53.43,0.0
galkayo,20050322,6.77,47.43,7.6714,27.3,5.83,7.27,57.72,0.05
galkayo,20050323,6.77,47.43,7.5295,28.5,5.15,6.49,54.5,0.0
galkayo,20050324,6.77,47.43,7.1642,28.75,5.26,6.47,53.64,0.0
galkayo,20050325,6.77,47.43,7.5768,27.84,5.54,6.76,56.88,0.01
galkayo,20050326,6.77,47.43,7.5504,28.09,6.12,7.49,54.58,0.01
galkayo,20050327,6.77,47.43,7.6373,28.14,5.32,6.81,52.17,0.0
galkayo,20050328,6.77,47.43,7.6781,28.68,5.2,6.7,49.54,0.0
galkayo,20050329,6.77,47.43,7.6272,28.31,5.45,6.9,50.88,0.0
galkayo,20050330,6.77,47.43,7.6188,27.73,5.22,6.82,53.68,0.0
galkayo,20050331,6.77,47.43,7.5178,27.69,4.86,6.63,52.6,0.0
galkayo,20050401,6.77,47.43,7.5214,29.15,4.47,5.87,48.69,0.0
galkayo,20050402,6.77,47.43,7.5084,29.59,4.59,5.91,49.97,0.0
galkayo,20050403,6.77,47.43,7.1074,29.2,3.31,4.31,49.3,0.0
galkayo,20050404,6.77,47.43,6.9598,28.96,3.68,4.79,47.8,0.0
galkayo,20050405,6.77,47.43,7.116,29.31,3.42,4.4,48.35,0.0
galkayo,20050406,6.77,47.43,7.1882,29.71,4.59,6.0,46.68,0.0
galkayo,20050407,6.77,47.43,7.6747,28.79,2.99,4.38,43.91,0.0
galkayo,20050408,6.77,47.43,7.6622,28.9,3.78,5.43,41.69,0.0
galkayo,20050409,6.77,47.43,7.4155,29.81,5.32,6.9,47.73,0.0
galkayo,20050410,6.77,47.43,7.2086,29.43,6.75,8.28,54.97,0.0
galkayo,20050411,6.77,47.43,6.6175,29.62,6.32,7.58,55.78,0.02
galkayo,20050412,6.77,47.43,6.5798,29.84,5.46,6.47,56.11,0.03
galkayo,20050413,6.77,47.43,6.3216,29.63,5.69,6.74,57.76,0.02
galkayo,20050414,6.77,47.43,6.8038,29.66,5.81,6.94,57.05,0.01
galkayo,20050415,6.77,47.43,6.0379,29.86,5.53,6.56,58.42,0.03
galkayo,20050416,6.77,47.43,5.8637,28.63,4.76,5.89,65.41,10.72
galkayo,20050417,6.77,47.43,7.2403,28.54,4.77,5.97,61.21,0.71
galkayo,20050418,6.77,47.43,7.5965,28.8,4.81,6.01,58.76,0.41
galkayo,20050419,6.77,47.43,6.726,26.93,4.17,5.56,76.97,23.22
galkayo,20050420,6.77,47.43,6.5774,26.03,4.86,6.77,76.4,18.1
galkayo,20050421,6.77,47.43,6.9413,26.98,4.71,6.22,73.14,3.01
galkayo,20050422,6.77,47.43,6.5614,27.33,3.82,5.15,72.23,3.94
galkayo,20050423,6.77,47.43,6.8198,27.45,3.99,5.27,73.72,3.85
galkayo,20050424,6.77,47.43,5.9724,27.66,2.04,2.95,71.42,1.28
galkayo,20050425,6.77,47.43,6.767,28.51,2.54,3.47,70.98,5.81
galkayo,20050426,6.77,47.43,6.3456,28.6,3.97,5.14,71.29,2.86
galkayo,20050427,6.77,47.43,4.8768,28.21,4.06,5.29,72.57,3.54
galkayo,20050428,6.77,47.43,6.469,26.52,2.65,3.4,80.23,5.36
galkayo,20050429,6.77,47.43,5.827,25.64,3.89,5.57,80.17,10.17
galkayo,20050430,6.77,47.43,5.7031,25.63,4.58,6.27,82.2,12.44
galkayo,20050501,6.77,47.43,6.9341,25.98,3.53,5.08,78.97,0.38
galkayo,20050502,6.77,47.43,7.1458,27.64,4.74,6.94,71.51,0.49
galkayo,20050503,6.77,47.43,7.0469,27.01,5.42,7.75,72.46,0.23
galkayo,20050504,6.77,47.43,7.1926,28.69,5.15,7.44,63.31,0.21
galkayo,20050505,6.77,47.43,6.5705,29.45,5.29,7.47,60.94,0.2
galkayo,20050506,6.77,47.43,6.5177,28.1,5.6,7.87,69.15,6.16
galkayo,20050507,6.77,47.43,6.8666,28.44,4.9,7.16,70.43,9.09
galkayo,20050508,6.77,47.43,6.4807,25.84,4.4,6.31,82.88,9.81
galkayo,20050509,6.77,47.43,6.8688,27.55,2.27,3.24,68.38,6.31
galkayo,20050510,6.77,47.43,7.0666,27.83,3.0,4.64,69.96,7.2
galkayo,20050511,6.77,47.43,7.1299,28.47,3.71,5.43,67.87,0.01
galkayo,20050512,6.77,47.43,6.5321,28.7,5.11,7.15,68.06,0.03
galkayo,20050513,6.77,47.43,6.9324,28.51,5.49,7.77,65.46,0.02
galkayo,20050514,6.77,47.43,7.1712,29.32,5.17,7.4,62.85,0.01
galkayo,20050515,6.77,47.43,6.4193,29.1,4.67,6.32,66.15,0.02
galkayo,20050516,6.77,47.43,6.7078,26.91,2.8,3.71,79.82,5.99
galkayo,20050517,6.77,47.43,6.6168,25.63,4.05,5.57,81.86,4.03
galkayo,20050518,6.77,47.43,6.5114,27.34,2.7,4.02,72.5,4.2
galkayo,20050519,6.77,47.43,7.2641,28.44,2.38,3.45,68.82,2.65
galkayo,20050520,6.77,47.43,5.5166,27.21,2.69,3.92,78.28,5.86
galkayo,20050521,6.77,47.43,6.8966,27.04,2.33,3.4,74.9,0.0
galkayo,20050522,6.77,47.43,5.142,26.92,3.71,5.29,73.62,0.01
galkayo,20050523,6.77,47.43,7.0018,27.71,3.21,4.78,70.32,0.01
galkayo,20050524,6.77,47.43,6.0118,28.09,3.24,4.66,65.16,0.01
galkayo,20050525,6.77,47.43,7.1623,28.13,2.0,3.17,63.67,0.01
galkayo,20050526,6.77,47.43,6.8258,27.07,1.72,2.59,72.33,0.0
galkayo,20050527,6.77,47.43,6.9667,27.22,2.56,4.01,70.74,0.0
galkayo,20050528,6.77,47.43,6.6958,28.49,3.44,5.03,63.16,0.0
galkayo,20050529,6.77,47.43,7.0733,27.25,4.68,6.73,68.85,0.0
galkayo,20050530,6.77,47.43,7.1014,28.17,5.09,7.15,64.11,0.0
galkayo,20050531,6.77,47.43,6.3665,28.39,6.25,8.36,63.37,0.0
galkayo,20050601,6.77,47.43,6.3156,26.73,6.23,8.42,72.0,0.0
galkayo,20050602,6.77,47.43,5.7384,27.6,7.13,9.39,66.09,0.0
galkayo,20050603,6.77,47.43,7.0814,28.39,7.1,9.46,56.12,0.0
galkayo,20050604,6.77,47.43,6.673,28.27,7.33,9.63,57.08,0.0
galkayo,20050605,6.77,47.43,6.2801,27.98,7.56,9.75,57.48,0.46
galkayo,20050606,6.77,47.43,5.3359,27.14,7.21,9.37,60.43,1.03
galkayo,20050607,6.77,47.43,6.8861,27.16,6.11,8.3,56.29,0.04
galkayo,20050608,6.77,47.43,7.0248,28.52,6.59,8.77,54.11,0.46
galkayo,20050609,6.77,47.43,7.1066,28.81,7.6,10.01,51.08,0.05
galkayo,20050610,6.77,47.43,7.0505,29.7,7.97,10.2,52.55,0.01
galkayo,20050611,6.77,47.43,6.8222,29.38,8.21,10.62,53.08,0.01
galkayo,20050612,6.77,47.43,6.4106,28.77,8.4,10.83,55.55,0.01
galkayo,20050613,6.77,47.43,6.8513,28.97,8.16,10.39,51.11,0.0
galkayo,20050614,6.77,47.43,7.0426,28.27,7.49,9.7,51.33,0.0
galkayo,20050615,6.77,47.43,6.7637,28.45,7.61,9.72,54.75,0.0
galkayo,20050616,6.77,47.43,6.168,28.41,8.3,10.5,52.23,0.0
galkayo,20050617,6.77,47.43,6.4152,28.12,8.34,10.64,52.03,0.0
galkayo,20050618,6.77,47.43,6.677,28.04,8.59,10.91,53.12,0.0
galkayo,20050619,6.77,47.43,6.2246,27.7,8.65,11.01,50.86,0.0
galkayo,20050620,6.77,47.43,4.6567,28.05,8.95,11.28,54.92,0.03
galkayo,20050621,6.77,47.43,4.9774,27.59,8.68,10.95,53.2,0.0
galkayo,20050622,6.77,47.43,5.1866,27.56,8.4,10.55,56.65,0.06
galkayo,20050623,6.77,47.43,5.9494,27.95,7.67,9.66,57.76,0.06
galkayo,20050624,6.77,47.43,6.7702,28.02,7.4,9.79,49.66,0.0
galkayo,20050625,6.77,47.43,6.672,28.21,8.4,10.51,56.81,0.0
galkayo,20050626,6.77,47.43,6.7848,28.45,8.59,10.82,50.77,0.0
galkayo,20050627,6.77,47.43,6.8117,28.09,8.59,10.88,51.61,0.0
galkayo,20050628,6.77,47.43,5.6059,28.55,8.89,11.04,54.99,0.0
galkayo,20050629,6.77,47.43,6.642,28.04,9.58,12.14,49.27,0.0
galkayo,20050630,6.77,47.43,6.7322,28.06,8.62,11.11,46.22,0.0
galkayo,20050701,6.77,47.43,5.442,27.7,8.93,11.2,54.02,0.0
galkayo,20050702,6.77,47.43,5.6628,27.62,8.72,10.91,55.29,0.0
galkayo,20050703,6.77,47.43,4.9886,27.14,8.5,10.57,57.74,0.0
galkayo,20050704,6.77,47.43,5.1833,27.2,8.62,10.88,55.38,0.0
galkayo,20050705,6.77,47.43,6.2321,27.44,9.12,11.59,50.83,0.0
galkayo,20050706,6.77,47.43,5.8406,27.61,9.2,11.66,49.91,0.0
galkayo,20050707,6.77,47.43,6.7042,28.81,8.57,10.92,47.18,0.0
galkayo,20050708,6.77,47.43,6.9252,29.23,8.64,10.94,48.71,0.0
galkayo,20050709,6.77,47.43,6.6754,28.7,9.08,11.48,47.67,0.0
galkayo,20050710,6.77,47.43,5.9136,28.3,9.97,12.45,49.04,0.0
galkayo,20050711,6.77,47.43,6.3523,27.99,10.11,12.58,51.62,0.0
galkayo,20050712,6.77,47.43,6.6538,27.9,9.87,12.36,52.83,0.0
galkayo,20050713,6.77,47.43,6.2832,27.04,8.9,11.59,48.87,0.0
galkayo,20050714,6.77,47.43,6.6206,27.27,8.79,11.2,49.03,0.0
galkayo,20050715,6.77,47.43,5.0052,27.55,9.41,11.79,52.2,0.4
galkayo,20050716,6.77,47.43,4.4134,27.2,10.08,12.55,55.57,0.94
galkayo,20050717,6.77,47.43,5.1485,27.32,10.15,12.73,51.83,0.14
galkayo,20050718,6.77,47.43,4.8989,27.01,9.58,11.94,53.58,0.47
galkayo,20050719,6.77,47.43,5.5474,26.62,8.92,11.21,53.44,0.12
galkayo,20050720,6.77,47.43,5.2025,27.19,8.34,10.51,56.38,0.0
galkayo,20050721,6.77,47.43,6.8326,28.33,8.59,10.88,51.28,0.0
galkayo,20050722,6.77,47.43,7.0666,28.96,8.56,10.73,50.15,0.0
galkayo,20050723,6.77,47.43,6.8422,28.4,9.53,11.89,47.98,0.0
galkayo,20050724,6.77,47.43,6.4658,27.83,9.65,12.11,48.9,0.0
galkayo,20050725,6.77,47.43,6.5918,27.97,9.04,11.32,50.21,0.0
galkayo,20050726,6.77,47.43,7.2178,28.14,8.89,11.53,43.24,0.0
galkayo,20050727,6.77,47.43,6.8573,28.68,8.61,10.92,48.44,0.0
galkayo,20050728,6.77,47.43,4.8019,28.03,10.42,12.97,51.31,0.0
galkayo,20050729,6.77,47.43,6.0098,28.37,10.12,12.61,47.43,0.0
galkayo,20050730,6.77,47.43,6.9667,28.57,10.22,12.7,47.98,0.0
galkayo,20050731,6.77,47.43,4.7683,27.32,10.34,12.73,55.14,0.0
galkayo,20050801,6.77,47.43,4.1731,27.12,9.59,11.74,55.96,0.0
galkayo,20050802,6.77,47.43,4.5329,27.18,9.18,11.39,52.95,0.0
galkayo,20050803,6.77,47.43,5.693,27.19,9.47,11.73,52.21,0.0
galkayo,20050804,6.77,47.43,4.836,27.41,9.22,11.42,52.6,0.01
galkayo,20050805,6.77,47.43,5.2994,27.45,8.88,10.97,53.02,0.01
galkayo,20050806,6.77,47.43,6.4639,28.0,8.89,10.96,51.73,0.0
galkayo,20050807,6.77,47.43,6.7015,28.64,9.78,12.2,47.92,0.0
galkayo,20050808,6.77,47.43,7.0706,28.49,10.81,13.36,48.35,0.0
galkayo,20050809,6.77,47.43,6.0905,28.1,9.75,11.96,52.94,0.0
galkayo,20050810,6.77,47.43,5.6201,28.04,8.73,10.74,52.5,0.0
galkayo,20050811,6.77,47.43,6.4915,28.22,8.37,10.27,52.12,0.0
galkayo,20050812,6.77,47.43,5.8512,27.85,7.74,9.59,53.51,0.0
galkayo,20050813,6.77,47.43,7.0022,28.24,8.03,9.97,48.35,0.0
galkayo,20050814,6.77,47.43,7.2173,28.24,7.97,9.89,47.71,0.01
galkayo,20050815,6.77,47.43,7.127,28.5,7.72,9.53,51.1,0.0
galkayo,20050816,6.77,47.43,6.8506,28.53,8.76,10.72,51.2,0.11
galkayo,20050817,6.77,47.43,6.5702,28.33,8.01,9.77,51.67,0.13
galkayo,20050818,6.77,47.43,6.6619,28.05,8.22,10.14,49.95,0.15
galkayo,20050819,6.77,47.43,4.4868,28.06,7.75,9.5,52.6,0.0
galkayo,20050820,6.77,47.43,7.2442,27.95,7.94,9.89,48.54,0.0
galkayo,20050821,6.77,47.43,7.1462,28.19,8.03,10.07,49.01,0.0
galkayo,20050822,6.77,47.43,7.3534,29.01,7.62,9.48,47.56,0.0
galkayo,20050823,6.77,47.43,7.2204,28.22,8.62,10.61,48.6,0.0
galkayo,20050824,6.77,47.43,7.1664,28.04,8.37,10.23,52.46,0.0
galkayo,20050825,6.77,47.43,6.9118,27.82,8.23,10.14,49.95,0.0
galkayo,20050826,6.77,47.43,6.7226,28.27,8.14,10.08,48.08,0.0
galkayo,20050827,6.77,47.43,7.3056,28.33,8.4,10.32,50.14,0.0
galkayo,20050828,6.77,47.43,5.7578,27.98,8.4,10.24,53.15,0.0
galkayo,20050829,6.77,47.43,7.327,27.75,7.88,9.89,46.93,0.0
galkayo,20050830,6.77,47.43,6.6074,27.38,8.32,10.19,49.92,0.0
galkayo,20050831,6.77,47.43,6.8575,27.75,8.42,10.57,46.77,0.0
galkayo,20050901,6.77,47.43,7.3234,28.27,8.06,10.06,45.67,0.0
galkayo,20050902,6.77,47.43,7.2636,28.57,7.83,9.76,48.65,0.0
galkayo,20050903,6.77,47.43,7.2816,28.84,8.26,10.43,46.39,0.0
galkayo,20050904,6.77,47.43,7.1669,28.99,8.93,11.09,46.62,0.0
galkayo,20050905,6.77,47.43,7.2746,29.01,8.81,11.06,43.21,0.0
galkayo,20050906,6.77,47.43,6.7301,29.42,8.42,10.54,48.24,0.13
galkayo,20050907,6.77,47.43,5.202,29.22,8.42,10.35,50.78,0.7
galkayo,20050908,6.77,47.43,6.9732,29.41,8.47,10.58,46.77,0.03
galkayo,20050909,6.77,47.43,6.4104,29.3,9.63,11.89,46.68,0.04
galkayo,20050910,6.77,47.43,6.4742,29.01,8.8,11.0,45.54,0.12
galkayo,20050911,6.77,47.43,5.9038,28.44,9.0,11.1,49.69,0.2
galkayo,20050912,6.77,47.43,6.3437,28.93,8.24,10.35,46.8,0.09
galkayo,20050913,6.77,47.43,7.2307,28.86,7.88,10.15,45.66,0.45
galkayo,20050914,6.77,47.43,7.2562,29.34,8.74,11.08,45.42,0.35
galkayo,20050915,6.77,47.43,7.1062,29.39,7.59,9.68,47.67,2.73
galkayo,20050916,6.77,47.43,7.0702,26.32,6.1,8.22,55.84,1.79
galkayo,20050917,6.77,47.43,7.1479,27.94,6.51,8.55,51.61,0.23
galkayo,20050918,6.77,47.43,6.9528,28.38,6.14,7.9,52.01,0.0
galkayo,20050919,6.77,47.43,7.1906,28.82,5.63,7.19,50.23,0.0
galkayo,20050920,6.77,47.43,7.1496,28.6,6.04,7.59,52.81,0.0
galkayo,20050921,6.77,47.43,7.2619,29.02,6.26,7.96,51.85,0.0
galkayo,20050922,6.77,47.43,7.1273,29.44,6.71,8.32,52.14,0.0
galkayo,20050923,6.77,47.43,7.2074,29.33,7.01,8.71,49.05,0.0
galkayo,20050924,6.77,47.43,7.2276,29.34,6.67,8.44,49.88,0.0
galkayo,20050925,6.77,47.43,6.192,29.71,6.35,7.81,53.0,0.0
galkayo,20050926,6.77,47.43,6.426,29.8,5.84,7.28,49.72,0.0
galkayo,20050927,6.77,47.43,6.8522,30.06,5.37,6.69,50.01,0.0
galkayo,20050928,6.77,47.43,7.0147,30.27,5.13,6.46,50.33,0.71
galkayo,20050929,6.77,47.43,6.2873,29.04,4.88,6.15,57.37,2.04
galkayo,20050930,6.77,47.43,5.0659,28.83,4.63,5.86,56.05,1.32
galkayo,20051001,6.77,47.43,6.7344,28.78,4.45,5.78,53.66,0.4
galkayo,20051002,6.77,47.43,7.0663,29.42,4.04,5.36,51.35,0.56
galkayo,20051003,6.77,47.43,6.1666,29.5,4.43,5.41,53.5,0.52
galkayo,20051004,6.77,47.43,5.5954,26.44,5.54,6.78,64.96,0.61
galkayo,20051005,6.77,47.43,5.395,28.76,5.89,7.38,54.83,0.5
galkayo,20051006,6.77,47.43,6.8909,28.81,4.96,6.14,54.09,0.19
galkayo,20051007,6.77,47.43,6.8513,28.73,4.51,5.59,56.12,0.75
galkayo,20051008,6.77,47.43,3.2393,28.44,4.44,5.72,56.33,0.56
galkayo,20051009,6.77,47.43,5.9842,28.97,4.95,6.54,53.81,0.42
galkayo,20051010,6.77,47.43,6.7769,29.05,4.2,5.18,58.17,0.49
galkayo,20051011,6.77,47.43,5.1089,25.29,3.44,4.15,75.28,0.75
galkayo,20051012,6.77,47.43,5.9064,27.8,3.73,4.5,61.66,0.78
galkayo,20051013,6.77,47.43,6.6331,28.61,3.42,4.25,55.47,0.02
galkayo,20051014,6.77,47.43,6.6535,28.99,2.71,3.53,54.15,0.05
galkayo,20051015,6.77,47.43,5.9537,29.51,3.46,4.41,52.38,0.08
galkayo,20051016,6.77,47.43,5.9647,29.26,4.03,5.13,52.3,0.05
galkayo,20051017,6.77,47.43,5.9539,28.92,3.67,4.58,53.5,0.02
galkayo,20051018,6.77,47.43,6.4106,28.9,3.22,4.01,53.04,0.47
galkayo,20051019,6.77,47.43,5.9383,27.45,4.11,5.13,59.25,0.42
galkayo,20051020,6.77,47.43,6.564,29.08,3.77,4.86,53.16,0.25
galkayo,20051021,6.77,47.43,5.5829,29.42,3.39,4.29,55.49,0.29
galkayo,20051022,6.77,47.43,5.2078,29.09,3.32,4.13,57.75,0.62
galkayo,20051023,6.77,47.43,4.7678,28.7,3.49,4.27,57.53,0.0
galkayo,20051024,6.77,47.43,5.9448,28.76,3.02,3.76,53.14,0.0
galkayo,20051025,6.77,47.43,5.5985,28.74,4.13,5.22,50.44,0.0
galkayo,20051026,6.77,47.43,6.7958,28.58,3.37,4.4,47.78,0.0
galkayo,20051027,6.77,47.43,6.888,28.55,2.98,4.07,49.15,0.0
galkayo,20051028,6.77,47.43,6.8198,28.55,3.25,4.18,49.1,0.22
galkayo,20051029,6.77,47.43,6.2345,28.43,2.82,3.75,51.68,0.15
galkayo,20051030,6.77,47.43,6.3542,28.64,3.46,4.37,56.74,0.69
galkayo,20051031,6.77,47.43,5.5716,29.34,2.86,3.9,53.72,1.2
galkayo,20051101,6.77,47.43,6.0631,29.19,3.29,4.52,57.06,1.8
galkayo,20051102,6.77,47.43,4.8096,28.95,3.1,4.29,56.04,0.0
galkayo,20051103,6.77,47.43,6.6281,29.32,3.26,4.19,55.65,0.0
galkayo,20051104,6.77,47.43,6.7675,28.69,3.77,4.72,55.13,0.0
galkayo,20051105,6.77,47.43,6.9838,27.06,3.89,5.23,48.17,0.0
galkayo,20051106,6.77,47.43,7.0099,26.25,3.42,4.92,49.65,0.0
galkayo,20051107,6.77,47.43,6.8599,27.03,3.7,5.22,52.5,0.0
galkayo,20051108,6.77,47.43,5.3938,28.45,4.24,5.36,57.54,0.79
galkayo,20051109,6.77,47.43,5.6832,27.61,5.55,6.77,61.03,0.24
galkayo,20051110,6.77,47.43,6.3986,27.73,3.96,4.96,57.29,0.03
galkayo,20051111,6.77,47.43,6.5496,27.47,3.73,4.91,51.34,0.03
galkayo,20051112,6.77,47.43,6.4661,27.65,4.51,5.68,55.68,0.04
galkayo,20051113,6.77,47.43,6.4826,27.63,5.57,6.9,56.79,0.02
galkayo,20051114,6.77,47.43,6.5153,28.04,5.52,6.77,57.45,0.01
galkayo,20051115,6.77,47.43,6.5374,28.29,5.02,6.19,56.55,0.02
galkayo,20051116,6.77,47.43,6.0127,28.31,5.39,6.55,57.39,0.01
galkayo,20051117,6.77,47.43,5.7778,28.79,5.05,6.23,58.34,0.13
galkayo,20051118,6.77,47.43,5.9215,28.52,4.79,5.98,56.12,0.06
galkayo,20051119,6.77,47.43,6.3494,28.72,4.31,5.48,54.79,0.01
galkayo,20051120,6.77,47.43,6.3862,28.62,4.39,5.56,56.04,0.04
galkayo,20051121,6.77,47.43,6.3449,28.51,4.98,6.37,54.81,0.13
galkayo,20051122,6.77,47.43,6.1999,28.23,5.66,7.42,51.52,0.18
galkayo,20051123,6.77,47.43,5.6016,27.67,6.41,8.21,53.43,0.06
galkayo,20051124,6.77,47.43,6.3067,27.6,6.17,8.01,50.49,0.01
galkayo,20051125,6.77,47.43,6.7562,27.02,5.53,7.73,43.02,0.0
galkayo,20051126,6.77,47.43,6.8705,26.2,5.86,8.23,43.69,0.0
galkayo,20051127,6.77,47.43,6.8126,26.33,5.36,7.55,45.03,0.0
galkayo,20051128,6.77,47.43,6.7277,26.07,5.46,7.59,47.23,0.0
galkayo,20051129,6.77,47.43,6.775,25.68,4.74,6.84,46.91,0.0
galkayo,20051130,6.77,47.43,6.6161,26.05,4.56,6.49,46.25,0.0
galkayo,20051201,6.77,47.43,6.4241,26.12,4.25,6.11,50.49,0.07
galkayo,20051202,6.77,47.43,6.5177,26.05,5.1,7.28,48.36,0.0
galkayo,20051203,6.77,47.43,6.6096,25.88,5.35,7.48,46.43,0.0
galkayo,20051204,6.77,47.43,6.5266,25.66,5.35,7.47,46.88,0.0
galkayo,20051205,6.77,47.43,6.5623,25.71,5.14,7.27,48.43,0.0
galkayo,20051206,6.77,47.43,6.5225,26.03,5.29,7.32,53.21,0.0
galkayo,20051207,6.77,47.43,4.1405,27.23,5.92,7.73,56.99,0.0
galkayo,20051208,6.77,47.43,5.7708,27.99,6.23,7.92,56.42,0.0
galkayo,20051209,6.77,47.43,5.9741,28.32,5.95,7.43,58.06,0.0
galkayo,20051210,6.77,47.43,6.323,27.56,5.47,7.31,49.45,0.0
galkayo,20051211,6.77,47.43,6.7459,24.85,6.05,8.47,46.97,0.0
galkayo,20051212,6.77,47.43,6.7123,24.28,6.03,8.45,52.25,0.0
galkayo,20051213,6.77,47.43,6.4392,24.79,5.87,8.02,57.58,0.0
galkayo,20051214,6.77,47.43,6.635,25.0,5.48,7.52,54.5,0.0
galkayo,20051215,6.77,47.43,6.6355,25.25,5.01,6.93,55.35,0.0
galkayo,20051216,6.77,47.43,6.6254,25.38,5.0,6.88,55.01,0.0
galkayo,20051217,6.77,47.43,6.6749,25.91,4.88,6.56,57.52,0.0
galkayo,20051218,6.77,47.43,6.6264,26.17,4.96,6.77,52.66,0.0
galkayo,20051219,6.77,47.43,6.6235,25.7,5.14,7.04,54.49,0.0
galkayo,20051220,6.77,47.43,6.6401,25.35,5.38,7.49,48.21,0.0
galkayo,20051221,6.77,47.43,6.7349,24.7,6.03,8.2,49.47,0.0
galkayo,20051222,6.77,47.43,6.4752,24.58,5.31,7.2,54.87,0.0
galkayo,20051223,6.77,47.43,6.6242,24.71,5.35,7.33,52.81,0.0
galkayo,20051224,6.77,47.43,6.3317,25.21,5.29,7.21,54.71,0.0
galkayo,20051225,6.77,47.43,6.6936,24.86,5.36,7.3,54.05,0.0
galkayo,20051226,6.77,47.43,6.7286,24.73,4.87,6.82,53.07,0.0
galkayo,20051227,6.77,47.43,6.6379,25.12,6.05,8.14,53.79,0.0
galkayo,20051228,6.77,47.43,6.3734,25.13,6.61,8.84,53.16,0.0
galkayo,20051229,6.77,47.43,5.4809,25.21,7.32,9.43,58.52,0.0
galkayo,20051230,6.77,47.43,6.1027,25.41,7.06,9.08,52.95,0.0
galkayo,20051231,6.77,47.43,6.415,25.21,6.2,8.08,56.16,0.0
galkayo,20060101,6.77,47.43,6.3106,25.46,6.68,8.71,50.49,0.0
galkayo,20060102,6.77,47.43,6.5357,24.35,5.9,8.0,45.49,0.0
galkayo,20060103,6.77,47.43,6.6934,24.13,6.06,8.2,48.71,0.0
galkayo,20060104,6.77,47.43,6.4116,25.05,7.15,9.12,59.25,0.0
galkayo,20060105,6.77,47.43,6.5662,25.11,6.49,8.57,51.23,0.0
galkayo,20060106,6.77,47.43,6.5064,25.21,6.39,8.47,50.39,0.0
galkayo,20060107,6.77,47.43,6.5227,24.3,6.05,8.16,52.52,0.0
galkayo,20060108,6.77,47.43,6.7334,24.21,5.55,7.42,53.63,0.0
galkayo,20060109,6.77,47.43,6.397,25.08,4.88,6.47,56.27,0.0
galkayo,20060110,6.77,47.43,6.5167,26.17,5.68,7.27,56.01,0.0
galkayo,20060111,6.77,47.43,6.571,26.68,5.76,7.33,55.98,0.0
galkayo,20060112,6.77,47.43,6.1478,26.81,6.68,8.23,63.6,0.0
galkayo,20060113,6.77,47.43,6.3228,26.59,5.65,7.02,58.83,0.0
galkayo,20060114,6.77,47.43,6.7877,26.11,4.19,5.5,56.54,0.0
galkayo,20060115,6.77,47.43,6.8551,26.45,3.9,5.15,54.82,0.0
galkayo,20060116,6.77,47.43,6.7531,26.45,4.37,5.67,54.96,0.02
galkayo,20060117,6.77,47.43,6.7399,25.94,5.46,7.07,53.51,0.0
galkayo,20060118,6.77,47.43,6.6814,26.2,5.62,7.1,55.45,0.0
galkayo,20060119,6.77,47.43,6.1392,27.68,6.62,8.31,58.35,0.06
galkayo,20060120,6.77,47.43,5.2123,26.89,7.5,9.35,60.94,0.39
galkayo,20060121,6.77,47.43,6.3528,26.38,7.25,9.1,58.68,0.18
galkayo,20060122,6.77,47.43,6.7094,25.84,6.63,8.5,54.08,0.0
galkayo,20060123,6.77,47.43,6.7654,25.35,7.04,9.1,52.54,0.01
galkayo,20060124,6.77,47.43,6.8657,25.14,6.49,8.26,56.97,0.0
galkayo,20060125,6.77,47.43,6.7574,25.11,6.07,7.78,56.74,0.0
galkayo,20060126,6.77,47.43,6.9917,24.75,5.46,7.33,53.75,0.0
galkayo,20060127,6.77,47.43,7.1671,24.94,5.2,6.97,52.52,0.0
galkayo,20060128,6.77,47.43,7.0601,25.4,4.75,6.46,52.79,0.0
galkayo,20060129,6.77,47.43,6.8964,25.96,5.26,6.8,56.81,0.0
galkayo,20060130,6.77,47.43,6.8107,26.65,6.24,7.68,57.77,0.0
galkayo,20060131,6.77,47.43,6.6677,26.58,6.93,8.5,59.02,0.0
galkayo,20060201,6.77,47.43,6.4685,26.39,7.37,9.16,58.77,0.0
galkayo,20060202,6.77,47.43,6.8033,25.48,6.77,8.59,57.91,0.0
galkayo,20060203,6.77,47.43,7.0049,25.32,6.37,8.11,56.99,0.0
galkayo,20060204,6.77,47.43,6.8237,25.65,5.9,7.48,57.22,0.0
galkayo,20060205,6.77,47.43,6.859,25.96,5.78,7.26,57.74,0.0
galkayo,20060206,6.77,47.43,6.7903,25.94,5.45,6.88,56.6,0.0
galkayo,20060207,6.77,47.43,7.049,26.03,5.52,6.99,56.49,0.0
galkayo,20060208,6.77,47.43,6.6715,26.7,6.11,7.51,60.45,0.0
galkayo,20060209,6.77,47.43,7.0181,26.5,6.0,7.54,55.33,0.0
galkayo,20060210,6.77,47.43,7.069,25.42,5.17,6.84,51.16,0.0
galkayo,20060211,6.77,47.43,7.2168,25.66,4.63,6.15,53.76,0.0
galkayo,20060212,6.77,47.43,7.1194,26.22,5.57,6.87,55.95,0.0
galkayo,20060213,6.77,47.43,6.3211,26.47,5.87,7.16,57.14,0.0
galkayo,20060214,6.77,47.43,6.5741,26.49,5.69,7.05,57.12,0.0
galkayo,20060215,6.77,47.43,6.72,26.38,4.77,6.06,55.55,0.0
galkayo,20060216,6.77,47.43,7.1861,27.18,4.3,5.39,55.16,0.0
galkayo,20060217,6.77,47.43,6.8863,27.84,5.36,6.41,56.69,0.0
galkayo,20060218,6.77,47.43,6.9934,27.88,6.12,7.29,55.64,0.0
galkayo,20060219,6.77,47.43,6.7289,27.82,6.84,8.19,57.34,0.0
galkayo,20060220,6.77,47.43,7.1887,27.22,6.43,7.87,52.47,0.0
galkayo,20060221,6.77,47.43,7.1326,27.21,6.14,7.5,55.34,0.0
galkayo,20060222,6.77,47.43,7.1976,27.19,6.06,7.38,54.48,0.0
galkayo,20060223,6.77,47.43,7.1748,27.31,5.09,6.26,54.24,0.0
galkayo,20060224,6.77,47.43,7.1597,27.97,5.45,6.7,55.61,0.0
galkayo,20060225,6.77,47.43,6.9401,28.72,6.69,8.2,52.62,1.78
galkayo,20060226,6.77,47.43,6.0742,27.69,7.8,9.6,49.33,0.62
galkayo,20060227,6.77,47.43,7.0798,25.5,6.44,8.61,32.36,0.0
galkayo,20060228,6.77,47.43,7.6289,24.84,6.37,8.43,42.61,0.0
galkayo,20060301,6.77,47.43,7.4942,26.14,6.48,8.35,50.34,0.0
galkayo,20060302,6.77,47.43,7.4491,26.25,5.65,7.6,45.95,0.0
galkayo,20060303,6.77,47.43,7.6889,25.78,5.99,8.26,39.91,0.0
galkayo,20060304,6.77,47.43,7.5751,25.6,6.01,7.9,47.74,0.0
galkayo,20060305,6.77,47.43,7.3406,27.01,5.93,7.33,56.35,0.0
galkayo,20060306,6.77,47.43,5.1564,28.18,5.91,7.05,61.75,0.13
galkayo,20060307,6.77,47.43,6.949,28.88,5.73,6.81,59.17,0.29
galkayo,20060308,6.77,47.43,7.3135,28.61,5.82,6.96,57.09,0.02
galkayo,20060309,6.77,47.43,7.3092,28.8,6.29,7.52,55.29,0.01
galkayo,20060310,6.77,47.43,7.1306,27.93,6.62,7.9,56.79,0.0
galkayo,20060311,6.77,47.43,7.164,28.45,5.63,6.75,56.84,0.01
galkayo,20060312,6.77,47.43,6.7282,28.4,5.79,6.85,57.53,0.02
galkayo,20060313,6.77,47.43,6.444,28.25,5.45,6.48,57.54,0.11
galkayo,20060314,6.77,47.43,7.1112,28.72,4.84,5.8,57.05,0.22
galkayo,20060315,6.77,47.43,6.3883,28.88,5.02,5.96,54.42,0.33
galkayo,20060316,6.77,47.43,7.2672,28.48,5.49,6.52,53.56,0.01
galkayo,20060317,6.77,47.43,7.4297,27.94,5.41,6.42,55.58,0.01
galkayo,20060318,6.77,47.43,7.3745,28.54,4.55,5.51,54.45,0.02
galkayo,20060319,6.77,47.43,6.1354,28.88,4.95,5.9,55.27,0.47
galkayo,20060320,6.77,47.43,6.6314,28.81,5.69,6.81,54.99,0.15
galkayo,20060321,6.77,47.43,6.6821,28.65,5.78,6.98,53.83,0.02
galkayo,20060322,6.77,47.43,7.2715,28.76,6.15,7.32,58.99,0.39
galkayo,20060323,6.77,47.43,7.3087,28.85,5.83,7.05,58.57,2.21
galkayo,20060324,6.77,47.43,7.6466,28.65,6.2,7.6,53.3,0.0
galkayo,20060325,6.77,47.43,7.7506,27.61,6.25,7.71,52.22,0.04
galkayo,20060326,6.77,47.43,7.1369,27.62,5.8,7.25,57.12,0.14
galkayo,20060327,6.77,47.43,7.416,27.98,5.59,6.92,57.24,0.01
galkayo,20060328,6.77,47.43,7.4674,28.4,4.56,5.84,54.34,0.01
galkayo,20060329,6.77,47.43,7.3526,29.43,3.99,5.04,53.93,0.01
galkayo,20060330,6.77,47.43,6.6881,29.61,4.18,5.08,52.39,0.08
galkayo,20060331,6.77,47.43,6.739,29.82,4.25,5.17,52.15,0.16
galkayo,20060401,6.77,47.43,6.2921,29.22,5.29,6.25,56.04,0.41
galkayo,20060402,6.77,47.43,5.7583,28.55,5.74,6.74,58.13,0.12
galkayo,20060403,6.77,47.43,6.2088,28.32,5.59,6.76,52.17,0.02
galkayo,20060404,6.77,47.43,7.3838,27.91,5.28,6.66,51.88,0.01
galkayo,20060405,6.77,47.43,6.2083,28.66,6.02,7.24,58.14,0.39
galkayo,20060406,6.77,47.43,7.0536,28.85,5.51,6.64,56.61,1.28
galkayo,20060407,6.77,47.43,7.0759,28.89,4.95,6.03,55.63,0.57
galkayo,20060408,6.77,47.43,7.3685,28.89,4.71,5.72,55.18,0.0
galkayo,20060409,6.77,47.43,7.5346,29.08,6.42,7.7,55.36,0.29
galkayo,20060410,6.77,47.43,7.5962,28.31,6.09,7.45,51.69,0.04
galkayo,20060411,6.77,47.43,7.5324,28.38,5.5,6.76,53.12,0.0
galkayo,20060412,6.77,47.43,7.6282,28.64,4.6,5.75,53.01,0.0
galkayo,20060413,6.77,47.43,7.4712,28.72,4.38,5.51,52.64,0.0
galkayo,20060414,6.77,47.43,7.625,28.75,4.85,5.99,53.94,0.0
galkayo,20060415,6.77,47.43,7.4045,29.06,4.51,5.75,52.71,0.0
galkayo,20060416,6.77,47.43,7.2864,29.01,4.04,5.17,51.64,0.0
galkayo,20060417,6.77,47.43,7.355,29.49,3.97,4.85,53.61,0.0
galkayo,20060418,6.77,47.43,7.1081,30.5,4.58,5.45,55.13,0.24
galkayo,20060419,6.77,47.43,6.5186,29.95,4.52,5.28,58.37,1.1
galkayo,20060420,6.77,47.43,4.5182,28.61,4.83,5.7,62.94,1.45
galkayo,20060421,6.77,47.43,5.4036,29.08,4.5,5.33,58.98,2.13
galkayo,20060422,6.77,47.43,6.6449,28.78,3.98,4.66,61.01,0.07
galkayo,20060423,6.77,47.43,7.0368,29.14,2.56,3.44,57.45,0.01
galkayo,20060424,6.77,47.43,7.1978,29.72,3.72,5.01,58.31,3.06
galkayo,20060425,6.77,47.43,5.8865,29.26,4.35,5.91,61.44,3.55
galkayo,20060426,6.77,47.43,7.0229,28.14,4.41,5.53,64.0,0.0
galkayo,20060427,6.77,47.43,7.0142,29.31,3.57,4.67,60.76,0.0
galkayo,20060428,6.77,47.43,4.5859,28.66,4.1,4.92,66.76,0.0
galkayo,20060429,6.77,47.43,6.7373,28.13,3.27,4.15,65.79,0.0
galkayo,20060430,6.77,47.43,7.2367,29.75,4.09,5.07,57.47,0.0
galkayo,20060501,6.77,47.43,7.4278,29.09,4.34,5.41,54.4,0.0
galkayo,20060502,6.77,47.43,7.5307,29.39,3.47,4.53,53.68,0.0
galkayo,20060503,6.77,47.43,7.4602,29.96,3.67,4.75,52.69,0.0
galkayo,20060504,6.77,47.43,7.1441,30.48,4.36,5.46,51.34,0.0
galkayo,20060505,6.77,47.43,7.4758,30.02,5.06,6.06,56.22,0.0
galkayo,20060506,6.77,47.43,7.4486,29.98,4.72,5.81,52.05,0.01
galkayo,20060507,6.77,47.43,7.4834,30.38,4.64,5.72,52.86,0.06
galkayo,20060508,6.77,47.43,7.4544,30.79,3.81,4.84,49.82,0.02
galkayo,20060509,6.77,47.43,7.3997,30.35,4.28,5.31,51.95,0.0
galkayo,20060510,6.77,47.43,7.4582,30.59,3.59,4.48,50.63,0.01
galkayo,20060511,6.77,47.43,7.3198,30.72,3.44,4.44,48.61,0.36
galkayo,20060512,6.77,47.43,7.2434,30.24,3.57,4.64,48.65,0.04
galkayo,20060513,6.77,47.43,6.7414,30.87,4.11,5.24,49.29,0.99
galkayo,20060514,6.77,47.43,6.6322,29.16,5.45,6.73,57.75,1.95
galkayo,20060515,6.77,47.43,6.7394,29.97,4.28,5.73,53.0,0.94
galkayo,20060516,6.77,47.43,5.7598,28.54,4.52,6.29,62.85,3.29
galkayo,20060517,6.77,47.43,5.0678,27.85,4.52,6.26,67.45,4.6
galkayo,20060518,6.77,47.43,6.8532,28.14,4.71,6.5,66.35,2.23
galkayo,20060519,6.77,47.43,6.7162,27.18,4.98,6.97,70.31,4.46
galkayo,20060520,6.77,47.43,6.5275,27.45,4.88,6.79,68.53,1.78
galkayo,20060521,6.77,47.43,7.1892,28.31,4.3,6.07,63.37,0.01
galkayo,20060522,6.77,47.43,7.0128,29.17,5.7,7.62,57.93,0.01
galkayo,20060523,6.77,47.43,7.248,29.72,6.56,8.85,49.9,0.02
galkayo,20060524,6.77,47.43,7.0469,29.73,6.25,8.7,50.32,0.02
galkayo,20060525,6.77,47.43,7.0522,29.9,6.86,9.17,48.03,0.02
galkayo,20060526,6.77,47.43,6.8916,30.49,6.9,8.96,47.88,0.11
galkayo,20060527,6.77,47.43,6.5755,29.72,7.63,9.95,51.98,0.35
galkayo,20060528,6.77,47.43,6.2753,29.69,7.88,10.07,52.47,0.26
galkayo,20060529,6.77,47.43,5.9885,29.32,8.27,10.41,55.19,0.39
galkayo,20060530,6.77,47.43,6.0946,30.02,8.84,11.2,50.39,0.16
galkayo,20060531,6.77,47.43,5.7922,29.84,9.51,11.94,51.25,0.16
galkayo,20060601,6.77,47.43,5.1427,29.28,9.08,11.52,52.1,0.25
galkayo,20060602,6.77,47.43,5.9506,29.94,9.01,11.43,45.97,0.12
galkayo,20060603,6.77,47.43,6.3845,29.88,8.17,10.38,49.76,0.17
galkayo,20060604,6.77,47.43,6.4973,29.76,8.09,10.09,52.57,0.32
galkayo,20060605,6.77,47.43,6.2635,29.27,7.61,9.7,49.43,0.07
galkayo,20060606,6.77,47.43,7.0368,29.56,7.73,10.15,42.94,0.0
galkayo,20060607,6.77,47.43,7.0334,30.42,8.02,10.33,45.05,0.03
galkayo,20060608,6.77,47.43,6.3259,30.3,7.56,9.61,49.59,0.07
galkayo,20060609,6.77,47.43,6.7946,30.55,6.95,8.88,45.03,0.0
galkayo,20060610,6.77,47.43,6.8993,30.67,6.31,8.24,44.59,0.0
galkayo,20060611,6.77,47.43,7.0344,31.38,6.66,8.52,46.07,0.02
galkayo,20060612,6.77,47.43,6.5966,29.94,7.51,9.28,54.3,0.04
galkayo,20060613,6.77,47.43,6.7181,28.57,7.05,8.99,53.82,0.02
galkayo,20060614,6.77,47.43,6.7512,28.83,7.28,9.39,51.11,0.01
galkayo,20060615,6.77,47.43,6.8573,28.05,6.92,9.02,52.17,0.11
galkayo,20060616,6.77,47.43,6.9305,29.53,6.82,8.94,44.97,0.0
galkayo,20060617,6.77,47.43,7.0471,29.74,6.71,9.23,40.87,0.02
galkayo,20060618,6.77,47.43,7.0567,30.43,8.28,10.46,45.81,0.36
galkayo,20060619,6.77,47.43,6.9926,30.72,8.85,11.18,44.71,0.14
galkayo,20060620,6.77,47.43,6.7385,29.78,9.05,11.6,47.61,0.0
galkayo,20060621,6.77,47.43,6.4392,29.9,9.64,12.21,45.49,0.0
galkayo,20060622,6.77,47.43,6.9096,30.26,9.0,11.6,37.36,0.0
galkayo,20060623,6.77,47.43,5.6422,29.71,10.19,12.79,44.13,0.0
galkayo,20060624,6.77,47.43,5.7516,29.31,9.97,12.5,45.61,0.0
galkayo,20060625,6.77,47.43,5.6657,29.4,9.85,12.36,44.43,0.0
galkayo,20060626,6.77,47.43,4.7928,28.92,9.81,12.24,48.68,0.0
galkayo,20060627,6.77,47.43,5.4631,28.98,9.85,12.38,44.66,0.0
galkayo,20060628,6.77,47.43,5.6472,28.97,10.21,12.81,46.03,0.0
galkayo,20060629,6.77,47.43,5.0004,28.86,10.07,12.62,47.26,0.0
galkayo,20060630,6.77,47.43,5.2939,28.46,10.14,12.59,52.19,0.56
galkayo,20060701,6.77,47.43,4.1762,27.71,9.68,12.05,53.07,0.65
galkayo,20060702,6.77,47.43,5.0743,27.61,9.21,11.46,51.97,0.89
galkayo,20060703,6.77,47.43,5.3842,27.76,8.99,11.3,51.96,0.3
galkayo,20060704,6.77,47.43,5.3856,27.78,8.55,10.83,52.95,0.66
galkayo,20060705,6.77,47.43,5.4425,27.85,8.69,10.92,52.23,0.13
galkayo,20060706,6.77,47.43,4.8977,27.86,9.02,11.32,52.71,0.35
galkayo,20060707,6.77,47.43,3.9211,27.31,8.46,10.66,54.96,0.73
galkayo,20060708,6.77,47.43,4.5902,27.63,8.59,10.75,53.36,0.27
galkayo,20060709,6.77,47.43,5.0369,28.17,9.28,11.59,51.28,1.14
galkayo,20060710,6.77,47.43,4.4318,27.66,9.8,12.14,52.98,0.18
galkayo,20060711,6.77,47.43,4.2593,27.52,9.71,12.12,50.47,0.03
galkayo,20060712,6.77,47.43,3.9521,27.49,10.2,12.66,51.49,0.04
galkayo,20060713,6.77,47.43,6.2659,27.6,9.23,11.57,48.98,0.0
galkayo,20060714,6.77,47.43,5.7233,27.9,8.71,10.92,50.09,0.01
galkayo,20060715,6.77,47.43,5.8042,28.42,8.54,10.7,49.64,0.52
galkayo,20060716,6.77,47.43,6.3348,28.93,8.32,10.3,48.89,0.1
galkayo,20060717,6.77,47.43,6.7846,29.07,8.55,10.75,46.41,0.03
galkayo,20060718,6.77,47.43,6.7402,28.87,9.19,11.42,50.29,1.53
galkayo,20060719,6.77,47.43,6.2789,28.68,9.26,11.59,50.85,0.44
galkayo,20060720,6.77,47.43,6.6862,28.51,8.59,11.11,45.95,0.0
galkayo,20060721,6.77,47.43,6.091,28.66,9.06,11.44,48.47,0.0
galkayo,20060722,6.77,47.43,6.5642,28.75,8.93,11.13,48.12,0.0
galkayo,20060723,6.77,47.43,4.9488,28.34,8.52,10.49,51.65,0.0
galkayo,20060724,6.77,47.43,6.4925,28.09,8.05,9.81,51.08,0.0
galkayo,20060725,6.77,47.43,6.8369,28.94,8.55,10.62,47.58,0.0
galkayo,20060726,6.77,47.43,6.4531,28.02,9.72,11.85,53.63,0.0
galkayo,20060727,6.77,47.43,5.1614,27.66,9.1,11.21,49.85,0.0
galkayo,20060728,6.77,47.43,5.328,27.05,8.84,10.87,54.47,0.0
galkayo,20060729,6.77,47.43,6.8657,28.05,8.84,11.04,48.55,0.0
galkayo,20060730,6.77,47.43,6.8647,28.28,8.66,10.96,44.43,0.01
galkayo,20060731,6.77,47.43,5.9918,26.74,8.04,10.27,54.7,0.16
galkayo,20060801,6.77,47.43,6.69,28.3,8.71,10.85,48.73,0.05
galkayo,20060802,6.77,47.43,7.0423,28.4,8.08,10.23,45.9,0.01
galkayo,20060803,6.77,47.43,7.1081,28.96,7.62,9.66,46.74,0.0
galkayo,20060804,6.77,47.43,7.0622,29.31,8.07,10.04,46.75,0.01
galkayo,20060805,6.77,47.43,6.7997,29.2,8.47,10.51,49.95,0.84
galkayo,20060806,6.77,47.43,6.1394,28.06,8.69,10.84,59.37,7.35
galkayo,20060807,6.77,47.43,6.4651,26.4,9.22,11.45,63.34,2.54
galkayo,20060808,6.77,47.43,6.5806,26.25,8.2,10.47,61.28,0.63
galkayo,20060809,6.77,47.43,7.0807,27.67,6.99,9.06,54.83,0.0
galkayo,20060810,6.77,47.43,7.3327,27.95,7.96,10.13,51.05,0.0
galkayo,20060811,6.77,47.43,7.0248,28.25,9.19,11.35,53.88,0.02
galkayo,20060812,6.77,47.43,7.2936,28.3,9.25,11.55,47.79,0.0
galkayo,20060813,6.77,47.43,6.9725,27.97,9.31,11.38,56.5,0.2
galkayo,20060814,6.77,47.43,5.1187,28.01,9.75,11.95,55.46,0.88
galkayo,20060815,6.77,47.43,7.1779,27.65,9.0,11.56,44.19,0.01
galkayo,20060816,6.77,47.43,6.4682,28.46,9.49,11.7,53.34,0.93
galkayo,20060817,6.77,47.43,5.9206,28.7,9.5,11.68,49.8,0.05
galkayo,20060818,6.77,47.43,6.9331,27.94,9.1,11.46,45.09,0.05
galkayo,20060819,6.77,47.43,5.6827,27.73,8.74,10.81,50.6,0.0
galkayo,20060820,6.77,47.43,5.4348,28.14,8.54,10.54,50.2,0.0
galkayo,20060821,6.77,47.43,6.228,28.04,9.1,11.22,49.28,0.0
galkayo,20060822,6.77,47.43,5.1936,28.13,8.9,11.03,49.22,0.0
galkayo,20060823,6.77,47.43,6.929,28.65,9.4,11.57,47.01,0.0
galkayo,20060824,6.77,47.43,5.8704,27.93,8.58,10.49,54.19,0.01
galkayo,20060825,6.77,47.43,5.532,28.26,8.21,10.02,52.74,0.0
galkayo,20060826,6.77,47.43,7.2756,29.05,7.05,8.85,47.27,0.0
galkayo,20060827,6.77,47.43,7.1345,29.61,7.45,9.18,49.91,0.04
galkayo,20060828,6.77,47.43,7.2254,30.06,7.86,9.78,48.1,0.0
galkayo,20060829,6.77,47.43,6.7106,29.06,8.68,10.53,56.54,2.61
galkayo,20060830,6.77,47.43,7.3838,29.05,7.49,9.24,53.3,0.11
galkayo,20060831,6.77,47.43,7.3414,28.78,8.11,9.89,55.98,0.59
galkayo,20060901,6.77,47.43,6.6583,28.28,8.03,9.91,54.19,1.4
galkayo,20060902,6.77,47.43,6.5726,28.32,8.16,9.98,54.79,0.55
galkayo,20060903,6.77,47.43,6.8035,28.57,7.17,8.99,52.7,0.28
galkayo,20060904,6.77,47.43,6.9878,29.25,8.38,10.26,50.72,0.24
galkayo,20060905,6.77,47.43,6.0708,28.73,9.02,11.06,52.79,0.38
galkayo,20060906,6.77,47.43,6.9818,28.46,9.19,11.47,44.11,0.01
galkayo,20060907,6.77,47.43,7.2833,27.88,8.72,10.95,42.93,0.01
galkayo,20060908,6.77,47.43,6.5858,28.15,9.16,11.38,47.45,0.13
galkayo,20060909,6.77,47.43,7.1333,28.4,8.58,10.85,44.26,0.0
galkayo,20060910,6.77,47.43,7.374,28.99,8.58,10.69,45.83,0.01
galkayo,20060911,6.77,47.43,7.2348,29.5,8.85,11.03,44.44,0.02
galkayo,20060912,6.77,47.43,6.923,29.61,8.59,10.63,46.4,0.05
galkayo,20060913,6.77,47.43,7.0963,29.84,8.37,10.5,45.7,0.0
galkayo,20060914,6.77,47.43,7.3001,29.65,8.1,10.23,45.68,0.0
galkayo,20060915,6.77,47.43,7.3894,30.23,7.91,10.01,43.85,0.0
galkayo,20060916,6.77,47.43,7.127,30.52,8.08,10.06,43.33,0.02
galkayo,20060917,6.77,47.43,6.301,30.74,7.23,9.08,46.64,0.02
galkayo,20060918,6.77,47.43,7.039,30.89,6.91,8.54,48.37,0.15
galkayo,20060919,6.77,47.43,7.1045,30.41,6.12,7.52,51.75,0.18
galkayo,20060920,6.77,47.43,4.5422,28.9,6.47,7.92,58.83,0.49
galkayo,20060921,6.77,47.43,4.9282,29.13,7.27,8.9,54.62,0.14
galkayo,20060922,6.77,47.43,6.3103,29.11,7.6,9.59,51.65,0.17
galkayo,20060923,6.77,47.43,7.0022,29.48,7.52,9.44,48.2,0.0
galkayo,20060924,6.77,47.43,7.2473,29.56,6.42,8.07,50.1,0.0
galkayo,20060925,6.77,47.43,6.9425,29.79,6.51,8.02,50.21,0.0
galkayo,20060926,6.77,47.43,6.8736,29.34,5.98,7.44,50.65,0.0
galkayo,20060927,6.77,47.43,7.2026,30.07,5.56,7.03,46.03,0.0
galkayo,20060928,6.77,47.43,7.296,30.49,5.49,6.95,44.65,0.06
galkayo,20060929,6.77,47.43,6.5254,30.46,5.53,7.1,49.01,0.52
galkayo,20060930,6.77,47.43,5.6616,29.4,6.68,8.02,57.38,1.48
galkayo,20061001,6.77,47.43,5.7758,29.06,5.69,7.34,54.15,0.88
galkayo,20061002,6.77,47.43,7.1285,30.17,4.3,5.67,49.4,0.52
galkayo,20061003,6.77,47.43,7.0488,29.34,3.95,5.06,55.39,0.13
galkayo,20061004,6.77,47.43,5.5421,30.23,4.32,5.54,52.98,0.15
galkayo,20061005,6.77,47.43,6.7706,30.52,5.35,6.51,53.54,0.11
galkayo,20061006,6.77,47.43,5.7149,29.85,5.91,7.25,54.53,0.12
galkayo,20061007,6.77,47.43,6.9756,30.13,5.94,7.41,51.89,0.05
galkayo,20061008,6.77,47.43,6.2172,30.56,5.76,7.22,51.78,0.55
galkayo,20061009,6.77,47.43,6.1927,28.91,5.07,6.39,57.74,0.54
galkayo,20061010,6.77,47.43,6.2042,29.77,5.38,6.78,51.75,0.8
galkayo,20061011,6.77,47.43,6.7738,29.28,5.51,6.95,52.85,0.41
galkayo,20061012,6.77,47.43,5.322,28.85,5.16,6.22,57.31,0.23
galkayo,20061013,6.77,47.43,6.3281,28.96,4.76,5.68,57.38,0.05
galkayo,20061014,6.77,47.43,5.8327,29.07,4.81,5.67,57.72,0.1
galkayo,20061015,6.77,47.43,6.5933,28.78,3.59,4.27,56.49,0.13
galkayo,20061016,6.77,47.43,6.4034,28.87,4.42,5.22,57.02,0.03
galkayo,20061017,6.77,47.43,6.2765,28.85,4.87,5.79,53.56,0.01
galkayo,20061018,6.77,47.43,6.577,28.82,5.13,6.18,56.67,0.25
galkayo,20061019,6.77,47.43,4.5538,27.14,4.98,5.97,66.89,2.09
galkayo,20061020,6.77,47.43,6.0958,28.08,5.09,6.07,60.38,0.88
galkayo,20061021,6.77,47.43,5.3162,28.9,5.17,6.32,59.47,1.25
galkayo,20061022,6.77,47.43,6.1034,27.67,5.5,6.59,63.58,0.83
galkayo,20061023,6.77,47.43,4.8804,27.17,2.58,3.43,65.73,7.14
galkayo,20061024,6.77,47.43,5.1262,24.72,5.27,7.0,78.21,6.24
galkayo,20061025,6.77,47.43,3.7351,24.57,8.0,10.22,83.37,8.89
galkayo,20061026,6.77,47.43,5.9465,25.11,4.09,5.71,78.44,4.94
galkayo,20061027,6.77,47.43,6.4877,26.67,2.86,4.12,72.45,7.49
galkayo,20061028,6.77,47.43,6.2546,26.17,2.91,3.71,74.57,1.55
galkayo,20061029,6.77,47.43,5.2889,25.35,4.13,5.46,68.54,0.71
galkayo,20061030,6.77,47.43,6.7457,26.19,4.37,5.73,68.22,0.04
galkayo,20061031,6.77,47.43,6.7111,26.8,4.78,6.28,63.88,0.0
galkayo,20061101,6.77,47.43,6.7853,27.18,4.58,6.13,62.61,0.0
galkayo,20061102,6.77,47.43,6.5657,26.93,4.18,5.75,63.34,0.03
galkayo,20061103,6.77,47.43,6.8722,26.1,4.26,6.08,59.09,0.0
galkayo,20061104,6.77,47.43,6.9046,26.46,4.44,6.17,61.17,0.0
galkayo,20061105,6.77,47.43,6.4298,27.82,5.06,6.45,63.26,0.01
galkayo,20061106,6.77,47.43,6.6252,28.62,5.53,7.04,58.97,0.01
galkayo,20061107,6.77,47.43,5.2051,27.77,5.69,7.14,66.01,1.98
galkayo,20061108,6.77,47.43,5.7593,26.81,4.12,5.1,72.63,1.68
galkayo,20061109,6.77,47.43,5.557,26.34,3.33,4.67,76.08,3.78
galkayo,20061110,6.77,47.43,5.1271,25.11,3.74,5.31,83.66,5.48
galkayo,20061111,6.77,47.43,6.1344,26.79,4.97,6.67,67.08,2.07
galkayo,20061112,6.77,47.43,6.5446,27.6,4.35,5.9,63.37,0.39
galkayo,20061113,6.77,47.43,6.2784,27.89,4.72,6.09,64.12,0.86
galkayo,20061114,6.77,47.43,6.3149,27.66,5.33,6.88,61.35,0.69
galkayo,20061115,6.77,47.43,6.4675,27.66,4.09,5.45,59.01,0.02
galkayo,20061116,6.77,47.43,5.6928,27.63,3.71,4.97,60.66,0.3
galkayo,20061117,6.77,47.43,5.8262,27.92,3.44,4.48,62.79,0.73
galkayo,20061118,6.77,47.43,5.3522,27.2,4.73,6.12,62.68,0.87
galkayo,20061119,6.77,47.43,6.4068,27.58,3.3,4.84,52.07,0.0
galkayo,20061120,6.77,47.43,6.3883,28.29,2.99,4.15,55.56,0.12
galkayo,20061121,6.77,47.43,6.1094,28.71,4.15,5.69,56.28,0.97
galkayo,20061122,6.77,47.43,6.383,28.68,4.87,6.67,51.87,0.01
galkayo,20061123,6.77,47.43,6.6737,26.85,5.03,7.15,50.15,0.0
galkayo,20061124,6.77,47.43,6.3941,26.75,4.38,6.52,45.85,0.0
galkayo,20061125,6.77,47.43,6.6576,27.57,3.19,4.71,45.55,0.0
galkayo,20061126,6.77,47.43,6.0319,26.77,2.69,4.12,47.47,0.0
galkayo,20061127,6.77,47.43,6.462,28.27,3.28,4.33,55.41,0.0
galkayo,20061128,6.77,47.43,6.0955,27.75,4.77,6.0,63.08,2.81
galkayo,20061129,6.77,47.43,4.655,25.5,4.84,6.09,68.25,2.45
galkayo,20061130,6.77,47.43,4.4266,25.35,4.95,6.39,72.29,1.24
galkayo,20061201,6.77,47.43,6.5213,26.46,4.41,5.84,69.5,0.73
galkayo,20061202,6.77,47.43,5.9813,26.23,3.41,4.62,71.8,0.95
galkayo,20061203,6.77,47.43,5.7554,26.69,3.56,4.83,73.8,3.03
galkayo,20061204,6.77,47.43,5.9311,25.22,3.97,5.63,79.06,1.3
galkayo,20061205,6.77,47.43,5.7929,25.86,5.24,6.96,73.36,1.01
galkayo,20061206,6.77,47.43,6.0266,26.28,5.89,7.79,63.98,0.14
galkayo,20061207,6.77,47.43,6.337,26.07,6.11,8.04,61.25,0.0
galkayo,20061208,6.77,47.43,6.2628,26.06,5.54,7.45,56.38,0.01
galkayo,20061209,6.77,47.43,5.4823,26.84,5.87,7.59,58.28,0.05
galkayo,20061210,6.77,47.43,5.5781,27.3,5.79,7.59,59.85,0.03
galkayo,20061211,6.77,47.43,6.3523,28.01,5.72,7.42,54.88,0.0
galkayo,20061212,6.77,47.43,5.8001,27.78,5.9,7.59,56.81,0.0
galkayo,20061213,6.77,47.43,6.3334,26.74,6.04,8.12,51.2,0.0
galkayo,20061214,6.77,47.43,6.3905,27.09,6.17,8.1,54.91,0.0
galkayo,20061215,6.77,47.43,5.815,27.48,5.82,7.53,51.3,0.0
galkayo,20061216,6.77,47.43,4.9027,26.29,6.08,8.18,60.23,0.0
galkayo,20061217,6.77,47.43,6.1476,27.81,6.72,8.49,55.88,0.01
galkayo,20061218,6.77,47.43,6.1303,27.52,5.98,7.87,55.15,0.0
galkayo,20061219,6.77,47.43,5.8514,27.08,6.79,9.04,49.09,0.0
galkayo,20061220,6.77,47.43,5.7922,25.93,6.75,9.03,49.79,0.0
galkayo,20061221,6.77,47.43,6.1404,26.73,5.74,7.81,44.5,0.0
galkayo,20061222,6.77,47.43,6.1714,27.24,6.25,7.98,49.08,0.0
galkayo,20061223,6.77,47.43,6.0739,27.14,5.73,7.66,50.12,0.0
galkayo,20061224,6.77,47.43,6.1032,26.81,5.29,6.99,55.18,0.0
galkayo,20061225,6.77,47.43,6.379,26.55,5.51,7.25,54.41,0.0
galkayo,20061226,6.77,47.43,5.9729,26.78,6.57,8.29,52.19,0.0
galkayo,20061227,6.77,47.43,2.9486,26.15,6.02,7.75,54.12,0.03
galkayo,20061228,6.77,47.43,6.1584,26.38,4.89,6.57,50.13,0.0
galkayo,20061229,6.77,47.43,6.355,26.42,5.11,6.91,52.89,0.0
galkayo,20061230,6.77,47.43,6.2345,26.89,5.47,7.31,49.01,0.0
galkayo,20061231,6.77,47.43,5.6758,27.19,6.66,8.5,50.71,0.15
galkayo,20070101,6.77,47.43,4.3802,26.28,7.35,9.08,60.92,0.48
galkayo,20070102,6.77,47.43,5.2361,26.51,6.91,8.62,59.38,0.38
galkayo,20070103,6.77,47.43,6.3103,25.35,8.16,10.44,51.32,0.0
galkayo,20070104,6.77,47.43,6.1582,24.08,8.08,10.48,52.26,0.0
galkayo,20070105,6.77,47.43,6.6432,23.49,7.05,9.4,48.09,0.0
galkayo,20070106,6.77,47.43,6.6288,24.06,5.92,8.17,49.52,0.0
galkayo,20070107,6.77,47.43,6.7092,24.23,5.4,7.63,47.76,0.0
galkayo,20070108,6.77,47.43,6.659,25.06,5.55,7.51,49.54,0.0
galkayo,20070109,6.77,47.43,6.4898,25.38,6.25,8.21,48.33,0.0
galkayo,20070110,6.77,47.43,6.5906,25.16,6.1,8.08,50.87,0.0
galkayo,20070111,6.77,47.43,6.6031,25.11,6.26,8.23,49.6,0.0
galkayo,20070112,6.77,47.43,6.4822,25.75,6.18,7.79,56.9,0.0
galkayo,20070113,6.77,47.43,5.8003,26.86,6.03,7.46,60.99,0.0
galkayo,20070114,6.77,47.43,6.0326,27.31,6.21,7.65,59.14,0.0
galkayo,20070115,6.77,47.43,6.1536,26.73,6.13,7.69,56.62,0.0
galkayo,20070116,6.77,47.43,6.707,25.96,5.37,6.95,54.83,0.0
galkayo,20070117,6.77,47.43,6.659,26.78,5.68,7.17,56.94,0.0
galkayo,20070118,6.77,47.43,6.5599,26.43,6.89,8.64,52.58,0.0
galkayo,20070119,6.77,47.43,6.6962,25.34,7.06,9.04,55.22,0.0
galkayo,20070120,6.77,47.43,6.7068,25.57,6.62,8.51,54.08,0.0
galkayo,20070121,6.77,47.43,6.7392,25.87,6.18,7.89,55.37,0.0
galkayo,20070122,6.77,47.43,6.5131,26.39,5.81,7.16,60.59,0.0
galkayo,20070123,6.77,47.43,6.455,27.29,6.13,7.47,59.04,0.0
galkayo,20070124,6.77,47.43,6.5779,27.01,6.69,8.39,53.76,0.0
galkayo,20070125,6.77,47.43,6.6677,26.1,7.13,9.0,54.73,0.0
galkayo,20070126,6.77,47.43,6.805,25.69,6.81,8.63,56.69,0.0
galkayo,20070127,6.77,47.43,6.7272,26.08,6.59,8.36,58.41,0.0
galkayo,20070128,6.77,47.43,6.558,26.3,6.7,8.41,54.1,0.0
galkayo,20070129,6.77,47.43,6.8498,25.76,6.15,7.74,55.86,0.0
galkayo,20070130,6.77,47.43,6.7368,26.46,6.3,7.77,57.08,0.0
galkayo,20070131,6.77,47.43,6.673,26.38,6.33,7.79,56.6,0.02
galkayo,20070201,6.77,47.43,6.9031,26.54,5.7,7.32,58.19,0.01
galkayo,20070202,6.77,47.43,6.3782,27.86,6.19,7.77,58.47,0.06
galkayo,20070203,6.77,47.43,6.8717,27.72,6.22,7.69,57.77,0.1
galkayo,20070204,6.77,47.43,6.3576,26.78,6.43,7.93,60.8,0.01
galkayo,20070205,6.77,47.43,6.5393,26.95,6.16,7.69,60.06,0.0
galkayo,20070206,6.77,47.43,7.0082,26.86,6.1,7.68,56.69,0.0
galkayo,20070207,6.77,47.43,7.1633,26.26,5.84,7.51,54.21,0.0
galkayo,20070208,6.77,47.43,7.2523,25.83,4.88,6.45,54.94,0.0
galkayo,20070209,6.77,47.43,6.809,26.48,5.22,6.64,57.27,0.0
galkayo,20070210,6.77,47.43,7.2761,25.88,5.52,7.24,52.02,0.0
galkayo,20070211,6.77,47.43,7.3111,25.99,5.31,7.02,52.52,0.0
galkayo,20070212,6.77,47.43,7.2934,26.49,5.83,7.57,53.41,0.0
galkayo,20070213,6.77,47.43,7.0994,26.52,5.13,6.65,55.42,0.0
galkayo,20070214,6.77,47.43,6.9842,27.28,5.15,6.45,56.25,0.0
galkayo,20070215,6.77,47.43,6.5741,27.35,5.1,6.31,58.02,0.0
galkayo,20070216,6.77,47.43,7.2377,28.06,5.91,7.2,55.47,0.04
galkayo,20070217,6.77,47.43,7.0565,27.58,6.47,7.88,57.52,0.11
galkayo,20070218,6.77,47.43,7.1563,27.67,6.09,7.43,58.39,0.01
galkayo,20070219,6.77,47.43,7.2322,27.77,5.97,7.32,55.15,0.03
galkayo,20070220,6.77,47.43,7.133,27.73,6.68,8.13,55.44,0.01
galkayo,20070221,6.77,47.43,7.2581,27.19,7.29,9.01,52.54,0.03
galkayo,20070222,6.77,47.43,7.3954,27.09,6.35,8.06,51.38,0.0
galkayo,20070223,6.77,47.43,7.3855,27.8,5.87,7.37,53.09,0.0
galkayo,20070224,6.77,47.43,7.314,28.63,6.59,8.35,49.98,0.0
galkayo,20070225,6.77,47.43,7.2281,27.46,6.83,8.48,50.52,0.0
galkayo,20070226,6.77,47.43,7.3798,26.71,5.03,6.57,50.58,0.0
galkayo,20070227,6.77,47.43,7.3922,27.08,5.21,6.94,49.89,0.0
galkayo,20070228,6.77,47.43,7.1647,26.74,6.0,7.48,53.87,0.0
galkayo,20070301,6.77,47.43,7.1861,27.22,5.97,7.47,55.6,0.0
galkayo,20070302,6.77,47.43,7.0102,28.17,6.58,7.92,59.56,0.05
galkayo,20070303,6.77,47.43,7.4834,28.75,5.73,7.09,53.97,0.02
galkayo,20070304,6.77,47.43,7.4916,27.81,6.04,7.73,46.25,0.0
galkayo,20070305,6.77,47.43,7.5734,26.52,6.56,8.37,53.43,0.0
galkayo,20070306,6.77,47.43,7.4117,27.2,6.7,8.45,56.05,0.0
galkayo,20070307,6.77,47.43,5.9227,28.19,6.24,7.7,56.34,0.0
galkayo,20070308,6.77,47.43,6.8222,28.33,5.78,6.89,56.92,0.0
galkayo,20070309,6.77,47.43,7.4758,28.24,5.01,6.41,49.93,0.0
galkayo,20070310,6.77,47.43,7.6846,27.34,5.39,6.89,48.13,0.0
galkayo,20070311,6.77,47.43,7.3246,27.78,4.79,6.23,52.38,0.0
galkayo,20070312,6.77,47.43,7.6478,27.99,5.46,7.03,50.6,0.0
galkayo,20070313,6.77,47.43,7.619,27.31,5.43,7.07,50.57,0.0
galkayo,20070314,6.77,47.43,7.7712,27.56,6.02,7.45,52.4,0.0
galkayo,20070315,6.77,47.43,7.6234,27.98,6.22,7.6,55.76,0.0
galkayo,20070316,6.77,47.43,7.5677,28.1,5.94,7.24,55.65,0.0
galkayo,20070317,6.77,47.43,7.3241,28.93,5.82,7.04,56.65,0.02
galkayo,20070318,6.77,47.43,7.2739,29.84,5.23,6.28,57.03,0.03
galkayo,20070319,6.77,47.43,6.936,30.01,5.58,6.68,55.33,0.18
galkayo,20070320,6.77,47.43,7.3171,29.34,6.1,7.29,55.11,0.09
galkayo,20070321,6.77,47.43,7.5161,28.8,6.66,8.02,54.21,0.0
galkayo,20070322,6.77,47.43,7.2703,28.81,6.35,7.7,56.15,0.0
galkayo,20070323,6.77,47.43,7.368,29.09,6.37,7.66,56.19,0.0
galkayo,20070324,6.77,47.43,7.2696,28.92,6.45,7.77,54.31,0.0
galkayo,20070325,6.77,47.43,7.0128,28.73,6.64,8.1,53.95,0.0
galkayo,20070326,6.77,47.43,7.5161,28.48,6.03,7.33,52.62,0.0
galkayo,20070327,6.77,47.43,7.3853,28.76,4.87,6.1,52.55,0.0
galkayo,20070328,6.77,47.43,7.224,29.47,4.97,6.02,54.18,0.0
galkayo,20070329,6.77,47.43,7.4256,29.25,5.3,6.32,54.63,0.0
galkayo,20070330,6.77,47.43,7.4201,29.16,5.29,6.34,53.11,0.0
galkayo,20070331,6.77,47.43,7.5888,28.94,5.0,6.18,50.46,0.0
galkayo,20070401,6.77,47.43,7.4148,28.6,6.02,7.39,53.99,0.0
galkayo,20070402,6.77,47.43,7.1801,28.67,5.9,7.17,56.13,0.03
galkayo,20070403,6.77,47.43,7.2523,28.72,4.69,5.9,53.59,0.06
galkayo,20070404,6.77,47.43,6.8028,29.46,5.2,6.23,56.59,0.1
galkayo,20070405,6.77,47.43,6.7066,29.95,5.78,6.94,56.91,1.14
galkayo,20070406,6.77,47.43,7.193,30.22,5.78,6.99,54.78,0.0
galkayo,20070407,6.77,47.43,7.1705,30.3,4.58,5.84,51.41,0.0
galkayo,20070408,6.77,47.43,7.3111,30.17,4.26,5.44,51.32,0.0
galkayo,20070409,6.77,47.43,7.3944,30.29,4.56,5.59,51.75,0.0
galkayo,20070410,6.77,47.43,7.1957,29.77,4.98,6.07,53.49,0.0
galkayo,20070411,6.77,47.43,7.1712,29.6,4.69,5.74,54.69,0.13
galkayo,20070412,6.77,47.43,6.5333,30.1,4.37,5.34,54.4,0.35
galkayo,20070413,6.77,47.43,6.7399,30.15,4.34,5.21,57.24,3.77
galkayo,20070414,6.77,47.43,6.1786,29.95,4.04,4.91,58.89,2.98
galkayo,20070415,6.77,47.43,6.6864,27.74,2.46,3.22,66.6,1.5
galkayo,20070416,6.77,47.43,6.8774,29.44,3.85,4.79,59.81,0.01
galkayo,20070417,6.77,47.43,6.3043,29.56,6.12,7.44,55.43,0.01
galkayo,20070418,6.77,47.43,7.4038,28.8,4.25,5.45,52.2,0.0
galkayo,20070419,6.77,47.43,7.5254,29.19,3.78,4.97,52.51,0.0
galkayo,20070420,6.77,47.43,7.5828,29.43,3.65,4.76,49.37,0.0
galkayo,20070421,6.77,47.43,7.4407,29.06,4.32,5.62,50.73,0.0
galkayo,20070422,6.77,47.43,7.2797,29.19,4.55,5.73,52.98,0.0
galkayo,20070423,6.77,47.43,7.1057,29.05,4.83,5.98,53.79,0.0
galkayo,20070424,6.77,47.43,6.8623,29.68,5.85,7.01,56.32,0.34
galkayo,20070425,6.77,47.43,7.0001,29.66,5.3,6.32,58.98,0.97
galkayo,20070426,6.77,47.43,6.9334,28.91,4.67,5.8,63.83,7.21
galkayo,20070427,6.77,47.43,7.272,28.28,3.51,4.68,65.86,4.1
galkayo,20070428,6.77,47.43,6.8446,29.11,2.62,3.54,62.27,1.07
galkayo,20070429,6.77,47.43,7.0954,28.65,3.14,4.34,67.38,5.56
galkayo,20070430,6.77,47.43,4.5329,27.41,3.74,5.09,74.92,9.83
galkayo,20070501,6.77,47.43,7.1995,27.75,2.65,3.79,69.22,0.16
galkayo,20070502,6.77,47.43,7.0325,28.32,3.27,4.37,65.99,0.09
galkayo,20070503,6.77,47.43,6.9986,28.46,2.05,3.22,62.56,0.03
galkayo,20070504,6.77,47.43,7.0769,30.04,2.69,4.13,54.21,0.23
galkayo,20070505,6.77,47.43,6.9226,30.36,4.09,5.83,53.56,0.37
galkayo,20070506,6.77,47.43,6.858,29.82,3.98,5.73,57.76,1.28
galkayo,20070507,6.77,47.43,6.5875,29.55,4.57,6.24,59.97,1.86
galkayo,20070508,6.77,47.43,5.9136,29.29,4.6,6.49,59.98,1.86
galkayo,20070509,6.77,47.43,6.8779,28.25,4.53,6.55,63.62,1.68
galkayo,20070510,6.77,47.43,6.6871,27.86,4.86,6.52,69.5,0.93
galkayo,20070511,6.77,47.43,7.008,29.07,4.55,6.48,58.86,0.06
galkayo,20070512,6.77,47.43,6.8914,30.48,5.19,7.15,53.62,0.09
galkayo,20070513,6.77,47.43,7.284,31.59,5.03,6.7,50.47,0.13
galkayo,20070514,6.77,47.43,6.9499,30.72,5.82,7.54,54.8,0.14
galkayo,20070515,6.77,47.43,7.0025,29.38,6.1,8.06,55.54,0.11
galkayo,20070516,6.77,47.43,7.0894,29.93,5.64,7.5,55.36,1.06
galkayo,20070517,6.77,47.43,6.8544,28.86,5.22,6.84,60.55,1.05
galkayo,20070518,6.77,47.43,7.0193,26.4,5.35,6.96,72.41,1.6
galkayo,20070519,6.77,47.43,6.9194,28.21,5.51,7.37,62.42,0.98
galkayo,20070520,6.77,47.43,7.0474,30.31,4.33,5.84,53.7,0.7
galkayo,20070521,6.77,47.43,7.1494,31.04,4.79,6.48,50.04,0.16
galkayo,20070522,6.77,47.43,7.1386,31.42,5.13,6.69,51.84,0.38
galkayo,20070523,6.77,47.43,5.8932,30.99,6.06,7.64,54.0,0.28
galkayo,20070524,6.77,47.43,5.6628,30.05,5.3,7.0,53.92,0.38
galkayo,20070525,6.77,47.43,6.6989,30.11,5.69,7.37,54.98,0.77
galkayo,20070526,6.77,47.43,6.9478,29.11,5.09,7.0,59.6,9.15
galkayo,20070527,6.77,47.43,7.0114,28.5,5.62,7.85,62.26,11.09
galkayo,20070528,6.77,47.43,7.1892,28.18,6.09,8.62,62.56,3.93
galkayo,20070529,6.77,47.43,7.1758,28.71,5.57,7.83,61.68,8.85
galkayo,20070530,6.77,47.43,6.8357,27.93,4.7,6.79,70.7,14.64
galkayo,20070531,6.77,47.43,5.4797,25.93,4.66,6.15,82.19,3.91
galkayo,20070601,6.77,47.43,6.7087,25.3,5.75,7.53,78.93,2.64
galkayo,20070602,6.77,47.43,6.492,26.78,6.23,8.72,66.97,2.42
galkayo,20070603,6.77,47.43,6.7462,28.12,6.33,8.98,62.73,2.31
galkayo,20070604,6.77,47.43,6.1198,28.95,6.75,9.33,57.46,1.47
galkayo,20070605,6.77,47.43,6.8006,28.86,6.64,9.27,58.49,0.78
galkayo,20070606,6.77,47.43,5.9813,28.6,7.14,9.64,61.56,0.79
galkayo,20070607,6.77,47.43,6.9266,29.08,6.87,9.39,56.47,0.06
galkayo,20070608,6.77,47.43,6.7356,28.93,6.49,8.66,56.11,0.2
galkayo,20070609,6.77,47.43,6.8688,28.51,6.12,8.14,55.72,0.01
galkayo,20070610,6.77,47.43,6.6773,28.5,5.97,8.07,54.12,0.0
galkayo,20070611,6.77,47.43,6.6492,28.5,6.34,8.84,54.45,0.0
galkayo,20070612,6.77,47.43,6.456,28.94,7.48,10.07,51.45,0.0
galkayo,20070613,6.77,47.43,6.4567,29.11,7.87,10.47,49.21,0.0
galkayo,20070614,6.77,47.43,5.855,29.0,8.7,11.18,53.95,0.0
galkayo,20070615,6.77,47.43,5.4718,28.17,8.98,11.52,60.45,0.83
galkayo,20070616,6.77,47.43,3.9401,28.25,9.86,12.53,58.69,1.02
galkayo,20070617,6.77,47.43,5.5685,27.54,9.54,12.41,52.3,0.06
galkayo,20070618,6.77,47.43,5.7458,28.25,10.23,13.07,49.02,0.01
galkayo,20070619,6.77,47.43,4.703,28.14,10.22,12.98,51.69,0.03
galkayo,20070620,6.77,47.43,4.9166,28.52,10.47,13.28,51.24,0.0
galkayo,20070621,6.77,47.43,5.0707,28.29,10.33,12.98,52.65,0.0
galkayo,20070622,6.77,47.43,3.1483,27.74,9.8,12.3,54.74,0.0
galkayo,20070623,6.77,47.43,3.3511,27.69,10.31,13.02,54.79,0.0
galkayo,20070624,6.77,47.43,4.7815,27.7,10.65,13.28,54.1,0.0
galkayo,20070625,6.77,47.43,3.9125,26.31,8.93,11.22,57.86,0.0
galkayo,20070626,6.77,47.43,6.1013,28.25,9.08,11.42,51.29,0.0
galkayo,20070627,6.77,47.43,5.1307,28.76,8.63,10.85,53.9,0.0
galkayo,20070628,6.77,47.43,6.5993,29.2,8.12,10.48,48.74,0.0
galkayo,20070629,6.77,47.43,6.8837,29.38,8.14,10.53,46.51,0.0
galkayo,20070630,6.77,47.43,6.9626,29.01,8.2,10.69,45.51,0.0
galkayo,20070701,6.77,47.43,6.5515,29.45,8.31,10.57,47.28,0.0
galkayo,20070702,6.77,47.43,6.067,29.23,9.19,11.49,49.19,0.0
galkayo,20070703,6.77,47.43,4.4174,28.78,9.84,12.25,50.44,0.0
galkayo,20070704,6.77,47.43,6.3142,28.33,9.38,11.76,47.68,0.0
galkayo,20070705,6.77,47.43,5.8406,28.17,9.31,11.77,47.77,0.04
galkayo,20070706,6.77,47.43,5.9237,28.49,8.87,11.15,48.88,0.03
galkayo,20070707,6.77,47.43,6.4918,28.55,8.57,10.82,49.11,0.14
galkayo,20070708,6.77,47.43,5.6287,28.41,8.7,10.9,52.9,0.31
galkayo,20070709,6.77,47.43,6.3684,28.46,8.78,11.13,49.04,0.1
galkayo,20070710,6.77,47.43,6.9845,28.92,8.53,11.02,44.81,0.0
galkayo,20070711,6.77,47.43,6.9072,28.84,9.19,11.35,51.31,0.11
galkayo,20070712,6.77,47.43,6.8244,28.77,8.37,10.55,46.71,0.03
galkayo,20070713,6.77,47.43,6.8575,29.21,8.59,10.82,43.39,0.02
galkayo,20070714,6.77,47.43,6.4339,29.48,9.18,11.4,48.48,0.31
galkayo,20070715,6.77,47.43,6.3977,28.78,9.19,11.35,47.5,0.18
galkayo,20070716,6.77,47.43,6.9281,28.37,8.82,11.36,42.68,0.12
galkayo,20070717,6.77,47.43,6.8561,28.32,8.71,11.21,44.47,0.03
galkayo,20070718,6.77,47.43,7.211,28.72,8.13,10.56,44.28,0.0
galkayo,20070719,6.77,47.43,7.0543,29.28,8.06,10.48,43.39,0.0
galkayo,20070720,6.77,47.43,6.3101,29.63,8.91,11.19,45.54,0.09
galkayo,20070721,6.77,47.43,6.7092,29.18,8.97,11.16,48.49,0.18
galkayo,20070722,6.77,47.43,6.0583,29.07,9.34,11.71,48.48,0.08
galkayo,20070723,6.77,47.43,6.6502,29.26,9.76,12.25,43.64,0.0
galkayo,20070724,6.77,47.43,6.7022,28.95,9.7,12.03,46.77,0.01
galkayo,20070725,6.77,47.43,6.4015,28.66,8.73,11.04,45.86,0.0
galkayo,20070726,6.77,47.43,6.7622,29.11,8.73,10.96,45.95,0.0
galkayo,20070727,6.77,47.43,6.5782,29.0,8.02,9.96,47.84,0.0
galkayo,20070728,6.77,47.43,4.6634,28.64,7.7,9.39,55.49,0.05
galkayo,20070729,6.77,47.43,6.5818,29.19,6.96,8.6,51.34,0.02
galkayo,20070730,6.77,47.43,6.6638,29.33,6.88,8.47,48.52,0.0
galkayo,20070731,6.77,47.43,6.9108,29.73,7.3,9.03,47.75,0.0
galkayo,20070801,6.77,47.43,6.9586,29.66,9.26,11.36,48.91,0.0
galkayo,20070802,6.77,47.43,6.8333,29.44,9.35,11.47,51.62,0.0
galkayo,20070803,6.77,47.43,7.1028,29.49,8.85,10.86,49.95,0.0
galkayo,20070804,6.77,47.43,6.4032,29.34,9.14,11.22,48.23,0.02
galkayo,20070805,6.77,47.43,6.7562,29.55,9.49,11.68,49.52,0.05
galkayo,20070806,6.77,47.43,6.4613,29.15,10.05,12.41,47.68,0.02
galkayo,20070807,6.77,47.43,6.5047,28.72,9.19,11.53,47.51,0.0
galkayo,20070808,6.77,47.43,5.5814,28.68,9.44,11.59,49.92,0.03
galkayo,20070809,6.77,47.43,6.539,28.64,9.05,11.25,47.8,0.0
galkayo,20070810,6.77,47.43,5.8169,28.27,9.48,11.55,53.02,0.01
galkayo,20070811,6.77,47.43,5.8618,28.38,9.03,11.14,47.51,0.0
galkayo,20070812,6.77,47.43,6.5892,29.0,9.18,11.32,45.51,0.0
galkayo,20070813,6.77,47.43,6.1622,29.06,8.85,10.91,47.15,0.0
galkayo,20070814,6.77,47.43,6.4301,29.06,8.52,10.52,48.63,0.0
galkayo,20070815,6.77,47.43,7.1782,30.24,8.13,10.14,43.61,0.0
galkayo,20070816,6.77,47.43,7.2334,30.8,7.42,9.2,44.51,0.01
galkayo,20070817,6.77,47.43,7.313,30.14,7.56,9.23,48.87,0.01
galkayo,20070818,6.77,47.43,7.0942,29.87,8.79,10.72,50.29,0.0
galkayo,20070819,6.77,47.43,6.593,29.1,8.76,10.82,47.41,0.06
galkayo,20070820,6.77,47.43,6.3751,29.1,8.4,10.46,47.08,0.06
galkayo,20070821,6.77,47.43,7.0526,29.76,8.45,10.69,45.69,0.96
galkayo,20070822,6.77,47.43,7.0622,29.16,10.03,12.23,51.21,1.89
galkayo,20070823,6.77,47.43,7.1794,29.06,9.27,11.49,48.8,0.04
galkayo,20070824,6.77,47.43,6.2599,29.09,8.7,10.71,49.3,0.0
galkayo,20070825,6.77,47.43,7.049,29.02,8.22,10.24,48.97,0.0
galkayo,20070826,6.77,47.43,6.6955,28.9,8.98,10.96,51.75,0.0
galkayo,20070827,6.77,47.43,4.715,28.93,9.4,11.54,49.05,0.0
galkayo,20070828,6.77,47.43,7.0944,28.94,8.39,10.55,46.53,0.0
galkayo,20070829,6.77,47.43,7.2955,28.94,7.53,9.64,43.31,0.0
galkayo,20070830,6.77,47.43,7.3258,29.82,7.61,9.92,42.57,0.01
galkayo,20070831,6.77,47.43,7.193,30.4,9.09,11.23,46.81,0.01
galkayo,20070901,6.77,47.43,7.069,30.14,9.27,11.41,48.82,0.03
galkayo,20070902,6.77,47.43,7.0872,29.31,9.57,11.74,53.1,0.03
galkayo,20070903,6.77,47.43,6.1469,28.27,9.14,11.38,47.85,0.02
galkayo,20070904,6.77,47.43,7.3536,29.09,7.77,10.12,41.1,0.0
galkayo,20070905,6.77,47.43,7.3018,29.94,8.43,10.57,46.17,0.0
galkayo,20070906,6.77,47.43,7.0013,30.47,9.11,11.24,47.86,0.09
galkayo,20070907,6.77,47.43,6.9638,30.45,9.58,11.84,44.89,0.02
galkayo,20070908,6.77,47.43,4.7114,28.93,9.51,11.72,52.43,0.17
galkayo,20070909,6.77,47.43,5.161,29.33,8.09,10.05,50.96,0.07
galkayo,20070910,6.77,47.43,7.0082,29.67,6.94,8.63,48.08,0.03
galkayo,20070911,6.77,47.43,7.225,31.05,7.25,9.15,42.43,0.07
galkayo,20070912,6.77,47.43,6.1934,29.44,8.44,10.35,51.66,0.13
galkayo,20070913,6.77,47.43,6.0857,27.3,7.16,8.78,54.33,0.0
galkayo,20070914,6.77,47.43,5.989,27.24,7.63,9.34,52.46,0.0
galkayo,20070915,6.77,47.43,6.9955,29.51,6.44,8.43,46.08,0.0
galkayo,20070916,6.77,47.43,7.2053,30.87,6.63,8.51,44.87,0.0
galkayo,20070917,6.77,47.43,7.2312,31.4,7.42,9.41,42.27,0.0
galkayo,20070918,6.77,47.43,7.3342,31.45,7.65,9.85,42.96,0.05
galkayo,20070919,6.77,47.43,7.0169,31.19,8.31,10.34,45.72,0.06
galkayo,20070920,6.77,47.43,6.8316,30.58,7.8,9.54,48.93,0.13
galkayo,20070921,6.77,47.43,7.061,29.81,6.96,8.91,50.17,0.06
galkayo,20070922,6.77,47.43,7.1916,30.29,6.92,8.76,50.44,0.06
galkayo,20070923,6.77,47.43,7.1508,30.96,7.07,9.08,45.88,1.39
galkayo,20070924,6.77,47.43,6.6415,30.53,6.57,8.56,45.45,0.93
galkayo,20070925,6.77,47.43,7.085,30.16,6.39,8.22,50.42,0.86
galkayo,20070926,6.77,47.43,5.6794,28.89,6.38,8.25,55.59,1.85
galkayo,20070927,6.77,47.43,6.1738,28.06,5.88,8.09,52.15,0.56
galkayo,20070928,6.77,47.43,6.8554,29.15,7.08,8.84,53.4,0.0
galkayo,20070929,6.77,47.43,5.4943,28.32,6.66,8.11,58.65,0.0
galkayo,20070930,6.77,47.43,6.1855,28.4,6.11,7.55,58.27,0.0
galkayo,20071001,6.77,47.43,5.893,29.05,6.19,7.81,56.88,0.0
galkayo,20071002,6.77,47.43,5.5834,29.61,5.9,7.57,53.0,0.0
galkayo,20071003,6.77,47.43,5.118,27.57,3.83,5.2,61.69,0.98
galkayo,20071004,6.77,47.43,7.1167,29.12,3.33,4.83,49.29,0.34
galkayo,20071005,6.77,47.43,7.2036,29.24,2.21,3.29,41.96,0.47
galkayo,20071006,6.77,47.43,7.0994,29.23,3.1,4.17,52.62,0.55
galkayo,20071007,6.77,47.43,5.8783,29.42,4.09,5.15,51.44,0.18
galkayo,20071008,6.77,47.43,6.467,29.63,3.57,4.57,50.96,0.58
galkayo,20071009,6.77,47.43,7.0121,30.37,2.57,3.59,48.01,1.25
galkayo,20071010,6.77,47.43,6.7236,29.08,2.3,3.5,48.79,2.41
galkayo,20071011,6.77,47.43,7.0255,29.0,2.72,3.87,52.34,0.47
galkayo,20071012,6.77,47.43,5.3736,28.2,4.43,5.45,57.48,1.15
galkayo,20071013,6.77,47.43,5.5865,27.63,3.87,4.66,57.24,0.41
galkayo,20071014,6.77,47.43,5.9873,27.32,4.69,5.51,59.37,0.21
galkayo,20071015,6.77,47.43,6.5566,28.04,4.5,5.45,57.94,0.1
galkayo,20071016,6.77,47.43,6.4894,28.28,4.28,5.31,54.94,0.07
galkayo,20071017,6.77,47.43,6.9266,29.18,3.13,3.88,54.8,0.28
galkayo,20071018,6.77,47.43,6.2338,27.96,3.62,4.48,60.83,4.6
galkayo,20071019,6.77,47.43,6.7798,27.23,3.72,4.86,61.3,1.12
galkayo,20071020,6.77,47.43,7.0054,27.26,4.52,5.59,63.6,1.14
galkayo,20071021,6.77,47.43,6.6449,27.28,4.49,5.69,61.59,0.56
galkayo,20071022,6.77,47.43,6.7133,27.34,3.96,5.05,58.76,0.83
galkayo,20071023,6.77,47.43,6.8054,27.93,3.8,4.86,57.92,0.0
galkayo,20071024,6.77,47.43,6.8467,28.55,4.01,5.08,54.47,0.0
galkayo,20071025,6.77,47.43,7.0978,28.02,3.55,4.84,50.67,0.0
galkayo,20071026,6.77,47.43,6.989,27.44,3.8,5.18,50.12,0.0
galkayo,20071027,6.77,47.43,6.8758,28.44,3.03,4.08,50.31,0.0
galkayo,20071028,6.77,47.43,6.5198,27.65,2.16,3.36,58.13,6.05
galkayo,20071029,6.77,47.43,6.6492,26.73,2.39,3.68,65.97,10.0
galkayo,20071030,6.77,47.43,6.8179,26.07,2.48,3.82,57.68,6.28
galkayo,20071031,6.77,47.43,6.6343,25.77,1.86,2.85,57.98,9.45
galkayo,20071101,6.77,47.43,6.3144,25.79,1.58,2.67,58.09,4.94
galkayo,20071102,6.77,47.43,6.7344,26.09,1.86,2.69,57.89,1.09
galkayo,20071103,6.77,47.43,6.5777,26.62,2.39,3.6,65.39,1.38
galkayo,20071104,6.77,47.43,5.6993,27.05,2.27,3.34,67.59,2.6
galkayo,20071105,6.77,47.43,5.3909,26.76,2.93,3.76,71.74,4.8
galkayo,20071106,6.77,47.43,5.0578,26.51,4.79,6.26,71.06,2.52
galkayo,20071107,6.77,47.43,6.0502,26.16,4.03,5.49,74.57,2.8
galkayo,20071108,6.77,47.43,6.3048,26.62,4.13,5.64,71.62,4.88
galkayo,20071109,6.77,47.43,6.1159,26.25,4.1,5.47,74.8,7.41
galkayo,20071110,6.77,47.43,5.1658,25.51,4.2,5.77,78.36,14.18
galkayo,20071111,6.77,47.43,6.5974,25.75,4.19,5.74,75.42,3.76
galkayo,20071112,6.77,47.43,6.5981,26.53,4.89,6.49,69.51,0.0
galkayo,20071113,6.77,47.43,6.3422,26.32,4.93,6.44,67.78,0.0
galkayo,20071114,6.77,47.43,6.4555,25.56,4.45,6.13,65.25,0.0
galkayo,20071115,6.77,47.43,6.9346,24.45,4.55,6.48,61.36,0.0
galkayo,20071116,6.77,47.43,6.8964,23.71,5.33,7.6,58.76,0.0
galkayo,20071117,6.77,47.43,6.8546,23.52,4.61,6.84,58.66,0.0
galkayo,20071118,6.77,47.43,6.6804,25.29,4.79,6.54,63.77,0.03
galkayo,20071119,6.77,47.43,6.3168,25.79,5.21,6.82,68.97,0.32
galkayo,20071120,6.77,47.43,6.7709,25.04,5.56,7.57,61.56,0.0
galkayo,20071121,6.77,47.43,6.5626,24.89,5.54,7.52,63.23,0.0
galkayo,20071122,6.77,47.43,6.5546,24.84,5.25,7.27,59.18,0.0
galkayo,20071123,6.77,47.43,6.601,25.23,5.09,7.14,61.06,0.0
galkayo,20071124,6.77,47.43,6.2479,25.67,4.42,6.14,62.1,0.0
galkayo,20071125,6.77,47.43,6.1567,26.8,4.34,5.74,62.0,0.0
galkayo,20071126,6.77,47.43,6.156,27.56,5.24,6.77,61.22,0.0
galkayo,20071127,6.77,47.43,6.2299,27.37,5.51,7.17,58.77,0.0
galkayo,20071128,6.77,47.43,6.0617,26.88,5.56,7.34,54.66,0.0
galkayo,20071129,6.77,47.43,6.4116,26.06,5.58,7.59,48.42,0.0
galkayo,20071130,6.77,47.43,6.5616,25.29,5.33,7.43,49.21,0.0
galkayo,20071201,6.77,47.43,6.4855,24.9,5.26,7.34,51.02,0.0
galkayo,20071202,6.77,47.43,6.7075,24.6,5.27,7.42,50.01,0.0
galkayo,20071203,6.77,47.43,6.5155,25.71,5.35,7.36,54.07,0.0
galkayo,20071204,6.77,47.43,6.2285,26.98,5.97,7.8,54.73,0.0
galkayo,20071205,6.77,47.43,5.5133,26.98,6.15,7.92,59.82,0.17
galkayo,20071206,6.77,47.43,5.7221,27.04,6.23,7.98,58.18,0.02
galkayo,20071207,6.77,47.43,6.2832,26.57,5.68,7.7,52.94,0.0
galkayo,20071208,6.77,47.43,5.821,27.0,6.03,7.77,58.02,0.0
galkayo,20071209,6.77,47.43,6.1325,26.89,6.42,8.22,56.8,0.0
galkayo,20071210,6.77,47.43,5.9796,26.48,5.04,6.82,56.59,0.0
galkayo,20071211,6.77,47.43,6.2556,26.13,4.7,6.67,47.52,0.0
galkayo,20071212,6.77,47.43,6.6048,25.38,4.94,7.21,48.21,0.0
galkayo,20071213,6.77,47.43,6.5275,25.23,5.58,7.68,52.66,0.0
galkayo,20071214,6.77,47.43,6.511,24.85,5.02,7.04,52.14,0.0
galkayo,20071215,6.77,47.43,6.7248,24.54,5.03,7.42,44.78,0.0
galkayo,20071216,6.77,47.43,5.8987,25.84,6.54,8.58,55.18,0.0
galkayo,20071217,6.77,47.43,6.5064,25.09,6.11,8.41,48.62,0.0
galkayo,20071218,6.77,47.43,6.564,25.26,5.74,7.76,50.97,0.0
galkayo,20071219,6.77,47.43,6.5215,25.19,4.93,6.8,51.72,0.0
galkayo,20071220,6.77,47.43,6.509,25.41,4.89,6.94,54.38,0.0
galkayo,20071221,6.77,47.43,6.4963,25.01,4.94,6.94,54.4,0.0
galkayo,20071222,6.77,47.43,6.3859,25.0,4.24,6.22,50.03,0.0
galkayo,20071223,6.77,47.43,6.3084,25.92,5.14,6.86,57.75,0.02
galkayo,20071224,6.77,47.43,5.8205,27.35,5.86,7.57,55.32,0.02
galkayo,20071225,6.77,47.43,5.7648,25.45,5.11,6.68,61.52,0.04
galkayo,20071226,6.77,47.43,6.3146,26.64,6.59,8.51,56.82,0.01
galkayo,20071227,6.77,47.43,6.2638,26.55,7.16,9.13,57.52,0.0
galkayo,20071228,6.77,47.43,5.4439,26.42,6.66,8.63,56.25,0.0
galkayo,20071229,6.77,47.43,6.2299,26.19,7.2,9.09,55.3,0.0
galkayo,20071230,6.77,47.43,6.2724,25.53,6.82,8.8,54.61,0.0
galkayo,20071231,6.77,47.43,6.2755,24.99,6.59,8.55,57.64,0.0
galkayo,20080101,6.77,47.43,6.714,25.09,6.16,8.28,54.55,0.0
galkayo,20080102,6.77,47.43,6.677,24.95,5.55,7.57,51.52,0.0
galkayo,20080103,6.77,47.43,6.5786,25.23,5.67,7.69,49.64,0.0
galkayo,20080104,6.77,47.43,6.7884,24.74,5.55,7.61,52.56,0.0
galkayo,20080105,6.77,47.43,6.7553,25.02,4.91,6.89,53.98,0.0
galkayo,20080106,6.77,47.43,6.6749,24.84,4.51,6.34,54.33,0.01
galkayo,20080107,6.77,47.43,6.8338,24.42,4.48,6.25,51.78,0.0
galkayo,20080108,6.77,47.43,6.8381,24.45,5.43,7.34,54.81,0.01
galkayo,20080109,6.77,47.43,6.6413,24.94,5.23,7.08,55.74,0.02
galkayo,20080110,6.77,47.43,6.6194,25.54,5.52,7.3,55.37,0.16
galkayo,20080111,6.77,47.43,6.6156,25.33,5.78,7.66,55.45,0.0
galkayo,20080112,6.77,47.43,6.0898,25.87,5.7,7.29,61.09,0.0
galkayo,20080113,6.77,47.43,6.1673,27.12,6.24,7.8,58.19,0.0
galkayo,20080114,6.77,47.43,5.7653,27.01,6.37,7.86,60.33,0.07
galkayo,20080115,6.77,47.43,6.5278,26.58,6.07,7.62,55.0,0.0
galkayo,20080116,6.77,47.43,6.2302,26.55,7.36,9.15,58.81,0.03
galkayo,20080117,6.77,47.43,3.6415,26.47,8.11,10.13,60.98,0.2
galkayo,20080118,6.77,47.43,4.356,26.17,7.89,9.89,58.88,0.1
galkayo,20080119,6.77,47.43,6.5146,26.25,7.31,9.33,53.7,0.0
galkayo,20080120,6.77,47.43,5.3213,25.7,7.04,9.0,55.3,0.0
galkayo,20080121,6.77,47.43,6.607,24.87,6.07,7.97,51.9,0.0
galkayo,20080122,6.77,47.43,6.9103,25.29,5.34,7.27,50.67,0.0
galkayo,20080123,6.77,47.43,6.9847,25.41,5.84,7.81,50.43,0.0
galkayo,20080124,6.77,47.43,7.0229,25.17,5.34,7.33,49.63,0.0
galkayo,20080125,6.77,47.43,6.7536,25.73,5.48,7.34,57.81,0.0
galkayo,20080126,6.77,47.43,6.8854,25.35,5.2,7.26,55.11,0.0
galkayo,20080127,6.77,47.43,6.7699,25.86,5.1,6.94,58.32,0.0
galkayo,20080128,6.77,47.43,6.8755,26.56,4.96,6.5,58.98,0.0
galkayo,20080129,6.77,47.43,6.9984,26.68,6.39,8.25,56.11,0.0
galkayo,20080130,6.77,47.43,7.0114,26.54,6.07,7.88,55.01,0.0
galkayo,20080131,6.77,47.43,6.7711,26.51,5.13,6.87,53.81,0.21
galkayo,20080201,6.77,47.43,6.5988,26.4,5.33,7.03,53.44,0.0
galkayo,20080202,6.77,47.43,6.6394,26.51,7.3,9.31,51.04,0.0
galkayo,20080203,6.77,47.43,6.347,25.26,6.83,8.91,49.23,0.0
galkayo,20080204,6.77,47.43,6.6701,24.96,5.91,7.78,46.56,0.0
galkayo,20080205,6.77,47.43,6.6384,24.74,5.84,8.01,40.33,0.0
galkayo,20080206,6.77,47.43,7.1414,23.63,6.8,9.12,40.07,0.0
galkayo,20080207,6.77,47.43,7.111,23.5,6.51,8.8,47.83,0.0
galkayo,20080208,6.77,47.43,6.9989,23.92,7.05,9.17,48.62,0.0
galkayo,20080209,6.77,47.43,7.0889,24.07,7.1,9.28,48.66,0.0
galkayo,20080210,6.77,47.43,7.1789,24.06,6.72,8.99,45.24,0.0
galkayo,20080211,6.77,47.43,7.218,23.93,6.69,8.99,48.66,0.0
galkayo,20080212,6.77,47.43,7.2425,23.86,6.66,8.89,46.58,0.0
galkayo,20080213,6.77,47.43,6.2412,24.75,5.88,7.67,54.09,0.0
galkayo,20080214,6.77,47.43,6.4699,25.67,5.75,7.46,52.66,0.0
galkayo,20080215,6.77,47.43,6.991,26.27,6.69,8.35,54.46,0.0
galkayo,20080216,6.77,47.43,5.7197,26.36,6.87,8.5,57.49,0.01
galkayo,20080217,6.77,47.43,5.4518,26.88,7.37,9.1,61.1,0.02
galkayo,20080218,6.77,47.43,6.6425,27.39,6.97,8.58,56.18,0.01
galkayo,20080219,6.77,47.43,7.1177,27.18,6.11,7.77,52.55,0.0
galkayo,20080220,6.77,47.43,7.4676,25.94,5.19,6.77,51.12,0.0
galkayo,20080221,6.77,47.43,7.4698,24.77,5.51,7.64,40.97,0.0
galkayo,20080222,6.77,47.43,7.3721,25.13,7.52,9.65,42.55,0.0
galkayo,20080223,6.77,47.43,6.6895,25.12,6.83,8.79,44.76,0.0
galkayo,20080224,6.77,47.43,7.2365,24.58,6.54,8.5,48.39,0.0
galkayo,20080225,6.77,47.43,7.3217,24.72,5.95,7.7,51.09,0.0
galkayo,20080226,6.77,47.43,7.3428,25.15,5.07,6.73,49.55,0.0
galkayo,20080227,6.77,47.43,7.4914,25.28,4.92,6.59,50.75,0.0
galkayo,20080228,6.77,47.43,7.6531,25.38,5.5,7.24,52.1,0.0
galkayo,20080229,6.77,47.43,7.5312,25.03,5.86,7.72,50.67,0.0
galkayo,20080301,6.77,47.43,7.5005,25.14,5.64,7.54,49.44,0.0
galkayo,20080302,6.77,47.43,7.4112,25.63,5.0,6.72,50.44,0.0
galkayo,20080303,6.77,47.43,7.4988,25.98,4.45,5.98,48.37,0.0
galkayo,20080304,6.77,47.43,7.3507,26.68,4.38,5.56,54.35,0.0
galkayo,20080305,6.77,47.43,7.4441,27.29,5.6,6.93,54.92,0.0
galkayo,20080306,6.77,47.43,6.1414,27.37,6.98,8.48,59.43,0.0
galkayo,20080307,6.77,47.43,7.3471,27.55,7.55,9.2,53.14,0.0
galkayo,20080308,6.77,47.43,7.4484,27.39,5.99,7.63,47.23,0.0
galkayo,20080309,6.77,47.43,7.6548,26.2,6.2,8.01,47.37,0.0
galkayo,20080310,6.77,47.43,7.6092,25.69,5.38,7.19,47.19,0.0
galkayo,20080311,6.77,47.43,7.6363,25.12,4.88,6.85,42.92,0.0
galkayo,20080312,6.77,47.43,7.7261,25.59,4.73,6.71,42.73,0.0
galkayo,20080313,6.77,47.43,7.5439,24.92,4.72,6.44,46.23,0.0
galkayo,20080314,6.77,47.43,7.7789,25.51,4.22,5.66,53.25,0.0
galkayo,20080315,6.77,47.43,7.5456,26.37,4.65,6.0,55.67,0.0
galkayo,20080316,6.77,47.43,7.5619,26.84,4.63,6.03,50.98,0.0
galkayo,20080317,6.77,47.43,7.7506,26.45,4.45,6.01,50.18,0.0
galkayo,20080318,6.77,47.43,7.7633,26.41,4.11,5.51,48.45,0.0
galkayo,20080319,6.77,47.43,7.5912,26.78,3.1,4.29,49.46,0.0
galkayo,20080320,6.77,47.43,7.4359,27.53,3.19,4.2,51.03,0.0
galkayo,20080321,6.77,47.43,6.5623,27.85,3.13,4.04,51.89,0.0
galkayo,20080322,6.77,47.43,7.8098,27.64,4.73,6.47,45.37,0.0
galkayo,20080323,6.77,47.43,7.8562,26.76,5.41,7.34,40.95,0.0
galkayo,20080324,6.77,47.43,7.6788,26.69,3.87,5.64,42.44,0.0
galkayo,20080325,6.77,47.43,7.7174,26.64,4.22,6.01,42.51,0.0
galkayo,20080326,6.77,47.43,7.759,26.24,4.87,6.5,48.69,0.0
galkayo,20080327,6.77,47.43,7.7364,25.86,5.19,6.67,50.41,0.0
galkayo,20080328,6.77,47.43,7.7278,26.83,5.56,6.86,56.13,0.01
galkayo,20080329,6.77,47.43,7.2372,27.86,5.95,7.2,57.19,0.07
galkayo,20080330,6.77,47.43,7.1532,28.59,5.05,6.14,55.25,0.1
galkayo,20080331,6.77,47.43,6.7565,28.86,5.19,6.21,54.34,0.0
galkayo,20080401,6.77,47.43,7.3745,28.71,4.59,5.62,53.92,0.0
galkayo,20080402,6.77,47.43,7.6265,28.74,5.21,6.27,55.35,0.01
galkayo,20080403,6.77,47.43,7.595,28.87,5.33,6.34,54.52,0.0
galkayo,20080404,6.77,47.43,7.5475,28.81,5.38,6.41,55.55,0.0
galkayo,20080405,6.77,47.43,7.2223,28.58,5.51,6.56,56.77,0.01
galkayo,20080406,6.77,47.43,7.2499,28.64,5.76,6.85,57.34,1.0
galkayo,20080407,6.77,47.43,6.8914,28.53,5.22,6.26,53.57,0.63
galkayo,20080408,6.77,47.43,7.632,28.14,4.39,5.41,56.07,0.03
galkayo,20080409,6.77,47.43,7.2014,28.52,5.08,6.06,57.84,2.21
galkayo,20080410,6.77,47.43,7.1162,26.14,4.03,5.42,73.4,31.58
galkayo,20080411,6.77,47.43,6.8998,26.77,4.61,5.97,68.7,2.63
galkayo,20080412,6.77,47.43,6.9286,26.28,4.71,6.05,68.53,1.99
galkayo,20080413,6.77,47.43,7.6022,26.1,3.97,5.48,63.31,0.13
galkayo,20080414,6.77,47.43,7.0123,27.4,4.1,5.33,66.7,2.16
galkayo,20080415,6.77,47.43,7.3164,27.53,3.92,5.21,65.92,2.82
galkayo,20080416,6.77,47.43,7.29,27.47,3.09,4.33,63.19,0.81
galkayo,20080417,6.77,47.43,7.3891,27.82,3.14,4.43,60.96,0.43
galkayo,20080418,6.77,47.43,7.469,27.75,3.21,4.58,60.84,1.02
galkayo,20080419,6.77,47.43,7.4148,27.36,3.05,4.49,66.79,9.49
galkayo,20080420,6.77,47.43,7.2542,27.13,2.82,4.26,67.42,11.1
galkayo,20080421,6.77,47.43,7.4196,27.71,3.06,4.4,63.5,0.16
galkayo,20080422,6.77,47.43,7.4774,28.32,2.38,3.57,62.59,0.39
galkayo,20080423,6.77,47.43,7.5074,28.08,3.03,4.44,60.22,0.06
galkayo,20080424,6.77,47.43,7.3577,27.58,3.81,5.48,61.91,0.06
galkayo,20080425,6.77,47.43,7.0015,27.29,3.76,5.42,62.09,0.14
galkayo,20080426,6.77,47.43,7.1573,27.8,3.42,5.0,61.06,0.0
galkayo,20080427,6.77,47.43,7.14,29.06,2.54,3.73,57.07,0.0
galkayo,20080428,6.77,47.43,6.4766,29.83,3.0,4.18,57.19,0.02
galkayo,20080429,6.77,47.43,6.5112,30.23,4.93,6.41,55.66,0.21
galkayo,20080430,6.77,47.43,5.9674,29.81,5.52,6.81,58.43,0.22
galkayo,20080501,6.77,47.43,3.3665,27.64,4.66,5.77,67.35,1.28
galkayo,20080502,6.77,47.43,6.8998,26.73,4.25,5.65,69.14,0.68
galkayo,20080503,6.77,47.43,6.901,29.11,4.58,6.04,59.97,0.6
galkayo,20080504,6.77,47.43,6.7104,29.4,4.69,6.13,56.28,0.76
galkayo,20080505,6.77,47.43,7.1592,29.29,4.7,6.28,53.17,0.2
galkayo,20080506,6.77,47.43,7.3954,30.27,5.3,7.05,50.71,0.25
galkayo,20080507,6.77,47.43,7.3164,30.59,6.08,8.09,48.95,0.3
galkayo,20080508,6.77,47.43,7.3366,30.49,5.57,7.47,49.81,0.3
galkayo,20080509,6.77,47.43,5.6683,28.95,5.87,7.35,60.06,0.62
galkayo,20080510,6.77,47.43,4.3181,27.2,5.79,7.14,69.67,0.48
galkayo,20080511,6.77,47.43,6.6466,28.85,4.68,6.37,49.35,0.01
galkayo,20080512,6.77,47.43,5.9369,28.61,4.08,5.54,57.99,0.03
galkayo,20080513,6.77,47.43,6.5585,28.98,4.51,5.95,58.53,0.04
galkayo,20080514,6.77,47.43,6.6883,28.76,5.15,6.77,58.28,0.04
galkayo,20080515,6.77,47.43,6.2042,29.42,6.09,7.75,56.16,0.02
galkayo,20080516,6.77,47.43,6.9658,29.6,5.91,7.52,54.57,0.01
galkayo,20080517,6.77,47.43,6.0662,29.61,5.85,7.38,56.05,0.05
galkayo,20080518,6.77,47.43,6.7862,29.18,6.19,8.03,57.27,0.08
galkayo,20080519,6.77,47.43,6.235,30.05,6.14,7.83,54.94,0.07
galkayo,20080520,6.77,47.43,5.5934,28.67,5.64,7.32,59.99,0.15
galkayo,20080521,6.77,47.43,6.2597,28.93,6.43,8.09,59.95,0.29
galkayo,20080522,6.77,47.43,6.8933,28.91,5.92,7.58,57.8,0.38
galkayo,20080523,6.77,47.43,6.605,29.48,5.89,7.6,52.81,0.15
galkayo,20080524,6.77,47.43,6.5599,28.89,6.77,8.54,55.03,0.11
galkayo,20080525,6.77,47.43,6.9523,29.57,7.44,9.46,49.95,0.03
galkayo,20080526,6.77,47.43,6.9679,27.55,7.77,9.63,60.73,0.0
galkayo,20080527,6.77,47.43,7.135,28.94,7.03,8.87,54.29,0.0
galkayo,20080528,6.77,47.43,6.8028,28.96,7.55,9.41,54.29,0.0
galkayo,20080529,6.77,47.43,7.0284,29.09,7.33,9.14,53.09,0.0
galkayo,20080530,6.77,47.43,6.409,28.59,7.54,9.29,57.95,0.0
galkayo,20080531,6.77,47.43,7.0334,29.62,7.59,9.54,52.04,0.12
galkayo,20080601,6.77,47.43,6.7682,29.46,7.38,9.14,55.06,0.07
galkayo,20080602,6.77,47.43,6.7884,29.38,7.67,9.44,55.07,0.15
galkayo,20080603,6.77,47.43,6.9314,29.83,6.94,8.97,49.79,0.08
galkayo,20080604,6.77,47.43,7.001,29.26,6.36,8.36,51.78,0.04
galkayo,20080605,6.77,47.43,6.661,29.83,7.22,9.28,52.45,0.87
galkayo,20080606,6.77,47.43,6.0694,28.73,8.7,10.91,56.29,1.06
galkayo,20080607,6.77,47.43,6.1013,28.47,8.48,10.83,53.62,0.33
galkayo,20080608,6.77,47.43,5.7079,28.53,8.45,10.58,56.08,0.24
galkayo,20080609,6.77,47.43,4.8072,28.39,8.42,10.6,55.05,0.37
galkayo,20080610,6.77,47.43,5.4986,28.24,8.31,10.5,53.41,0.06
galkayo,20080611,6.77,47.43,6.6636,28.45,8.49,10.79,47.92,0.02
galkayo,20080612,6.77,47.43,5.988,27.79,8.32,10.51,52.65,0.05
galkayo,20080613,6.77,47.43,5.8632,28.35,8.42,10.62,53.37,0.07
galkayo,20080614,6.77,47.43,6.9329,28.91,8.93,11.19,54.5,0.21
galkayo,20080615,6.77,47.43,6.6571,28.59,9.52,11.8,58.47,0.02
galkayo,20080616,6.77,47.43,6.869,28.64,8.59,10.92,49.86,0.0
galkayo,20080617,6.77,47.43,6.5009,28.69,9.19,11.59,48.99,0.0
galkayo,20080618,6.77,47.43,6.3338,28.64,9.73,12.19,49.79,0.0
galkayo,20080619,6.77,47.43,6.0434,28.32,9.59,11.87,53.42,0.01
galkayo,20080620,6.77,47.43,5.2987,27.5,9.31,11.65,51.91,0.04
galkayo,20080621,6.77,47.43,5.7806,27.79,8.85,10.99,54.05,0.04
galkayo,20080622,6.77,47.43,6.6336,27.94,7.94,9.99,53.81,0.01
galkayo,20080623,6.77,47.43,6.2119,28.15,8.49,10.58,53.8,0.02
galkayo,20080624,6.77,47.43,6.8093,28.27,8.82,11.25,48.63,0.01
galkayo,20080625,6.77,47.43,6.8868,28.88,8.91,11.35,47.52,0.0
galkayo,20080626,6.77,47.43,6.3929,29.03,9.35,11.6,54.05,0.0
galkayo,20080627,6.77,47.43,6.7205,28.96,9.62,12.02,49.06,0.0
galkayo,20080628,6.77,47.43,6.7121,28.89,8.97,11.35,48.19,0.0
galkayo,20080629,6.77,47.43,6.8194,28.17,8.74,11.16,47.6,0.0
galkayo,20080630,6.77,47.43,6.5719,28.19,9.23,11.69,46.31,0.0
galkayo,20080701,6.77,47.43,5.6071,28.45,9.68,12.06,50.3,0.0
galkayo,20080702,6.77,47.43,5.8574,28.44,9.14,11.35,52.12,0.0
galkayo,20080703,6.77,47.43,5.7674,28.47,8.66,10.69,51.0,0.0
galkayo,20080704,6.77,47.43,6.5119,28.54,7.82,9.71,49.59,0.0
galkayo,20080705,6.77,47.43,6.7366,27.91,7.69,9.66,48.67,0.35
galkayo,20080706,6.77,47.43,6.8126,27.97,8.03,10.1,48.08,0.0
galkayo,20080707,6.77,47.43,6.6041,27.76,8.84,11.09,48.08,0.01
galkayo,20080708,6.77,47.43,6.5798,27.55,8.62,11.03,47.75,0.06
galkayo,20080709,6.77,47.43,6.6293,27.96,8.6,10.87,51.11,0.18
galkayo,20080710,6.77,47.43,6.631,28.06,9.03,11.36,48.91,0.03
galkayo,20080711,6.77,47.43,6.5753,28.75,9.59,11.89,51.56,0.22
galkayo,20080712,6.77,47.43,4.6157,27.59,9.2,11.5,57.3,0.73
galkayo,20080713,6.77,47.43,5.4946,27.22,8.7,11.06,51.63,0.17
galkayo,20080714,6.77,47.43,5.4684,28.23,9.49,11.84,48.7,0.01
galkayo,20080715,6.77,47.43,6.1224,28.23,10.04,12.42,51.79,0.08
galkayo,20080716,6.77,47.43,6.0334,28.39,9.94,12.39,49.56,0.03
galkayo,20080717,6.77,47.43,6.5549,28.26,10.81,13.44,48.85,0.03
galkayo,20080718,6.77,47.43,6.0024,28.09,10.79,13.45,46.25,0.02
galkayo,20080719,6.77,47.43,6.1313,27.89,10.4,13.0,48.25,0.0
galkayo,20080720,6.77,47.43,5.2282,27.33,10.43,12.88,56.34,0.26
galkayo,20080721,6.77,47.43,6.1752,27.41,9.53,11.93,48.93,0.08
galkayo,20080722,6.77,47.43,5.8426,28.18,10.07,12.5,45.71,0.0
galkayo,20080723,6.77,47.43,4.2058,26.82,10.0,12.39,53.52,0.09
galkayo,20080724,6.77,47.43,3.9173,27.13,10.87,13.51,49.87,0.1
galkayo,20080725,6.77,47.43,4.7326,27.39,10.86,13.5,49.09,0.05
galkayo,20080726,6.77,47.43,6.4505,27.82,9.89,12.47,46.38,0.0
galkayo,20080727,6.77,47.43,6.6634,28.37,10.38,12.9,46.91,0.0
galkayo,20080728,6.77,47.43,6.727,28.82,10.6,13.23,45.49,0.0
galkayo,20080729,6.77,47.43,6.277,28.95,10.5,13.02,50.19,0.08
galkayo,20080730,6.77,47.43,6.0228,28.06,10.31,12.77,51.36,0.62
galkayo,20080731,6.77,47.43,6.0583,27.75,9.76,12.09,48.79,0.02
galkayo,20080801,6.77,47.43,6.7207,28.41,9.25,11.54,45.3,0.0
galkayo,20080802,6.77,47.43,6.2887,27.83,9.34,11.74,48.72,0.01
galkayo,20080803,6.77,47.43,6.3614,28.78,9.72,12.08,48.4,0.01
galkayo,20080804,6.77,47.43,6.7774,29.19,10.23,12.68,46.58,0.04
galkayo,20080805,6.77,47.43,6.5837,28.53,10.65,13.19,47.06,0.05
galkayo,20080806,6.77,47.43,6.1632,28.23,10.19,12.68,46.28,0.01
galkayo,20080807,6.77,47.43,6.9962,27.97,8.57,10.82,44.97,0.01
galkayo,20080808,6.77,47.43,7.1909,28.57,8.65,11.04,42.21,0.0
galkayo,20080809,6.77,47.43,6.641,28.7,8.81,11.24,44.2,0.0
galkayo,20080810,6.77,47.43,6.3658,28.83,9.3,11.56,51.67,0.33
galkayo,20080811,6.77,47.43,6.2597,28.77,9.62,11.76,53.41,0.3
galkayo,20080812,6.77,47.43,4.2739,27.81,9.84,11.99,54.8,0.18
galkayo,20080813,6.77,47.43,6.3223,27.87,9.18,11.2,49.71,0.05
galkayo,20080814,6.77,47.43,6.9156,28.04,8.75,10.85,45.72,0.0
galkayo,20080815,6.77,47.43,6.9941,28.37,8.49,10.69,43.76,0.0
galkayo,20080816,6.77,47.43,5.3167,27.48,8.92,10.9,54.6,0.0
galkayo,20080817,6.77,47.43,6.0278,28.01,7.68,9.5,51.46,0.0
galkayo,20080818,6.77,47.43,6.4898,28.39,7.83,9.71,49.41,0.0
galkayo,20080819,6.77,47.43,6.5827,28.33,8.37,10.32,49.98,0.06
galkayo,20080820,6.77,47.43,7.1323,28.34,7.82,9.79,48.59,0.02
galkayo,20080821,6.77,47.43,7.1297,29.16,7.09,8.69,48.62,0.01
galkayo,20080822,6.77,47.43,7.4047,28.68,7.32,9.28,46.13,0.0
galkayo,20080823,6.77,47.43,7.393,28.9,7.86,10.15,45.33,0.01
galkayo,20080824,6.77,47.43,7.3877,29.51,8.09,10.12,46.78,0.01
galkayo,20080825,6.77,47.43,6.7752,29.15,8.62,10.44,51.74,0.08
galkayo,20080826,6.77,47.43,6.9766,29.28,8.32,10.13,51.06,0.08
galkayo,20080827,6.77,47.43,7.0946,29.16,8.14,9.87,52.43,0.05
galkayo,20080828,6.77,47.43,7.141,29.13,7.25,9.04,49.88,0.03
galkayo,20080829,6.77,47.43,7.0778,29.22,7.66,9.42,50.28,0.21
galkayo,20080830,6.77,47.43,6.4006,29.22,7.78,9.68,49.69,0.1
galkayo,20080831,6.77,47.43,7.3054,29.07,7.61,9.41,49.05,0.03
galkayo,20080901,6.77,47.43,7.4426,29.46,7.48,9.38,47.12,0.0
galkayo,20080902,6.77,47.43,7.4798,30.19,7.46,9.44,43.79,0.0
galkayo,20080903,6.77,47.43,6.9108,30.23,8.24,10.22,49.3,0.0
galkayo,20080904,6.77,47.43,6.2741,30.17,8.32,10.1,52.9,0.0
galkayo,20080905,6.77,47.43,7.171,30.11,8.39,10.17,51.07,0.0
galkayo,20080906,6.77,47.43,6.8047,29.71,8.13,9.92,51.76,0.0
galkayo,20080907,6.77,47.43,6.5846,28.44,7.81,9.71,53.54,0.0
galkayo,20080908,6.77,47.43,7.1909,26.78,5.63,7.18,55.71,0.0
galkayo,20080909,6.77,47.43,7.1767,28.64,6.34,8.0,51.71,0.0
galkayo,20080910,6.77,47.43,7.2634,29.57,6.81,8.55,48.19,0.0
galkayo,20080911,6.77,47.43,6.8554,30.0,7.52,9.29,45.99,0.0
galkayo,20080912,6.77,47.43,6.6142,28.5,6.88,8.78,48.1,0.0
galkayo,20080913,6.77,47.43,6.3854,28.83,7.23,9.22,50.62,0.08
galkayo,20080914,6.77,47.43,6.822,29.63,8.14,10.05,46.63,0.0
galkayo,20080915,6.77,47.43,6.4351,28.72,8.13,9.97,50.26,0.06
galkayo,20080916,6.77,47.43,6.0228,28.5,7.21,9.0,50.49,0.03
galkayo,20080917,6.77,47.43,6.7862,29.28,6.0,7.5,48.95,0.02
galkayo,20080918,6.77,47.43,6.3185,29.76,6.09,7.56,48.21,0.0
galkayo,20080919,6.77,47.43,7.2653,30.09,5.45,6.77,46.85,0.01
galkayo,20080920,6.77,47.43,7.2086,30.11,5.09,6.59,43.49,0.0
galkayo,20080921,6.77,47.43,6.9509,29.62,5.26,6.87,46.44,0.0
galkayo,20080922,6.77,47.43,7.0927,29.99,5.37,6.74,51.72,0.0
galkayo,20080923,6.77,47.43,6.485,29.53,6.07,7.45,51.02,0.01
galkayo,20080924,6.77,47.43,6.9257,29.51,5.25,6.52,50.17,0.04
galkayo,20080925,6.77,47.43,6.9041,28.99,5.16,6.55,50.74,0.01
galkayo,20080926,6.77,47.43,6.8508,29.83,5.84,7.09,51.4,0.03
galkayo,20080927,6.77,47.43,5.0045,29.51,5.85,7.08,54.31,0.08
galkayo,20080928,6.77,47.43,6.503,29.98,5.29,6.38,51.3,0.1
galkayo,20080929,6.77,47.43,5.1998,29.16,4.82,6.17,53.76,0.34
galkayo,20080930,6.77,47.43,5.149,28.64,5.04,6.27,55.46,0.96
galkayo,20081001,6.77,47.43,7.0126,29.99,3.43,4.5,42.31,0.62
galkayo,20081002,6.77,47.43,7.1969,30.19,2.71,3.57,38.53,0.26
galkayo,20081003,6.77,47.43,6.7248,29.92,3.35,4.27,51.17,0.03
galkayo,20081004,6.77,47.43,6.7426,29.38,3.36,4.14,53.29,0.03
galkayo,20081005,6.77,47.43,6.8124,29.84,3.14,4.17,47.61,0.02
galkayo,20081006,6.77,47.43,6.5143,30.09,3.44,4.44,48.29,0.01
galkayo,20081007,6.77,47.43,5.562,29.7,4.5,5.66,51.05,0.01
galkayo,20081008,6.77,47.43,4.2086,29.42,4.27,5.12,52.32,0.77
galkayo,20081009,6.77,47.43,5.5058,26.84,4.15,5.12,62.31,1.62
galkayo,20081010,6.77,47.43,6.4265,28.56,4.32,5.21,57.53,0.18
galkayo,20081011,6.77,47.43,6.5114,28.65,3.31,4.0,57.23,0.8
galkayo,20081012,6.77,47.43,5.759,28.24,4.72,5.75,58.42,1.01
galkayo,20081013,6.77,47.43,6.672,28.18,4.51,5.45,58.2,0.39
galkayo,20081014,6.77,47.43,6.6149,27.4,3.11,4.11,60.96,0.85
galkayo,20081015,6.77,47.43,6.7601,28.77,3.03,4.09,56.35,1.16
galkayo,20081016,6.77,47.43,6.143,27.16,2.12,3.33,66.53,7.01
galkayo,20081017,6.77,47.43,6.7114,27.55,2.24,3.5,62.15,3.01
galkayo,20081018,6.77,47.43,6.7152,27.69,2.34,3.52,60.72,0.8
galkayo,20081019,6.77,47.43,6.8258,27.05,2.48,3.59,57.99,0.83
galkayo,20081020,6.77,47.43,6.3886,27.75,1.87,2.85,61.92,3.66
galkayo,20081021,6.77,47.43,6.3214,26.17,2.3,3.63,66.77,4.34
galkayo,20081022,6.77,47.43,6.6967,27.24,4.03,6.12,64.58,4.53
galkayo,20081023,6.77,47.43,6.7459,27.87,4.04,5.77,62.09,2.19
galkayo,20081024,6.77,47.43,6.4586,26.78,4.13,5.57,76.33,12.54
galkayo,20081025,6.77,47.43,5.418,26.68,3.37,4.63,77.55,9.47
galkayo,20081026,6.77,47.43,5.3453,26.57,2.77,3.8,78.51,10.95
galkayo,20081027,6.77,47.43,5.7727,26.78,3.3,4.63,77.37,12.23
galkayo,20081028,6.77,47.43,4.812,26.31,3.6,4.97,80.46,18.28
galkayo,20081029,6.77,47.43,6.2666,24.42,3.32,4.74,88.03,12.2
galkayo,20081030,6.77,47.43,6.3754,25.66,4.19,5.9,79.2,11.58
galkayo,20081031,6.77,47.43,6.1394,25.34,4.06,5.53,80.26,13.0
galkayo,20081101,6.77,47.43,6.4414,24.86,4.54,6.1,76.06,1.31
galkayo,20081102,6.77,47.43,6.2683,25.32,4.43,6.1,76.17,6.71
galkayo,20081103,6.77,47.43,6.312,25.6,5.18,6.89,77.97,5.46
galkayo,20081104,6.77,47.43,6.0005,25.04,4.59,6.32,77.06,5.46
galkayo,20081105,6.77,47.43,6.3682,25.04,3.69,5.31,73.36,0.27
galkayo,20081106,6.77,47.43,5.9225,25.46,3.53,5.05,74.79,0.42
galkayo,20081107,6.77,47.43,6.1334,25.62,3.79,5.29,74.42,0.62
galkayo,20081108,6.77,47.43,6.2354,25.98,4.66,6.27,71.12,0.12
galkayo,20081109,6.77,47.43,6.2196,25.9,4.99,6.8,69.11,0.12
galkayo,20081110,6.77,47.43,6.8546,24.56,4.75,6.85,64.46,0.0
galkayo,20081111,6.77,47.43,6.6163,25.29,4.21,6.05,65.52,0.0
galkayo,20081112,6.77,47.43,6.5354,25.83,4.16,5.88,63.42,0.0
galkayo,20081113,6.77,47.43,6.653,24.88,3.88,5.66,61.3,0.0
galkayo,20081114,6.77,47.43,6.6293,24.66,3.98,5.71,63.14,0.0
galkayo,20081115,6.77,47.43,6.6571,24.53,3.93,5.68,64.16,0.0
galkayo,20081116,6.77,47.43,6.8102,24.51,4.22,6.12,62.95,0.0
galkayo,20081117,6.77,47.43,6.743,23.69,5.29,7.85,55.02,0.0
galkayo,20081118,6.77,47.43,6.9182,23.55,5.8,8.29,55.39,0.0
galkayo,20081119,6.77,47.43,6.7171,23.87,5.74,8.21,58.07,0.0
galkayo,20081120,6.77,47.43,6.5191,24.28,5.21,7.33,61.47,0.0
galkayo,20081121,6.77,47.43,6.0521,25.51,4.75,6.5,64.94,0.0
galkayo,20081122,6.77,47.43,6.0518,26.68,4.9,6.56,62.76,0.0
galkayo,20081123,6.77,47.43,6.1915,27.18,5.19,6.64,64.97,0.0
galkayo,20081124,6.77,47.43,6.289,27.28,5.54,7.16,62.48,0.0
galkayo,20081125,6.77,47.43,6.5446,27.23,4.81,6.46,59.91,0.0
galkayo,20081126,6.77,47.43,6.5441,26.58,3.82,5.46,55.49,0.0
galkayo,20081127,6.77,47.43,6.7056,26.0,3.46,5.0,56.67,0.0
galkayo,20081128,6.77,47.43,6.5551,25.58,4.25,5.97,57.92,0.0
galkayo,20081129,6.77,47.43,6.5342,25.29,4.1,5.74,59.17,0.0
galkayo,20081130,6.77,47.43,6.5014,25.8,3.96,5.37,60.11,0.0
galkayo,20081201,6.77,47.43,6.4224,25.7,3.69,5.07,60.58,0.0
galkayo,20081202,6.77,47.43,6.5489,25.71,3.6,4.96,58.99,0.0
galkayo,20081203,6.77,47.43,6.4896,25.7,4.32,6.09,57.25,0.0
galkayo,20081204,6.77,47.43,6.6334,25.24,5.72,7.8,53.52,0.0
galkayo,20081205,6.77,47.43,6.5095,24.72,5.43,7.72,53.92,0.0
galkayo,20081206,6.77,47.43,6.6439,25.08,4.5,6.64,47.82,0.0
galkayo,20081207,6.77,47.43,6.6451,25.32,4.29,6.34,43.67,0.0
galkayo,20081208,6.77,47.43,6.587,24.77,4.57,6.75,42.02,0.0
galkayo,20081209,6.77,47.43,6.6775,23.52,5.16,7.57,44.82,0.0
galkayo,20081210,6.77,47.43,6.631,23.66,5.55,7.88,51.47,0.0
galkayo,20081211,6.77,47.43,6.4452,24.89,4.74,6.72,59.15,0.0
galkayo,20081212,6.77,47.43,6.505,25.56,4.59,6.58,57.2,0.0
galkayo,20081213,6.77,47.43,6.6132,24.84,4.11,6.02,53.78,0.0
galkayo,20081214,6.77,47.43,6.6862,24.01,4.35,6.51,52.31,0.0
galkayo,20081215,6.77,47.43,6.6336,24.28,3.91,5.85,56.64,0.0
galkayo,20081216,6.77,47.43,6.5218,25.38,3.89,5.46,58.89,0.0
galkayo,20081217,6.77,47.43,6.594,25.1,4.43,6.27,52.57,0.0
galkayo,20081218,6.77,47.43,6.7198,24.46,5.6,8.2,48.05,0.0
galkayo,20081219,6.77,47.43,6.4906,24.97,6.4,9.12,41.49,0.0
galkayo,20081220,6.77,47.43,6.4822,24.78,6.53,9.39,35.73,0.0
galkayo,20081221,6.77,47.43,6.1171,24.95,6.63,8.8,47.65,0.0
galkayo,20081222,6.77,47.43,6.1759,25.51,6.31,8.71,45.05,0.0
galkayo,20081223,6.77,47.43,6.1601,25.67,5.8,8.13,46.97,0.0
galkayo,20081224,6.77,47.43,6.2371,26.76,5.52,7.33,52.65,0.0
galkayo,20081225,6.77,47.43,5.8687,26.81,6.46,8.36,55.89,0.0
galkayo,20081226,6.77,47.43,5.2133,26.88,6.59,8.31,58.59,0.0
galkayo,20081227,6.77,47.43,5.5445,26.56,5.71,7.32,57.47,0.0
galkayo,20081228,6.77,47.43,5.9602,26.47,5.29,6.84,59.32,0.0
galkayo,20081229,6.77,47.43,6.4846,25.92,5.35,7.15,54.18,0.0
galkayo,20081230,6.77,47.43,6.6653,24.47,5.74,7.8,53.55,0.0
galkayo,20081231,6.77,47.43,6.6038,24.96,5.89,7.96,53.03,0.0
galkayo,20090101,6.77,47.43,6.6077,24.34,5.77,7.99,53.35,0.0
galkayo,20090102,6.77,47.43,6.7865,23.93,5.19,7.25,54.83,0.0
galkayo,20090103,6.77,47.43,6.7526,24.43,5.11,7.28,52.71,0.0
galkayo,20090104,6.77,47.43,6.733,24.11,5.91,8.33,50.81,0.0
galkayo,20090105,6.77,47.43,6.7087,24.56,5.77,7.98,51.37,0.0
galkayo,20090106,6.77,47.43,6.619,24.78,5.78,7.83,50.99,0.0
galkayo,20090107,6.77,47.43,6.6029,24.09,5.29,7.39,53.48,0.0
galkayo,20090108,6.77,47.43,6.6566,24.17,5.54,7.63,54.01,0.0
galkayo,20090109,6.77,47.43,6.6833,24.13,5.47,7.52,53.19,0.0
galkayo,20090110,6.77,47.43,6.7073,24.19,5.74,7.84,54.02,0.0
galkayo,20090111,6.77,47.43,6.5998,24.9,5.16,7.07,54.73,0.0
galkayo,20090112,6.77,47.43,6.4356,25.89,6.09,7.9,57.24,0.0
galkayo,20090113,6.77,47.43,6.0386,26.67,6.51,8.27,59.56,0.0
galkayo,20090114,6.77,47.43,6.3216,27.2,6.99,8.78,60.09,0.0
galkayo,20090115,6.77,47.43,5.5351,26.86,8.19,10.26,59.31,0.0
galkayo,20090116,6.77,47.43,5.0906,25.85,8.21,10.3,53.81,0.49
galkayo,20090117,6.77,47.43,6.4752,24.78,7.18,9.06,54.97,0.0
galkayo,20090118,6.77,47.43,6.5746,24.8,6.39,8.14,58.95,0.01
galkayo,20090119,6.77,47.43,6.6036,25.79,5.56,7.05,63.48,0.71
galkayo,20090120,6.77,47.43,5.9503,26.59,6.22,7.76,62.57,0.15
galkayo,20090121,6.77,47.43,6.001,26.7,6.23,7.83,61.04,0.22
galkayo,20090122,6.77,47.43,6.2153,26.67,6.37,7.94,56.89,0.07
galkayo,20090123,6.77,47.43,6.3936,26.4,6.3,7.71,59.23,0.16
galkayo,20090124,6.77,47.43,6.4291,27.01,5.68,6.94,59.75,0.26
galkayo,20090125,6.77,47.43,6.4956,27.52,5.94,7.28,56.52,0.03
galkayo,20090126,6.77,47.43,6.5453,26.58,6.19,7.72,57.26,0.01
galkayo,20090127,6.77,47.43,6.3905,24.93,5.84,7.54,51.5,0.0
galkayo,20090128,6.77,47.43,6.9144,24.89,5.33,6.98,55.14,0.0
galkayo,20090129,6.77,47.43,6.9677,25.1,6.11,7.94,54.67,0.0
galkayo,20090130,6.77,47.43,6.9826,24.92,5.89,7.69,55.13,0.0
galkayo,20090131,6.77,47.43,6.8484,26.12,6.26,7.88,60.6,0.0
galkayo,20090201,6.77,47.43,4.5166,27.22,6.24,7.67,62.72,0.0
galkayo,20090202,6.77,47.43,6.331,27.23,6.84,8.39,59.33,0.0
galkayo,20090203,6.77,47.43,6.8638,26.58,6.56,8.25,54.2,0.0
galkayo,20090204,6.77,47.43,6.9874,25.71,7.01,8.81,55.06,0.0
galkayo,20090205,6.77,47.43,7.0562,25.0,6.29,8.22,54.09,0.0
galkayo,20090206,6.77,47.43,6.9797,24.99,6.28,8.08,56.08,0.0
galkayo,20090207,6.77,47.43,6.8614,25.76,6.64,8.36,55.7,0.0
galkayo,20090208,6.77,47.43,6.7891,26.39,7.1,8.76,57.53,0.0
galkayo,20090209,6.77,47.43,7.075,25.96,6.2,7.96,53.39,0.0
galkayo,20090210,6.77,47.43,7.213,25.4,5.73,7.5,55.49,0.0
galkayo,20090211,6.77,47.43,7.3474,25.54,4.6,6.0,58.2,0.0
galkayo,20090212,6.77,47.43,7.2034,26.42,4.42,5.62,56.95,0.0
galkayo,20090213,6.77,47.43,7.213,26.49,5.42,6.71,56.32,0.03
galkayo,20090214,6.77,47.43,7.2113,25.95,5.75,7.26,53.54,0.0
galkayo,20090215,6.77,47.43,7.3025,25.74,5.28,6.7,55.97,0.0
galkayo,20090216,6.77,47.43,6.9521,26.03,5.57,6.97,58.29,0.0
galkayo,20090217,6.77,47.43,6.8647,26.25,6.53,8.13,56.09,0.0
galkayo,20090218,6.77,47.43,6.9792,25.58,5.4,7.04,54.75,0.0
galkayo,20090219,6.77,47.43,7.3126,25.99,5.56,7.15,54.42,0.0
galkayo,20090220,6.77,47.43,7.4717,25.85,5.87,7.56,53.87,0.0
galkayo,20090221,6.77,47.43,7.2468,26.32,6.01,7.58,54.76,0.0
galkayo,20090222,6.77,47.43,7.2314,26.99,5.41,6.82,54.68,0.0
galkayo,20090223,6.77,47.43,6.8731,27.38,6.3,7.65,57.15,0.03
galkayo,20090224,6.77,47.43,6.9818,27.66,6.16,7.51,54.9,0.0
galkayo,20090225,6.77,47.43,5.8961,27.31,6.33,7.68,65.61,0.29
galkayo,20090226,6.77,47.43,6.5249,27.69,6.1,7.41,63.4,0.3
galkayo,20090227,6.77,47.43,7.1381,27.97,5.48,6.84,56.29,0.03
galkayo,20090228,6.77,47.43,7.3644,27.27,5.98,7.41,57.21,0.0
galkayo,20090301,6.77,47.43,7.5442,27.27,4.91,6.31,54.25,0.0
galkayo,20090302,6.77,47.43,7.5074,27.3,4.67,6.27,51.19,0.0
galkayo,20090303,6.77,47.43,7.5535,27.22,5.34,6.97,50.31,0.0
galkayo,20090304,6.77,47.43,7.5367,27.03,5.32,7.06,49.48,0.0
galkayo,20090305,6.77,47.43,7.4378,26.72,5.66,7.22,53.69,0.0
galkayo,20090306,6.77,47.43,7.2746,26.52,6.03,7.64,53.23,0.0
galkayo,20090307,6.77,47.43,7.3114,26.34,6.05,7.79,55.08,0.0
galkayo,20090308,6.77,47.43,7.5031,26.8,5.33,6.94,50.21,0.0
galkayo,20090309,6.77,47.43,7.4275,26.83,5.05,6.75,48.4,0.0
galkayo,20090310,6.77,47.43,7.4028,26.5,4.83,6.36,51.36,0.0
galkayo,20090311,6.77,47.43,7.3987,26.28,5.47,6.98,53.09,0.0
galkayo,20090312,6.77,47.43,7.6068,26.58,6.67,8.28,53.79,0.0
galkayo,20090313,6.77,47.43,7.3656,27.44,6.4,7.87,54.27,0.0
galkayo,20090314,6.77,47.43,7.3781,27.72,6.3,7.71,54.87,0.0
galkayo,20090315,6.77,47.43,7.507,28.15,4.61,5.72,53.26,0.0
galkayo,20090316,6.77,47.43,7.5722,28.1,5.36,6.57,54.91,0.0
galkayo,20090317,6.77,47.43,7.2264,28.22,5.83,6.97,57.85,0.0
galkayo,20090318,6.77,47.43,6.9098,28.33,6.12,7.3,58.14,0.02
galkayo,20090319,6.77,47.43,7.5552,28.44,5.49,6.66,54.26,0.01
galkayo,20090320,6.77,47.43,7.2504,28.24,5.76,6.85,59.29,0.07
galkayo,20090321,6.77,47.43,7.625,28.38,5.15,6.22,52.94,0.0
galkayo,20090322,6.77,47.43,7.6001,28.52,5.27,6.35,55.85,0.03
galkayo,20090323,6.77,47.43,7.3008,29.24,5.72,6.87,55.54,0.07
galkayo,20090324,6.77,47.43,7.195,29.07,6.01,7.16,56.33,0.08
galkayo,20090325,6.77,47.43,7.2494,28.65,6.09,7.36,57.09,0.02
galkayo,20090326,6.77,47.43,7.062,28.87,5.31,6.54,50.98,0.0
galkayo,20090327,6.77,47.43,7.0445,28.95,5.39,6.64,49.89,0.01
galkayo,20090328,6.77,47.43,7.2278,29.17,5.19,6.32,51.31,0.02
galkayo,20090329,6.77,47.43,6.9494,28.99,5.97,7.1,55.17,0.04
galkayo,20090330,6.77,47.43,6.9602,28.92,6.44,7.67,56.75,0.19
galkayo,20090331,6.77,47.43,7.6094,28.57,5.87,7.13,54.26,0.05
galkayo,20090401,6.77,47.43,7.3481,28.68,5.34,6.51,55.03,0.08
galkayo,20090402,6.77,47.43,7.4472,28.59,5.73,6.92,53.37,0.15
galkayo,20090403,6.77,47.43,7.4657,29.0,4.81,5.89,55.45,0.02
galkayo,20090404,6.77,47.43,6.5419,29.74,5.33,6.39,55.84,0.97
galkayo,20090405,6.77,47.43,7.0514,28.42,5.1,6.28,64.63,6.2
galkayo,20090406,6.77,47.43,7.0927,28.31,5.42,6.82,59.51,0.8
galkayo,20090407,6.77,47.43,7.4438,27.85,5.19,6.76,56.95,0.26
galkayo,20090408,6.77,47.43,7.3308,28.2,5.16,6.52,57.37,0.28
galkayo,20090409,6.77,47.43,7.4935,29.12,4.66,5.82,55.73,0.38
galkayo,20090410,6.77,47.43,7.2552,29.27,4.52,5.6,57.47,0.56
galkayo,20090411,6.77,47.43,7.1954,29.8,4.7,5.72,57.6,0.64
galkayo,20090412,6.77,47.43,6.3701,29.44,4.23,5.14,57.55,1.61
galkayo,20090413,6.77,47.43,6.3259,29.64,3.29,4.23,57.2,1.58
galkayo,20090414,6.77,47.43,6.5237,29.28,3.05,4.2,62.35,4.96
galkayo,20090415,6.77,47.43,5.7912,28.33,3.16,4.62,67.69,2.65
galkayo,20090416,6.77,47.43,6.763,29.09,3.31,4.81,63.72,0.52
galkayo,20090417,6.77,47.43,6.8234,30.44,3.94,5.33,56.93,0.48
galkayo,20090418,6.77,47.43,6.4536,29.69,3.36,4.68,59.45,0.8
galkayo,20090419,6.77,47.43,1.7678,29.18,2.94,3.64,65.37,1.53
galkayo,20090420,6.77,47.43,6.2954,28.74,3.72,4.38,65.35,1.16
galkayo,20090421,6.77,47.43,6.7522,26.67,2.37,2.83,70.9,0.13
galkayo,20090422,6.77,47.43,7.1066,28.83,2.6,3.68,59.63,0.04
galkayo,20090423,6.77,47.43,6.8402,30.0,4.21,5.46,56.83,0.02
galkayo,20090424,6.77,47.43,7.0255,30.16,4.97,6.12,55.31,0.04
galkayo,20090425,6.77,47.43,7.1443,29.76,5.62,6.88,56.16,0.12
galkayo,20090426,6.77,47.43,7.4316,29.6,5.35,6.51,56.93,0.78
galkayo,20090427,6.77,47.43,7.2312,29.43,5.0,6.02,58.26,0.7
galkayo,20090428,6.77,47.43,6.3036,29.74,4.92,5.88,57.5,0.25
galkayo,20090429,6.77,47.43,6.2743,30.0,4.32,5.24,55.29,0.78
galkayo,20090430,6.77,47.43,7.2578,30.03,4.58,5.61,54.1,0.42
galkayo,20090501,6.77,47.43,7.4028,29.39,4.35,5.5,51.91,0.12
galkayo,20090502,6.77,47.43,7.3409,29.29,4.87,6.09,57.95,0.04
galkayo,20090503,6.77,47.43,7.2948,30.32,5.16,6.31,54.78,0.03
galkayo,20090504,6.77,47.43,7.3586,30.78,4.34,5.3,52.75,0.0
galkayo,20090505,6.77,47.43,7.3978,30.76,4.5,5.6,53.15,0.01
galkayo,20090506,6.77,47.43,7.3966,30.1,4.83,6.0,53.89,0.0
galkayo,20090507,6.77,47.43,7.2672,29.99,4.85,5.98,54.8,0.0
galkayo,20090508,6.77,47.43,7.0543,30.71,4.02,4.93,53.83,0.0
galkayo,20090509,6.77,47.43,7.0978,31.13,3.97,4.95,50.95,0.0
galkayo,20090510,6.77,47.43,6.467,31.11,4.85,6.03,49.99,0.0
galkayo,20090511,6.77,47.43,6.9924,31.24,4.58,5.82,48.62,1.26
galkayo,20090512,6.77,47.43,6.768,30.76,4.95,6.46,51.24,1.58
galkayo,20090513,6.77,47.43,6.6079,30.07,5.82,7.97,49.81,1.05
galkayo,20090514,6.77,47.43,6.857,30.92,5.55,7.33,48.51,0.71
galkayo,20090515,6.77,47.43,6.9761,31.13,6.34,8.3,48.0,0.9
galkayo,20090516,6.77,47.43,6.9036,29.37,5.12,6.7,57.28,1.6
galkayo,20090517,6.77,47.43,6.3535,27.45,4.65,6.21,68.26,2.5
galkayo,20090518,6.77,47.43,6.9761,27.05,5.14,6.99,70.54,6.3
galkayo,20090519,6.77,47.43,6.0602,25.06,4.52,6.24,82.69,2.46
galkayo,20090520,6.77,47.43,7.0694,28.83,3.91,5.64,62.09,1.31
galkayo,20090521,6.77,47.43,5.8572,28.96,5.63,7.62,61.07,0.12
galkayo,20090522,6.77,47.43,7.2091,29.8,6.78,9.19,51.21,0.02
galkayo,20090523,6.77,47.43,7.0666,30.03,7.76,10.18,48.44,0.03
galkayo,20090524,6.77,47.43,7.0838,30.22,7.7,9.97,49.46,0.01
galkayo,20090525,6.77,47.43,7.2034,30.43,7.16,9.22,48.38,0.03
galkayo,20090526,6.77,47.43,7.1184,30.21,7.23,9.36,46.8,0.05
galkayo,20090527,6.77,47.43,7.0087,30.41,7.12,9.14,48.48,0.17
galkayo,20090528,6.77,47.43,6.4726,30.06,6.2,8.08,51.36,0.28
galkayo,20090529,6.77,47.43,6.8594,30.32,5.3,7.09,48.59,0.16
galkayo,20090530,6.77,47.43,7.0457,30.27,5.22,6.97,47.45,0.0
galkayo,20090531,6.77,47.43,6.7514,30.34,5.78,7.59,48.16,0.0
galkayo,20090601,6.77,47.43,6.9331,30.48,6.27,8.18,47.41,0.0
galkayo,20090602,6.77,47.43,7.0572,29.9,6.08,7.92,47.24,0.0
galkayo,20090603,6.77,47.43,7.1498,29.9,5.58,7.6,43.01,0.0
galkayo,20090604,6.77,47.43,7.1902,29.67,5.81,8.1,42.82,0.0
galkayo,20090605,6.77,47.43,7.2449,30.91,6.52,8.63,46.29,0.47
galkayo,20090606,6.77,47.43,7.1194,29.92,6.61,8.89,46.62,0.14
galkayo,20090607,6.77,47.43,7.0464,30.04,7.39,9.43,51.25,0.26
galkayo,20090608,6.77,47.43,6.9756,29.8,7.25,9.19,50.7,0.08
galkayo,20090609,6.77,47.43,6.853,30.6,6.59,8.55,49.95,0.55
galkayo,20090610,6.77,47.43,7.1158,31.38,7.34,9.62,45.19,0.04
galkayo,20090611,6.77,47.43,6.8477,30.59,7.26,9.39,47.52,0.02
galkayo,20090612,6.77,47.43,7.0442,30.41,6.86,8.79,49.59,0.02
galkayo,20090613,6.77,47.43,6.7505,30.73,6.48,8.18,50.56,0.06
galkayo,20090614,6.77,47.43,6.1579,30.53,7.51,9.24,52.42,0.34
galkayo,20090615,6.77,47.43,6.3653,28.94,7.31,8.99,53.23,0.22
galkayo,20090616,6.77,47.43,5.7199,29.89,6.98,8.84,50.0,0.15
galkayo,20090617,6.77,47.43,7.0354,30.48,6.9,8.94,45.58,0.03
galkayo,20090618,6.77,47.43,6.8563,29.62,8.22,10.22,52.57,0.06
galkayo,20090619,6.77,47.43,7.1702,30.17,7.04,9.31,42.29,0.0
galkayo,20090620,6.77,47.43,6.8254,30.39,7.05,9.23,43.22,0.0
galkayo,20090621,6.77,47.43,6.7286,29.58,7.89,10.12,50.09,0.01
galkayo,20090622,6.77,47.43,6.63,29.86,7.95,10.03,46.15,0.0
galkayo,20090623,6.77,47.43,6.8009,29.24,8.25,10.43,46.22,0.0
galkayo,20090624,6.77,47.43,6.5242,29.29,8.37,10.58,46.9,0.0
galkayo,20090625,6.77,47.43,6.8172,29.9,7.92,10.16,43.76,0.0
galkayo,20090626,6.77,47.43,6.7843,30.45,8.33,10.49,46.25,0.0
galkayo,20090627,6.77,47.43,6.4298,30.29,8.24,10.36,48.42,0.0
galkayo,20090628,6.77,47.43,6.4829,30.14,9.19,11.36,48.46,0.0
galkayo,20090629,6.77,47.43,6.1867,29.43,9.37,11.68,45.53,0.0
galkayo,20090630,6.77,47.43,6.2083,28.88,9.11,11.49,46.36,0.04
galkayo,20090701,6.77,47.43,6.3986,28.2,9.67,12.06,47.44,0.04
galkayo,20090702,6.77,47.43,5.8711,27.62,9.21,11.77,46.56,0.01
galkayo,20090703,6.77,47.43,6.1843,28.29,10.43,13.05,52.22,0.15
galkayo,20090704,6.77,47.43,5.5306,28.08,10.14,12.72,50.88,0.01
galkayo,20090705,6.77,47.43,5.0345,27.56,10.07,12.7,48.63,0.0
galkayo,20090706,6.77,47.43,5.0731,27.52,9.26,11.76,47.53,0.0
galkayo,20090707,6.77,47.43,5.7341,27.61,9.68,12.23,47.84,0.0
galkayo,20090708,6.77,47.43,5.2949,28.0,9.39,11.83,48.88,0.0
galkayo,20090709,6.77,47.43,6.5508,27.89,8.41,10.77,45.65,0.0
galkayo,20090710,6.77,47.43,6.5424,28.73,8.73,11.1,46.03,0.0
galkayo,20090711,6.77,47.43,6.4877,27.64,8.67,11.05,50.08,0.0
galkayo,20090712,6.77,47.43,6.9338,29.35,8.52,10.9,43.07,0.0
galkayo,20090713,6.77,47.43,6.5669,29.95,8.78,11.25,42.92,0.0
galkayo,20090714,6.77,47.43,6.1164,29.85,10.14,12.69,47.32,0.02
galkayo,20090715,6.77,47.43,5.765,29.61,9.77,12.21,47.29,0.01
galkayo,20090716,6.77,47.43,5.9362,29.21,9.99,12.43,47.5,0.0
galkayo,20090717,6.77,47.43,6.4536,28.37,9.36,11.92,48.02,0.05
galkayo,20090718,6.77,47.43,6.6034,27.82,9.5,12.09,41.2,0.0
galkayo,20090719,6.77,47.43,6.5938,27.96,8.61,11.03,43.02,0.0
galkayo,20090720,6.77,47.43,5.9645,28.43,9.11,11.37,47.22,0.02
galkayo,20090721,6.77,47.43,6.4061,28.53,9.51,11.77,48.37,0.03
galkayo,20090722,6.77,47.43,5.8606,28.12,8.74,10.92,50.55,0.04
galkayo,20090723,6.77,47.43,6.5654,28.62,8.19,10.28,50.52,0.01
galkayo,20090724,6.77,47.43,6.8174,29.28,8.14,10.17,49.64,0.0
galkayo,20090725,6.77,47.43,7.0469,28.78,8.26,10.6,44.98,0.0
galkayo,20090726,6.77,47.43,6.7781,29.88,9.01,11.35,45.76,0.0
galkayo,20090727,6.77,47.43,5.496,29.89,9.91,12.22,48.63,0.04
galkayo,20090728,6.77,47.43,6.6622,29.77,10.05,12.44,46.58,0.0
galkayo,20090729,6.77,47.43,6.0514,29.52,9.91,12.28,48.63,0.07
galkayo,20090730,6.77,47.43,6.2575,29.34,9.74,12.03,47.42,0.39
galkayo,20090731,6.77,47.43,6.607,28.6,8.85,10.99,47.53,0.29
galkayo,20090801,6.77,47.43,7.0037,28.31,7.66,9.84,46.84,0.07
galkayo,20090802,6.77,47.43,6.948,28.92,7.76,9.94,46.22,0.04
galkayo,20090803,6.77,47.43,6.5705,29.56,8.1,9.99,49.02,0.41
galkayo,20090804,6.77,47.43,7.007,29.72,8.58,10.63,45.79,0.0
galkayo,20090805,6.77,47.43,6.72,29.6,9.63,11.85,45.44,0.0
galkayo,20090806,6.77,47.43,6.9576,29.22,9.92,12.23,44.69,0.0
galkayo,20090807,6.77,47.43,6.5177,29.35,10.21,12.58,46.11,0.0
galkayo,20090808,6.77,47.43,6.8772,28.93,9.88,12.24,47.59,0.0
galkayo,20090809,6.77,47.43,6.733,29.04,9.81,12.14,45.15,0.0
galkayo,20090810,6.77,47.43,7.0068,28.73,9.73,12.03,46.04,0.0
galkayo,20090811,6.77,47.43,7.1004,28.25,8.37,10.71,41.76,0.0
galkayo,20090812,6.77,47.43,7.1386,28.37,8.2,10.48,44.81,0.0
galkayo,20090813,6.77,47.43,6.8522,29.27,8.5,10.58,45.13,0.0
galkayo,20090814,6.77,47.43,6.9391,29.27,8.51,10.55,46.57,0.0
galkayo,20090815,6.77,47.43,7.0721,28.84,8.65,10.86,44.42,0.0
galkayo,20090816,6.77,47.43,6.8539,28.56,9.81,12.18,43.72,0.0
galkayo,20090817,6.77,47.43,6.4138,28.3,9.23,11.33,48.29,0.0
galkayo,20090818,6.77,47.43,6.8369,28.59,8.43,10.38,47.13,0.0
galkayo,20090819,6.77,47.43,6.9444,28.72,8.81,10.82,46.51,0.0
galkayo,20090820,6.77,47.43,7.1489,27.74,8.04,10.07,49.41,0.0
galkayo,20090821,6.77,47.43,6.6326,27.99,7.8,9.67,52.26,0.0
galkayo,20090822,6.77,47.43,6.9451,28.54,8.2,10.22,47.87,0.0
galkayo,20090823,6.77,47.43,7.2098,28.92,8.34,10.28,48.7,0.0
galkayo,20090824,6.77,47.43,7.1678,28.66,8.21,10.11,50.7,0.04
galkayo,20090825,6.77,47.43,7.1282,28.62,8.51,10.49,49.26,0.01
galkayo,20090826,6.77,47.43,7.4366,28.39,7.53,9.55,45.37,0.0
galkayo,20090827,6.77,47.43,7.289,28.63,6.94,9.06,43.76,0.0
galkayo,20090828,6.77,47.43,7.4381,29.28,7.68,9.84,42.46,0.0
galkayo,20090829,6.77,47.43,7.4026,29.94,8.55,10.84,45.01,0.03
galkayo,20090830,6.77,47.43,7.0546,29.69,9.13,11.24,49.94,0.11
galkayo,20090831,6.77,47.43,7.3805,28.83,9.1,11.28,47.72,0.09
galkayo,20090901,6.77,47.43,7.3668,28.67,8.13,10.24,47.17,0.0
galkayo,20090902,6.77,47.43,7.2446,29.15,8.45,10.59,45.17,0.0
galkayo,20090903,6.77,47.43,6.9518,28.64,9.03,11.11,46.87,0.0
galkayo,20090904,6.77,47.43,6.3962,28.93,8.71,10.71,48.39,0.0
galkayo,20090905,6.77,47.43,7.0582,29.56,9.1,11.32,47.21,0.0
galkayo,20090906,6.77,47.43,7.1364,29.59,8.78,10.93,45.47,0.0
galkayo,20090907,6.77,47.43,7.3608,28.79,8.79,10.95,44.95,0.0
galkayo,20090908,6.77,47.43,6.6809,29.14,7.84,9.72,47.86,0.02
galkayo,20090909,6.77,47.43,7.2938,29.0,7.19,9.07,46.78,0.0
galkayo,20090910,6.77,47.43,7.0826,29.03,7.11,8.85,50.41,0.12
galkayo,20090911,6.77,47.43,7.3387,30.0,6.41,8.45,41.84,0.0
galkayo,20090912,6.77,47.43,7.2893,30.19,6.43,8.1,47.94,0.08
galkayo,20090913,6.77,47.43,7.181,29.65,7.06,8.77,46.84,0.0
galkayo,20090914,6.77,47.43,6.6756,29.06,6.52,8.06,51.37,0.0
galkayo,20090915,6.77,47.43,7.0702,29.6,6.18,7.8,47.45,0.0
galkayo,20090916,6.77,47.43,7.3685,30.12,6.42,8.16,46.66,0.0
galkayo,20090917,6.77,47.43,7.1628,30.37,6.04,7.49,49.87,0.0
galkayo,20090918,6.77,47.43,6.0643,29.41,6.27,7.46,53.67,0.11
galkayo,20090919,6.77,47.43,5.3095,28.51,5.69,6.91,58.66,0.15
galkayo,20090920,6.77,47.43,6.8371,29.35,5.56,6.89,53.43,0.02
galkayo,20090921,6.77,47.43,6.8846,29.77,6.05,7.59,51.23,0.13
galkayo,20090922,6.77,47.43,6.2066,29.72,6.69,8.09,54.25,0.13
galkayo,20090923,6.77,47.43,5.6772,28.83,5.77,7.24,56.57,0.69
galkayo,20090924,6.77,47.43,6.0607,29.7,6.24,7.65,50.38,0.02
galkayo,20090925,6.77,47.43,7.1688,29.7,5.3,6.56,49.98,0.03
galkayo,20090926,6.77,47.43,6.8414,30.37,5.15,6.41,51.03,0.13
galkayo,20090927,6.77,47.43,6.2436,30.65,6.46,7.89,50.72,0.37
galkayo,20090928,6.77,47.43,6.6751,30.72,6.26,7.7,49.52,0.3
galkayo,20090929,6.77,47.43,5.4842,29.04,6.03,7.67,53.18,0.43
galkayo,20090930,6.77,47.43,6.4836,28.86,6.27,8.17,52.07,0.22
galkayo,20091001,6.77,47.43,6.9086,29.4,5.72,7.29,50.93,0.1
galkayo,20091002,6.77,47.43,7.1323,30.29,5.98,7.59,47.12,0.18
galkayo,20091003,6.77,47.43,7.2077,30.5,5.93,7.51,45.39,0.45
galkayo,20091004,6.77,47.43,7.0147,29.74,5.4,6.72,53.78,2.53
galkayo,20091005,6.77,47.43,6.5455,29.43,5.04,6.3,55.91,1.44
galkayo,20091006,6.77,47.43,4.8931,27.26,3.88,5.3,65.16,3.24
galkayo,20091007,6.77,47.43,6.563,27.81,4.82,6.46,61.54,2.28
galkayo,20091008,6.77,47.43,6.3982,28.28,3.78,5.07,58.21,0.52
galkayo,20091009,6.77,47.43,6.8208,28.7,4.6,6.15,59.1,1.57
galkayo,20091010,6.77,47.43,6.3902,28.83,5.02,6.39,55.3,0.21
galkayo,20091011,6.77,47.43,5.3374,28.57,3.59,4.78,60.28,2.79
galkayo,20091012,6.77,47.43,6.0634,27.68,3.16,4.11,68.06,4.46
galkayo,20091013,6.77,47.43,3.8863,25.41,2.99,4.08,84.03,77.57
galkayo,20091014,6.77,47.43,6.8926,23.81,3.26,4.87,82.52,13.41
galkayo,20091015,6.77,47.43,7.037,24.29,3.81,5.57,74.2,0.71
galkayo,20091016,6.77,47.43,6.9082,24.92,3.96,5.64,76.3,0.66
galkayo,20091017,6.77,47.43,6.8434,25.3,3.98,5.56,74.87,2.04
galkayo,20091018,6.77,47.43,7.0858,25.57,3.62,5.06,73.79,0.01
galkayo,20091019,6.77,47.43,6.5904,25.78,3.51,4.77,73.1,1.52
galkayo,20091020,6.77,47.43,6.9336,25.06,3.03,4.38,72.82,1.09
galkayo,20091021,6.77,47.43,7.1136,25.85,3.7,5.22,68.14,0.0
galkayo,20091022,6.77,47.43,5.9765,26.79,4.59,6.07,71.92,2.77
galkayo,20091023,6.77,47.43,6.4754,26.39,4.83,6.25,72.21,1.55
galkayo,20091024,6.77,47.43,6.3689,25.29,4.35,5.95,74.6,1.11
galkayo,20091025,6.77,47.43,6.6984,26.08,4.11,5.57,69.29,0.4
galkayo,20091026,6.77,47.43,5.6347,25.95,3.81,5.19,73.08,3.74
galkayo,20091027,6.77,47.43,6.2918,26.22,4.21,5.49,70.86,0.51
galkayo,20091028,6.77,47.43,6.689,26.42,4.02,5.35,66.58,0.0
galkayo,20091029,6.77,47.43,6.9043,25.58,4.03,5.62,65.99,0.0
galkayo,20091030,6.77,47.43,7.0159,25.16,4.49,6.46,60.94,0.0
galkayo,20091031,6.77,47.43,6.6686,25.87,4.15,5.77,66.01,0.0
galkayo,20091101,6.77,47.43,6.3605,27.52,4.6,6.0,65.47,0.01
galkayo,20091102,6.77,47.43,5.9412,25.98,3.88,5.27,72.44,0.04
galkayo,20091103,6.77,47.43,6.4265,26.45,4.63,6.15,71.03,0.02
galkayo,20091104,6.77,47.43,6.7282,26.46,5.2,7.07,59.54,0.0
galkayo,20091105,6.77,47.43,6.834,26.02,4.97,6.87,58.0,0.0
galkayo,20091106,6.77,47.43,6.528,25.93,5.05,7.0,57.71,0.0
galkayo,20091107,6.77,47.43,6.5981,26.57,5.28,7.23,52.28,0.0
galkayo,20091108,6.77,47.43,6.7327,25.93,4.67,6.76,52.44,0.0
galkayo,20091109,6.77,47.43,6.7183,25.47,4.85,6.92,54.67,0.0
galkayo,20091110,6.77,47.43,6.774,25.78,3.64,5.21,57.46,0.0
galkayo,20091111,6.77,47.43,6.6725,25.8,2.55,4.05,54.34,0.0
galkayo,20091112,6.77,47.43,6.7296,25.96,3.26,4.8,57.35,0.0
galkayo,20091113,6.77,47.43,6.6691,26.28,2.83,4.19,57.24,0.0
galkayo,20091114,6.77,47.43,6.739,25.54,3.89,5.62,57.26,0.0
galkayo,20091115,6.77,47.43,6.7778,25.48,3.95,5.87,54.78,0.0
galkayo,20091116,6.77,47.43,6.6631,25.7,3.9,5.75,56.25,0.0
galkayo,20091117,6.77,47.43,6.455,26.63,4.3,5.84,60.32,0.0
galkayo,20091118,6.77,47.43,6.2261,26.86,4.44,5.68,62.2,0.0
galkayo,20091119,6.77,47.43,6.2477,27.09,4.71,5.94,61.57,0.0
galkayo,20091120,6.77,47.43,6.3943,27.06,4.64,5.93,60.19,0.0
galkayo,20091121,6.77,47.43,6.4706,26.86,3.92,5.26,57.75,0.0
galkayo,20091122,6.77,47.43,6.2705,27.74,3.86,5.1,59.79,0.0
galkayo,20091123,6.77,47.43,6.2688,28.27,4.91,6.31,58.02,0.01
galkayo,20091124,6.77,47.43,6.4332,27.84,4.96,6.6,55.54,0.0
galkayo,20091125,6.77,47.43,6.4447,27.63,5.36,6.97,55.85,0.0
galkayo,20091126,6.77,47.43,6.0679,28.07,5.79,7.2,59.1,0.03
galkayo,20091127,6.77,47.43,6.1358,26.87,4.46,5.7,68.53,5.49
galkayo,20091128,6.77,47.43,6.1786,26.74,4.02,5.29,69.91,3.12
galkayo,20091129,6.77,47.43,6.1932,26.79,4.45,5.77,70.5,1.4
galkayo,20091130,6.77,47.43,6.3005,27.11,5.72,7.36,64.85,0.23
galkayo,20091201,6.77,47.43,5.8697,26.65,6.34,8.2,62.8,0.65
galkayo,20091202,6.77,47.43,5.1566,26.63,6.29,8.16,61.7,0.0
galkayo,20091203,6.77,47.43,6.3485,26.2,5.86,7.68,60.34,0.0
galkayo,20091204,6.77,47.43,6.1915,26.45,5.3,7.21,57.12,0.0
galkayo,20091205,6.77,47.43,6.5686,26.35,5.06,6.93,57.7,0.0
galkayo,20091206,6.77,47.43,6.4486,26.54,4.52,6.25,59.62,0.0
galkayo,20091207,6.77,47.43,6.205,27.41,4.55,5.86,61.62,0.0
galkayo,20091208,6.77,47.43,6.0864,28.31,4.6,5.86,60.35,0.0
galkayo,20091209,6.77,47.43,5.5385,28.22,4.74,5.89,61.64,0.0
galkayo,20091210,6.77,47.43,5.388,27.72,5.3,6.7,56.92,0.0
galkayo,20091211,6.77,47.43,6.3778,27.08,5.19,6.66,56.74,0.0
galkayo,20091212,6.77,47.43,6.5491,26.52,4.55,6.21,57.2,0.0
galkayo,20091213,6.77,47.43,6.5808,26.37,4.44,6.09,57.6,0.0
galkayo,20091214,6.77,47.43,6.4752,26.55,4.97,6.79,55.38,0.0
galkayo,20091215,6.77,47.43,6.5071,26.31,5.89,7.85,55.58,0.0
galkayo,20091216,6.77,47.43,6.5112,26.39,5.77,7.75,57.19,0.0
galkayo,20091217,6.77,47.43,6.3715,26.18,5.47,7.34,57.81,0.0
galkayo,20091218,6.77,47.43,6.5098,26.35,5.31,7.12,57.29,0.0
galkayo,20091219,6.77,47.43,6.4483,26.38,5.3,7.19,54.75,0.0
galkayo,20091220,6.77,47.43,6.5736,25.87,6.17,8.48,49.92,0.0
galkayo,20091221,6.77,47.43,6.5748,25.57,5.77,8.16,47.04,0.0
galkayo,20091222,6.77,47.43,6.3283,25.28,5.7,7.91,47.51,0.0
galkayo,20091223,6.77,47.43,6.5647,25.54,5.31,7.33,51.7,0.0
galkayo,20091224,6.77,47.43,6.4349,25.98,4.98,6.82,58.12,0.0
galkayo,20091225,6.77,47.43,6.085,27.06,5.89,7.7,56.21,0.0
galkayo,20091226,6.77,47.43,6.3336,26.71,5.28,7.04,53.79,0.0
galkayo,20091227,6.77,47.43,6.3655,26.48,5.35,7.14,49.5,0.0
galkayo,20091228,6.77,47.43,6.3355,26.31,5.24,7.0,49.56,0.0
galkayo,20091229,6.77,47.43,6.2892,25.46,4.94,6.91,48.35,0.0
galkayo,20091230,6.77,47.43,6.4858,25.13,4.73,6.73,46.17,0.0
galkayo,20091231,6.77,47.43,6.4517,25.32,3.71,5.36,49.45,0.0
galkayo,20100101,6.77,47.43,6.3161,26.55,3.8,5.37,52.71,0.0
galkayo,20100102,6.77,47.43,6.4805,25.94,5.51,7.9,45.67,0.0
galkayo,20100103,6.77,47.43,6.7109,24.47,6.6,9.05,43.8,0.0
galkayo,20100104,6.77,47.43,6.3972,25.22,5.89,7.87,52.65,0.0
galkayo,20100105,6.77,47.43,6.253,26.55,5.7,7.35,58.87,0.0
galkayo,20100106,6.77,47.43,6.4493,27.09,5.81,7.55,56.47,0.0
galkayo,20100107,6.77,47.43,6.1884,25.9,5.54,7.67,45.83,0.0
galkayo,20100108,6.77,47.43,6.6578,23.92,6.31,8.76,40.63,0.0
galkayo,20100109,6.77,47.43,6.6972,23.89,5.61,8.01,39.85,0.0
galkayo,20100110,6.77,47.43,6.7262,23.66,5.96,8.73,31.54,0.0
galkayo,20100111,6.77,47.43,6.6838,23.75,6.7,9.13,43.14,0.0
galkayo,20100112,6.77,47.43,6.5112,23.85,6.51,8.81,46.98,0.0
galkayo,20100113,6.77,47.43,6.3566,24.15,6.48,8.54,51.56,0.0
galkayo,20100114,6.77,47.43,6.3281,25.27,5.81,7.64,52.54,0.0
galkayo,20100115,6.77,47.43,6.54,25.26,5.69,7.62,53.81,0.0
galkayo,20100116,6.77,47.43,6.7536,25.36,5.68,7.44,53.37,0.0
galkayo,20100117,6.77,47.43,6.5926,25.9,5.86,7.63,55.79,0.0
galkayo,20100118,6.77,47.43,6.3374,26.11,5.7,7.38,57.53,0.0
galkayo,20100119,6.77,47.43,5.5258,26.79,5.61,6.89,64.62,0.0
galkayo,20100120,6.77,47.43,5.0957,27.56,5.76,7.02,62.69,0.0
galkayo,20100121,6.77,47.43,4.7194,27.54,5.92,7.18,62.33,0.0
galkayo,20100122,6.77,47.43,6.2112,27.4,5.61,6.96,58.39,0.0
galkayo,20100123,6.77,47.43,6.1922,26.48,6.06,7.69,54.85,0.0
galkayo,20100124,6.77,47.43,6.8758,25.44,5.95,7.7,51.25,0.0
galkayo,20100125,6.77,47.43,6.6749,25.47,5.39,7.2,55.52,0.0
galkayo,20100126,6.77,47.43,6.8016,26.16,5.94,7.7,56.02,0.0
galkayo,20100127,6.77,47.43,6.7291,26.6,6.36,8.1,55.46,0.0
galkayo,20100128,6.77,47.43,6.9283,25.71,6.36,8.21,51.05,0.0
galkayo,20100129,6.77,47.43,6.8246,25.83,6.55,8.3,54.43,0.0
galkayo,20100130,6.77,47.43,6.6581,26.09,6.41,8.31,51.86,0.0
galkayo,20100131,6.77,47.43,6.9031,25.84,6.23,8.17,51.94,0.0
galkayo,20100201,6.77,47.43,6.9377,25.67,5.72,7.53,51.34,0.0
galkayo,20100202,6.77,47.43,7.0512,25.33,5.01,6.69,55.12,0.0
galkayo,20100203,6.77,47.43,7.1261,25.38,4.89,6.34,57.59,0.0
galkayo,20100204,6.77,47.43,6.9653,26.06,5.16,6.49,58.67,0.01
galkayo,20100205,6.77,47.43,6.7517,26.77,4.54,5.75,58.12,0.13
galkayo,20100206,6.77,47.43,6.9802,26.8,4.99,6.19,58.13,0.34
galkayo,20100207,6.77,47.43,7.0116,27.19,5.18,6.4,61.11,1.05
galkayo,20100208,6.77,47.43,6.9314,27.64,5.7,6.92,61.46,0.34
galkayo,20100209,6.77,47.43,6.1999,27.24,6.0,7.37,66.96,6.67
galkayo,20100210,6.77,47.43,6.3516,26.97,6.09,7.58,64.73,0.03
galkayo,20100211,6.77,47.43,6.341,26.81,6.64,8.2,63.24,0.23
galkayo,20100212,6.77,47.43,6.3202,26.64,6.97,8.62,61.3,0.01
galkayo,20100213,6.77,47.43,6.834,26.46,6.57,8.32,52.99,0.0
galkayo,20100214,6.77,47.43,7.027,25.92,6.04,7.82,50.11,0.0
galkayo,20100215,6.77,47.43,7.1683,25.83,5.98,7.81,48.69,0.0
galkayo,20100216,6.77,47.43,7.1978,26.4,5.88,7.78,49.78,0.0
galkayo,20100217,6.77,47.43,6.8633,27.75,6.48,8.06,55.0,0.0
galkayo,20100218,6.77,47.43,6.2527,28.35,6.83,8.39,55.45,0.0
galkayo,20100219,6.77,47.43,6.8407,28.16,6.34,7.92,52.97,0.0
galkayo,20100220,6.77,47.43,7.1124,27.55,5.88,7.35,54.14,0.0
galkayo,20100221,6.77,47.43,7.1731,27.59,5.41,6.84,54.04,0.0
galkayo,20100222,6.77,47.43,7.3637,26.76,5.09,6.68,51.56,0.0
galkayo,20100223,6.77,47.43,7.3596,26.98,5.1,6.49,55.53,0.0
galkayo,20100224,6.77,47.43,7.1021,28.24,5.79,6.96,59.82,0.0
galkayo,20100225,6.77,47.43,6.5866,28.12,5.42,6.66,66.77,7.61
galkayo,20100226,6.77,47.43,6.6653,27.12,4.78,6.02,73.28,7.3
galkayo,20100227,6.77,47.43,6.3607,27.74,4.79,6.02,67.71,1.19
galkayo,20100228,6.77,47.43,6.4625,27.23,5.06,6.31,67.43,0.72
galkayo,20100301,6.77,47.43,6.8186,27.25,4.49,5.57,65.38,0.17
galkayo,20100302,6.77,47.43,7.2437,26.74,3.75,5.13,63.05,0.28
galkayo,20100303,6.77,47.43,7.0435,28.0,3.42,4.67,62.97,0.2
galkayo,20100304,6.77,47.43,7.3606,27.88,2.68,3.46,67.96,3.02
galkayo,20100305,6.77,47.43,7.0699,27.76,3.97,5.09,70.5,10.26
galkayo,20100306,6.77,47.43,5.8109,26.8,5.43,6.98,73.58,10.46
galkayo,20100307,6.77,47.43,6.9317,26.66,6.67,8.47,65.98,0.06
galkayo,20100308,6.77,47.43,7.0942,26.36,6.18,8.02,61.46,0.0
galkayo,20100309,6.77,47.43,7.1338,26.0,5.31,7.4,54.23,0.0
galkayo,20100310,6.77,47.43,7.38,25.57,5.51,7.71,50.6,0.0
galkayo,20100311,6.77,47.43,7.4722,25.64,5.5,7.39,57.01,0.0
galkayo,20100312,6.77,47.43,7.146,26.15,6.36,8.13,63.79,0.01
galkayo,20100313,6.77,47.43,7.3039,26.72,6.07,7.82,61.57,0.0
galkayo,20100314,6.77,47.43,6.9362,27.68,6.72,8.44,55.41,0.0
galkayo,20100315,6.77,47.43,7.0399,28.51,6.44,7.76,60.85,0.07
galkayo,20100316,6.77,47.43,6.7637,29.01,5.48,6.59,61.21,0.68
galkayo,20100317,6.77,47.43,7.1657,29.28,5.77,7.0,60.65,0.53
galkayo,20100318,6.77,47.43,7.2005,28.88,6.17,7.49,59.54,0.38
galkayo,20100319,6.77,47.43,6.6552,28.42,5.84,7.11,60.18,0.07
galkayo,20100320,6.77,47.43,7.2706,28.47,5.6,6.87,56.2,0.01
galkayo,20100321,6.77,47.43,7.3162,28.59,4.88,6.06,53.61,0.0
galkayo,20100322,6.77,47.43,7.3423,28.79,5.1,6.33,51.79,0.05
galkayo,20100323,6.77,47.43,7.3368,28.67,4.85,6.05,54.04,0.79
galkayo,20100324,6.77,47.43,7.4105,29.12,5.23,6.44,57.15,0.84
galkayo,20100325,6.77,47.43,7.236,29.29,4.84,6.04,55.88,0.48
galkayo,20100326,6.77,47.43,7.4335,28.88,3.76,5.1,54.0,0.78
galkayo,20100327,6.77,47.43,7.5785,29.47,4.1,5.33,55.74,0.0
galkayo,20100328,6.77,47.43,7.092,29.78,4.87,5.88,57.42,0.0
galkayo,20100329,6.77,47.43,6.7702,29.83,5.17,6.15,56.45,0.0
galkayo,20100330,6.77,47.43,6.246,29.8,4.75,5.66,55.44,0.08
galkayo,20100331,6.77,47.43,6.822,29.41,5.17,6.2,52.15,0.02
galkayo,20100401,6.77,47.43,7.3128,28.62,5.5,6.66,54.94,0.04
galkayo,20100402,6.77,47.43,7.2422,28.63,5.13,6.27,54.95,0.0
galkayo,20100403,6.77,47.43,7.6817,28.97,5.79,7.11,55.31,0.15
galkayo,20100404,6.77,47.43,7.5269,28.63,5.74,7.21,52.93,0.48
galkayo,20100405,6.77,47.43,7.637,28.37,5.08,6.45,53.92,0.28
galkayo,20100406,6.77,47.43,7.5154,28.89,4.68,5.85,54.09,0.0
galkayo,20100407,6.77,47.43,7.4762,29.42,5.11,6.36,53.73,0.0
galkayo,20100408,6.77,47.43,7.3831,29.79,6.0,7.32,54.26,0.01
galkayo,20100409,6.77,47.43,7.1431,30.42,4.54,5.53,55.06,0.08
galkayo,20100410,6.77,47.43,6.8846,30.81,4.3,5.15,54.88,0.18
galkayo,20100411,6.77,47.43,6.9439,30.66,4.09,4.97,56.32,2.6
galkayo,20100412,6.77,47.43,7.1827,29.99,4.04,4.97,60.61,4.13
galkayo,20100413,6.77,47.43,6.775,28.87,2.81,3.74,67.73,8.24
galkayo,20100414,6.77,47.43,5.6042,27.72,3.18,4.41,73.72,10.64
galkayo,20100415,6.77,47.43,7.0128,27.61,2.33,3.41,73.92,9.36
galkayo,20100416,6.77,47.43,7.0841,28.52,2.73,3.89,67.32,0.01
galkayo,20100417,6.77,47.43,7.1592,29.05,3.45,4.84,62.73,0.0
galkayo,20100418,6.77,47.43,7.2938,28.37,2.86,4.34,63.56,0.0
galkayo,20100419,6.77,47.43,7.349,29.47,2.91,4.34,61.09,0.0
galkayo,20100420,6.77,47.43,7.1866,30.67,2.89,4.33,56.82,0.01
galkayo,20100421,6.77,47.43,7.0922,30.7,3.82,5.34,58.3,3.37
galkayo,20100422,6.77,47.43,6.6432,29.35,2.0,2.52,64.13,3.72
galkayo,20100423,6.77,47.43,6.6876,28.51,3.39,4.63,73.21,10.15
galkayo,20100424,6.77,47.43,6.4939,26.63,3.37,5.05,80.08,3.65
galkayo,20100425,6.77,47.43,7.0625,28.51,4.66,6.97,62.57,1.8
galkayo,20100426,6.77,47.43,6.4466,28.91,2.06,3.18,63.87,10.8
galkayo,20100427,6.77,47.43,6.7169,28.0,2.97,4.13,72.4,5.0
galkayo,20100428,6.77,47.43,7.0889,28.64,4.61,5.94,69.18,2.93
galkayo,20100429,6.77,47.43,6.762,28.6,4.12,5.45,71.46,3.68
galkayo,20100430,6.77,47.43,7.1856,28.6,3.27,4.69,66.52,2.7
galkayo,20100501,6.77,47.43,7.1837,28.96,3.61,4.99,63.74,0.0
galkayo,20100502,6.77,47.43,7.1016,28.95,4.09,5.29,64.65,0.03
galkayo,20100503,6.77,47.43,6.493,28.26,2.41,3.26,67.44,0.12
galkayo,20100504,6.77,47.43,3.3559,27.75,4.41,6.03,67.99,0.45
galkayo,20100505,6.77,47.43,6.9293,28.62,4.58,6.64,60.61,0.44
galkayo,20100506,6.77,47.43,6.8182,28.56,5.21,7.67,60.97,2.65
galkayo,20100507,6.77,47.43,6.5206,27.37,5.13,7.06,70.7,5.31
galkayo,20100508,6.77,47.43,6.5743,28.42,4.39,6.16,70.72,4.8
galkayo,20100509,6.77,47.43,6.3758,27.01,4.25,5.94,75.58,7.5
galkayo,20100510,6.77,47.43,5.3244,26.93,4.72,6.99,76.53,6.01
galkayo,20100511,6.77,47.43,6.7572,28.39,5.34,7.34,68.41,0.02
galkayo,20100512,6.77,47.43,5.0597,27.77,5.7,7.74,71.09,0.02
galkayo,20100513,6.77,47.43,6.4666,28.31,5.54,7.74,64.97,0.01
galkayo,20100514,6.77,47.43,7.1758,29.14,5.47,7.65,62.39,0.01
galkayo,20100515,6.77,47.43,7.1923,29.27,6.27,8.56,59.92,0.01
galkayo,20100516,6.77,47.43,7.0798,28.94,6.8,9.22,59.95,0.8
galkayo,20100517,6.77,47.43,7.1268,29.06,6.42,8.7,61.02,1.14
galkayo,20100518,6.77,47.43,6.2393,28.56,6.38,8.27,67.29,2.35
galkayo,20100519,6.77,47.43,6.4574,27.42,6.23,8.35,68.05,1.64
galkayo,20100520,6.77,47.43,6.5962,28.2,6.22,8.58,62.17,1.02
galkayo,20100521,6.77,47.43,6.925,28.81,6.64,8.9,59.91,0.21
galkayo,20100522,6.77,47.43,5.2495,28.86,6.06,8.08,63.24,0.77
galkayo,20100523,6.77,47.43,5.7977,27.12,5.18,6.9,67.17,0.47
galkayo,20100524,6.77,47.43,5.1571,28.0,5.05,6.52,69.16,0.92
galkayo,20100525,6.77,47.43,6.1308,28.65,5.33,7.11,65.23,1.1
galkayo,20100526,6.77,47.43,6.288,27.85,5.62,7.29,71.49,1.32
galkayo,20100527,6.77,47.43,6.4457,28.02,5.0,6.79,67.65,0.29
galkayo,20100528,6.77,47.43,7.0001,29.4,5.19,7.0,61.16,0.51
galkayo,20100529,6.77,47.43,6.4054,29.68,6.11,7.85,60.45,0.41
galkayo,20100530,6.77,47.43,6.33,29.16,7.52,9.54,60.47,0.19
galkayo,20100531,6.77,47.43,6.9662,29.44,7.49,9.9,53.39,0.15
galkayo,20100601,6.77,47.43,7.1633,29.48,7.13,9.64,49.12,0.08
galkayo,20100602,6.77,47.43,6.7793,29.73,7.22,9.34,56.91,0.76
galkayo,20100603,6.77,47.43,6.553,30.47,7.31,9.35,55.87,0.54
galkayo,20100604,6.77,47.43,6.7006,28.82,6.96,9.04,61.07,0.74
galkayo,20100605,6.77,47.43,6.8705,29.56,6.74,8.75,57.02,0.0
galkayo,20100606,6.77,47.43,7.0702,29.49,7.46,9.7,54.75,0.0
galkayo,20100607,6.77,47.43,6.937,29.09,7.46,9.42,58.76,0.0
galkayo,20100608,6.77,47.43,6.5719,28.94,7.17,9.41,57.39,0.0
galkayo,20100609,6.77,47.43,6.7668,29.81,7.49,9.83,53.66,0.0
galkayo,20100610,6.77,47.43,5.5927,29.0,8.51,10.68,60.26,0.63
galkayo,20100611,6.77,47.43,4.1474,28.69,8.09,10.27,57.69,0.56
galkayo,20100612,6.77,47.43,6.1224,28.87,8.8,11.13,55.32,0.13
galkayo,20100613,6.77,47.43,5.4396,29.04,9.31,11.73,55.87,0.56
galkayo,20100614,6.77,47.43,5.9174,29.07,8.75,11.02,55.24,0.13
galkayo,20100615,6.77,47.43,6.2256,28.87,8.1,10.23,54.47,0.0
galkayo,20100616,6.77,47.43,4.2166,28.51,8.27,10.38,56.77,0.0
galkayo,20100617,6.77,47.43,6.0403,29.0,8.29,10.45,51.52,0.0
galkayo,20100618,6.77,47.43,6.6204,29.26,8.18,10.4,50.43,0.0
galkayo,20100619,6.77,47.43,6.355,29.25,8.82,11.05,55.02,0.0
galkayo,20100620,6.77,47.43,6.2215,28.54,8.43,10.7,53.5,0.02
galkayo,20100621,6.77,47.43,4.7266,27.76,8.61,10.76,56.06,0.06
galkayo,20100622,6.77,47.43,4.5919,27.62,8.23,10.39,54.04,0.01
galkayo,20100623,6.77,47.43,6.1723,27.39,7.6,9.59,58.3,0.09
galkayo,20100624,6.77,47.43,6.8227,28.38,7.49,9.58,51.19,0.0
galkayo,20100625,6.77,47.43,6.7085,27.95,8.11,10.72,59.12,11.71
galkayo,20100626,6.77,47.43,6.8993,26.97,8.17,10.8,66.63,12.12
galkayo,20100627,6.77,47.43,6.9103,26.62,7.57,9.9,67.19,15.99
galkayo,20100628,6.77,47.43,6.8076,25.45,6.91,9.58,75.2,29.95
galkayo,20100629,6.77,47.43,6.7754,26.22,7.38,10.31,66.39,3.6
galkayo,20100630,6.77,47.43,6.7774,26.43,8.07,11.29,58.87,0.0
galkayo,20100701,6.77,47.43,6.8467,27.47,8.92,11.97,59.59,0.0
galkayo,20100702,6.77,47.43,5.34,27.11,8.92,11.62,64.99,0.0
galkayo,20100703,6.77,47.43,4.5398,26.55,8.4,11.2,61.89,0.0
galkayo,20100704,6.77,47.43,5.4926,26.23,8.96,11.71,59.3,0.0
galkayo,20100705,6.77,47.43,5.7662,26.29,9.46,12.19,58.63,0.04
galkayo,20100706,6.77,47.43,5.0369,25.95,9.07,11.71,60.83,0.01
galkayo,20100707,6.77,47.43,4.0116,25.26,8.57,11.11,63.64,0.05
galkayo,20100708,6.77,47.43,4.7868,25.93,9.19,11.77,58.23,0.02
galkayo,20100709,6.77,47.43,5.9966,25.93,9.19,12.03,56.97,0.01
galkayo,20100710,6.77,47.43,5.3047,26.37,8.76,11.23,61.56,0.33
galkayo,20100711,6.77,47.43,6.1332,26.33,7.64,9.9,59.75,0.08
galkayo,20100712,6.77,47.43,5.7223,26.51,7.76,9.81,63.93,0.26
galkayo,20100713,6.77,47.43,6.4159,25.45,8.05,10.22,60.14,0.03
galkayo,20100714,6.77,47.43,6.499,25.28,7.45,9.61,62.94,0.2
galkayo,20100715,6.77,47.43,6.3564,26.33,6.7,8.77,62.72,0.03
galkayo,20100716,6.77,47.43,6.9504,28.01,7.63,9.91,56.91,0.01
galkayo,20100717,6.77,47.43,7.1575,28.23,9.03,11.39,56.78,0.12
galkayo,20100718,6.77,47.43,5.8231,27.44,10.11,12.63,58.04,0.06
galkayo,20100719,6.77,47.43,6.78,27.06,9.99,12.65,54.68,0.0
galkayo,20100720,6.77,47.43,5.4982,26.45,10.05,12.82,51.43,0.1
galkayo,20100721,6.77,47.43,3.1618,25.79,9.22,11.81,53.97,0.3
galkayo,20100722,6.77,47.43,5.911,26.29,9.65,12.18,54.67,0.02
galkayo,20100723,6.77,47.43,6.3415,26.92,9.81,12.34,50.81,0.02
galkayo,20100724,6.77,47.43,5.1305,26.14,8.95,11.39,53.58,0.47
galkayo,20100725,6.77,47.43,3.9912,26.32,9.54,12.03,56.43,0.91
galkayo,20100726,6.77,47.43,5.347,27.07,9.67,12.18,54.45,0.38
galkayo,20100727,6.77,47.43,6.7128,27.16,8.79,11.34,48.07,0.0
galkayo,20100728,6.77,47.43,6.7426,27.85,9.21,11.65,50.99,0.01
galkayo,20100729,6.77,47.43,5.0942,27.27,9.61,11.87,55.49,0.08
galkayo,20100730,6.77,47.43,6.7075,27.33,8.94,11.14,52.45,0.05
galkayo,20100731,6.77,47.43,6.3206,26.84,8.66,10.89,53.1,0.01
galkayo,20100801,6.77,47.43,5.9294,26.9,8.13,10.17,54.57,0.11
galkayo,20100802,6.77,47.43,4.9555,26.64,8.61,10.87,59.25,0.22
galkayo,20100803,6.77,47.43,6.9377,27.26,9.2,11.59,52.15,0.01
galkayo,20100804,6.77,47.43,7.0762,28.4,9.65,12.16,48.92,0.0
galkayo,20100805,6.77,47.43,6.8093,28.2,9.67,11.88,56.02,0.01
galkayo,20100806,6.77,47.43,4.7717,27.74,8.57,10.46,57.67,0.01
galkayo,20100807,6.77,47.43,6.7418,27.38,8.5,10.62,48.08,0.0
galkayo,20100808,6.77,47.43,7.1856,26.88,8.32,10.45,50.14,0.0
galkayo,20100809,6.77,47.43,7.1681,27.02,8.74,10.85,54.48,0.17
galkayo,20100810,6.77,47.43,6.3074,27.97,8.58,10.78,49.65,0.01
galkayo,20100811,6.77,47.43,7.2029,28.52,8.66,11.04,47.93,0.0
galkayo,20100812,6.77,47.43,7.1791,28.44,10.4,12.88,53.98,2.1
galkayo,20100813,6.77,47.43,5.9626,27.33,10.28,12.78,54.94,1.11
galkayo,20100814,6.77,47.43,6.1157,26.7,10.06,12.55,56.67,2.64
galkayo,20100815,6.77,47.43,6.9497,26.08,9.94,12.4,62.64,5.41
galkayo,20100816,6.77,47.43,3.9742,25.68,9.16,11.58,63.63,4.6
galkayo,20100817,6.77,47.43,5.5594,25.85,8.63,11.04,59.48,1.66
galkayo,20100818,6.77,47.43,7.0766,26.1,8.73,11.19,57.6,0.3
galkayo,20100819,6.77,47.43,6.4771,27.45,8.76,11.1,58.86,0.05
galkayo,20100820,6.77,47.43,6.0612,27.53,8.35,10.46,60.36,0.3
galkayo,20100821,6.77,47.43,5.8399,26.75,8.57,10.66,57.38,0.14
galkayo,20100822,6.77,47.43,6.3036,26.88,8.58,10.75,52.89,0.02
galkayo,20100823,6.77,47.43,6.6574,27.46,7.77,9.93,52.54,0.02
galkayo,20100824,6.77,47.43,7.1477,28.59,7.97,10.12,48.19,0.0
galkayo,20100825,6.77,47.43,6.9175,27.66,9.15,11.42,50.41,0.05
galkayo,20100826,6.77,47.43,4.4767,25.32,7.77,9.7,65.96,0.48
galkayo,20100827,6.77,47.43,5.4331,27.17,8.04,10.01,56.95,0.08
galkayo,20100828,6.77,47.43,5.3755,27.14,8.14,10.14,56.58,0.07
galkayo,20100829,6.77,47.43,4.8468,26.15,7.54,9.56,57.64,1.55
galkayo,20100830,6.77,47.43,7.1549,27.74,8.48,10.75,49.94,0.2
galkayo,20100831,6.77,47.43,7.1148,28.03,8.66,10.77,52.16,0.16
galkayo,20100901,6.77,47.43,7.1954,27.4,7.39,9.46,52.22,0.03
galkayo,20100902,6.77,47.43,7.1767,28.04,7.03,8.97,55.91,1.53
galkayo,20100903,6.77,47.43,7.3358,28.7,7.18,9.09,53.28,0.0
galkayo,20100904,6.77,47.43,7.331,28.9,7.97,9.9,53.82,0.0
galkayo,20100905,6.77,47.43,5.7977,28.77,8.08,9.96,56.05,0.0
galkayo,20100906,6.77,47.43,6.9305,28.65,7.55,9.37,53.57,0.0
galkayo,20100907,6.77,47.43,6.9845,28.55,7.15,9.23,52.26,0.0
galkayo,20100908,6.77,47.43,7.1088,29.38,7.26,9.15,48.57,0.0
galkayo,20100909,6.77,47.43,7.1714,29.09,7.73,9.75,48.04,0.0
galkayo,20100910,6.77,47.43,7.1244,28.98,8.07,9.93,54.18,0.0
galkayo,20100911,6.77,47.43,6.8851,28.76,7.66,9.45,51.7,0.0
galkayo,20100912,6.77,47.43,6.7414,28.52,8.42,10.3,54.32,0.0
galkayo,20100913,6.77,47.43,7.0531,28.57,8.07,9.95,53.15,0.02
galkayo,20100914,6.77,47.43,7.103,28.56,8.44,10.52,49.41,0.25
galkayo,20100915,6.77,47.43,6.9326,28.74,8.29,10.23,51.56,0.23
galkayo,20100916,6.77,47.43,6.9689,28.12,7.35,9.38,51.16,0.03
galkayo,20100917,6.77,47.43,6.9043,28.82,7.49,9.24,49.99,0.16
galkayo,20100918,6.77,47.43,6.4649,29.05,7.86,9.78,51.57,0.19
galkayo,20100919,6.77,47.43,7.0399,28.81,7.26,9.17,50.99,0.04
galkayo,20100920,6.77,47.43,6.3713,28.16,6.82,8.56,54.09,0.26
galkayo,20100921,6.77,47.43,6.0739,27.13,5.62,7.33,60.02,0.69
galkayo,20100922,6.77,47.43,6.5654,27.98,6.78,8.4,56.34,1.18
galkayo,20100923,6.77,47.43,6.8186,27.89,6.46,8.07,56.23,0.08
galkayo,20100924,6.77,47.43,5.1487,27.45,6.32,8.0,55.34,0.13
galkayo,20100925,6.77,47.43,7.0315,28.62,5.82,7.49,51.35,0.02
galkayo,20100926,6.77,47.43,7.1825,29.68,5.72,7.29,50.93,0.14
galkayo,20100927,6.77,47.43,5.7101,28.06,6.32,7.77,59.31,0.26
galkayo,20100928,6.77,47.43,6.133,27.91,6.44,8.11,55.66,0.05
galkayo,20100929,6.77,47.43,5.359,28.47,5.86,7.43,55.36,0.1
galkayo,20100930,6.77,47.43,6.9557,27.71,5.33,7.21,49.5,0.02
galkayo,20101001,6.77,47.43,7.1261,28.74,6.3,8.23,48.43,0.04
galkayo,20101002,6.77,47.43,7.0248,29.45,5.94,7.48,50.78,0.07
galkayo,20101003,6.77,47.43,6.9286,28.96,5.92,7.25,53.24,0.08
galkayo,20101004,6.77,47.43,6.0017,29.11,5.78,7.16,55.3,0.33
galkayo,20101005,6.77,47.43,6.4272,28.09,6.53,7.97,56.46,0.21
galkayo,20101006,6.77,47.43,6.918,28.97,6.91,8.7,50.25,0.14
galkayo,20101007,6.77,47.43,7.0555,30.54,5.81,7.63,45.22,0.06
galkayo,20101008,6.77,47.43,7.1426,31.38,5.53,7.42,40.08,0.0
galkayo,20101009,6.77,47.43,7.0186,30.7,5.23,6.7,49.18,0.0
galkayo,20101010,6.77,47.43,6.751,30.27,5.01,6.24,51.95,0.0
galkayo,20101011,6.77,47.43,6.9746,30.48,4.24,5.3,48.82,0.0
galkayo,20101012,6.77,47.43,7.0954,29.21,4.5,5.39,53.45,0.0
galkayo,20101013,6.77,47.43,4.8415,28.59,4.49,5.35,54.12,0.0
galkayo,20101014,6.77,47.43,5.7958,28.07,4.23,5.08,55.04,0.01
galkayo,20101015,6.77,47.43,6.3725,27.91,4.18,5.01,54.08,0.02
galkayo,20101016,6.77,47.43,5.6998,28.19,3.6,4.47,52.6,0.01
galkayo,20101017,6.77,47.43,6.8345,29.0,4.12,5.19,49.47,0.01
galkayo,20101018,6.77,47.43,6.3948,29.1,4.79,5.85,52.8,0.0
galkayo,20101019,6.77,47.43,5.0174,28.8,4.62,5.6,54.17,0.0
galkayo,20101020,6.77,47.43,6.563,28.43,4.12,4.99,55.13,0.0
galkayo,20101021,6.77,47.43,5.6748,28.23,4.02,4.75,54.22,0.0
galkayo,20101022,6.77,47.43,6.005,28.24,4.05,4.73,55.34,0.0
galkayo,20101023,6.77,47.43,6.5525,27.09,4.41,5.2,61.88,2.04
galkayo,20101024,6.77,47.43,5.9954,27.68,3.8,4.97,55.37,0.85
galkayo,20101025,6.77,47.43,6.7951,28.4,2.36,3.12,56.14,1.68
galkayo,20101026,6.77,47.43,6.6842,28.14,2.84,3.59,55.39,0.73
galkayo,20101027,6.77,47.43,6.8141,27.39,4.06,5.0,56.67,0.93
galkayo,20101028,6.77,47.43,6.7754,26.69,4.55,5.68,56.55,0.83
galkayo,20101029,6.77,47.43,6.9859,26.73,4.23,5.42,58.93,1.02
galkayo,20101030,6.77,47.43,7.0478,27.08,3.93,5.11,56.92,0.29
galkayo,20101031,6.77,47.43,6.8736,26.9,4.25,5.49,55.88,0.1
galkayo,20101101,6.77,47.43,6.9293,26.61,4.06,5.55,51.38,0.12
galkayo,20101102,6.77,47.43,6.8894,27.18,4.49,5.86,56.01,0.0
galkayo,20101103,6.77,47.43,6.6482,27.92,5.24,6.56,54.01,0.0
galkayo,20101104,6.77,47.43,6.5695,27.55,5.04,6.36,54.39,0.0
galkayo,20101105,6.77,47.43,6.7034,27.05,4.3,5.84,49.41,0.0
galkayo,20101106,6.77,47.43,6.6994,27.04,3.87,5.29,53.38,0.0
galkayo,20101107,6.77,47.43,6.779,27.32,4.15,5.58,53.44,0.0
galkayo,20101108,6.77,47.43,6.7426,27.71,4.39,5.8,52.1,0.0
galkayo,20101109,6.77,47.43,6.6953,27.76,4.41,5.8,52.61,0.0
galkayo,20101110,6.77,47.43,6.6494,28.38,4.83,6.23,52.83,0.0
galkayo,20101111,6.77,47.43,6.6835,28.4,5.36,6.7,55.79,0.0
galkayo,20101112,6.77,47.43,6.6144,27.54,5.14,6.51,53.71,0.0
galkayo,20101113,6.77,47.43,6.6982,27.54,4.87,6.33,52.6,0.0
galkayo,20101114,6.77,47.43,6.4332,26.79,5.29,6.97,51.09,0.0
galkayo,20101115,6.77,47.43,6.6091,26.5,4.34,5.69,55.49,0.0
galkayo,20101116,6.77,47.43,6.5729,26.43,3.26,4.45,52.76,0.0
galkayo,20101117,6.77,47.43,6.6142,26.19,3.96,5.54,51.11,0.0
galkayo,20101118,6.77,47.43,6.479,27.64,5.78,7.3,57.29,0.01
galkayo,20101119,6.77,47.43,5.6239,27.92,5.67,7.02,60.54,0.21
galkayo,20101120,6.77,47.43,6.4308,28.12,4.52,5.89,50.51,0.0
galkayo,20101121,6.77,47.43,6.5021,27.29,4.0,5.4,51.5,0.0
galkayo,20101122,6.77,47.43,6.7085,26.83,3.98,5.36,52.25,0.0
galkayo,20101123,6.77,47.43,6.6101,27.03,3.67,4.95,55.65,0.01
galkayo,20101124,6.77,47.43,6.4706,27.53,4.96,6.34,53.88,0.08
galkayo,20101125,6.77,47.43,6.36,26.49,5.52,7.14,55.31,0.01
galkayo,20101126,6.77,47.43,6.6264,25.36,4.82,6.85,44.57,0.0
galkayo,20101127,6.77,47.43,6.6946,25.33,4.8,6.81,49.71,0.0
galkayo,20101128,6.77,47.43,6.3732,26.02,4.8,6.51,52.63,0.0
galkayo,20101129,6.77,47.43,6.5628,25.45,4.69,6.69,46.48,0.0
galkayo,20101130,6.77,47.43,6.611,25.14,4.78,6.98,43.62,0.0
galkayo,20101201,6.77,47.43,6.6334,25.48,4.87,7.14,42.94,0.0
galkayo,20101202,6.77,47.43,6.6281,25.34,4.71,6.78,46.54,0.0
galkayo,20101203,6.77,47.43,6.5798,25.66,4.73,7.08,39.12,0.0
galkayo,20101204,6.77,47.43,6.563,25.81,4.93,6.9,39.2,0.0
galkayo,20101205,6.77,47.43,6.3682,25.9,4.85,6.72,39.35,0.0
galkayo,20101206,6.77,47.43,6.3878,25.64,4.33,6.03,50.01,0.0
galkayo,20101207,6.77,47.43,6.5796,25.58,4.75,6.55,50.83,0.0
galkayo,20101208,6.77,47.43,6.5026,26.1,5.06,6.89,53.3,0.0
galkayo,20101209,6.77,47.43,6.51,25.76,4.73,6.37,55.83,0.0
galkayo,20101210,6.77,47.43,6.4819,25.95,4.32,5.74,56.9,0.0
galkayo,20101211,6.77,47.43,6.4956,25.53,4.39,5.84,58.18,0.0
galkayo,20101212,6.77,47.43,6.5153,25.47,4.1,5.66,56.68,0.0
galkayo,20101213,6.77,47.43,6.5438,25.71,5.08,6.69,56.65,0.0
galkayo,20101214,6.77,47.43,6.5026,25.37,5.38,7.19,56.96,0.0
galkayo,20101215,6.77,47.43,6.593,25.16,6.27,8.53,48.8,0.0
galkayo,20101216,6.77,47.43,6.2345,24.28,5.98,8.35,49.49,0.0
galkayo,20101217,6.77,47.43,6.3372,24.37,5.51,7.63,49.76,0.0
galkayo,20101218,6.77,47.43,6.4728,24.44,5.18,7.31,50.74,0.0
galkayo,20101219,6.77,47.43,6.3492,25.18,5.27,7.2,56.74,0.0
galkayo,20101220,6.77,47.43,5.0354,25.8,6.15,8.01,55.03,0.01
galkayo,20101221,6.77,47.43,6.2119,26.2,6.14,7.91,50.35,0.0
galkayo,20101222,6.77,47.43,6.3019,26.15,5.25,7.14,47.8,0.0
galkayo,20101223,6.77,47.43,6.5246,25.9,4.85,6.59,52.68,0.0
galkayo,20101224,6.77,47.43,6.4145,26.1,4.82,6.37,57.25,0.0
galkayo,20101225,6.77,47.43,5.9076,26.39,4.89,6.21,57.3,0.0
galkayo,20101226,6.77,47.43,6.3862,25.74,4.73,6.16,54.77,0.0
galkayo,20101227,6.77,47.43,6.4577,24.91,5.87,7.53,54.44,0.0
galkayo,20101228,6.77,47.43,6.3612,24.6,5.67,7.62,46.22,0.0
galkayo,20101229,6.77,47.43,6.3857,24.12,5.77,7.81,45.04,0.0
galkayo,20101230,6.77,47.43,6.3902,23.79,5.49,7.48,46.91,0.0
galkayo,20101231,6.77,47.43,6.5806,24.0,4.93,6.85,51.26,0.0
galkayo,20110101,6.77,47.43,6.6238,24.61,5.38,7.1,55.98,0.0
galkayo,20110102,6.77,47.43,6.625,24.17,5.81,7.97,50.68,0.0
galkayo,20110103,6.77,47.43,6.6394,23.65,5.56,7.75,47.87,0.0
galkayo,20110104,6.77,47.43,6.6701,23.33,5.59,7.87,47.25,0.0
galkayo,20110105,6.77,47.43,6.739,23.44,5.1,7.31,46.96,0.0
galkayo,20110106,6.77,47.43,6.6374,23.5,5.25,7.52,48.26,0.0
galkayo,20110107,6.77,47.43,6.5016,24.08,5.68,7.76,51.43,0.0
galkayo,20110108,6.77,47.43,6.5196,24.85,5.47,7.42,54.47,0.0
galkayo,20110109,6.77,47.43,6.5138,25.36,4.92,6.62,56.21,0.0
galkayo,20110110,6.77,47.43,5.9419,26.12,4.59,6.09,56.78,0.01
galkayo,20110111,6.77,47.43,6.167,26.05,4.75,6.39,55.23,0.0
galkayo,20110112,6.77,47.43,6.5873,25.18,6.15,7.99,54.57,0.0
galkayo,20110113,6.77,47.43,6.6384,24.4,6.39,8.32,55.24,0.0
galkayo,20110114,6.77,47.43,6.6737,24.03,5.93,7.9,55.45,0.0
galkayo,20110115,6.77,47.43,6.6792,24.02,5.29,7.09,58.05,0.0
galkayo,20110116,6.77,47.43,6.9353,24.44,4.65,6.37,56.07,0.0
galkayo,20110117,6.77,47.43,6.7766,24.83,5.56,7.25,58.24,0.0
galkayo,20110118,6.77,47.43,6.8143,24.84,5.7,7.31,56.55,0.0
galkayo,20110119,6.77,47.43,6.3562,24.38,4.45,6.18,57.35,0.0
galkayo,20110120,6.77,47.43,6.6948,25.34,5.25,6.86,59.91,0.0
galkayo,20110121,6.77,47.43,3.8988,26.53,6.15,7.56,63.12,0.0
galkayo,20110122,6.77,47.43,4.8446,26.83,7.08,8.65,60.46,0.0
galkayo,20110123,6.77,47.43,6.5642,25.59,6.87,8.61,55.32,0.0
galkayo,20110124,6.77,47.43,6.6374,24.5,7.45,9.49,55.12,0.0
galkayo,20110125,6.77,47.43,6.7534,24.03,6.78,8.82,55.2,0.0
galkayo,20110126,6.77,47.43,6.3286,24.52,6.71,8.66,56.92,0.04
galkayo,20110127,6.77,47.43,6.7354,24.77,6.69,8.61,58.07,0.01
galkayo,20110128,6.77,47.43,6.6413,25.62,5.44,7.02,58.17,0.02
galkayo,20110129,6.77,47.43,6.4351,26.35,5.17,6.54,57.27,0.0
galkayo,20110130,6.77,47.43,6.9902,26.01,5.39,6.92,53.8,0.0
galkayo,20110131,6.77,47.43,6.8938,24.77,6.14,7.6,58.69,0.0
galkayo,20110201,6.77,47.43,7.1069,24.71,4.86,6.37,54.98,0.0
galkayo,20110202,6.77,47.43,7.177,25.0,4.53,6.1,55.84,0.0
galkayo,20110203,6.77,47.43,7.2446,24.91,5.02,6.72,54.21,0.0
galkayo,20110204,6.77,47.43,7.1693,24.42,5.91,7.84,54.61,0.0
galkayo,20110205,6.77,47.43,7.194,24.38,6.4,8.6,51.35,0.0
galkayo,20110206,6.77,47.43,7.2926,24.54,6.1,8.26,49.83,0.0
galkayo,20110207,6.77,47.43,7.2276,24.86,5.76,7.7,47.33,0.0
galkayo,20110208,6.77,47.43,7.3807,23.93,5.43,7.55,47.78,0.0
galkayo,20110209,6.77,47.43,7.4266,24.3,4.83,6.84,49.61,0.0
galkayo,20110210,6.77,47.43,7.4057,24.77,4.82,6.49,56.16,0.0
galkayo,20110211,6.77,47.43,7.2636,25.15,4.58,6.14,56.27,0.0
galkayo,20110212,6.77,47.43,7.2948,25.73,4.6,6.0,56.77,0.0
galkayo,20110213,6.77,47.43,7.0462,26.2,5.68,7.05,56.77,0.0
galkayo,20110214,6.77,47.43,6.8981,26.69,5.78,7.08,56.03,0.0
galkayo,20110215,6.77,47.43,5.5454,26.79,6.97,8.4,59.05,0.05
galkayo,20110216,6.77,47.43,5.8644,26.73,6.93,8.43,55.28,0.01
galkayo,20110217,6.77,47.43,6.8986,26.12,6.09,7.63,53.84,0.0
galkayo,20110218,6.77,47.43,7.3142,25.16,5.89,7.65,49.54,0.0
galkayo,20110219,6.77,47.43,7.4203,24.75,6.15,7.93,52.81,0.0
galkayo,20110220,6.77,47.43,7.3121,24.99,5.93,7.55,56.73,0.0
galkayo,20110221,6.77,47.43,7.3334,26.2,5.49,6.91,55.76,0.0
galkayo,20110222,6.77,47.43,7.2542,26.43,5.63,7.0,54.41,0.0
galkayo,20110223,6.77,47.43,7.3471,25.97,5.77,7.27,53.75,0.0
galkayo,20110224,6.77,47.43,7.3968,25.72,5.49,7.16,50.32,0.0
galkayo,20110225,6.77,47.43,7.4534,25.72,5.53,7.2,51.96,0.0
galkayo,20110226,6.77,47.43,7.4563,25.76,5.72,7.36,54.24,0.0
galkayo,20110227,6.77,47.43,7.4597,26.06,5.66,7.17,51.89,0.0
galkayo,20110228,6.77,47.43,7.5233,26.38,5.85,7.42,55.37,0.0
galkayo,20110301,6.77,47.43,7.2562,26.97,5.73,7.03,56.15,0.0
galkayo,20110302,6.77,47.43,7.2598,27.11,5.03,6.26,54.69,0.0
galkayo,20110303,6.77,47.43,7.5221,27.05,5.69,6.99,53.93,0.01
galkayo,20110304,6.77,47.43,7.4868,26.97,6.22,7.64,54.89,0.04
galkayo,20110305,6.77,47.43,7.5526,26.61,5.56,6.89,53.18,0.0
galkayo,20110306,6.77,47.43,7.5509,26.38,6.14,7.67,56.91,0.12
galkayo,20110307,6.77,47.43,7.4117,26.43,6.76,8.41,59.34,0.0
galkayo,20110308,6.77,47.43,6.3718,26.94,6.84,8.46,58.92,0.0
galkayo,20110309,6.77,47.43,7.295,27.63,7.01,8.54,55.91,0.0
galkayo,20110310,6.77,47.43,7.4321,27.5,6.19,7.62,53.38,0.0
galkayo,20110311,6.77,47.43,7.4206,27.23,5.8,7.26,54.18,0.0
galkayo,20110312,6.77,47.43,7.4597,27.05,5.85,7.18,52.94,0.03
galkayo,20110313,6.77,47.43,7.5785,26.88,5.94,7.16,54.92,0.11
galkayo,20110314,6.77,47.43,7.6385,27.41,5.45,6.64,53.19,0.02
galkayo,20110315,6.77,47.43,7.3387,27.37,5.99,7.29,53.07,0.08
galkayo,20110316,6.77,47.43,7.5384,26.98,5.6,7.41,44.72,0.01
galkayo,20110317,6.77,47.43,7.626,26.42,5.37,7.31,41.49,0.0
galkayo,20110318,6.77,47.43,7.619,25.92,5.75,7.76,42.89,0.0
galkayo,20110319,6.77,47.43,7.6202,26.59,5.64,7.63,44.73,0.0
galkayo,20110320,6.77,47.43,7.5312,26.65,5.82,7.72,49.15,0.0
galkayo,20110321,6.77,47.43,7.5554,26.61,5.48,7.06,52.04,0.0
galkayo,20110322,6.77,47.43,7.6291,27.7,4.54,5.96,51.43,0.0
galkayo,20110323,6.77,47.43,7.5989,28.34,4.83,6.18,53.07,0.0
galkayo,20110324,6.77,47.43,7.6572,28.16,4.62,5.98,52.59,0.0
galkayo,20110325,6.77,47.43,7.7393,27.49,5.11,6.65,50.21,0.0
galkayo,20110326,6.77,47.43,7.9483,27.39,4.88,6.45,47.66,0.0
galkayo,20110327,6.77,47.43,7.7966,26.9,4.02,5.5,49.35,0.0
galkayo,20110328,6.77,47.43,7.8418,27.15,3.93,5.57,47.56,0.0
galkayo,20110329,6.77,47.43,7.7839,26.58,4.27,6.01,46.48,0.0
galkayo,20110330,6.77,47.43,7.973,26.31,4.94,6.74,44.45,0.0
galkayo,20110331,6.77,47.43,7.1227,27.28,6.07,7.47,58.32,0.0
galkayo,20110401,6.77,47.43,6.504,28.16,6.23,7.5,61.1,0.27
galkayo,20110402,6.77,47.43,7.289,28.55,5.78,6.95,56.25,0.06
galkayo,20110403,6.77,47.43,7.704,27.97,5.92,7.14,54.29,0.0
galkayo,20110404,6.77,47.43,7.4098,27.73,6.29,7.66,57.92,0.04
galkayo,20110405,6.77,47.43,7.4897,27.97,5.47,6.74,56.48,0.09
galkayo,20110406,6.77,47.43,7.3992,28.89,5.02,6.18,55.54,0.02
galkayo,20110407,6.77,47.43,6.9878,29.35,5.32,6.36,58.79,0.09
galkayo,20110408,6.77,47.43,7.0118,29.55,5.35,6.41,56.7,0.01
galkayo,20110409,6.77,47.43,7.2943,29.53,5.27,6.33,53.59,0.09
galkayo,20110410,6.77,47.43,7.0147,29.55,4.94,5.93,54.71,0.01
galkayo,20110411,6.77,47.43,7.2564,29.6,5.14,6.15,55.82,0.15
galkayo,20110412,6.77,47.43,6.324,29.09,5.76,6.86,56.0,0.53
galkayo,20110413,6.77,47.43,7.6404,28.71,5.64,6.81,51.83,0.0
galkayo,20110414,6.77,47.43,7.5598,28.65,5.3,6.44,52.88,0.11
galkayo,20110415,6.77,47.43,7.7078,28.86,4.85,6.01,52.52,0.03
galkayo,20110416,6.77,47.43,7.2091,29.75,5.59,6.72,56.81,0.0
galkayo,20110417,6.77,47.43,6.8563,29.26,5.63,6.78,59.13,0.0
galkayo,20110418,6.77,47.43,7.4359,30.4,5.36,6.48,54.85,0.0
galkayo,20110419,6.77,47.43,7.5238,29.76,5.43,6.6,54.2,0.0
galkayo,20110420,6.77,47.43,7.6721,29.19,4.9,6.26,50.28,0.0
galkayo,20110421,6.77,47.43,7.4887,29.11,4.68,6.04,52.05,0.0
galkayo,20110422,6.77,47.43,7.5715,29.24,4.38,5.7,51.56,0.0
galkayo,20110423,6.77,47.43,7.5984,29.77,4.34,5.46,51.63,0.0
galkayo,20110424,6.77,47.43,7.4381,30.0,4.51,5.56,53.26,0.01
galkayo,20110425,6.77,47.43,7.0908,30.68,4.96,6.13,51.68,0.34
galkayo,20110426,6.77,47.43,6.8438,28.59,3.57,4.57,68.64,30.97
galkayo,20110427,6.77,47.43,5.8392,25.58,3.73,5.27,84.98,55.16
galkayo,20110428,6.77,47.43,6.9883,25.33,3.2,4.85,83.71,16.0
galkayo,20110429,6.77,47.43,7.1686,25.89,3.89,5.91,78.47,6.64
galkayo,20110430,6.77,47.43,7.0752,26.98,3.39,4.81,74.09,17.44
galkayo,20110501,6.77,47.43,6.9079,27.08,2.93,4.4,74.89,0.11
galkayo,20110502,6.77,47.43,2.965,25.91,3.05,4.65,80.55,0.21
galkayo,20110503,6.77,47.43,7.0289,26.6,3.07,4.65,76.1,0.1
galkayo,20110504,6.77,47.43,6.6816,28.02,2.82,4.4,66.82,0.12
galkayo,20110505,6.77,47.43,6.5249,26.79,1.81,2.51,73.66,0.07
galkayo,20110506,6.77,47.43,6.7867,26.85,2.28,3.33,75.29,0.92
galkayo,20110507,6.77,47.43,6.9883,27.11,3.05,4.7,72.92,2.45
galkayo,20110508,6.77,47.43,7.1568,27.54,3.15,4.82,72.56,2.09
galkayo,20110509,6.77,47.43,6.1022,27.68,3.92,5.76,73.62,1.45
galkayo,20110510,6.77,47.43,6.7594,27.85,3.9,5.62,73.99,1.76
galkayo,20110511,6.77,47.43,6.3475,27.86,4.93,6.96,71.62,0.72
galkayo,20110512,6.77,47.43,7.0178,28.14,4.39,6.27,67.46,0.38
galkayo,20110513,6.77,47.43,6.8174,27.22,4.43,6.57,68.7,0.32
galkayo,20110514,6.77,47.43,6.9175,27.04,5.09,7.27,70.8,0.56
galkayo,20110515,6.77,47.43,6.8976,28.16,4.81,6.8,67.18,0.2
galkayo,20110516,6.77,47.43,7.0241,28.54,4.42,6.0,67.18,0.75
galkayo,20110517,6.77,47.43,6.1906,26.03,3.26,4.77,78.11,4.08
galkayo,20110518,6.77,47.43,5.88,25.68,3.37,4.86,78.7,3.5
galkayo,20110519,6.77,47.43,4.7431,24.83,5.62,7.69,81.71,3.43
galkayo,20110520,6.77,47.43,6.6262,26.33,5.59,7.55,73.19,2.98
galkayo,20110521,6.77,47.43,6.5131,26.23,5.18,7.27,67.62,0.0
galkayo,20110522,6.77,47.43,6.7622,27.11,5.17,7.24,67.56,0.0
galkayo,20110523,6.77,47.43,7.0442,27.64,4.86,6.94,63.81,0.0
galkayo,20110524,6.77,47.43,7.141,27.62,5.41,7.71,62.66,0.0
galkayo,20110525,6.77,47.43,7.0759,27.95,4.89,7.08,64.18,0.0
galkayo,20110526,6.77,47.43,7.1424,28.14,4.94,7.09,63.76,0.98
galkayo,20110527,6.77,47.43,6.9209,28.41,4.93,6.95,62.36,0.78
galkayo,20110528,6.77,47.43,6.2054,28.07,5.38,7.46,64.79,0.87
galkayo,20110529,6.77,47.43,6.413,28.01,5.62,7.85,64.52,1.19
galkayo,20110530,6.77,47.43,6.821,28.49,5.68,7.92,59.82,0.66
galkayo,20110531,6.77,47.43,6.4296,28.47,6.93,9.24,60.3,0.15
galkayo,20110601,6.77,47.43,6.3281,28.04,6.98,9.49,59.06,0.15
galkayo,20110602,6.77,47.43,6.684,28.03,7.29,9.72,57.72,0.02
galkayo,20110603,6.77,47.43,6.306,28.13,7.92,10.41,56.14,0.02
galkayo,20110604,6.77,47.43,6.4584,28.67,7.57,9.91,55.74,0.01
galkayo,20110605,6.77,47.43,6.1392,28.91,7.51,9.72,56.13,0.11
galkayo,20110606,6.77,47.43,6.6146,27.0,7.6,9.75,59.83,0.02
galkayo,20110607,6.77,47.43,6.6979,27.41,7.39,9.62,58.73,0.02
galkayo,20110608,6.77,47.43,6.6396,27.96,7.06,9.07,60.86,0.01
galkayo,20110609,6.77,47.43,6.4522,27.73,7.77,9.87,60.09,0.15
galkayo,20110610,6.77,47.43,4.9109,28.37,7.64,9.87,56.28,0.0
galkayo,20110611,6.77,47.43,6.7733,28.99,6.81,9.03,52.78,0.0
galkayo,20110612,6.77,47.43,6.1778,28.68,7.16,9.37,56.82,0.01
galkayo,20110613,6.77,47.43,6.2748,28.39,7.63,9.72,52.17,0.0
galkayo,20110614,6.77,47.43,5.8368,28.31,7.02,9.22,55.86,0.0
galkayo,20110615,6.77,47.43,5.2906,28.32,7.22,9.22,57.76,0.04
galkayo,20110616,6.77,47.43,5.4785,28.15,6.46,8.28,59.28,0.1
galkayo,20110617,6.77,47.43,5.9203,28.25,6.78,8.4,60.17,0.09
galkayo,20110618,6.77,47.43,6.449,28.25,6.99,8.94,55.86,0.03
galkayo,20110619,6.77,47.43,6.337,28.26,6.78,8.7,54.72,0.0
galkayo,20110620,6.77,47.43,5.4492,28.45,7.43,9.36,55.51,0.0
galkayo,20110621,6.77,47.43,6.0338,28.69,7.25,9.23,52.77,0.0
galkayo,20110622,6.77,47.43,6.5628,29.03,7.7,9.83,53.8,0.0
galkayo,20110623,6.77,47.43,6.4267,28.42,8.54,10.94,52.23,0.0
galkayo,20110624,6.77,47.43,6.1378,27.76,7.86,10.03,53.28,0.0
galkayo,20110625,6.77,47.43,5.8656,27.94,7.77,9.84,55.44,0.0
galkayo,20110626,6.77,47.43,4.6414,28.12,7.63,9.62,56.57,0.0
galkayo,20110627,6.77,47.43,4.6214,28.12,8.25,10.39,56.23,0.0
galkayo,20110628,6.77,47.43,5.3311,28.67,8.22,10.44,53.19,0.0
galkayo,20110629,6.77,47.43,5.545,28.52,8.52,10.85,53.27,0.0
galkayo,20110630,6.77,47.43,5.55,28.67,8.12,10.43,53.25,0.02
galkayo,20110701,6.77,47.43,4.32,28.53,8.26,10.41,56.49,0.04
galkayo,20110702,6.77,47.43,5.9844,28.72,7.5,9.51,54.39,0.03
galkayo,20110703,6.77,47.43,6.2525,28.66,7.23,9.26,54.38,0.01
galkayo,20110704,6.77,47.43,4.3889,28.2,7.86,10.08,53.97,0.0
galkayo,20110705,6.77,47.43,5.8272,28.12,8.3,10.55,54.06,0.09
galkayo,20110706,6.77,47.43,5.8068,28.1,8.3,10.5,52.77,0.01
galkayo,20110707,6.77,47.43,4.1114,28.1,9.06,11.36,54.57,0.31
galkayo,20110708,6.77,47.43,4.2653,27.65,8.72,10.94,56.33,0.06
galkayo,20110709,6.77,47.43,5.6724,27.82,9.18,11.62,51.08,0.06
galkayo,20110710,6.77,47.43,4.8667,27.74,9.83,12.21,55.69,0.0
galkayo,20110711,6.77,47.43,4.6874,27.55,9.36,11.64,56.4,0.0
galkayo,20110712,6.77,47.43,6.3398,28.64,9.1,11.62,47.88,0.0
galkayo,20110713,6.77,47.43,6.5969,29.11,10.35,12.88,52.14,0.0
galkayo,20110714,6.77,47.43,5.5958,26.21,9.07,11.28,67.11,0.0
galkayo,20110715,6.77,47.43,6.5002,27.34,8.74,11.07,56.37,0.0
galkayo,20110716,6.77,47.43,6.0077,28.15,9.1,11.65,47.57,0.0
galkayo,20110717,6.77,47.43,6.1577,28.71,10.0,12.52,51.19,0.0
galkayo,20110718,6.77,47.43,3.8371,26.48,9.85,12.35,57.76,0.01
galkayo,20110719,6.77,47.43,5.0506,27.54,8.93,11.34,51.67,0.0
galkayo,20110720,6.77,47.43,5.8202,28.36,8.98,11.31,47.0,0.0
galkayo,20110721,6.77,47.43,5.9254,28.62,8.97,11.41,48.99,0.0
galkayo,20110722,6.77,47.43,6.0888,28.72,8.75,11.08,48.99,0.01
galkayo,20110723,6.77,47.43,5.9352,28.99,9.4,11.8,49.94,0.0
galkayo,20110724,6.77,47.43,6.1877,29.37,8.89,11.29,46.25,0.01
galkayo,20110725,6.77,47.43,6.1781,28.83,8.18,10.19,52.99,0.0
galkayo,20110726,6.77,47.43,5.1722,28.63,7.46,9.39,56.36,0.0
galkayo,20110727,6.77,47.43,4.1287,29.25,8.14,10.07,53.65,0.0
galkayo,20110728,6.77,47.43,5.7893,29.05,8.75,10.81,52.71,0.0
galkayo,20110729,6.77,47.43,4.9699,28.51,8.17,10.34,51.64,0.0
galkayo,20110730,6.77,47.43,6.979,28.93,8.36,10.54,49.71,0.0
galkayo,20110731,6.77,47.43,6.4966,28.56,9.46,11.56,55.88,0.0
galkayo,20110801,6.77,47.43,6.8477,28.58,9.33,11.53,52.23,0.0
galkayo,20110802,6.77,47.43,7.0771,28.9,8.81,11.07,49.6,0.0
galkayo,20110803,6.77,47.43,7.0034,28.96,9.28,11.44,52.29,0.0
galkayo,20110804,6.77,47.43,6.6502,28.8,10.01,12.33,51.68,0.0
galkayo,20110805,6.77,47.43,7.1266,28.6,10.5,13.08,49.59,0.0
galkayo,20110806,6.77,47.43,7.0037,28.44,8.87,11.38,42.86,0.0
galkayo,20110807,6.77,47.43,7.3759,27.84,8.46,11.02,41.51,0.0
galkayo,20110808,6.77,47.43,7.2425,28.66,9.85,12.24,44.25,0.0
galkayo,20110809,6.77,47.43,5.8459,28.26,10.14,12.52,49.55,0.0
galkayo,20110810,6.77,47.43,6.1406,28.21,8.78,10.91,45.58,0.0
galkayo,20110811,6.77,47.43,4.9073,27.9,8.29,10.28,51.84,0.0
galkayo,20110812,6.77,47.43,6.4469,28.2,8.71,10.77,51.17,0.0
galkayo,20110813,6.77,47.43,7.002,28.6,8.7,10.86,48.2,0.0
galkayo,20110814,6.77,47.43,6.6168,29.04,8.01,10.09,46.93,0.0
galkayo,20110815,6.77,47.43,6.2957,28.77,7.22,9.34,48.45,0.0
galkayo,20110816,6.77,47.43,7.1129,28.89,7.58,9.7,46.75,0.0
galkayo,20110817,6.77,47.43,7.1825,29.86,8.68,10.87,47.43,0.0
galkayo,20110818,6.77,47.43,6.4937,29.64,9.23,11.49,47.47,0.0
galkayo,20110819,6.77,47.43,6.8155,29.24,8.69,10.8,49.21,0.06
galkayo,20110820,6.77,47.43,6.1462,28.76,8.65,10.81,48.11,0.01
galkayo,20110821,6.77,47.43,7.1558,28.59,8.52,10.79,43.81,0.0
galkayo,20110822,6.77,47.43,6.0924,28.54,8.96,11.03,51.26,0.02
galkayo,20110823,6.77,47.43,6.7913,28.61,8.8,11.01,48.35,0.02
galkayo,20110824,6.77,47.43,6.6648,29.05,9.2,11.54,46.83,0.0
galkayo,20110825,6.77,47.43,4.8178,29.04,9.31,11.41,50.33,0.0
galkayo,20110826,6.77,47.43,5.5138,26.05,7.47,9.47,57.9,0.0
galkayo,20110827,6.77,47.43,7.0836,28.67,7.89,10.21,42.51,0.0
galkayo,20110828,6.77,47.43,6.9139,29.2,8.27,10.54,45.62,0.0
galkayo,20110829,6.77,47.43,6.4373,29.4,9.32,11.56,50.42,0.0
galkayo,20110830,6.77,47.43,6.8441,29.1,9.54,11.78,50.91,0.01
galkayo,20110831,6.77,47.43,6.8491,29.35,9.26,11.61,49.86,0.01
galkayo,20110901,6.77,47.43,6.845,29.97,9.56,11.91,47.67,0.01
galkayo,20110902,6.77,47.43,5.1218,28.81,9.68,12.01,52.25,0.01
galkayo,20110903,6.77,47.43,6.702,29.62,8.64,10.75,49.31,0.0
galkayo,20110904,6.77,47.43,7.0754,30.43,8.18,10.14,46.71,0.0
galkayo,20110905,6.77,47.43,6.7889,29.5,8.04,10.13,49.17,0.0
galkayo,20110906,6.77,47.43,6.0634,28.58,8.52,10.43,53.15,0.0
galkayo,20110907,6.77,47.43,6.9324,29.51,8.43,10.53,47.91,0.0
galkayo,20110908,6.77,47.43,7.141,30.11,9.02,11.16,45.81,0.0
galkayo,20110909,6.77,47.43,6.2491,29.42,8.21,10.16,51.55,0.0
galkayo,20110910,6.77,47.43,6.5786,28.92,8.25,9.98,53.42,0.0
galkayo,20110911,6.77,47.43,6.5563,29.07,8.06,9.97,51.44,0.0
galkayo,20110912,6.77,47.43,6.5254,29.4,7.65,9.63,50.41,0.0
galkayo,20110913,6.77,47.43,7.1076,29.28,8.16,10.19,47.9,0.0
galkayo,20110914,6.77,47.43,7.0656,29.24,7.53,9.4,49.98,0.0
galkayo,20110915,6.77,47.43,6.9156,29.37,7.09,8.96,51.37,0.0
galkayo,20110916,6.77,47.43,6.6818,29.81,7.34,9.07,50.92,0.0
galkayo,20110917,6.77,47.43,7.0735,29.82,7.44,9.25,48.4,0.0
galkayo,20110918,6.77,47.43,6.7082,29.79,7.61,9.42,50.23,0.0
galkayo,20110919,6.77,47.43,6.4982,29.12,6.55,8.25,52.41,0.0
galkayo,20110920,6.77,47.43,7.0601,29.46,5.82,7.4,51.85,0.0
galkayo,20110921,6.77,47.43,7.105,30.04,5.53,6.98,48.82,0.0
galkayo,20110922,6.77,47.43,6.9718,29.74,6.09,7.5,49.52,0.0
galkayo,20110923,6.77,47.43,6.1838,29.93,6.74,8.38,48.37,0.05
galkayo,20110924,6.77,47.43,6.9065,30.07,7.27,8.98,51.56,0.16
galkayo,20110925,6.77,47.43,6.2026,29.66,7.21,9.0,48.47,0.04
galkayo,20110926,6.77,47.43,4.7998,28.6,5.21,6.69,49.89,0.12
galkayo,20110927,6.77,47.43,7.0644,30.01,4.44,5.9,47.63,0.13
galkayo,20110928,6.77,47.43,7.1189,30.54,5.32,6.73,46.36,0.0
galkayo,20110929,6.77,47.43,7.0159,30.23,5.44,6.79,50.23,0.0
galkayo,20110930,6.77,47.43,7.1513,30.17,5.16,6.35,50.8,0.0
galkayo,20111001,6.77,47.43,6.5705,30.1,5.03,6.19,51.8,0.0
galkayo,20111002,6.77,47.43,6.4243,29.83,5.01,6.25,50.92,0.0
galkayo,20111003,6.77,47.43,6.5866,30.41,4.67,5.89,49.5,0.34
galkayo,20111004,6.77,47.43,7.0106,30.66,3.79,4.92,48.18,0.09
galkayo,20111005,6.77,47.43,6.8237,30.68,4.35,5.48,48.55,0.24
galkayo,20111006,6.77,47.43,6.8534,30.87,4.78,5.76,48.94,0.36
galkayo,20111007,6.77,47.43,4.7762,27.77,4.76,5.76,56.8,0.77
galkayo,20111008,6.77,47.43,6.1349,29.14,3.46,4.51,54.21,3.58
galkayo,20111009,6.77,47.43,6.6708,29.34,3.69,4.77,55.39,1.97
galkayo,20111010,6.77,47.43,5.7257,28.1,3.8,4.94,64.64,4.81
galkayo,20111011,6.77,47.43,5.3582,25.27,4.95,5.96,76.06,7.48
galkayo,20111012,6.77,47.43,6.1423,24.51,2.91,4.3,74.07,3.23
galkayo,20111013,6.77,47.43,6.7018,26.21,4.55,6.09,70.57,10.44
galkayo,20111014,6.77,47.43,6.6715,25.49,4.39,5.94,77.65,21.27
galkayo,20111015,6.77,47.43,7.1789,26.36,3.98,5.41,71.54,1.65
galkayo,20111016,6.77,47.43,6.9938,26.53,3.86,5.23,66.57,1.09
galkayo,20111017,6.77,47.43,7.0368,26.47,2.42,3.58,67.54,5.82
galkayo,20111018,6.77,47.43,6.7183,26.41,2.7,3.82,68.0,0.18
galkayo,20111019,6.77,47.43,6.9914,26.81,2.82,3.96,65.99,0.25
galkayo,20111020,6.77,47.43,6.3662,27.21,2.69,3.75,66.62,0.09
galkayo,20111021,6.77,47.43,6.5602,27.33,2.48,3.41,66.05,0.07
galkayo,20111022,6.77,47.43,5.5111,26.49,3.1,4.3,69.72,0.55
galkayo,20111023,6.77,47.43,6.0881,25.01,2.86,3.95,78.53,6.63
galkayo,20111024,6.77,47.43,6.4094,24.25,3.92,5.82,66.61,15.31
galkayo,20111025,6.77,47.43,6.5342,23.54,3.41,5.42,65.66,1.52
galkayo,20111026,6.77,47.43,6.1668,25.56,5.16,6.98,71.0,5.95
galkayo,20111027,6.77,47.43,5.2126,25.22,3.97,5.63,74.47,2.96
galkayo,20111028,6.77,47.43,6.4606,26.56,3.56,4.98,67.55,0.0
galkayo,20111029,6.77,47.43,5.9767,26.65,2.16,3.3,68.85,0.11
galkayo,20111030,6.77,47.43,6.3274,26.41,3.32,5.09,68.46,0.09
galkayo,20111031,6.77,47.43,6.3816,26.88,4.09,6.19,65.02,0.17
galkayo,20111101,6.77,47.43,6.2568,25.62,3.15,4.43,55.45,0.05
galkayo,20111102,6.77,47.43,5.898,27.0,3.64,5.49,62.06,0.65
galkayo,20111103,6.77,47.43,6.2628,27.45,3.54,5.45,66.27,1.34
galkayo,20111104,6.77,47.43,5.3484,27.62,2.76,4.29,67.35,0.73
galkayo,20111105,6.77,47.43,5.0189,27.35,2.6,3.69,71.61,2.16
galkayo,20111106,6.77,47.43,5.4883,27.42,2.74,3.72,69.94,2.69
galkayo,20111107,6.77,47.43,5.9767,27.53,2.3,3.6,68.42,3.54
galkayo,20111108,6.77,47.43,5.7041,26.44,2.47,3.73,76.24,8.17
galkayo,20111109,6.77,47.43,5.5774,26.05,2.24,3.54,76.93,6.83
galkayo,20111110,6.77,47.43,6.0254,26.51,3.41,4.97,71.12,2.03
galkayo,20111111,6.77,47.43,6.6876,26.17,3.87,5.75,64.83,0.46
galkayo,20111112,6.77,47.43,6.8311,26.59,4.06,5.74,63.34,0.0
galkayo,20111113,6.77,47.43,6.0062,26.12,5.46,7.35,69.64,0.71
galkayo,20111114,6.77,47.43,6.7963,25.96,5.62,7.7,60.33,0.0
galkayo,20111115,6.77,47.43,5.9933,25.97,5.35,7.2,66.09,0.04
galkayo,20111116,6.77,47.43,5.4826,27.11,4.86,6.52,63.46,0.01
galkayo,20111117,6.77,47.43,5.9698,27.3,5.25,6.89,62.51,0.23
galkayo,20111118,6.77,47.43,6.4507,25.77,5.01,7.1,54.67,0.0
galkayo,20111119,6.77,47.43,6.7582,25.53,4.06,6.1,58.12,0.11
galkayo,20111120,6.77,47.43,5.3844,26.22,4.15,5.43,67.93,1.01
galkayo,20111121,6.77,47.43,5.8997,26.5,4.53,5.85,68.9,2.42
galkayo,20111122,6.77,47.43,5.2284,25.87,3.53,5.14,73.79,7.62
galkayo,20111123,6.77,47.43,6.1428,27.18,4.42,5.96,65.11,0.03
galkayo,20111124,6.77,47.43,6.3065,26.71,4.06,5.77,61.11,1.07
galkayo,20111125,6.77,47.43,6.5076,26.37,4.32,6.28,53.82,0.0
galkayo,20111126,6.77,47.43,6.3984,26.41,3.66,5.17,56.66,0.1
galkayo,20111127,6.77,47.43,6.1459,26.38,3.49,4.87,61.07,0.03
galkayo,20111128,6.77,47.43,6.1152,25.94,3.39,4.94,57.75,0.0
galkayo,20111129,6.77,47.43,6.4586,26.07,3.33,4.79,58.46,0.05
galkayo,20111130,6.77,47.43,5.9467,27.32,2.96,4.07,60.72,0.2
galkayo,20111201,6.77,47.43,6.3458,26.69,4.39,6.07,56.38,0.05
galkayo,20111202,6.77,47.43,6.3758,25.98,4.48,6.5,55.34,0.0
galkayo,20111203,6.77,47.43,6.4255,26.0,4.55,6.58,54.36,0.0
galkayo,20111204,6.77,47.43,6.4214,26.73,4.58,6.61,52.77,0.0
galkayo,20111205,6.77,47.43,5.9549,27.47,5.42,7.31,52.55,0.0
galkayo,20111206,6.77,47.43,6.463,26.97,5.76,7.7,52.47,0.0
galkayo,20111207,6.77,47.43,6.3038,26.47,6.27,8.47,49.53,0.0
galkayo,20111208,6.77,47.43,6.1975,26.64,6.97,9.02,50.47,0.0
galkayo,20111209,6.77,47.43,6.3542,25.81,6.43,8.57,47.29,0.0
galkayo,20111210,6.77,47.43,6.3134,25.98,5.86,7.93,47.97,0.0
galkayo,20111211,6.77,47.43,6.4325,26.1,5.8,7.97,47.98,0.0
galkayo,20111212,6.77,47.43,6.0389,26.55,5.58,7.38,53.23,0.01
galkayo,20111213,6.77,47.43,5.5205,27.37,5.5,7.41,50.21,0.02
galkayo,20111214,6.77,47.43,6.1783,27.29,5.52,7.38,49.37,0.14
galkayo,20111215,6.77,47.43,6.1238,26.82,5.21,7.04,51.37,0.0
galkayo,20111216,6.77,47.43,6.2498,26.93,4.59,6.21,53.96,0.0
galkayo,20111217,6.77,47.43,6.4538,26.95,5.13,6.88,55.17,0.0
galkayo,20111218,6.77,47.43,6.0533,27.55,5.07,6.87,53.85,0.0
galkayo,20111219,6.77,47.43,5.635,26.75,5.93,7.95,52.81,0.0
galkayo,20111220,6.77,47.43,6.2918,26.37,5.75,7.99,39.12,0.0
galkayo,20111221,6.77,47.43,6.4121,26.12,5.62,7.58,42.56,0.0
galkayo,20111222,6.77,47.43,6.2861,25.57,5.57,7.59,46.91,0.0
galkayo,20111223,6.77,47.43,6.4193,24.95,4.68,6.67,47.16,0.0
galkayo,20111224,6.77,47.43,6.4848,24.73,3.65,5.41,49.6,0.0
galkayo,20111225,6.77,47.43,6.4642,25.1,3.42,4.96,53.65,0.0
galkayo,20111226,6.77,47.43,6.557,24.37,3.77,5.88,47.06,0.0
galkayo,20111227,6.77,47.43,6.4272,25.1,4.54,6.68,49.29,0.0
galkayo,20111228,6.77,47.43,6.6036,24.79,5.65,7.86,46.75,0.0
galkayo,20111229,6.77,47.43,6.4442,24.05,6.34,8.51,49.32,0.0
galkayo,20111230,6.77,47.43,6.0156,24.2,6.35,8.64,52.46,0.0
galkayo,20111231,6.77,47.43,6.636,23.84,5.94,8.4,51.59,0.0
galkayo,20120101,6.77,47.43,6.619,23.69,5.45,7.67,50.26,0.0
galkayo,20120102,6.77,47.43,6.6218,24.22,4.98,6.92,56.85,0.0
galkayo,20120103,6.77,47.43,6.547,24.96,4.45,6.29,57.88,0.0
galkayo,20120104,6.77,47.43,6.5287,25.53,5.07,6.83,57.35,0.0
galkayo,20120105,6.77,47.43,6.654,24.73,4.78,6.71,55.38,0.0
galkayo,20120106,6.77,47.43,6.6002,25.94,5.64,7.51,56.42,0.0
galkayo,20120107,6.77,47.43,5.9844,26.79,6.07,7.75,62.04,0.02
galkayo,20120108,6.77,47.43,4.2991,26.03,6.61,8.27,65.44,0.45
galkayo,20120109,6.77,47.43,6.1625,26.78,6.72,8.41,60.98,0.0
galkayo,20120110,6.77,47.43,6.4224,25.8,7.1,9.09,52.76,0.0
galkayo,20120111,6.77,47.43,6.6924,24.64,6.58,8.63,55.93,0.0
galkayo,20120112,6.77,47.43,6.8172,24.64,5.73,7.73,58.08,0.0
galkayo,20120113,6.77,47.43,6.7538,24.83,4.59,6.5,54.6,0.0
galkayo,20120114,6.77,47.43,6.6984,25.02,3.9,5.65,55.84,0.0
galkayo,20120115,6.77,47.43,6.6197,25.35,4.98,7.06,53.25,0.0
galkayo,20120116,6.77,47.43,6.5119,25.04,5.65,7.87,53.17,0.0
galkayo,20120117,6.77,47.43,6.6022,24.85,6.13,8.27,53.27,0.0
galkayo,20120118,6.77,47.43,6.6744,24.69,6.09,8.13,56.55,0.0
galkayo,20120119,6.77,47.43,6.8304,24.45,5.7,7.82,54.7,0.0
galkayo,20120120,6.77,47.43,6.6821,24.77,5.23,7.0,56.27,0.0
galkayo,20120121,6.77,47.43,6.7236,25.91,4.79,6.27,55.7,0.04
galkayo,20120122,6.77,47.43,6.6041,26.15,6.07,7.79,57.63,0.02
galkayo,20120123,6.77,47.43,6.6041,26.4,6.46,8.21,57.21,0.0
galkayo,20120124,6.77,47.43,6.3559,26.83,6.13,7.79,55.33,0.0
galkayo,20120125,6.77,47.43,6.5239,26.02,7.07,8.88,51.11,0.01
galkayo,20120126,6.77,47.43,6.8287,24.57,6.27,8.43,42.31,0.0
galkayo,20120127,6.77,47.43,6.894,24.05,5.66,7.73,47.06,0.0
galkayo,20120128,6.77,47.43,6.8686,24.79,6.05,8.06,50.68,0.0
galkayo,20120129,6.77,47.43,6.9288,24.87,6.18,8.19,54.5,0.0
galkayo,20120130,6.77,47.43,7.0027,24.92,7.01,9.21,53.32,0.0
galkayo,20120131,6.77,47.43,6.9826,24.79,6.49,8.58,53.34,0.0
galkayo,20120201,6.77,47.43,7.1066,24.85,5.22,7.1,49.12,0.0
galkayo,20120202,6.77,47.43,7.1232,25.36,4.4,6.14,53.15,0.0
galkayo,20120203,6.77,47.43,6.9024,25.9,4.43,6.17,54.89,0.0
galkayo,20120204,6.77,47.43,6.9134,25.27,6.39,8.46,50.48,0.0
galkayo,20120205,6.77,47.43,6.792,25.18,6.95,8.83,56.07,0.0
galkayo,20120206,6.77,47.43,6.9722,25.1,6.62,8.57,50.98,0.0
galkayo,20120207,6.77,47.43,6.2256,25.38,8.06,10.17,57.32,0.0
galkayo,20120208,6.77,47.43,6.7442,24.93,7.01,9.04,50.71,0.0
galkayo,20120209,6.77,47.43,6.9238,25.15,6.44,8.3,51.17,0.0
galkayo,20120210,6.77,47.43,6.925,25.38,5.56,7.39,52.51,0.0
galkayo,20120211,6.77,47.43,7.1894,25.41,5.5,7.39,53.23,0.0
galkayo,20120212,6.77,47.43,7.2334,25.51,6.14,7.99,54.52,0.0
galkayo,20120213,6.77,47.43,7.2605,24.69,6.01,8.25,46.47,0.0
galkayo,20120214,6.77,47.43,7.3937,24.93,6.85,9.13,46.4,0.0
galkayo,20120215,6.77,47.43,6.4802,25.94,6.98,8.62,48.21,0.0
galkayo,20120216,6.77,47.43,6.9941,27.11,5.58,6.89,49.13,0.0
galkayo,20120217,6.77,47.43,6.8662,26.5,4.61,5.91,55.13,0.0
galkayo,20120218,6.77,47.43,7.1304,26.56,5.14,6.3,57.35,0.0
galkayo,20120219,6.77,47.43,7.2888,26.4,5.72,7.1,54.36,0.0
galkayo,20120220,6.77,47.43,7.302,26.61,5.92,7.47,53.03,0.0
galkayo,20120221,6.77,47.43,7.013,26.67,6.23,7.96,52.6,0.0
galkayo,20120222,6.77,47.43,7.1448,26.07,7.85,9.76,50.76,0.0
galkayo,20120223,6.77,47.43,7.0913,25.38,8.05,10.19,53.86,0.0
galkayo,20120224,6.77,47.43,7.109,25.69,6.75,8.61,53.62,0.0
galkayo,20120225,6.77,47.43,6.9756,26.15,5.42,6.94,54.37,0.02
galkayo,20120226,6.77,47.43,6.9989,26.61,5.26,6.61,56.3,0.0
galkayo,20120227,6.77,47.43,6.9574,27.07,6.85,8.57,52.88,0.04
galkayo,20120228,6.77,47.43,7.092,26.21,6.61,8.38,55.56,0.04
galkayo,20120229,6.77,47.43,7.2614,26.83,6.32,7.96,52.99,0.0
galkayo,20120301,6.77,47.43,7.069,27.19,6.56,8.09,56.16,0.22
galkayo,20120302,6.77,47.43,7.3342,27.87,5.32,6.6,57.96,0.0
galkayo,20120303,6.77,47.43,7.1122,28.44,4.56,5.66,54.97,0.0
galkayo,20120304,6.77,47.43,7.2569,28.83,4.97,6.16,55.09,0.0
galkayo,20120305,6.77,47.43,7.2854,28.71,6.83,8.4,53.51,0.0
galkayo,20120306,6.77,47.43,7.2178,26.57,7.02,8.97,46.45,0.0
galkayo,20120307,6.77,47.43,7.1438,26.03,6.65,8.54,50.42,0.0
galkayo,20120308,6.77,47.43,6.7752,25.99,6.41,8.22,46.65,0.0
galkayo,20120309,6.77,47.43,7.5931,25.49,4.94,6.86,41.98,0.0
galkayo,20120310,6.77,47.43,7.6906,25.65,4.74,6.67,44.06,0.0
galkayo,20120311,6.77,47.43,7.6968,26.17,5.11,6.98,48.3,0.0
galkayo,20120312,6.77,47.43,7.4326,26.1,6.21,8.13,47.93,0.0
galkayo,20120313,6.77,47.43,7.6639,25.36,5.92,7.92,46.24,0.0
galkayo,20120314,6.77,47.43,7.236,26.19,6.21,7.97,53.42,0.0
galkayo,20120315,6.77,47.43,7.5756,26.51,5.82,7.43,53.66,0.0
galkayo,20120316,6.77,47.43,7.4926,27.39,5.43,6.77,54.03,0.0
galkayo,20120317,6.77,47.43,6.7438,28.13,5.46,6.62,55.52,0.0
galkayo,20120318,6.77,47.43,7.459,28.18,5.12,6.31,53.24,0.0
galkayo,20120319,6.77,47.43,7.4746,28.28,7.05,8.57,56.53,0.0
galkayo,20120320,6.77,47.43,7.6858,27.03,6.33,7.92,51.05,0.0
galkayo,20120321,6.77,47.43,7.3769,27.09,6.6,8.13,55.22,0.0
galkayo,20120322,6.77,47.43,7.1585,27.53,6.11,7.41,55.04,0.0
galkayo,20120323,6.77,47.43,7.3159,27.52,5.73,7.01,54.05,0.0
galkayo,20120324,6.77,47.43,7.3097,27.45,5.85,7.25,53.13,0.0
galkayo,20120325,6.77,47.43,7.428,27.23,5.48,6.96,48.24,0.0
galkayo,20120326,6.77,47.43,7.698,27.16,5.05,6.48,51.44,0.0
galkayo,20120327,6.77,47.43,7.3567,27.9,5.34,6.6,54.89,0.0
galkayo,20120328,6.77,47.43,7.4998,28.63,5.0,6.19,53.98,0.0
galkayo,20120329,6.77,47.43,7.3025,28.69,5.78,6.96,55.39,0.0
galkayo,20120330,6.77,47.43,7.2408,28.68,5.03,6.1,53.56,0.0
galkayo,20120331,6.77,47.43,7.4815,28.72,5.2,6.32,53.75,0.0
galkayo,20120401,6.77,47.43,7.4114,27.14,4.76,6.2,60.01,12.17
galkayo,20120402,6.77,47.43,7.6094,27.11,4.64,6.25,57.67,1.7
galkayo,20120403,6.77,47.43,7.5674,26.99,5.53,7.33,61.84,5.7
galkayo,20120404,6.77,47.43,7.4887,26.83,5.53,7.27,59.61,2.78
galkayo,20120405,6.77,47.43,7.5151,26.98,4.94,6.61,60.43,2.87
galkayo,20120406,6.77,47.43,7.3483,27.35,4.18,5.69,59.29,0.0
galkayo,20120407,6.77,47.43,7.5233,27.5,4.04,5.57,57.05,0.0
galkayo,20120408,6.77,47.43,7.6586,27.94,4.02,5.37,58.52,0.0
galkayo,20120409,6.77,47.43,7.2223,28.54,4.55,5.83,58.06,0.01
galkayo,20120410,6.77,47.43,7.4837,28.88,4.95,6.06,56.75,0.01
galkayo,20120411,6.77,47.43,7.027,28.64,4.66,5.89,53.26,0.08
galkayo,20120412,6.77,47.43,7.2329,28.47,4.11,5.1,59.58,1.49
galkayo,20120413,6.77,47.43,7.218,28.69,4.05,5.22,57.7,0.93
galkayo,20120414,6.77,47.43,7.2756,28.71,3.49,4.48,59.72,6.87
galkayo,20120415,6.77,47.43,5.3921,26.26,2.51,3.6,79.13,63.84
galkayo,20120416,6.77,47.43,7.4242,26.49,2.7,4.0,75.61,6.56
galkayo,20120417,6.77,47.43,7.164,26.89,3.2,4.54,74.47,1.41
galkayo,20120418,6.77,47.43,6.3,26.83,2.0,3.13,77.51,13.98
galkayo,20120419,6.77,47.43,5.8742,25.69,2.94,4.43,85.86,25.64
galkayo,20120420,6.77,47.43,4.92,25.43,2.43,3.75,85.02,18.07
galkayo,20120421,6.77,47.43,6.7918,25.73,2.93,4.4,81.33,0.04
galkayo,20120422,6.77,47.43,7.1515,26.2,2.93,4.39,75.37,0.01
galkayo,20120423,6.77,47.43,6.7428,26.6,2.8,4.15,73.87,0.1
galkayo,20120424,6.77,47.43,7.2235,26.52,2.55,3.87,77.44,0.04
galkayo,20120425,6.77,47.43,6.7812,27.41,2.87,4.14,72.76,0.1
galkayo,20120426,6.77,47.43,5.2018,27.1,3.25,4.83,73.3,0.59
galkayo,20120427,6.77,47.43,6.8335,27.05,2.23,3.39,73.73,0.59
galkayo,20120428,6.77,47.43,6.9002,27.19,3.14,4.53,70.94,0.01
galkayo,20120429,6.77,47.43,7.3022,26.9,3.43,5.03,65.72,0.39
galkayo,20120430,6.77,47.43,7.4311,26.75,2.55,4.0,64.72,0.31
galkayo,20120501,6.77,47.43,6.8359,27.01,2.49,3.83,68.16,0.08
galkayo,20120502,6.77,47.43,6.7092,28.03,3.17,4.57,66.97,0.1
galkayo,20120503,6.77,47.43,6.3221,28.12,3.06,4.35,68.13,0.27
galkayo,20120504,6.77,47.43,7.0992,28.41,2.6,3.85,68.09,0.21
galkayo,20120505,6.77,47.43,6.5318,26.5,4.01,5.7,75.73,0.38
galkayo,20120506,6.77,47.43,6.1603,27.18,4.59,6.66,70.96,1.42
galkayo,20120507,6.77,47.43,7.1249,27.1,4.51,6.61,71.02,1.26
galkayo,20120508,6.77,47.43,7.0963,27.73,4.59,6.29,66.73,0.45
galkayo,20120509,6.77,47.43,5.9623,25.73,3.5,4.97,68.66,0.67
galkayo,20120510,6.77,47.43,7.1328,27.17,3.43,5.06,64.19,0.48
galkayo,20120511,6.77,47.43,6.7454,27.53,3.2,4.79,68.22,4.19
galkayo,20120512,6.77,47.43,6.6547,26.11,2.25,3.21,76.74,5.75
galkayo,20120513,6.77,47.43,5.6575,26.61,3.85,5.68,76.87,6.71
galkayo,20120514,6.77,47.43,6.6329,26.57,3.8,5.69,76.68,3.03
galkayo,20120515,6.77,47.43,7.0601,26.88,3.54,5.24,77.48,2.69
galkayo,20120516,6.77,47.43,6.1135,27.44,4.23,6.07,73.24,1.81
galkayo,20120517,6.77,47.43,2.9028,27.2,6.5,8.83,70.36,2.17
galkayo,20120518,6.77,47.43,6.6358,26.93,5.35,7.33,70.69,2.06
galkayo,20120519,6.77,47.43,7.0774,26.61,3.33,4.46,74.16,2.36
galkayo,20120520,6.77,47.43,7.0075,26.44,2.94,3.94,62.9,2.27
galkayo,20120521,6.77,47.43,6.5726,27.33,2.23,3.64,60.58,1.8
galkayo,20120522,6.77,47.43,7.0409,27.74,3.5,5.24,66.62,2.52
galkayo,20120523,6.77,47.43,6.8498,27.69,4.74,6.59,67.65,1.44
galkayo,20120524,6.77,47.43,7.021,27.84,4.52,6.37,68.13,1.57
galkayo,20120525,6.77,47.43,6.5292,27.5,4.82,6.71,71.12,2.46
galkayo,20120526,6.77,47.43,7.1069,27.78,5.23,7.34,68.38,0.54
galkayo,20120527,6.77,47.43,6.9067,28.26,6.53,8.85,65.54,0.69
galkayo,20120528,6.77,47.43,6.7752,28.37,7.67,10.11,62.47,0.39
galkayo,20120529,6.77,47.43,6.8827,27.68,8.06,10.75,56.74,0.13
galkayo,20120530,6.77,47.43,6.7526,27.11,7.53,10.14,60.27,0.07
galkayo,20120531,6.77,47.43,6.8993,28.36,7.43,9.82,60.1,0.0
galkayo,20120601,6.77,47.43,6.0924,27.93,8.31,10.74,62.17,0.0
galkayo,20120602,6.77,47.43,6.3869,27.79,9.04,11.59,59.03,0.0
galkayo,20120603,6.77,47.43,5.8306,26.17,7.66,10.14,64.18,0.0
galkayo,20120604,6.77,47.43,6.1466,27.04,7.66,10.08,60.11,0.0
galkayo,20120605,6.77,47.43,5.8963,27.25,7.8,10.21,58.17,0.02
galkayo,20120606,6.77,47.43,5.7586,27.46,7.59,9.88,58.41,0.05
galkayo,20120607,6.77,47.43,6.5561,27.67,7.43,9.99,55.76,0.02
galkayo,20120608,6.77,47.43,6.5719,27.55,6.85,9.32,57.67,0.04
galkayo,20120609,6.77,47.43,6.5638,28.17,6.94,9.18,55.65,0.2
galkayo,20120610,6.77,47.43,6.6763,28.15,7.05,9.43,53.4,0.0
galkayo,20120611,6.77,47.43,6.4538,28.21,6.51,8.85,55.05,0.09
galkayo,20120612,6.77,47.43,6.6199,28.17,7.52,9.97,54.19,0.11
galkayo,20120613,6.77,47.43,6.6396,28.28,7.99,10.34,56.58,0.02
galkayo,20120614,6.77,47.43,5.8327,27.93,7.42,9.35,59.28,0.08
galkayo,20120615,6.77,47.43,6.3274,27.5,8.31,10.43,58.95,0.0
galkayo,20120616,6.77,47.43,5.5339,27.21,8.1,10.25,55.24,0.0
galkayo,20120617,6.77,47.43,6.2117,27.65,8.46,10.73,53.19,0.0
galkayo,20120618,6.77,47.43,5.9556,27.12,8.47,10.49,61.14,0.0
galkayo,20120619,6.77,47.43,6.037,27.58,8.38,10.35,61.41,0.0
galkayo,20120620,6.77,47.43,6.9667,28.06,8.51,10.9,51.69,0.0
galkayo,20120621,6.77,47.43,6.6636,28.75,7.7,10.11,50.39,0.0
galkayo,20120622,6.77,47.43,6.6146,29.4,7.44,9.5,52.24,0.14
galkayo,20120623,6.77,47.43,6.8129,28.78,7.24,9.21,55.42,0.15
galkayo,20120624,6.77,47.43,6.522,26.18,8.01,10.17,67.66,0.45
galkayo,20120625,6.77,47.43,6.5458,27.92,8.1,10.38,58.39,0.0
galkayo,20120626,6.77,47.43,6.3514,27.75,7.85,10.13,55.3,0.0
galkayo,20120627,6.77,47.43,6.0622,25.89,8.68,11.0,55.04,0.0
galkayo,20120628,6.77,47.43,6.4824,26.1,7.8,10.2,53.41,0.0
galkayo,20120629,6.77,47.43,5.839,26.44,8.08,10.05,59.71,0.0
galkayo,20120630,6.77,47.43,5.9866,26.57,8.15,10.46,51.48,0.0
galkayo,20120701,6.77,47.43,6.5856,27.05,8.03,10.43,50.25,0.0
galkayo,20120702,6.77,47.43,5.6261,27.22,8.56,10.71,57.79,0.0
galkayo,20120703,6.77,47.43,5.4146,27.29,9.29,11.56,57.46,0.0
galkayo,20120704,6.77,47.43,4.902,27.49,9.3,11.64,52.97,0.0
galkayo,20120705,6.77,47.43,4.1429,27.04,9.55,11.94,55.31,0.0
galkayo,20120706,6.77,47.43,5.4454,27.1,9.09,11.24,58.94,0.0
galkayo,20120707,6.77,47.43,5.76,27.44,9.14,11.48,54.3,0.0
galkayo,20120708,6.77,47.43,6.1416,26.93,9.15,11.6,52.89,0.0
galkayo,20120709,6.77,47.43,3.9257,27.0,8.98,11.29,55.1,0.0
galkayo,20120710,6.77,47.43,4.2521,26.78,9.49,11.9,55.67,0.23
galkayo,20120711,6.77,47.43,4.4621,26.29,8.99,11.35,55.29,0.15
galkayo,20120712,6.77,47.43,4.2324,26.72,8.62,10.98,52.26,0.01
galkayo,20120713,6.77,47.43,5.8469,27.56,8.65,11.04,48.18,0.0
galkayo,20120714,6.77,47.43,5.879,27.81,8.62,10.75,57.12,0.93
galkayo,20120715,6.77,47.43,5.1161,27.73,9.07,11.36,55.93,0.06
galkayo,20120716,6.77,47.43,5.7782,27.62,8.82,11.05,52.87,0.02
galkayo,20120717,6.77,47.43,5.9239,26.91,8.73,10.87,53.55,0.02
galkayo,20120718,6.77,47.43,5.8123,26.83,8.48,10.66,53.53,0.01
galkayo,20120719,6.77,47.43,4.2634,27.23,8.65,10.88,52.97,0.01
galkayo,20120720,6.77,47.43,6.8729,26.82,7.59,9.88,53.73,0.0
galkayo,20120721,6.77,47.43,6.8381,27.41,8.17,10.45,51.81,0.0
galkayo,20120722,6.77,47.43,6.845,27.85,8.76,11.02,51.91,0.0
galkayo,20120723,6.77,47.43,6.683,27.24,8.7,11.14,49.27,0.0
galkayo,20120724,6.77,47.43,6.1747,26.38,9.11,11.39,55.27,0.0
galkayo,20120725,6.77,47.43,6.3089,26.8,9.27,11.74,52.09,0.0
galkayo,20120726,6.77,47.43,6.6485,27.89,9.25,11.71,46.84,0.0
galkayo,20120727,6.77,47.43,6.6554,28.14,9.1,11.56,48.76,0.0
galkayo,20120728,6.77,47.43,5.9273,26.58,8.35,10.44,56.3,0.0
galkayo,20120729,6.77,47.43,5.7082,27.22,8.15,10.23,53.77,0.0
galkayo,20120730,6.77,47.43,5.0666,27.49,7.77,9.73,50.8,0.05
galkayo,20120731,6.77,47.43,6.281,28.33,8.07,10.2,49.43,0.07
galkayo,20120801,6.77,47.43,6.2803,28.25,8.38,10.4,52.97,0.07
galkayo,20120802,6.77,47.43,5.6249,28.02,8.02,10.03,55.72,0.21
galkayo,20120803,6.77,47.43,6.0643,28.7,7.96,10.04,52.87,0.23
galkayo,20120804,6.77,47.43,6.9185,29.08,8.68,10.81,48.89,0.01
galkayo,20120805,6.77,47.43,7.1465,28.54,8.32,10.46,49.8,0.0
galkayo,20120806,6.77,47.43,7.1926,28.48,7.74,9.97,46.67,0.0
galkayo,20120807,6.77,47.43,7.1866,29.0,7.83,9.78,53.91,0.06
galkayo,20120808,6.77,47.43,6.9682,28.58,6.91,8.75,52.6,0.0
galkayo,20120809,6.77,47.43,7.1844,28.74,7.22,9.27,47.24,0.0
galkayo,20120810,6.77,47.43,7.0502,28.68,8.39,10.53,50.13,0.03
galkayo,20120811,6.77,47.43,6.5856,28.12,9.61,11.79,55.06,0.78
galkayo,20120812,6.77,47.43,6.313,27.69,8.19,10.28,53.55,0.39
galkayo,20120813,6.77,47.43,7.1342,27.9,8.1,10.39,45.97,0.01
galkayo,20120814,6.77,47.43,6.3888,28.25,9.12,11.36,50.64,0.19
galkayo,20120815,6.77,47.43,6.3178,28.01,8.79,11.02,50.54,0.05
galkayo,20120816,6.77,47.43,6.7918,27.6,8.93,11.06,51.65,0.15
galkayo,20120817,6.77,47.43,6.2587,27.67,8.47,10.42,52.03,0.01
galkayo,20120818,6.77,47.43,7.0346,28.85,7.93,9.91,48.22,0.05
galkayo,20120819,6.77,47.43,7.2744,28.86,7.45,9.73,46.43,0.0
galkayo,20120820,6.77,47.43,6.5959,28.67,9.6,11.8,54.11,1.77
galkayo,20120821,6.77,47.43,7.009,27.65,9.21,11.7,46.12,0.0
galkayo,20120822,6.77,47.43,7.1714,27.35,9.05,11.5,47.95,0.02
galkayo,20120823,6.77,47.43,6.9758,27.76,9.14,11.46,48.88,0.07
galkayo,20120824,6.77,47.43,6.251,26.67,9.21,11.24,58.91,0.8
galkayo,20120825,6.77,47.43,6.2928,26.67,8.2,10.19,58.67,0.94
galkayo,20120826,6.77,47.43,6.9696,28.24,8.77,10.87,54.74,0.13
galkayo,20120827,6.77,47.43,6.9953,28.4,9.13,11.4,57.81,2.89
galkayo,20120828,6.77,47.43,7.0985,28.42,8.31,10.73,51.76,0.26
galkayo,20120829,6.77,47.43,7.1021,28.29,8.0,10.08,57.42,0.03
galkayo,20120830,6.77,47.43,7.1714,28.87,8.47,10.38,58.27,0.55
galkayo,20120831,6.77,47.43,6.7294,27.74,8.59,10.65,62.36,2.51
galkayo,20120901,6.77,47.43,6.5558,27.56,8.52,10.88,58.66,1.84
galkayo,20120902,6.77,47.43,6.5846,27.49,8.44,10.65,56.16,0.15
galkayo,20120903,6.77,47.43,7.05,27.65,8.51,10.83,51.28,0.0
galkayo,20120904,6.77,47.43,7.1873,28.28,8.3,10.61,50.19,0.0
galkayo,20120905,6.77,47.43,6.473,28.95,9.07,11.29,50.82,0.05
galkayo,20120906,6.77,47.43,5.6626,28.32,9.33,11.53,55.52,0.15
galkayo,20120907,6.77,47.43,7.1112,28.3,8.32,10.49,48.52,0.0
galkayo,20120908,6.77,47.43,7.121,28.01,7.95,10.06,49.4,0.02
galkayo,20120909,6.77,47.43,6.7759,27.76,7.44,9.6,50.38,0.01
galkayo,20120910,6.77,47.43,7.2204,28.87,7.4,9.47,47.89,0.0
galkayo,20120911,6.77,47.43,6.8743,29.55,7.93,9.69,57.56,0.95
galkayo,20120912,6.77,47.43,6.2863,28.24,7.54,9.31,61.75,2.01
galkayo,20120913,6.77,47.43,6.7865,28.2,7.65,9.5,60.28,0.8
galkayo,20120914,6.77,47.43,7.0258,28.55,7.24,9.19,55.33,0.91
galkayo,20120915,6.77,47.43,7.1489,28.25,7.46,9.55,53.49,0.14
galkayo,20120916,6.77,47.43,7.3505,29.08,7.61,9.81,48.5,0.02
galkayo,20120917,6.77,47.43,6.8558,28.4,7.83,9.7,59.72,3.48
galkayo,20120918,6.77,47.43,7.1482,27.93,7.12,9.32,53.92,0.31
galkayo,20120919,6.77,47.43,7.0534,28.93,7.85,9.9,52.63,0.09
galkayo,20120920,6.77,47.43,7.1153,29.04,7.07,8.86,50.47,0.0
galkayo,20120921,6.77,47.43,7.1671,28.66,7.16,9.09,48.66,0.0
galkayo,20120922,6.77,47.43,7.0721,28.94,7.24,9.08,52.07,0.3
galkayo,20120923,6.77,47.43,6.6341,28.94,6.67,8.46,50.93,0.0
galkayo,20120924,6.77,47.43,7.1966,29.64,5.92,7.54,49.6,0.04
galkayo,20120925,6.77,47.43,7.1914,30.0,5.84,7.27,49.55,0.03
galkayo,20120926,6.77,47.43,5.8082,29.02,5.82,7.02,56.3,0.08
galkayo,20120927,6.77,47.43,3.7694,28.36,5.3,6.32,59.23,0.3
galkayo,20120928,6.77,47.43,5.8608,27.2,5.16,6.74,63.07,1.81
galkayo,20120929,6.77,47.43,6.7742,28.49,4.37,5.58,59.97,1.99
galkayo,20120930,6.77,47.43,6.0271,27.51,4.45,5.51,64.29,3.03
galkayo,20121001,6.77,47.43,6.701,26.48,4.01,5.19,68.15,2.51
galkayo,20121002,6.77,47.43,6.025,27.81,4.13,5.74,64.34,2.65
galkayo,20121003,6.77,47.43,6.5726,28.03,4.81,6.39,61.34,0.47
galkayo,20121004,6.77,47.43,6.4872,28.09,5.07,6.91,56.78,0.3
galkayo,20121005,6.77,47.43,6.2738,29.15,4.51,6.04,52.89,0.14
galkayo,20121006,6.77,47.43,6.8244,28.95,3.72,5.05,55.12,0.13
galkayo,20121007,6.77,47.43,6.9662,29.58,3.38,4.52,53.16,0.28
galkayo,20121008,6.77,47.43,6.8093,29.27,3.59,4.56,57.04,0.21
galkayo,20121009,6.77,47.43,5.7466,29.3,3.66,4.62,57.15,0.24
galkayo,20121010,6.77,47.43,6.167,29.9,3.49,4.36,53.53,0.14
galkayo,20121011,6.77,47.43,6.7183,29.42,4.0,4.89,55.55,0.2
galkayo,20121012,6.77,47.43,5.5582,29.13,3.86,4.66,56.69,0.21
galkayo,20121013,6.77,47.43,6.565,29.02,3.42,4.28,56.1,0.81
galkayo,20121014,6.77,47.43,6.2719,28.83,3.28,4.0,56.55,0.73
galkayo,20121015,6.77,47.43,4.2178,25.94,3.0,3.39,72.94,0.95
galkayo,20121016,6.77,47.43,6.846,27.29,5.05,6.24,61.36,0.14
galkayo,20121017,6.77,47.43,7.2043,28.36,4.76,6.01,54.03,0.0
galkayo,20121018,6.77,47.43,6.9509,28.95,4.86,5.99,54.26,0.09
galkayo,20121019,6.77,47.43,6.0888,27.37,4.95,6.23,60.59,0.79
galkayo,20121020,6.77,47.43,6.7606,27.48,5.25,6.49,62.24,1.42
galkayo,20121021,6.77,47.43,5.4758,26.99,4.78,5.99,63.64,2.28
galkayo,20121022,6.77,47.43,6.5654,27.78,4.47,5.76,57.65,0.49
galkayo,20121023,6.77,47.43,6.7591,27.72,3.75,5.18,54.97,0.05
galkayo,20121024,6.77,47.43,6.875,27.66,2.57,3.83,51.87,0.0
galkayo,20121025,6.77,47.43,6.5554,29.4,1.76,2.61,47.71,0.02
galkayo,20121026,6.77,47.43,4.2218,28.98,1.22,1.78,54.18,2.83
galkayo,20121027,6.77,47.43,3.7735,25.87,2.67,3.7,72.46,3.4
galkayo,20121028,6.77,47.43,6.1488,28.46,2.07,2.87,61.01,0.33
galkayo,20121029,6.77,47.43,6.5297,28.42,3.25,4.25,58.77,0.36
galkayo,20121030,6.77,47.43,6.6218,27.88,3.06,4.1,58.21,0.32
galkayo,20121031,6.77,47.43,6.5388,28.28,3.76,4.93,54.73,0.01
galkayo,20121101,6.77,47.43,5.4878,28.61,4.55,5.95,53.21,0.0
galkayo,20121102,6.77,47.43,6.7812,27.86,4.64,6.35,48.46,0.01
galkayo,20121103,6.77,47.43,6.7714,27.76,3.47,4.66,53.61,0.02
galkayo,20121104,6.77,47.43,6.7704,27.85,3.42,4.44,52.86,0.02
galkayo,20121105,6.77,47.43,6.3422,28.21,3.11,4.05,51.87,0.07
galkayo,20121106,6.77,47.43,6.6331,28.06,3.23,4.31,49.94,0.25
galkayo,20121107,6.77,47.43,6.8078,27.56,3.46,4.74,49.96,0.16
galkayo,20121108,6.77,47.43,6.8328,27.02,3.21,4.51,52.43,0.13
galkayo,20121109,6.77,47.43,6.5832,28.27,4.35,5.71,53.14,0.08
galkayo,20121110,6.77,47.43,5.5649,28.07,4.72,6.06,62.04,5.26
galkayo,20121111,6.77,47.43,5.3474,27.23,4.91,6.35,67.98,5.48
galkayo,20121112,6.77,47.43,5.5968,26.19,4.06,5.31,72.61,0.06
galkayo,20121113,6.77,47.43,5.0585,27.47,4.73,6.08,67.52,0.05
galkayo,20121114,6.77,47.43,5.3743,28.14,4.77,6.03,63.15,0.21
galkayo,20121115,6.77,47.43,5.6794,28.18,4.47,5.59,62.42,0.04
galkayo,20121116,6.77,47.43,6.6048,27.66,5.01,6.53,55.02,0.0
galkayo,20121117,6.77,47.43,6.5311,26.64,4.98,6.76,56.31,0.0
galkayo,20121118,6.77,47.43,6.5568,27.65,5.61,7.15,59.28,0.01
galkayo,20121119,6.77,47.43,6.432,27.56,4.62,5.99,55.85,0.02
galkayo,20121120,6.77,47.43,6.5585,27.6,4.6,5.9,56.98,0.01
galkayo,20121121,6.77,47.43,6.2489,27.74,5.18,6.67,57.44,0.01
galkayo,20121122,6.77,47.43,6.6766,27.21,4.89,6.56,52.77,0.0
galkayo,20121123,6.77,47.43,6.678,26.89,4.63,6.41,52.24,0.0
galkayo,20121124,6.77,47.43,6.3552,27.52,4.55,5.92,56.87,0.01
galkayo,20121125,6.77,47.43,6.2011,28.14,4.62,5.9,57.42,0.0
galkayo,20121126,6.77,47.43,6.0278,28.26,4.89,6.13,58.86,0.02
galkayo,20121127,6.77,47.43,6.0137,28.19,5.03,6.27,57.56,0.0
galkayo,20121128,6.77,47.43,6.2038,28.26,5.11,6.37,56.98,0.0
galkayo,20121129,6.77,47.43,6.5532,27.84,5.22,6.73,55.98,0.0
galkayo,20121130,6.77,47.43,6.0826,27.87,5.8,7.23,60.7,0.01
galkayo,20121201,6.77,47.43,5.6359,27.71,6.28,8.15,51.24,0.0
galkayo,20121202,6.77,47.43,6.557,26.87,6.06,7.72,54.37,0.0
galkayo,20121203,6.77,47.43,5.9441,27.51,5.56,6.88,58.29,0.01
galkayo,20121204,6.77,47.43,5.9273,27.58,4.68,5.89,56.04,0.01
galkayo,20121205,6.77,47.43,6.3314,27.86,4.92,6.19,54.82,0.0
galkayo,20121206,6.77,47.43,6.1735,27.94,5.01,6.34,54.63,0.02
galkayo,20121207,6.77,47.43,6.5014,27.55,4.94,6.48,51.53,0.0
galkayo,20121208,6.77,47.43,6.4358,27.13,4.71,6.25,53.47,0.0
galkayo,20121209,6.77,47.43,6.3374,27.38,4.5,6.2,53.14,0.0
galkayo,20121210,6.77,47.43,5.069,28.0,5.4,6.98,55.92,0.0
galkayo,20121211,6.77,47.43,6.0922,28.57,6.27,7.85,54.52,0.0
galkayo,20121212,6.77,47.43,3.529,26.76,5.63,7.13,62.25,0.0
galkayo,20121213,6.77,47.43,6.4363,27.03,5.58,7.27,52.3,0.0
galkayo,20121214,6.77,47.43,6.3737,26.77,5.04,6.58,53.29,0.0
galkayo,20121215,6.77,47.43,6.4262,27.02,4.99,6.56,50.23,0.0
galkayo,20121216,6.77,47.43,5.6093,26.3,5.64,7.49,57.93,0.0
galkayo,20121217,6.77,47.43,5.8046,26.0,6.22,7.86,65.36,0.19
galkayo,20121218,6.77,47.43,6.6185,26.02,6.94,8.98,51.81,0.0
galkayo,20121219,6.77,47.43,6.0458,25.49,6.57,8.67,53.79,0.0
galkayo,20121220,6.77,47.43,6.2726,26.42,5.72,7.53,51.17,0.0
galkayo,20121221,6.77,47.43,6.3223,26.97,5.35,7.05,52.21,0.0
galkayo,20121222,6.77,47.43,6.4747,27.07,4.5,6.05,55.42,0.0
galkayo,20121223,6.77,47.43,6.39,27.28,4.24,5.81,53.87,0.0
galkayo,20121224,6.77,47.43,5.1377,28.19,5.2,6.9,42.02,0.0
galkayo,20121225,6.77,47.43,4.02,26.57,6.63,8.59,59.14,0.34
galkayo,20121226,6.77,47.43,6.2388,27.01,4.71,6.38,49.46,0.0
galkayo,20121227,6.77,47.43,6.521,27.05,4.06,5.73,49.89,0.0
galkayo,20121228,6.77,47.43,6.6178,26.44,5.43,7.4,48.34,0.0
galkayo,20121229,6.77,47.43,6.5266,26.31,5.87,7.82,53.2,0.0
galkayo,20121230,6.77,47.43,6.5045,26.16,5.18,7.16,49.1,0.0
galkayo,20121231,6.77,47.43,6.5592,25.29,4.63,6.71,45.93,0.0
galkayo,20130101,6.77,47.43,6.5165,24.43,5.38,7.77,41.11,0.0
galkayo,20130102,6.77,47.43,5.952,25.18,5.85,8.08,46.39,0.0
galkayo,20130103,6.77,47.43,6.0094,26.47,6.1,7.92,49.78,0.0
galkayo,20130104,6.77,47.43,5.5567,27.35,5.72,7.16,56.62,0.0
galkayo,20130105,6.77,47.43,6.0588,27.76,5.76,7.08,59.43,0.0
galkayo,20130106,6.77,47.43,4.7683,28.11,5.01,6.28,57.17,0.04
galkayo,20130107,6.77,47.43,6.4622,28.16,5.66,6.86,59.6,0.04
galkayo,20130108,6.77,47.43,5.5318,27.65,5.42,6.54,60.63,0.03
galkayo,20130109,6.77,47.43,6.221,27.51,4.67,5.72,58.44,0.01
galkayo,20130110,6.77,47.43,6.2165,27.23,4.36,5.44,55.74,0.0
galkayo,20130111,6.77,47.43,6.3821,27.36,4.73,6.1,53.83,0.0
galkayo,20130112,6.77,47.43,6.3874,26.5,6.23,8.23,50.05,0.0
galkayo,20130113,6.77,47.43,5.6592,27.22,6.97,8.83,52.31,0.0
galkayo,20130114,6.77,47.43,6.3698,26.9,7.3,9.05,51.97,0.0
galkayo,20130115,6.77,47.43,6.1546,26.92,6.69,8.47,52.89,0.0
galkayo,20130116,6.77,47.43,6.281,25.96,7.01,8.95,48.43,0.0
galkayo,20130117,6.77,47.43,6.4373,25.3,7.21,9.27,48.29,0.0
galkayo,20130118,6.77,47.43,6.635,24.2,6.94,8.92,49.73,0.0
galkayo,20130119,6.77,47.43,6.7886,24.58,6.47,8.52,50.61,0.0
galkayo,20130120,6.77,47.43,6.7306,25.3,5.71,7.72,48.23,0.0
galkayo,20130121,6.77,47.43,6.8026,25.38,5.18,7.06,52.73,0.0
galkayo,20130122,6.77,47.43,6.8354,25.8,5.93,7.9,53.46,0.0
galkayo,20130123,6.77,47.43,7.0258,25.73,6.79,9.02,47.75,0.0
galkayo,20130124,6.77,47.43,6.8186,24.96,6.56,8.56,53.02,0.0
galkayo,20130125,6.77,47.43,6.5976,25.25,6.43,8.28,53.15,0.0
galkayo,20130126,6.77,47.43,6.7171,25.14,6.26,8.14,52.82,0.0
galkayo,20130127,6.77,47.43,6.8436,25.34,6.2,8.1,50.29,0.0
galkayo,20130128,6.77,47.43,6.9115,25.4,5.12,6.85,54.01,0.0
galkayo,20130129,6.77,47.43,6.7622,25.71,4.75,6.12,58.81,0.0
galkayo,20130130,6.77,47.43,6.7541,26.71,5.21,6.59,57.62,0.0
galkayo,20130131,6.77,47.43,6.8275,26.55,5.85,7.35,57.88,0.0
galkayo,20130201,6.77,47.43,6.7608,27.03,5.44,6.68,64.3,0.0
galkayo,20130202,6.77,47.43,6.2107,28.3,5.15,6.32,57.8,0.0
galkayo,20130203,6.77,47.43,6.6348,28.5,5.98,7.27,56.27,0.0
galkayo,20130204,6.77,47.43,6.7574,27.9,7.03,8.73,49.46,0.0
galkayo,20130205,6.77,47.43,6.7822,26.09,7.06,8.96,40.43,0.0
galkayo,20130206,6.77,47.43,6.8242,25.0,6.68,8.63,44.2,0.0
galkayo,20130207,6.77,47.43,7.0574,24.84,6.59,8.6,46.2,0.0
galkayo,20130208,6.77,47.43,7.1657,25.19,5.27,6.92,46.52,0.0
galkayo,20130209,6.77,47.43,7.0942,26.13,5.58,7.04,53.53,0.0
galkayo,20130210,6.77,47.43,7.0795,26.97,4.8,6.02,53.57,0.0
galkayo,20130211,6.77,47.43,7.0459,27.0,5.43,6.72,53.55,0.0
galkayo,20130212,6.77,47.43,7.0776,26.47,5.96,7.31,53.77,0.0
galkayo,20130213,6.77,47.43,6.9106,26.52,5.67,6.99,55.88,0.0
galkayo,20130214,6.77,47.43,7.0601,26.95,5.15,6.61,53.34,0.0
galkayo,20130215,6.77,47.43,7.4167,26.14,5.72,7.56,50.74,0.0
galkayo,20130216,6.77,47.43,7.2432,26.47,5.29,6.97,53.38,0.0
galkayo,20130217,6.77,47.43,7.337,26.27,5.49,7.11,52.2,0.0
galkayo,20130218,6.77,47.43,7.2202,26.84,5.39,6.79,53.96,0.0
galkayo,20130219,6.77,47.43,6.6617,27.54,4.99,6.37,54.84,0.0
galkayo,20130220,6.77,47.43,7.2449,27.8,5.54,6.99,53.56,0.0
galkayo,20130221,6.77,47.43,7.3908,26.85,5.94,7.39,53.75,0.0
galkayo,20130222,6.77,47.43,7.349,27.25,6.57,8.08,57.29,0.0
galkayo,20130223,6.77,47.43,6.859,28.24,6.42,7.89,57.64,0.0
galkayo,20130224,6.77,47.43,7.3128,28.22,6.33,7.77,54.78,0.0
galkayo,20130225,6.77,47.43,7.3627,27.63,6.44,7.93,54.37,0.0
galkayo,20130226,6.77,47.43,7.559,26.9,6.54,8.18,51.58,0.0
galkayo,20130227,6.77,47.43,7.422,26.37,6.38,8.02,53.1,0.0
galkayo,20130228,6.77,47.43,7.4191,26.84,5.63,7.09,53.93,0.0
galkayo,20130301,6.77,47.43,7.2451,27.16,5.97,7.42,53.57,0.0
galkayo,20130302,6.77,47.43,7.5329,26.75,5.59,7.16,50.39,0.0
galkayo,20130303,6.77,47.43,7.6728,26.57,5.58,7.3,48.28,0.0
galkayo,20130304,6.77,47.43,7.4525,26.6,6.01,7.61,53.5,0.0
galkayo,20130305,6.77,47.43,7.3294,27.57,5.97,7.44,54.55,0.0
galkayo,20130306,6.77,47.43,7.363,27.7,5.36,6.67,54.18,0.0
galkayo,20130307,6.77,47.43,7.457,27.84,5.39,6.72,54.1,0.02
galkayo,20130308,6.77,47.43,7.2883,27.8,5.52,7.01,52.27,0.01
galkayo,20130309,6.77,47.43,7.3519,27.92,5.47,6.88,52.11,0.0
galkayo,20130310,6.77,47.43,7.4095,29.1,5.04,6.31,53.32,0.01
galkayo,20130311,6.77,47.43,6.2412,29.74,5.37,6.41,59.59,0.39
galkayo,20130312,6.77,47.43,6.047,29.58,6.3,7.51,57.85,0.15
galkayo,20130313,6.77,47.43,6.6684,29.41,7.14,8.72,52.78,0.06
galkayo,20130314,6.77,47.43,7.471,28.68,6.86,8.52,49.65,0.0
galkayo,20130315,6.77,47.43,7.3358,28.29,6.52,7.97,53.35,0.0
galkayo,20130316,6.77,47.43,7.1422,28.48,6.23,7.47,55.47,0.0
galkayo,20130317,6.77,47.43,6.6619,28.86,6.24,7.41,58.48,0.23
galkayo,20130318,6.77,47.43,6.5573,29.07,6.05,7.23,56.51,0.09
galkayo,20130319,6.77,47.43,6.5702,29.11,6.2,7.39,57.32,0.16
galkayo,20130320,6.77,47.43,6.763,29.4,6.0,7.2,56.48,0.53
galkayo,20130321,6.77,47.43,7.2017,29.34,5.16,6.15,57.04,0.23
galkayo,20130322,6.77,47.43,6.4306,28.55,4.43,5.19,62.68,2.42
galkayo,20130323,6.77,47.43,6.4382,28.58,3.9,4.92,61.27,0.99
galkayo,20130324,6.77,47.43,7.1935,29.33,5.42,6.59,59.66,0.61
galkayo,20130325,6.77,47.43,6.4517,27.94,4.92,6.07,69.84,6.69
galkayo,20130326,6.77,47.43,6.5016,26.95,2.57,3.58,72.29,1.87
galkayo,20130327,6.77,47.43,6.0151,27.11,4.3,5.49,68.62,0.64
galkayo,20130328,6.77,47.43,6.9485,27.67,5.17,6.51,65.34,2.09
galkayo,20130329,6.77,47.43,7.2211,28.2,3.44,4.51,60.08,0.72
galkayo,20130330,6.77,47.43,7.02,28.17,3.46,4.65,64.96,5.06
galkayo,20130331,6.77,47.43,7.1105,28.43,3.66,4.74,64.1,1.72
galkayo,20130401,6.77,47.43,5.9306,28.36,3.7,4.86,62.14,1.72
galkayo,20130402,6.77,47.43,6.9706,29.18,2.47,3.23,61.25,2.71
galkayo,20130403,6.77,47.43,6.4414,29.46,3.44,4.53,55.22,0.37
galkayo,20130404,6.77,47.43,7.5288,29.34,2.94,4.0,48.39,0.32
galkayo,20130405,6.77,47.43,7.4014,29.31,4.07,5.15,53.22,0.0
galkayo,20130406,6.77,47.43,6.8203,29.79,3.55,4.61,54.04,0.08
galkayo,20130407,6.77,47.43,6.8597,28.56,3.2,4.61,65.78,5.73
galkayo,20130408,6.77,47.43,5.9578,27.85,3.33,4.72,72.52,7.71
galkayo,20130409,6.77,47.43,3.7318,27.74,2.87,4.17,73.5,6.74
galkayo,20130410,6.77,47.43,7.1705,28.46,1.73,2.55,67.82,1.97
galkayo,20130411,6.77,47.43,5.9489,27.88,3.43,4.87,68.91,0.93
galkayo,20130412,6.77,47.43,7.3519,29.15,4.11,5.52,58.8,0.34
galkayo,20130413,6.77,47.43,7.2014,28.46,3.02,4.19,64.32,0.15
galkayo,20130414,6.77,47.43,7.2079,29.29,4.03,5.29,59.58,0.08
galkayo,20130415,6.77,47.43,7.0584,29.62,3.96,5.16,58.49,0.01
galkayo,20130416,6.77,47.43,7.1796,29.9,4.82,5.88,58.29,0.01
galkayo,20130417,6.77,47.43,7.0778,29.35,3.94,5.0,61.92,0.04
galkayo,20130418,6.77,47.43,6.983,28.77,3.44,4.65,61.47,0.01
galkayo,20130419,6.77,47.43,7.0531,30.54,3.63,4.77,54.74,0.03
galkayo,20130420,6.77,47.43,7.1923,30.5,4.0,5.36,55.47,0.1
galkayo,20130421,6.77,47.43,7.1215,28.69,3.74,5.4,68.93,20.87
galkayo,20130422,6.77,47.43,7.0558,26.7,3.76,5.48,81.06,19.71
galkayo,20130423,6.77,47.43,6.5062,26.18,3.14,4.73,84.99,23.97
galkayo,20130424,6.77,47.43,6.5741,26.8,2.4,3.79,81.14,16.66
galkayo,20130425,6.77,47.43,5.2644,25.81,3.66,5.17,85.65,12.63
galkayo,20130426,6.77,47.43,7.1923,26.25,3.24,4.81,79.34,7.46
galkayo,20130427,6.77,47.43,7.116,26.71,2.36,3.68,78.6,10.78
galkayo,20130428,6.77,47.43,7.0339,25.36,2.6,3.66,84.19,15.67
galkayo,20130429,6.77,47.43,7.4544,26.97,2.05,3.1,74.64,0.64
galkayo,20130430,6.77,47.43,7.1455,26.68,3.24,4.7,78.89,8.3
galkayo,20130501,6.77,47.43,6.792,26.54,3.37,4.94,72.39,4.78
galkayo,20130502,6.77,47.43,6.7723,26.36,3.58,5.22,79.54,8.69
galkayo,20130503,6.77,47.43,6.5345,25.94,3.65,5.51,82.49,4.74
galkayo,20130504,6.77,47.43,7.1246,27.22,3.42,5.08,75.54,2.03
galkayo,20130505,6.77,47.43,6.8942,27.12,2.91,4.48,77.56,6.04
galkayo,20130506,6.77,47.43,7.1009,26.95,3.78,5.64,77.54,1.06
galkayo,20130507,6.77,47.43,5.6597,25.75,4.94,7.05,81.5,1.44
galkayo,20130508,6.77,47.43,7.0963,26.76,5.21,7.34,74.64,0.83
galkayo,20130509,6.77,47.43,7.2154,26.61,4.69,6.84,75.51,0.98
galkayo,20130510,6.77,47.43,7.2763,27.35,4.27,6.24,73.52,0.93
galkayo,20130511,6.77,47.43,7.0385,25.76,4.56,6.2,84.99,3.02
galkayo,20130512,6.77,47.43,6.9919,26.14,5.98,8.12,76.42,0.57
galkayo,20130513,6.77,47.43,7.1921,26.72,6.52,8.47,73.07,0.43
galkayo,20130514,6.77,47.43,6.9667,26.9,7.6,9.98,68.79,0.12
galkayo,20130515,6.77,47.43,7.2434,26.48,7.4,9.72,65.1,0.12
galkayo,20130516,6.77,47.43,7.0942,26.61,6.85,9.02,68.31,0.02
galkayo,20130517,6.77,47.43,7.1407,27.14,7.36,9.71,66.78,0.04
galkayo,20130518,6.77,47.43,7.1686,27.77,7.07,9.19,65.79,0.04
galkayo,20130519,6.77,47.43,7.1693,27.47,7.21,9.31,63.49,0.06
galkayo,20130520,6.77,47.43,7.0658,27.31,6.83,8.87,65.66,0.03
galkayo,20130521,6.77,47.43,7.1196,27.76,7.11,9.28,61.73,0.01
galkayo,20130522,6.77,47.43,6.9024,27.5,7.17,9.39,61.74,0.02
galkayo,20130523,6.77,47.43,7.3368,27.96,6.78,9.12,59.61,0.01
galkayo,20130524,6.77,47.43,7.3692,27.98,6.47,8.77,57.47,0.0
galkayo,20130525,6.77,47.43,7.3536,27.61,6.66,9.05,54.15,0.0
galkayo,20130526,6.77,47.43,7.1777,28.7,6.98,9.3,58.48,0.04
galkayo,20130527,6.77,47.43,6.6451,28.89,7.74,9.87,61.69,0.05
galkayo,20130528,6.77,47.43,7.1174,27.91,6.51,8.8,58.21,0.02
galkayo,20130529,6.77,47.43,7.1446,28.74,5.69,7.72,58.38,0.03
galkayo,20130530,6.77,47.43,7.0162,28.34,6.49,8.23,64.65,0.09
galkayo,20130531,6.77,47.43,5.4629,27.89,6.73,8.53,64.59,0.12
galkayo,20130601,6.77,47.43,4.7926,25.05,6.04,7.55,72.43,0.09
galkayo,20130602,6.77,47.43,7.0469,27.5,7.44,9.68,57.56,0.03
galkayo,20130603,6.77,47.43,6.9785,27.35,7.74,10.03,53.59,0.0
galkayo,20130604,6.77,47.43,6.3641,27.06,8.05,10.35,56.63,0.02
galkayo,20130605,6.77,47.43,6.2635,26.95,8.05,10.37,55.64,0.0
galkayo,20130606,6.77,47.43,5.2512,26.87,8.23,10.51,59.24,0.02
galkayo,20130607,6.77,47.43,4.8694,26.69,8.64,11.01,57.71,0.0
galkayo,20130608,6.77,47.43,4.3428,26.94,8.96,11.41,58.27,0.0
galkayo,20130609,6.77,47.43,4.2115,27.4,7.82,10.03,57.86,0.03
galkayo,20130610,6.77,47.43,6.222,27.45,7.28,9.51,54.07,0.0
galkayo,20130611,6.77,47.43,6.0818,27.79,8.73,11.1,57.26,0.0
galkayo,20130612,6.77,47.43,5.5286,27.67,8.76,11.22,55.88,0.0
galkayo,20130613,6.77,47.43,6.4387,28.2,8.81,11.33,52.92,0.0
galkayo,20130614,6.77,47.43,5.9378,27.95,8.34,10.89,54.07,0.0
galkayo,20130615,6.77,47.43,5.8802,27.97,8.46,10.75,56.7,0.08
galkayo,20130616,6.77,47.43,5.2145,28.13,9.12,11.52,53.66,0.02
galkayo,20130617,6.77,47.43,4.9634,27.09,9.07,11.51,54.33,0.05
galkayo,20130618,6.77,47.43,3.9355,27.24,9.25,11.72,54.02,0.0
galkayo,20130619,6.77,47.43,5.5121,27.68,8.97,11.41,54.06,0.03
galkayo,20130620,6.77,47.43,5.2114,27.72,9.09,11.52,55.59,0.04
galkayo,20130621,6.77,47.43,5.3002,27.38,8.88,11.35,55.5,0.02
galkayo,20130622,6.77,47.43,5.5769,27.88,9.27,11.77,56.65,0.26
galkayo,20130623,6.77,47.43,6.6938,28.5,9.22,11.7,52.99,0.07
galkayo,20130624,6.77,47.43,6.415,28.07,9.41,11.81,57.31,0.34
galkayo,20130625,6.77,47.43,4.5252,27.18,8.54,10.81,58.22,0.3
galkayo,20130626,6.77,47.43,4.9092,27.37,7.74,9.91,54.9,0.09
galkayo,20130627,6.77,47.43,5.922,27.69,7.57,9.67,56.61,0.06
galkayo,20130628,6.77,47.43,6.1788,27.55,7.68,9.75,54.86,0.05
galkayo,20130629,6.77,47.43,6.8395,27.64,7.65,9.85,51.73,0.0
galkayo,20130630,6.77,47.43,6.6686,27.8,8.46,10.69,54.03,0.0
galkayo,20130701,6.77,47.43,6.6353,27.64,8.04,10.41,48.96,0.0
galkayo,20130702,6.77,47.43,6.2441,28.2,9.33,11.65,53.17,0.0
galkayo,20130703,6.77,47.43,6.301,27.37,8.83,11.25,53.71,0.0
galkayo,20130704,6.77,47.43,6.672,26.96,8.55,10.88,48.39,0.0
galkayo,20130705,6.77,47.43,6.8278,26.42,8.6,11.19,50.42,0.1
galkayo,20130706,6.77,47.43,4.8571,26.76,9.32,11.7,58.22,1.11
galkayo,20130707,6.77,47.43,6.0974,26.75,9.14,11.49,51.82,0.02
galkayo,20130708,6.77,47.43,6.6612,26.29,9.19,11.74,47.98,0.0
galkayo,20130709,6.77,47.43,5.2334,25.65,10.05,12.63,51.74,0.03
galkayo,20130710,6.77,47.43,3.3478,25.72,10.23,12.77,55.63,0.07
galkayo,20130711,6.77,47.43,2.6758,25.77,9.97,12.56,57.8,0.08
galkayo,20130712,6.77,47.43,3.5554,26.06,9.95,12.52,54.05,0.06
galkayo,20130713,6.77,47.43,3.7942,25.81,9.52,11.93,57.14,0.11
galkayo,20130714,6.77,47.43,5.7794,27.2,10.11,12.76,51.07,0.02
galkayo,20130715,6.77,47.43,4.2103,27.21,10.17,12.72,56.27,0.15
galkayo,20130716,6.77,47.43,5.4281,27.48,9.51,11.96,53.29,0.02
galkayo,20130717,6.77,47.43,5.2788,26.8,9.21,11.52,57.08,0.05
galkayo,20130718,6.77,47.43,6.1313,27.25,10.03,12.59,51.55,0.03
galkayo,20130719,6.77,47.43,6.3394,27.53,10.57,13.18,50.7,0.01
galkayo,20130720,6.77,47.43,4.0723,26.22,10.23,12.7,54.08,0.01
galkayo,20130721,6.77,47.43,4.2394,25.79,9.9,12.27,55.6,0.05
galkayo,20130722,6.77,47.43,5.0026,26.69,10.26,12.84,51.51,0.07
galkayo,20130723,6.77,47.43,4.7786,27.05,9.36,11.65,53.42,0.02
galkayo,20130724,6.77,47.43,5.5279,27.57,9.61,11.97,50.36,0.0
galkayo,20130725,6.77,47.43,6.0943,27.09,9.85,12.35,50.56,0.02
galkayo,20130726,6.77,47.43,5.8601,27.26,9.87,12.19,56.17,0.21
galkayo,20130727,6.77,47.43,5.593,26.32,8.71,10.96,56.91,0.04
galkayo,20130728,6.77,47.43,5.0434,27.56,8.24,10.32,51.25,0.02
galkayo,20130729,6.77,47.43,6.5194,27.9,8.37,10.63,48.36,0.0
galkayo,20130730,6.77,47.43,6.4987,28.46,8.9,11.18,49.45,0.06
galkayo,20130731,6.77,47.43,5.857,28.09,9.66,11.97,53.33,0.19
galkayo,20130801,6.77,47.43,7.0116,27.79,9.02,11.32,50.21,0.0
galkayo,20130802,6.77,47.43,6.5042,28.24,9.25,11.52,53.04,0.04
galkayo,20130803,6.77,47.43,5.3455,27.83,9.52,11.97,48.57,0.0
galkayo,20130804,6.77,47.43,7.1174,27.22,9.78,12.22,47.14,0.0
galkayo,20130805,6.77,47.43,7.0999,27.18,8.97,11.29,49.3,0.0
galkayo,20130806,6.77,47.43,6.9962,27.55,8.75,10.96,47.66,0.0
galkayo,20130807,6.77,47.43,7.1136,27.84,8.58,10.97,46.88,0.0
galkayo,20130808,6.77,47.43,4.937,27.86,8.85,10.85,55.87,0.06
galkayo,20130809,6.77,47.43,6.966,27.81,8.25,10.38,50.21,0.01
galkayo,20130810,6.77,47.43,6.882,28.0,8.44,10.53,53.4,0.01
galkayo,20130811,6.77,47.43,6.882,28.42,8.81,10.81,51.21,0.02
galkayo,20130812,6.77,47.43,7.1537,28.12,8.93,11.18,47.3,0.01
galkayo,20130813,6.77,47.43,7.223,28.43,8.8,10.94,46.56,0.0
galkayo,20130814,6.77,47.43,6.8714,28.44,8.14,10.19,49.38,0.0
galkayo,20130815,6.77,47.43,7.2989,28.52,7.68,9.54,50.55,0.01
galkayo,20130816,6.77,47.43,6.431,28.53,8.51,10.46,50.3,0.02
galkayo,20130817,6.77,47.43,7.0087,27.39,7.42,9.52,48.49,0.0
galkayo,20130818,6.77,47.43,6.9151,28.23,7.12,9.0,50.57,0.05
galkayo,20130819,6.77,47.43,6.2131,28.28,7.61,9.37,52.76,0.07
galkayo,20130820,6.77,47.43,6.9998,28.24,7.25,9.11,50.25,0.1
galkayo,20130821,6.77,47.43,7.3075,27.48,8.2,10.31,51.07,0.03
galkayo,20130822,6.77,47.43,6.8347,27.74,8.42,10.42,56.53,0.17
galkayo,20130823,6.77,47.43,7.0325,28.72,8.56,10.6,50.09,0.02
galkayo,20130824,6.77,47.43,7.1477,28.73,8.65,10.79,48.99,0.21
galkayo,20130825,6.77,47.43,6.5237,28.32,9.41,11.6,50.38,0.43
galkayo,20130826,6.77,47.43,7.2034,28.47,9.21,11.59,45.12,0.02
galkayo,20130827,6.77,47.43,6.1901,28.06,9.97,12.33,49.16,0.13
galkayo,20130828,6.77,47.43,6.3091,27.75,9.43,11.67,48.17,0.02
galkayo,20130829,6.77,47.43,7.187,28.23,8.47,10.6,46.27,0.01
galkayo,20130830,6.77,47.43,6.4447,28.89,8.2,10.23,48.18,0.0
galkayo,20130831,6.77,47.43,7.2936,29.26,7.4,9.33,47.56,0.17
galkayo,20130901,6.77,47.43,7.229,29.65,6.95,8.8,46.48,0.04
galkayo,20130902,6.77,47.43,7.0202,29.6,7.93,9.76,49.98,0.19
galkayo,20130903,6.77,47.43,5.7778,29.06,7.91,9.72,51.58,0.12
galkayo,20130904,6.77,47.43,7.1266,28.74,7.64,9.63,45.22,0.01
galkayo,20130905,6.77,47.43,7.3524,28.97,8.06,10.13,43.29,0.01
galkayo,20130906,6.77,47.43,7.2422,28.91,7.65,9.67,47.62,0.01
galkayo,20130907,6.77,47.43,7.2307,29.42,7.77,9.81,46.75,0.02
galkayo,20130908,6.77,47.43,6.7627,29.03,8.34,10.22,51.15,0.0
galkayo,20130909,6.77,47.43,7.1093,28.79,7.78,9.61,49.17,0.0
galkayo,20130910,6.77,47.43,7.3649,29.0,6.17,8.26,42.24,0.0
galkayo,20130911,6.77,47.43,7.4054,29.63,7.62,9.69,44.75,0.0
galkayo,20130912,6.77,47.43,6.761,29.74,7.75,9.7,50.19,0.0
galkayo,20130913,6.77,47.43,7.1412,30.02,7.45,9.19,50.68,0.01
galkayo,20130914,6.77,47.43,6.6845,30.16,7.05,8.72,50.7,0.03
galkayo,20130915,6.77,47.43,7.1717,29.38,7.58,9.36,49.1,0.01
galkayo,20130916,6.77,47.43,6.8208,28.76,7.32,9.41,51.54,0.0
galkayo,20130917,6.77,47.43,6.6079,27.96,7.54,9.61,50.72,0.0
galkayo,20130918,6.77,47.43,6.5458,28.75,7.14,9.16,48.42,0.03
galkayo,20130919,6.77,47.43,7.1086,29.29,6.94,8.93,48.37,0.12
galkayo,20130920,6.77,47.43,7.1921,29.91,6.56,8.61,46.63,0.07
galkayo,20130921,6.77,47.43,7.2202,30.81,7.0,8.86,43.95,0.04
galkayo,20130922,6.77,47.43,4.607,29.29,6.96,8.65,51.9,0.15
galkayo,20130923,6.77,47.43,5.6275,29.19,6.57,8.16,53.5,0.0
galkayo,20130924,6.77,47.43,6.8688,30.25,6.59,8.36,44.23,0.0
galkayo,20130925,6.77,47.43,6.8179,29.81,5.79,7.47,50.62,0.0
galkayo,20130926,6.77,47.43,6.1454,29.14,5.38,7.11,52.24,0.0
galkayo,20130927,6.77,47.43,6.5359,29.78,4.59,6.17,45.33,0.0
galkayo,20130928,6.77,47.43,7.181,30.07,4.91,6.09,51.63,0.3
galkayo,20130929,6.77,47.43,6.0043,29.82,5.0,6.14,52.4,0.21
galkayo,20130930,6.77,47.43,6.6986,29.99,4.68,6.0,49.03,0.46
galkayo,20131001,6.77,47.43,6.8189,30.18,4.99,6.27,50.08,0.72
galkayo,20131002,6.77,47.43,5.8726,30.1,6.42,7.9,51.7,0.79
galkayo,20131003,6.77,47.43,7.0138,30.12,5.44,6.94,50.54,0.07
galkayo,20131004,6.77,47.43,7.0116,29.82,5.83,7.22,53.68,0.15
galkayo,20131005,6.77,47.43,5.3494,28.53,6.78,8.32,59.86,0.36
galkayo,20131006,6.77,47.43,5.6554,28.75,6.63,8.11,59.12,0.37
galkayo,20131007,6.77,47.43,5.8716,26.63,6.83,8.24,67.2,0.26
galkayo,20131008,6.77,47.43,5.3995,27.45,4.35,5.68,59.88,0.88
galkayo,20131009,6.77,47.43,6.7927,28.62,3.45,5.01,53.12,2.04
galkayo,20131010,6.77,47.43,6.4726,28.1,3.36,4.58,60.65,1.97
galkayo,20131011,6.77,47.43,6.2249,27.7,3.39,4.53,64.46,1.81
galkayo,20131012,6.77,47.43,6.6034,28.25,3.0,4.07,62.68,0.9
galkayo,20131013,6.77,47.43,6.8736,27.55,4.05,5.53,61.11,0.56
galkayo,20131014,6.77,47.43,6.299,29.2,3.55,5.09,56.92,0.45
galkayo,20131015,6.77,47.43,6.1118,29.04,4.2,5.72,59.36,0.91
galkayo,20131016,6.77,47.43,5.9647,28.61,4.21,5.73,60.32,0.83
galkayo,20131017,6.77,47.43,4.8221,29.14,3.71,5.18,54.35,0.51
galkayo,20131018,6.77,47.43,6.1565,26.54,3.64,4.94,63.8,0.96
galkayo,20131019,6.77,47.43,6.3518,27.63,3.2,4.52,60.49,1.67
galkayo,20131020,6.77,47.43,6.4522,27.86,3.31,4.48,60.71,0.8
galkayo,20131021,6.77,47.43,6.1654,28.25,3.28,4.27,61.78,0.68
galkayo,20131022,6.77,47.43,6.1466,28.41,3.25,4.06,61.99,1.44
galkayo,20131023,6.77,47.43,5.8104,25.65,2.31,3.26,72.79,1.82
galkayo,20131024,6.77,47.43,6.3074,26.63,2.5,3.23,65.75,2.11
galkayo,20131025,6.77,47.43,6.6022,27.15,2.59,3.77,60.68,0.74
galkayo,20131026,6.77,47.43,6.9994,27.01,2.82,4.04,55.19,0.34
galkayo,20131027,6.77,47.43,6.8678,27.56,2.65,3.81,52.45,0.05
galkayo,20131028,6.77,47.43,6.4078,27.95,3.19,4.3,57.12,0.3
galkayo,20131029,6.77,47.43,6.5436,28.37,3.51,4.49,59.44,0.52
galkayo,20131030,6.77,47.43,6.1462,28.31,4.19,5.11,59.65,0.8
galkayo,20131031,6.77,47.43,6.2683,27.94,4.49,5.59,58.48,0.43
galkayo,20131101,6.77,47.43,6.7118,28.39,5.25,6.46,58.48,0.05
galkayo,20131102,6.77,47.43,6.4697,27.45,5.27,6.46,65.99,6.51
galkayo,20131103,6.77,47.43,5.9064,26.12,4.72,6.26,76.66,32.45
galkayo,20131104,6.77,47.43,5.8973,24.58,3.52,5.14,88.35,43.96
galkayo,20131105,6.77,47.43,4.9474,24.03,2.79,4.42,89.14,24.57
galkayo,20131106,6.77,47.43,5.6686,24.25,3.97,6.02,82.41,6.14
galkayo,20131107,6.77,47.43,6.5784,25.54,4.04,5.96,75.1,0.01
galkayo,20131108,6.77,47.43,6.7068,23.9,2.72,4.37,72.97,0.04
galkayo,20131109,6.77,47.43,5.8934,23.87,2.45,3.48,79.21,1.78
galkayo,20131110,6.77,47.43,5.8534,25.75,2.43,3.84,71.1,0.7
galkayo,20131111,6.77,47.43,5.2195,26.43,3.35,4.78,67.55,0.39
galkayo,20131112,6.77,47.43,3.7567,24.83,2.62,3.98,84.27,21.85
galkayo,20131113,6.77,47.43,6.4414,24.88,2.72,4.15,84.91,12.62
galkayo,20131114,6.77,47.43,6.4428,25.37,3.65,5.16,81.2,5.38
galkayo,20131115,6.77,47.43,6.4075,25.02,4.0,5.74,80.0,4.78
galkayo,20131116,6.77,47.43,6.5304,25.07,3.21,4.71,77.23,3.26
galkayo,20131117,6.77,47.43,6.6756,25.34,3.49,5.04,75.09,0.03
galkayo,20131118,6.77,47.43,6.5825,24.75,4.12,5.77,73.77,0.02
galkayo,20131119,6.77,47.43,6.7426,24.24,4.26,6.2,72.87,0.0
galkayo,20131120,6.77,47.43,6.6118,24.77,3.44,5.17,73.01,0.0
galkayo,20131121,6.77,47.43,6.6326,25.68,2.85,4.45,72.68,0.01
galkayo,20131122,6.77,47.43,6.21,25.87,2.97,4.54,73.85,0.0
galkayo,20131123,6.77,47.43,6.4733,25.96,3.76,5.41,71.76,0.0
galkayo,20131124,6.77,47.43,6.4106,26.13,5.18,7.0,69.92,0.0
galkayo,20131125,6.77,47.43,6.3655,25.44,5.63,7.6,69.52,0.0
galkayo,20131126,6.77,47.43,6.589,24.54,5.21,7.47,65.12,0.0
galkayo,20131127,6.77,47.43,6.5525,24.5,5.09,7.3,63.8,0.0
galkayo,20131128,6.77,47.43,6.3684,24.73,4.54,6.53,62.92,0.0
galkayo,20131129,6.77,47.43,6.5806,23.71,4.48,6.77,58.02,0.0
galkayo,20131130,6.77,47.43,6.6442,23.65,4.7,7.16,60.32,0.0
galkayo,20131201,6.77,47.43,6.63,25.29,5.31,7.61,62.5,0.0
galkayo,20131202,6.77,47.43,6.1759,25.71,5.3,7.52,63.11,0.01
galkayo,20131203,6.77,47.43,6.6019,24.44,4.59,6.8,60.05,0.0
galkayo,20131204,6.77,47.43,6.7994,23.94,4.13,6.22,59.67,0.0
galkayo,20131205,6.77,47.43,6.7966,24.03,4.24,6.21,63.19,0.0
galkayo,20131206,6.77,47.43,6.7462,24.28,4.01,5.91,64.03,0.0
galkayo,20131207,6.77,47.43,6.6137,24.64,4.0,5.91,64.12,0.0
galkayo,20131208,6.77,47.43,6.6019,24.87,4.01,6.07,62.21,0.0
galkayo,20131209,6.77,47.43,6.7006,24.57,4.02,6.06,59.46,0.0
galkayo,20131210,6.77,47.43,6.6497,24.1,3.94,5.73,64.32,0.0
galkayo,20131211,6.77,47.43,6.5935,24.13,3.99,5.87,62.89,0.0
galkayo,20131212,6.77,47.43,6.5657,24.41,4.87,7.13,58.97,0.0
galkayo,20131213,6.77,47.43,6.2335,24.96,5.07,7.02,61.99,0.0
galkayo,20131214,6.77,47.43,6.3576,25.19,4.96,6.89,62.2,0.0
galkayo,20131215,6.77,47.43,6.643,24.69,4.15,5.98,59.7,0.0
galkayo,20131216,6.77,47.43,6.5376,24.46,4.35,6.4,58.72,0.0
galkayo,20131217,6.77,47.43,6.5194,24.96,4.71,6.86,57.58,0.0
galkayo,20131218,6.77,47.43,6.251,25.91,5.43,7.37,57.39,0.0
galkayo,20131219,6.77,47.43,6.3665,25.83,5.38,7.31,55.27,0.0
galkayo,20131220,6.77,47.43,6.2662,25.17,5.82,8.1,54.61,0.0
galkayo,20131221,6.77,47.43,6.4541,24.35,5.57,7.99,53.21,0.0
galkayo,20131222,6.77,47.43,6.4591,23.94,5.66,7.96,53.96,0.0
galkayo,20131223,6.77,47.43,6.2707,24.38,5.57,7.78,56.25,0.0
galkayo,20131224,6.77,47.43,5.8298,25.02,6.76,9.04,56.07,0.0
galkayo,20131225,6.77,47.43,6.2321,25.31,7.48,9.75,58.21,0.0
galkayo,20131226,6.77,47.43,6.0593,25.33,6.84,9.17,52.67,0.0
galkayo,20131227,6.77,47.43,6.2678,24.77,5.98,8.1,49.94,0.0
galkayo,20131228,6.77,47.43,6.294,24.28,5.85,7.97,51.89,0.0
galkayo,20131229,6.77,47.43,6.5122,23.8,5.31,7.46,52.68,0.0
galkayo,20131230,6.77,47.43,6.6096,23.98,5.26,7.26,60.64,0.0
galkayo,20131231,6.77,47.43,6.4786,24.54,5.22,7.08,61.25,0.0
galkayo,20140101,6.77,47.43,6.635,24.77,5.17,7.04,59.54,0.0
galkayo,20140102,6.77,47.43,6.5393,24.97,5.69,7.65,58.3,0.0
galkayo,20140103,6.77,47.43,6.672,24.38,5.67,7.84,55.57,0.0
galkayo,20140104,6.77,47.43,6.5748,24.52,5.99,8.13,54.62,0.0
galkayo,20140105,6.77,47.43,6.4313,25.16,5.87,7.76,56.38,0.0
galkayo,20140106,6.77,47.43,6.5309,24.21,4.56,6.33,58.49,0.0
galkayo,20140107,6.77,47.43,6.6336,25.05,4.87,6.41,61.47,0.0
galkayo,20140108,6.77,47.43,6.6725,25.69,5.63,7.47,54.43,0.0
galkayo,20140109,6.77,47.43,6.5614,24.91,6.61,8.75,56.16,0.0
galkayo,20140110,6.77,47.43,6.6461,24.94,5.98,7.86,56.24,0.0
galkayo,20140111,6.77,47.43,6.6554,24.79,4.94,6.68,56.62,0.0
galkayo,20140112,6.77,47.43,6.6545,25.61,5.41,7.04,61.0,0.0
galkayo,20140113,6.77,47.43,6.665,25.21,6.19,8.18,51.78,0.0
galkayo,20140114,6.77,47.43,6.503,24.44,7.0,9.3,53.35,0.0
galkayo,20140115,6.77,47.43,6.462,24.52,6.1,8.22,55.96,0.0
galkayo,20140116,6.77,47.43,6.6497,24.26,5.21,7.22,53.94,0.0
galkayo,20140117,6.77,47.43,6.7819,24.72,5.5,7.47,54.8,0.0
galkayo,20140118,6.77,47.43,6.8798,23.83,4.57,6.38,55.39,0.0
galkayo,20140119,6.77,47.43,6.8256,24.51,4.06,5.61,58.84,0.0
galkayo,20140120,6.77,47.43,6.7121,25.2,5.83,7.86,54.48,0.0
galkayo,20140121,6.77,47.43,6.7673,24.34,5.92,8.12,50.74,0.0
galkayo,20140122,6.77,47.43,6.863,23.64,6.06,8.29,49.37,0.0
galkayo,20140123,6.77,47.43,6.835,23.42,6.04,8.24,53.43,0.0
galkayo,20140124,6.77,47.43,6.853,24.33,5.77,7.57,59.58,0.0
galkayo,20140125,6.77,47.43,6.8218,24.79,5.2,6.96,54.04,0.0
galkayo,20140126,6.77,47.43,6.8784,25.23,4.98,6.6,57.29,0.0
galkayo,20140127,6.77,47.43,6.8647,25.78,5.56,7.11,56.64,0.0
galkayo,20140128,6.77,47.43,6.8194,25.92,4.95,6.41,57.15,0.0
galkayo,20140129,6.77,47.43,6.0876,26.46,4.99,6.44,59.16,0.0
galkayo,20140130,6.77,47.43,6.7243,26.16,5.2,6.7,57.96,0.0
galkayo,20140131,6.77,47.43,6.7985,25.67,4.56,6.12,57.5,0.0
galkayo,20140201,6.77,47.43,6.9691,25.28,5.03,6.91,54.9,0.0
galkayo,20140202,6.77,47.43,7.0565,25.13,5.87,7.65,56.82,0.0
galkayo,20140203,6.77,47.43,7.0457,25.66,5.91,7.52,57.65,0.0
galkayo,20140204,6.77,47.43,6.991,25.96,5.37,6.98,57.81,0.0
galkayo,20140205,6.77,47.43,6.9336,26.35,5.2,6.82,56.91,0.0
galkayo,20140206,6.77,47.43,6.3936,26.51,5.72,7.27,56.15,0.0
galkayo,20140207,6.77,47.43,6.8045,26.81,6.01,7.65,55.87,0.0
galkayo,20140208,6.77,47.43,6.853,26.12,6.04,7.61,55.84,0.0
galkayo,20140209,6.77,47.43,7.0248,25.61,5.83,7.4,56.06,0.0
galkayo,20140210,6.77,47.43,6.3158,25.41,6.6,8.33,55.56,0.0
galkayo,20140211,6.77,47.43,6.804,25.18,6.57,8.4,55.2,0.0
galkayo,20140212,6.77,47.43,6.6859,25.56,5.66,7.2,56.35,0.0
galkayo,20140213,6.77,47.43,6.3914,26.34,6.35,7.84,55.83,0.01
galkayo,20140214,6.77,47.43,5.4434,26.61,7.08,8.69,55.91,0.05
galkayo,20140215,6.77,47.43,6.9758,25.98,5.94,7.68,47.19,0.0
galkayo,20140216,6.77,47.43,7.1734,24.67,5.94,7.81,49.18,0.0
galkayo,20140217,6.77,47.43,7.1863,25.31,5.31,6.97,57.23,0.0
galkayo,20140218,6.77,47.43,7.3471,26.24,5.62,7.14,56.73,0.0
galkayo,20140219,6.77,47.43,7.2415,26.59,7.0,8.93,51.49,0.0
galkayo,20140220,6.77,47.43,7.1575,25.86,7.67,9.56,53.8,0.0
galkayo,20140221,6.77,47.43,7.115,25.7,6.39,8.13,51.9,0.0
galkayo,20140222,6.77,47.43,7.0166,25.55,6.08,7.68,53.21,0.0
galkayo,20140223,6.77,47.43,7.1035,25.62,6.23,7.72,54.51,0.0
galkayo,20140224,6.77,47.43,7.2293,25.69,5.86,7.14,57.48,0.0
galkayo,20140225,6.77,47.43,7.41,26.32,6.14,7.55,57.37,0.0
galkayo,20140226,6.77,47.43,7.0339,26.5,6.0,7.43,54.51,0.0
galkayo,20140227,6.77,47.43,7.2797,26.39,5.34,6.85,54.43,0.0
galkayo,20140228,6.77,47.43,7.4964,26.55,5.97,7.55,54.0,0.0
galkayo,20140301,6.77,47.43,7.5305,26.12,5.71,7.13,52.52,0.0
galkayo,20140302,6.77,47.43,7.1393,27.04,5.27,6.51,57.82,0.0
galkayo,20140303,6.77,47.43,7.1359,27.83,5.25,6.45,56.41,0.0
galkayo,20140304,6.77,47.43,7.2487,27.43,6.17,7.44,55.37,0.0
galkayo,20140305,6.77,47.43,7.5221,26.94,6.16,7.6,51.98,0.0
galkayo,20140306,6.77,47.43,7.4911,26.97,6.84,8.41,51.62,0.0
galkayo,20140307,6.77,47.43,7.3541,27.01,6.66,8.11,54.37,0.0
galkayo,20140308,6.77,47.43,7.4964,27.06,6.13,7.62,51.37,0.0
galkayo,20140309,6.77,47.43,7.555,26.58,6.01,7.38,52.2,0.0
galkayo,20140310,6.77,47.43,7.4297,27.15,5.82,7.12,55.63,0.0
galkayo,20140311,6.77,47.43,6.961,28.44,5.57,6.81,55.6,0.0
galkayo,20140312,6.77,47.43,6.7466,28.88,6.22,7.42,56.99,0.05
galkayo,20140313,6.77,47.43,6.6955,28.96,5.62,6.64,59.46,0.18
galkayo,20140314,6.77,47.43,6.3948,28.62,5.21,6.26,59.47,0.12
galkayo,20140315,6.77,47.43,6.7421,28.76,5.94,7.08,59.7,0.5
galkayo,20140316,6.77,47.43,7.193,28.46,6.41,7.76,56.63,0.02
galkayo,20140317,6.77,47.43,7.5274,28.11,6.77,8.34,54.7,0.01
galkayo,20140318,6.77,47.43,7.4858,27.67,7.75,9.65,52.65,0.0
galkayo,20140319,6.77,47.43,7.5036,26.78,6.62,8.32,56.74,0.0
galkayo,20140320,6.77,47.43,7.4162,27.3,5.97,7.41,53.62,0.01
galkayo,20140321,6.77,47.43,6.9362,28.09,5.65,6.86,55.06,0.08
galkayo,20140322,6.77,47.43,7.1095,29.44,4.87,5.93,56.59,0.11
galkayo,20140323,6.77,47.43,6.8242,30.11,5.08,6.06,56.17,0.01
galkayo,20140324,6.77,47.43,6.1591,29.94,6.08,7.24,58.49,0.32
galkayo,20140325,6.77,47.43,7.056,29.58,6.73,8.04,59.15,0.32
galkayo,20140326,6.77,47.43,7.3464,29.24,5.8,6.92,54.16,0.0
galkayo,20140327,6.77,47.43,7.2749,28.52,6.03,7.24,55.98,0.0
galkayo,20140328,6.77,47.43,7.4419,28.61,6.21,7.52,58.99,0.0
galkayo,20140329,6.77,47.43,7.427,28.94,6.0,7.31,54.62,0.0
galkayo,20140330,6.77,47.43,7.4246,28.28,6.43,7.84,54.37,0.0
galkayo,20140331,6.77,47.43,7.2547,28.8,5.37,6.6,55.53,0.0
galkayo,20140401,6.77,47.43,6.9689,29.5,4.59,5.63,55.13,0.59
galkayo,20140402,6.77,47.43,7.1122,29.74,4.87,5.81,57.35,0.07
galkayo,20140403,6.77,47.43,7.1935,29.86,5.1,6.17,55.74,0.59
galkayo,20140404,6.77,47.43,7.3265,29.86,4.3,5.24,54.54,0.06
galkayo,20140405,6.77,47.43,7.451,29.5,4.8,5.74,55.21,0.09
galkayo,20140406,6.77,47.43,7.746,28.36,5.9,7.36,51.27,0.08
galkayo,20140407,6.77,47.43,7.6032,27.91,5.72,7.27,56.29,0.08
galkayo,20140408,6.77,47.43,7.4594,28.52,5.78,7.12,55.79,0.15
galkayo,20140409,6.77,47.43,7.3891,28.77,5.45,6.64,57.5,1.14
galkayo,20140410,6.77,47.43,7.3418,28.7,5.07,6.17,57.44,0.88
galkayo,20140411,6.77,47.43,7.0003,28.77,4.61,5.63,58.64,0.92
galkayo,20140412,6.77,47.43,6.5141,28.86,4.08,5.17,60.18,5.07
galkayo,20140413,6.77,47.43,6.7615,28.08,3.57,4.86,65.5,7.27
galkayo,20140414,6.77,47.43,7.2214,28.0,3.95,5.25,65.21,5.74
galkayo,20140415,6.77,47.43,6.5678,28.02,4.32,5.76,64.28,1.94
galkayo,20140416,6.77,47.43,7.5024,28.23,4.04,5.54,59.8,0.85
galkayo,20140417,6.77,47.43,7.0682,28.73,4.09,5.43,62.18,1.86
galkayo,20140418,6.77,47.43,6.8633,28.89,4.2,5.44,61.53,0.66
galkayo,20140419,6.77,47.43,7.2269,28.79,3.97,5.18,60.47,0.72
galkayo,20140420,6.77,47.43,7.4465,29.24,2.97,4.29,54.99,0.07
galkayo,20140421,6.77,47.43,7.2346,29.89,3.52,4.83,55.8,0.0
galkayo,20140422,6.77,47.43,7.3387,29.58,4.63,5.87,57.38,0.01
galkayo,20140423,6.77,47.43,7.4702,29.41,5.37,6.64,57.46,0.0
galkayo,20140424,6.77,47.43,7.1837,29.77,5.18,6.38,55.15,0.02
galkayo,20140425,6.77,47.43,6.7286,29.82,4.69,5.72,56.93,0.01
galkayo,20140426,6.77,47.43,7.0522,30.49,3.99,5.07,53.1,0.02
galkayo,20140427,6.77,47.43,7.0078,30.84,4.11,5.21,52.83,0.25
galkayo,20140428,6.77,47.43,6.8086,30.36,3.5,4.57,53.95,0.22
galkayo,20140429,6.77,47.43,7.211,30.74,3.39,4.46,52.9,0.26
galkayo,20140430,6.77,47.43,7.3301,31.53,3.6,4.68,50.23,0.04
galkayo,20140501,6.77,47.43,7.2163,31.66,3.67,4.92,50.23,0.01
galkayo,20140502,6.77,47.43,7.1239,32.11,3.64,4.76,49.36,0.32
galkayo,20140503,6.77,47.43,6.3509,31.41,4.26,5.72,50.82,1.16
galkayo,20140504,6.77,47.43,5.5354,29.64,5.43,6.82,58.8,1.44
galkayo,20140505,6.77,47.43,6.4728,29.56,3.6,4.97,57.51,0.67
galkayo,20140506,6.77,47.43,6.1469,29.63,3.86,4.96,61.24,3.02
galkayo,20140507,6.77,47.43,6.7536,28.21,3.67,4.96,67.26,6.13
galkayo,20140508,6.77,47.43,6.5429,28.42,3.22,4.5,66.2,4.05
galkayo,20140509,6.77,47.43,6.7738,28.09,2.56,3.53,69.14,2.17
galkayo,20140510,6.77,47.43,5.2541,27.95,3.76,5.25,68.67,5.11
galkayo,20140511,6.77,47.43,6.5988,28.32,3.99,5.55,65.82,1.22
galkayo,20140512,6.77,47.43,5.2886,28.84,3.2,4.52,64.92,0.35
galkayo,20140513,6.77,47.43,6.9646,28.37,3.79,5.53,67.47,1.03
galkayo,20140514,6.77,47.43,7.0409,28.82,4.25,6.08,63.59,0.77
galkayo,20140515,6.77,47.43,5.6064,28.4,5.45,7.45,65.57,0.96
galkayo,20140516,6.77,47.43,5.729,28.08,5.4,7.46,63.9,0.66
galkayo,20140517,6.77,47.43,6.5467,28.87,4.45,6.26,62.0,0.82
galkayo,20140518,6.77,47.43,6.9456,29.05,4.26,6.12,59.31,0.88
galkayo,20140519,6.77,47.43,6.4145,28.4,5.5,7.24,60.52,1.2
galkayo,20140520,6.77,47.43,6.6413,28.16,5.27,6.87,61.19,1.02
galkayo,20140521,6.77,47.43,5.9208,28.8,5.48,7.13,58.42,0.14
galkayo,20140522,6.77,47.43,5.9208,29.44,5.62,7.5,56.5,0.19
galkayo,20140523,6.77,47.43,6.6648,29.88,6.62,8.79,53.39,0.17
galkayo,20140524,6.77,47.43,7.0435,30.25,7.03,9.24,50.78,0.08
galkayo,20140525,6.77,47.43,6.9367,29.3,7.55,9.35,52.17,0.08
galkayo,20140526,6.77,47.43,6.965,28.83,7.61,9.74,55.26,0.08
galkayo,20140527,6.77,47.43,6.7565,29.35,6.56,8.45,52.88,0.07
galkayo,20140528,6.77,47.43,6.3631,28.62,5.39,7.17,56.4,0.04
galkayo,20140529,6.77,47.43,6.083,30.01,4.99,6.75,49.22,0.06
galkayo,20140530,6.77,47.43,6.7327,29.95,6.12,7.98,49.49,0.04
galkayo,20140531,6.77,47.43,6.8945,29.53,6.17,8.19,50.23,0.44
galkayo,20140601,6.77,47.43,6.966,30.15,6.67,8.62,44.4,0.92
galkayo,20140602,6.77,47.43,6.8474,30.29,7.03,9.14,49.7,0.42
galkayo,20140603,6.77,47.43,6.7195,30.38,6.29,8.26,53.75,0.75
galkayo,20140604,6.77,47.43,6.5746,29.67,6.07,7.88,57.44,0.81
galkayo,20140605,6.77,47.43,5.0813,29.08,7.22,9.14,58.61,0.04
galkayo,20140606,6.77,47.43,6.457,28.8,7.53,9.34,52.32,0.01
galkayo,20140607,6.77,47.43,7.0826,30.09,7.56,9.74,46.6,0.01
galkayo,20140608,6.77,47.43,7.043,29.46,8.36,10.64,49.52,0.0
galkayo,20140609,6.77,47.43,6.6396,29.54,9.16,11.63,44.64,0.0
galkayo,20140610,6.77,47.43,6.7716,29.44,8.45,10.72,47.87,0.0
galkayo,20140611,6.77,47.43,6.5914,29.96,9.5,11.95,48.1,0.01
galkayo,20140612,6.77,47.43,5.1211,29.06,10.11,12.64,52.64,0.13
galkayo,20140613,6.77,47.43,4.6032,28.5,9.07,11.43,49.88,0.07
galkayo,20140614,6.77,47.43,6.2741,29.09,8.3,10.59,46.06,0.0
galkayo,20140615,6.77,47.43,6.6535,29.43,7.33,9.39,46.98,0.0
galkayo,20140616,6.77,47.43,6.697,30.02,7.22,9.2,46.5,0.0
galkayo,20140617,6.77,47.43,6.8738,29.89,7.21,9.15,45.85,0.0
galkayo,20140618,6.77,47.43,6.7822,29.48,7.49,9.63,45.01,0.0
galkayo,20140619,6.77,47.43,6.8681,29.15,7.69,9.87,47.62,0.01
galkayo,20140620,6.77,47.43,6.8393,28.95,8.12,10.36,47.0,0.0
galkayo,20140621,6.77,47.43,5.7566,28.91,8.95,11.25,50.39,0.04
galkayo,20140622,6.77,47.43,6.6322,28.65,9.28,11.62,49.76,0.0
galkayo,20140623,6.77,47.43,6.923,29.2,9.09,11.51,45.94,0.01
galkayo,20140624,6.77,47.43,6.5107,29.5,9.73,12.16,47.04,0.01
galkayo,20140625,6.77,47.43,6.2599,29.14,9.58,12.04,48.12,0.0
galkayo,20140626,6.77,47.43,6.8542,29.43,9.32,11.65,47.37,0.0
galkayo,20140627,6.77,47.43,5.8896,29.04,8.69,10.89,49.35,0.05
galkayo,20140628,6.77,47.43,5.6462,29.28,8.57,10.73,49.25,0.06
galkayo,20140629,6.77,47.43,4.8533,28.82,8.45,10.68,45.74,0.28
galkayo,20140630,6.77,47.43,5.9136,29.06,9.26,11.53,50.36,0.0
galkayo,20140701,6.77,47.43,6.5666,29.11,9.55,11.89,50.16,0.03
galkayo,20140702,6.77,47.43,6.1418,28.8,9.63,11.97,51.55,0.05
galkayo,20140703,6.77,47.43,6.4697,28.67,9.25,11.65,46.87,0.02
galkayo,20140704,6.77,47.43,6.965,28.32,9.96,12.65,43.52,0.0
galkayo,20140705,6.77,47.43,6.8165,28.56,8.71,11.05,47.53,0.0
galkayo,20140706,6.77,47.43,6.3583,28.99,8.57,10.73,44.62,0.0
galkayo,20140707,6.77,47.43,6.0132,29.12,8.89,11.11,45.83,0.0
galkayo,20140708,6.77,47.43,4.4669,28.14,8.68,10.83,49.93,0.01
galkayo,20140709,6.77,47.43,5.8018,28.29,8.85,11.03,49.15,0.0
galkayo,20140710,6.77,47.43,4.9145,27.13,9.46,11.77,50.37,0.0
galkayo,20140711,6.77,47.43,5.0366,27.65,9.19,11.45,50.56,0.0
galkayo,20140712,6.77,47.43,5.4905,28.78,9.11,11.42,49.13,0.0
galkayo,20140713,6.77,47.43,6.3672,28.99,9.93,12.26,49.84,0.0
galkayo,20140714,6.77,47.43,5.4269,28.85,9.78,12.16,47.1,0.0
galkayo,20140715,6.77,47.43,6.7759,29.07,9.34,11.65,45.85,0.01
galkayo,20140716,6.77,47.43,6.6516,28.83,9.17,11.63,44.39,0.0
galkayo,20140717,6.77,47.43,6.7853,27.88,9.51,11.94,47.3,0.01
galkayo,20140718,6.77,47.43,6.8196,28.56,9.12,11.48,44.51,0.01
galkayo,20140719,6.77,47.43,6.8422,29.04,8.78,11.18,44.13,0.0
galkayo,20140720,6.77,47.43,6.6912,29.74,9.21,11.48,43.68,0.0
galkayo,20140721,6.77,47.43,4.5547,28.68,9.44,11.79,47.12,0.03
galkayo,20140722,6.77,47.43,5.7593,28.23,9.35,11.64,49.66,0.01
galkayo,20140723,6.77,47.43,6.0026,28.88,9.2,11.44,47.27,0.01
galkayo,20140724,6.77,47.43,5.2634,28.77,9.47,11.68,49.16,0.04
galkayo,20140725,6.77,47.43,4.8826,28.57,9.2,11.27,52.49,0.16
galkayo,20140726,6.77,47.43,5.9904,28.39,8.14,10.02,48.32,0.13
galkayo,20140727,6.77,47.43,6.7339,28.69,7.52,9.32,49.32,0.12
galkayo,20140728,6.77,47.43,6.7147,29.31,7.99,9.95,46.97,0.01
galkayo,20140729,6.77,47.43,6.5844,29.0,9.45,11.79,47.58,0.1
galkayo,20140730,6.77,47.43,6.7262,29.13,9.62,11.79,50.73,0.02
galkayo,20140731,6.77,47.43,6.786,29.06,9.17,11.42,44.18,0.0
galkayo,20140801,6.77,47.43,6.1896,28.68,9.5,11.65,49.44,0.0
galkayo,20140802,6.77,47.43,6.8914,28.94,9.85,12.15,44.98,0.0
galkayo,20140803,6.77,47.43,6.9007,28.47,9.56,11.82,48.8,0.0
galkayo,20140804,6.77,47.43,7.129,27.43,9.28,11.88,46.3,0.0
galkayo,20140805,6.77,47.43,5.269,27.95,9.74,12.03,52.72,0.0
galkayo,20140806,6.77,47.43,5.1096,28.53,9.49,11.72,49.92,0.0
galkayo,20140807,6.77,47.43,4.6562,28.17,9.12,11.32,49.63,0.0
galkayo,20140808,6.77,47.43,6.7992,29.16,9.86,12.22,44.92,0.0
galkayo,20140809,6.77,47.43,5.8903,28.05,9.56,11.84,49.11,0.01
galkayo,20140810,6.77,47.43,5.8097,27.89,8.32,10.36,49.99,0.01
galkayo,20140811,6.77,47.43,5.6782,28.81,8.85,11.01,48.55,0.02
galkayo,20140812,6.77,47.43,5.2298,27.52,9.73,11.9,54.86,0.08
galkayo,20140813,6.77,47.43,5.4106,27.15,9.15,11.26,54.87,0.03
galkayo,20140814,6.77,47.43,5.4235,28.28,8.97,11.1,50.32,0.26
galkayo,20140815,6.77,47.43,7.075,28.76,8.76,11.05,46.07,0.42
galkayo,20140816,6.77,47.43,6.2386,28.43,9.7,11.92,50.91,0.41
galkayo,20140817,6.77,47.43,5.862,28.12,10.06,12.31,50.72,0.6
galkayo,20140818,6.77,47.43,5.652,27.98,8.98,11.06,51.39,0.09
galkayo,20140819,6.77,47.43,6.191,27.97,8.31,10.2,50.51,0.1
galkayo,20140820,6.77,47.43,7.2415,28.08,7.74,9.76,46.99,0.06
galkayo,20140821,6.77,47.43,6.803,28.49,7.92,9.79,49.23,0.09
galkayo,20140822,6.77,47.43,7.356,28.58,8.0,9.98,46.99,0.03
galkayo,20140823,6.77,47.43,7.1134,28.59,7.55,9.38,50.91,0.06
galkayo,20140824,6.77,47.43,7.3942,29.85,7.45,9.31,45.24,0.0
galkayo,20140825,6.77,47.43,7.307,29.46,7.2,9.0,47.35,0.0
galkayo,20140826,6.77,47.43,7.1266,29.7,7.06,9.0,46.23,0.0
galkayo,20140827,6.77,47.43,7.1453,30.42,7.93,9.86,46.78,0.03
galkayo,20140828,6.77,47.43,7.1726,30.1,7.53,9.37,49.07,0.0
galkayo,20140829,6.77,47.43,6.9029,30.0,8.37,10.23,50.45,0.02
galkayo,20140830,6.77,47.43,6.4838,29.38,8.63,10.53,49.08,0.01
galkayo,20140831,6.77,47.43,7.2202,29.52,8.71,10.77,45.8,0.0
galkayo,20140901,6.77,47.43,7.147,29.65,8.85,11.25,42.17,0.0
galkayo,20140902,6.77,47.43,6.8827,29.23,9.22,11.51,44.91,0.0
galkayo,20140903,6.77,47.43,6.3737,29.05,8.78,10.76,49.46,0.06
galkayo,20140904,6.77,47.43,6.0158,28.05,8.47,10.57,51.64,0.22
galkayo,20140905,6.77,47.43,6.8681,27.97,8.17,10.18,49.3,0.11
galkayo,20140906,6.77,47.43,6.9814,29.06,8.14,10.13,48.47,0.09
galkayo,20140907,6.77,47.43,7.4038,28.77,7.6,9.77,44.06,0.0
galkayo,20140908,6.77,47.43,6.9852,29.66,7.87,9.93,47.22,0.22
galkayo,20140909,6.77,47.43,7.0764,30.11,8.52,10.61,46.14,0.23
galkayo,20140910,6.77,47.43,7.2259,30.3,7.98,10.09,44.7,0.14
galkayo,20140911,6.77,47.43,6.5074,29.42,7.71,9.45,52.69,0.6
galkayo,20140912,6.77,47.43,6.5573,28.98,7.13,8.66,53.3,0.62
galkayo,20140913,6.77,47.43,5.7554,28.76,6.45,7.92,55.94,0.07
galkayo,20140914,6.77,47.43,7.0399,29.79,5.64,7.2,49.36,0.05
galkayo,20140915,6.77,47.43,7.4525,30.82,6.25,7.93,43.12,0.04
galkayo,20140916,6.77,47.43,7.3668,30.69,7.53,9.35,46.36,0.03
galkayo,20140917,6.77,47.43,5.2654,30.2,7.38,9.26,49.51,0.08
galkayo,20140918,6.77,47.43,7.0303,29.84,7.59,9.2,52.61,0.0
galkayo,20140919,6.77,47.43,5.3143,29.41,7.04,8.63,52.86,0.0
galkayo,20140920,6.77,47.43,6.198,28.15,6.26,7.71,54.95,0.0
galkayo,20140921,6.77,47.43,7.007,29.46,7.1,8.81,50.16,0.0
galkayo,20140922,6.77,47.43,7.0334,29.84,8.07,10.03,48.19,0.0
galkayo,20140923,6.77,47.43,6.3458,28.26,7.12,9.03,54.46,0.21
galkayo,20140924,6.77,47.43,6.9732,29.91,6.87,8.78,46.86,0.36
galkayo,20140925,6.77,47.43,6.8335,28.37,6.88,8.85,45.98,0.14
galkayo,20140926,6.77,47.43,6.035,29.32,6.58,8.25,50.09,0.39
galkayo,20140927,6.77,47.43,6.7675,29.36,6.19,7.8,50.86,0.22
galkayo,20140928,6.77,47.43,6.7464,29.28,5.34,6.67,53.16,1.92
galkayo,20140929,6.77,47.43,6.809,29.15,4.61,5.75,55.11,2.77
galkayo,20140930,6.77,47.43,6.7692,27.87,4.58,6.03,66.7,15.36
galkayo,20141001,6.77,47.43,6.0566,26.78,3.59,4.69,72.64,27.17
galkayo,20141002,6.77,47.43,6.8983,26.62,3.5,4.87,75.39,20.59
galkayo,20141003,6.77,47.43,6.2398,26.92,3.68,5.01,73.36,6.0
galkayo,20141004,6.77,47.43,6.6086,26.07,3.84,5.37,77.97,21.25
galkayo,20141005,6.77,47.43,5.7905,26.06,3.83,5.46,75.32,9.91
galkayo,20141006,6.77,47.43,6.4454,26.19,3.09,4.04,76.35,12.18
galkayo,20141007,6.77,47.43,6.3929,26.15,2.53,3.6,78.83,15.51
galkayo,20141008,6.77,47.43,5.4223,24.47,3.51,4.73,87.59,35.1
galkayo,20141009,6.77,47.43,6.7212,23.69,2.91,3.99,86.25,19.31
galkayo,20141010,6.77,47.43,6.8328,25.83,2.49,3.94,78.81,19.85
galkayo,20141011,6.77,47.43,6.1366,25.55,2.71,4.09,81.36,21.68
galkayo,20141012,6.77,47.43,6.5198,25.27,3.23,4.86,81.79,9.48
galkayo,20141013,6.77,47.43,5.8238,25.93,3.45,5.14,79.36,0.24
galkayo,20141014,6.77,47.43,6.4531,25.86,4.04,5.81,78.69,0.57
galkayo,20141015,6.77,47.43,6.335,25.82,3.45,5.11,77.15,0.28
galkayo,20141016,6.77,47.43,6.6622,25.63,2.52,3.89,78.61,0.22
galkayo,20141017,6.77,47.43,5.3878,25.0,2.63,3.89,82.88,0.31
galkayo,20141018,6.77,47.43,6.1956,25.08,4.05,5.48,82.97,11.06
galkayo,20141019,6.77,47.43,6.1406,25.25,3.14,4.38,83.03,9.33
galkayo,20141020,6.77,47.43,6.4925,25.29,2.04,3.02,81.8,9.53
galkayo,20141021,6.77,47.43,6.6497,25.61,2.64,3.89,79.98,4.14
galkayo,20141022,6.77,47.43,6.6331,25.69,2.22,3.5,76.28,0.12
galkayo,20141023,6.77,47.43,6.3797,25.5,2.72,4.19,76.36,1.13
galkayo,20141024,6.77,47.43,6.5141,25.44,1.85,2.92,76.92,0.66
galkayo,20141025,6.77,47.43,6.7836,26.12,1.63,2.51,65.06,0.11
galkayo,20141026,6.77,47.43,6.9833,25.83,1.7,2.82,67.35,0.0
galkayo,20141027,6.77,47.43,6.9127,26.13,1.52,2.46,66.94,0.0
galkayo,20141028,6.77,47.43,6.7003,25.92,2.02,3.13,68.65,0.0
galkayo,20141029,6.77,47.43,6.7421,26.24,1.8,3.16,68.49,0.0
galkayo,20141030,6.77,47.43,6.7277,26.9,1.9,3.15,69.65,0.0
galkayo,20141031,6.77,47.43,6.6754,26.68,2.76,4.16,70.91,0.0
galkayo,20141101,6.77,47.43,6.407,26.09,3.44,4.93,72.16,0.0
galkayo,20141102,6.77,47.43,6.6835,26.17,3.61,5.17,70.58,0.0
galkayo,20141103,6.77,47.43,6.8249,26.23,3.81,5.46,70.21,0.0
galkayo,20141104,6.77,47.43,6.7006,26.42,3.91,5.51,69.28,0.0
galkayo,20141105,6.77,47.43,6.7277,25.98,3.53,5.19,69.0,0.0
galkayo,20141106,6.77,47.43,6.7853,26.32,3.03,4.47,70.02,0.0
galkayo,20141107,6.77,47.43,6.1435,26.53,2.78,4.13,73.02,3.4
galkayo,20141108,6.77,47.43,6.3931,26.16,4.31,6.07,72.43,4.13
galkayo,20141109,6.77,47.43,6.8604,25.16,5.02,7.21,62.11,0.0
galkayo,20141110,6.77,47.43,6.8858,24.39,5.12,7.35,63.2,0.0
galkayo,20141111,6.77,47.43,6.7447,24.92,4.61,6.62,66.24,0.0
galkayo,20141112,6.77,47.43,6.4075,25.53,4.45,6.08,68.04,0.12
galkayo,20141113,6.77,47.43,6.4908,25.3,4.24,5.8,66.71,0.25
galkayo,20141114,6.77,47.43,6.5923,25.09,3.78,5.46,63.34,0.0
galkayo,20141115,6.77,47.43,6.6624,25.42,3.74,5.52,64.95,0.02
galkayo,20141116,6.77,47.43,6.3002,26.37,4.06,5.67,66.96,0.22
galkayo,20141117,6.77,47.43,5.6794,27.03,4.44,5.96,68.24,0.15
galkayo,20141118,6.77,47.43,6.6077,26.97,4.46,6.34,62.37,0.09
galkayo,20141119,6.77,47.43,5.7684,26.82,5.47,7.27,67.73,0.17
galkayo,20141120,6.77,47.43,4.3565,25.73,5.01,6.98,74.21,3.73
galkayo,20141121,6.77,47.43,2.4485,24.36,4.32,6.12,77.26,1.1
galkayo,20141122,6.77,47.43,5.3621,25.27,3.81,5.42,72.28,0.0
galkayo,20141123,6.77,47.43,6.2477,25.85,3.4,4.95,72.77,0.0
galkayo,20141124,6.77,47.43,6.3562,26.55,3.96,5.47,67.6,0.0
galkayo,20141125,6.77,47.43,5.3002,25.83,3.64,5.05,66.42,0.0
galkayo,20141126,6.77,47.43,6.6029,26.12,3.5,5.06,66.46,0.0
galkayo,20141127,6.77,47.43,6.6478,26.08,4.46,6.28,64.06,0.0
galkayo,20141128,6.77,47.43,6.6607,25.57,4.93,7.15,62.43,0.0
galkayo,20141129,6.77,47.43,6.3329,26.12,4.29,6.08,63.42,0.0
galkayo,20141130,6.77,47.43,6.4627,26.28,4.42,6.2,64.4,0.0
galkayo,20141201,6.77,47.43,6.5244,26.52,5.22,7.24,58.51,0.0
galkayo,20141202,6.77,47.43,6.5791,25.56,5.99,8.41,56.75,0.13
galkayo,20141203,6.77,47.43,6.601,25.31,6.6,9.22,56.1,0.01
galkayo,20141204,6.77,47.43,6.2592,25.47,6.09,8.49,58.18,0.0
galkayo,20141205,6.77,47.43,6.4438,25.15,5.18,7.46,56.5,0.09
galkayo,20141206,6.77,47.43,6.5964,25.04,4.34,6.57,56.02,0.0
galkayo,20141207,6.77,47.43,6.4867,25.45,4.42,6.37,61.16,0.01
galkayo,20141208,6.77,47.43,6.4771,25.92,4.81,6.57,63.25,0.1
galkayo,20141209,6.77,47.43,6.3115,26.25,5.18,7.0,62.19,0.0
galkayo,20141210,6.77,47.43,6.1073,26.17,5.49,7.39,60.61,0.0
galkayo,20141211,6.77,47.43,6.42,25.31,5.03,7.16,56.66,0.0
galkayo,20141212,6.77,47.43,6.6538,24.48,4.27,6.49,54.02,0.0
galkayo,20141213,6.77,47.43,6.7001,24.06,4.43,6.7,54.28,0.0
galkayo,20141214,6.77,47.43,6.6343,24.37,4.59,6.72,57.1,0.0
galkayo,20141215,6.77,47.43,6.5611,24.38,4.63,6.73,58.6,0.01
galkayo,20141216,6.77,47.43,6.5434,24.99,4.21,6.15,60.61,0.0
galkayo,20141217,6.77,47.43,6.349,25.99,3.95,5.62,61.11,0.0
galkayo,20141218,6.77,47.43,6.5947,25.84,4.54,6.8,51.4,0.0
galkayo,20141219,6.77,47.43,6.6614,24.83,5.67,8.18,48.54,0.0
galkayo,20141220,6.77,47.43,6.3895,25.5,5.15,7.15,53.7,0.0
galkayo,20141221,6.77,47.43,6.5011,25.02,4.22,6.03,57.28,0.0
galkayo,20141222,6.77,47.43,6.5179,25.18,3.77,5.41,60.92,0.14
galkayo,20141223,6.77,47.43,6.4937,25.79,4.38,6.05,60.25,0.35
galkayo,20141224,6.77,47.43,6.4378,26.29,5.29,7.08,60.52,0.37
galkayo,20141225,6.77,47.43,6.4044,25.48,5.76,7.99,53.29,0.01
galkayo,20141226,6.77,47.43,6.3545,25.15,5.36,7.67,53.46,0.0
galkayo,20141227,6.77,47.43,6.3818,25.28,5.25,7.39,52.56,0.0
galkayo,20141228,6.77,47.43,6.4642,25.19,5.0,7.14,56.62,0.02
galkayo,20141229,6.77,47.43,6.5549,24.55,5.25,7.38,57.57,0.0
galkayo,20141230,6.77,47.43,6.6953,23.68,4.8,7.19,51.11,0.01
galkayo,20141231,6.77,47.43,6.8083,23.23,4.96,7.49,45.94,0.0
galkayo,20150101,6.77,47.43,6.738,23.56,5.44,7.92,51.65,0.0
galkayo,20150102,6.77,47.43,6.6,23.7,5.46,7.83,50.06,0.0
galkayo,20150103,6.77,47.43,6.6235,23.63,5.54,7.82,51.2,0.0
galkayo,20150104,6.77,47.43,6.6691,24.13,5.12,7.08,54.28,0.0
galkayo,20150105,6.77,47.43,6.5753,24.67,4.98,6.93,58.45,0.0
galkayo,20150106,6.77,47.43,6.3497,25.41,5.4,7.23,60.65,0.0
galkayo,20150107,6.77,47.43,6.3329,25.58,5.26,6.93,59.82,0.0
galkayo,20150108,6.77,47.43,6.2966,25.31,4.61,6.41,59.3,0.0
galkayo,20150109,6.77,47.43,6.6401,25.14,4.79,6.52,60.42,0.0
galkayo,20150110,6.77,47.43,6.4812,25.44,4.54,6.22,61.1,0.0
galkayo,20150111,6.77,47.43,6.4877,26.32,5.47,7.29,58.52,0.0
galkayo,20150112,6.77,47.43,6.7099,25.39,6.23,8.49,49.88,0.0
galkayo,20150113,6.77,47.43,6.7253,24.28,6.12,8.71,48.86,0.0
galkayo,20150114,6.77,47.43,6.7054,24.07,5.85,8.43,45.82,0.0
galkayo,20150115,6.77,47.43,6.6986,23.76,5.86,8.36,48.77,0.0
galkayo,20150116,6.77,47.43,6.8434,23.34,5.25,7.72,46.99,0.0
galkayo,20150117,6.77,47.43,6.7853,23.68,5.46,7.64,53.25,0.0
galkayo,20150118,6.77,47.43,6.7248,24.52,4.88,6.82,57.26,0.01
galkayo,20150119,6.77,47.43,6.6866,25.01,4.22,5.83,60.27,0.01
galkayo,20150120,6.77,47.43,6.7308,25.88,5.68,7.39,59.32,0.03
galkayo,20150121,6.77,47.43,6.4538,26.05,6.9,8.65,58.62,0.0
galkayo,20150122,6.77,47.43,6.4159,24.48,6.01,8.0,48.4,0.0
galkayo,20150123,6.77,47.43,6.8758,23.08,5.66,7.76,48.8,0.0
galkayo,20150124,6.77,47.43,7.0078,22.89,5.85,7.89,54.72,0.0
galkayo,20150125,6.77,47.43,6.9065,23.72,5.91,8.06,53.16,0.0
galkayo,20150126,6.77,47.43,6.9934,23.8,5.84,8.18,46.41,0.0
galkayo,20150127,6.77,47.43,6.8981,24.24,6.1,8.2,54.09,0.0
galkayo,20150128,6.77,47.43,6.8342,24.4,6.25,8.3,56.72,0.0
galkayo,20150129,6.77,47.43,6.9283,24.47,6.09,8.02,57.76,0.0
galkayo,20150130,6.77,47.43,6.8741,24.91,6.6,8.62,58.53,0.0
galkayo,20150131,6.77,47.43,6.9874,24.57,5.98,7.98,56.4,0.0
galkayo,20150201,6.77,47.43,6.9142,25.19,5.76,7.6,53.78,0.0
galkayo,20150202,6.77,47.43,7.0198,25.46,5.61,7.32,56.43,0.0
galkayo,20150203,6.77,47.43,6.8268,25.82,6.04,7.55,57.15,0.0
galkayo,20150204,6.77,47.43,6.9482,25.91,6.15,7.71,56.46,0.0
galkayo,20150205,6.77,47.43,6.9749,25.94,5.65,7.21,54.93,0.0
galkayo,20150206,6.77,47.43,6.9259,26.04,5.16,6.91,54.4,0.0
galkayo,20150207,6.77,47.43,7.2463,25.37,5.17,6.95,52.82,0.0
galkayo,20150208,6.77,47.43,7.2382,25.12,4.9,6.64,53.17,0.0
galkayo,20150209,6.77,47.43,7.0598,25.16,5.12,6.76,57.9,0.0
galkayo,20150210,6.77,47.43,7.1436,24.94,5.17,6.8,56.05,0.0
galkayo,20150211,6.77,47.43,7.2593,25.18,4.72,6.22,56.36,0.0
galkayo,20150212,6.77,47.43,7.2953,25.05,5.1,6.68,55.62,0.0
galkayo,20150213,6.77,47.43,7.0536,25.19,5.32,7.05,54.59,0.0
galkayo,20150214,6.77,47.43,7.3656,25.15,5.44,7.14,54.15,0.0
galkayo,20150215,6.77,47.43,7.0404,25.11,4.78,6.36,56.58,0.01
galkayo,20150216,6.77,47.43,7.0589,26.13,5.23,6.61,59.38,0.09
galkayo,20150217,6.77,47.43,7.3188,26.32,5.26,6.81,54.31,0.04
galkayo,20150218,6.77,47.43,7.4182,26.28,5.61,7.03,57.66,0.04
galkayo,20150219,6.77,47.43,7.0927,25.81,5.01,6.29,57.62,0.03
galkayo,20150220,6.77,47.43,7.2986,26.11,5.13,6.49,57.95,0.0
galkayo,20150221,6.77,47.43,7.5326,26.15,5.09,6.52,54.05,0.0
galkayo,20150222,6.77,47.43,7.4765,25.88,4.99,6.33,54.76,0.0
galkayo,20150223,6.77,47.43,7.4095,26.1,5.24,6.59,57.27,0.0
galkayo,20150224,6.77,47.43,7.1549,26.65,6.2,7.64,55.19,0.0
galkayo,20150225,6.77,47.43,7.121,26.95,6.36,7.79,57.4,0.0
galkayo,20150226,6.77,47.43,6.9103,26.92,6.51,7.99,53.99,0.02
galkayo,20150227,6.77,47.43,7.1885,26.73,6.09,7.49,54.06,0.0
galkayo,20150228,6.77,47.43,7.3534,26.83,5.85,7.45,50.93,0.03
galkayo,20150301,6.77,47.43,6.8698,26.21,5.15,6.94,48.86,0.01
galkayo,20150302,6.77,47.43,7.4834,25.56,5.47,7.32,48.87,0.0
galkayo,20150303,6.77,47.43,7.3207,25.33,5.85,7.56,55.54,0.0
galkayo,20150304,6.77,47.43,7.709,25.53,5.41,6.85,54.4,0.0
galkayo,20150305,6.77,47.43,7.5842,25.67,5.41,7.04,54.47,0.0
galkayo,20150306,6.77,47.43,7.7071,25.65,5.32,6.82,54.95,0.0
galkayo,20150307,6.77,47.43,7.6586,25.97,6.07,7.71,54.03,0.0
galkayo,20150308,6.77,47.43,7.6673,25.91,6.13,7.88,55.01,0.0
galkayo,20150309,6.77,47.43,7.6603,26.48,6.53,8.18,57.1,0.0
galkayo,20150310,6.77,47.43,7.3968,26.94,6.53,8.19,56.35,0.0
galkayo,20150311,6.77,47.43,7.3193,27.02,5.69,7.12,56.53,0.0
galkayo,20150312,6.77,47.43,7.6128,27.05,5.3,6.62,54.74,0.0
galkayo,20150313,6.77,47.43,7.4194,27.42,5.27,6.59,57.82,0.0
galkayo,20150314,6.77,47.43,7.2878,27.93,4.19,5.38,55.34,0.0
galkayo,20150315,6.77,47.43,6.8546,28.34,4.79,5.9,57.32,0.0
galkayo,20150316,6.77,47.43,7.6666,27.62,6.09,7.4,53.89,0.0
galkayo,20150317,6.77,47.43,7.4477,27.51,5.87,7.15,54.5,0.06
galkayo,20150318,6.77,47.43,7.3399,27.8,5.65,6.94,60.41,0.12
galkayo,20150319,6.77,47.43,6.8806,28.31,4.88,6.02,57.27,0.21
galkayo,20150320,6.77,47.43,7.302,29.55,5.62,6.8,56.22,0.58
galkayo,20150321,6.77,47.43,6.5412,28.51,6.25,7.52,65.04,3.09
galkayo,20150322,6.77,47.43,6.1882,28.01,5.62,6.89,65.5,2.72
galkayo,20150323,6.77,47.43,5.363,27.84,5.08,6.34,65.88,3.39
galkayo,20150324,6.77,47.43,6.3854,28.05,5.53,6.89,62.13,1.87
galkayo,20150325,6.77,47.43,6.9331,26.24,4.63,6.12,59.8,0.03
galkayo,20150326,6.77,47.43,5.8066,27.31,4.11,5.58,58.46,0.1
galkayo,20150327,6.77,47.43,6.2726,26.88,5.13,6.36,59.71,0.0
galkayo,20150328,6.77,47.43,7.1434,26.55,4.21,5.57,62.22,0.01
galkayo,20150329,6.77,47.43,7.349,28.34,5.8,7.24,60.53,0.03
galkayo,20150330,6.77,47.43,7.4419,28.58,5.01,6.33,57.2,0.02
galkayo,20150331,6.77,47.43,7.4062,29.53,4.56,5.77,57.35,0.01
galkayo,20150401,6.77,47.43,7.3457,29.43,3.83,4.91,53.26,0.01
galkayo,20150402,6.77,47.43,7.3301,29.27,3.76,4.71,54.13,0.01
galkayo,20150403,6.77,47.43,6.8568,29.37,4.03,4.99,54.77,0.02
galkayo,20150404,6.77,47.43,7.2662,29.56,4.29,5.31,53.78,0.03
galkayo,20150405,6.77,47.43,6.9773,30.23,4.49,5.54,53.05,0.01
galkayo,20150406,6.77,47.43,7.433,30.43,4.08,5.0,52.73,0.0
galkayo,20150407,6.77,47.43,7.2278,30.54,4.12,5.04,51.98,0.0
galkayo,20150408,6.77,47.43,7.465,29.72,4.67,5.74,49.94,0.0
galkayo,20150409,6.77,47.43,7.5274,28.62,4.12,5.35,51.4,0.0
galkayo,20150410,6.77,47.43,7.7038,28.82,3.92,5.19,52.02,0.0
galkayo,20150411,6.77,47.43,7.4921,29.38,4.24,5.38,54.81,0.0
galkayo,20150412,6.77,47.43,7.3769,30.14,4.35,5.29,56.32,0.0
galkayo,20150413,6.77,47.43,6.6427,30.35,4.35,5.15,57.1,0.01
galkayo,20150414,6.77,47.43,6.1925,30.09,4.93,5.78,57.46,0.04
galkayo,20150415,6.77,47.43,3.6754,29.48,5.77,6.83,60.3,0.05
galkayo,20150416,6.77,47.43,6.211,29.65,5.78,6.98,53.38,0.9
galkayo,20150417,6.77,47.43,6.6041,29.75,4.14,5.07,52.13,0.03
galkayo,20150418,6.77,47.43,6.8911,30.44,2.96,3.79,48.67,0.1
galkayo,20150419,6.77,47.43,6.7944,30.62,3.07,3.95,53.53,1.24
galkayo,20150420,6.77,47.43,4.655,27.5,2.56,3.56,67.98,1.98
galkayo,20150421,6.77,47.43,6.901,29.0,3.07,3.92,60.36,0.25
galkayo,20150422,6.77,47.43,6.8287,29.86,3.32,4.0,55.35,0.08
galkayo,20150423,6.77,47.43,6.9842,30.3,2.82,3.98,50.24,0.09
galkayo,20150424,6.77,47.43,6.1685,31.65,3.42,4.81,44.76,0.05
galkayo,20150425,6.77,47.43,6.2052,30.51,3.41,4.85,49.56,0.1
galkayo,20150426,6.77,47.43,3.1363,29.19,2.51,3.45,60.4,1.19
galkayo,20150427,6.77,47.43,6.0725,25.16,2.88,3.48,81.79,8.38
galkayo,20150428,6.77,47.43,6.5122,25.41,3.34,4.33,76.04,0.93
galkayo,20150429,6.77,47.43,6.6115,28.19,3.8,4.79,62.82,0.2
galkayo,20150430,6.77,47.43,7.0231,28.89,3.9,4.9,62.16,0.4
galkayo,20150501,6.77,47.43,4.6459,27.58,3.88,5.25,64.61,0.26
galkayo,20150502,6.77,47.43,7.2182,28.12,3.72,5.07,59.02,0.28
galkayo,20150503,6.77,47.43,7.3241,29.09,3.29,4.56,55.69,0.15
galkayo,20150504,6.77,47.43,6.9389,30.2,2.96,4.2,54.64,0.24
galkayo,20150505,6.77,47.43,6.564,30.19,3.42,4.65,54.97,0.58
galkayo,20150506,6.77,47.43,6.6014,28.26,3.15,4.41,63.66,1.41
galkayo,20150507,6.77,47.43,6.2177,28.97,3.28,4.59,61.87,0.95
galkayo,20150508,6.77,47.43,6.7925,30.14,3.12,4.56,57.56,5.3
galkayo,20150509,6.77,47.43,6.8486,27.88,4.46,6.42,68.31,4.42
galkayo,20150510,6.77,47.43,6.8782,29.39,5.95,8.22,59.1,0.55
galkayo,20150511,6.77,47.43,6.9694,30.05,4.21,6.17,57.49,0.13
galkayo,20150512,6.77,47.43,6.5047,29.59,3.94,5.56,60.59,0.29
galkayo,20150513,6.77,47.43,6.8947,30.3,4.57,6.17,56.38,0.15
galkayo,20150514,6.77,47.43,7.0241,30.77,4.96,6.81,50.92,0.09
galkayo,20150515,6.77,47.43,6.5143,27.29,3.97,5.57,73.12,6.13
galkayo,20150516,6.77,47.43,6.4255,28.46,4.42,6.3,64.99,0.26
galkayo,20150517,6.77,47.43,6.8918,30.32,5.53,7.73,54.35,0.13
galkayo,20150518,6.77,47.43,6.8602,29.91,6.43,8.98,50.87,0.07
galkayo,20150519,6.77,47.43,7.2569,30.79,6.7,9.05,50.27,0.01
galkayo,20150520,6.77,47.43,7.193,31.44,7.13,9.49,47.91,0.01
galkayo,20150521,6.77,47.43,6.9101,29.1,6.98,9.46,61.69,11.61
galkayo,20150522,6.77,47.43,6.8141,27.51,6.49,9.3,64.76,27.32
galkayo,20150523,6.77,47.43,6.8561,27.12,6.88,9.38,73.96,15.02
galkayo,20150524,6.77,47.43,6.9506,26.44,5.5,7.8,77.66,19.44
galkayo,20150525,6.77,47.43,6.955,27.0,5.05,7.34,64.64,2.38
galkayo,20150526,6.77,47.43,7.199,28.72,3.9,5.65,63.19,0.34
galkayo,20150527,6.77,47.43,7.0673,29.22,4.83,7.06,61.51,0.33
galkayo,20150528,6.77,47.43,6.4966,27.58,5.34,7.3,69.02,1.51
galkayo,20150529,6.77,47.43,6.7238,27.01,4.54,6.6,70.5,1.55
galkayo,20150530,6.77,47.43,7.0034,27.86,4.95,7.1,69.14,2.66
galkayo,20150531,6.77,47.43,6.0739,27.56,5.32,7.55,70.6,5.75
galkayo,20150601,6.77,47.43,6.2234,25.11,6.03,8.09,82.27,56.15
galkayo,20150602,6.77,47.43,6.1327,25.16,5.42,7.85,79.33,20.46
galkayo,20150603,6.77,47.43,6.5347,26.77,5.45,7.94,72.07,0.72
galkayo,20150604,6.77,47.43,6.9857,27.5,5.67,8.43,68.01,0.8
galkayo,20150605,6.77,47.43,7.1064,27.55,5.16,7.71,65.02,0.52
galkayo,20150606,6.77,47.43,7.1376,28.17,5.6,8.17,64.61,0.48
galkayo,20150607,6.77,47.43,7.0411,28.22,6.34,9.28,62.2,1.34
galkayo,20150608,6.77,47.43,5.8747,27.84,7.54,10.43,63.52,1.47
galkayo,20150609,6.77,47.43,6.4733,27.83,7.83,10.69,64.1,0.19
galkayo,20150610,6.77,47.43,6.474,27.63,7.67,10.8,54.27,0.0
galkayo,20150611,6.77,47.43,6.4471,27.28,7.33,10.35,59.61,0.0
galkayo,20150612,6.77,47.43,6.581,27.08,7.18,10.13,62.79,0.0
galkayo,20150613,6.77,47.43,5.2872,28.37,7.99,10.86,59.94,0.0
galkayo,20150614,6.77,47.43,6.2659,27.86,8.08,11.1,57.67,0.0
galkayo,20150615,6.77,47.43,6.3737,27.42,7.85,10.84,57.69,0.0
galkayo,20150616,6.77,47.43,4.494,27.52,8.04,10.81,60.6,0.0
galkayo,20150617,6.77,47.43,6.491,27.4,7.13,9.75,59.71,0.0
galkayo,20150618,6.77,47.43,4.2468,27.48,7.25,9.81,63.98,0.21
galkayo,20150619,6.77,47.43,5.7132,27.74,7.34,10.0,59.56,0.02
galkayo,20150620,6.77,47.43,6.3907,27.67,7.52,10.41,54.78,0.0
galkayo,20150621,6.77,47.43,6.7975,28.08,8.02,11.01,52.46,0.0
galkayo,20150622,6.77,47.43,6.7565,28.37,8.48,11.46,52.79,0.0
galkayo,20150623,6.77,47.43,6.9422,28.49,8.42,11.44,52.75,0.0
galkayo,20150624,6.77,47.43,6.7097,28.63,8.06,10.78,54.1,0.0
galkayo,20150625,6.77,47.43,6.6845,28.23,7.82,10.56,50.92,0.05
galkayo,20150626,6.77,47.43,6.7922,27.96,7.49,10.32,50.79,0.0
galkayo,20150627,6.77,47.43,6.955,28.03,7.4,10.28,49.44,0.0
galkayo,20150628,6.77,47.43,6.9355,28.1,7.02,9.92,48.34,0.0
galkayo,20150629,6.77,47.43,6.8251,28.59,6.79,9.23,57.72,1.35
galkayo,20150630,6.77,47.43,6.6888,28.6,6.98,9.22,59.82,0.52
galkayo,20150701,6.77,47.43,6.8167,28.69,6.8,8.97,56.29,0.11
galkayo,20150702,6.77,47.43,7.061,28.12,6.43,8.58,54.28,0.01
galkayo,20150703,6.77,47.43,7.0454,27.77,6.77,9.08,54.68,0.0
galkayo,20150704,6.77,47.43,6.9269,27.69,6.59,8.92,52.65,0.0
galkayo,20150705,6.77,47.43,6.9065,28.53,6.86,9.37,50.8,0.0
galkayo,20150706,6.77,47.43,7.0361,29.52,7.76,10.37,48.7,0.0
galkayo,20150707,6.77,47.43,6.8606,29.93,9.02,11.5,51.86,0.38
galkayo,20150708,6.77,47.43,6.4118,27.54,8.89,11.26,58.85,1.46
galkayo,20150709,6.77,47.43,5.2068,27.31,8.71,11.03,57.43,0.34
galkayo,20150710,6.77,47.43,6.3833,27.74,8.88,11.32,51.77,0.03
galkayo,20150711,6.77,47.43,6.6509,27.61,8.74,11.36,48.15,0.0
galkayo,20150712,6.77,47.43,6.1334,27.76,9.23,11.75,55.78,0.07
galkayo,20150713,6.77,47.43,5.3801,27.25,8.51,11.06,48.78,0.01
galkayo,20150714,6.77,47.43,6.2914,28.07,9.09,11.46,53.68,0.03
galkayo,20150715,6.77,47.43,6.6967,28.19,9.05,11.67,48.14,0.0
galkayo,20150716,6.77,47.43,6.066,28.4,9.49,11.99,49.06,0.0
galkayo,20150717,6.77,47.43,5.6189,27.72,9.05,11.46,53.67,0.0
galkayo,20150718,6.77,47.43,4.1191,27.7,9.55,11.99,53.81,0.0
galkayo,20150719,6.77,47.43,4.5859,27.63,9.16,11.49,54.04,0.0
galkayo,20150720,6.77,47.43,5.3866,28.08,9.18,11.53,51.72,0.08
galkayo,20150721,6.77,47.43,5.4461,27.94,9.38,11.7,53.31,0.0
galkayo,20150722,6.77,47.43,6.7433,27.91,9.09,11.52,49.24,0.04
galkayo,20150723,6.77,47.43,5.6806,27.89,9.0,11.37,50.33,0.0
galkayo,20150724,6.77,47.43,6.3202,28.09,8.94,11.32,49.27,0.0
galkayo,20150725,6.77,47.43,4.5739,27.94,8.28,10.56,53.24,0.27
galkayo,20150726,6.77,47.43,4.7213,28.57,8.79,11.17,49.88,0.0
galkayo,20150727,6.77,47.43,3.6166,28.3,8.86,11.13,52.61,0.33
galkayo,20150728,6.77,47.43,5.4986,28.21,8.45,10.55,53.01,0.06
galkayo,20150729,6.77,47.43,6.0511,28.65,8.15,10.29,50.69,0.0
galkayo,20150730,6.77,47.43,4.5883,26.31,7.68,10.0,65.56,17.96
galkayo,20150731,6.77,47.43,6.6559,25.75,6.75,9.25,56.66,0.02
galkayo,20150801,6.77,47.43,6.6374,27.45,6.81,9.05,58.03,0.45
galkayo,20150802,6.77,47.43,6.715,27.87,6.25,8.49,60.38,5.38
galkayo,20150803,6.77,47.43,6.2837,27.15,6.94,9.22,66.2,10.3
galkayo,20150804,6.77,47.43,5.6453,26.89,7.74,9.92,66.42,3.18
galkayo,20150805,6.77,47.43,6.3497,27.08,7.07,9.49,62.18,1.95
galkayo,20150806,6.77,47.43,5.754,27.36,7.56,9.9,61.57,0.78
galkayo,20150807,6.77,47.43,6.9127,27.14,8.15,10.53,59.16,0.12
galkayo,20150808,6.77,47.43,6.7766,27.0,8.12,10.47,55.81,0.02
galkayo,20150809,6.77,47.43,7.3219,26.82,7.54,10.35,51.93,0.0
galkayo,20150810,6.77,47.43,7.3394,27.3,7.69,10.49,51.17,0.01
galkayo,20150811,6.77,47.43,7.2814,27.77,8.41,10.95,52.79,0.01
galkayo,20150812,6.77,47.43,7.2298,27.65,8.07,10.73,52.84,0.18
galkayo,20150813,6.77,47.43,7.1477,27.54,8.86,11.59,51.96,0.19
galkayo,20150814,6.77,47.43,7.1165,27.52,8.44,11.24,51.75,0.44
galkayo,20150815,6.77,47.43,5.2159,28.71,9.23,11.78,52.25,0.0
galkayo,20150816,6.77,47.43,7.0627,27.35,8.39,11.03,51.2,0.01
galkayo,20150817,6.77,47.43,7.1755,28.09,9.05,11.72,49.79,0.0
galkayo,20150818,6.77,47.43,6.9833,28.51,9.54,11.97,52.12,0.2
galkayo,20150819,6.77,47.43,6.8724,28.03,8.28,10.37,54.6,0.01
galkayo,20150820,6.77,47.43,6.3619,28.28,7.58,9.56,53.45,0.0
galkayo,20150821,6.77,47.43,7.1006,28.01,7.81,9.83,53.21,0.01
galkayo,20150822,6.77,47.43,5.9484,27.95,8.22,10.14,54.94,0.01
galkayo,20150823,6.77,47.43,6.5856,27.85,7.84,9.94,51.93,0.0
galkayo,20150824,6.77,47.43,6.2153,27.12,7.5,9.21,58.33,0.04
galkayo,20150825,6.77,47.43,6.9492,28.12,7.89,9.94,55.1,0.05
galkayo,20150826,6.77,47.43,6.8254,28.94,8.27,10.23,54.88,0.07
galkayo,20150827,6.77,47.43,7.2977,29.22,8.18,10.54,48.29,0.03
galkayo,20150828,6.77,47.43,6.96,29.49,8.3,10.43,49.47,0.03
galkayo,20150829,6.77,47.43,7.2586,28.81,7.45,9.82,46.81,0.22
galkayo,20150830,6.77,47.43,7.1004,29.15,8.54,10.71,53.05,0.37
galkayo,20150831,6.77,47.43,6.1356,29.06,8.3,10.4,51.94,0.54
galkayo,20150901,6.77,47.43,7.237,29.28,7.54,9.6,51.99,1.45
galkayo,20150902,6.77,47.43,7.3339,29.52,7.38,9.46,51.44,0.12
galkayo,20150903,6.77,47.43,7.4081,29.88,8.0,10.04,48.94,0.0
galkayo,20150904,6.77,47.43,7.201,29.35,9.08,11.15,52.8,0.71
galkayo,20150905,6.77,47.43,6.457,28.24,7.73,10.03,53.88,3.25
galkayo,20150906,6.77,47.43,7.1846,28.63,7.75,9.99,53.12,0.19
galkayo,20150907,6.77,47.43,6.0814,27.97,7.67,9.57,61.92,3.42
galkayo,20150908,6.77,47.43,6.8803,28.03,6.87,8.75,59.43,0.04
galkayo,20150909,6.77,47.43,7.015,28.7,6.09,7.77,54.51,0.01
galkayo,20150910,6.77,47.43,7.1798,29.02,5.27,6.91,54.56,0.0
galkayo,20150911,6.77,47.43,7.3054,30.03,5.81,7.57,48.73,0.01
galkayo,20150912,6.77,47.43,6.9996,30.15,6.93,8.67,53.19,0.08
galkayo,20150913,6.77,47.43,6.8892,30.13,6.61,8.4,50.69,0.0
galkayo,20150914,6.77,47.43,6.571,29.92,7.23,8.91,53.33,0.0
galkayo,20150915,6.77,47.43,7.0006,29.66,7.48,9.35,49.8,0.0
galkayo,20150916,6.77,47.43,7.2367,30.61,6.99,9.01,44.21,0.0
galkayo,20150917,6.77,47.43,6.5448,30.02,7.05,8.84,49.92,0.0
galkayo,20150918,6.77,47.43,6.4097,28.19,5.29,6.9,58.44,0.14
galkayo,20150919,6.77,47.43,6.9708,30.86,5.61,7.37,49.43,0.04
galkayo,20150920,6.77,47.43,6.9631,30.67,7.6,9.67,49.91,0.02
galkayo,20150921,6.77,47.43,7.2154,29.89,8.75,11.1,46.58,0.0
galkayo,20150922,6.77,47.43,7.1333,29.97,8.0,10.22,45.93,0.0
galkayo,20150923,6.77,47.43,7.1993,30.01,7.67,9.76,46.36,0.0
galkayo,20150924,6.77,47.43,6.9458,29.91,7.18,9.12,50.88,0.45
galkayo,20150925,6.77,47.43,6.1714,29.53,6.7,8.61,51.17,0.59
galkayo,20150926,6.77,47.43,6.9869,30.1,6.3,8.13,46.57,0.07
galkayo,20150927,6.77,47.43,7.2281,30.77,5.61,7.37,43.63,0.01
galkayo,20150928,6.77,47.43,7.1064,31.6,4.49,5.66,45.13,0.0
galkayo,20150929,6.77,47.43,6.743,30.95,5.08,6.76,45.56,0.0
galkayo,20150930,6.77,47.43,6.9348,31.09,4.31,5.4,49.87,0.0
galkayo,20151001,6.77,47.43,6.3389,29.88,4.24,5.04,55.86,0.0
galkayo,20151002,6.77,47.43,6.5818,29.56,4.41,5.17,57.0,0.0
galkayo,20151003,6.77,47.43,7.0606,29.86,4.71,5.62,54.25,0.01
galkayo,20151004,6.77,47.43,6.0886,30.1,4.05,4.95,52.1,0.0
galkayo,20151005,6.77,47.43,5.5375,31.0,4.49,5.66,49.25,0.01
galkayo,20151006,6.77,47.43,7.1294,31.82,4.94,6.27,44.7,0.01
galkayo,20151007,6.77,47.43,6.8614,31.29,5.91,7.38,51.57,0.03
galkayo,20151008,6.77,47.43,6.3401,30.28,4.64,5.77,53.57,1.11
galkayo,20151009,6.77,47.43,5.3986,30.42,4.26,5.44,52.68,0.82
galkayo,20151010,6.77,47.43,6.0194,28.94,4.76,6.1,59.68,1.69
galkayo,20151011,6.77,47.43,6.269,29.29,4.03,5.25,59.42,1.24
galkayo,20151012,6.77,47.43,6.7546,29.53,4.09,5.54,59.19,1.88
galkayo,20151013,6.77,47.43,5.4962,28.53,3.98,5.64,62.3,1.16
galkayo,20151014,6.77,47.43,5.4763,29.81,3.89,5.5,55.56,0.4
galkayo,20151015,6.77,47.43,6.7898,30.26,4.32,5.7,54.33,0.36
galkayo,20151016,6.77,47.43,6.0914,29.74,3.28,4.25,56.5,1.48
galkayo,20151017,6.77,47.43,5.4485,28.06,3.29,4.22,66.11,2.54
galkayo,20151018,6.77,47.43,6.5256,28.18,3.72,4.82,67.38,10.63
galkayo,20151019,6.77,47.43,5.8675,27.23,2.68,3.7,70.88,10.39
galkayo,20151020,6.77,47.43,5.4298,25.78,2.3,3.41,76.91,17.6
galkayo,20151021,6.77,47.43,5.9578,26.54,2.9,4.16,73.99,7.99
galkayo,20151022,6.77,47.43,6.6043,26.84,1.96,2.88,75.69,13.07
galkayo,20151023,6.77,47.43,6.4435,26.63,2.34,3.63,74.47,0.53
galkayo,20151024,6.77,47.43,6.1231,26.34,1.72,2.83,73.95,0.63
galkayo,20151025,6.77,47.43,6.078,27.53,2.23,3.41,71.23,1.07
galkayo,20151026,6.77,47.43,5.2061,27.41,2.42,3.69,71.94,0.87
galkayo,20151027,6.77,47.43,6.1776,27.2,3.15,4.48,71.02,0.93
galkayo,20151028,6.77,47.43,6.4826,27.47,3.35,4.7,67.49,0.28
galkayo,20151029,6.77,47.43,6.2798,27.35,3.69,5.01,68.27,0.24
galkayo,20151030,6.77,47.43,6.2515,27.8,3.8,5.11,68.12,0.66
galkayo,20151031,6.77,47.43,5.9923,27.86,3.54,4.63,71.03,1.56
galkayo,20151101,6.77,47.43,5.1581,27.36,3.33,4.45,73.07,2.91
galkayo,20151102,6.77,47.43,6.2251,26.25,2.09,3.35,76.51,33.67
galkayo,20151103,6.77,47.43,6.005,25.61,3.07,4.6,84.05,26.84
galkayo,20151104,6.77,47.43,6.5198,26.05,3.67,5.38,80.81,19.31
galkayo,20151105,6.77,47.43,6.15,25.76,3.16,4.75,81.98,30.27
galkayo,20151106,6.77,47.43,5.7862,25.61,2.22,3.48,83.63,80.57
galkayo,20151107,6.77,47.43,5.3486,25.63,3.5,5.04,83.62,2.28
galkayo,20151108,6.77,47.43,6.384,25.68,2.42,3.61,80.21,0.7
galkayo,20151109,6.77,47.43,6.4234,25.9,1.38,2.4,78.82,0.99
galkayo,20151110,6.77,47.43,6.0278,25.76,1.75,2.86,81.31,1.81
galkayo,20151111,6.77,47.43,6.5215,25.3,2.05,3.39,84.59,2.28
galkayo,20151112,6.77,47.43,5.9731,25.53,3.74,5.54,82.28,11.42
galkayo,20151113,6.77,47.43,6.6077,25.08,3.81,5.61,79.3,2.55
galkayo,20151114,6.77,47.43,6.7303,24.63,3.8,5.84,75.77,1.02
galkayo,20151115,6.77,47.43,6.2167,25.19,4.9,7.43,70.24,0.5
galkayo,20151116,6.77,47.43,6.1694,24.61,5.0,7.41,76.11,0.94
galkayo,20151117,6.77,47.43,6.5734,25.03,4.67,6.87,73.3,0.0
galkayo,20151118,6.77,47.43,6.4169,25.06,3.36,5.1,75.11,0.0
galkayo,20151119,6.77,47.43,6.3298,24.77,3.68,5.56,75.04,0.0
galkayo,20151120,6.77,47.43,6.3463,24.45,3.35,5.32,72.89,0.0
galkayo,20151121,6.77,47.43,4.7642,25.45,4.3,6.28,76.47,0.0
galkayo,20151122,6.77,47.43,6.5981,23.43,4.75,7.08,64.76,0.0
galkayo,20151123,6.77,47.43,6.875,23.27,4.58,7.02,66.28,0.0
galkayo,20151124,6.77,47.43,6.5822,24.75,3.66,5.61,70.25,0.0
galkayo,20151125,6.77,47.43,6.2304,26.1,3.28,4.84,74.93,0.04
galkayo,20151126,6.77,47.43,6.1409,26.06,4.39,6.2,74.34,0.05
galkayo,20151127,6.77,47.43,6.4231,26.24,4.28,6.36,71.06,0.0
galkayo,20151128,6.77,47.43,6.215,26.65,3.94,5.93,70.39,0.0
galkayo,20151129,6.77,47.43,6.515,25.5,4.42,6.72,62.68,0.0
galkayo,20151130,6.77,47.43,6.5431,24.83,4.23,6.35,64.53,0.0
galkayo,20151201,6.77,47.43,6.5304,24.83,3.73,5.67,65.76,0.0
galkayo,20151202,6.77,47.43,6.4034,24.4,3.97,5.95,67.86,0.0
galkayo,20151203,6.77,47.43,6.4337,25.77,4.11,5.98,64.52,0.01
galkayo,20151204,6.77,47.43,6.2023,25.48,4.17,6.09,59.99,0.0
galkayo,20151205,6.77,47.43,6.4368,25.55,3.25,4.97,60.03,0.0
galkayo,20151206,6.77,47.43,6.5074,25.12,2.99,4.76,61.97,0.01
galkayo,20151207,6.77,47.43,6.3514,24.69,3.41,5.3,62.72,0.11
galkayo,20151208,6.77,47.43,6.3485,24.28,4.74,7.13,58.61,0.0
galkayo,20151209,6.77,47.43,6.3415,24.85,5.72,7.94,67.7,0.18
galkayo,20151210,6.77,47.43,6.2098,24.66,5.19,7.7,58.96,0.0
galkayo,20151211,6.77,47.43,6.5465,24.37,4.61,6.98,56.98,0.0
galkayo,20151212,6.77,47.43,6.5071,24.58,3.57,5.57,59.36,0.0
galkayo,20151213,6.77,47.43,6.4356,24.6,3.99,6.13,65.76,0.0
galkayo,20151214,6.77,47.43,6.3842,25.66,3.88,5.78,62.56,0.0
galkayo,20151215,6.77,47.43,6.3091,26.52,3.67,5.36,60.7,0.0
galkayo,20151216,6.77,47.43,5.3633,25.83,4.52,6.49,70.04,0.07
galkayo,20151217,6.77,47.43,6.0377,25.57,6.1,8.04,68.02,0.91
galkayo,20151218,6.77,47.43,6.3634,25.26,5.7,7.81,61.14,0.0
galkayo,20151219,6.77,47.43,6.4752,23.85,5.21,7.54,56.67,0.0
galkayo,20151220,6.77,47.43,6.5052,23.6,4.98,7.35,58.38,0.0
galkayo,20151221,6.77,47.43,6.4418,24.13,4.56,6.62,63.61,0.05
galkayo,20151222,6.77,47.43,6.4668,25.27,4.58,6.52,65.67,0.01
galkayo,20151223,6.77,47.43,5.3412,26.16,6.06,7.97,72.08,0.82
galkayo,20151224,6.77,47.43,4.3217,26.05,5.59,7.36,69.83,0.87
galkayo,20151225,6.77,47.43,6.3125,26.14,4.77,6.34,65.54,0.16
galkayo,20151226,6.77,47.43,5.6136,25.96,4.74,6.39,65.21,0.53
galkayo,20151227,6.77,47.43,6.4342,24.85,6.2,8.66,58.05,0.0
galkayo,20151228,6.77,47.43,6.0883,24.84,6.63,8.9,63.51,0.0
galkayo,20151229,6.77,47.43,6.0862,25.04,5.98,8.2,61.63,0.0
galkayo,20151230,6.77,47.43,6.3178,25.82,5.01,6.87,61.24,0.0
galkayo,20151231,6.77,47.43,6.2839,26.23,4.8,6.42,64.8,0.0
galkayo,20160101,6.77,47.43,5.9292,26.89,5.53,7.21,65.76,0.03
galkayo,20160102,6.77,47.43,6.0857,27.21,5.88,7.52,67.78,0.08
galkayo,20160103,6.77,47.43,5.6959,27.71,6.16,7.78,63.04,0.01
galkayo,20160104,6.77,47.43,6.1433,26.09,5.95,7.78,59.88,0.0
galkayo,20160105,6.77,47.43,6.3214,25.38,5.9,7.75,58.76,0.0
galkayo,20160106,6.77,47.43,6.5599,25.31,5.64,7.67,55.76,0.0
galkayo,20160107,6.77,47.43,6.3655,24.74,6.31,8.47,61.51,0.0
galkayo,20160108,6.77,47.43,6.5993,24.93,6.29,8.31,61.46,0.0
galkayo,20160109,6.77,47.43,6.5052,24.96,5.29,7.07,62.34,0.0
galkayo,20160110,6.77,47.43,6.4879,25.35,5.28,7.02,63.15,0.0
galkayo,20160111,6.77,47.43,6.4709,25.39,5.65,7.39,60.75,0.0
galkayo,20160112,6.77,47.43,6.5602,25.07,5.63,7.57,58.86,0.0
galkayo,20160113,6.77,47.43,6.5249,25.25,5.22,7.06,60.33,0.0
galkayo,20160114,6.77,47.43,6.5162,25.09,5.77,7.7,57.82,0.0
galkayo,20160115,6.77,47.43,6.4426,24.96,5.7,7.69,60.46,0.0
galkayo,20160116,6.77,47.43,6.4829,24.91,5.17,6.98,63.3,1.48
galkayo,20160117,6.77,47.43,6.3178,25.18,5.27,7.12,60.33,0.15
galkayo,20160118,6.77,47.43,6.4471,24.99,5.43,7.38,58.35,0.12
galkayo,20160119,6.77,47.43,6.7704,24.14,5.57,7.85,52.12,0.0
galkayo,20160120,6.77,47.43,6.7382,23.28,5.65,8.09,53.03,0.0
galkayo,20160121,6.77,47.43,6.8441,23.56,6.12,8.61,52.58,0.0
galkayo,20160122,6.77,47.43,6.8602,24.03,6.08,8.32,55.38,0.0
galkayo,20160123,6.77,47.43,6.7918,24.9,6.16,8.17,59.73,0.0
galkayo,20160124,6.77,47.43,6.2748,25.59,5.34,6.88,61.8,0.0
galkayo,20160125,6.77,47.43,6.6415,25.98,4.47,5.92,60.2,0.0
galkayo,20160126,6.77,47.43,6.426,25.91,3.97,5.26,63.42,0.01
galkayo,20160127,6.77,47.43,6.6278,26.26,3.89,5.25,59.93,0.08
galkayo,20160128,6.77,47.43,6.7538,25.75,4.47,5.85,61.9,0.16
galkayo,20160129,6.77,47.43,5.945,26.11,5.02,6.47,62.13,0.21
galkayo,20160130,6.77,47.43,6.7046,26.29,6.11,7.93,56.86,0.05
galkayo,20160131,6.77,47.43,6.6816,25.56,6.97,9.18,51.54,0.0
galkayo,20160201,6.77,47.43,6.894,24.38,7.23,9.62,50.28,0.0
galkayo,20160202,6.77,47.43,4.4551,24.05,6.71,8.9,57.36,0.0
galkayo,20160203,6.77,47.43,6.8501,24.8,6.2,8.28,54.39,0.0
galkayo,20160204,6.77,47.43,6.8472,25.48,6.68,8.82,55.65,0.0
galkayo,20160205,6.77,47.43,6.8719,25.17,7.23,9.55,52.87,0.0
galkayo,20160206,6.77,47.43,6.7181,25.08,6.04,8.07,54.5,0.0
galkayo,20160207,6.77,47.43,6.9209,24.98,4.86,6.48,59.02,0.0
galkayo,20160208,6.77,47.43,6.9854,25.42,3.96,5.57,58.65,0.0
galkayo,20160209,6.77,47.43,7.063,24.85,4.93,6.97,53.9,0.0
galkayo,20160210,6.77,47.43,7.1525,24.5,5.0,7.02,56.35,0.0
galkayo,20160211,6.77,47.43,7.2048,25.16,4.81,6.82,54.8,0.0
galkayo,20160212,6.77,47.43,7.1681,25.19,5.22,7.15,55.31,0.0
galkayo,20160213,6.77,47.43,7.2732,25.17,6.46,8.58,50.52,0.0
galkayo,20160214,6.77,47.43,7.0452,25.24,6.27,8.23,54.7,0.0
galkayo,20160215,6.77,47.43,7.1138,24.86,5.99,8.17,48.1,0.0
galkayo,20160216,6.77,47.43,7.2583,24.94,5.57,7.44,49.12,0.0
galkayo,20160217,6.77,47.43,7.3195,25.4,5.3,7.25,45.91,0.0
galkayo,20160218,6.77,47.43,7.3058,24.75,5.87,8.19,41.93,0.0
galkayo,20160219,6.77,47.43,7.4422,24.25,7.33,9.84,38.71,0.0
galkayo,20160220,6.77,47.43,7.4016,23.6,6.74,8.95,49.75,0.0
galkayo,20160221,6.77,47.43,7.0572,25.64,5.84,7.45,59.57,0.0
galkayo,20160222,6.77,47.43,4.6459,27.39,6.12,7.56,65.01,0.0
galkayo,20160223,6.77,47.43,6.7908,28.25,5.94,7.32,65.63,0.03
galkayo,20160224,6.77,47.43,6.2582,28.58,5.81,7.06,61.5,0.06
galkayo,20160225,6.77,47.43,6.7829,28.46,5.94,7.18,56.71,0.03
galkayo,20160226,6.77,47.43,6.9492,27.8,6.19,7.6,56.71,0.04
galkayo,20160227,6.77,47.43,7.2816,27.13,5.97,7.36,58.38,0.01
galkayo,20160228,6.77,47.43,7.1782,27.48,6.08,7.49,56.82,0.0
galkayo,20160229,6.77,47.43,7.3188,27.08,5.61,7.03,56.75,0.01
galkayo,20160301,6.77,47.43,7.5588,27.1,4.78,6.13,57.05,0.06
galkayo,20160302,6.77,47.43,7.4602,27.55,4.88,6.18,59.15,0.64
galkayo,20160303,6.77,47.43,7.1381,27.75,5.59,6.98,60.78,0.71
galkayo,20160304,6.77,47.43,7.2545,27.98,5.19,6.43,62.1,0.32
galkayo,20160305,6.77,47.43,7.4369,28.31,4.34,5.53,56.67,0.18
galkayo,20160306,6.77,47.43,6.3727,28.95,4.1,5.16,58.78,0.45
galkayo,20160307,6.77,47.43,6.8064,29.24,5.29,6.3,61.44,0.05
galkayo,20160308,6.77,47.43,6.3922,28.98,5.85,6.92,59.93,0.04
galkayo,20160309,6.77,47.43,7.1822,28.85,5.54,6.6,59.37,0.04
galkayo,20160310,6.77,47.43,6.5683,28.98,5.59,6.59,60.41,0.03
galkayo,20160311,6.77,47.43,7.4609,28.56,6.41,7.65,58.47,0.07
galkayo,20160312,6.77,47.43,7.4774,27.95,5.02,6.31,54.03,0.0
galkayo,20160313,6.77,47.43,7.6402,27.93,5.05,6.34,54.85,0.0
galkayo,20160314,6.77,47.43,7.4671,28.16,4.8,6.02,55.05,0.0
galkayo,20160315,6.77,47.43,7.3589,28.83,4.77,5.94,55.69,0.0
galkayo,20160316,6.77,47.43,7.2886,29.34,4.2,5.23,55.63,0.0
galkayo,20160317,6.77,47.43,7.338,29.39,4.89,5.97,55.09,0.75
galkayo,20160318,6.77,47.43,7.5113,29.61,5.25,6.46,53.88,0.7
galkayo,20160319,6.77,47.43,7.5264,29.0,5.96,7.22,57.97,1.12
galkayo,20160320,6.77,47.43,7.6234,28.21,6.35,7.8,57.99,0.75
galkayo,20160321,6.77,47.43,7.4059,27.54,5.64,7.05,61.59,0.52
galkayo,20160322,6.77,47.43,7.5557,28.31,4.41,5.7,57.15,0.01
galkayo,20160323,6.77,47.43,7.4093,29.12,5.84,7.16,57.79,0.03
galkayo,20160324,6.77,47.43,7.3958,29.16,7.03,8.57,57.91,0.04
galkayo,20160325,6.77,47.43,7.2396,28.69,6.71,8.31,55.8,0.02
galkayo,20160326,6.77,47.43,7.3862,28.47,6.37,7.91,56.05,0.01
galkayo,20160327,6.77,47.43,7.621,28.54,5.55,6.94,54.24,0.0
galkayo,20160328,6.77,47.43,7.4594,28.81,5.83,7.06,56.39,0.0
galkayo,20160329,6.77,47.43,7.7316,29.16,5.87,7.12,55.27,0.0
galkayo,20160330,6.77,47.43,7.7294,29.13,5.64,7.0,54.24,0.0
galkayo,20160331,6.77,47.43,7.7321,28.99,6.02,7.4,52.71,0.0
galkayo,20160401,6.77,47.43,7.6049,29.13,5.58,6.9,53.99,0.01
galkayo,20160402,6.77,47.43,7.0718,29.6,6.26,7.58,60.64,0.08
galkayo,20160403,6.77,47.43,6.9948,29.97,6.56,7.92,57.06,0.01
galkayo,20160404,6.77,47.43,6.9758,29.78,6.15,7.34,54.71,0.01
galkayo,20160405,6.77,47.43,7.2132,29.82,5.58,6.68,54.57,0.01
galkayo,20160406,6.77,47.43,7.1093,29.66,5.39,6.47,55.32,0.83
galkayo,20160407,6.77,47.43,7.5091,29.59,4.4,5.6,50.83,0.55
galkayo,20160408,6.77,47.43,7.3877,29.39,4.11,5.24,56.5,3.03
galkayo,20160409,6.77,47.43,6.6187,28.06,4.17,5.41,70.52,19.27
galkayo,20160410,6.77,47.43,6.7046,27.34,3.92,5.32,66.37,6.42
galkayo,20160411,6.77,47.43,7.4695,27.87,3.57,4.92,64.71,0.46
galkayo,20160412,6.77,47.43,7.4863,28.16,4.09,5.46,61.53,0.8
galkayo,20160413,6.77,47.43,7.3596,28.39,3.3,4.41,60.41,0.59
galkayo,20160414,6.77,47.43,7.3248,29.0,3.89,5.17,65.19,2.6
galkayo,20160415,6.77,47.43,6.3466,29.32,3.91,5.12,66.62,3.42
galkayo,20160416,6.77,47.43,7.3013,28.99,5.11,6.48,66.0,2.15
galkayo,20160417,6.77,47.43,7.4592,28.87,4.12,5.57,63.0,1.91
galkayo,20160418,6.77,47.43,7.5274,28.72,4.09,5.66,61.82,1.87
galkayo,20160419,6.77,47.43,7.3776,28.38,4.29,5.77,62.05,2.18
galkayo,20160420,6.77,47.43,7.4789,27.98,4.42,6.07,63.09,2.61
galkayo,20160421,6.77,47.43,7.3954,28.61,4.55,6.02,61.2,0.67
galkayo,20160422,6.77,47.43,7.1242,28.74,5.09,6.43,64.68,1.17
galkayo,20160423,6.77,47.43,5.0386,28.03,3.75,4.9,72.78,6.44
galkayo,20160424,6.77,47.43,6.7212,28.09,3.49,4.83,68.91,3.51
galkayo,20160425,6.77,47.43,6.7944,28.0,2.0,2.71,73.36,20.41
galkayo,20160426,6.77,47.43,4.9591,27.35,2.1,2.99,79.34,31.98
galkayo,20160427,6.77,47.43,3.8923,25.87,3.33,4.88,85.18,25.45
galkayo,20160428,6.77,47.43,5.5248,26.24,2.44,3.68,81.19,4.01
galkayo,20160429,6.77,47.43,7.1002,27.53,2.1,3.24,73.41,1.17
galkayo,20160430,6.77,47.43,7.296,27.76,2.48,3.78,72.01,0.78
galkayo,20160501,6.77,47.43,7.134,28.16,2.27,3.42,70.66,0.06
galkayo,20160502,6.77,47.43,6.7128,28.52,2.12,3.21,70.13,0.04
galkayo,20160503,6.77,47.43,6.481,26.4,2.96,4.37,75.71,0.74
galkayo,20160504,6.77,47.43,7.1724,28.22,1.99,2.96,64.94,0.08
galkayo,20160505,6.77,47.43,6.9756,27.17,3.04,4.5,75.85,12.13
galkayo,20160506,6.77,47.43,6.2938,28.04,4.37,6.41,60.08,1.52
galkayo,20160507,6.77,47.43,6.6768,27.4,4.88,6.89,71.23,7.69
galkayo,20160508,6.77,47.43,5.2754,26.67,5.36,7.51,75.16,2.76
galkayo,20160509,6.77,47.43,6.8842,27.74,5.26,7.64,69.16,2.03
galkayo,20160510,6.77,47.43,6.8268,28.06,6.18,8.69,67.83,3.47
galkayo,20160511,6.77,47.43,6.4493,27.74,5.22,7.33,69.75,0.27
galkayo,20160512,6.77,47.43,6.8734,28.14,6.07,8.71,65.8,0.4
galkayo,20160513,6.77,47.43,6.415,28.33,5.64,8.04,65.63,0.6
galkayo,20160514,6.77,47.43,7.0202,28.06,5.5,7.87,65.38,0.49
galkayo,20160515,6.77,47.43,7.0829,28.93,5.33,7.29,66.67,0.78
galkayo,20160516,6.77,47.43,6.8938,28.4,6.83,9.4,63.58,2.62
galkayo,20160517,6.77,47.43,7.0332,29.6,7.18,9.83,57.32,0.08
galkayo,20160518,6.77,47.43,7.0229,28.59,6.9,9.7,58.56,0.01
galkayo,20160519,6.77,47.43,6.5971,28.87,7.64,10.29,58.84,0.03
galkayo,20160520,6.77,47.43,6.5676,28.88,7.76,10.41,57.32,0.01
galkayo,20160521,6.77,47.43,6.4344,28.75,7.71,10.28,58.17,0.14
galkayo,20160522,6.77,47.43,5.2459,28.76,7.35,9.72,60.82,0.43
galkayo,20160523,6.77,47.43,6.0324,29.0,7.23,9.66,57.66,0.23
galkayo,20160524,6.77,47.43,5.8553,28.59,7.16,9.65,58.47,0.71
galkayo,20160525,6.77,47.43,7.1592,28.8,6.87,9.33,54.69,0.09
galkayo,20160526,6.77,47.43,7.217,28.45,7.2,9.89,51.82,0.0
galkayo,20160527,6.77,47.43,7.1278,28.54,6.33,8.85,54.9,0.0
galkayo,20160528,6.77,47.43,7.0356,28.92,6.46,9.01,53.6,0.01
galkayo,20160529,6.77,47.43,7.1338,29.43,6.73,9.26,53.67,0.03
galkayo,20160530,6.77,47.43,7.2137,29.58,6.78,9.38,50.5,0.0
galkayo,20160531,6.77,47.43,7.0618,28.44,6.15,8.66,53.85,0.16
galkayo,20160601,6.77,47.43,7.2233,29.25,6.55,8.96,49.75,0.0
galkayo,20160602,6.77,47.43,7.1774,28.97,7.17,9.79,47.35,0.0
galkayo,20160603,6.77,47.43,7.1153,29.45,6.96,9.4,48.25,0.04
galkayo,20160604,6.77,47.43,6.9425,29.44,6.98,9.34,50.08,0.02
galkayo,20160605,6.77,47.43,6.7709,30.2,7.25,9.54,47.85,0.0
galkayo,20160606,6.77,47.43,7.0279,29.48,7.93,10.19,52.82,0.0
galkayo,20160607,6.77,47.43,6.6648,29.85,8.44,10.73,49.98,0.0
galkayo,20160608,6.77,47.43,6.2371,28.79,8.36,10.72,48.72,0.0
galkayo,20160609,6.77,47.43,5.1427,28.01,8.43,10.68,54.98,0.0
galkayo,20160610,6.77,47.43,5.7703,27.95,7.86,10.0,54.79,0.33
galkayo,20160611,6.77,47.43,6.1087,28.02,7.22,9.24,52.68,0.04
galkayo,20160612,6.77,47.43,6.8052,28.69,7.79,10.21,52.29,0.01
galkayo,20160613,6.77,47.43,6.7512,29.28,8.03,10.46,46.53,0.01
galkayo,20160614,6.77,47.43,6.9778,29.03,6.95,9.41,45.41,0.01
galkayo,20160615,6.77,47.43,7.1318,29.24,7.59,10.04,48.05,0.04
galkayo,20160616,6.77,47.43,6.6161,28.78,8.13,10.33,57.44,0.04
galkayo,20160617,6.77,47.43,6.8964,29.51,8.48,10.93,49.01,0.0
galkayo,20160618,6.77,47.43,6.6214,29.4,8.89,11.32,48.93,0.16
galkayo,20160619,6.77,47.43,6.0103,28.63,8.39,10.72,54.27,0.58
galkayo,20160620,6.77,47.43,6.6494,28.64,8.25,10.84,47.73,0.01
galkayo,20160621,6.77,47.43,5.6846,28.93,9.41,11.96,49.63,0.11
galkayo,20160622,6.77,47.43,5.3935,28.35,10.21,12.86,50.5,0.03
galkayo,20160623,6.77,47.43,4.4062,27.7,9.4,11.97,52.27,0.03
galkayo,20160624,6.77,47.43,2.5097,27.44,9.37,11.95,48.87,0.46
galkayo,20160625,6.77,47.43,5.0393,27.91,8.72,11.18,53.11,0.08
galkayo,20160626,6.77,47.43,5.3066,28.34,9.53,12.06,52.94,0.05
galkayo,20160627,6.77,47.43,4.236,28.32,10.63,13.39,50.05,0.0
galkayo,20160628,6.77,47.43,5.7958,27.71,9.48,12.09,49.85,0.0
galkayo,20160629,6.77,47.43,6.023,28.32,8.62,10.93,48.28,0.0
galkayo,20160630,6.77,47.43,6.2921,28.41,8.12,10.56,49.94,0.0
galkayo,20160701,6.77,47.43,6.7248,28.51,9.69,12.36,50.57,0.0
galkayo,20160702,6.77,47.43,4.6879,29.03,10.12,12.69,53.03,0.1
galkayo,20160703,6.77,47.43,3.589,28.05,8.88,11.08,56.57,0.2
galkayo,20160704,6.77,47.43,3.0823,26.29,9.41,11.77,57.26,0.03
galkayo,20160705,6.77,47.43,4.8158,28.09,9.6,12.18,47.85,0.02
galkayo,20160706,6.77,47.43,4.7503,27.95,9.77,12.24,48.66,0.29
galkayo,20160707,6.77,47.43,5.5723,27.3,8.94,11.38,49.21,0.14
galkayo,20160708,6.77,47.43,4.1916,27.6,9.31,11.74,50.72,0.04
galkayo,20160709,6.77,47.43,4.6054,27.14,8.86,11.26,49.28,0.02
galkayo,20160710,6.77,47.43,5.1564,27.35,9.67,12.11,49.49,0.03
galkayo,20160711,6.77,47.43,3.7793,26.61,9.65,12.03,53.11,0.25
galkayo,20160712,6.77,47.43,4.5101,26.77,8.92,11.31,50.59,0.13
galkayo,20160713,6.77,47.43,4.9538,27.08,9.26,11.74,49.11,0.04
galkayo,20160714,6.77,47.43,6.731,27.33,9.09,11.6,48.35,0.01
galkayo,20160715,6.77,47.43,6.6634,27.36,8.45,10.82,49.34,0.0
galkayo,20160716,6.77,47.43,6.3413,27.56,8.94,11.3,48.91,0.0
galkayo,20160717,6.77,47.43,5.6791,27.54,9.81,12.24,50.08,0.09
galkayo,20160718,6.77,47.43,3.8472,26.98,9.98,12.41,51.61,0.04
galkayo,20160719,6.77,47.43,4.4772,27.09,9.1,11.44,50.42,0.02
galkayo,20160720,6.77,47.43,6.6646,27.86,8.36,10.63,46.16,0.0
galkayo,20160721,6.77,47.43,5.5373,26.64,8.79,10.9,58.25,0.08
galkayo,20160722,6.77,47.43,6.2911,28.2,8.22,10.56,46.99,0.01
galkayo,20160723,6.77,47.43,7.0152,27.89,8.71,11.16,44.96,0.0
galkayo,20160724,6.77,47.43,6.99,27.83,8.97,11.4,51.29,0.0
galkayo,20160725,6.77,47.43,7.0711,28.27,9.33,11.75,50.29,0.1
galkayo,20160726,6.77,47.43,6.4538,27.69,9.52,11.99,49.48,1.1
galkayo,20160727,6.77,47.43,6.6029,26.95,9.15,11.36,48.74,0.02
galkayo,20160728,6.77,47.43,6.2834,27.02,9.23,11.48,50.83,0.05
galkayo,20160729,6.77,47.43,4.9958,27.38,8.92,11.06,51.8,0.2
galkayo,20160730,6.77,47.43,6.703,27.32,8.0,10.08,49.71,0.0
galkayo,20160731,6.77,47.43,5.6923,26.76,8.5,10.67,53.78,0.05
galkayo,20160801,6.77,47.43,6.3886,27.9,7.96,10.1,49.87,0.01
galkayo,20160802,6.77,47.43,7.1777,28.54,7.97,10.11,48.28,0.0
galkayo,20160803,6.77,47.43,6.852,27.58,8.92,10.96,51.35,0.06
galkayo,20160804,6.77,47.43,5.3724,27.39,8.81,10.89,52.51,0.1
galkayo,20160805,6.77,47.43,6.4764,27.83,8.19,10.32,49.46,0.01
galkayo,20160806,6.77,47.43,6.1562,28.46,8.88,11.06,49.39,0.02
galkayo,20160807,6.77,47.43,5.3354,28.29,9.54,11.77,50.26,0.02
galkayo,20160808,6.77,47.43,6.8618,28.36,8.72,10.97,46.07,0.0
galkayo,20160809,6.77,47.43,6.7171,28.1,9.66,12.07,49.31,1.78
galkayo,20160810,6.77,47.43,6.2184,27.16,9.52,11.9,51.24,0.4
galkayo,20160811,6.77,47.43,7.2384,27.24,8.38,10.77,46.73,0.02
galkayo,20160812,6.77,47.43,7.2223,27.53,7.99,10.16,48.97,0.0
galkayo,20160813,6.77,47.43,7.3438,28.09,7.43,9.54,48.75,0.01
galkayo,20160814,6.77,47.43,5.9477,28.43,8.56,10.51,54.51,0.05
galkayo,20160815,6.77,47.43,7.1959,28.66,8.75,10.93,48.04,0.0
galkayo,20160816,6.77,47.43,7.1592,29.01,9.48,11.81,48.27,0.01
galkayo,20160817,6.77,47.43,7.0632,29.3,9.88,12.21,48.03,0.04
galkayo,20160818,6.77,47.43,6.8062,29.22,10.12,12.44,48.96,0.0
galkayo,20160819,6.77,47.43,6.324,29.11,9.51,11.78,47.85,0.05
galkayo,20160820,6.77,47.43,7.1695,29.02,8.84,11.08,43.64,0.0
galkayo,20160821,6.77,47.43,7.1436,29.21,8.56,10.65,45.49,0.0
galkayo,20160822,6.77,47.43,5.9779,29.07,8.68,10.63,50.41,0.01
galkayo,20160823,6.77,47.43,7.1208,28.67,9.07,11.14,49.82,0.1
galkayo,20160824,6.77,47.43,7.2149,27.24,8.75,11.13,47.65,0.06
galkayo,20160825,6.77,47.43,7.1364,27.85,9.01,11.35,45.84,0.04
galkayo,20160826,6.77,47.43,7.0752,27.84,8.38,10.53,46.75,0.12
galkayo,20160827,6.77,47.43,7.2782,27.89,8.82,11.22,46.7,0.0
galkayo,20160828,6.77,47.43,7.2022,28.78,9.93,12.31,47.14,0.19
galkayo,20160829,6.77,47.43,5.2546,28.0,9.91,12.27,50.45,0.08
galkayo,20160830,6.77,47.43,6.2779,28.27,9.53,11.9,44.95,0.01
galkayo,20160831,6.77,47.43,6.4447,28.57,9.55,11.86,44.17,0.04
galkayo,20160901,6.77,47.43,6.5542,27.82,9.96,12.24,51.51,0.15
galkayo,20160902,6.77,47.43,6.6778,27.59,8.53,10.6,50.11,0.01
galkayo,20160903,6.77,47.43,6.4915,27.8,8.23,10.28,47.78,0.04
galkayo,20160904,6.77,47.43,7.098,27.97,7.8,9.86,48.29,0.0
galkayo,20160905,6.77,47.43,7.2317,28.09,8.51,10.37,51.89,0.0
galkayo,20160906,6.77,47.43,7.1887,28.54,7.59,9.55,50.59,0.01
galkayo,20160907,6.77,47.43,7.2139,28.79,7.89,10.01,47.14,0.0
galkayo,20160908,6.77,47.43,6.9499,28.59,8.44,10.62,50.2,0.0
galkayo,20160909,6.77,47.43,7.2067,28.48,7.6,9.77,49.27,0.0
galkayo,20160910,6.77,47.43,7.1016,29.27,7.68,9.67,50.57,0.0
galkayo,20160911,6.77,47.43,7.2014,29.23,7.8,9.88,49.9,0.02
galkayo,20160912,6.77,47.43,7.361,28.89,8.49,10.81,45.24,0.0
galkayo,20160913,6.77,47.43,6.8875,28.84,7.74,9.76,49.48,0.08
galkayo,20160914,6.77,47.43,7.1779,28.17,6.92,8.94,47.22,0.03
galkayo,20160915,6.77,47.43,7.3774,29.27,6.8,8.6,48.05,0.0
galkayo,20160916,6.77,47.43,7.313,28.89,7.66,9.47,50.3,0.06
galkayo,20160917,6.77,47.43,7.1054,28.75,7.81,9.67,48.99,0.06
galkayo,20160918,6.77,47.43,6.7901,28.91,8.34,10.33,50.04,0.0
galkayo,20160919,6.77,47.43,5.587,27.68,7.5,9.48,50.45,0.0
galkayo,20160920,6.77,47.43,6.9372,27.72,6.94,9.13,47.48,0.0
galkayo,20160921,6.77,47.43,7.2065,28.46,6.36,8.37,45.91,0.0
galkayo,20160922,6.77,47.43,7.1904,28.97,6.26,8.12,46.8,0.0
galkayo,20160923,6.77,47.43,6.0991,29.27,8.09,10.0,51.95,0.01
galkayo,20160924,6.77,47.43,6.8314,28.96,7.38,9.4,49.81,0.01
galkayo,20160925,6.77,47.43,7.2305,28.91,6.69,8.47,48.48,0.0
galkayo,20160926,6.77,47.43,7.0903,27.46,5.73,7.43,54.23,0.0
galkayo,20160927,6.77,47.43,6.4776,28.72,5.38,6.78,51.93,0.02
galkayo,20160928,6.77,47.43,6.6355,29.05,4.94,6.45,49.07,0.17
galkayo,20160929,6.77,47.43,6.7927,29.41,6.57,8.28,50.13,0.3
galkayo,20160930,6.77,47.43,5.8908,28.88,6.6,8.47,49.86,0.84
galkayo,20161001,6.77,47.43,7.0884,28.3,4.97,6.41,51.76,0.61
galkayo,20161002,6.77,47.43,7.0997,28.98,4.63,5.78,51.88,0.57
galkayo,20161003,6.77,47.43,7.0918,28.92,4.03,5.03,52.89,0.19
galkayo,20161004,6.77,47.43,3.5117,28.84,4.82,5.94,55.1,0.01
galkayo,20161005,6.77,47.43,6.4862,29.55,4.5,5.56,51.78,0.02
galkayo,20161006,6.77,47.43,5.6592,29.62,4.7,5.68,53.38,0.01
galkayo,20161007,6.77,47.43,4.637,29.17,4.32,5.23,55.3,0.02
galkayo,20161008,6.77,47.43,5.0717,28.63,4.71,5.7,57.26,2.83
galkayo,20161009,6.77,47.43,5.3568,27.93,4.5,5.66,60.32,5.5
galkayo,20161010,6.77,47.43,6.6485,28.06,4.8,6.15,57.19,0.33
galkayo,20161011,6.77,47.43,5.2728,28.27,4.47,5.95,59.48,2.52
galkayo,20161012,6.77,47.43,6.8974,27.41,4.1,5.35,60.68,6.94
galkayo,20161013,6.77,47.43,5.2618,28.15,3.71,5.09,59.59,0.06
galkayo,20161014,6.77,47.43,4.5199,28.42,4.11,5.75,58.26,0.26
galkayo,20161015,6.77,47.43,5.7727,27.32,3.88,5.19,63.49,0.19
galkayo,20161016,6.77,47.43,3.911,27.7,3.29,4.07,62.51,0.14
galkayo,20161017,6.77,47.43,6.9686,27.77,2.76,3.74,56.06,0.08
galkayo,20161018,6.77,47.43,6.4234,28.14,3.05,3.99,58.4,0.0
galkayo,20161019,6.77,47.43,5.9623,28.56,3.69,4.75,56.78,0.01
galkayo,20161020,6.77,47.43,5.0957,28.7,4.77,6.05,56.8,0.01
galkayo,20161021,6.77,47.43,5.802,26.67,4.45,6.22,55.81,0.04
galkayo,20161022,6.77,47.43,6.036,29.05,4.31,5.67,53.56,0.01
galkayo,20161023,6.77,47.43,6.2642,28.39,2.92,4.15,57.3,0.0
galkayo,20161024,6.77,47.43,6.4714,28.82,2.42,3.43,53.15,0.0
galkayo,20161025,6.77,47.43,6.4589,28.75,2.96,3.93,52.19,0.0
galkayo,20161026,6.77,47.43,6.6182,28.35,3.85,4.74,54.2,0.0
galkayo,20161027,6.77,47.43,5.7384,28.23,3.83,4.84,55.09,0.0
galkayo,20161028,6.77,47.43,6.8258,28.98,4.22,5.19,55.33,0.14
galkayo,20161029,6.77,47.43,5.2435,27.18,3.81,4.73,64.49,2.69
galkayo,20161030,6.77,47.43,6.967,27.64,3.32,4.46,53.37,0.13
galkayo,20161031,6.77,47.43,6.9878,27.14,3.86,5.13,54.93,0.04
galkayo,20161101,6.77,47.43,6.9518,27.3,4.62,5.98,55.9,0.09
galkayo,20161102,6.77,47.43,6.7073,27.53,4.97,6.19,58.94,0.03
galkayo,20161103,6.77,47.43,6.4116,28.06,5.11,6.4,57.43,0.03
galkayo,20161104,6.77,47.43,6.4781,28.39,4.44,5.57,55.59,0.03
galkayo,20161105,6.77,47.43,6.3593,28.53,3.43,4.36,55.39,0.04
galkayo,20161106,6.77,47.43,6.205,28.41,3.44,4.29,57.03,0.06
galkayo,20161107,6.77,47.43,6.3533,28.42,3.57,4.42,57.82,0.37
galkayo,20161108,6.77,47.43,6.4776,27.63,3.58,4.75,52.38,0.36
galkayo,20161109,6.77,47.43,6.768,27.42,4.11,5.84,43.14,0.0
galkayo,20161110,6.77,47.43,6.8875,26.35,5.67,7.75,41.23,0.0
galkayo,20161111,6.77,47.43,6.6734,26.29,5.64,7.69,43.41,0.0
galkayo,20161112,6.77,47.43,6.8395,26.03,5.27,7.24,45.35,0.0
galkayo,20161113,6.77,47.43,6.6379,26.65,5.11,6.85,51.59,0.0
galkayo,20161114,6.77,47.43,6.0492,27.9,5.44,6.88,56.79,0.0
galkayo,20161115,6.77,47.43,6.4181,27.34,5.1,6.78,49.72,0.0
galkayo,20161116,6.77,47.43,6.6269,27.37,5.38,7.0,54.05,0.0
galkayo,20161117,6.77,47.43,5.4494,26.42,4.53,5.84,65.24,0.04
galkayo,20161118,6.77,47.43,6.3228,27.99,5.83,7.3,59.43,0.0
galkayo,20161119,6.77,47.43,6.011,28.53,5.57,6.89,57.73,0.0
galkayo,20161120,6.77,47.43,5.8978,28.78,5.38,6.66,56.07,0.02
galkayo,20161121,6.77,47.43,5.5018,28.46,5.11,6.33,55.54,0.0
galkayo,20161122,6.77,47.43,6.4762,27.23,4.27,5.58,51.15,0.0
galkayo,20161123,6.77,47.43,6.6672,26.29,3.45,4.68,53.61,0.0
galkayo,20161124,6.77,47.43,6.426,26.97,4.26,5.27,59.04,0.0
galkayo,20161125,6.77,47.43,6.2196,27.95,3.49,4.5,55.43,0.0
galkayo,20161126,6.77,47.43,5.4706,28.05,4.81,6.0,59.19,0.0
galkayo,20161127,6.77,47.43,6.0012,27.87,5.55,6.83,60.34,0.03
galkayo,20161128,6.77,47.43,6.151,27.63,5.44,6.85,57.64,0.01
galkayo,20161129,6.77,47.43,6.3883,28.2,6.09,7.47,57.62,0.02
galkayo,20161130,6.77,47.43,4.5146,27.71,6.14,7.55,61.03,0.35
galkayo,20161201,6.77,47.43,5.4874,27.61,5.61,6.98,60.54,0.02
galkayo,20161202,6.77,47.43,6.2806,27.03,4.89,6.52,51.62,0.0
galkayo,20161203,6.77,47.43,6.7068,25.97,5.06,6.89,53.83,0.0
galkayo,20161204,6.77,47.43,6.7214,26.02,5.05,6.85,57.44,0.0
galkayo,20161205,6.77,47.43,6.5966,25.98,4.66,6.49,53.06,0.0
galkayo,20161206,6.77,47.43,6.4814,25.95,4.26,6.02,53.82,0.0
galkayo,20161207,6.77,47.43,6.5189,26.5,4.35,6.04,53.45,0.0
galkayo,20161208,6.77,47.43,6.4493,27.89,4.07,5.5,55.63,0.01
galkayo,20161209,6.77,47.43,5.5982,28.63,5.1,6.44,57.77,0.02
galkayo,20161210,6.77,47.43,5.9578,28.52,5.28,6.66,56.6,0.01
galkayo,20161211,6.77,47.43,6.409,27.52,5.22,6.81,53.26,0.0
galkayo,20161212,6.77,47.43,6.4627,26.34,5.33,7.18,51.76,0.0
galkayo,20161213,6.77,47.43,6.493,25.42,5.46,7.29,52.55,0.0
galkayo,20161214,6.77,47.43,6.5431,25.05,4.37,6.13,53.39,0.0
galkayo,20161215,6.77,47.43,6.4531,25.64,3.48,5.02,53.96,0.0
galkayo,20161216,6.77,47.43,6.486,25.72,4.24,6.04,52.42,0.0
galkayo,20161217,6.77,47.43,6.5878,25.74,5.15,7.51,44.32,0.0
galkayo,20161218,6.77,47.43,6.0607,26.73,5.19,7.35,47.59,0.04
galkayo,20161219,6.77,47.43,4.9037,27.24,6.25,8.08,58.15,0.55
galkayo,20161220,6.77,47.43,4.4914,26.7,6.26,7.9,62.34,0.05
galkayo,20161221,6.77,47.43,5.8034,26.98,6.76,8.46,62.14,0.02
galkayo,20161222,6.77,47.43,6.18,26.63,5.53,7.26,53.89,0.0
galkayo,20161223,6.77,47.43,5.5133,27.17,5.82,7.47,59.43,0.0
galkayo,20161224,6.77,47.43,6.3504,26.9,6.04,8.12,50.63,0.0
galkayo,20161225,6.77,47.43,6.6862,24.85,5.79,7.92,53.03,0.0
galkayo,20161226,6.77,47.43,6.6216,25.24,5.36,7.39,55.33,0.0
galkayo,20161227,6.77,47.43,6.5758,25.5,4.99,6.96,55.69,0.0
galkayo,20161228,6.77,47.43,6.4411,25.92,4.81,6.79,55.03,0.0
galkayo,20161229,6.77,47.43,6.4896,25.87,5.02,7.04,53.77,0.0
galkayo,20161230,6.77,47.43,6.5198,25.68,5.25,7.16,54.21,0.0
galkayo,20161231,6.77,47.43,6.5614,25.31,5.17,7.36,51.5,0.0
galkayo,20170101,6.77,47.43,6.5846,24.93,4.91,6.99,51.82,0.0
galkayo,20170102,6.77,47.43,6.8438,24.44,5.31,7.5,47.85,0.0
galkayo,20170103,6.77,47.43,6.9134,24.06,4.95,7.01,51.48,0.0
galkayo,20170104,6.77,47.43,6.8371,24.3,5.01,7.08,50.67,0.0
galkayo,20170105,6.77,47.43,6.9014,24.49,5.5,7.67,50.81,0.0
galkayo,20170106,6.77,47.43,6.7884,24.12,5.98,8.26,52.04,0.0
galkayo,20170107,6.77,47.43,6.7474,23.89,5.93,8.19,49.22,0.0
galkayo,20170108,6.77,47.43,6.7786,24.31,5.03,7.16,51.76,0.0
galkayo,20170109,6.77,47.43,6.7819,24.23,5.95,8.14,53.37,0.0
galkayo,20170110,6.77,47.43,6.6269,24.53,6.24,8.29,54.56,0.0
galkayo,20170111,6.77,47.43,6.7049,24.88,6.02,8.14,50.85,0.0
galkayo,20170112,6.77,47.43,6.7805,24.5,5.49,7.8,46.97,0.0
galkayo,20170113,6.77,47.43,6.852,24.02,4.93,7.15,39.88,0.0
galkayo,20170114,6.77,47.43,6.8232,24.06,5.07,7.19,48.86,0.0
galkayo,20170115,6.77,47.43,6.8309,23.99,5.74,7.67,58.53,0.0
galkayo,20170116,6.77,47.43,6.7951,24.32,6.06,7.95,58.21,0.0
galkayo,20170117,6.77,47.43,6.7286,25.15,5.75,7.61,56.14,0.0
galkayo,20170118,6.77,47.43,6.8834,24.77,5.92,7.89,52.32,0.0
galkayo,20170119,6.77,47.43,6.834,24.43,5.83,7.86,51.34,0.0
galkayo,20170120,6.77,47.43,6.81,24.39,5.27,7.21,52.21,0.0
galkayo,20170121,6.77,47.43,6.805,24.6,5.11,6.86,54.15,0.0
galkayo,20170122,6.77,47.43,6.8306,24.52,5.42,7.16,55.93,0.0
galkayo,20170123,6.77,47.43,6.9132,25.02,4.63,6.24,56.13,0.0
galkayo,20170124,6.77,47.43,6.8798,26.12,4.96,6.52,53.74,0.0
galkayo,20170125,6.77,47.43,6.9766,25.72,5.97,7.91,52.72,0.0
galkayo,20170126,6.77,47.43,6.4963,26.36,6.81,8.73,55.94,0.0
galkayo,20170127,6.77,47.43,6.4762,26.71,6.55,8.06,57.82,0.0
galkayo,20170128,6.77,47.43,5.8037,27.15,5.75,7.16,56.94,0.0
galkayo,20170129,6.77,47.43,6.0598,27.59,5.56,6.85,57.94,0.0
galkayo,20170130,6.77,47.43,5.8363,27.44,5.5,6.78,56.98,0.0
galkayo,20170131,6.77,47.43,6.6888,26.53,5.88,7.58,48.45,0.0
galkayo,20170201,6.77,47.43,6.6389,26.44,5.78,7.32,54.22,0.0
galkayo,20170202,6.77,47.43,6.5918,27.8,6.02,7.33,57.9,0.01
galkayo,20170203,6.77,47.43,6.3182,28.66,6.4,7.87,56.67,0.0
galkayo,20170204,6.77,47.43,5.4096,26.98,8.52,10.42,56.93,0.01
galkayo,20170205,6.77,47.43,5.1746,26.28,7.01,8.67,52.57,0.0
galkayo,20170206,6.77,47.43,6.5568,25.81,6.63,8.21,55.66,0.0
galkayo,20170207,6.77,47.43,6.8738,25.9,6.09,7.7,53.84,0.0
galkayo,20170208,6.77,47.43,7.1251,25.57,6.71,8.68,51.01,0.0
galkayo,20170209,6.77,47.43,6.8455,25.41,5.71,7.42,54.6,0.0
galkayo,20170210,6.77,47.43,6.8285,26.53,5.52,6.92,56.81,0.0
galkayo,20170211,6.77,47.43,6.8849,27.21,5.63,7.01,56.98,0.0
galkayo,20170212,6.77,47.43,6.5659,27.6,5.85,7.12,56.76,0.0
galkayo,20170213,6.77,47.43,5.5478,27.03,6.22,7.51,57.2,0.0
galkayo,20170214,6.77,47.43,6.8477,27.44,6.56,7.97,55.13,0.0
galkayo,20170215,6.77,47.43,6.3007,27.21,6.65,8.07,58.73,0.0
galkayo,20170216,6.77,47.43,5.6964,27.29,6.6,8.01,60.45,0.03
galkayo,20170217,6.77,47.43,7.1856,27.65,5.66,7.06,51.94,0.01
galkayo,20170218,6.77,47.43,6.9533,27.89,6.16,7.5,56.6,0.01
galkayo,20170219,6.77,47.43,7.2727,27.79,7.77,9.64,48.91,0.01
galkayo,20170220,6.77,47.43,6.7843,25.73,7.54,9.56,49.83,0.0
galkayo,20170221,6.77,47.43,6.7104,25.94,6.46,8.05,55.4,0.0
galkayo,20170222,6.77,47.43,6.8347,27.28,5.91,7.28,52.27,0.05
galkayo,20170223,6.77,47.43,7.116,27.33,6.15,7.47,53.49,0.14
galkayo,20170224,6.77,47.43,7.1568,26.94,6.3,7.63,55.43,0.14
galkayo,20170225,6.77,47.43,6.9814,26.86,5.85,7.43,50.56,0.0
galkayo,20170226,6.77,47.43,7.3925,26.8,5.57,7.04,54.58,0.0
galkayo,20170227,6.77,47.43,7.2214,27.16,6.53,8.02,54.9,0.0
galkayo,20170228,6.77,47.43,7.309,27.04,6.5,8.17,54.95,0.0
galkayo,20170301,6.77,47.43,7.2242,26.64,6.15,7.82,56.78,0.0
galkayo,20170302,6.77,47.43,7.2907,27.27,5.78,7.38,50.84,0.0
galkayo,20170303,6.77,47.43,7.3195,27.75,5.64,7.14,50.35,0.0
galkayo,20170304,6.77,47.43,7.4194,27.46,5.66,7.04,52.71,0.0
galkayo,20170305,6.77,47.43,7.4009,27.04,5.2,6.63,51.6,0.0
galkayo,20170306,6.77,47.43,7.5876,26.88,5.45,6.98,51.94,0.0
galkayo,20170307,6.77,47.43,7.5247,27.71,5.88,7.43,52.48,0.03
galkayo,20170308,6.77,47.43,7.5046,27.48,6.57,8.12,54.31,0.0
galkayo,20170309,6.77,47.43,7.6848,27.36,6.15,7.82,50.77,0.0
galkayo,20170310,6.77,47.43,7.5672,27.2,6.19,7.9,51.56,0.0
galkayo,20170311,6.77,47.43,7.2326,27.22,6.91,8.49,54.54,0.0
galkayo,20170312,6.77,47.43,6.9178,27.16,6.24,7.68,54.43,0.0
galkayo,20170313,6.77,47.43,7.5516,27.32,4.95,6.41,51.31,0.0
galkayo,20170314,6.77,47.43,7.8125,27.05,5.11,6.58,51.1,0.0
galkayo,20170315,6.77,47.43,7.7434,27.27,5.21,6.48,52.83,0.0
galkayo,20170316,6.77,47.43,7.751,27.38,5.01,6.27,53.21,0.0
galkayo,20170317,6.77,47.43,7.4822,27.93,4.6,5.72,55.68,0.0
galkayo,20170318,6.77,47.43,7.4926,28.85,5.56,6.62,55.61,0.0
galkayo,20170319,6.77,47.43,7.5557,28.82,5.25,6.33,54.51,0.0
galkayo,20170320,6.77,47.43,7.542,28.97,4.91,6.02,53.83,0.0
galkayo,20170321,6.77,47.43,7.1494,29.34,5.11,6.07,55.13,0.0
galkayo,20170322,6.77,47.43,7.1386,29.21,5.98,7.14,56.21,0.04
galkayo,20170323,6.77,47.43,7.2026,29.7,6.02,7.18,58.24,0.07
galkayo,20170324,6.77,47.43,7.4786,29.09,6.17,7.35,56.26,0.05
galkayo,20170325,6.77,47.43,7.3982,28.79,5.38,6.53,55.39,0.06
galkayo,20170326,6.77,47.43,7.4237,29.54,5.65,6.77,55.46,0.05
galkayo,20170327,6.77,47.43,6.0833,29.69,6.14,7.34,55.96,0.36
galkayo,20170328,6.77,47.43,7.6543,28.67,6.12,7.44,53.46,0.14
galkayo,20170329,6.77,47.43,7.6637,27.83,5.24,6.58,52.93,0.1
galkayo,20170330,6.77,47.43,7.5521,28.2,5.61,7.04,53.97,0.1
galkayo,20170331,6.77,47.43,7.2509,29.01,5.74,7.04,54.7,0.15
galkayo,20170401,6.77,47.43,7.4086,29.14,5.23,6.46,54.29,0.02
galkayo,20170402,6.77,47.43,7.2382,29.42,4.7,5.8,54.48,0.02
galkayo,20170403,6.77,47.43,7.0769,30.19,4.04,5.01,53.05,0.03
galkayo,20170404,6.77,47.43,6.126,30.08,4.62,5.56,55.63,0.1
galkayo,20170405,6.77,47.43,6.4236,30.19,4.97,6.01,54.04,0.04
galkayo,20170406,6.77,47.43,7.343,29.58,5.87,7.04,53.87,0.0
galkayo,20170407,6.77,47.43,7.3402,29.42,5.68,6.97,51.75,0.0
galkayo,20170408,6.77,47.43,7.5451,29.25,5.18,6.59,50.25,0.0
galkayo,20170409,6.77,47.43,7.489,29.02,5.76,7.05,52.96,0.0
galkayo,20170410,6.77,47.43,7.47,29.05,4.92,6.01,53.14,0.0
galkayo,20170411,6.77,47.43,6.8618,29.43,4.52,5.65,52.43,0.02
galkayo,20170412,6.77,47.43,7.2209,29.32,5.14,6.3,53.95,0.02
galkayo,20170413,6.77,47.43,7.2586,30.04,3.99,5.08,52.04,0.02
galkayo,20170414,6.77,47.43,7.4198,30.5,4.16,5.23,51.35,0.01
galkayo,20170415,6.77,47.43,7.1047,30.91,3.76,4.73,50.68,0.01
galkayo,20170416,6.77,47.43,6.4886,31.31,3.73,4.6,51.69,0.37
galkayo,20170417,6.77,47.43,6.9766,30.51,5.33,6.38,54.43,0.44
galkayo,20170418,6.77,47.43,7.1693,29.83,5.25,6.28,54.03,0.32
galkayo,20170419,6.77,47.43,7.4914,29.63,5.15,6.32,52.06,0.24
galkayo,20170420,6.77,47.43,7.5578,29.85,4.77,5.94,52.76,0.27
galkayo,20170421,6.77,47.43,7.1962,30.27,4.7,5.68,53.05,0.92
galkayo,20170422,6.77,47.43,7.5475,30.19,4.63,5.61,53.42,0.9
galkayo,20170423,6.77,47.43,7.3601,29.93,3.5,4.6,51.39,0.62
galkayo,20170424,6.77,47.43,7.4093,31.01,4.15,5.27,50.94,0.52
galkayo,20170425,6.77,47.43,7.1494,31.33,4.47,5.76,49.0,0.91
galkayo,20170426,6.77,47.43,6.7898,31.87,4.1,5.33,46.93,0.17
galkayo,20170427,6.77,47.43,6.7334,31.19,3.88,4.87,50.56,0.49
galkayo,20170428,6.77,47.43,5.5922,28.31,4.49,5.86,61.64,2.78
galkayo,20170429,6.77,47.43,6.4824,29.02,3.61,4.73,60.69,4.06
galkayo,20170430,6.77,47.43,6.8808,28.28,2.98,3.92,64.45,0.79
galkayo,20170501,6.77,47.43,6.4795,27.91,2.15,3.25,68.11,5.22
galkayo,20170502,6.77,47.43,5.5085,27.57,2.15,3.26,69.43,4.65
galkayo,20170503,6.77,47.43,6.8573,28.14,3.88,5.11,66.39,1.44
galkayo,20170504,6.77,47.43,7.1438,28.37,4.41,5.63,64.19,0.35
galkayo,20170505,6.77,47.43,7.0109,29.27,4.27,5.43,60.83,0.08
galkayo,20170506,6.77,47.43,6.9355,29.13,4.06,5.16,60.09,0.0
galkayo,20170507,6.77,47.43,6.7838,29.32,4.72,5.77,61.04,0.0
galkayo,20170508,6.77,47.43,6.8808,29.9,4.68,5.78,55.12,0.0
galkayo,20170509,6.77,47.43,6.373,30.15,3.98,5.05,54.6,0.0
galkayo,20170510,6.77,47.43,6.8275,30.64,3.49,4.52,54.13,0.0
galkayo,20170511,6.77,47.43,6.5071,31.26,3.9,5.07,52.77,0.2
galkayo,20170512,6.77,47.43,6.54,31.5,4.75,6.06,51.2,0.2
galkayo,20170513,6.77,47.43,4.0793,29.76,4.75,6.28,53.81,0.46
galkayo,20170514,6.77,47.43,6.3725,30.33,4.78,6.35,53.14,0.24
galkayo,20170515,6.77,47.43,6.7008,29.86,4.54,6.04,51.62,0.07
galkayo,20170516,6.77,47.43,6.5705,30.17,4.2,5.41,56.04,2.17
galkayo,20170517,6.77,47.43,4.3178,26.94,4.7,6.3,70.86,5.71
galkayo,20170518,6.77,47.43,6.7092,28.28,5.48,7.81,65.12,4.63
galkayo,20170519,6.77,47.43,6.4541,28.75,6.31,8.84,60.44,0.56
galkayo,20170520,6.77,47.43,6.9413,29.89,5.97,8.4,54.89,0.3
galkayo,20170521,6.77,47.43,6.913,29.73,5.99,8.67,53.6,2.52
galkayo,20170522,6.77,47.43,7.0699,30.51,6.46,8.92,52.07,0.32
galkayo,20170523,6.77,47.43,6.4205,30.61,6.57,8.89,51.97,0.66
galkayo,20170524,6.77,47.43,7.0387,28.65,5.82,8.11,55.44,2.64
galkayo,20170525,6.77,47.43,6.7565,30.37,6.16,8.33,50.91,0.44
galkayo,20170526,6.77,47.43,6.8258,29.31,5.29,7.38,53.69,0.16
galkayo,20170527,6.77,47.43,6.9449,31.4,5.76,7.81,47.83,0.0
galkayo,20170528,6.77,47.43,4.633,30.4,5.97,7.59,54.74,0.39
galkayo,20170529,6.77,47.43,3.8443,26.18,6.14,7.68,66.48,0.25
galkayo,20170530,6.77,47.43,6.7279,29.16,6.66,9.06,51.06,0.03
galkayo,20170531,6.77,47.43,6.954,30.86,6.97,9.4,43.65,0.04
galkayo,20170601,6.77,47.43,6.8532,31.53,6.76,9.13,42.26,0.0
galkayo,20170602,6.77,47.43,6.3163,32.08,7.82,10.15,42.86,0.14
galkayo,20170603,6.77,47.43,6.4068,30.9,9.02,11.44,46.09,0.06
galkayo,20170604,6.77,47.43,5.7312,30.45,8.4,10.65,46.57,0.04
galkayo,20170605,6.77,47.43,6.1618,30.71,7.86,10.01,44.65,0.05
galkayo,20170606,6.77,47.43,5.5166,30.63,8.39,10.63,47.09,0.05
galkayo,20170607,6.77,47.43,5.0767,30.03,8.47,10.65,48.88,0.03
galkayo,20170608,6.77,47.43,6.2662,30.4,7.68,9.72,46.35,0.03
galkayo,20170609,6.77,47.43,6.3398,30.21,8.0,10.06,46.94,0.0
galkayo,20170610,6.77,47.43,6.6396,30.15,8.03,10.39,42.06,0.01
galkayo,20170611,6.77,47.43,6.2388,30.01,8.3,10.52,44.58,0.0
galkayo,20170612,6.77,47.43,6.7906,30.61,7.68,9.94,43.32,0.0
galkayo,20170613,6.77,47.43,6.7118,31.03,6.77,8.63,47.03,0.04
galkayo,20170614,6.77,47.43,5.9719,31.45,6.65,8.53,46.27,0.29
galkayo,20170615,6.77,47.43,6.5971,31.44,7.28,9.33,46.04,0.02
galkayo,20170616,6.77,47.43,6.1339,31.24,8.52,10.62,47.56,0.04
galkayo,20170617,6.77,47.43,5.4559,29.97,8.32,10.37,50.44,0.04
galkayo,20170618,6.77,47.43,6.9732,29.7,7.81,9.85,48.6,0.0
galkayo,20170619,6.77,47.43,6.995,29.32,8.27,10.24,47.97,0.0
galkayo,20170620,6.77,47.43,7.1242,30.3,7.76,10.14,42.14,0.0
galkayo,20170621,6.77,47.43,6.7841,30.26,8.32,10.61,43.63,0.0
galkayo,20170622,6.77,47.43,6.5978,30.32,8.35,10.52,46.26,0.0
galkayo,20170623,6.77,47.43,6.5191,29.25,7.92,10.1,50.69,0.0
galkayo,20170624,6.77,47.43,6.4584,29.97,7.91,9.9,47.48,0.0
galkayo,20170625,6.77,47.43,7.0447,29.52,7.73,10.12,44.12,0.0
galkayo,20170626,6.77,47.43,6.611,29.73,9.08,11.3,46.05,0.0
galkayo,20170627,6.77,47.43,6.5364,29.21,8.63,10.74,47.42,0.0
galkayo,20170628,6.77,47.43,5.8361,28.99,8.38,10.42,48.25,0.0
galkayo,20170629,6.77,47.43,5.9297,29.25,9.05,11.3,48.45,0.0
galkayo,20170630,6.77,47.43,4.9337,29.36,10.29,12.93,47.45,0.09
galkayo,20170701,6.77,47.43,5.1077,28.88,9.99,12.41,51.36,0.55
galkayo,20170702,6.77,47.43,5.3083,28.8,9.39,11.76,46.73,0.04
galkayo,20170703,6.77,47.43,3.348,28.16,9.33,11.6,50.97,0.16
galkayo,20170704,6.77,47.43,4.8475,28.24,8.95,11.18,50.01,0.55
galkayo,20170705,6.77,47.43,5.0446,28.93,9.01,11.16,49.75,0.0
galkayo,20170706,6.77,47.43,6.9398,28.58,9.7,12.2,44.28,0.0
galkayo,20170707,6.77,47.43,5.7871,28.67,10.16,12.7,48.07,0.0
galkayo,20170708,6.77,47.43,5.849,28.85,10.19,12.75,45.64,0.0
galkayo,20170709,6.77,47.43,6.7277,28.61,9.42,11.96,44.78,0.0
galkayo,20170710,6.77,47.43,4.717,27.86,9.23,11.48,51.18,0.13
galkayo,20170711,6.77,47.43,3.8642,27.79,8.77,10.91,53.47,0.11
galkayo,20170712,6.77,47.43,4.505,27.51,9.26,11.62,50.0,0.04
galkayo,20170713,6.77,47.43,4.7184,27.47,9.1,11.54,44.09,0.0
galkayo,20170714,6.77,47.43,4.7467,28.49,9.26,11.66,44.49,0.0
galkayo,20170715,6.77,47.43,5.9904,27.88,8.81,11.22,47.42,0.0
galkayo,20170716,6.77,47.43,6.0953,29.1,9.39,11.7,49.08,0.0
galkayo,20170717,6.77,47.43,6.1901,30.26,10.16,12.64,47.0,0.0
galkayo,20170718,6.77,47.43,6.4459,30.23,10.85,13.45,50.04,0.0
galkayo,20170719,6.77,47.43,5.3292,29.09,10.82,13.37,53.69,0.2
galkayo,20170720,6.77,47.43,4.4734,28.43,10.26,12.69,50.32,0.0
galkayo,20170721,6.77,47.43,5.5382,28.92,9.54,11.83,46.46,0.0
galkayo,20170722,6.77,47.43,5.7492,28.66,9.32,11.57,46.35,0.0
galkayo,20170723,6.77,47.43,4.5667,28.54,9.47,11.69,52.01,0.0
galkayo,20170724,6.77,47.43,5.0714,28.71,9.32,11.54,48.32,0.0
galkayo,20170725,6.77,47.43,6.4051,29.16,9.11,11.41,45.61,0.02
galkayo,20170726,6.77,47.43,5.6086,28.67,9.32,11.6,47.32,0.04
galkayo,20170727,6.77,47.43,6.12,29.19,9.13,11.3,46.31,0.0
galkayo,20170728,6.77,47.43,6.3641,29.45,9.08,11.29,47.75,0.0
galkayo,20170729,6.77,47.43,6.7193,29.45,9.18,11.32,47.43,0.0
galkayo,20170730,6.77,47.43,6.4313,28.22,8.15,10.28,48.01,0.0
galkayo,20170731,6.77,47.43,7.0598,28.67,7.53,9.76,44.56,0.0
galkayo,20170801,6.77,47.43,7.1954,30.13,8.79,10.92,46.33,0.01
galkayo,20170802,6.77,47.43,6.6382,29.46,10.11,12.42,46.34,0.05
galkayo,20170803,6.77,47.43,6.1634,28.66,9.84,12.04,48.0,0.0
galkayo,20170804,6.77,47.43,7.0505,28.72,8.89,11.19,45.47,0.0
galkayo,20170805,6.77,47.43,7.2686,28.7,9.35,11.72,45.58,0.0
galkayo,20170806,6.77,47.43,6.3343,29.05,9.62,11.87,46.52,0.0
galkayo,20170807,6.77,47.43,6.7114,29.1,10.21,12.56,47.1,0.0
galkayo,20170808,6.77,47.43,6.2726,28.96,10.24,12.57,45.17,0.0
galkayo,20170809,6.77,47.43,5.2169,28.28,10.08,12.36,49.8,0.01
galkayo,20170810,6.77,47.43,5.7367,28.49,9.99,12.37,45.69,0.01
galkayo,20170811,6.77,47.43,5.969,28.12,10.43,12.98,48.21,0.08
galkayo,20170812,6.77,47.43,6.72,29.18,9.74,12.13,45.36,0.02
galkayo,20170813,6.77,47.43,6.8328,29.88,9.45,11.69,45.46,0.0
galkayo,20170814,6.77,47.43,5.4902,29.61,9.37,11.48,50.89,0.0
galkayo,20170815,6.77,47.43,4.8142,29.33,9.04,10.97,52.11,0.0
galkayo,20170816,6.77,47.43,7.3337,29.32,7.38,9.42,44.31,0.0
galkayo,20170817,6.77,47.43,7.4496,30.38,6.95,8.79,45.21,0.0
galkayo,20170818,6.77,47.43,7.3942,30.44,7.52,9.66,43.84,0.0
galkayo,20170819,6.77,47.43,6.9569,30.2,9.17,11.22,51.72,0.11
galkayo,20170820,6.77,47.43,6.797,30.15,9.51,11.68,45.9,0.0
galkayo,20170821,6.77,47.43,7.4191,29.62,9.55,12.08,39.89,0.0
galkayo,20170822,6.77,47.43,7.0226,29.57,10.76,13.19,45.55,0.0
galkayo,20170823,6.77,47.43,5.9573,29.2,9.52,11.72,47.49,0.0
galkayo,20170824,6.77,47.43,6.7966,29.05,8.34,10.29,51.08,0.0
galkayo,20170825,6.77,47.43,6.6624,29.76,7.94,9.86,50.09,0.01
galkayo,20170826,6.77,47.43,7.2497,30.54,8.69,10.91,41.19,0.02
galkayo,20170827,6.77,47.43,5.6959,29.75,9.88,12.03,50.41,0.09
galkayo,20170828,6.77,47.43,7.2144,29.08,9.46,11.71,44.14,0.0
galkayo,20170829,6.77,47.43,6.7219,28.72,9.32,11.48,48.15,0.12
galkayo,20170830,6.77,47.43,5.7794,28.91,9.3,11.44,47.32,0.17
galkayo,20170831,6.77,47.43,6.1246,29.05,8.98,11.04,49.2,0.05
galkayo,20170901,6.77,47.43,5.4331,29.22,8.61,10.61,49.0,0.02
galkayo,20170902,6.77,47.43,6.7483,29.38,7.68,9.61,46.43,0.01
galkayo,20170903,6.77,47.43,6.1068,29.42,8.35,10.24,48.22,0.0
galkayo,20170904,6.77,47.43,6.5441,28.28,7.45,9.55,48.83,0.0
galkayo,20170905,6.77,47.43,7.1006,29.74,7.72,9.71,45.58,0.0
galkayo,20170906,6.77,47.43,7.3037,29.99,7.57,9.76,42.93,0.0
galkayo,20170907,6.77,47.43,7.1198,30.51,8.96,11.11,47.21,0.0
galkayo,20170908,6.77,47.43,5.568,29.61,9.16,11.18,50.12,0.0
galkayo,20170909,6.77,47.43,7.2158,28.88,7.61,9.7,47.28,0.0
galkayo,20170910,6.77,47.43,6.733,28.56,7.65,9.7,47.58,0.0
galkayo,20170911,6.77,47.43,7.2938,29.65,7.53,9.59,42.44,0.0
galkayo,20170912,6.77,47.43,7.2451,30.12,7.91,9.78,47.38,0.0
galkayo,20170913,6.77,47.43,6.1104,29.66,7.9,9.75,50.82,0.03
galkayo,20170914,6.77,47.43,6.1716,29.55,7.55,9.5,49.26,0.02
galkayo,20170915,6.77,47.43,7.021,30.24,6.91,8.59,47.88,0.01
galkayo,20170916,6.77,47.43,7.0718,30.29,6.47,7.92,49.32,0.02
galkayo,20170917,6.77,47.43,7.0402,29.99,6.46,7.89,50.09,0.02
galkayo,20170918,6.77,47.43,7.1762,29.79,6.09,7.39,51.41,0.06
galkayo,20170919,6.77,47.43,7.2394,29.95,5.62,6.96,49.69,0.04
galkayo,20170920,6.77,47.43,5.8642,30.04,6.13,7.43,50.67,0.03
galkayo,20170921,6.77,47.43,4.559,29.74,7.71,9.46,53.01,0.25
galkayo,20170922,6.77,47.43,5.1823,29.75,7.03,8.78,49.57,0.11
galkayo,20170923,6.77,47.43,7.0282,30.33,6.94,8.62,48.0,0.0
galkayo,20170924,6.77,47.43,6.1298,28.45,6.27,8.01,54.05,0.0
galkayo,20170925,6.77,47.43,7.0399,30.19,5.34,6.75,50.26,0.0
galkayo,20170926,6.77,47.43,6.8314,30.36,5.26,6.49,49.29,0.0
galkayo,20170927,6.77,47.43,5.929,29.24,4.87,6.19,51.96,0.0
galkayo,20170928,6.77,47.43,6.6811,28.34,5.31,6.76,52.91,0.01
galkayo,20170929,6.77,47.43,4.603,26.35,5.13,6.83,58.33,0.09
galkayo,20170930,6.77,47.43,5.3786,27.33,6.23,8.1,53.92,0.04
galkayo,20171001,6.77,47.43,6.8957,28.68,4.28,5.76,48.97,0.0
galkayo,20171002,6.77,47.43,6.984,29.95,5.82,7.32,48.91,0.0
galkayo,20171003,6.77,47.43,7.1004,30.62,5.54,6.89,49.02,0.0
galkayo,20171004,6.77,47.43,7.206,30.65,5.09,6.23,47.51,0.01
galkayo,20171005,6.77,47.43,6.2798,30.61,6.31,7.69,50.14,0.06
galkayo,20171006,6.77,47.43,7.0656,31.1,5.49,6.96,47.22,0.04
galkayo,20171007,6.77,47.43,6.5249,27.93,4.5,5.87,59.41,0.36
galkayo,20171008,6.77,47.43,5.0018,29.4,5.28,6.54,56.59,1.47
galkayo,20171009,6.77,47.43,5.8956,29.59,4.56,5.53,56.4,0.38
galkayo,20171010,6.77,47.43,4.5271,28.2,4.47,5.46,64.15,0.71
galkayo,20171011,6.77,47.43,5.262,28.54,3.85,5.0,62.26,6.15
galkayo,20171012,6.77,47.43,6.9593,28.79,3.1,4.53,57.6,0.16
galkayo,20171013,6.77,47.43,6.935,29.87,2.78,3.77,52.43,0.0
galkayo,20171014,6.77,47.43,5.9134,30.08,2.49,3.36,50.83,0.0
galkayo,20171015,6.77,47.43,6.839,29.89,4.54,5.89,51.13,0.0
galkayo,20171016,6.77,47.43,6.2414,30.62,4.58,5.89,50.76,0.01
galkayo,20171017,6.77,47.43,6.4541,28.36,4.41,5.56,58.07,0.01
galkayo,20171018,6.77,47.43,6.0314,29.76,3.43,4.24,56.01,0.09
galkayo,20171019,6.77,47.43,6.4999,29.14,3.31,4.15,58.15,0.16
galkayo,20171020,6.77,47.43,5.1694,30.04,3.49,4.26,56.09,0.35
galkayo,20171021,6.77,47.43,5.7079,30.57,3.99,5.24,50.26,0.15
galkayo,20171022,6.77,47.43,6.4716,31.21,3.64,4.64,48.86,0.07
galkayo,20171023,6.77,47.43,6.0979,30.18,3.14,4.07,52.08,0.72
galkayo,20171024,6.77,47.43,6.8616,28.97,4.67,5.7,53.95,0.44
galkayo,20171025,6.77,47.43,6.9094,28.24,4.67,5.85,54.29,0.47
galkayo,20171026,6.77,47.43,6.4579,27.97,5.79,6.95,60.77,0.4
galkayo,20171027,6.77,47.43,6.6461,28.61,5.64,6.85,60.38,1.22
galkayo,20171028,6.77,47.43,6.3857,28.9,5.76,7.01,59.8,0.87
galkayo,20171029,6.77,47.43,5.4922,28.05,5.52,6.72,61.06,1.59
galkayo,20171030,6.77,47.43,5.7907,28.53,4.42,5.4,57.78,0.4
galkayo,20171031,6.77,47.43,6.1586,28.05,3.47,4.37,61.05,2.02
galkayo,20171101,6.77,47.43,2.3088,26.53,3.84,4.88,72.83,10.55
galkayo,20171102,6.77,47.43,5.4864,26.04,2.38,3.53,70.96,2.33
galkayo,20171103,6.77,47.43,5.3681,26.84,2.61,3.68,70.39,3.69
galkayo,20171104,6.77,47.43,5.309,26.25,2.47,3.38,72.73,2.56
galkayo,20171105,6.77,47.43,5.5478,26.76,3.89,5.14,69.62,3.59
galkayo,20171106,6.77,47.43,6.0828,26.98,4.46,6.0,60.01,0.28
galkayo,20171107,6.77,47.43,6.6614,27.33,4.22,5.69,60.79,0.01
galkayo,20171108,6.77,47.43,6.3178,28.08,3.98,5.39,59.24,0.01
galkayo,20171109,6.77,47.43,6.3554,28.61,4.94,6.29,62.83,0.09
galkayo,20171110,6.77,47.43,4.8886,27.71,5.21,6.6,61.79,0.42
galkayo,20171111,6.77,47.43,5.6916,28.03,5.54,6.92,62.41,0.08
galkayo,20171112,6.77,47.43,6.7301,27.91,4.34,5.88,53.66,0.0
galkayo,20171113,6.77,47.43,6.805,27.15,4.21,6.07,51.19,0.0
galkayo,20171114,6.77,47.43,6.8604,26.56,4.8,6.96,47.82,0.0
galkayo,20171115,6.77,47.43,6.715,26.49,4.13,5.91,53.11,0.0
galkayo,20171116,6.77,47.43,6.5465,26.29,4.42,6.32,53.53,0.0
galkayo,20171117,6.77,47.43,6.6247,26.19,4.72,6.71,51.67,0.0
galkayo,20171118,6.77,47.43,6.8033,26.15,5.33,7.47,46.38,0.0
galkayo,20171119,6.77,47.43,6.6962,26.42,5.73,7.81,48.38,0.0
galkayo,20171120,6.77,47.43,6.6082,26.54,5.21,6.99,52.16,0.0
galkayo,20171121,6.77,47.43,6.6518,26.65,4.06,5.59,53.6,0.0
galkayo,20171122,6.77,47.43,6.3149,27.17,3.87,5.16,55.44,0.01
galkayo,20171123,6.77,47.43,6.3739,27.56,4.13,5.32,57.16,0.07
galkayo,20171124,6.77,47.43,5.4583,27.58,4.22,5.54,56.62,0.11
galkayo,20171125,6.77,47.43,6.6187,27.54,5.83,7.69,52.82,0.04
galkayo,20171126,6.77,47.43,3.5287,26.15,5.96,7.92,64.07,4.16
galkayo,20171127,6.77,47.43,5.8632,27.27,5.52,7.31,55.82,0.0
galkayo,20171128,6.77,47.43,6.5124,27.08,4.71,6.41,54.27,0.0
galkayo,20171129,6.77,47.43,6.6062,26.22,4.65,6.63,54.67,0.0
galkayo,20171130,6.77,47.43,6.7445,25.64,5.1,7.23,51.49,0.0
galkayo,20171201,6.77,47.43,6.6962,25.61,4.22,6.11,52.86,0.0
galkayo,20171202,6.77,47.43,6.4253,25.98,4.25,6.22,52.73,0.01
galkayo,20171203,6.77,47.43,6.6499,26.02,5.06,7.25,45.46,0.0
galkayo,20171204,6.77,47.43,6.6749,25.8,5.32,7.55,46.79,0.0
galkayo,20171205,6.77,47.43,6.5983,25.77,4.43,6.43,47.86,0.0
galkayo,20171206,6.77,47.43,6.5731,25.0,4.81,6.96,44.35,0.0
galkayo,20171207,6.77,47.43,6.5921,25.0,5.22,7.36,50.58,0.0
galkayo,20171208,6.77,47.43,6.6866,24.9,5.53,7.78,47.88,0.0
galkayo,20171209,6.77,47.43,5.8757,25.44,6.07,8.41,50.04,0.01
galkayo,20171210,6.77,47.43,6.4584,24.36,5.91,8.29,40.83,0.0
galkayo,20171211,6.77,47.43,6.5018,23.68,5.87,8.26,43.06,0.0
galkayo,20171212,6.77,47.43,6.497,23.44,5.67,8.04,45.47,0.0
galkayo,20171213,6.77,47.43,6.522,24.19,5.04,7.22,45.96,0.0
galkayo,20171214,6.77,47.43,6.6086,24.21,4.92,6.88,49.87,0.0
galkayo,20171215,6.77,47.43,6.354,25.2,4.45,5.98,57.38,0.0
galkayo,20171216,6.77,47.43,6.2436,26.71,5.45,6.86,57.88,0.0
galkayo,20171217,6.77,47.43,6.3545,26.84,5.63,7.2,56.81,0.04
galkayo,20171218,6.77,47.43,6.5057,26.26,6.16,8.15,49.95,0.0
galkayo,20171219,6.77,47.43,6.4865,25.43,6.65,8.99,44.61,0.0
galkayo,20171220,6.77,47.43,6.313,25.08,6.34,8.76,40.18,0.0
galkayo,20171221,6.77,47.43,6.1538,25.65,6.43,8.75,43.44,0.0
galkayo,20171222,6.77,47.43,6.2076,25.65,6.46,8.73,46.88,0.0
galkayo,20171223,6.77,47.43,6.4903,25.36,6.48,8.76,46.31,0.0
galkayo,20171224,6.77,47.43,6.4586,25.08,5.98,8.28,47.34,0.0
galkayo,20171225,6.77,47.43,6.2844,24.73,5.39,7.67,46.92,0.0
galkayo,20171226,6.77,47.43,6.5921,24.86,5.32,7.28,53.35,0.01
galkayo,20171227,6.77,47.43,6.6134,25.44,5.5,7.46,53.06,0.0
galkayo,20171228,6.77,47.43,6.6425,24.81,5.74,7.97,45.68,0.0
galkayo,20171229,6.77,47.43,6.6086,24.71,5.81,8.11,47.37,0.0
galkayo,20171230,6.77,47.43,6.5878,24.61,6.21,8.44,49.36,0.0
galkayo,20171231,6.77,47.43,6.5592,24.09,5.38,7.65,44.96,0.0
galkayo,20180101,6.77,47.43,6.6665,23.93,4.87,7.0,49.28,0.0
galkayo,20180102,6.77,47.43,6.4697,24.24,4.45,6.3,56.61,0.0
galkayo,20180103,6.77,47.43,6.5227,24.96,4.92,6.85,53.13,0.0
galkayo,20180104,6.77,47.43,6.6247,24.46,5.64,7.8,48.24,0.0
galkayo,20180105,6.77,47.43,6.7361,23.86,5.61,8.03,47.52,0.0
galkayo,20180106,6.77,47.43,6.72,23.72,5.49,7.76,50.88,0.0
galkayo,20180107,6.77,47.43,6.661,24.01,5.61,7.78,52.65,0.0
galkayo,20180108,6.77,47.43,6.5774,24.7,5.71,7.76,52.65,0.0
galkayo,20180109,6.77,47.43,6.4642,24.58,6.65,8.81,41.46,0.0
galkayo,20180110,6.77,47.43,5.9806,24.38,6.51,8.62,43.88,0.0
galkayo,20180111,6.77,47.43,6.4882,23.75,6.24,8.71,33.3,0.0
galkayo,20180112,6.77,47.43,6.8453,22.05,6.82,9.29,38.66,0.0
galkayo,20180113,6.77,47.43,6.5098,23.19,5.35,7.4,46.63,0.0
galkayo,20180114,6.77,47.43,6.3475,23.98,5.18,6.99,52.63,0.0
galkayo,20180115,6.77,47.43,6.5309,25.09,5.33,6.91,55.41,0.0
galkayo,20180116,6.77,47.43,6.3065,26.15,5.23,6.66,53.51,0.01
galkayo,20180117,6.77,47.43,6.5815,25.27,5.24,7.02,49.6,0.0
galkayo,20180118,6.77,47.43,6.5249,25.1,5.7,7.29,59.51,0.03
galkayo,20180119,6.77,47.43,6.3487,25.82,6.65,8.34,60.26,0.05
galkayo,20180120,6.77,47.43,6.6845,25.8,5.87,7.62,55.76,0.02
galkayo,20180121,6.77,47.43,6.7334,25.77,6.31,8.13,54.74,0.0
galkayo,20180122,6.77,47.43,6.811,25.79,6.91,8.77,53.6,0.0
galkayo,20180123,6.77,47.43,6.7978,25.02,5.26,7.02,49.29,0.0
galkayo,20180124,6.77,47.43,6.9374,23.63,4.29,6.0,51.21,0.0
galkayo,20180125,6.77,47.43,6.828,24.22,3.94,5.6,52.9,0.0
galkayo,20180126,6.77,47.43,6.6266,24.9,4.17,5.79,55.78,0.0
galkayo,20180127,6.77,47.43,6.5904,24.6,4.27,5.92,54.83,0.0
galkayo,20180128,6.77,47.43,6.9492,24.71,3.5,5.11,53.24,0.0
galkayo,20180129,6.77,47.43,7.0702,24.97,4.95,6.76,52.99,0.0
galkayo,20180130,6.77,47.43,7.0507,24.7,5.97,7.85,52.82,0.0
galkayo,20180131,6.77,47.43,6.8782,24.99,6.11,7.92,53.57,0.0
galkayo,20180201,6.77,47.43,6.6432,25.0,6.05,7.92,54.16,0.0
galkayo,20180202,6.77,47.43,6.8122,25.84,6.49,8.33,55.2,0.0
galkayo,20180203,6.77,47.43,6.5246,25.95,6.7,8.39,55.91,0.0
galkayo,20180204,6.77,47.43,6.7742,26.21,6.42,8.44,43.03,0.0
galkayo,20180205,6.77,47.43,6.8947,25.53,6.94,9.01,42.32,0.0
galkayo,20180206,6.77,47.43,7.1942,24.25,7.11,9.45,36.58,0.0
galkayo,20180207,6.77,47.43,7.319,23.57,6.42,8.72,42.79,0.0
galkayo,20180208,6.77,47.43,7.2655,24.58,5.02,6.79,49.8,0.0
galkayo,20180209,6.77,47.43,6.6322,26.02,4.25,5.65,54.23,0.0
galkayo,20180210,6.77,47.43,5.3177,27.02,5.72,7.01,57.82,0.0
galkayo,20180211,6.77,47.43,6.1598,27.28,5.39,6.66,54.84,0.0
galkayo,20180212,6.77,47.43,6.7531,26.73,5.31,6.59,52.09,0.0
galkayo,20180213,6.77,47.43,7.1069,25.99,5.12,6.48,53.64,0.0
galkayo,20180214,6.77,47.43,7.1789,26.11,5.45,6.85,54.77,0.0
galkayo,20180215,6.77,47.43,7.2761,26.35,5.67,7.09,54.35,0.0
galkayo,20180216,6.77,47.43,6.6163,26.56,5.91,7.28,52.48,0.0
galkayo,20180217,6.77,47.43,6.9809,26.9,5.93,7.17,57.49,0.0
galkayo,20180218,6.77,47.43,7.129,27.46,5.68,6.89,54.62,0.0
galkayo,20180219,6.77,47.43,6.3898,27.77,5.0,6.04,54.99,0.0
galkayo,20180220,6.77,47.43,6.2525,28.36,5.24,6.29,55.94,0.0
galkayo,20180221,6.77,47.43,6.6446,27.58,6.53,7.75,55.92,0.0
galkayo,20180222,6.77,47.43,7.1242,26.89,6.0,7.26,55.87,0.0
galkayo,20180223,6.77,47.43,6.5102,27.58,5.67,6.87,57.83,0.0
galkayo,20180224,6.77,47.43,6.7764,27.85,5.13,6.3,55.69,0.0
galkayo,20180225,6.77,47.43,6.2458,28.35,5.34,6.33,57.26,0.0
galkayo,20180226,6.77,47.43,6.5124,28.43,5.94,7.05,55.54,0.0
galkayo,20180227,6.77,47.43,6.6394,27.88,6.43,7.78,52.83,0.0
galkayo,20180228,6.77,47.43,7.1594,27.31,5.59,6.84,53.78,0.0
galkayo,20180301,6.77,47.43,7.2818,27.56,5.7,6.87,55.27,0.0
galkayo,20180302,6.77,47.43,6.7733,28.07,6.02,7.22,57.45,0.0
galkayo,20180303,6.77,47.43,6.9173,28.63,5.92,7.16,54.48,0.0
galkayo,20180304,6.77,47.43,7.1904,28.43,7.14,8.65,49.52,0.0
galkayo,20180305,6.77,47.43,7.2389,28.04,6.43,7.9,51.59,0.0
galkayo,20180306,6.77,47.43,7.2979,28.38,6.21,7.65,53.14,0.0
galkayo,20180307,6.77,47.43,7.3284,28.14,6.39,7.99,48.35,0.0
galkayo,20180308,6.77,47.43,7.5142,27.08,5.85,7.82,39.01,0.0
galkayo,20180309,6.77,47.43,7.735,26.2,5.76,7.66,43.17,0.0
galkayo,20180310,6.77,47.43,7.7412,25.81,5.47,7.15,48.57,0.0
galkayo,20180311,6.77,47.43,7.6627,26.86,5.26,6.72,54.02,0.0
galkayo,20180312,6.77,47.43,7.0358,28.46,5.43,6.6,56.7,0.0
galkayo,20180313,6.77,47.43,6.3622,29.06,5.18,6.23,54.62,0.0
galkayo,20180314,6.77,47.43,7.2864,28.64,5.86,7.12,53.1,0.0
galkayo,20180315,6.77,47.43,7.3003,28.04,6.43,7.88,51.33,0.0
galkayo,20180316,6.77,47.43,7.277,27.54,6.2,7.56,52.65,0.0
galkayo,20180317,6.77,47.43,7.4196,28.06,5.78,7.06,53.41,0.0
galkayo,20180318,6.77,47.43,7.1642,28.3,6.35,7.7,54.19,0.0
galkayo,20180319,6.77,47.43,7.2502,28.2,6.99,8.51,53.56,0.0
galkayo,20180320,6.77,47.43,7.4009,28.19,6.32,7.72,52.24,0.0
galkayo,20180321,6.77,47.43,6.8683,29.27,5.68,6.83,54.36,0.0
galkayo,20180322,6.77,47.43,6.324,29.79,4.53,5.42,53.78,0.6
galkayo,20180323,6.77,47.43,5.0126,29.14,3.68,4.65,55.26,2.47
galkayo,20180324,6.77,47.43,7.2583,28.9,4.77,6.09,47.76,0.1
galkayo,20180325,6.77,47.43,7.5343,27.85,5.35,6.86,49.97,0.0
galkayo,20180326,6.77,47.43,7.4422,28.63,6.33,7.71,56.71,0.06
galkayo,20180327,6.77,47.43,7.2175,29.35,5.84,7.19,54.03,0.0
galkayo,20180328,6.77,47.43,7.3778,29.2,5.81,7.24,51.0,0.0
galkayo,20180329,6.77,47.43,7.2583,29.11,5.73,6.98,55.95,0.0
galkayo,20180330,6.77,47.43,6.9574,29.4,4.89,5.95,57.3,0.0
galkayo,20180331,6.77,47.43,7.3769,30.18,4.54,5.57,51.32,0.0
galkayo,20180401,6.77,47.43,7.1064,30.45,4.59,5.64,52.55,0.18
galkayo,20180402,6.77,47.43,7.129,30.36,4.9,5.97,54.0,0.31
galkayo,20180403,6.77,47.43,6.5839,29.84,5.93,7.11,57.32,0.51
galkayo,20180404,6.77,47.43,6.456,29.89,5.9,7.04,58.45,0.92
galkayo,20180405,6.77,47.43,5.5085,28.34,3.77,4.67,63.37,1.93
galkayo,20180406,6.77,47.43,3.9336,27.15,2.98,4.03,72.09,9.3
galkayo,20180407,6.77,47.43,6.943,28.13,3.69,4.85,67.31,2.27
galkayo,20180408,6.77,47.43,6.816,28.84,4.77,6.02,62.35,0.98
galkayo,20180409,6.77,47.43,7.2269,28.85,4.42,5.54,59.76,1.05
galkayo,20180410,6.77,47.43,7.2307,28.66,4.38,5.51,60.04,0.56
galkayo,20180411,6.77,47.43,6.3655,28.88,4.46,5.38,61.77,1.36
galkayo,20180412,6.77,47.43,5.2618,28.54,3.5,4.34,60.27,1.07
galkayo,20180413,6.77,47.43,6.4963,28.9,3.92,4.75,63.73,0.53
galkayo,20180414,6.77,47.43,6.0907,27.28,2.22,3.07,68.92,0.83
galkayo,20180415,6.77,47.43,6.7399,28.23,2.41,3.39,65.51,2.36
galkayo,20180416,6.77,47.43,3.6914,27.66,2.38,3.49,67.61,0.8
galkayo,20180417,6.77,47.43,6.1111,27.34,2.27,3.47,66.96,1.41
galkayo,20180418,6.77,47.43,5.7643,27.94,2.24,3.16,63.94,0.57
galkayo,20180419,6.77,47.43,5.8742,28.11,4.56,5.83,63.27,2.14
galkayo,20180420,6.77,47.43,6.973,28.28,3.96,5.25,59.96,0.23
galkayo,20180421,6.77,47.43,7.187,29.22,3.95,5.0,59.67,0.16
galkayo,20180422,6.77,47.43,7.1033,29.67,4.23,5.18,59.36,0.36
galkayo,20180423,6.77,47.43,6.9139,29.25,4.38,5.35,60.72,0.24
galkayo,20180424,6.77,47.43,6.5518,28.18,3.67,4.4,68.14,0.31
galkayo,20180425,6.77,47.43,5.0302,27.72,3.35,4.18,69.0,0.62
galkayo,20180426,6.77,47.43,6.7332,29.19,3.55,4.41,58.24,0.24
galkayo,20180427,6.77,47.43,6.1481,29.47,3.89,4.86,58.94,1.31
galkayo,20180428,6.77,47.43,6.1332,27.21,3.33,4.58,65.76,0.31
galkayo,20180429,6.77,47.43,5.7101,29.42,4.62,6.55,58.37,3.17
galkayo,20180430,6.77,47.43,6.4802,28.57,4.34,6.02,65.51,7.73
galkayo,20180501,6.77,47.43,5.8771,26.64,4.63,6.13,73.81,1.66
galkayo,20180502,6.77,47.43,5.8728,27.97,3.15,4.64,61.14,0.24
galkayo,20180503,6.77,47.43,6.6869,28.77,3.2,4.36,61.56,1.51
galkayo,20180504,6.77,47.43,7.0034,28.47,3.39,4.73,61.99,0.26
galkayo,20180505,6.77,47.43,7.074,29.44,3.35,4.45,59.58,0.13
galkayo,20180506,6.77,47.43,7.2007,29.43,3.42,4.72,57.18,0.0
galkayo,20180507,6.77,47.43,7.1047,29.31,2.85,4.25,56.43,0.0
galkayo,20180508,6.77,47.43,6.7262,30.47,3.58,4.9,55.58,0.0
galkayo,20180509,6.77,47.43,6.9089,31.26,4.72,6.45,47.93,0.0
galkayo,20180510,6.77,47.43,6.9569,31.94,4.85,6.39,45.95,0.0
galkayo,20180511,6.77,47.43,4.5079,27.6,4.27,6.0,70.08,7.74
galkayo,20180512,6.77,47.43,6.6422,28.84,3.35,4.81,64.19,0.58
galkayo,20180513,6.77,47.43,4.6822,27.86,2.59,3.87,68.59,9.33
galkayo,20180514,6.77,47.43,5.8834,28.42,3.18,4.72,68.47,0.41
galkayo,20180515,6.77,47.43,5.207,26.25,4.42,6.23,74.53,0.9
galkayo,20180516,6.77,47.43,6.3317,28.3,5.37,7.53,60.95,0.02
galkayo,20180517,6.77,47.43,5.795,28.83,6.99,9.43,58.08,0.0
galkayo,20180518,6.77,47.43,5.4079,28.03,6.23,8.55,60.59,0.03
galkayo,20180519,6.77,47.43,5.6738,29.09,5.98,7.77,57.51,0.06
galkayo,20180520,6.77,47.43,4.7453,25.17,3.69,4.45,76.34,0.13
galkayo,20180521,6.77,47.43,6.348,27.08,4.35,6.12,60.56,1.63
galkayo,20180522,6.77,47.43,6.4138,29.72,5.23,7.1,53.31,0.37
galkayo,20180523,6.77,47.43,6.0907,29.3,6.98,9.12,54.44,0.19
galkayo,20180524,6.77,47.43,6.3355,29.64,7.95,10.37,47.21,0.03
galkayo,20180525,6.77,47.43,6.5945,30.07,7.46,9.81,47.56,0.01
galkayo,20180526,6.77,47.43,6.2758,30.69,7.74,9.92,49.88,0.0
galkayo,20180527,6.77,47.43,6.3365,30.72,7.87,10.04,49.61,0.0
galkayo,20180528,6.77,47.43,6.8148,30.22,7.79,10.2,44.62,0.0
galkayo,20180529,6.77,47.43,7.032,30.22,7.06,9.44,43.53,0.0
galkayo,20180530,6.77,47.43,6.5102,30.54,7.19,9.38,47.33,0.0
galkayo,20180531,6.77,47.43,5.0369,29.97,7.21,9.3,55.94,2.24
galkayo,20180601,6.77,47.43,5.5586,27.98,6.93,9.28,65.83,6.88
galkayo,20180602,6.77,47.43,6.4303,27.82,7.38,9.92,58.17,0.78
galkayo,20180603,6.77,47.43,5.4454,27.83,7.57,10.23,52.09,0.49
galkayo,20180604,6.77,47.43,4.7657,28.49,8.6,11.13,54.85,0.75
galkayo,20180605,6.77,47.43,5.6422,28.91,8.75,11.28,51.39,0.02
galkayo,20180606,6.77,47.43,3.8818,28.99,9.42,11.96,50.93,0.0
galkayo,20180607,6.77,47.43,5.0354,28.57,8.3,10.5,53.81,0.05
galkayo,20180608,6.77,47.43,4.3546,28.73,8.21,10.21,56.58,0.25
galkayo,20180609,6.77,47.43,5.2807,29.34,8.3,10.67,49.84,0.02
galkayo,20180610,6.77,47.43,6.0386,28.88,8.52,10.83,49.9,0.0
galkayo,20180611,6.77,47.43,6.8378,28.99,8.05,10.52,44.21,0.0
galkayo,20180612,6.77,47.43,6.2251,29.16,8.96,11.45,52.02,0.0
galkayo,20180613,6.77,47.43,6.2486,29.17,9.0,11.53,47.18,0.0
galkayo,20180614,6.77,47.43,5.76,29.19,8.86,11.23,47.77,0.0
galkayo,20180615,6.77,47.43,5.7005,29.23,8.23,10.4,46.2,0.0
galkayo,20180616,6.77,47.43,5.5558,29.0,7.89,10.0,50.68,0.0
galkayo,20180617,6.77,47.43,6.3691,28.74,7.52,9.56,51.41,0.0
galkayo,20180618,6.77,47.43,6.2354,28.87,7.84,9.68,54.52,0.0
galkayo,20180619,6.77,47.43,6.4829,28.79,7.34,9.29,50.88,0.0
galkayo,20180620,6.77,47.43,6.8069,29.1,7.16,9.45,45.15,0.0
galkayo,20180621,6.77,47.43,6.6389,29.42,7.92,10.34,43.92,0.01
galkayo,20180622,6.77,47.43,6.7807,29.55,8.88,11.43,45.78,0.0
galkayo,20180623,6.77,47.43,4.4525,29.3,9.38,11.83,49.52,0.41
galkayo,20180624,6.77,47.43,5.8001,28.66,8.87,11.23,49.28,0.05
galkayo,20180625,6.77,47.43,4.1542,28.52,8.37,10.45,51.83,1.3
galkayo,20180626,6.77,47.43,5.653,28.76,7.69,9.82,50.4,0.72
galkayo,20180627,6.77,47.43,6.6598,29.03,7.76,10.1,45.02,0.0
galkayo,20180628,6.77,47.43,6.9115,29.18,7.6,10.06,42.43,0.0
galkayo,20180629,6.77,47.43,6.781,29.56,8.89,11.34,46.27,0.0
galkayo,20180630,6.77,47.43,6.7697,29.47,8.2,10.39,48.11,0.0
galkayo,20180701,6.77,47.43,6.318,29.07,8.72,10.84,51.77,0.0
galkayo,20180702,6.77,47.43,6.5218,28.7,8.61,10.85,48.6,0.0
galkayo,20180703,6.77,47.43,4.9495,28.39,9.15,11.33,51.58,0.0
galkayo,20180704,6.77,47.43,5.9038,27.64,9.23,11.51,47.41,0.0
galkayo,20180705,6.77,47.43,4.8893,27.83,10.13,12.63,49.28,0.02
galkayo,20180706,6.77,47.43,5.5435,27.91,10.25,12.82,50.28,0.0
galkayo,20180707,6.77,47.43,5.1238,28.2,10.17,12.81,47.48,0.0
galkayo,20180708,6.77,47.43,5.8332,28.38,10.07,12.65,47.51,0.32
galkayo,20180709,6.77,47.43,4.967,28.15,10.69,13.31,50.07,0.01
galkayo,20180710,6.77,47.43,4.9087,27.64,9.68,12.14,50.86,0.4
galkayo,20180711,6.77,47.43,6.3103,28.18,10.77,13.4,47.58,0.03
galkayo,20180712,6.77,47.43,6.451,28.28,10.41,13.24,44.15,0.03
galkayo,20180713,6.77,47.43,6.5532,28.11,9.54,12.15,47.13,0.0
galkayo,20180714,6.77,47.43,6.4294,28.06,9.63,11.95,49.58,0.01
galkayo,20180715,6.77,47.43,4.5461,27.93,9.66,12.03,51.07,0.16
galkayo,20180716,6.77,47.43,4.5329,27.58,10.19,12.72,49.5,0.04
galkayo,20180717,6.77,47.43,6.7159,27.61,9.53,12.14,43.86,0.0
galkayo,20180718,6.77,47.43,4.3589,27.69,9.89,12.38,48.17,0.01
galkayo,20180719,6.77,47.43,4.835,27.54,9.85,12.3,48.66,0.03
galkayo,20180720,6.77,47.43,4.8797,27.92,9.82,12.21,47.32,0.0
galkayo,20180721,6.77,47.43,4.2929,27.89,9.59,11.85,49.45,0.09
galkayo,20180722,6.77,47.43,5.2457,27.81,9.31,11.58,48.59,0.0
galkayo,20180723,6.77,47.43,5.5894,28.12,9.65,11.99,47.41,0.03
galkayo,20180724,6.77,47.43,4.867,27.23,9.08,11.39,47.97,0.01
galkayo,20180725,6.77,47.43,6.1217,27.66,8.86,11.04,45.56,0.06
galkayo,20180726,6.77,47.43,6.8354,28.44,8.12,10.35,41.66,0.05
galkayo,20180727,6.77,47.43,6.9914,29.6,8.19,10.53,40.55,0.0
galkayo,20180728,6.77,47.43,7.2396,29.79,8.47,10.85,44.77,0.0
galkayo,20180729,6.77,47.43,7.08,29.44,8.6,10.9,48.41,0.04
galkayo,20180730,6.77,47.43,7.0241,29.25,8.56,10.81,46.24,0.01
galkayo,20180731,6.77,47.43,6.9989,29.26,7.96,9.95,50.18,0.02
galkayo,20180801,6.77,47.43,6.8446,29.49,8.26,10.24,49.08,0.08
galkayo,20180802,6.77,47.43,6.7966,29.15,8.67,10.59,50.01,0.02
galkayo,20180803,6.77,47.43,6.6259,28.48,8.46,10.54,49.1,0.42
galkayo,20180804,6.77,47.43,6.835,28.32,7.93,9.81,49.67,0.0
galkayo,20180805,6.77,47.43,6.6751,28.98,7.57,9.49,46.6,0.0
galkayo,20180806,6.77,47.43,6.798,29.13,7.71,9.64,47.93,0.0
galkayo,20180807,6.77,47.43,7.1993,29.34,8.34,10.66,43.84,0.0
galkayo,20180808,6.77,47.43,7.3219,29.95,9.32,11.55,46.62,0.0
galkayo,20180809,6.77,47.43,5.4965,28.51,9.72,11.9,53.27,0.44
galkayo,20180810,6.77,47.43,6.39,27.59,8.65,10.77,51.0,0.12
galkayo,20180811,6.77,47.43,6.9977,28.21,8.13,10.18,48.41,0.27
galkayo,20180812,6.77,47.43,6.9655,28.41,9.55,11.62,53.67,0.72
galkayo,20180813,6.77,47.43,5.1288,27.09,10.07,12.51,51.9,0.99
galkayo,20180814,6.77,47.43,6.5556,27.29,9.26,11.56,50.17,0.0
galkayo,20180815,6.77,47.43,5.1245,28.08,10.03,12.27,52.4,0.09
galkayo,20180816,6.77,47.43,5.9434,28.09,9.66,11.94,50.6,0.03
galkayo,20180817,6.77,47.43,5.3194,28.03,10.02,12.35,49.66,0.07
galkayo,20180818,6.77,47.43,5.6911,27.93,9.5,11.74,48.9,0.0
galkayo,20180819,6.77,47.43,6.4454,28.04,8.96,11.16,47.37,0.0
galkayo,20180820,6.77,47.43,5.5567,28.34,9.64,11.92,50.97,0.19
galkayo,20180821,6.77,47.43,6.4682,28.55,9.7,11.92,48.75,0.35
galkayo,20180822,6.77,47.43,5.4782,27.3,8.81,11.07,50.8,0.9
galkayo,20180823,6.77,47.43,6.8141,28.3,8.33,10.48,48.76,0.0
galkayo,20180824,6.77,47.43,6.7826,28.71,8.87,10.94,51.12,0.0
galkayo,20180825,6.77,47.43,6.7658,28.56,8.97,11.11,50.66,0.0
galkayo,20180826,6.77,47.43,5.5666,28.37,9.29,11.42,52.61,0.0
galkayo,20180827,6.77,47.43,6.595,28.71,8.98,11.03,50.06,0.0
galkayo,20180828,6.77,47.43,6.7114,28.01,9.01,11.02,49.64,0.0
galkayo,20180829,6.77,47.43,4.3603,26.69,9.24,11.45,55.76,0.0
galkayo,20180830,6.77,47.43,5.0686,27.71,9.33,11.34,54.15,0.0
galkayo,20180831,6.77,47.43,7.092,28.07,8.24,10.2,47.2,0.0
galkayo,20180901,6.77,47.43,7.0769,27.16,7.53,9.56,50.15,0.0
galkayo,20180902,6.77,47.43,6.996,28.55,7.3,9.19,46.43,0.0
galkayo,20180903,6.77,47.43,6.9154,28.91,6.89,8.48,50.57,0.0
galkayo,20180904,6.77,47.43,7.1378,28.87,6.55,7.99,53.35,0.0
galkayo,20180905,6.77,47.43,7.277,29.18,6.33,7.73,50.42,0.0
galkayo,20180906,6.77,47.43,5.6198,28.92,7.51,9.17,50.74,0.0
galkayo,20180907,6.77,47.43,7.4006,28.85,7.51,9.37,49.53,0.0
galkayo,20180908,6.77,47.43,7.3716,29.91,6.52,8.36,47.73,0.0
galkayo,20180909,6.77,47.43,7.4647,30.44,7.13,8.96,47.03,0.0
galkayo,20180910,6.77,47.43,7.3894,30.72,7.01,8.74,47.85,0.0
galkayo,20180911,6.77,47.43,6.6362,29.7,7.36,8.89,51.45,0.0
galkayo,20180912,6.77,47.43,7.0898,29.7,6.47,7.89,49.39,0.0
galkayo,20180913,6.77,47.43,7.2845,30.45,6.36,7.89,47.49,0.0
galkayo,20180914,6.77,47.43,6.8011,30.49,6.83,8.34,49.96,0.0
galkayo,20180915,6.77,47.43,5.1907,30.25,7.03,8.62,51.98,0.0
galkayo,20180916,6.77,47.43,6.8585,30.18,7.0,8.53,49.58,0.0
galkayo,20180917,6.77,47.43,7.1206,29.77,6.86,8.43,47.95,0.0
galkayo,20180918,6.77,47.43,7.3099,29.53,6.44,8.01,46.72,0.0
galkayo,20180919,6.77,47.43,7.3159,29.73,6.14,7.59,47.86,0.0
galkayo,20180920,6.77,47.43,7.3231,30.58,7.0,8.75,45.3,0.0
galkayo,20180921,6.77,47.43,7.0087,29.84,6.99,8.78,47.48,0.0
galkayo,20180922,6.77,47.43,6.2462,30.43,6.64,8.32,47.59,0.0
galkayo,20180923,6.77,47.43,7.0493,30.35,6.61,8.15,46.42,0.02
galkayo,20180924,6.77,47.43,6.2434,29.98,6.7,8.25,51.02,0.04
galkayo,20180925,6.77,47.43,4.6627,30.36,6.23,7.81,49.5,0.08
galkayo,20180926,6.77,47.43,6.707,30.43,5.47,6.78,50.25,0.01
galkayo,20180927,6.77,47.43,6.8422,30.72,5.82,7.13,51.3,0.03
galkayo,20180928,6.77,47.43,5.3131,29.86,5.28,6.47,55.69,2.07
galkayo,20180929,6.77,47.43,4.8046,28.33,4.97,6.26,64.27,11.96
galkayo,20180930,6.77,47.43,6.5246,27.78,5.21,6.74,62.9,0.31
galkayo,20181001,6.77,47.43,6.5657,27.79,4.58,5.96,62.77,0.97
galkayo,20181002,6.77,47.43,5.7382,27.61,4.23,5.54,63.5,1.53
galkayo,20181003,6.77,47.43,5.525,28.04,4.03,5.37,60.66,0.57
galkayo,20181004,6.77,47.43,6.5765,28.79,3.56,4.71,59.3,0.27
galkayo,20181005,6.77,47.43,6.5962,27.77,3.91,5.17,61.35,0.13
galkayo,20181006,6.77,47.43,5.9143,28.98,4.7,6.44,55.22,0.2
galkayo,20181007,6.77,47.43,6.0182,29.21,4.8,6.69,52.03,0.04
galkayo,20181008,6.77,47.43,6.6893,29.69,4.35,5.78,50.66,0.0
galkayo,20181009,6.77,47.43,5.141,29.02,5.32,6.79,52.45,0.01
galkayo,20181010,6.77,47.43,6.1332,29.44,4.07,5.56,53.31,0.04
galkayo,20181011,6.77,47.43,6.9602,30.41,4.17,5.54,48.29,0.0
galkayo,20181012,6.77,47.43,7.0039,30.72,4.42,5.79,47.5,0.0
galkayo,20181013,6.77,47.43,6.4361,30.96,4.4,5.66,48.75,0.01
galkayo,20181014,6.77,47.43,5.6918,29.97,5.22,6.31,55.36,0.28
galkayo,20181015,6.77,47.43,5.1658,29.13,5.53,6.59,56.79,0.34
galkayo,20181016,6.77,47.43,5.2106,28.4,5.15,6.18,57.5,0.16
galkayo,20181017,6.77,47.43,6.5549,28.11,5.45,6.53,56.28,0.02
galkayo,20181018,6.77,47.43,6.6161,28.29,5.06,6.19,55.65,0.01
galkayo,20181019,6.77,47.43,6.5369,28.54,4.16,5.3,53.93,0.01
galkayo,20181020,6.77,47.43,6.0089,29.23,4.78,5.83,54.38,0.01
galkayo,20181021,6.77,47.43,5.5574,29.12,4.57,5.55,52.72,0.01
galkayo,20181022,6.77,47.43,5.7187,28.6,4.23,5.25,53.83,0.02
galkayo,20181023,6.77,47.43,5.2654,28.94,3.7,4.64,53.34,0.21
galkayo,20181024,6.77,47.43,5.532,29.18,3.73,4.63,56.78,1.48
galkayo,20181025,6.77,47.43,5.7967,28.72,4.83,5.81,61.42,1.26
galkayo,20181026,6.77,47.43,6.2796,28.59,5.68,6.83,59.43,0.18
galkayo,20181027,6.77,47.43,6.9026,28.61,4.64,5.89,55.76,0.22
galkayo,20181028,6.77,47.43,6.5338,28.69,4.17,5.33,53.83,0.03
galkayo,20181029,6.77,47.43,6.5614,28.38,4.7,5.81,52.38,0.02
galkayo,20181030,6.77,47.43,6.6019,28.41,4.48,5.65,52.24,0.03
galkayo,20181031,6.77,47.43,6.5477,28.32,5.95,7.42,50.34,0.01
galkayo,20181101,6.77,47.43,6.775,27.76,5.11,6.53,47.44,0.0
galkayo,20181102,6.77,47.43,6.6103,27.69,4.68,6.19,50.28,0.0
galkayo,20181103,6.77,47.43,6.5652,27.39,3.88,5.28,51.01,0.0
galkayo,20181104,6.77,47.43,6.3228,28.31,3.96,5.05,54.25,0.0
galkayo,20181105,6.77,47.43,5.4178,28.91,4.09,5.12,54.03,0.0
galkayo,20181106,6.77,47.43,6.0444,28.84,4.86,6.02,55.46,0.0
galkayo,20181107,6.77,47.43,5.6393,28.92,4.93,6.06,56.53,0.08
galkayo,20181108,6.77,47.43,6.0634,28.97,5.73,6.99,55.83,0.08
galkayo,20181109,6.77,47.43,5.4125,28.83,5.11,6.27,59.23,0.64
galkayo,20181110,6.77,47.43,5.1266,28.48,4.95,6.12,61.71,0.6
galkayo,20181111,6.77,47.43,5.8082,28.98,5.77,7.19,55.77,0.22
galkayo,20181112,6.77,47.43,6.4145,28.45,5.25,6.7,52.73,0.01
galkayo,20181113,6.77,47.43,6.7601,27.91,4.57,6.08,51.64,0.0
galkayo,20181114,6.77,47.43,6.6305,28.27,5.35,6.63,59.99,0.03
galkayo,20181115,6.77,47.43,4.637,28.4,5.37,6.56,58.57,0.38
galkayo,20181116,6.77,47.43,4.2086,27.5,5.4,6.65,55.6,0.0
galkayo,20181117,6.77,47.43,6.4723,27.51,4.25,5.56,52.85,0.03
galkayo,20181118,6.77,47.43,6.5443,28.08,4.48,5.88,51.98,0.04
galkayo,20181119,6.77,47.43,6.7819,27.66,4.71,6.31,52.42,0.01
galkayo,20181120,6.77,47.43,6.797,26.59,4.64,6.45,50.06,0.01
galkayo,20181121,6.77,47.43,6.6331,27.53,4.36,6.02,52.88,0.03
galkayo,20181122,6.77,47.43,6.6038,28.06,5.09,6.85,52.55,0.01
galkayo,20181123,6.77,47.43,6.2918,29.17,5.92,7.56,54.44,0.07
galkayo,20181124,6.77,47.43,5.1202,28.12,6.26,7.75,60.76,0.3
galkayo,20181125,6.77,47.43,6.3146,28.69,4.7,5.83,60.07,0.08
galkayo,20181126,6.77,47.43,5.7082,29.19,4.93,6.19,55.84,0.05
galkayo,20181127,6.77,47.43,5.4305,29.0,5.77,7.16,59.53,0.73
galkayo,20181128,6.77,47.43,5.1893,28.24,6.39,8.35,54.17,0.31
galkayo,20181129,6.77,47.43,5.9906,27.7,7.1,9.21,54.08,0.0
galkayo,20181130,6.77,47.43,3.4694,27.72,6.76,8.52,58.15,0.64
galkayo,20181201,6.77,47.43,5.0974,28.03,6.11,7.62,59.86,0.68
galkayo,20181202,6.77,47.43,5.6746,28.23,5.46,6.92,53.45,0.0
galkayo,20181203,6.77,47.43,6.3619,27.37,4.57,6.32,48.88,0.0
galkayo,20181204,6.77,47.43,6.1478,27.72,5.57,7.28,54.1,0.0
galkayo,20181205,6.77,47.43,5.8253,28.46,5.54,7.09,55.38,0.0
galkayo,20181206,6.77,47.43,5.3914,28.55,5.18,6.37,58.08,0.0
galkayo,20181207,6.77,47.43,6.1027,28.32,5.01,6.16,60.55,0.0
galkayo,20181208,6.77,47.43,5.9822,28.51,5.65,7.27,54.06,0.0
galkayo,20181209,6.77,47.43,6.2328,27.89,5.17,6.68,52.99,0.0
galkayo,20181210,6.77,47.43,6.2726,27.69,4.46,5.87,50.1,0.0
galkayo,20181211,6.77,47.43,5.7955,28.25,4.79,6.03,54.43,0.0
galkayo,20181212,6.77,47.43,5.6364,27.64,4.81,6.28,54.35,0.0
galkayo,20181213,6.77,47.43,6.4625,27.27,5.69,7.4,51.44,0.0
galkayo,20181214,6.77,47.43,6.3494,26.49,5.73,7.62,51.15,0.0
galkayo,20181215,6.77,47.43,6.1358,26.41,5.59,7.58,50.17,0.0
galkayo,20181216,6.77,47.43,5.8262,26.58,5.59,7.77,44.1,0.0
galkayo,20181217,6.77,47.43,6.5479,25.1,5.58,7.96,42.77,0.0
galkayo,20181218,6.77,47.43,6.4654,26.07,4.42,6.46,43.45,0.0
galkayo,20181219,6.77,47.43,6.2818,26.75,5.68,7.57,49.89,0.0
galkayo,20181220,6.77,47.43,5.6364,27.04,6.29,8.1,56.17,0.0
galkayo,20181221,6.77,47.43,6.4608,26.84,5.46,7.34,47.37,0.0
galkayo,20181222,6.77,47.43,6.5424,26.17,5.52,7.4,46.4,0.0
galkayo,20181223,6.77,47.43,5.9592,26.72,6.48,8.33,53.61,0.0
galkayo,20181224,6.77,47.43,6.4337,25.99,6.24,8.43,38.93,0.0
galkayo,20181225,6.77,47.43,5.9976,26.47,5.95,7.89,44.48,0.0
galkayo,20181226,6.77,47.43,4.0939,26.58,6.19,7.8,51.47,0.0
galkayo,20181227,6.77,47.43,6.1776,26.82,5.43,6.82,56.17,0.01
galkayo,20181228,6.77,47.43,6.1116,27.54,4.96,6.22,55.46,0.02
galkayo,20181229,6.77,47.43,6.3144,26.97,5.06,6.39,54.69,0.02
galkayo,20181230,6.77,47.43,6.559,26.13,4.82,6.6,50.47,0.0
galkayo,20181231,6.77,47.43,6.5436,25.85,4.82,6.61,54.8,0.0
galkayo,20190101,6.77,47.43,6.2988,27.4,5.31,6.73,57.45,0.0
galkayo,20190102,6.77,47.43,5.1979,27.96,6.8,8.46,55.03,0.0
galkayo,20190103,6.77,47.43,6.2448,26.23,6.83,8.58,55.13,0.0
galkayo,20190104,6.77,47.43,6.5258,25.45,6.37,8.55,50.79,0.0
galkayo,20190105,6.77,47.43,6.5782,25.06,6.95,9.12,51.12,0.0
galkayo,20190106,6.77,47.43,6.5585,24.64,6.21,8.28,51.19,0.0
galkayo,20190107,6.77,47.43,6.7097,25.28,6.36,8.75,45.92,0.0
galkayo,20190108,6.77,47.43,6.5818,25.33,6.26,8.27,52.75,0.0
galkayo,20190109,6.77,47.43,6.5078,25.73,6.25,8.02,53.69,0.0
galkayo,20190110,6.77,47.43,6.5894,25.54,5.78,7.76,52.69,0.0
galkayo,20190111,6.77,47.43,6.624,25.3,7.08,9.23,53.21,0.0
galkayo,20190112,6.77,47.43,6.534,24.33,6.64,8.8,52.95,0.0
galkayo,20190113,6.77,47.43,6.5743,24.72,5.99,8.03,51.74,0.0
galkayo,20190114,6.77,47.43,6.6905,24.59,5.38,7.35,52.13,0.0
galkayo,20190115,6.77,47.43,6.6547,25.27,5.28,7.11,51.91,0.0
galkayo,20190116,6.77,47.43,6.6379,25.59,5.28,7.08,55.84,0.01
galkayo,20190117,6.77,47.43,6.7298,25.76,4.53,6.13,57.28,0.05
galkayo,20190118,6.77,47.43,6.4526,26.13,5.18,6.74,57.46,0.06
galkayo,20190119,6.77,47.43,6.3679,25.65,5.16,6.86,52.3,0.05
galkayo,20190120,6.77,47.43,6.7627,25.97,5.83,7.86,51.57,0.01
galkayo,20190121,6.77,47.43,6.7601,25.41,5.94,8.08,50.38,0.0
galkayo,20190122,6.77,47.43,6.6936,25.68,6.03,7.74,56.79,0.0
galkayo,20190123,6.77,47.43,6.6182,25.19,5.38,7.02,54.11,0.0
galkayo,20190124,6.77,47.43,6.9158,25.34,4.96,6.79,51.62,0.0
galkayo,20190125,6.77,47.43,6.8479,25.85,6.3,8.15,57.05,0.0
galkayo,20190126,6.77,47.43,6.5035,26.38,6.79,8.55,52.24,0.0
galkayo,20190127,6.77,47.43,6.8894,25.59,7.04,8.94,51.87,0.0
galkayo,20190128,6.77,47.43,6.4853,25.21,6.46,8.27,54.77,0.0
galkayo,20190129,6.77,47.43,6.8916,25.4,5.46,7.27,52.51,0.0
galkayo,20190130,6.77,47.43,7.0243,25.88,5.11,6.91,50.52,0.0
galkayo,20190131,6.77,47.43,7.0322,25.97,5.49,7.52,49.82,0.0
galkayo,20190201,6.77,47.43,7.0243,26.21,5.92,7.7,52.94,0.0
galkayo,20190202,6.77,47.43,6.93,26.71,5.99,7.63,51.77,0.0
galkayo,20190203,6.77,47.43,7.0622,25.98,6.27,8.07,50.89,0.0
galkayo,20190204,6.77,47.43,7.0565,25.15,6.34,8.1,53.55,0.0
galkayo,20190205,6.77,47.43,6.9031,25.51,6.19,8.12,56.23,0.0
galkayo,20190206,6.77,47.43,6.4877,26.94,7.21,8.95,59.99,0.0
galkayo,20190207,6.77,47.43,6.9744,26.36,7.4,9.2,54.29,0.0
galkayo,20190208,6.77,47.43,6.7142,25.89,6.99,8.7,58.01,0.0
galkayo,20190209,6.77,47.43,6.6998,25.58,6.38,7.99,59.63,0.0
galkayo,20190210,6.77,47.43,6.9696,26.24,5.6,6.96,59.0,0.0
galkayo,20190211,6.77,47.43,7.0997,27.06,4.76,6.02,55.75,0.0
galkayo,20190212,6.77,47.43,7.0387,28.41,5.38,6.47,59.04,0.0
galkayo,20190213,6.77,47.43,6.2287,28.36,7.53,9.12,56.87,0.0
galkayo,20190214,6.77,47.43,6.9384,27.58,6.67,8.16,53.86,0.0
galkayo,20190215,6.77,47.43,7.1191,27.13,5.78,7.23,53.24,0.0
galkayo,20190216,6.77,47.43,7.1774,27.16,5.71,6.88,56.33,0.0
galkayo,20190217,6.77,47.43,7.0747,27.75,5.12,6.29,55.23,0.0
galkayo,20190218,6.77,47.43,7.0157,27.58,5.49,6.57,54.48,0.0
galkayo,20190219,6.77,47.43,7.2221,28.21,4.44,5.56,51.16,0.0
galkayo,20190220,6.77,47.43,6.5854,28.41,5.66,6.75,58.73,0.03
galkayo,20190221,6.77,47.43,6.1702,28.17,6.78,8.13,57.15,0.02
galkayo,20190222,6.77,47.43,7.1426,27.56,6.71,8.16,51.52,0.02
galkayo,20190223,6.77,47.43,7.135,28.22,6.28,7.83,52.13,0.0
galkayo,20190224,6.77,47.43,7.1138,27.78,6.83,8.37,53.43,0.03
galkayo,20190225,6.77,47.43,7.211,27.62,6.17,7.62,53.96,0.05
galkayo,20190226,6.77,47.43,7.289,27.44,5.72,7.34,50.45,0.03
galkayo,20190227,6.77,47.43,7.375,26.88,5.76,7.31,53.2,0.01
galkayo,20190228,6.77,47.43,7.4429,27.43,5.19,6.41,52.94,0.01
galkayo,20190301,6.77,47.43,7.5269,28.33,3.46,4.6,50.0,0.04
galkayo,20190302,6.77,47.43,7.3339,28.67,3.5,4.48,53.45,0.1
galkayo,20190303,6.77,47.43,7.2938,29.45,4.8,5.89,52.9,0.09
galkayo,20190304,6.77,47.43,6.0418,29.29,5.5,6.57,56.13,0.2
galkayo,20190305,6.77,47.43,6.8479,29.19,6.67,7.96,57.17,0.1
galkayo,20190306,6.77,47.43,7.2286,29.1,6.06,7.41,52.58,0.08
galkayo,20190307,6.77,47.43,7.231,28.14,5.88,7.14,54.69,0.0
galkayo,20190308,6.77,47.43,6.9938,27.92,6.57,8.1,54.28,0.0
galkayo,20190309,6.77,47.43,7.4054,27.84,6.58,8.13,54.94,0.0
galkayo,20190310,6.77,47.43,7.4208,28.18,6.94,8.52,53.49,0.0
galkayo,20190311,6.77,47.43,7.4647,27.58,7.04,8.57,55.06,0.0
galkayo,20190312,6.77,47.43,7.1772,27.44,6.9,8.37,57.65,0.0
galkayo,20190313,6.77,47.43,7.1551,27.88,6.83,8.26,57.93,0.0
galkayo,20190314,6.77,47.43,7.2432,27.95,6.27,7.6,56.17,0.0
galkayo,20190315,6.77,47.43,7.219,28.24,6.46,7.75,57.03,0.0
galkayo,20190316,6.77,47.43,7.6061,28.0,6.31,7.66,54.55,0.0
galkayo,20190317,6.77,47.43,7.5235,28.66,6.07,7.46,53.6,0.0
galkayo,20190318,6.77,47.43,7.602,28.9,5.88,7.19,52.6,0.0
galkayo,20190319,6.77,47.43,7.6013,28.76,6.64,8.17,51.31,0.0
galkayo,20190320,6.77,47.43,7.5434,28.17,5.95,7.3,54.52,0.0
galkayo,20190321,6.77,47.43,7.5972,27.86,6.14,7.5,52.25,0.0
galkayo,20190322,6.77,47.43,7.6301,27.95,5.91,7.24,53.21,0.0
galkayo,20190323,6.77,47.43,7.5022,28.64,5.95,7.19,56.38,0.0
galkayo,20190324,6.77,47.43,7.3579,29.29,5.61,6.88,53.2,0.0
galkayo,20190325,6.77,47.43,7.0793,29.61,5.92,7.08,55.09,0.0
galkayo,20190326,6.77,47.43,6.4198,29.98,6.54,7.79,57.16,0.0
galkayo,20190327,6.77,47.43,7.4354,29.64,6.24,7.57,53.64,0.0
galkayo,20190328,6.77,47.43,7.4671,29.35,5.34,6.6,52.95,0.0
galkayo,20190329,6.77,47.43,7.3238,29.49,5.78,7.05,53.81,0.0
galkayo,20190330,6.77,47.43,7.0291,28.9,6.58,7.94,57.16,0.0
galkayo,20190331,6.77,47.43,7.313,28.58,6.3,7.69,54.86,0.0
galkayo,20190401,6.77,47.43,7.2792,28.9,5.43,6.7,54.7,0.03
galkayo,20190402,6.77,47.43,7.4906,29.11,5.22,6.45,53.67,0.07
galkayo,20190403,6.77,47.43,7.4232,29.3,5.29,6.42,54.02,0.09
galkayo,20190404,6.77,47.43,7.5706,29.71,5.64,6.83,53.9,0.11
galkayo,20190405,6.77,47.43,7.5612,28.86,5.86,7.08,53.43,0.11
galkayo,20190406,6.77,47.43,7.5202,28.75,5.39,6.6,54.08,0.01
galkayo,20190407,6.77,47.43,7.4885,29.44,4.6,5.75,52.68,0.0
galkayo,20190408,6.77,47.43,7.47,29.5,4.93,6.04,54.51,0.01
galkayo,20190409,6.77,47.43,7.41,30.04,5.29,6.32,55.78,0.02
galkayo,20190410,6.77,47.43,7.2264,29.74,6.01,7.16,54.91,0.01
galkayo,20190411,6.77,47.43,7.2175,29.67,5.89,7.15,53.86,0.04
galkayo,20190412,6.77,47.43,7.4674,30.05,5.34,6.51,53.95,0.04
galkayo,20190413,6.77,47.43,7.135,30.35,4.92,6.01,53.93,0.14
galkayo,20190414,6.77,47.43,7.1486,30.77,5.24,6.31,54.2,0.18
galkayo,20190415,6.77,47.43,6.4814,30.65,5.65,6.73,55.24,0.35
galkayo,20190416,6.77,47.43,7.1899,30.51,5.13,6.2,52.47,0.15
galkayo,20190417,6.77,47.43,6.624,30.83,4.94,5.96,52.87,0.1
galkayo,20190418,6.77,47.43,6.6074,31.0,5.15,6.14,54.41,0.2
galkayo,20190419,6.77,47.43,6.3463,30.97,4.09,4.9,56.13,0.74
galkayo,20190420,6.77,47.43,6.5474,31.09,3.93,4.72,55.95,1.5
galkayo,20190421,6.77,47.43,6.4872,30.82,3.81,4.45,58.62,0.1
galkayo,20190422,6.77,47.43,6.9151,27.55,3.35,3.86,72.72,0.38
galkayo,20190423,6.77,47.43,5.9323,29.36,3.84,4.5,65.89,0.49
galkayo,20190424,6.77,47.43,6.6799,27.75,3.7,4.41,69.2,0.34
galkayo,20190425,6.77,47.43,6.889,30.77,5.81,7.14,54.97,0.0
galkayo,20190426,6.77,47.43,7.229,29.76,6.23,7.52,63.09,0.32
galkayo,20190427,6.77,47.43,7.4657,30.03,5.45,6.77,50.75,0.02
galkayo,20190428,6.77,47.43,7.6747,29.74,3.79,5.5,43.82,0.02
galkayo,20190429,6.77,47.43,7.5648,30.52,3.88,5.44,46.96,0.01
galkayo,20190430,6.77,47.43,7.3159,30.79,3.61,5.01,47.47,0.02
galkayo,20190501,6.77,47.43,6.8561,31.25,4.36,5.63,49.0,0.0
galkayo,20190502,6.77,47.43,7.194,31.31,3.62,4.69,49.43,0.0
galkayo,20190503,6.77,47.43,6.9305,32.07,2.84,3.84,48.97,0.0
galkayo,20190504,6.77,47.43,6.7778,32.14,4.18,5.25,49.54,0.0
galkayo,20190505,6.77,47.43,6.5753,31.57,4.27,5.17,55.08,0.0
galkayo,20190506,6.77,47.43,6.241,31.84,4.2,5.12,53.15,0.01
galkayo,20190507,6.77,47.43,6.3854,31.71,3.98,4.8,52.85,0.04
galkayo,20190508,6.77,47.43,6.8258,30.32,4.72,5.81,55.55,0.05
galkayo,20190509,6.77,47.43,6.6778,31.82,4.32,5.39,48.95,0.01
galkayo,20190510,6.77,47.43,4.7926,31.2,4.34,5.21,53.42,0.05
galkayo,20190511,6.77,47.43,6.5808,30.69,3.97,4.98,54.05,1.71
galkayo,20190512,6.77,47.43,5.059,29.45,3.65,4.64,62.01,2.98
galkayo,20190513,6.77,47.43,4.9706,26.84,3.39,4.7,77.03,16.43
galkayo,20190514,6.77,47.43,6.7903,29.4,3.44,4.95,62.17,0.52
galkayo,20190515,6.77,47.43,6.9286,29.82,3.73,5.11,59.34,0.16
galkayo,20190516,6.77,47.43,6.9658,29.1,3.49,4.78,62.51,0.01
galkayo,20190517,6.77,47.43,6.5477,30.16,3.99,5.61,57.14,0.01
galkayo,20190518,6.77,47.43,6.6242,30.05,3.62,5.05,57.19,0.0
galkayo,20190519,6.77,47.43,6.6708,29.83,3.84,5.31,58.04,0.15
galkayo,20190520,6.77,47.43,6.7277,29.19,3.43,4.9,58.62,0.43
galkayo,20190521,6.77,47.43,6.7963,28.83,2.61,3.61,58.31,0.0
galkayo,20190522,6.77,47.43,6.7531,30.0,3.73,4.88,56.99,0.0
galkayo,20190523,6.77,47.43,6.905,30.24,4.11,5.37,53.86,0.0
galkayo,20190524,6.77,47.43,7.0651,30.67,3.1,4.32,50.53,0.0
galkayo,20190525,6.77,47.43,7.0058,31.62,2.96,4.28,46.47,0.0
galkayo,20190526,6.77,47.43,6.6365,32.34,4.76,6.21,44.95,0.09
galkayo,20190527,6.77,47.43,5.9537,31.87,5.36,6.99,47.3,0.2
galkayo,20190528,6.77,47.43,6.5148,29.07,4.86,6.54,57.95,0.92
galkayo,20190529,6.77,47.43,6.611,28.77,5.98,8.11,56.89,0.57
galkayo,20190530,6.77,47.43,6.5338,30.63,6.29,8.45,45.09,0.47
galkayo,20190531,6.77,47.43,5.081,29.99,7.2,9.43,46.91,0.06
galkayo,20190601,6.77,47.43,4.7446,29.04,6.89,9.06,50.1,0.5
galkayo,20190602,6.77,47.43,5.7768,29.28,5.43,7.22,53.07,0.17
galkayo,20190603,6.77,47.43,5.7804,29.59,5.55,7.44,52.26,0.48
galkayo,20190604,6.77,47.43,6.5587,30.28,7.0,9.19,47.93,0.29
galkayo,20190605,6.77,47.43,5.9033,27.95,6.94,9.59,61.42,16.82
galkayo,20190606,6.77,47.43,5.9081,27.85,7.05,9.69,59.97,3.42
galkayo,20190607,6.77,47.43,4.987,28.63,7.33,9.93,62.08,6.82
galkayo,20190608,6.77,47.43,6.5748,28.88,7.56,10.42,54.0,2.17
galkayo,20190609,6.77,47.43,5.7686,27.8,7.96,10.86,66.3,20.27
galkayo,20190610,6.77,47.43,3.798,26.38,7.5,9.89,70.0,11.69
galkayo,20190611,6.77,47.43,6.1654,27.06,7.88,10.68,62.9,3.34
galkayo,20190612,6.77,47.43,6.222,28.54,8.8,11.75,58.9,0.09
galkayo,20190613,6.77,47.43,6.8266,28.94,8.52,11.45,56.36,0.05
galkayo,20190614,6.77,47.43,6.0038,28.6,8.89,11.61,59.42,0.06
galkayo,20190615,6.77,47.43,6.4066,28.38,8.36,11.14,55.32,0.0
galkayo,20190616,6.77,47.43,5.4828,28.18,7.98,10.56,56.02,0.0
galkayo,20190617,6.77,47.43,6.2405,28.26,7.93,10.56,54.65,0.0
galkayo,20190618,6.77,47.43,6.7262,28.3,7.73,10.46,55.29,0.0
galkayo,20190619,6.77,47.43,6.8611,29.13,8.52,11.27,53.23,0.0
galkayo,20190620,6.77,47.43,6.372,28.84,8.1,10.79,53.45,0.0
galkayo,20190621,6.77,47.43,5.2865,28.63,8.41,10.85,56.36,0.0
galkayo,20190622,6.77,47.43,6.2544,28.56,7.4,9.87,53.87,0.0
galkayo,20190623,6.77,47.43,6.685,28.91,6.94,9.44,49.79,0.0
galkayo,20190624,6.77,47.43,6.7217,29.59,6.41,8.53,51.64,0.0
galkayo,20190625,6.77,47.43,6.7301,29.71,6.23,8.1,53.52,0.0
galkayo,20190626,6.77,47.43,6.366,29.99,7.72,9.81,49.81,0.0
galkayo,20190627,6.77,47.43,5.9117,29.12,8.7,11.02,47.62,0.0
galkayo,20190628,6.77,47.43,4.8096,28.51,9.25,11.59,52.2,0.0
galkayo,20190629,6.77,47.43,5.5049,28.63,8.68,11.22,47.96,0.0
galkayo,20190630,6.77,47.43,6.025,29.62,8.88,11.5,44.43,0.0
galkayo,20190701,6.77,47.43,6.271,30.37,9.79,12.38,48.41,0.0
galkayo,20190702,6.77,47.43,5.2726,29.69,8.49,10.83,47.62,0.0
galkayo,20190703,6.77,47.43,7.008,28.62,7.61,9.97,46.76,0.0
galkayo,20190704,6.77,47.43,6.8978,29.7,7.69,10.06,44.68,0.0
galkayo,20190705,6.77,47.43,6.3533,30.06,8.45,10.72,46.6,0.03
galkayo,20190706,6.77,47.43,6.7651,30.05,8.89,11.14,48.9,0.05
galkayo,20190707,6.77,47.43,6.8314,30.13,8.56,10.73,49.61,0.0
galkayo,20190708,6.77,47.43,6.935,30.43,8.21,10.27,49.56,0.0
galkayo,20190709,6.77,47.43,6.8453,30.46,8.6,10.74,49.45,0.01
galkayo,20190710,6.77,47.43,6.4234,29.56,8.6,10.75,51.37,0.22
galkayo,20190711,6.77,47.43,6.1277,29.38,8.26,10.25,54.88,0.55
galkayo,20190712,6.77,47.43,6.3905,29.52,7.68,9.73,48.62,0.11
galkayo,20190713,6.77,47.43,6.4298,28.44,8.45,10.53,54.17,0.21
galkayo,20190714,6.77,47.43,4.9567,27.11,7.95,9.95,63.85,1.41
galkayo,20190715,6.77,47.43,5.4732,27.51,8.09,10.2,57.86,0.04
galkayo,20190716,6.77,47.43,4.9303,28.01,9.13,11.37,51.15,0.0
galkayo,20190717,6.77,47.43,4.7309,27.76,9.98,12.39,53.85,0.01
galkayo,20190718,6.77,47.43,6.7056,27.7,8.8,11.35,45.67,0.0
galkayo,20190719,6.77,47.43,6.7886,28.35,8.82,11.32,45.84,0.0
galkayo,20190720,6.77,47.43,6.3713,28.75,9.34,11.72,47.33,0.0
galkayo,20190721,6.77,47.43,6.4423,28.75,8.93,11.3,45.39,0.0
galkayo,20190722,6.77,47.43,6.4435,29.06,10.36,12.9,42.67,0.0
galkayo,20190723,6.77,47.43,4.9735,28.23,10.71,13.28,47.58,0.01
galkayo,20190724,6.77,47.43,3.036,26.4,10.31,12.68,59.1,0.7
galkayo,20190725,6.77,47.43,2.4343,27.5,9.65,11.98,54.95,0.0
galkayo,20190726,6.77,47.43,4.291,26.37,9.79,12.17,52.08,0.0
galkayo,20190727,6.77,47.43,4.139,27.16,9.04,11.42,46.67,0.0
galkayo,20190728,6.77,47.43,4.963,27.53,8.83,10.91,53.27,0.0
galkayo,20190729,6.77,47.43,4.9114,28.04,9.09,11.2,53.93,0.0
galkayo,20190730,6.77,47.43,5.7809,28.22,7.72,9.75,51.09,0.0
galkayo,20190731,6.77,47.43,6.8606,29.31,7.54,9.34,50.39,0.0
galkayo,20190801,6.77,47.43,6.6936,29.31,7.17,9.18,46.21,0.0
galkayo,20190802,6.77,47.43,6.8666,29.18,7.21,9.46,46.38,0.0
galkayo,20190803,6.77,47.43,5.9906,29.34,8.92,11.07,52.58,0.0
galkayo,20190804,6.77,47.43,6.9038,29.4,9.29,11.52,49.63,0.0
galkayo,20190805,6.77,47.43,7.0908,29.88,8.8,11.26,42.66,0.0
galkayo,20190806,6.77,47.43,6.4111,28.99,8.34,10.68,53.51,0.0
galkayo,20190807,6.77,47.43,5.3088,30.12,9.06,11.13,49.79,0.0
galkayo,20190808,6.77,47.43,7.1726,29.27,8.86,11.24,47.05,0.0
galkayo,20190809,6.77,47.43,7.2259,28.47,8.82,11.22,45.97,0.0
galkayo,20190810,6.77,47.43,7.1117,29.21,9.83,12.17,46.64,0.0
galkayo,20190811,6.77,47.43,6.0134,28.92,9.23,11.78,45.17,0.01
galkayo,20190812,6.77,47.43,5.6897,28.3,9.15,11.59,48.23,0.03
galkayo,20190813,6.77,47.43,6.6137,29.21,9.61,11.85,47.26,0.02
galkayo,20190814,6.77,47.43,5.5824,29.05,8.84,10.87,49.02,0.12
galkayo,20190815,6.77,47.43,6.1956,28.2,9.09,11.31,45.77,0.02
galkayo,20190816,6.77,47.43,6.2112,28.58,8.96,11.24,45.6,0.01
galkayo,20190817,6.77,47.43,6.3096,28.28,9.04,11.4,47.33,0.1
galkayo,20190818,6.77,47.43,6.3154,28.65,8.71,10.85,47.4,0.03
galkayo,20190819,6.77,47.43,7.0008,29.08,8.29,10.59,42.86,0.0
galkayo,20190820,6.77,47.43,6.9845,28.88,7.96,10.2,45.82,0.0
galkayo,20190821,6.77,47.43,6.6862,30.64,8.48,10.66,43.9,0.06
galkayo,20190822,6.77,47.43,6.852,30.83,9.21,11.43,44.8,0.03
galkayo,20190823,6.77,47.43,7.1165,31.2,8.64,10.81,41.93,0.0
galkayo,20190824,6.77,47.43,6.2333,30.2,9.62,11.81,47.59,0.18
galkayo,20190825,6.77,47.43,5.8766,30.43,9.17,11.28,45.8,0.05
galkayo,20190826,6.77,47.43,6.7346,30.2,9.25,11.35,47.71,0.8
galkayo,20190827,6.77,47.43,7.1782,29.67,8.7,11.12,40.99,0.0
galkayo,20190828,6.77,47.43,7.0687,29.44,8.39,10.33,46.52,0.01
galkayo,20190829,6.77,47.43,7.2866,29.41,8.01,10.23,45.69,0.0
galkayo,20190830,6.77,47.43,6.5054,30.57,8.45,10.39,47.23,0.0
galkayo,20190831,6.77,47.43,6.1596,30.21,8.53,10.41,51.1,0.01
galkayo,20190901,6.77,47.43,7.1928,29.91,7.78,9.61,50.39,0.02
galkayo,20190902,6.77,47.43,6.8458,30.68,7.78,9.6,49.01,0.02
galkayo,20190903,6.77,47.43,7.081,30.77,8.6,10.6,46.75,0.0
galkayo,20190904,6.77,47.43,6.5731,30.34,9.53,11.7,47.25,0.01
galkayo,20190905,6.77,47.43,6.9449,30.03,9.16,11.17,50.13,0.0
galkayo,20190906,6.77,47.43,6.0684,29.97,8.87,11.01,49.62,0.01
galkayo,20190907,6.77,47.43,7.0824,30.18,9.23,11.49,44.04,0.0
galkayo,20190908,6.77,47.43,6.9758,30.07,9.21,11.36,44.89,0.0
galkayo,20190909,6.77,47.43,6.8741,30.05,8.99,11.1,48.0,0.01
galkayo,20190910,6.77,47.43,7.2043,29.85,7.88,10.07,49.0,0.0
galkayo,20190911,6.77,47.43,4.8672,30.24,8.71,10.73,50.54,0.26
galkayo,20190912,6.77,47.43,7.0138,29.3,7.63,9.59,49.99,0.22
galkayo,20190913,6.77,47.43,7.2552,29.95,7.28,9.01,48.86,0.0
galkayo,20190914,6.77,47.43,5.311,30.12,7.4,9.05,54.02,0.12
galkayo,20190915,6.77,47.43,6.9362,30.29,7.08,8.69,50.92,0.41
galkayo,20190916,6.77,47.43,5.6513,30.16,7.17,8.79,50.44,0.04
galkayo,20190917,6.77,47.43,7.2782,29.78,7.28,9.14,44.67,0.01
galkayo,20190918,6.77,47.43,7.355,30.31,7.01,9.15,43.98,0.0
galkayo,20190919,6.77,47.43,7.1506,30.54,7.73,9.55,49.34,0.0
galkayo,20190920,6.77,47.43,6.7536,30.42,7.79,9.53,49.74,0.0
galkayo,20190921,6.77,47.43,6.9924,29.49,7.27,9.24,43.91,0.0
galkayo,20190922,6.77,47.43,6.9984,30.09,7.86,9.8,45.35,0.0
galkayo,20190923,6.77,47.43,7.2355,30.41,7.24,9.09,43.68,0.01
galkayo,20190924,6.77,47.43,7.3558,30.73,6.36,7.98,43.57,0.07
galkayo,20190925,6.77,47.43,5.7079,29.22,5.91,7.61,48.09,0.02
galkayo,20190926,6.77,47.43,5.9549,30.15,7.91,9.82,52.79,0.29
galkayo,20190927,6.77,47.43,4.5391,29.36,6.54,8.37,50.75,0.52
galkayo,20190928,6.77,47.43,6.9972,30.91,5.32,6.69,44.28,0.66
galkayo,20190929,6.77,47.43,6.689,29.5,5.32,6.47,55.23,0.2
galkayo,20190930,6.77,47.43,5.9386,29.36,4.69,5.64,55.94,1.67
galkayo,20191001,6.77,47.43,6.3595,28.62,4.74,5.68,56.67,0.46
galkayo,20191002,6.77,47.43,5.4137,28.43,4.66,5.64,58.59,1.21
galkayo,20191003,6.77,47.43,5.2615,28.56,4.49,5.49,58.23,0.12
galkayo,20191004,6.77,47.43,5.4994,28.78,3.94,4.88,55.45,0.07
galkayo,20191005,6.77,47.43,5.1288,29.27,3.67,4.61,54.16,0.63
galkayo,20191006,6.77,47.43,4.86,28.75,4.0,5.1,57.31,5.05
galkayo,20191007,6.77,47.43,5.1144,27.89,3.42,4.68,62.27,2.31
galkayo,20191008,6.77,47.43,5.2735,28.22,3.73,5.06,59.77,2.0
galkayo,20191009,6.77,47.43,5.5154,28.54,4.71,5.84,60.42,1.16
galkayo,20191010,6.77,47.43,5.6659,28.94,4.06,5.05,58.41,1.01
galkayo,20191011,6.77,47.43,5.3906,29.25,2.95,3.84,58.29,1.69
galkayo,20191012,6.77,47.43,5.0542,28.94,3.15,4.05,60.82,2.06
galkayo,20191013,6.77,47.43,5.603,29.22,2.94,3.66,59.28,0.01
galkayo,20191014,6.77,47.43,5.7686,29.31,2.97,3.91,58.68,0.01
galkayo,20191015,6.77,47.43,5.4307,29.59,3.67,4.65,55.38,0.01
galkayo,20191016,6.77,47.43,5.9081,29.32,3.73,4.61,54.96,0.0
galkayo,20191017,6.77,47.43,6.3809,29.78,3.19,4.13,51.08,0.0
galkayo,20191018,6.77,47.43,4.0762,26.17,1.95,2.47,69.63,15.48
galkayo,20191019,6.77,47.43,4.1573,25.97,1.81,2.56,73.16,7.25
galkayo,20191020,6.77,47.43,5.6918,27.41,2.17,3.21,66.21,0.11
galkayo,20191021,6.77,47.43,5.0762,28.01,2.4,3.49,65.06,0.61
galkayo,20191022,6.77,47.43,5.6201,28.21,2.57,3.76,62.02,0.31
galkayo,20191023,6.77,47.43,5.9551,28.71,3.19,4.26,58.96,0.01
galkayo,20191024,6.77,47.43,5.7158,28.91,2.42,3.45,57.54,0.01
galkayo,20191025,6.77,47.43,5.2834,28.88,2.41,3.4,58.74,0.02
galkayo,20191026,6.77,47.43,5.1785,29.47,2.63,3.5,57.19,0.09
galkayo,20191027,6.77,47.43,4.8746,29.36,2.88,3.83,56.53,0.07
galkayo,20191028,6.77,47.43,5.8099,29.76,2.91,3.77,56.88,0.21
galkayo,20191029,6.77,47.43,5.3736,29.67,3.47,4.28,57.75,0.11
galkayo,20191030,6.77,47.43,5.6443,29.31,3.51,4.75,47.88,0.03
galkayo,20191031,6.77,47.43,5.9304,29.33,2.55,3.58,52.24,0.02
galkayo,20191101,6.77,47.43,6.7126,29.84,2.35,3.62,51.25,0.0
galkayo,20191102,6.77,47.43,5.8498,30.16,2.92,3.86,47.49,0.4
galkayo,20191103,6.77,47.43,3.2885,27.34,2.15,2.76,61.95,5.93
galkayo,20191104,6.77,47.43,3.8026,26.17,2.98,3.79,72.89,4.16
galkayo,20191105,6.77,47.43,3.5904,26.54,3.95,5.1,70.81,0.59
galkayo,20191106,6.77,47.43,3.408,26.97,2.96,4.11,68.95,1.67
galkayo,20191107,6.77,47.43,5.9146,28.09,2.76,3.64,64.14,0.0
galkayo,20191108,6.77,47.43,5.8229,28.71,3.4,4.33,61.9,0.0
galkayo,20191109,6.77,47.43,5.9102,28.45,4.01,5.17,57.03,0.0
galkayo,20191110,6.77,47.43,6.7608,28.13,4.2,5.47,53.25,0.0
galkayo,20191111,6.77,47.43,6.7502,28.16,4.6,5.95,53.95,0.0
galkayo,20191112,6.77,47.43,6.8719,27.41,4.93,6.66,53.02,0.0
galkayo,20191113,6.77,47.43,6.7553,27.66,5.46,7.23,55.74,0.0
galkayo,20191114,6.77,47.43,6.7157,28.21,5.25,6.9,54.01,0.0
galkayo,20191115,6.77,47.43,6.7414,28.35,5.4,7.06,53.0,0.0
galkayo,20191116,6.77,47.43,6.8702,27.65,5.87,7.57,54.69,0.0
galkayo,20191117,6.77,47.43,6.1109,28.24,5.36,6.8,58.07,0.02
galkayo,20191118,6.77,47.43,4.7616,26.71,5.81,7.19,65.46,0.55
galkayo,20191119,6.77,47.43,5.5798,27.25,4.24,5.24,64.9,0.64
galkayo,20191120,6.77,47.43,5.0551,27.01,4.65,5.75,65.65,0.05
galkayo,20191121,6.77,47.43,5.5762,27.57,4.89,5.96,64.33,0.12
galkayo,20191122,6.77,47.43,5.5104,27.65,5.44,7.08,56.4,0.08
galkayo,20191123,6.77,47.43,5.573,28.21,6.92,8.75,60.5,0.12
galkayo,20191124,6.77,47.43,4.6238,27.76,6.38,7.93,63.37,0.06
galkayo,20191125,6.77,47.43,4.3457,26.45,4.05,5.35,64.45,0.16
galkayo,20191126,6.77,47.43,3.6574,26.89,4.6,6.39,56.3,0.0
galkayo,20191127,6.77,47.43,3.1901,27.73,6.76,8.72,53.74,0.01
galkayo,20191128,6.77,47.43,4.1112,27.06,5.91,7.74,49.79,0.62
galkayo,20191129,6.77,47.43,6.1608,27.34,4.46,6.43,42.36,0.0
galkayo,20191130,6.77,47.43,6.3341,27.7,4.92,7.25,35.29,0.0
galkayo,20191201,6.77,47.43,6.0319,27.57,4.18,6.09,38.69,0.0
galkayo,20191202,6.77,47.43,6.3324,27.62,3.43,5.01,44.26,0.0
galkayo,20191203,6.77,47.43,6.0864,27.92,2.54,3.76,41.04,0.0
galkayo,20191204,6.77,47.43,6.1786,27.9,4.32,6.55,32.13,0.0
galkayo,20191205,6.77,47.43,6.565,28.62,4.49,6.3,36.53,0.0
galkayo,20191206,6.77,47.43,6.035,30.12,6.6,8.56,48.38,0.0
galkayo,20191207,6.77,47.43,4.2648,26.54,6.24,7.9,68.68,0.46
galkayo,20191208,6.77,47.43,5.2056,27.87,5.8,7.25,63.2,0.02
galkayo,20191209,6.77,47.43,5.7053,28.36,5.77,7.21,61.08,0.07
galkayo,20191210,6.77,47.43,5.8709,28.84,5.59,6.94,58.94,0.02
galkayo,20191211,6.77,47.43,5.471,29.19,4.27,5.5,55.55,0.11
galkayo,20191212,6.77,47.43,4.92,28.49,4.92,6.15,58.63,0.01
galkayo,20191213,6.77,47.43,6.3173,28.65,4.95,6.23,55.71,0.01
galkayo,20191214,6.77,47.43,6.2822,28.28,5.49,6.95,55.83,0.0
galkayo,20191215,6.77,47.43,5.9978,27.84,5.39,6.89,54.33,0.0
galkayo,20191216,6.77,47.43,6.5923,26.54,4.88,6.53,52.9,0.0
galkayo,20191217,6.77,47.43,6.5275,26.74,5.54,7.47,50.82,0.0
galkayo,20191218,6.77,47.43,6.3826,27.44,5.76,7.47,54.48,0.0
galkayo,20191219,6.77,47.43,4.0613,27.67,5.67,7.42,53.3,0.0
galkayo,20191220,6.77,47.43,6.2338,27.39,6.27,8.41,41.83,0.0
galkayo,20191221,6.77,47.43,6.2623,27.03,6.54,8.53,50.84,0.0
galkayo,20191222,6.77,47.43,6.4555,26.3,5.61,7.56,49.77,0.0
galkayo,20191223,6.77,47.43,6.5383,26.93,4.56,6.25,45.39,0.0
galkayo,20191224,6.77,47.43,6.4733,26.18,4.29,6.21,43.69,0.0
galkayo,20191225,6.77,47.43,6.6382,26.3,4.93,7.06,44.56,0.0
galkayo,20191226,6.77,47.43,6.6146,26.29,4.64,6.62,46.68,0.0
galkayo,20191227,6.77,47.43,6.7433,25.96,4.28,6.22,45.11,0.0
galkayo,20191228,6.77,47.43,6.4205,27.16,3.89,5.29,53.81,0.02
galkayo,20191229,6.77,47.43,5.5298,28.3,5.15,6.53,62.38,0.18
galkayo,20191230,6.77,47.43,6.1848,28.4,5.64,7.11,58.12,0.38
galkayo,20191231,6.77,47.43,6.0629,29.07,5.84,7.33,56.59,0.22
galkayo,20200101,6.77,47.43,6.3,28.23,6.36,7.84,57.76,0.0
galkayo,20200102,6.77,47.43,6.1675,27.79,5.85,7.36,55.03,0.0
galkayo,20200103,6.77,47.43,6.2722,27.54,5.96,7.58,53.09,0.0
galkayo,20200104,6.77,47.43,6.0986,26.96,5.47,6.9,55.89,0.0
galkayo,20200105,6.77,47.43,6.4229,28.17,4.68,5.85,57.86,0.0
galkayo,20200106,6.77,47.43,5.7014,29.07,4.9,6.0,58.7,0.0
galkayo,20200107,6.77,47.43,4.8192,28.68,5.95,7.27,58.16,0.0
galkayo,20200108,6.77,47.43,6.3449,26.99,6.24,7.84,53.63,0.0
galkayo,20200109,6.77,47.43,6.4366,26.33,5.17,6.88,54.45,0.0
galkayo,20200110,6.77,47.43,6.4798,27.18,4.34,5.71,53.72,0.0
galkayo,20200111,6.77,47.43,6.4836,28.18,3.98,4.95,56.87,0.0
galkayo,20200112,6.77,47.43,5.5236,28.59,4.89,6.1,54.92,0.03
galkayo,20200113,6.77,47.43,3.7555,27.27,7.55,9.31,56.72,0.03
galkayo,20200114,6.77,47.43,5.3645,27.04,5.86,7.55,52.38,0.0
galkayo,20200115,6.77,47.43,6.7174,25.69,6.44,8.42,43.05,0.0
galkayo,20200116,6.77,47.43,6.8086,24.24,6.21,8.38,42.03,0.0
galkayo,20200117,6.77,47.43,6.7673,24.54,6.43,8.66,43.2,0.0
galkayo,20200118,6.77,47.43,6.6948,25.91,6.81,8.76,56.02,0.0
galkayo,20200119,6.77,47.43,6.7968,25.94,5.56,7.41,50.8,0.0
galkayo,20200120,6.77,47.43,6.8657,26.32,5.34,7.1,52.66,0.0
galkayo,20200121,6.77,47.43,6.779,26.65,5.04,6.9,48.27,0.0
galkayo,20200122,6.77,47.43,5.951,26.81,5.88,7.48,54.89,0.01
galkayo,20200123,6.77,47.43,6.5993,28.46,6.15,7.55,57.46,0.01
galkayo,20200124,6.77,47.43,5.9863,29.11,6.48,7.92,59.55,0.03
galkayo,20200125,6.77,47.43,5.9959,28.96,6.68,8.22,58.47,0.03
galkayo,20200126,6.77,47.43,5.0038,28.74,6.32,7.83,55.07,0.04
galkayo,20200127,6.77,47.43,5.585,27.59,7.87,9.71,54.02,0.01
galkayo,20200128,6.77,47.43,6.3816,26.3,7.69,9.52,47.57,0.0
galkayo,20200129,6.77,47.43,6.5647,25.47,6.53,8.22,47.9,0.0
galkayo,20200130,6.77,47.43,6.7066,25.56,5.85,7.52,49.28,0.0
galkayo,20200131,6.77,47.43,6.6562,25.9,5.46,7.13,49.88,0.0
galkayo,20200201,6.77,47.43,6.792,25.7,4.98,6.31,53.32,0.0
galkayo,20200202,6.77,47.43,6.8669,26.11,5.77,7.34,53.45,0.0
galkayo,20200203,6.77,47.43,7.1028,26.1,6.12,7.81,54.03,0.0
galkayo,20200204,6.77,47.43,6.9626,26.25,6.85,8.55,54.26,0.0
galkayo,20200205,6.77,47.43,6.781,26.48,6.79,8.47,52.44,0.0
galkayo,20200206,6.77,47.43,6.8342,26.53,6.41,8.13,47.61,0.0
galkayo,20200207,6.77,47.43,6.8933,26.11,5.96,7.74,52.36,0.0
galkayo,20200208,6.77,47.43,7.2065,25.55,5.35,7.1,53.89,0.0
galkayo,20200209,6.77,47.43,7.1578,26.2,4.39,6.04,52.94,0.0
galkayo,20200210,6.77,47.43,7.0639,27.42,4.31,5.63,52.87,0.0
galkayo,20200211,6.77,47.43,7.097,27.5,4.03,5.16,51.5,0.0
galkayo,20200212,6.77,47.43,7.1095,28.31,5.68,7.33,47.05,0.0
galkayo,20200213,6.77,47.43,5.8001,27.44,9.31,11.57,50.37,0.0
galkayo,20200214,6.77,47.43,5.2265,27.09,8.72,10.69,52.02,0.0
galkayo,20200215,6.77,47.43,4.572,27.47,6.8,8.32,55.87,0.0
galkayo,20200216,6.77,47.43,6.8578,27.52,6.35,7.83,51.08,0.0
galkayo,20200217,6.77,47.43,7.1107,27.28,6.14,7.5,53.02,0.0
galkayo,20200218,6.77,47.43,6.5702,27.66,6.31,7.71,55.72,0.0
galkayo,20200219,6.77,47.43,6.9122,28.22,6.11,7.37,56.15,0.0
galkayo,20200220,6.77,47.43,6.6862,28.47,4.76,5.99,53.66,0.0
galkayo,20200221,6.77,47.43,6.7094,28.34,5.97,7.3,53.84,0.0
galkayo,20200222,6.77,47.43,7.3913,27.03,6.15,7.76,49.64,0.0
galkayo,20200223,6.77,47.43,7.4412,26.47,6.61,8.28,51.07,0.0
galkayo,20200224,6.77,47.43,7.2175,27.32,6.83,8.34,53.86,0.0
galkayo,20200225,6.77,47.43,6.3564,28.72,5.86,7.18,49.66,0.0
galkayo,20200226,6.77,47.43,6.9245,27.84,5.19,6.55,46.12,0.0
galkayo,20200227,6.77,47.43,6.7337,27.89,6.23,7.79,52.02,0.0
galkayo,20200228,6.77,47.43,6.6658,27.25,5.91,7.61,49.85,0.0
galkayo,20200229,6.77,47.43,7.5658,27.21,5.72,7.2,50.49,0.0
galkayo,20200301,6.77,47.43,7.2192,27.44,5.38,6.81,51.3,0.0
galkayo,20200302,6.77,47.43,7.3294,27.07,5.53,6.96,53.62,0.0
galkayo,20200303,6.77,47.43,7.091,28.12,5.98,7.34,54.27,0.0
galkayo,20200304,6.77,47.43,7.4981,27.92,5.54,6.89,49.74,0.0
galkayo,20200305,6.77,47.43,7.614,27.82,4.23,5.45,47.96,0.0
galkayo,20200306,6.77,47.43,7.4666,27.79,4.6,5.81,52.55,0.0
galkayo,20200307,6.77,47.43,7.4371,28.71,5.57,6.72,52.6,0.0
galkayo,20200308,6.77,47.43,6.9703,28.76,5.85,6.96,53.88,0.0
galkayo,20200309,6.77,47.43,7.0121,28.96,5.35,6.38,54.08,0.0
galkayo,20200310,6.77,47.43,7.2461,28.75,7.16,8.62,48.33,0.0
galkayo,20200311,6.77,47.43,7.5293,27.29,7.47,9.18,52.06,0.0
galkayo,20200312,6.77,47.43,7.5386,27.05,6.94,8.55,55.22,0.0
galkayo,20200313,6.77,47.43,7.1261,28.19,6.29,7.71,56.16,0.01
galkayo,20200314,6.77,47.43,7.2264,29.19,5.93,7.17,56.54,0.07
galkayo,20200315,6.77,47.43,6.6142,29.46,5.72,6.84,56.67,0.11
galkayo,20200316,6.77,47.43,6.6084,29.84,6.06,7.25,55.72,0.1
galkayo,20200317,6.77,47.43,6.9857,29.99,6.67,7.95,53.71,0.02
galkayo,20200318,6.77,47.43,6.9149,29.2,6.1,7.29,56.08,0.02
galkayo,20200319,6.77,47.43,7.1638,29.6,5.8,6.92,59.54,0.05
galkayo,20200320,6.77,47.43,5.3165,29.11,5.48,6.42,62.74,0.19
galkayo,20200321,6.77,47.43,6.4666,28.78,4.26,5.26,63.34,0.03
galkayo,20200322,6.77,47.43,6.7462,30.07,4.77,5.74,57.71,0.04
galkayo,20200323,6.77,47.43,6.4498,29.8,4.75,5.62,58.67,0.4
galkayo,20200324,6.77,47.43,5.6887,29.57,4.45,5.42,58.02,0.41
galkayo,20200325,6.77,47.43,6.366,29.9,3.95,4.82,57.43,1.59
galkayo,20200326,6.77,47.43,6.2902,29.22,4.34,5.29,58.95,0.44
galkayo,20200327,6.77,47.43,6.5798,29.69,5.79,7.02,55.84,0.0
galkayo,20200328,6.77,47.43,6.2328,29.94,5.87,7.07,54.49,0.0
galkayo,20200329,6.77,47.43,7.2355,30.81,4.92,5.93,52.58,0.0
galkayo,20200330,6.77,47.43,6.9984,30.94,4.76,5.7,55.04,0.0
galkayo,20200331,6.77,47.43,7.2655,30.35,4.88,5.9,57.85,0.0
galkayo,20200401,6.77,47.43,6.4392,30.02,5.36,6.54,55.1,0.02
galkayo,20200402,6.77,47.43,7.1467,29.84,5.87,7.07,52.86,0.03
galkayo,20200403,6.77,47.43,7.6975,29.37,5.86,7.2,52.11,0.02
galkayo,20200404,6.77,47.43,7.4623,29.16,5.31,6.56,52.29,0.0
galkayo,20200405,6.77,47.43,7.6126,29.08,5.37,6.72,51.49,0.0
galkayo,20200406,6.77,47.43,7.571,29.41,5.11,6.45,50.11,0.0
galkayo,20200407,6.77,47.43,7.5408,29.7,5.25,6.47,51.2,0.0
galkayo,20200408,6.77,47.43,7.6802,29.62,4.83,5.88,52.25,0.0
galkayo,20200409,6.77,47.43,7.6579,29.8,4.66,5.65,52.42,0.0
galkayo,20200410,6.77,47.43,7.3594,30.44,4.57,5.45,53.98,0.0
galkayo,20200411,6.77,47.43,6.102,30.07,5.01,6.03,55.32,0.41
galkayo,20200412,6.77,47.43,7.0913,30.5,5.81,6.94,56.35,0.33
galkayo,20200413,6.77,47.43,6.4766,30.82,5.56,6.67,56.24,0.48
galkayo,20200414,6.77,47.43,5.675,30.29,4.97,6.06,58.55,1.9
galkayo,20200415,6.77,47.43,6.8076,30.29,5.15,6.13,61.2,1.36
galkayo,20200416,6.77,47.43,6.0888,29.64,4.26,5.27,62.34,2.09
galkayo,20200417,6.77,47.43,6.3259,29.33,4.9,6.08,63.58,1.27
galkayo,20200418,6.77,47.43,6.4039,29.52,5.12,6.28,64.2,1.94
galkayo,20200419,6.77,47.43,5.9059,27.97,3.51,4.68,74.13,19.7
galkayo,20200420,6.77,47.43,5.5944,26.19,2.53,3.39,78.43,11.61
galkayo,20200421,6.77,47.43,5.0933,26.4,2.07,3.07,73.95,2.48
galkayo,20200422,6.77,47.43,6.9185,28.24,2.66,3.86,65.96,0.72
galkayo,20200423,6.77,47.43,6.6883,28.29,3.87,4.99,68.11,1.2
galkayo,20200424,6.77,47.43,3.5522,26.56,2.21,3.33,78.42,2.73
galkayo,20200425,6.77,47.43,5.8586,27.35,3.32,4.62,71.02,2.38
galkayo,20200426,6.77,47.43,6.3036,28.62,2.51,3.53,63.74,0.29
galkayo,20200427,6.77,47.43,6.0055,28.13,3.09,4.31,67.42,1.6
galkayo,20200428,6.77,47.43,6.6965,28.27,2.35,3.63,58.75,2.28
galkayo,20200429,6.77,47.43,6.4082,29.16,3.31,4.95,62.85,6.55
galkayo,20200430,6.77,47.43,5.1746,27.51,4.05,5.78,74.63,4.81
galkayo,20200501,6.77,47.43,6.6485,29.08,4.3,5.99,66.57,0.04
galkayo,20200502,6.77,47.43,7.285,29.71,5.08,7.12,62.38,0.02
galkayo,20200503,6.77,47.43,7.2698,30.0,4.43,6.43,60.16,0.01
galkayo,20200504,6.77,47.43,4.727,30.2,3.39,4.86,59.66,0.13
galkayo,20200505,6.77,47.43,6.0197,30.04,2.23,3.35,59.69,0.08
galkayo,20200506,6.77,47.43,7.0529,27.45,2.05,3.25,75.74,15.88
galkayo,20200507,6.77,47.43,5.9746,26.95,2.59,4.02,81.51,31.26
galkayo,20200508,6.77,47.43,7.0382,27.27,2.26,3.64,78.59,18.94
galkayo,20200509,6.77,47.43,7.3666,28.18,2.13,3.3,71.46,1.86
galkayo,20200510,6.77,47.43,7.3411,28.28,2.19,3.5,70.77,2.16
galkayo,20200511,6.77,47.43,7.1417,28.93,2.36,3.69,70.64,0.04
galkayo,20200512,6.77,47.43,6.9478,29.14,3.43,5.15,67.54,0.06
galkayo,20200513,6.77,47.43,6.5189,28.77,4.21,6.1,70.51,0.54
galkayo,20200514,6.77,47.43,6.5926,26.85,4.43,6.31,81.11,5.27
galkayo,20200515,6.77,47.43,6.8335,28.07,4.92,6.98,69.89,0.01
galkayo,20200516,6.77,47.43,6.7896,28.53,6.06,8.25,67.47,0.0
galkayo,20200517,6.77,47.43,7.201,28.23,6.1,8.51,65.77,0.02
galkayo,20200518,6.77,47.43,7.1093,28.54,5.84,8.2,62.09,0.0
galkayo,20200519,6.77,47.43,7.2305,29.42,5.85,8.06,61.6,0.01
galkayo,20200520,6.77,47.43,6.9708,29.38,6.69,8.88,61.06,0.03
galkayo,20200521,6.77,47.43,6.7594,28.83,6.96,9.29,58.54,0.0
galkayo,20200522,6.77,47.43,6.629,28.23,6.6,8.85,64.23,0.01
galkayo,20200523,6.77,47.43,7.1839,28.65,7.39,9.79,60.53,0.0
galkayo,20200524,6.77,47.43,7.1299,29.35,7.0,9.35,58.29,0.0
galkayo,20200525,6.77,47.43,7.0296,28.91,6.09,8.41,59.04,0.0
galkayo,20200526,6.77,47.43,6.9396,29.94,5.89,7.87,59.33,0.0
galkayo,20200527,6.77,47.43,6.9204,30.2,5.22,7.23,56.58,0.0
galkayo,20200528,6.77,47.43,6.9689,29.46,6.03,8.0,60.34,0.0
galkayo,20200529,6.77,47.43,6.7116,28.66,5.88,7.98,62.33,0.0
galkayo,20200530,6.77,47.43,6.9852,29.56,6.7,8.92,53.32,0.0
galkayo,20200531,6.77,47.43,6.8093,29.87,7.14,9.24,53.36,0.08
galkayo,20200601,6.77,47.43,6.1745,29.48,7.67,9.83,56.12,0.16
galkayo,20200602,6.77,47.43,6.2755,28.87,7.81,9.84,59.58,0.02
galkayo,20200603,6.77,47.43,6.1973,28.36,7.56,9.76,57.7,0.01
galkayo,20200604,6.77,47.43,6.5318,29.01,6.82,9.25,53.1,0.0
galkayo,20200605,6.77,47.43,6.857,29.32,6.69,8.78,54.21,0.01
galkayo,20200606,6.77,47.43,6.7411,28.68,6.28,8.51,56.7,0.93
galkayo,20200607,6.77,47.43,6.966,29.27,7.38,9.52,56.18,0.02
galkayo,20200608,6.77,47.43,7.0356,29.17,8.14,10.32,58.71,0.32
galkayo,20200609,6.77,47.43,6.9557,29.24,7.67,9.95,53.85,0.15
galkayo,20200610,6.77,47.43,6.8904,29.53,7.89,10.07,51.36,0.01
galkayo,20200611,6.77,47.43,6.8206,29.49,8.62,10.96,48.6,0.0
galkayo,20200612,6.77,47.43,7.0442,27.1,7.89,10.33,48.01,0.0
galkayo,20200613,6.77,47.43,5.2752,28.19,8.14,10.35,53.24,0.0
galkayo,20200614,6.77,47.43,5.747,28.76,8.06,10.36,50.47,0.26
galkayo,20200615,6.77,47.43,6.7418,28.42,8.26,10.52,53.16,0.84
galkayo,20200616,6.77,47.43,5.3494,28.72,8.37,10.65,53.56,0.14
galkayo,20200617,6.77,47.43,6.3406,28.51,8.55,10.87,53.48,0.02
galkayo,20200618,6.77,47.43,6.4536,28.47,8.69,11.12,50.85,0.0
galkayo,20200619,6.77,47.43,5.6059,28.66,8.75,11.24,56.4,0.52
galkayo,20200620,6.77,47.43,6.967,28.99,8.19,10.68,47.95,0.0
galkayo,20200621,6.77,47.43,6.9266,29.3,8.06,10.55,47.41,0.0
galkayo,20200622,6.77,47.43,6.8722,29.96,8.5,10.86,50.16,0.0
galkayo,20200623,6.77,47.43,6.6862,29.57,8.12,10.35,55.06,0.21
galkayo,20200624,6.77,47.43,6.5868,29.47,8.44,10.63,56.02,0.91
galkayo,20200625,6.77,47.43,6.7385,29.72,8.68,10.96,52.34,0.01
galkayo,20200626,6.77,47.43,6.9226,29.51,8.65,11.18,46.4,0.0
galkayo,20200627,6.77,47.43,6.2098,29.3,9.45,11.92,51.74,0.0
galkayo,20200628,6.77,47.43,6.6938,29.6,8.74,11.13,50.28,0.0
galkayo,20200629,6.77,47.43,6.5854,29.21,8.07,10.5,52.96,0.01
galkayo,20200630,6.77,47.43,6.6869,29.71,9.29,11.71,52.99,1.52
galkayo,20200701,6.77,47.43,6.2023,28.13,9.7,12.24,51.72,0.52
galkayo,20200702,6.77,47.43,5.5457,27.83,9.99,12.56,51.81,0.06
galkayo,20200703,6.77,47.43,5.9465,27.7,9.24,11.67,52.77,0.02
galkayo,20200704,6.77,47.43,5.9198,27.98,9.38,11.92,52.45,0.11
galkayo,20200705,6.77,47.43,6.6178,28.56,8.99,11.35,49.69,0.19
galkayo,20200706,6.77,47.43,6.5525,28.2,9.77,12.17,58.26,0.86
galkayo,20200707,6.77,47.43,6.3413,28.48,8.48,10.82,52.97,0.11
galkayo,20200708,6.77,47.43,6.9156,29.15,8.21,10.51,50.63,0.12
galkayo,20200709,6.77,47.43,6.6828,29.01,9.08,11.4,52.02,0.22
galkayo,20200710,6.77,47.43,5.5478,28.41,9.21,11.37,53.14,0.0
galkayo,20200711,6.77,47.43,6.5016,29.25,9.22,11.6,52.28,0.0
galkayo,20200712,6.77,47.43,6.047,29.11,10.1,12.53,56.79,0.19
galkayo,20200713,6.77,47.43,4.7849,26.67,8.51,10.67,65.66,0.4
galkayo,20200714,6.77,47.43,5.9069,28.4,8.85,11.1,54.32,0.01
galkayo,20200715,6.77,47.43,6.1253,29.22,9.66,12.01,50.12,0.0
galkayo,20200716,6.77,47.43,5.8663,26.25,9.48,11.63,65.65,0.16
galkayo,20200717,6.77,47.43,5.5385,26.95,9.52,12.21,47.87,0.05
galkayo,20200718,6.77,47.43,3.6742,26.7,10.63,13.33,53.97,0.01
galkayo,20200719,6.77,47.43,3.9598,27.02,10.88,13.55,55.92,0.12
galkayo,20200720,6.77,47.43,4.6814,27.53,10.25,12.79,52.49,0.02
galkayo,20200721,6.77,47.43,5.6129,27.4,9.43,11.63,53.78,0.26
galkayo,20200722,6.77,47.43,4.6265,27.77,10.48,13.0,53.15,0.22
galkayo,20200723,6.77,47.43,3.8551,27.84,9.92,12.34,50.87,0.0
galkayo,20200724,6.77,47.43,4.1746,27.37,9.76,12.15,51.04,0.0
galkayo,20200725,6.77,47.43,5.8397,26.96,8.76,11.11,52.03,0.01
galkayo,20200726,6.77,47.43,6.1087,28.55,8.86,11.18,51.19,0.02
galkayo,20200727,6.77,47.43,6.0439,29.2,8.07,10.19,51.23,0.03
galkayo,20200728,6.77,47.43,5.2658,28.6,9.07,11.14,57.81,1.31
galkayo,20200729,6.77,47.43,5.0297,28.62,7.75,9.68,57.01,0.43
galkayo,20200730,6.77,47.43,7.0841,29.36,9.31,11.53,54.66,1.22
galkayo,20200731,6.77,47.43,5.8596,28.66,10.48,12.95,56.62,1.95
galkayo,20200801,6.77,47.43,4.5046,27.75,10.46,12.95,58.31,0.92
galkayo,20200802,6.77,47.43,7.0978,26.78,10.0,12.65,53.96,1.13
galkayo,20200803,6.77,47.43,6.1342,27.44,10.33,12.88,55.67,0.03
galkayo,20200804,6.77,47.43,6.9636,28.24,9.85,12.32,54.24,0.0
galkayo,20200805,6.77,47.43,5.2171,28.48,10.42,12.77,57.3,0.14
galkayo,20200806,6.77,47.43,7.0795,28.32,8.98,11.28,50.06,0.01
galkayo,20200807,6.77,47.43,7.093,28.3,9.57,11.87,47.92,0.0
galkayo,20200808,6.77,47.43,7.0582,27.01,10.09,12.53,49.77,0.0
galkayo,20200809,6.77,47.43,7.1957,26.5,9.6,12.16,47.63,0.0
galkayo,20200810,6.77,47.43,6.8753,28.02,9.05,11.35,48.11,0.0
galkayo,20200811,6.77,47.43,5.9623,27.54,9.55,11.71,51.89,0.0
galkayo,20200812,6.77,47.43,4.1256,27.73,8.4,10.4,53.27,0.0
galkayo,20200813,6.77,47.43,6.0252,28.54,8.0,10.0,50.63,0.0
galkayo,20200814,6.77,47.43,6.5446,28.73,9.46,11.6,50.58,0.0
galkayo,20200815,6.77,47.43,3.4373,27.59,9.13,11.16,56.66,0.1
galkayo,20200816,6.77,47.43,5.4569,28.61,8.56,10.61,49.04,0.01
galkayo,20200817,6.77,47.43,6.0173,29.08,8.88,10.89,50.99,0.01
galkayo,20200818,6.77,47.43,6.4498,29.47,9.46,11.54,46.12,0.02
galkayo,20200819,6.77,47.43,4.2672,27.58,8.4,10.14,61.1,0.58
galkayo,20200820,6.77,47.43,4.7345,28.94,7.86,9.56,54.85,0.03
galkayo,20200821,6.77,47.43,5.2394,28.79,8.84,10.79,50.62,0.02
galkayo,20200822,6.77,47.43,6.1111,27.69,8.77,10.91,53.39,0.01
galkayo,20200823,6.77,47.43,5.4562,27.56,9.26,11.19,55.06,0.11
galkayo,20200824,6.77,47.43,6.313,27.99,8.65,10.73,50.82,0.12
galkayo,20200825,6.77,47.43,6.7078,28.66,7.82,10.0,48.47,0.01
galkayo,20200826,6.77,47.43,6.2858,29.03,8.42,10.39,52.56,0.15
galkayo,20200827,6.77,47.43,6.0466,29.25,7.99,10.02,48.71,0.02
galkayo,20200828,6.77,47.43,6.9178,29.24,8.06,10.01,47.79,0.03
galkayo,20200829,6.77,47.43,7.1165,29.57,7.94,9.82,50.11,0.0
galkayo,20200830,6.77,47.43,7.115,30.2,8.11,9.99,50.07,0.0
galkayo,20200831,6.77,47.43,6.8328,30.11,8.95,10.95,49.99,0.0
galkayo,20200901,6.77,47.43,6.7289,29.66,8.67,10.69,51.29,0.0
galkayo,20200902,6.77,47.43,6.7685,29.44,8.44,10.31,50.32,0.0
galkayo,20200903,6.77,47.43,7.135,29.78,7.71,9.59,46.19,0.01
galkayo,20200904,6.77,47.43,6.7534,28.51,8.49,10.6,47.37,0.01
galkayo,20200905,6.77,47.43,6.5899,28.14,8.16,10.06,51.28,1.03
galkayo,20200906,6.77,47.43,4.639,28.37,8.22,10.14,53.58,0.56
galkayo,20200907,6.77,47.43,5.8111,27.04,7.24,9.2,56.47,1.3
galkayo,20200908,6.77,47.43,6.9938,26.17,6.24,8.53,67.4,47.2
galkayo,20200909,6.77,47.43,7.2019,26.57,6.27,8.91,57.42,0.15
galkayo,20200910,6.77,47.43,7.4722,27.09,6.46,9.15,56.25,0.07
galkayo,20200911,6.77,47.43,7.3961,28.22,6.93,9.28,63.51,5.64
galkayo,20200912,6.77,47.43,7.0927,25.52,6.84,9.35,84.23,233.54
galkayo,20200913,6.77,47.43,6.2018,26.17,6.76,9.22,76.39,0.87
galkayo,20200914,6.77,47.43,7.2125,27.13,6.55,8.95,72.22,0.04
galkayo,20200915,6.77,47.43,6.2054,26.45,6.87,9.19,76.12,2.53
galkayo,20200916,6.77,47.43,7.2286,26.88,6.38,8.73,71.11,0.28
galkayo,20200917,6.77,47.43,6.9902,26.69,6.14,8.32,70.94,0.25
galkayo,20200918,6.77,47.43,6.7342,26.81,5.5,7.45,69.75,0.01
galkayo,20200919,6.77,47.43,7.1462,26.83,6.84,9.13,67.09,0.01
galkayo,20200920,6.77,47.43,5.5421,26.79,7.12,9.54,66.3,0.04
galkayo,20200921,6.77,47.43,7.3678,26.91,6.01,8.2,63.73,0.01
galkayo,20200922,6.77,47.43,7.0855,26.31,6.45,9.14,62.53,0.04
galkayo,20200923,6.77,47.43,6.2054,26.73,6.62,9.29,65.17,0.06
galkayo,20200924,6.77,47.43,5.3407,26.88,6.72,9.01,66.91,0.07
galkayo,20200925,6.77,47.43,7.0663,26.92,6.49,8.81,60.17,0.02
galkayo,20200926,6.77,47.43,5.2097,26.49,5.82,8.11,64.92,0.01
galkayo,20200927,6.77,47.43,6.8105,26.78,4.61,6.23,68.49,0.11
galkayo,20200928,6.77,47.43,6.007,27.46,4.11,5.64,67.81,0.03
galkayo,20200929,6.77,47.43,5.6664,27.59,4.52,5.88,68.2,0.27
galkayo,20200930,6.77,47.43,2.7326,27.73,4.34,5.77,66.16,0.41
galkayo,20201001,6.77,47.43,6.4627,27.89,3.73,5.22,63.33,0.13
galkayo,20201002,6.77,47.43,6.9715,28.16,3.69,5.05,62.71,0.22
galkayo,20201003,6.77,47.43,4.7172,26.88,3.94,5.47,72.38,10.91
galkayo,20201004,6.77,47.43,5.9678,26.53,4.14,5.64,71.24,3.77
galkayo,20201005,6.77,47.43,5.7725,27.5,3.27,4.91,65.84,0.12
galkayo,20201006,6.77,47.43,6.2947,27.95,3.21,4.81,64.33,0.05
galkayo,20201007,6.77,47.43,7.0822,28.36,3.29,4.97,63.99,0.06
galkayo,20201008,6.77,47.43,6.0854,28.09,3.22,4.85,63.14,0.17
galkayo,20201009,6.77,47.43,6.7721,28.27,2.37,3.45,60.99,0.37
galkayo,20201010,6.77,47.43,6.3986,28.41,2.49,3.49,60.87,0.07
galkayo,20201011,6.77,47.43,5.8759,27.9,2.82,3.91,65.66,0.13
galkayo,20201012,6.77,47.43,5.969,28.02,2.69,3.87,65.49,0.2
galkayo,20201013,6.77,47.43,6.4457,28.0,3.28,4.59,65.66,0.78
galkayo,20201014,6.77,47.43,5.3258,27.48,4.21,5.83,69.06,2.43
galkayo,20201015,6.77,47.43,4.5055,28.16,4.41,6.27,62.38,0.23
galkayo,20201016,6.77,47.43,6.8256,28.92,4.32,6.06,59.76,0.15
galkayo,20201017,6.77,47.43,5.6486,28.34,4.71,6.58,62.5,0.95
galkayo,20201018,6.77,47.43,5.953,28.19,4.08,5.73,63.19,0.3
galkayo,20201019,6.77,47.43,5.4017,28.24,3.6,5.24,62.85,0.5
galkayo,20201020,6.77,47.43,6.4997,28.85,2.92,4.52,57.38,0.08
galkayo,20201021,6.77,47.43,6.3977,29.01,2.42,3.47,59.09,0.04
galkayo,20201022,6.77,47.43,6.6866,29.85,2.24,3.25,55.45,0.04
galkayo,20201023,6.77,47.43,5.7907,29.47,1.77,2.87,56.64,0.5
galkayo,20201024,6.77,47.43,3.7908,27.88,2.25,3.35,65.36,1.69
galkayo,20201025,6.77,47.43,6.3754,27.28,2.0,3.12,65.36,1.51
galkayo,20201026,6.77,47.43,6.2208,27.36,3.16,4.37,58.59,0.42
galkayo,20201027,6.77,47.43,6.7778,27.81,2.33,3.64,54.71,0.08
galkayo,20201028,6.77,47.43,6.624,27.46,2.8,4.23,57.11,1.21
galkayo,20201029,6.77,47.43,5.7526,27.98,2.86,4.25,56.07,0.61
galkayo,20201030,6.77,47.43,6.4243,28.41,2.35,3.32,61.53,3.8
galkayo,20201031,6.77,47.43,5.3009,26.89,2.71,3.75,73.02,11.51
galkayo,20201101,6.77,47.43,6.0257,27.41,3.73,5.08,63.27,1.52
galkayo,20201102,6.77,47.43,6.8815,27.73,4.05,5.57,60.93,0.02
galkayo,20201103,6.77,47.43,5.9666,27.47,4.41,5.98,64.92,0.03
galkayo,20201104,6.77,47.43,5.8944,27.71,3.97,5.34,63.24,0.03
galkayo,20201105,6.77,47.43,6.5054,27.47,3.55,4.79,59.88,0.01
galkayo,20201106,6.77,47.43,6.3655,27.16,3.23,4.49,57.15,0.0
galkayo,20201107,6.77,47.43,6.2321,27.14,3.44,4.79,59.12,0.03
galkayo,20201108,6.77,47.43,6.5227,27.69,4.62,6.2,58.28,0.09
galkayo,20201109,6.77,47.43,6.2818,28.02,5.6,7.36,59.07,0.03
galkayo,20201110,6.77,47.43,6.7018,27.44,5.09,6.92,54.51,0.03
galkayo,20201111,6.77,47.43,6.7116,27.53,3.91,5.33,56.1,0.04
galkayo,20201112,6.77,47.43,6.3744,27.96,3.85,5.14,56.29,0.09
galkayo,20201113,6.77,47.43,6.3703,27.53,4.33,5.74,56.9,0.04
galkayo,20201114,6.77,47.43,6.7258,26.36,3.36,4.96,57.41,0.08
galkayo,20201115,6.77,47.43,6.617,26.74,3.89,5.63,55.89,0.08
galkayo,20201116,6.77,47.43,6.606,26.78,4.1,5.79,55.33,0.0
galkayo,20201117,6.77,47.43,5.9688,27.19,4.5,6.24,53.16,0.07
galkayo,20201118,6.77,47.43,6.5405,26.6,4.28,6.38,43.59,0.0
galkayo,20201119,6.77,47.43,6.1493,26.54,4.61,6.68,48.18,0.0
galkayo,20201120,6.77,47.43,6.6828,27.34,4.74,6.89,42.24,0.0
galkayo,20201121,6.77,47.43,6.287,25.7,3.95,5.79,46.21,0.03
galkayo,20201122,6.77,47.43,6.0917,26.56,2.5,3.75,46.13,0.0
galkayo,20201123,6.77,47.43,5.7648,27.73,2.62,3.94,49.57,0.01
galkayo,20201124,6.77,47.43,5.6424,28.46,3.12,4.04,62.16,0.03
galkayo,20201125,6.77,47.43,4.8497,29.02,4.6,5.93,57.24,0.03
galkayo,20201126,6.77,47.43,5.0705,28.31,6.11,7.64,57.82,0.0
galkayo,20201127,6.77,47.43,6.5659,26.84,5.43,7.03,56.53,0.01
galkayo,20201128,6.77,47.43,6.4951,26.61,5.28,7.01,55.68,0.01
galkayo,20201129,6.77,47.43,6.6751,26.58,3.99,5.6,56.02,0.0
galkayo,20201130,6.77,47.43,6.4361,26.72,3.93,5.38,59.36,0.02
galkayo,20201201,6.77,47.43,6.167,26.72,4.65,6.12,57.73,0.07
galkayo,20201202,6.77,47.43,5.6798,26.74,5.55,6.99,60.29,0.02
galkayo,20201203,6.77,47.43,6.2777,26.5,4.05,5.52,60.34,0.0
galkayo,20201204,6.77,47.43,6.2148,27.75,3.74,4.94,60.53,0.01
galkayo,20201205,6.77,47.43,6.2791,28.38,3.52,4.58,57.1,0.01
galkayo,20201206,6.77,47.43,6.0425,28.05,3.54,4.6,57.3,0.01
galkayo,20201207,6.77,47.43,5.8627,27.52,3.71,4.87,57.47,0.0
galkayo,20201208,6.77,47.43,6.473,26.29,4.24,5.99,52.3,0.0
galkayo,20201209,6.77,47.43,6.6698,25.72,5.42,7.63,50.06,0.0
galkayo,20201210,6.77,47.43,6.5083,25.89,4.73,6.85,50.84,0.0
galkayo,20201211,6.77,47.43,6.7058,25.01,4.73,6.99,43.14,0.0
galkayo,20201212,6.77,47.43,6.7169,24.14,4.89,7.23,41.88,0.0
galkayo,20201213,6.77,47.43,6.6192,24.27,4.76,6.85,51.03,0.0
galkayo,20201214,6.77,47.43,6.6158,24.45,4.8,7.02,48.7,0.0
galkayo,20201215,6.77,47.43,6.3545,24.29,5.0,7.4,47.91,0.0
galkayo,20201216,6.77,47.43,6.5839,25.24,5.31,7.5,51.95,0.0
galkayo,20201217,6.77,47.43,6.4171,26.92,5.08,6.77,54.79,0.0
galkayo,20201218,6.77,47.43,5.1605,27.31,5.67,7.42,60.98,0.0
galkayo,20201219,6.77,47.43,4.3831,27.33,6.02,7.57,63.27,0.0
galkayo,20201220,6.77,47.43,6.3034,27.52,5.7,7.39,52.21,0.0
galkayo,20201221,6.77,47.43,5.7994,27.45,5.89,7.83,51.88,0.0
galkayo,20201222,6.77,47.43,6.0842,27.01,5.77,7.82,46.48,0.0
galkayo,20201223,6.77,47.43,6.5578,25.64,5.6,7.8,46.74,0.0
galkayo,20201224,6.77,47.43,6.6312,25.09,5.06,7.17,48.77,0.0
galkayo,20201225,6.77,47.43,6.6415,25.0,5.7,8.1,46.36,0.0
galkayo,20201226,6.77,47.43,6.4181,24.44,5.88,8.19,49.44,0.0
galkayo,20201227,6.77,47.43,6.4754,25.57,5.71,7.86,48.02,0.0
galkayo,20201228,6.77,47.43,4.6637,26.86,5.76,7.55,56.9,0.0
galkayo,20201229,6.77,47.43,4.5854,27.08,6.78,8.51,62.31,0.04
galkayo,20201230,6.77,47.43,6.3538,26.55,6.0,7.93,52.62,0.0
galkayo,20201231,6.77,47.43,6.665,24.82,5.75,7.74,54.12,0.0
galkayo,20210101,6.77,47.43,6.5712,24.86,5.41,7.35,54.26,0.0
galkayo,20210102,6.77,47.43,6.4678,25.01,5.65,7.68,54.1,0.0
galkayo,20210103,6.77,47.43,6.6334,25.42,5.44,7.44,54.8,0.0
galkayo,20210104,6.77,47.43,6.5544,24.9,4.97,6.94,52.29,0.17
galkayo,20210105,6.77,47.43,5.4442,24.63,5.8,7.95,50.28,0.0
galkayo,20210106,6.77,47.43,6.1778,23.98,5.69,7.76,49.07,0.0
galkayo,20210107,6.77,47.43,6.7008,24.04,5.0,7.23,46.4,0.0
galkayo,20210108,6.77,47.43,6.7786,23.7,5.5,7.75,46.29,0.0
galkayo,20210109,6.77,47.43,6.6924,24.18,5.92,8.15,49.57,0.0
galkayo,20210110,6.77,47.43,6.5839,24.15,6.17,8.36,48.85,0.0
galkayo,20210111,6.77,47.43,6.4757,24.21,6.32,8.45,49.51,0.0
galkayo,20210112,6.77,47.43,6.7032,24.06,6.04,8.35,45.81,0.0
galkayo,20210113,6.77,47.43,6.6595,24.53,5.65,8.1,40.21,0.0
galkayo,20210114,6.77,47.43,6.678,25.38,5.06,7.02,50.78,0.0
galkayo,20210115,6.77,47.43,6.5654,25.58,4.67,6.44,52.6,0.22
galkayo,20210116,6.77,47.43,6.4932,25.79,5.31,6.98,55.75,0.02
galkayo,20210117,6.77,47.43,6.7164,25.49,4.31,6.0,55.68,0.01
galkayo,20210118,6.77,47.43,6.7918,26.07,5.08,6.93,53.17,0.01
galkayo,20210119,6.77,47.43,6.8623,26.27,5.2,7.36,39.01,0.0
galkayo,20210120,6.77,47.43,3.93,26.78,5.58,7.19,51.7,0.04
galkayo,20210121,6.77,47.43,5.8675,27.29,5.93,7.47,52.9,0.06
galkayo,20210122,6.77,47.43,5.7108,26.96,5.56,7.38,49.04,0.01
galkayo,20210123,6.77,47.43,6.6818,25.85,6.09,7.86,45.1,0.0
galkayo,20210124,6.77,47.43,6.7505,24.94,6.29,8.34,48.66,0.0
galkayo,20210125,6.77,47.43,6.361,24.22,6.43,8.49,54.54,0.0
galkayo,20210126,6.77,47.43,6.671,24.56,6.12,8.0,55.31,0.0
galkayo,20210127,6.77,47.43,6.7418,24.91,5.93,7.8,53.06,0.0
galkayo,20210128,6.77,47.43,6.9362,24.42,6.25,8.27,55.42,0.0
galkayo,20210129,6.77,47.43,7.0339,24.24,5.88,7.87,55.78,0.0
galkayo,20210130,6.77,47.43,7.1292,24.8,5.22,7.16,54.83,0.0
galkayo,20210131,6.77,47.43,6.8606,25.03,4.64,6.31,57.02,0.0
galkayo,20210201,6.77,47.43,7.1503,24.92,5.85,7.86,50.02,0.0
galkayo,20210202,6.77,47.43,7.2106,24.33,6.04,8.23,46.22,0.0
galkayo,20210203,6.77,47.43,7.2938,24.09,5.43,7.48,48.48,0.0
galkayo,20210204,6.77,47.43,7.1582,24.31,5.07,6.91,50.67,0.0
galkayo,20210205,6.77,47.43,7.205,24.6,4.89,6.32,56.81,0.03
galkayo,20210206,6.77,47.43,7.1098,25.94,5.01,6.46,58.94,0.11
galkayo,20210207,6.77,47.43,7.02,26.99,5.92,7.52,58.7,0.11
galkayo,20210208,6.77,47.43,6.6014,26.88,6.64,8.26,56.61,0.02
galkayo,20210209,6.77,47.43,6.9874,25.91,6.21,8.21,46.96,0.0
galkayo,20210210,6.77,47.43,7.1609,25.87,5.72,7.69,46.71,0.0
galkayo,20210211,6.77,47.43,7.0188,25.61,5.45,7.18,51.42,0.0
galkayo,20210212,6.77,47.43,7.1191,25.96,5.39,6.99,51.94,0.0
galkayo,20210213,6.77,47.43,7.278,25.41,4.92,6.43,53.8,0.0
galkayo,20210214,6.77,47.43,7.2667,25.7,5.17,6.68,55.74,0.0
galkayo,20210215,6.77,47.43,7.0848,26.51,5.34,6.75,57.05,0.0
galkayo,20210216,6.77,47.43,7.0063,27.05,6.04,7.48,58.28,0.0
galkayo,20210217,6.77,47.43,7.0865,26.93,5.49,6.71,58.13,0.0
galkayo,20210218,6.77,47.43,6.9019,26.88,4.59,5.65,55.67,0.0
galkayo,20210219,6.77,47.43,7.1906,26.86,5.08,6.43,52.29,0.0
galkayo,20210220,6.77,47.43,7.051,26.4,5.93,7.74,47.02,0.0
galkayo,20210221,6.77,47.43,7.0915,25.8,5.92,7.62,52.56,0.0
galkayo,20210222,6.77,47.43,7.0538,26.17,6.05,7.61,56.59,0.0
galkayo,20210223,6.77,47.43,6.599,26.62,5.55,7.03,54.26,0.0
galkayo,20210224,6.77,47.43,6.8938,26.58,5.53,6.95,55.54,0.0
galkayo,20210225,6.77,47.43,7.3193,26.42,5.19,6.42,56.02,0.0
galkayo,20210226,6.77,47.43,7.212,27.49,5.58,6.94,57.08,0.0
galkayo,20210227,6.77,47.43,7.3118,27.63,6.58,8.02,56.05,0.0
galkayo,20210228,6.77,47.43,7.2528,27.45,6.34,7.99,51.52,0.0
galkayo,20210301,6.77,47.43,7.2907,26.85,7.62,9.55,54.68,0.0
galkayo,20210302,6.77,47.43,7.0596,26.58,6.73,8.33,59.36,0.0
galkayo,20210303,6.77,47.43,4.591,26.87,6.42,7.93,61.03,0.0
galkayo,20210304,6.77,47.43,7.3867,27.73,6.07,7.59,53.66,0.0
galkayo,20210305,6.77,47.43,7.4849,27.62,6.21,7.84,50.13,0.0
galkayo,20210306,6.77,47.43,7.5113,26.94,6.47,7.98,52.14,0.0
galkayo,20210307,6.77,47.43,7.4098,26.6,5.7,7.1,54.37,0.0
galkayo,20210308,6.77,47.43,7.2336,27.29,5.9,7.25,55.52,0.0
galkayo,20210309,6.77,47.43,7.2569,27.73,5.45,6.76,54.76,0.0
galkayo,20210310,6.77,47.43,7.434,28.28,5.59,6.91,54.79,0.0
galkayo,20210311,6.77,47.43,7.4196,28.24,6.46,7.81,55.39,0.0
galkayo,20210312,6.77,47.43,7.6212,27.31,5.65,6.9,53.15,0.0
galkayo,20210313,6.77,47.43,7.3608,27.73,5.73,7.04,56.45,0.0
galkayo,20210314,6.77,47.43,7.4976,28.91,6.11,7.49,55.12,0.0
galkayo,20210315,6.77,47.43,6.8273,27.91,6.53,7.78,58.98,0.0
galkayo,20210316,6.77,47.43,6.9482,26.68,5.6,6.84,65.09,0.0
galkayo,20210317,6.77,47.43,6.4778,28.78,6.32,7.62,56.42,0.0
galkayo,20210318,6.77,47.43,6.8774,29.04,6.1,7.28,56.22,0.0
galkayo,20210319,6.77,47.43,7.1011,29.13,5.95,7.15,55.79,0.0
galkayo,20210320,6.77,47.43,7.5276,28.33,5.32,6.7,49.99,0.0
galkayo,20210321,6.77,47.43,7.6807,27.66,5.01,6.33,51.94,0.0
galkayo,20210322,6.77,47.43,7.723,27.73,5.4,6.94,49.64,0.0
galkayo,20210323,6.77,47.43,7.9502,26.61,5.64,7.61,45.9,0.0
galkayo,20210324,6.77,47.43,7.879,26.64,4.64,6.21,50.0,0.0
galkayo,20210325,6.77,47.43,7.8938,26.85,5.41,6.88,48.8,0.0
galkayo,20210326,6.77,47.43,7.7136,27.0,5.79,7.34,53.56,0.0
galkayo,20210327,6.77,47.43,7.2823,28.34,5.79,7.16,54.59,0.0
galkayo,20210328,6.77,47.43,7.3831,29.17,5.01,6.35,51.65,0.0
galkayo,20210329,6.77,47.43,7.5173,28.29,4.95,6.43,51.82,0.0
galkayo,20210330,6.77,47.43,7.4906,29.12,4.31,5.63,50.5,0.0
galkayo,20210331,6.77,47.43,7.4309,28.53,3.61,4.9,48.97,0.0
galkayo,20210401,6.77,47.43,7.6634,28.6,2.99,4.11,47.58,0.01
galkayo,20210402,6.77,47.43,7.2794,29.06,2.97,4.19,46.38,0.01
galkayo,20210403,6.77,47.43,6.6319,30.13,3.02,3.99,49.82,0.01
galkayo,20210404,6.77,47.43,5.4725,30.24,4.0,4.94,52.57,0.04
galkayo,20210405,6.77,47.43,7.103,30.15,4.07,5.07,53.79,0.12
galkayo,20210406,6.77,47.43,7.6308,28.69,4.74,6.14,47.2,0.27
galkayo,20210407,6.77,47.43,7.8139,27.5,4.86,6.25,49.13,0.41
galkayo,20210408,6.77,47.43,7.5936,27.26,4.32,5.78,47.91,0.07
galkayo,20210409,6.77,47.43,7.5542,28.0,2.86,4.06,50.37,0.26
galkayo,20210410,6.77,47.43,7.6596,28.82,4.95,6.15,55.93,0.5
galkayo,20210411,6.77,47.43,7.6932,28.68,5.82,7.08,54.86,0.2
galkayo,20210412,6.77,47.43,7.4755,28.36,5.74,7.09,52.6,0.22
galkayo,20210413,6.77,47.43,7.477,28.71,5.0,6.28,54.09,0.15
galkayo,20210414,6.77,47.43,7.3152,29.25,4.6,5.66,54.09,0.04
galkayo,20210415,6.77,47.43,7.0421,29.58,4.54,5.59,53.73,0.07
galkayo,20210416,6.77,47.43,6.9713,29.7,4.89,5.9,54.55,0.08
galkayo,20210417,6.77,47.43,5.9873,30.06,5.38,6.46,53.91,0.11
galkayo,20210418,6.77,47.43,6.7723,30.06,5.51,6.64,54.69,0.31
galkayo,20210419,6.77,47.43,6.2131,30.06,4.87,5.91,57.08,1.08
galkayo,20210420,6.77,47.43,4.434,29.34,4.14,5.14,58.38,0.93
galkayo,20210421,6.77,47.43,5.6741,29.21,4.49,5.43,61.56,0.31
galkayo,20210422,6.77,47.43,6.246,29.68,4.69,5.75,57.26,0.35
galkayo,20210423,6.77,47.43,5.5908,30.01,4.12,5.13,54.53,0.15
galkayo,20210424,6.77,47.43,6.8321,30.33,4.79,5.82,54.3,0.08
galkayo,20210425,6.77,47.43,7.0819,30.27,5.42,6.57,54.02,0.06
galkayo,20210426,6.77,47.43,7.0738,30.61,3.49,4.46,50.1,0.96
galkayo,20210427,6.77,47.43,5.455,30.22,3.62,4.54,54.22,1.47
galkayo,20210428,6.77,47.43,6.2042,29.71,3.59,4.58,57.18,1.95
galkayo,20210429,6.77,47.43,7.1081,30.05,3.68,4.69,56.69,0.91
galkayo,20210430,6.77,47.43,5.9952,29.13,3.2,4.23,60.58,1.85
galkayo,20210501,6.77,47.43,6.846,29.14,2.53,3.4,59.85,0.06
galkayo,20210502,6.77,47.43,3.7678,30.58,3.64,4.7,53.22,0.47
galkayo,20210503,6.77,47.43,7.2682,28.52,2.05,2.87,62.2,1.94
galkayo,20210504,6.77,47.43,5.0246,28.89,2.17,3.1,61.51,0.73
galkayo,20210505,6.77,47.43,6.8321,30.07,2.29,3.29,56.85,0.11
galkayo,20210506,6.77,47.43,6.1306,29.41,2.13,3.02,61.59,1.74
galkayo,20210507,6.77,47.43,5.5193,28.66,2.77,3.62,63.11,0.93
galkayo,20210508,6.77,47.43,4.7105,26.78,2.66,3.59,74.47,8.15
galkayo,20210509,6.77,47.43,4.7338,27.69,3.27,4.56,67.39,1.05
galkayo,20210510,6.77,47.43,4.045,26.73,4.18,5.49,71.02,1.75
galkayo,20210511,6.77,47.43,4.9805,26.07,3.25,4.69,71.19,1.1
galkayo,20210512,6.77,47.43,3.924,27.14,4.1,6.1,64.44,0.69
galkayo,20210513,6.77,47.43,7.0306,29.38,6.41,8.92,53.08,0.0
galkayo,20210514,6.77,47.43,7.199,30.21,7.08,9.5,50.16,0.03
galkayo,20210515,6.77,47.43,7.1554,30.8,7.22,9.54,50.4,0.05
galkayo,20210516,6.77,47.43,7.0447,31.38,6.65,8.94,47.41,0.02
galkayo,20210517,6.77,47.43,7.1606,31.84,6.08,8.06,46.67,0.02
galkayo,20210518,6.77,47.43,6.8378,31.15,6.71,8.41,50.05,0.09
galkayo,20210519,6.77,47.43,6.9991,28.43,7.92,9.72,57.93,0.11
galkayo,20210520,6.77,47.43,6.5664,30.35,8.1,10.22,51.06,0.09
galkayo,20210521,6.77,47.43,6.1841,29.64,7.81,9.95,51.95,1.65
galkayo,20210522,6.77,47.43,5.5207,26.92,6.33,8.53,71.43,38.51
galkayo,20210523,6.77,47.43,5.1194,25.14,5.11,6.78,85.14,148.32
galkayo,20210524,6.77,47.43,6.341,25.1,6.04,8.36,79.88,21.01
galkayo,20210525,6.77,47.43,6.2988,25.06,6.4,8.87,79.69,19.95
galkayo,20210526,6.77,47.43,6.0859,24.75,6.02,8.37,79.64,6.3
galkayo,20210527,6.77,47.43,5.0669,24.97,5.19,7.2,81.85,18.93
galkayo,20210528,6.77,47.43,5.8757,24.09,4.88,6.77,89.47,377.08
galkayo,20210529,6.77,47.43,6.726,24.73,4.99,7.17,85.38,64.28
galkayo,20210530,6.77,47.43,7.1357,24.92,5.19,7.4,83.42,1.05
galkayo,20210531,6.77,47.43,5.3638,25.0,5.53,7.47,83.2,0.0
galkayo,20210601,6.77,47.43,4.9397,24.99,5.83,7.96,81.42,0.0
galkayo,20210602,6.77,47.43,6.3295,24.76,5.6,8.06,79.17,0.0
galkayo,20210603,6.77,47.43,6.8731,24.65,4.91,7.31,77.11,0.0
galkayo,20210604,6.77,47.43,7.0805,25.04,4.98,7.31,79.42,0.0
galkayo,20210605,6.77,47.43,6.9667,25.37,5.0,7.27,79.04,0.03
galkayo,20210606,6.77,47.43,7.1825,25.35,5.78,8.4,77.06,0.0
galkayo,20210607,6.77,47.43,7.0394,25.93,6.34,8.85,77.04,0.01
galkayo,20210608,6.77,47.43,7.026,25.7,6.83,9.29,78.99,0.1
galkayo,20210609,6.77,47.43,6.9564,25.58,7.02,9.52,76.9,0.03
galkayo,20210610,6.77,47.43,5.9976,25.59,7.4,9.85,77.65,0.45
galkayo,20210611,6.77,47.43,5.4886,25.07,8.07,10.74,76.14,0.29
galkayo,20210612,6.77,47.43,6.8148,24.39,6.72,9.37,71.65,0.02
galkayo,20210613,6.77,47.43,6.9113,24.7,6.75,9.44,72.79,0.01
galkayo,20210614,6.77,47.43,6.7008,25.12,6.41,8.83,77.49,0.87
galkayo,20210615,6.77,47.43,6.7706,24.84,6.09,8.48,76.68,0.0
galkayo,20210616,6.77,47.43,6.3058,24.71,6.33,8.8,76.65,0.0
galkayo,20210617,6.77,47.43,6.2662,25.17,6.59,9.09,74.76,0.01
galkayo,20210618,6.77,47.43,6.1481,25.24,7.22,9.72,73.67,0.0
galkayo,20210619,6.77,47.43,5.023,25.08,7.53,9.98,77.17,0.07
galkayo,20210620,6.77,47.43,4.1035,24.68,7.7,10.33,72.92,0.0
galkayo,20210621,6.77,47.43,5.7595,25.08,7.49,10.01,73.05,0.03
galkayo,20210622,6.77,47.43,6.5597,24.95,7.03,9.55,73.06,0.02
galkayo,20210623,6.77,47.43,5.7367,24.91,6.5,8.66,79.31,4.17
galkayo,20210624,6.77,47.43,6.2374,25.38,7.18,9.59,73.2,1.63
galkayo,20210625,6.77,47.43,6.659,24.45,7.38,10.01,71.86,0.01
galkayo,20210626,6.77,47.43,6.8438,24.56,7.02,9.68,70.3,0.0
galkayo,20210627,6.77,47.43,6.8962,25.05,6.28,8.46,71.99,0.0
galkayo,20210628,6.77,47.43,6.0444,25.57,6.08,8.19,71.52,0.0
galkayo,20210629,6.77,47.43,6.732,25.68,7.18,9.63,70.23,0.0
galkayo,20210630,6.77,47.43,5.2798,25.57,8.14,10.88,67.38,0.06
galkayo,20210701,6.77,47.43,7.056,24.8,8.03,11.04,57.63,0.0
galkayo,20210702,6.77,47.43,7.0526,25.09,8.06,10.95,64.33,0.33
galkayo,20210703,6.77,47.43,5.9614,25.2,8.01,10.47,71.79,0.15
galkayo,20210704,6.77,47.43,4.8698,25.08,8.76,11.54,70.2,0.76
galkayo,20210705,6.77,47.43,5.3218,25.75,8.66,11.34,68.85,0.02
galkayo,20210706,6.77,47.43,5.0938,25.19,8.45,11.03,69.27,0.02
galkayo,20210707,6.77,47.43,3.4704,24.88,8.79,11.28,71.95,0.14
galkayo,20210708,6.77,47.43,5.2589,24.9,8.66,11.32,66.64,0.03
galkayo,20210709,6.77,47.43,4.7126,25.17,9.32,12.19,63.04,0.03
galkayo,20210710,6.77,47.43,5.3398,23.95,8.84,11.65,70.42,0.79
galkayo,20210711,6.77,47.43,5.9018,25.78,8.54,11.4,65.71,0.01
galkayo,20210712,6.77,47.43,6.7116,25.63,8.92,11.85,66.18,0.03
galkayo,20210713,6.77,47.43,4.9034,24.84,8.76,11.42,73.8,1.28
galkayo,20210714,6.77,47.43,4.8274,26.24,9.26,12.01,66.49,0.19
galkayo,20210715,6.77,47.43,6.8186,26.02,9.45,12.33,59.69,0.05
galkayo,20210716,6.77,47.43,6.6466,25.44,9.39,12.18,60.88,0.02
galkayo,20210717,6.77,47.43,4.5948,24.5,9.08,12.04,65.94,0.17
galkayo,20210718,6.77,47.43,4.7638,24.86,8.83,11.47,67.71,0.05
galkayo,20210719,6.77,47.43,4.105,24.98,8.67,11.2,69.51,0.5
galkayo,20210720,6.77,47.43,4.4153,24.78,8.32,10.93,66.77,0.04
galkayo,20210721,6.77,47.43,5.2925,25.96,9.11,11.75,65.29,0.02
galkayo,20210722,6.77,47.43,6.6283,26.6,8.86,11.44,64.1,0.01
galkayo,20210723,6.77,47.43,6.6612,26.05,9.17,11.92,61.35,0.05
galkayo,20210724,6.77,47.43,3.7486,24.39,10.28,13.07,67.11,0.25
galkayo,20210725,6.77,47.43,3.5124,24.85,9.76,12.6,62.55,0.05
galkayo,20210726,6.77,47.43,4.1695,25.01,8.97,11.62,65.09,0.08
galkayo,20210727,6.77,47.43,3.864,24.99,9.09,11.71,63.64,0.13
galkayo,20210728,6.77,47.43,4.5816,25.23,8.61,11.1,65.01,0.05
galkayo,20210729,6.77,47.43,4.7614,25.26,8.57,10.93,67.15,0.19
galkayo,20210730,6.77,47.43,4.0733,24.6,8.95,11.47,65.66,0.42
galkayo,20210731,6.77,47.43,5.5123,24.16,8.07,10.97,59.62,0.12
galkayo,20210801,6.77,47.43,6.4865,26.44,9.26,11.96,57.89,0.12
galkayo,20210802,6.77,47.43,4.7726,26.17,8.9,11.34,64.71,1.13
galkayo,20210803,6.77,47.43,6.9209,26.41,8.03,10.53,61.69,0.02
galkayo,20210804,6.77,47.43,6.4505,26.44,8.29,10.47,67.54,0.27
galkayo,20210805,6.77,47.43,5.3827,26.45,8.5,10.8,63.44,0.21
galkayo,20210806,6.77,47.43,6.5153,26.44,8.43,10.84,60.36,0.01
galkayo,20210807,6.77,47.43,7.0234,26.19,8.51,10.99,63.27,0.35
galkayo,20210808,6.77,47.43,5.7818,26.74,8.35,10.76,61.84,0.7
galkayo,20210809,6.77,47.43,5.1264,26.25,8.29,10.59,64.71,0.09
galkayo,20210810,6.77,47.43,6.6324,25.73,7.3,9.6,63.9,0.03
galkayo,20210811,6.77,47.43,5.2824,25.85,6.95,9.31,63.22,0.09
galkayo,20210812,6.77,47.43,6.8686,27.03,7.06,9.37,58.11,0.0
galkayo,20210813,6.77,47.43,6.563,27.29,7.11,9.28,59.54,0.01
galkayo,20210814,6.77,47.43,5.4576,27.23,8.82,11.17,61.64,0.12
galkayo,20210815,6.77,47.43,5.1022,26.66,8.81,11.43,60.25,0.08
galkayo,20210816,6.77,47.43,6.5374,26.99,9.54,12.13,55.57,0.0
galkayo,20210817,6.77,47.43,6.7013,26.48,8.54,11.02,55.68,0.0
galkayo,20210818,6.77,47.43,6.9648,26.75,8.42,11.01,56.42,0.02
galkayo,20210819,6.77,47.43,7.0378,27.45,8.4,11.3,49.84,0.0
galkayo,20210820,6.77,47.43,7.2043,28.15,8.82,11.47,59.4,0.03
galkayo,20210821,6.77,47.43,7.0862,28.34,8.41,10.59,60.48,0.18
galkayo,20210822,6.77,47.43,6.0154,27.82,8.08,10.07,62.11,0.22
galkayo,20210823,6.77,47.43,6.4486,27.63,7.54,9.65,60.69,0.59
galkayo,20210824,6.77,47.43,7.3001,27.56,8.01,10.31,57.14,0.02
galkayo,20210825,6.77,47.43,6.5417,27.67,7.65,9.69,58.86,0.03
galkayo,20210826,6.77,47.43,6.151,27.63,7.88,9.88,62.53,0.24
galkayo,20210827,6.77,47.43,7.2492,27.71,7.89,10.11,55.69,0.0
galkayo,20210828,6.77,47.43,7.4174,26.74,8.56,11.01,56.49,0.0
galkayo,20210829,6.77,47.43,7.3042,26.98,7.82,10.31,54.95,0.04
galkayo,20210830,6.77,47.43,7.1218,27.03,7.47,9.77,54.71,0.0
galkayo,20210831,6.77,47.43,7.0769,27.14,6.92,9.08,55.56,0.01
galkayo,20210901,6.77,47.43,7.0903,27.19,6.39,8.65,53.16,0.03
galkayo,20210902,6.77,47.43,7.3188,27.88,6.75,8.86,57.29,0.08
galkayo,20210903,6.77,47.43,6.1445,28.18,7.39,9.29,61.73,0.0
galkayo,20210904,6.77,47.43,7.2715,27.77,7.91,10.08,55.79,0.0
galkayo,20210905,6.77,47.43,7.2535,27.77,7.91,9.98,54.53,0.0
galkayo,20210906,6.77,47.43,7.2139,27.84,7.35,9.47,56.77,0.0
galkayo,20210907,6.77,47.43,7.1717,27.4,7.23,9.17,58.24,0.0
galkayo,20210908,6.77,47.43,6.3019,26.88,7.27,9.54,59.03,3.48
galkayo,20210909,6.77,47.43,7.1633,27.29,7.73,9.96,58.06,0.02
galkayo,20210910,6.77,47.43,7.0181,27.43,7.63,9.8,59.31,1.5
galkayo,20210911,6.77,47.43,7.3186,27.58,8.21,10.71,54.29,0.0
galkayo,20210912,6.77,47.43,6.5681,27.29,9.0,11.21,64.12,1.05
galkayo,20210913,6.77,47.43,6.8441,27.26,8.55,11.08,57.32,0.02
galkayo,20210914,6.77,47.43,7.2413,28.08,7.54,10.06,51.62,0.0
galkayo,20210915,6.77,47.43,6.57,26.63,6.82,9.15,62.15,0.55
galkayo,20210916,6.77,47.43,6.7922,27.86,6.34,8.55,60.74,0.74
galkayo,20210917,6.77,47.43,7.0481,28.98,6.35,8.3,58.56,0.17
galkayo,20210918,6.77,47.43,6.7512,28.29,6.49,8.55,59.01,0.01
galkayo,20210919,6.77,47.43,6.3802,28.16,7.0,8.94,58.02,0.06
galkayo,20210920,6.77,47.43,5.0729,27.31,6.72,8.76,61.71,0.11
galkayo,20210921,6.77,47.43,7.1102,28.27,6.65,8.61,52.46,0.0
galkayo,20210922,6.77,47.43,7.3066,29.04,6.77,8.99,49.35,0.0
galkayo,20210923,6.77,47.43,6.6221,28.49,7.52,9.53,57.23,0.0
galkayo,20210924,6.77,47.43,3.4874,25.55,5.87,7.74,64.78,0.01
galkayo,20210925,6.77,47.43,6.4826,28.28,6.67,8.81,54.43,0.01
galkayo,20210926,6.77,47.43,7.1381,28.72,6.61,8.72,53.47,0.0
galkayo,20210927,6.77,47.43,7.3433,29.55,6.86,9.06,47.57,0.0
galkayo,20210928,6.77,47.43,6.8479,28.51,6.63,8.71,51.92,0.0
galkayo,20210929,6.77,47.43,6.4591,29.13,6.14,8.19,56.17,0.11
galkayo,20210930,6.77,47.43,5.8867,28.71,5.43,7.25,57.48,0.07
galkayo,20211001,6.77,47.43,6.4255,28.96,5.7,7.3,59.1,0.36
galkayo,20211002,6.77,47.43,6.2318,29.03,5.79,7.46,56.41,0.12
galkayo,20211003,6.77,47.43,5.8771,28.94,5.6,7.16,58.94,0.01
galkayo,20211004,6.77,47.43,5.5716,29.43,5.21,6.69,57.18,0.0
galkayo,20211005,6.77,47.43,6.6427,30.01,6.08,7.74,54.11,0.0
galkayo,20211006,6.77,47.43,5.7497,29.98,6.32,7.95,55.08,0.0
galkayo,20211007,6.77,47.43,6.7879,28.93,6.53,8.58,50.74,0.01
galkayo,20211008,6.77,47.43,6.9276,28.87,5.74,7.6,51.15,0.05
galkayo,20211009,6.77,47.43,6.2093,28.88,5.37,7.03,52.84,0.02
galkayo,20211010,6.77,47.43,5.5241,29.21,4.61,5.9,58.4,0.09
galkayo,20211011,6.77,47.43,4.4938,28.22,5.16,6.7,58.75,0.27
galkayo,20211012,6.77,47.43,5.5138,29.03,5.55,6.94,58.58,0.19
galkayo,20211013,6.77,47.43,6.486,29.23,4.82,6.43,53.56,0.1
galkayo,20211014,6.77,47.43,6.727,30.0,3.48,4.69,49.8,0.08
galkayo,20211015,6.77,47.43,6.5952,29.06,4.05,5.35,52.35,0.02
galkayo,20211016,6.77,47.43,6.3646,30.05,3.77,5.14,51.21,0.02
galkayo,20211017,6.77,47.43,6.7073,29.7,4.33,5.28,53.67,0.02
galkayo,20211018,6.77,47.43,6.475,29.2,3.76,4.74,54.2,0.17
galkayo,20211019,6.77,47.43,5.9647,28.64,3.37,4.26,55.96,0.17
galkayo,20211020,6.77,47.43,6.3434,28.87,3.21,4.06,55.69,0.26
galkayo,20211021,6.77,47.43,6.4147,28.86,3.15,4.09,55.18,0.16
galkayo,20211022,6.77,47.43,6.3811,28.69,3.41,4.34,56.67,0.25
galkayo,20211023,6.77,47.43,6.2446,28.5,3.54,4.46,57.25,0.0
galkayo,20211024,6.77,47.43,6.7565,28.48,4.43,5.44,57.61,0.0
galkayo,20211025,6.77,47.43,5.9914,28.51,4.89,5.9,59.12,0.0
galkayo,20211026,6.77,47.43,6.0535,28.62,3.3,4.24,56.77,0.0
galkayo,20211027,6.77,47.43,6.4766,29.0,3.2,4.06,56.49,0.0
galkayo,20211028,6.77,47.43,6.3494,28.49,3.48,4.47,57.08,0.13
galkayo,20211029,6.77,47.43,7.0834,27.69,4.43,5.79,53.09,0.02
galkayo,20211030,6.77,47.43,6.3166,27.91,6.18,7.62,55.67,0.02
galkayo,20211031,6.77,47.43,6.3725,27.72,6.41,8.04,54.51,0.08
galkayo,20211101,6.77,47.43,6.0569,28.16,5.51,6.83,58.7,0.02
galkayo,20211102,6.77,47.43,6.66,28.29,3.9,5.02,57.34,0.05
galkayo,20211103,6.77,47.43,6.4262,28.49,3.76,4.8,56.3,0.03
galkayo,20211104,6.77,47.43,6.6096,28.62,3.57,4.67,50.38,0.02
galkayo,20211105,6.77,47.43,6.8134,27.56,2.53,3.54,50.84,0.03
galkayo,20211106,6.77,47.43,6.721,27.87,2.58,3.56,52.97,0.01
galkayo,20211107,6.77,47.43,6.7142,27.83,3.45,4.58,53.12,0.0
galkayo,20211108,6.77,47.43,6.7138,27.64,4.12,5.45,53.02,0.0
galkayo,20211109,6.77,47.43,6.8071,27.28,4.62,6.05,54.83,0.0
galkayo,20211110,6.77,47.43,6.282,28.02,4.14,5.35,57.75,0.0
galkayo,20211111,6.77,47.43,6.7627,28.57,4.17,5.37,54.06,0.0
galkayo,20211112,6.77,47.43,6.1872,28.27,4.87,6.23,58.09,0.0
galkayo,20211113,6.77,47.43,6.5258,28.53,5.44,6.86,54.59,0.0
galkayo,20211114,6.77,47.43,6.2455,28.05,5.03,6.32,55.52,0.0
galkayo,20211115,6.77,47.43,6.4946,27.97,3.97,5.16,52.46,0.0
galkayo,20211116,6.77,47.43,6.5479,27.43,3.36,4.43,54.79,0.0
galkayo,20211117,6.77,47.43,6.5539,27.65,3.8,5.0,55.74,0.0
galkayo,20211118,6.77,47.43,6.5522,27.24,3.64,4.86,53.08,0.0
galkayo,20211119,6.77,47.43,6.6226,27.1,3.98,5.43,49.89,0.0
galkayo,20211120,6.77,47.43,6.6667,27.34,3.99,5.33,55.31,0.0
galkayo,20211121,6.77,47.43,6.6989,27.28,4.25,5.65,55.63,0.0
galkayo,20211122,6.77,47.43,6.5117,27.05,4.5,6.11,53.71,0.03
galkayo,20211123,6.77,47.43,6.2592,27.18,2.52,3.9,49.28,0.0
galkayo,20211124,6.77,47.43,6.4123,29.02,2.98,4.16,49.35,0.01
galkayo,20211125,6.77,47.43,6.4152,30.2,5.16,6.69,48.15,0.02
galkayo,20211126,6.77,47.43,4.0183,27.68,6.5,8.17,62.11,0.48
galkayo,20211127,6.77,47.43,6.0456,28.28,4.72,6.03,60.59,4.64
galkayo,20211128,6.77,47.43,5.7566,28.3,4.71,6.28,59.32,3.23
galkayo,20211129,6.77,47.43,6.4452,26.85,5.02,7.27,49.54,0.02
galkayo,20211130,6.77,47.43,6.6749,25.7,5.25,7.5,52.34,0.0
galkayo,20211201,6.77,47.43,6.601,25.4,4.13,6.14,53.15,0.0
galkayo,20211202,6.77,47.43,6.6074,25.54,3.79,5.58,53.54,0.0
galkayo,20211203,6.77,47.43,6.5378,26.23,3.91,5.49,55.03,0.0
galkayo,20211204,6.77,47.43,6.2794,25.95,4.47,6.25,54.29,0.0
galkayo,20211205,6.77,47.43,6.4694,26.83,5.09,6.84,54.66,0.0
galkayo,20211206,6.77,47.43,6.5446,26.89,4.03,5.5,53.74,0.0
galkayo,20211207,6.77,47.43,6.5179,26.14,4.1,5.77,53.46,0.0
galkayo,20211208,6.77,47.43,6.5314,25.48,4.92,7.13,51.28,0.0
galkayo,20211209,6.77,47.43,6.6744,24.88,5.19,7.42,47.02,0.0
galkayo,20211210,6.77,47.43,6.5628,24.97,5.5,7.75,50.82,0.0
galkayo,20211211,6.77,47.43,6.4294,25.89,5.68,7.63,54.92,0.09
galkayo,20211212,6.77,47.43,4.9702,26.71,6.43,8.32,58.77,0.02
galkayo,20211213,6.77,47.43,6.1752,26.53,5.34,7.19,54.29,0.0
galkayo,20211214,6.77,47.43,6.096,25.84,5.61,7.33,56.91,0.0
galkayo,20211215,6.77,47.43,6.2414,25.75,5.06,6.86,54.66,0.0
galkayo,20211216,6.77,47.43,5.7115,26.83,5.82,7.37,62.94,0.01
galkayo,20211217,6.77,47.43,4.8514,27.66,6.19,7.78,58.63,0.04
galkayo,20211218,6.77,47.43,5.9844,27.56,5.43,7.0,52.28,0.0
galkayo,20211219,6.77,47.43,5.9364,27.59,6.25,7.8,55.24,0.04
galkayo,20211220,6.77,47.43,5.3018,27.68,5.87,7.33,58.93,0.12
galkayo,20211221,6.77,47.43,5.1468,27.37,5.44,7.01,56.27,0.06
galkayo,20211222,6.77,47.43,6.1709,27.1,5.44,7.0,56.06,0.03
galkayo,20211223,6.77,47.43,6.2263,26.8,4.92,6.44,58.18,0.11
galkayo,20211224,6.77,47.43,6.5191,25.8,4.54,6.31,54.95,0.01
galkayo,20211225,6.77,47.43,6.6199,25.63,4.95,6.71,54.0,0.0
galkayo,20211226,6.77,47.43,6.2314,26.28,5.2,6.85,57.73,0.0
galkayo,20211227,6.77,47.43,6.5066,26.0,5.69,7.57,55.34,0.09
galkayo,20211228,6.77,47.43,6.539,25.05,5.28,7.18,54.45,0.35
galkayo,20211229,6.77,47.43,6.6718,25.06,5.08,7.05,51.5,0.0
galkayo,20211230,6.77,47.43,6.7512,25.1,5.5,7.56,52.86,0.03
galkayo,20211231,6.77,47.43,6.4234,25.66,5.92,7.69,63.96,1.3
galkayo,20220101,6.77,47.43,6.3785,26.09,5.69,7.4,61.78,0.15
galkayo,20220102,6.77,47.43,6.583,26.02,4.6,6.26,58.74,0.17
galkayo,20220103,6.77,47.43,6.4658,26.7,4.71,6.11,62.53,0.09
galkayo,20220104,6.77,47.43,6.001,27.73,5.22,6.66,60.33,0.25
galkayo,20220105,6.77,47.43,6.258,27.49,5.58,7.13,58.04,0.28
galkayo,20220106,6.77,47.43,6.3636,27.04,5.91,7.53,57.92,0.0
galkayo,20220107,6.77,47.43,5.837,26.79,6.62,8.27,59.0,0.0
galkayo,20220108,6.77,47.43,5.6714,26.39,6.18,7.84,55.15,0.0
galkayo,20220109,6.77,47.43,6.5059,25.85,5.44,7.25,53.28,0.0
galkayo,20220110,6.77,47.43,6.6144,25.46,6.1,7.93,55.98,0.0
galkayo,20220111,6.77,47.43,5.7521,25.49,6.18,8.07,54.32,0.0
galkayo,20220112,6.77,47.43,6.7433,25.58,5.83,7.85,51.19,0.0
galkayo,20220113,6.77,47.43,6.7666,25.46,5.8,7.78,54.13,0.0
galkayo,20220114,6.77,47.43,6.5069,26.08,5.14,6.68,56.24,0.0
galkayo,20220115,6.77,47.43,6.5825,27.03,5.12,6.42,57.12,0.0
galkayo,20220116,6.77,47.43,6.3439,26.71,5.15,6.37,57.46,0.05
galkayo,20220117,6.77,47.43,6.1692,25.6,5.39,6.97,60.29,0.05
galkayo,20220118,6.77,47.43,4.7942,25.97,5.55,7.14,61.27,0.03
galkayo,20220119,6.77,47.43,6.527,26.85,4.89,6.27,58.67,0.02
galkayo,20220120,6.77,47.43,6.648,26.51,5.12,6.9,53.52,0.02
galkayo,20220121,6.77,47.43,6.4735,26.02,6.79,8.73,53.32,0.05
galkayo,20220122,6.77,47.43,6.0182,25.61,7.35,9.35,58.83,0.15
galkayo,20220123,6.77,47.43,6.6182,25.24,5.99,7.73,58.83,0.21
galkayo,20220124,6.77,47.43,6.1589,25.04,5.61,7.7,52.19,0.71
galkayo,20220125,6.77,47.43,6.917,24.07,6.18,8.43,48.05,0.0
galkayo,20220126,6.77,47.43,6.9523,23.92,5.72,7.89,48.38,0.0
galkayo,20220127,6.77,47.43,6.4457,24.63,5.11,7.16,49.08,0.0
galkayo,20220128,6.77,47.43,6.2858,26.02,5.84,7.73,52.18,0.0
galkayo,20220129,6.77,47.43,6.2398,24.87,6.05,8.27,51.62,0.0
galkayo,20220130,6.77,47.43,6.8947,24.82,6.02,7.96,53.01,0.0
galkayo,20220131,6.77,47.43,4.9051,26.1,5.49,6.93,59.71,0.02
galkayo,20220201,6.77,47.43,6.0878,27.55,5.21,6.63,56.37,0.02
galkayo,20220202,6.77,47.43,6.3427,27.41,6.35,7.98,55.56,0.02
galkayo,20220203,6.77,47.43,7.038,26.03,5.76,7.63,48.51,0.01
galkayo,20220204,6.77,47.43,7.2106,24.78,5.24,7.43,42.24,0.0
galkayo,20220205,6.77,47.43,7.3166,24.43,4.44,6.44,43.13,0.45
galkayo,20220206,6.77,47.43,7.043,24.43,4.39,6.18,56.74,3.79
galkayo,20220207,6.77,47.43,6.7008,24.56,5.91,7.78,61.44,3.73
galkayo,20220208,6.77,47.43,7.1398,24.41,6.27,8.51,57.54,0.19
galkayo,20220209,6.77,47.43,7.0822,24.51,6.37,8.45,56.94,0.51
galkayo,20220210,6.77,47.43,6.9444,24.86,5.72,7.64,55.97,0.0
galkayo,20220211,6.77,47.43,7.1294,24.46,5.31,7.3,51.58,0.0
galkayo,20220212,6.77,47.43,6.5995,25.13,4.95,6.75,55.12,0.0
galkayo,20220213,6.77,47.43,7.2142,25.88,4.86,6.45,56.07,0.0
galkayo,20220214,6.77,47.43,7.1966,25.83,6.3,8.06,52.75,0.0
galkayo,20220215,6.77,47.43,6.9144,25.64,5.48,7.09,56.08,0.0
galkayo,20220216,6.77,47.43,6.9516,25.7,4.84,6.46,54.33,0.0
galkayo,20220217,6.77,47.43,7.0133,25.4,3.98,5.56,52.91,0.0
galkayo,20220218,6.77,47.43,7.1957,25.92,5.12,6.89,52.46,0.0
galkayo,20220219,6.77,47.43,7.1266,26.17,5.28,6.98,53.59,0.0
galkayo,20220220,6.77,47.43,6.8926,26.06,5.47,7.15,51.21,0.0
galkayo,20220221,6.77,47.43,6.977,27.3,5.08,6.74,52.09,0.0
galkayo,20220222,6.77,47.43,6.8522,28.17,6.79,8.36,55.76,0.0
galkayo,20220223,6.77,47.43,6.5662,28.11,7.57,9.19,57.74,0.0
galkayo,20220224,6.77,47.43,7.152,27.26,6.3,7.63,59.13,0.0
galkayo,20220225,6.77,47.43,7.2523,27.65,5.78,6.99,57.5,0.0
galkayo,20220226,6.77,47.43,7.3015,28.31,5.06,6.22,55.42,0.0
galkayo,20220227,6.77,47.43,7.1198,28.37,5.84,7.09,56.08,0.0
galkayo,20220228,6.77,47.43,6.8779,27.62,6.77,8.33,52.47,0.0
galkayo,20220301,6.77,47.43,6.6785,26.47,6.44,8.09,54.37,0.0
galkayo,20220302,6.77,47.43,5.845,26.47,6.24,8.03,53.39,0.0
galkayo,20220303,6.77,47.43,7.4501,26.17,5.68,7.53,50.87,0.0
galkayo,20220304,6.77,47.43,7.5989,25.91,6.2,7.93,51.53,0.0
galkayo,20220305,6.77,47.43,7.3685,25.91,6.19,7.84,54.45,0.0
galkayo,20220306,6.77,47.43,7.4306,26.41,5.78,7.46,51.79,0.0
galkayo,20220307,6.77,47.43,7.4316,26.45,5.37,6.86,55.15,0.0
galkayo,20220308,6.77,47.43,7.5418,26.83,5.7,7.13,53.83,0.0
galkayo,20220309,6.77,47.43,7.3481,26.87,5.77,7.34,53.14,0.0
galkayo,20220310,6.77,47.43,7.2677,26.1,5.46,7.07,51.92,0.0
galkayo,20220311,6.77,47.43,7.6003,26.51,5.52,7.05,53.7,0.0
galkayo,20220312,6.77,47.43,7.4599,26.76,5.73,7.18,56.4,0.0
galkayo,20220313,6.77,47.43,7.5211,27.19,5.91,7.4,55.88,0.0
galkayo,20220314,6.77,47.43,7.4318,27.23,5.81,7.29,53.81,0.0
galkayo,20220315,6.77,47.43,6.6485,26.97,5.14,6.64,53.87,0.0
galkayo,20220316,6.77,47.43,7.577,27.24,5.1,6.39,54.55,0.0
galkayo,20220317,6.77,47.43,7.5223,27.91,5.21,6.49,54.32,0.0
galkayo,20220318,6.77,47.43,7.3471,28.03,5.46,6.82,51.87,0.0
galkayo,20220319,6.77,47.43,7.2118,27.7,4.64,5.91,52.87,0.0
galkayo,20220320,6.77,47.43,7.2775,27.55,5.48,6.84,54.45,0.0
galkayo,20220321,6.77,47.43,7.1993,27.96,5.27,6.54,54.71,0.0
galkayo,20220322,6.77,47.43,7.3478,28.43,4.42,5.54,53.63,0.09
galkayo,20220323,6.77,47.43,5.8682,29.59,3.8,4.71,54.17,0.08
galkayo,20220324,6.77,47.43,6.4519,30.49,3.45,4.25,53.54,0.21
galkayo,20220325,6.77,47.43,6.0881,29.6,4.51,5.33,59.71,4.4
galkayo,20220326,6.77,47.43,6.9182,28.19,4.46,5.95,49.2,0.8
galkayo,20220327,6.77,47.43,7.7249,27.44,3.65,5.14,47.62,0.0
galkayo,20220328,6.77,47.43,7.4525,28.25,4.91,6.53,50.46,0.0
galkayo,20220329,6.77,47.43,7.2156,28.63,6.24,7.71,53.68,0.0
galkayo,20220330,6.77,47.43,6.9996,28.86,5.78,7.04,56.68,0.0
galkayo,20220331,6.77,47.43,6.9758,29.35,5.58,6.87,53.88,0.0
galkayo,20220401,6.77,47.43,7.2173,29.73,5.53,6.75,55.82,0.02
galkayo,20220402,6.77,47.43,7.3466,29.37,5.6,6.89,54.94,0.01
galkayo,20220403,6.77,47.43,7.4098,29.75,4.79,5.97,52.68,0.01
galkayo,20220404,6.77,47.43,7.5139,29.96,4.58,5.73,52.12,0.01
galkayo,20220405,6.77,47.43,7.5533,29.81,5.19,6.33,51.63,0.01
galkayo,20220406,6.77,47.43,7.5922,29.09,5.37,6.6,52.8,0.04
galkayo,20220407,6.77,47.43,7.2641,28.87,5.66,6.99,54.77,0.02
galkayo,20220408,6.77,47.43,6.6432,29.55,5.2,6.33,56.72,0.03
galkayo,20220409,6.77,47.43,6.96,29.91,4.94,6.0,55.92,0.1
galkayo,20220410,6.77,47.43,7.4172,30.08,4.96,5.98,54.54,0.04
galkayo,20220411,6.77,47.43,7.2211,29.97,4.34,5.3,55.16,0.12
galkayo,20220412,6.77,47.43,7.5276,30.77,3.69,4.72,50.36,0.04
galkayo,20220413,6.77,47.43,6.7598,30.69,4.21,5.2,52.71,0.08
galkayo,20220414,6.77,47.43,7.1918,30.45,4.81,5.91,53.36,0.09
galkayo,20220415,6.77,47.43,6.9535,30.93,4.41,5.33,53.01,0.09
galkayo,20220416,6.77,47.43,6.6914,31.67,3.7,4.58,50.71,0.21
galkayo,20220417,6.77,47.43,6.7706,30.03,3.46,4.73,57.76,9.53
galkayo,20220418,6.77,47.43,5.9426,28.71,2.48,3.76,67.71,15.76
galkayo,20220419,6.77,47.43,6.9634,29.28,3.31,4.62,62.31,1.35
galkayo,20220420,6.77,47.43,7.1604,28.8,3.73,5.09,59.22,0.43
galkayo,20220421,6.77,47.43,7.422,28.99,3.92,5.22,59.81,0.63
galkayo,20220422,6.77,47.43,6.829,29.2,3.78,5.08,61.21,1.83
galkayo,20220423,6.77,47.43,7.0733,29.1,3.23,4.72,60.51,3.22
galkayo,20220424,6.77,47.43,7.0978,29.43,3.42,4.81,58.29,0.42
galkayo,20220425,6.77,47.43,6.8352,29.59,3.96,5.2,59.03,1.11
galkayo,20220426,6.77,47.43,7.2214,29.2,2.26,3.16,59.04,0.07
galkayo,20220427,6.77,47.43,6.6185,30.15,3.79,5.01,55.44,0.03
galkayo,20220428,6.77,47.43,6.5758,30.01,3.48,4.6,56.45,0.06
galkayo,20220429,6.77,47.43,6.9979,30.21,3.36,4.39,54.81,0.1
galkayo,20220430,6.77,47.43,6.5755,29.92,3.62,4.68,57.09,0.3
galkayo,20220501,6.77,47.43,5.19,29.31,3.33,4.1,62.04,2.03
galkayo,20220502,6.77,47.43,5.0042,29.04,4.94,6.12,62.27,0.52
galkayo,20220503,6.77,47.43,6.1433,30.33,4.7,6.5,50.76,0.12
galkayo,20220504,6.77,47.43,6.0698,29.92,4.86,6.63,55.42,3.25
galkayo,20220505,6.77,47.43,6.8364,28.96,4.75,6.58,60.79,3.64
galkayo,20220506,6.77,47.43,6.7294,30.82,5.13,7.13,50.96,0.01
galkayo,20220507,6.77,47.43,6.7186,31.08,5.04,6.95,50.06,0.02
galkayo,20220508,6.77,47.43,6.1685,29.71,4.36,6.14,56.44,0.08
galkayo,20220509,6.77,47.43,6.1579,31.13,4.96,6.52,52.0,0.06
galkayo,20220510,6.77,47.43,6.5981,29.59,4.15,5.87,56.44,0.02
galkayo,20220511,6.77,47.43,6.6595,30.3,4.38,6.24,53.52,0.0
galkayo,20220512,6.77,47.43,6.6538,31.73,5.59,7.41,48.22,0.0
galkayo,20220513,6.77,47.43,6.1975,31.08,6.76,8.63,51.59,0.0
galkayo,20220514,6.77,47.43,6.5933,31.57,6.25,7.95,48.9,0.0
galkayo,20220515,6.77,47.43,6.5657,31.1,6.64,8.65,50.14,0.0
galkayo,20220516,6.77,47.43,6.5378,31.4,7.65,9.85,44.57,0.16
galkayo,20220517,6.77,47.43,6.8196,29.96,8.19,10.43,53.58,2.96
galkayo,20220518,6.77,47.43,6.6703,29.65,7.13,9.3,51.61,0.61
galkayo,20220519,6.77,47.43,6.859,29.71,6.18,8.44,51.24,1.92
galkayo,20220520,6.77,47.43,6.9314,30.21,5.79,7.92,49.45,0.36
galkayo,20220521,6.77,47.43,6.041,30.88,6.61,8.62,50.23,0.0
galkayo,20220522,6.77,47.43,6.6005,31.53,6.93,8.89,46.39,0.03
galkayo,20220523,6.77,47.43,6.5407,30.96,7.39,9.36,51.95,0.02
galkayo,20220524,6.77,47.43,6.2256,30.9,7.5,9.57,51.68,0.0
galkayo,20220525,6.77,47.43,6.8966,30.35,6.67,8.84,48.65,0.0
galkayo,20220526,6.77,47.43,6.5954,31.22,6.43,8.42,46.61,0.04
galkayo,20220527,6.77,47.43,6.2681,27.31,5.63,7.54,63.51,3.75
galkayo,20220528,6.77,47.43,5.8759,29.41,6.75,8.82,51.85,0.21
galkayo,20220529,6.77,47.43,5.9914,29.95,7.51,9.7,49.86,0.03
galkayo,20220530,6.77,47.43,6.8129,29.73,7.79,10.01,50.48,0.06
galkayo,20220531,6.77,47.43,6.7529,30.16,7.19,9.46,46.68,0.0
galkayo,20220601,6.77,47.43,6.7627,30.17,6.83,8.98,47.23,0.0
galkayo,20220602,6.77,47.43,6.3394,30.03,8.07,10.36,45.48,0.0
galkayo,20220603,6.77,47.43,6.3514,29.74,8.39,10.66,47.39,0.0
galkayo,20220604,6.77,47.43,6.2518,30.0,7.42,9.53,47.14,0.0
galkayo,20220605,6.77,47.43,6.1807,30.21,7.34,9.48,49.31,0.36
galkayo,20220606,6.77,47.43,6.744,30.04,7.66,9.94,45.18,0.9
galkayo,20220607,6.77,47.43,6.0864,27.49,7.43,9.63,57.09,4.29
galkayo,20220608,6.77,47.43,6.5352,27.55,7.44,9.9,58.31,2.32
galkayo,20220609,6.77,47.43,6.8369,28.17,8.57,10.9,58.27,0.06
galkayo,20220610,6.77,47.43,7.1064,28.6,8.1,10.49,52.9,0.01
galkayo,20220611,6.77,47.43,6.9542,28.82,8.03,10.5,47.56,0.0
galkayo,20220612,6.77,47.43,6.1963,28.59,8.82,11.52,54.46,0.02
galkayo,20220613,6.77,47.43,6.4814,29.53,8.62,11.0,48.64,0.01
galkayo,20220614,6.77,47.43,6.9194,29.39,8.52,10.93,46.93,0.0
galkayo,20220615,6.77,47.43,7.1054,29.05,8.02,10.28,46.9,0.0
galkayo,20220616,6.77,47.43,6.9876,28.69,7.26,9.32,52.1,0.0
galkayo,20220617,6.77,47.43,6.7817,28.92,7.64,9.87,48.32,0.0
galkayo,20220618,6.77,47.43,7.0166,28.19,7.81,10.2,42.63,0.0
galkayo,20220619,6.77,47.43,6.8448,28.87,8.02,10.28,46.57,0.0
galkayo,20220620,6.77,47.43,6.2426,29.58,9.58,12.13,46.37,0.0
galkayo,20220621,6.77,47.43,5.573,28.19,9.55,12.07,50.9,0.1
galkayo,20220622,6.77,47.43,4.109,27.78,9.09,11.41,53.23,0.05
galkayo,20220623,6.77,47.43,3.0542,27.35,9.27,11.52,58.09,0.34
galkayo,20220624,6.77,47.43,4.3906,28.07,8.36,10.54,52.45,0.11
galkayo,20220625,6.77,47.43,6.5141,28.51,8.5,10.8,48.47,0.09
galkayo,20220626,6.77,47.43,7.1285,29.09,8.7,11.26,42.53,0.0
galkayo,20220627,6.77,47.43,6.5203,28.76,10.07,12.59,55.04,0.74
galkayo,20220628,6.77,47.43,5.8812,28.19,10.54,13.15,52.79,0.05
galkayo,20220629,6.77,47.43,4.5715,27.45,10.52,13.1,55.63,0.37
galkayo,20220630,6.77,47.43,5.5476,27.01,11.01,13.71,53.0,0.13
galkayo,20220701,6.77,47.43,4.927,27.08,9.15,11.79,48.93,0.03
galkayo,20220702,6.77,47.43,6.3094,27.99,10.55,13.14,51.7,0.12
galkayo,20220703,6.77,47.43,5.1876,27.3,11.29,14.15,50.32,0.29
galkayo,20220704,6.77,47.43,4.5379,27.69,10.74,13.38,51.18,0.19
galkayo,20220705,6.77,47.43,4.9654,27.72,10.04,12.56,52.29,0.11
galkayo,20220706,6.77,47.43,4.4446,28.0,10.71,13.34,50.43,0.03
galkayo,20220707,6.77,47.43,3.5938,27.7,10.83,13.51,53.3,0.21
galkayo,20220708,6.77,47.43,3.9854,27.13,10.86,13.55,51.57,0.01
galkayo,20220709,6.77,47.43,4.6306,26.74,11.29,13.98,52.88,0.14
galkayo,20220710,6.77,47.43,4.0805,26.25,10.98,13.62,54.25,0.22
galkayo,20220711,6.77,47.43,4.1575,26.21,9.39,11.64,58.35,0.43
galkayo,20220712,6.77,47.43,5.3239,27.8,9.71,12.02,53.7,0.03
galkayo,20220713,6.77,47.43,6.9182,28.41,9.57,12.23,44.61,0.0
galkayo,20220714,6.77,47.43,5.0911,29.22,10.97,13.62,53.9,1.19
galkayo,20220715,6.77,47.43,4.8732,27.62,10.37,12.76,60.54,0.45
galkayo,20220716,6.77,47.43,6.4289,27.86,10.45,12.98,50.43,0.01
galkayo,20220717,6.77,47.43,6.5191,27.77,11.02,13.68,51.86,0.01
galkayo,20220718,6.77,47.43,4.345,26.89,10.65,13.04,57.56,0.28
galkayo,20220719,6.77,47.43,4.0901,26.93,10.95,13.45,54.65,0.04
galkayo,20220720,6.77,47.43,4.3174,26.19,9.84,12.39,47.99,0.02
galkayo,20220721,6.77,47.43,6.7085,26.98,9.93,12.38,48.76,0.0
galkayo,20220722,6.77,47.43,5.2673,26.89,9.83,12.11,56.57,1.6
galkayo,20220723,6.77,47.43,6.6847,27.34,9.35,11.71,52.77,0.19
galkayo,20220724,6.77,47.43,4.7434,27.11,9.87,12.26,54.44,0.27
galkayo,20220725,6.77,47.43,6.45,27.18,9.81,12.17,54.25,0.11
galkayo,20220726,6.77,47.43,6.6305,27.84,9.99,12.43,48.59,0.0
galkayo,20220727,6.77,47.43,6.4805,27.77,9.31,11.66,50.24,0.03
galkayo,20220728,6.77,47.43,7.1011,27.93,8.45,10.57,47.92,0.0
galkayo,20220729,6.77,47.43,7.0296,28.29,8.08,10.14,49.45,0.0
galkayo,20220730,6.77,47.43,6.8208,27.91,9.03,11.17,50.58,0.01
galkayo,20220731,6.77,47.43,6.4788,28.13,9.35,11.53,50.1,0.13
galkayo,20220801,6.77,47.43,5.9534,27.7,9.24,11.44,53.29,0.39
galkayo,20220802,6.77,47.43,6.7502,28.17,9.32,11.64,46.39,0.0
galkayo,20220803,6.77,47.43,7.0819,28.24,9.65,11.84,49.51,0.09
galkayo,20220804,6.77,47.43,4.098,27.82,9.3,11.51,51.89,0.07
galkayo,20220805,6.77,47.43,7.1491,27.84,9.24,11.56,48.56,0.0
galkayo,20220806,6.77,47.43,6.4363,28.0,9.32,11.47,48.66,0.0
galkayo,20220807,6.77,47.43,6.7783,27.53,10.1,12.37,47.93,0.0
galkayo,20220808,6.77,47.43,5.9354,27.83,9.56,11.74,48.72,0.03
galkayo,20220809,6.77,47.43,6.1778,27.58,9.39,11.57,48.97,0.0
galkayo,20220810,6.77,47.43,5.3765,27.72,8.97,10.92,57.25,0.01
galkayo,20220811,6.77,47.43,3.3154,28.14,10.0,12.25,51.24,0.0
galkayo,20220812,6.77,47.43,6.5395,27.98,9.93,12.17,47.01,0.0
galkayo,20220813,6.77,47.43,4.3116,28.19,9.97,12.27,49.39,0.0
galkayo,20220814,6.77,47.43,6.7898,29.03,9.04,11.23,45.09,0.01
galkayo,20220815,6.77,47.43,5.7946,27.54,7.44,9.42,55.5,0.12
galkayo,20220816,6.77,47.43,6.9857,28.59,7.93,9.99,47.4,0.01
galkayo,20220817,6.77,47.43,6.9931,28.24,8.56,10.51,51.22,0.23
galkayo,20220818,6.77,47.43,6.9504,29.18,8.44,10.45,45.64,0.0
galkayo,20220819,6.77,47.43,7.2845,28.98,8.2,9.95,51.34,0.0
galkayo,20220820,6.77,47.43,6.0631,27.66,8.19,10.09,58.83,0.08
galkayo,20220821,6.77,47.43,5.7907,28.45,8.37,10.41,52.02,0.0
galkayo,20220822,6.77,47.43,7.1686,27.83,8.58,10.86,46.73,0.01
galkayo,20220823,6.77,47.43,5.437,27.79,9.21,11.37,51.76,0.03
galkayo,20220824,6.77,47.43,6.5412,27.44,9.05,11.14,51.44,0.31
galkayo,20220825,6.77,47.43,5.844,27.75,9.53,11.62,55.45,1.12
galkayo,20220826,6.77,47.43,5.8505,27.41,9.06,11.09,52.57,0.22
galkayo,20220827,6.77,47.43,5.4026,27.71,8.45,10.41,50.81,0.14
galkayo,20220828,6.77,47.43,7.1196,28.01,7.68,9.51,50.53,0.13
galkayo,20220829,6.77,47.43,7.2084,28.33,7.86,9.79,50.69,0.0
galkayo,20220830,6.77,47.43,6.7826,28.54,7.88,9.7,50.5,0.0
galkayo,20220831,6.77,47.43,5.0762,27.08,7.66,9.78,52.97,0.0
galkayo,20220901,6.77,47.43,7.08,27.55,8.13,10.37,47.16,0.0
galkayo,20220902,6.77,47.43,7.1587,27.99,8.32,10.38,47.08,0.0
galkayo,20220903,6.77,47.43,5.6882,26.88,8.55,10.67,51.0,0.0
galkayo,20220904,6.77,47.43,7.1642,28.67,8.3,10.42,46.94,0.0
galkayo,20220905,6.77,47.43,5.8891,28.71,8.69,10.75,49.29,0.0
galkayo,20220906,6.77,47.43,7.0622,28.54,9.18,11.3,48.61,0.0
galkayo,20220907,6.77,47.43,6.1771,28.62,8.91,11.0,47.42,0.0
galkayo,20220908,6.77,47.43,6.9238,28.59,8.8,11.04,46.57,0.0
galkayo,20220909,6.77,47.43,6.9334,28.48,8.15,10.2,48.12,0.0
galkayo,20220910,6.77,47.43,6.5261,27.18,7.98,9.69,48.13,0.0
galkayo,20220911,6.77,47.43,5.9741,29.25,7.66,9.51,49.83,0.0
galkayo,20220912,6.77,47.43,7.2382,29.75,7.82,9.72,48.47,0.0
galkayo,20220913,6.77,47.43,7.2372,29.52,7.99,10.01,47.11,0.0
galkayo,20220914,6.77,47.43,6.5856,29.72,8.59,10.6,48.29,0.02
galkayo,20220915,6.77,47.43,6.1961,28.83,7.73,9.62,50.89,0.13
galkayo,20220916,6.77,47.43,6.7171,29.01,8.2,10.04,52.69,0.04
galkayo,20220917,6.77,47.43,7.175,29.71,7.59,9.48,47.53,0.0
galkayo,20220918,6.77,47.43,7.4038,29.99,6.95,8.91,42.66,0.0
galkayo,20220919,6.77,47.43,7.3385,30.32,7.05,8.8,46.38,0.0
galkayo,20220920,6.77,47.43,6.1097,30.15,7.19,8.8,52.13,0.06
galkayo,20220921,6.77,47.43,6.4409,30.48,6.46,7.88,51.66,0.05
galkayo,20220922,6.77,47.43,5.8462,28.62,6.28,7.85,56.66,0.24
galkayo,20220923,6.77,47.43,4.3903,28.27,6.22,7.84,56.92,0.0
galkayo,20220924,6.77,47.43,7.2415,28.3,4.8,6.22,50.81,0.0
galkayo,20220925,6.77,47.43,6.4562,29.43,6.56,8.1,49.41,0.0
galkayo,20220926,6.77,47.43,7.159,30.01,6.23,7.81,48.12,0.0
galkayo,20220927,6.77,47.43,6.8107,30.23,6.14,7.65,50.39,0.0
galkayo,20220928,6.77,47.43,6.0526,29.53,6.67,8.18,54.39,0.77
galkayo,20220929,6.77,47.43,4.0656,27.81,6.62,8.28,58.53,2.12
galkayo,20220930,6.77,47.43,6.2645,27.73,5.62,7.5,55.17,0.07
galkayo,20221001,6.77,47.43,6.9406,28.24,5.48,7.06,53.44,0.04
galkayo,20221002,6.77,47.43,6.9415,28.85,6.19,7.78,52.91,0.06
galkayo,20221003,6.77,47.43,6.1474,28.79,6.05,7.65,52.95,0.07
galkayo,20221004,6.77,47.43,6.6202,28.01,4.59,5.95,53.02,0.05
galkayo,20221005,6.77,47.43,7.0109,29.11,4.9,6.23,53.06,0.02
galkayo,20221006,6.77,47.43,5.6563,29.57,4.88,6.06,51.72,0.52
galkayo,20221007,6.77,47.43,5.562,29.12,5.53,6.96,53.43,0.59
galkayo,20221008,6.77,47.43,4.0253,27.92,5.73,7.43,56.01,0.08
galkayo,20221009,6.77,47.43,6.2251,28.95,5.72,7.19,52.96,0.07
galkayo,20221010,6.77,47.43,6.2107,29.39,5.5,6.9,53.52,0.04
galkayo,20221011,6.77,47.43,5.8166,28.95,5.75,7.16,53.82,0.05
galkayo,20221012,6.77,47.43,5.9818,29.12,5.5,6.94,52.05,0.13
galkayo,20221013,6.77,47.43,6.4574,27.89,4.76,6.13,54.67,0.0
galkayo,20221014,6.77,47.43,4.6238,28.93,4.96,6.26,53.29,0.0
galkayo,20221015,6.77,47.43,6.179,28.31,4.13,5.15,56.23,0.0
galkayo,20221016,6.77,47.43,4.6154,28.98,4.15,5.06,54.96,0.0
galkayo,20221017,6.77,47.43,4.1818,28.9,4.16,4.91,56.27,0.0
galkayo,20221018,6.77,47.43,3.1402,28.84,3.99,4.82,55.13,1.84
galkayo,20221019,6.77,47.43,5.5289,28.07,4.23,5.35,58.22,1.55
galkayo,20221020,6.77,47.43,5.1547,28.33,4.32,5.54,57.45,0.16
galkayo,20221021,6.77,47.43,4.4239,28.61,4.63,5.65,57.19,0.16
galkayo,20221022,6.77,47.43,5.5258,28.84,4.46,5.41,57.59,0.22
galkayo,20221023,6.77,47.43,5.0273,28.68,4.04,4.86,57.72,0.83
galkayo,20221024,6.77,47.43,6.3809,28.98,3.48,4.19,57.14,0.62
galkayo,20221025,6.77,47.43,4.7417,28.85,4.21,5.08,59.05,1.41
galkayo,20221026,6.77,47.43,5.6892,28.81,4.22,5.15,60.19,1.77
galkayo,20221027,6.77,47.43,5.7574,28.61,4.82,5.94,57.85,0.41
galkayo,20221028,6.77,47.43,6.3833,28.67,4.19,5.25,57.88,0.09
galkayo,20221029,6.77,47.43,5.7674,28.41,4.3,5.19,58.69,0.12
galkayo,20221030,6.77,47.43,6.2201,28.3,4.49,5.52,56.25,0.06
galkayo,20221031,6.77,47.43,6.5868,28.28,4.63,5.63,58.22,0.04
galkayo,20221101,6.77,47.43,6.1464,28.32,4.5,5.43,57.65,0.06
galkayo,20221102,6.77,47.43,5.9182,28.02,4.56,5.48,57.68,0.0
galkayo,20221103,6.77,47.43,6.0118,28.28,4.48,5.4,57.21,0.0
galkayo,20221104,6.77,47.43,5.8577,28.55,4.01,4.92,56.79,0.0
galkayo,20221105,6.77,47.43,5.6657,28.38,4.85,5.82,58.84,0.0
galkayo,20221106,6.77,47.43,6.2638,28.36,4.08,5.04,57.56,0.0
galkayo,20221107,6.77,47.43,6.1651,28.45,4.34,5.35,56.31,0.01
galkayo,20221108,6.77,47.43,5.9806,28.6,4.27,5.38,52.81,0.01
galkayo,20221109,6.77,47.43,6.2117,28.21,4.75,5.87,56.33,0.01
galkayo,20221110,6.77,47.43,6.0847,27.83,5.88,7.08,60.16,0.03
galkayo,20221111,6.77,47.43,5.653,28.14,4.35,5.43,59.65,0.03
galkayo,20221112,6.77,47.43,6.0019,28.68,5.06,6.21,56.7,0.0
galkayo,20221113,6.77,47.43,6.4666,28.69,5.55,6.94,51.87,0.0
galkayo,20221114,6.77,47.43,6.5222,27.98,4.5,5.9,50.74,0.0
galkayo,20221115,6.77,47.43,6.6622,27.59,4.44,5.8,52.61,0.0
galkayo,20221116,6.77,47.43,6.4776,28.77,4.69,5.89,54.76,0.0
galkayo,20221117,6.77,47.43,6.5654,28.55,5.16,6.46,57.76,0.81
galkayo,20221118,6.77,47.43,6.6922,28.27,3.9,5.14,53.03,0.29
galkayo,20221119,6.77,47.43,6.0413,28.75,4.56,5.73,60.7,3.03
galkayo,20221120,6.77,47.43,5.2428,27.21,3.77,4.99,66.59,3.79
galkayo,20221121,6.77,47.43,5.8342,27.12,4.62,6.49,49.52,0.01
galkayo,20221122,6.77,47.43,6.4226,26.32,4.68,6.56,50.7,0.0
galkayo,20221123,6.77,47.43,6.4327,27.22,4.79,6.39,55.92,0.0
galkayo,20221124,6.77,47.43,6.2741,27.49,4.18,5.47,56.29,0.02
galkayo,20221125,6.77,47.43,5.6102,27.99,4.24,5.4,56.55,0.04
galkayo,20221126,6.77,47.43,5.5507,28.08,4.31,5.52,56.18,0.03
galkayo,20221127,6.77,47.43,6.3324,28.44,4.22,5.4,54.87,0.0
galkayo,20221128,6.77,47.43,6.2052,28.59,4.8,6.12,54.6,0.0
galkayo,20221129,6.77,47.43,6.6077,27.56,4.93,6.54,52.03,0.0
galkayo,20221130,6.77,47.43,6.5112,27.29,4.6,6.23,52.94,0.0
galkayo,20221201,6.77,47.43,5.4134,27.9,4.61,5.99,59.46,0.0
galkayo,20221202,6.77,47.43,6.3026,28.52,5.44,7.06,47.61,0.07
galkayo,20221203,6.77,47.43,6.5076,27.93,4.61,6.24,48.72,0.0
galkayo,20221204,6.77,47.43,6.4543,27.66,4.79,6.45,49.99,0.01
galkayo,20221205,6.77,47.43,6.3552,27.77,4.89,6.62,51.07,0.01
galkayo,20221206,6.77,47.43,6.1769,27.51,5.17,6.83,50.79,0.03
galkayo,20221207,6.77,47.43,6.3432,27.63,5.46,6.8,54.77,0.0
galkayo,20221208,6.77,47.43,6.0353,28.03,5.0,6.31,59.23,0.01
galkayo,20221209,6.77,47.43,6.2993,28.15,3.42,4.76,53.49,0.01
galkayo,20221210,6.77,47.43,6.1999,27.11,3.86,5.51,47.02,0.0
galkayo,20221211,6.77,47.43,6.2952,26.7,5.05,6.99,44.84,0.0
galkayo,20221212,6.77,47.43,6.3118,26.0,5.65,7.64,48.48,0.0
galkayo,20221213,6.77,47.43,6.5194,25.95,5.03,6.87,51.02,0.0
galkayo,20221214,6.77,47.43,6.4462,25.99,4.74,6.64,49.87,0.0
galkayo,20221215,6.77,47.43,6.4819,25.8,4.57,6.39,49.03,0.0
galkayo,20221216,6.77,47.43,6.2933,26.36,4.17,5.7,53.52,0.0
galkayo,20221217,6.77,47.43,6.5182,26.17,4.96,6.81,50.46,0.0
galkayo,20221218,6.77,47.43,6.5568,25.77,4.9,7.1,44.44,0.0
galkayo,20221219,6.77,47.43,6.4728,26.82,4.57,6.81,42.09,0.0
galkayo,20221220,6.77,47.43,6.239,27.73,6.65,8.47,53.71,0.0
galkayo,20221221,6.77,47.43,5.9074,27.5,6.51,8.14,58.25,0.0
galkayo,20221222,6.77,47.43,6.216,27.45,6.54,8.06,57.6,0.01
galkayo,20221223,6.77,47.43,6.2784,27.33,5.83,7.27,57.25,0.03
galkayo,20221224,6.77,47.43,5.9326,27.29,5.43,6.72,57.13,0.02
galkayo,20221225,6.77,47.43,6.1373,27.45,5.04,6.27,57.87,0.0
galkayo,20221226,6.77,47.43,6.2642,26.89,5.06,6.35,56.73,0.02
galkayo,20221227,6.77,47.43,6.3427,26.47,5.28,6.59,57.1,0.0
galkayo,20221228,6.77,47.43,6.3974,26.32,4.53,5.89,55.52,0.0
galkayo,20221229,6.77,47.43,5.7218,26.3,6.82,8.81,52.31,0.0
galkayo,20221230,6.77,47.43,5.8102,26.43,5.86,7.81,52.37,0.0
galkayo,20221231,6.77,47.43,4.1131,26.29,7.05,9.03,63.02,0.0
galkayo,20230101,6.77,47.43,4.4808,26.53,6.92,8.75,66.48,0.03
galkayo,20230102,6.77,47.43,6.4006,26.42,7.05,9.06,53.61,0.0
galkayo,20230103,6.77,47.43,6.5033,25.93,6.21,8.36,51.1,0.0
galkayo,20230104,6.77,47.43,6.2174,25.79,6.03,8.04,55.24,0.0
galkayo,20230105,6.77,47.43,6.485,25.65,5.33,7.21,54.83,0.0
galkayo,20230106,6.77,47.43,6.5148,26.06,5.49,7.21,57.7,0.0
galkayo,20230107,6.77,47.43,6.5093,26.89,5.69,7.28,56.6,0.0
galkayo,20230108,6.77,47.43,6.3134,26.76,5.81,7.48,54.82,0.0
galkayo,20230109,6.77,47.43,6.4903,26.45,5.79,7.45,53.9,0.0
galkayo,20230110,6.77,47.43,6.5021,25.69,5.21,6.83,56.18,0.0
galkayo,20230111,6.77,47.43,6.6252,26.29,5.42,7.05,53.9,0.0
galkayo,20230112,6.77,47.43,6.5959,25.89,6.35,8.28,48.81,0.0
galkayo,20230113,6.77,47.43,6.4601,25.19,6.49,8.44,52.92,0.0
galkayo,20230114,6.77,47.43,6.3823,25.06,6.18,8.03,55.33,0.0
galkayo,20230115,6.77,47.43,6.3962,25.12,6.26,8.16,54.22,0.0
galkayo,20230116,6.77,47.43,6.7025,25.11,5.68,7.58,55.22,0.0
galkayo,20230117,6.77,47.43,6.7361,25.67,5.56,7.43,53.22,0.0
galkayo,20230118,6.77,47.43,6.6739,26.18,5.32,7.13,51.8,0.0
galkayo,20230119,6.77,47.43,6.7522,26.1,6.01,8.15,45.61,0.0
galkayo,20230120,6.77,47.43,6.2184,25.84,7.1,9.08,52.32,0.0
galkayo,20230121,6.77,47.43,6.0139,26.01,6.86,8.84,47.88,0.0
galkayo,20230122,6.77,47.43,6.125,26.3,6.38,8.14,49.07,0.0
galkayo,20230123,6.77,47.43,6.7387,26.55,6.42,8.15,48.75,0.0
galkayo,20230124,6.77,47.43,6.7865,25.68,5.82,7.65,49.29,0.0
galkayo,20230125,6.77,47.43,6.9127,25.56,6.08,7.85,51.92,0.0
galkayo,20230126,6.77,47.43,6.9756,25.43,6.3,8.07,53.82,0.0
galkayo,20230127,6.77,47.43,6.821,25.52,5.54,7.27,54.66,0.0
galkayo,20230128,6.77,47.43,6.8225,26.24,6.29,7.99,55.92,0.0
galkayo,20230129,6.77,47.43,6.797,26.31,6.84,8.54,54.56,0.0
galkayo,20230130,6.77,47.43,6.727,25.8,5.66,7.27,49.39,0.0
galkayo,20230131,6.77,47.43,7.0166,25.15,4.93,6.62,51.65,0.0
galkayo,20230201,6.77,47.43,6.8928,26.04,4.26,5.83,52.7,0.0
galkayo,20230202,6.77,47.43,7.0202,26.28,4.58,6.39,51.83,0.0
galkayo,20230203,6.77,47.43,7.0303,25.68,4.81,6.67,53.01,0.0
galkayo,20230204,6.77,47.43,6.6125,24.99,5.43,7.48,51.25,0.0
galkayo,20230205,6.77,47.43,7.0138,25.08,5.85,7.69,54.63,0.0
galkayo,20230206,6.77,47.43,6.1682,25.86,5.98,7.42,57.72,0.0
galkayo,20230207,6.77,47.43,6.4296,25.85,5.8,7.42,55.37,0.0
galkayo,20230208,6.77,47.43,6.9893,26.74,5.31,6.93,57.41,0.0
galkayo,20230209,6.77,47.43,7.1064,26.92,5.06,6.71,51.83,0.0
galkayo,20230210,6.77,47.43,7.2389,26.9,6.12,8.04,48.38,0.0
galkayo,20230211,6.77,47.43,7.2329,25.63,7.01,9.03,53.61,0.0
galkayo,20230212,6.77,47.43,7.0344,25.06,6.32,8.21,56.51,0.0
galkayo,20230213,6.77,47.43,7.1311,25.3,5.92,7.55,55.11,0.0
galkayo,20230214,6.77,47.43,7.1462,26.12,5.45,7.01,53.53,0.0
galkayo,20230215,6.77,47.43,7.2245,25.91,6.21,7.77,54.37,0.0
galkayo,20230216,6.77,47.43,7.3282,26.22,6.45,8.14,54.22,0.0
galkayo,20230217,6.77,47.43,7.0879,26.68,6.25,7.91,52.05,0.0
galkayo,20230218,6.77,47.43,7.1846,26.0,5.87,7.97,46.26,0.0
galkayo,20230219,6.77,47.43,7.3685,25.39,6.42,8.61,46.74,0.0
galkayo,20230220,6.77,47.43,7.4842,25.79,6.64,8.74,45.93,0.0
galkayo,20230221,6.77,47.43,7.4566,25.49,5.65,7.35,51.43,0.0
galkayo,20230222,6.77,47.43,7.3222,26.15,5.15,6.64,53.34,0.0
galkayo,20230223,6.77,47.43,7.1342,26.91,4.9,6.06,55.25,0.0
galkayo,20230224,6.77,47.43,7.0022,27.55,5.01,6.15,55.96,0.0
galkayo,20230225,6.77,47.43,7.3118,27.59,5.81,7.08,54.92,0.17
galkayo,20230226,6.77,47.43,7.1779,27.28,6.89,8.4,54.04,0.07
galkayo,20230227,6.77,47.43,7.1239,26.71,6.54,8.07,56.4,0.07
galkayo,20230228,6.77,47.43,7.2286,27.55,5.76,7.1,54.65,0.25
galkayo,20230301,6.77,47.43,7.1398,27.78,4.98,6.21,56.71,0.19
galkayo,20230302,6.77,47.43,7.0217,27.93,5.96,7.2,56.67,0.04
galkayo,20230303,6.77,47.43,7.3486,27.75,6.6,8.05,54.52,0.04
galkayo,20230304,6.77,47.43,7.4316,27.01,6.95,8.55,56.01,0.01
galkayo,20230305,6.77,47.43,7.2763,27.58,6.91,8.49,56.01,0.04
galkayo,20230306,6.77,47.43,7.2672,27.64,6.66,8.24,54.29,0.02
galkayo,20230307,6.77,47.43,7.0634,27.78,6.09,7.55,55.24,0.0
galkayo,20230308,6.77,47.43,7.309,28.48,6.38,7.76,55.49,0.0
galkayo,20230309,6.77,47.43,6.588,28.56,6.76,8.14,56.11,0.0
galkayo,20230310,6.77,47.43,6.8018,28.81,6.65,7.99,55.81,0.0
galkayo,20230311,6.77,47.43,6.1373,29.0,6.92,8.29,56.71,0.0
galkayo,20230312,6.77,47.43,6.8731,28.75,7.08,8.51,54.27,0.0
galkayo,20230313,6.77,47.43,7.3056,28.01,5.91,7.2,54.0,0.0
galkayo,20230314,6.77,47.43,7.2984,28.89,6.12,7.37,54.26,0.0
galkayo,20230315,6.77,47.43,6.7584,29.61,5.73,6.84,56.39,0.0
galkayo,20230316,6.77,47.43,5.5925,29.66,6.01,7.16,56.89,0.02
galkayo,20230317,6.77,47.43,6.4637,29.51,5.61,6.65,58.03,0.3
galkayo,20230318,6.77,47.43,6.276,28.98,5.14,6.05,62.02,0.41
galkayo,20230319,6.77,47.43,6.5194,28.91,4.51,5.34,58.66,2.2
galkayo,20230320,6.77,47.43,6.2261,27.79,2.8,3.5,60.55,0.79
galkayo,20230321,6.77,47.43,6.3768,29.7,4.28,5.53,54.07,0.22
galkayo,20230322,6.77,47.43,6.8969,28.55,4.1,5.39,61.68,1.51
galkayo,20230323,6.77,47.43,4.8288,28.08,3.26,4.2,65.62,3.4
galkayo,20230324,6.77,47.43,6.5237,28.44,3.15,4.05,63.51,0.32
galkayo,20230325,6.77,47.43,6.6418,29.17,5.49,6.64,58.61,0.31
galkayo,20230326,6.77,47.43,7.2062,29.12,5.24,6.42,56.01,0.11
galkayo,20230327,6.77,47.43,6.9278,29.74,5.03,6.12,57.57,0.11
galkayo,20230328,6.77,47.43,6.8177,29.21,5.62,6.73,62.99,0.32
galkayo,20230329,6.77,47.43,7.4762,29.63,4.97,6.13,54.24,0.24
galkayo,20230330,6.77,47.43,7.5842,29.42,4.49,5.59,54.46,0.16
galkayo,20230331,6.77,47.43,7.4976,30.18,4.45,5.44,53.9,0.18
galkayo,20230401,6.77,47.43,7.3462,30.6,3.82,4.62,53.91,0.01
galkayo,20230402,6.77,47.43,6.4584,30.2,4.73,5.55,56.48,0.09
galkayo,20230403,6.77,47.43,6.7049,29.44,4.56,5.55,59.06,0.03
galkayo,20230404,6.77,47.43,7.0735,29.46,6.01,7.28,52.65,0.01
galkayo,20230405,6.77,47.43,7.4904,29.27,5.12,6.36,54.27,0.0
galkayo,20230406,6.77,47.43,7.4544,29.63,5.28,6.36,56.79,0.52
galkayo,20230407,6.77,47.43,6.8234,29.73,5.67,6.82,56.92,0.6
galkayo,20230408,6.77,47.43,7.6735,29.26,5.55,6.89,52.15,0.16
galkayo,20230409,6.77,47.43,6.7781,29.94,5.96,7.27,57.45,0.08
galkayo,20230410,6.77,47.43,6.4714,30.04,6.91,8.45,56.41,1.31
galkayo,20230411,6.77,47.43,6.9883,29.99,6.51,7.97,55.87,0.03
galkayo,20230412,6.77,47.43,6.6386,29.46,5.68,6.98,60.51,3.02
galkayo,20230413,6.77,47.43,5.7859,29.56,5.28,6.54,59.83,2.23
galkayo,20230414,6.77,47.43,6.9991,29.81,4.54,5.66,57.85,0.47
galkayo,20230415,6.77,47.43,6.6804,29.9,5.71,7.01,58.56,1.07
galkayo,20230416,6.77,47.43,6.9569,30.03,5.07,6.21,55.31,0.03
galkayo,20230417,6.77,47.43,6.2854,30.06,4.82,5.93,54.08,0.02
galkayo,20230418,6.77,47.43,7.1969,30.22,5.06,6.25,53.46,0.01
galkayo,20230419,6.77,47.43,7.2869,30.52,4.57,5.56,52.91,0.02
galkayo,20230420,6.77,47.43,7.2067,30.58,4.33,5.27,51.9,0.05
galkayo,20230421,6.77,47.43,7.115,30.12,4.02,5.07,53.53,0.04
galkayo,20230422,6.77,47.43,6.5162,30.76,6.47,7.77,56.34,0.09
galkayo,20230423,6.77,47.43,5.9218,30.07,4.64,5.53,56.16,0.27
galkayo,20230424,6.77,47.43,6.9228,30.54,3.9,4.7,55.63,0.38
galkayo,20230425,6.77,47.43,6.7994,30.02,4.02,5.03,57.03,0.69
galkayo,20230426,6.77,47.43,6.8755,30.27,3.61,4.83,55.08,1.98
galkayo,20230427,6.77,47.43,6.5225,29.69,3.28,4.56,61.21,6.9
galkayo,20230428,6.77,47.43,3.5758,27.69,2.89,4.26,70.83,4.75
galkayo,20230429,6.77,47.43,7.0639,30.61,2.56,3.88,53.69,0.29
galkayo,20230430,6.77,47.43,6.739,29.19,3.51,5.11,60.54,2.71
galkayo,20230501,6.77,47.43,6.3235,27.04,4.14,5.95,75.67,15.81
galkayo,20230502,6.77,47.43,6.0096,28.21,3.81,5.66,68.78,0.74
galkayo,20230503,6.77,47.43,4.6421,26.02,4.09,5.85,82.54,29.02
galkayo,20230504,6.77,47.43,6.5371,27.15,3.78,5.59,79.08,37.69
galkayo,20230505,6.77,47.43,6.9446,26.44,4.6,6.83,82.5,71.87
galkayo,20230506,6.77,47.43,4.1515,26.42,4.13,6.14,80.18,0.03
galkayo,20230507,6.77,47.43,6.5772,27.19,4.63,6.9,76.42,0.02
galkayo,20230508,6.77,47.43,6.5422,27.64,4.76,6.95,74.1,0.18
galkayo,20230509,6.77,47.43,5.5322,27.55,5.63,8.32,70.67,0.03
galkayo,20230510,6.77,47.43,6.7361,27.61,5.12,7.62,70.63,0.06
galkayo,20230511,6.77,47.43,7.037,27.51,4.88,7.36,70.07,0.0
galkayo,20230512,6.77,47.43,7.091,28.31,4.31,6.44,68.0,0.0
galkayo,20230513,6.77,47.43,7.0111,28.98,4.77,7.09,65.63,0.0
galkayo,20230514,6.77,47.43,6.7598,28.51,5.3,7.67,67.97,0.01
galkayo,20230515,6.77,47.43,6.5371,26.46,5.05,7.11,71.44,0.0
galkayo,20230516,6.77,47.43,7.0644,28.39,4.83,7.32,60.05,0.0
galkayo,20230517,6.77,47.43,7.0438,28.94,5.13,7.71,61.27,0.0
galkayo,20230518,6.77,47.43,7.0212,29.6,4.5,6.63,60.58,0.0
galkayo,20230519,6.77,47.43,7.1002,29.66,3.99,6.08,58.75,0.0
galkayo,20230520,6.77,47.43,6.7939,28.83,3.62,5.34,65.13,0.0
galkayo,20230521,6.77,47.43,6.3554,28.76,3.72,5.26,65.67,0.16
galkayo,20230522,6.77,47.43,5.7185,27.28,2.86,4.16,74.91,4.25
galkayo,20230523,6.77,47.43,6.1387,28.43,3.32,4.73,66.29,0.67
galkayo,20230524,6.77,47.43,5.8627,26.65,4.98,6.47,73.57,8.55
galkayo,20230525,6.77,47.43,6.905,27.41,3.35,4.7,70.41,2.57
galkayo,20230526,6.77,47.43,6.2731,27.78,4.01,5.51,67.91,0.02
galkayo,20230527,6.77,47.43,6.2426,27.7,4.74,6.46,65.62,0.01
galkayo,20230528,6.77,47.43,7.1741,27.78,4.49,6.59,59.07,0.0
galkayo,20230529,6.77,47.43,7.0159,26.52,4.7,6.4,69.66,0.0
galkayo,20230530,6.77,47.43,6.973,29.08,4.56,6.66,60.67,0.0
galkayo,20230531,6.77,47.43,6.5544,29.01,5.18,7.31,62.33,0.01
galkayo,20230601,6.77,47.43,6.6689,28.92,4.73,6.41,61.93,0.02
galkayo,20230602,6.77,47.43,6.5626,29.35,5.18,7.19,59.35,0.0
galkayo,20230603,6.77,47.43,6.4783,29.27,5.02,6.84,61.03,0.02
galkayo,20230604,6.77,47.43,5.1722,29.29,6.02,8.09,60.5,0.02
galkayo,20230605,6.77,47.43,5.7192,28.61,5.82,7.94,64.1,3.27
galkayo,20230606,6.77,47.43,6.3706,29.49,6.67,8.96,58.34,0.52
galkayo,20230607,6.77,47.43,6.7265,28.69,6.61,8.87,60.11,1.17
galkayo,20230608,6.77,47.43,6.5604,28.68,6.18,8.56,55.85,0.15
galkayo,20230609,6.77,47.43,4.8593,28.53,6.46,8.78,58.64,0.6
galkayo,20230610,6.77,47.43,6.4898,29.49,6.97,9.21,56.82,0.09
galkayo,20230611,6.77,47.43,6.9533,29.2,7.42,9.9,51.35,0.01
galkayo,20230612,6.77,47.43,6.0689,28.47,7.92,10.26,50.89,0.09
galkayo,20230613,6.77,47.43,5.8603,28.28,7.12,9.34,56.38,0.06
galkayo,20230614,6.77,47.43,6.173,28.51,6.3,8.48,56.53,1.26
galkayo,20230615,6.77,47.43,6.2534,29.34,7.1,9.38,51.32,0.0
galkayo,20230616,6.77,47.43,6.54,29.26,6.83,9.03,52.6,0.0
galkayo,20230617,6.77,47.43,6.2498,29.21,7.6,9.82,53.46,0.0
galkayo,20230618,6.77,47.43,6.0979,29.63,7.52,9.77,51.12,0.0
galkayo,20230619,6.77,47.43,6.4752,29.58,7.47,9.6,52.13,0.0
galkayo,20230620,6.77,47.43,6.4536,29.78,7.6,9.69,52.07,0.01
galkayo,20230621,6.77,47.43,5.556,28.61,7.2,9.35,50.99,0.02
galkayo,20230622,6.77,47.43,4.2302,27.19,6.25,8.11,56.86,0.17
galkayo,20230623,6.77,47.43,4.8103,28.42,7.67,9.8,56.45,0.06
galkayo,20230624,6.77,47.43,5.8433,28.9,8.13,10.63,49.68,0.0
galkayo,20230625,6.77,47.43,6.0497,28.92,8.04,10.48,50.54,0.01
galkayo,20230626,6.77,47.43,4.5758,28.28,8.79,11.2,49.1,0.03
galkayo,20230627,6.77,47.43,4.0951,27.48,8.66,11.06,56.58,0.07
galkayo,20230628,6.77,47.43,4.145,28.72,9.24,11.62,55.29,0.05
galkayo,20230629,6.77,47.43,3.8285,28.46,9.28,11.67,55.04,0.2
galkayo,20230630,6.77,47.43,4.0999,28.18,9.11,11.48,54.11,0.14
galkayo,20230701,6.77,47.43,3.9206,27.03,9.09,11.27,61.73,0.86
galkayo,20230702,6.77,47.43,4.5838,27.37,8.74,10.99,54.55,0.04
galkayo,20230703,6.77,47.43,5.6662,26.85,9.34,11.83,50.23,0.02
galkayo,20230704,6.77,47.43,5.0486,27.47,8.96,11.42,52.04,0.11
galkayo,20230705,6.77,47.43,6.1793,27.91,9.63,12.24,49.85,0.03
galkayo,20230706,6.77,47.43,4.5962,27.23,10.04,12.67,52.89,0.01
galkayo,20230707,6.77,47.43,4.7071,27.29,9.8,12.35,56.1,0.24
galkayo,20230708,6.77,47.43,6.6782,27.68,9.07,11.69,49.36,0.01
galkayo,20230709,6.77,47.43,6.7966,28.61,9.7,12.36,50.36,0.0
galkayo,20230710,6.77,47.43,6.4594,29.18,9.07,11.47,51.89,0.0
galkayo,20230711,6.77,47.43,6.3094,29.45,8.57,10.81,52.82,0.0
galkayo,20230712,6.77,47.43,6.4039,28.79,8.76,11.1,50.51,0.0
galkayo,20230713,6.77,47.43,5.7593,28.57,9.33,11.74,49.61,0.0
galkayo,20230714,6.77,47.43,6.0655,28.67,9.26,11.56,53.6,0.0
galkayo,20230715,6.77,47.43,5.8879,28.48,9.74,12.04,52.59,0.03
galkayo,20230716,6.77,47.43,5.299,28.25,9.78,12.21,51.97,0.0
galkayo,20230717,6.77,47.43,6.7409,28.0,9.75,12.16,49.33,0.0
galkayo,20230718,6.77,47.43,5.8378,28.0,9.45,11.88,50.19,0.01
galkayo,20230719,6.77,47.43,5.8522,28.44,9.37,11.78,50.4,0.0
galkayo,20230720,6.77,47.43,6.7855,29.15,9.11,11.58,47.68,0.0
galkayo,20230721,6.77,47.43,5.8217,29.75,10.13,12.63,51.36,0.04
galkayo,20230722,6.77,47.43,4.9183,28.83,9.61,12.09,55.29,0.86
galkayo,20230723,6.77,47.43,6.0098,29.13,10.33,12.82,53.07,0.07
galkayo,20230724,6.77,47.43,6.4805,28.66,9.75,12.2,49.78,0.01
galkayo,20230725,6.77,47.43,5.1228,28.27,10.28,12.79,50.3,0.0
galkayo,20230726,6.77,47.43,4.2876,28.01,9.74,12.05,53.35,0.16
galkayo,20230727,6.77,47.43,5.0681,28.1,9.39,11.72,50.4,0.02
galkayo,20230728,6.77,47.43,3.7555,27.52,9.51,11.8,55.04,0.27
galkayo,20230729,6.77,47.43,4.727,28.28,9.18,11.39,56.06,0.46
galkayo,20230730,6.77,47.43,3.234,28.22,9.14,11.28,57.62,0.37
galkayo,20230731,6.77,47.43,5.0794,27.66,8.49,10.54,55.3,0.23
galkayo,20230801,6.77,47.43,5.9182,27.58,8.41,10.47,52.87,0.13
galkayo,20230802,6.77,47.43,3.7819,27.46,8.54,10.49,56.98,0.16
galkayo,20230803,6.77,47.43,6.7685,28.76,9.01,11.39,46.98,0.03
galkayo,20230804,6.77,47.43,7.0985,29.47,9.96,12.45,46.41,0.0
galkayo,20230805,6.77,47.43,6.5698,29.38,10.45,12.92,50.17,0.23
galkayo,20230806,6.77,47.43,6.5054,29.02,10.16,12.7,48.73,0.15
galkayo,20230807,6.77,47.43,5.7893,28.68,10.62,13.07,53.15,0.12
galkayo,20230808,6.77,47.43,6.2746,28.54,9.77,12.18,47.82,0.02
galkayo,20230809,6.77,47.43,5.5428,27.87,8.48,10.68,50.92,0.0
galkayo,20230810,6.77,47.43,6.288,28.78,7.74,9.87,48.19,0.0
galkayo,20230811,6.77,47.43,6.3058,29.21,8.37,10.43,47.01,0.0
galkayo,20230812,6.77,47.43,7.1102,29.5,7.91,10.05,45.6,0.0
galkayo,20230813,6.77,47.43,7.0913,29.72,7.44,9.28,49.27,0.0
galkayo,20230814,6.77,47.43,7.1942,29.89,7.37,9.17,48.96,0.0
galkayo,20230815,6.77,47.43,7.4698,29.79,8.15,10.26,48.27,0.0
galkayo,20230816,6.77,47.43,7.4333,29.41,8.5,10.7,47.88,0.0
galkayo,20230817,6.77,47.43,7.4081,29.53,7.84,9.92,47.92,0.0
galkayo,20230818,6.77,47.43,7.235,28.88,7.0,9.04,48.95,0.0
galkayo,20230819,6.77,47.43,7.3018,29.78,7.24,9.24,45.64,0.0
galkayo,20230820,6.77,47.43,6.9737,30.38,7.6,9.72,45.09,0.0
galkayo,20230821,6.77,47.43,7.2833,30.77,7.56,9.25,50.37,0.0
galkayo,20230822,6.77,47.43,7.0862,30.63,7.47,9.21,48.96,0.0
galkayo,20230823,6.77,47.43,7.2641,30.45,7.47,9.11,50.3,0.0
galkayo,20230824,6.77,47.43,7.3438,29.86,7.41,9.34,46.98,0.0
galkayo,20230825,6.77,47.43,7.4654,29.78,8.16,10.13,49.52,0.0
galkayo,20230826,6.77,47.43,7.4647,30.2,8.51,10.49,48.95,0.0
galkayo,20230827,6.77,47.43,7.3728,29.64,8.25,10.43,45.83,0.0
galkayo,20230828,6.77,47.43,6.8585,29.91,9.17,11.33,48.5,0.0
galkayo,20230829,6.77,47.43,4.8758,29.46,9.84,12.09,49.42,0.28
galkayo,20230830,6.77,47.43,6.0295,28.96,8.6,10.76,49.56,0.34
galkayo,20230831,6.77,47.43,7.2346,29.67,8.52,10.81,44.92,0.01
galkayo,20230901,6.77,47.43,7.3085,30.0,8.58,10.74,46.7,0.02
galkayo,20230902,6.77,47.43,7.1933,30.01,7.92,10.15,44.13,0.21
galkayo,20230903,6.77,47.43,7.1573,30.38,8.32,10.48,44.78,0.01
galkayo,20230904,6.77,47.43,7.2874,29.89,8.07,10.27,43.16,0.03
galkayo,20230905,6.77,47.43,7.2943,30.79,8.22,10.57,43.45,0.01
galkayo,20230906,6.77,47.43,7.0699,31.15,9.1,11.31,47.2,0.2
galkayo,20230907,6.77,47.43,5.311,30.38,8.54,10.52,50.29,0.78
galkayo,20230908,6.77,47.43,6.3996,29.62,7.57,9.59,50.11,0.0
galkayo,20230909,6.77,47.43,7.0483,29.6,7.29,9.13,49.06,0.0
galkayo,20230910,6.77,47.43,7.2847,29.68,7.48,9.51,47.83,0.0
galkayo,20230911,6.77,47.43,6.1068,30.15,7.62,9.32,54.17,0.0
galkayo,20230912,6.77,47.43,7.2998,29.89,7.24,9.31,47.47,0.0
galkayo,20230913,6.77,47.43,7.1431,30.56,7.61,9.4,49.65,0.0
galkayo,20230914,6.77,47.43,7.074,30.12,7.42,9.3,48.6,0.0
galkayo,20230915,6.77,47.43,6.6902,30.15,7.61,9.53,48.43,0.0
galkayo,20230916,6.77,47.43,7.2144,30.42,7.01,8.92,44.62,0.0
galkayo,20230917,6.77,47.43,7.0337,30.51,7.27,9.1,45.77,0.0
galkayo,20230918,6.77,47.43,7.2329,30.6,7.09,8.89,48.25,0.0
galkayo,20230919,6.77,47.43,6.6463,30.9,7.57,9.39,50.6,0.02
galkayo,20230920,6.77,47.43,6.9787,30.25,7.16,8.96,51.9,0.02
galkayo,20230921,6.77,47.43,6.6962,30.67,6.6,8.26,49.28,0.02
galkayo,20230922,6.77,47.43,7.3164,31.16,6.75,8.34,50.88,0.03
galkayo,20230923,6.77,47.43,4.643,29.72,8.14,9.85,58.08,0.13
galkayo,20230924,6.77,47.43,5.3971,29.77,7.4,9.2,52.11,0.03
galkayo,20230925,6.77,47.43,6.8078,30.41,6.43,8.16,46.37,0.0
galkayo,20230926,6.77,47.43,6.7486,30.86,6.54,8.23,45.2,0.01
galkayo,20230927,6.77,47.43,7.085,30.8,6.07,7.62,49.3,0.01
galkayo,20230928,6.77,47.43,6.3785,30.93,6.09,7.47,52.85,0.88
galkayo,20230929,6.77,47.43,6.5887,29.65,6.55,8.27,55.03,1.58
galkayo,20230930,6.77,47.43,6.1339,28.16,5.71,7.2,64.38,1.75
galkayo,20231001,6.77,47.43,6.6197,30.12,4.75,6.08,53.86,0.25
galkayo,20231002,6.77,47.43,5.508,30.21,4.74,5.88,54.72,0.41
galkayo,20231003,6.77,47.43,6.1147,30.19,4.38,5.58,53.99,0.79
galkayo,20231004,6.77,47.43,4.9402,30.08,4.29,5.38,56.86,4.14
galkayo,20231005,6.77,47.43,5.1962,27.51,5.33,6.71,72.81,19.14
galkayo,20231006,6.77,47.43,5.3962,27.69,4.04,5.46,72.14,13.33
galkayo,20231007,6.77,47.43,6.6852,29.03,5.1,7.03,63.61,1.6
galkayo,20231008,6.77,47.43,5.7564,29.36,5.58,7.43,61.64,0.05
galkayo,20231009,6.77,47.43,4.8228,29.2,4.4,5.95,62.29,0.11
galkayo,20231010,6.77,47.43,4.8763,29.02,3.81,5.12,62.89,0.23
galkayo,20231011,6.77,47.43,4.9349,28.95,3.48,4.51,63.34,0.1
galkayo,20231012,6.77,47.43,5.4754,28.19,3.1,4.14,67.77,1.0
galkayo,20231013,6.77,47.43,4.8991,28.14,4.62,5.71,68.99,1.71
galkayo,20231014,6.77,47.43,5.4756,28.22,4.4,5.55,67.23,1.38
galkayo,20231015,6.77,47.43,5.7029,28.56,4.46,5.59,65.46,0.46
galkayo,20231016,6.77,47.43,5.2781,28.86,3.82,4.95,65.04,0.88
galkayo,20231017,6.77,47.43,5.7979,28.68,3.67,4.57,66.92,1.82
galkayo,20231018,6.77,47.43,4.9735,26.62,3.45,4.64,78.08,11.73
galkayo,20231019,6.77,47.43,5.1394,26.91,3.43,4.73,77.77,8.73
galkayo,20231020,6.77,47.43,4.3001,27.7,1.31,2.01,72.53,3.3
galkayo,20231021,6.77,47.43,5.3546,27.1,2.51,3.67,76.53,11.72
galkayo,20231022,6.77,47.43,5.3424,27.11,2.53,4.06,72.55,5.09
galkayo,20231023,6.77,47.43,5.8517,27.27,2.9,4.13,71.82,3.49
galkayo,20231024,6.77,47.43,5.4178,27.46,3.58,4.89,74.04,8.32
galkayo,20231025,6.77,47.43,5.7062,27.46,3.9,5.31,72.2,6.25
galkayo,20231026,6.77,47.43,5.7953,26.23,2.92,4.29,76.37,5.89
galkayo,20231027,6.77,47.43,4.7575,25.67,3.21,4.69,78.33,15.62
galkayo,20231028,6.77,47.43,4.1201,26.07,3.76,5.3,73.47,1.31
galkayo,20231029,6.77,47.43,4.1594,25.1,3.64,4.93,77.32,2.51
galkayo,20231030,6.77,47.43,3.3322,25.55,2.99,4.35,75.97,4.15
galkayo,20231031,6.77,47.43,5.3532,25.81,3.4,4.77,77.79,3.36
galkayo,20231101,6.77,47.43,6.1277,25.34,3.77,5.13,78.33,8.22
galkayo,20231102,6.77,47.43,3.3804,24.77,3.87,5.24,83.77,35.02
galkayo,20231103,6.77,47.43,6.1421,25.79,2.2,3.51,80.85,10.28
galkayo,20231104,6.77,47.43,6.1522,25.62,2.83,4.2,86.04,10.15
galkayo,20231105,6.77,47.43,4.5055,25.41,3.51,5.03,86.54,6.17
galkayo,20231106,6.77,47.43,4.0406,25.71,2.48,3.87,82.12,3.42
galkayo,20231107,6.77,47.43,6.4759,26.21,3.68,5.49,76.15,0.01
galkayo,20231108,6.77,47.43,6.7606,25.75,3.63,5.48,72.06,0.0
galkayo,20231109,6.77,47.43,6.2777,25.34,3.84,5.48,74.86,0.0
galkayo,20231110,6.77,47.43,3.2153,25.03,3.42,5.01,79.13,0.5
galkayo,20231111,6.77,47.43,4.8228,25.88,2.39,3.67,77.56,0.35
galkayo,20231112,6.77,47.43,5.9626,26.96,4.25,6.0,75.75,0.77
galkayo,20231113,6.77,47.43,4.943,25.93,3.95,5.78,76.39,1.11
galkayo,20231114,6.77,47.43,5.9184,26.95,3.54,5.03,73.17,0.46
galkayo,20231115,6.77,47.43,4.3877,26.09,2.21,3.33,78.23,0.85
galkayo,20231116,6.77,47.43,5.4245,26.21,2.1,3.24,77.58,0.39
galkayo,20231117,6.77,47.43,5.7749,27.45,3.1,4.42,74.14,1.06
galkayo,20231118,6.77,47.43,4.7016,25.71,4.14,5.87,86.46,59.29
galkayo,20231119,6.77,47.43,5.7326,25.91,3.88,5.76,79.85,0.58
galkayo,20231120,6.77,47.43,6.5443,25.98,3.76,5.55,76.01,0.53
galkayo,20231121,6.77,47.43,6.3418,25.95,3.77,5.61,74.16,0.19
galkayo,20231122,6.77,47.43,6.2383,25.72,4.06,6.0,74.43,0.0
galkayo,20231123,6.77,47.43,6.0583,25.66,4.0,5.91,74.55,0.0
galkayo,20231124,6.77,47.43,5.7854,25.22,3.6,5.38,75.21,0.0
galkayo,20231125,6.77,47.43,6.5162,25.91,4.04,5.99,70.22,0.0
galkayo,20231126,6.77,47.43,6.3233,25.78,3.92,5.82,70.22,0.0
galkayo,20231127,6.77,47.43,5.9748,25.78,3.19,4.83,69.01,0.01
galkayo,20231128,6.77,47.43,4.5924,25.43,2.6,3.97,70.16,0.0
galkayo,20231129,6.77,47.43,5.2958,25.89,3.45,5.37,62.82,0.03
galkayo,20231130,6.77,47.43,6.3686,25.16,3.72,5.72,60.34,0.12
galkayo,20231201,6.77,47.43,6.3103,25.41,4.73,7.13,56.98,0.21
galkayo,20231202,6.77,47.43,6.3977,25.75,4.03,6.16,58.41,0.0
galkayo,20231203,6.77,47.43,6.2647,25.91,4.46,6.56,63.01,0.0
galkayo,20231204,6.77,47.43,6.3662,25.17,4.65,7.11,57.3,0.0
galkayo,20231205,6.77,47.43,6.5674,24.72,4.44,6.82,54.99,0.0
galkayo,20231206,6.77,47.43,6.6782,24.34,4.24,6.55,53.51,0.0
galkayo,20231207,6.77,47.43,6.3209,24.93,3.42,5.17,62.95,0.0
galkayo,20231208,6.77,47.43,6.4678,24.83,3.34,5.08,62.78,0.0
galkayo,20231209,6.77,47.43,6.3058,25.3,3.56,5.36,66.38,0.0
galkayo,20231210,6.77,47.43,6.0118,26.95,3.68,5.24,65.62,0.0
galkayo,20231211,6.77,47.43,6.078,27.41,4.31,5.84,64.03,0.0
galkayo,20231212,6.77,47.43,6.1092,26.93,3.44,4.82,61.09,0.0
galkayo,20231213,6.77,47.43,6.1342,26.96,2.92,4.21,62.38,0.01
galkayo,20231214,6.77,47.43,6.2976,27.22,3.51,5.03,61.45,0.01
galkayo,20231215,6.77,47.43,6.2923,27.59,4.36,6.1,53.55,0.01
galkayo,20231216,6.77,47.43,5.8591,27.52,6.02,8.06,50.5,0.0
galkayo,20231217,6.77,47.43,6.2566,27.03,5.67,7.82,46.47,0.0
galkayo,20231218,6.77,47.43,6.2441,26.68,5.54,7.6,52.84,0.0
galkayo,20231219,6.77,47.43,6.1358,27.55,5.99,7.89,55.76,0.0
galkayo,20231220,6.77,47.43,6.253,27.43,5.24,7.19,54.3,0.0
galkayo,20231221,6.77,47.43,5.9825,27.31,4.87,6.73,60.24,0.0
galkayo,20231222,6.77,47.43,6.0442,27.49,5.16,6.73,64.01,0.0
galkayo,20231223,6.77,47.43,5.7917,27.69,4.08,5.29,61.42,0.0
galkayo,20231224,6.77,47.43,6.2285,27.89,4.4,5.73,58.48,0.0
galkayo,20231225,6.77,47.43,6.1776,27.2,5.07,6.89,57.41,0.0
galkayo,20231226,6.77,47.43,5.9633,27.84,6.14,7.98,61.53,0.0
galkayo,20231227,6.77,47.43,5.1857,28.01,6.54,8.61,56.57,0.0
galkayo,20231228,6.77,47.43,3.665,27.43,5.94,7.61,61.43,0.0
galkayo,20231229,6.77,47.43,6.2122,28.11,5.68,7.24,58.26,0.0
galkayo,20231230,6.77,47.43,6.385,27.08,5.13,7.03,55.05,0.0
galkayo,20231231,6.77,47.43,6.407,26.22,4.13,6.13,55.29,0.0
galkayo,20240101,6.77,47.43,6.4615,25.67,4.27,6.21,58.52,0.01
galkayo,20240102,6.77,47.43,6.0694,25.73,4.79,6.99,54.67,0.0
galkayo,20240103,6.77,47.43,6.4589,24.99,4.66,6.78,53.39,0.0
galkayo,20240104,6.77,47.43,6.3605,24.85,4.77,6.98,50.45,0.0
galkayo,20240105,6.77,47.43,6.3329,25.19,4.71,6.95,48.59,0.0
galkayo,20240106,6.77,47.43,6.2647,25.08,5.03,7.49,46.56,0.0
galkayo,20240107,6.77,47.43,6.6562,25.04,5.74,8.25,47.7,0.0
galkayo,20240108,6.77,47.43,6.3343,25.12,5.71,8.2,47.98,0.0
galkayo,20240109,6.77,47.43,6.6305,24.89,6.13,8.7,46.87,0.0
galkayo,20240110,6.77,47.43,6.5122,25.28,5.66,7.99,50.27,0.0
galkayo,20240111,6.77,47.43,6.3454,25.14,5.34,7.33,58.18,0.0
galkayo,20240112,6.77,47.43,6.385,26.36,4.93,6.54,60.64,0.03
galkayo,20240113,6.77,47.43,5.79,27.31,4.94,6.69,58.85,0.03
galkayo,20240114,6.77,47.43,6.0864,27.66,5.76,7.37,59.74,0.05
galkayo,20240115,6.77,47.43,4.5259,26.9,4.96,6.7,63.8,0.1
galkayo,20240116,6.77,47.43,4.8958,28.49,5.98,7.71,58.37,0.0
galkayo,20240117,6.77,47.43,5.017,27.97,5.74,7.19,62.59,0.0
galkayo,20240118,6.77,47.43,6.5741,27.76,4.58,6.13,53.94,0.0
galkayo,20240119,6.77,47.43,6.7834,26.46,5.43,7.35,49.93,0.0
galkayo,20240120,6.77,47.43,6.4133,26.4,6.93,9.27,52.71,0.0
galkayo,20240121,6.77,47.43,6.6679,26.15,6.93,9.41,51.39,0.0
galkayo,20240122,6.77,47.43,6.6262,25.61,6.34,8.89,48.77,0.0
galkayo,20240123,6.77,47.43,6.6355,26.02,5.88,8.03,50.5,0.0
galkayo,20240124,6.77,47.43,6.5818,26.67,5.2,6.97,54.62,0.0
galkayo,20240125,6.77,47.43,6.5124,27.48,5.34,6.8,59.24,0.0
galkayo,20240126,6.77,47.43,5.9875,27.88,5.06,6.32,63.41,0.0
galkayo,20240127,6.77,47.43,6.3622,28.62,5.28,6.47,62.12,0.0
galkayo,20240128,6.77,47.43,5.3652,28.66,5.4,6.6,62.05,0.0
galkayo,20240129,6.77,47.43,6.2438,28.44,5.64,6.9,61.2,0.0
galkayo,20240130,6.77,47.43,6.5592,28.21,6.26,7.74,58.57,0.0
galkayo,20240131,6.77,47.43,6.6288,26.77,5.53,7.06,54.53,0.0
galkayo,20240201,6.77,47.43,6.5834,25.93,4.02,5.58,55.33,0.0
galkayo,20240202,6.77,47.43,6.9571,26.77,4.03,5.5,55.47,0.0
galkayo,20240203,6.77,47.43,6.4601,28.36,5.29,6.66,58.15,0.0
galkayo,20240204,6.77,47.43,6.973,28.34,6.31,7.98,54.9,0.0
galkayo,20240205,6.77,47.43,6.6912,27.68,6.79,8.42,54.3,0.0
galkayo,20240206,6.77,47.43,6.8746,27.88,5.67,7.21,55.73,0.0
galkayo,20240207,6.77,47.43,6.2004,27.68,6.4,7.84,55.71,0.0
galkayo,20240208,6.77,47.43,6.6588,26.5,6.24,7.81,54.15,0.0
galkayo,20240209,6.77,47.43,6.8556,27.82,7.14,8.99,52.68,0.0
galkayo,20240210,6.77,47.43,6.8774,27.02,7.04,8.81,57.45,0.0
galkayo,20240211,6.77,47.43,7.0524,27.22,5.8,7.37,58.54,0.01
galkayo,20240212,6.77,47.43,6.9377,27.75,6.13,7.61,59.66,0.09
galkayo,20240213,6.77,47.43,7.1124,27.59,6.46,7.98,59.79,0.14
galkayo,20240214,6.77,47.43,6.672,27.31,6.17,7.75,58.38,0.1
galkayo,20240215,6.77,47.43,6.7286,27.75,6.76,8.44,59.63,0.0
galkayo,20240216,6.77,47.43,7.0817,27.77,6.01,7.52,57.1,0.0
galkayo,20240217,6.77,47.43,7.2341,28.27,4.96,6.29,54.64,0.0
galkayo,20240218,6.77,47.43,6.8724,27.88,4.17,5.62,55.04,0.0
galkayo,20240219,6.77,47.43,6.9384,27.78,5.77,7.29,54.7,0.0
galkayo,20240220,6.77,47.43,6.487,27.4,6.16,7.54,53.33,0.02
galkayo,20240221,6.77,47.43,7.0109,28.32,5.84,7.23,56.89,0.06
galkayo,20240222,6.77,47.43,6.9106,28.38,6.59,8.24,56.85,0.02
galkayo,20240223,6.77,47.43,7.1119,27.34,7.13,8.87,53.76,0.0
galkayo,20240224,6.77,47.43,7.1592,26.97,5.83,7.58,50.92,0.0
galkayo,20240225,6.77,47.43,7.1906,27.71,5.41,6.97,52.49,0.05
galkayo,20240226,6.77,47.43,6.5964,28.3,4.41,5.57,56.58,0.26
galkayo,20240227,6.77,47.43,6.467,28.43,5.07,6.3,55.04,0.25
galkayo,20240228,6.77,47.43,6.9271,27.92,5.69,6.97,56.47,0.18
galkayo,20240229,6.77,47.43,6.4824,27.96,5.7,7.01,55.28,0.18
galkayo,20240301,6.77,47.43,7.4995,28.01,5.49,6.85,57.06,0.16
galkayo,20240302,6.77,47.43,7.4282,28.59,5.84,7.26,56.73,0.0
galkayo,20240303,6.77,47.43,7.1921,29.39,6.44,7.81,59.14,0.0
galkayo,20240304,6.77,47.43,7.3385,28.86,6.55,7.91,57.65,0.0
galkayo,20240305,6.77,47.43,7.3985,28.95,5.86,7.1,57.28,0.0
galkayo,20240306,6.77,47.43,7.0306,29.47,4.66,5.82,55.17,0.0
galkayo,20240307,6.77,47.43,7.1926,30.13,4.75,5.82,54.45,0.0
galkayo,20240308,6.77,47.43,7.2127,29.58,5.43,6.53,55.39,0.0
galkayo,20240309,6.77,47.43,7.2521,29.13,6.06,7.3,55.61,0.0
galkayo,20240310,6.77,47.43,7.5228,28.76,6.04,7.28,57.61,0.0
galkayo,20240311,6.77,47.43,7.5826,29.24,5.13,6.43,52.82,0.0
galkayo,20240312,6.77,47.43,7.2492,29.95,5.55,6.8,54.77,0.0
galkayo,20240313,6.77,47.43,7.3404,29.73,6.05,7.36,54.53,0.0
galkayo,20240314,6.77,47.43,7.2163,28.75,6.68,8.15,54.47,0.0
galkayo,20240315,6.77,47.43,7.2209,28.78,6.02,7.39,54.03,0.0
galkayo,20240316,6.77,47.43,7.4849,29.45,5.33,6.68,52.14,0.0
galkayo,20240317,6.77,47.43,7.3894,29.18,6.04,7.41,51.97,0.0
galkayo,20240318,6.77,47.43,7.3733,28.76,6.25,7.65,52.17,0.0
galkayo,20240319,6.77,47.43,7.6553,28.75,5.68,7.11,51.96,0.0
galkayo,20240320,6.77,47.43,7.715,28.72,5.39,6.71,53.32,0.0
galkayo,20240321,6.77,47.43,7.5859,29.11,5.41,6.82,50.41,0.0
galkayo,20240322,6.77,47.43,7.2336,29.16,5.08,6.33,51.6,0.0
galkayo,20240323,6.77,47.43,7.3913,29.08,6.03,7.36,53.81,0.0
galkayo,20240324,6.77,47.43,7.3805,29.06,6.02,7.33,53.8,0.0
galkayo,20240325,6.77,47.43,7.6291,29.72,5.11,6.39,56.26,0.0
galkayo,20240326,6.77,47.43,7.1719,30.8,5.95,7.14,53.77,0.0
galkayo,20240327,6.77,47.43,7.2775,30.85,7.49,9.0,55.82,0.02
galkayo,20240328,6.77,47.43,7.1954,30.21,6.73,8.22,53.04,0.02
galkayo,20240329,6.77,47.43,7.2986,29.38,6.52,7.95,51.79,0.01
galkayo,20240330,6.77,47.43,7.4796,28.83,5.52,6.81,55.18,0.0
galkayo,20240331,6.77,47.43,7.5005,29.51,5.68,6.98,56.02,0.01
galkayo,20240401,6.77,47.43,7.0896,30.25,5.39,6.41,56.87,0.11
galkayo,20240402,6.77,47.43,6.6787,30.87,5.33,6.33,54.7,0.28
galkayo,20240403,6.77,47.43,7.1407,30.41,5.72,6.81,54.21,0.17
galkayo,20240404,6.77,47.43,5.723,30.4,5.36,6.42,53.97,0.04
galkayo,20240405,6.77,47.43,7.2874,30.46,5.71,6.9,52.78,0.07
galkayo,20240406,6.77,47.43,7.4873,30.51,5.05,6.21,52.1,0.02
galkayo,20240407,6.77,47.43,7.4218,30.62,5.23,6.3,54.34,0.02
galkayo,20240408,6.77,47.43,6.5878,30.97,5.07,6.04,56.75,0.03
galkayo,20240409,6.77,47.43,7.457,30.66,4.84,5.89,54.25,0.02
galkayo,20240410,6.77,47.43,6.9826,30.92,5.36,6.44,54.61,0.02
galkayo,20240411,6.77,47.43,7.0831,31.03,5.36,6.41,54.77,0.14
galkayo,20240412,6.77,47.43,7.1618,31.2,5.36,6.4,58.68,0.41
galkayo,20240413,6.77,47.43,6.8916,31.2,4.74,5.72,57.85,0.25
galkayo,20240414,6.77,47.43,7.3879,31.81,4.65,5.54,55.12,0.23
galkayo,20240415,6.77,47.43,6.0425,31.9,4.66,5.66,53.99,0.35
galkayo,20240416,6.77,47.43,6.5273,31.76,3.56,4.53,55.15,1.74
galkayo,20240417,6.77,47.43,6.5419,30.76,3.72,4.79,60.48,1.89
galkayo,20240418,6.77,47.43,4.7066,29.35,3.63,4.75,66.56,0.98
galkayo,20240419,6.77,47.43,7.2007,30.24,3.09,4.45,58.27,0.66
galkayo,20240420,6.77,47.43,6.5952,31.3,4.1,5.17,55.8,2.25
galkayo,20240421,6.77,47.43,5.0976,26.92,2.8,3.72,85.62,70.35
galkayo,20240422,6.77,47.43,6.601,27.32,2.07,3.18,79.0,11.27
galkayo,20240423,6.77,47.43,6.3866,27.62,3.06,4.46,76.9,17.44
galkayo,20240424,6.77,47.43,6.5203,27.98,1.92,2.9,76.94,41.6
galkayo,20240425,6.77,47.43,6.1138,25.3,2.42,3.51,86.54,132.54
galkayo,20240426,6.77,47.43,5.1089,24.77,2.19,3.32,79.71,0.0
galkayo,20240427,6.77,47.43,6.7246,27.55,2.05,2.88,72.91,0.03
galkayo,20240428,6.77,47.43,4.4508,27.22,2.19,3.15,78.51,0.27
galkayo,20240429,6.77,47.43,6.553,27.91,2.23,3.17,76.97,0.51
galkayo,20240430,6.77,47.43,5.4326,26.39,1.8,2.94,84.91,0.04
galkayo,20240501,6.77,47.43,2.8632,25.85,2.36,3.53,85.18,3.48
galkayo,20240502,6.77,47.43,6.9794,27.77,1.85,2.82,77.11,0.66
galkayo,20240503,6.77,47.43,2.7821,27.38,3.62,5.24,83.03,1.59
galkayo,20240504,6.77,47.43,6.337,26.9,4.03,6.0,83.92,1.76
galkayo,20240505,6.77,47.43,3.9756,27.02,3.65,5.48,81.92,2.81
galkayo,20240506,6.77,47.43,6.4771,27.36,3.58,5.24,77.27,1.12
galkayo,20240507,6.77,47.43,6.8395,28.36,2.14,3.34,75.13,2.68
galkayo,20240508,6.77,47.43,7.0956,28.18,1.89,2.6,75.49,0.01
galkayo,20240509,6.77,47.43,6.6622,28.66,1.89,2.83,72.77,0.32
galkayo,20240510,6.77,47.43,6.5642,28.9,1.61,2.43,72.75,0.44
galkayo,20240511,6.77,47.43,6.661,29.04,2.25,3.62,70.88,0.01
galkayo,20240512,6.77,47.43,6.8419,28.22,2.23,3.51,73.11,0.0
galkayo,20240513,6.77,47.43,6.4142,28.9,2.53,3.83,73.6,0.0
galkayo,20240514,6.77,47.43,6.3742,28.85,3.86,5.54,73.3,0.01
galkayo,20240515,6.77,47.43,6.5678,28.52,4.36,6.42,72.22,0.01
galkayo,20240516,6.77,47.43,6.095,27.97,4.97,7.5,71.1,0.03
galkayo,20240517,6.77,47.43,6.9168,28.36,5.37,7.87,66.61,0.0
galkayo,20240518,6.77,47.43,6.6185,28.27,4.93,7.17,68.55,0.19
galkayo,20240519,6.77,47.43,5.257,26.59,5.19,7.59,73.39,0.33
galkayo,20240520,6.77,47.43,6.5693,27.68,4.37,6.47,72.32,0.19
galkayo,20240521,6.77,47.43,5.9822,28.29,4.47,6.59,74.35,14.53
galkayo,20240522,6.77,47.43,6.4133,27.69,4.95,7.02,78.61,6.63
galkayo,20240523,6.77,47.43,6.5758,27.57,5.44,7.67,79.87,4.22
galkayo,20240524,6.77,47.43,6.8746,27.81,6.44,8.89,76.54,3.05
galkayo,20240525,6.77,47.43,6.8496,28.1,7.09,9.4,72.98,0.63
galkayo,20240526,6.77,47.43,6.713,28.02,7.06,9.43,71.09,0.11
galkayo,20240527,6.77,47.43,6.977,27.58,7.12,9.59,68.97,0.09
galkayo,20240528,6.77,47.43,6.6902,27.28,7.49,9.88,70.58,0.36
galkayo,20240529,6.77,47.43,6.4226,26.73,7.46,9.96,66.31,0.09
galkayo,20240530,6.77,47.43,6.6595,27.34,7.25,9.57,68.3,0.07
galkayo,20240531,6.77,47.43,6.6151,27.33,7.34,9.82,67.79,0.0
galkayo,20240601,6.77,47.43,6.942,27.84,6.91,9.39,65.82,0.0
galkayo,20240602,6.77,47.43,6.7726,28.24,7.09,9.73,66.14,0.0
galkayo,20240603,6.77,47.43,6.7649,28.39,6.43,8.81,64.75,0.0
galkayo,20240604,6.77,47.43,6.4747,28.94,6.54,8.7,65.29,0.0
galkayo,20240605,6.77,47.43,6.697,28.54,6.62,8.96,64.36,0.32
galkayo,20240606,6.77,47.43,6.2746,28.64,6.01,8.09,68.5,1.15
galkayo,20240607,6.77,47.43,6.2182,28.59,6.63,8.72,67.63,0.94
galkayo,20240608,6.77,47.43,5.5315,27.81,7.8,10.1,67.49,1.42
galkayo,20240609,6.77,47.43,6.5078,27.54,8.07,10.46,65.43,0.24
galkayo,20240610,6.77,47.43,6.7858,27.27,8.04,10.48,62.4,0.06
galkayo,20240611,6.77,47.43,6.1464,26.9,7.71,10.05,63.58,0.22
galkayo,20240612,6.77,47.43,6.8172,25.75,7.12,9.5,67.47,0.32
galkayo,20240613,6.77,47.43,7.0289,27.44,6.87,9.4,62.4,0.0
galkayo,20240614,6.77,47.43,6.9782,27.76,6.94,9.3,62.17,0.14
galkayo,20240615,6.77,47.43,6.9494,27.27,6.71,9.18,61.19,0.0
galkayo,20240616,6.77,47.43,6.9905,27.69,6.9,9.3,58.65,0.0
galkayo,20240617,6.77,47.43,6.5842,27.01,7.09,9.36,66.72,0.04
galkayo,20240618,6.77,47.43,6.7898,27.89,6.85,9.41,60.25,0.03
galkayo,20240619,6.77,47.43,6.7349,28.56,7.25,9.54,62.47,0.01
galkayo,20240620,6.77,47.43,5.8596,28.01,8.24,10.52,66.39,0.48
galkayo,20240621,6.77,47.43,6.3823,27.63,8.42,10.75,65.36,0.07
galkayo,20240622,6.77,47.43,6.9151,27.71,8.23,10.7,57.95,0.01
galkayo,20240623,6.77,47.43,5.0323,27.75,9.3,11.89,63.97,0.91
galkayo,20240624,6.77,47.43,6.317,27.09,8.96,11.61,59.67,0.03
galkayo,20240625,6.77,47.43,5.4821,26.96,8.4,10.85,60.93,0.02
galkayo,20240626,6.77,47.43,6.7186,26.78,9.0,11.76,54.61,0.02
galkayo,20240627,6.77,47.43,4.9114,27.3,9.1,11.68,64.17,1.1
galkayo,20240628,6.77,47.43,5.898,27.17,9.31,11.86,65.8,0.84
galkayo,20240629,6.77,47.43,6.9504,27.22,8.62,11.17,57.44,0.0
galkayo,20240630,6.77,47.43,6.3017,27.94,8.46,10.85,60.77,0.0
galkayo,20240701,6.77,47.43,6.3576,27.25,7.75,10.04,63.46,0.03
galkayo,20240702,6.77,47.43,6.3888,28.45,8.92,11.36,60.29,0.0
galkayo,20240703,6.77,47.43,6.7219,27.5,8.17,10.35,61.26,0.1
galkayo,20240704,6.77,47.43,6.0067,27.74,8.18,10.51,56.84,0.0
galkayo,20240705,6.77,47.43,6.2938,28.45,7.68,9.95,54.73,0.0
galkayo,20240706,6.77,47.43,5.1905,27.16,8.28,10.48,62.3,0.09
galkayo,20240707,6.77,47.43,6.2724,27.91,8.07,10.43,58.04,0.0
galkayo,20240708,6.77,47.43,6.594,28.47,7.92,10.2,56.53,0.0
galkayo,20240709,6.77,47.43,5.5152,28.9,8.96,11.28,59.03,0.02
galkayo,20240710,6.77,47.43,3.894,28.37,8.23,10.33,62.96,0.02
galkayo,20240711,6.77,47.43,6.1831,28.13,8.92,11.24,56.92,0.01
galkayo,20240712,6.77,47.43,6.5009,28.25,9.43,11.83,56.82,0.01
galkayo,20240713,6.77,47.43,3.737,26.64,8.66,10.8,68.01,0.12
galkayo,20240714,6.77,47.43,3.823,27.78,9.54,12.09,57.99,0.02
galkayo,20240715,6.77,47.43,4.927,27.39,9.08,11.43,61.03,0.06
galkayo,20240716,6.77,47.43,3.1507,27.46,9.56,11.9,61.91,0.17
galkayo,20240717,6.77,47.43,4.7832,27.59,9.42,11.76,59.44,0.04
galkayo,20240718,6.77,47.43,3.8261,27.52,9.21,11.54,58.52,0.06
galkayo,20240719,6.77,47.43,4.4818,27.75,9.11,11.44,58.51,0.01
galkayo,20240720,6.77,47.43,5.4348,27.59,8.82,11.06,53.87,0.1
galkayo,20240721,6.77,47.43,4.1818,27.52,8.61,10.7,59.77,0.13
galkayo,20240722,6.77,47.43,4.5228,27.93,9.23,11.56,56.39,0.03
galkayo,20240723,6.77,47.43,5.1782,27.83,9.12,11.39,57.45,0.0
galkayo,20240724,6.77,47.43,5.8625,27.58,8.53,10.86,55.7,0.04
galkayo,20240725,6.77,47.43,6.0302,27.5,8.43,10.58,57.57,0.01
galkayo,20240726,6.77,47.43,4.9414,27.72,8.36,10.49,58.13,0.07
galkayo,20240727,6.77,47.43,5.6906,28.28,7.71,9.77,58.06,0.05
galkayo,20240728,6.77,47.43,6.5978,29.04,7.9,10.06,54.11,0.0
galkayo,20240729,6.77,47.43,6.515,28.9,8.7,10.98,53.09,0.0
galkayo,20240730,6.77,47.43,5.851,28.91,9.12,11.34,55.71,0.08
galkayo,20240731,6.77,47.43,4.7081,28.55,8.88,11.0,56.92,0.08
galkayo,20240801,6.77,47.43,6.443,28.16,9.18,11.38,55.75,1.06
galkayo,20240802,6.77,47.43,5.1806,27.66,9.56,11.88,53.22,0.01
galkayo,20240803,6.77,47.43,5.4146,27.6,8.86,10.93,56.82,0.0
galkayo,20240804,6.77,47.43,6.3502,28.03,8.06,10.16,54.43,0.0
galkayo,20240805,6.77,47.43,6.0163,27.98,8.48,10.6,56.0,0.04
galkayo,20240806,6.77,47.43,7.007,27.64,8.13,10.28,50.57,0.0
galkayo,20240807,6.77,47.43,5.3422,28.64,8.45,10.57,56.3,0.0
galkayo,20240808,6.77,47.43,6.6398,28.8,8.36,10.36,54.56,0.01
galkayo,20240809,6.77,47.43,6.631,28.51,7.99,10.12,50.55,0.0
galkayo,20240810,6.77,47.43,6.5251,28.32,9.31,11.37,59.58,0.08
galkayo,20240811,6.77,47.43,5.9256,28.47,8.64,10.65,56.47,0.07
galkayo,20240812,6.77,47.43,6.8786,28.15,8.2,10.35,51.23,0.0
galkayo,20240813,6.77,47.43,6.4193,28.42,8.34,10.43,53.35,0.0
galkayo,20240814,6.77,47.43,4.1585,28.68,8.63,10.74,54.73,0.0
galkayo,20240815,6.77,47.43,6.5482,28.37,8.67,10.75,53.66,0.0
galkayo,20240816,6.77,47.43,6.7044,28.92,9.51,11.8,51.01,0.0
galkayo,20240817,6.77,47.43,6.5203,27.56,9.92,12.42,53.93,0.0
galkayo,20240818,6.77,47.43,5.5123,28.15,9.76,12.13,52.43,0.0
galkayo,20240819,6.77,47.43,6.2669,28.3,10.02,12.58,47.12,0.0
galkayo,20240820,6.77,47.43,4.2034,25.96,9.49,11.73,57.9,1.14
galkayo,20240821,6.77,47.43,3.7814,25.69,9.69,12.24,60.06,0.36
galkayo,20240822,6.77,47.43,5.1355,27.88,9.03,11.34,52.35,0.01
galkayo,20240823,6.77,47.43,5.5092,27.8,8.54,10.58,53.83,0.01
galkayo,20240824,6.77,47.43,6.2563,28.69,8.4,10.5,54.73,0.09
galkayo,20240825,6.77,47.43,6.9266,29.29,8.32,10.29,53.43,0.0
galkayo,20240826,6.77,47.43,7.0356,30.09,7.98,10.11,51.04,0.0
galkayo,20240827,6.77,47.43,7.1369,29.78,8.76,10.79,55.26,0.12
galkayo,20240828,6.77,47.43,6.2446,29.55,7.98,9.81,56.5,0.4
galkayo,20240829,6.77,47.43,5.7324,29.18,7.88,9.66,57.82,0.1
galkayo,20240830,6.77,47.43,6.3175,28.81,8.5,10.51,57.54,0.44
galkayo,20240831,6.77,47.43,5.4046,26.82,7.82,9.79,59.39,0.08
galkayo,20240901,6.77,47.43,6.8045,28.36,7.83,10.28,49.08,0.03
galkayo,20240902,6.77,47.43,7.2696,28.78,8.36,10.85,45.55,0.0
galkayo,20240903,6.77,47.43,7.2041,28.91,8.65,10.88,47.19,0.0
galkayo,20240904,6.77,47.43,7.0841,29.28,8.95,11.1,48.74,0.0
galkayo,20240905,6.77,47.43,7.2958,29.42,7.95,10.21,43.9,0.0
galkayo,20240906,6.77,47.43,7.3915,30.09,8.47,10.74,48.25,0.0
galkayo,20240907,6.77,47.43,7.2221,30.64,8.8,10.9,48.23,0.0
galkayo,20240908,6.77,47.43,7.1098,30.43,8.34,10.53,46.85,0.0
galkayo,20240909,6.77,47.43,7.0598,30.89,7.86,9.84,47.01,0.0
galkayo,20240910,6.77,47.43,6.3408,30.48,8.1,10.1,51.56,0.01
galkayo,20240911,6.77,47.43,7.14,30.48,7.83,9.85,50.39,0.02
galkayo,20240912,6.77,47.43,6.1306,30.15,8.23,10.07,54.33,0.13
galkayo,20240913,6.77,47.43,7.1136,30.58,7.68,9.64,48.41,0.05
galkayo,20240914,6.77,47.43,6.8983,30.47,7.9,9.86,49.64,0.05
galkayo,20240915,6.77,47.43,7.2715,29.19,7.87,10.03,46.27,0.0
galkayo,20240916,6.77,47.43,7.3327,29.95,7.75,9.88,46.74,0.0
galkayo,20240917,6.77,47.43,7.1136,30.55,7.76,9.68,51.92,0.04
galkayo,20240918,6.77,47.43,7.2595,30.76,6.89,8.67,50.07,0.01
galkayo,20240919,6.77,47.43,7.1117,30.77,5.92,7.42,50.39,0.04
galkayo,20240920,6.77,47.43,6.8234,30.54,5.66,7.02,51.04,0.12
galkayo,20240921,6.77,47.43,3.7723,28.16,5.53,6.67,58.99,0.37
galkayo,20240922,6.77,47.43,7.1006,30.08,6.13,7.67,53.61,0.09
galkayo,20240923,6.77,47.43,5.5702,29.95,7.21,8.93,53.7,0.0
galkayo,20240924,6.77,47.43,7.129,29.6,6.9,8.91,47.87,0.0
galkayo,20240925,6.77,47.43,7.1479,29.78,7.75,9.88,47.06,0.0
galkayo,20240926,6.77,47.43,7.1479,30.28,7.35,9.55,44.71,0.0
galkayo,20240927,6.77,47.43,6.4925,30.38,7.2,9.29,44.43,0.0
galkayo,20240928,6.77,47.43,6.6478,29.62,6.21,7.96,51.85,0.0
galkayo,20240929,6.77,47.43,6.0446,30.02,6.23,7.71,53.7,0.0
galkayo,20240930,6.77,47.43,5.6926,29.77,5.55,6.64,56.84,0.0
galkayo,20241001,6.77,47.43,6.4488,29.3,5.43,6.47,55.45,0.0
galkayo,20241002,6.77,47.43,5.9006,29.04,4.89,5.89,55.12,0.0
galkayo,20241003,6.77,47.43,5.3314,29.22,4.33,5.46,53.88,0.1
galkayo,20241004,6.77,47.43,6.636,29.94,5.92,7.66,49.72,0.1
galkayo,20241005,6.77,47.43,5.6798,27.77,5.41,7.29,53.91,0.11
galkayo,20241006,6.77,47.43,5.7929,29.11,5.78,7.41,55.13,0.28
galkayo,20241007,6.77,47.43,6.5311,29.89,4.94,6.55,49.11,0.17
galkayo,20241008,6.77,47.43,6.919,30.48,4.93,6.28,52.17,0.26
galkayo,20241009,6.77,47.43,6.1915,28.56,5.01,6.46,59.02,4.48
galkayo,20241010,6.77,47.43,4.4698,27.63,5.39,7.37,59.81,7.63
galkayo,20241011,6.77,47.43,5.0246,27.53,4.45,6.22,57.85,0.22
galkayo,20241012,6.77,47.43,6.6554,29.6,4.69,6.39,56.1,0.12
galkayo,20241013,6.77,47.43,4.5118,29.52,4.65,6.24,56.96,0.03
galkayo,20241014,6.77,47.43,6.2326,29.81,4.4,6.07,53.88,0.03
galkayo,20241015,6.77,47.43,4.6495,30.39,4.33,5.65,52.86,0.0
galkayo,20241016,6.77,47.43,6.5695,31.29,3.75,5.12,50.82,0.01
galkayo,20241017,6.77,47.43,6.7805,31.29,4.68,6.26,48.52,0.0
galkayo,20241018,6.77,47.43,6.7927,30.73,4.68,6.17,52.22,0.26
galkayo,20241019,6.77,47.43,6.9113,30.52,3.53,4.85,52.9,0.49
galkayo,20241020,6.77,47.43,6.9216,30.96,3.72,4.72,52.14,0.16
galkayo,20241021,6.77,47.43,3.8818,29.72,4.08,5.27,59.3,1.17
galkayo,20241022,6.77,47.43,6.053,29.9,4.3,5.66,60.04,1.21
galkayo,20241023,6.77,47.43,6.6946,30.12,4.81,6.37,55.27,0.41
galkayo,20241024,6.77,47.43,5.2308,29.88,4.35,5.67,57.79,0.9
galkayo,20241025,6.77,47.43,5.147,29.2,4.1,5.22,60.45,1.05
galkayo,20241026,6.77,47.43,6.683,29.31,3.91,4.82,61.03,1.13
galkayo,20241027,6.77,47.43,5.8558,29.28,4.59,5.69,59.28,0.52
galkayo,20241028,6.77,47.43,6.6979,29.77,4.35,5.42,55.69,0.07
galkayo,20241029,6.77,47.43,6.4414,30.02,3.33,4.2,57.02,0.13
galkayo,20241030,6.77,47.43,6.1435,29.98,4.03,4.87,56.76,0.59
galkayo,20241031,6.77,47.43,6.8904,29.22,4.55,5.61,52.04,0.28
galkayo,20241101,6.77,47.43,5.5836,28.76,4.41,5.36,56.26,0.06
galkayo,20241102,6.77,47.43,5.9551,27.56,3.5,4.55,68.5,16.82
galkayo,20241103,6.77,47.43,4.986,27.39,3.64,4.87,67.75,3.92
galkayo,20241104,6.77,47.43,6.6182,27.87,4.3,5.57,62.15,0.71
galkayo,20241105,6.77,47.43,6.1279,27.42,4.02,5.29,65.46,1.47
galkayo,20241106,6.77,47.43,5.9774,27.82,4.79,6.19,64.86,0.65
galkayo,20241107,6.77,47.43,6.6154,28.04,3.95,5.18,64.05,0.03
galkayo,20241108,6.77,47.43,6.4289,28.44,3.59,4.9,61.36,0.04
galkayo,20241109,6.77,47.43,5.627,28.41,3.82,5.17,62.08,0.23
galkayo,20241110,6.77,47.43,6.5738,28.46,4.1,5.57,56.99,0.01
galkayo,20241111,6.77,47.43,5.028,28.58,4.57,6.01,57.36,0.03
galkayo,20241112,6.77,47.43,5.5577,28.51,4.16,5.4,56.79,0.0
galkayo,20241113,6.77,47.43,6.3907,28.93,3.45,4.64,53.0,0.0
galkayo,20241114,6.77,47.43,6.7548,27.02,4.09,5.91,49.28,0.0
galkayo,20241115,6.77,47.43,7.0061,26.18,4.22,6.31,48.41,0.0
galkayo,20241116,6.77,47.43,4.3301,28.11,4.35,5.86,58.89,0.0
galkayo,20241117,6.77,47.43,6.0269,29.54,5.2,6.71,55.41,0.34
galkayo,20241118,6.77,47.43,5.197,28.8,5.86,7.29,58.66,0.06
galkayo,20241119,6.77,47.43,6.4478,28.05,4.15,5.9,49.42,0.01
galkayo,20241120,6.77,47.43,6.6607,28.63,4.0,5.17,55.95,0.01
galkayo,20241121,6.77,47.43,5.6093,29.06,5.29,6.57,57.63,0.15
galkayo,20241122,6.77,47.43,5.8879,28.3,5.43,6.75,59.82,0.06
galkayo,20241123,6.77,47.43,6.4646,27.94,5.13,6.82,51.66,0.0
galkayo,20241124,6.77,47.43,6.1375,28.4,4.65,5.97,57.01,0.01
galkayo,20241125,6.77,47.43,5.9434,28.99,4.18,5.34,56.73,0.01
galkayo,20241126,6.77,47.43,5.651,29.18,4.54,5.73,57.37,0.01
galkayo,20241127,6.77,47.43,5.1334,29.11,4.44,5.57,56.48,0.04
galkayo,20241128,6.77,47.43,6.0134,28.83,3.93,5.09,54.47,0.0
galkayo,20241129,6.77,47.43,6.3917,28.0,3.94,5.62,50.71,0.0
galkayo,20241130,6.77,47.43,6.7212,27.38,4.97,7.07,45.28,0.0
galkayo,20241201,6.77,47.43,6.6809,26.88,5.13,7.13,49.68,0.0
galkayo,20241202,6.77,47.43,6.522,26.75,5.15,7.04,52.39,0.0
galkayo,20241203,6.77,47.43,6.4786,26.49,4.99,6.83,53.43,0.0
galkayo,20241204,6.77,47.43,6.5666,26.55,5.33,7.44,49.31,0.0
galkayo,20241205,6.77,47.43,6.4555,26.69,5.0,6.89,51.5,0.0
galkayo,20241206,6.77,47.43,6.1548,27.51,5.78,7.54,51.49,0.0
galkayo,20241207,6.77,47.43,3.8342,28.26,5.4,7.35,44.65,0.06
galkayo,20241208,6.77,47.43,4.459,28.03,5.64,7.71,41.72,0.09
galkayo,20241209,6.77,47.43,6.3444,26.93,5.02,7.01,45.95,0.0
galkayo,20241210,6.77,47.43,6.4308,26.23,4.37,6.24,48.91,0.0
galkayo,20241211,6.77,47.43,6.4176,26.63,5.26,7.43,46.21,0.0
galkayo,20241212,6.77,47.43,6.4834,26.11,5.41,7.63,45.45,0.0
galkayo,20241213,6.77,47.43,6.5777,25.99,5.43,7.56,49.13,0.0
galkayo,20241214,6.77,47.43,6.4423,26.17,4.91,6.81,51.6,0.0
galkayo,20241215,6.77,47.43,6.0122,26.73,5.24,7.11,54.04,0.0
galkayo,20241216,6.77,47.43,6.3442,26.47,5.83,8.09,44.51,0.0
galkayo,20241217,6.77,47.43,6.4188,25.42,5.91,8.06,47.52,0.0
galkayo,20241218,6.77,47.43,6.1884,25.7,4.55,6.34,46.96,0.0
galkayo,20241219,6.77,47.43,6.1178,26.03,4.17,5.65,52.4,0.0
galkayo,20241220,6.77,47.43,6.2537,25.66,3.98,5.44,49.5,0.0
galkayo,20241221,6.77,47.43,6.4037,25.1,3.69,5.12,52.86,0.0
galkayo,20241222,6.77,47.43,6.51,25.06,3.32,4.81,53.1,0.0
galkayo,20241223,6.77,47.43,6.5688,24.82,4.61,6.55,49.48,0.0
galkayo,20241224,6.77,47.43,6.4682,24.99,4.84,6.69,53.89,0.0
galkayo,20241225,6.77,47.43,6.5424,24.51,4.7,6.62,55.17,0.0
galkayo,20241226,6.77,47.43,6.6094,24.67,5.36,7.52,52.62,0.0
galkayo,20241227,6.77,47.43,6.2736,24.94,5.85,7.97,54.97,0.0
galkayo,20241228,6.77,47.43,5.9803,25.58,5.78,7.72,56.38,0.0
galkayo,20241229,6.77,47.43,6.2678,25.84,5.24,7.15,51.91,0.0
galkayo,20241230,6.77,47.43,6.457,25.54,4.96,6.84,52.03,0.0
galkayo,20241231,6.77,47.43,6.5095,25.27,4.43,6.42,49.72,0.0
galkayo,20250101,6.77,47.43,6.4426,25.6,4.85,6.72,53.03,0.0
galkayo,20250102,6.77,47.43,6.4512,25.99,5.32,7.4,50.52,0.0
galkayo,20250103,6.77,47.43,6.3367,25.54,6.25,8.5,49.64,0.0
galkayo,20250104,6.77,47.43,6.4284,24.27,6.16,8.46,47.63,0.0
galkayo,20250105,6.77,47.43,6.6974,23.66,6.23,8.54,44.55,0.0
galkayo,20250106,6.77,47.43,6.4735,23.74,5.85,7.88,55.62,0.0
galkayo,20250107,6.77,47.43,6.5554,24.75,4.34,6.0,55.6,0.0
galkayo,20250108,6.77,47.43,6.4471,25.68,4.25,5.78,56.64,0.0
galkayo,20250109,6.77,47.43,6.3442,25.78,5.14,6.88,53.47,0.0
galkayo,20250110,6.77,47.43,6.1987,25.92,5.9,7.63,53.4,0.0
galkayo,20250111,6.77,47.43,6.4718,25.36,5.94,7.82,49.79,0.0
galkayo,20250112,6.77,47.43,6.7085,24.39,5.68,7.78,49.16,0.0
galkayo,20250113,6.77,47.43,6.7615,24.65,5.7,7.75,51.79,0.0
galkayo,20250114,6.77,47.43,6.6432,24.84,6.64,8.99,47.91,0.0
galkayo,20250115,6.77,47.43,6.5174,24.96,6.9,9.11,48.98,0.0
galkayo,20250116,6.77,47.43,6.5244,25.16,6.02,8.03,48.34,0.0
galkayo,20250117,6.77,47.43,6.7308,24.77,5.63,7.71,45.3,0.0
galkayo,20250118,6.77,47.43,6.6742,24.23,5.05,7.03,46.76,0.0
galkayo,20250119,6.77,47.43,6.7608,24.88,5.47,7.57,47.89,0.0
galkayo,20250120,6.77,47.43,6.743,24.28,5.63,7.65,54.32,0.01
galkayo,20250121,6.77,47.43,6.6202,25.59,5.22,7.07,56.1,0.0
galkayo,20250122,6.77,47.43,6.6223,25.46,5.51,7.52,51.4,0.0
galkayo,20250123,6.77,47.43,6.7162,25.1,6.56,8.65,47.95,0.0
galkayo,20250124,6.77,47.43,6.7646,24.69,5.7,7.62,51.17,0.0
galkayo,20250125,6.77,47.43,6.4116,24.54,5.4,7.4,52.51,0.0
galkayo,20250126,6.77,47.43,6.7937,25.35,5.45,7.26,54.4,0.0
galkayo,20250127,6.77,47.43,6.7606,25.57,4.58,6.03,54.2,0.0
galkayo,20250128,6.77,47.43,6.6319,26.26,4.77,6.22,54.76,0.0
galkayo,20250129,6.77,47.43,6.7807,26.95,5.72,7.4,53.96,0.0
galkayo,20250130,6.77,47.43,6.7498,26.86,5.55,7.26,51.49,0.0
galkayo,20250131,6.77,47.43,6.8729,26.04,6.19,8.17,45.86,0.0
galkayo,20250201,6.77,47.43,6.8726,25.18,6.48,8.51,49.21,0.0
galkayo,20250202,6.77,47.43,6.8095,25.79,5.88,7.86,48.4,0.0
galkayo,20250203,6.77,47.43,7.0166,24.66,6.72,8.95,43.08,0.0
galkayo,20250204,6.77,47.43,6.4212,24.72,6.46,8.28,53.1,0.01
galkayo,20250205,6.77,47.43,6.6252,25.38,5.67,7.21,54.82,0.0
galkayo,20250206,6.77,47.43,6.6835,26.11,5.17,6.6,58.39,0.0
galkayo,20250207,6.77,47.43,6.6274,26.81,4.97,6.24,58.45,0.0
galkayo,20250208,6.77,47.43,6.9718,27.16,4.13,5.28,54.57,0.0
galkayo,20250209,6.77,47.43,7.0373,27.13,4.9,5.97,52.39,0.0
galkayo,20250210,6.77,47.43,6.7306,27.3,6.24,7.66,58.34,0.0
galkayo,20250211,6.77,47.43,6.0322,27.01,7.68,9.49,56.32,0.0
galkayo,20250212,6.77,47.43,6.8057,26.06,6.42,7.99,58.45,0.0
galkayo,20250213,6.77,47.43,7.1098,26.45,5.59,7.07,55.64,0.0
galkayo,20250214,6.77,47.43,6.9552,26.72,6.01,7.5,55.86,0.0
galkayo,20250215,6.77,47.43,6.7406,26.73,5.28,6.65,54.33,0.0
galkayo,20250216,6.77,47.43,6.9744,26.4,5.62,7.07,56.31,0.0
galkayo,20250217,6.77,47.43,7.4062,25.95,5.99,7.59,54.58,0.0
galkayo,20250218,6.77,47.43,7.3776,26.09,5.27,6.84,54.92,0.0
galkayo,20250219,6.77,47.43,7.2302,27.03,5.75,7.28,54.35,0.0
galkayo,20250220,6.77,47.43,7.0111,26.59,4.82,6.34,55.0,0.0
galkayo,20250221,6.77,47.43,7.3301,26.56,5.73,7.3,56.14,0.0
galkayo,20250222,6.77,47.43,7.1938,26.73,6.15,7.76,57.07,0.0
galkayo,20250223,6.77,47.43,7.3457,27.41,6.15,7.67,55.65,0.0
galkayo,20250224,6.77,47.43,7.2569,27.63,5.64,7.0,54.71,0.0
galkayo,20250225,6.77,47.43,7.2874,27.7,5.77,7.22,56.57,0.03
galkayo,20250226,6.77,47.43,7.159,27.38,6.33,7.87,56.32,0.03
galkayo,20250227,6.77,47.43,7.1554,27.91,5.66,7.16,53.0,0.05
galkayo,20250228,6.77,47.43,7.0406,28.03,5.66,6.86,53.34,0.06
galkayo,20250301,6.77,47.43,7.2338,27.75,5.84,7.2,51.94,0.03
galkayo,20250302,6.77,47.43,7.4573,28.19,5.1,6.38,52.54,0.0
galkayo,20250303,6.77,47.43,7.11,28.48,5.67,7.03,53.66,0.0
galkayo,20250304,6.77,47.43,7.151,27.95,6.75,8.17,53.71,0.0
galkayo,20250305,6.77,47.43,7.223,28.24,6.65,8.06,55.65,0.0
galkayo,20250306,6.77,47.43,6.2081,28.88,6.74,8.08,59.87,0.0
galkayo,20250307,6.77,47.43,6.8983,28.8,6.31,7.55,56.34,0.01
galkayo,20250308,6.77,47.43,6.8268,29.14,6.51,7.81,56.93,0.03
galkayo,20250309,6.77,47.43,6.6264,29.34,6.31,7.51,59.71,0.11
galkayo,20250310,6.77,47.43,6.9233,29.43,6.27,7.59,51.94,0.02
galkayo,20250311,6.77,47.43,7.284,29.05,5.78,7.13,50.63,0.02
galkayo,20250312,6.77,47.43,7.1947,27.46,5.55,6.9,52.03,0.0
galkayo,20250313,6.77,47.43,7.4482,28.49,4.96,6.34,51.64,0.0
galkayo,20250314,6.77,47.43,7.3776,29.08,5.91,7.34,51.81,0.0
galkayo,20250315,6.77,47.43,7.3877,29.41,5.79,7.13,52.81,0.0
galkayo,20250316,6.77,47.43,7.1441,29.73,6.77,8.15,54.74,0.0
galkayo,20250317,6.77,47.43,6.702,30.35,6.27,7.56,55.77,0.0
galkayo,20250318,6.77,47.43,6.7358,29.98,6.29,7.51,57.21,0.0
galkayo,20250319,6.77,47.43,6.9257,29.59,6.58,7.95,56.0,0.0
galkayo,20250320,6.77,47.43,7.3241,29.19,6.41,7.77,55.13,0.0
galkayo,20250321,6.77,47.43,7.2749,29.5,6.24,7.48,54.5,0.0
galkayo,20250322,6.77,47.43,7.4669,29.79,5.47,6.7,52.23,0.06
galkayo,20250323,6.77,47.43,7.091,30.48,6.04,7.27,55.51,0.14
galkayo,20250324,6.77,47.43,6.6943,29.12,4.98,6.07,63.99,0.47
galkayo,20250325,6.77,47.43,6.4411,29.01,5.86,7.17,59.51,0.33
galkayo,20250326,6.77,47.43,6.9223,29.08,6.45,7.88,56.84,0.27
galkayo,20250327,6.77,47.43,7.4623,29.54,6.76,8.3,50.77,0.03
galkayo,20250328,6.77,47.43,7.4131,29.43,5.97,7.35,50.15,0.0
galkayo,20250329,6.77,47.43,7.2881,29.0,4.97,6.15,51.78,0.01
galkayo,20250330,6.77,47.43,7.3922,27.9,3.88,4.99,56.23,0.08
galkayo,20250331,6.77,47.43,7.374,29.61,4.37,5.48,52.47,0.1
galkayo,20250401,6.77,47.43,7.2797,30.02,4.29,5.34,52.26,0.02
galkayo,20250402,6.77,47.43,7.3745,30.11,4.82,5.91,52.1,0.03
galkayo,20250403,6.77,47.43,7.5062,29.8,5.06,6.04,52.42,0.04
galkayo,20250404,6.77,47.43,7.5089,29.24,5.37,6.54,53.29,0.04
galkayo,20250405,6.77,47.43,7.3414,29.59,5.88,7.17,54.44,0.05
galkayo,20250406,6.77,47.43,7.104,29.83,5.19,6.3,54.88,0.0
galkayo,20250407,6.77,47.43,7.0234,30.59,4.59,5.61,52.71,0.0
galkayo,20250408,6.77,47.43,6.2578,30.63,4.12,5.08,51.51,0.0
galkayo,20250409,6.77,47.43,6.2815,30.46,4.13,5.06,50.48,0.0
galkayo,20250410,6.77,47.43,6.8652,30.5,3.58,4.42,51.11,0.0
galkayo,20250411,6.77,47.43,5.9275,30.85,4.73,5.69,53.65,0.3
galkayo,20250412,6.77,47.43,6.3535,31.08,4.94,5.9,54.86,1.57
galkayo,20250413,6.77,47.43,4.3901,29.64,4.17,5.08,59.14,2.98
galkayo,20250414,6.77,47.43,6.5035,27.42,1.9,2.61,64.26,2.3
galkayo,20250415,6.77,47.43,5.3496,29.17,3.38,4.17,62.43,3.77
galkayo,20250416,6.77,47.43,5.3417,29.25,3.51,4.52,55.46,0.1
galkayo,20250417,6.77,47.43,7.0486,30.25,3.1,4.02,53.23,0.01
galkayo,20250418,6.77,47.43,7.1609,30.23,2.84,3.71,53.17,0.01
galkayo,20250419,6.77,47.43,6.7334,30.43,3.24,4.03,50.88,0.01
galkayo,20250420,6.77,47.43,6.0821,30.23,4.18,5.06,53.35,0.02
galkayo,20250421,6.77,47.43,6.1128,30.21,5.07,6.08,55.94,0.1
galkayo,20250422,6.77,47.43,7.0728,30.35,5.51,6.82,52.06,0.03
galkayo,20250423,6.77,47.43,7.177,30.05,5.57,6.86,54.03,0.03
galkayo,20250424,6.77,47.43,7.3298,30.72,4.43,5.55,52.18,0.05
galkayo,20250425,6.77,47.43,7.0195,30.71,3.17,4.22,50.6,0.03
galkayo,20250426,6.77,47.43,7.0114,31.26,3.84,4.85,51.99,0.26
galkayo,20250427,6.77,47.43,6.3394,31.58,4.02,5.06,51.02,0.57
galkayo,20250428,6.77,47.43,6.2602,31.02,3.96,4.98,55.67,0.95
galkayo,20250429,6.77,47.43,5.5366,31.36,4.22,5.29,54.64,1.6
galkayo,20250430,6.77,47.43,6.6406,31.04,3.64,4.66,55.7,1.28
galkayo,20250501,6.77,47.43,6.9929,31.3,3.58,4.51,54.01,0.07
galkayo,20250502,6.77,47.43,6.7267,31.28,4.25,5.18,51.21,0.04
galkayo,20250503,6.77,47.43,6.6828,31.44,3.8,4.64,50.78,0.11
galkayo,20250504,6.77,47.43,4.5293,28.74,3.5,4.2,64.23,0.83
galkayo,20250505,6.77,47.43,5.1521,29.1,3.41,4.36,61.17,1.03
galkayo,20250506,6.77,47.43,7.0846,30.64,3.93,5.35,52.75,0.94
galkayo,20250507,6.77,47.43,6.9487,28.98,4.36,5.66,60.8,2.53
galkayo,20250508,6.77,47.43,5.6472,26.14,4.02,5.33,83.13,22.02
galkayo,20250509,6.77,47.43,7.0416,28.36,2.91,4.36,67.77,0.53
galkayo,20250510,6.77,47.43,6.7332,28.88,3.34,4.78,66.16,0.41
galkayo,20250511,6.77,47.43,7.1441,29.34,4.38,6.06,63.69,0.16
galkayo,20250512,6.77,47.43,5.5229,29.59,5.92,7.93,60.64,0.22
galkayo,20250513,6.77,47.43,6.3173,30.31,6.83,8.92,56.01,0.26
galkayo,20250514,6.77,47.43,7.0205,31.11,6.71,8.78,54.36,0.13
galkayo,20250515,6.77,47.43,7.0872,31.05,6.53,8.5,54.94,0.06
galkayo,20250516,6.77,47.43,6.5851,30.91,5.96,7.79,52.4,0.1
galkayo,20250517,6.77,47.43,6.433,30.03,5.28,7.06,55.65,0.11
galkayo,20250518,6.77,47.43,6.5316,29.67,4.09,5.54,59.07,0.19
galkayo,20250519,6.77,47.43,6.6475,30.61,5.09,6.63,55.98,0.17
galkayo,20250520,6.77,47.43,5.9844,29.09,5.15,6.98,62.53,0.32
galkayo,20250521,6.77,47.43,6.7908,29.8,5.74,7.53,59.43,0.39
galkayo,20250522,6.77,47.43,6.4646,29.95,7.07,9.12,59.34,0.56
galkayo,20250523,6.77,47.43,6.0679,29.31,8.33,10.65,55.25,0.29
galkayo,20250524,6.77,47.43,6.8414,30.0,8.56,10.92,54.27,0.05
galkayo,20250525,6.77,47.43,5.8236,30.19,8.82,11.24,51.8,0.0
galkayo,20250526,6.77,47.43,6.7558,30.68,8.23,10.46,51.26,0.0
galkayo,20250527,6.77,47.43,6.559,30.82,8.74,11.0,53.4,0.09
galkayo,20250528,6.77,47.43,6.0103,30.09,8.42,10.68,53.95,0.1
galkayo,20250529,6.77,47.43,6.8618,30.33,8.4,10.68,48.41,0.06
galkayo,20250530,6.77,47.43,6.9674,30.33,8.48,10.77,44.83,0.0
galkayo,20250531,6.77,47.43,6.1961,30.68,8.84,11.13,51.17,0.04
galkayo,20250601,6.77,47.43,6.6499,30.67,8.0,10.32,49.43,0.04
galkayo,20250602,6.77,47.43,6.6794,29.87,7.2,9.34,48.34,0.02
galkayo,20250603,6.77,47.43,6.7174,30.33,7.82,10.03,48.31,0.01
galkayo,20250604,6.77,47.43,6.6458,30.97,7.42,9.48,48.21,0.01
galkayo,20250605,6.77,47.43,7.0114,31.64,7.85,9.79,48.71,0.02
galkayo,20250606,6.77,47.43,6.9204,30.52,8.12,10.27,50.07,0.03
galkayo,20250607,6.77,47.43,6.8561,29.9,7.39,9.46,46.56,0.0
galkayo,20250608,6.77,47.43,6.9643,30.96,7.05,9.21,47.17,0.01
galkayo,20250609,6.77,47.43,6.714,30.69,7.85,9.76,54.07,0.08
galkayo,20250610,6.77,47.43,6.4397,30.22,8.8,10.88,56.53,0.44
galkayo,20250611,6.77,47.43,7.0118,29.58,8.56,10.81,49.09,0.2
galkayo,20250612,6.77,47.43,6.709,29.42,9.08,11.21,57.83,2.37
galkayo,20250613,6.77,47.43,4.1522,26.8,8.26,10.78,65.87,13.36
galkayo,20250614,6.77,47.43,5.3827,27.38,9.0,11.54,56.12,0.0
galkayo,20250615,6.77,47.43,5.273,27.53,9.29,11.91,57.98,0.0
galkayo,20250616,6.77,47.43,6.4409,28.24,9.59,12.16,56.2,0.02
galkayo,20250617,6.77,47.43,5.1096,27.68,9.27,11.88,61.5,0.26
galkayo,20250618,6.77,47.43,6.3574,28.24,8.59,10.97,60.35,0.03
galkayo,20250619,6.77,47.43,6.3607,28.7,8.54,10.97,56.99,0.03
galkayo,20250620,6.77,47.43,6.5959,29.39,9.02,11.49,53.38,0.0
galkayo,20250621,6.77,47.43,6.6739,28.96,8.7,10.98,56.04,0.01
galkayo,20250622,6.77,47.43,6.786,28.56,8.42,10.68,53.47,0.0
galkayo,20250623,6.77,47.43,6.7145,28.49,8.11,10.3,56.49,0.0
galkayo,20250624,6.77,47.43,6.7958,29.17,7.73,9.88,50.68,0.0
galkayo,20250625,6.77,47.43,6.079,28.34,8.07,10.01,60.3,0.12
galkayo,20250626,6.77,47.43,6.3725,28.0,8.05,10.18,54.27,0.0
galkayo,20250627,6.77,47.43,5.5447,28.36,9.05,11.26,56.04,0.0
galkayo,20250628,6.77,47.43,5.857,28.26,9.04,11.34,51.69,0.01
galkayo,20250629,6.77,47.43,5.5987,28.46,10.22,12.7,54.45,0.01
galkayo,20250630,6.77,47.43,5.9549,28.69,9.8,12.22,53.77,0.0
galkayo,20250701,6.77,47.43,6.4601,28.9,9.51,11.85,51.41,0.0
galkayo,20250702,6.77,47.43,5.8123,28.8,9.4,11.76,49.41,0.0
galkayo,20250703,6.77,47.43,5.6515,28.28,9.32,11.74,49.45,0.0
galkayo,20250704,6.77,47.43,5.7727,28.36,9.26,11.57,48.97,0.0
galkayo,20250705,6.77,47.43,4.6939,28.48,9.15,11.38,52.7,0.21
galkayo,20250706,6.77,47.43,5.9714,28.55,8.96,11.09,50.87,0.02
galkayo,20250707,6.77,47.43,5.502,28.35,8.91,10.96,52.84,0.01
galkayo,20250708,6.77,47.43,5.4862,28.37,9.02,11.04,54.6,0.0
galkayo,20250709,6.77,47.43,5.0275,28.1,9.43,11.69,54.59,0.47
galkayo,20250710,6.77,47.43,5.833,28.29,9.97,12.39,51.54,0.04
galkayo,20250711,6.77,47.43,4.5451,28.18,10.1,12.53,55.21,0.2
galkayo,20250712,6.77,47.43,6.7572,28.72,8.47,10.69,48.6,0.0
galkayo,20250713,6.77,47.43,6.7997,29.64,9.49,11.85,47.18,0.01
galkayo,20250714,6.77,47.43,6.4654,29.24,10.15,12.58,49.19,0.0
galkayo,20250715,6.77,47.43,6.7344,29.36,10.23,12.61,50.37,0.0
galkayo,20250716,6.77,47.43,6.804,29.38,9.59,11.89,49.35,0.0
galkayo,20250717,6.77,47.43,6.3737,28.56,9.31,11.61,48.28,0.01
galkayo,20250718,6.77,47.43,4.3862,28.3,10.06,12.43,54.83,0.1
galkayo,20250719,6.77,47.43,5.34,28.17,10.95,13.53,50.89,0.0
galkayo,20250720,6.77,47.43,4.8898,27.71,10.84,13.47,50.33,0.01
galkayo,20250721,6.77,47.43,3.8222,27.38,10.0,12.39,53.44,0.08
galkayo,20250722,6.77,47.43,4.3591,28.09,10.22,12.67,52.08,0.02
galkayo,20250723,6.77,47.43,5.8966,28.5,10.54,12.96,50.68,0.01
galkayo,20250724,6.77,47.43,5.6472,28.04,10.87,13.44,49.52,0.02
galkayo,20250725,6.77,47.43,5.7286,27.68,10.65,13.1,51.49,0.01
galkayo,20250726,6.77,47.43,5.4718,28.15,9.79,12.17,49.07,0.0
galkayo,20250727,6.77,47.43,6.5093,28.48,10.07,12.49,49.44,0.01
galkayo,20250728,6.77,47.43,4.5665,27.71,10.99,13.52,51.85,0.05
galkayo,20250729,6.77,47.43,4.4383,27.53,10.11,12.51,54.67,0.47
galkayo,20250730,6.77,47.43,6.4558,28.4,9.85,12.33,49.13,0.06
galkayo,20250731,6.77,47.43,5.543,28.48,11.05,13.64,53.08,0.04
galkayo,20250801,6.77,47.43,5.4559,27.77,11.03,13.6,50.62,0.03
galkayo,20250802,6.77,47.43,5.0753,27.89,10.56,13.0,53.17,0.03
galkayo,20250803,6.77,47.43,5.129,27.59,10.11,12.48,51.09,0.01
galkayo,20250804,6.77,47.43,4.0188,26.85,10.08,12.5,52.48,0.02
galkayo,20250805,6.77,47.43,3.8011,27.34,10.23,12.64,50.15,0.01
galkayo,20250806,6.77,47.43,4.6118,27.69,9.8,12.07,53.04,0.02
galkayo,20250807,6.77,47.43,4.9128,27.33,8.84,10.89,55.5,0.0
galkayo,20250808,6.77,47.43,5.905,27.89,8.63,10.65,53.03,0.21
galkayo,20250809,6.77,47.43,6.1992,28.72,8.63,10.52,55.11,0.11
galkayo,20250810,6.77,47.43,4.9572,28.43,8.82,10.79,55.54,0.23
galkayo,20250811,6.77,47.43,6.5858,28.13,8.96,10.98,51.33,0.03
galkayo,20250812,6.77,47.43,7.2127,28.09,7.74,9.86,46.35,0.0
galkayo,20250813,6.77,47.43,7.3908,28.58,7.27,9.46,46.32,0.0
galkayo,20250814,6.77,47.43,7.3752,29.34,8.32,10.49,47.8,0.0
galkayo,20250815,6.77,47.43,6.7469,29.38,8.93,11.05,49.4,0.01
galkayo,20250816,6.77,47.43,6.9751,28.5,8.99,11.14,48.8,0.0
galkayo,20250817,6.77,47.43,5.4912,27.71,8.93,11.12,48.66,0.0
galkayo,20250818,6.77,47.43,4.0997,25.06,8.91,11.06,61.02,0.02
galkayo,20250819,6.77,47.43,5.3208,27.66,9.66,12.0,51.08,0.0
galkayo,20250820,6.77,47.43,6.6314,28.3,9.84,12.1,49.43,0.0
galkayo,20250821,6.77,47.43,5.5325,28.35,8.98,11.04,50.11,0.01
galkayo,20250822,6.77,47.43,5.298,27.72,8.22,10.21,48.74,0.0
galkayo,20250823,6.77,47.43,6.0012,28.0,7.71,9.72,46.2,0.0
galkayo,20250824,6.77,47.43,7.0306,29.24,7.48,9.26,50.49,0.05
galkayo,20250825,6.77,47.43,7.273,30.39,7.7,9.65,47.31,0.01
galkayo,20250826,6.77,47.43,7.2586,30.03,9.76,12.07,49.31,0.02
galkayo,20250827,6.77,47.43,5.8526,28.95,9.66,11.79,53.45,0.1
galkayo,20250828,6.77,47.43,6.9734,29.04,8.83,10.85,50.19,0.0
galkayo,20250829,6.77,47.43,6.1306,28.82,8.71,10.71,51.14,0.12
galkayo,20250830,6.77,47.43,6.7812,28.2,8.84,10.79,48.66,0.06
galkayo,20250831,6.77,47.43,6.0418,28.38,8.55,10.54,49.38,0.17
galkayo,20250901,6.77,47.43,6.9401,28.58,8.42,10.78,48.14,0.26
galkayo,20250902,6.77,47.43,6.9504,28.62,8.52,10.74,48.38,0.2
galkayo,20250903,6.77,47.43,5.5517,28.59,9.33,11.51,51.84,0.07
galkayo,20250904,6.77,47.43,5.5442,29.16,8.56,10.67,48.89,0.01
galkayo,20250905,6.77,47.43,7.0814,29.53,8.11,10.04,46.37,0.0
galkayo,20250906,6.77,47.43,7.0706,29.43,7.79,9.68,48.25,0.0
galkayo,20250907,6.77,47.43,7.2115,29.59,7.71,9.73,48.03,0.0
galkayo,20250908,6.77,47.43,7.3236,29.98,7.96,9.91,48.53,0.0
galkayo,20250909,6.77,47.43,7.3877,29.9,8.56,10.56,48.03,0.0
galkayo,20250910,6.77,47.43,7.0457,30.03,7.63,9.68,47.25,0.01
galkayo,20250911,6.77,47.43,6.6941,30.01,7.82,9.82,46.85,0.0
galkayo,20250912,6.77,47.43,7.0855,29.97,8.36,10.39,48.08,0.01
galkayo,20250913,6.77,47.43,6.9665,30.06,7.38,9.24,47.87,0.02
galkayo,20250914,6.77,47.43,6.6658,30.33,7.92,9.68,48.64,0.01
galkayo,20250915,6.77,47.43,7.0445,29.79,6.92,8.67,48.79,0.0
galkayo,20250916,6.77,47.43,7.2559,29.93,6.99,8.63,48.82,0.0
galkayo,20250917,6.77,47.43,7.2454,29.96,6.93,8.49,51.43,0.0
galkayo,20250918,6.77,47.43,6.5011,29.85,6.99,8.48,52.28,0.05
galkayo,20250919,6.77,47.43,6.9122,29.81,7.57,9.28,49.85,0.06
galkayo,20250920,6.77,47.43,7.326,29.18,6.68,8.75,41.66,0.0
galkayo,20250921,6.77,47.43,7.363,31.04,6.97,8.9,44.55,0.05
galkayo,20250922,6.77,47.43,5.5927,30.48,8.13,9.97,52.36,0.1
galkayo,20250923,6.77,47.43,5.7098,30.16,8.47,10.36,50.69,0.0
galkayo,20250924,6.77,47.43,6.7817,29.02,6.54,8.62,47.85,0.0
galkayo,20250925,6.77,47.43,7.3865,29.89,7.23,9.28,44.2,0.0
galkayo,20250926,6.77,47.43,6.6228,30.42,7.03,8.87,44.8,0.0
galkayo,20250927,6.77,47.43,6.6614,30.58,7.41,9.28,44.54,0.0
galkayo,20250928,6.77,47.43,5.8118,28.02,6.8,8.71,51.64,2.32
galkayo,20250929,6.77,47.43,7.1023,29.13,5.91,7.86,53.02,1.64
galkayo,20250930,6.77,47.43,7.2242,30.29,5.01,6.46,51.71,6.11
galkayo,20251001,6.77,47.43,7.0716,28.54,5.61,7.6,57.95,10.68
galkayo,20251002,6.77,47.43,6.8371,29.49,6.08,8.19,55.1,1.39
galkayo,20251003,6.77,47.43,6.5974,28.78,5.69,7.48,54.64,0.01
galkayo,20251004,6.77,47.43,6.9307,28.01,5.6,7.52,56.74,0.02
galkayo,20251005,6.77,47.43,4.7191,26.05,3.83,5.08,68.73,0.92
galkayo,20251006,6.77,47.43,6.7085,26.76,4.68,6.14,62.58,0.08
galkayo,20251007,6.77,47.43,6.7495,28.23,4.04,5.45,55.92,0.0
galkayo,20251008,6.77,47.43,6.2654,28.56,4.53,5.9,56.06,0.01
galkayo,20251009,6.77,47.43,6.2801,28.94,4.62,5.82,56.76,0.04
galkayo,20251010,6.77,47.43,5.7163,28.94,3.49,4.49,56.03,0.28
galkayo,20251011,6.77,47.43,5.4809,28.36,4.13,4.99,58.84,1.98
galkayo,20251012,6.77,47.43,6.1954,28.97,3.16,4.25,55.97,0.12
galkayo,20251013,6.77,47.43,5.6321,28.75,3.16,4.02,56.04,0.34
galkayo,20251014,6.77,47.43,5.5289,29.18,2.76,3.58,54.06,0.15
galkayo,20251015,6.77,47.43,5.2687,29.3,3.24,4.22,56.12,0.61
galkayo,20251016,6.77,47.43,6.4416,28.81,2.93,3.96,57.74,1.19
galkayo,20251017,6.77,47.43,6.6089,28.93,2.01,3.13,53.51,0.8
galkayo,20251018,6.77,47.43,4.2214,29.39,2.43,3.4,51.64,0.07
galkayo,20251019,6.77,47.43,3.937,28.9,3.84,5.25,53.76,0.23
galkayo,20251020,6.77,47.43,6.1358,29.04,2.98,4.15,53.37,0.26
galkayo,20251021,6.77,47.43,6.2196,29.49,2.31,3.44,51.14,0.31
galkayo,20251022,6.77,47.43,6.7094,28.82,2.22,3.25,49.44,0.11
galkayo,20251023,6.77,47.43,5.8094,28.43,2.71,3.91,50.73,0.03
galkayo,20251024,6.77,47.43,6.2042,28.87,2.23,3.23,50.52,0.06
galkayo,20251025,6.77,47.43,6.7903,29.46,2.28,3.29,47.91,0.04
galkayo,20251026,6.77,47.43,6.7392,29.39,2.59,3.59,49.88,0.03
galkayo,20251027,6.77,47.43,6.9384,29.1,3.03,4.17,48.74,0.04
galkayo,20251028,6.77,47.43,7.0188,28.22,3.46,4.9,47.89,0.0
galkayo,20251029,6.77,47.43,6.985,27.67,2.66,3.95,46.61,0.0
galkayo,20251030,6.77,47.43,6.9218,27.21,2.47,3.63,48.31,0.0
galkayo,20251031,6.77,47.43,7.0572,27.67,2.78,3.95,50.96,0.0
galkayo,20251101,6.77,47.43,6.9941,27.81,2.59,3.63,50.88,0.0
galkayo,20251102,6.77,47.43,7.0003,28.05,3.06,4.19,52.22,0.0
galkayo,20251103,6.77,47.43,6.7102,28.62,2.94,3.85,51.96,0.0
galkayo,20251104,6.77,47.43,6.5126,28.94,3.17,4.05,51.23,0.0
galkayo,20251105,6.77,47.43,6.6432,29.03,3.49,4.39,50.42,0.0
galkayo,20251106,6.77,47.43,6.7858,28.57,4.04,5.13,50.06,0.0
galkayo,20251107,6.77,47.43,6.8734,27.2,4.93,6.34,50.64,0.0
galkayo,20251108,6.77,47.43,6.953,26.64,4.74,6.36,51.57,0.0
galkayo,20251109,6.77,47.43,6.7562,27.34,4.21,5.6,53.57,0.0
galkayo,20251110,6.77,47.43,6.6991,27.92,4.07,5.27,52.61,0.0
galkayo,20251111,6.77,47.43,6.6917,28.09,4.49,5.73,51.79,0.0
galkayo,20251112,6.77,47.43,6.4642,28.28,4.63,5.78,54.96,0.05
galkayo,20251113,6.77,47.43,6.618,28.42,4.83,6.07,54.83,0.07
galkayo,20251114,6.77,47.43,6.5652,28.66,4.38,5.52,54.56,0.05
galkayo,20251115,6.77,47.43,6.2251,28.62,4.86,5.98,55.09,0.04
galkayo,20251116,6.77,47.43,6.2297,28.55,4.75,5.97,54.68,0.05
galkayo,20251117,6.77,47.43,6.3202,29.23,5.03,6.46,52.49,0.0
galkayo,20251118,6.77,47.43,5.9302,28.85,5.03,6.46,50.67,0.0
galkayo,20251119,6.77,47.43,6.7142,27.5,5.59,7.48,45.77,0.0
galkayo,20251120,6.77,47.43,6.6113,26.96,5.31,7.27,48.5,0.0
galkayo,20251121,6.77,47.43,6.7416,26.6,5.34,7.22,49.16,0.0
galkayo,20251122,6.77,47.43,6.5239,26.87,4.34,5.97,49.59,0.0
galkayo,20251123,6.77,47.43,6.6394,27.65,4.21,5.74,52.73,0.0
galkayo,20251124,6.77,47.43,6.6274,27.61,4.25,5.71,52.94,0.0
galkayo,20251125,6.77,47.43,6.5556,27.45,4.63,6.02,52.73,0.0
galkayo,20251126,6.77,47.43,6.462,27.29,4.17,5.5,50.89,0.0
galkayo,20251127,6.77,47.43,6.6149,26.63,4.53,5.97,51.35,0.0
galkayo,20251128,6.77,47.43,6.631,26.31,4.23,5.94,49.11,0.0
galkayo,20251129,6.77,47.43,6.7656,26.08,5.22,7.13,48.25,0.0
galkayo,20251130,6.77,47.43,6.6233,25.88,5.46,7.43,48.29,0.0
galkayo,20251201,6.77,47.43,6.5009,25.95,5.27,7.03,48.62,0.0
galkayo,20251202,6.77,47.43,6.2359,26.36,4.85,6.43,49.38,0.0
galkayo,20251203,6.77,47.43,5.9042,26.09,5.13,6.49,54.51,0.0
galkayo,20251204,6.77,47.43,6.3679,26.62,5.04,6.49,53.32,0.0
galkayo,20251205,6.77,47.43,6.3518,27.1,4.57,6.05,54.94,0.0
galkayo,20251206,6.77,47.43,6.3264,27.26,5.11,6.51,54.32,0.0
galkayo,20251207,6.77,47.43,6.2645,27.64,5.22,6.63,54.96,0.0
galkayo,20251208,6.77,47.43,6.1817,27.85,5.33,6.77,54.26,0.0
galkayo,20251209,6.77,47.43,6.4342,27.57,4.75,6.17,53.72,0.0
galkayo,20251210,6.77,47.43,5.8044,27.38,5.73,7.15,57.42,0.0
galkayo,20251211,6.77,47.43,6.2021,27.83,5.3,6.79,54.54,0.0
galkayo,20251212,6.77,47.43,6.0986,27.51,5.56,6.95,55.42,0.0
galkayo,20251213,6.77,47.43,6.1697,27.26,4.65,5.86,55.02,0.0
galkayo,20251214,6.77,47.43,6.1032,27.13,4.26,5.37,55.43,0.0
galkayo,20251215,6.77,47.43,6.4205,26.64,4.86,6.29,53.16,0.0
galkayo,20251216,6.77,47.43,6.5424,26.92,5.01,6.44,58.39,0.0
galkayo,20251217,6.77,47.43,5.2469,28.13,5.68,7.09,59.54,0.06
galkayo,20251218,6.77,47.43,5.9578,27.65,5.56,7.0,57.19,0.03
galkayo,20251219,6.77,47.43,5.6822,28.18,5.22,6.46,58.83,0.04
galkayo,20251220,6.77,47.43,3.9742,27.87,6.21,7.64,58.59,0.04
galkayo,20251221,6.77,47.43,5.5836,27.47,7.07,8.82,54.11,0.0
galkayo,20251222,6.77,47.43,6.1858,26.75,6.44,8.35,49.68,0.0
galkayo,20251223,6.77,47.43,6.3905,26.58,5.67,7.57,50.65,0.0
galkayo,20251224,6.77,47.43,6.551,26.7,5.84,7.55,54.73,0.0
galkayo,20251225,6.77,47.43,6.4498,26.58,5.14,6.77,53.12,0.0
galkayo,20251226,6.77,47.43,6.6226,25.76,4.81,6.41,52.46,0.0
galkayo,20251227,6.77,47.43,6.481,26.33,4.87,6.28,56.68,0.0
galkayo,20251228,6.77,47.43,6.3739,26.93,5.47,6.84,57.35,0.0
galkayo,20251229,6.77,47.43,6.5215,26.91,3.71,4.89,56.21,0.0
galkayo,20251230,6.77,47.43,6.1382,27.68,3.77,4.93,57.21,0.0
galkayo,20251231,6.77,47.43,5.1062,27.5,5.16,6.39,57.98,0.0
