site_id,time_utc,latitude,longitude,ALLSKY_SFC_SW_DWN,T2M,WS10M,WS50M,RH2M,PRECTOTCORR
baidoa,2025010100,3.12,43.65,0.0,21.57,4.37,6.48,76.51,0.0
baidoa,2025010101,3.12,43.65,0.0,20.91,4.49,6.53,85.43,0.0
baidoa,2025010102,3.12,43.65,0.0,20.5,4.89,6.81,90.59,0.0
baidoa,2025010103,3.12,43.65,30.7,20.69,5.73,7.61,89.73,0.0
baidoa,2025010104,3.12,43.65,232.93,23.0,7.98,9.91,74.76,0.0
baidoa,2025010105,3.12,43.65,471.52,26.16,8.59,10.31,57.28,0.0
baidoa,2025010106,3.12,43.65,684.47,29.22,8.35,9.82,44.28,0.0
baidoa,2025010107,3.12,43.65,843.75,31.86,7.82,9.11,35.7,0.0
baidoa,2025010108,3.12,43.65,932.3,33.98,7.31,8.46,29.98,0.0
baidoa,2025010109,3.12,43.65,957.1,35.53,6.8,7.83,25.99,0.0
baidoa,2025010110,3.12,43.65,890.88,36.44,6.39,7.33,23.32,0.0
baidoa,2025010111,3.12,43.65,753.33,36.71,6.14,7.07,21.86,0.0
baidoa,2025010112,3.12,43.65,556.83,36.31,6.06,7.01,21.57,0.0
baidoa,2025010113,3.12,43.65,321.77,35.22,5.99,7.08,22.42,0.0
baidoa,2025010114,3.12,43.65,87.07,33.04,4.9,7.13,25.51,0.0
baidoa,2025010115,3.12,43.65,0.0,29.37,3.48,7.75,32.71,0.0
baidoa,2025010116,3.12,43.65,0.0,28.47,3.87,8.3,34.13,0.0
baidoa,2025010117,3.12,43.65,0.0,27.64,4.08,8.44,35.8,0.0
baidoa,2025010118,3.12,43.65,0.0,26.78,4.17,8.4,37.88,0.0
baidoa,2025010119,3.12,43.65,0.0,25.89,4.24,8.19,40.48,0.0
baidoa,2025010120,3.12,43.65,0.0,24.99,4.48,7.98,44.7,0.0
baidoa,2025010121,3.12,43.65,0.0,24.02,4.8,7.76,52.21,0.0
baidoa,2025010122,3.12,43.65,0.0,23.02,4.8,7.33,63.22,0.0
baidoa,2025010123,3.12,43.65,0.0,22.18,5.14,7.4,75.56,0.0
baidoa,2025010200,3.12,43.65,0.0,21.54,5.16,7.16,84.85,0.0
baidoa,2025010201,3.12,43.65,0.0,21.28,5.47,7.46,88.5,0.0
baidoa,2025010202,3.12,43.65,0.0,21.14,5.84,7.81,89.02,0.0
baidoa,2025010203,3.12,43.65,31.85,21.34,6.38,8.45,86.97,0.0
baidoa,2025010204,3.12,43.65,239.3,23.25,7.78,9.58,74.26,0.0
baidoa,2025010205,3.12,43.65,478.75,26.2,8.24,9.93,57.07,0.0
baidoa,2025010206,3.12,43.65,690.58,29.3,8.25,9.79,43.03,0.0
baidoa,2025010207,3.12,43.65,848.6,32.01,7.95,9.34,33.84,0.0
baidoa,2025010208,3.12,43.65,936.92,34.19,7.6,8.86,27.76,0.0
baidoa,2025010209,3.12,43.65,955.47,35.79,7.24,8.4,23.75,0.0
baidoa,2025010210,3.12,43.65,890.35,36.73,6.93,8.0,21.31,0.0
baidoa,2025010211,3.12,43.65,752.7,37.0,6.7,7.74,20.16,0.0
baidoa,2025010212,3.12,43.65,555.65,36.59,6.59,7.66,20.13,0.0
baidoa,2025010213,3.12,43.65,318.55,35.47,6.5,7.74,21.26,0.0
baidoa,2025010214,3.12,43.65,85.3,33.28,5.36,7.76,24.39,0.0
baidoa,2025010215,3.12,43.65,0.0,29.7,3.82,8.32,31.13,0.0
baidoa,2025010216,3.12,43.65,0.0,28.86,4.31,8.77,32.72,0.0
baidoa,2025010217,3.12,43.65,0.0,28.04,4.6,8.76,34.38,0.0
baidoa,2025010218,3.12,43.65,0.0,27.03,4.8,8.51,37.35,0.0
baidoa,2025010219,3.12,43.65,0.0,25.85,5.08,8.24,44.45,0.0
baidoa,2025010220,3.12,43.65,0.0,24.57,5.37,7.89,57.37,0.0
baidoa,2025010221,3.12,43.65,0.0,23.5,5.46,7.58,73.86,0.0
baidoa,2025010222,3.12,43.65,0.0,23.0,5.43,7.07,85.21,0.0
baidoa,2025010223,3.12,43.65,0.0,22.89,5.49,7.26,87.78,0.0
baidoa,2025010300,3.12,43.65,0.0,22.88,6.11,8.2,87.04,0.0
baidoa,2025010301,3.12,43.65,0.0,22.78,6.59,8.79,85.75,0.0
baidoa,2025010302,3.12,43.65,0.0,22.55,6.87,9.18,84.66,0.0
baidoa,2025010303,3.12,43.65,23.98,22.54,7.34,9.67,81.97,0.0
baidoa,2025010304,3.12,43.65,158.12,24.11,8.51,10.57,71.43,0.0
baidoa,2025010305,3.12,43.65,302.5,26.72,9.06,10.96,57.67,0.0
baidoa,2025010306,3.12,43.65,594.35,29.46,9.0,10.69,46.15,0.0
baidoa,2025010307,3.12,43.65,790.5,31.93,8.67,10.19,37.18,0.0
baidoa,2025010308,3.12,43.65,884.88,33.96,8.32,9.72,30.63,0.0
baidoa,2025010309,3.12,43.65,925.83,35.43,7.93,9.19,26.06,0.0
baidoa,2025010310,3.12,43.65,878.9,36.24,7.49,8.66,23.12,0.0
baidoa,2025010311,3.12,43.65,719.9,36.4,7.17,8.29,21.38,0.0
baidoa,2025010312,3.12,43.65,510.2,35.94,6.92,8.05,20.59,0.0
baidoa,2025010313,3.12,43.65,292.85,34.83,6.62,7.87,20.82,0.0
baidoa,2025010314,3.12,43.65,82.8,32.7,5.23,7.58,22.91,0.0
baidoa,2025010315,3.12,43.65,0.0,28.92,3.55,7.94,28.99,0.0
baidoa,2025010316,3.12,43.65,0.0,27.92,3.82,8.36,29.89,0.0
baidoa,2025010317,3.12,43.65,0.0,27.0,3.99,8.51,30.74,0.0
baidoa,2025010318,3.12,43.65,0.0,26.09,4.2,8.56,31.58,0.0
baidoa,2025010319,3.12,43.65,0.0,25.13,4.47,8.47,33.13,0.0
baidoa,2025010320,3.12,43.65,0.0,24.17,4.8,8.27,37.96,0.0
baidoa,2025010321,3.12,43.65,0.0,23.18,4.85,7.77,48.67,0.0
baidoa,2025010322,3.12,43.65,0.0,22.35,4.92,7.34,64.82,0.0
baidoa,2025010323,3.12,43.65,0.0,21.77,5.46,7.66,80.55,0.0
baidoa,2025010400,3.12,43.65,0.0,21.32,5.75,7.95,86.95,0.0
baidoa,2025010401,3.12,43.65,0.0,20.95,5.93,8.19,88.52,0.0
baidoa,2025010402,3.12,43.65,0.0,20.58,6.09,8.43,88.97,0.0
baidoa,2025010403,3.12,43.65,25.42,20.7,6.95,9.35,86.24,0.0
baidoa,2025010404,3.12,43.65,209.12,22.75,9.37,11.84,72.12,0.0
baidoa,2025010405,3.12,43.65,433.17,25.5,9.97,12.11,56.9,0.0
baidoa,2025010406,3.12,43.65,642.7,28.3,9.48,11.23,45.44,0.0
baidoa,2025010407,3.12,43.65,803.1,30.93,8.6,10.04,37.05,0.0
baidoa,2025010408,3.12,43.65,895.62,33.11,7.77,8.98,31.29,0.0
baidoa,2025010409,3.12,43.65,954.55,34.73,7.12,8.18,27.18,0.0
baidoa,2025010410,3.12,43.65,889.85,35.63,6.7,7.67,24.45,0.0
baidoa,2025010411,3.12,43.65,751.88,35.85,6.48,7.42,22.96,0.0
baidoa,2025010412,3.12,43.65,553.03,35.42,6.38,7.34,22.45,0.0
baidoa,2025010413,3.12,43.65,315.3,34.32,6.33,7.45,22.9,0.0
baidoa,2025010414,3.12,43.65,86.47,32.23,5.44,7.66,25.15,0.0
baidoa,2025010415,3.12,43.65,0.0,28.97,4.2,8.49,30.26,0.0
baidoa,2025010416,3.12,43.65,0.0,28.03,5.0,9.0,30.81,0.0
baidoa,2025010417,3.12,43.65,0.0,26.94,5.19,9.01,31.95,0.0
baidoa,2025010418,3.12,43.65,0.0,25.8,5.03,8.84,33.44,0.0
baidoa,2025010419,3.12,43.65,0.0,24.68,4.91,8.6,35.05,0.0
baidoa,2025010420,3.12,43.65,0.0,23.58,5.0,8.49,37.17,0.0
baidoa,2025010421,3.12,43.65,0.0,22.58,5.15,8.39,40.32,0.0
baidoa,2025010422,3.12,43.65,0.0,21.61,4.84,7.81,45.71,0.0
baidoa,2025010423,3.12,43.65,0.0,20.83,4.76,7.57,52.47,0.0
baidoa,2025010500,3.12,43.65,0.0,20.28,5.08,7.72,60.47,0.0
baidoa,2025010501,3.12,43.65,0.0,19.75,5.42,7.97,68.49,0.0
baidoa,2025010502,3.12,43.65,0.0,19.27,5.76,8.29,74.13,0.0
baidoa,2025010503,3.12,43.65,25.33,19.36,6.35,8.6,75.06,0.0
baidoa,2025010504,3.12,43.65,213.35,21.75,9.73,12.54,64.46,0.0
baidoa,2025010505,3.12,43.65,448.85,24.67,10.52,12.81,50.42,0.0
baidoa,2025010506,3.12,43.65,670.85,27.59,9.91,11.82,39.19,0.0
baidoa,2025010507,3.12,43.65,840.1,30.36,9.07,10.66,30.54,0.0
baidoa,2025010508,3.12,43.65,938.58,32.69,8.25,9.62,24.31,0.0
baidoa,2025010509,3.12,43.65,987.92,34.4,7.58,8.75,20.05,0.0
baidoa,2025010510,3.12,43.65,925.3,35.36,7.01,8.05,17.34,0.0
baidoa,2025010511,3.12,43.65,788.28,35.62,6.6,7.55,15.75,0.0
baidoa,2025010512,3.12,43.65,588.03,35.15,6.32,7.27,15.15,0.0
baidoa,2025010513,3.12,43.65,344.98,33.98,6.14,7.22,15.41,0.0
baidoa,2025010514,3.12,43.65,99.15,31.37,4.71,7.34,17.93,0.0
baidoa,2025010515,3.12,43.65,0.0,27.09,3.73,8.32,24.01,0.0
baidoa,2025010516,3.12,43.65,0.0,26.24,4.29,9.1,24.81,0.0
baidoa,2025010517,3.12,43.65,0.0,25.4,4.67,9.29,25.81,0.0
baidoa,2025010518,3.12,43.65,0.0,24.4,4.74,9.17,27.1,0.0
baidoa,2025010519,3.12,43.65,0.0,23.39,4.86,9.06,28.31,0.0
baidoa,2025010520,3.12,43.65,0.0,22.31,5.15,8.99,29.88,0.0
baidoa,2025010521,3.12,43.65,0.0,21.3,5.48,8.94,33.18,0.0
baidoa,2025010522,3.12,43.65,0.0,20.41,5.52,8.69,40.01,0.0
baidoa,2025010523,3.12,43.65,0.0,19.71,5.23,8.22,49.53,0.0
baidoa,2025010600,3.12,43.65,0.0,19.13,4.97,7.81,60.36,0.0
baidoa,2025010601,3.12,43.65,0.0,18.67,5.01,7.82,69.69,0.0
baidoa,2025010602,3.12,43.65,0.0,18.26,5.17,7.93,75.53,0.0
baidoa,2025010603,3.12,43.65,27.15,18.44,5.69,7.82,76.57,0.0
baidoa,2025010604,3.12,43.65,227.85,21.09,8.61,11.14,65.39,0.0
baidoa,2025010605,3.12,43.65,472.77,24.33,9.84,11.95,50.15,0.0
baidoa,2025010606,3.12,43.65,696.3,27.34,9.42,11.17,38.16,0.0
baidoa,2025010607,3.12,43.65,864.15,30.03,8.71,10.18,29.57,0.0
baidoa,2025010608,3.12,43.65,959.22,32.31,7.99,9.25,23.47,0.0
baidoa,2025010609,3.12,43.65,992.33,34.0,7.28,8.38,19.4,0.0
baidoa,2025010610,3.12,43.65,927.9,34.98,6.67,7.63,16.92,0.0
baidoa,2025010611,3.12,43.65,789.5,35.21,6.22,7.08,15.68,0.0
baidoa,2025010612,3.12,43.65,587.8,34.75,5.94,6.79,15.5,0.0
baidoa,2025010613,3.12,43.65,343.48,33.52,5.74,6.72,16.39,0.0
baidoa,2025010614,3.12,43.65,99.9,30.88,4.21,6.78,19.9,0.0
baidoa,2025010615,3.12,43.65,0.0,26.9,3.35,7.49,26.95,0.0
baidoa,2025010616,3.12,43.65,0.0,26.14,3.59,8.0,29.07,0.0
baidoa,2025010617,3.12,43.65,0.0,25.62,3.79,8.24,31.47,0.0
baidoa,2025010618,3.12,43.65,0.0,25.07,3.93,8.17,35.2,0.0
baidoa,2025010619,3.12,43.65,0.0,24.46,4.14,7.9,41.55,0.0
baidoa,2025010620,3.12,43.65,0.0,23.75,4.43,7.56,51.66,0.0
baidoa,2025010621,3.12,43.65,0.0,22.9,4.3,6.9,64.31,0.0
baidoa,2025010622,3.12,43.65,0.0,22.06,3.97,6.3,75.84,0.0
baidoa,2025010623,3.12,43.65,0.0,21.39,3.87,6.09,84.13,0.0
baidoa,2025010700,3.12,43.65,0.0,20.98,4.06,6.16,88.59,0.0
baidoa,2025010701,3.12,43.65,0.0,20.68,4.26,6.31,90.61,0.0
baidoa,2025010702,3.12,43.65,0.0,20.4,4.25,6.37,91.15,0.0
baidoa,2025010703,3.12,43.65,27.25,20.54,4.52,6.24,88.51,0.0
baidoa,2025010704,3.12,43.65,228.25,22.89,6.42,7.91,71.42,0.0
baidoa,2025010705,3.12,43.65,472.27,26.12,6.63,7.72,54.06,0.0
baidoa,2025010706,3.12,43.65,691.78,29.31,5.83,6.6,41.87,0.0
baidoa,2025010707,3.12,43.65,853.2,31.84,4.92,5.48,33.55,0.0
baidoa,2025010708,3.12,43.65,949.17,33.8,4.1,4.5,27.63,0.0
baidoa,2025010709,3.12,43.65,967.9,35.21,3.35,3.65,23.54,0.0
baidoa,2025010710,3.12,43.65,904.65,36.06,2.79,3.01,21.01,0.0
baidoa,2025010711,3.12,43.65,767.85,36.28,2.47,2.64,19.74,0.0
baidoa,2025010712,3.12,43.65,567.15,35.87,2.44,2.59,19.51,0.0
baidoa,2025010713,3.12,43.65,324.85,34.83,2.59,2.79,20.3,0.0
baidoa,2025010714,3.12,43.65,93.18,32.56,2.25,3.51,24.63,0.0
baidoa,2025010715,3.12,43.65,0.0,29.28,2.48,5.15,31.18,0.0
baidoa,2025010716,3.12,43.65,0.0,28.75,2.94,6.43,31.4,0.0
baidoa,2025010717,3.12,43.65,0.0,28.1,3.3,6.86,32.51,0.0
baidoa,2025010718,3.12,43.65,0.0,27.05,3.27,6.77,35.09,0.0
baidoa,2025010719,3.12,43.65,0.0,26.15,3.16,6.5,37.95,0.0
baidoa,2025010720,3.12,43.65,0.0,25.33,2.95,6.0,41.74,0.0
baidoa,2025010721,3.12,43.65,0.0,24.5,2.66,5.4,47.21,0.0
baidoa,2025010722,3.12,43.65,0.0,23.73,2.68,5.12,54.2,0.0
baidoa,2025010723,3.12,43.65,0.0,23.04,2.87,5.12,62.46,0.0
baidoa,2025010800,3.12,43.65,0.0,22.45,3.21,5.14,70.99,0.0
baidoa,2025010801,3.12,43.65,0.0,21.92,3.47,5.2,78.79,0.0
baidoa,2025010802,3.12,43.65,0.0,21.52,3.98,5.83,84.68,0.0
baidoa,2025010803,3.12,43.65,24.23,21.68,4.86,6.34,85.22,0.0
baidoa,2025010804,3.12,43.65,213.68,23.64,5.78,6.89,74.19,0.0
baidoa,2025010805,3.12,43.65,451.95,26.59,5.91,6.82,58.73,0.0
baidoa,2025010806,3.12,43.65,688.72,29.89,5.52,6.16,44.04,0.0
baidoa,2025010807,3.12,43.65,853.03,32.85,4.62,5.03,33.33,0.0
baidoa,2025010808,3.12,43.65,942.85,34.92,3.66,3.92,27.43,0.0
baidoa,2025010809,3.12,43.65,943.08,36.4,2.9,3.11,23.55,0.0
baidoa,2025010810,3.12,43.65,842.15,37.24,2.45,2.61,21.01,0.0
baidoa,2025010811,3.12,43.65,716.45,37.49,2.26,2.38,19.58,0.0
baidoa,2025010812,3.12,43.65,522.03,37.19,2.36,2.47,19.07,0.0
baidoa,2025010813,3.12,43.65,298.1,36.25,2.71,2.91,19.54,0.0
baidoa,2025010814,3.12,43.65,87.57,34.06,2.55,3.95,23.1,0.0
baidoa,2025010815,3.12,43.65,0.0,30.57,2.81,5.89,29.13,0.0
baidoa,2025010816,3.12,43.65,0.0,29.88,3.67,7.25,29.38,0.0
baidoa,2025010817,3.12,43.65,0.0,29.15,4.35,7.75,30.32,0.0
baidoa,2025010818,3.12,43.65,0.0,28.19,4.26,7.49,32.06,0.0
baidoa,2025010819,3.12,43.65,0.0,27.16,3.47,6.69,34.56,0.0
baidoa,2025010820,3.12,43.65,0.0,26.22,2.83,5.98,37.74,0.0
baidoa,2025010821,3.12,43.65,0.0,25.43,2.61,5.52,41.7,0.0
baidoa,2025010822,3.12,43.65,0.0,24.71,2.78,5.33,47.07,0.0
baidoa,2025010823,3.12,43.65,0.0,23.94,2.94,5.26,54.41,0.0
baidoa,2025010900,3.12,43.65,0.0,23.26,3.1,5.2,63.0,0.0
baidoa,2025010901,3.12,43.65,0.0,22.69,3.24,5.03,71.94,0.0
baidoa,2025010902,3.12,43.65,0.0,22.15,3.32,4.88,80.43,0.0
baidoa,2025010903,3.12,43.65,23.88,22.15,4.19,5.47,84.64,0.0
baidoa,2025010904,3.12,43.65,181.05,24.07,5.91,7.06,74.52,0.0
baidoa,2025010905,3.12,43.65,364.12,26.76,6.44,7.46,59.7,0.0
baidoa,2025010906,3.12,43.65,546.15,29.66,6.09,6.91,46.62,0.0
baidoa,2025010907,3.12,43.65,790.42,32.44,5.32,5.92,36.52,0.0
baidoa,2025010908,3.12,43.65,923.58,34.62,4.48,4.94,30.06,0.0
baidoa,2025010909,3.12,43.65,930.28,36.1,3.81,4.15,26.13,0.0
baidoa,2025010910,3.12,43.65,867.78,36.97,3.36,3.61,23.85,0.0
baidoa,2025010911,3.12,43.65,712.72,37.22,3.19,3.41,22.83,0.0
baidoa,2025010912,3.12,43.65,505.67,36.81,3.29,3.54,22.84,0.0
baidoa,2025010913,3.12,43.65,283.17,35.63,3.55,3.95,24.11,0.0
baidoa,2025010914,3.12,43.65,83.6,33.93,3.18,4.68,26.94,0.0
baidoa,2025010915,3.12,43.65,0.0,31.67,2.9,6.2,31.33,0.0
baidoa,2025010916,3.12,43.65,0.0,31.21,4.07,7.23,31.81,0.0
baidoa,2025010917,3.12,43.65,0.0,30.33,4.63,7.56,33.65,0.0
baidoa,2025010918,3.12,43.65,0.0,29.1,4.85,7.65,37.28,0.0
baidoa,2025010919,3.12,43.65,0.0,27.87,5.2,7.66,43.04,0.0
baidoa,2025010920,3.12,43.65,0.0,26.59,5.52,7.64,51.73,0.0
baidoa,2025010921,3.12,43.65,0.0,25.32,5.54,7.4,61.74,0.0
baidoa,2025010922,3.12,43.65,0.0,24.25,5.58,7.27,70.51,0.0
baidoa,2025010923,3.12,43.65,0.0,23.38,5.58,7.18,77.06,0.0
baidoa,2025011000,3.12,43.65,0.0,22.79,5.51,7.1,80.65,0.0
baidoa,2025011001,3.12,43.65,0.0,22.35,5.54,7.18,82.76,0.0
baidoa,2025011002,3.12,43.65,0.0,21.99,5.81,7.58,84.02,0.0
baidoa,2025011003,3.12,43.65,22.88,22.08,6.66,8.57,82.36,0.0
baidoa,2025011004,3.12,43.65,203.3,23.81,8.18,9.98,71.23,0.0
baidoa,2025011005,3.12,43.65,424.6,26.44,8.55,10.13,57.28,0.0
baidoa,2025011006,3.12,43.65,646.17,29.38,8.18,9.49,45.32,0.0
baidoa,2025011007,3.12,43.65,816.3,32.24,7.41,8.48,36.24,0.0
baidoa,2025011008,3.12,43.65,913.5,34.56,6.55,7.4,30.22,0.0
baidoa,2025011009,3.12,43.65,945.53,36.1,5.8,6.49,26.56,0.0
baidoa,2025011010,3.12,43.65,871.97,36.82,5.26,5.89,24.58,0.0
baidoa,2025011011,3.12,43.65,742.03,37.14,5.01,5.63,23.47,0.0
baidoa,2025011012,3.12,43.65,549.5,36.76,4.97,5.63,23.48,0.0
baidoa,2025011013,3.12,43.65,313.3,35.77,4.98,5.76,24.4,0.0
baidoa,2025011014,3.12,43.65,89.72,34.08,4.25,5.92,26.66,0.0
baidoa,2025011015,3.12,43.65,0.0,31.07,2.98,6.59,32.18,0.0
baidoa,2025011016,3.12,43.65,0.0,30.19,3.5,7.39,33.26,0.0
baidoa,2025011017,3.12,43.65,0.0,29.56,4.11,7.72,34.11,0.0
baidoa,2025011018,3.12,43.65,0.0,28.77,4.74,7.7,36.3,0.0
baidoa,2025011019,3.12,43.65,0.0,27.63,5.53,7.93,41.96,0.0
baidoa,2025011020,3.12,43.65,0.0,26.16,5.85,7.73,51.53,0.0
baidoa,2025011021,3.12,43.65,0.0,24.77,6.07,7.82,62.11,0.0
baidoa,2025011022,3.12,43.65,0.0,23.7,6.04,7.75,69.66,0.0
baidoa,2025011023,3.12,43.65,0.0,23.0,5.74,7.37,73.42,0.0
baidoa,2025011100,3.12,43.65,0.0,22.5,5.49,7.09,75.75,0.0
baidoa,2025011101,3.12,43.65,0.0,22.19,5.72,7.4,77.06,0.0
baidoa,2025011102,3.12,43.65,0.0,21.97,6.2,8.02,77.63,0.0
baidoa,2025011103,3.12,43.65,22.52,21.98,6.8,8.73,77.29,0.0
baidoa,2025011104,3.12,43.65,203.38,23.25,8.01,9.84,70.16,0.0
baidoa,2025011105,3.12,43.65,438.85,25.52,8.53,10.21,58.29,0.0
baidoa,2025011106,3.12,43.65,659.8,28.47,8.5,10.0,46.22,0.0
baidoa,2025011107,3.12,43.65,827.53,31.53,8.05,9.35,36.98,0.0
baidoa,2025011108,3.12,43.65,928.92,34.05,7.35,8.46,31.16,0.0
baidoa,2025011109,3.12,43.65,946.1,35.68,6.55,7.46,28.22,0.0
baidoa,2025011110,3.12,43.65,883.5,36.56,5.84,6.6,26.8,0.0
baidoa,2025011111,3.12,43.65,756.7,36.55,5.34,6.03,26.81,0.0
baidoa,2025011112,3.12,43.65,551.03,35.86,5.02,5.73,27.83,0.0
baidoa,2025011113,3.12,43.65,319.12,34.83,4.78,5.57,29.5,0.0
baidoa,2025011114,3.12,43.65,94.6,33.32,3.83,5.42,32.28,0.0
baidoa,2025011115,3.12,43.65,0.0,31.11,2.56,5.66,37.38,0.0
baidoa,2025011116,3.12,43.65,0.0,30.38,2.86,6.19,38.65,0.0
baidoa,2025011117,3.12,43.65,0.0,29.71,3.3,6.7,39.71,0.0
baidoa,2025011118,3.12,43.65,0.0,28.97,3.71,6.92,41.07,0.0
baidoa,2025011119,3.12,43.65,0.0,28.11,4.26,7.11,43.33,0.0
baidoa,2025011120,3.12,43.65,0.0,26.82,4.77,7.44,48.16,0.0
baidoa,2025011121,3.12,43.65,0.0,25.55,5.25,7.63,54.67,0.0
baidoa,2025011122,3.12,43.65,0.0,24.4,5.26,7.23,61.91,0.0
baidoa,2025011123,3.12,43.65,0.0,23.41,4.75,6.51,68.48,0.0
baidoa,2025011200,3.12,43.65,0.0,22.61,4.58,6.3,73.7,0.0
baidoa,2025011201,3.12,43.65,0.0,21.93,4.78,6.57,77.57,0.0
baidoa,2025011202,3.12,43.65,0.0,21.3,5.22,7.09,80.36,0.0
baidoa,2025011203,3.12,43.65,23.27,21.15,6.36,8.37,79.63,0.0
baidoa,2025011204,3.12,43.65,215.35,23.18,8.89,10.88,64.23,0.0
baidoa,2025011205,3.12,43.65,456.65,26.37,9.5,11.28,47.71,0.0
baidoa,2025011206,3.12,43.65,674.6,29.55,9.21,10.74,37.54,0.0
baidoa,2025011207,3.12,43.65,839.4,32.45,8.52,9.79,31.32,0.0
baidoa,2025011208,3.12,43.65,934.72,34.73,7.74,8.82,27.65,0.0
baidoa,2025011209,3.12,43.65,955.67,36.23,7.02,7.99,25.75,0.0
baidoa,2025011210,3.12,43.65,895.3,36.99,6.51,7.43,25.05,0.0
baidoa,2025011211,3.12,43.65,738.25,37.03,6.24,7.12,25.12,0.0
baidoa,2025011212,3.12,43.65,558.65,36.39,6.05,6.94,25.88,0.0
baidoa,2025011213,3.12,43.65,326.67,35.18,5.88,6.89,27.48,0.0
baidoa,2025011214,3.12,43.65,96.93,33.54,5.23,6.89,29.68,0.0
baidoa,2025011215,3.12,43.65,0.0,31.42,4.09,7.37,32.54,0.0
baidoa,2025011216,3.12,43.65,0.0,30.26,4.74,8.1,32.86,0.0
baidoa,2025011217,3.12,43.65,0.0,29.07,5.35,8.56,33.34,0.0
baidoa,2025011218,3.12,43.65,0.0,27.86,5.7,8.76,34.34,0.0
baidoa,2025011219,3.12,43.65,0.0,26.61,5.76,8.73,35.97,0.0
baidoa,2025011220,3.12,43.65,0.0,25.49,5.78,8.62,38.29,0.0
baidoa,2025011221,3.12,43.65,0.0,24.39,5.73,8.35,43.04,0.0
baidoa,2025011222,3.12,43.65,0.0,23.22,5.64,8.02,51.26,0.0
baidoa,2025011223,3.12,43.65,0.0,22.07,5.45,7.58,61.57,0.0
baidoa,2025011300,3.12,43.65,0.0,21.09,5.45,7.47,71.55,0.0
baidoa,2025011301,3.12,43.65,0.0,20.31,5.53,7.53,78.98,0.0
baidoa,2025011302,3.12,43.65,0.0,19.63,5.67,7.71,84.11,0.0
baidoa,2025011303,3.12,43.65,23.58,19.56,6.16,8.07,84.59,0.0
baidoa,2025011304,3.12,43.65,219.02,22.11,8.49,10.49,68.54,0.0
baidoa,2025011305,3.12,43.65,458.45,25.62,9.1,10.83,49.84,0.0
baidoa,2025011306,3.12,43.65,691.0,29.03,8.99,10.56,36.81,0.0
baidoa,2025011307,3.12,43.65,869.28,32.14,8.71,10.14,27.63,0.0
baidoa,2025011308,3.12,43.65,966.85,34.48,8.4,9.76,22.15,0.0
baidoa,2025011309,3.12,43.65,979.45,36.01,8.14,9.44,18.82,0.0
baidoa,2025011310,3.12,43.65,919.3,36.79,7.88,9.11,16.77,0.0
baidoa,2025011311,3.12,43.65,783.95,36.87,7.67,8.87,15.81,0.0
baidoa,2025011312,3.12,43.65,585.42,36.29,7.51,8.75,15.75,0.0
baidoa,2025011313,3.12,43.65,344.8,35.07,7.32,8.73,16.61,0.0
baidoa,2025011314,3.12,43.65,107.22,32.85,6.08,8.54,19.0,0.0
baidoa,2025011315,3.12,43.65,0.0,29.15,4.3,8.96,24.24,0.0
baidoa,2025011316,3.12,43.65,0.0,28.26,5.03,9.4,25.63,0.0
baidoa,2025011317,3.12,43.65,0.0,27.32,5.49,9.44,27.14,0.0
baidoa,2025011318,3.12,43.65,0.0,26.2,5.59,9.25,29.32,0.0
baidoa,2025011319,3.12,43.65,0.0,25.06,5.7,9.09,33.36,0.0
baidoa,2025011320,3.12,43.65,0.0,23.89,5.64,8.62,41.09,0.0
baidoa,2025011321,3.12,43.65,0.0,22.78,5.45,8.02,53.39,0.0
baidoa,2025011322,3.12,43.65,0.0,21.75,5.05,7.27,68.41,0.0
baidoa,2025011323,3.12,43.65,0.0,20.92,5.23,7.43,82.2,0.0
baidoa,2025011400,3.12,43.65,0.0,20.34,5.68,7.88,90.1,0.0
baidoa,2025011401,3.12,43.65,0.0,19.95,5.93,8.17,92.61,0.0
baidoa,2025011402,3.12,43.65,0.0,19.65,6.26,8.57,92.74,0.0
baidoa,2025011403,3.12,43.65,24.15,19.81,7.01,9.26,89.44,0.0
baidoa,2025011404,3.12,43.65,224.32,22.21,9.32,11.62,72.28,0.0
baidoa,2025011405,3.12,43.65,470.98,25.64,10.1,12.27,53.26,0.0
baidoa,2025011406,3.12,43.65,692.72,28.88,10.14,12.11,39.92,0.0
baidoa,2025011407,3.12,43.65,860.5,31.7,9.85,11.63,30.54,0.0
baidoa,2025011408,3.12,43.65,959.08,33.96,9.48,11.1,24.31,0.0
baidoa,2025011409,3.12,43.65,977.72,35.54,9.03,10.53,20.54,0.0
baidoa,2025011410,3.12,43.65,908.1,36.45,8.51,9.9,18.3,0.0
baidoa,2025011411,3.12,43.65,780.55,36.66,8.04,9.33,17.15,0.0
baidoa,2025011412,3.12,43.65,584.42,36.18,7.69,8.99,16.88,0.0
baidoa,2025011413,3.12,43.65,344.58,35.05,7.42,8.88,17.43,0.0
baidoa,2025011414,3.12,43.65,108.93,32.93,6.15,8.63,19.38,0.0
baidoa,2025011415,3.12,43.65,0.0,29.36,4.41,9.03,24.14,0.0
baidoa,2025011416,3.12,43.65,0.0,28.46,5.16,9.47,25.38,0.0
baidoa,2025011417,3.12,43.65,0.0,27.54,5.7,9.63,26.84,0.0
baidoa,2025011418,3.12,43.65,0.0,26.49,5.94,9.52,29.19,0.0
baidoa,2025011419,3.12,43.65,0.0,25.26,5.7,8.96,34.33,0.0
baidoa,2025011420,3.12,43.65,0.0,24.0,5.25,8.03,44.16,0.0
baidoa,2025011421,3.12,43.65,0.0,22.89,5.07,7.47,57.76,0.0
baidoa,2025011422,3.12,43.65,0.0,22.02,5.3,7.39,70.81,0.0
baidoa,2025011423,3.12,43.65,0.0,21.32,5.57,7.64,80.08,0.0
baidoa,2025011500,3.12,43.65,0.0,20.88,6.62,8.94,84.53,0.0
baidoa,2025011501,3.12,43.65,0.0,20.56,7.07,9.41,85.57,0.0
baidoa,2025011502,3.12,43.65,0.0,20.25,7.08,9.49,85.28,0.0
baidoa,2025011503,3.12,43.65,20.83,20.47,7.63,10.04,82.1,0.0
baidoa,2025011504,3.12,43.65,202.35,22.36,9.91,12.51,69.25,0.0
baidoa,2025011505,3.12,43.65,443.85,24.71,10.69,13.11,55.17,0.0
baidoa,2025011506,3.12,43.65,670.55,27.22,10.64,12.87,43.73,0.0
baidoa,2025011507,3.12,43.65,846.5,29.7,10.18,12.19,34.84,0.0
baidoa,2025011508,3.12,43.65,945.08,31.81,9.53,11.34,27.83,0.0
baidoa,2025011509,3.12,43.65,975.45,33.53,8.75,10.36,22.61,0.0
baidoa,2025011510,3.12,43.65,914.55,34.78,7.98,9.4,19.26,0.0
baidoa,2025011511,3.12,43.65,779.03,35.39,7.41,8.7,17.5,0.0
baidoa,2025011512,3.12,43.65,580.17,35.26,7.02,8.26,16.97,0.0
baidoa,2025011513,3.12,43.65,340.02,34.42,6.73,8.06,17.5,0.0
baidoa,2025011514,3.12,43.65,106.97,32.3,5.23,7.76,20.0,0.0
baidoa,2025011515,3.12,43.65,0.0,28.26,3.67,8.12,26.44,0.0
baidoa,2025011516,3.12,43.65,0.0,27.4,4.0,8.65,28.42,0.0
baidoa,2025011517,3.12,43.65,0.0,26.74,4.36,8.88,30.32,0.0
baidoa,2025011518,3.12,43.65,0.0,26.05,4.73,8.78,33.01,0.0
baidoa,2025011519,3.12,43.65,0.0,25.17,4.85,8.31,38.03,0.0
baidoa,2025011520,3.12,43.65,0.0,24.13,4.81,7.73,46.69,0.0
baidoa,2025011521,3.12,43.65,0.0,23.11,4.89,7.28,58.2,0.0
baidoa,2025011522,3.12,43.65,0.0,22.19,4.69,6.74,69.19,0.0
baidoa,2025011523,3.12,43.65,0.0,21.47,4.6,6.59,76.67,0.0
baidoa,2025011600,3.12,43.65,0.0,20.92,4.65,6.72,80.88,0.0
baidoa,2025011601,3.12,43.65,0.0,20.47,4.76,6.9,83.52,0.0
baidoa,2025011602,3.12,43.65,0.0,20.13,5.06,7.31,85.1,0.0
baidoa,2025011603,3.12,43.65,20.25,20.31,5.91,7.96,83.58,0.0
baidoa,2025011604,3.12,43.65,197.98,22.48,8.94,11.24,69.89,0.0
baidoa,2025011605,3.12,43.65,432.65,25.28,10.08,12.21,53.86,0.0
baidoa,2025011606,3.12,43.65,651.25,28.17,10.06,11.93,41.69,0.0
baidoa,2025011607,3.12,43.65,819.78,30.81,9.62,11.26,33.2,0.0
baidoa,2025011608,3.12,43.65,921.47,33.01,9.15,10.63,27.13,0.0
baidoa,2025011609,3.12,43.65,968.75,34.66,8.54,9.85,22.73,0.0
baidoa,2025011610,3.12,43.65,914.45,35.64,7.83,8.99,20.07,0.0
baidoa,2025011611,3.12,43.65,778.33,35.91,7.26,8.33,18.98,0.0
baidoa,2025011612,3.12,43.65,579.3,35.53,6.86,7.9,19.0,0.0
baidoa,2025011613,3.12,43.65,339.45,34.47,6.52,7.67,20.09,0.0
baidoa,2025011614,3.12,43.65,105.65,32.42,5.24,7.38,22.83,0.0
baidoa,2025011615,3.12,43.65,0.0,28.82,3.53,7.78,29.01,0.0
baidoa,2025011616,3.12,43.65,0.0,27.96,3.93,8.3,30.89,0.0
baidoa,2025011617,3.12,43.65,0.0,27.26,4.31,8.52,32.63,0.0
baidoa,2025011618,3.12,43.65,0.0,26.53,4.58,8.49,34.83,0.0
baidoa,2025011619,3.12,43.65,0.0,25.73,4.75,8.32,38.19,0.0
baidoa,2025011620,3.12,43.65,0.0,24.88,4.79,8.03,43.64,0.0
baidoa,2025011621,3.12,43.65,0.0,24.08,4.77,7.67,51.57,0.0
baidoa,2025011622,3.12,43.65,0.0,23.3,4.61,7.18,61.07,0.0
baidoa,2025011623,3.12,43.65,0.0,22.58,4.46,6.72,69.9,0.0
baidoa,2025011700,3.12,43.65,0.0,21.94,4.52,6.66,77.07,0.0
baidoa,2025011701,3.12,43.65,0.0,21.36,4.82,6.9,82.3,0.0
baidoa,2025011702,3.12,43.65,0.0,20.82,5.2,7.26,85.57,0.0
baidoa,2025011703,3.12,43.65,20.33,20.82,6.43,8.65,84.31,0.0
baidoa,2025011704,3.12,43.65,204.82,22.8,9.28,11.47,69.44,0.0
baidoa,2025011705,3.12,43.65,445.17,25.67,9.71,11.63,53.28,0.0
baidoa,2025011706,3.12,43.65,667.42,28.75,9.21,10.81,40.99,0.0
baidoa,2025011707,3.12,43.65,837.47,31.69,8.38,9.7,32.03,0.0
baidoa,2025011708,3.12,43.65,936.62,34.13,7.51,8.61,26.02,0.0
baidoa,2025011709,3.12,43.65,979.6,35.86,6.65,7.54,22.37,0.0
baidoa,2025011710,3.12,43.65,922.83,36.85,5.89,6.64,20.24,0.0
baidoa,2025011711,3.12,43.65,791.38,37.15,5.38,6.04,19.14,0.0
baidoa,2025011712,3.12,43.65,596.22,36.77,5.13,5.77,18.99,0.0
baidoa,2025011713,3.12,43.65,355.73,35.69,5.07,5.79,19.78,0.0
baidoa,2025011714,3.12,43.65,114.55,33.5,4.21,6.13,22.37,0.0
baidoa,2025011715,3.12,43.65,0.0,29.7,3.32,7.35,28.44,0.0
baidoa,2025011716,3.12,43.65,0.0,28.94,4.0,8.36,29.55,0.0
baidoa,2025011717,3.12,43.65,0.0,28.23,4.61,8.67,30.82,0.0
baidoa,2025011718,3.12,43.65,0.0,27.28,4.78,8.5,33.01,0.0
baidoa,2025011719,3.12,43.65,0.0,26.19,4.82,8.14,37.29,0.0
baidoa,2025011720,3.12,43.65,0.0,25.04,4.98,7.85,45.03,0.0
baidoa,2025011721,3.12,43.65,0.0,23.86,4.89,7.24,56.07,0.0
baidoa,2025011722,3.12,43.65,0.0,22.76,4.68,6.61,68.07,0.0
baidoa,2025011723,3.12,43.65,0.0,21.86,4.55,6.2,78.38,0.0
baidoa,2025011800,3.12,43.65,0.0,21.19,4.56,6.23,84.96,0.0
baidoa,2025011801,3.12,43.65,0.0,20.75,4.88,6.64,88.08,0.0
baidoa,2025011802,3.12,43.65,0.0,20.4,5.19,7.05,89.55,0.0
baidoa,2025011803,3.12,43.65,20.95,20.53,5.89,7.69,87.25,0.0
baidoa,2025011804,3.12,43.65,202.98,22.86,7.75,9.37,70.31,0.0
baidoa,2025011805,3.12,43.65,421.6,26.2,7.97,9.31,52.38,0.0
baidoa,2025011806,3.12,43.65,644.2,29.63,7.53,8.61,38.71,0.0
baidoa,2025011807,3.12,43.65,812.4,32.76,6.57,7.35,29.29,0.0
baidoa,2025011808,3.12,43.65,927.92,34.99,5.44,5.99,25.01,0.0
baidoa,2025011809,3.12,43.65,948.9,36.44,4.52,4.96,23.08,0.0
baidoa,2025011810,3.12,43.65,909.55,37.28,3.9,4.28,21.78,0.0
baidoa,2025011811,3.12,43.65,777.4,37.5,3.55,3.9,20.88,0.0
baidoa,2025011812,3.12,43.65,584.38,37.1,3.46,3.79,20.43,0.0
baidoa,2025011813,3.12,43.65,345.17,36.04,3.58,3.98,20.7,0.0
baidoa,2025011814,3.12,43.65,112.32,33.8,3.03,4.63,23.15,0.0
baidoa,2025011815,3.12,43.65,0.0,30.44,2.95,6.36,28.44,0.0
baidoa,2025011816,3.12,43.65,0.0,29.73,3.97,7.66,28.95,0.0
baidoa,2025011817,3.12,43.65,0.0,28.83,4.84,8.17,30.25,0.0
baidoa,2025011818,3.12,43.65,0.0,27.83,5.32,8.27,32.28,0.0
baidoa,2025011819,3.12,43.65,0.0,26.89,5.37,8.1,34.85,0.0
baidoa,2025011820,3.12,43.65,0.0,25.92,5.22,7.9,37.68,0.0
baidoa,2025011821,3.12,43.65,0.0,24.99,5.14,7.78,40.45,0.0
baidoa,2025011822,3.12,43.65,0.0,24.11,4.97,7.57,42.82,0.0
baidoa,2025011823,3.12,43.65,0.0,23.26,4.62,7.14,45.12,0.0
baidoa,2025011900,3.12,43.65,0.0,22.46,4.43,7.07,47.31,0.0
baidoa,2025011901,3.12,43.65,0.0,21.82,4.64,7.29,49.4,0.0
baidoa,2025011902,3.12,43.65,0.0,21.22,4.84,7.48,52.38,0.0
baidoa,2025011903,3.12,43.65,21.73,21.21,5.63,7.67,55.02,0.0
baidoa,2025011904,3.12,43.65,219.95,23.58,7.86,9.64,53.62,0.0
baidoa,2025011905,3.12,43.65,471.3,26.98,8.39,9.82,43.87,0.0
baidoa,2025011906,3.12,43.65,698.67,30.45,7.73,8.81,33.82,0.0
baidoa,2025011907,3.12,43.65,869.65,33.2,6.8,7.64,27.55,0.0
baidoa,2025011908,3.12,43.65,970.85,35.22,6.04,6.74,23.35,0.0
baidoa,2025011909,3.12,43.65,991.53,36.66,5.56,6.19,20.29,0.0
baidoa,2025011910,3.12,43.65,934.03,37.5,5.29,5.89,18.28,0.0
baidoa,2025011911,3.12,43.65,799.62,37.41,5.21,5.78,17.46,0.0
baidoa,2025011912,3.12,43.65,601.92,36.09,5.27,5.92,18.14,0.0
baidoa,2025011913,3.12,43.65,361.35,34.4,5.3,6.33,19.69,0.0
baidoa,2025011914,3.12,43.65,119.8,32.35,4.38,6.98,22.48,0.0
baidoa,2025011915,3.12,43.65,0.0,30.42,4.55,8.02,25.57,0.0
baidoa,2025011916,3.12,43.65,0.0,29.53,5.29,8.46,27.23,0.0
baidoa,2025011917,3.12,43.65,0.0,28.66,5.66,8.72,28.82,0.0
baidoa,2025011918,3.12,43.65,0.0,27.67,5.8,8.8,30.58,0.0
baidoa,2025011919,3.12,43.65,0.0,26.31,5.65,8.68,33.58,0.0
baidoa,2025011920,3.12,43.65,0.0,24.88,5.56,8.43,38.12,0.0
baidoa,2025011921,3.12,43.65,0.0,23.6,5.64,8.29,44.74,0.0
baidoa,2025011922,3.12,43.65,0.0,22.5,5.65,8.11,53.91,0.0
baidoa,2025011923,3.12,43.65,0.0,21.55,5.39,7.56,64.6,0.0
baidoa,2025012000,3.12,43.65,0.0,20.72,4.87,6.88,73.77,0.0
baidoa,2025012001,3.12,43.65,0.0,20.09,4.86,6.91,80.78,0.0
baidoa,2025012002,3.12,43.65,0.0,19.59,5.25,7.33,85.59,0.0
baidoa,2025012003,3.12,43.65,21.95,19.7,6.19,8.17,85.53,0.0
baidoa,2025012004,3.12,43.65,219.55,22.27,8.66,10.59,69.14,0.0
baidoa,2025012005,3.12,43.65,468.67,25.81,8.98,10.63,50.55,0.0
baidoa,2025012006,3.12,43.65,692.4,29.24,8.54,9.94,37.9,0.0
baidoa,2025012007,3.12,43.65,862.55,32.39,7.89,9.1,29.1,0.0
baidoa,2025012008,3.12,43.65,963.95,34.76,7.29,8.35,24.0,0.0
baidoa,2025012009,3.12,43.65,989.95,36.43,6.8,7.74,20.47,0.0
baidoa,2025012010,3.12,43.65,933.05,37.41,6.42,7.27,17.87,0.0
baidoa,2025012011,3.12,43.65,800.6,37.68,6.15,6.95,16.3,0.0
baidoa,2025012012,3.12,43.65,604.4,37.16,6.03,6.84,15.74,0.0
baidoa,2025012013,3.12,43.65,365.1,35.56,5.91,6.99,16.41,0.0
baidoa,2025012014,3.12,43.65,122.95,33.13,4.57,7.41,18.59,0.0
baidoa,2025012015,3.12,43.65,0.0,30.41,4.17,8.47,21.91,0.0
baidoa,2025012016,3.12,43.65,0.0,29.1,4.91,9.16,23.65,0.0
baidoa,2025012017,3.12,43.65,0.0,27.89,5.53,9.36,25.89,0.0
baidoa,2025012018,3.12,43.65,0.0,26.58,5.84,9.17,30.47,0.0
baidoa,2025012019,3.12,43.65,0.0,25.09,5.99,8.79,40.04,0.0
baidoa,2025012020,3.12,43.65,0.0,23.53,5.86,8.07,56.0,0.0
baidoa,2025012021,3.12,43.65,0.0,22.2,5.61,7.56,73.27,0.0
baidoa,2025012022,3.12,43.65,0.0,21.3,5.42,7.22,84.96,0.0
baidoa,2025012023,3.12,43.65,0.0,20.91,5.46,7.24,89.73,0.0
baidoa,2025012100,3.12,43.65,0.0,20.69,5.59,7.36,91.57,0.02
baidoa,2025012101,3.12,43.65,0.0,20.43,5.48,7.39,92.5,0.03
baidoa,2025012102,3.12,43.65,0.0,20.16,5.39,7.4,92.85,0.02
baidoa,2025012103,3.12,43.65,19.25,20.29,5.73,7.52,90.73,0.01
baidoa,2025012104,3.12,43.65,180.85,22.49,7.12,8.68,76.53,0.0
baidoa,2025012105,3.12,43.65,382.17,26.07,7.61,9.0,56.12,0.0
baidoa,2025012106,3.12,43.65,602.38,29.74,7.61,8.88,39.99,0.0
baidoa,2025012107,3.12,43.65,781.47,32.8,7.33,8.45,30.08,0.0
baidoa,2025012108,3.12,43.65,901.3,34.99,6.98,7.96,24.48,0.0
baidoa,2025012109,3.12,43.65,967.88,36.4,6.56,7.43,21.02,0.0
baidoa,2025012110,3.12,43.65,932.67,37.19,6.19,6.99,18.75,0.0
baidoa,2025012111,3.12,43.65,798.88,37.41,5.95,6.71,17.48,0.0
baidoa,2025012112,3.12,43.65,601.28,37.02,5.8,6.57,17.06,0.0
baidoa,2025012113,3.12,43.65,361.12,35.95,5.71,6.6,17.54,0.0
baidoa,2025012114,3.12,43.65,121.1,33.69,4.63,6.78,19.81,0.0
baidoa,2025012115,3.12,43.65,0.0,29.69,3.52,7.79,25.53,0.0
baidoa,2025012116,3.12,43.65,0.0,28.87,4.14,8.69,26.83,0.0
baidoa,2025012117,3.12,43.65,0.0,28.04,4.59,8.84,28.43,0.0
baidoa,2025012118,3.12,43.65,0.0,26.93,4.5,8.48,31.65,0.0
baidoa,2025012119,3.12,43.65,0.0,25.81,4.69,8.16,38.32,0.0
baidoa,2025012120,3.12,43.65,0.0,24.62,5.28,8.04,51.15,0.0
baidoa,2025012121,3.12,43.65,0.0,23.48,5.45,7.52,67.7,0.0
baidoa,2025012122,3.12,43.65,0.0,22.79,5.5,7.25,81.24,0.01
baidoa,2025012123,3.12,43.65,0.0,22.66,5.78,7.43,87.11,0.03
baidoa,2025012200,3.12,43.65,0.0,22.6,5.59,7.21,88.84,0.03
baidoa,2025012201,3.12,43.65,0.0,22.49,5.46,7.18,89.3,0.03
baidoa,2025012202,3.12,43.65,0.0,22.35,5.52,7.35,89.43,0.03
baidoa,2025012203,3.12,43.65,19.0,22.39,5.82,7.6,88.53,0.02
baidoa,2025012204,3.12,43.65,184.77,23.63,7.0,8.56,79.57,0.0
baidoa,2025012205,3.12,43.65,407.8,26.46,7.57,8.97,62.32,0.0
baidoa,2025012206,3.12,43.65,643.35,29.88,7.75,9.02,45.58,0.0
baidoa,2025012207,3.12,43.65,841.35,32.6,7.57,8.72,35.48,0.0
baidoa,2025012208,3.12,43.65,945.92,34.62,7.3,8.35,29.5,0.0
baidoa,2025012209,3.12,43.65,981.6,36.02,6.93,7.87,25.67,0.0
baidoa,2025012210,3.12,43.65,926.1,36.79,6.52,7.38,23.39,0.0
baidoa,2025012211,3.12,43.65,788.47,36.95,6.21,7.01,22.33,0.0
baidoa,2025012212,3.12,43.65,578.62,36.48,6.12,6.92,22.29,0.0
baidoa,2025012213,3.12,43.65,332.85,35.33,6.17,7.1,23.37,0.0
baidoa,2025012214,3.12,43.65,110.95,33.43,5.82,7.5,25.87,0.0
baidoa,2025012215,3.12,43.65,0.0,30.96,4.92,8.28,29.8,0.0
baidoa,2025012216,3.12,43.65,0.0,30.08,5.61,8.61,31.12,0.0
baidoa,2025012217,3.12,43.65,0.0,29.22,5.56,8.41,32.62,0.0
baidoa,2025012218,3.12,43.65,0.0,28.33,5.33,8.1,34.52,0.0
baidoa,2025012219,3.12,43.65,0.0,27.38,5.32,7.91,37.89,0.0
baidoa,2025012220,3.12,43.65,0.0,26.42,5.37,7.67,43.48,0.0
baidoa,2025012221,3.12,43.65,0.0,25.46,5.03,6.94,51.02,0.0
baidoa,2025012222,3.12,43.65,0.0,24.54,4.51,6.13,59.17,0.0
baidoa,2025012223,3.12,43.65,0.0,23.75,4.34,5.75,67.16,0.0
baidoa,2025012300,3.12,43.65,0.0,23.02,4.5,5.96,74.73,0.01
baidoa,2025012301,3.12,43.65,0.0,22.28,4.86,6.55,81.52,0.01
baidoa,2025012302,3.12,43.65,0.0,21.69,5.42,7.28,85.93,0.01
baidoa,2025012303,3.12,43.65,17.65,21.67,6.54,8.45,85.14,0.01
baidoa,2025012304,3.12,43.65,178.8,23.54,8.05,9.74,71.93,0.0
baidoa,2025012305,3.12,43.65,393.73,26.66,8.84,10.46,53.89,0.0
baidoa,2025012306,3.12,43.65,615.83,29.82,8.98,10.48,40.53,0.0
baidoa,2025012307,3.12,43.65,737.53,32.47,8.8,10.19,31.83,0.0
baidoa,2025012308,3.12,43.65,818.17,34.51,8.54,9.84,26.02,0.0
baidoa,2025012309,3.12,43.65,899.7,35.95,8.25,9.44,22.23,0.0
baidoa,2025012310,3.12,43.65,880.05,36.73,7.95,9.08,20.0,0.0
baidoa,2025012311,3.12,43.65,772.4,36.82,7.73,8.84,18.96,0.0
baidoa,2025012312,3.12,43.65,592.75,36.24,7.59,8.74,18.77,0.0
baidoa,2025012313,3.12,43.65,357.48,34.94,7.42,8.73,19.47,0.0
baidoa,2025012314,3.12,43.65,120.7,32.89,6.39,8.49,21.26,0.0
baidoa,2025012315,3.12,43.65,0.0,29.69,4.18,8.33,25.26,0.0
baidoa,2025012316,3.12,43.65,0.0,28.37,4.17,8.48,26.89,0.0
baidoa,2025012317,3.12,43.65,0.0,27.37,4.32,8.61,28.32,0.0
baidoa,2025012318,3.12,43.65,0.0,26.5,4.67,8.62,30.39,0.0
baidoa,2025012319,3.12,43.65,0.0,25.66,5.27,8.62,36.21,0.0
baidoa,2025012320,3.12,43.65,0.0,24.55,5.51,8.07,49.14,0.0
baidoa,2025012321,3.12,43.65,0.0,23.37,5.18,7.32,63.75,0.0
baidoa,2025012322,3.12,43.65,0.0,22.38,5.07,7.01,75.09,0.0
baidoa,2025012323,3.12,43.65,0.0,21.59,4.92,6.85,81.46,0.0
baidoa,2025012400,3.12,43.65,0.0,20.95,4.86,6.82,85.12,0.0
baidoa,2025012401,3.12,43.65,0.0,20.38,4.9,6.91,87.77,0.0
baidoa,2025012402,3.12,43.65,0.0,19.89,5.2,7.35,89.56,0.0
baidoa,2025012403,3.12,43.65,18.12,19.96,6.05,7.99,88.07,0.01
baidoa,2025012404,3.12,43.65,193.0,22.2,8.59,10.56,73.19,0.0
baidoa,2025012405,3.12,43.65,423.25,25.26,9.41,11.19,55.55,0.0
baidoa,2025012406,3.12,43.65,652.78,28.43,9.32,10.89,41.47,0.0
baidoa,2025012407,3.12,43.65,835.38,31.42,8.83,10.21,31.1,0.0
baidoa,2025012408,3.12,43.65,943.88,33.92,8.18,9.38,24.04,0.0
baidoa,2025012409,3.12,43.65,1001.05,35.7,7.48,8.52,19.75,0.0
baidoa,2025012410,3.12,43.65,944.65,36.67,6.86,7.77,17.3,0.0
baidoa,2025012411,3.12,43.65,808.62,36.92,6.42,7.26,16.01,0.0
baidoa,2025012412,3.12,43.65,607.88,36.46,6.19,7.05,15.53,0.0
baidoa,2025012413,3.12,43.65,362.6,35.31,6.1,7.1,15.87,0.0
baidoa,2025012414,3.12,43.65,124.05,33.0,4.9,7.27,17.84,0.0
baidoa,2025012415,3.12,43.65,0.0,28.97,3.76,8.25,23.09,0.0
baidoa,2025012416,3.12,43.65,0.0,28.12,4.41,9.08,24.6,0.0
baidoa,2025012417,3.12,43.65,0.0,27.27,4.85,9.19,26.68,0.0
baidoa,2025012418,3.12,43.65,0.0,26.23,4.96,8.89,30.74,0.0
baidoa,2025012419,3.12,43.65,0.0,25.07,5.32,8.67,39.14,0.0
baidoa,2025012420,3.12,43.65,0.0,23.76,5.6,8.25,52.97,0.0
baidoa,2025012421,3.12,43.65,0.0,22.53,5.35,7.46,67.73,0.0
baidoa,2025012422,3.12,43.65,0.0,21.56,4.91,6.7,79.05,0.0
baidoa,2025012423,3.12,43.65,0.0,20.86,4.83,6.63,86.04,0.01
baidoa,2025012500,3.12,43.65,0.0,20.42,5.03,6.89,89.44,0.01
baidoa,2025012501,3.12,43.65,0.0,20.06,5.33,7.22,91.18,0.01
baidoa,2025012502,3.12,43.65,0.0,19.78,5.69,7.6,91.85,0.01
baidoa,2025012503,3.12,43.65,19.88,19.93,6.43,8.3,89.89,0.01
baidoa,2025012504,3.12,43.65,212.1,22.1,8.11,9.78,75.26,0.0
baidoa,2025012505,3.12,43.65,461.83,25.48,8.74,10.25,56.34,0.0
baidoa,2025012506,3.12,43.65,688.22,28.82,8.77,10.15,42.18,0.0
baidoa,2025012507,3.12,43.65,860.35,31.78,8.38,9.58,33.05,0.0
baidoa,2025012508,3.12,43.65,962.33,34.06,7.74,8.79,27.49,0.0
baidoa,2025012509,3.12,43.65,987.88,35.69,7.04,7.99,23.82,0.0
baidoa,2025012510,3.12,43.65,931.05,36.71,6.54,7.41,21.27,0.0
baidoa,2025012511,3.12,43.65,796.33,37.04,6.28,7.13,19.85,0.0
baidoa,2025012512,3.12,43.65,597.05,36.69,6.26,7.15,19.32,0.0
baidoa,2025012513,3.12,43.65,355.48,35.64,6.38,7.44,19.71,0.0
baidoa,2025012514,3.12,43.65,118.95,33.62,5.63,7.69,21.49,0.0
baidoa,2025012515,3.12,43.65,0.0,30.01,4.03,8.41,26.28,0.0
baidoa,2025012516,3.12,43.65,0.0,29.05,4.71,8.98,27.35,0.0
baidoa,2025012517,3.12,43.65,0.0,28.11,5.11,8.98,28.58,0.0
baidoa,2025012518,3.12,43.65,0.0,27.06,5.27,8.79,30.5,0.0
baidoa,2025012519,3.12,43.65,0.0,25.94,5.36,8.47,34.42,0.0
baidoa,2025012520,3.12,43.65,0.0,24.64,5.03,7.79,42.51,0.0
baidoa,2025012521,3.12,43.65,0.0,23.41,4.78,7.04,54.53,0.0
baidoa,2025012522,3.12,43.65,0.0,22.3,4.42,6.35,67.2,0.0
baidoa,2025012523,3.12,43.65,0.0,21.44,4.34,6.14,77.36,0.0
baidoa,2025012600,3.12,43.65,0.0,20.88,4.31,6.04,83.63,0.0
baidoa,2025012601,3.12,43.65,0.0,20.47,4.46,6.28,87.41,0.0
baidoa,2025012602,3.12,43.65,0.0,20.16,4.79,6.6,89.42,0.0
baidoa,2025012603,3.12,43.65,18.33,20.41,5.76,7.5,87.41,0.0
baidoa,2025012604,3.12,43.65,199.65,22.52,8.02,9.76,72.71,0.0
baidoa,2025012605,3.12,43.65,442.42,25.57,8.63,10.15,54.99,0.0
baidoa,2025012606,3.12,43.65,669.22,28.86,8.44,9.73,41.57,0.0
baidoa,2025012607,3.12,43.65,844.03,31.94,7.81,8.88,32.28,0.0
baidoa,2025012608,3.12,43.65,951.2,34.37,7.06,7.95,26.66,0.0
baidoa,2025012609,3.12,43.65,989.78,36.06,6.47,7.28,23.5,0.0
baidoa,2025012610,3.12,43.65,933.53,37.08,6.09,6.85,21.54,0.0
baidoa,2025012611,3.12,43.65,803.0,37.41,5.83,6.57,20.49,0.0
baidoa,2025012612,3.12,43.65,606.9,37.05,5.72,6.49,20.34,0.0
baidoa,2025012613,3.12,43.65,367.23,36.04,5.76,6.65,21.06,0.0
baidoa,2025012614,3.12,43.65,127.35,34.06,5.05,6.95,23.34,0.0
baidoa,2025012615,3.12,43.65,0.0,30.55,3.66,7.81,28.78,0.0
baidoa,2025012616,3.12,43.65,0.0,29.68,4.38,8.54,29.98,0.0
baidoa,2025012617,3.12,43.65,0.0,28.78,4.87,8.71,31.17,0.0
baidoa,2025012618,3.12,43.65,0.0,27.73,5.09,8.64,32.73,0.0
baidoa,2025012619,3.12,43.65,0.0,26.63,5.25,8.51,34.79,0.0
baidoa,2025012620,3.12,43.65,0.0,25.44,5.42,8.36,39.46,0.0
baidoa,2025012621,3.12,43.65,0.0,24.18,5.47,7.95,48.97,0.0
baidoa,2025012622,3.12,43.65,0.0,22.96,5.13,7.14,62.09,0.0
baidoa,2025012623,3.12,43.65,0.0,21.9,4.71,6.42,74.99,0.0
baidoa,2025012700,3.12,43.65,0.0,21.13,4.71,6.38,84.63,0.0
baidoa,2025012701,3.12,43.65,0.0,20.82,5.11,6.79,88.48,0.0
baidoa,2025012702,3.12,43.65,0.0,20.89,5.47,7.04,88.59,0.0
baidoa,2025012703,3.12,43.65,18.55,21.36,6.58,8.46,85.53,0.0
baidoa,2025012704,3.12,43.65,201.57,23.38,7.74,9.27,73.24,0.0
baidoa,2025012705,3.12,43.65,445.4,26.45,7.91,9.21,57.0,0.0
baidoa,2025012706,3.12,43.65,674.03,29.75,7.83,8.96,43.02,0.0
baidoa,2025012707,3.12,43.65,847.17,32.64,7.38,8.31,33.96,0.0
baidoa,2025012708,3.12,43.65,950.2,34.82,6.69,7.46,28.93,0.0
baidoa,2025012709,3.12,43.65,985.67,36.33,6.02,6.69,26.0,0.0
baidoa,2025012710,3.12,43.65,930.17,37.26,5.56,6.17,24.15,0.0
baidoa,2025012711,3.12,43.65,799.42,37.54,5.27,5.88,23.26,0.0
baidoa,2025012712,3.12,43.65,604.95,37.2,5.15,5.79,23.19,0.0
baidoa,2025012713,3.12,43.65,365.77,36.17,5.23,5.97,24.07,0.0
baidoa,2025012714,3.12,43.65,127.38,34.41,4.85,6.32,26.17,0.0
baidoa,2025012715,3.12,43.65,0.0,31.67,3.64,7.31,30.51,0.0
baidoa,2025012716,3.12,43.65,0.0,30.88,4.87,8.29,31.56,0.0
baidoa,2025012717,3.12,43.65,0.0,29.85,5.47,8.6,33.18,0.0
baidoa,2025012718,3.12,43.65,0.0,28.58,5.38,8.53,35.52,0.0
baidoa,2025012719,3.12,43.65,0.0,27.38,5.23,8.21,38.65,0.0
baidoa,2025012720,3.12,43.65,0.0,26.14,5.13,7.83,43.92,0.0
baidoa,2025012721,3.12,43.65,0.0,24.98,5.14,7.43,51.36,0.0
baidoa,2025012722,3.12,43.65,0.0,23.89,5.0,6.96,60.29,0.0
baidoa,2025012723,3.12,43.65,0.0,22.82,4.78,6.61,70.0,0.0
baidoa,2025012800,3.12,43.65,0.0,21.9,4.7,6.38,78.95,0.0
baidoa,2025012801,3.12,43.65,0.0,21.16,4.49,6.07,85.72,0.0
baidoa,2025012802,3.12,43.65,0.0,20.68,4.52,6.15,89.61,0.0
baidoa,2025012803,3.12,43.65,19.58,20.91,5.41,6.95,88.62,0.0
baidoa,2025012804,3.12,43.65,212.15,23.36,7.27,8.64,73.3,0.0
baidoa,2025012805,3.12,43.65,462.5,26.63,7.46,8.59,56.34,0.0
baidoa,2025012806,3.12,43.65,690.12,30.01,6.96,7.85,42.94,0.0
baidoa,2025012807,3.12,43.65,863.03,33.16,6.17,6.85,32.65,0.0
baidoa,2025012808,3.12,43.65,966.6,35.53,5.42,5.97,26.35,0.0
baidoa,2025012809,3.12,43.65,992.65,37.1,4.88,5.36,22.8,0.0
baidoa,2025012810,3.12,43.65,938.1,38.03,4.57,5.03,20.75,0.0
baidoa,2025012811,3.12,43.65,807.28,38.29,4.45,4.88,19.82,0.0
baidoa,2025012812,3.12,43.65,596.38,37.9,4.5,4.96,19.76,0.0
baidoa,2025012813,3.12,43.65,366.2,36.86,4.78,5.36,20.57,0.0
baidoa,2025012814,3.12,43.65,132.62,34.91,4.53,6.04,22.77,0.0
baidoa,2025012815,3.12,43.65,0.0,31.63,3.65,7.59,27.81,0.0
baidoa,2025012816,3.12,43.65,0.0,30.75,4.98,8.72,29.2,0.0
baidoa,2025012817,3.12,43.65,0.0,29.65,5.61,8.93,31.12,0.0
baidoa,2025012818,3.12,43.65,0.0,28.4,5.52,8.63,34.08,0.0
baidoa,2025012819,3.12,43.65,0.0,27.18,5.47,8.28,39.08,0.0
baidoa,2025012820,3.12,43.65,0.0,25.91,5.52,7.96,47.13,0.0
baidoa,2025012821,3.12,43.65,0.0,24.81,5.61,7.6,56.92,0.0
baidoa,2025012822,3.12,43.65,0.0,23.93,5.47,7.05,66.08,0.0
baidoa,2025012823,3.12,43.65,0.0,23.22,5.46,6.93,73.6,0.0
baidoa,2025012900,3.12,43.65,0.0,22.51,5.31,6.87,79.84,0.0
baidoa,2025012901,3.12,43.65,0.0,21.8,5.19,6.86,84.83,0.0
baidoa,2025012902,3.12,43.65,0.0,21.31,5.46,7.17,88.04,0.0
baidoa,2025012903,3.12,43.65,19.75,21.51,6.53,8.33,86.38,0.0
baidoa,2025012904,3.12,43.65,213.65,23.73,8.31,9.97,72.31,0.0
baidoa,2025012905,3.12,43.65,465.08,26.95,8.87,10.37,55.46,0.0
baidoa,2025012906,3.12,43.65,692.85,30.23,8.63,9.91,42.02,0.0
baidoa,2025012907,3.12,43.65,865.65,33.22,7.88,8.94,32.11,0.0
baidoa,2025012908,3.12,43.65,968.4,35.62,7.03,7.91,25.56,0.0
baidoa,2025012909,3.12,43.65,994.95,37.33,6.32,7.06,21.43,0.0
baidoa,2025012910,3.12,43.65,939.92,38.32,5.85,6.53,19.07,0.0
baidoa,2025012911,3.12,43.65,807.08,38.6,5.66,6.34,17.98,0.0
baidoa,2025012912,3.12,43.65,610.7,38.17,5.67,6.37,17.84,0.0
baidoa,2025012913,3.12,43.65,371.55,37.08,5.82,6.66,18.54,0.0
baidoa,2025012914,3.12,43.65,132.7,35.03,5.28,7.17,20.54,0.0
baidoa,2025012915,3.12,43.65,0.0,31.54,4.15,8.45,25.16,0.0
baidoa,2025012916,3.12,43.65,0.0,30.72,5.26,9.22,26.18,0.0
baidoa,2025012917,3.12,43.65,0.0,29.63,5.43,9.11,28.0,0.0
baidoa,2025012918,3.12,43.65,0.0,28.42,5.24,8.75,30.56,0.0
baidoa,2025012919,3.12,43.65,0.0,27.27,5.31,8.39,34.56,0.0
baidoa,2025012920,3.12,43.65,0.0,25.96,5.42,8.14,42.44,0.0
baidoa,2025012921,3.12,43.65,0.0,24.59,5.36,7.52,55.2,0.0
baidoa,2025012922,3.12,43.65,0.0,23.36,4.97,6.75,69.06,0.0
baidoa,2025012923,3.12,43.65,0.0,22.45,5.06,6.69,79.53,0.0
baidoa,2025013000,3.12,43.65,0.0,21.91,5.32,6.95,85.25,0.0
baidoa,2025013001,3.12,43.65,0.0,21.64,5.83,7.58,86.9,0.0
baidoa,2025013002,3.12,43.65,0.0,21.4,6.27,8.14,87.04,0.0
baidoa,2025013003,3.12,43.65,19.9,21.54,7.0,8.93,84.93,0.0
baidoa,2025013004,3.12,43.65,209.35,23.64,8.54,10.33,71.45,0.0
baidoa,2025013005,3.12,43.65,450.5,26.79,9.27,10.98,55.46,0.0
baidoa,2025013006,3.12,43.65,680.33,29.9,9.17,10.67,43.94,0.0
baidoa,2025013007,3.12,43.65,871.0,32.63,8.6,9.89,35.81,0.0
baidoa,2025013008,3.12,43.65,974.5,34.91,7.92,9.05,29.75,0.0
baidoa,2025013009,3.12,43.65,996.97,36.6,7.22,8.21,25.44,0.0
baidoa,2025013010,3.12,43.65,940.97,37.64,6.72,7.65,22.63,0.0
baidoa,2025013011,3.12,43.65,808.28,38.0,6.43,7.33,21.13,0.0
baidoa,2025013012,3.12,43.65,611.7,37.66,6.27,7.19,20.78,0.0
baidoa,2025013013,3.12,43.65,370.88,36.57,6.12,7.14,21.52,0.0
baidoa,2025013014,3.12,43.65,130.12,34.63,5.21,7.12,23.74,0.0
baidoa,2025013015,3.12,43.65,0.0,31.31,3.65,7.79,29.06,0.0
baidoa,2025013016,3.12,43.65,0.0,30.64,4.51,8.52,30.53,0.0
baidoa,2025013017,3.12,43.65,0.0,29.95,5.12,8.58,32.36,0.0
baidoa,2025013018,3.12,43.65,0.0,29.1,5.28,8.34,35.49,0.0
baidoa,2025013019,3.12,43.65,0.0,28.13,5.34,8.06,41.02,0.0
baidoa,2025013020,3.12,43.65,0.0,26.98,5.62,7.87,50.08,0.0
baidoa,2025013021,3.12,43.65,0.0,25.7,5.65,7.53,61.28,0.0
baidoa,2025013022,3.12,43.65,0.0,24.49,5.4,7.02,71.76,0.0
baidoa,2025013023,3.12,43.65,0.0,23.45,5.35,6.92,79.89,0.0
baidoa,2025013100,3.12,43.65,0.0,22.73,5.54,7.18,84.58,0.0
baidoa,2025013101,3.12,43.65,0.0,22.4,5.92,7.69,86.3,0.0
baidoa,2025013102,3.12,43.65,0.0,22.28,6.58,8.46,85.92,0.0
baidoa,2025013103,3.12,43.65,18.2,22.49,6.99,8.89,83.49,0.0
baidoa,2025013104,3.12,43.65,203.65,24.49,8.15,9.84,70.43,0.0
baidoa,2025013105,3.12,43.65,450.58,27.47,8.45,9.92,54.17,0.0
baidoa,2025013106,3.12,43.65,677.62,30.46,8.27,9.52,41.78,0.0
baidoa,2025013107,3.12,43.65,852.72,32.96,7.85,8.94,33.81,0.0
baidoa,2025013108,3.12,43.65,958.72,34.91,7.34,8.28,28.29,0.0
baidoa,2025013109,3.12,43.65,996.12,36.31,6.89,7.74,24.39,0.0
baidoa,2025013110,3.12,43.65,942.12,37.12,6.62,7.45,21.96,0.0
baidoa,2025013111,3.12,43.65,809.38,37.29,6.47,7.3,20.72,0.0
baidoa,2025013112,3.12,43.65,612.35,36.84,6.42,7.29,20.41,0.0
baidoa,2025013113,3.12,43.65,371.83,35.75,6.42,7.43,21.03,0.0
baidoa,2025013114,3.12,43.65,132.82,33.9,5.81,7.59,22.94,0.0
baidoa,2025013115,3.12,43.65,0.0,30.89,4.09,8.13,27.21,0.0
baidoa,2025013116,3.12,43.65,0.0,30.02,4.85,8.71,28.48,0.0
baidoa,2025013117,3.12,43.65,0.0,29.14,5.24,8.84,29.9,0.0
baidoa,2025013118,3.12,43.65,0.0,28.1,5.27,8.66,31.94,0.0
baidoa,2025013119,3.12,43.65,0.0,27.01,5.27,8.4,35.29,0.0
baidoa,2025013120,3.12,43.65,0.0,25.78,5.15,7.98,41.29,0.0
baidoa,2025013121,3.12,43.65,0.0,24.53,5.3,7.68,50.5,0.0
baidoa,2025013122,3.12,43.65,0.0,23.35,5.15,7.19,61.32,0.0
baidoa,2025013123,3.12,43.65,0.0,22.35,4.88,6.79,70.77,0.0
baidoa,2025020100,3.12,43.65,0.0,21.58,5.01,6.94,77.05,0.0
baidoa,2025020101,3.12,43.65,0.0,20.98,5.46,7.5,80.49,0.0
baidoa,2025020102,3.12,43.65,0.0,20.46,6.01,8.18,82.4,0.0
baidoa,2025020103,3.12,43.65,17.8,20.48,7.19,9.49,80.71,0.0
baidoa,2025020104,3.12,43.65,202.15,22.78,10.1,12.48,64.11,0.0
baidoa,2025020105,3.12,43.65,450.58,25.98,10.77,12.9,47.04,0.0
baidoa,2025020106,3.12,43.65,682.78,28.9,10.46,12.24,35.85,0.0
baidoa,2025020107,3.12,43.65,862.03,31.3,9.71,11.23,28.89,0.0
baidoa,2025020108,3.12,43.65,970.05,33.19,8.98,10.32,24.25,0.0
baidoa,2025020109,3.12,43.65,1014.83,34.45,8.32,9.54,21.33,0.0
baidoa,2025020110,3.12,43.65,959.9,35.45,7.76,8.88,19.22,0.0
baidoa,2025020111,3.12,43.65,827.1,36.07,7.3,8.37,17.65,0.0
baidoa,2025020112,3.12,43.65,627.67,35.99,6.99,8.06,16.86,0.0
baidoa,2025020113,3.12,43.65,381.77,35.0,6.66,7.87,17.01,0.0
baidoa,2025020114,3.12,43.65,136.7,32.96,5.2,7.56,18.45,0.0
baidoa,2025020115,3.12,43.65,0.0,29.16,3.59,7.86,22.58,0.0
baidoa,2025020116,3.12,43.65,0.0,28.07,3.91,8.45,23.22,0.0
baidoa,2025020117,3.12,43.65,0.0,27.44,4.42,8.83,23.3,0.0
baidoa,2025020118,3.12,43.65,0.0,26.66,4.91,8.92,24.01,0.0
baidoa,2025020119,3.12,43.65,0.0,25.68,5.29,8.91,26.48,0.0
baidoa,2025020120,3.12,43.65,0.0,24.63,5.36,8.51,32.43,0.0
baidoa,2025020121,3.12,43.65,0.0,23.63,5.55,8.24,42.67,0.0
baidoa,2025020122,3.12,43.65,0.0,22.68,5.28,7.54,53.94,0.0
baidoa,2025020123,3.12,43.65,0.0,21.88,5.25,7.36,63.12,0.0
baidoa,2025020200,3.12,43.65,0.0,21.21,5.49,7.59,69.79,0.0
baidoa,2025020201,3.12,43.65,0.0,20.63,5.81,7.96,74.58,0.0
baidoa,2025020202,3.12,43.65,0.0,20.13,6.14,8.35,78.41,0.0
baidoa,2025020203,3.12,43.65,17.55,20.15,7.24,9.62,79.79,0.0
baidoa,2025020204,3.12,43.65,198.9,22.21,10.24,12.66,69.86,0.0
baidoa,2025020205,3.12,43.65,443.02,25.27,10.76,12.9,54.55,0.0
baidoa,2025020206,3.12,43.65,672.47,28.51,10.53,12.39,42.11,0.0
baidoa,2025020207,3.12,43.65,849.72,31.48,9.93,11.53,33.28,0.0
baidoa,2025020208,3.12,43.65,955.58,33.84,9.18,10.56,27.65,0.0
baidoa,2025020209,3.12,43.65,1004.38,35.55,8.47,9.69,23.97,0.0
baidoa,2025020210,3.12,43.65,949.38,36.53,7.91,9.03,21.58,0.0
baidoa,2025020211,3.12,43.65,817.5,36.74,7.51,8.58,20.32,0.0
baidoa,2025020212,3.12,43.65,619.7,36.22,7.22,8.32,20.1,0.0
baidoa,2025020213,3.12,43.65,376.58,35.12,6.99,8.24,20.76,0.0
baidoa,2025020214,3.12,43.65,136.05,33.28,5.82,8.0,22.62,0.0
baidoa,2025020215,3.12,43.65,0.0,30.2,3.97,8.2,26.92,0.0
baidoa,2025020216,3.12,43.65,0.0,29.31,4.4,8.64,28.29,0.0
baidoa,2025020217,3.12,43.65,0.0,28.58,4.95,8.92,29.49,0.0
baidoa,2025020218,3.12,43.65,0.0,27.63,5.41,9.05,31.23,0.0
baidoa,2025020219,3.12,43.65,0.0,26.51,5.7,8.98,34.07,0.0
baidoa,2025020220,3.12,43.65,0.0,25.25,5.59,8.51,39.35,0.0
baidoa,2025020221,3.12,43.65,0.0,24.01,5.48,7.96,48.05,0.0
baidoa,2025020222,3.12,43.65,0.0,22.93,4.91,7.02,58.58,0.0
baidoa,2025020223,3.12,43.65,0.0,22.14,4.69,6.64,68.48,0.0
baidoa,2025020300,3.12,43.65,0.0,21.48,4.83,6.83,76.45,0.0
baidoa,2025020301,3.12,43.65,0.0,20.91,5.11,7.13,82.12,0.0
baidoa,2025020302,3.12,43.65,0.0,20.42,5.52,7.54,85.64,0.0
baidoa,2025020303,3.12,43.65,17.33,20.47,6.81,8.92,84.49,0.0
baidoa,2025020304,3.12,43.65,195.88,22.58,9.71,11.97,69.36,0.0
baidoa,2025020305,3.12,43.65,437.95,25.62,10.68,12.78,52.91,0.0
baidoa,2025020306,3.12,43.65,669.17,28.78,10.71,12.61,40.76,0.0
baidoa,2025020307,3.12,43.65,849.0,31.73,10.33,12.05,32.16,0.0
baidoa,2025020308,3.12,43.65,958.47,34.04,9.9,11.49,26.86,0.0
baidoa,2025020309,3.12,43.65,1005.17,35.71,9.45,10.92,23.37,0.0
baidoa,2025020310,3.12,43.65,949.85,36.71,9.01,10.39,20.95,0.0
baidoa,2025020311,3.12,43.65,817.62,36.95,8.65,9.98,19.69,0.0
baidoa,2025020312,3.12,43.65,617.33,36.5,8.39,9.74,19.32,0.0
baidoa,2025020313,3.12,43.65,374.1,35.34,8.19,9.69,19.81,0.0
baidoa,2025020314,3.12,43.65,134.18,33.36,7.29,9.57,21.32,0.0
baidoa,2025020315,3.12,43.65,0.0,30.41,5.49,9.47,24.55,0.0
baidoa,2025020316,3.12,43.65,0.0,29.13,5.85,9.68,25.65,0.0
baidoa,2025020317,3.12,43.65,0.0,27.94,6.01,9.7,26.69,0.0
baidoa,2025020318,3.12,43.65,0.0,26.78,6.23,9.75,27.88,0.0
baidoa,2025020319,3.12,43.65,0.0,25.63,5.99,9.32,29.85,0.0
baidoa,2025020320,3.12,43.65,0.0,24.28,5.18,8.35,34.96,0.0
baidoa,2025020321,3.12,43.65,0.0,23.11,5.18,8.0,45.1,0.0
baidoa,2025020322,3.12,43.65,0.0,21.96,5.41,7.79,58.93,0.0
baidoa,2025020323,3.12,43.65,0.0,20.91,5.58,7.77,70.39,0.0
baidoa,2025020400,3.12,43.65,0.0,20.08,5.69,7.87,77.05,0.0
baidoa,2025020401,3.12,43.65,0.0,19.39,5.8,8.0,81.43,0.0
baidoa,2025020402,3.12,43.65,0.0,18.81,5.9,8.11,84.78,0.0
baidoa,2025020403,3.12,43.65,17.9,18.89,6.77,8.95,84.49,0.0
baidoa,2025020404,3.12,43.65,202.38,21.47,9.73,11.99,68.35,0.0
baidoa,2025020405,3.12,43.65,454.73,25.18,10.42,12.49,48.92,0.0
baidoa,2025020406,3.12,43.65,689.03,28.73,10.35,12.2,37.23,0.0
baidoa,2025020407,3.12,43.65,868.45,31.49,9.68,11.22,32.02,0.0
baidoa,2025020408,3.12,43.65,974.9,33.59,8.85,10.15,28.95,0.0
baidoa,2025020409,3.12,43.65,1011.53,35.12,8.05,9.13,26.58,0.0
baidoa,2025020410,3.12,43.65,953.3,36.03,7.39,8.35,24.73,0.0
baidoa,2025020411,3.12,43.65,818.22,36.3,6.96,7.85,23.73,0.0
baidoa,2025020412,3.12,43.65,617.92,35.91,6.78,7.69,23.62,0.0
baidoa,2025020413,3.12,43.65,373.83,34.83,6.7,7.74,24.71,0.0
baidoa,2025020414,3.12,43.65,134.55,32.98,6.09,7.81,27.38,0.0
baidoa,2025020415,3.12,43.65,0.0,30.07,4.24,8.15,32.86,0.0
baidoa,2025020416,3.12,43.65,0.0,29.22,4.86,8.55,35.26,0.0
baidoa,2025020417,3.12,43.65,0.0,28.39,5.16,8.63,37.75,0.0
baidoa,2025020418,3.12,43.65,0.0,27.55,5.42,8.64,40.75,0.0
baidoa,2025020419,3.12,43.65,0.0,26.63,5.68,8.63,45.49,0.0
baidoa,2025020420,3.12,43.65,0.0,25.59,5.95,8.61,53.01,0.0
baidoa,2025020421,3.12,43.65,0.0,24.44,5.94,8.26,62.56,0.0
baidoa,2025020422,3.12,43.65,0.0,23.39,5.67,7.7,71.19,0.0
baidoa,2025020423,3.12,43.65,0.0,22.59,5.43,7.38,77.45,0.0
baidoa,2025020500,3.12,43.65,0.0,21.98,5.43,7.37,81.78,0.0
baidoa,2025020501,3.12,43.65,0.0,21.48,5.51,7.47,84.78,0.0
baidoa,2025020502,3.12,43.65,0.0,21.05,5.68,7.71,86.98,0.0
baidoa,2025020503,3.12,43.65,17.65,21.18,6.39,8.26,85.44,0.0
baidoa,2025020504,3.12,43.65,199.2,23.53,8.26,9.97,71.13,0.0
baidoa,2025020505,3.12,43.65,446.42,26.89,8.83,10.35,55.05,0.0
baidoa,2025020506,3.12,43.65,677.42,29.99,8.72,10.08,43.57,0.0
baidoa,2025020507,3.12,43.65,854.22,32.54,8.47,9.68,35.67,0.0
baidoa,2025020508,3.12,43.65,935.38,34.53,8.11,9.21,29.8,0.0
baidoa,2025020509,3.12,43.65,924.28,35.97,7.63,8.59,25.72,0.0
baidoa,2025020510,3.12,43.65,896.1,36.82,7.07,7.92,23.38,0.0
baidoa,2025020511,3.12,43.65,800.25,37.04,6.59,7.37,22.35,0.0
baidoa,2025020512,3.12,43.65,591.72,36.61,6.23,6.99,22.45,0.0
baidoa,2025020513,3.12,43.65,353.67,35.54,5.96,6.79,23.63,0.0
baidoa,2025020514,3.12,43.65,127.28,33.73,5.19,6.73,26.14,0.0
baidoa,2025020515,3.12,43.65,0.0,30.56,3.45,7.32,31.54,0.0
baidoa,2025020516,3.12,43.65,0.0,29.7,4.0,8.04,33.31,0.0
baidoa,2025020517,3.12,43.65,0.0,28.99,4.48,8.28,35.38,0.0
baidoa,2025020518,3.12,43.65,0.0,28.12,4.77,8.21,39.13,0.0
baidoa,2025020519,3.12,43.65,0.0,27.07,5.07,8.05,45.7,0.0
baidoa,2025020520,3.12,43.65,0.0,25.91,5.41,7.94,54.9,0.0
baidoa,2025020521,3.12,43.65,0.0,24.74,5.46,7.58,65.17,0.0
baidoa,2025020522,3.12,43.65,0.0,23.73,5.29,7.17,73.27,0.0
baidoa,2025020523,3.12,43.65,0.0,22.96,5.14,7.0,78.26,0.0
baidoa,2025020600,3.12,43.65,0.0,22.34,5.09,6.98,81.54,0.0
baidoa,2025020601,3.12,43.65,0.0,21.77,4.93,6.83,84.28,0.0
baidoa,2025020602,3.12,43.65,0.0,21.23,4.76,6.7,86.92,0.0
baidoa,2025020603,3.12,43.65,18.92,21.31,5.51,7.23,86.55,0.0
baidoa,2025020604,3.12,43.65,213.55,23.77,7.78,9.39,72.52,0.0
baidoa,2025020605,3.12,43.65,469.08,27.25,8.41,9.84,56.25,0.0
baidoa,2025020606,3.12,43.65,700.35,30.67,8.28,9.52,44.06,0.0
baidoa,2025020607,3.12,43.65,876.47,33.3,7.87,8.93,37.07,0.0
baidoa,2025020608,3.12,43.65,981.95,35.27,7.35,8.25,32.35,0.0
baidoa,2025020609,3.12,43.65,1007.25,36.71,6.62,7.36,28.71,0.0
baidoa,2025020610,3.12,43.65,950.0,37.62,5.88,6.49,26.1,0.0
baidoa,2025020611,3.12,43.65,815.2,37.88,5.45,5.99,24.85,0.0
baidoa,2025020612,3.12,43.65,602.9,37.52,5.31,5.88,24.78,0.0
baidoa,2025020613,3.12,43.65,351.62,36.53,5.35,6.03,25.88,0.0
baidoa,2025020614,3.12,43.65,123.68,34.8,4.97,6.24,28.37,0.0
baidoa,2025020615,3.12,43.65,0.0,32.74,3.68,6.82,31.89,0.0
baidoa,2025020616,3.12,43.65,0.0,32.12,4.4,7.28,32.88,0.0
baidoa,2025020617,3.12,43.65,0.0,31.18,5.4,7.95,35.15,0.0
baidoa,2025020618,3.12,43.65,0.0,29.6,6.62,8.81,41.41,0.0
baidoa,2025020619,3.12,43.65,0.0,27.43,7.38,9.42,53.04,0.0
baidoa,2025020620,3.12,43.65,0.0,25.43,7.01,8.78,65.35,0.0
baidoa,2025020621,3.12,43.65,0.0,24.11,6.46,8.1,74.21,0.0
baidoa,2025020622,3.12,43.65,0.0,23.31,6.12,7.7,79.57,0.0
baidoa,2025020623,3.12,43.65,0.0,22.83,5.95,7.52,82.73,0.0
baidoa,2025020700,3.12,43.65,0.0,22.52,5.92,7.48,84.83,0.0
baidoa,2025020701,3.12,43.65,0.0,22.31,6.01,7.62,85.97,0.0
baidoa,2025020702,3.12,43.65,0.0,22.14,6.05,7.71,86.85,0.0
baidoa,2025020703,3.12,43.65,18.45,22.41,6.33,7.93,85.04,0.0
baidoa,2025020704,3.12,43.65,208.52,24.51,7.18,8.44,72.92,0.0
baidoa,2025020705,3.12,43.65,462.45,27.67,7.39,8.47,57.49,0.0
baidoa,2025020706,3.12,43.65,695.08,31.21,7.12,8.01,43.07,0.0
baidoa,2025020707,3.12,43.65,874.38,34.16,6.57,7.29,32.79,0.0
baidoa,2025020708,3.12,43.65,982.97,36.3,5.98,6.59,25.89,0.0
baidoa,2025020709,3.12,43.65,996.72,37.74,5.41,5.92,21.55,0.0
baidoa,2025020710,3.12,43.65,903.05,38.55,4.91,5.32,19.21,0.0
baidoa,2025020711,3.12,43.65,738.75,38.7,4.54,4.92,18.3,0.0
baidoa,2025020712,3.12,43.65,532.97,38.26,4.37,4.74,18.38,0.0
baidoa,2025020713,3.12,43.65,321.75,37.21,4.34,4.78,19.44,0.0
baidoa,2025020714,3.12,43.65,120.95,35.24,3.75,5.03,21.99,0.0
baidoa,2025020715,3.12,43.65,0.0,31.5,2.87,6.15,28.33,0.0
baidoa,2025020716,3.12,43.65,0.0,31.06,3.67,7.38,30.09,0.0
baidoa,2025020717,3.12,43.65,0.0,30.51,5.46,8.34,33.19,0.0
baidoa,2025020718,3.12,43.65,0.0,28.91,6.66,8.83,41.36,0.0
baidoa,2025020719,3.12,43.65,0.0,26.93,6.82,8.7,53.97,0.0
baidoa,2025020720,3.12,43.65,0.0,25.36,6.37,8.02,65.89,0.0
baidoa,2025020721,3.12,43.65,0.0,24.46,5.83,7.33,73.4,0.0
baidoa,2025020722,3.12,43.65,0.0,23.85,5.51,6.99,78.13,0.0
baidoa,2025020723,3.12,43.65,0.0,23.41,5.51,6.99,81.34,0.0
baidoa,2025020800,3.12,43.65,0.0,23.17,5.52,6.96,83.04,0.0
baidoa,2025020801,3.12,43.65,0.0,22.99,5.26,6.62,84.06,0.0
baidoa,2025020802,3.12,43.65,0.0,22.83,5.01,6.38,84.77,0.0
baidoa,2025020803,3.12,43.65,19.1,23.09,5.06,6.25,82.79,0.0
baidoa,2025020804,3.12,43.65,203.4,25.1,5.47,6.3,71.26,0.0
baidoa,2025020805,3.12,43.65,447.9,28.1,5.4,6.05,57.43,0.0
baidoa,2025020806,3.12,43.65,670.45,31.65,4.87,5.3,43.69,0.0
baidoa,2025020807,3.12,43.65,841.33,34.71,3.98,4.23,33.86,0.0
baidoa,2025020808,3.12,43.65,945.1,36.76,3.19,3.37,28.31,0.0
baidoa,2025020809,3.12,43.65,954.4,38.16,2.72,2.89,24.64,0.0
baidoa,2025020810,3.12,43.65,859.22,39.02,2.51,2.67,22.17,0.0
baidoa,2025020811,3.12,43.65,663.9,39.31,2.52,2.64,20.79,0.0
baidoa,2025020812,3.12,43.65,537.78,39.01,2.77,2.89,20.33,0.0
baidoa,2025020813,3.12,43.65,302.65,38.07,3.21,3.41,20.79,0.0
baidoa,2025020814,3.12,43.65,110.3,36.35,3.32,4.17,22.54,0.0
baidoa,2025020815,3.12,43.65,0.0,34.14,2.76,5.68,25.77,0.0
baidoa,2025020816,3.12,43.65,0.0,33.59,4.35,6.92,26.96,0.0
baidoa,2025020817,3.12,43.65,0.0,32.31,6.06,7.94,31.99,0.0
baidoa,2025020818,3.12,43.65,0.0,30.07,7.1,8.78,43.53,0.0
baidoa,2025020819,3.12,43.65,0.0,27.54,7.06,8.56,57.65,0.0
baidoa,2025020820,3.12,43.65,0.0,25.8,6.44,7.77,67.6,0.0
baidoa,2025020821,3.12,43.65,0.0,24.7,5.89,7.12,73.76,0.0
baidoa,2025020822,3.12,43.65,0.0,23.95,5.59,6.82,77.3,0.0
baidoa,2025020823,3.12,43.65,0.0,23.4,5.36,6.59,79.55,0.0
baidoa,2025020900,3.12,43.65,0.0,23.04,5.16,6.34,81.12,0.0
baidoa,2025020901,3.12,43.65,0.0,22.75,4.88,6.07,82.31,0.0
baidoa,2025020902,3.12,43.65,0.0,22.4,4.34,5.59,83.94,0.0
baidoa,2025020903,3.12,43.65,19.92,22.61,4.4,5.4,82.63,0.0
baidoa,2025020904,3.12,43.65,217.82,24.76,4.7,5.33,70.83,0.0
baidoa,2025020905,3.12,43.65,473.58,27.91,4.58,5.07,56.76,0.0
baidoa,2025020906,3.12,43.65,706.28,31.76,4.17,4.43,41.69,0.0
baidoa,2025020907,3.12,43.65,882.7,35.49,3.11,3.22,29.57,0.0
baidoa,2025020908,3.12,43.65,978.97,37.72,2.29,2.41,24.14,0.0
baidoa,2025020909,3.12,43.65,977.15,39.15,2.03,2.22,21.03,0.0
baidoa,2025020910,3.12,43.65,918.53,40.02,2.11,2.31,18.88,0.0
baidoa,2025020911,3.12,43.65,771.33,40.34,2.36,2.54,17.58,0.0
baidoa,2025020912,3.12,43.65,567.0,40.02,2.81,2.97,17.06,0.0
baidoa,2025020913,3.12,43.65,327.38,39.07,3.4,3.66,17.34,0.0
baidoa,2025020914,3.12,43.65,117.45,37.22,3.54,4.65,18.88,0.0
baidoa,2025020915,3.12,43.65,0.0,34.8,3.16,6.21,21.92,0.0
baidoa,2025020916,3.12,43.65,0.0,33.96,5.01,7.63,23.31,0.0
baidoa,2025020917,3.12,43.65,0.0,32.05,6.87,8.91,29.51,0.0
baidoa,2025020918,3.12,43.65,0.0,29.3,7.56,9.48,43.34,0.0
baidoa,2025020919,3.12,43.65,0.0,26.82,7.55,9.25,58.82,0.0
baidoa,2025020920,3.12,43.65,0.0,25.21,6.92,8.41,69.28,0.0
baidoa,2025020921,3.12,43.65,0.0,24.25,6.17,7.53,75.4,0.0
baidoa,2025020922,3.12,43.65,0.0,23.66,5.6,6.86,78.22,0.0
baidoa,2025020923,3.12,43.65,0.0,23.23,5.15,6.36,79.91,0.0
baidoa,2025021000,3.12,43.65,0.0,22.81,4.62,5.82,81.51,0.0
baidoa,2025021001,3.12,43.65,0.0,22.36,4.17,5.43,83.6,0.0
baidoa,2025021002,3.12,43.65,0.0,21.81,3.72,5.17,86.49,0.0
baidoa,2025021003,3.12,43.65,19.42,21.87,4.36,5.55,86.05,0.0
baidoa,2025021004,3.12,43.65,212.12,24.2,5.59,6.46,70.67,0.0
baidoa,2025021005,3.12,43.65,461.17,27.48,6.25,7.11,53.86,0.0
baidoa,2025021006,3.12,43.65,705.55,31.01,6.52,7.32,41.33,0.0
baidoa,2025021007,3.12,43.65,884.58,34.46,6.4,7.14,31.57,0.0
baidoa,2025021008,3.12,43.65,992.92,36.9,6.2,6.9,25.72,0.0
baidoa,2025021009,3.12,43.65,1017.55,38.42,6.13,6.8,22.04,0.0
baidoa,2025021010,3.12,43.65,965.05,39.21,6.18,6.86,19.51,0.0
baidoa,2025021011,3.12,43.65,831.08,39.32,6.33,7.04,17.97,0.0
baidoa,2025021012,3.12,43.65,625.85,38.77,6.5,7.28,17.28,0.0
baidoa,2025021013,3.12,43.65,386.3,37.64,6.62,7.59,17.31,0.0
baidoa,2025021014,3.12,43.65,145.38,35.66,5.95,7.8,18.54,0.0
baidoa,2025021015,3.12,43.65,0.0,32.16,4.15,8.48,22.46,0.0
baidoa,2025021016,3.12,43.65,0.0,31.17,4.99,9.03,23.91,0.0
baidoa,2025021017,3.12,43.65,0.0,29.88,6.23,9.46,28.52,0.0
baidoa,2025021018,3.12,43.65,0.0,27.89,6.99,9.43,41.71,0.0
baidoa,2025021019,3.12,43.65,0.0,26.12,6.72,8.67,57.49,0.0
baidoa,2025021020,3.12,43.65,0.0,25.1,6.69,8.53,68.49,0.0
baidoa,2025021021,3.12,43.65,0.0,24.5,6.66,8.56,74.71,0.0
baidoa,2025021022,3.12,43.65,0.0,24.04,6.6,8.55,79.3,0.0
baidoa,2025021023,3.12,43.65,0.0,23.73,6.67,8.6,82.38,0.0
baidoa,2025021100,3.12,43.65,0.0,23.52,6.67,8.63,83.91,0.0
baidoa,2025021101,3.12,43.65,0.0,23.22,6.58,8.64,85.23,0.0
baidoa,2025021102,3.12,43.65,0.0,22.87,6.55,8.68,86.31,0.0
baidoa,2025021103,3.12,43.65,19.1,23.0,7.09,9.15,84.74,0.0
baidoa,2025021104,3.12,43.65,210.35,25.17,8.71,10.57,72.26,0.0
baidoa,2025021105,3.12,43.65,462.08,28.36,9.44,11.2,58.19,0.0
baidoa,2025021106,3.12,43.65,693.95,31.37,9.42,10.98,47.71,0.0
baidoa,2025021107,3.12,43.65,874.97,33.87,9.04,10.45,40.41,0.0
baidoa,2025021108,3.12,43.65,978.53,35.8,8.63,9.88,35.28,0.0
baidoa,2025021109,3.12,43.65,980.58,37.07,8.21,9.33,31.7,0.0
baidoa,2025021110,3.12,43.65,893.35,37.58,7.81,8.87,30.13,0.0
baidoa,2025021111,3.12,43.65,728.55,37.44,7.54,8.56,30.1,0.0
baidoa,2025021112,3.12,43.65,531.53,36.9,7.41,8.47,30.86,0.0
baidoa,2025021113,3.12,43.65,306.4,35.55,7.37,8.61,33.48,0.0
baidoa,2025021114,3.12,43.65,112.07,34.0,7.43,9.1,37.48,0.0
baidoa,2025021115,3.12,43.65,0.0,32.37,7.38,9.62,43.37,0.0
baidoa,2025021116,3.12,43.65,0.0,31.1,8.27,10.57,49.85,0.0
baidoa,2025021117,3.12,43.65,0.0,29.78,8.87,11.22,56.0,0.0
baidoa,2025021118,3.12,43.65,0.0,28.7,8.83,11.18,59.72,0.0
baidoa,2025021119,3.12,43.65,0.0,27.78,8.46,10.71,61.94,0.0
baidoa,2025021120,3.12,43.65,0.0,26.81,7.98,10.07,64.55,0.0
baidoa,2025021121,3.12,43.65,0.0,25.83,7.63,9.62,68.05,0.0
baidoa,2025021122,3.12,43.65,0.0,25.0,7.34,9.27,71.61,0.0
baidoa,2025021123,3.12,43.65,0.0,24.4,7.06,8.94,74.57,0.0
baidoa,2025021200,3.12,43.65,0.0,23.93,6.92,8.82,77.25,0.0
baidoa,2025021201,3.12,43.65,0.0,23.54,6.84,8.73,79.4,0.0
baidoa,2025021202,3.12,43.65,0.0,23.21,6.81,8.76,80.63,0.0
baidoa,2025021203,3.12,43.65,19.75,23.34,7.43,9.34,78.24,0.0
baidoa,2025021204,3.12,43.65,218.0,25.2,8.62,10.29,65.96,0.0
baidoa,2025021205,3.12,43.65,473.58,27.97,9.14,10.67,51.27,0.0
baidoa,2025021206,3.12,43.65,702.9,30.86,9.2,10.59,39.73,0.0
baidoa,2025021207,3.12,43.65,875.4,33.39,9.09,10.37,31.77,0.0
baidoa,2025021208,3.12,43.65,976.8,35.36,8.8,9.97,26.8,0.0
baidoa,2025021209,3.12,43.65,947.67,36.78,8.34,9.39,23.84,0.0
baidoa,2025021210,3.12,43.65,858.8,37.62,7.92,8.89,22.22,0.0
baidoa,2025021211,3.12,43.65,703.08,37.84,7.66,8.6,21.54,0.0
baidoa,2025021212,3.12,43.65,510.27,37.41,7.51,8.51,21.71,0.0
baidoa,2025021213,3.12,43.65,293.7,36.36,7.41,8.56,22.82,0.0
baidoa,2025021214,3.12,43.65,99.3,34.64,6.81,8.53,25.05,0.0
baidoa,2025021215,3.12,43.65,2.9,32.22,5.06,8.52,28.77,0.0
baidoa,2025021216,3.12,43.65,0.0,31.22,5.48,8.7,31.06,0.0
baidoa,2025021217,3.12,43.65,0.0,30.05,5.96,8.82,35.73,0.0
baidoa,2025021218,3.12,43.65,0.0,28.51,6.75,9.16,44.27,0.0
baidoa,2025021219,3.12,43.65,0.0,26.77,7.15,9.21,55.1,0.0
baidoa,2025021220,3.12,43.65,0.0,25.49,6.89,8.72,62.47,0.0
baidoa,2025021221,3.12,43.65,0.0,24.67,6.71,8.49,66.89,0.0
baidoa,2025021222,3.12,43.65,0.0,24.09,6.61,8.4,70.28,0.0
baidoa,2025021223,3.12,43.65,0.0,23.59,6.58,8.39,73.67,0.0
baidoa,2025021300,3.12,43.65,0.0,23.14,6.58,8.44,76.8,0.0
baidoa,2025021301,3.12,43.65,0.0,22.74,6.54,8.44,79.02,0.0
baidoa,2025021302,3.12,43.65,0.0,22.38,6.54,8.48,80.34,0.0
baidoa,2025021303,3.12,43.65,18.9,22.42,7.01,8.9,78.98,0.0
baidoa,2025021304,3.12,43.65,209.2,24.3,8.3,9.95,66.62,0.0
baidoa,2025021305,3.12,43.65,463.85,27.24,8.7,10.15,51.35,0.0
baidoa,2025021306,3.12,43.65,697.5,30.45,8.44,9.66,39.3,0.0
baidoa,2025021307,3.12,43.65,876.65,33.27,7.87,8.89,30.47,0.0
baidoa,2025021308,3.12,43.65,987.05,35.5,7.23,8.07,24.57,0.0
baidoa,2025021309,3.12,43.65,1018.03,37.07,6.5,7.19,20.94,0.0
baidoa,2025021310,3.12,43.65,961.47,37.99,5.91,6.49,18.87,0.0
baidoa,2025021311,3.12,43.65,824.95,38.23,5.63,6.17,17.94,0.0
baidoa,2025021312,3.12,43.65,631.65,37.82,5.57,6.13,17.82,0.0
baidoa,2025021313,3.12,43.65,385.77,36.76,5.55,6.23,18.48,0.0
baidoa,2025021314,3.12,43.65,133.65,34.81,4.76,6.35,20.28,0.0
baidoa,2025021315,3.12,43.65,3.47,31.11,3.26,7.07,25.06,0.0
baidoa,2025021316,3.12,43.65,0.0,30.16,3.71,7.87,26.37,0.0
baidoa,2025021317,3.12,43.65,0.0,29.35,4.43,8.37,28.44,0.0
baidoa,2025021318,3.12,43.65,0.0,28.25,5.55,8.64,34.12,0.0
baidoa,2025021319,3.12,43.65,0.0,26.72,6.07,8.5,44.98,0.0
baidoa,2025021320,3.12,43.65,0.0,25.36,5.94,7.88,57.49,0.0
baidoa,2025021321,3.12,43.65,0.0,24.32,5.27,6.85,67.45,0.0
baidoa,2025021322,3.12,43.65,0.0,23.57,4.95,6.39,74.11,0.0
baidoa,2025021323,3.12,43.65,0.0,22.99,4.75,6.17,78.7,0.0
baidoa,2025021400,3.12,43.65,0.0,22.5,5.0,6.56,82.27,0.0
baidoa,2025021401,3.12,43.65,0.0,22.12,5.18,6.77,84.81,0.0
baidoa,2025021402,3.12,43.65,0.0,21.83,5.24,6.87,86.26,0.0
baidoa,2025021403,3.12,43.65,18.35,22.1,5.82,7.32,84.35,0.0
baidoa,2025021404,3.12,43.65,201.82,24.42,7.17,8.43,70.87,0.0
baidoa,2025021405,3.12,43.65,450.08,27.58,7.51,8.6,55.95,0.0
baidoa,2025021406,3.12,43.65,683.45,30.97,7.24,8.12,44.08,0.0
baidoa,2025021407,3.12,43.65,863.47,33.97,6.61,7.32,35.6,0.0
baidoa,2025021408,3.12,43.65,968.62,36.14,5.99,6.57,30.16,0.0
baidoa,2025021409,3.12,43.65,982.3,37.65,5.44,5.94,26.65,0.0
baidoa,2025021410,3.12,43.65,820.25,38.52,5.01,5.44,24.51,0.0
baidoa,2025021411,3.12,43.65,743.53,38.79,4.74,5.15,23.33,0.0
baidoa,2025021412,3.12,43.65,516.9,38.4,4.8,5.23,23.11,0.0
baidoa,2025021413,3.12,43.65,301.55,37.39,5.14,5.73,23.88,0.0
baidoa,2025021414,3.12,43.65,107.5,35.68,5.22,6.38,25.92,0.0
baidoa,2025021415,3.12,43.65,3.12,33.55,4.22,7.23,29.2,0.0
baidoa,2025021416,3.12,43.65,0.0,32.68,4.99,7.84,30.69,0.0
baidoa,2025021417,3.12,43.65,0.0,31.57,5.52,8.17,33.04,0.0
baidoa,2025021418,3.12,43.65,0.0,30.04,6.19,8.51,38.0,0.0
baidoa,2025021419,3.12,43.65,0.0,28.13,6.59,8.63,47.02,0.0
baidoa,2025021420,3.12,43.65,0.0,26.31,6.65,8.41,58.15,0.0
baidoa,2025021421,3.12,43.65,0.0,24.89,6.46,8.06,67.83,0.0
baidoa,2025021422,3.12,43.65,0.0,23.9,6.19,7.68,74.64,0.0
baidoa,2025021423,3.12,43.65,0.0,23.29,5.95,7.35,78.76,0.0
baidoa,2025021500,3.12,43.65,0.0,22.97,6.01,7.43,80.86,0.0
baidoa,2025021501,3.12,43.65,0.0,22.8,6.09,7.58,81.52,0.0
baidoa,2025021502,3.12,43.65,0.0,22.64,6.21,7.77,81.64,0.0
baidoa,2025021503,3.12,43.65,17.17,22.8,6.44,7.89,79.53,0.0
baidoa,2025021504,3.12,43.65,178.32,24.57,6.95,8.06,68.7,0.0
baidoa,2025021505,3.12,43.65,391.98,27.33,7.12,8.07,55.54,0.0
baidoa,2025021506,3.12,43.65,661.4,30.56,6.97,7.78,43.59,0.0
baidoa,2025021507,3.12,43.65,843.03,33.7,6.43,7.12,35.03,0.0
baidoa,2025021508,3.12,43.65,949.9,36.05,5.8,6.41,30.02,0.0
baidoa,2025021509,3.12,43.65,997.03,37.68,5.26,5.79,26.62,0.0
baidoa,2025021510,3.12,43.65,934.25,38.64,4.85,5.31,24.39,0.0
baidoa,2025021511,3.12,43.65,775.28,38.85,4.62,5.03,23.49,0.0
baidoa,2025021512,3.12,43.65,531.12,38.38,4.58,4.99,23.65,0.0
baidoa,2025021513,3.12,43.65,321.67,37.3,4.74,5.25,24.73,0.0
baidoa,2025021514,3.12,43.65,110.8,35.67,4.61,5.69,26.92,0.0
baidoa,2025021515,3.12,43.65,2.88,33.72,3.54,6.47,30.13,0.0
baidoa,2025021516,3.12,43.65,0.0,33.01,4.24,7.07,31.5,0.0
baidoa,2025021517,3.12,43.65,0.0,32.07,4.6,7.3,33.34,0.0
baidoa,2025021518,3.12,43.65,0.0,30.77,5.26,7.72,36.44,0.0
baidoa,2025021519,3.12,43.65,0.0,29.07,6.07,8.2,42.44,0.0
baidoa,2025021520,3.12,43.65,0.0,27.24,6.51,8.36,51.42,0.0
baidoa,2025021521,3.12,43.65,0.0,25.6,6.53,8.19,60.89,0.0
baidoa,2025021522,3.12,43.65,0.0,24.34,6.28,7.83,68.68,0.0
baidoa,2025021523,3.12,43.65,0.0,23.43,5.99,7.48,74.51,0.0
baidoa,2025021600,3.12,43.65,0.0,22.75,5.76,7.23,78.77,0.0
baidoa,2025021601,3.12,43.65,0.0,22.15,5.63,7.2,82.53,0.0
baidoa,2025021602,3.12,43.65,0.0,21.71,5.82,7.47,85.01,0.0
baidoa,2025021603,3.12,43.65,19.05,21.8,6.48,8.02,83.54,0.0
baidoa,2025021604,3.12,43.65,201.52,23.98,7.21,8.35,69.7,0.0
baidoa,2025021605,3.12,43.65,438.88,27.36,7.31,8.28,52.75,0.0
baidoa,2025021606,3.12,43.65,680.4,31.55,7.02,7.84,34.51,0.0
baidoa,2025021607,3.12,43.65,847.55,34.83,6.63,7.37,23.04,0.0
baidoa,2025021608,3.12,43.65,947.15,37.09,6.47,7.18,17.83,0.0
baidoa,2025021609,3.12,43.65,991.05,38.54,6.42,7.08,15.3,0.0
baidoa,2025021610,3.12,43.65,963.0,39.29,6.44,7.1,14.13,0.0
baidoa,2025021611,3.12,43.65,832.78,39.38,6.53,7.22,13.81,0.0
baidoa,2025021612,3.12,43.65,634.6,38.83,6.6,7.36,14.13,0.0
baidoa,2025021613,3.12,43.65,382.52,37.64,6.59,7.52,15.09,0.0
baidoa,2025021614,3.12,43.65,131.48,35.56,5.79,7.64,17.08,0.0
baidoa,2025021615,3.12,43.65,3.55,31.79,3.98,8.32,21.79,0.0
baidoa,2025021616,3.12,43.65,0.0,30.85,4.73,8.96,24.05,0.0
baidoa,2025021617,3.12,43.65,0.0,29.77,5.93,9.24,29.07,0.0
baidoa,2025021618,3.12,43.65,0.0,27.98,6.91,9.44,40.44,0.0
baidoa,2025021619,3.12,43.65,0.0,26.09,7.25,9.33,56.09,0.0
baidoa,2025021620,3.12,43.65,0.0,24.64,7.21,9.06,68.73,0.0
baidoa,2025021621,3.12,43.65,0.0,23.64,6.94,8.68,75.52,0.0
baidoa,2025021622,3.12,43.65,0.0,22.88,6.74,8.48,79.42,0.0
baidoa,2025021623,3.12,43.65,0.0,22.42,6.85,8.61,81.31,0.0
baidoa,2025021700,3.12,43.65,0.0,22.11,6.95,8.74,82.07,0.0
baidoa,2025021701,3.12,43.65,0.0,21.81,6.82,8.58,83.17,0.0
baidoa,2025021702,3.12,43.65,0.0,21.55,6.69,8.47,83.85,0.0
baidoa,2025021703,3.12,43.65,21.12,21.69,6.86,8.49,82.08,0.0
baidoa,2025021704,3.12,43.65,223.85,23.6,7.44,8.64,70.45,0.0
baidoa,2025021705,3.12,43.65,487.35,26.49,7.56,8.6,55.78,0.0
baidoa,2025021706,3.12,43.65,730.25,29.93,7.58,8.58,40.62,0.0
baidoa,2025021707,3.12,43.65,914.75,33.19,7.56,8.53,28.33,0.0
baidoa,2025021708,3.12,43.65,1025.72,35.55,7.36,8.24,21.41,0.0
baidoa,2025021709,3.12,43.65,1065.22,37.21,7.03,7.83,17.09,0.0
baidoa,2025021710,3.12,43.65,1008.8,38.18,6.71,7.44,14.47,0.0
baidoa,2025021711,3.12,43.65,873.4,38.44,6.41,7.1,13.05,0.0
baidoa,2025021712,3.12,43.65,669.78,38.01,6.17,6.86,12.51,0.0
baidoa,2025021713,3.12,43.65,416.88,36.91,5.98,6.79,12.74,0.0
baidoa,2025021714,3.12,43.65,150.4,34.68,4.92,6.86,14.27,0.0
baidoa,2025021715,3.12,43.65,3.92,30.28,3.52,7.6,18.84,0.0
baidoa,2025021716,3.12,43.65,0.0,29.16,3.89,8.32,20.99,0.0
baidoa,2025021717,3.12,43.65,0.0,28.18,4.41,8.72,24.99,0.0
baidoa,2025021718,3.12,43.65,0.0,27.02,5.55,8.99,33.22,0.0
baidoa,2025021719,3.12,43.65,0.0,25.46,6.15,8.71,46.16,0.0
baidoa,2025021720,3.12,43.65,0.0,23.97,6.01,8.07,60.02,0.0
baidoa,2025021721,3.12,43.65,0.0,22.84,5.63,7.43,70.2,0.0
baidoa,2025021722,3.12,43.65,0.0,22.09,5.41,7.16,76.11,0.0
baidoa,2025021723,3.12,43.65,0.0,21.51,5.39,7.21,79.99,0.0
baidoa,2025021800,3.12,43.65,0.0,21.1,5.98,7.99,82.92,0.0
baidoa,2025021801,3.12,43.65,0.0,20.81,6.19,8.12,85.15,0.0
baidoa,2025021802,3.12,43.65,0.0,20.63,6.11,7.94,86.62,0.0
baidoa,2025021803,3.12,43.65,23.2,21.01,6.71,8.44,84.69,0.0
baidoa,2025021804,3.12,43.65,235.93,23.19,7.69,9.05,72.42,0.0
baidoa,2025021805,3.12,43.65,501.05,26.37,7.86,9.03,56.91,0.0
baidoa,2025021806,3.12,43.65,740.7,29.96,7.72,8.77,41.36,0.0
baidoa,2025021807,3.12,43.65,921.83,33.08,7.37,8.29,29.36,0.0
baidoa,2025021808,3.12,43.65,1030.22,35.49,6.88,7.69,21.96,0.0
baidoa,2025021809,3.12,43.65,1056.72,37.2,6.28,6.96,17.53,0.0
baidoa,2025021810,3.12,43.65,1001.5,38.23,5.72,6.3,14.9,0.0
baidoa,2025021811,3.12,43.65,865.83,38.55,5.37,5.9,13.52,0.0
baidoa,2025021812,3.12,43.65,662.88,38.17,5.24,5.79,13.08,0.0
baidoa,2025021813,3.12,43.65,410.73,37.09,5.23,5.88,13.45,0.0
baidoa,2025021814,3.12,43.65,148.0,34.85,4.3,6.11,15.14,0.0
baidoa,2025021815,3.12,43.65,3.85,30.41,3.29,6.98,20.1,0.0
baidoa,2025021816,3.12,43.65,0.0,29.35,3.59,7.77,21.98,0.0
baidoa,2025021817,3.12,43.65,0.0,28.36,3.84,8.12,25.46,0.0
baidoa,2025021818,3.12,43.65,0.0,27.37,4.58,8.39,32.69,0.0
baidoa,2025021819,3.12,43.65,0.0,26.12,5.48,8.45,44.73,0.0
baidoa,2025021820,3.12,43.65,0.0,24.78,5.71,8.02,58.44,0.0
baidoa,2025021821,3.12,43.65,0.0,23.66,5.42,7.3,69.62,0.0
baidoa,2025021822,3.12,43.65,0.0,22.8,4.9,6.55,77.1,0.0
baidoa,2025021823,3.12,43.65,0.0,22.2,4.76,6.45,81.61,0.0
baidoa,2025021900,3.12,43.65,0.0,21.78,4.79,6.5,84.2,0.0
baidoa,2025021901,3.12,43.65,0.0,21.46,4.76,6.5,86.02,0.0
baidoa,2025021902,3.12,43.65,0.0,21.24,4.91,6.76,87.19,0.0
baidoa,2025021903,3.12,43.65,22.8,21.62,5.72,7.26,84.79,0.0
baidoa,2025021904,3.12,43.65,233.07,24.09,7.03,8.26,70.75,0.0
baidoa,2025021905,3.12,43.65,495.92,27.36,7.33,8.39,55.1,0.0
baidoa,2025021906,3.12,43.65,731.28,30.9,7.05,7.96,41.24,0.0
baidoa,2025021907,3.12,43.65,911.72,33.85,6.64,7.43,31.04,0.0
baidoa,2025021908,3.12,43.65,1020.3,36.03,6.15,6.83,24.21,0.0
baidoa,2025021909,3.12,43.65,1041.3,37.56,5.55,6.1,19.9,0.0
baidoa,2025021910,3.12,43.65,984.75,38.49,4.92,5.36,17.38,0.0
baidoa,2025021911,3.12,43.65,841.47,38.77,4.42,4.78,16.21,0.0
baidoa,2025021912,3.12,43.65,615.78,38.38,4.16,4.5,15.98,0.0
baidoa,2025021913,3.12,43.65,371.15,37.37,4.11,4.51,16.49,0.0
baidoa,2025021914,3.12,43.65,132.75,35.36,3.56,4.85,18.25,0.0
baidoa,2025021915,3.12,43.65,3.53,31.26,2.94,6.06,23.35,0.0
baidoa,2025021916,3.12,43.65,0.0,30.31,3.38,7.28,24.75,0.0
baidoa,2025021917,3.12,43.65,0.0,29.41,3.72,7.87,26.65,0.0
baidoa,2025021918,3.12,43.65,0.0,28.42,4.42,8.19,30.91,0.0
baidoa,2025021919,3.12,43.65,0.0,27.17,5.45,8.36,39.81,0.0
baidoa,2025021920,3.12,43.65,0.0,25.7,5.93,8.25,52.79,0.0
baidoa,2025021921,3.12,43.65,0.0,24.46,5.87,7.79,65.13,0.0
baidoa,2025021922,3.12,43.65,0.0,23.5,5.54,7.25,74.26,0.0
baidoa,2025021923,3.12,43.65,0.0,22.8,5.38,7.09,80.01,0.0
baidoa,2025022000,3.12,43.65,0.0,22.26,5.41,7.26,83.55,0.0
baidoa,2025022001,3.12,43.65,0.0,21.83,5.45,7.36,85.81,0.0
baidoa,2025022002,3.12,43.65,0.0,21.48,5.24,7.14,87.55,0.0
baidoa,2025022003,3.12,43.65,21.1,21.69,5.76,7.36,86.14,0.0
baidoa,2025022004,3.12,43.65,221.38,24.17,7.34,8.67,71.58,0.0
baidoa,2025022005,3.12,43.65,481.62,27.69,7.68,8.79,54.24,0.0
baidoa,2025022006,3.12,43.65,721.45,31.8,7.3,8.19,37.54,0.0
baidoa,2025022007,3.12,43.65,905.67,35.09,6.64,7.36,26.48,0.0
baidoa,2025022008,3.12,43.65,1015.78,37.2,6.08,6.67,20.38,0.0
baidoa,2025022009,3.12,43.65,1047.85,38.61,5.61,6.11,16.8,0.0
baidoa,2025022010,3.12,43.65,991.78,39.33,5.3,5.73,15.04,0.0
baidoa,2025022011,3.12,43.65,856.03,39.44,5.17,5.59,14.4,0.0
baidoa,2025022012,3.12,43.65,652.25,38.91,5.21,5.67,14.5,0.0
baidoa,2025022013,3.12,43.65,400.73,37.76,5.36,5.97,15.28,0.0
baidoa,2025022014,3.12,43.65,141.35,35.68,4.79,6.45,17.16,0.0
baidoa,2025022015,3.12,43.65,3.65,31.79,3.57,7.71,21.76,0.0
baidoa,2025022016,3.12,43.65,0.0,30.88,4.37,8.74,23.59,0.0
baidoa,2025022017,3.12,43.65,0.0,29.99,5.43,9.16,27.39,0.0
baidoa,2025022018,3.12,43.65,0.0,28.53,6.11,9.06,35.88,0.0
baidoa,2025022019,3.12,43.65,0.0,26.86,6.27,8.64,48.41,0.0
baidoa,2025022020,3.12,43.65,0.0,25.41,5.86,7.81,60.41,0.0
baidoa,2025022021,3.12,43.65,0.0,24.39,5.56,7.35,68.3,0.0
baidoa,2025022022,3.12,43.65,0.0,23.64,5.61,7.5,73.21,0.0
baidoa,2025022023,3.12,43.65,0.0,23.06,5.98,7.99,76.81,0.0
baidoa,2025022100,3.12,43.65,0.0,22.51,6.13,8.14,80.45,0.0
baidoa,2025022101,3.12,43.65,0.0,21.99,6.19,8.28,84.19,0.0
baidoa,2025022102,3.12,43.65,0.0,21.58,6.53,8.76,87.29,0.0
baidoa,2025022103,3.12,43.65,22.38,21.78,7.06,8.98,86.48,0.0
baidoa,2025022104,3.12,43.65,229.35,24.24,8.14,9.66,70.76,0.0
baidoa,2025022105,3.12,43.65,494.52,27.79,8.58,9.98,51.69,0.0
baidoa,2025022106,3.12,43.65,738.67,31.58,8.7,9.99,36.14,0.0
baidoa,2025022107,3.12,43.65,924.15,34.45,8.5,9.67,26.47,0.0
baidoa,2025022108,3.12,43.65,1035.38,36.51,8.3,9.4,20.34,0.0
baidoa,2025022109,3.12,43.65,1059.6,37.92,8.02,9.06,16.78,0.0
baidoa,2025022110,3.12,43.65,1003.95,38.67,7.72,8.7,14.99,0.0
baidoa,2025022111,3.12,43.65,869.12,38.76,7.47,8.44,14.44,0.0
baidoa,2025022112,3.12,43.65,664.72,38.24,7.29,8.31,14.73,0.0
baidoa,2025022113,3.12,43.65,408.67,37.12,7.13,8.28,15.89,0.0
baidoa,2025022114,3.12,43.65,144.2,35.15,6.32,8.22,18.39,0.0
baidoa,2025022115,3.12,43.65,3.72,31.7,4.43,8.62,23.91,0.0
baidoa,2025022116,3.12,43.65,0.0,30.67,5.29,9.02,28.11,0.0
baidoa,2025022117,3.12,43.65,0.0,29.42,6.22,9.21,35.22,0.0
baidoa,2025022118,3.12,43.65,0.0,27.81,6.69,9.11,46.12,0.0
baidoa,2025022119,3.12,43.65,0.0,26.29,6.6,8.68,57.36,0.0
baidoa,2025022120,3.12,43.65,0.0,25.17,6.27,8.21,65.9,0.0
baidoa,2025022121,3.12,43.65,0.0,24.16,6.2,8.12,74.41,0.0
baidoa,2025022122,3.12,43.65,0.0,23.28,6.47,8.4,82.34,0.0
baidoa,2025022123,3.12,43.65,0.0,22.81,6.58,8.42,86.36,0.0
baidoa,2025022200,3.12,43.65,0.0,22.54,6.33,8.09,88.03,0.0
baidoa,2025022201,3.12,43.65,0.0,22.44,6.37,8.31,87.71,0.0
baidoa,2025022202,3.12,43.65,0.0,22.31,6.32,8.32,87.57,0.0
baidoa,2025022203,3.12,43.65,24.0,22.63,6.7,8.6,85.02,0.0
baidoa,2025022204,3.12,43.65,238.62,24.75,7.98,9.46,71.65,0.0
baidoa,2025022205,3.12,43.65,505.33,27.75,8.19,9.47,54.97,0.0
baidoa,2025022206,3.12,43.65,744.83,30.96,8.12,9.27,39.69,0.0
baidoa,2025022207,3.12,43.65,926.42,33.78,8.03,9.12,29.07,0.0
baidoa,2025022208,3.12,43.65,1034.72,35.92,8.0,9.06,22.43,0.0
baidoa,2025022209,3.12,43.65,1060.07,37.39,7.79,8.8,18.35,0.0
baidoa,2025022210,3.12,43.65,1003.25,38.19,7.44,8.4,16.17,0.0
baidoa,2025022211,3.12,43.65,866.47,38.33,7.16,8.07,15.46,0.0
baidoa,2025022212,3.12,43.65,661.35,37.84,6.93,7.87,15.84,0.0
baidoa,2025022213,3.12,43.65,408.7,36.77,6.71,7.76,17.19,0.0
baidoa,2025022214,3.12,43.65,145.43,34.89,5.84,7.6,19.84,0.0
baidoa,2025022215,3.12,43.65,3.7,31.42,3.74,7.87,25.23,0.0
baidoa,2025022216,3.12,43.65,0.0,30.53,4.32,8.5,27.84,0.0
baidoa,2025022217,3.12,43.65,0.0,29.78,4.9,8.54,31.2,0.0
baidoa,2025022218,3.12,43.65,0.0,28.66,5.49,8.47,37.59,0.0
baidoa,2025022219,3.12,43.65,0.0,27.24,5.64,7.96,47.88,0.0
baidoa,2025022220,3.12,43.65,0.0,25.9,5.59,7.45,59.41,0.0
baidoa,2025022221,3.12,43.65,0.0,24.88,5.41,7.07,68.36,0.0
baidoa,2025022222,3.12,43.65,0.0,24.1,5.5,7.21,74.56,0.0
baidoa,2025022223,3.12,43.65,0.0,23.46,5.51,7.21,79.18,0.0
baidoa,2025022300,3.12,43.65,0.0,22.9,5.84,7.81,82.85,0.0
baidoa,2025022301,3.12,43.65,0.0,22.55,6.1,7.93,85.0,0.0
baidoa,2025022302,3.12,43.65,0.0,22.32,6.02,7.79,86.44,0.0
baidoa,2025022303,3.12,43.65,22.58,22.55,6.59,8.34,84.8,0.0
baidoa,2025022304,3.12,43.65,227.7,24.67,7.82,9.26,71.31,0.0
baidoa,2025022305,3.12,43.65,489.52,27.84,8.26,9.59,54.1,0.0
baidoa,2025022306,3.12,43.65,728.2,31.26,8.38,9.6,38.71,0.0
baidoa,2025022307,3.12,43.65,909.58,34.15,8.2,9.29,27.87,0.0
baidoa,2025022308,3.12,43.65,1019.4,36.33,7.91,8.89,21.23,0.0
baidoa,2025022309,3.12,43.65,1048.3,37.75,7.46,8.33,17.82,0.0
baidoa,2025022310,3.12,43.65,991.3,38.5,6.99,7.8,16.3,0.0
baidoa,2025022311,3.12,43.65,855.15,38.61,6.64,7.4,16.0,0.0
baidoa,2025022312,3.12,43.65,652.88,38.11,6.36,7.15,16.62,0.0
baidoa,2025022313,3.12,43.65,402.48,37.01,6.12,7.0,18.09,0.0
baidoa,2025022314,3.12,43.65,142.57,35.14,5.28,6.85,20.66,0.0
baidoa,2025022315,3.12,43.65,3.67,31.59,3.33,7.2,26.19,0.0
baidoa,2025022316,3.12,43.65,0.0,30.67,3.82,7.9,28.81,0.0
baidoa,2025022317,3.12,43.65,0.0,29.92,4.8,8.38,32.58,0.0
baidoa,2025022318,3.12,43.65,0.0,28.74,5.72,8.51,39.86,0.0
baidoa,2025022319,3.12,43.65,0.0,27.17,5.82,7.94,50.63,0.0
baidoa,2025022320,3.12,43.65,0.0,25.81,5.44,7.11,61.04,0.0
baidoa,2025022321,3.12,43.65,0.0,24.82,5.07,6.57,68.43,0.0
baidoa,2025022322,3.12,43.65,0.0,24.15,4.93,6.41,72.78,0.0
baidoa,2025022323,3.12,43.65,0.0,23.59,5.01,6.61,76.02,0.0
baidoa,2025022400,3.12,43.65,0.0,23.08,5.47,7.19,79.13,0.0
baidoa,2025022401,3.12,43.65,0.0,22.58,5.68,7.38,82.39,0.0
baidoa,2025022402,3.12,43.65,0.0,22.29,5.78,7.41,84.57,0.0
baidoa,2025022403,3.12,43.65,24.38,22.55,6.32,7.88,83.82,0.0
baidoa,2025022404,3.12,43.65,236.15,24.78,7.54,8.87,71.86,0.0
baidoa,2025022405,3.12,43.65,500.17,27.91,7.9,9.09,56.9,0.0
baidoa,2025022406,3.12,43.65,733.92,31.34,7.91,9.0,43.2,0.0
baidoa,2025022407,3.12,43.65,920.3,34.31,7.78,8.78,32.28,0.0
baidoa,2025022408,3.12,43.65,1027.68,36.53,7.57,8.47,25.07,0.0
baidoa,2025022409,3.12,43.65,1045.1,38.02,7.27,8.09,20.53,0.0
baidoa,2025022410,3.12,43.65,986.9,38.82,7.0,7.78,17.72,0.0
baidoa,2025022411,3.12,43.65,794.9,38.95,6.88,7.68,16.32,0.0
baidoa,2025022412,3.12,43.65,649.62,38.43,6.86,7.73,15.95,0.0
baidoa,2025022413,3.12,43.65,398.12,37.29,6.81,7.83,16.56,0.0
baidoa,2025022414,3.12,43.65,139.82,35.33,6.07,7.85,18.47,0.0
baidoa,2025022415,3.12,43.65,3.6,31.74,3.98,8.24,23.19,0.0
baidoa,2025022416,3.12,43.65,0.0,30.74,4.66,8.86,25.51,0.0
baidoa,2025022417,3.12,43.65,0.0,29.77,5.54,8.99,29.46,0.0
baidoa,2025022418,3.12,43.65,0.0,28.27,6.05,8.78,38.19,0.0
baidoa,2025022419,3.12,43.65,0.0,26.65,5.95,8.08,50.57,0.0
baidoa,2025022420,3.12,43.65,0.0,25.3,5.57,7.31,62.59,0.0
baidoa,2025022421,3.12,43.65,0.0,24.3,5.27,6.79,71.2,0.0
baidoa,2025022422,3.12,43.65,0.0,23.56,5.37,7.03,76.95,0.0
baidoa,2025022423,3.12,43.65,0.0,22.93,5.63,7.28,81.18,0.0
baidoa,2025022500,3.12,43.65,0.0,22.43,5.51,7.18,84.44,0.0
baidoa,2025022501,3.12,43.65,0.0,22.13,5.5,7.17,86.45,0.0
baidoa,2025022502,3.12,43.65,0.0,21.95,5.35,7.0,87.64,0.0
baidoa,2025022503,3.12,43.65,24.25,22.31,5.69,7.12,85.7,0.0
baidoa,2025022504,3.12,43.65,236.73,24.74,6.63,7.75,70.81,0.0
baidoa,2025022505,3.12,43.65,502.88,28.2,7.03,8.09,53.26,0.0
baidoa,2025022506,3.12,43.65,741.75,31.88,7.31,8.34,38.64,0.0
baidoa,2025022507,3.12,43.65,922.3,34.55,7.46,8.49,29.87,0.0
baidoa,2025022508,3.12,43.65,1029.68,36.51,7.47,8.45,24.4,0.0
baidoa,2025022509,3.12,43.65,1047.32,37.84,7.32,8.24,20.7,0.0
baidoa,2025022510,3.12,43.65,986.33,38.61,7.1,7.98,18.14,0.0
baidoa,2025022511,3.12,43.65,853.58,38.77,6.95,7.81,16.65,0.0
baidoa,2025022512,3.12,43.65,650.2,38.31,6.85,7.76,15.98,0.0
baidoa,2025022513,3.12,43.65,399.15,37.23,6.79,7.84,16.07,0.0
baidoa,2025022514,3.12,43.65,139.77,35.3,6.01,7.93,17.23,0.0
baidoa,2025022515,3.12,43.65,3.58,31.7,4.12,8.52,20.83,0.0
baidoa,2025022516,3.12,43.65,0.0,30.7,4.82,9.2,21.96,0.0
baidoa,2025022517,3.12,43.65,0.0,29.79,5.48,9.36,23.49,0.0
baidoa,2025022518,3.12,43.65,0.0,28.56,5.9,9.22,28.17,0.0
baidoa,2025022519,3.12,43.65,0.0,27.08,6.07,8.88,39.15,0.0
baidoa,2025022520,3.12,43.65,0.0,25.57,6.22,8.46,56.35,0.0
baidoa,2025022521,3.12,43.65,0.0,24.27,5.8,7.59,71.35,0.0
baidoa,2025022522,3.12,43.65,0.0,23.33,5.48,7.23,80.26,0.0
baidoa,2025022523,3.12,43.65,0.0,22.65,5.71,7.71,85.06,0.0
baidoa,2025022600,3.12,43.65,0.0,22.24,5.95,7.93,87.38,0.0
baidoa,2025022601,3.12,43.65,0.0,22.02,5.94,7.84,88.48,0.0
baidoa,2025022602,3.12,43.65,0.0,21.81,5.75,7.64,89.15,0.0
baidoa,2025022603,3.12,43.65,24.95,22.06,6.09,7.72,86.77,0.0
baidoa,2025022604,3.12,43.65,239.25,24.32,6.95,8.16,71.1,0.0
baidoa,2025022605,3.12,43.65,505.42,27.65,7.35,8.48,52.43,0.0
baidoa,2025022606,3.12,43.65,743.88,31.37,7.74,8.87,35.8,0.0
baidoa,2025022607,3.12,43.65,923.08,34.3,7.82,8.88,25.84,0.0
baidoa,2025022608,3.12,43.65,1029.47,36.37,7.72,8.72,20.73,0.0
baidoa,2025022609,3.12,43.65,1048.1,37.75,7.37,8.29,17.95,0.0
baidoa,2025022610,3.12,43.65,988.12,38.49,6.93,7.76,16.68,0.0
baidoa,2025022611,3.12,43.65,847.35,38.61,6.54,7.33,16.49,0.0
baidoa,2025022612,3.12,43.65,639.4,38.14,6.22,7.0,17.05,0.0
baidoa,2025022613,3.12,43.65,387.2,37.05,5.92,6.78,18.41,0.0
baidoa,2025022614,3.12,43.65,133.45,35.18,5.02,6.57,21.01,0.0
baidoa,2025022615,3.12,43.65,3.38,31.56,3.17,6.9,26.85,0.0
baidoa,2025022616,3.12,43.65,0.0,30.77,3.73,7.67,29.53,0.0
baidoa,2025022617,3.12,43.65,0.0,30.05,5.02,8.52,33.38,0.0
baidoa,2025022618,3.12,43.65,0.0,28.76,6.41,8.99,41.29,0.0
baidoa,2025022619,3.12,43.65,0.0,27.08,6.22,8.18,52.18,0.0
baidoa,2025022620,3.12,43.65,0.0,25.74,5.83,7.57,61.85,0.0
baidoa,2025022621,3.12,43.65,0.0,24.88,5.67,7.29,68.1,0.0
baidoa,2025022622,3.12,43.65,0.0,24.27,5.73,7.43,72.43,0.0
baidoa,2025022623,3.12,43.65,0.0,23.73,6.12,7.94,76.65,0.0
baidoa,2025022700,3.12,43.65,0.0,23.37,6.48,8.26,80.08,0.0
baidoa,2025022701,3.12,43.65,0.0,23.19,6.61,8.45,81.77,0.0
baidoa,2025022702,3.12,43.65,0.0,23.05,6.57,8.45,82.71,0.0
baidoa,2025022703,3.12,43.65,22.4,23.34,7.01,8.81,80.63,0.0
baidoa,2025022704,3.12,43.65,218.77,25.45,7.86,9.28,67.79,0.0
baidoa,2025022705,3.12,43.65,475.17,28.58,8.08,9.32,51.8,0.0
baidoa,2025022706,3.12,43.65,711.08,32.09,7.82,8.84,39.06,0.0
baidoa,2025022707,3.12,43.65,892.72,34.88,7.26,8.09,31.17,0.0
baidoa,2025022708,3.12,43.65,1001.83,36.88,6.71,7.44,25.54,0.0
baidoa,2025022709,3.12,43.65,1039.35,38.25,6.13,6.76,21.83,0.0
baidoa,2025022710,3.12,43.65,982.55,39.02,5.59,6.15,19.68,0.0
baidoa,2025022711,3.12,43.65,844.83,39.21,5.24,5.77,18.7,0.0
baidoa,2025022712,3.12,43.65,639.15,38.8,5.1,5.62,18.55,0.0
baidoa,2025022713,3.12,43.65,384.85,37.74,5.09,5.69,19.23,0.0
baidoa,2025022714,3.12,43.65,139.9,35.92,4.63,5.97,20.99,0.0
baidoa,2025022715,3.12,43.65,0.0,32.71,3.3,7.05,25.23,0.0
baidoa,2025022716,3.12,43.65,0.0,31.98,4.2,7.96,26.45,0.0
baidoa,2025022717,3.12,43.65,0.0,31.07,5.1,8.37,28.79,0.0
baidoa,2025022718,3.12,43.65,0.0,29.62,6.09,8.78,35.57,0.0
baidoa,2025022719,3.12,43.65,0.0,27.84,6.7,8.92,48.55,0.0
baidoa,2025022720,3.12,43.65,0.0,26.35,6.66,8.52,61.4,0.0
baidoa,2025022721,3.12,43.65,0.0,25.3,6.64,8.31,69.63,0.0
baidoa,2025022722,3.12,43.65,0.0,24.59,6.45,8.08,73.56,0.0
baidoa,2025022723,3.12,43.65,0.0,24.09,6.16,7.76,75.48,0.0
baidoa,2025022800,3.12,43.65,0.0,23.69,5.81,7.39,77.02,0.0
baidoa,2025022801,3.12,43.65,0.0,23.27,5.48,7.08,79.41,0.0
baidoa,2025022802,3.12,43.65,0.0,22.89,5.2,6.77,81.92,0.0
baidoa,2025022803,3.12,43.65,22.25,22.99,5.61,7.02,81.97,0.0
baidoa,2025022804,3.12,43.65,214.1,24.96,6.88,8.1,70.83,0.0
baidoa,2025022805,3.12,43.65,464.85,27.93,7.38,8.49,56.0,0.0
baidoa,2025022806,3.12,43.65,709.33,31.16,7.35,8.29,43.24,0.0
baidoa,2025022807,3.12,43.65,877.95,33.93,7.02,7.82,34.29,0.0
baidoa,2025022808,3.12,43.65,994.9,35.82,6.72,7.45,29.05,0.0
baidoa,2025022809,3.12,43.65,1025.4,36.96,6.43,7.08,25.7,0.0
baidoa,2025022810,3.12,43.65,967.58,37.37,6.16,6.73,23.81,0.0
baidoa,2025022811,3.12,43.65,813.6,37.24,6.02,6.57,23.01,0.0
baidoa,2025022812,3.12,43.65,596.55,36.6,5.97,6.56,23.27,0.0
baidoa,2025022813,3.12,43.65,362.7,35.64,5.97,6.68,24.35,0.0
baidoa,2025022814,3.12,43.65,134.82,34.07,5.74,7.0,26.71,0.0
baidoa,2025022815,3.12,43.65,0.0,31.82,5.01,8.01,31.19,0.0
baidoa,2025022816,3.12,43.65,0.0,30.84,6.2,8.83,34.53,0.0
baidoa,2025022817,3.12,43.65,0.0,29.82,6.22,8.41,38.9,0.0
baidoa,2025022818,3.12,43.65,0.0,28.76,5.83,7.84,44.41,0.0
baidoa,2025022819,3.12,43.65,0.0,27.8,5.66,7.52,50.63,0.0
baidoa,2025022820,3.12,43.65,0.0,26.91,5.5,7.22,57.05,0.0
baidoa,2025022821,3.12,43.65,0.0,26.09,5.36,6.94,63.23,0.0
baidoa,2025022822,3.12,43.65,0.0,25.34,5.18,6.69,69.05,0.0
baidoa,2025022823,3.12,43.65,0.0,24.63,5.03,6.58,74.51,0.0
baidoa,2025030100,3.12,43.65,0.0,24.0,4.96,6.62,79.43,0.0
baidoa,2025030101,3.12,43.65,0.0,23.34,4.92,6.76,84.4,0.0
baidoa,2025030102,3.12,43.65,0.0,22.73,5.0,6.98,89.17,0.0
baidoa,2025030103,3.12,43.65,24.62,22.99,5.92,7.63,89.09,0.0
baidoa,2025030104,3.12,43.65,230.95,25.72,7.97,9.45,72.97,0.0
baidoa,2025030105,3.12,43.65,487.3,29.25,8.44,9.69,54.7,0.0
baidoa,2025030106,3.12,43.65,723.03,32.59,8.27,9.32,41.06,0.0
baidoa,2025030107,3.12,43.65,910.97,35.29,7.84,8.73,31.93,0.0
baidoa,2025030108,3.12,43.65,1018.47,37.3,7.32,8.1,26.11,0.0
baidoa,2025030109,3.12,43.65,1035.0,38.72,6.62,7.27,22.16,0.0
baidoa,2025030110,3.12,43.65,974.9,39.52,5.89,6.42,19.69,0.0
baidoa,2025030111,3.12,43.65,836.3,39.72,5.37,5.84,18.43,0.0
baidoa,2025030112,3.12,43.65,631.1,39.29,5.07,5.54,18.13,0.0
baidoa,2025030113,3.12,43.65,383.05,38.22,4.98,5.52,18.8,0.0
baidoa,2025030114,3.12,43.65,140.12,36.38,4.51,5.8,20.66,0.0
baidoa,2025030115,3.12,43.65,0.0,32.87,3.4,7.23,25.42,0.0
baidoa,2025030116,3.12,43.65,0.0,32.2,5.37,8.91,28.25,0.0
baidoa,2025030117,3.12,43.65,0.0,30.6,7.04,9.56,36.68,0.0
baidoa,2025030118,3.12,43.65,0.0,28.4,7.51,9.69,51.05,0.0
baidoa,2025030119,3.12,43.65,0.0,26.7,7.36,9.3,63.33,0.0
baidoa,2025030120,3.12,43.65,0.0,25.72,6.76,8.51,69.17,0.0
baidoa,2025030121,3.12,43.65,0.0,24.95,6.42,8.11,73.4,0.0
baidoa,2025030122,3.12,43.65,0.0,24.23,6.34,8.03,78.27,0.0
baidoa,2025030123,3.12,43.65,0.0,23.71,6.33,8.07,82.47,0.0
baidoa,2025030200,3.12,43.65,0.0,23.5,6.48,8.29,84.59,0.0
baidoa,2025030201,3.12,43.65,0.0,23.35,6.43,8.19,85.84,0.0
baidoa,2025030202,3.12,43.65,0.0,23.18,6.26,8.07,86.62,0.0
baidoa,2025030203,3.12,43.65,25.2,23.4,6.73,8.51,85.0,0.0
baidoa,2025030204,3.12,43.65,236.35,25.47,7.8,9.22,71.56,0.0
baidoa,2025030205,3.12,43.65,497.83,28.58,8.03,9.27,54.02,0.0
baidoa,2025030206,3.12,43.65,734.38,31.99,7.8,8.83,39.99,0.0
baidoa,2025030207,3.12,43.65,913.65,34.99,7.04,7.82,31.35,0.0
baidoa,2025030208,3.12,43.65,1020.58,37.24,6.04,6.63,25.86,0.0
baidoa,2025030209,3.12,43.65,1035.38,38.81,5.09,5.53,21.85,0.0
baidoa,2025030210,3.12,43.65,955.7,39.73,4.36,4.71,19.29,0.0
baidoa,2025030211,3.12,43.65,838.83,39.99,3.99,4.28,18.05,0.0
baidoa,2025030212,3.12,43.65,632.6,39.62,3.83,4.1,17.82,0.0
baidoa,2025030213,3.12,43.65,378.45,38.6,3.8,4.11,18.58,0.0
baidoa,2025030214,3.12,43.65,135.38,36.73,3.4,4.48,20.6,0.0
baidoa,2025030215,3.12,43.65,0.0,33.48,2.94,6.2,25.27,0.0
baidoa,2025030216,3.12,43.65,0.0,32.98,5.39,8.44,27.82,0.0
baidoa,2025030217,3.12,43.65,0.0,31.19,7.65,10.06,36.05,0.0
baidoa,2025030218,3.12,43.65,0.0,28.55,8.46,10.6,50.27,0.0
baidoa,2025030219,3.12,43.65,0.0,26.56,7.84,9.69,62.82,0.0
baidoa,2025030220,3.12,43.65,0.0,25.6,7.17,8.9,69.04,0.0
baidoa,2025030221,3.12,43.65,0.0,24.99,6.71,8.39,72.66,0.0
baidoa,2025030222,3.12,43.65,0.0,24.39,6.52,8.21,76.38,0.0
baidoa,2025030223,3.12,43.65,0.0,23.84,6.36,8.03,80.49,0.0
baidoa,2025030300,3.12,43.65,0.0,23.65,6.33,7.93,82.68,0.0
baidoa,2025030301,3.12,43.65,0.0,23.46,5.99,7.58,83.47,0.0
baidoa,2025030302,3.12,43.65,0.0,23.34,5.73,7.28,84.02,0.0
baidoa,2025030303,3.12,43.65,24.95,23.61,5.93,7.42,82.13,0.0
baidoa,2025030304,3.12,43.65,227.3,25.48,6.66,7.76,70.94,0.0
baidoa,2025030305,3.12,43.65,487.75,28.28,6.59,7.46,57.2,0.0
baidoa,2025030306,3.12,43.65,727.3,31.52,6.34,7.04,44.06,0.0
baidoa,2025030307,3.12,43.65,907.65,34.59,5.77,6.29,33.76,0.0
baidoa,2025030308,3.12,43.65,1013.88,36.86,5.06,5.41,27.51,0.0
baidoa,2025030309,3.12,43.65,1015.08,38.38,4.34,4.59,23.69,0.0
baidoa,2025030310,3.12,43.65,919.38,39.22,3.83,4.03,21.41,0.0
baidoa,2025030311,3.12,43.65,728.92,39.45,3.62,3.83,20.2,0.0
baidoa,2025030312,3.12,43.65,560.92,39.08,3.61,3.84,19.89,0.0
baidoa,2025030313,3.12,43.65,314.33,38.1,3.72,4.0,20.48,0.0
baidoa,2025030314,3.12,43.65,115.68,36.38,3.58,4.4,22.22,0.0
baidoa,2025030315,3.12,43.65,0.0,33.74,2.77,5.7,25.85,0.0
baidoa,2025030316,3.12,43.65,0.0,33.39,4.39,7.24,27.43,0.0
baidoa,2025030317,3.12,43.65,0.0,32.09,6.53,8.64,34.1,0.0
baidoa,2025030318,3.12,43.65,0.0,29.59,7.83,9.79,47.88,0.0
baidoa,2025030319,3.12,43.65,0.0,27.22,7.94,9.71,61.78,0.0
baidoa,2025030320,3.12,43.65,0.0,25.74,7.22,8.84,70.66,0.0
baidoa,2025030321,3.12,43.65,0.0,24.99,6.56,8.09,74.82,0.0
baidoa,2025030322,3.12,43.65,0.0,24.61,6.42,7.93,76.75,0.0
baidoa,2025030323,3.12,43.65,0.0,24.34,6.56,8.13,78.1,0.0
baidoa,2025030400,3.12,43.65,0.0,24.14,6.59,8.18,79.32,0.0
baidoa,2025030401,3.12,43.65,0.0,23.94,6.35,7.89,81.15,0.0
baidoa,2025030402,3.12,43.65,0.0,23.76,6.07,7.58,83.09,0.0
baidoa,2025030403,3.12,43.65,25.15,24.05,6.18,7.66,81.37,0.0
baidoa,2025030404,3.12,43.65,217.95,25.99,6.81,7.97,70.12,0.0
baidoa,2025030405,3.12,43.65,469.55,28.68,6.85,7.79,57.31,0.0
baidoa,2025030406,3.12,43.65,719.8,31.64,6.65,7.44,46.12,0.0
baidoa,2025030407,3.12,43.65,900.65,34.29,6.22,6.86,37.64,0.0
baidoa,2025030408,3.12,43.65,1005.22,36.3,5.63,6.14,31.76,0.0
baidoa,2025030409,3.12,43.65,986.08,37.7,5.08,5.49,27.62,0.0
baidoa,2025030410,3.12,43.65,763.97,38.44,4.63,4.97,25.05,0.0
baidoa,2025030411,3.12,43.65,670.45,38.63,4.31,4.62,23.63,0.0
baidoa,2025030412,3.12,43.65,475.58,38.21,4.12,4.44,23.43,0.0
baidoa,2025030413,3.12,43.65,251.38,37.23,4.1,4.47,24.27,0.0
baidoa,2025030414,3.12,43.65,92.03,35.73,4.12,4.88,26.28,0.0
baidoa,2025030415,3.12,43.65,0.0,33.95,3.88,6.36,29.72,0.0
baidoa,2025030416,3.12,43.65,0.0,32.99,6.11,8.27,33.82,0.0
baidoa,2025030417,3.12,43.65,0.0,31.1,7.8,9.87,42.83,0.0
baidoa,2025030418,3.12,43.65,0.0,28.72,8.21,10.09,55.31,0.0
baidoa,2025030419,3.12,43.65,0.0,26.88,7.63,9.35,65.46,0.0
baidoa,2025030420,3.12,43.65,0.0,25.92,6.66,8.19,70.72,0.0
baidoa,2025030421,3.12,43.65,0.0,25.44,5.97,7.41,73.06,0.0
baidoa,2025030422,3.12,43.65,0.0,25.12,5.63,7.05,74.77,0.0
baidoa,2025030423,3.12,43.65,0.0,24.88,5.62,7.08,76.33,0.0
baidoa,2025030500,3.12,43.65,0.0,24.76,5.8,7.31,77.2,0.0
baidoa,2025030501,3.12,43.65,0.0,24.65,5.9,7.47,77.49,0.0
baidoa,2025030502,3.12,43.65,0.0,24.53,5.88,7.48,77.25,0.0
baidoa,2025030503,3.12,43.65,22.85,24.67,6.15,7.68,75.77,0.0
baidoa,2025030504,3.12,43.65,203.85,26.05,6.81,8.0,68.29,0.0
baidoa,2025030505,3.12,43.65,455.88,28.36,7.02,8.05,57.8,0.0
baidoa,2025030506,3.12,43.65,695.8,31.31,6.99,7.88,46.88,0.0
baidoa,2025030507,3.12,43.65,878.88,34.2,6.56,7.29,37.85,0.0
baidoa,2025030508,3.12,43.65,986.65,36.48,5.98,6.6,31.55,0.0
baidoa,2025030509,3.12,43.65,939.03,38.07,5.4,5.92,27.23,0.0
baidoa,2025030510,3.12,43.65,897.6,38.89,4.87,5.3,24.56,0.0
baidoa,2025030511,3.12,43.65,724.8,38.69,4.56,4.96,23.66,0.0
baidoa,2025030512,3.12,43.65,513.75,37.76,4.47,4.89,24.07,0.0
baidoa,2025030513,3.12,43.65,293.8,36.47,4.44,4.99,25.38,0.0
baidoa,2025030514,3.12,43.65,108.18,35.36,4.01,5.14,26.8,0.0
baidoa,2025030515,3.12,43.65,0.0,33.43,3.13,5.87,29.94,0.0
baidoa,2025030516,3.12,43.65,0.0,32.82,4.4,7.18,31.78,0.0
baidoa,2025030517,3.12,43.65,0.0,31.69,6.73,8.87,37.1,0.0
baidoa,2025030518,3.12,43.65,0.0,29.45,8.36,10.35,49.55,0.0
baidoa,2025030519,3.12,43.65,0.0,27.16,8.44,10.36,63.35,0.0
baidoa,2025030520,3.12,43.65,0.0,25.86,7.53,9.3,70.63,0.0
baidoa,2025030521,3.12,43.65,0.0,25.29,7.01,8.78,73.41,0.0
baidoa,2025030522,3.12,43.65,0.0,24.91,6.93,8.73,75.15,0.0
baidoa,2025030523,3.12,43.65,0.0,24.52,6.8,8.56,77.4,0.0
baidoa,2025030600,3.12,43.65,0.0,24.25,6.42,8.08,78.91,0.0
baidoa,2025030601,3.12,43.65,0.0,24.07,5.87,7.45,79.52,0.0
baidoa,2025030602,3.12,43.65,0.0,23.88,5.32,6.88,80.06,0.0
baidoa,2025030603,3.12,43.65,24.67,24.13,5.66,7.13,78.73,0.0
baidoa,2025030604,3.12,43.65,218.07,26.06,6.59,7.68,68.27,0.0
baidoa,2025030605,3.12,43.65,476.33,28.88,6.75,7.71,54.67,0.0
baidoa,2025030606,3.12,43.65,712.85,32.08,6.62,7.44,41.67,0.0
baidoa,2025030607,3.12,43.65,895.17,34.95,6.13,6.79,32.31,0.0
baidoa,2025030608,3.12,43.65,964.88,37.13,5.53,6.04,26.08,0.0
baidoa,2025030609,3.12,43.65,956.8,38.63,5.02,5.44,21.79,0.0
baidoa,2025030610,3.12,43.65,843.62,39.49,4.74,5.12,19.08,0.0
baidoa,2025030611,3.12,43.65,711.42,39.68,4.71,5.07,17.68,0.0
baidoa,2025030612,3.12,43.65,521.25,39.23,4.81,5.22,17.26,0.0
baidoa,2025030613,3.12,43.65,291.42,38.12,4.91,5.43,17.84,0.0
baidoa,2025030614,3.12,43.65,109.2,36.26,4.48,5.65,19.62,0.0
baidoa,2025030615,3.12,43.65,0.0,32.69,3.07,6.54,24.52,0.0
baidoa,2025030616,3.12,43.65,0.0,31.85,4.06,7.89,27.8,0.0
baidoa,2025030617,3.12,43.65,0.0,30.79,6.36,9.22,36.25,0.0
baidoa,2025030618,3.12,43.65,0.0,28.79,7.67,9.82,52.52,0.0
baidoa,2025030619,3.12,43.65,0.0,27.16,7.63,9.49,66.22,0.0
baidoa,2025030620,3.12,43.65,0.0,26.25,6.91,8.61,72.81,0.0
baidoa,2025030621,3.12,43.65,0.0,25.81,6.38,7.96,75.38,0.0
baidoa,2025030622,3.12,43.65,0.0,25.44,5.93,7.44,77.14,0.0
baidoa,2025030623,3.12,43.65,0.0,25.02,5.35,6.79,78.88,0.0
baidoa,2025030700,3.12,43.65,0.0,24.64,4.99,6.43,80.94,0.04
baidoa,2025030701,3.12,43.65,0.0,24.28,4.73,6.26,83.64,0.03
baidoa,2025030702,3.12,43.65,0.0,24.09,4.8,6.38,85.99,0.02
baidoa,2025030703,3.12,43.65,26.25,24.46,5.35,6.73,84.97,0.01
baidoa,2025030704,3.12,43.65,226.0,26.67,6.3,7.38,71.64,0.0
baidoa,2025030705,3.12,43.65,486.08,29.89,6.62,7.54,54.65,0.0
baidoa,2025030706,3.12,43.65,719.33,33.18,6.33,7.08,42.31,0.0
baidoa,2025030707,3.12,43.65,896.7,35.91,5.72,6.32,34.2,0.0
baidoa,2025030708,3.12,43.65,984.97,38.01,5.2,5.73,28.61,0.0
baidoa,2025030709,3.12,43.65,757.72,39.4,4.98,5.5,25.13,0.0
baidoa,2025030710,3.12,43.65,705.4,40.09,5.06,5.56,23.4,0.01
baidoa,2025030711,3.12,43.65,489.17,39.95,5.32,5.83,23.3,0.02
baidoa,2025030712,3.12,43.65,392.33,38.72,5.66,6.3,25.14,0.03
baidoa,2025030713,3.12,43.65,216.77,37.46,5.95,6.79,27.59,0.04
baidoa,2025030714,3.12,43.65,80.47,35.92,5.94,7.29,30.96,0.05
baidoa,2025030715,3.12,43.65,0.0,34.37,5.32,7.64,35.03,0.05
baidoa,2025030716,3.12,43.65,0.0,33.45,5.7,7.96,38.25,0.06
baidoa,2025030717,3.12,43.65,0.0,32.51,6.2,8.16,41.92,0.04
baidoa,2025030718,3.12,43.65,0.0,31.44,6.38,8.28,46.16,0.03
baidoa,2025030719,3.12,43.65,0.0,30.36,6.64,8.45,50.44,0.02
baidoa,2025030720,3.12,43.65,0.0,29.36,6.46,8.19,54.26,0.02
baidoa,2025030721,3.12,43.65,0.0,28.49,6.25,7.88,57.37,0.02
baidoa,2025030722,3.12,43.65,0.0,27.77,6.17,7.82,59.84,0.02
baidoa,2025030723,3.12,43.65,0.0,27.14,6.09,7.7,62.23,0.01
baidoa,2025030800,3.12,43.65,0.0,26.6,6.14,7.79,64.99,0.01
baidoa,2025030801,3.12,43.65,0.0,26.07,6.29,8.03,68.67,0.02
baidoa,2025030802,3.12,43.65,0.0,25.56,6.33,8.11,73.21,0.03
baidoa,2025030803,3.12,43.65,23.2,25.46,6.49,8.14,76.56,0.04
baidoa,2025030804,3.12,43.65,190.38,26.82,7.32,8.79,71.55,0.04
baidoa,2025030805,3.12,43.65,422.88,29.08,7.82,9.14,60.64,0.03
baidoa,2025030806,3.12,43.65,673.97,31.88,7.87,9.02,48.51,0.01
baidoa,2025030807,3.12,43.65,866.75,34.38,7.44,8.41,39.8,0.01
baidoa,2025030808,3.12,43.65,987.08,36.27,6.73,7.5,34.31,0.02
baidoa,2025030809,3.12,43.65,896.55,37.6,6.14,6.77,30.92,0.03
baidoa,2025030810,3.12,43.65,745.45,38.21,5.75,6.32,29.26,0.04
baidoa,2025030811,3.12,43.65,615.97,37.98,5.52,6.08,29.34,0.05
baidoa,2025030812,3.12,43.65,452.65,37.12,5.34,5.96,30.76,0.04
baidoa,2025030813,3.12,43.65,256.23,36.1,5.32,6.04,32.74,0.03
baidoa,2025030814,3.12,43.65,94.68,34.68,5.28,6.3,35.93,0.02
baidoa,2025030815,3.12,43.65,0.0,33.22,5.09,6.86,40.18,0.02
baidoa,2025030816,3.12,43.65,0.0,32.13,5.92,7.64,44.75,0.03
baidoa,2025030817,3.12,43.65,0.0,30.83,7.03,8.83,50.96,0.02
baidoa,2025030818,3.12,43.65,0.0,29.42,7.49,9.28,58.27,0.0
baidoa,2025030819,3.12,43.65,0.0,28.14,7.24,8.89,65.18,0.01
baidoa,2025030820,3.12,43.65,0.0,27.12,6.8,8.33,70.83,0.03
baidoa,2025030821,3.12,43.65,0.0,26.36,6.49,7.95,75.05,0.04
baidoa,2025030822,3.12,43.65,0.0,25.8,6.25,7.69,77.95,0.03
baidoa,2025030823,3.12,43.65,0.0,25.4,6.16,7.64,80.0,0.02
baidoa,2025030900,3.12,43.65,0.0,25.1,6.03,7.53,81.46,0.01
baidoa,2025030901,3.12,43.65,0.0,24.89,5.82,7.35,82.53,0.01
baidoa,2025030902,3.12,43.65,0.0,24.73,5.44,6.89,83.86,0.02
baidoa,2025030903,3.12,43.65,27.38,25.03,5.6,7.03,82.61,0.02
baidoa,2025030904,3.12,43.65,230.68,27.09,6.61,7.76,70.65,0.01
baidoa,2025030905,3.12,43.65,493.38,30.11,6.89,7.92,53.07,0.0
baidoa,2025030906,3.12,43.65,725.15,33.32,6.88,7.79,38.43,0.0
baidoa,2025030907,3.12,43.65,899.85,36.02,6.62,7.37,30.02,0.01
baidoa,2025030908,3.12,43.65,1004.28,38.04,6.24,6.85,25.52,0.01
baidoa,2025030909,3.12,43.65,968.58,39.43,5.87,6.37,22.92,0.02
baidoa,2025030910,3.12,43.65,716.97,40.22,5.62,6.07,21.49,0.01
baidoa,2025030911,3.12,43.65,615.92,40.34,5.61,6.05,20.93,0.01
baidoa,2025030912,3.12,43.65,435.05,39.6,5.77,6.31,21.41,0.01
baidoa,2025030913,3.12,43.65,243.25,38.34,6.07,6.8,22.57,0.02
baidoa,2025030914,3.12,43.65,88.18,36.58,6.32,7.63,24.55,0.03
baidoa,2025030915,3.12,43.65,0.0,34.43,6.28,8.64,27.28,0.01
baidoa,2025030916,3.12,43.65,0.0,32.64,6.94,9.16,29.94,0.01
baidoa,2025030917,3.12,43.65,0.0,30.7,8.05,10.41,36.24,0.01
baidoa,2025030918,3.12,43.65,0.0,29.0,8.08,10.3,48.42,0.02
baidoa,2025030919,3.12,43.65,0.0,27.69,8.15,10.31,60.64,0.06
baidoa,2025030920,3.12,43.65,0.0,26.7,8.0,10.08,67.69,0.12
baidoa,2025030921,3.12,43.65,0.0,26.0,7.35,9.29,71.41,0.11
baidoa,2025030922,3.12,43.65,0.0,25.51,6.8,8.65,74.4,0.08
baidoa,2025030923,3.12,43.65,0.0,25.07,6.42,8.28,77.54,0.05
baidoa,2025031000,3.12,43.65,0.0,24.7,5.95,7.87,80.55,0.04
baidoa,2025031001,3.12,43.65,0.0,24.43,5.4,7.31,82.81,0.03
baidoa,2025031002,3.12,43.65,0.0,24.26,4.97,6.78,84.24,0.02
baidoa,2025031003,3.12,43.65,27.05,24.62,5.48,7.01,82.37,0.01
baidoa,2025031004,3.12,43.65,223.88,26.9,6.7,7.96,67.69,0.01
baidoa,2025031005,3.12,43.65,483.62,30.23,7.38,8.56,47.71,0.0
baidoa,2025031006,3.12,43.65,719.72,33.54,7.65,8.73,34.11,0.0
baidoa,2025031007,3.12,43.65,897.1,36.25,7.64,8.64,27.5,0.0
baidoa,2025031008,3.12,43.65,992.47,38.24,7.46,8.37,23.91,0.0
baidoa,2025031009,3.12,43.65,981.47,39.66,7.2,8.02,21.49,0.0
baidoa,2025031010,3.12,43.65,806.72,40.49,6.89,7.65,19.96,0.0
baidoa,2025031011,3.12,43.65,715.33,40.57,6.64,7.36,19.36,0.0
baidoa,2025031012,3.12,43.65,514.08,40.07,6.55,7.3,19.46,0.0
baidoa,2025031013,3.12,43.65,303.0,38.88,6.57,7.46,20.46,0.0
baidoa,2025031014,3.12,43.65,114.95,37.11,6.25,7.71,22.34,0.0
baidoa,2025031015,3.12,43.65,0.0,34.75,5.13,8.29,25.54,0.0
baidoa,2025031016,3.12,43.65,0.0,33.55,5.95,8.7,27.87,0.0
baidoa,2025031017,3.12,43.65,0.0,32.0,7.03,9.32,33.63,0.0
baidoa,2025031018,3.12,43.65,0.0,29.96,7.74,10.01,45.63,0.0
baidoa,2025031019,3.12,43.65,0.0,28.18,7.95,10.07,57.81,0.0
baidoa,2025031020,3.12,43.65,0.0,27.05,7.55,9.48,65.13,0.0
baidoa,2025031021,3.12,43.65,0.0,26.41,7.12,8.91,68.76,0.0
baidoa,2025031022,3.12,43.65,0.0,26.05,6.84,8.58,70.39,0.0
baidoa,2025031023,3.12,43.65,0.0,25.83,6.46,8.17,71.07,0.0
baidoa,2025031100,3.12,43.65,0.0,25.57,6.02,7.68,72.41,0.01
baidoa,2025031101,3.12,43.65,0.0,25.09,5.6,7.27,76.03,0.02
baidoa,2025031102,3.12,43.65,0.0,24.49,5.3,7.14,81.24,0.02
baidoa,2025031103,3.12,43.65,28.62,24.52,6.1,7.76,83.24,0.02
baidoa,2025031104,3.12,43.65,231.52,26.66,7.26,8.57,71.21,0.0
baidoa,2025031105,3.12,43.65,483.08,29.96,7.67,8.85,53.62,0.0
baidoa,2025031106,3.12,43.65,728.28,33.4,7.67,8.72,39.43,0.0
baidoa,2025031107,3.12,43.65,905.12,36.26,7.47,8.4,30.38,0.0
baidoa,2025031108,3.12,43.65,1004.28,38.26,7.26,8.1,25.25,0.0
baidoa,2025031109,3.12,43.65,963.53,39.55,7.08,7.85,22.4,0.0
baidoa,2025031110,3.12,43.65,823.8,40.14,6.93,7.67,21.24,0.01
baidoa,2025031111,3.12,43.65,718.62,39.94,6.81,7.57,21.26,0.01
baidoa,2025031112,3.12,43.65,544.97,39.31,6.71,7.54,21.9,0.01
baidoa,2025031113,3.12,43.65,331.88,38.25,6.69,7.65,23.21,0.01
baidoa,2025031114,3.12,43.65,124.97,36.55,6.44,7.94,25.87,0.02
baidoa,2025031115,3.12,43.65,0.0,34.66,5.72,8.25,30.32,0.01
baidoa,2025031116,3.12,43.65,0.0,33.3,6.52,8.9,36.12,0.01
baidoa,2025031117,3.12,43.65,0.0,31.53,7.55,9.8,45.47,0.0
baidoa,2025031118,3.12,43.65,0.0,29.66,7.88,10.0,55.89,0.0
baidoa,2025031119,3.12,43.65,0.0,28.31,7.41,9.32,62.86,0.0
baidoa,2025031120,3.12,43.65,0.0,27.36,6.91,8.72,66.98,0.0
baidoa,2025031121,3.12,43.65,0.0,26.59,6.56,8.32,70.13,0.0
baidoa,2025031122,3.12,43.65,0.0,25.91,6.28,7.98,73.12,0.01
baidoa,2025031123,3.12,43.65,0.0,25.33,5.98,7.62,76.24,0.01
baidoa,2025031200,3.12,43.65,0.0,24.96,5.78,7.34,78.78,0.0
baidoa,2025031201,3.12,43.65,0.0,24.75,5.9,7.48,80.46,0.0
baidoa,2025031202,3.12,43.65,0.0,24.59,6.08,7.69,81.68,0.0
baidoa,2025031203,3.12,43.65,30.0,24.83,6.49,8.02,80.09,0.0
baidoa,2025031204,3.12,43.65,235.6,26.76,7.35,8.59,68.87,0.0
baidoa,2025031205,3.12,43.65,500.83,29.59,7.66,8.76,54.8,0.0
baidoa,2025031206,3.12,43.65,737.95,32.85,7.73,8.73,41.99,0.0
baidoa,2025031207,3.12,43.65,913.15,35.58,7.55,8.47,33.43,0.0
baidoa,2025031208,3.12,43.65,1018.97,37.45,7.25,8.1,28.28,0.0
baidoa,2025031209,3.12,43.65,1021.9,38.65,6.85,7.62,24.97,0.0
baidoa,2025031210,3.12,43.65,910.12,39.32,6.45,7.15,22.9,0.0
baidoa,2025031211,3.12,43.65,735.8,39.45,6.15,6.83,21.78,0.0
baidoa,2025031212,3.12,43.65,498.83,38.98,5.94,6.62,21.65,0.0
baidoa,2025031213,3.12,43.65,300.42,37.92,5.75,6.5,22.53,0.0
baidoa,2025031214,3.12,43.65,110.7,36.22,5.31,6.48,24.6,0.0
baidoa,2025031215,3.12,43.65,0.0,34.37,4.32,7.0,27.86,0.0
baidoa,2025031216,3.12,43.65,0.0,33.55,5.8,8.2,31.0,0.0
baidoa,2025031217,3.12,43.65,0.0,31.96,7.51,9.74,38.52,0.0
baidoa,2025031218,3.12,43.65,0.0,29.79,7.9,9.83,49.71,0.0
baidoa,2025031219,3.12,43.65,0.0,27.96,7.18,8.91,59.42,0.0
baidoa,2025031220,3.12,43.65,0.0,26.78,6.48,8.02,65.4,0.0
baidoa,2025031221,3.12,43.65,0.0,25.96,5.99,7.45,69.21,0.0
baidoa,2025031222,3.12,43.65,0.0,25.28,5.79,7.23,72.41,0.0
baidoa,2025031223,3.12,43.65,0.0,24.7,5.68,7.15,75.44,0.0
baidoa,2025031300,3.12,43.65,0.0,24.19,5.55,7.09,78.2,0.0
baidoa,2025031301,3.12,43.65,0.0,23.77,5.43,7.04,80.38,0.0
baidoa,2025031302,3.12,43.65,0.0,23.37,5.32,6.98,82.02,0.0
baidoa,2025031303,3.12,43.65,32.72,23.48,5.75,7.17,80.54,0.0
baidoa,2025031304,3.12,43.65,253.27,25.69,6.5,7.55,66.43,0.0
baidoa,2025031305,3.12,43.65,520.15,29.05,6.77,7.73,49.23,0.0
baidoa,2025031306,3.12,43.65,757.28,32.9,6.72,7.55,34.76,0.0
baidoa,2025031307,3.12,43.65,934.78,35.76,6.33,7.07,26.27,0.0
baidoa,2025031308,3.12,43.65,1037.93,37.72,5.93,6.59,20.85,0.0
baidoa,2025031309,3.12,43.65,1052.3,39.1,5.51,6.09,17.32,0.0
baidoa,2025031310,3.12,43.65,990.85,39.88,5.12,5.63,15.22,0.0
baidoa,2025031311,3.12,43.65,852.45,40.05,4.86,5.32,14.13,0.0
baidoa,2025031312,3.12,43.65,644.35,39.64,4.72,5.18,13.67,0.0
baidoa,2025031313,3.12,43.65,384.38,38.59,4.69,5.21,13.86,0.0
baidoa,2025031314,3.12,43.65,137.05,36.56,4.0,5.42,15.05,0.0
baidoa,2025031315,3.12,43.65,0.0,32.21,3.04,6.41,19.54,0.0
baidoa,2025031316,3.12,43.65,0.0,31.07,3.38,7.33,20.62,0.0
baidoa,2025031317,3.12,43.65,0.0,30.01,3.59,7.68,23.21,0.0
baidoa,2025031318,3.12,43.65,0.0,28.89,4.37,7.97,30.83,0.0
baidoa,2025031319,3.12,43.65,0.0,27.39,5.31,7.91,45.7,0.0
baidoa,2025031320,3.12,43.65,0.0,26.0,5.35,7.34,61.06,0.0
baidoa,2025031321,3.12,43.65,0.0,25.1,5.08,6.67,71.4,0.0
baidoa,2025031322,3.12,43.65,0.0,24.42,4.71,6.22,77.92,0.0
baidoa,2025031323,3.12,43.65,0.0,23.86,4.34,5.89,82.33,0.0
baidoa,2025031400,3.12,43.65,0.0,23.39,4.3,5.99,85.3,0.0
baidoa,2025031401,3.12,43.65,0.0,23.01,4.32,6.03,87.38,0.0
baidoa,2025031402,3.12,43.65,0.0,22.64,4.19,6.01,89.32,0.0
baidoa,2025031403,3.12,43.65,33.58,23.01,4.92,6.28,87.03,0.0
baidoa,2025031404,3.12,43.65,258.12,25.72,6.03,7.0,70.09,0.0
baidoa,2025031405,3.12,43.65,523.33,29.32,6.41,7.25,51.57,0.0
baidoa,2025031406,3.12,43.65,758.97,33.34,6.2,6.85,35.03,0.0
baidoa,2025031407,3.12,43.65,934.3,36.46,5.81,6.4,25.23,0.0
baidoa,2025031408,3.12,43.65,1034.05,38.43,5.72,6.33,20.98,0.0
baidoa,2025031409,3.12,43.65,1048.9,39.77,5.77,6.4,18.52,0.0
baidoa,2025031410,3.12,43.65,985.75,40.5,5.83,6.47,17.02,0.0
baidoa,2025031411,3.12,43.65,843.45,40.61,5.86,6.5,16.34,0.0
baidoa,2025031412,3.12,43.65,635.3,40.12,5.84,6.51,16.34,0.0
baidoa,2025031413,3.12,43.65,383.85,38.99,5.82,6.6,17.12,0.0
baidoa,2025031414,3.12,43.65,135.38,37.05,5.21,6.74,19.0,0.0
baidoa,2025031415,3.12,43.65,0.0,33.37,3.42,7.36,23.98,0.0
baidoa,2025031416,3.12,43.65,0.0,32.33,3.86,8.09,25.96,0.0
baidoa,2025031417,3.12,43.65,0.0,31.43,4.19,8.26,27.9,0.0
baidoa,2025031418,3.12,43.65,0.0,30.41,4.75,8.27,31.44,0.0
baidoa,2025031419,3.12,43.65,0.0,29.07,5.59,8.41,39.21,0.0
baidoa,2025031420,3.12,43.65,0.0,27.55,6.17,8.38,51.75,0.0
baidoa,2025031421,3.12,43.65,0.0,26.19,6.09,7.91,64.68,0.0
baidoa,2025031422,3.12,43.65,0.0,25.22,5.84,7.47,73.68,0.0
baidoa,2025031423,3.12,43.65,0.0,24.54,5.5,7.03,78.76,0.0
baidoa,2025031500,3.12,43.65,0.0,24.02,5.2,6.77,81.99,0.0
baidoa,2025031501,3.12,43.65,0.0,23.65,5.17,6.82,84.4,0.0
baidoa,2025031502,3.12,43.65,0.0,23.45,5.35,7.01,85.87,0.0
baidoa,2025031503,3.12,43.65,32.75,23.83,6.04,7.57,84.05,0.0
baidoa,2025031504,3.12,43.65,248.9,26.09,7.05,8.31,70.53,0.0
baidoa,2025031505,3.12,43.65,513.65,29.37,7.46,8.62,53.06,0.0
baidoa,2025031506,3.12,43.65,744.78,32.95,7.38,8.37,38.96,0.0
baidoa,2025031507,3.12,43.65,916.6,35.91,6.77,7.56,30.78,0.0
baidoa,2025031508,3.12,43.65,1014.22,38.02,6.0,6.63,26.2,0.0
baidoa,2025031509,3.12,43.65,1026.43,39.47,5.39,5.92,23.28,0.0
baidoa,2025031510,3.12,43.65,960.22,40.28,5.06,5.54,21.55,0.0
baidoa,2025031511,3.12,43.65,762.7,40.46,4.96,5.44,20.85,0.0
baidoa,2025031512,3.12,43.65,531.78,40.02,5.09,5.62,21.02,0.0
baidoa,2025031513,3.12,43.65,301.23,38.73,5.28,5.97,22.32,0.0
baidoa,2025031514,3.12,43.65,105.4,37.15,5.09,6.31,24.33,0.0
baidoa,2025031515,3.12,43.65,0.0,35.43,3.84,6.61,27.1,0.0
baidoa,2025031516,3.12,43.65,0.0,34.6,5.09,7.57,29.77,0.0
baidoa,2025031517,3.12,43.65,0.0,32.79,7.05,9.21,37.64,0.0
baidoa,2025031518,3.12,43.65,0.0,30.16,8.14,10.08,51.52,0.0
baidoa,2025031519,3.12,43.65,0.0,28.06,7.75,9.52,64.37,0.0
baidoa,2025031520,3.12,43.65,0.0,27.01,7.1,8.77,71.44,0.0
baidoa,2025031521,3.12,43.65,0.0,26.51,6.72,8.34,75.07,0.0
baidoa,2025031522,3.12,43.65,0.0,26.2,6.57,8.18,77.73,0.0
baidoa,2025031523,3.12,43.65,0.0,25.98,6.5,8.14,79.59,0.0
baidoa,2025031600,3.12,43.65,0.0,25.84,6.32,7.96,80.63,0.0
baidoa,2025031601,3.12,43.65,0.0,25.68,6.12,7.77,81.33,0.0
baidoa,2025031602,3.12,43.65,0.0,25.51,5.87,7.51,81.83,0.0
baidoa,2025031603,3.12,43.65,33.05,25.71,6.11,7.67,80.03,0.0
baidoa,2025031604,3.12,43.65,248.45,27.44,6.76,7.88,69.61,0.0
baidoa,2025031605,3.12,43.65,506.98,30.08,6.7,7.62,56.53,0.0
baidoa,2025031606,3.12,43.65,736.6,33.1,6.49,7.26,44.09,0.0
baidoa,2025031607,3.12,43.65,909.17,35.75,5.96,6.58,35.33,0.0
baidoa,2025031608,3.12,43.65,1008.42,37.82,5.34,5.83,29.49,0.0
baidoa,2025031609,3.12,43.65,1027.57,39.3,4.8,5.21,25.54,0.0
baidoa,2025031610,3.12,43.65,941.78,40.15,4.46,4.82,23.16,0.0
baidoa,2025031611,3.12,43.65,778.3,40.33,4.33,4.67,22.05,0.0
baidoa,2025031612,3.12,43.65,552.2,39.9,4.33,4.7,21.93,0.0
baidoa,2025031613,3.12,43.65,319.08,38.81,4.42,4.87,22.8,0.0
baidoa,2025031614,3.12,43.65,111.32,37.27,4.49,5.33,24.65,0.0
baidoa,2025031615,3.12,43.65,0.0,35.65,4.7,6.86,27.78,0.0
baidoa,2025031616,3.12,43.65,0.0,34.15,7.39,9.46,34.14,0.0
baidoa,2025031617,3.12,43.65,0.0,31.25,9.39,11.47,48.27,0.0
baidoa,2025031618,3.12,43.65,0.0,28.5,9.21,11.19,62.45,0.0
baidoa,2025031619,3.12,43.65,0.0,27.24,8.2,10.04,68.69,0.0
baidoa,2025031620,3.12,43.65,0.0,26.71,7.59,9.39,70.95,0.0
baidoa,2025031621,3.12,43.65,0.0,26.23,7.35,9.1,73.13,0.0
baidoa,2025031622,3.12,43.65,0.0,25.82,7.17,8.87,74.7,0.0
baidoa,2025031623,3.12,43.65,0.0,25.52,6.97,8.64,75.5,0.0
baidoa,2025031700,3.12,43.65,0.0,25.17,6.72,8.42,76.87,0.06
baidoa,2025031701,3.12,43.65,0.0,24.89,6.26,7.97,78.19,0.06
baidoa,2025031702,3.12,43.65,0.0,24.72,5.52,7.06,79.02,0.05
baidoa,2025031703,3.12,43.65,29.1,24.95,5.39,6.7,77.83,0.04
baidoa,2025031704,3.12,43.65,177.77,26.69,6.01,6.96,68.33,0.02
baidoa,2025031705,3.12,43.65,352.42,29.17,6.26,7.05,56.06,0.0
baidoa,2025031706,3.12,43.65,516.15,31.79,6.3,6.98,45.2,0.0
baidoa,2025031707,3.12,43.65,641.83,34.19,6.06,6.63,37.44,0.0
baidoa,2025031708,3.12,43.65,811.75,36.15,5.63,6.07,32.31,0.0
baidoa,2025031709,3.12,43.65,890.55,37.54,4.94,5.27,28.98,0.0
baidoa,2025031710,3.12,43.65,757.35,38.22,4.24,4.49,27.21,0.01
baidoa,2025031711,3.12,43.65,527.35,38.31,3.77,4.01,26.48,0.01
baidoa,2025031712,3.12,43.65,427.7,37.77,3.65,3.92,26.87,0.01
baidoa,2025031713,3.12,43.65,241.62,36.57,3.79,4.16,28.67,0.01
baidoa,2025031714,3.12,43.65,80.6,35.21,4.07,4.71,30.99,0.0
baidoa,2025031715,3.12,43.65,0.0,33.87,4.11,5.93,33.55,0.0
baidoa,2025031716,3.12,43.65,0.0,32.89,5.63,7.54,35.48,0.0
baidoa,2025031717,3.12,43.65,0.0,31.3,7.26,9.21,39.06,0.0
baidoa,2025031718,3.12,43.65,0.0,29.2,7.78,9.65,45.35,0.0
baidoa,2025031719,3.12,43.65,0.0,27.5,7.06,8.72,52.72,0.0
baidoa,2025031720,3.12,43.65,0.0,26.42,6.27,7.76,59.15,0.0
baidoa,2025031721,3.12,43.65,0.0,25.67,5.68,7.07,64.31,0.0
baidoa,2025031722,3.12,43.65,0.0,25.05,5.09,6.39,68.58,0.0
baidoa,2025031723,3.12,43.65,0.0,24.45,4.4,5.64,73.32,0.01
baidoa,2025031800,3.12,43.65,0.0,23.87,3.78,4.99,78.56,0.01
baidoa,2025031801,3.12,43.65,0.0,23.36,3.29,4.55,83.7,0.02
baidoa,2025031802,3.12,43.65,0.0,22.94,3.19,4.53,88.13,0.02
baidoa,2025031803,3.12,43.65,35.47,23.27,3.86,4.85,87.24,0.02
baidoa,2025031804,3.12,43.65,256.92,25.76,4.78,5.51,70.27,0.0
baidoa,2025031805,3.12,43.65,517.5,29.46,5.03,5.6,49.57,0.0
baidoa,2025031806,3.12,43.65,747.3,32.86,4.86,5.29,35.94,0.0
baidoa,2025031807,3.12,43.65,919.3,35.51,4.6,4.97,29.29,0.0
baidoa,2025031808,3.12,43.65,854.08,37.45,4.42,4.76,25.76,0.0
baidoa,2025031809,3.12,43.65,796.62,38.8,4.4,4.76,23.04,0.0
baidoa,2025031810,3.12,43.65,677.47,39.58,4.6,5.0,21.3,0.0
baidoa,2025031811,3.12,43.65,642.0,39.77,4.93,5.37,20.55,0.0
baidoa,2025031812,3.12,43.65,464.95,39.32,5.26,5.8,20.83,0.0
baidoa,2025031813,3.12,43.65,254.02,38.24,5.49,6.16,22.03,0.0
baidoa,2025031814,3.12,43.65,88.88,36.56,5.39,6.53,24.32,0.0
baidoa,2025031815,3.12,43.65,0.0,34.76,5.01,7.49,27.76,0.0
baidoa,2025031816,3.12,43.65,0.0,33.39,7.23,9.49,33.55,0.0
baidoa,2025031817,3.12,43.65,0.0,30.74,9.06,11.23,47.16,0.0
baidoa,2025031818,3.12,43.65,0.0,28.09,8.84,10.81,61.91,0.0
baidoa,2025031819,3.12,43.65,0.0,26.78,7.73,9.5,69.53,0.0
baidoa,2025031820,3.12,43.65,0.0,26.2,6.95,8.59,73.11,0.0
baidoa,2025031821,3.12,43.65,0.0,25.71,6.46,7.99,76.25,0.0
baidoa,2025031822,3.12,43.65,0.0,25.38,6.19,7.64,78.35,0.0
baidoa,2025031823,3.12,43.65,0.0,25.13,5.87,7.28,79.47,0.0
baidoa,2025031900,3.12,43.65,0.0,24.96,5.54,6.89,80.68,0.01
baidoa,2025031901,3.12,43.65,0.0,24.8,5.24,6.59,82.03,0.02
baidoa,2025031902,3.12,43.65,0.0,24.68,5.0,6.35,82.91,0.02
baidoa,2025031903,3.12,43.65,34.4,24.92,5.05,6.24,82.12,0.02
baidoa,2025031904,3.12,43.65,242.88,26.9,5.54,6.41,70.97,0.0
baidoa,2025031905,3.12,43.65,505.3,29.63,5.61,6.33,57.21,0.0
baidoa,2025031906,3.12,43.65,735.85,32.49,5.59,6.22,45.49,0.0
baidoa,2025031907,3.12,43.65,882.47,35.1,5.46,6.04,37.26,0.0
baidoa,2025031908,3.12,43.65,923.67,37.16,5.35,5.91,31.7,0.0
baidoa,2025031909,3.12,43.65,842.9,38.73,5.33,5.92,27.34,0.0
baidoa,2025031910,3.12,43.65,764.42,39.7,5.46,6.06,24.15,0.0
baidoa,2025031911,3.12,43.65,659.7,40.04,5.67,6.29,22.16,0.0
baidoa,2025031912,3.12,43.65,480.42,39.67,5.9,6.59,21.45,0.0
baidoa,2025031913,3.12,43.65,272.85,38.59,6.07,6.88,21.95,0.0
baidoa,2025031914,3.12,43.65,93.35,36.84,5.76,7.04,23.68,0.0
baidoa,2025031915,3.12,43.65,0.0,34.47,4.09,7.27,26.95,0.0
baidoa,2025031916,3.12,43.65,0.0,33.62,5.35,8.15,28.84,0.0
baidoa,2025031917,3.12,43.65,0.0,32.05,7.22,9.46,35.16,0.0
baidoa,2025031918,3.12,43.65,0.0,29.56,8.23,10.32,48.2,0.0
baidoa,2025031919,3.12,43.65,0.0,27.55,7.77,9.61,59.7,0.0
baidoa,2025031920,3.12,43.65,0.0,26.52,6.99,8.72,65.27,0.0
baidoa,2025031921,3.12,43.65,0.0,25.94,6.42,8.06,68.43,0.0
baidoa,2025031922,3.12,43.65,0.0,25.45,5.97,7.51,71.89,0.0
baidoa,2025031923,3.12,43.65,0.0,25.02,5.58,7.07,76.09,0.01
baidoa,2025032000,3.12,43.65,0.0,24.68,5.34,6.78,80.05,0.01
baidoa,2025032001,3.12,43.65,0.0,24.54,5.31,6.77,82.06,0.02
baidoa,2025032002,3.12,43.65,0.0,24.43,5.19,6.67,82.86,0.02
baidoa,2025032003,3.12,43.65,28.5,24.73,5.38,6.72,81.45,0.02
baidoa,2025032004,3.12,43.65,158.9,26.76,5.94,6.92,69.5,0.01
baidoa,2025032005,3.12,43.65,316.2,29.73,6.16,7.02,54.29,0.0
baidoa,2025032006,3.12,43.65,528.05,32.96,6.18,6.95,42.57,0.01
baidoa,2025032007,3.12,43.65,656.83,35.65,5.94,6.61,35.54,0.02
baidoa,2025032008,3.12,43.65,802.7,37.67,5.71,6.32,30.72,0.04
baidoa,2025032009,3.12,43.65,918.25,38.95,5.57,6.14,27.7,0.04
baidoa,2025032010,3.12,43.65,765.55,39.55,5.52,6.05,26.17,0.04
baidoa,2025032011,3.12,43.65,677.03,39.45,5.54,6.09,25.86,0.04
baidoa,2025032012,3.12,43.65,495.6,38.68,5.61,6.22,26.74,0.04
baidoa,2025032013,3.12,43.65,282.4,37.3,5.68,6.42,29.06,0.04
baidoa,2025032014,3.12,43.65,100.78,35.71,5.7,6.8,32.25,0.04
baidoa,2025032015,3.12,43.65,0.0,34.1,5.78,7.81,36.47,0.04
baidoa,2025032016,3.12,43.65,0.0,32.8,7.13,9.16,41.15,0.03
baidoa,2025032017,3.12,43.65,0.0,31.0,8.17,10.26,48.25,0.02
baidoa,2025032018,3.12,43.65,0.0,29.2,8.24,10.26,56.21,0.01
baidoa,2025032019,3.12,43.65,0.0,27.95,7.56,9.4,62.7,0.02
baidoa,2025032020,3.12,43.65,0.0,27.0,6.97,8.67,68.51,0.02
baidoa,2025032021,3.12,43.65,0.0,26.22,6.45,8.01,73.71,0.03
baidoa,2025032022,3.12,43.65,0.0,25.65,6.02,7.46,77.96,0.03
baidoa,2025032023,3.12,43.65,0.0,25.24,5.68,7.05,81.24,0.04
baidoa,2025032100,3.12,43.65,0.0,24.98,5.31,6.63,83.5,0.04
baidoa,2025032101,3.12,43.65,0.0,24.81,4.95,6.19,84.97,0.04
baidoa,2025032102,3.12,43.65,0.0,24.64,4.48,5.64,86.5,0.06
baidoa,2025032103,3.12,43.65,37.33,24.89,4.46,5.56,85.67,0.11
baidoa,2025032104,3.12,43.65,246.82,26.94,5.21,6.09,73.56,0.13
baidoa,2025032105,3.12,43.65,485.23,29.66,5.09,5.72,59.86,0.11
baidoa,2025032106,3.12,43.65,663.08,32.44,4.78,5.28,48.63,0.08
baidoa,2025032107,3.12,43.65,778.0,34.92,4.44,4.85,40.22,0.09
baidoa,2025032108,3.12,43.65,912.2,36.69,4.1,4.46,34.38,0.1
baidoa,2025032109,3.12,43.65,785.3,37.91,3.97,4.29,30.43,0.09
baidoa,2025032110,3.12,43.65,896.4,38.6,4.09,4.43,28.08,0.08
baidoa,2025032111,3.12,43.65,659.67,38.77,4.32,4.69,26.95,0.06
baidoa,2025032112,3.12,43.65,484.1,37.85,4.63,5.1,27.77,0.03
baidoa,2025032113,3.12,43.65,273.48,36.87,4.93,5.54,29.14,0.02
baidoa,2025032114,3.12,43.65,88.97,35.53,5.11,6.08,31.49,0.01
baidoa,2025032115,3.12,43.65,0.0,34.08,4.84,6.93,34.66,0.0
baidoa,2025032116,3.12,43.65,0.0,33.19,5.83,7.88,37.76,0.0
baidoa,2025032117,3.12,43.65,0.0,31.9,6.95,8.98,42.92,0.0
baidoa,2025032118,3.12,43.65,0.0,30.2,7.58,9.6,50.51,0.0
baidoa,2025032119,3.12,43.65,0.0,28.72,7.21,9.09,58.06,0.0
baidoa,2025032120,3.12,43.65,0.0,27.69,6.54,8.23,64.14,0.0
baidoa,2025032121,3.12,43.65,0.0,26.94,5.99,7.52,69.26,0.0
baidoa,2025032122,3.12,43.65,0.0,26.29,5.6,7.08,74.16,0.02
baidoa,2025032123,3.12,43.65,0.0,25.85,5.45,6.95,78.3,0.03
baidoa,2025032200,3.12,43.65,0.0,25.67,5.44,6.97,80.9,0.14
baidoa,2025032201,3.12,43.65,0.0,25.56,5.22,6.71,82.66,0.15
baidoa,2025032202,3.12,43.65,0.0,25.45,4.91,6.41,84.04,0.13
baidoa,2025032203,3.12,43.65,38.33,25.59,5.06,6.41,84.09,0.13
baidoa,2025032204,3.12,43.65,256.0,27.05,5.91,7.0,75.11,0.05
baidoa,2025032205,3.12,43.65,497.38,29.38,5.91,6.74,61.91,0.03
baidoa,2025032206,3.12,43.65,746.12,32.1,5.61,6.25,49.89,0.03
baidoa,2025032207,3.12,43.65,911.97,34.7,5.19,5.73,40.42,0.05
baidoa,2025032208,3.12,43.65,923.12,36.7,4.82,5.28,34.1,0.08
baidoa,2025032209,3.12,43.65,767.53,38.01,4.69,5.16,30.01,0.08
baidoa,2025032210,3.12,43.65,764.0,38.74,4.81,5.28,27.68,0.07
baidoa,2025032211,3.12,43.65,649.4,38.9,5.06,5.56,26.73,0.06
baidoa,2025032212,3.12,43.65,482.02,38.39,5.34,5.9,27.07,0.04
baidoa,2025032213,3.12,43.65,281.33,37.23,5.56,6.28,28.68,0.04
baidoa,2025032214,3.12,43.65,100.2,35.61,5.5,6.65,31.6,0.02
baidoa,2025032215,3.12,43.65,0.0,34.06,5.12,7.27,35.55,0.01
baidoa,2025032216,3.12,43.65,0.0,32.95,5.89,7.89,40.0,0.0
baidoa,2025032217,3.12,43.65,0.0,31.51,6.99,9.08,47.01,0.0
baidoa,2025032218,3.12,43.65,0.0,29.81,7.68,9.65,56.23,0.0
baidoa,2025032219,3.12,43.65,0.0,28.38,7.36,9.18,64.32,0.01
baidoa,2025032220,3.12,43.65,0.0,27.31,6.83,8.54,70.57,0.03
baidoa,2025032221,3.12,43.65,0.0,26.48,6.31,7.93,75.61,0.16
baidoa,2025032222,3.12,43.65,0.0,25.94,6.01,7.57,79.17,0.25
baidoa,2025032223,3.12,43.65,0.0,25.58,5.88,7.44,81.61,0.27
baidoa,2025032300,3.12,43.65,0.0,25.38,5.84,7.42,82.87,0.26
baidoa,2025032301,3.12,43.65,0.0,25.26,5.62,7.19,83.64,0.25
baidoa,2025032302,3.12,43.65,0.0,25.14,5.27,6.87,84.34,0.23
baidoa,2025032303,3.12,43.65,40.03,25.4,5.64,7.22,82.86,0.28
baidoa,2025032304,3.12,43.65,259.42,27.24,6.51,7.66,72.0,0.13
baidoa,2025032305,3.12,43.65,502.4,29.93,6.57,7.49,57.91,0.06
baidoa,2025032306,3.12,43.65,757.03,32.84,6.52,7.33,45.82,0.03
baidoa,2025032307,3.12,43.65,930.55,35.35,6.29,7.01,37.84,0.02
baidoa,2025032308,3.12,43.65,1024.43,37.26,5.93,6.56,32.52,0.02
baidoa,2025032309,3.12,43.65,998.0,38.58,5.6,6.18,28.82,0.02
baidoa,2025032310,3.12,43.65,846.72,39.34,5.43,6.0,26.43,0.03
baidoa,2025032311,3.12,43.65,640.7,39.51,5.41,5.99,25.28,0.02
baidoa,2025032312,3.12,43.65,470.7,38.99,5.44,6.06,25.35,0.02
baidoa,2025032313,3.12,43.65,273.17,37.91,5.53,6.29,26.62,0.03
baidoa,2025032314,3.12,43.65,93.32,36.21,5.4,6.7,29.5,0.02
baidoa,2025032315,3.12,43.65,0.0,34.29,5.14,7.65,34.61,0.01
baidoa,2025032316,3.12,43.65,0.0,32.84,6.41,8.5,41.02,0.03
baidoa,2025032317,3.12,43.65,0.0,30.83,7.57,9.67,51.77,0.08
baidoa,2025032318,3.12,43.65,0.0,28.96,7.49,9.34,63.06,0.15
baidoa,2025032319,3.12,43.65,0.0,27.83,6.74,8.39,70.27,0.21
baidoa,2025032320,3.12,43.65,0.0,27.15,6.15,7.68,74.64,0.27
baidoa,2025032321,3.12,43.65,0.0,26.67,5.8,7.22,78.04,0.32
baidoa,2025032322,3.12,43.65,0.0,26.26,5.55,6.94,81.13,0.33
baidoa,2025032323,3.12,43.65,0.0,25.94,5.36,6.79,83.58,0.36
baidoa,2025032400,3.12,43.65,0.0,25.75,5.21,6.63,85.32,0.32
baidoa,2025032401,3.12,43.65,0.0,25.6,5.08,6.64,86.2,0.29
baidoa,2025032402,3.12,43.65,0.0,25.43,5.02,6.73,86.89,0.26
baidoa,2025032403,3.12,43.65,33.15,25.62,5.3,6.85,85.7,0.28
baidoa,2025032404,3.12,43.65,179.32,26.94,6.12,7.34,77.35,0.18
baidoa,2025032405,3.12,43.65,356.17,29.15,6.3,7.32,64.4,0.13
baidoa,2025032406,3.12,43.65,548.1,31.55,6.3,7.2,52.36,0.08
baidoa,2025032407,3.12,43.65,682.8,33.66,6.15,6.96,43.97,0.06
baidoa,2025032408,3.12,43.65,840.4,35.14,5.99,6.71,38.82,0.05
baidoa,2025032409,3.12,43.65,835.1,36.1,5.87,6.53,35.63,0.05
baidoa,2025032410,3.12,43.65,596.35,36.57,5.85,6.47,33.81,0.05
baidoa,2025032411,3.12,43.65,530.7,36.54,5.88,6.52,33.24,0.04
baidoa,2025032412,3.12,43.65,359.38,35.96,5.84,6.55,34.0,0.04
baidoa,2025032413,3.12,43.65,199.3,34.77,5.78,6.68,36.32,0.05
baidoa,2025032414,3.12,43.65,62.15,33.26,5.41,7.0,40.53,0.02
baidoa,2025032415,3.12,43.65,0.0,31.26,5.42,8.02,48.51,0.02
baidoa,2025032416,3.12,43.65,0.0,29.84,6.57,8.76,56.67,0.06
baidoa,2025032417,3.12,43.65,0.0,28.35,6.76,8.71,66.94,0.2
baidoa,2025032418,3.12,43.65,0.0,27.04,7.04,8.92,76.03,0.4
baidoa,2025032419,3.12,43.65,0.0,26.26,6.36,8.04,81.63,0.52
baidoa,2025032420,3.12,43.65,0.0,25.82,5.74,7.26,85.21,0.55
baidoa,2025032421,3.12,43.65,0.0,25.51,5.36,6.74,88.07,0.55
baidoa,2025032422,3.12,43.65,0.0,25.32,5.15,6.54,89.76,0.5
baidoa,2025032423,3.12,43.65,0.0,25.21,4.96,6.32,90.88,0.48
baidoa,2025032500,3.12,43.65,0.0,25.11,4.85,6.36,91.51,0.81
baidoa,2025032501,3.12,43.65,0.0,25.0,4.87,6.5,91.93,1.58
baidoa,2025032502,3.12,43.65,0.0,24.87,4.78,6.51,92.61,2.33
baidoa,2025032503,3.12,43.65,26.45,24.88,4.63,6.14,92.78,2.4
baidoa,2025032504,3.12,43.65,133.88,25.43,5.03,6.31,88.99,2.02
baidoa,2025032505,3.12,43.65,267.5,26.23,5.15,6.2,83.03,2.74
baidoa,2025032506,3.12,43.65,377.88,27.14,4.89,5.76,77.46,3.96
baidoa,2025032507,3.12,43.65,618.08,27.93,4.54,5.31,73.87,5.34
baidoa,2025032508,3.12,43.65,800.05,28.76,4.23,4.92,70.34,4.86
baidoa,2025032509,3.12,43.65,765.78,29.37,4.12,4.79,67.77,3.21
baidoa,2025032510,3.12,43.65,660.28,29.83,4.3,4.98,65.32,1.75
baidoa,2025032511,3.12,43.65,483.33,30.07,4.5,5.22,63.38,1.3
baidoa,2025032512,3.12,43.65,311.08,29.95,4.64,5.45,62.9,1.25
baidoa,2025032513,3.12,43.65,159.65,29.37,4.45,5.46,64.75,1.09
baidoa,2025032514,3.12,43.65,50.35,28.08,3.14,5.19,73.38,0.7
baidoa,2025032515,3.12,43.65,0.0,26.61,2.46,5.31,83.02,0.48
baidoa,2025032516,3.12,43.65,0.0,26.17,2.62,5.55,84.36,0.35
baidoa,2025032517,3.12,43.65,0.0,25.82,2.77,5.7,85.71,0.23
baidoa,2025032518,3.12,43.65,0.0,25.5,3.04,5.87,87.15,0.23
baidoa,2025032519,3.12,43.65,0.0,25.18,3.53,6.04,89.1,0.32
baidoa,2025032520,3.12,43.65,0.0,24.85,4.0,6.11,91.79,0.43
baidoa,2025032521,3.12,43.65,0.0,24.56,4.23,6.1,94.3,0.46
baidoa,2025032522,3.12,43.65,0.0,24.41,3.8,5.67,95.62,0.43
baidoa,2025032523,3.12,43.65,0.0,24.41,3.84,5.92,95.52,0.42
baidoa,2025032600,3.12,43.65,0.0,24.37,3.88,6.02,95.6,0.33
baidoa,2025032601,3.12,43.65,0.0,24.31,3.67,5.88,95.66,0.29
baidoa,2025032602,3.12,43.65,0.0,24.21,3.46,5.8,95.69,0.26
baidoa,2025032603,3.12,43.65,31.9,24.34,3.57,5.33,94.86,0.24
baidoa,2025032604,3.12,43.65,200.85,24.99,4.43,5.56,90.05,0.15
baidoa,2025032605,3.12,43.65,413.4,25.84,5.08,6.04,80.78,0.07
baidoa,2025032606,3.12,43.65,561.17,27.37,5.42,6.32,68.36,0.04
baidoa,2025032607,3.12,43.65,649.15,29.04,5.58,6.46,58.26,0.05
baidoa,2025032608,3.12,43.65,837.53,30.57,5.5,6.35,51.94,0.11
baidoa,2025032609,3.12,43.65,887.4,32.03,5.26,6.06,47.43,0.15
baidoa,2025032610,3.12,43.65,798.6,33.12,4.96,5.69,44.61,0.18
baidoa,2025032611,3.12,43.65,695.78,33.45,4.7,5.4,43.55,0.2
baidoa,2025032612,3.12,43.65,481.62,33.13,4.51,5.23,44.12,0.2
baidoa,2025032613,3.12,43.65,264.1,32.17,4.29,5.09,46.54,0.13
baidoa,2025032614,3.12,43.65,87.05,30.4,3.19,5.01,55.9,0.04
baidoa,2025032615,3.12,43.65,0.0,28.14,2.42,5.24,71.18,0.01
baidoa,2025032616,3.12,43.65,0.0,27.46,2.62,5.73,73.03,0.01
baidoa,2025032617,3.12,43.65,0.0,26.84,2.82,6.1,74.79,0.0
baidoa,2025032618,3.12,43.65,0.0,26.19,3.03,6.34,77.2,0.0
baidoa,2025032619,3.12,43.65,0.0,25.63,3.24,6.42,79.67,0.01
baidoa,2025032620,3.12,43.65,0.0,25.08,3.41,6.33,82.42,0.07
baidoa,2025032621,3.12,43.65,0.0,24.58,3.44,6.05,85.31,0.13
baidoa,2025032622,3.12,43.65,0.0,24.11,3.37,5.74,88.16,0.21
baidoa,2025032623,3.12,43.65,0.0,23.71,3.26,5.51,90.86,0.25
baidoa,2025032700,3.12,43.65,0.0,23.41,3.38,5.51,93.13,0.19
baidoa,2025032701,3.12,43.65,0.0,23.29,3.67,5.64,94.43,0.16
baidoa,2025032702,3.12,43.65,0.0,23.19,3.83,5.85,95.21,0.13
baidoa,2025032703,3.12,43.65,32.9,23.52,4.6,6.26,93.38,0.1
baidoa,2025032704,3.12,43.65,203.07,25.17,6.42,7.88,82.35,0.06
baidoa,2025032705,3.12,43.65,426.5,27.87,6.88,8.13,63.98,0.04
baidoa,2025032706,3.12,43.65,659.2,30.48,6.77,7.88,50.85,0.01
baidoa,2025032707,3.12,43.65,860.92,32.61,6.42,7.4,43.79,0.0
baidoa,2025032708,3.12,43.65,979.55,34.22,6.01,6.88,39.18,0.0
baidoa,2025032709,3.12,43.65,932.1,35.35,5.74,6.56,35.84,0.0
baidoa,2025032710,3.12,43.65,845.92,35.99,5.62,6.42,33.53,0.0
baidoa,2025032711,3.12,43.65,642.42,36.13,5.53,6.33,32.15,0.0
baidoa,2025032712,3.12,43.65,423.27,35.74,5.42,6.28,31.61,0.0
baidoa,2025032713,3.12,43.65,251.18,34.69,5.26,6.29,32.71,0.0
baidoa,2025032714,3.12,43.65,89.93,32.09,3.56,6.3,43.52,0.0
baidoa,2025032715,3.12,43.65,0.0,29.21,3.13,6.89,56.39,0.0
baidoa,2025032716,3.12,43.65,0.0,28.26,3.52,7.57,58.79,0.0
baidoa,2025032717,3.12,43.65,0.0,27.44,4.57,8.3,62.39,0.0
baidoa,2025032718,3.12,43.65,0.0,26.41,5.45,8.36,70.46,0.0
baidoa,2025032719,3.12,43.65,0.0,25.38,5.3,7.59,79.74,0.01
baidoa,2025032720,3.12,43.65,0.0,24.64,4.36,6.34,86.16,0.02
baidoa,2025032721,3.12,43.65,0.0,24.13,3.87,5.8,89.54,0.01
baidoa,2025032722,3.12,43.65,0.0,23.75,3.72,5.66,91.36,0.01
baidoa,2025032723,3.12,43.65,0.0,23.45,3.72,5.68,92.76,0.01
baidoa,2025032800,3.12,43.65,0.0,23.32,4.27,6.33,92.94,0.02
baidoa,2025032801,3.12,43.65,0.0,23.17,4.65,6.7,93.39,0.03
baidoa,2025032802,3.12,43.65,0.0,23.02,4.99,7.04,93.75,0.04
baidoa,2025032803,3.12,43.65,35.4,23.25,5.5,7.23,91.98,0.04
baidoa,2025032804,3.12,43.65,204.3,24.92,6.9,8.44,80.1,0.0
baidoa,2025032805,3.12,43.65,391.62,27.52,7.41,8.78,62.31,0.0
baidoa,2025032806,3.12,43.65,703.4,30.24,7.39,8.64,47.42,0.0
baidoa,2025032807,3.12,43.65,902.55,32.47,6.99,8.12,38.08,0.0
baidoa,2025032808,3.12,43.65,1009.45,33.98,6.4,7.37,33.16,0.0
baidoa,2025032809,3.12,43.65,1018.38,34.95,5.91,6.76,30.92,0.0
baidoa,2025032810,3.12,43.65,896.2,35.44,5.61,6.38,30.25,0.0
baidoa,2025032811,3.12,43.65,612.5,35.45,5.45,6.22,30.58,0.0
baidoa,2025032812,3.12,43.65,509.85,34.99,5.28,6.1,31.76,0.0
baidoa,2025032813,3.12,43.65,299.48,33.9,4.84,5.83,34.47,0.0
baidoa,2025032814,3.12,43.65,103.45,31.45,3.02,5.26,48.24,0.0
baidoa,2025032815,3.12,43.65,0.0,29.06,2.43,4.9,62.35,0.0
baidoa,2025032816,3.12,43.65,0.0,28.35,2.51,5.15,64.85,0.0
baidoa,2025032817,3.12,43.65,0.0,27.81,3.13,6.63,63.54,0.0
baidoa,2025032818,3.12,43.65,0.0,27.22,5.15,8.18,65.26,0.0
baidoa,2025032819,3.12,43.65,0.0,26.05,5.95,8.17,75.8,0.0
baidoa,2025032820,3.12,43.65,0.0,25.07,4.77,6.52,85.22,0.01
baidoa,2025032821,3.12,43.65,0.0,24.52,3.8,5.48,90.15,0.01
baidoa,2025032822,3.12,43.65,0.0,24.21,3.37,5.03,92.29,0.02
baidoa,2025032823,3.12,43.65,0.0,24.04,3.28,5.0,92.92,0.02
baidoa,2025032900,3.12,43.65,0.0,23.96,3.48,5.14,92.84,0.01
baidoa,2025032901,3.12,43.65,0.0,23.85,3.47,5.08,93.03,0.02
baidoa,2025032902,3.12,43.65,0.0,23.71,3.57,5.25,93.19,0.01
baidoa,2025032903,3.12,43.65,38.28,23.93,3.9,5.14,91.77,0.01
baidoa,2025032904,3.12,43.65,232.38,25.37,4.96,5.96,81.48,0.0
baidoa,2025032905,3.12,43.65,476.33,27.34,5.07,5.81,68.95,0.0
baidoa,2025032906,3.12,43.65,713.35,29.4,4.74,5.33,57.51,0.0
baidoa,2025032907,3.12,43.65,861.17,31.11,4.33,4.83,49.56,0.0
baidoa,2025032908,3.12,43.65,958.25,32.26,3.9,4.32,45.79,0.0
baidoa,2025032909,3.12,43.65,922.67,32.8,3.52,3.9,44.21,0.0
baidoa,2025032910,3.12,43.65,719.08,32.79,3.17,3.53,43.85,0.01
baidoa,2025032911,3.12,43.65,629.72,32.69,2.9,3.27,43.6,0.01
baidoa,2025032912,3.12,43.65,441.35,32.68,2.68,3.05,43.36,0.01
baidoa,2025032913,3.12,43.65,237.5,32.23,2.47,2.86,44.35,0.0
baidoa,2025032914,3.12,43.65,78.43,30.96,1.86,2.68,51.59,0.0
baidoa,2025032915,3.12,43.65,0.0,28.76,1.62,2.99,72.1,0.0
baidoa,2025032916,3.12,43.65,0.0,27.99,2.12,4.39,71.21,0.0
baidoa,2025032917,3.12,43.65,0.0,27.35,3.16,6.02,69.48,0.0
baidoa,2025032918,3.12,43.65,0.0,26.46,4.41,6.89,72.39,0.0
baidoa,2025032919,3.12,43.65,0.0,25.46,5.01,6.82,78.95,0.0
baidoa,2025032920,3.12,43.65,0.0,24.61,4.5,5.92,85.82,0.01
baidoa,2025032921,3.12,43.65,0.0,24.15,4.16,5.58,90.2,0.07
baidoa,2025032922,3.12,43.65,0.0,23.96,4.14,5.48,92.52,0.13
baidoa,2025032923,3.12,43.65,0.0,23.87,4.16,5.67,93.77,0.16
baidoa,2025033000,3.12,43.65,0.0,23.85,4.27,6.03,94.1,0.14
baidoa,2025033001,3.12,43.65,0.0,23.77,4.34,6.24,94.12,0.15
baidoa,2025033002,3.12,43.65,0.0,23.72,4.21,6.15,94.44,0.15
baidoa,2025033003,3.12,43.65,41.15,24.02,4.41,5.94,93.06,0.15
baidoa,2025033004,3.12,43.65,240.07,25.33,5.35,6.54,84.18,0.1
baidoa,2025033005,3.12,43.65,462.27,27.29,5.61,6.49,72.21,0.02
baidoa,2025033006,3.12,43.65,629.97,29.11,5.5,6.2,62.65,0.0
baidoa,2025033007,3.12,43.65,681.97,30.49,5.36,5.95,56.28,0.02
baidoa,2025033008,3.12,43.65,823.78,31.04,5.28,5.83,53.4,0.12
baidoa,2025033009,3.12,43.65,805.67,31.31,5.16,5.67,51.93,0.21
baidoa,2025033010,3.12,43.65,661.92,31.64,5.0,5.5,50.26,0.24
baidoa,2025033011,3.12,43.65,625.95,31.77,4.84,5.36,49.17,0.28
baidoa,2025033012,3.12,43.65,463.25,31.47,4.67,5.24,49.46,0.26
baidoa,2025033013,3.12,43.65,250.7,30.78,4.39,5.07,51.11,0.19
baidoa,2025033014,3.12,43.65,81.0,29.29,3.17,4.74,59.19,0.09
baidoa,2025033015,3.12,43.65,0.0,27.13,2.22,4.69,74.93,0.07
baidoa,2025033016,3.12,43.65,0.0,26.49,2.3,4.91,77.5,0.05
baidoa,2025033017,3.12,43.65,0.0,25.99,2.45,5.36,78.78,0.02
baidoa,2025033018,3.12,43.65,0.0,25.54,3.04,6.14,80.03,0.01
baidoa,2025033019,3.12,43.65,0.0,25.06,4.09,6.76,83.43,0.0
baidoa,2025033020,3.12,43.65,0.0,24.47,4.3,6.33,89.6,0.02
baidoa,2025033021,3.12,43.65,0.0,24.13,3.85,5.55,93.77,0.07
baidoa,2025033022,3.12,43.65,0.0,24.0,3.53,5.36,95.16,0.1
baidoa,2025033023,3.12,43.65,0.0,23.87,3.41,5.42,95.71,0.09
baidoa,2025033100,3.12,43.65,0.0,23.85,3.47,5.44,95.61,0.09
baidoa,2025033101,3.12,43.65,0.0,23.83,3.56,5.62,95.75,0.09
baidoa,2025033102,3.12,43.65,0.0,23.87,3.68,5.74,95.72,0.08
baidoa,2025033103,3.12,43.65,41.45,24.14,3.96,5.53,94.59,0.08
baidoa,2025033104,3.12,43.65,207.55,25.35,4.77,5.87,87.06,0.04
baidoa,2025033105,3.12,43.65,387.85,27.22,4.84,5.58,74.49,0.0
baidoa,2025033106,3.12,43.65,629.9,29.3,4.49,5.03,63.09,0.0
baidoa,2025033107,3.12,43.65,828.25,31.21,3.99,4.4,54.55,0.01
baidoa,2025033108,3.12,43.65,895.95,32.89,3.37,3.69,47.97,0.01
baidoa,2025033109,3.12,43.65,903.75,34.38,2.74,2.99,42.46,0.02
baidoa,2025033110,3.12,43.65,728.15,35.1,2.49,2.75,39.07,0.02
baidoa,2025033111,3.12,43.65,626.25,34.95,2.9,3.18,38.24,0.03
baidoa,2025033112,3.12,43.65,376.23,33.86,3.71,4.15,40.23,0.04
baidoa,2025033113,3.12,43.65,214.6,32.24,4.5,5.35,44.73,0.02
baidoa,2025033114,3.12,43.65,66.38,30.27,4.14,6.28,53.46,0.02
baidoa,2025033115,3.12,43.65,0.0,28.44,4.14,7.1,62.06,0.02
baidoa,2025033116,3.12,43.65,0.0,27.44,4.49,7.13,65.87,0.01
baidoa,2025033117,3.12,43.65,0.0,26.54,4.28,6.63,70.03,0.0
baidoa,2025033118,3.12,43.65,0.0,25.75,3.95,6.03,74.62,0.0
baidoa,2025033119,3.12,43.65,0.0,25.03,3.6,5.43,80.06,0.0
baidoa,2025033120,3.12,43.65,0.0,24.45,3.28,4.8,85.61,0.0
baidoa,2025033121,3.12,43.65,0.0,24.01,3.03,4.3,90.6,0.07
baidoa,2025033122,3.12,43.65,0.0,23.81,2.62,3.72,93.66,0.21
baidoa,2025033123,3.12,43.65,0.0,23.78,2.24,3.52,94.79,0.39
baidoa,2025040100,3.12,43.65,0.0,23.69,1.98,3.53,95.78,0.32
baidoa,2025040101,3.12,43.65,0.0,23.59,1.88,3.65,96.4,0.39
baidoa,2025040102,3.12,43.65,0.0,23.51,1.99,3.94,96.67,0.37
baidoa,2025040103,3.12,43.65,47.65,24.03,2.89,4.09,93.96,0.4
baidoa,2025040104,3.12,43.65,273.08,25.38,3.63,4.22,85.02,0.42
baidoa,2025040105,3.12,43.65,529.42,27.75,3.64,4.05,68.32,0.33
baidoa,2025040106,3.12,43.65,754.2,30.35,3.49,3.77,55.57,0.37
baidoa,2025040107,3.12,43.65,907.08,32.12,3.37,3.6,49.83,0.37
baidoa,2025040108,3.12,43.65,864.97,33.22,3.27,3.46,46.7,0.37
baidoa,2025040109,3.12,43.65,794.88,33.84,3.15,3.31,44.53,0.32
baidoa,2025040110,3.12,43.65,696.62,34.23,3.07,3.2,42.79,0.23
baidoa,2025040111,3.12,43.65,524.03,34.42,3.05,3.19,41.51,0.16
baidoa,2025040112,3.12,43.65,324.42,34.12,3.08,3.25,41.22,0.11
baidoa,2025040113,3.12,43.65,194.77,33.31,3.18,3.45,42.38,0.09
baidoa,2025040114,3.12,43.65,65.3,31.44,2.68,3.98,50.73,0.03
baidoa,2025040115,3.12,43.65,0.0,28.62,2.5,5.46,67.5,0.02
baidoa,2025040116,3.12,43.65,0.0,27.77,3.2,6.77,67.46,0.02
baidoa,2025040117,3.12,43.65,0.0,27.0,3.78,7.33,68.86,0.01
baidoa,2025040118,3.12,43.65,0.0,26.17,4.01,7.07,72.21,0.01
baidoa,2025040119,3.12,43.65,0.0,25.36,4.0,6.53,77.0,0.0
baidoa,2025040120,3.12,43.65,0.0,24.64,3.64,5.7,82.58,0.0
baidoa,2025040121,3.12,43.65,0.0,24.1,3.1,4.85,87.74,0.0
baidoa,2025040122,3.12,43.65,0.0,23.68,2.54,4.15,92.08,0.0
baidoa,2025040123,3.12,43.65,0.0,23.41,2.06,3.61,94.73,0.0
baidoa,2025040200,3.12,43.65,0.0,23.22,1.75,3.3,96.21,0.0
baidoa,2025040201,3.12,43.65,0.0,23.11,1.64,3.14,96.84,0.0
baidoa,2025040202,3.12,43.65,0.0,22.99,1.62,3.14,97.28,0.01
baidoa,2025040203,3.12,43.65,48.08,23.76,2.3,3.21,93.28,0.01
baidoa,2025040204,3.12,43.65,272.77,26.14,3.36,3.87,79.05,0.0
baidoa,2025040205,3.12,43.65,520.53,29.22,3.43,3.73,62.21,0.0
baidoa,2025040206,3.12,43.65,730.72,32.19,3.33,3.56,50.05,0.0
baidoa,2025040207,3.12,43.65,822.0,34.26,3.38,3.61,42.92,0.0
baidoa,2025040208,3.12,43.65,909.28,35.74,3.45,3.68,37.75,0.0
baidoa,2025040209,3.12,43.65,931.75,36.74,3.52,3.77,34.11,0.0
baidoa,2025040210,3.12,43.65,781.1,37.3,3.56,3.83,31.72,0.0
baidoa,2025040211,3.12,43.65,661.6,37.37,3.62,3.89,30.43,0.0
baidoa,2025040212,3.12,43.65,444.7,36.91,3.74,4.05,30.09,0.0
baidoa,2025040213,3.12,43.65,238.23,35.88,3.88,4.32,31.28,0.0
baidoa,2025040214,3.12,43.65,73.03,33.37,3.04,5.18,41.39,0.0
baidoa,2025040215,3.12,43.65,0.0,30.52,3.57,7.36,53.32,0.0
baidoa,2025040216,3.12,43.65,0.0,29.57,5.68,8.92,56.08,0.01
baidoa,2025040217,3.12,43.65,0.0,28.0,6.84,9.43,66.22,0.02
baidoa,2025040218,3.12,43.65,0.0,26.47,6.68,8.75,76.85,0.05
baidoa,2025040219,3.12,43.65,0.0,25.5,5.49,7.38,84.23,0.09
baidoa,2025040220,3.12,43.65,0.0,24.93,4.96,6.76,88.86,0.18
baidoa,2025040221,3.12,43.65,0.0,24.62,4.89,6.64,91.64,0.25
baidoa,2025040222,3.12,43.65,0.0,24.45,4.73,6.41,93.27,0.31
baidoa,2025040223,3.12,43.65,0.0,24.34,4.52,6.28,94.01,0.25
baidoa,2025040300,3.12,43.65,0.0,24.27,4.38,6.28,93.77,0.18
baidoa,2025040301,3.12,43.65,0.0,24.17,4.18,6.15,94.07,0.11
baidoa,2025040302,3.12,43.65,0.0,24.07,3.93,5.96,94.39,0.07
baidoa,2025040303,3.12,43.65,48.38,24.39,4.18,5.61,92.79,0.05
baidoa,2025040304,3.12,43.65,250.45,26.06,4.86,5.74,81.28,0.04
baidoa,2025040305,3.12,43.65,481.17,28.54,4.76,5.35,67.12,0.03
baidoa,2025040306,3.12,43.65,598.9,31.11,4.64,5.05,55.57,0.05
baidoa,2025040307,3.12,43.65,682.6,33.3,4.17,4.42,47.66,0.09
baidoa,2025040308,3.12,43.65,899.55,34.91,3.51,3.65,42.11,0.19
baidoa,2025040309,3.12,43.65,901.03,35.7,3.08,3.23,38.83,0.2
baidoa,2025040310,3.12,43.65,709.65,35.98,3.08,3.28,37.14,0.15
baidoa,2025040311,3.12,43.65,699.1,35.97,3.22,3.48,36.38,0.11
baidoa,2025040312,3.12,43.65,493.55,35.54,3.3,3.61,36.68,0.09
baidoa,2025040313,3.12,43.65,277.33,34.38,3.29,3.7,38.92,0.08
baidoa,2025040314,3.12,43.65,92.45,32.52,2.63,4.15,48.14,0.04
baidoa,2025040315,3.12,43.65,0.0,29.76,2.59,5.67,64.17,0.06
baidoa,2025040316,3.12,43.65,0.0,28.84,3.88,7.44,64.3,0.09
baidoa,2025040317,3.12,43.65,0.0,27.78,5.52,8.51,68.09,0.11
baidoa,2025040318,3.12,43.65,0.0,26.61,6.08,8.39,74.93,0.08
baidoa,2025040319,3.12,43.65,0.0,25.68,5.61,7.65,81.02,0.06
baidoa,2025040320,3.12,43.65,0.0,24.99,4.63,6.39,85.98,0.04
baidoa,2025040321,3.12,43.65,0.0,24.49,4.03,5.65,89.77,0.06
baidoa,2025040322,3.12,43.65,0.0,24.21,3.97,5.58,91.89,0.09
baidoa,2025040323,3.12,43.65,0.0,24.07,4.06,5.66,92.64,0.11
baidoa,2025040400,3.12,43.65,0.0,23.96,4.04,5.74,93.44,0.09
baidoa,2025040401,3.12,43.65,0.0,23.88,3.91,5.69,94.0,0.1
baidoa,2025040402,3.12,43.65,0.0,23.81,3.76,5.66,94.41,0.1
baidoa,2025040403,3.12,43.65,49.33,24.19,4.14,5.57,92.42,0.07
baidoa,2025040404,3.12,43.65,263.17,25.93,5.13,6.14,81.39,0.06
baidoa,2025040405,3.12,43.65,510.65,28.47,5.12,5.83,65.65,0.02
baidoa,2025040406,3.12,43.65,623.62,31.0,4.7,5.21,53.57,0.02
baidoa,2025040407,3.12,43.65,687.5,33.12,4.31,4.71,46.0,0.02
baidoa,2025040408,3.12,43.65,813.88,34.64,3.92,4.28,41.32,0.02
baidoa,2025040409,3.12,43.65,856.42,35.57,3.51,3.82,38.1,0.01
baidoa,2025040410,3.12,43.65,744.5,36.04,3.2,3.48,35.98,0.02
baidoa,2025040411,3.12,43.65,635.78,36.12,3.08,3.38,34.82,0.02
baidoa,2025040412,3.12,43.65,458.75,35.8,3.06,3.4,34.58,0.01
baidoa,2025040413,3.12,43.65,251.1,34.68,3.09,3.5,36.32,0.01
baidoa,2025040414,3.12,43.65,80.03,32.76,2.47,4.03,45.78,0.01
baidoa,2025040415,3.12,43.65,0.0,30.03,2.7,5.87,60.17,0.02
baidoa,2025040416,3.12,43.65,0.0,29.19,4.27,7.53,60.16,0.02
baidoa,2025040417,3.12,43.65,0.0,27.92,5.74,8.33,66.42,0.02
baidoa,2025040418,3.12,43.65,0.0,26.58,6.31,8.4,75.26,0.02
baidoa,2025040419,3.12,43.65,0.0,25.64,5.64,7.34,82.68,0.04
baidoa,2025040420,3.12,43.65,0.0,25.07,4.46,6.0,87.67,0.05
baidoa,2025040421,3.12,43.65,0.0,24.71,3.97,5.5,90.55,0.08
baidoa,2025040422,3.12,43.65,0.0,24.47,3.86,5.49,91.94,0.1
baidoa,2025040423,3.12,43.65,0.0,24.31,3.94,5.61,92.45,0.11
baidoa,2025040500,3.12,43.65,0.0,24.14,3.85,5.65,93.1,0.1
baidoa,2025040501,3.12,43.65,0.0,24.02,3.99,5.85,93.42,0.06
baidoa,2025040502,3.12,43.65,0.0,23.88,3.87,5.72,93.95,0.04
baidoa,2025040503,3.12,43.65,43.35,24.21,4.2,5.55,92.22,0.03
baidoa,2025040504,3.12,43.65,237.15,25.97,5.42,6.54,80.31,0.01
baidoa,2025040505,3.12,43.65,476.73,28.45,5.69,6.55,65.41,0.0
baidoa,2025040506,3.12,43.65,691.33,30.92,5.7,6.49,53.14,0.0
baidoa,2025040507,3.12,43.65,866.88,33.13,5.67,6.43,43.6,0.01
baidoa,2025040508,3.12,43.65,988.5,34.76,5.57,6.34,37.62,0.05
baidoa,2025040509,3.12,43.65,987.47,35.78,5.43,6.23,33.85,0.06
baidoa,2025040510,3.12,43.65,913.1,36.41,5.25,6.05,31.14,0.04
baidoa,2025040511,3.12,43.65,751.92,36.55,5.14,5.94,29.35,0.03
baidoa,2025040512,3.12,43.65,539.53,36.12,5.04,5.87,28.65,0.02
baidoa,2025040513,3.12,43.65,307.33,34.95,4.78,5.82,29.7,0.02
baidoa,2025040514,3.12,43.65,100.47,32.3,2.99,5.78,41.7,0.02
baidoa,2025040515,3.12,43.65,0.0,29.28,3.07,6.77,53.37,0.04
baidoa,2025040516,3.12,43.65,0.0,28.36,4.45,8.72,51.74,0.04
baidoa,2025040517,3.12,43.65,0.0,27.15,6.34,9.61,55.51,0.01
baidoa,2025040518,3.12,43.65,0.0,25.55,6.08,8.64,66.75,0.0
baidoa,2025040519,3.12,43.65,0.0,24.42,4.46,6.72,77.1,0.0
baidoa,2025040520,3.12,43.65,0.0,23.72,3.35,5.5,84.0,0.0
baidoa,2025040521,3.12,43.65,0.0,23.17,2.87,4.91,88.89,0.0
baidoa,2025040522,3.12,43.65,0.0,22.9,3.18,5.12,91.29,0.0
baidoa,2025040523,3.12,43.65,0.0,22.79,3.74,5.42,92.26,0.02
baidoa,2025040600,3.12,43.65,0.0,22.67,3.99,5.56,93.44,0.01
baidoa,2025040601,3.12,43.65,0.0,22.64,4.11,5.81,93.98,0.01
baidoa,2025040602,3.12,43.65,0.0,22.64,4.17,6.0,94.37,0.01
baidoa,2025040603,3.12,43.65,48.25,23.1,4.57,6.04,92.22,0.01
baidoa,2025040604,3.12,43.65,227.07,25.09,5.94,7.21,79.58,0.0
baidoa,2025040605,3.12,43.65,418.7,27.77,6.39,7.47,63.57,0.0
baidoa,2025040606,3.12,43.65,654.15,30.63,6.48,7.45,49.0,0.0
baidoa,2025040607,3.12,43.65,787.4,33.09,6.2,7.04,40.73,0.0
baidoa,2025040608,3.12,43.65,954.15,34.86,5.71,6.42,36.29,0.0
baidoa,2025040609,3.12,43.65,663.97,36.03,5.3,5.93,32.7,0.0
baidoa,2025040610,3.12,43.65,729.53,36.68,5.05,5.66,29.95,0.0
baidoa,2025040611,3.12,43.65,628.95,36.82,4.86,5.44,28.19,0.0
baidoa,2025040612,3.12,43.65,450.83,36.32,4.7,5.29,27.82,0.0
baidoa,2025040613,3.12,43.65,252.27,35.23,4.62,5.31,28.76,0.0
baidoa,2025040614,3.12,43.65,85.45,32.55,3.37,5.85,38.35,0.0
baidoa,2025040615,3.12,43.65,0.0,29.03,3.66,7.8,52.99,0.0
baidoa,2025040616,3.12,43.65,0.0,28.33,5.64,9.29,56.22,0.0
baidoa,2025040617,3.12,43.65,0.0,27.15,6.58,9.46,64.97,0.0
baidoa,2025040618,3.12,43.65,0.0,26.04,6.03,8.41,73.95,0.0
baidoa,2025040619,3.12,43.65,0.0,25.21,4.83,6.89,80.89,0.0
baidoa,2025040620,3.12,43.65,0.0,24.62,4.35,6.31,86.07,0.0
baidoa,2025040621,3.12,43.65,0.0,24.32,4.62,6.34,89.69,0.0
baidoa,2025040622,3.12,43.65,0.0,24.17,4.57,6.13,92.07,0.0
baidoa,2025040623,3.12,43.65,0.0,24.12,4.35,5.91,93.02,0.01
baidoa,2025040700,3.12,43.65,0.0,24.05,4.1,5.8,93.55,0.01
baidoa,2025040701,3.12,43.65,0.0,23.92,3.86,5.69,94.23,0.01
baidoa,2025040702,3.12,43.65,0.0,23.8,3.6,5.51,94.79,0.01
baidoa,2025040703,3.12,43.65,47.83,24.23,4.09,5.47,92.35,0.01
baidoa,2025040704,3.12,43.65,249.77,26.14,5.22,6.19,79.07,0.0
baidoa,2025040705,3.12,43.65,481.55,28.52,5.2,5.9,65.44,0.0
baidoa,2025040706,3.12,43.65,697.53,30.89,4.91,5.45,54.59,0.0
baidoa,2025040707,3.12,43.65,806.28,33.01,4.6,5.02,46.39,0.0
baidoa,2025040708,3.12,43.65,885.4,34.61,4.25,4.6,40.69,0.0
baidoa,2025040709,3.12,43.65,702.33,35.58,3.93,4.23,36.99,0.0
baidoa,2025040710,3.12,43.65,664.2,36.17,3.68,3.94,34.56,0.0
baidoa,2025040711,3.12,43.65,537.12,36.16,3.51,3.78,33.58,0.0
baidoa,2025040712,3.12,43.65,318.65,35.74,3.41,3.7,33.76,0.0
baidoa,2025040713,3.12,43.65,175.07,34.78,3.34,3.7,35.08,0.0
baidoa,2025040714,3.12,43.65,54.88,32.77,2.57,3.95,43.7,0.0
baidoa,2025040715,3.12,43.65,0.0,29.79,2.37,5.06,61.07,0.0
baidoa,2025040716,3.12,43.65,0.0,28.85,2.99,6.51,59.9,0.0
baidoa,2025040717,3.12,43.65,0.0,27.96,4.15,7.73,59.64,0.0
baidoa,2025040718,3.12,43.65,0.0,26.79,5.29,8.14,63.56,0.0
baidoa,2025040719,3.12,43.65,0.0,25.64,5.51,7.93,70.81,0.0
baidoa,2025040720,3.12,43.65,0.0,24.8,5.0,7.12,78.6,0.0
baidoa,2025040721,3.12,43.65,0.0,24.21,4.08,5.85,85.35,0.0
baidoa,2025040722,3.12,43.65,0.0,23.79,3.52,5.21,90.49,0.01
baidoa,2025040723,3.12,43.65,0.0,23.68,3.4,4.88,93.1,0.02
baidoa,2025040800,3.12,43.65,0.0,23.65,3.12,4.74,94.48,0.02
baidoa,2025040801,3.12,43.65,0.0,23.64,2.94,4.78,95.11,0.02
baidoa,2025040802,3.12,43.65,0.0,23.57,2.88,4.94,95.63,0.01
baidoa,2025040803,3.12,43.65,50.03,24.13,3.59,4.9,92.69,0.01
baidoa,2025040804,3.12,43.65,261.12,26.12,4.34,5.03,79.28,0.0
baidoa,2025040805,3.12,43.65,514.5,28.92,4.36,4.88,60.95,0.0
baidoa,2025040806,3.12,43.65,729.12,31.76,4.09,4.41,48.27,0.0
baidoa,2025040807,3.12,43.65,809.28,34.03,3.45,3.57,41.68,0.0
baidoa,2025040808,3.12,43.65,815.55,35.69,2.63,2.63,37.05,0.0
baidoa,2025040809,3.12,43.65,786.42,36.74,1.97,1.99,33.84,0.01
baidoa,2025040810,3.12,43.65,570.03,37.23,1.69,1.81,32.04,0.01
baidoa,2025040811,3.12,43.65,364.17,37.21,1.68,1.85,31.54,0.01
baidoa,2025040812,3.12,43.65,302.92,36.65,1.7,1.89,32.36,0.02
baidoa,2025040813,3.12,43.65,180.73,35.45,1.73,1.93,34.91,0.03
baidoa,2025040814,3.12,43.65,63.53,33.85,1.53,2.08,42.06,0.05
baidoa,2025040815,3.12,43.65,0.0,31.47,1.56,3.04,63.11,0.06
baidoa,2025040816,3.12,43.65,0.0,30.39,2.29,4.82,62.89,0.07
baidoa,2025040817,3.12,43.65,0.0,29.27,3.74,6.35,63.18,0.06
baidoa,2025040818,3.12,43.65,0.0,27.93,4.67,6.53,69.12,0.05
baidoa,2025040819,3.12,43.65,0.0,26.88,4.42,5.8,75.77,0.05
baidoa,2025040820,3.12,43.65,0.0,26.19,4.17,5.39,80.34,0.07
baidoa,2025040821,3.12,43.65,0.0,25.68,3.82,4.84,83.91,0.06
baidoa,2025040822,3.12,43.65,0.0,25.33,3.51,4.39,86.52,0.07
baidoa,2025040823,3.12,43.65,0.0,25.09,3.28,4.08,88.51,0.06
baidoa,2025040900,3.12,43.65,0.0,24.94,3.16,3.97,90.1,0.05
baidoa,2025040901,3.12,43.65,0.0,24.81,3.28,4.3,91.13,0.05
baidoa,2025040902,3.12,43.65,0.0,24.59,3.18,4.51,92.49,0.04
baidoa,2025040903,3.12,43.65,41.35,24.78,3.56,4.67,90.82,0.03
baidoa,2025040904,3.12,43.65,151.2,26.64,4.36,5.09,76.17,0.01
baidoa,2025040905,3.12,43.65,277.15,29.14,4.47,4.97,60.7,0.01
baidoa,2025040906,3.12,43.65,481.27,31.53,4.1,4.39,51.22,0.01
baidoa,2025040907,3.12,43.65,630.78,33.44,3.54,3.65,45.44,0.01
baidoa,2025040908,3.12,43.65,768.0,34.66,2.97,2.94,41.85,0.01
baidoa,2025040909,3.12,43.65,856.8,35.4,2.46,2.34,39.32,0.01
baidoa,2025040910,3.12,43.65,766.47,35.75,2.11,1.95,37.34,0.01
baidoa,2025040911,3.12,43.65,590.0,35.73,2.14,2.02,36.54,0.02
baidoa,2025040912,3.12,43.65,397.75,35.05,2.46,2.45,37.7,0.02
baidoa,2025040913,3.12,43.65,218.3,33.72,2.92,3.13,41.09,0.02
baidoa,2025040914,3.12,43.65,74.15,31.98,2.96,4.0,48.15,0.03
baidoa,2025040915,3.12,43.65,0.0,29.93,2.65,4.99,60.67,0.05
baidoa,2025040916,3.12,43.65,0.0,28.98,3.11,5.08,64.78,0.06
baidoa,2025040917,3.12,43.65,0.0,28.08,3.07,4.5,69.62,0.06
baidoa,2025040918,3.12,43.65,0.0,27.25,3.04,4.05,74.34,0.05
baidoa,2025040919,3.12,43.65,0.0,26.5,3.21,4.05,78.36,0.05
baidoa,2025040920,3.12,43.65,0.0,25.86,3.44,4.28,81.91,0.07
baidoa,2025040921,3.12,43.65,0.0,25.33,3.42,4.22,85.07,0.1
baidoa,2025040922,3.12,43.65,0.0,24.95,3.26,4.0,87.68,0.12
baidoa,2025040923,3.12,43.65,0.0,24.7,3.11,3.83,89.83,0.17
baidoa,2025041000,3.12,43.65,0.0,24.56,3.04,3.83,91.53,0.24
baidoa,2025041001,3.12,43.65,0.0,24.46,3.11,4.27,92.89,0.33
baidoa,2025041002,3.12,43.65,0.0,24.36,3.48,4.94,93.51,0.48
baidoa,2025041003,3.12,43.65,43.5,24.28,4.02,5.31,93.33,0.58
baidoa,2025041004,3.12,43.65,245.12,24.37,4.61,5.69,88.85,0.54
baidoa,2025041005,3.12,43.65,498.52,25.18,4.07,4.72,81.32,0.34
baidoa,2025041006,3.12,43.65,620.1,28.41,3.62,4.09,64.16,0.17
baidoa,2025041007,3.12,43.65,668.33,31.72,3.38,3.7,49.95,0.07
baidoa,2025041008,3.12,43.65,868.3,33.74,3.05,3.27,43.11,0.02
baidoa,2025041009,3.12,43.65,869.55,34.87,2.81,2.98,39.5,0.01
baidoa,2025041010,3.12,43.65,774.47,35.23,2.66,2.81,38.15,0.01
baidoa,2025041011,3.12,43.65,607.35,35.12,2.58,2.74,38.05,0.0
baidoa,2025041012,3.12,43.65,417.48,34.65,2.57,2.78,38.81,0.0
baidoa,2025041013,3.12,43.65,218.43,33.7,2.59,2.9,40.88,0.0
baidoa,2025041014,3.12,43.65,74.57,32.11,2.08,3.12,48.96,0.0
baidoa,2025041015,3.12,43.65,0.0,29.88,1.75,3.54,67.34,0.0
baidoa,2025041016,3.12,43.65,0.0,29.04,2.13,4.41,68.15,0.0
baidoa,2025041017,3.12,43.65,0.0,28.36,3.0,5.98,66.51,0.0
baidoa,2025041018,3.12,43.65,0.0,27.68,4.15,7.1,67.01,0.0
baidoa,2025041019,3.12,43.65,0.0,26.72,4.64,7.06,71.7,0.0
baidoa,2025041020,3.12,43.65,0.0,25.77,4.15,6.24,77.53,0.0
baidoa,2025041021,3.12,43.65,0.0,25.06,3.24,5.26,82.44,0.0
baidoa,2025041022,3.12,43.65,0.0,24.53,2.71,4.74,86.22,0.0
baidoa,2025041023,3.12,43.65,0.0,24.15,2.51,4.55,88.93,0.0
baidoa,2025041100,3.12,43.65,0.0,23.87,2.5,4.58,91.11,0.0
baidoa,2025041101,3.12,43.65,0.0,23.79,2.7,4.68,92.11,0.01
baidoa,2025041102,3.12,43.65,0.0,23.7,2.63,4.52,93.29,0.02
baidoa,2025041103,3.12,43.65,55.08,24.25,3.3,4.41,90.57,0.04
baidoa,2025041104,3.12,43.65,278.05,26.29,4.0,4.62,78.27,0.09
baidoa,2025041105,3.12,43.65,529.78,29.03,3.79,4.2,63.49,0.05
baidoa,2025041106,3.12,43.65,743.67,31.74,3.44,3.72,52.04,0.08
baidoa,2025041107,3.12,43.65,884.83,33.65,3.21,3.43,45.39,0.11
baidoa,2025041108,3.12,43.65,938.55,34.98,3.1,3.33,41.05,0.13
baidoa,2025041109,3.12,43.65,941.42,35.67,3.07,3.31,38.39,0.16
baidoa,2025041110,3.12,43.65,847.22,36.17,3.01,3.25,36.54,0.16
baidoa,2025041111,3.12,43.65,692.5,36.08,3.01,3.28,35.95,0.18
baidoa,2025041112,3.12,43.65,505.2,35.58,3.06,3.37,36.51,0.17
baidoa,2025041113,3.12,43.65,294.27,34.49,3.44,3.89,38.67,0.17
baidoa,2025041114,3.12,43.65,94.57,32.47,3.14,5.13,47.5,0.16
baidoa,2025041115,3.12,43.65,0.0,30.02,3.72,7.25,58.98,0.19
baidoa,2025041116,3.12,43.65,0.0,28.86,5.56,8.65,62.08,0.13
baidoa,2025041117,3.12,43.65,0.0,27.58,6.29,8.71,68.19,0.06
baidoa,2025041118,3.12,43.65,0.0,26.6,5.62,7.75,73.29,0.03
baidoa,2025041119,3.12,43.65,0.0,25.91,4.7,6.68,77.45,0.01
baidoa,2025041120,3.12,43.65,0.0,25.37,4.16,6.07,81.27,0.02
baidoa,2025041121,3.12,43.65,0.0,24.87,3.74,5.54,85.32,0.05
baidoa,2025041122,3.12,43.65,0.0,24.47,3.6,5.45,88.87,0.11
baidoa,2025041123,3.12,43.65,0.0,24.26,3.8,5.57,91.17,0.14
baidoa,2025041200,3.12,43.65,0.0,24.09,3.74,5.42,93.03,0.16
baidoa,2025041201,3.12,43.65,0.0,23.97,3.52,5.2,94.36,0.15
baidoa,2025041202,3.12,43.65,0.0,23.88,3.36,5.19,95.15,0.15
baidoa,2025041203,3.12,43.65,56.4,24.32,3.91,5.27,92.95,0.16
baidoa,2025041204,3.12,43.65,272.85,26.14,4.99,5.96,80.91,0.15
baidoa,2025041205,3.12,43.65,502.42,28.69,5.17,5.9,65.73,0.1
baidoa,2025041206,3.12,43.65,719.42,31.23,5.26,5.88,53.98,0.1
baidoa,2025041207,3.12,43.65,813.8,33.28,5.39,5.97,47.15,0.13
baidoa,2025041208,3.12,43.65,897.03,34.63,5.53,6.12,43.3,0.14
baidoa,2025041209,3.12,43.65,594.6,35.31,5.48,6.07,40.9,0.14
baidoa,2025041210,3.12,43.65,714.28,35.64,5.3,5.87,39.13,0.14
baidoa,2025041211,3.12,43.65,613.17,35.69,5.15,5.75,38.16,0.14
baidoa,2025041212,3.12,43.65,419.92,35.01,5.16,5.84,38.88,0.15
baidoa,2025041213,3.12,43.65,224.05,33.69,5.24,6.2,41.73,0.14
baidoa,2025041214,3.12,43.65,64.82,31.9,4.52,6.69,47.99,0.05
baidoa,2025041215,3.12,43.65,0.0,29.63,4.13,7.69,57.88,0.03
baidoa,2025041216,3.12,43.65,0.0,28.76,5.3,8.46,59.48,0.01
baidoa,2025041217,3.12,43.65,0.0,27.73,5.62,8.39,62.87,0.01
baidoa,2025041218,3.12,43.65,0.0,26.63,5.27,7.68,68.45,0.0
baidoa,2025041219,3.12,43.65,0.0,25.77,4.89,7.01,74.98,0.01
baidoa,2025041220,3.12,43.65,0.0,25.13,4.6,6.53,81.73,0.07
baidoa,2025041221,3.12,43.65,0.0,24.72,4.73,6.71,87.41,0.11
baidoa,2025041222,3.12,43.65,0.0,24.52,4.84,6.67,90.64,0.16
baidoa,2025041223,3.12,43.65,0.0,24.34,4.31,6.09,92.71,0.21
baidoa,2025041300,3.12,43.65,0.0,24.26,3.95,5.81,93.59,0.27
baidoa,2025041301,3.12,43.65,0.0,24.17,3.55,5.45,94.3,0.31
baidoa,2025041302,3.12,43.65,0.0,24.1,3.03,4.92,94.93,0.29
baidoa,2025041303,3.12,43.65,45.97,24.51,3.09,4.24,93.22,0.31
baidoa,2025041304,3.12,43.65,191.12,26.12,3.96,4.84,82.9,0.17
baidoa,2025041305,3.12,43.65,368.25,28.14,4.14,4.77,69.8,0.09
baidoa,2025041306,3.12,43.65,559.97,30.17,4.13,4.66,58.65,0.04
baidoa,2025041307,3.12,43.65,681.4,32.05,4.37,4.86,49.4,0.03
baidoa,2025041308,3.12,43.65,811.78,33.61,4.72,5.24,42.41,0.04
baidoa,2025041309,3.12,43.65,810.22,34.71,5.07,5.62,37.82,0.08
baidoa,2025041310,3.12,43.65,669.08,35.46,5.39,6.01,35.05,0.15
baidoa,2025041311,3.12,43.65,575.92,35.66,5.53,6.21,34.08,0.23
baidoa,2025041312,3.12,43.65,385.38,35.17,5.39,6.15,34.95,0.27
baidoa,2025041313,3.12,43.65,214.27,34.03,5.04,5.93,37.61,0.18
baidoa,2025041314,3.12,43.65,66.47,31.95,3.46,5.69,47.05,0.1
baidoa,2025041315,3.12,43.65,0.0,29.3,2.73,6.14,62.54,0.08
baidoa,2025041316,3.12,43.65,0.0,28.47,3.17,6.88,64.14,0.04
baidoa,2025041317,3.12,43.65,0.0,27.72,3.92,7.55,64.95,0.02
baidoa,2025041318,3.12,43.65,0.0,26.87,4.5,7.58,67.4,0.01
baidoa,2025041319,3.12,43.65,0.0,26.05,4.34,7.04,72.52,0.01
baidoa,2025041320,3.12,43.65,0.0,25.38,3.74,6.17,78.84,0.01
baidoa,2025041321,3.12,43.65,0.0,24.92,2.99,5.15,84.73,0.01
baidoa,2025041322,3.12,43.65,0.0,24.58,2.28,4.18,89.24,0.0
baidoa,2025041323,3.12,43.65,0.0,24.35,1.96,3.73,91.99,0.0
baidoa,2025041400,3.12,43.65,0.0,24.19,1.89,3.61,93.69,0.0
baidoa,2025041401,3.12,43.65,0.0,24.12,1.86,3.54,94.58,0.0
baidoa,2025041402,3.12,43.65,0.0,24.04,1.71,3.34,95.35,0.0
baidoa,2025041403,3.12,43.65,49.1,24.52,2.2,3.11,92.56,0.0
baidoa,2025041404,3.12,43.65,234.07,26.23,3.5,4.22,81.57,0.0
baidoa,2025041405,3.12,43.65,447.27,28.23,3.67,4.14,68.55,0.0
baidoa,2025041406,3.12,43.65,619.45,30.24,3.35,3.66,57.05,0.0
baidoa,2025041407,3.12,43.65,751.5,32.17,3.06,3.28,48.21,0.0
baidoa,2025041408,3.12,43.65,845.6,33.71,2.85,3.02,42.0,0.0
baidoa,2025041409,3.12,43.65,788.15,34.79,2.71,2.9,38.04,0.0
baidoa,2025041410,3.12,43.65,738.78,35.37,2.65,2.84,35.99,0.0
baidoa,2025041411,3.12,43.65,578.55,35.36,2.59,2.82,35.44,0.0
baidoa,2025041412,3.12,43.65,381.58,34.8,2.54,2.8,36.1,0.0
baidoa,2025041413,3.12,43.65,207.18,33.95,2.5,2.84,37.7,0.0
baidoa,2025041414,3.12,43.65,64.3,32.44,1.92,2.88,45.41,0.0
baidoa,2025041415,3.12,43.65,0.0,30.12,1.73,3.3,65.67,0.0
baidoa,2025041416,3.12,43.65,0.0,29.38,2.11,4.33,64.75,0.0
baidoa,2025041417,3.12,43.65,0.0,28.73,2.89,5.86,62.51,0.0
baidoa,2025041418,3.12,43.65,0.0,27.97,4.13,7.02,63.24,0.0
baidoa,2025041419,3.12,43.65,0.0,26.94,4.66,7.05,69.18,0.01
baidoa,2025041420,3.12,43.65,0.0,25.99,4.16,6.18,77.3,0.02
baidoa,2025041421,3.12,43.65,0.0,25.31,3.32,5.18,84.18,0.05
baidoa,2025041422,3.12,43.65,0.0,24.88,2.82,4.59,88.68,0.08
baidoa,2025041423,3.12,43.65,0.0,24.6,2.7,4.54,91.41,0.11
baidoa,2025041500,3.12,43.65,0.0,24.48,3.11,4.98,92.81,0.14
baidoa,2025041501,3.12,43.65,0.0,24.42,3.43,5.27,93.96,0.22
baidoa,2025041502,3.12,43.65,0.0,24.43,3.46,5.29,94.8,0.22
baidoa,2025041503,3.12,43.65,54.05,24.78,3.59,4.89,93.69,0.3
baidoa,2025041504,3.12,43.65,267.33,25.96,4.23,5.19,85.92,0.52
baidoa,2025041505,3.12,43.65,514.12,27.65,4.28,4.91,73.75,0.68
baidoa,2025041506,3.12,43.65,671.78,29.6,3.88,4.32,62.15,0.74
baidoa,2025041507,3.12,43.65,739.38,31.26,3.45,3.79,54.71,0.96
baidoa,2025041508,3.12,43.65,858.12,32.33,2.98,3.26,50.78,1.6
baidoa,2025041509,3.12,43.65,830.58,32.63,2.47,2.72,49.99,2.0
baidoa,2025041510,3.12,43.65,664.03,32.63,2.07,2.29,50.47,1.92
baidoa,2025041511,3.12,43.65,525.67,32.14,1.85,2.04,52.29,1.7
baidoa,2025041512,3.12,43.65,307.62,31.24,1.76,1.95,55.92,1.6
baidoa,2025041513,3.12,43.65,151.35,30.25,1.68,2.07,62.13,1.49
baidoa,2025041514,3.12,43.65,42.62,28.87,1.78,2.48,70.95,1.44
baidoa,2025041515,3.12,43.65,0.0,27.54,1.99,3.04,78.28,1.85
baidoa,2025041516,3.12,43.65,0.0,26.54,2.2,3.58,83.99,2.63
baidoa,2025041517,3.12,43.65,0.0,25.68,2.62,3.94,88.6,3.47
baidoa,2025041518,3.12,43.65,0.0,25.11,2.8,3.86,92.36,4.14
baidoa,2025041519,3.12,43.65,0.0,24.91,2.71,3.7,94.07,4.4
baidoa,2025041520,3.12,43.65,0.0,24.83,2.65,3.74,95.02,4.35
baidoa,2025041521,3.12,43.65,0.0,24.8,2.74,4.0,95.42,4.32
baidoa,2025041522,3.12,43.65,0.0,24.71,3.13,4.59,95.59,3.69
baidoa,2025041523,3.12,43.65,0.0,24.46,3.81,5.45,95.39,2.57
baidoa,2025041600,3.12,43.65,0.0,23.97,4.7,6.46,94.96,0.11
baidoa,2025041601,3.12,43.65,0.0,23.27,5.54,7.26,94.36,0.11
baidoa,2025041602,3.12,43.65,0.0,22.5,5.53,7.08,93.77,0.13
baidoa,2025041603,3.12,43.65,47.42,22.01,4.85,6.09,91.69,0.12
baidoa,2025041604,3.12,43.65,206.3,22.36,4.13,5.02,84.5,0.09
baidoa,2025041605,3.12,43.65,419.95,23.36,3.63,4.31,76.87,0.06
baidoa,2025041606,3.12,43.65,590.55,24.6,3.69,4.24,71.07,0.04
baidoa,2025041607,3.12,43.65,723.7,25.58,3.48,3.87,68.15,0.03
baidoa,2025041608,3.12,43.65,815.25,26.4,3.11,3.34,66.36,0.03
baidoa,2025041609,3.12,43.65,750.95,27.12,3.16,3.29,64.54,0.03
baidoa,2025041610,3.12,43.65,629.08,27.43,3.48,3.64,63.79,0.04
baidoa,2025041611,3.12,43.65,553.35,27.36,3.77,4.06,64.23,0.06
baidoa,2025041612,3.12,43.65,319.35,26.8,4.03,4.52,66.13,0.06
baidoa,2025041613,3.12,43.65,182.65,25.9,4.05,4.73,69.56,0.06
baidoa,2025041614,3.12,43.65,59.22,24.81,3.36,4.31,74.92,0.06
baidoa,2025041615,3.12,43.65,0.0,23.69,2.25,3.55,82.93,0.06
baidoa,2025041616,3.12,43.65,0.0,23.17,1.77,2.88,86.64,0.05
baidoa,2025041617,3.12,43.65,0.0,22.82,1.27,2.12,89.13,0.04
baidoa,2025041618,3.12,43.65,0.0,22.61,0.74,1.25,89.73,0.04
baidoa,2025041619,3.12,43.65,0.0,22.69,0.58,1.06,87.45,0.05
baidoa,2025041620,3.12,43.65,0.0,22.53,0.8,1.34,87.98,0.06
baidoa,2025041621,3.12,43.65,0.0,22.19,0.97,1.63,90.33,0.07
baidoa,2025041622,3.12,43.65,0.0,22.07,0.94,1.53,89.89,0.07
baidoa,2025041623,3.12,43.65,0.0,22.16,0.74,1.15,87.71,0.06
baidoa,2025041700,3.12,43.65,0.0,22.29,0.52,0.78,85.21,0.07
baidoa,2025041701,3.12,43.65,0.0,22.28,0.39,0.6,84.27,0.07
baidoa,2025041702,3.12,43.65,0.0,22.16,0.46,0.7,84.88,0.07
baidoa,2025041703,3.12,43.65,45.15,22.68,0.67,1.03,84.18,0.08
baidoa,2025041704,3.12,43.65,173.88,25.2,1.97,2.39,73.27,0.07
baidoa,2025041705,3.12,43.65,341.2,27.71,2.48,2.73,64.2,0.07
baidoa,2025041706,3.12,43.65,506.65,29.88,2.27,2.43,57.31,0.06
baidoa,2025041707,3.12,43.65,557.95,31.55,2.17,2.29,52.29,0.06
baidoa,2025041708,3.12,43.65,727.05,32.77,2.24,2.37,48.67,0.06
baidoa,2025041709,3.12,43.65,707.47,33.57,2.3,2.43,46.24,0.07
baidoa,2025041710,3.12,43.65,633.67,33.95,2.34,2.47,44.93,0.08
baidoa,2025041711,3.12,43.65,573.97,33.89,2.37,2.51,44.73,0.07
baidoa,2025041712,3.12,43.65,352.9,33.31,2.57,2.77,46.09,0.06
baidoa,2025041713,3.12,43.65,210.12,32.15,2.78,3.16,49.6,0.04
baidoa,2025041714,3.12,43.65,62.75,30.55,2.36,3.62,58.95,0.04
baidoa,2025041715,3.12,43.65,0.0,28.42,2.01,4.31,74.92,0.07
baidoa,2025041716,3.12,43.65,0.0,27.64,2.23,4.93,77.26,0.11
baidoa,2025041717,3.12,43.65,0.0,26.97,2.54,5.53,79.08,0.17
baidoa,2025041718,3.12,43.65,0.0,26.29,2.99,6.08,80.83,0.24
baidoa,2025041719,3.12,43.65,0.0,25.52,3.36,6.15,83.54,0.37
baidoa,2025041720,3.12,43.65,0.0,24.76,3.41,5.8,87.14,0.55
baidoa,2025041721,3.12,43.65,0.0,24.17,3.12,5.23,90.52,0.66
baidoa,2025041722,3.12,43.65,0.0,23.81,2.78,4.64,93.11,0.6
baidoa,2025041723,3.12,43.65,0.0,23.63,2.42,4.05,94.72,0.44
baidoa,2025041800,3.12,43.65,0.0,23.58,2.12,3.67,95.56,0.25
baidoa,2025041801,3.12,43.65,0.0,23.54,1.84,3.49,96.3,0.14
baidoa,2025041802,3.12,43.65,0.0,23.46,1.58,3.35,97.0,0.1
baidoa,2025041803,3.12,43.65,53.47,23.95,2.14,3.06,94.45,0.08
baidoa,2025041804,3.12,43.65,244.02,25.38,2.65,3.1,85.27,0.06
baidoa,2025041805,3.12,43.65,467.08,27.27,2.55,2.83,71.54,0.05
baidoa,2025041806,3.12,43.65,622.8,29.21,2.28,2.49,61.83,0.04
baidoa,2025041807,3.12,43.65,658.67,30.68,2.09,2.27,56.72,0.04
baidoa,2025041808,3.12,43.65,751.05,31.59,1.83,2.02,53.35,0.04
baidoa,2025041809,3.12,43.65,708.4,32.21,1.46,1.63,50.84,0.05
baidoa,2025041810,3.12,43.65,722.03,32.52,1.13,1.25,49.28,0.07
baidoa,2025041811,3.12,43.65,534.17,32.55,0.97,1.04,48.25,0.09
baidoa,2025041812,3.12,43.65,350.27,32.17,0.96,1.0,48.38,0.07
baidoa,2025041813,3.12,43.65,187.75,31.53,1.06,1.14,49.87,0.05
baidoa,2025041814,3.12,43.65,56.03,30.39,1.28,1.69,56.62,0.04
baidoa,2025041815,3.12,43.65,0.0,28.36,1.54,2.85,76.05,0.04
baidoa,2025041816,3.12,43.65,0.0,27.53,1.99,4.11,76.72,0.03
baidoa,2025041817,3.12,43.65,0.0,26.9,2.37,5.08,77.48,0.03
baidoa,2025041818,3.12,43.65,0.0,26.26,2.82,5.68,79.65,0.02
baidoa,2025041819,3.12,43.65,0.0,25.59,2.98,5.63,83.49,0.02
baidoa,2025041820,3.12,43.65,0.0,25.02,3.01,5.27,87.22,0.03
baidoa,2025041821,3.12,43.65,0.0,24.53,2.66,4.56,90.6,0.04
baidoa,2025041822,3.12,43.65,0.0,24.15,2.3,3.93,93.16,0.06
baidoa,2025041823,3.12,43.65,0.0,23.9,1.99,3.51,94.69,0.09
baidoa,2025041900,3.12,43.65,0.0,23.77,1.8,3.28,95.45,0.14
baidoa,2025041901,3.12,43.65,0.0,23.66,1.67,3.17,95.97,0.22
baidoa,2025041902,3.12,43.65,0.0,23.54,1.57,3.14,96.35,0.33
baidoa,2025041903,3.12,43.65,51.17,23.74,2.1,3.08,94.62,0.39
baidoa,2025041904,3.12,43.65,230.45,24.63,2.8,3.41,89.16,0.34
baidoa,2025041905,3.12,43.65,443.58,26.04,3.11,3.59,80.49,0.22
baidoa,2025041906,3.12,43.65,613.45,27.82,3.0,3.37,71.53,0.13
baidoa,2025041907,3.12,43.65,661.97,29.35,2.79,3.07,64.79,0.08
baidoa,2025041908,3.12,43.65,842.92,30.35,2.55,2.77,60.15,0.06
baidoa,2025041909,3.12,43.65,828.33,30.93,2.32,2.49,56.93,0.06
baidoa,2025041910,3.12,43.65,693.58,31.04,2.15,2.29,55.46,0.05
baidoa,2025041911,3.12,43.65,529.15,30.79,2.04,2.17,55.35,0.05
baidoa,2025041912,3.12,43.65,390.5,30.39,1.97,2.12,56.12,0.04
baidoa,2025041913,3.12,43.65,209.95,29.79,1.93,2.23,58.52,0.02
baidoa,2025041914,3.12,43.65,60.75,28.69,1.66,2.49,67.18,0.01
baidoa,2025041915,3.12,43.65,0.0,27.16,1.56,3.04,81.06,0.0
baidoa,2025041916,3.12,43.65,0.0,26.58,1.76,3.59,82.12,0.0
baidoa,2025041917,3.12,43.65,0.0,26.12,1.88,3.99,83.35,0.01
baidoa,2025041918,3.12,43.65,0.0,25.7,1.99,4.35,84.74,0.01
baidoa,2025041919,3.12,43.65,0.0,25.3,2.08,4.61,86.49,0.01
baidoa,2025041920,3.12,43.65,0.0,24.95,2.21,4.8,88.18,0.01
baidoa,2025041921,3.12,43.65,0.0,24.58,2.31,4.77,90.29,0.01
baidoa,2025041922,3.12,43.65,0.0,24.23,2.36,4.57,92.51,0.01
baidoa,2025041923,3.12,43.65,0.0,23.93,2.26,4.26,94.52,0.02
baidoa,2025042000,3.12,43.65,0.0,23.73,2.08,3.98,95.89,0.03
baidoa,2025042001,3.12,43.65,0.0,23.59,1.82,3.74,96.74,0.03
baidoa,2025042002,3.12,43.65,0.0,23.41,1.6,3.5,97.6,0.04
baidoa,2025042003,3.12,43.65,62.38,23.96,2.15,3.22,94.69,0.04
baidoa,2025042004,3.12,43.65,272.98,25.75,3.1,3.75,85.22,0.05
baidoa,2025042005,3.12,43.65,513.7,27.93,3.29,3.67,72.94,0.06
baidoa,2025042006,3.12,43.65,672.45,29.69,2.97,3.15,63.86,0.07
baidoa,2025042007,3.12,43.65,711.65,30.92,2.67,2.75,57.9,0.09
baidoa,2025042008,3.12,43.65,804.4,31.69,2.52,2.52,53.88,0.11
baidoa,2025042009,3.12,43.65,807.42,31.81,2.63,2.61,52.27,0.11
baidoa,2025042010,3.12,43.65,607.97,31.66,2.72,2.68,51.85,0.09
baidoa,2025042011,3.12,43.65,473.15,31.26,2.87,2.9,52.3,0.09
baidoa,2025042012,3.12,43.65,339.98,30.36,3.0,3.18,55.14,0.09
baidoa,2025042013,3.12,43.65,184.1,29.39,3.05,3.42,59.16,0.09
baidoa,2025042014,3.12,43.65,57.65,28.14,2.52,3.71,67.32,0.08
baidoa,2025042015,3.12,43.65,0.0,26.57,2.03,4.26,79.9,0.09
baidoa,2025042016,3.12,43.65,0.0,25.9,2.18,4.59,83.31,0.09
baidoa,2025042017,3.12,43.65,0.0,25.44,2.18,4.64,85.76,0.07
baidoa,2025042018,3.12,43.65,0.0,25.06,2.12,4.54,87.86,0.08
baidoa,2025042019,3.12,43.65,0.0,24.74,2.0,4.33,89.55,0.1
baidoa,2025042020,3.12,43.65,0.0,24.41,1.88,4.1,91.14,0.18
baidoa,2025042021,3.12,43.65,0.0,24.09,1.73,3.77,92.65,0.3
baidoa,2025042022,3.12,43.65,0.0,23.71,1.62,3.47,94.2,0.47
baidoa,2025042023,3.12,43.65,0.0,23.37,1.56,3.28,95.37,0.68
baidoa,2025042100,3.12,43.65,0.0,23.08,1.53,3.24,96.47,2.9
baidoa,2025042101,3.12,43.65,0.0,22.89,1.52,3.28,97.32,3.39
baidoa,2025042102,3.12,43.65,0.0,22.81,1.56,3.31,97.59,3.22
baidoa,2025042103,3.12,43.65,59.62,23.32,2.27,3.2,95.34,2.29
baidoa,2025042104,3.12,43.65,270.38,24.46,3.03,3.62,89.9,1.43
baidoa,2025042105,3.12,43.65,510.08,25.98,3.35,3.8,81.99,1.31
baidoa,2025042106,3.12,43.65,723.05,27.66,3.12,3.41,73.38,1.28
baidoa,2025042107,3.12,43.65,784.85,29.28,2.69,2.84,65.9,1.07
baidoa,2025042108,3.12,43.65,766.7,30.52,2.31,2.37,60.27,0.76
baidoa,2025042109,3.12,43.65,710.95,31.19,2.0,2.0,56.81,0.45
baidoa,2025042110,3.12,43.65,658.88,31.53,1.84,1.78,54.68,0.28
baidoa,2025042111,3.12,43.65,467.05,31.4,1.85,1.8,54.08,0.16
baidoa,2025042112,3.12,43.65,318.95,30.95,1.84,1.86,54.82,0.09
baidoa,2025042113,3.12,43.65,178.8,30.21,1.94,2.12,57.31,0.05
baidoa,2025042114,3.12,43.65,55.83,29.03,1.83,2.53,64.73,0.02
baidoa,2025042115,3.12,43.65,0.0,27.16,1.66,3.23,81.0,0.01
baidoa,2025042116,3.12,43.65,0.0,26.41,1.91,3.96,82.45,0.01
baidoa,2025042117,3.12,43.65,0.0,25.91,2.09,4.56,82.92,0.0
baidoa,2025042118,3.12,43.65,0.0,25.43,2.24,4.98,83.88,0.0
baidoa,2025042119,3.12,43.65,0.0,24.95,2.31,5.08,85.98,0.0
baidoa,2025042120,3.12,43.65,0.0,24.48,2.33,4.92,88.89,0.0
baidoa,2025042121,3.12,43.65,0.0,24.02,2.35,4.61,92.19,0.0
baidoa,2025042122,3.12,43.65,0.0,23.64,2.33,4.38,95.21,0.0
baidoa,2025042123,3.12,43.65,0.0,23.48,2.23,4.31,96.68,0.0
baidoa,2025042200,3.12,43.65,0.0,23.48,2.28,4.4,96.96,0.02
baidoa,2025042201,3.12,43.65,0.0,23.48,2.46,4.72,96.96,0.06
baidoa,2025042202,3.12,43.65,0.0,23.51,2.8,5.07,96.69,0.18
baidoa,2025042203,3.12,43.65,45.2,23.96,3.6,5.03,94.48,0.44
baidoa,2025042204,3.12,43.65,177.73,25.29,5.03,6.31,87.37,0.91
baidoa,2025042205,3.12,43.65,351.02,26.51,5.99,7.15,79.43,1.3
baidoa,2025042206,3.12,43.65,524.38,26.96,6.3,7.46,75.35,1.35
baidoa,2025042207,3.12,43.65,695.95,26.92,6.65,7.82,73.32,1.14
baidoa,2025042208,3.12,43.65,749.2,26.57,6.61,7.82,72.34,0.88
baidoa,2025042209,3.12,43.65,745.45,26.45,5.95,7.07,70.41,0.55
baidoa,2025042210,3.12,43.65,702.03,27.04,4.95,5.92,66.44,0.29
baidoa,2025042211,3.12,43.65,534.55,27.92,4.11,4.97,62.53,0.16
baidoa,2025042212,3.12,43.65,309.15,28.65,3.67,4.48,60.22,0.09
baidoa,2025042213,3.12,43.65,168.68,28.63,3.33,4.18,61.24,0.06
baidoa,2025042214,3.12,43.65,50.88,27.48,2.27,3.75,71.26,0.04
baidoa,2025042215,3.12,43.65,0.0,25.69,1.89,3.65,83.86,0.04
baidoa,2025042216,3.12,43.65,0.0,25.24,1.95,3.77,85.03,0.04
baidoa,2025042217,3.12,43.65,0.0,24.85,2.07,4.14,85.77,0.02
baidoa,2025042218,3.12,43.65,0.0,24.47,2.2,4.62,86.52,0.02
baidoa,2025042219,3.12,43.65,0.0,24.1,2.37,5.19,87.71,0.04
baidoa,2025042220,3.12,43.65,0.0,23.78,2.7,5.77,89.58,0.07
baidoa,2025042221,3.12,43.65,0.0,23.5,2.99,5.8,92.41,0.08
baidoa,2025042222,3.12,43.65,0.0,23.28,3.16,5.59,95.49,0.07
baidoa,2025042223,3.12,43.65,0.0,23.22,3.16,5.51,96.82,0.08
baidoa,2025042300,3.12,43.65,0.0,23.17,2.97,5.43,97.24,0.08
baidoa,2025042301,3.12,43.65,0.0,23.13,2.73,5.23,97.43,0.1
baidoa,2025042302,3.12,43.65,0.0,23.16,2.64,5.24,97.42,0.12
baidoa,2025042303,3.12,43.65,54.62,23.66,3.26,5.03,95.74,0.11
baidoa,2025042304,3.12,43.65,238.85,24.95,4.21,5.29,90.56,0.11
baidoa,2025042305,3.12,43.65,457.6,26.83,5.02,6.02,79.15,0.07
baidoa,2025042306,3.12,43.65,659.1,28.88,5.22,6.09,66.07,0.03
baidoa,2025042307,3.12,43.65,802.42,30.74,5.25,6.08,56.27,0.01
baidoa,2025042308,3.12,43.65,873.4,32.34,5.2,6.04,49.45,0.01
baidoa,2025042309,3.12,43.65,909.38,33.47,5.06,5.89,44.99,0.01
baidoa,2025042310,3.12,43.65,841.78,34.07,4.85,5.67,41.99,0.01
baidoa,2025042311,3.12,43.65,729.7,34.21,4.62,5.43,39.97,0.0
baidoa,2025042312,3.12,43.65,530.9,33.88,4.42,5.23,39.45,0.0
baidoa,2025042313,3.12,43.65,303.55,32.86,4.12,5.18,41.96,0.0
baidoa,2025042314,3.12,43.65,90.22,30.32,3.1,5.8,55.56,0.0
baidoa,2025042315,3.12,43.65,0.0,27.9,3.77,7.55,65.04,0.0
baidoa,2025042316,3.12,43.65,0.0,26.82,5.03,8.25,70.0,0.0
baidoa,2025042317,3.12,43.65,0.0,25.68,5.29,8.01,78.13,0.01
baidoa,2025042318,3.12,43.65,0.0,24.83,4.52,6.86,85.59,0.02
baidoa,2025042319,3.12,43.65,0.0,24.3,3.66,5.87,90.87,0.05
baidoa,2025042320,3.12,43.65,0.0,23.97,3.04,5.23,94.29,0.06
baidoa,2025042321,3.12,43.65,0.0,23.84,2.74,4.86,96.01,0.09
baidoa,2025042322,3.12,43.65,0.0,23.81,2.68,4.98,96.76,0.11
baidoa,2025042323,3.12,43.65,0.0,23.83,2.76,5.14,96.92,0.12
baidoa,2025042400,3.12,43.65,0.0,23.75,2.69,5.13,97.26,0.12
baidoa,2025042401,3.12,43.65,0.0,23.63,2.64,5.13,97.71,0.13
baidoa,2025042402,3.12,43.65,0.0,23.51,2.54,5.09,98.17,0.12
baidoa,2025042403,3.12,43.65,52.8,24.09,3.22,4.88,95.67,0.1
baidoa,2025042404,3.12,43.65,221.93,25.65,4.42,5.51,86.89,0.08
baidoa,2025042405,3.12,43.65,422.65,27.71,4.87,5.67,72.93,0.05
baidoa,2025042406,3.12,43.65,634.75,29.72,4.69,5.32,61.67,0.04
baidoa,2025042407,3.12,43.65,778.53,31.45,4.38,4.9,53.5,0.06
baidoa,2025042408,3.12,43.65,865.33,32.74,3.95,4.36,48.52,0.06
baidoa,2025042409,3.12,43.65,850.67,33.44,3.52,3.87,45.93,0.07
baidoa,2025042410,3.12,43.65,764.92,33.75,3.28,3.6,44.6,0.08
baidoa,2025042411,3.12,43.65,599.12,33.68,3.18,3.51,44.16,0.09
baidoa,2025042412,3.12,43.65,477.48,33.11,3.17,3.54,44.84,0.08
baidoa,2025042413,3.12,43.65,268.8,32.14,3.2,3.7,47.15,0.06
baidoa,2025042414,3.12,43.65,81.65,30.23,2.63,4.28,57.64,0.03
baidoa,2025042415,3.12,43.65,0.0,27.83,2.52,5.58,71.82,0.01
baidoa,2025042416,3.12,43.65,0.0,26.99,3.27,6.81,72.87,0.0
baidoa,2025042417,3.12,43.65,0.0,26.2,4.09,7.38,75.71,0.0
baidoa,2025042418,3.12,43.65,0.0,25.4,4.37,7.06,80.48,0.01
baidoa,2025042419,3.12,43.65,0.0,24.62,4.08,6.4,85.96,0.01
baidoa,2025042420,3.12,43.65,0.0,23.99,3.6,5.66,90.74,0.02
baidoa,2025042421,3.12,43.65,0.0,23.5,3.11,5.05,94.45,0.04
baidoa,2025042422,3.12,43.65,0.0,23.23,2.66,4.6,96.43,0.06
baidoa,2025042423,3.12,43.65,0.0,23.02,2.34,4.4,97.35,0.07
baidoa,2025042500,3.12,43.65,0.0,22.82,2.19,4.3,97.98,0.07
baidoa,2025042501,3.12,43.65,0.0,22.64,2.05,4.14,98.54,0.06
baidoa,2025042502,3.12,43.65,0.0,22.47,1.96,4.01,99.11,0.04
baidoa,2025042503,3.12,43.65,68.47,23.27,2.55,3.8,95.65,0.04
baidoa,2025042504,3.12,43.65,297.12,25.08,3.55,4.22,86.2,0.02
baidoa,2025042505,3.12,43.65,542.92,27.69,3.65,4.07,68.87,0.01
baidoa,2025042506,3.12,43.65,739.6,30.35,3.35,3.6,56.46,0.0
baidoa,2025042507,3.12,43.65,884.85,32.27,3.02,3.17,49.61,0.01
baidoa,2025042508,3.12,43.65,971.85,33.65,2.71,2.81,44.93,0.01
baidoa,2025042509,3.12,43.65,935.55,34.56,2.45,2.52,41.58,0.01
baidoa,2025042510,3.12,43.65,815.42,35.06,2.31,2.36,39.15,0.01
baidoa,2025042511,3.12,43.65,682.33,35.05,2.33,2.41,38.13,0.01
baidoa,2025042512,3.12,43.65,467.3,34.55,2.39,2.53,38.57,0.01
baidoa,2025042513,3.12,43.65,258.85,33.53,2.49,2.75,40.68,0.0
baidoa,2025042514,3.12,43.65,76.22,31.57,2.13,3.2,50.64,0.0
baidoa,2025042515,3.12,43.65,0.0,28.74,2.16,4.35,69.85,0.0
baidoa,2025042516,3.12,43.65,0.0,27.9,2.52,5.55,69.34,0.0
baidoa,2025042517,3.12,43.65,0.0,27.16,2.91,6.47,70.03,0.0
baidoa,2025042518,3.12,43.65,0.0,26.41,3.52,7.09,72.52,0.0
baidoa,2025042519,3.12,43.65,0.0,25.51,4.11,7.13,78.1,0.0
baidoa,2025042520,3.12,43.65,0.0,24.58,4.29,6.8,85.41,0.0
baidoa,2025042521,3.12,43.65,0.0,23.91,4.25,6.45,91.13,0.0
baidoa,2025042522,3.12,43.65,0.0,23.49,4.06,6.13,94.58,0.01
baidoa,2025042523,3.12,43.65,0.0,23.26,3.82,5.93,96.02,0.01
baidoa,2025042600,3.12,43.65,0.0,23.1,3.65,5.88,96.48,0.06
baidoa,2025042601,3.12,43.65,0.0,22.95,3.47,5.83,96.85,0.07
baidoa,2025042602,3.12,43.65,0.0,22.81,3.25,5.73,97.33,0.07
baidoa,2025042603,3.12,43.65,60.25,23.41,3.83,5.4,94.97,0.06
baidoa,2025042604,3.12,43.65,201.15,25.39,4.53,5.45,85.48,0.01
baidoa,2025042605,3.12,43.65,331.88,28.27,4.87,5.63,67.78,0.0
baidoa,2025042606,3.12,43.65,477.55,30.94,4.69,5.22,54.71,0.0
baidoa,2025042607,3.12,43.65,758.42,32.81,4.14,4.49,47.8,0.0
baidoa,2025042608,3.12,43.65,874.6,34.06,3.57,3.82,43.56,0.0
baidoa,2025042609,3.12,43.65,825.67,34.7,3.05,3.24,41.22,0.01
baidoa,2025042610,3.12,43.65,764.62,34.88,2.67,2.83,40.68,0.02
baidoa,2025042611,3.12,43.65,669.6,34.77,2.47,2.63,40.73,0.02
baidoa,2025042612,3.12,43.65,505.0,34.34,2.53,2.74,41.64,0.03
baidoa,2025042613,3.12,43.65,292.15,33.4,2.74,3.08,43.83,0.02
baidoa,2025042614,3.12,43.65,89.8,31.51,2.48,3.86,53.2,0.0
baidoa,2025042615,3.12,43.65,0.0,28.9,2.42,5.35,68.72,0.01
baidoa,2025042616,3.12,43.65,0.0,28.03,3.32,6.98,68.43,0.01
baidoa,2025042617,3.12,43.65,0.0,27.3,4.77,8.0,70.01,0.01
baidoa,2025042618,3.12,43.65,0.0,26.24,5.23,7.83,76.0,0.01
baidoa,2025042619,3.12,43.65,0.0,25.26,4.64,6.89,82.71,0.01
baidoa,2025042620,3.12,43.65,0.0,24.56,3.99,6.02,87.95,0.02
baidoa,2025042621,3.12,43.65,0.0,24.04,3.44,5.4,91.81,0.02
baidoa,2025042622,3.12,43.65,0.0,23.69,3.17,5.07,94.38,0.05
baidoa,2025042623,3.12,43.65,0.0,23.46,2.98,4.94,96.02,0.12
baidoa,2025042700,3.12,43.65,0.0,23.43,2.98,5.08,96.46,0.13
baidoa,2025042701,3.12,43.65,0.0,23.43,3.13,5.38,96.75,0.17
baidoa,2025042702,3.12,43.65,0.0,23.41,3.21,5.63,97.06,0.18
baidoa,2025042703,3.12,43.65,70.45,23.95,4.05,5.7,95.12,0.18
baidoa,2025042704,3.12,43.65,298.4,25.54,5.32,6.52,86.36,0.15
baidoa,2025042705,3.12,43.65,539.78,28.08,5.52,6.45,68.47,0.05
baidoa,2025042706,3.12,43.65,706.25,30.73,5.26,5.96,53.58,0.08
baidoa,2025042707,3.12,43.65,766.7,32.72,4.75,5.25,46.55,0.15
baidoa,2025042708,3.12,43.65,836.1,34.12,4.32,4.71,42.72,0.19
baidoa,2025042709,3.12,43.65,800.2,34.97,4.0,4.35,40.38,0.23
baidoa,2025042710,3.12,43.65,679.22,35.31,3.77,4.1,39.16,0.24
baidoa,2025042711,3.12,43.65,615.62,35.26,3.55,3.92,38.81,0.24
baidoa,2025042712,3.12,43.65,401.12,34.69,3.28,3.69,39.46,0.24
baidoa,2025042713,3.12,43.65,233.8,33.65,2.95,3.42,41.72,0.16
baidoa,2025042714,3.12,43.65,76.2,31.84,2.16,3.24,51.03,0.12
baidoa,2025042715,3.12,43.65,0.0,29.17,1.93,3.58,72.42,0.08
baidoa,2025042716,3.12,43.65,0.0,28.2,2.26,4.46,73.28,0.07
baidoa,2025042717,3.12,43.65,0.0,27.31,2.54,5.51,73.73,0.05
baidoa,2025042718,3.12,43.65,0.0,26.32,3.08,6.45,75.57,0.06
baidoa,2025042719,3.12,43.65,0.0,25.31,3.86,6.72,80.12,0.05
baidoa,2025042720,3.12,43.65,0.0,24.45,4.0,6.25,86.33,0.07
baidoa,2025042721,3.12,43.65,0.0,23.85,3.81,5.74,91.32,0.07
baidoa,2025042722,3.12,43.65,0.0,23.46,3.58,5.41,94.5,0.11
baidoa,2025042723,3.12,43.65,0.0,23.26,3.4,5.3,95.66,0.12
baidoa,2025042800,3.12,43.65,0.0,23.12,3.22,5.24,96.22,0.24
baidoa,2025042801,3.12,43.65,0.0,22.99,2.86,4.98,96.75,0.34
baidoa,2025042802,3.12,43.65,0.0,22.92,2.58,4.83,97.22,0.29
baidoa,2025042803,3.12,43.65,68.07,23.56,3.13,4.46,94.85,0.25
baidoa,2025042804,3.12,43.65,278.48,25.36,4.02,4.85,85.45,0.22
baidoa,2025042805,3.12,43.65,487.25,27.87,4.15,4.77,68.65,0.16
baidoa,2025042806,3.12,43.65,655.95,30.45,3.99,4.43,54.97,0.22
baidoa,2025042807,3.12,43.65,826.35,32.4,3.58,3.88,48.47,0.26
baidoa,2025042808,3.12,43.65,859.45,33.8,3.1,3.31,44.99,0.32
baidoa,2025042809,3.12,43.65,752.2,34.6,2.72,2.86,43.33,0.32
baidoa,2025042810,3.12,43.65,758.65,34.9,2.46,2.59,42.79,0.3
baidoa,2025042811,3.12,43.65,643.72,34.78,2.35,2.48,43.07,0.29
baidoa,2025042812,3.12,43.65,466.58,34.16,2.27,2.43,44.51,0.26
baidoa,2025042813,3.12,43.65,253.18,32.89,2.37,2.68,48.22,0.18
baidoa,2025042814,3.12,43.65,70.53,31.25,2.17,3.23,57.52,0.11
baidoa,2025042815,3.12,43.65,0.0,29.07,1.94,4.08,74.67,0.08
baidoa,2025042816,3.12,43.65,0.0,28.21,2.28,5.06,76.27,0.08
baidoa,2025042817,3.12,43.65,0.0,27.44,2.89,5.97,77.75,0.09
baidoa,2025042818,3.12,43.65,0.0,26.6,3.75,6.51,80.72,0.14
baidoa,2025042819,3.12,43.65,0.0,25.71,4.18,6.44,85.29,0.19
baidoa,2025042820,3.12,43.65,0.0,25.01,4.11,6.09,89.33,0.22
baidoa,2025042821,3.12,43.65,0.0,24.58,3.95,5.78,92.05,0.27
baidoa,2025042822,3.12,43.65,0.0,24.3,3.65,5.37,94.01,0.28
baidoa,2025042823,3.12,43.65,0.0,24.11,3.19,4.81,95.35,0.28
baidoa,2025042900,3.12,43.65,0.0,24.01,2.75,4.54,96.04,0.29
baidoa,2025042901,3.12,43.65,0.0,23.9,2.7,4.7,96.51,0.34
baidoa,2025042902,3.12,43.65,0.0,23.84,2.86,5.05,96.59,0.31
baidoa,2025042903,3.12,43.65,57.6,24.27,3.69,5.16,94.63,0.32
baidoa,2025042904,3.12,43.65,224.05,25.66,4.79,5.82,86.23,0.27
baidoa,2025042905,3.12,43.65,416.02,27.85,4.97,5.74,71.57,0.35
baidoa,2025042906,3.12,43.65,521.35,30.17,5.02,5.67,58.58,0.51
baidoa,2025042907,3.12,43.65,629.97,31.91,5.01,5.63,51.8,0.6
baidoa,2025042908,3.12,43.65,773.33,32.86,4.91,5.54,48.84,0.67
baidoa,2025042909,3.12,43.65,733.67,33.2,4.62,5.23,47.77,0.69
baidoa,2025042910,3.12,43.65,685.15,33.2,4.23,4.81,47.55,0.56
baidoa,2025042911,3.12,43.65,457.2,33.07,3.85,4.44,47.77,0.48
baidoa,2025042912,3.12,43.65,353.67,32.15,3.57,4.24,50.27,0.37
baidoa,2025042913,3.12,43.65,187.5,31.31,3.32,4.33,53.93,0.24
baidoa,2025042914,3.12,43.65,56.25,29.77,2.54,4.6,64.7,0.15
baidoa,2025042915,3.12,43.65,0.0,27.82,2.48,5.56,75.16,0.11
baidoa,2025042916,3.12,43.65,0.0,27.05,3.22,6.92,74.25,0.08
baidoa,2025042917,3.12,43.65,0.0,26.22,4.3,7.83,74.05,0.04
baidoa,2025042918,3.12,43.65,0.0,25.28,4.62,7.5,76.78,0.02
baidoa,2025042919,3.12,43.65,0.0,24.51,4.06,6.56,81.39,0.0
baidoa,2025042920,3.12,43.65,0.0,24.03,3.57,5.85,86.35,0.0
baidoa,2025042921,3.12,43.65,0.0,23.68,3.26,5.37,90.95,0.0
baidoa,2025042922,3.12,43.65,0.0,23.4,2.98,4.96,94.68,0.0
baidoa,2025042923,3.12,43.65,0.0,23.29,2.8,4.86,96.23,0.01
baidoa,2025043000,3.12,43.65,0.0,23.24,2.76,4.93,96.69,0.02
baidoa,2025043001,3.12,43.65,0.0,23.15,2.72,4.98,97.05,0.02
baidoa,2025043002,3.12,43.65,0.0,23.1,2.65,4.98,97.08,0.03
baidoa,2025043003,3.12,43.65,60.72,23.64,3.2,4.65,94.56,0.03
baidoa,2025043004,3.12,43.65,252.55,25.28,4.07,4.95,84.52,0.01
baidoa,2025043005,3.12,43.65,475.08,27.55,4.07,4.66,70.17,0.0
baidoa,2025043006,3.12,43.65,685.7,29.85,3.86,4.32,57.3,0.0
baidoa,2025043007,3.12,43.65,773.55,31.94,3.67,4.04,46.84,0.0
baidoa,2025043008,3.12,43.65,866.22,33.56,3.48,3.78,40.33,0.0
baidoa,2025043009,3.12,43.65,737.42,34.67,3.32,3.59,37.35,0.0
baidoa,2025043010,3.12,43.65,688.42,35.28,3.2,3.45,36.26,0.0
baidoa,2025043011,3.12,43.65,599.12,35.38,3.05,3.31,36.24,0.0
baidoa,2025043012,3.12,43.65,471.33,34.92,2.87,3.16,37.16,0.0
baidoa,2025043013,3.12,43.65,263.5,34.0,2.74,3.11,39.11,0.0
baidoa,2025043014,3.12,43.65,79.22,31.97,2.13,3.4,49.95,0.0
baidoa,2025043015,3.12,43.65,0.0,29.13,2.16,4.28,68.86,0.0
baidoa,2025043016,3.12,43.65,0.0,28.22,2.48,5.36,69.05,0.0
baidoa,2025043017,3.12,43.65,0.0,27.49,2.81,6.22,70.02,0.0
baidoa,2025043018,3.12,43.65,0.0,26.75,3.56,6.78,72.69,0.0
baidoa,2025043019,3.12,43.65,0.0,25.89,4.24,6.76,78.42,0.0
baidoa,2025043020,3.12,43.65,0.0,25.09,4.2,6.4,85.01,0.06
baidoa,2025043021,3.12,43.65,0.0,24.41,3.64,5.82,90.59,0.25
baidoa,2025043022,3.12,43.65,0.0,23.99,3.13,5.21,93.82,0.45
baidoa,2025043023,3.12,43.65,0.0,23.73,2.73,4.83,95.58,0.63
baidoa,2025050100,3.12,43.65,0.0,23.67,2.66,4.69,96.05,0.6
baidoa,2025050101,3.12,43.65,0.0,23.65,2.57,4.61,96.36,0.56
baidoa,2025050102,3.12,43.65,0.0,23.6,2.3,4.47,96.96,0.43
baidoa,2025050103,3.12,43.65,68.15,24.16,2.85,4.08,95.02,0.39
baidoa,2025050104,3.12,43.65,284.12,25.8,3.78,4.62,87.46,0.48
baidoa,2025050105,3.12,43.65,527.67,28.04,3.96,4.53,73.09,0.64
baidoa,2025050106,3.12,43.65,733.0,30.4,3.59,3.91,60.8,0.73
baidoa,2025050107,3.12,43.65,864.53,32.15,2.93,3.11,54.03,0.81
baidoa,2025050108,3.12,43.65,872.53,33.11,2.44,2.57,50.76,0.82
baidoa,2025050109,3.12,43.65,788.4,33.46,2.19,2.3,49.55,0.7
baidoa,2025050110,3.12,43.65,607.08,33.45,2.11,2.2,49.44,0.65
baidoa,2025050111,3.12,43.65,572.9,33.13,2.14,2.26,49.99,0.55
baidoa,2025050112,3.12,43.65,448.08,32.51,2.3,2.51,51.68,0.44
baidoa,2025050113,3.12,43.65,279.45,31.49,2.44,2.99,56.07,0.32
baidoa,2025050114,3.12,43.65,78.05,30.07,2.32,3.61,65.18,0.24
baidoa,2025050115,3.12,43.65,0.0,28.03,2.09,4.48,79.78,0.22
baidoa,2025050116,3.12,43.65,0.0,27.19,2.44,5.43,80.99,0.21
baidoa,2025050117,3.12,43.65,0.0,26.49,2.78,6.06,82.83,0.18
baidoa,2025050118,3.12,43.65,0.0,25.83,3.21,6.23,85.75,0.17
baidoa,2025050119,3.12,43.65,0.0,25.2,3.43,5.87,89.66,0.18
baidoa,2025050120,3.12,43.65,0.0,24.68,3.25,5.26,93.35,0.22
baidoa,2025050121,3.12,43.65,0.0,24.34,2.96,4.82,95.72,0.3
baidoa,2025050122,3.12,43.65,0.0,24.19,2.68,4.61,96.62,0.4
baidoa,2025050123,3.12,43.65,0.0,24.08,2.5,4.58,97.02,0.51
baidoa,2025050200,3.12,43.65,0.0,23.99,2.28,4.42,97.35,0.61
baidoa,2025050201,3.12,43.65,0.0,23.91,1.96,4.04,97.67,0.6
baidoa,2025050202,3.12,43.65,0.0,23.81,1.75,3.7,98.02,0.61
baidoa,2025050203,3.12,43.65,57.17,24.36,2.22,3.53,96.04,0.65
baidoa,2025050204,3.12,43.65,225.02,25.38,3.25,4.0,90.72,0.69
baidoa,2025050205,3.12,43.65,417.5,26.6,3.58,4.14,82.34,0.68
baidoa,2025050206,3.12,43.65,633.05,28.25,3.49,3.91,70.62,0.64
baidoa,2025050207,3.12,43.65,685.1,30.08,3.24,3.56,62.35,0.59
baidoa,2025050208,3.12,43.65,694.58,31.49,2.93,3.19,57.3,0.6
baidoa,2025050209,3.12,43.65,726.85,32.4,2.6,2.81,54.12,0.59
baidoa,2025050210,3.12,43.65,689.08,32.74,2.34,2.52,52.61,0.5
baidoa,2025050211,3.12,43.65,449.67,32.59,2.28,2.47,52.53,0.4
baidoa,2025050212,3.12,43.65,291.23,31.96,2.45,2.74,54.08,0.25
baidoa,2025050213,3.12,43.65,160.23,30.95,2.58,3.15,58.11,0.16
baidoa,2025050214,3.12,43.65,49.97,29.52,2.29,3.63,67.28,0.15
baidoa,2025050215,3.12,43.65,0.0,27.79,1.95,4.23,80.38,0.16
baidoa,2025050216,3.12,43.65,0.0,27.13,2.15,4.79,81.52,0.14
baidoa,2025050217,3.12,43.65,0.0,26.58,2.32,5.23,82.63,0.13
baidoa,2025050218,3.12,43.65,0.0,26.03,2.51,5.53,84.22,0.14
baidoa,2025050219,3.12,43.65,0.0,25.51,2.68,5.58,86.13,0.15
baidoa,2025050220,3.12,43.65,0.0,24.97,2.67,5.24,89.02,0.2
baidoa,2025050221,3.12,43.65,0.0,24.43,2.44,4.67,92.49,0.25
baidoa,2025050222,3.12,43.65,0.0,24.01,2.16,4.15,95.51,0.41
baidoa,2025050223,3.12,43.65,0.0,23.79,2.05,4.07,97.0,0.48
baidoa,2025050300,3.12,43.65,0.0,23.71,2.14,4.24,97.32,0.52
baidoa,2025050301,3.12,43.65,0.0,23.59,2.16,4.36,97.58,0.57
baidoa,2025050302,3.12,43.65,0.0,23.45,2.18,4.47,97.88,0.53
baidoa,2025050303,3.12,43.65,65.32,23.99,2.92,4.35,95.66,0.52
baidoa,2025050304,3.12,43.65,260.23,25.34,3.98,4.86,88.83,0.56
baidoa,2025050305,3.12,43.65,477.3,27.14,4.39,5.07,77.49,0.49
baidoa,2025050306,3.12,43.65,590.97,29.26,4.54,5.14,65.62,0.51
baidoa,2025050307,3.12,43.65,631.67,30.73,4.57,5.16,58.81,0.47
baidoa,2025050308,3.12,43.65,712.75,31.74,4.44,5.02,54.57,0.45
baidoa,2025050309,3.12,43.65,670.4,32.35,4.14,4.7,52.1,0.35
baidoa,2025050310,3.12,43.65,581.0,32.54,3.83,4.38,51.03,0.3
baidoa,2025050311,3.12,43.65,421.65,32.39,3.43,3.97,50.97,0.23
baidoa,2025050312,3.12,43.65,275.33,31.78,2.96,3.51,52.5,0.16
baidoa,2025050313,3.12,43.65,165.45,31.02,2.37,3.18,56.56,0.09
baidoa,2025050314,3.12,43.65,48.67,29.81,2.02,3.07,64.34,0.05
baidoa,2025050315,3.12,43.65,0.0,28.04,1.77,3.52,79.8,0.03
baidoa,2025050316,3.12,43.65,0.0,27.24,2.17,4.74,79.78,0.04
baidoa,2025050317,3.12,43.65,0.0,26.51,2.74,5.95,80.1,0.08
baidoa,2025050318,3.12,43.65,0.0,25.85,3.38,6.4,81.76,0.1
baidoa,2025050319,3.12,43.65,0.0,25.15,3.42,6.01,85.24,0.09
baidoa,2025050320,3.12,43.65,0.0,24.59,2.88,5.14,88.74,0.11
baidoa,2025050321,3.12,43.65,0.0,24.18,2.23,4.16,91.76,0.12
baidoa,2025050322,3.12,43.65,0.0,23.9,1.87,3.62,93.66,0.18
baidoa,2025050323,3.12,43.65,0.0,23.6,1.73,3.55,95.13,0.22
baidoa,2025050400,3.12,43.65,0.0,23.31,1.74,3.69,96.34,0.23
baidoa,2025050401,3.12,43.65,0.0,23.13,1.81,3.87,97.17,0.26
baidoa,2025050402,3.12,43.65,0.0,23.05,1.89,4.01,97.65,0.27
baidoa,2025050403,3.12,43.65,52.55,23.68,2.57,3.75,95.42,0.29
baidoa,2025050404,3.12,43.65,193.23,25.17,3.6,4.46,87.81,0.27
baidoa,2025050405,3.12,43.65,377.75,27.12,4.04,4.77,73.05,0.13
baidoa,2025050406,3.12,43.65,631.08,29.27,4.05,4.59,60.36,0.03
baidoa,2025050407,3.12,43.65,788.2,30.77,3.8,4.24,55.46,0.04
baidoa,2025050408,3.12,43.65,784.72,31.65,3.58,3.99,53.14,0.08
baidoa,2025050409,3.12,43.65,737.5,32.01,3.52,3.95,51.99,0.11
baidoa,2025050410,3.12,43.65,683.28,31.97,3.48,3.98,51.68,0.14
baidoa,2025050411,3.12,43.65,645.3,31.52,3.45,4.05,52.56,0.2
baidoa,2025050412,3.12,43.65,373.52,30.79,3.35,4.08,54.89,0.18
baidoa,2025050413,3.12,43.65,199.77,29.88,2.86,4.03,60.03,0.15
baidoa,2025050414,3.12,43.65,59.15,28.49,2.16,3.81,70.47,0.14
baidoa,2025050415,3.12,43.65,0.0,27.19,1.69,3.5,81.15,0.12
baidoa,2025050416,3.12,43.65,0.0,26.68,1.56,3.26,83.71,0.11
baidoa,2025050417,3.12,43.65,0.0,26.22,1.42,2.95,86.06,0.09
baidoa,2025050418,3.12,43.65,0.0,25.82,1.31,2.72,87.92,0.09
baidoa,2025050419,3.12,43.65,0.0,25.41,1.29,2.66,89.32,0.11
baidoa,2025050420,3.12,43.65,0.0,25.04,1.33,2.65,90.26,0.17
baidoa,2025050421,3.12,43.65,0.0,24.7,1.41,2.66,91.07,0.26
baidoa,2025050422,3.12,43.65,0.0,24.42,1.46,2.71,92.05,0.4
baidoa,2025050423,3.12,43.65,0.0,24.19,1.49,2.76,93.04,0.53
baidoa,2025050500,3.12,43.65,0.0,24.03,1.48,2.78,93.83,0.49
baidoa,2025050501,3.12,43.65,0.0,23.92,1.47,2.87,94.54,0.48
baidoa,2025050502,3.12,43.65,0.0,23.84,1.5,3.03,95.0,0.47
baidoa,2025050503,3.12,43.65,47.35,23.97,1.86,3.21,94.13,0.41
baidoa,2025050504,3.12,43.65,167.88,24.4,2.54,3.17,91.86,0.41
baidoa,2025050505,3.12,43.65,314.88,25.17,3.38,4.25,88.75,0.21
baidoa,2025050506,3.12,43.65,489.73,26.17,4.42,5.37,83.65,0.16
baidoa,2025050507,3.12,43.65,585.28,27.09,4.85,5.79,78.19,0.21
baidoa,2025050508,3.12,43.65,612.15,27.71,4.88,5.79,74.22,0.31
baidoa,2025050509,3.12,43.65,577.28,28.04,4.77,5.67,71.59,0.42
baidoa,2025050510,3.12,43.65,217.55,28.22,4.54,5.43,69.73,0.57
baidoa,2025050511,3.12,43.65,351.65,28.22,4.22,5.08,68.74,0.56
baidoa,2025050512,3.12,43.65,125.32,28.02,3.8,4.72,68.85,0.41
baidoa,2025050513,3.12,43.65,75.82,27.47,3.05,4.31,72.36,0.26
baidoa,2025050514,3.12,43.65,24.4,26.29,2.05,3.99,82.34,0.19
baidoa,2025050515,3.12,43.65,0.0,24.98,1.94,3.82,88.52,0.1
baidoa,2025050516,3.12,43.65,0.0,24.63,1.87,3.55,89.35,0.04
baidoa,2025050517,3.12,43.65,0.0,24.38,1.78,3.27,89.73,0.02
baidoa,2025050518,3.12,43.65,0.0,24.11,1.71,3.1,90.25,0.0
baidoa,2025050519,3.12,43.65,0.0,23.84,1.72,3.15,90.99,0.0
baidoa,2025050520,3.12,43.65,0.0,23.54,1.79,3.54,91.98,0.01
baidoa,2025050521,3.12,43.65,0.0,23.29,1.95,4.25,92.78,0.02
baidoa,2025050522,3.12,43.65,0.0,23.08,2.29,4.99,93.92,0.02
baidoa,2025050523,3.12,43.65,0.0,22.89,2.73,5.38,95.47,0.01
baidoa,2025050600,3.12,43.65,0.0,22.7,2.84,5.35,96.7,0.03
baidoa,2025050601,3.12,43.65,0.0,22.54,2.73,5.25,97.14,0.07
baidoa,2025050602,3.12,43.65,0.0,22.36,2.69,5.24,97.31,0.19
baidoa,2025050603,3.12,43.65,49.33,22.69,3.41,5.13,95.44,0.33
baidoa,2025050604,3.12,43.65,180.93,23.85,4.58,5.71,89.6,0.65
baidoa,2025050605,3.12,43.65,346.17,25.69,5.14,6.15,79.05,0.81
baidoa,2025050606,3.12,43.65,512.58,27.6,5.3,6.21,68.1,0.85
baidoa,2025050607,3.12,43.65,549.28,28.94,5.31,6.15,62.62,0.93
baidoa,2025050608,3.12,43.65,676.8,29.69,5.27,6.08,60.04,1.05
baidoa,2025050609,3.12,43.65,762.58,30.07,5.11,5.93,58.55,1.1
baidoa,2025050610,3.12,43.65,735.15,30.23,4.83,5.65,57.53,1.07
baidoa,2025050611,3.12,43.65,662.45,30.21,4.51,5.33,56.81,0.93
baidoa,2025050612,3.12,43.65,487.1,29.84,4.09,4.95,57.5,0.61
baidoa,2025050613,3.12,43.65,278.3,29.14,3.46,4.58,60.86,0.29
baidoa,2025050614,3.12,43.65,85.38,27.86,2.51,4.17,69.95,0.19
baidoa,2025050615,3.12,43.65,0.0,25.91,2.07,4.17,82.97,0.16
baidoa,2025050616,3.12,43.65,0.0,25.25,2.33,5.05,83.88,0.14
baidoa,2025050617,3.12,43.65,0.0,24.72,2.9,6.2,84.92,0.11
baidoa,2025050618,3.12,43.65,0.0,24.23,3.77,6.81,87.8,0.03
baidoa,2025050619,3.12,43.65,0.0,23.86,4.34,6.86,91.45,0.03
baidoa,2025050620,3.12,43.65,0.0,23.57,4.43,6.7,93.87,0.08
baidoa,2025050621,3.12,43.65,0.0,23.35,4.37,6.53,94.92,0.21
baidoa,2025050622,3.12,43.65,0.0,23.11,4.35,6.48,95.39,1.02
baidoa,2025050623,3.12,43.65,0.0,22.86,4.16,6.37,95.82,3.69
baidoa,2025050700,3.12,43.65,0.0,22.62,3.77,6.01,96.61,6.39
baidoa,2025050701,3.12,43.65,0.0,22.47,3.56,5.99,96.9,7.49
baidoa,2025050702,3.12,43.65,0.0,22.34,3.64,6.19,96.75,5.48
baidoa,2025050703,3.12,43.65,53.85,22.64,4.13,5.96,95.72,2.15
baidoa,2025050704,3.12,43.65,129.38,23.82,5.15,6.5,90.89,0.65
baidoa,2025050705,3.12,43.65,198.07,25.6,5.61,6.73,81.5,0.09
baidoa,2025050706,3.12,43.65,249.75,27.48,5.6,6.57,72.06,0.03
baidoa,2025050707,3.12,43.65,384.88,28.93,5.61,6.5,66.31,0.01
baidoa,2025050708,3.12,43.65,612.03,29.84,5.67,6.55,62.94,0.01
baidoa,2025050709,3.12,43.65,649.0,30.3,5.67,6.54,61.34,0.02
baidoa,2025050710,3.12,43.65,558.78,30.42,5.57,6.41,60.8,0.05
baidoa,2025050711,3.12,43.65,617.9,30.24,5.37,6.23,60.97,0.12
baidoa,2025050712,3.12,43.65,467.98,29.62,5.03,5.99,62.86,0.2
baidoa,2025050713,3.12,43.65,296.58,28.65,4.59,5.79,67.03,0.16
baidoa,2025050714,3.12,43.65,83.12,27.16,3.44,5.52,76.17,0.06
baidoa,2025050715,3.12,43.65,0.0,25.58,2.7,5.67,85.3,0.04
baidoa,2025050716,3.12,43.65,0.0,24.96,2.8,5.77,87.89,0.02
baidoa,2025050717,3.12,43.65,0.0,24.52,2.87,5.74,89.64,0.01
baidoa,2025050718,3.12,43.65,0.0,24.14,2.94,5.67,91.23,0.0
baidoa,2025050719,3.12,43.65,0.0,23.82,3.07,5.63,92.63,0.0
baidoa,2025050720,3.12,43.65,0.0,23.52,3.27,5.62,94.17,0.0
baidoa,2025050721,3.12,43.65,0.0,23.28,3.51,5.68,95.53,0.0
baidoa,2025050722,3.12,43.65,0.0,23.16,3.68,5.84,96.15,0.0
baidoa,2025050723,3.12,43.65,0.0,23.08,3.8,6.01,96.13,0.0
baidoa,2025050800,3.12,43.65,0.0,22.96,3.8,6.06,96.13,0.01
baidoa,2025050801,3.12,43.65,0.0,22.82,3.67,5.97,96.22,0.05
baidoa,2025050802,3.12,43.65,0.0,22.7,3.51,5.82,96.44,0.1
baidoa,2025050803,3.12,43.65,52.65,23.08,3.82,5.38,94.85,0.19
baidoa,2025050804,3.12,43.65,164.05,24.16,5.28,6.94,90.41,0.27
baidoa,2025050805,3.12,43.65,266.42,25.52,6.2,7.68,83.41,0.24
baidoa,2025050806,3.12,43.65,369.42,26.89,6.15,7.42,76.36,0.17
baidoa,2025050807,3.12,43.65,486.45,27.78,5.95,7.14,71.87,0.17
baidoa,2025050808,3.12,43.65,621.5,28.28,5.76,6.92,69.4,0.19
baidoa,2025050809,3.12,43.65,665.78,28.56,5.51,6.66,68.25,0.28
baidoa,2025050810,3.12,43.65,640.53,28.65,5.18,6.3,68.15,0.39
baidoa,2025050811,3.12,43.65,545.17,28.39,4.71,5.82,69.42,0.43
baidoa,2025050812,3.12,43.65,406.4,27.87,4.06,5.17,72.11,0.3
baidoa,2025050813,3.12,43.65,259.3,27.14,2.97,4.33,77.45,0.16
baidoa,2025050814,3.12,43.65,72.7,26.24,1.95,3.48,85.06,0.16
baidoa,2025050815,3.12,43.65,0.0,25.41,1.34,2.82,91.65,0.24
baidoa,2025050816,3.12,43.65,0.0,25.1,1.2,2.51,93.22,0.44
baidoa,2025050817,3.12,43.65,0.0,24.8,1.21,2.58,94.32,0.71
baidoa,2025050818,3.12,43.65,0.0,24.52,1.31,2.75,95.45,0.94
baidoa,2025050819,3.12,43.65,0.0,24.33,1.34,2.75,96.53,1.02
baidoa,2025050820,3.12,43.65,0.0,24.22,1.33,2.64,97.17,1.08
baidoa,2025050821,3.12,43.65,0.0,24.14,1.21,2.39,97.36,1.25
baidoa,2025050822,3.12,43.65,0.0,23.94,1.1,2.29,97.6,1.03
baidoa,2025050823,3.12,43.65,0.0,23.69,1.4,3.01,97.86,0.92
baidoa,2025050900,3.12,43.65,0.0,23.6,2.15,4.24,97.51,0.59
baidoa,2025050901,3.12,43.65,0.0,23.54,3.01,5.3,97.03,0.48
baidoa,2025050902,3.12,43.65,0.0,23.5,3.21,5.51,96.9,0.29
baidoa,2025050903,3.12,43.65,44.4,23.57,3.76,5.89,96.38,0.25
baidoa,2025050904,3.12,43.65,179.4,24.13,4.45,5.82,94.6,0.2
baidoa,2025050905,3.12,43.65,344.35,25.23,5.24,6.67,88.58,0.36
baidoa,2025050906,3.12,43.65,465.17,26.69,5.57,6.72,79.46,0.53
baidoa,2025050907,3.12,43.65,597.58,27.67,5.36,6.3,74.39,0.82
baidoa,2025050908,3.12,43.65,728.4,28.1,5.17,6.02,72.51,1.11
baidoa,2025050909,3.12,43.65,673.9,28.13,4.99,5.8,72.2,1.33
baidoa,2025050910,3.12,43.65,615.28,28.1,4.82,5.62,72.28,1.58
baidoa,2025050911,3.12,43.65,525.55,27.83,4.58,5.4,73.63,1.5
baidoa,2025050912,3.12,43.65,398.98,27.3,4.2,5.13,76.69,1.16
baidoa,2025050913,3.12,43.65,244.2,26.64,3.59,4.76,81.26,1.03
baidoa,2025050914,3.12,43.65,69.43,25.74,2.52,4.28,88.36,0.91
baidoa,2025050915,3.12,43.65,0.0,24.69,1.91,4.22,94.22,1.08
baidoa,2025050916,3.12,43.65,0.0,24.31,1.92,4.29,95.54,1.15
baidoa,2025050917,3.12,43.65,0.0,24.05,1.93,4.3,96.39,1.13
baidoa,2025050918,3.12,43.65,0.0,23.84,1.95,4.29,97.03,1.12
baidoa,2025050919,3.12,43.65,0.0,23.68,2.0,4.33,97.46,1.05
baidoa,2025050920,3.12,43.65,0.0,23.56,2.11,4.44,97.66,0.98
baidoa,2025050921,3.12,43.65,0.0,23.54,2.33,4.63,97.41,0.95
baidoa,2025050922,3.12,43.65,0.0,23.53,2.65,4.96,97.2,0.94
baidoa,2025050923,3.12,43.65,0.0,23.49,3.05,5.39,97.08,0.87
baidoa,2025051000,3.12,43.65,0.0,23.46,3.42,5.85,96.94,0.62
baidoa,2025051001,3.12,43.65,0.0,23.33,3.36,5.88,97.27,0.7
baidoa,2025051002,3.12,43.65,0.0,23.23,3.19,5.82,97.47,0.72
baidoa,2025051003,3.12,43.65,59.03,23.5,3.49,5.63,96.64,0.77
baidoa,2025051004,3.12,43.65,248.4,24.29,4.2,5.46,94.4,0.72
baidoa,2025051005,3.12,43.65,412.35,25.21,5.24,6.59,90.13,0.47
baidoa,2025051006,3.12,43.65,495.12,26.26,5.58,6.73,84.11,0.37
baidoa,2025051007,3.12,43.65,609.92,27.1,5.58,6.63,79.3,0.45
baidoa,2025051008,3.12,43.65,633.45,27.64,5.55,6.55,76.0,0.53
baidoa,2025051009,3.12,43.65,758.22,27.88,5.44,6.4,74.14,0.59
baidoa,2025051010,3.12,43.65,699.95,27.96,5.27,6.21,73.37,0.61
baidoa,2025051011,3.12,43.65,600.5,27.92,5.04,5.97,73.13,0.58
baidoa,2025051012,3.12,43.65,450.58,27.59,4.76,5.76,74.28,0.43
baidoa,2025051013,3.12,43.65,281.02,26.83,4.21,5.51,78.54,0.19
baidoa,2025051014,3.12,43.65,76.05,25.8,3.09,5.11,86.03,0.07
baidoa,2025051015,3.12,43.65,0.0,24.54,2.39,5.17,92.68,0.06
baidoa,2025051016,3.12,43.65,0.0,24.03,2.44,5.2,94.58,0.04
baidoa,2025051017,3.12,43.65,0.0,23.65,2.5,5.25,96.05,0.02
baidoa,2025051018,3.12,43.65,0.0,23.36,2.62,5.36,97.36,0.02
baidoa,2025051019,3.12,43.65,0.0,23.16,2.75,5.46,98.3,0.01
baidoa,2025051020,3.12,43.65,0.0,22.99,2.74,5.54,98.74,0.01
baidoa,2025051021,3.12,43.65,0.0,22.94,2.92,5.74,98.53,0.01
baidoa,2025051022,3.12,43.65,0.0,22.85,3.05,5.84,98.51,0.01
baidoa,2025051023,3.12,43.65,0.0,22.65,2.93,5.77,98.78,0.01
baidoa,2025051100,3.12,43.65,0.0,22.43,2.8,5.66,99.14,0.0
baidoa,2025051101,3.12,43.65,0.0,22.24,2.71,5.59,99.36,0.0
baidoa,2025051102,3.12,43.65,0.0,22.15,2.81,5.72,99.1,0.0
baidoa,2025051103,3.12,43.65,62.72,22.83,3.65,5.57,96.03,0.0
baidoa,2025051104,3.12,43.65,231.98,24.21,4.83,6.13,90.05,0.0
baidoa,2025051105,3.12,43.65,350.15,25.83,5.51,6.63,80.2,0.01
baidoa,2025051106,3.12,43.65,441.55,27.44,5.64,6.64,70.18,0.01
baidoa,2025051107,3.12,43.65,576.55,28.89,5.62,6.53,63.13,0.01
baidoa,2025051108,3.12,43.65,769.2,30.07,5.54,6.36,58.85,0.01
baidoa,2025051109,3.12,43.65,822.55,30.83,5.35,6.12,56.74,0.01
baidoa,2025051110,3.12,43.65,741.28,31.18,5.1,5.8,56.0,0.01
baidoa,2025051111,3.12,43.65,617.7,31.13,4.84,5.53,56.42,0.02
baidoa,2025051112,3.12,43.65,449.17,30.62,4.62,5.38,58.31,0.01
baidoa,2025051113,3.12,43.65,257.48,29.67,4.39,5.43,62.14,0.01
baidoa,2025051114,3.12,43.65,83.55,27.84,3.34,5.65,73.49,0.01
baidoa,2025051115,3.12,43.65,0.0,25.83,2.87,6.29,84.05,0.01
baidoa,2025051116,3.12,43.65,0.0,25.14,3.13,6.49,87.48,0.01
baidoa,2025051117,3.12,43.65,0.0,24.58,3.11,6.2,91.26,0.01
baidoa,2025051118,3.12,43.65,0.0,24.13,2.93,5.77,94.56,0.01
baidoa,2025051119,3.12,43.65,0.0,23.82,2.83,5.54,96.8,0.01
baidoa,2025051120,3.12,43.65,0.0,23.64,2.87,5.55,97.88,0.0
baidoa,2025051121,3.12,43.65,0.0,23.54,3.05,5.73,98.05,0.01
baidoa,2025051122,3.12,43.65,0.0,23.43,3.32,5.97,97.96,0.0
baidoa,2025051123,3.12,43.65,0.0,23.35,3.69,6.3,97.54,0.0
baidoa,2025051200,3.12,43.65,0.0,23.25,4.15,6.63,96.99,0.0
baidoa,2025051201,3.12,43.65,0.0,23.05,4.09,6.66,97.23,0.0
baidoa,2025051202,3.12,43.65,0.0,22.99,4.72,7.38,96.72,0.01
baidoa,2025051203,3.12,43.65,64.43,23.31,5.28,7.4,94.87,0.01
baidoa,2025051204,3.12,43.65,199.98,24.6,6.27,8.05,88.25,0.0
baidoa,2025051205,3.12,43.65,328.73,26.33,6.69,8.16,77.84,0.01
baidoa,2025051206,3.12,43.65,404.85,27.99,6.57,7.85,69.33,0.0
baidoa,2025051207,3.12,43.65,568.62,29.3,6.46,7.61,64.07,0.01
baidoa,2025051208,3.12,43.65,652.47,30.22,6.38,7.47,61.19,0.01
baidoa,2025051209,3.12,43.65,746.38,30.76,6.36,7.38,59.45,0.01
baidoa,2025051210,3.12,43.65,733.97,30.77,6.31,7.31,59.22,0.01
baidoa,2025051211,3.12,43.65,654.05,30.43,6.28,7.33,59.96,0.01
baidoa,2025051212,3.12,43.65,483.23,29.8,6.09,7.25,61.57,0.01
baidoa,2025051213,3.12,43.65,276.7,28.84,5.75,7.13,65.02,0.01
baidoa,2025051214,3.12,43.65,84.9,27.19,4.5,6.65,73.91,0.01
baidoa,2025051215,3.12,43.65,0.0,25.4,3.52,6.7,84.46,0.01
baidoa,2025051216,3.12,43.65,0.0,24.75,3.85,6.77,89.12,0.02
baidoa,2025051217,3.12,43.65,0.0,24.31,4.02,6.61,93.06,0.02
baidoa,2025051218,3.12,43.65,0.0,24.0,3.97,6.56,95.21,0.02
baidoa,2025051219,3.12,43.65,0.0,23.65,3.7,6.27,96.67,0.02
baidoa,2025051220,3.12,43.65,0.0,23.31,3.42,6.06,97.69,0.01
baidoa,2025051221,3.12,43.65,0.0,23.0,3.32,6.04,98.23,0.01
baidoa,2025051222,3.12,43.65,0.0,22.76,3.35,6.11,98.42,0.01
baidoa,2025051223,3.12,43.65,0.0,22.6,3.58,6.4,98.18,0.01
baidoa,2025051300,3.12,43.65,0.0,22.44,3.77,6.57,98.07,0.01
baidoa,2025051301,3.12,43.65,0.0,22.28,3.81,6.63,98.03,0.01
baidoa,2025051302,3.12,43.65,0.0,22.1,3.75,6.58,98.1,0.01
baidoa,2025051303,3.12,43.65,59.75,22.62,4.35,6.29,95.47,0.01
baidoa,2025051304,3.12,43.65,182.38,24.2,6.01,7.73,87.91,0.01
baidoa,2025051305,3.12,43.65,284.15,26.11,6.58,7.94,77.29,0.01
baidoa,2025051306,3.12,43.65,404.38,27.84,6.53,7.74,69.6,0.01
baidoa,2025051307,3.12,43.65,629.3,29.25,6.52,7.66,64.42,0.01
baidoa,2025051308,3.12,43.65,755.25,30.26,6.54,7.65,60.54,0.01
baidoa,2025051309,3.12,43.65,796.53,30.84,6.42,7.49,58.2,0.01
baidoa,2025051310,3.12,43.65,757.22,31.17,6.28,7.32,56.81,0.01
baidoa,2025051311,3.12,43.65,591.33,31.0,6.11,7.18,56.93,0.01
baidoa,2025051312,3.12,43.65,448.83,30.46,5.81,6.96,58.34,0.01
baidoa,2025051313,3.12,43.65,257.25,29.52,5.36,6.71,61.28,0.01
baidoa,2025051314,3.12,43.65,78.35,27.72,3.84,6.28,71.14,0.01
baidoa,2025051315,3.12,43.65,0.0,25.79,2.95,6.39,81.91,0.02
baidoa,2025051316,3.12,43.65,0.0,24.9,2.97,6.4,86.32,0.02
baidoa,2025051317,3.12,43.65,0.0,24.25,2.92,6.2,89.85,0.02
baidoa,2025051318,3.12,43.65,0.0,23.75,2.85,5.98,92.51,0.03
baidoa,2025051319,3.12,43.65,0.0,23.28,2.78,5.77,94.7,0.03
baidoa,2025051320,3.12,43.65,0.0,22.89,2.78,5.65,96.39,0.04
baidoa,2025051321,3.12,43.65,0.0,22.64,2.95,5.69,97.33,0.03
baidoa,2025051322,3.12,43.65,0.0,22.49,3.09,5.78,97.67,0.02
baidoa,2025051323,3.12,43.65,0.0,22.36,3.1,5.84,97.97,0.01
baidoa,2025051400,3.12,43.65,0.0,22.26,3.06,5.88,98.34,0.01
baidoa,2025051401,3.12,43.65,0.0,22.41,3.41,6.37,97.98,0.01
baidoa,2025051402,3.12,43.65,0.0,22.74,4.13,7.04,97.22,0.02
baidoa,2025051403,3.12,43.65,60.95,23.36,4.72,6.73,95.24,0.02
baidoa,2025051404,3.12,43.65,142.77,24.88,5.94,7.61,88.65,0.02
baidoa,2025051405,3.12,43.65,250.6,26.69,6.76,8.28,79.49,0.03
baidoa,2025051406,3.12,43.65,449.27,28.4,6.93,8.29,71.65,0.02
baidoa,2025051407,3.12,43.65,577.33,29.52,7.03,8.34,66.61,0.02
baidoa,2025051408,3.12,43.65,689.4,30.27,7.12,8.44,62.97,0.02
baidoa,2025051409,3.12,43.65,698.03,30.83,7.02,8.33,60.04,0.01
baidoa,2025051410,3.12,43.65,705.53,31.15,6.67,7.93,57.98,0.01
baidoa,2025051411,3.12,43.65,618.95,31.14,6.25,7.46,57.39,0.01
baidoa,2025051412,3.12,43.65,450.73,30.68,5.83,7.1,58.81,0.0
baidoa,2025051413,3.12,43.65,262.42,29.75,5.3,6.76,62.88,0.0
baidoa,2025051414,3.12,43.65,85.12,28.1,3.92,6.31,72.91,0.0
baidoa,2025051415,3.12,43.65,0.0,26.25,3.07,6.43,83.81,0.0
baidoa,2025051416,3.12,43.65,0.0,25.74,3.55,6.56,87.54,0.01
baidoa,2025051417,3.12,43.65,0.0,25.4,4.29,6.91,90.75,0.01
baidoa,2025051418,3.12,43.65,0.0,25.05,5.19,7.69,92.28,0.01
baidoa,2025051419,3.12,43.65,0.0,24.46,5.61,7.9,93.07,0.01
baidoa,2025051420,3.12,43.65,0.0,23.77,5.24,7.47,93.98,0.01
baidoa,2025051421,3.12,43.65,0.0,23.15,4.52,6.72,95.08,0.01
baidoa,2025051422,3.12,43.65,0.0,22.76,4.29,6.64,95.64,0.0
baidoa,2025051423,3.12,43.65,0.0,22.5,4.33,6.8,96.18,0.0
baidoa,2025051500,3.12,43.65,0.0,22.35,4.41,7.02,96.51,0.0
baidoa,2025051501,3.12,43.65,0.0,22.31,4.68,7.29,96.21,0.0
baidoa,2025051502,3.12,43.65,0.0,22.2,4.55,7.17,96.39,0.0
baidoa,2025051503,3.12,43.65,72.8,22.66,4.91,6.79,94.28,0.0
baidoa,2025051504,3.12,43.65,270.15,24.38,6.4,8.26,85.85,0.0
baidoa,2025051505,3.12,43.65,470.17,26.47,7.2,8.79,75.23,0.0
baidoa,2025051506,3.12,43.65,605.9,28.3,7.21,8.63,67.71,0.0
baidoa,2025051507,3.12,43.65,714.25,29.78,7.1,8.4,62.57,0.0
baidoa,2025051508,3.12,43.65,790.22,30.89,6.99,8.23,59.1,0.0
baidoa,2025051509,3.12,43.65,753.9,31.56,6.87,8.04,57.1,0.0
baidoa,2025051510,3.12,43.65,676.33,31.79,6.69,7.82,56.43,0.0
baidoa,2025051511,3.12,43.65,636.85,31.43,6.47,7.62,57.31,0.01
baidoa,2025051512,3.12,43.65,474.95,30.75,6.19,7.42,59.31,0.01
baidoa,2025051513,3.12,43.65,297.75,29.74,5.86,7.26,63.07,0.01
baidoa,2025051514,3.12,43.65,83.5,28.05,4.72,6.86,71.79,0.01
baidoa,2025051515,3.12,43.65,0.0,26.25,3.87,6.96,81.54,0.01
baidoa,2025051516,3.12,43.65,0.0,25.43,3.92,6.67,86.51,0.01
baidoa,2025051517,3.12,43.65,0.0,24.8,3.95,6.41,90.41,0.01
baidoa,2025051518,3.12,43.65,0.0,24.25,3.97,6.24,93.17,0.0
baidoa,2025051519,3.12,43.65,0.0,23.74,3.93,6.05,94.89,0.0
baidoa,2025051520,3.12,43.65,0.0,23.28,3.84,5.93,95.55,0.0
baidoa,2025051521,3.12,43.65,0.0,22.83,3.78,5.92,96.04,0.0
baidoa,2025051522,3.12,43.65,0.0,22.43,3.72,5.97,96.52,0.0
baidoa,2025051523,3.12,43.65,0.0,22.12,3.73,6.16,97.11,0.0
baidoa,2025051600,3.12,43.65,0.0,22.03,3.82,6.32,97.05,0.0
baidoa,2025051601,3.12,43.65,0.0,21.98,3.72,6.33,97.26,0.0
baidoa,2025051602,3.12,43.65,0.0,21.86,3.46,6.24,97.84,0.01
baidoa,2025051603,3.12,43.65,73.93,22.48,4.02,5.86,94.88,0.01
baidoa,2025051604,3.12,43.65,276.75,24.28,5.61,7.16,85.88,0.0
baidoa,2025051605,3.12,43.65,489.98,26.39,6.45,7.82,74.05,0.0
baidoa,2025051606,3.12,43.65,726.1,28.28,6.69,7.98,63.74,0.0
baidoa,2025051607,3.12,43.65,844.2,29.7,6.76,8.0,57.08,0.0
baidoa,2025051608,3.12,43.65,923.22,30.69,6.72,7.92,53.17,0.0
baidoa,2025051609,3.12,43.65,859.83,31.35,6.56,7.72,50.89,0.0
baidoa,2025051610,3.12,43.65,752.28,31.69,6.26,7.34,49.94,0.0
baidoa,2025051611,3.12,43.65,636.78,31.7,5.83,6.85,50.1,0.0
baidoa,2025051612,3.12,43.65,444.23,31.32,5.32,6.32,51.41,0.01
baidoa,2025051613,3.12,43.65,278.48,30.37,4.7,5.84,55.42,0.01
baidoa,2025051614,3.12,43.65,81.4,28.52,3.19,5.36,67.68,0.01
baidoa,2025051615,3.12,43.65,0.0,26.17,2.45,5.54,82.03,0.01
baidoa,2025051616,3.12,43.65,0.0,25.59,2.64,5.93,85.8,0.02
baidoa,2025051617,3.12,43.65,0.0,25.2,2.99,6.21,89.33,0.01
baidoa,2025051618,3.12,43.65,0.0,24.84,3.51,6.34,92.61,0.01
baidoa,2025051619,3.12,43.65,0.0,24.44,3.84,6.29,95.15,0.0
baidoa,2025051620,3.12,43.65,0.0,24.08,3.94,6.21,96.17,0.0
baidoa,2025051621,3.12,43.65,0.0,23.78,3.94,6.23,96.42,0.0
baidoa,2025051622,3.12,43.65,0.0,23.6,4.21,6.47,96.16,0.0
baidoa,2025051623,3.12,43.65,0.0,23.46,4.48,6.85,95.88,0.0
baidoa,2025051700,3.12,43.65,0.0,23.29,4.46,6.79,95.87,0.0
baidoa,2025051701,3.12,43.65,0.0,23.09,4.07,6.44,96.2,0.0
baidoa,2025051702,3.12,43.65,0.0,22.87,3.69,6.18,96.77,0.0
baidoa,2025051703,3.12,43.65,41.78,23.35,4.24,6.01,94.09,0.0
baidoa,2025051704,3.12,43.65,136.5,24.98,5.42,6.71,83.98,0.0
baidoa,2025051705,3.12,43.65,291.73,26.93,5.9,7.06,71.76,0.0
baidoa,2025051706,3.12,43.65,397.95,28.83,6.19,7.31,62.84,0.0
baidoa,2025051707,3.12,43.65,486.6,30.43,6.36,7.45,57.56,0.01
baidoa,2025051708,3.12,43.65,626.17,31.62,6.44,7.5,54.42,0.01
baidoa,2025051709,3.12,43.65,692.75,32.31,6.38,7.41,53.01,0.01
baidoa,2025051710,3.12,43.65,652.17,32.56,6.23,7.21,52.93,0.01
baidoa,2025051711,3.12,43.65,581.53,32.2,6.04,7.04,54.49,0.02
baidoa,2025051712,3.12,43.65,424.75,31.53,5.79,6.87,56.71,0.02
baidoa,2025051713,3.12,43.65,237.43,30.46,5.39,6.65,60.86,0.02
baidoa,2025051714,3.12,43.65,73.18,28.78,4.09,6.15,70.02,0.02
baidoa,2025051715,3.12,43.65,0.0,26.84,3.07,6.28,81.59,0.03
baidoa,2025051716,3.12,43.65,0.0,26.17,3.41,6.33,85.94,0.04
baidoa,2025051717,3.12,43.65,0.0,25.61,3.73,6.31,89.94,0.04
baidoa,2025051718,3.12,43.65,0.0,25.11,3.92,6.17,93.23,0.04
baidoa,2025051719,3.12,43.65,0.0,24.71,3.62,5.66,95.35,0.03
baidoa,2025051720,3.12,43.65,0.0,24.42,3.55,5.79,95.89,0.02
baidoa,2025051721,3.12,43.65,0.0,24.16,3.84,6.12,95.67,0.02
baidoa,2025051722,3.12,43.65,0.0,23.86,3.86,6.16,95.84,0.01
baidoa,2025051723,3.12,43.65,0.0,23.6,3.95,6.34,95.88,0.01
baidoa,2025051800,3.12,43.65,0.0,23.42,3.99,6.44,95.9,0.01
baidoa,2025051801,3.12,43.65,0.0,23.27,3.97,6.47,96.1,0.01
baidoa,2025051802,3.12,43.65,0.0,23.14,3.97,6.56,96.14,0.0
baidoa,2025051803,3.12,43.65,72.55,23.49,4.5,6.38,94.17,0.0
baidoa,2025051804,3.12,43.65,278.08,24.99,5.7,7.16,85.65,0.0
baidoa,2025051805,3.12,43.65,486.42,27.09,6.1,7.29,73.54,0.0
baidoa,2025051806,3.12,43.65,583.78,29.09,5.95,6.97,64.58,0.0
baidoa,2025051807,3.12,43.65,642.95,30.64,5.7,6.59,59.05,0.0
baidoa,2025051808,3.12,43.65,744.38,31.75,5.49,6.3,55.22,0.0
baidoa,2025051809,3.12,43.65,802.35,32.49,5.19,5.92,52.56,0.0
baidoa,2025051810,3.12,43.65,768.7,32.58,4.76,5.46,51.78,0.0
baidoa,2025051811,3.12,43.65,636.88,32.15,4.3,5.0,52.42,0.0
baidoa,2025051812,3.12,43.65,457.12,31.61,3.93,4.65,53.73,0.0
baidoa,2025051813,3.12,43.65,274.42,30.58,3.45,4.54,58.36,0.0
baidoa,2025051814,3.12,43.65,85.32,28.96,2.6,4.67,69.11,0.0
baidoa,2025051815,3.12,43.65,0.0,26.9,2.32,5.22,80.62,0.0
baidoa,2025051816,3.12,43.65,0.0,26.08,2.52,5.64,83.89,0.0
baidoa,2025051817,3.12,43.65,0.0,25.48,2.81,5.91,87.04,0.01
baidoa,2025051818,3.12,43.65,0.0,24.97,3.2,5.98,90.46,0.01
baidoa,2025051819,3.12,43.65,0.0,24.51,3.32,5.69,94.1,0.01
baidoa,2025051820,3.12,43.65,0.0,24.21,3.31,5.63,96.39,0.01
baidoa,2025051821,3.12,43.65,0.0,24.08,3.53,5.87,97.01,0.01
baidoa,2025051822,3.12,43.65,0.0,24.02,3.75,6.03,96.79,0.01
baidoa,2025051823,3.12,43.65,0.0,23.89,3.74,6.02,96.74,0.01
baidoa,2025051900,3.12,43.65,0.0,23.75,3.65,5.97,96.68,0.01
baidoa,2025051901,3.12,43.65,0.0,23.57,3.6,5.95,96.78,0.01
baidoa,2025051902,3.12,43.65,0.0,23.35,3.42,5.85,97.0,0.01
baidoa,2025051903,3.12,43.65,57.03,23.73,4.21,6.02,94.23,0.01
baidoa,2025051904,3.12,43.65,131.45,25.15,5.85,7.26,84.93,0.0
baidoa,2025051905,3.12,43.65,187.55,27.17,6.15,7.31,73.5,0.01
baidoa,2025051906,3.12,43.65,258.58,29.16,6.23,7.3,64.59,0.01
baidoa,2025051907,3.12,43.65,329.92,30.76,6.3,7.32,58.68,0.01
baidoa,2025051908,3.12,43.65,547.12,31.94,6.36,7.36,54.76,0.01
baidoa,2025051909,3.12,43.65,661.03,32.54,6.29,7.27,52.86,0.02
baidoa,2025051910,3.12,43.65,581.2,32.64,6.12,7.11,52.51,0.02
baidoa,2025051911,3.12,43.65,535.92,32.29,5.88,6.93,53.21,0.03
baidoa,2025051912,3.12,43.65,438.88,31.58,5.65,6.79,55.18,0.02
baidoa,2025051913,3.12,43.65,246.38,30.43,5.16,6.64,59.67,0.02
baidoa,2025051914,3.12,43.65,82.6,28.88,3.97,6.31,68.17,0.02
baidoa,2025051915,3.12,43.65,0.0,27.14,3.38,6.65,77.91,0.03
baidoa,2025051916,3.12,43.65,0.0,26.24,3.55,6.59,83.18,0.02
baidoa,2025051917,3.12,43.65,0.0,25.5,3.56,6.22,88.26,0.02
baidoa,2025051918,3.12,43.65,0.0,24.9,3.56,5.87,92.52,0.01
baidoa,2025051919,3.12,43.65,0.0,24.44,3.51,5.61,95.31,0.01
baidoa,2025051920,3.12,43.65,0.0,24.14,3.46,5.57,96.3,0.0
baidoa,2025051921,3.12,43.65,0.0,23.92,3.62,5.7,96.41,0.0
baidoa,2025051922,3.12,43.65,0.0,23.75,3.82,5.87,96.15,0.01
baidoa,2025051923,3.12,43.65,0.0,23.6,4.0,6.05,96.05,0.01
baidoa,2025052000,3.12,43.65,0.0,23.44,4.01,6.29,96.14,0.01
baidoa,2025052001,3.12,43.65,0.0,23.34,4.11,6.57,96.08,0.01
baidoa,2025052002,3.12,43.65,0.0,23.29,3.95,6.55,96.38,0.01
baidoa,2025052003,3.12,43.65,59.25,23.87,4.53,6.47,94.31,0.01
baidoa,2025052004,3.12,43.65,141.32,25.23,5.75,7.45,87.77,0.0
baidoa,2025052005,3.12,43.65,212.57,26.84,6.5,7.97,78.1,0.0
baidoa,2025052006,3.12,43.65,328.6,28.19,6.53,7.81,70.89,0.0
baidoa,2025052007,3.12,43.65,459.23,29.38,6.5,7.69,65.25,0.0
baidoa,2025052008,3.12,43.65,598.22,30.22,6.49,7.65,61.24,0.0
baidoa,2025052009,3.12,43.65,599.38,30.76,6.35,7.49,58.12,0.0
baidoa,2025052010,3.12,43.65,628.97,30.94,6.07,7.21,56.22,0.0
baidoa,2025052011,3.12,43.65,532.58,30.85,5.72,6.89,55.14,0.0
baidoa,2025052012,3.12,43.65,448.3,30.47,5.27,6.49,55.31,0.0
baidoa,2025052013,3.12,43.65,285.17,29.65,4.48,6.04,58.46,0.0
baidoa,2025052014,3.12,43.65,80.82,28.11,3.01,5.66,68.51,0.0
baidoa,2025052015,3.12,43.65,0.0,26.48,2.77,6.17,77.49,0.0
baidoa,2025052016,3.12,43.65,0.0,26.02,3.4,6.68,79.95,0.0
baidoa,2025052017,3.12,43.65,0.0,25.53,4.06,6.8,84.09,0.0
baidoa,2025052018,3.12,43.65,0.0,24.95,4.2,6.46,88.82,0.0
baidoa,2025052019,3.12,43.65,0.0,24.31,3.84,5.81,93.04,0.0
baidoa,2025052020,3.12,43.65,0.0,23.86,3.63,5.49,95.01,0.0
baidoa,2025052021,3.12,43.65,0.0,23.57,3.5,5.4,95.49,0.0
baidoa,2025052022,3.12,43.65,0.0,23.29,3.39,5.36,95.8,0.0
baidoa,2025052023,3.12,43.65,0.0,23.05,3.26,5.34,96.16,0.01
baidoa,2025052100,3.12,43.65,0.0,22.83,3.13,5.38,96.64,0.0
baidoa,2025052101,3.12,43.65,0.0,22.67,3.05,5.45,97.11,0.0
baidoa,2025052102,3.12,43.65,0.0,22.51,3.12,5.74,97.76,0.0
baidoa,2025052103,3.12,43.65,72.4,23.21,4.05,5.77,94.45,0.0
baidoa,2025052104,3.12,43.65,218.48,25.26,5.64,7.08,83.95,0.0
baidoa,2025052105,3.12,43.65,359.02,27.65,6.4,7.71,70.22,0.0
baidoa,2025052106,3.12,43.65,467.27,29.79,6.66,7.89,60.61,0.0
baidoa,2025052107,3.12,43.65,634.05,31.46,6.71,7.86,55.37,0.0
baidoa,2025052108,3.12,43.65,677.22,32.6,6.8,7.9,52.62,0.01
baidoa,2025052109,3.12,43.65,642.97,33.01,6.84,7.91,51.97,0.01
baidoa,2025052110,3.12,43.65,647.08,32.83,6.79,7.88,52.79,0.01
baidoa,2025052111,3.12,43.65,557.28,32.38,6.63,7.77,54.18,0.01
baidoa,2025052112,3.12,43.65,415.45,31.57,6.37,7.58,56.84,0.01
baidoa,2025052113,3.12,43.65,240.9,30.35,5.87,7.31,61.49,0.01
baidoa,2025052114,3.12,43.65,74.6,28.82,4.62,6.62,69.24,0.01
baidoa,2025052115,3.12,43.65,0.0,27.32,3.65,6.43,78.02,0.01
baidoa,2025052116,3.12,43.65,0.0,26.65,3.84,6.29,82.35,0.0
baidoa,2025052117,3.12,43.65,0.0,26.04,3.78,5.98,86.73,0.0
baidoa,2025052118,3.12,43.65,0.0,25.48,3.69,5.74,90.58,0.0
baidoa,2025052119,3.12,43.65,0.0,25.0,3.78,5.75,93.44,0.0
baidoa,2025052120,3.12,43.65,0.0,24.65,3.93,5.9,94.99,0.0
baidoa,2025052121,3.12,43.65,0.0,24.4,4.07,6.13,95.57,0.0
baidoa,2025052122,3.12,43.65,0.0,24.28,4.35,6.39,95.36,0.0
baidoa,2025052123,3.12,43.65,0.0,24.17,4.4,6.5,95.25,0.01
baidoa,2025052200,3.12,43.65,0.0,24.04,4.32,6.54,95.5,0.01
baidoa,2025052201,3.12,43.65,0.0,23.96,4.33,6.73,95.76,0.01
baidoa,2025052202,3.12,43.65,0.0,24.01,4.86,7.37,95.27,0.01
baidoa,2025052203,3.12,43.65,60.7,24.3,5.01,6.92,93.88,0.01
baidoa,2025052204,3.12,43.65,186.23,25.32,5.7,7.35,88.15,0.01
baidoa,2025052205,3.12,43.65,318.75,26.58,6.11,7.51,79.7,0.0
baidoa,2025052206,3.12,43.65,433.45,27.89,6.33,7.65,71.44,0.0
baidoa,2025052207,3.12,43.65,615.33,29.13,6.62,7.93,64.79,0.0
baidoa,2025052208,3.12,43.65,689.58,30.16,6.91,8.19,60.36,0.0
baidoa,2025052209,3.12,43.65,582.53,30.73,7.08,8.35,58.52,0.01
baidoa,2025052210,3.12,43.65,612.08,30.72,7.17,8.52,58.97,0.01
baidoa,2025052211,3.12,43.65,530.62,30.4,7.24,8.72,60.79,0.02
baidoa,2025052212,3.12,43.65,394.6,29.94,7.25,8.88,63.21,0.02
baidoa,2025052213,3.12,43.65,248.82,28.96,6.98,8.77,67.86,0.02
baidoa,2025052214,3.12,43.65,67.22,27.55,5.89,7.84,75.2,0.02
baidoa,2025052215,3.12,43.65,0.0,26.15,4.41,6.7,83.47,0.02
baidoa,2025052216,3.12,43.65,0.0,25.37,3.81,5.93,88.56,0.01
baidoa,2025052217,3.12,43.65,0.0,24.89,3.45,5.52,91.67,0.01
baidoa,2025052218,3.12,43.65,0.0,24.56,3.17,5.15,93.68,0.01
baidoa,2025052219,3.12,43.65,0.0,24.3,3.05,5.03,94.9,0.01
baidoa,2025052220,3.12,43.65,0.0,24.13,3.47,5.53,95.28,0.01
baidoa,2025052221,3.12,43.65,0.0,24.03,4.45,6.65,95.02,0.01
baidoa,2025052222,3.12,43.65,0.0,23.94,4.99,7.22,95.06,0.01
baidoa,2025052223,3.12,43.65,0.0,23.86,5.21,7.51,95.13,0.01
baidoa,2025052300,3.12,43.65,0.0,23.73,5.34,7.76,95.31,0.01
baidoa,2025052301,3.12,43.65,0.0,23.59,5.62,8.17,95.25,0.01
baidoa,2025052302,3.12,43.65,0.0,23.42,5.54,8.1,95.25,0.0
baidoa,2025052303,3.12,43.65,62.83,23.55,5.43,7.47,93.92,0.0
baidoa,2025052304,3.12,43.65,261.02,24.51,6.65,8.75,87.26,0.0
baidoa,2025052305,3.12,43.65,436.62,26.03,7.75,9.68,76.6,0.0
baidoa,2025052306,3.12,43.65,650.92,27.68,7.93,9.64,66.88,0.0
baidoa,2025052307,3.12,43.65,755.58,29.27,7.79,9.33,58.92,0.0
baidoa,2025052308,3.12,43.65,809.95,30.43,7.61,9.11,54.04,0.0
baidoa,2025052309,3.12,43.65,770.8,30.52,7.41,8.95,53.4,0.0
baidoa,2025052310,3.12,43.65,606.25,30.56,7.36,8.97,53.37,0.0
baidoa,2025052311,3.12,43.65,517.88,30.62,7.46,9.15,53.07,0.01
baidoa,2025052312,3.12,43.65,339.75,30.44,7.49,9.28,53.76,0.02
baidoa,2025052313,3.12,43.65,182.43,29.76,7.07,9.04,56.22,0.04
baidoa,2025052314,3.12,43.65,58.35,28.18,5.63,8.26,63.87,0.06
baidoa,2025052315,3.12,43.65,0.0,26.17,4.44,7.87,75.55,0.08
baidoa,2025052316,3.12,43.65,0.0,25.26,5.02,7.98,82.08,0.11
baidoa,2025052317,3.12,43.65,0.0,24.49,5.16,7.71,87.31,0.14
baidoa,2025052318,3.12,43.65,0.0,23.86,4.86,7.15,91.19,0.16
baidoa,2025052319,3.12,43.65,0.0,23.42,4.75,6.93,93.66,0.15
baidoa,2025052320,3.12,43.65,0.0,23.16,4.8,6.98,94.97,0.1
baidoa,2025052321,3.12,43.65,0.0,22.99,5.05,7.39,95.38,0.06
baidoa,2025052322,3.12,43.65,0.0,22.9,5.42,7.83,95.35,0.05
baidoa,2025052323,3.12,43.65,0.0,22.86,5.74,8.27,95.28,0.05
baidoa,2025052400,3.12,43.65,0.0,22.82,5.95,8.59,95.24,0.05
baidoa,2025052401,3.12,43.65,0.0,22.72,5.98,8.65,95.29,0.04
baidoa,2025052402,3.12,43.65,0.0,22.57,5.68,8.35,95.59,0.02
baidoa,2025052403,3.12,43.65,61.45,22.8,5.67,7.82,94.2,0.01
baidoa,2025052404,3.12,43.65,265.52,24.18,7.17,9.47,85.1,0.0
baidoa,2025052405,3.12,43.65,458.95,26.34,8.6,10.77,70.03,0.0
baidoa,2025052406,3.12,43.65,612.05,28.13,8.96,10.94,60.27,0.0
baidoa,2025052407,3.12,43.65,650.47,29.19,8.9,10.8,55.1,0.0
baidoa,2025052408,3.12,43.65,682.3,30.35,8.96,10.79,51.26,0.0
baidoa,2025052409,3.12,43.65,628.5,31.41,8.98,10.76,48.75,0.0
baidoa,2025052410,3.12,43.65,583.55,31.74,8.77,10.52,48.23,0.0
baidoa,2025052411,3.12,43.65,473.77,31.42,8.43,10.19,49.28,0.0
baidoa,2025052412,3.12,43.65,313.52,30.8,7.95,9.73,51.37,0.0
baidoa,2025052413,3.12,43.65,168.68,29.56,7.25,9.17,56.71,0.0
baidoa,2025052414,3.12,43.65,50.67,27.96,6.16,8.33,65.48,0.0
baidoa,2025052415,3.12,43.65,0.0,26.3,5.06,7.36,75.75,0.0
baidoa,2025052416,3.12,43.65,0.0,25.34,4.99,7.0,82.23,0.0
baidoa,2025052417,3.12,43.65,0.0,24.63,4.87,6.82,86.5,0.0
baidoa,2025052418,3.12,43.65,0.0,24.13,4.87,7.07,88.22,0.0
baidoa,2025052419,3.12,43.65,0.0,23.71,4.77,7.03,89.05,0.0
baidoa,2025052420,3.12,43.65,0.0,23.33,4.92,7.42,89.94,0.0
baidoa,2025052421,3.12,43.65,0.0,23.15,5.3,7.75,90.78,0.0
baidoa,2025052422,3.12,43.65,0.0,22.97,5.6,7.95,92.54,0.0
baidoa,2025052423,3.12,43.65,0.0,22.78,5.45,7.79,94.23,0.0
baidoa,2025052500,3.12,43.65,0.0,22.71,5.41,7.87,94.8,0.0
baidoa,2025052501,3.12,43.65,0.0,22.64,5.35,7.89,95.17,0.0
baidoa,2025052502,3.12,43.65,0.0,22.56,5.22,7.84,95.57,0.0
baidoa,2025052503,3.12,43.65,58.67,22.99,5.69,7.83,93.22,0.0
baidoa,2025052504,3.12,43.65,202.27,24.68,7.35,9.65,83.62,0.0
baidoa,2025052505,3.12,43.65,300.83,26.82,8.48,10.53,72.22,0.0
baidoa,2025052506,3.12,43.65,521.9,28.61,8.6,10.43,64.11,0.0
baidoa,2025052507,3.12,43.65,627.33,30.08,8.56,10.23,58.51,0.0
baidoa,2025052508,3.12,43.65,602.05,31.24,8.52,10.11,54.65,0.0
baidoa,2025052509,3.12,43.65,489.88,31.98,8.39,9.95,52.42,0.0
baidoa,2025052510,3.12,43.65,495.15,32.36,8.26,9.79,51.04,0.01
baidoa,2025052511,3.12,43.65,428.83,32.2,8.07,9.63,51.18,0.01
baidoa,2025052512,3.12,43.65,351.58,31.66,7.81,9.48,52.26,0.0
baidoa,2025052513,3.12,43.65,193.4,30.69,7.52,9.33,55.06,0.0
baidoa,2025052514,3.12,43.65,62.05,28.81,6.63,8.89,62.85,0.0
baidoa,2025052515,3.12,43.65,0.0,26.83,5.54,8.25,73.03,0.0
baidoa,2025052516,3.12,43.65,0.0,25.65,5.06,7.42,80.5,0.0
baidoa,2025052517,3.12,43.65,0.0,24.74,4.62,6.81,86.32,0.0
baidoa,2025052518,3.12,43.65,0.0,24.04,4.27,6.37,90.42,0.0
baidoa,2025052519,3.12,43.65,0.0,23.46,4.01,6.08,93.33,0.0
baidoa,2025052520,3.12,43.65,0.0,22.99,3.82,5.93,95.2,0.0
baidoa,2025052521,3.12,43.65,0.0,22.67,3.8,6.01,95.86,0.0
baidoa,2025052522,3.12,43.65,0.0,22.44,3.97,6.24,96.09,0.0
baidoa,2025052523,3.12,43.65,0.0,22.3,4.26,6.64,96.04,0.0
baidoa,2025052600,3.12,43.65,0.0,22.29,4.68,7.06,95.54,0.02
baidoa,2025052601,3.12,43.65,0.0,22.16,4.34,6.81,95.88,0.02
baidoa,2025052602,3.12,43.65,0.0,22.07,4.58,7.24,95.87,0.02
baidoa,2025052603,3.12,43.65,52.17,22.43,4.63,6.32,94.01,0.02
baidoa,2025052604,3.12,43.65,186.62,24.08,5.99,7.78,85.51,0.02
baidoa,2025052605,3.12,43.65,346.98,26.27,7.02,8.6,73.7,0.04
baidoa,2025052606,3.12,43.65,475.33,28.12,7.15,8.54,65.56,0.06
baidoa,2025052607,3.12,43.65,656.28,29.82,7.21,8.52,59.65,0.08
baidoa,2025052608,3.12,43.65,717.78,31.15,7.3,8.56,55.34,0.11
baidoa,2025052609,3.12,43.65,742.6,31.99,7.29,8.53,52.55,0.17
baidoa,2025052610,3.12,43.65,695.83,32.32,7.23,8.47,51.22,0.23
baidoa,2025052611,3.12,43.65,503.77,32.04,7.07,8.34,51.67,0.28
baidoa,2025052612,3.12,43.65,473.4,31.31,6.78,8.12,53.93,0.26
baidoa,2025052613,3.12,43.65,266.58,30.04,6.42,7.94,59.0,0.18
baidoa,2025052614,3.12,43.65,73.8,28.25,5.38,7.47,68.37,0.11
baidoa,2025052615,3.12,43.65,0.0,26.43,4.82,7.65,79.26,0.09
baidoa,2025052616,3.12,43.65,0.0,25.49,5.35,7.9,85.45,0.06
baidoa,2025052617,3.12,43.65,0.0,24.79,5.37,7.59,89.55,0.02
baidoa,2025052618,3.12,43.65,0.0,24.18,4.81,6.72,92.72,0.01
baidoa,2025052619,3.12,43.65,0.0,23.69,4.44,6.34,94.39,0.0
baidoa,2025052620,3.12,43.65,0.0,23.31,4.11,6.09,95.11,0.0
baidoa,2025052621,3.12,43.65,0.0,23.02,3.89,5.97,95.54,0.02
baidoa,2025052622,3.12,43.65,0.0,22.82,3.82,5.93,95.97,0.04
baidoa,2025052623,3.12,43.65,0.0,22.7,3.88,6.18,96.11,0.04
baidoa,2025052700,3.12,43.65,0.0,22.61,3.96,6.22,96.15,0.04
baidoa,2025052701,3.12,43.65,0.0,22.43,3.52,5.9,96.85,0.05
baidoa,2025052702,3.12,43.65,0.0,22.34,3.53,6.04,97.03,0.04
baidoa,2025052703,3.12,43.65,47.42,22.8,4.01,5.64,95.22,0.03
baidoa,2025052704,3.12,43.65,164.5,24.32,5.47,7.14,88.24,0.04
baidoa,2025052705,3.12,43.65,301.23,26.6,6.65,8.09,75.15,0.04
baidoa,2025052706,3.12,43.65,461.17,28.58,6.9,8.19,65.32,0.03
baidoa,2025052707,3.12,43.65,466.45,30.13,7.13,8.39,59.34,0.05
baidoa,2025052708,3.12,43.65,593.17,31.2,7.31,8.56,56.11,0.11
baidoa,2025052709,3.12,43.65,616.3,31.83,7.46,8.75,54.32,0.2
baidoa,2025052710,3.12,43.65,600.78,32.0,7.62,9.0,53.82,0.3
baidoa,2025052711,3.12,43.65,530.42,31.48,7.72,9.24,55.52,0.31
baidoa,2025052712,3.12,43.65,426.62,30.34,7.81,9.58,59.91,0.29
baidoa,2025052713,3.12,43.65,238.65,28.81,7.66,9.7,66.45,0.28
baidoa,2025052714,3.12,43.65,69.53,27.12,6.74,8.95,74.79,0.23
baidoa,2025052715,3.12,43.65,0.0,25.63,5.79,8.37,83.08,0.17
baidoa,2025052716,3.12,43.65,0.0,24.8,5.58,7.99,87.94,0.09
baidoa,2025052717,3.12,43.65,0.0,24.22,5.4,7.81,91.31,0.04
baidoa,2025052718,3.12,43.65,0.0,23.8,5.21,7.55,93.58,0.01
baidoa,2025052719,3.12,43.65,0.0,23.48,5.1,7.57,94.77,0.01
baidoa,2025052720,3.12,43.65,0.0,23.27,5.24,7.65,94.94,0.01
baidoa,2025052721,3.12,43.65,0.0,23.06,5.1,7.49,95.38,0.03
baidoa,2025052722,3.12,43.65,0.0,22.9,5.12,7.58,95.58,0.07
baidoa,2025052723,3.12,43.65,0.0,22.73,4.9,7.45,95.92,0.09
baidoa,2025052800,3.12,43.65,0.0,22.59,4.9,7.57,96.02,0.08
baidoa,2025052801,3.12,43.65,0.0,22.45,4.85,7.52,96.2,0.07
baidoa,2025052802,3.12,43.65,0.0,22.31,4.63,7.32,96.51,0.07
baidoa,2025052803,3.12,43.65,55.1,22.68,4.92,6.96,94.99,0.09
baidoa,2025052804,3.12,43.65,222.35,24.12,6.21,8.1,88.17,0.13
baidoa,2025052805,3.12,43.65,360.8,26.22,7.48,9.24,75.18,0.14
baidoa,2025052806,3.12,43.65,515.58,28.1,7.73,9.31,65.19,0.09
baidoa,2025052807,3.12,43.65,588.67,29.63,7.69,9.14,59.05,0.08
baidoa,2025052808,3.12,43.65,630.8,30.84,7.63,9.0,55.03,0.08
baidoa,2025052809,3.12,43.65,699.62,31.71,7.7,9.06,52.13,0.1
baidoa,2025052810,3.12,43.65,737.7,32.14,7.73,9.13,50.28,0.13
baidoa,2025052811,3.12,43.65,586.25,32.12,7.69,9.17,49.88,0.14
baidoa,2025052812,3.12,43.65,434.52,31.63,7.51,9.12,50.47,0.12
baidoa,2025052813,3.12,43.65,256.9,30.36,7.13,9.06,54.3,0.06
baidoa,2025052814,3.12,43.65,72.82,28.6,6.07,8.64,62.09,0.02
baidoa,2025052815,3.12,43.65,0.0,26.71,5.19,8.34,72.01,0.02
baidoa,2025052816,3.12,43.65,0.0,25.6,5.16,7.81,79.15,0.02
baidoa,2025052817,3.12,43.65,0.0,24.65,4.77,7.11,85.27,0.01
baidoa,2025052818,3.12,43.65,0.0,23.89,4.47,6.67,89.35,0.0
baidoa,2025052819,3.12,43.65,0.0,23.2,4.26,6.46,92.31,0.0
baidoa,2025052820,3.12,43.65,0.0,22.56,4.11,6.35,94.55,0.0
baidoa,2025052821,3.12,43.65,0.0,22.06,4.15,6.49,95.76,0.01
baidoa,2025052822,3.12,43.65,0.0,21.76,4.39,6.76,96.12,0.02
baidoa,2025052823,3.12,43.65,0.0,21.68,4.65,7.08,96.14,0.03
baidoa,2025052900,3.12,43.65,0.0,21.79,5.23,7.75,95.79,0.03
baidoa,2025052901,3.12,43.65,0.0,21.78,5.11,7.51,95.93,0.03
baidoa,2025052902,3.12,43.65,0.0,21.71,4.72,7.23,96.25,0.03
baidoa,2025052903,3.12,43.65,56.05,22.16,4.99,6.78,94.54,0.02
baidoa,2025052904,3.12,43.65,187.15,23.71,6.27,8.23,87.64,0.01
baidoa,2025052905,3.12,43.65,274.65,26.24,7.75,9.58,73.83,0.01
baidoa,2025052906,3.12,43.65,474.65,28.45,7.94,9.54,63.32,0.0
baidoa,2025052907,3.12,43.65,557.53,30.24,7.95,9.46,56.19,0.0
baidoa,2025052908,3.12,43.65,638.38,31.54,8.11,9.61,51.3,0.0
baidoa,2025052909,3.12,43.65,599.12,32.34,8.26,9.76,48.41,0.0
baidoa,2025052910,3.12,43.65,526.83,32.6,8.32,9.84,47.14,0.0
baidoa,2025052911,3.12,43.65,481.77,32.35,8.26,9.84,47.55,0.01
baidoa,2025052912,3.12,43.65,404.12,31.68,8.07,9.77,48.93,0.0
baidoa,2025052913,3.12,43.65,238.07,30.58,7.74,9.66,51.6,0.0
baidoa,2025052914,3.12,43.65,73.32,28.83,6.71,9.18,58.1,0.0
baidoa,2025052915,3.12,43.65,0.0,26.82,5.48,8.44,67.65,0.0
baidoa,2025052916,3.12,43.65,0.0,25.48,5.26,7.91,75.25,0.0
baidoa,2025052917,3.12,43.65,0.0,24.39,5.17,7.59,81.5,0.0
baidoa,2025052918,3.12,43.65,0.0,23.43,4.85,7.16,86.54,0.0
baidoa,2025052919,3.12,43.65,0.0,22.63,4.18,6.51,90.41,0.0
baidoa,2025052920,3.12,43.65,0.0,21.97,3.63,6.03,93.46,0.0
baidoa,2025052921,3.12,43.65,0.0,21.52,3.62,6.03,95.54,0.0
baidoa,2025052922,3.12,43.65,0.0,21.35,3.93,6.36,96.18,0.01
baidoa,2025052923,3.12,43.65,0.0,21.34,4.33,6.95,96.33,0.02
baidoa,2025053000,3.12,43.65,0.0,21.44,4.87,7.56,96.16,0.03
baidoa,2025053001,3.12,43.65,0.0,21.38,4.42,6.98,96.67,0.04
baidoa,2025053002,3.12,43.65,0.0,21.37,4.19,6.92,96.65,0.04
baidoa,2025053003,3.12,43.65,59.05,21.91,4.63,6.49,94.49,0.03
baidoa,2025053004,3.12,43.65,245.7,23.51,6.16,8.06,86.54,0.01
baidoa,2025053005,3.12,43.65,413.85,25.87,7.66,9.43,72.92,0.01
baidoa,2025053006,3.12,43.65,587.03,28.13,8.06,9.67,62.92,0.0
baidoa,2025053007,3.12,43.65,625.28,29.98,8.09,9.61,56.32,0.01
baidoa,2025053008,3.12,43.65,669.53,31.42,7.98,9.43,51.79,0.02
baidoa,2025053009,3.12,43.65,595.42,32.32,7.84,9.21,49.05,0.04
baidoa,2025053010,3.12,43.65,566.67,32.59,7.65,9.0,48.29,0.07
baidoa,2025053011,3.12,43.65,508.67,32.47,7.53,8.9,48.08,0.09
baidoa,2025053012,3.12,43.65,428.4,31.72,7.47,8.97,49.75,0.1
baidoa,2025053013,3.12,43.65,238.98,30.55,7.28,9.03,53.36,0.08
baidoa,2025053014,3.12,43.65,72.7,28.75,6.28,8.55,61.2,0.05
baidoa,2025053015,3.12,43.65,0.0,26.62,4.96,7.93,73.04,0.05
baidoa,2025053016,3.12,43.65,0.0,25.49,4.71,7.31,80.93,0.03
baidoa,2025053017,3.12,43.65,0.0,24.71,4.62,6.98,86.33,0.02
baidoa,2025053018,3.12,43.65,0.0,24.08,4.57,6.78,89.75,0.0
baidoa,2025053019,3.12,43.65,0.0,23.53,4.5,6.63,91.89,0.0
baidoa,2025053020,3.12,43.65,0.0,22.98,4.42,6.5,93.62,0.0
baidoa,2025053021,3.12,43.65,0.0,22.53,4.37,6.43,94.83,0.0
baidoa,2025053022,3.12,43.65,0.0,22.27,4.39,6.49,95.31,0.0
baidoa,2025053023,3.12,43.65,0.0,22.17,4.56,6.78,95.39,0.01
baidoa,2025053100,3.12,43.65,0.0,22.19,4.85,7.14,95.21,0.0
baidoa,2025053101,3.12,43.65,0.0,22.15,4.76,7.08,95.45,0.01
baidoa,2025053102,3.12,43.65,0.0,22.09,4.7,7.19,95.72,0.01
baidoa,2025053103,3.12,43.65,55.72,22.56,5.27,7.14,93.4,0.01
baidoa,2025053104,3.12,43.65,180.55,24.33,6.97,9.02,83.5,0.01
baidoa,2025053105,3.12,43.65,304.25,26.61,7.98,9.76,70.49,0.01
baidoa,2025053106,3.12,43.65,482.75,28.49,8.04,9.65,61.62,0.01
baidoa,2025053107,3.12,43.65,554.58,30.08,8.05,9.54,55.36,0.01
baidoa,2025053108,3.12,43.65,638.95,31.27,8.01,9.42,51.51,0.01
baidoa,2025053109,3.12,43.65,622.97,32.06,7.83,9.17,49.32,0.01
baidoa,2025053110,3.12,43.65,565.72,32.47,7.63,8.93,48.36,0.01
baidoa,2025053111,3.12,43.65,438.85,32.24,7.52,8.84,49.18,0.01
baidoa,2025053112,3.12,43.65,379.73,31.47,7.43,8.83,51.45,0.01
baidoa,2025053113,3.12,43.65,236.07,30.27,7.18,8.75,55.51,0.01
baidoa,2025053114,3.12,43.65,70.72,28.55,6.34,8.35,62.67,0.01
baidoa,2025053115,3.12,43.65,0.0,26.81,5.19,7.84,71.56,0.01
baidoa,2025053116,3.12,43.65,0.0,25.86,5.07,7.5,77.2,0.01
baidoa,2025053117,3.12,43.65,0.0,25.05,4.9,7.19,82.04,0.01
baidoa,2025053118,3.12,43.65,0.0,24.32,4.62,6.74,86.11,0.0
baidoa,2025053119,3.12,43.65,0.0,23.65,4.32,6.36,89.67,0.0
baidoa,2025053120,3.12,43.65,0.0,23.11,4.09,6.11,92.37,0.0
baidoa,2025053121,3.12,43.65,0.0,22.68,3.88,5.93,94.39,0.0
baidoa,2025053122,3.12,43.65,0.0,22.45,3.84,6.02,95.46,0.0
baidoa,2025053123,3.12,43.65,0.0,22.39,3.89,6.11,95.63,0.0
baidoa,2025060100,3.12,43.65,0.0,22.36,4.04,6.38,95.8,0.0
baidoa,2025060101,3.12,43.65,0.0,22.33,4.31,6.76,95.82,0.0
baidoa,2025060102,3.12,43.65,0.0,22.23,4.33,6.79,96.14,0.0
baidoa,2025060103,3.12,43.65,61.4,22.75,4.8,6.6,93.24,0.0
baidoa,2025060104,3.12,43.65,260.27,24.62,6.71,8.49,81.91,0.0
baidoa,2025060105,3.12,43.65,481.65,26.71,7.38,8.89,69.97,0.0
baidoa,2025060106,3.12,43.65,674.97,28.73,7.47,8.83,60.74,0.0
baidoa,2025060107,3.12,43.65,807.62,30.52,7.47,8.75,53.04,0.0
baidoa,2025060108,3.12,43.65,796.1,31.89,7.5,8.75,47.07,0.0
baidoa,2025060109,3.12,43.65,670.97,32.77,7.5,8.74,43.45,0.0
baidoa,2025060110,3.12,43.65,470.05,33.16,7.41,8.63,42.22,0.01
baidoa,2025060111,3.12,43.65,486.08,32.99,7.23,8.44,43.26,0.01
baidoa,2025060112,3.12,43.65,357.88,32.25,7.02,8.25,46.16,0.01
baidoa,2025060113,3.12,43.65,203.62,30.86,6.89,8.33,51.02,0.01
baidoa,2025060114,3.12,43.65,70.03,28.87,6.33,8.4,58.67,0.0
baidoa,2025060115,3.12,43.65,0.0,26.9,5.47,8.21,67.55,0.0
baidoa,2025060116,3.12,43.65,0.0,25.74,5.11,7.53,73.65,0.0
baidoa,2025060117,3.12,43.65,0.0,24.82,4.71,6.98,79.02,0.0
baidoa,2025060118,3.12,43.65,0.0,24.06,4.67,6.82,83.73,0.0
baidoa,2025060119,3.12,43.65,0.0,23.36,4.75,6.75,88.14,0.0
baidoa,2025060120,3.12,43.65,0.0,22.73,4.64,6.55,91.87,0.0
baidoa,2025060121,3.12,43.65,0.0,22.24,4.44,6.41,94.25,0.0
baidoa,2025060122,3.12,43.65,0.0,21.96,4.48,6.64,95.07,0.0
baidoa,2025060123,3.12,43.65,0.0,21.81,4.55,6.77,95.33,0.0
baidoa,2025060200,3.12,43.65,0.0,21.77,4.72,7.01,95.32,0.0
baidoa,2025060201,3.12,43.65,0.0,21.68,4.85,7.27,95.75,0.0
baidoa,2025060202,3.12,43.65,0.0,21.58,4.6,7.11,96.19,0.0
baidoa,2025060203,3.12,43.65,58.97,22.06,4.7,6.58,93.79,0.0
baidoa,2025060204,3.12,43.65,236.0,24.05,6.69,8.61,81.73,0.0
baidoa,2025060205,3.12,43.65,426.0,25.98,7.23,8.81,69.27,0.0
baidoa,2025060206,3.12,43.65,556.47,27.5,7.09,8.5,60.57,0.0
baidoa,2025060207,3.12,43.65,547.95,29.61,7.11,8.36,51.33,0.0
baidoa,2025060208,3.12,43.65,495.6,31.27,7.15,8.33,44.74,0.0
baidoa,2025060209,3.12,43.65,520.62,32.33,7.16,8.32,40.91,0.0
baidoa,2025060210,3.12,43.65,524.95,32.86,7.18,8.35,38.95,0.0
baidoa,2025060211,3.12,43.65,472.25,32.88,7.07,8.24,38.44,0.0
baidoa,2025060212,3.12,43.65,372.52,32.41,6.78,7.99,39.3,0.0
baidoa,2025060213,3.12,43.65,214.27,31.28,6.38,7.74,42.03,0.0
baidoa,2025060214,3.12,43.65,72.32,29.29,5.08,7.38,49.29,0.0
baidoa,2025060215,3.12,43.65,0.0,26.59,3.99,7.76,62.12,0.0
baidoa,2025060216,3.12,43.65,0.0,25.58,4.75,8.02,67.49,0.0
baidoa,2025060217,3.12,43.65,0.0,24.6,4.97,7.75,74.74,0.0
baidoa,2025060218,3.12,43.65,0.0,23.76,4.71,7.04,81.93,0.0
baidoa,2025060219,3.12,43.65,0.0,23.09,4.54,6.68,87.48,0.0
baidoa,2025060220,3.12,43.65,0.0,22.55,4.58,6.59,91.54,0.0
baidoa,2025060221,3.12,43.65,0.0,22.13,4.6,6.56,94.26,0.0
baidoa,2025060222,3.12,43.65,0.0,21.91,4.56,6.59,95.18,0.0
baidoa,2025060223,3.12,43.65,0.0,21.79,4.62,6.79,95.38,0.0
baidoa,2025060300,3.12,43.65,0.0,21.7,4.74,7.13,95.51,0.0
baidoa,2025060301,3.12,43.65,0.0,21.64,5.13,7.57,95.24,0.0
baidoa,2025060302,3.12,43.65,0.0,21.49,5.0,7.4,95.56,0.0
baidoa,2025060303,3.12,43.65,66.75,21.9,5.16,7.01,93.16,0.0
baidoa,2025060304,3.12,43.65,274.2,23.83,7.06,8.95,82.15,0.0
baidoa,2025060305,3.12,43.65,503.25,26.14,7.62,9.21,68.57,0.0
baidoa,2025060306,3.12,43.65,701.4,28.37,7.63,9.05,57.74,0.0
baidoa,2025060307,3.12,43.65,824.5,30.25,7.62,8.94,50.53,0.0
baidoa,2025060308,3.12,43.65,813.4,31.7,7.63,8.91,45.73,0.0
baidoa,2025060309,3.12,43.65,805.08,32.67,7.58,8.81,42.62,0.0
baidoa,2025060310,3.12,43.65,689.92,33.13,7.43,8.62,41.22,0.0
baidoa,2025060311,3.12,43.65,524.38,33.09,7.24,8.44,41.22,0.0
baidoa,2025060312,3.12,43.65,379.15,32.39,7.04,8.31,43.01,0.0
baidoa,2025060313,3.12,43.65,215.4,31.19,6.81,8.3,46.72,0.0
baidoa,2025060314,3.12,43.65,75.75,29.36,5.93,8.14,53.86,0.0
baidoa,2025060315,3.12,43.65,0.0,27.28,4.86,8.08,64.12,0.0
baidoa,2025060316,3.12,43.65,0.0,26.17,4.95,7.8,70.81,0.0
baidoa,2025060317,3.12,43.65,0.0,25.17,4.78,7.26,77.5,0.0
baidoa,2025060318,3.12,43.65,0.0,24.28,4.51,6.67,83.4,0.0
baidoa,2025060319,3.12,43.65,0.0,23.51,4.21,6.17,88.11,0.0
baidoa,2025060320,3.12,43.65,0.0,22.9,3.92,5.79,91.52,0.0
baidoa,2025060321,3.12,43.65,0.0,22.41,3.78,5.65,93.9,0.0
baidoa,2025060322,3.12,43.65,0.0,22.09,3.7,5.7,95.13,0.0
baidoa,2025060323,3.12,43.65,0.0,21.94,3.69,5.8,95.64,0.0
baidoa,2025060400,3.12,43.65,0.0,21.94,3.75,5.91,95.76,0.0
baidoa,2025060401,3.12,43.65,0.0,22.01,3.84,6.06,95.67,0.0
baidoa,2025060402,3.12,43.65,0.0,22.12,4.29,6.63,95.35,0.0
baidoa,2025060403,3.12,43.65,58.05,22.67,4.97,6.76,92.64,0.0
baidoa,2025060404,3.12,43.65,227.25,24.53,6.65,8.49,82.66,0.0
baidoa,2025060405,3.12,43.65,435.12,26.82,7.35,8.9,69.88,0.0
baidoa,2025060406,3.12,43.65,551.3,29.02,7.31,8.66,59.7,0.0
baidoa,2025060407,3.12,43.65,688.05,30.87,7.15,8.36,52.89,0.0
baidoa,2025060408,3.12,43.65,785.3,32.21,7.09,8.23,48.63,0.01
baidoa,2025060409,3.12,43.65,786.78,33.02,7.18,8.31,46.04,0.01
baidoa,2025060410,3.12,43.65,744.75,33.33,7.27,8.42,44.91,0.01
baidoa,2025060411,3.12,43.65,655.25,33.09,7.18,8.37,45.29,0.01
baidoa,2025060412,3.12,43.65,454.98,32.43,7.0,8.25,46.73,0.01
baidoa,2025060413,3.12,43.65,253.73,31.35,6.69,8.08,49.62,0.0
baidoa,2025060414,3.12,43.65,79.95,29.63,5.71,7.71,55.96,0.0
baidoa,2025060415,3.12,43.65,0.0,27.43,4.4,7.57,66.98,0.0
baidoa,2025060416,3.12,43.65,0.0,26.3,4.45,7.31,73.78,0.0
baidoa,2025060417,3.12,43.65,0.0,25.39,4.45,6.95,79.77,0.0
baidoa,2025060418,3.12,43.65,0.0,24.57,4.19,6.44,85.06,0.01
baidoa,2025060419,3.12,43.65,0.0,23.86,3.8,5.91,89.36,0.03
baidoa,2025060420,3.12,43.65,0.0,23.24,3.33,5.38,92.97,0.06
baidoa,2025060421,3.12,43.65,0.0,22.76,3.0,5.03,95.45,0.06
baidoa,2025060422,3.12,43.65,0.0,22.48,2.79,4.96,96.54,0.06
baidoa,2025060423,3.12,43.65,0.0,22.35,2.86,5.14,96.89,0.07
baidoa,2025060500,3.12,43.65,0.0,22.35,3.16,5.54,96.92,0.16
baidoa,2025060501,3.12,43.65,0.0,22.44,3.69,6.2,96.6,0.16
baidoa,2025060502,3.12,43.65,0.0,22.53,3.98,6.46,96.53,0.16
baidoa,2025060503,3.12,43.65,52.65,23.05,4.36,6.09,95.05,0.17
baidoa,2025060504,3.12,43.65,171.35,24.58,6.04,7.86,88.44,0.19
baidoa,2025060505,3.12,43.65,279.35,26.77,7.1,8.61,75.16,0.16
baidoa,2025060506,3.12,43.65,457.77,28.58,7.14,8.45,64.91,0.13
baidoa,2025060507,3.12,43.65,650.3,29.88,7.12,8.35,59.06,0.15
baidoa,2025060508,3.12,43.65,779.15,30.47,7.22,8.48,56.5,0.16
baidoa,2025060509,3.12,43.65,781.0,30.71,7.33,8.68,55.23,0.16
baidoa,2025060510,3.12,43.65,708.35,30.69,7.44,8.88,54.59,0.21
baidoa,2025060511,3.12,43.65,599.42,30.09,7.43,8.99,56.9,0.24
baidoa,2025060512,3.12,43.65,379.67,29.28,7.22,8.91,60.39,0.25
baidoa,2025060513,3.12,43.65,212.45,28.31,6.75,8.59,64.26,0.23
baidoa,2025060514,3.12,43.65,68.62,27.04,5.38,7.69,70.45,0.18
baidoa,2025060515,3.12,43.65,0.0,25.59,4.29,7.27,78.34,0.11
baidoa,2025060516,3.12,43.65,0.0,24.87,4.21,6.96,81.97,0.04
baidoa,2025060517,3.12,43.65,0.0,24.24,3.99,6.43,85.18,0.02
baidoa,2025060518,3.12,43.65,0.0,23.72,4.03,6.26,87.56,0.01
baidoa,2025060519,3.12,43.65,0.0,23.2,4.1,6.16,89.9,0.0
baidoa,2025060520,3.12,43.65,0.0,22.77,4.08,5.97,92.02,0.0
baidoa,2025060521,3.12,43.65,0.0,22.42,4.19,6.03,93.77,0.01
baidoa,2025060522,3.12,43.65,0.0,22.21,4.29,6.23,94.63,0.0
baidoa,2025060523,3.12,43.65,0.0,22.07,4.43,6.5,95.0,0.0
baidoa,2025060600,3.12,43.65,0.0,21.97,4.75,6.97,95.05,0.01
baidoa,2025060601,3.12,43.65,0.0,21.87,5.02,7.34,95.12,0.01
baidoa,2025060602,3.12,43.65,0.0,21.79,4.92,7.27,95.38,0.01
baidoa,2025060603,3.12,43.65,44.83,22.28,5.15,6.9,93.19,0.01
baidoa,2025060604,3.12,43.65,143.88,24.11,7.04,9.21,83.85,0.01
baidoa,2025060605,3.12,43.65,240.1,26.41,8.11,9.95,71.05,0.01
baidoa,2025060606,3.12,43.65,426.2,28.37,8.27,9.9,61.68,0.01
baidoa,2025060607,3.12,43.65,635.72,30.05,8.39,9.93,54.32,0.01
baidoa,2025060608,3.12,43.65,760.67,31.37,8.48,9.99,49.49,0.01
baidoa,2025060609,3.12,43.65,752.6,32.21,8.42,9.9,46.99,0.01
baidoa,2025060610,3.12,43.65,723.95,32.62,8.23,9.67,46.03,0.02
baidoa,2025060611,3.12,43.65,605.33,32.31,8.01,9.43,46.81,0.03
baidoa,2025060612,3.12,43.65,413.17,31.34,7.76,9.25,49.47,0.04
baidoa,2025060613,3.12,43.65,247.52,30.09,7.38,9.03,53.35,0.03
baidoa,2025060614,3.12,43.65,86.2,28.44,6.39,8.46,59.85,0.01
baidoa,2025060615,3.12,43.65,0.0,26.54,5.28,8.09,69.37,0.0
baidoa,2025060616,3.12,43.65,0.0,25.47,5.37,7.94,75.19,0.0
baidoa,2025060617,3.12,43.65,0.0,24.42,4.97,7.26,80.67,0.0
baidoa,2025060618,3.12,43.65,0.0,23.42,4.7,6.92,85.25,0.0
baidoa,2025060619,3.12,43.65,0.0,22.55,4.42,6.59,88.93,0.0
baidoa,2025060620,3.12,43.65,0.0,21.86,4.06,6.17,92.15,0.0
baidoa,2025060621,3.12,43.65,0.0,21.41,3.8,5.87,94.69,0.0
baidoa,2025060622,3.12,43.65,0.0,21.29,3.84,5.93,95.39,0.0
baidoa,2025060623,3.12,43.65,0.0,21.31,4.08,6.24,95.3,0.0
baidoa,2025060700,3.12,43.65,0.0,21.37,4.68,7.09,95.11,0.01
baidoa,2025060701,3.12,43.65,0.0,21.42,5.14,7.59,94.95,0.01
baidoa,2025060702,3.12,43.65,0.0,21.33,4.99,7.41,95.5,0.01
baidoa,2025060703,3.12,43.65,61.15,21.77,5.15,6.92,93.16,0.01
baidoa,2025060704,3.12,43.65,259.65,23.73,6.99,9.04,81.46,0.0
baidoa,2025060705,3.12,43.65,492.48,26.04,7.95,9.67,66.93,0.0
baidoa,2025060706,3.12,43.65,693.62,28.17,7.87,9.38,56.49,0.0
baidoa,2025060707,3.12,43.65,837.75,30.08,7.75,9.16,49.04,0.0
baidoa,2025060708,3.12,43.65,915.62,31.64,7.62,8.95,44.63,0.0
baidoa,2025060709,3.12,43.65,914.15,32.7,7.46,8.71,42.61,0.01
baidoa,2025060710,3.12,43.65,803.45,33.13,7.29,8.49,42.5,0.02
baidoa,2025060711,3.12,43.65,707.05,32.98,7.17,8.37,43.55,0.03
baidoa,2025060712,3.12,43.65,484.45,32.12,7.03,8.3,46.33,0.04
baidoa,2025060713,3.12,43.65,277.65,30.89,6.84,8.3,50.24,0.04
baidoa,2025060714,3.12,43.65,88.65,29.05,6.05,8.06,57.85,0.05
baidoa,2025060715,3.12,43.65,0.0,26.91,5.13,8.08,69.34,0.05
baidoa,2025060716,3.12,43.65,0.0,25.81,5.28,7.92,76.71,0.05
baidoa,2025060717,3.12,43.65,0.0,24.89,4.69,7.01,82.93,0.03
baidoa,2025060718,3.12,43.65,0.0,24.15,4.28,6.47,87.19,0.01
baidoa,2025060719,3.12,43.65,0.0,23.51,4.0,6.11,90.09,0.0
baidoa,2025060720,3.12,43.65,0.0,22.92,3.81,5.88,92.53,0.0
baidoa,2025060721,3.12,43.65,0.0,22.41,3.74,5.83,94.6,0.0
baidoa,2025060722,3.12,43.65,0.0,22.17,3.71,5.83,95.56,0.0
baidoa,2025060723,3.12,43.65,0.0,22.22,4.1,6.46,95.3,0.01
baidoa,2025060800,3.12,43.65,0.0,22.28,4.33,6.58,95.4,0.01
baidoa,2025060801,3.12,43.65,0.0,22.18,4.07,6.45,95.95,0.01
baidoa,2025060802,3.12,43.65,0.0,22.07,4.16,6.67,96.3,0.01
baidoa,2025060803,3.12,43.65,61.55,22.6,4.86,6.77,93.39,0.01
baidoa,2025060804,3.12,43.65,245.8,24.46,7.08,9.1,82.58,0.0
baidoa,2025060805,3.12,43.65,436.98,26.98,8.03,9.82,69.62,0.0
baidoa,2025060806,3.12,43.65,674.95,29.25,8.15,9.75,59.97,0.01
baidoa,2025060807,3.12,43.65,809.08,31.07,7.88,9.31,53.45,0.01
baidoa,2025060808,3.12,43.65,871.12,32.33,7.55,8.86,49.57,0.02
baidoa,2025060809,3.12,43.65,774.92,32.75,7.19,8.42,48.3,0.02
baidoa,2025060810,3.12,43.65,611.42,32.39,6.9,8.15,49.25,0.03
baidoa,2025060811,3.12,43.65,541.85,31.85,6.72,8.0,50.77,0.03
baidoa,2025060812,3.12,43.65,468.8,31.15,6.63,8.0,53.43,0.03
baidoa,2025060813,3.12,43.65,266.9,29.94,6.63,8.25,58.84,0.03
baidoa,2025060814,3.12,43.65,87.4,28.32,6.26,8.26,67.24,0.03
baidoa,2025060815,3.12,43.65,0.0,26.56,5.72,8.14,76.67,0.04
baidoa,2025060816,3.12,43.65,0.0,25.29,5.58,7.82,83.35,0.04
baidoa,2025060817,3.12,43.65,0.0,24.27,5.08,7.18,88.13,0.03
baidoa,2025060818,3.12,43.65,0.0,23.49,4.83,6.77,91.18,0.02
baidoa,2025060819,3.12,43.65,0.0,22.9,4.61,6.49,93.34,0.01
baidoa,2025060820,3.12,43.65,0.0,22.52,4.17,6.05,94.42,0.01
baidoa,2025060821,3.12,43.65,0.0,22.31,3.9,5.96,95.06,0.01
baidoa,2025060822,3.12,43.65,0.0,22.24,3.78,5.87,95.41,0.01
baidoa,2025060823,3.12,43.65,0.0,22.24,3.72,5.88,95.6,0.01
baidoa,2025060900,3.12,43.65,0.0,22.29,3.78,6.04,95.6,0.01
baidoa,2025060901,3.12,43.65,0.0,22.32,3.69,5.96,95.81,0.02
baidoa,2025060902,3.12,43.65,0.0,22.36,3.58,5.85,95.91,0.02
baidoa,2025060903,3.12,43.65,49.88,22.73,3.95,5.59,94.45,0.02
baidoa,2025060904,3.12,43.65,155.95,23.92,5.28,6.85,89.14,0.02
baidoa,2025060905,3.12,43.65,272.73,25.93,6.74,8.29,78.18,0.02
baidoa,2025060906,3.12,43.65,437.77,28.18,7.01,8.32,66.57,0.01
baidoa,2025060907,3.12,43.65,585.9,30.03,7.01,8.22,58.64,0.01
baidoa,2025060908,3.12,43.65,651.22,31.19,7.02,8.18,54.12,0.02
baidoa,2025060909,3.12,43.65,647.78,31.64,6.98,8.13,52.34,0.02
baidoa,2025060910,3.12,43.65,589.22,31.33,6.94,8.12,52.99,0.02
baidoa,2025060911,3.12,43.65,520.92,30.52,6.81,8.1,55.54,0.02
baidoa,2025060912,3.12,43.65,401.0,29.61,6.55,7.95,58.99,0.02
baidoa,2025060913,3.12,43.65,225.05,28.65,6.12,7.68,63.39,0.01
baidoa,2025060914,3.12,43.65,76.1,27.41,5.06,6.98,70.36,0.01
baidoa,2025060915,3.12,43.65,0.0,26.05,4.11,6.5,79.39,0.03
baidoa,2025060916,3.12,43.65,0.0,25.27,4.17,6.24,85.81,0.04
baidoa,2025060917,3.12,43.65,0.0,24.61,4.37,6.32,91.09,0.05
baidoa,2025060918,3.12,43.65,0.0,24.16,4.78,6.7,93.61,0.05
baidoa,2025060919,3.12,43.65,0.0,23.81,4.93,6.98,94.25,0.04
baidoa,2025060920,3.12,43.65,0.0,23.49,4.92,7.02,94.46,0.03
baidoa,2025060921,3.12,43.65,0.0,23.22,4.71,6.84,94.67,0.03
baidoa,2025060922,3.12,43.65,0.0,22.96,4.49,6.74,95.12,0.03
baidoa,2025060923,3.12,43.65,0.0,22.78,4.37,6.7,95.4,0.03
baidoa,2025061000,3.12,43.65,0.0,22.63,4.36,6.75,95.61,0.43
baidoa,2025061001,3.12,43.65,0.0,22.54,4.31,6.71,95.83,0.37
baidoa,2025061002,3.12,43.65,0.0,22.46,4.35,6.75,96.01,0.3
baidoa,2025061003,3.12,43.65,54.75,22.8,4.59,6.27,94.64,0.26
baidoa,2025061004,3.12,43.65,217.18,24.14,6.37,8.35,87.65,0.47
baidoa,2025061005,3.12,43.65,399.3,26.15,7.6,9.29,75.02,0.53
baidoa,2025061006,3.12,43.65,494.88,27.98,7.67,9.12,65.35,0.4
baidoa,2025061007,3.12,43.65,539.2,29.39,7.59,8.91,59.52,0.83
baidoa,2025061008,3.12,43.65,631.03,30.3,7.54,8.81,56.55,1.45
baidoa,2025061009,3.12,43.65,684.7,30.86,7.42,8.69,55.03,1.64
baidoa,2025061010,3.12,43.65,667.65,30.96,7.29,8.58,55.1,1.74
baidoa,2025061011,3.12,43.65,584.2,30.57,7.14,8.46,57.28,1.53
baidoa,2025061012,3.12,43.65,433.45,29.64,7.07,8.48,61.79,1.31
baidoa,2025061013,3.12,43.65,247.77,28.2,6.85,8.5,69.29,1.1
baidoa,2025061014,3.12,43.65,85.18,26.57,6.05,7.95,79.26,0.97
baidoa,2025061015,3.12,43.65,0.0,25.08,5.49,7.8,88.28,1.1
baidoa,2025061016,3.12,43.65,0.0,24.16,5.76,8.01,92.51,0.94
baidoa,2025061017,3.12,43.65,0.0,23.38,6.14,8.68,94.16,0.62
baidoa,2025061018,3.12,43.65,0.0,22.82,6.2,8.71,94.58,0.27
baidoa,2025061019,3.12,43.65,0.0,22.43,5.87,8.36,95.04,0.11
baidoa,2025061020,3.12,43.65,0.0,22.07,5.7,8.22,95.21,0.07
baidoa,2025061021,3.12,43.65,0.0,21.72,5.68,8.26,95.33,0.09
baidoa,2025061022,3.12,43.65,0.0,21.35,5.57,8.2,95.65,0.15
baidoa,2025061023,3.12,43.65,0.0,21.06,5.33,8.02,95.88,0.21
baidoa,2025061100,3.12,43.65,0.0,20.87,4.98,7.58,96.27,0.26
baidoa,2025061101,3.12,43.65,0.0,20.79,4.77,7.26,96.46,0.27
baidoa,2025061102,3.12,43.65,0.0,20.71,4.23,6.77,96.8,0.25
baidoa,2025061103,3.12,43.65,60.0,21.2,4.98,6.9,95.25,0.24
baidoa,2025061104,3.12,43.65,247.77,22.73,6.22,8.12,88.98,0.14
baidoa,2025061105,3.12,43.65,466.8,25.1,7.64,9.39,74.65,0.08
baidoa,2025061106,3.12,43.65,519.72,27.22,7.68,9.18,63.32,0.06
baidoa,2025061107,3.12,43.65,535.85,28.9,7.64,9.03,56.85,0.06
baidoa,2025061108,3.12,43.65,638.75,30.22,7.75,9.1,53.18,0.11
baidoa,2025061109,3.12,43.65,722.67,31.14,7.9,9.27,50.98,0.08
baidoa,2025061110,3.12,43.65,646.1,31.57,7.98,9.38,49.7,0.03
baidoa,2025061111,3.12,43.65,553.62,31.45,7.95,9.4,50.19,0.03
baidoa,2025061112,3.12,43.65,440.83,30.8,7.81,9.35,52.44,0.02
baidoa,2025061113,3.12,43.65,251.88,29.79,7.46,9.2,55.89,0.02
baidoa,2025061114,3.12,43.65,84.5,28.03,6.29,8.43,64.26,0.02
baidoa,2025061115,3.12,43.65,0.0,26.0,5.07,7.98,76.84,0.03
baidoa,2025061116,3.12,43.65,0.0,24.99,5.34,7.92,84.79,0.03
baidoa,2025061117,3.12,43.65,0.0,24.2,5.21,7.52,90.52,0.02
baidoa,2025061118,3.12,43.65,0.0,23.59,4.98,7.16,93.79,0.01
baidoa,2025061119,3.12,43.65,0.0,23.13,4.9,7.24,94.88,0.0
baidoa,2025061120,3.12,43.65,0.0,22.68,4.67,7.08,95.52,0.0
baidoa,2025061121,3.12,43.65,0.0,22.33,4.62,7.07,95.93,0.01
baidoa,2025061122,3.12,43.65,0.0,22.15,4.21,6.59,96.29,0.12
baidoa,2025061123,3.12,43.65,0.0,22.21,4.62,7.17,95.85,0.24
baidoa,2025061200,3.12,43.65,0.0,22.14,4.36,6.73,96.14,0.25
baidoa,2025061201,3.12,43.65,0.0,21.99,3.97,6.49,96.66,0.25
baidoa,2025061202,3.12,43.65,0.0,21.94,3.94,6.47,96.77,0.28
baidoa,2025061203,3.12,43.65,57.95,22.46,4.29,6.14,94.83,0.37
baidoa,2025061204,3.12,43.65,239.95,24.04,5.5,7.1,88.11,0.6
baidoa,2025061205,3.12,43.65,443.05,26.29,6.66,8.2,75.56,1.08
baidoa,2025061206,3.12,43.65,482.08,28.04,7.24,8.69,67.17,0.94
baidoa,2025061207,3.12,43.65,520.0,29.35,7.87,9.37,62.68,1.51
baidoa,2025061208,3.12,43.65,611.2,30.15,8.52,10.14,60.53,1.98
baidoa,2025061209,3.12,43.65,653.72,30.48,8.86,10.53,60.15,1.93
baidoa,2025061210,3.12,43.65,607.05,30.42,9.05,10.79,60.97,1.96
baidoa,2025061211,3.12,43.65,548.85,29.76,9.21,11.11,63.91,1.56
baidoa,2025061212,3.12,43.65,405.85,28.68,9.16,11.26,68.24,1.28
baidoa,2025061213,3.12,43.65,223.1,27.42,8.76,11.01,73.83,0.9
baidoa,2025061214,3.12,43.65,73.28,25.92,7.52,9.77,82.2,0.5
baidoa,2025061215,3.12,43.65,0.0,24.51,6.5,9.11,90.0,0.44
baidoa,2025061216,3.12,43.65,0.0,23.72,6.48,9.06,93.2,0.43
baidoa,2025061217,3.12,43.65,0.0,23.16,6.55,9.15,94.37,0.37
baidoa,2025061218,3.12,43.65,0.0,22.75,6.7,9.42,94.64,0.43
baidoa,2025061219,3.12,43.65,0.0,22.44,6.75,9.53,94.83,0.51
baidoa,2025061220,3.12,43.65,0.0,22.19,6.71,9.51,95.0,0.54
baidoa,2025061221,3.12,43.65,0.0,21.98,6.73,9.55,95.31,0.47
baidoa,2025061222,3.12,43.65,0.0,21.81,6.82,9.67,95.43,0.46
baidoa,2025061223,3.12,43.65,0.0,21.65,6.89,9.78,95.5,0.54
baidoa,2025061300,3.12,43.65,0.0,21.51,6.95,9.85,95.54,0.58
baidoa,2025061301,3.12,43.65,0.0,21.36,6.97,9.9,95.54,0.66
baidoa,2025061302,3.12,43.65,0.0,21.2,6.93,9.9,95.56,0.62
baidoa,2025061303,3.12,43.65,47.2,21.38,6.96,9.55,94.46,0.63
baidoa,2025061304,3.12,43.65,158.07,22.6,7.96,10.48,88.09,0.61
baidoa,2025061305,3.12,43.65,277.55,24.35,9.34,11.78,76.58,0.58
baidoa,2025061306,3.12,43.65,448.92,25.82,9.65,11.84,68.12,0.51
baidoa,2025061307,3.12,43.65,417.38,27.0,9.69,11.74,63.39,0.13
baidoa,2025061308,3.12,43.65,422.77,28.06,9.6,11.6,59.53,0.07
baidoa,2025061309,3.12,43.65,444.77,29.08,9.35,11.3,55.27,0.02
baidoa,2025061310,3.12,43.65,354.12,29.33,8.96,10.86,53.28,0.02
baidoa,2025061311,3.12,43.65,309.6,28.75,8.5,10.42,54.07,0.02
baidoa,2025061312,3.12,43.65,243.88,27.83,7.94,9.97,56.07,0.05
baidoa,2025061313,3.12,43.65,157.1,26.69,7.05,9.25,59.75,0.07
baidoa,2025061314,3.12,43.65,60.67,25.23,5.71,8.3,66.91,0.08
baidoa,2025061315,3.12,43.65,0.0,23.62,4.55,7.47,76.62,0.1
baidoa,2025061316,3.12,43.65,0.0,22.71,4.31,7.03,83.29,0.08
baidoa,2025061317,3.12,43.65,0.0,21.95,4.07,6.66,88.33,0.02
baidoa,2025061318,3.12,43.65,0.0,21.26,3.83,6.4,91.73,0.0
baidoa,2025061319,3.12,43.65,0.0,20.64,3.85,6.47,93.63,0.0
baidoa,2025061320,3.12,43.65,0.0,20.31,4.19,6.59,94.22,0.0
baidoa,2025061321,3.12,43.65,0.0,20.04,4.37,6.68,95.5,0.0
baidoa,2025061322,3.12,43.65,0.0,19.9,4.39,6.75,96.28,0.01
baidoa,2025061323,3.12,43.65,0.0,19.84,4.3,6.82,96.75,0.04
baidoa,2025061400,3.12,43.65,0.0,19.89,4.34,6.96,96.79,0.08
baidoa,2025061401,3.12,43.65,0.0,19.94,4.09,6.68,96.87,0.11
baidoa,2025061402,3.12,43.65,0.0,19.91,3.9,6.52,97.17,0.12
baidoa,2025061403,3.12,43.65,48.08,20.39,4.23,5.96,95.36,0.21
baidoa,2025061404,3.12,43.65,226.3,21.8,5.49,7.11,89.06,0.48
baidoa,2025061405,3.12,43.65,453.4,23.97,7.66,9.78,74.81,0.2
baidoa,2025061406,3.12,43.65,564.08,25.92,8.7,10.63,63.92,0.25
baidoa,2025061407,3.12,43.65,524.08,27.1,8.87,10.68,59.82,0.09
baidoa,2025061408,3.12,43.65,618.42,27.8,8.9,10.67,58.32,0.03
baidoa,2025061409,3.12,43.65,609.35,28.35,8.8,10.56,57.07,0.01
baidoa,2025061410,3.12,43.65,549.15,28.6,8.64,10.42,56.55,0.01
baidoa,2025061411,3.12,43.65,414.6,28.43,8.54,10.4,57.0,0.01
baidoa,2025061412,3.12,43.65,369.1,27.92,8.46,10.47,58.46,0.01
baidoa,2025061413,3.12,43.65,195.48,27.18,8.24,10.4,61.52,0.01
baidoa,2025061414,3.12,43.65,67.07,25.78,7.13,9.49,68.64,0.0
baidoa,2025061415,3.12,43.65,0.0,24.06,5.59,8.31,78.82,0.0
baidoa,2025061416,3.12,43.65,0.0,22.97,4.88,7.38,86.4,0.0
baidoa,2025061417,3.12,43.65,0.0,22.22,4.71,7.11,91.35,0.0
baidoa,2025061418,3.12,43.65,0.0,21.67,4.59,6.95,94.27,0.0
baidoa,2025061419,3.12,43.65,0.0,21.28,4.42,6.82,95.55,0.0
baidoa,2025061420,3.12,43.65,0.0,21.02,4.38,6.78,95.84,0.0
baidoa,2025061421,3.12,43.65,0.0,20.77,4.37,6.77,96.1,0.0
baidoa,2025061422,3.12,43.65,0.0,20.69,4.73,7.26,95.6,0.01
baidoa,2025061423,3.12,43.65,0.0,20.49,4.46,6.79,96.26,0.01
baidoa,2025061500,3.12,43.65,0.0,20.4,4.19,6.5,96.34,0.0
baidoa,2025061501,3.12,43.65,0.0,20.32,4.13,6.5,96.45,0.0
baidoa,2025061502,3.12,43.65,0.0,20.23,3.95,6.39,96.69,0.0
baidoa,2025061503,3.12,43.65,48.22,20.75,4.36,6.11,94.11,0.01
baidoa,2025061504,3.12,43.65,192.0,22.53,6.22,8.12,85.13,0.02
baidoa,2025061505,3.12,43.65,360.4,24.65,7.71,9.58,73.21,0.01
baidoa,2025061506,3.12,43.65,564.8,26.38,8.46,10.25,64.43,0.02
baidoa,2025061507,3.12,43.65,597.67,27.68,8.81,10.56,59.25,0.02
baidoa,2025061508,3.12,43.65,660.97,28.66,8.95,10.68,55.61,0.01
baidoa,2025061509,3.12,43.65,599.83,29.29,8.94,10.66,53.89,0.01
baidoa,2025061510,3.12,43.65,544.3,29.49,8.97,10.68,53.5,0.01
baidoa,2025061511,3.12,43.65,460.35,29.31,9.11,10.92,53.82,0.01
baidoa,2025061512,3.12,43.65,329.58,28.6,9.08,11.07,55.74,0.0
baidoa,2025061513,3.12,43.65,199.68,27.58,8.76,10.95,58.78,0.0
baidoa,2025061514,3.12,43.65,78.75,26.0,7.49,9.9,65.14,0.0
baidoa,2025061515,3.12,43.65,0.0,24.31,5.68,8.53,74.16,0.0
baidoa,2025061516,3.12,43.65,0.0,23.3,4.92,7.58,80.84,0.0
baidoa,2025061517,3.12,43.65,0.0,22.37,4.14,6.72,87.23,0.0
baidoa,2025061518,3.12,43.65,0.0,21.72,3.97,6.51,91.45,0.0
baidoa,2025061519,3.12,43.65,0.0,21.23,4.11,6.57,94.19,0.0
baidoa,2025061520,3.12,43.65,0.0,20.9,4.33,6.72,95.53,0.0
baidoa,2025061521,3.12,43.65,0.0,20.73,4.55,6.88,95.72,0.0
baidoa,2025061522,3.12,43.65,0.0,20.6,4.45,6.8,95.86,0.0
baidoa,2025061523,3.12,43.65,0.0,20.56,4.29,6.69,95.95,0.0
baidoa,2025061600,3.12,43.65,0.0,20.55,4.16,6.6,96.08,0.0
baidoa,2025061601,3.12,43.65,0.0,20.6,4.29,6.77,95.88,0.0
baidoa,2025061602,3.12,43.65,0.0,20.67,4.5,6.86,95.62,0.01
baidoa,2025061603,3.12,43.65,51.3,21.19,4.88,6.62,93.31,0.02
baidoa,2025061604,3.12,43.65,175.12,22.91,6.81,8.91,86.09,0.03
baidoa,2025061605,3.12,43.65,316.0,24.98,8.86,11.1,75.1,0.04
baidoa,2025061606,3.12,43.65,500.58,26.64,9.41,11.46,66.17,0.05
baidoa,2025061607,3.12,43.65,611.72,27.85,9.3,11.19,60.88,0.04
baidoa,2025061608,3.12,43.65,645.5,28.78,9.06,10.82,57.3,0.03
baidoa,2025061609,3.12,43.65,550.58,29.31,8.73,10.4,55.38,0.02
baidoa,2025061610,3.12,43.65,494.85,29.46,8.35,9.97,54.67,0.01
baidoa,2025061611,3.12,43.65,445.67,29.25,7.92,9.51,55.3,0.01
baidoa,2025061612,3.12,43.65,312.73,28.78,7.48,9.1,57.49,0.01
baidoa,2025061613,3.12,43.65,173.85,27.79,6.89,8.61,62.83,0.0
baidoa,2025061614,3.12,43.65,66.15,26.42,5.81,7.72,71.32,0.0
baidoa,2025061615,3.12,43.65,0.0,25.02,5.05,7.41,80.91,0.0
baidoa,2025061616,3.12,43.65,0.0,24.26,5.48,7.64,87.25,0.0
baidoa,2025061617,3.12,43.65,0.0,23.77,6.11,8.3,91.31,0.0
baidoa,2025061618,3.12,43.65,0.0,23.41,6.52,8.76,93.09,0.01
baidoa,2025061619,3.12,43.65,0.0,22.93,6.39,8.77,93.43,0.06
baidoa,2025061620,3.12,43.65,0.0,22.45,6.08,8.47,94.09,0.1
baidoa,2025061621,3.12,43.65,0.0,22.18,5.71,8.14,94.69,0.06
baidoa,2025061622,3.12,43.65,0.0,21.96,5.47,8.02,95.2,0.03
baidoa,2025061623,3.12,43.65,0.0,21.89,6.07,8.73,94.73,0.01
baidoa,2025061700,3.12,43.65,0.0,21.83,6.6,9.31,94.62,0.01
baidoa,2025061701,3.12,43.65,0.0,21.84,6.54,9.21,94.76,0.01
baidoa,2025061702,3.12,43.65,0.0,21.85,6.14,8.69,95.16,0.0
baidoa,2025061703,3.12,43.65,44.53,22.17,6.06,8.27,93.7,0.0
baidoa,2025061704,3.12,43.65,161.5,23.61,7.49,9.67,84.76,0.01
baidoa,2025061705,3.12,43.65,277.25,25.52,8.37,10.33,72.61,0.01
baidoa,2025061706,3.12,43.65,399.67,27.21,8.66,10.51,64.18,0.01
baidoa,2025061707,3.12,43.65,487.95,28.51,8.76,10.51,59.03,0.01
baidoa,2025061708,3.12,43.65,532.15,29.57,8.87,10.56,55.19,0.01
baidoa,2025061709,3.12,43.65,510.2,30.16,9.02,10.74,53.71,0.01
baidoa,2025061710,3.12,43.65,516.9,30.51,9.16,11.03,53.19,0.01
baidoa,2025061711,3.12,43.65,461.05,30.6,9.36,11.38,52.97,0.01
baidoa,2025061712,3.12,43.65,374.75,29.89,9.34,11.53,55.62,0.01
baidoa,2025061713,3.12,43.65,214.5,28.68,9.01,11.35,61.13,0.02
baidoa,2025061714,3.12,43.65,80.65,27.03,7.93,10.31,70.38,0.02
baidoa,2025061715,3.12,43.65,0.0,25.28,6.53,9.11,81.17,0.02
baidoa,2025061716,3.12,43.65,0.0,24.25,6.31,8.79,87.2,0.02
baidoa,2025061717,3.12,43.65,0.0,23.5,6.32,8.8,90.18,0.02
baidoa,2025061718,3.12,43.65,0.0,22.93,6.39,8.88,91.37,0.01
baidoa,2025061719,3.12,43.65,0.0,22.49,6.15,8.63,92.11,0.01
baidoa,2025061720,3.12,43.65,0.0,22.17,5.9,8.37,92.83,0.01
baidoa,2025061721,3.12,43.65,0.0,21.95,5.93,8.37,93.33,0.01
baidoa,2025061722,3.12,43.65,0.0,21.74,5.98,8.42,93.82,0.01
baidoa,2025061723,3.12,43.65,0.0,21.55,5.7,8.04,94.28,0.01
baidoa,2025061800,3.12,43.65,0.0,21.45,5.58,7.92,94.2,0.01
baidoa,2025061801,3.12,43.65,0.0,21.37,5.52,7.9,94.09,0.01
baidoa,2025061802,3.12,43.65,0.0,21.29,5.59,8.0,94.23,0.01
baidoa,2025061803,3.12,43.65,29.3,21.54,5.62,7.46,92.95,0.01
baidoa,2025061804,3.12,43.65,136.95,22.94,6.47,8.22,86.24,0.02
baidoa,2025061805,3.12,43.65,257.73,24.88,7.58,9.41,76.59,0.01
baidoa,2025061806,3.12,43.65,383.83,27.04,7.99,9.62,66.29,0.02
baidoa,2025061807,3.12,43.65,460.1,28.61,8.05,9.53,59.93,0.02
baidoa,2025061808,3.12,43.65,594.75,29.68,8.21,9.66,56.11,0.03
baidoa,2025061809,3.12,43.65,621.22,30.39,8.32,9.76,53.74,0.03
baidoa,2025061810,3.12,43.65,561.7,30.57,8.28,9.77,53.17,0.03
baidoa,2025061811,3.12,43.65,551.67,30.34,8.1,9.63,53.83,0.03
baidoa,2025061812,3.12,43.65,419.65,29.63,7.78,9.38,56.27,0.02
baidoa,2025061813,3.12,43.65,247.8,28.46,7.39,9.16,60.88,0.01
baidoa,2025061814,3.12,43.65,89.32,26.88,6.59,8.58,68.43,0.01
baidoa,2025061815,3.12,43.65,0.0,25.23,5.53,7.95,78.35,0.0
baidoa,2025061816,3.12,43.65,0.0,24.31,5.6,7.88,84.79,0.0
baidoa,2025061817,3.12,43.65,0.0,23.59,5.48,7.66,89.34,0.0
baidoa,2025061818,3.12,43.65,0.0,23.08,5.39,7.58,91.7,0.0
baidoa,2025061819,3.12,43.65,0.0,22.71,5.18,7.36,92.65,0.0
baidoa,2025061820,3.12,43.65,0.0,22.36,4.88,7.1,93.57,0.0
baidoa,2025061821,3.12,43.65,0.0,22.15,5.13,7.26,93.82,0.0
baidoa,2025061822,3.12,43.65,0.0,21.97,4.76,6.74,94.46,0.0
baidoa,2025061823,3.12,43.65,0.0,21.86,4.51,6.45,94.71,0.0
baidoa,2025061900,3.12,43.65,0.0,21.78,4.46,6.54,94.82,0.0
baidoa,2025061901,3.12,43.65,0.0,21.74,4.6,6.76,94.62,0.0
baidoa,2025061902,3.12,43.65,0.0,21.64,4.65,6.75,94.71,0.0
baidoa,2025061903,3.12,43.65,45.92,21.96,4.77,6.37,92.86,0.0
baidoa,2025061904,3.12,43.65,179.82,23.62,6.68,8.64,82.86,0.0
baidoa,2025061905,3.12,43.65,337.85,25.7,7.71,9.41,71.02,0.0
baidoa,2025061906,3.12,43.65,501.98,27.48,7.87,9.39,62.7,0.0
baidoa,2025061907,3.12,43.65,631.92,29.03,7.88,9.26,56.58,0.0
baidoa,2025061908,3.12,43.65,724.22,30.21,7.91,9.23,52.61,0.0
baidoa,2025061909,3.12,43.65,624.97,30.89,7.94,9.25,50.45,0.0
baidoa,2025061910,3.12,43.65,530.15,31.21,7.95,9.28,49.35,0.0
baidoa,2025061911,3.12,43.65,448.0,31.08,7.91,9.3,49.44,0.0
baidoa,2025061912,3.12,43.65,318.38,30.51,7.81,9.31,50.58,0.0
baidoa,2025061913,3.12,43.65,204.95,29.45,7.57,9.26,53.49,0.0
baidoa,2025061914,3.12,43.65,70.32,27.7,6.49,8.66,59.93,0.0
baidoa,2025061915,3.12,43.65,0.0,25.66,4.91,7.75,70.41,0.0
baidoa,2025061916,3.12,43.65,0.0,24.5,4.62,7.1,78.37,0.0
baidoa,2025061917,3.12,43.65,0.0,23.63,4.64,6.82,84.28,0.0
baidoa,2025061918,3.12,43.65,0.0,22.88,4.58,6.59,88.41,0.0
baidoa,2025061919,3.12,43.65,0.0,22.24,4.38,6.34,91.07,0.0
baidoa,2025061920,3.12,43.65,0.0,21.75,4.35,6.29,92.57,0.0
baidoa,2025061921,3.12,43.65,0.0,21.37,4.3,6.21,93.49,0.0
baidoa,2025061922,3.12,43.65,0.0,21.0,4.03,6.09,94.43,0.0
baidoa,2025061923,3.12,43.65,0.0,20.72,3.94,6.13,95.24,0.0
baidoa,2025062000,3.12,43.65,0.0,20.62,4.06,6.25,95.53,0.0
baidoa,2025062001,3.12,43.65,0.0,20.67,4.31,6.57,95.15,0.0
baidoa,2025062002,3.12,43.65,0.0,20.66,4.45,6.79,95.44,0.0
baidoa,2025062003,3.12,43.65,44.4,21.13,4.88,6.6,93.12,0.0
baidoa,2025062004,3.12,43.65,201.77,23.23,6.7,8.59,82.26,0.0
baidoa,2025062005,3.12,43.65,390.3,25.63,7.79,9.43,69.83,0.0
baidoa,2025062006,3.12,43.65,539.9,27.72,7.93,9.42,60.79,0.0
baidoa,2025062007,3.12,43.65,673.47,29.5,7.96,9.33,54.47,0.0
baidoa,2025062008,3.12,43.65,769.3,30.8,8.0,9.31,50.26,0.0
baidoa,2025062009,3.12,43.65,840.8,31.53,7.98,9.26,48.2,0.0
baidoa,2025062010,3.12,43.65,734.62,31.68,7.99,9.29,48.56,0.0
baidoa,2025062011,3.12,43.65,616.83,31.35,7.97,9.35,50.09,0.0
baidoa,2025062012,3.12,43.65,432.55,30.46,7.78,9.24,53.2,0.0
baidoa,2025062013,3.12,43.65,238.3,29.16,7.39,9.03,57.75,0.0
baidoa,2025062014,3.12,43.65,87.68,27.47,6.38,8.33,65.42,0.0
baidoa,2025062015,3.12,43.65,0.0,25.69,4.81,7.12,76.18,0.0
baidoa,2025062016,3.12,43.65,0.0,24.71,4.57,6.61,83.66,0.0
baidoa,2025062017,3.12,43.65,0.0,23.94,4.48,6.36,89.75,0.0
baidoa,2025062018,3.12,43.65,0.0,23.32,4.34,6.29,93.92,0.0
baidoa,2025062019,3.12,43.65,0.0,23.05,4.3,6.26,94.74,0.0
baidoa,2025062020,3.12,43.65,0.0,22.78,4.38,6.44,95.12,0.0
baidoa,2025062021,3.12,43.65,0.0,22.41,4.53,6.98,95.49,0.0
baidoa,2025062022,3.12,43.65,0.0,22.12,4.91,7.4,95.32,0.0
baidoa,2025062023,3.12,43.65,0.0,21.85,4.88,7.34,95.54,0.0
baidoa,2025062100,3.12,43.65,0.0,21.73,4.85,7.21,95.55,0.0
baidoa,2025062101,3.12,43.65,0.0,21.69,5.04,7.36,95.27,0.0
baidoa,2025062102,3.12,43.65,0.0,21.6,4.88,7.26,95.43,0.0
baidoa,2025062103,3.12,43.65,57.42,21.92,4.99,6.8,93.51,0.0
baidoa,2025062104,3.12,43.65,259.58,23.62,6.6,8.46,84.23,0.0
baidoa,2025062105,3.12,43.65,486.95,25.73,7.57,9.15,72.65,0.0
baidoa,2025062106,3.12,43.65,683.9,27.55,7.73,9.14,63.81,0.0
baidoa,2025062107,3.12,43.65,835.95,29.19,7.8,9.13,56.54,0.0
baidoa,2025062108,3.12,43.65,916.25,30.42,7.85,9.13,50.77,0.0
baidoa,2025062109,3.12,43.65,911.92,31.16,7.95,9.25,47.0,0.0
baidoa,2025062110,3.12,43.65,846.22,31.43,7.82,9.12,44.94,0.0
baidoa,2025062111,3.12,43.65,710.53,31.29,7.48,8.79,44.59,0.0
baidoa,2025062112,3.12,43.65,519.08,30.54,7.18,8.57,46.2,0.0
baidoa,2025062113,3.12,43.65,303.55,29.39,6.75,8.29,50.03,0.0
baidoa,2025062114,3.12,43.65,101.45,27.78,5.58,7.76,57.34,0.0
baidoa,2025062115,3.12,43.65,0.0,25.73,4.65,7.86,69.22,0.0
baidoa,2025062116,3.12,43.65,0.0,24.9,5.55,8.2,76.43,0.0
baidoa,2025062117,3.12,43.65,0.0,23.95,5.36,7.58,84.54,0.0
baidoa,2025062118,3.12,43.65,0.0,23.0,4.79,6.73,91.32,0.0
baidoa,2025062119,3.12,43.65,0.0,22.34,4.55,6.55,94.5,0.0
baidoa,2025062120,3.12,43.65,0.0,21.9,4.39,6.54,95.41,0.0
baidoa,2025062121,3.12,43.65,0.0,21.54,4.32,6.58,95.95,0.0
baidoa,2025062122,3.12,43.65,0.0,21.23,4.35,6.77,96.58,0.0
baidoa,2025062123,3.12,43.65,0.0,21.13,4.92,7.47,96.39,0.0
baidoa,2025062200,3.12,43.65,0.0,21.09,5.19,7.66,96.24,0.0
baidoa,2025062201,3.12,43.65,0.0,21.14,5.68,8.39,95.77,0.0
baidoa,2025062202,3.12,43.65,0.0,21.06,5.23,7.62,95.8,0.0
baidoa,2025062203,3.12,43.65,51.55,21.41,4.93,6.77,93.53,0.0
baidoa,2025062204,3.12,43.65,236.32,23.17,5.91,7.66,85.04,0.0
baidoa,2025062205,3.12,43.65,459.65,25.6,6.97,8.52,72.49,0.0
baidoa,2025062206,3.12,43.65,658.92,27.78,7.15,8.46,62.12,0.0
baidoa,2025062207,3.12,43.65,799.22,29.52,7.38,8.64,54.79,0.0
baidoa,2025062208,3.12,43.65,879.92,30.8,7.77,9.03,49.93,0.0
baidoa,2025062209,3.12,43.65,846.17,31.52,8.01,9.28,47.37,0.0
baidoa,2025062210,3.12,43.65,685.92,31.7,8.1,9.39,46.85,0.0
baidoa,2025062211,3.12,43.65,566.17,31.35,8.11,9.45,47.83,0.0
baidoa,2025062212,3.12,43.65,352.1,30.62,8.04,9.48,50.01,0.0
baidoa,2025062213,3.12,43.65,207.15,29.28,7.71,9.41,54.68,0.0
baidoa,2025062214,3.12,43.65,79.85,27.51,6.77,8.83,62.38,0.0
baidoa,2025062215,3.12,43.65,0.0,25.74,5.36,7.73,72.32,0.0
baidoa,2025062216,3.12,43.65,0.0,24.7,4.75,6.81,79.83,0.0
baidoa,2025062217,3.12,43.65,0.0,23.9,4.61,6.56,85.91,0.0
baidoa,2025062218,3.12,43.65,0.0,23.22,4.75,6.73,90.61,0.0
baidoa,2025062219,3.12,43.65,0.0,22.63,4.76,6.82,93.71,0.0
baidoa,2025062220,3.12,43.65,0.0,22.22,4.67,6.85,94.76,0.0
baidoa,2025062221,3.12,43.65,0.0,21.86,4.63,6.87,95.03,0.0
baidoa,2025062222,3.12,43.65,0.0,21.61,4.54,6.77,94.86,0.0
baidoa,2025062223,3.12,43.65,0.0,21.48,4.65,6.75,94.17,0.0
baidoa,2025062300,3.12,43.65,0.0,21.31,4.63,6.77,94.16,0.0
baidoa,2025062301,3.12,43.65,0.0,21.02,4.27,6.36,94.73,0.0
baidoa,2025062302,3.12,43.65,0.0,20.74,3.99,6.36,95.11,0.0
baidoa,2025062303,3.12,43.65,49.53,21.14,4.72,6.37,92.0,0.0
baidoa,2025062304,3.12,43.65,232.32,22.93,6.11,7.85,81.05,0.0
baidoa,2025062305,3.12,43.65,454.98,24.78,7.3,9.0,70.23,0.0
baidoa,2025062306,3.12,43.65,656.75,26.15,7.68,9.24,63.23,0.0
baidoa,2025062307,3.12,43.65,781.85,27.25,7.88,9.39,58.68,0.0
baidoa,2025062308,3.12,43.65,852.92,28.21,7.92,9.39,55.31,0.0
baidoa,2025062309,3.12,43.65,798.2,28.97,7.68,9.12,53.18,0.0
baidoa,2025062310,3.12,43.65,660.15,29.49,7.43,8.87,51.48,0.0
baidoa,2025062311,3.12,43.65,517.22,29.58,7.17,8.63,51.11,0.0
baidoa,2025062312,3.12,43.65,388.75,29.06,6.92,8.5,52.64,0.0
baidoa,2025062313,3.12,43.65,215.23,28.14,6.58,8.4,55.94,0.0
baidoa,2025062314,3.12,43.65,80.3,26.82,5.68,8.07,61.75,0.0
baidoa,2025062315,3.12,43.65,0.0,25.04,4.88,7.93,70.62,0.0
baidoa,2025062316,3.12,43.65,0.0,23.96,4.9,7.55,77.08,0.0
baidoa,2025062317,3.12,43.65,0.0,23.05,4.48,6.85,83.73,0.0
baidoa,2025062318,3.12,43.65,0.0,22.31,4.15,6.41,89.16,0.0
baidoa,2025062319,3.12,43.65,0.0,21.81,4.02,6.14,92.52,0.0
baidoa,2025062320,3.12,43.65,0.0,21.45,3.87,5.93,94.34,0.0
baidoa,2025062321,3.12,43.65,0.0,21.03,3.52,5.78,95.85,0.0
baidoa,2025062322,3.12,43.65,0.0,20.65,3.42,5.89,96.87,0.0
baidoa,2025062323,3.12,43.65,0.0,20.43,3.47,6.01,97.14,0.0
baidoa,2025062400,3.12,43.65,0.0,20.31,3.54,6.1,97.1,0.0
baidoa,2025062401,3.12,43.65,0.0,20.31,3.81,6.27,96.61,0.0
baidoa,2025062402,3.12,43.65,0.0,20.19,3.88,6.39,96.66,0.0
baidoa,2025062403,3.12,43.65,56.45,20.74,4.37,6.0,93.17,0.0
baidoa,2025062404,3.12,43.65,263.12,22.87,5.99,7.61,82.36,0.0
baidoa,2025062405,3.12,43.65,493.08,25.44,6.83,8.17,70.57,0.0
baidoa,2025062406,3.12,43.65,692.83,27.81,6.89,8.07,61.24,0.0
baidoa,2025062407,3.12,43.65,840.92,29.82,6.86,7.93,54.4,0.0
baidoa,2025062408,3.12,43.65,919.85,31.24,6.86,7.88,50.18,0.0
baidoa,2025062409,3.12,43.65,912.6,32.05,6.89,7.9,47.97,0.01
baidoa,2025062410,3.12,43.65,782.42,31.89,6.92,7.95,48.56,0.01
baidoa,2025062411,3.12,43.65,606.97,30.91,6.98,8.13,51.62,0.01
baidoa,2025062412,3.12,43.65,352.52,29.51,6.85,8.21,56.44,0.01
baidoa,2025062413,3.12,43.65,212.68,28.23,6.42,7.99,62.07,0.01
baidoa,2025062414,3.12,43.65,82.9,26.91,5.2,7.04,69.59,0.01
baidoa,2025062415,3.12,43.65,0.0,25.51,3.93,6.27,79.16,0.01
baidoa,2025062416,3.12,43.65,0.0,24.87,4.09,6.22,84.58,0.01
baidoa,2025062417,3.12,43.65,0.0,24.36,4.14,6.07,89.02,0.01
baidoa,2025062418,3.12,43.65,0.0,23.85,3.79,5.58,92.75,0.01
baidoa,2025062419,3.12,43.65,0.0,23.48,3.4,5.24,94.62,0.01
baidoa,2025062420,3.12,43.65,0.0,23.2,3.07,5.04,95.38,0.02
baidoa,2025062421,3.12,43.65,0.0,22.96,2.85,4.9,95.73,0.02
baidoa,2025062422,3.12,43.65,0.0,22.78,2.86,4.95,95.97,0.03
baidoa,2025062423,3.12,43.65,0.0,22.72,3.23,5.45,95.82,0.03
baidoa,2025062500,3.12,43.65,0.0,22.73,3.91,6.25,95.63,0.19
baidoa,2025062501,3.12,43.65,0.0,22.7,4.41,6.79,95.72,0.19
baidoa,2025062502,3.12,43.65,0.0,22.59,4.5,6.9,95.9,0.17
baidoa,2025062503,3.12,43.65,41.33,22.81,4.54,6.26,94.58,0.15
baidoa,2025062504,3.12,43.65,162.77,24.04,6.2,8.11,86.51,0.11
baidoa,2025062505,3.12,43.65,300.3,25.93,7.12,8.57,73.92,0.11
baidoa,2025062506,3.12,43.65,439.55,27.73,7.08,8.24,64.59,0.1
baidoa,2025062507,3.12,43.65,544.78,29.12,6.92,7.95,58.36,0.08
baidoa,2025062508,3.12,43.65,623.47,30.19,6.85,7.83,54.28,0.07
baidoa,2025062509,3.12,43.65,647.1,30.89,6.89,7.86,51.51,0.06
baidoa,2025062510,3.12,43.65,619.42,31.25,6.91,7.9,49.82,0.04
baidoa,2025062511,3.12,43.65,539.42,31.04,6.89,7.93,49.8,0.02
baidoa,2025062512,3.12,43.65,421.38,30.55,6.88,8.04,50.42,0.01
baidoa,2025062513,3.12,43.65,242.43,29.64,6.83,8.18,52.39,0.0
baidoa,2025062514,3.12,43.65,90.9,27.93,6.18,8.09,58.86,0.0
baidoa,2025062515,3.12,43.65,0.0,25.96,5.45,8.11,69.3,0.0
baidoa,2025062516,3.12,43.65,0.0,24.75,5.73,8.09,77.43,0.0
baidoa,2025062517,3.12,43.65,0.0,23.69,5.6,7.61,84.68,0.0
baidoa,2025062518,3.12,43.65,0.0,22.85,5.26,7.17,89.73,0.0
baidoa,2025062519,3.12,43.65,0.0,22.31,4.82,6.68,92.39,0.0
baidoa,2025062520,3.12,43.65,0.0,21.89,4.25,6.06,94.11,0.0
baidoa,2025062521,3.12,43.65,0.0,21.55,3.82,5.79,95.02,0.0
baidoa,2025062522,3.12,43.65,0.0,21.27,3.58,5.7,95.6,0.0
baidoa,2025062523,3.12,43.65,0.0,21.03,3.47,5.73,96.1,0.01
baidoa,2025062600,3.12,43.65,0.0,20.91,3.74,6.13,96.15,0.01
baidoa,2025062601,3.12,43.65,0.0,20.88,4.09,6.4,95.92,0.01
baidoa,2025062602,3.12,43.65,0.0,20.8,4.24,6.67,95.93,0.02
baidoa,2025062603,3.12,43.65,50.33,21.26,4.83,6.48,93.6,0.02
baidoa,2025062604,3.12,43.65,230.57,23.09,6.23,7.98,83.84,0.02
baidoa,2025062605,3.12,43.65,439.0,25.48,7.37,8.9,70.18,0.02
baidoa,2025062606,3.12,43.65,605.35,27.48,7.47,8.78,60.9,0.02
baidoa,2025062607,3.12,43.65,565.65,29.2,7.53,8.75,54.27,0.0
baidoa,2025062608,3.12,43.65,491.75,30.66,7.66,8.85,49.05,0.0
baidoa,2025062609,3.12,43.65,474.83,31.61,7.68,8.83,45.39,0.0
baidoa,2025062610,3.12,43.65,449.48,31.98,7.63,8.77,43.7,0.0
baidoa,2025062611,3.12,43.65,378.17,31.78,7.62,8.8,43.93,0.0
baidoa,2025062612,3.12,43.65,267.73,30.91,7.58,8.87,46.2,0.0
baidoa,2025062613,3.12,43.65,176.32,29.44,7.41,8.96,50.85,0.0
baidoa,2025062614,3.12,43.65,72.05,27.58,6.82,8.86,58.26,0.0
baidoa,2025062615,3.12,43.65,0.0,25.71,6.13,8.65,67.93,0.0
baidoa,2025062616,3.12,43.65,0.0,24.44,5.79,7.81,76.28,0.0
baidoa,2025062617,3.12,43.65,0.0,23.42,5.08,6.85,83.56,0.0
baidoa,2025062618,3.12,43.65,0.0,22.72,4.74,6.32,88.15,0.0
baidoa,2025062619,3.12,43.65,0.0,22.24,4.44,5.97,91.0,0.0
baidoa,2025062620,3.12,43.65,0.0,21.87,4.35,6.08,92.78,0.0
baidoa,2025062621,3.12,43.65,0.0,21.56,4.21,6.09,94.09,0.0
baidoa,2025062622,3.12,43.65,0.0,21.35,4.14,6.14,94.8,0.0
baidoa,2025062623,3.12,43.65,0.0,21.19,3.93,6.01,95.19,0.0
baidoa,2025062700,3.12,43.65,0.0,21.03,3.73,5.96,95.54,0.01
baidoa,2025062701,3.12,43.65,0.0,20.87,3.55,5.85,96.03,0.01
baidoa,2025062702,3.12,43.65,0.0,20.74,3.43,5.79,96.53,0.01
baidoa,2025062703,3.12,43.65,40.95,21.32,4.51,6.25,93.5,0.01
baidoa,2025062704,3.12,43.65,154.77,23.15,6.75,8.61,83.02,0.03
baidoa,2025062705,3.12,43.65,285.7,25.3,7.91,9.52,70.61,0.04
baidoa,2025062706,3.12,43.65,322.55,27.3,8.19,9.67,61.74,0.05
baidoa,2025062707,3.12,43.65,437.85,28.96,8.32,9.74,55.78,0.06
baidoa,2025062708,3.12,43.65,505.17,30.15,8.44,9.85,52.05,0.07
baidoa,2025062709,3.12,43.65,535.58,30.97,8.42,9.81,49.36,0.06
baidoa,2025062710,3.12,43.65,479.58,31.33,8.4,9.76,47.89,0.05
baidoa,2025062711,3.12,43.65,399.77,31.07,8.4,9.79,48.4,0.04
baidoa,2025062712,3.12,43.65,264.65,29.72,8.29,9.87,52.56,0.03
baidoa,2025062713,3.12,43.65,139.93,27.94,8.01,9.82,59.46,0.02
baidoa,2025062714,3.12,43.65,54.78,26.11,7.42,9.41,68.22,0.01
baidoa,2025062715,3.12,43.65,0.0,24.51,6.23,8.26,77.36,0.01
baidoa,2025062716,3.12,43.65,0.0,23.58,5.82,7.87,82.86,0.0
baidoa,2025062717,3.12,43.65,0.0,22.92,5.72,7.83,85.64,0.0
baidoa,2025062718,3.12,43.65,0.0,22.27,5.6,7.66,87.99,0.0
baidoa,2025062719,3.12,43.65,0.0,21.72,5.46,7.45,89.83,0.0
baidoa,2025062720,3.12,43.65,0.0,21.3,4.97,6.87,91.43,0.0
baidoa,2025062721,3.12,43.65,0.0,20.94,4.5,6.37,92.58,0.0
baidoa,2025062722,3.12,43.65,0.0,20.6,4.11,5.91,93.75,0.0
baidoa,2025062723,3.12,43.65,0.0,20.36,4.04,5.92,94.18,0.0
baidoa,2025062800,3.12,43.65,0.0,20.18,4.13,6.07,94.4,0.0
baidoa,2025062801,3.12,43.65,0.0,20.0,4.2,6.18,94.89,0.0
baidoa,2025062802,3.12,43.65,0.0,19.88,4.18,6.24,95.23,0.0
baidoa,2025062803,3.12,43.65,43.47,20.33,4.62,6.13,92.59,0.0
baidoa,2025062804,3.12,43.65,203.85,22.34,6.14,7.88,82.35,0.0
baidoa,2025062805,3.12,43.65,405.85,24.74,7.65,9.34,70.34,0.0
baidoa,2025062806,3.12,43.65,632.38,26.68,8.02,9.55,60.79,0.0
baidoa,2025062807,3.12,43.65,780.9,28.18,8.23,9.72,53.47,0.0
baidoa,2025062808,3.12,43.65,771.42,29.22,8.37,9.88,48.41,0.0
baidoa,2025062809,3.12,43.65,741.1,29.77,8.35,9.91,45.72,0.0
baidoa,2025062810,3.12,43.65,608.8,29.96,8.27,9.87,44.97,0.0
baidoa,2025062811,3.12,43.65,426.98,29.97,8.21,9.86,45.42,0.0
baidoa,2025062812,3.12,43.65,293.45,29.81,8.16,9.86,46.49,0.0
baidoa,2025062813,3.12,43.65,157.68,28.93,8.02,9.88,49.92,0.0
baidoa,2025062814,3.12,43.65,44.6,27.26,7.23,9.5,57.71,0.0
baidoa,2025062815,3.12,43.65,0.0,25.19,5.97,8.71,69.72,0.0
baidoa,2025062816,3.12,43.65,0.0,23.85,5.28,7.63,79.74,0.0
baidoa,2025062817,3.12,43.65,0.0,22.98,5.03,7.14,86.57,0.0
baidoa,2025062818,3.12,43.65,0.0,22.37,4.88,6.92,90.73,0.0
baidoa,2025062819,3.12,43.65,0.0,22.02,4.82,6.8,92.81,0.0
baidoa,2025062820,3.12,43.65,0.0,21.84,4.69,6.58,94.04,0.02
baidoa,2025062821,3.12,43.65,0.0,21.7,4.55,6.61,94.87,0.04
baidoa,2025062822,3.12,43.65,0.0,21.59,4.71,6.92,95.24,0.06
baidoa,2025062823,3.12,43.65,0.0,21.49,4.95,7.2,95.32,0.05
baidoa,2025062900,3.12,43.65,0.0,21.37,5.04,7.31,95.49,0.05
baidoa,2025062901,3.12,43.65,0.0,21.27,4.94,7.22,95.43,0.03
baidoa,2025062902,3.12,43.65,0.0,21.15,4.87,7.14,95.5,0.03
baidoa,2025062903,3.12,43.65,37.12,21.33,5.11,6.93,94.32,0.03
baidoa,2025062904,3.12,43.65,146.93,22.53,6.79,8.86,87.43,0.04
baidoa,2025062905,3.12,43.65,258.35,24.63,8.71,10.77,73.24,0.02
baidoa,2025062906,3.12,43.65,505.62,26.59,9.23,11.12,61.61,0.01
baidoa,2025062907,3.12,43.65,718.92,28.14,9.31,11.1,54.78,0.0
baidoa,2025062908,3.12,43.65,779.95,29.22,9.41,11.21,51.75,0.01
baidoa,2025062909,3.12,43.65,776.28,30.15,9.47,11.32,49.62,0.02
baidoa,2025062910,3.12,43.65,605.8,30.76,9.5,11.31,47.66,0.02
baidoa,2025062911,3.12,43.65,426.83,30.25,9.36,11.2,49.01,0.03
baidoa,2025062912,3.12,43.65,271.35,29.41,9.04,10.97,51.79,0.02
baidoa,2025062913,3.12,43.65,158.3,28.45,8.66,10.72,55.42,0.01
baidoa,2025062914,3.12,43.65,56.55,26.87,8.04,10.4,62.38,0.01
baidoa,2025062915,3.12,43.65,0.0,25.13,7.07,9.68,71.78,0.0
baidoa,2025062916,3.12,43.65,0.0,23.95,6.86,9.35,79.3,0.0
baidoa,2025062917,3.12,43.65,0.0,23.15,6.32,8.71,84.2,0.01
baidoa,2025062918,3.12,43.65,0.0,22.62,5.85,8.28,87.15,0.01
baidoa,2025062919,3.12,43.65,0.0,22.23,5.72,8.17,88.97,0.0
baidoa,2025062920,3.12,43.65,0.0,21.9,5.5,7.65,90.66,0.0
baidoa,2025062921,3.12,43.65,0.0,21.6,5.16,7.12,92.41,0.01
baidoa,2025062922,3.12,43.65,0.0,21.4,4.87,6.69,93.43,0.01
baidoa,2025062923,3.12,43.65,0.0,21.29,4.78,6.72,93.98,0.01
baidoa,2025063000,3.12,43.65,0.0,21.23,4.92,7.1,94.33,0.01
baidoa,2025063001,3.12,43.65,0.0,21.24,5.15,7.5,94.43,0.01
baidoa,2025063002,3.12,43.65,0.0,21.21,5.43,7.95,94.51,0.01
baidoa,2025063003,3.12,43.65,47.08,21.57,5.98,8.08,92.67,0.01
baidoa,2025063004,3.12,43.65,222.95,23.1,7.61,9.88,83.4,0.02
baidoa,2025063005,3.12,43.65,413.23,25.18,8.71,10.73,69.58,0.01
baidoa,2025063006,3.12,43.65,626.3,27.05,8.8,10.54,60.03,0.01
baidoa,2025063007,3.12,43.65,740.67,28.79,8.75,10.33,53.63,0.0
baidoa,2025063008,3.12,43.65,784.0,30.12,8.86,10.38,49.38,0.02
baidoa,2025063009,3.12,43.65,663.33,30.87,8.84,10.34,47.44,0.05
baidoa,2025063010,3.12,43.65,567.88,31.08,8.8,10.31,47.03,0.06
baidoa,2025063011,3.12,43.65,416.27,30.7,8.71,10.25,48.34,0.06
baidoa,2025063012,3.12,43.65,342.88,29.71,8.56,10.16,51.48,0.05
baidoa,2025063013,3.12,43.65,188.43,28.35,8.31,10.08,56.42,0.04
baidoa,2025063014,3.12,43.65,72.2,26.53,7.49,9.58,64.43,0.02
baidoa,2025063015,3.12,43.65,0.0,24.86,5.99,8.33,74.16,0.02
baidoa,2025063016,3.12,43.65,0.0,23.94,5.5,7.73,80.89,0.0
baidoa,2025063017,3.12,43.65,0.0,23.28,5.21,7.32,85.85,0.0
baidoa,2025063018,3.12,43.65,0.0,22.73,4.84,6.88,89.47,0.0
baidoa,2025063019,3.12,43.65,0.0,22.26,4.23,6.1,92.31,0.0
baidoa,2025063020,3.12,43.65,0.0,22.02,4.09,5.84,93.47,0.0
baidoa,2025063021,3.12,43.65,0.0,21.93,4.32,6.12,93.65,0.0
baidoa,2025063022,3.12,43.65,0.0,21.89,4.75,6.82,93.5,0.0
baidoa,2025063023,3.12,43.65,0.0,21.83,5.2,7.45,93.66,0.0
baidoa,2025070100,3.12,43.65,0.0,21.71,5.18,7.41,94.27,0.01
baidoa,2025070101,3.12,43.65,0.0,21.64,4.85,7.07,94.6,0.01
baidoa,2025070102,3.12,43.65,0.0,21.57,4.77,7.03,94.76,0.01
baidoa,2025070103,3.12,43.65,33.47,21.82,4.69,6.32,93.31,0.01
baidoa,2025070104,3.12,43.65,141.45,23.14,6.42,8.34,84.92,0.01
baidoa,2025070105,3.12,43.65,253.62,25.34,7.8,9.5,70.86,0.01
baidoa,2025070106,3.12,43.65,449.6,27.48,8.05,9.56,60.34,0.0
baidoa,2025070107,3.12,43.65,486.33,29.26,8.25,9.65,53.27,0.0
baidoa,2025070108,3.12,43.65,607.55,30.38,8.42,9.77,49.76,0.0
baidoa,2025070109,3.12,43.65,572.08,31.01,8.44,9.8,47.72,0.01
baidoa,2025070110,3.12,43.65,490.17,31.27,8.39,9.75,46.64,0.02
baidoa,2025070111,3.12,43.65,374.25,30.7,8.27,9.69,47.97,0.03
baidoa,2025070112,3.12,43.65,333.25,29.22,8.04,9.62,52.39,0.03
baidoa,2025070113,3.12,43.65,179.98,27.84,7.77,9.54,57.56,0.02
baidoa,2025070114,3.12,43.65,62.08,26.39,7.28,9.31,63.83,0.01
baidoa,2025070115,3.12,43.65,0.0,24.89,6.24,8.39,71.63,0.01
baidoa,2025070116,3.12,43.65,0.0,23.95,6.05,8.18,77.39,0.01
baidoa,2025070117,3.12,43.65,0.0,23.26,6.09,8.27,81.39,0.01
baidoa,2025070118,3.12,43.65,0.0,22.66,5.59,7.67,85.07,0.01
baidoa,2025070119,3.12,43.65,0.0,22.25,5.41,7.55,87.41,0.01
baidoa,2025070120,3.12,43.65,0.0,21.89,4.95,6.91,89.74,0.01
baidoa,2025070121,3.12,43.65,0.0,21.61,4.95,6.86,91.5,0.02
baidoa,2025070122,3.12,43.65,0.0,21.41,5.09,7.0,92.59,0.02
baidoa,2025070123,3.12,43.65,0.0,21.31,4.98,6.86,93.14,0.02
baidoa,2025070200,3.12,43.65,0.0,21.22,4.28,6.05,93.93,0.02
baidoa,2025070201,3.12,43.65,0.0,21.22,4.16,6.04,94.34,0.02
baidoa,2025070202,3.12,43.65,0.0,21.24,4.77,7.04,94.45,0.03
baidoa,2025070203,3.12,43.65,38.55,21.5,5.04,6.67,93.35,0.03
baidoa,2025070204,3.12,43.65,207.73,22.71,6.32,8.22,86.65,0.03
baidoa,2025070205,3.12,43.65,428.4,24.53,7.83,9.68,74.41,0.01
baidoa,2025070206,3.12,43.65,537.17,26.53,8.53,10.23,62.91,0.01
baidoa,2025070207,3.12,43.65,514.75,28.34,8.81,10.39,54.98,0.0
baidoa,2025070208,3.12,43.65,592.47,29.9,8.99,10.52,48.66,0.0
baidoa,2025070209,3.12,43.65,570.83,30.88,9.06,10.62,43.78,0.0
baidoa,2025070210,3.12,43.65,474.67,30.8,9.07,10.7,42.48,0.0
baidoa,2025070211,3.12,43.65,360.9,30.17,8.87,10.54,43.84,0.0
baidoa,2025070212,3.12,43.65,279.25,29.42,8.49,10.15,46.94,0.01
baidoa,2025070213,3.12,43.65,160.55,28.35,8.07,9.8,52.1,0.02
baidoa,2025070214,3.12,43.65,59.28,26.73,7.28,9.35,59.85,0.01
baidoa,2025070215,3.12,43.65,0.0,24.92,5.85,8.41,69.59,0.01
baidoa,2025070216,3.12,43.65,0.0,23.89,5.46,7.66,76.15,0.01
baidoa,2025070217,3.12,43.65,0.0,23.09,5.2,7.09,80.85,0.0
baidoa,2025070218,3.12,43.65,0.0,22.43,4.92,6.69,84.41,0.0
baidoa,2025070219,3.12,43.65,0.0,21.87,4.85,6.68,86.98,0.0
baidoa,2025070220,3.12,43.65,0.0,21.37,4.72,6.74,89.1,0.0
baidoa,2025070221,3.12,43.65,0.0,20.92,4.7,6.88,90.8,0.0
baidoa,2025070222,3.12,43.65,0.0,20.46,4.44,6.61,92.99,0.0
baidoa,2025070223,3.12,43.65,0.0,20.33,4.39,6.46,93.87,0.0
baidoa,2025070300,3.12,43.65,0.0,20.54,5.07,7.24,93.25,0.0
baidoa,2025070301,3.12,43.65,0.0,20.69,5.45,7.64,93.69,0.01
baidoa,2025070302,3.12,43.65,0.0,20.75,5.26,7.51,94.45,0.01
baidoa,2025070303,3.12,43.65,37.58,21.27,5.66,7.65,92.3,0.0
baidoa,2025070304,3.12,43.65,160.25,22.99,7.48,9.67,81.89,0.01
baidoa,2025070305,3.12,43.65,270.98,25.05,8.54,10.47,69.51,0.0
baidoa,2025070306,3.12,43.65,435.85,27.0,8.61,10.26,60.41,0.0
baidoa,2025070307,3.12,43.65,593.2,28.78,8.57,10.06,53.8,0.0
baidoa,2025070308,3.12,43.65,685.03,30.08,8.64,10.07,49.56,0.0
baidoa,2025070309,3.12,43.65,624.12,31.04,8.79,10.2,46.12,0.0
baidoa,2025070310,3.12,43.65,537.58,31.38,8.85,10.28,44.39,0.0
baidoa,2025070311,3.12,43.65,331.7,31.29,8.8,10.27,43.78,0.01
baidoa,2025070312,3.12,43.65,212.85,30.47,8.55,10.09,45.73,0.02
baidoa,2025070313,3.12,43.65,142.88,29.1,8.18,9.88,49.98,0.01
baidoa,2025070314,3.12,43.65,57.88,27.26,7.52,9.62,57.28,0.0
baidoa,2025070315,3.12,43.65,0.0,25.34,6.41,8.81,66.67,0.0
baidoa,2025070316,3.12,43.65,0.0,24.09,6.09,8.44,73.67,0.0
baidoa,2025070317,3.12,43.65,0.0,23.14,6.2,8.51,78.17,0.0
baidoa,2025070318,3.12,43.65,0.0,22.33,5.59,7.68,82.09,0.0
baidoa,2025070319,3.12,43.65,0.0,21.7,5.0,7.13,85.11,0.0
baidoa,2025070320,3.12,43.65,0.0,21.18,4.67,6.86,87.68,0.0
baidoa,2025070321,3.12,43.65,0.0,20.72,4.47,6.52,90.42,0.0
baidoa,2025070322,3.12,43.65,0.0,20.4,4.24,6.29,92.83,0.0
baidoa,2025070323,3.12,43.65,0.0,20.21,4.15,6.26,94.43,0.0
baidoa,2025070400,3.12,43.65,0.0,20.13,4.31,6.55,95.04,0.0
baidoa,2025070401,3.12,43.65,0.0,20.1,4.48,6.7,95.1,0.0
baidoa,2025070402,3.12,43.65,0.0,20.05,4.56,6.79,95.22,0.0
baidoa,2025070403,3.12,43.65,40.78,20.55,5.41,7.28,92.4,0.0
baidoa,2025070404,3.12,43.65,231.4,22.44,7.12,9.11,81.58,0.01
baidoa,2025070405,3.12,43.65,442.08,24.86,8.31,10.15,67.63,0.0
baidoa,2025070406,3.12,43.65,635.4,26.96,8.32,9.89,57.94,0.0
baidoa,2025070407,3.12,43.65,682.1,28.8,8.2,9.63,51.36,0.0
baidoa,2025070408,3.12,43.65,684.7,30.32,8.2,9.57,47.02,0.0
baidoa,2025070409,3.12,43.65,606.85,31.23,8.08,9.39,44.83,0.01
baidoa,2025070410,3.12,43.65,488.38,31.58,7.97,9.24,44.08,0.02
baidoa,2025070411,3.12,43.65,279.55,31.32,7.86,9.16,45.17,0.03
baidoa,2025070412,3.12,43.65,213.5,30.64,7.88,9.27,47.89,0.04
baidoa,2025070413,3.12,43.65,145.48,28.96,7.91,9.55,54.83,0.04
baidoa,2025070414,3.12,43.65,53.22,26.89,7.57,9.54,64.46,0.03
baidoa,2025070415,3.12,43.65,0.0,24.93,6.65,8.9,74.83,0.03
baidoa,2025070416,3.12,43.65,0.0,23.78,6.5,8.63,81.28,0.02
baidoa,2025070417,3.12,43.65,0.0,22.97,6.33,8.52,85.35,0.01
baidoa,2025070418,3.12,43.65,0.0,22.39,6.1,8.3,88.28,0.01
baidoa,2025070419,3.12,43.65,0.0,21.94,5.7,7.89,91.06,0.02
baidoa,2025070420,3.12,43.65,0.0,21.67,5.47,7.65,92.75,0.03
baidoa,2025070421,3.12,43.65,0.0,21.43,4.97,7.02,94.16,0.03
baidoa,2025070422,3.12,43.65,0.0,21.26,4.84,6.98,94.75,0.03
baidoa,2025070423,3.12,43.65,0.0,21.13,4.75,6.95,95.12,0.03
baidoa,2025070500,3.12,43.65,0.0,21.01,4.54,6.68,95.51,0.19
baidoa,2025070501,3.12,43.65,0.0,20.91,4.1,6.23,95.73,0.17
baidoa,2025070502,3.12,43.65,0.0,20.81,3.94,6.1,96.02,0.14
baidoa,2025070503,3.12,43.65,27.98,21.16,4.3,5.86,94.24,0.11
baidoa,2025070504,3.12,43.65,145.15,22.6,6.27,8.13,85.57,0.07
baidoa,2025070505,3.12,43.65,339.73,24.69,7.63,9.23,71.51,0.04
baidoa,2025070506,3.12,43.65,500.27,26.56,7.91,9.33,61.74,0.02
baidoa,2025070507,3.12,43.65,488.58,28.36,7.94,9.25,54.3,0.01
baidoa,2025070508,3.12,43.65,403.77,29.88,7.91,9.15,48.85,0.0
baidoa,2025070509,3.12,43.65,383.45,30.81,7.89,9.08,45.75,0.01
baidoa,2025070510,3.12,43.65,344.27,31.28,7.85,9.03,44.13,0.01
baidoa,2025070511,3.12,43.65,269.12,31.11,7.85,9.07,44.21,0.01
baidoa,2025070512,3.12,43.65,150.0,30.18,7.79,9.15,46.48,0.01
baidoa,2025070513,3.12,43.65,88.12,28.83,7.58,9.21,50.48,0.01
baidoa,2025070514,3.12,43.65,36.67,27.18,6.98,9.09,56.5,0.01
baidoa,2025070515,3.12,43.65,0.0,25.4,6.29,8.87,64.71,0.01
baidoa,2025070516,3.12,43.65,0.0,24.18,6.46,8.83,71.39,0.0
baidoa,2025070517,3.12,43.65,0.0,23.15,6.07,8.17,77.61,0.0
baidoa,2025070518,3.12,43.65,0.0,22.34,5.6,7.68,82.47,0.0
baidoa,2025070519,3.12,43.65,0.0,21.72,5.21,7.31,86.13,0.0
baidoa,2025070520,3.12,43.65,0.0,21.24,4.85,6.91,89.24,0.0
baidoa,2025070521,3.12,43.65,0.0,20.86,4.6,6.63,91.88,0.0
baidoa,2025070522,3.12,43.65,0.0,20.67,4.44,6.48,93.45,0.0
baidoa,2025070523,3.12,43.65,0.0,20.59,4.35,6.2,94.21,0.01
baidoa,2025070600,3.12,43.65,0.0,20.55,4.17,6.08,94.45,0.01
baidoa,2025070601,3.12,43.65,0.0,20.52,4.37,6.5,94.66,0.01
baidoa,2025070602,3.12,43.65,0.0,20.47,4.24,6.31,94.99,0.02
baidoa,2025070603,3.12,43.65,37.67,20.86,4.54,6.03,93.02,0.03
baidoa,2025070604,3.12,43.65,205.85,22.48,6.23,7.93,84.13,0.11
baidoa,2025070605,3.12,43.65,418.88,24.53,7.25,8.68,72.07,0.08
baidoa,2025070606,3.12,43.65,625.92,26.16,7.36,8.66,63.67,0.05
baidoa,2025070607,3.12,43.65,682.53,27.83,7.19,8.36,56.45,0.03
baidoa,2025070608,3.12,43.65,610.92,29.53,7.18,8.26,50.06,0.03
baidoa,2025070609,3.12,43.65,425.4,30.68,7.43,8.52,45.77,0.05
baidoa,2025070610,3.12,43.65,355.33,31.12,7.65,8.8,43.77,0.04
baidoa,2025070611,3.12,43.65,307.42,30.94,7.73,8.95,43.87,0.04
baidoa,2025070612,3.12,43.65,231.4,29.63,7.49,8.91,47.3,0.03
baidoa,2025070613,3.12,43.65,139.43,28.26,7.06,8.73,51.97,0.01
baidoa,2025070614,3.12,43.65,51.05,26.89,6.37,8.41,57.9,0.0
baidoa,2025070615,3.12,43.65,0.0,25.2,5.62,8.33,66.46,0.0
baidoa,2025070616,3.12,43.65,0.0,24.07,5.67,8.02,73.13,0.0
baidoa,2025070617,3.12,43.65,0.0,23.12,5.4,7.45,79.13,0.0
baidoa,2025070618,3.12,43.65,0.0,22.38,5.11,6.94,83.62,0.0
baidoa,2025070619,3.12,43.65,0.0,21.77,4.81,6.54,86.98,0.0
baidoa,2025070620,3.12,43.65,0.0,21.29,4.61,6.29,89.57,0.01
baidoa,2025070621,3.12,43.65,0.0,20.86,4.31,5.98,92.19,0.02
baidoa,2025070622,3.12,43.65,0.0,20.56,4.03,5.74,94.08,0.05
baidoa,2025070623,3.12,43.65,0.0,20.49,4.16,6.13,94.49,0.06
baidoa,2025070700,3.12,43.65,0.0,20.43,4.31,6.4,94.79,0.05
baidoa,2025070701,3.12,43.65,0.0,20.37,4.52,6.66,94.92,0.05
baidoa,2025070702,3.12,43.65,0.0,20.32,4.23,6.34,95.01,0.06
baidoa,2025070703,3.12,43.65,28.45,20.59,4.31,5.74,93.8,0.06
baidoa,2025070704,3.12,43.65,170.35,21.82,5.79,7.47,86.9,0.11
baidoa,2025070705,3.12,43.65,368.42,23.61,7.27,8.92,75.87,0.12
baidoa,2025070706,3.12,43.65,606.22,25.73,7.66,9.13,65.16,0.1
baidoa,2025070707,3.12,43.65,620.03,27.63,7.76,9.09,57.48,0.03
baidoa,2025070708,3.12,43.65,627.92,29.19,7.9,9.16,51.88,0.01
baidoa,2025070709,3.12,43.65,546.1,29.97,7.97,9.2,49.44,0.01
baidoa,2025070710,3.12,43.65,428.9,30.25,8.14,9.37,48.65,0.0
baidoa,2025070711,3.12,43.65,335.17,30.14,8.36,9.67,48.74,0.0
baidoa,2025070712,3.12,43.65,205.45,29.07,8.25,9.75,51.75,0.0
baidoa,2025070713,3.12,43.65,121.5,27.65,7.65,9.4,56.51,0.0
baidoa,2025070714,3.12,43.65,51.22,26.35,6.47,8.58,61.87,0.0
baidoa,2025070715,3.12,43.65,0.0,24.97,5.21,7.79,68.95,0.0
baidoa,2025070716,3.12,43.65,0.0,24.06,5.21,7.64,73.79,0.0
baidoa,2025070717,3.12,43.65,0.0,23.01,4.86,7.13,79.81,0.0
baidoa,2025070718,3.12,43.65,0.0,22.16,4.7,6.75,85.01,0.0
baidoa,2025070719,3.12,43.65,0.0,21.45,4.3,6.28,89.69,0.0
baidoa,2025070720,3.12,43.65,0.0,21.02,4.15,6.0,92.67,0.0
baidoa,2025070721,3.12,43.65,0.0,20.84,4.02,5.76,94.16,0.0
baidoa,2025070722,3.12,43.65,0.0,20.79,3.81,5.56,94.62,0.0
baidoa,2025070723,3.12,43.65,0.0,20.88,4.0,5.93,94.23,0.01
baidoa,2025070800,3.12,43.65,0.0,20.88,4.16,5.96,94.49,0.01
baidoa,2025070801,3.12,43.65,0.0,20.82,4.16,6.15,94.92,0.01
baidoa,2025070802,3.12,43.65,0.0,20.76,4.24,6.44,95.23,0.01
baidoa,2025070803,3.12,43.65,36.28,21.1,4.67,6.38,93.42,0.01
baidoa,2025070804,3.12,43.65,203.0,22.47,6.2,7.93,85.24,0.03
baidoa,2025070805,3.12,43.65,420.9,24.24,7.25,8.84,73.93,0.05
baidoa,2025070806,3.12,43.65,623.67,25.75,7.35,8.73,65.53,0.03
baidoa,2025070807,3.12,43.65,646.25,27.06,7.27,8.53,59.25,0.01
baidoa,2025070808,3.12,43.65,527.7,28.5,7.23,8.43,53.31,0.02
baidoa,2025070809,3.12,43.65,411.17,29.82,7.28,8.47,48.28,0.01
baidoa,2025070810,3.12,43.65,392.55,30.57,7.33,8.54,45.64,0.01
baidoa,2025070811,3.12,43.65,337.62,30.56,7.33,8.61,45.59,0.01
baidoa,2025070812,3.12,43.65,232.8,29.99,7.43,8.8,47.38,0.01
baidoa,2025070813,3.12,43.65,138.57,28.52,7.51,9.22,52.34,0.01
baidoa,2025070814,3.12,43.65,53.9,26.73,7.2,9.39,59.39,0.01
baidoa,2025070815,3.12,43.65,0.0,24.98,6.38,8.83,67.59,0.01
baidoa,2025070816,3.12,43.65,0.0,23.94,5.93,8.28,73.6,0.01
baidoa,2025070817,3.12,43.65,0.0,23.15,5.41,7.67,78.89,0.01
baidoa,2025070818,3.12,43.65,0.0,22.54,5.39,7.57,83.38,0.0
baidoa,2025070819,3.12,43.65,0.0,22.0,5.38,7.42,87.63,0.0
baidoa,2025070820,3.12,43.65,0.0,21.59,5.51,7.55,91.14,0.01
baidoa,2025070821,3.12,43.65,0.0,21.37,5.47,7.45,93.11,0.04
baidoa,2025070822,3.12,43.65,0.0,21.25,5.62,7.75,93.64,0.09
baidoa,2025070823,3.12,43.65,0.0,21.13,5.54,7.7,93.77,0.16
baidoa,2025070900,3.12,43.65,0.0,21.0,5.48,7.62,93.91,0.23
baidoa,2025070901,3.12,43.65,0.0,20.84,4.96,6.98,94.5,0.32
baidoa,2025070902,3.12,43.65,0.0,20.68,4.69,6.84,95.17,0.41
baidoa,2025070903,3.12,43.65,30.05,20.99,4.93,6.64,93.72,0.36
baidoa,2025070904,3.12,43.65,135.77,22.47,7.0,9.09,85.08,0.41
baidoa,2025070905,3.12,43.65,251.15,24.6,8.43,10.29,72.34,0.39
baidoa,2025070906,3.12,43.65,345.4,26.48,8.76,10.42,62.94,0.48
baidoa,2025070907,3.12,43.65,422.25,27.91,8.84,10.39,56.94,0.56
baidoa,2025070908,3.12,43.65,495.62,28.9,8.97,10.5,53.67,0.81
baidoa,2025070909,3.12,43.65,514.75,29.78,8.97,10.5,51.21,0.89
baidoa,2025070910,3.12,43.65,440.5,30.28,8.85,10.38,49.96,0.92
baidoa,2025070911,3.12,43.65,398.83,29.99,8.67,10.2,51.64,0.79
baidoa,2025070912,3.12,43.65,334.65,28.54,8.39,10.06,57.99,0.71
baidoa,2025070913,3.12,43.65,177.05,26.87,8.03,9.87,66.28,0.51
baidoa,2025070914,3.12,43.65,62.8,25.21,7.29,9.2,75.49,0.32
baidoa,2025070915,3.12,43.65,0.0,23.75,6.18,8.12,84.58,0.24
baidoa,2025070916,3.12,43.65,0.0,22.93,6.11,8.04,89.38,0.18
baidoa,2025070917,3.12,43.65,0.0,22.36,6.18,8.32,91.31,0.09
baidoa,2025070918,3.12,43.65,0.0,21.95,6.44,8.76,91.28,0.03
baidoa,2025070919,3.12,43.65,0.0,21.61,6.29,8.68,91.02,0.01
baidoa,2025070920,3.12,43.65,0.0,21.34,6.04,8.45,91.08,0.0
baidoa,2025070921,3.12,43.65,0.0,21.06,5.84,8.3,91.57,0.0
baidoa,2025070922,3.12,43.65,0.0,20.81,5.8,8.31,92.14,0.01
baidoa,2025070923,3.12,43.65,0.0,20.61,5.77,8.25,92.82,0.02
baidoa,2025071000,3.12,43.65,0.0,20.49,5.55,7.89,93.37,0.01
baidoa,2025071001,3.12,43.65,0.0,20.42,5.08,7.4,93.66,0.01
baidoa,2025071002,3.12,43.65,0.0,20.31,4.84,7.2,94.07,0.01
baidoa,2025071003,3.12,43.65,31.55,20.71,5.36,7.18,91.8,0.01
baidoa,2025071004,3.12,43.65,182.48,22.01,6.67,8.56,84.69,0.05
baidoa,2025071005,3.12,43.65,379.83,23.59,8.19,10.22,75.65,0.02
baidoa,2025071006,3.12,43.65,431.17,25.03,8.68,10.63,68.07,0.03
baidoa,2025071007,3.12,43.65,416.23,26.17,8.64,10.48,63.05,0.02
baidoa,2025071008,3.12,43.65,423.65,26.99,8.57,10.32,59.81,0.03
baidoa,2025071009,3.12,43.65,456.12,27.52,8.49,10.2,58.26,0.05
baidoa,2025071010,3.12,43.65,399.15,27.79,8.36,10.05,57.79,0.06
baidoa,2025071011,3.12,43.65,455.65,27.79,8.16,9.85,58.23,0.09
baidoa,2025071012,3.12,43.65,316.42,27.42,7.93,9.69,60.23,0.1
baidoa,2025071013,3.12,43.65,219.1,26.66,7.65,9.51,64.56,0.07
baidoa,2025071014,3.12,43.65,85.5,25.32,6.77,8.69,72.86,0.04
baidoa,2025071015,3.12,43.65,0.0,23.77,5.85,8.16,82.74,0.04
baidoa,2025071016,3.12,43.65,0.0,22.92,6.22,8.51,87.78,0.05
baidoa,2025071017,3.12,43.65,0.0,22.32,6.32,8.63,90.54,0.05
baidoa,2025071018,3.12,43.65,0.0,21.92,6.46,8.97,91.2,0.02
baidoa,2025071019,3.12,43.65,0.0,21.64,6.43,8.93,91.19,0.01
baidoa,2025071020,3.12,43.65,0.0,21.36,5.88,8.01,91.95,0.01
baidoa,2025071021,3.12,43.65,0.0,21.14,5.24,7.12,93.22,0.03
baidoa,2025071022,3.12,43.65,0.0,21.1,5.23,7.19,93.59,0.05
baidoa,2025071023,3.12,43.65,0.0,21.08,5.42,7.59,94.01,0.06
baidoa,2025071100,3.12,43.65,0.0,21.07,5.63,7.88,94.2,0.08
baidoa,2025071101,3.12,43.65,0.0,21.07,5.82,8.23,94.28,0.1
baidoa,2025071102,3.12,43.65,0.0,21.04,6.0,8.52,94.55,0.12
baidoa,2025071103,3.12,43.65,27.55,21.28,6.13,8.32,93.62,0.13
baidoa,2025071104,3.12,43.65,134.27,22.43,7.28,9.47,87.6,0.15
baidoa,2025071105,3.12,43.65,240.12,24.1,8.58,10.69,76.46,0.13
baidoa,2025071106,3.12,43.65,394.48,25.97,8.96,10.81,65.68,0.07
baidoa,2025071107,3.12,43.65,495.75,27.65,8.88,10.53,58.19,0.04
baidoa,2025071108,3.12,43.65,541.12,28.81,8.76,10.26,53.9,0.05
baidoa,2025071109,3.12,43.65,535.35,29.52,8.8,10.24,51.8,0.09
baidoa,2025071110,3.12,43.65,502.4,29.66,8.91,10.39,51.34,0.12
baidoa,2025071111,3.12,43.65,384.6,29.32,9.0,10.55,52.05,0.12
baidoa,2025071112,3.12,43.65,290.3,28.45,8.99,10.66,54.68,0.1
baidoa,2025071113,3.12,43.65,168.9,27.16,8.68,10.52,59.61,0.07
baidoa,2025071114,3.12,43.65,58.42,25.49,7.78,9.82,67.47,0.02
baidoa,2025071115,3.12,43.65,1.92,23.9,6.06,8.19,76.53,0.01
baidoa,2025071116,3.12,43.65,0.0,23.08,5.3,7.34,81.62,0.0
baidoa,2025071117,3.12,43.65,0.0,22.46,5.17,7.23,84.7,0.0
baidoa,2025071118,3.12,43.65,0.0,21.85,4.71,6.71,87.96,0.0
baidoa,2025071119,3.12,43.65,0.0,21.32,4.44,6.48,90.99,0.0
baidoa,2025071120,3.12,43.65,0.0,20.91,4.23,6.31,93.54,0.0
baidoa,2025071121,3.12,43.65,0.0,20.68,4.2,6.38,94.82,0.01
baidoa,2025071122,3.12,43.65,0.0,20.56,4.25,6.46,95.21,0.01
baidoa,2025071123,3.12,43.65,0.0,20.46,4.35,6.59,95.39,0.01
baidoa,2025071200,3.12,43.65,0.0,20.39,4.3,6.65,95.43,0.01
baidoa,2025071201,3.12,43.65,0.0,20.34,4.59,6.95,95.32,0.01
baidoa,2025071202,3.12,43.65,0.0,20.23,4.58,6.89,95.56,0.01
baidoa,2025071203,3.12,43.65,40.55,20.63,4.79,6.44,93.46,0.01
baidoa,2025071204,3.12,43.65,224.9,22.48,6.73,8.59,83.0,0.02
baidoa,2025071205,3.12,43.65,413.02,24.85,7.71,9.27,69.12,0.04
baidoa,2025071206,3.12,43.65,580.85,27.09,7.75,9.09,58.58,0.02
baidoa,2025071207,3.12,43.65,610.45,29.0,7.75,8.98,51.22,0.01
baidoa,2025071208,3.12,43.65,680.7,30.46,7.85,9.04,46.49,0.01
baidoa,2025071209,3.12,43.65,576.58,31.39,7.91,9.06,44.24,0.0
baidoa,2025071210,3.12,43.65,547.5,31.76,7.87,9.04,43.72,0.0
baidoa,2025071211,3.12,43.65,448.27,31.55,7.82,9.04,44.57,0.01
baidoa,2025071212,3.12,43.65,297.38,30.98,7.68,8.99,46.1,0.03
baidoa,2025071213,3.12,43.65,178.3,29.8,7.46,8.96,49.62,0.02
baidoa,2025071214,3.12,43.65,60.75,28.1,6.69,8.67,56.33,0.01
baidoa,2025071215,3.12,43.65,2.28,26.15,5.5,8.35,65.79,0.0
baidoa,2025071216,3.12,43.65,0.0,25.03,5.72,8.33,71.53,0.0
baidoa,2025071217,3.12,43.65,0.0,23.87,5.29,7.54,77.61,0.0
baidoa,2025071218,3.12,43.65,0.0,22.84,5.19,7.27,82.85,0.0
baidoa,2025071219,3.12,43.65,0.0,22.02,5.09,7.06,87.21,0.0
baidoa,2025071220,3.12,43.65,0.0,21.39,4.92,6.85,90.92,0.0
baidoa,2025071221,3.12,43.65,0.0,20.96,4.71,6.66,93.88,0.01
baidoa,2025071222,3.12,43.65,0.0,20.78,4.54,6.56,95.09,0.02
baidoa,2025071223,3.12,43.65,0.0,20.68,4.62,6.86,95.43,0.03
baidoa,2025071300,3.12,43.65,0.0,20.58,4.78,7.11,95.62,0.03
baidoa,2025071301,3.12,43.65,0.0,20.51,4.77,7.13,95.82,0.03
baidoa,2025071302,3.12,43.65,0.0,20.45,4.7,7.06,95.95,0.03
baidoa,2025071303,3.12,43.65,42.9,20.91,5.1,6.77,93.74,0.03
baidoa,2025071304,3.12,43.65,236.93,22.66,6.72,8.58,85.72,0.02
baidoa,2025071305,3.12,43.65,416.08,25.19,8.2,9.96,72.52,0.01
baidoa,2025071306,3.12,43.65,603.5,27.47,8.59,10.16,62.11,0.01
baidoa,2025071307,3.12,43.65,657.1,29.29,8.68,10.15,55.46,0.0
baidoa,2025071308,3.12,43.65,649.47,30.66,8.71,10.13,50.77,0.01
baidoa,2025071309,3.12,43.65,640.92,31.49,8.69,10.09,48.32,0.03
baidoa,2025071310,3.12,43.65,508.45,31.73,8.75,10.18,47.53,0.06
baidoa,2025071311,3.12,43.65,419.73,31.51,8.81,10.32,48.0,0.07
baidoa,2025071312,3.12,43.65,328.05,30.78,8.82,10.44,49.92,0.11
baidoa,2025071313,3.12,43.65,209.27,29.34,8.64,10.49,54.83,0.09
baidoa,2025071314,3.12,43.65,76.62,27.42,8.07,10.24,63.03,0.06
baidoa,2025071315,3.12,43.65,2.55,25.49,6.84,9.29,72.76,0.03
baidoa,2025071316,3.12,43.65,0.0,24.41,6.69,9.15,78.01,0.01
baidoa,2025071317,3.12,43.65,0.0,23.6,6.75,9.26,81.2,0.0
baidoa,2025071318,3.12,43.65,0.0,22.91,6.82,9.37,83.52,0.0
baidoa,2025071319,3.12,43.65,0.0,22.26,6.61,9.17,85.86,0.0
baidoa,2025071320,3.12,43.65,0.0,21.72,6.27,8.81,88.32,0.0
baidoa,2025071321,3.12,43.65,0.0,21.25,5.85,8.11,91.49,0.01
baidoa,2025071322,3.12,43.65,0.0,21.06,5.6,7.89,93.46,0.01
baidoa,2025071323,3.12,43.65,0.0,21.14,5.82,8.04,93.67,0.02
baidoa,2025071400,3.12,43.65,0.0,21.18,5.65,7.79,93.87,0.02
baidoa,2025071401,3.12,43.65,0.0,21.19,5.38,7.55,94.15,0.02
baidoa,2025071402,3.12,43.65,0.0,21.17,4.97,7.1,94.43,0.02
baidoa,2025071403,3.12,43.65,37.08,21.45,4.85,6.41,93.38,0.03
baidoa,2025071404,3.12,43.65,170.68,22.76,6.82,8.8,85.87,0.02
baidoa,2025071405,3.12,43.65,297.0,24.75,8.34,10.15,73.68,0.02
baidoa,2025071406,3.12,43.65,485.17,27.01,8.94,10.62,62.45,0.01
baidoa,2025071407,3.12,43.65,614.28,29.02,9.3,10.93,54.16,0.0
baidoa,2025071408,3.12,43.65,674.12,30.52,9.46,11.06,48.34,0.0
baidoa,2025071409,3.12,43.65,647.22,31.53,9.4,10.98,44.7,0.0
baidoa,2025071410,3.12,43.65,580.5,31.94,9.17,10.7,42.82,0.0
baidoa,2025071411,3.12,43.65,470.83,31.8,8.99,10.55,42.6,0.01
baidoa,2025071412,3.12,43.65,316.83,31.06,8.59,10.16,44.62,0.04
baidoa,2025071413,3.12,43.65,204.48,29.59,8.32,10.14,49.21,0.01
baidoa,2025071414,3.12,43.65,75.72,27.97,7.79,10.1,55.17,0.0
baidoa,2025071415,3.12,43.65,2.75,26.19,6.6,9.36,62.85,0.0
baidoa,2025071416,3.12,43.65,0.0,24.88,5.89,8.55,69.54,0.0
baidoa,2025071417,3.12,43.65,0.0,23.76,5.59,8.08,75.8,0.0
baidoa,2025071418,3.12,43.65,0.0,22.81,5.44,7.78,81.81,0.0
baidoa,2025071419,3.12,43.65,0.0,22.07,5.06,7.3,87.16,0.0
baidoa,2025071420,3.12,43.65,0.0,21.51,4.75,6.93,91.31,0.0
baidoa,2025071421,3.12,43.65,0.0,21.2,4.86,6.97,93.68,0.0
baidoa,2025071422,3.12,43.65,0.0,21.14,5.02,7.07,94.22,0.02
baidoa,2025071423,3.12,43.65,0.0,21.14,4.94,6.96,94.44,0.03
baidoa,2025071500,3.12,43.65,0.0,21.16,4.9,7.0,94.57,0.0
baidoa,2025071501,3.12,43.65,0.0,21.2,4.91,7.18,94.62,0.0
baidoa,2025071502,3.12,43.65,0.0,21.21,5.13,7.51,94.59,0.0
baidoa,2025071503,3.12,43.65,37.42,21.57,5.61,7.51,92.63,0.0
baidoa,2025071504,3.12,43.65,181.3,23.17,7.61,9.75,82.79,0.0
baidoa,2025071505,3.12,43.65,297.98,25.29,8.74,10.54,70.06,0.0
baidoa,2025071506,3.12,43.65,501.52,27.26,8.96,10.57,60.86,0.0
baidoa,2025071507,3.12,43.65,667.62,29.03,9.04,10.57,54.02,0.0
baidoa,2025071508,3.12,43.65,682.4,30.53,9.13,10.63,48.97,0.0
baidoa,2025071509,3.12,43.65,738.1,31.61,9.15,10.62,45.47,0.0
baidoa,2025071510,3.12,43.65,677.42,32.12,8.99,10.46,43.42,0.0
baidoa,2025071511,3.12,43.65,554.9,32.07,8.85,10.31,43.06,0.0
baidoa,2025071512,3.12,43.65,394.2,31.37,8.72,10.25,44.54,0.0
baidoa,2025071513,3.12,43.65,231.23,30.05,8.42,10.11,48.36,0.0
baidoa,2025071514,3.12,43.65,72.9,28.15,7.58,9.65,55.42,0.0
baidoa,2025071515,3.12,43.65,1.98,26.2,6.46,9.08,64.76,0.0
baidoa,2025071516,3.12,43.65,0.0,25.07,6.58,9.01,71.38,0.0
baidoa,2025071517,3.12,43.65,0.0,24.09,6.19,8.33,77.6,0.0
baidoa,2025071518,3.12,43.65,0.0,23.21,5.73,7.77,83.1,0.0
baidoa,2025071519,3.12,43.65,0.0,22.48,5.56,7.57,87.73,0.0
baidoa,2025071520,3.12,43.65,0.0,21.9,5.41,7.35,91.57,0.0
baidoa,2025071521,3.12,43.65,0.0,21.57,5.32,7.43,93.93,0.0
baidoa,2025071522,3.12,43.65,0.0,21.57,5.72,7.98,93.9,0.0
baidoa,2025071523,3.12,43.65,0.0,21.56,5.7,7.98,94.25,0.0
baidoa,2025071600,3.12,43.65,0.0,21.55,5.98,8.35,94.13,0.0
baidoa,2025071601,3.12,43.65,0.0,21.48,5.95,8.43,94.21,0.0
baidoa,2025071602,3.12,43.65,0.0,21.43,5.83,8.21,94.18,0.0
baidoa,2025071603,3.12,43.65,44.12,21.79,5.67,7.49,92.0,0.0
baidoa,2025071604,3.12,43.65,239.48,23.52,7.43,9.31,80.76,0.0
baidoa,2025071605,3.12,43.65,424.95,25.51,8.15,9.74,69.26,0.0
baidoa,2025071606,3.12,43.65,636.08,27.49,8.29,9.72,59.86,0.0
baidoa,2025071607,3.12,43.65,741.2,29.27,8.42,9.77,52.81,0.0
baidoa,2025071608,3.12,43.65,815.17,30.59,8.47,9.77,48.31,0.0
baidoa,2025071609,3.12,43.65,749.2,31.43,8.44,9.71,45.85,0.0
baidoa,2025071610,3.12,43.65,679.1,31.74,8.38,9.64,44.88,0.0
baidoa,2025071611,3.12,43.65,402.77,31.61,8.37,9.67,44.94,0.0
baidoa,2025071612,3.12,43.65,208.5,30.89,8.34,9.75,46.6,0.0
baidoa,2025071613,3.12,43.65,173.18,29.62,8.17,9.81,49.89,0.0
baidoa,2025071614,3.12,43.65,71.15,28.05,7.43,9.57,54.82,0.0
baidoa,2025071615,3.12,43.65,2.88,26.34,6.1,8.89,61.53,0.0
baidoa,2025071616,3.12,43.65,0.0,25.24,6.13,8.88,65.88,0.0
baidoa,2025071617,3.12,43.65,0.0,24.04,5.81,8.08,71.11,0.0
baidoa,2025071618,3.12,43.65,0.0,22.86,5.44,7.44,77.03,0.0
baidoa,2025071619,3.12,43.65,0.0,21.9,5.02,6.81,82.69,0.0
baidoa,2025071620,3.12,43.65,0.0,21.24,4.88,6.57,87.71,0.0
baidoa,2025071621,3.12,43.65,0.0,20.79,4.76,6.45,91.63,0.0
baidoa,2025071622,3.12,43.65,0.0,20.52,4.44,6.26,93.78,0.0
baidoa,2025071623,3.12,43.65,0.0,20.4,4.46,6.46,94.29,0.0
baidoa,2025071700,3.12,43.65,0.0,20.32,4.79,6.98,94.33,0.0
baidoa,2025071701,3.12,43.65,0.0,20.3,5.28,7.44,94.01,0.0
baidoa,2025071702,3.12,43.65,0.0,20.21,5.24,7.29,94.25,0.0
baidoa,2025071703,3.12,43.65,28.67,20.63,5.52,7.19,91.63,0.0
baidoa,2025071704,3.12,43.65,147.27,22.6,7.29,9.19,80.38,0.0
baidoa,2025071705,3.12,43.65,326.65,24.95,8.44,10.14,68.77,0.0
baidoa,2025071706,3.12,43.65,476.0,27.21,8.65,10.18,59.38,0.0
baidoa,2025071707,3.12,43.65,662.55,29.21,8.65,10.06,51.88,0.0
baidoa,2025071708,3.12,43.65,640.97,30.76,8.63,9.98,46.62,0.0
baidoa,2025071709,3.12,43.65,595.58,31.71,8.51,9.81,43.57,0.0
baidoa,2025071710,3.12,43.65,500.23,32.05,8.32,9.6,42.28,0.0
baidoa,2025071711,3.12,43.65,415.65,31.77,8.26,9.55,42.99,0.0
baidoa,2025071712,3.12,43.65,301.92,30.95,8.14,9.48,45.51,0.01
baidoa,2025071713,3.12,43.65,183.82,29.59,7.96,9.44,50.05,0.0
baidoa,2025071714,3.12,43.65,68.75,27.78,7.38,9.26,57.19,0.0
baidoa,2025071715,3.12,43.65,2.6,25.94,6.19,8.54,66.05,0.0
baidoa,2025071716,3.12,43.65,0.0,24.8,5.38,7.45,72.69,0.0
baidoa,2025071717,3.12,43.65,0.0,23.94,5.15,7.05,77.81,0.0
baidoa,2025071718,3.12,43.65,0.0,23.16,5.24,7.07,82.31,0.0
baidoa,2025071719,3.12,43.65,0.0,22.43,5.49,7.33,86.85,0.0
baidoa,2025071720,3.12,43.65,0.0,21.86,5.5,7.25,90.92,0.0
baidoa,2025071721,3.12,43.65,0.0,21.53,5.36,7.06,93.27,0.0
baidoa,2025071722,3.12,43.65,0.0,21.44,5.34,7.11,93.62,0.0
baidoa,2025071723,3.12,43.65,0.0,21.35,5.46,7.3,93.75,0.0
baidoa,2025071800,3.12,43.65,0.0,21.19,5.38,7.3,94.19,0.0
baidoa,2025071801,3.12,43.65,0.0,21.01,5.49,7.63,94.22,0.0
baidoa,2025071802,3.12,43.65,0.0,20.81,5.55,7.69,94.11,0.0
baidoa,2025071803,3.12,43.65,31.42,21.08,6.05,7.93,91.2,0.0
baidoa,2025071804,3.12,43.65,185.82,22.72,7.87,10.0,79.68,0.0
baidoa,2025071805,3.12,43.65,391.52,24.87,9.22,11.15,66.69,0.0
baidoa,2025071806,3.12,43.65,588.53,26.86,9.41,11.15,57.43,0.0
baidoa,2025071807,3.12,43.65,550.8,28.66,9.37,10.99,50.65,0.0
baidoa,2025071808,3.12,43.65,491.02,30.07,9.33,10.92,46.32,0.0
baidoa,2025071809,3.12,43.65,399.67,31.05,9.31,10.87,43.75,0.0
baidoa,2025071810,3.12,43.65,344.12,31.23,9.29,10.89,43.16,0.0
baidoa,2025071811,3.12,43.65,275.1,31.11,9.25,10.92,43.42,0.0
baidoa,2025071812,3.12,43.65,258.8,30.16,9.04,10.85,46.12,0.0
baidoa,2025071813,3.12,43.65,133.98,28.78,8.64,10.62,50.62,0.0
baidoa,2025071814,3.12,43.65,39.17,27.19,7.92,10.17,56.51,0.0
baidoa,2025071815,3.12,43.65,1.55,25.57,7.13,9.72,63.22,0.0
baidoa,2025071816,3.12,43.65,0.0,24.41,7.05,9.39,67.95,0.0
baidoa,2025071817,3.12,43.65,0.0,23.26,6.52,8.83,73.3,0.0
baidoa,2025071818,3.12,43.65,0.0,22.28,6.49,8.82,78.37,0.0
baidoa,2025071819,3.12,43.65,0.0,21.56,6.24,8.5,83.2,0.0
baidoa,2025071820,3.12,43.65,0.0,21.06,5.79,7.97,87.38,0.0
baidoa,2025071821,3.12,43.65,0.0,20.66,5.38,7.51,90.65,0.0
baidoa,2025071822,3.12,43.65,0.0,20.35,5.13,7.24,92.82,0.0
baidoa,2025071823,3.12,43.65,0.0,20.18,5.14,7.28,93.78,0.0
baidoa,2025071900,3.12,43.65,0.0,20.1,5.28,7.44,94.0,0.0
baidoa,2025071901,3.12,43.65,0.0,20.1,5.31,7.45,93.97,0.0
baidoa,2025071902,3.12,43.65,0.0,20.14,5.24,7.37,93.91,0.0
baidoa,2025071903,3.12,43.65,31.8,20.61,5.67,7.47,91.41,0.0
baidoa,2025071904,3.12,43.65,139.2,22.54,8.15,10.46,79.64,0.0
baidoa,2025071905,3.12,43.65,244.85,24.66,9.33,11.31,67.33,0.0
baidoa,2025071906,3.12,43.65,346.08,26.48,9.57,11.36,59.25,0.0
baidoa,2025071907,3.12,43.65,428.05,28.18,9.68,11.39,53.19,0.0
baidoa,2025071908,3.12,43.65,443.2,29.62,9.86,11.58,48.44,0.0
baidoa,2025071909,3.12,43.65,444.75,30.52,10.05,11.81,45.45,0.0
baidoa,2025071910,3.12,43.65,417.67,30.98,10.04,11.78,44.08,0.0
baidoa,2025071911,3.12,43.65,370.42,30.61,9.83,11.59,45.2,0.0
baidoa,2025071912,3.12,43.65,225.5,29.63,9.67,11.48,48.39,0.0
baidoa,2025071913,3.12,43.65,131.6,28.27,9.32,11.26,53.13,0.0
baidoa,2025071914,3.12,43.65,46.12,26.59,8.5,10.69,59.8,0.0
baidoa,2025071915,3.12,43.65,1.65,25.03,7.12,9.54,67.03,0.0
baidoa,2025071916,3.12,43.65,0.0,24.06,6.87,9.19,71.75,0.0
baidoa,2025071917,3.12,43.65,0.0,23.19,6.59,8.91,75.81,0.0
baidoa,2025071918,3.12,43.65,0.0,22.33,6.55,8.87,79.9,0.0
baidoa,2025071919,3.12,43.65,0.0,21.65,6.32,8.52,83.47,0.0
baidoa,2025071920,3.12,43.65,0.0,21.16,6.0,8.13,86.47,0.0
baidoa,2025071921,3.12,43.65,0.0,20.76,5.69,7.8,89.53,0.0
baidoa,2025071922,3.12,43.65,0.0,20.48,5.55,7.66,91.84,0.0
baidoa,2025071923,3.12,43.65,0.0,20.39,5.71,7.79,92.6,0.0
baidoa,2025072000,3.12,43.65,0.0,20.21,5.68,7.92,93.33,0.03
baidoa,2025072001,3.12,43.65,0.0,19.95,5.35,7.6,94.48,0.04
baidoa,2025072002,3.12,43.65,0.0,19.76,4.98,7.32,95.18,0.04
baidoa,2025072003,3.12,43.65,36.25,20.15,5.89,7.78,92.82,0.04
baidoa,2025072004,3.12,43.65,210.48,21.7,7.74,9.92,83.78,0.1
baidoa,2025072005,3.12,43.65,427.65,23.77,9.26,11.31,70.61,0.03
baidoa,2025072006,3.12,43.65,498.65,25.71,9.76,11.66,60.2,0.02
baidoa,2025072007,3.12,43.65,494.62,27.53,9.95,11.74,52.53,0.02
baidoa,2025072008,3.12,43.65,390.25,29.19,10.05,11.81,46.2,0.01
baidoa,2025072009,3.12,43.65,304.8,30.38,9.97,11.68,41.86,0.01
baidoa,2025072010,3.12,43.65,224.15,31.0,9.71,11.39,39.34,0.01
baidoa,2025072011,3.12,43.65,337.35,30.72,9.38,11.06,39.45,0.01
baidoa,2025072012,3.12,43.65,427.05,29.86,9.04,10.81,41.33,0.02
baidoa,2025072013,3.12,43.65,249.9,28.89,8.72,10.65,43.78,0.01
baidoa,2025072014,3.12,43.65,83.6,27.4,7.9,10.27,48.39,0.01
baidoa,2025072015,3.12,43.65,2.95,25.42,6.94,9.93,56.69,0.0
baidoa,2025072016,3.12,43.65,0.0,23.98,6.59,9.14,64.45,0.0
baidoa,2025072017,3.12,43.65,0.0,22.72,5.96,8.3,71.98,0.0
baidoa,2025072018,3.12,43.65,0.0,21.8,5.76,7.98,78.11,0.0
baidoa,2025072019,3.12,43.65,0.0,21.13,5.42,7.49,83.42,0.0
baidoa,2025072020,3.12,43.65,0.0,20.7,5.21,7.28,87.55,0.01
baidoa,2025072021,3.12,43.65,0.0,20.51,5.89,8.02,90.02,0.01
baidoa,2025072022,3.12,43.65,0.0,20.32,6.29,8.58,91.89,0.03
baidoa,2025072023,3.12,43.65,0.0,20.22,6.49,8.79,92.84,0.06
baidoa,2025072100,3.12,43.65,0.0,20.14,6.53,8.95,93.52,0.05
baidoa,2025072101,3.12,43.65,0.0,20.02,6.54,8.91,94.32,0.04
baidoa,2025072102,3.12,43.65,0.0,19.87,6.26,8.68,94.84,0.03
baidoa,2025072103,3.12,43.65,28.62,20.17,6.64,8.76,92.68,0.04
baidoa,2025072104,3.12,43.65,151.52,21.84,8.77,11.22,81.85,0.07
baidoa,2025072105,3.12,43.65,316.27,24.11,10.14,12.33,67.56,0.05
baidoa,2025072106,3.12,43.65,425.98,26.21,10.44,12.45,57.79,0.09
baidoa,2025072107,3.12,43.65,506.67,28.02,10.39,12.25,51.5,0.07
baidoa,2025072108,3.12,43.65,479.2,29.47,10.24,11.99,46.97,0.02
baidoa,2025072109,3.12,43.65,415.98,30.52,9.96,11.64,43.73,0.02
baidoa,2025072110,3.12,43.65,337.75,30.77,9.64,11.29,42.62,0.04
baidoa,2025072111,3.12,43.65,303.65,30.26,9.32,11.04,43.68,0.05
baidoa,2025072112,3.12,43.65,261.98,29.56,9.16,10.99,45.83,0.03
baidoa,2025072113,3.12,43.65,151.68,28.48,9.08,11.08,49.39,0.01
baidoa,2025072114,3.12,43.65,59.4,26.9,8.54,10.91,54.75,0.0
baidoa,2025072115,3.12,43.65,2.7,25.13,7.56,10.28,61.3,0.0
baidoa,2025072116,3.12,43.65,0.0,23.82,6.87,9.39,66.87,0.0
baidoa,2025072117,3.12,43.65,0.0,22.72,6.52,9.0,72.58,0.0
baidoa,2025072118,3.12,43.65,0.0,21.9,6.51,9.0,77.92,0.0
baidoa,2025072119,3.12,43.65,0.0,21.3,6.4,8.84,82.81,0.0
baidoa,2025072120,3.12,43.65,0.0,20.81,6.03,8.39,86.91,0.01
baidoa,2025072121,3.12,43.65,0.0,20.39,5.79,8.12,90.31,0.04
baidoa,2025072122,3.12,43.65,0.0,20.16,5.94,8.2,92.42,0.06
baidoa,2025072123,3.12,43.65,0.0,20.04,6.07,8.39,93.5,0.06
baidoa,2025072200,3.12,43.65,0.0,19.87,5.74,8.06,94.31,0.04
baidoa,2025072201,3.12,43.65,0.0,19.74,5.62,8.01,94.71,0.03
baidoa,2025072202,3.12,43.65,0.0,19.61,5.34,7.61,95.27,0.03
baidoa,2025072203,3.12,43.65,25.12,20.02,5.34,7.12,93.13,0.02
baidoa,2025072204,3.12,43.65,124.65,21.81,7.48,9.54,82.84,0.01
baidoa,2025072205,3.12,43.65,235.7,24.24,8.97,10.82,68.02,0.0
baidoa,2025072206,3.12,43.65,383.05,26.16,9.24,10.9,58.84,0.0
baidoa,2025072207,3.12,43.65,468.25,28.0,9.25,10.79,52.13,0.01
baidoa,2025072208,3.12,43.65,463.2,29.63,9.2,10.69,46.66,0.0
baidoa,2025072209,3.12,43.65,247.68,30.9,9.15,10.65,42.55,0.0
baidoa,2025072210,3.12,43.65,212.98,31.64,9.13,10.63,39.9,0.0
baidoa,2025072211,3.12,43.65,203.35,31.77,9.16,10.72,38.96,0.0
baidoa,2025072212,3.12,43.65,251.38,31.29,9.16,10.82,39.78,0.0
baidoa,2025072213,3.12,43.65,117.97,29.93,8.91,10.84,43.11,0.0
baidoa,2025072214,3.12,43.65,50.4,28.22,8.25,10.61,48.47,0.0
baidoa,2025072215,3.12,43.65,2.25,26.14,7.33,10.13,56.79,0.0
baidoa,2025072216,3.12,43.65,0.0,24.48,6.78,9.28,65.15,0.0
baidoa,2025072217,3.12,43.65,0.0,23.12,6.5,8.87,72.95,0.0
baidoa,2025072218,3.12,43.65,0.0,22.13,6.22,8.5,79.23,0.0
baidoa,2025072219,3.12,43.65,0.0,21.42,5.79,8.0,84.07,0.0
baidoa,2025072220,3.12,43.65,0.0,20.86,5.42,7.6,88.16,0.02
baidoa,2025072221,3.12,43.65,0.0,20.41,5.19,7.3,91.75,0.04
baidoa,2025072222,3.12,43.65,0.0,20.17,4.99,7.05,93.78,0.07
baidoa,2025072223,3.12,43.65,0.0,20.14,4.83,6.84,94.27,0.1
baidoa,2025072300,3.12,43.65,0.0,20.15,4.62,6.59,94.5,0.09
baidoa,2025072301,3.12,43.65,0.0,20.18,4.37,6.34,94.63,0.1
baidoa,2025072302,3.12,43.65,0.0,20.19,4.02,5.94,94.82,0.09
baidoa,2025072303,3.12,43.65,31.2,20.63,4.32,5.68,93.04,0.07
baidoa,2025072304,3.12,43.65,151.9,22.37,6.69,8.69,84.27,0.05
baidoa,2025072305,3.12,43.65,263.0,24.37,8.38,10.12,71.83,0.07
baidoa,2025072306,3.12,43.65,396.17,26.21,8.84,10.42,62.55,0.07
baidoa,2025072307,3.12,43.65,463.73,28.12,9.07,10.58,54.91,0.08
baidoa,2025072308,3.12,43.65,458.7,29.87,9.19,10.66,48.73,0.11
baidoa,2025072309,3.12,43.65,389.15,31.01,9.18,10.65,45.05,0.1
baidoa,2025072310,3.12,43.65,361.55,31.46,9.19,10.66,43.59,0.06
baidoa,2025072311,3.12,43.65,315.23,31.12,9.2,10.69,44.44,0.05
baidoa,2025072312,3.12,43.65,238.18,30.19,9.09,10.67,47.25,0.06
baidoa,2025072313,3.12,43.65,161.18,28.75,8.83,10.58,51.85,0.04
baidoa,2025072314,3.12,43.65,60.2,26.96,8.15,10.24,58.1,0.01
baidoa,2025072315,3.12,43.65,2.2,25.14,7.01,9.41,65.52,0.01
baidoa,2025072316,3.12,43.65,0.0,23.89,6.59,8.85,71.04,0.01
baidoa,2025072317,3.12,43.65,0.0,22.91,6.57,8.83,75.11,0.0
baidoa,2025072318,3.12,43.65,0.0,22.04,6.56,8.87,79.06,0.0
baidoa,2025072319,3.12,43.65,0.0,21.39,6.3,8.52,83.17,0.01
baidoa,2025072320,3.12,43.65,0.0,20.98,6.11,8.18,87.05,0.01
baidoa,2025072321,3.12,43.65,0.0,20.68,5.94,7.82,90.06,0.02
baidoa,2025072322,3.12,43.65,0.0,20.41,6.07,8.2,91.86,0.04
baidoa,2025072323,3.12,43.65,0.0,20.09,5.84,7.92,93.36,0.06
baidoa,2025072400,3.12,43.65,0.0,19.91,5.66,7.73,93.7,0.07
baidoa,2025072401,3.12,43.65,0.0,19.76,5.35,7.46,94.02,0.07
baidoa,2025072402,3.12,43.65,0.0,19.61,4.89,6.98,94.49,0.06
baidoa,2025072403,3.12,43.65,31.48,19.93,5.12,6.76,92.55,0.06
baidoa,2025072404,3.12,43.65,161.05,21.71,7.45,9.45,80.57,0.06
baidoa,2025072405,3.12,43.65,330.55,23.93,8.83,10.59,66.45,0.03
baidoa,2025072406,3.12,43.65,592.53,25.96,9.18,10.8,56.79,0.03
baidoa,2025072407,3.12,43.65,567.35,27.78,9.36,10.92,49.96,0.04
baidoa,2025072408,3.12,43.65,566.88,29.36,9.52,11.05,44.6,0.0
baidoa,2025072409,3.12,43.65,501.75,30.53,9.46,10.96,40.7,0.0
baidoa,2025072410,3.12,43.65,499.25,31.21,9.16,10.63,38.26,0.0
baidoa,2025072411,3.12,43.65,414.88,31.4,8.89,10.34,37.05,0.0
baidoa,2025072412,3.12,43.65,352.88,31.01,8.79,10.31,37.35,0.0
baidoa,2025072413,3.12,43.65,197.12,29.89,8.68,10.46,39.64,0.0
baidoa,2025072414,3.12,43.65,70.38,28.13,8.05,10.35,44.71,0.0
baidoa,2025072415,3.12,43.65,2.72,26.02,7.33,10.11,53.15,0.0
baidoa,2025072416,3.12,43.65,0.0,24.29,6.91,9.34,62.0,0.0
baidoa,2025072417,3.12,43.65,0.0,22.81,6.7,8.99,70.1,0.0
baidoa,2025072418,3.12,43.65,0.0,21.74,6.38,8.59,76.17,0.0
baidoa,2025072419,3.12,43.65,0.0,21.0,5.93,8.11,80.6,0.0
baidoa,2025072420,3.12,43.65,0.0,20.39,5.44,7.58,84.72,0.0
baidoa,2025072421,3.12,43.65,0.0,19.86,4.93,7.02,88.4,0.0
baidoa,2025072422,3.12,43.65,0.0,19.54,4.74,6.85,90.71,0.0
baidoa,2025072423,3.12,43.65,0.0,19.38,4.47,6.19,91.83,0.01
baidoa,2025072500,3.12,43.65,0.0,19.21,4.17,5.77,92.87,0.01
baidoa,2025072501,3.12,43.65,0.0,19.08,4.05,5.82,93.57,0.01
baidoa,2025072502,3.12,43.65,0.0,19.03,4.16,5.99,94.03,0.02
baidoa,2025072503,3.12,43.65,30.25,19.44,4.62,5.94,92.25,0.03
baidoa,2025072504,3.12,43.65,150.48,21.31,6.7,8.42,83.83,0.05
baidoa,2025072505,3.12,43.65,319.95,23.96,8.7,10.58,70.1,0.03
baidoa,2025072506,3.12,43.65,407.65,26.46,9.72,11.55,57.75,0.06
baidoa,2025072507,3.12,43.65,455.48,28.6,10.13,11.91,49.3,0.05
baidoa,2025072508,3.12,43.65,426.35,30.11,10.27,12.03,44.2,0.04
baidoa,2025072509,3.12,43.65,410.15,31.11,10.15,11.87,41.22,0.02
baidoa,2025072510,3.12,43.65,317.7,31.67,9.93,11.62,39.56,0.01
baidoa,2025072511,3.12,43.65,288.67,31.4,9.72,11.41,40.05,0.02
baidoa,2025072512,3.12,43.65,218.02,30.33,9.6,11.4,43.2,0.02
baidoa,2025072513,3.12,43.65,143.3,28.89,9.39,11.4,47.68,0.01
baidoa,2025072514,3.12,43.65,49.53,27.23,8.8,11.14,53.07,0.0
baidoa,2025072515,3.12,43.65,1.77,25.51,7.73,10.42,59.53,0.0
baidoa,2025072516,3.12,43.65,0.0,24.26,7.22,9.79,65.22,0.0
baidoa,2025072517,3.12,43.65,0.0,23.09,6.67,9.05,71.63,0.0
baidoa,2025072518,3.12,43.65,0.0,22.09,6.38,8.62,78.02,0.0
baidoa,2025072519,3.12,43.65,0.0,21.38,5.92,8.07,83.01,0.0
baidoa,2025072520,3.12,43.65,0.0,20.83,5.62,7.78,86.73,0.0
baidoa,2025072521,3.12,43.65,0.0,20.34,5.39,7.49,89.92,0.0
baidoa,2025072522,3.12,43.65,0.0,19.96,5.15,7.04,92.55,0.0
baidoa,2025072523,3.12,43.65,0.0,19.77,4.96,6.94,93.76,0.02
baidoa,2025072600,3.12,43.65,0.0,19.74,5.16,7.29,93.95,0.02
baidoa,2025072601,3.12,43.65,0.0,19.61,4.56,6.48,94.74,0.02
baidoa,2025072602,3.12,43.65,0.0,19.46,4.05,6.15,95.27,0.02
baidoa,2025072603,3.12,43.65,34.15,19.91,4.75,6.32,92.57,0.02
baidoa,2025072604,3.12,43.65,198.32,21.82,6.79,8.54,80.94,0.02
baidoa,2025072605,3.12,43.65,399.98,24.23,7.92,9.41,66.56,0.02
baidoa,2025072606,3.12,43.65,582.53,26.42,8.21,9.57,56.41,0.02
baidoa,2025072607,3.12,43.65,659.05,28.43,8.33,9.61,48.81,0.01
baidoa,2025072608,3.12,43.65,652.88,30.03,8.55,9.83,43.48,0.0
baidoa,2025072609,3.12,43.65,522.08,31.23,8.8,10.11,39.84,0.0
baidoa,2025072610,3.12,43.65,464.67,31.92,8.9,10.25,37.87,0.0
baidoa,2025072611,3.12,43.65,503.05,32.01,8.81,10.19,37.55,0.01
baidoa,2025072612,3.12,43.65,357.15,31.47,8.63,10.1,39.01,0.01
baidoa,2025072613,3.12,43.65,182.32,30.16,8.47,10.17,42.69,0.01
baidoa,2025072614,3.12,43.65,65.22,28.48,7.97,10.16,48.32,0.01
baidoa,2025072615,3.12,43.65,2.55,26.62,7.23,9.97,55.68,0.0
baidoa,2025072616,3.12,43.65,0.0,25.26,7.51,10.09,61.87,0.0
baidoa,2025072617,3.12,43.65,0.0,23.96,7.21,9.54,68.12,0.0
baidoa,2025072618,3.12,43.65,0.0,22.83,7.16,9.53,73.91,0.0
baidoa,2025072619,3.12,43.65,0.0,22.0,7.06,9.36,78.88,0.0
baidoa,2025072620,3.12,43.65,0.0,21.38,6.62,8.8,83.27,0.0
baidoa,2025072621,3.12,43.65,0.0,20.85,6.17,8.28,87.33,0.01
baidoa,2025072622,3.12,43.65,0.0,20.49,5.73,7.62,90.35,0.01
baidoa,2025072623,3.12,43.65,0.0,20.26,5.39,7.15,92.35,0.01
baidoa,2025072700,3.12,43.65,0.0,20.21,5.34,7.17,92.83,0.01
baidoa,2025072701,3.12,43.65,0.0,20.11,5.27,7.25,93.37,0.02
baidoa,2025072702,3.12,43.65,0.0,19.98,5.1,7.19,94.09,0.05
baidoa,2025072703,3.12,43.65,32.72,20.38,5.42,7.12,91.9,0.13
baidoa,2025072704,3.12,43.65,191.57,22.26,7.46,9.41,80.46,0.29
baidoa,2025072705,3.12,43.65,388.08,24.58,8.47,10.09,66.82,0.4
baidoa,2025072706,3.12,43.65,467.35,26.6,8.74,10.22,57.62,0.45
baidoa,2025072707,3.12,43.65,632.15,28.26,8.89,10.32,51.58,0.37
baidoa,2025072708,3.12,43.65,631.08,29.61,8.97,10.4,46.92,0.23
baidoa,2025072709,3.12,43.65,520.3,30.86,9.18,10.64,42.52,0.16
baidoa,2025072710,3.12,43.65,414.52,31.61,9.29,10.75,39.91,0.12
baidoa,2025072711,3.12,43.65,320.8,31.56,9.36,10.89,39.46,0.07
baidoa,2025072712,3.12,43.65,283.45,30.83,9.35,11.01,40.9,0.04
baidoa,2025072713,3.12,43.65,158.4,29.49,9.07,10.99,44.36,0.02
baidoa,2025072714,3.12,43.65,54.15,27.83,8.31,10.63,49.53,0.01
baidoa,2025072715,3.12,43.65,2.22,25.82,7.08,9.91,57.08,0.0
baidoa,2025072716,3.12,43.65,0.0,24.38,6.3,8.84,63.35,0.0
baidoa,2025072717,3.12,43.65,0.0,23.19,5.92,8.3,68.65,0.0
baidoa,2025072718,3.12,43.65,0.0,22.24,5.86,8.13,72.83,0.0
baidoa,2025072719,3.12,43.65,0.0,21.46,5.75,7.93,76.6,0.0
baidoa,2025072720,3.12,43.65,0.0,20.84,5.6,7.69,80.57,0.0
baidoa,2025072721,3.12,43.65,0.0,20.37,5.35,7.36,84.85,0.0
baidoa,2025072722,3.12,43.65,0.0,20.02,5.04,6.99,88.84,0.01
baidoa,2025072723,3.12,43.65,0.0,19.87,4.88,6.61,91.64,0.02
baidoa,2025072800,3.12,43.65,0.0,19.87,4.87,6.75,93.31,0.02
baidoa,2025072801,3.12,43.65,0.0,19.94,4.82,6.79,93.97,0.03
baidoa,2025072802,3.12,43.65,0.0,19.97,4.88,6.84,94.42,0.04
baidoa,2025072803,3.12,43.65,23.45,20.36,5.16,6.75,92.54,0.06
baidoa,2025072804,3.12,43.65,125.25,22.2,7.52,9.49,81.16,0.07
baidoa,2025072805,3.12,43.65,278.58,24.57,8.97,10.78,66.31,0.1
baidoa,2025072806,3.12,43.65,441.77,26.81,9.59,11.37,55.15,0.09
baidoa,2025072807,3.12,43.65,437.33,28.72,10.04,11.81,47.65,0.08
baidoa,2025072808,3.12,43.65,330.08,30.14,10.36,12.16,43.43,0.06
baidoa,2025072809,3.12,43.65,190.07,30.68,10.46,12.28,42.49,0.05
baidoa,2025072810,3.12,43.65,165.75,31.19,10.4,12.18,41.61,0.05
baidoa,2025072811,3.12,43.65,129.62,30.67,10.18,12.01,43.25,0.05
baidoa,2025072812,3.12,43.65,82.65,30.05,10.05,11.92,45.27,0.04
baidoa,2025072813,3.12,43.65,140.27,28.62,9.85,11.9,49.5,0.03
baidoa,2025072814,3.12,43.65,53.8,26.81,9.3,11.69,55.45,0.01
baidoa,2025072815,3.12,43.65,1.73,24.99,8.18,10.82,62.59,0.01
baidoa,2025072816,3.12,43.65,0.0,23.72,7.53,10.01,68.87,0.01
baidoa,2025072817,3.12,43.65,0.0,22.72,7.59,10.07,74.9,0.01
baidoa,2025072818,3.12,43.65,0.0,21.94,7.49,9.87,81.12,0.04
baidoa,2025072819,3.12,43.65,0.0,21.44,7.36,9.73,86.07,0.02
baidoa,2025072820,3.12,43.65,0.0,21.1,7.34,9.7,88.97,0.01
baidoa,2025072821,3.12,43.65,0.0,20.79,6.95,9.25,90.72,0.02
baidoa,2025072822,3.12,43.65,0.0,20.53,6.46,8.64,92.17,0.03
baidoa,2025072823,3.12,43.65,0.0,20.34,6.13,8.29,93.17,0.05
baidoa,2025072900,3.12,43.65,0.0,20.19,5.9,8.15,93.79,0.06
baidoa,2025072901,3.12,43.65,0.0,20.09,5.91,8.2,94.01,0.07
baidoa,2025072902,3.12,43.65,0.0,19.99,5.85,8.1,94.22,0.06
baidoa,2025072903,3.12,43.65,24.4,20.33,6.12,7.99,92.34,0.06
baidoa,2025072904,3.12,43.65,118.03,21.89,8.03,10.21,82.76,0.05
baidoa,2025072905,3.12,43.65,181.57,24.04,9.16,11.04,69.43,0.05
baidoa,2025072906,3.12,43.65,314.8,25.91,9.4,11.06,59.69,0.03
baidoa,2025072907,3.12,43.65,331.02,27.66,9.42,10.97,52.57,0.03
baidoa,2025072908,3.12,43.65,454.0,29.09,9.43,10.91,47.99,0.05
baidoa,2025072909,3.12,43.65,518.35,30.23,9.33,10.79,44.86,0.05
baidoa,2025072910,3.12,43.65,401.17,31.1,9.26,10.74,42.05,0.06
baidoa,2025072911,3.12,43.65,313.38,31.37,9.25,10.74,40.54,0.04
baidoa,2025072912,3.12,43.65,134.9,30.91,9.19,10.76,41.11,0.03
baidoa,2025072913,3.12,43.65,87.28,29.59,9.06,10.86,44.72,0.01
baidoa,2025072914,3.12,43.65,38.92,27.69,8.67,10.91,51.25,0.01
baidoa,2025072915,3.12,43.65,1.2,25.73,7.68,10.25,59.09,0.0
baidoa,2025072916,3.12,43.65,0.0,24.35,6.99,9.34,65.53,0.0
baidoa,2025072917,3.12,43.65,0.0,23.24,6.88,9.29,71.2,0.0
baidoa,2025072918,3.12,43.65,0.0,22.3,6.76,9.05,76.58,0.0
baidoa,2025072919,3.12,43.65,0.0,21.51,6.33,8.53,81.85,0.01
baidoa,2025072920,3.12,43.65,0.0,20.9,5.95,8.12,86.34,0.02
baidoa,2025072921,3.12,43.65,0.0,20.5,5.83,8.0,89.55,0.04
baidoa,2025072922,3.12,43.65,0.0,20.28,5.8,7.93,91.51,0.05
baidoa,2025072923,3.12,43.65,0.0,20.15,5.61,7.69,92.76,0.04
baidoa,2025073000,3.12,43.65,0.0,20.08,5.37,7.49,93.45,0.0
baidoa,2025073001,3.12,43.65,0.0,20.01,5.13,7.22,93.84,0.0
baidoa,2025073002,3.12,43.65,0.0,19.86,4.7,6.79,94.56,0.0
baidoa,2025073003,3.12,43.65,26.05,20.32,5.41,7.15,91.9,0.0
baidoa,2025073004,3.12,43.65,174.95,22.3,7.38,9.24,80.29,0.0
baidoa,2025073005,3.12,43.65,365.25,24.72,8.44,10.04,66.38,0.0
baidoa,2025073006,3.12,43.65,534.8,26.99,8.71,10.18,55.62,0.0
baidoa,2025073007,3.12,43.65,768.12,28.96,8.82,10.22,47.65,0.0
baidoa,2025073008,3.12,43.65,899.6,30.59,8.82,10.17,41.94,0.0
baidoa,2025073009,3.12,43.65,921.15,31.78,8.72,10.05,38.19,0.0
baidoa,2025073010,3.12,43.65,804.8,32.53,8.72,10.05,35.87,0.0
baidoa,2025073011,3.12,43.65,674.97,32.64,8.83,10.25,35.56,0.0
baidoa,2025073012,3.12,43.65,411.38,32.16,8.9,10.45,36.73,0.0
baidoa,2025073013,3.12,43.65,264.25,31.17,8.82,10.61,39.09,0.0
baidoa,2025073014,3.12,43.65,88.57,29.41,8.13,10.46,44.58,0.0
baidoa,2025073015,3.12,43.65,2.55,27.4,7.25,10.1,52.62,0.0
baidoa,2025073016,3.12,43.65,0.0,25.97,7.08,9.67,59.62,0.0
baidoa,2025073017,3.12,43.65,0.0,24.59,6.99,9.41,66.88,0.0
baidoa,2025073018,3.12,43.65,0.0,23.39,7.19,9.55,73.44,0.0
baidoa,2025073019,3.12,43.65,0.0,22.48,7.12,9.43,79.09,0.0
baidoa,2025073020,3.12,43.65,0.0,21.97,7.05,9.22,83.2,0.0
baidoa,2025073021,3.12,43.65,0.0,21.62,6.68,8.77,87.1,0.0
baidoa,2025073022,3.12,43.65,0.0,21.38,6.57,8.57,90.35,0.0
baidoa,2025073023,3.12,43.65,0.0,21.22,6.31,8.32,92.08,0.0
baidoa,2025073100,3.12,43.65,0.0,21.03,5.8,7.91,92.95,0.0
baidoa,2025073101,3.12,43.65,0.0,20.91,5.5,7.65,93.25,0.0
baidoa,2025073102,3.12,43.65,0.0,20.8,5.27,7.42,93.74,0.0
baidoa,2025073103,3.12,43.65,41.45,21.22,5.89,7.76,91.09,0.0
baidoa,2025073104,3.12,43.65,244.62,23.15,8.11,10.05,78.19,0.0
baidoa,2025073105,3.12,43.65,436.7,25.27,8.98,10.67,66.32,0.0
baidoa,2025073106,3.12,43.65,443.3,27.34,9.18,10.76,57.35,0.0
baidoa,2025073107,3.12,43.65,403.83,28.96,9.28,10.8,51.83,0.0
baidoa,2025073108,3.12,43.65,449.02,30.06,9.29,10.72,48.71,0.01
baidoa,2025073109,3.12,43.65,412.02,30.51,9.29,10.68,47.67,0.01
baidoa,2025073110,3.12,43.65,412.4,30.7,9.37,10.75,47.43,0.01
baidoa,2025073111,3.12,43.65,404.98,30.36,9.41,10.88,48.75,0.01
baidoa,2025073112,3.12,43.65,288.05,29.69,9.54,11.15,51.02,0.01
baidoa,2025073113,3.12,43.65,180.82,28.44,9.73,11.63,54.94,0.0
baidoa,2025073114,3.12,43.65,72.22,26.9,9.37,11.61,59.49,0.0
baidoa,2025073115,3.12,43.65,0.0,25.48,8.33,10.8,63.93,0.0
baidoa,2025073116,3.12,43.65,0.0,24.47,7.91,10.38,67.58,0.0
baidoa,2025073117,3.12,43.65,0.0,23.47,7.74,10.19,71.71,0.0
baidoa,2025073118,3.12,43.65,0.0,22.48,7.56,10.0,76.01,0.0
baidoa,2025073119,3.12,43.65,0.0,21.58,7.2,9.56,80.75,0.0
baidoa,2025073120,3.12,43.65,0.0,20.91,7.0,9.24,85.18,0.0
baidoa,2025073121,3.12,43.65,0.0,20.53,6.72,8.72,87.82,0.0
baidoa,2025073122,3.12,43.65,0.0,20.29,6.23,8.04,89.88,0.0
baidoa,2025073123,3.12,43.65,0.0,20.16,5.98,7.69,91.56,0.0
baidoa,2025080100,3.12,43.65,0.0,20.0,5.66,7.69,92.87,0.0
baidoa,2025080101,3.12,43.65,0.0,19.92,5.52,7.46,93.36,0.0
baidoa,2025080102,3.12,43.65,0.0,19.9,5.5,7.67,93.43,0.0
baidoa,2025080103,3.12,43.65,35.92,20.44,6.43,8.36,90.52,0.0
baidoa,2025080104,3.12,43.65,186.98,22.4,8.29,10.42,78.49,0.0
baidoa,2025080105,3.12,43.65,371.3,24.67,9.56,11.47,65.43,0.0
baidoa,2025080106,3.12,43.65,550.28,26.73,10.06,11.87,55.38,0.0
baidoa,2025080107,3.12,43.65,610.92,28.64,10.26,11.99,47.7,0.0
baidoa,2025080108,3.12,43.65,464.1,30.25,10.38,12.1,42.25,0.0
baidoa,2025080109,3.12,43.65,499.7,31.5,10.41,12.11,38.0,0.0
baidoa,2025080110,3.12,43.65,397.52,32.21,10.41,12.11,35.51,0.0
baidoa,2025080111,3.12,43.65,315.5,32.21,10.39,12.11,35.22,0.0
baidoa,2025080112,3.12,43.65,199.43,31.55,10.37,12.16,36.65,0.0
baidoa,2025080113,3.12,43.65,149.8,30.07,10.21,12.18,40.75,0.0
baidoa,2025080114,3.12,43.65,55.17,28.02,9.62,11.95,47.36,0.0
baidoa,2025080115,3.12,43.65,0.0,26.01,8.57,11.22,55.43,0.0
baidoa,2025080116,3.12,43.65,0.0,24.57,7.57,9.91,63.17,0.0
baidoa,2025080117,3.12,43.65,0.0,23.4,7.16,9.5,70.76,0.0
baidoa,2025080118,3.12,43.65,0.0,22.49,7.1,9.34,77.85,0.0
baidoa,2025080119,3.12,43.65,0.0,21.84,6.87,8.95,83.76,0.0
baidoa,2025080120,3.12,43.65,0.0,21.44,6.8,8.79,87.74,0.0
baidoa,2025080121,3.12,43.65,0.0,21.19,6.67,8.64,89.85,0.0
baidoa,2025080122,3.12,43.65,0.0,21.05,6.46,8.46,90.47,0.0
baidoa,2025080123,3.12,43.65,0.0,20.97,6.24,8.21,90.73,0.0
baidoa,2025080200,3.12,43.65,0.0,20.95,5.98,7.93,91.11,0.0
baidoa,2025080201,3.12,43.65,0.0,20.91,5.74,7.84,91.56,0.0
baidoa,2025080202,3.12,43.65,0.0,20.8,5.49,7.57,92.41,0.0
baidoa,2025080203,3.12,43.65,25.48,21.16,5.85,7.7,90.55,0.0
baidoa,2025080204,3.12,43.65,114.97,23.0,8.03,9.97,78.51,0.0
baidoa,2025080205,3.12,43.65,222.62,25.13,8.89,10.56,65.87,0.0
baidoa,2025080206,3.12,43.65,383.85,27.12,9.08,10.58,56.66,0.01
baidoa,2025080207,3.12,43.65,510.77,28.87,9.11,10.53,50.32,0.01
baidoa,2025080208,3.12,43.65,560.78,30.37,9.26,10.66,45.76,0.01
baidoa,2025080209,3.12,43.65,478.3,31.52,9.45,10.87,42.34,0.01
baidoa,2025080210,3.12,43.65,365.4,31.93,9.59,11.05,41.22,0.01
baidoa,2025080211,3.12,43.65,230.1,31.66,9.65,11.19,42.12,0.0
baidoa,2025080212,3.12,43.65,95.57,31.08,9.69,11.31,43.79,0.0
baidoa,2025080213,3.12,43.65,71.7,29.66,9.52,11.35,47.57,0.0
baidoa,2025080214,3.12,43.65,34.72,27.85,9.04,11.17,52.7,0.0
baidoa,2025080215,3.12,43.65,0.0,26.12,8.26,10.64,58.11,0.0
baidoa,2025080216,3.12,43.65,0.0,24.82,8.14,10.46,63.01,0.0
baidoa,2025080217,3.12,43.65,0.0,23.62,7.86,10.18,68.62,0.0
baidoa,2025080218,3.12,43.65,0.0,22.64,7.58,9.86,74.37,0.0
baidoa,2025080219,3.12,43.65,0.0,22.01,7.09,9.2,78.72,0.0
baidoa,2025080220,3.12,43.65,0.0,21.46,6.41,8.33,82.27,0.0
baidoa,2025080221,3.12,43.65,0.0,21.01,5.98,7.94,85.04,0.0
baidoa,2025080222,3.12,43.65,0.0,20.79,5.86,7.72,86.69,0.0
baidoa,2025080223,3.12,43.65,0.0,20.54,5.33,6.99,88.73,0.0
baidoa,2025080300,3.12,43.65,0.0,20.24,4.78,6.45,91.18,0.0
baidoa,2025080301,3.12,43.65,0.0,20.01,4.6,6.4,92.91,0.0
baidoa,2025080302,3.12,43.65,0.0,19.85,4.53,6.43,94.0,0.0
baidoa,2025080303,3.12,43.65,19.92,20.37,5.44,7.14,90.87,0.0
baidoa,2025080304,3.12,43.65,125.78,22.57,8.52,10.61,76.35,0.0
baidoa,2025080305,3.12,43.65,283.85,24.85,9.83,11.73,63.22,0.0
baidoa,2025080306,3.12,43.65,438.85,27.04,10.15,11.92,53.18,0.0
baidoa,2025080307,3.12,43.65,495.65,28.99,10.16,11.82,45.75,0.0
baidoa,2025080308,3.12,43.65,428.92,30.52,10.11,11.7,40.74,0.0
baidoa,2025080309,3.12,43.65,345.9,31.54,9.99,11.55,37.77,0.0
baidoa,2025080310,3.12,43.65,345.88,31.88,9.95,11.55,36.74,0.0
baidoa,2025080311,3.12,43.65,301.92,31.43,9.72,11.4,37.85,0.0
baidoa,2025080312,3.12,43.65,197.45,30.72,9.59,11.31,40.2,0.0
baidoa,2025080313,3.12,43.65,120.1,29.48,9.51,11.39,44.55,0.0
baidoa,2025080314,3.12,43.65,43.9,27.71,9.07,11.25,50.94,0.0
baidoa,2025080315,3.12,43.65,0.0,26.02,7.94,10.27,56.99,0.0
baidoa,2025080316,3.12,43.65,0.0,24.99,7.51,9.81,60.25,0.0
baidoa,2025080317,3.12,43.65,0.0,24.04,7.39,9.73,62.85,0.0
baidoa,2025080318,3.12,43.65,0.0,22.96,7.46,9.87,66.69,0.0
baidoa,2025080319,3.12,43.65,0.0,22.01,7.26,9.61,72.08,0.0
baidoa,2025080320,3.12,43.65,0.0,21.35,6.89,9.15,77.45,0.0
baidoa,2025080321,3.12,43.65,0.0,20.93,6.75,8.95,81.05,0.0
baidoa,2025080322,3.12,43.65,0.0,20.6,6.63,8.79,83.57,0.0
baidoa,2025080323,3.12,43.65,0.0,20.49,6.6,8.63,85.09,0.0
baidoa,2025080400,3.12,43.65,0.0,20.39,6.36,8.43,86.72,0.01
baidoa,2025080401,3.12,43.65,0.0,20.22,6.28,8.32,88.79,0.01
baidoa,2025080402,3.12,43.65,0.0,19.99,5.77,7.68,90.97,0.02
baidoa,2025080403,3.12,43.65,30.12,20.21,5.77,7.45,90.31,0.02
baidoa,2025080404,3.12,43.65,162.95,21.99,8.24,10.43,78.68,0.02
baidoa,2025080405,3.12,43.65,355.1,24.39,9.66,11.58,64.39,0.02
baidoa,2025080406,3.12,43.65,503.88,26.38,9.93,11.63,55.48,0.01
baidoa,2025080407,3.12,43.65,600.03,28.14,10.0,11.61,49.05,0.01
baidoa,2025080408,3.12,43.65,714.15,29.59,10.01,11.56,44.5,0.01
baidoa,2025080409,3.12,43.65,504.48,30.67,9.92,11.42,41.22,0.02
baidoa,2025080410,3.12,43.65,394.5,31.06,9.73,11.23,39.79,0.02
baidoa,2025080411,3.12,43.65,383.42,30.82,9.46,11.02,39.75,0.02
baidoa,2025080412,3.12,43.65,288.45,30.2,9.21,10.82,40.63,0.01
baidoa,2025080413,3.12,43.65,173.15,29.15,8.92,10.7,42.89,0.01
baidoa,2025080414,3.12,43.65,60.85,27.74,8.5,10.66,46.86,0.0
baidoa,2025080415,3.12,43.65,0.0,26.14,8.02,10.59,52.65,0.0
baidoa,2025080416,3.12,43.65,0.0,24.84,8.36,10.91,58.54,0.0
baidoa,2025080417,3.12,43.65,0.0,23.61,8.43,10.87,64.73,0.0
baidoa,2025080418,3.12,43.65,0.0,22.47,8.32,10.8,71.05,0.0
baidoa,2025080419,3.12,43.65,0.0,21.62,7.84,10.24,76.64,0.0
baidoa,2025080420,3.12,43.65,0.0,21.05,7.29,9.59,80.9,0.0
baidoa,2025080421,3.12,43.65,0.0,20.62,6.82,9.08,84.24,0.0
baidoa,2025080422,3.12,43.65,0.0,20.36,6.56,8.64,86.36,0.0
baidoa,2025080423,3.12,43.65,0.0,20.14,6.4,8.48,87.98,0.01
baidoa,2025080500,3.12,43.65,0.0,19.86,5.85,7.6,89.98,0.02
baidoa,2025080501,3.12,43.65,0.0,19.61,5.6,7.4,91.74,0.02
baidoa,2025080502,3.12,43.65,0.0,19.39,4.93,6.64,93.17,0.02
baidoa,2025080503,3.12,43.65,22.8,19.79,5.47,7.02,91.05,0.02
baidoa,2025080504,3.12,43.65,104.05,21.78,7.91,9.95,78.95,0.05
baidoa,2025080505,3.12,43.65,208.2,23.84,9.12,10.95,66.58,0.02
baidoa,2025080506,3.12,43.65,408.65,25.25,9.34,11.02,59.75,0.01
baidoa,2025080507,3.12,43.65,334.75,26.44,9.5,11.14,55.39,0.01
baidoa,2025080508,3.12,43.65,320.98,27.6,9.71,11.36,51.36,0.03
baidoa,2025080509,3.12,43.65,305.17,28.78,9.91,11.58,47.58,0.02
baidoa,2025080510,3.12,43.65,267.95,29.76,10.08,11.75,44.32,0.01
baidoa,2025080511,3.12,43.65,222.07,29.91,10.04,11.72,43.65,0.01
baidoa,2025080512,3.12,43.65,120.57,29.45,9.66,11.36,44.58,0.01
baidoa,2025080513,3.12,43.65,70.55,28.52,9.04,10.82,47.17,0.0
baidoa,2025080514,3.12,43.65,30.85,27.23,8.13,10.16,51.64,0.0
baidoa,2025080515,3.12,43.65,0.0,25.75,6.74,9.15,57.82,0.0
baidoa,2025080516,3.12,43.65,0.0,24.71,6.13,8.27,63.22,0.0
baidoa,2025080517,3.12,43.65,0.0,23.73,6.16,8.2,68.63,0.0
baidoa,2025080518,3.12,43.65,0.0,22.77,6.32,8.21,74.0,0.0
baidoa,2025080519,3.12,43.65,0.0,21.94,6.3,8.13,78.9,0.0
baidoa,2025080520,3.12,43.65,0.0,21.33,6.09,7.89,83.03,0.0
baidoa,2025080521,3.12,43.65,0.0,20.87,5.93,7.73,86.93,0.02
baidoa,2025080522,3.12,43.65,0.0,20.52,5.78,7.55,90.32,0.05
baidoa,2025080523,3.12,43.65,0.0,20.36,5.61,7.38,92.18,0.04
baidoa,2025080600,3.12,43.65,0.0,20.3,5.51,7.4,92.99,0.03
baidoa,2025080601,3.12,43.65,0.0,20.25,5.48,7.51,93.57,0.02
baidoa,2025080602,3.12,43.65,0.0,20.19,5.49,7.65,94.02,0.02
baidoa,2025080603,3.12,43.65,26.88,20.61,6.12,8.07,91.71,0.02
baidoa,2025080604,3.12,43.65,106.72,22.44,8.29,10.29,79.92,0.03
baidoa,2025080605,3.12,43.65,202.73,24.72,9.13,10.81,65.87,0.02
baidoa,2025080606,3.12,43.65,437.58,26.75,9.28,10.77,56.14,0.01
baidoa,2025080607,3.12,43.65,522.25,28.48,9.3,10.7,49.55,0.04
baidoa,2025080608,3.12,43.65,575.92,29.77,9.26,10.59,45.43,0.05
baidoa,2025080609,3.12,43.65,465.3,30.12,9.12,10.43,44.47,0.04
baidoa,2025080610,3.12,43.65,343.92,30.24,9.03,10.33,43.98,0.04
baidoa,2025080611,3.12,43.65,286.62,30.15,8.96,10.3,44.17,0.04
baidoa,2025080612,3.12,43.65,244.57,29.7,8.89,10.31,45.46,0.04
baidoa,2025080613,3.12,43.65,145.57,28.63,8.68,10.28,48.41,0.02
baidoa,2025080614,3.12,43.65,62.05,27.26,8.03,9.95,52.47,0.01
baidoa,2025080615,3.12,43.65,0.0,25.77,6.98,9.27,57.88,0.0
baidoa,2025080616,3.12,43.65,0.0,24.52,6.39,8.36,64.23,0.0
baidoa,2025080617,3.12,43.65,0.0,23.26,6.28,8.22,71.82,0.0
baidoa,2025080618,3.12,43.65,0.0,22.17,6.18,8.0,79.36,0.0
baidoa,2025080619,3.12,43.65,0.0,21.34,5.83,7.58,85.49,0.0
baidoa,2025080620,3.12,43.65,0.0,20.79,5.37,7.06,89.65,0.0
baidoa,2025080621,3.12,43.65,0.0,20.45,5.24,6.88,92.16,0.01
baidoa,2025080622,3.12,43.65,0.0,20.46,5.47,7.3,92.39,0.01
baidoa,2025080623,3.12,43.65,0.0,20.44,5.1,6.68,92.74,0.01
baidoa,2025080700,3.12,43.65,0.0,20.41,5.04,6.62,92.86,0.01
baidoa,2025080701,3.12,43.65,0.0,20.3,4.79,6.49,93.34,0.01
baidoa,2025080702,3.12,43.65,0.0,20.21,4.74,6.47,93.62,0.01
baidoa,2025080703,3.12,43.65,27.45,20.54,5.33,6.87,91.68,0.01
baidoa,2025080704,3.12,43.65,135.32,22.26,7.86,9.84,80.77,0.03
baidoa,2025080705,3.12,43.65,287.8,24.57,9.03,10.71,67.14,0.04
baidoa,2025080706,3.12,43.65,494.08,26.82,9.14,10.63,56.04,0.02
baidoa,2025080707,3.12,43.65,516.75,28.62,9.1,10.51,48.65,0.02
baidoa,2025080708,3.12,43.65,541.33,29.94,9.09,10.45,44.47,0.02
baidoa,2025080709,3.12,43.65,460.9,30.83,8.97,10.29,42.14,0.02
baidoa,2025080710,3.12,43.65,496.58,31.68,8.77,10.04,39.9,0.01
baidoa,2025080711,3.12,43.65,402.2,32.06,8.61,9.85,38.53,0.01
baidoa,2025080712,3.12,43.65,283.15,31.71,8.46,9.74,39.02,0.01
baidoa,2025080713,3.12,43.65,150.75,30.6,8.24,9.65,41.91,0.01
baidoa,2025080714,3.12,43.65,47.95,28.87,7.89,9.73,47.63,0.0
baidoa,2025080715,3.12,43.65,0.0,26.99,7.43,9.73,55.16,0.0
baidoa,2025080716,3.12,43.65,0.0,25.49,7.48,9.68,62.38,0.0
baidoa,2025080717,3.12,43.65,0.0,24.01,7.71,9.94,70.01,0.0
baidoa,2025080718,3.12,43.65,0.0,22.77,7.54,9.67,77.33,0.0
baidoa,2025080719,3.12,43.65,0.0,21.94,6.86,8.75,83.4,0.0
baidoa,2025080720,3.12,43.65,0.0,21.4,6.33,8.04,87.92,0.0
baidoa,2025080721,3.12,43.65,0.0,21.02,6.02,7.64,91.04,0.01
baidoa,2025080722,3.12,43.65,0.0,20.85,5.82,7.43,92.14,0.02
baidoa,2025080723,3.12,43.65,0.0,20.71,5.43,7.01,92.8,0.03
baidoa,2025080800,3.12,43.65,0.0,20.59,5.08,6.63,93.51,0.03
baidoa,2025080801,3.12,43.65,0.0,20.5,5.16,7.08,93.76,0.03
baidoa,2025080802,3.12,43.65,0.0,20.4,5.2,7.16,94.02,0.03
baidoa,2025080803,3.12,43.65,28.25,20.74,5.45,7.1,91.69,0.04
baidoa,2025080804,3.12,43.65,104.6,22.58,7.37,9.1,79.86,0.06
baidoa,2025080805,3.12,43.65,170.68,24.99,8.16,9.58,66.7,0.07
baidoa,2025080806,3.12,43.65,291.25,26.78,8.32,9.63,58.61,0.09
baidoa,2025080807,3.12,43.65,429.27,28.24,8.53,9.81,52.87,0.15
baidoa,2025080808,3.12,43.65,534.15,29.54,8.68,9.93,48.21,0.17
baidoa,2025080809,3.12,43.65,529.62,30.52,8.72,9.95,44.97,0.19
baidoa,2025080810,3.12,43.65,400.1,31.21,8.71,9.92,42.66,0.2
baidoa,2025080811,3.12,43.65,375.85,31.32,8.73,9.96,42.13,0.16
baidoa,2025080812,3.12,43.65,212.18,30.87,8.64,9.96,42.99,0.09
baidoa,2025080813,3.12,43.65,134.4,29.89,8.42,9.88,45.5,0.03
baidoa,2025080814,3.12,43.65,49.72,28.27,7.79,9.69,50.63,0.01
baidoa,2025080815,3.12,43.65,0.0,26.39,6.53,8.94,58.47,0.01
baidoa,2025080816,3.12,43.65,0.0,24.96,6.17,8.32,65.98,0.01
baidoa,2025080817,3.12,43.65,0.0,23.73,6.19,8.1,73.12,0.0
baidoa,2025080818,3.12,43.65,0.0,22.69,6.16,7.94,79.8,0.0
baidoa,2025080819,3.12,43.65,0.0,21.88,5.86,7.55,85.49,0.0
baidoa,2025080820,3.12,43.65,0.0,21.34,5.39,6.94,89.68,0.0
baidoa,2025080821,3.12,43.65,0.0,21.09,4.95,6.33,92.14,0.02
baidoa,2025080822,3.12,43.65,0.0,21.09,4.8,6.2,92.77,0.04
baidoa,2025080823,3.12,43.65,0.0,21.12,4.72,6.36,92.96,0.04
baidoa,2025080900,3.12,43.65,0.0,21.18,5.03,6.98,92.95,0.18
baidoa,2025080901,3.12,43.65,0.0,21.16,4.94,6.89,93.23,0.2
baidoa,2025080902,3.12,43.65,0.0,21.1,4.75,6.66,93.56,0.21
baidoa,2025080903,3.12,43.65,36.4,21.41,4.98,6.47,91.91,0.21
baidoa,2025080904,3.12,43.65,219.02,23.0,6.74,8.4,82.28,0.24
baidoa,2025080905,3.12,43.65,447.05,25.11,7.64,9.0,69.78,0.35
baidoa,2025080906,3.12,43.65,659.35,27.31,7.72,8.89,59.71,0.53
baidoa,2025080907,3.12,43.65,818.97,29.29,7.6,8.62,52.17,0.3
baidoa,2025080908,3.12,43.65,890.35,30.91,7.7,8.65,46.85,0.17
baidoa,2025080909,3.12,43.65,613.15,32.05,7.8,8.76,43.47,0.13
baidoa,2025080910,3.12,43.65,312.83,32.76,7.82,8.8,41.0,0.1
baidoa,2025080911,3.12,43.65,239.82,32.83,7.84,8.85,40.21,0.12
baidoa,2025080912,3.12,43.65,151.3,32.04,7.88,9.0,41.93,0.13
baidoa,2025080913,3.12,43.65,126.05,30.68,8.02,9.36,45.93,0.09
baidoa,2025080914,3.12,43.65,45.75,28.72,7.84,9.71,52.73,0.03
baidoa,2025080915,3.12,43.65,0.0,26.61,7.22,9.62,61.71,0.01
baidoa,2025080916,3.12,43.65,0.0,25.14,7.36,9.69,68.68,0.0
baidoa,2025080917,3.12,43.65,0.0,23.86,7.44,9.61,74.9,0.0
baidoa,2025080918,3.12,43.65,0.0,22.75,7.23,9.33,81.32,0.0
baidoa,2025080919,3.12,43.65,0.0,21.95,6.76,8.82,87.05,0.02
baidoa,2025080920,3.12,43.65,0.0,21.48,6.43,8.33,90.96,0.07
baidoa,2025080921,3.12,43.65,0.0,21.26,5.93,7.69,92.82,0.11
baidoa,2025080922,3.12,43.65,0.0,21.18,5.66,7.55,93.13,0.13
baidoa,2025080923,3.12,43.65,0.0,21.06,5.54,7.49,93.24,0.14
baidoa,2025081000,3.12,43.65,0.0,20.89,5.21,7.17,93.81,0.14
baidoa,2025081001,3.12,43.65,0.0,20.66,4.63,6.59,94.8,0.13
baidoa,2025081002,3.12,43.65,0.0,20.45,4.37,6.49,95.5,0.1
baidoa,2025081003,3.12,43.65,21.92,20.85,5.01,6.65,92.97,0.11
baidoa,2025081004,3.12,43.65,117.95,22.64,7.11,8.7,81.08,0.09
baidoa,2025081005,3.12,43.65,251.1,24.93,7.86,9.15,67.2,0.05
baidoa,2025081006,3.12,43.65,442.33,27.08,8.05,9.2,57.65,0.01
baidoa,2025081007,3.12,43.65,553.62,28.97,8.08,9.15,50.91,0.02
baidoa,2025081008,3.12,43.65,671.08,30.46,8.09,9.1,46.08,0.04
baidoa,2025081009,3.12,43.65,717.95,31.58,8.08,9.07,42.49,0.03
baidoa,2025081010,3.12,43.65,599.05,32.18,8.1,9.09,40.38,0.02
baidoa,2025081011,3.12,43.65,455.42,32.2,8.12,9.15,39.81,0.03
baidoa,2025081012,3.12,43.65,306.3,31.4,8.01,9.13,41.24,0.02
baidoa,2025081013,3.12,43.65,171.68,30.15,7.77,9.1,44.19,0.02
baidoa,2025081014,3.12,43.65,63.2,28.57,7.24,9.06,48.58,0.0
baidoa,2025081015,3.12,43.65,0.0,26.46,6.18,8.8,56.24,0.0
baidoa,2025081016,3.12,43.65,0.0,24.93,6.18,8.46,62.85,0.0
baidoa,2025081017,3.12,43.65,0.0,23.5,6.29,8.33,69.66,0.0
baidoa,2025081018,3.12,43.65,0.0,22.3,6.47,8.45,75.95,0.0
baidoa,2025081019,3.12,43.65,0.0,21.4,6.34,8.22,81.55,0.0
baidoa,2025081020,3.12,43.65,0.0,20.76,6.03,7.89,86.01,0.0
baidoa,2025081021,3.12,43.65,0.0,20.22,5.85,7.71,89.98,0.01
baidoa,2025081022,3.12,43.65,0.0,19.93,5.96,8.08,92.1,0.03
baidoa,2025081023,3.12,43.65,0.0,19.79,5.96,7.86,93.08,0.04
baidoa,2025081100,3.12,43.65,0.0,19.65,5.37,7.08,93.95,0.07
baidoa,2025081101,3.12,43.65,0.0,19.53,4.82,6.66,94.48,0.1
baidoa,2025081102,3.12,43.65,0.0,19.45,4.88,6.81,94.79,0.14
baidoa,2025081103,3.12,43.65,38.9,19.86,5.39,7.01,92.73,0.18
baidoa,2025081104,3.12,43.65,198.18,21.79,7.39,9.16,81.17,0.18
baidoa,2025081105,3.12,43.65,373.9,24.3,8.23,9.65,67.34,0.16
baidoa,2025081106,3.12,43.65,502.52,26.46,8.2,9.42,58.07,0.1
baidoa,2025081107,3.12,43.65,575.72,28.47,8.16,9.29,51.2,0.09
baidoa,2025081108,3.12,43.65,582.85,30.0,8.17,9.26,46.73,0.07
baidoa,2025081109,3.12,43.65,592.35,31.05,8.27,9.35,43.82,0.1
baidoa,2025081110,3.12,43.65,398.15,31.52,8.41,9.51,42.52,0.12
baidoa,2025081111,3.12,43.65,154.8,31.22,8.68,9.87,43.38,0.1
baidoa,2025081112,3.12,43.65,86.95,30.37,9.07,10.43,45.8,0.06
baidoa,2025081113,3.12,43.65,147.48,29.01,9.29,10.91,49.45,0.03
baidoa,2025081114,3.12,43.65,57.67,27.15,8.95,11.02,54.45,0.01
baidoa,2025081115,3.12,43.65,0.0,25.33,7.83,10.24,60.05,0.0
baidoa,2025081116,3.12,43.65,0.0,23.92,6.63,8.78,65.7,0.0
baidoa,2025081117,3.12,43.65,0.0,22.68,6.08,8.1,71.72,0.0
baidoa,2025081118,3.12,43.65,0.0,21.65,5.57,7.43,77.91,0.0
baidoa,2025081119,3.12,43.65,0.0,20.89,4.95,6.68,83.45,0.0
baidoa,2025081120,3.12,43.65,0.0,20.35,4.53,6.34,87.59,0.0
baidoa,2025081121,3.12,43.65,0.0,20.07,4.77,6.78,89.6,0.0
baidoa,2025081122,3.12,43.65,0.0,19.88,4.89,6.68,90.87,0.01
baidoa,2025081123,3.12,43.65,0.0,19.67,4.52,6.27,92.52,0.02
baidoa,2025081200,3.12,43.65,0.0,19.62,4.38,6.07,93.3,0.03
baidoa,2025081201,3.12,43.65,0.0,19.58,4.32,6.15,93.92,0.03
baidoa,2025081202,3.12,43.65,0.0,19.54,4.24,6.1,94.35,0.02
baidoa,2025081203,3.12,43.65,44.92,19.95,4.61,6.0,92.04,0.02
baidoa,2025081204,3.12,43.65,250.05,21.84,6.31,7.72,79.52,0.01
baidoa,2025081205,3.12,43.65,486.7,24.3,7.19,8.35,64.95,0.0
baidoa,2025081206,3.12,43.65,706.12,26.61,7.26,8.25,54.7,0.0
baidoa,2025081207,3.12,43.65,862.42,28.72,7.23,8.1,46.96,0.0
baidoa,2025081208,3.12,43.65,938.0,30.42,7.23,8.05,41.58,0.0
baidoa,2025081209,3.12,43.65,901.12,31.69,7.17,7.94,38.23,0.0
baidoa,2025081210,3.12,43.65,785.83,32.45,7.04,7.78,36.36,0.0
baidoa,2025081211,3.12,43.65,623.2,32.64,6.89,7.66,35.63,0.0
baidoa,2025081212,3.12,43.65,483.48,32.22,6.75,7.56,36.17,0.0
baidoa,2025081213,3.12,43.65,280.83,31.26,6.61,7.57,37.85,0.0
baidoa,2025081214,3.12,43.65,109.35,29.55,6.06,7.71,42.08,0.0
baidoa,2025081215,3.12,43.65,0.0,27.34,5.24,8.3,49.86,0.0
baidoa,2025081216,3.12,43.65,0.0,26.06,6.38,9.04,54.39,0.0
baidoa,2025081217,3.12,43.65,0.0,24.31,6.32,8.56,61.88,0.0
baidoa,2025081218,3.12,43.65,0.0,22.77,6.08,8.03,70.18,0.0
baidoa,2025081219,3.12,43.65,0.0,21.67,5.66,7.49,78.28,0.0
baidoa,2025081220,3.12,43.65,0.0,20.95,5.14,6.85,85.28,0.0
baidoa,2025081221,3.12,43.65,0.0,20.42,4.75,6.44,90.88,0.0
baidoa,2025081222,3.12,43.65,0.0,20.17,4.62,6.28,93.74,0.03
baidoa,2025081223,3.12,43.65,0.0,20.17,4.74,6.67,94.11,0.06
baidoa,2025081300,3.12,43.65,0.0,20.11,4.62,6.54,94.54,0.08
baidoa,2025081301,3.12,43.65,0.0,19.98,4.06,6.12,95.29,0.09
baidoa,2025081302,3.12,43.65,0.0,19.95,4.12,6.4,95.47,0.09
baidoa,2025081303,3.12,43.65,45.85,20.5,4.59,6.03,92.73,0.08
baidoa,2025081304,3.12,43.65,257.4,22.66,6.47,7.89,81.32,0.07
baidoa,2025081305,3.12,43.65,496.98,25.24,7.0,8.05,67.42,0.04
baidoa,2025081306,3.12,43.65,709.15,27.7,6.95,7.82,56.4,0.03
baidoa,2025081307,3.12,43.65,865.83,29.84,6.98,7.76,48.11,0.02
baidoa,2025081308,3.12,43.65,951.55,31.49,7.1,7.85,42.37,0.02
baidoa,2025081309,3.12,43.65,976.15,32.64,7.17,7.9,38.65,0.01
baidoa,2025081310,3.12,43.65,883.42,33.21,7.15,7.88,36.63,0.01
baidoa,2025081311,3.12,43.65,756.75,33.17,7.17,7.96,36.11,0.01
baidoa,2025081312,3.12,43.65,540.7,32.58,7.26,8.14,37.46,0.01
baidoa,2025081313,3.12,43.65,313.0,31.39,7.27,8.34,40.63,0.01
baidoa,2025081314,3.12,43.65,117.22,29.62,6.82,8.41,46.24,0.01
baidoa,2025081315,3.12,43.65,0.0,27.59,5.9,8.48,55.01,0.01
baidoa,2025081316,3.12,43.65,0.0,26.29,6.28,8.55,62.25,0.01
baidoa,2025081317,3.12,43.65,0.0,24.99,6.12,8.03,69.98,0.0
baidoa,2025081318,3.12,43.65,0.0,23.77,5.94,7.68,77.13,0.0
baidoa,2025081319,3.12,43.65,0.0,22.7,5.69,7.31,83.6,0.0
baidoa,2025081320,3.12,43.65,0.0,21.89,5.31,6.84,88.81,0.0
baidoa,2025081321,3.12,43.65,0.0,21.39,4.95,6.43,92.2,0.01
baidoa,2025081322,3.12,43.65,0.0,21.2,4.82,6.39,93.36,0.03
baidoa,2025081323,3.12,43.65,0.0,21.1,4.98,6.81,93.62,0.06
baidoa,2025081400,3.12,43.65,0.0,21.03,5.34,7.32,93.55,0.01
baidoa,2025081401,3.12,43.65,0.0,20.88,4.95,6.84,94.21,0.01
baidoa,2025081402,3.12,43.65,0.0,20.75,4.74,6.87,94.75,0.01
baidoa,2025081403,3.12,43.65,42.88,21.21,5.35,6.99,92.36,0.01
baidoa,2025081404,3.12,43.65,220.62,23.28,7.08,8.57,80.41,0.01
baidoa,2025081405,3.12,43.65,424.83,25.88,7.67,8.86,65.96,0.0
baidoa,2025081406,3.12,43.65,674.6,28.37,7.76,8.82,54.54,0.0
baidoa,2025081407,3.12,43.65,872.72,30.55,7.7,8.66,46.46,0.0
baidoa,2025081408,3.12,43.65,974.7,32.2,7.7,8.61,41.07,0.0
baidoa,2025081409,3.12,43.65,988.15,33.34,7.79,8.7,37.32,0.0
baidoa,2025081410,3.12,43.65,900.65,33.97,7.86,8.79,34.97,0.0
baidoa,2025081411,3.12,43.65,745.47,34.04,7.86,8.81,34.16,0.0
baidoa,2025081412,3.12,43.65,569.53,33.49,7.78,8.78,35.06,0.0
baidoa,2025081413,3.12,43.65,339.85,32.36,7.74,8.9,37.67,0.0
baidoa,2025081414,3.12,43.65,120.8,30.54,7.32,8.96,42.77,0.0
baidoa,2025081415,3.12,43.65,0.0,28.51,6.19,8.75,50.39,0.0
baidoa,2025081416,3.12,43.65,0.0,27.36,6.39,8.76,56.08,0.0
baidoa,2025081417,3.12,43.65,0.0,26.18,6.63,8.93,62.11,0.0
baidoa,2025081418,3.12,43.65,0.0,24.83,6.81,8.82,69.76,0.0
baidoa,2025081419,3.12,43.65,0.0,23.48,6.68,8.56,78.87,0.0
baidoa,2025081420,3.12,43.65,0.0,22.42,6.73,8.55,87.25,0.0
baidoa,2025081421,3.12,43.65,0.0,21.98,6.21,7.92,91.5,0.0
baidoa,2025081422,3.12,43.65,0.0,21.89,5.75,7.6,92.92,0.01
baidoa,2025081423,3.12,43.65,0.0,21.89,5.77,7.73,93.2,0.02
baidoa,2025081500,3.12,43.65,0.0,21.88,5.27,7.19,93.74,0.03
baidoa,2025081501,3.12,43.65,0.0,21.88,4.91,6.71,94.18,0.02
baidoa,2025081502,3.12,43.65,0.0,21.79,4.58,6.5,94.84,0.02
baidoa,2025081503,3.12,43.65,44.15,22.24,5.51,7.23,91.96,0.03
baidoa,2025081504,3.12,43.65,213.6,24.09,7.99,9.61,79.71,0.03
baidoa,2025081505,3.12,43.65,399.23,26.37,8.51,9.83,66.72,0.02
baidoa,2025081506,3.12,43.65,495.83,28.58,8.6,9.77,56.73,0.01
baidoa,2025081507,3.12,43.65,547.33,30.57,8.7,9.81,49.12,0.01
baidoa,2025081508,3.12,43.65,664.3,32.26,8.71,9.77,43.14,0.0
baidoa,2025081509,3.12,43.65,741.05,33.36,8.58,9.61,39.09,0.0
baidoa,2025081510,3.12,43.65,721.55,33.92,8.41,9.42,36.71,0.0
baidoa,2025081511,3.12,43.65,639.38,33.81,8.23,9.23,36.05,0.0
baidoa,2025081512,3.12,43.65,517.47,33.3,8.18,9.23,36.63,0.0
baidoa,2025081513,3.12,43.65,304.4,32.12,8.19,9.39,38.85,0.0
baidoa,2025081514,3.12,43.65,107.78,30.25,8.04,9.7,43.73,0.0
baidoa,2025081515,3.12,43.65,0.0,28.11,7.8,10.01,51.33,0.0
baidoa,2025081516,3.12,43.65,0.0,26.31,8.21,10.45,59.19,0.0
baidoa,2025081517,3.12,43.65,0.0,24.47,8.55,10.84,67.35,0.0
baidoa,2025081518,3.12,43.65,0.0,23.08,7.93,10.04,74.74,0.0
baidoa,2025081519,3.12,43.65,0.0,22.17,7.41,9.45,81.01,0.0
baidoa,2025081520,3.12,43.65,0.0,21.57,7.22,9.21,85.99,0.0
baidoa,2025081521,3.12,43.65,0.0,21.18,7.03,8.91,89.07,0.0
baidoa,2025081522,3.12,43.65,0.0,20.95,6.86,8.77,89.82,0.01
baidoa,2025081523,3.12,43.65,0.0,20.68,6.45,8.29,90.89,0.01
baidoa,2025081600,3.12,43.65,0.0,20.56,6.35,8.24,92.09,0.01
baidoa,2025081601,3.12,43.65,0.0,20.51,6.22,8.1,92.72,0.01
baidoa,2025081602,3.12,43.65,0.0,20.41,5.8,7.73,93.46,0.01
baidoa,2025081603,3.12,43.65,45.03,20.82,6.16,7.9,90.98,0.01
baidoa,2025081604,3.12,43.65,239.43,22.85,8.22,9.97,77.12,0.01
baidoa,2025081605,3.12,43.65,454.7,25.27,8.68,10.05,63.13,0.0
baidoa,2025081606,3.12,43.65,711.47,27.62,8.66,9.86,52.36,0.0
baidoa,2025081607,3.12,43.65,871.3,29.8,8.79,9.91,44.06,0.0
baidoa,2025081608,3.12,43.65,957.83,31.54,9.01,10.12,38.19,0.0
baidoa,2025081609,3.12,43.65,989.08,32.74,9.08,10.19,34.43,0.0
baidoa,2025081610,3.12,43.65,913.8,33.46,8.97,10.06,32.41,0.0
baidoa,2025081611,3.12,43.65,757.2,33.55,8.9,9.99,31.92,0.0
baidoa,2025081612,3.12,43.65,476.98,32.94,8.87,10.07,32.95,0.0
baidoa,2025081613,3.12,43.65,257.62,31.67,8.77,10.15,35.59,0.0
baidoa,2025081614,3.12,43.65,89.57,29.88,8.28,10.08,39.8,0.0
baidoa,2025081615,3.12,43.65,0.0,27.77,7.08,9.4,46.36,0.0
baidoa,2025081616,3.12,43.65,0.0,26.05,6.81,8.94,53.46,0.0
baidoa,2025081617,3.12,43.65,0.0,24.47,6.72,8.52,61.38,0.0
baidoa,2025081618,3.12,43.65,0.0,23.23,7.27,9.35,69.24,0.0
baidoa,2025081619,3.12,43.65,0.0,22.3,7.1,8.98,76.37,0.0
baidoa,2025081620,3.12,43.65,0.0,21.6,6.44,8.06,82.21,0.0
baidoa,2025081621,3.12,43.65,0.0,21.0,5.98,7.5,87.24,0.0
baidoa,2025081622,3.12,43.65,0.0,20.64,5.91,7.39,90.24,0.0
baidoa,2025081623,3.12,43.65,0.0,20.49,5.93,7.5,91.18,0.0
baidoa,2025081700,3.12,43.65,0.0,20.48,6.09,7.67,91.06,0.01
baidoa,2025081701,3.12,43.65,0.0,20.42,5.69,7.22,91.56,0.01
baidoa,2025081702,3.12,43.65,0.0,20.4,5.57,7.2,91.98,0.01
baidoa,2025081703,3.12,43.65,40.8,20.76,5.87,7.43,90.07,0.01
baidoa,2025081704,3.12,43.65,191.8,22.65,7.76,9.42,77.5,0.0
baidoa,2025081705,3.12,43.65,352.58,24.95,8.53,9.96,63.72,0.0
baidoa,2025081706,3.12,43.65,664.42,26.91,8.78,10.13,53.61,0.0
baidoa,2025081707,3.12,43.65,862.25,28.92,8.93,10.24,45.53,0.0
baidoa,2025081708,3.12,43.65,952.72,30.75,9.15,10.45,39.76,0.0
baidoa,2025081709,3.12,43.65,945.0,32.28,9.33,10.62,35.96,0.0
baidoa,2025081710,3.12,43.65,811.6,33.01,9.31,10.59,34.49,0.0
baidoa,2025081711,3.12,43.65,483.83,32.48,9.22,10.52,35.94,0.0
baidoa,2025081712,3.12,43.65,239.62,31.44,9.17,10.57,38.93,0.0
baidoa,2025081713,3.12,43.65,126.68,30.34,9.13,10.73,42.48,0.0
baidoa,2025081714,3.12,43.65,43.25,28.77,8.88,10.84,47.38,0.01
baidoa,2025081715,3.12,43.65,0.0,27.02,8.14,10.4,53.2,0.0
baidoa,2025081716,3.12,43.65,0.0,25.58,7.44,9.59,58.58,0.0
baidoa,2025081717,3.12,43.65,0.0,24.24,6.82,8.76,64.01,0.0
baidoa,2025081718,3.12,43.65,0.0,23.12,6.41,8.23,69.39,0.0
baidoa,2025081719,3.12,43.65,0.0,22.27,5.99,7.66,74.93,0.0
baidoa,2025081720,3.12,43.65,0.0,21.64,5.72,7.31,80.56,0.0
baidoa,2025081721,3.12,43.65,0.0,21.12,5.66,7.22,86.18,0.0
baidoa,2025081722,3.12,43.65,0.0,20.83,5.74,7.21,90.27,0.01
baidoa,2025081723,3.12,43.65,0.0,20.71,5.81,7.44,92.24,0.02
baidoa,2025081800,3.12,43.65,0.0,20.7,6.26,8.1,92.6,0.01
baidoa,2025081801,3.12,43.65,0.0,20.63,6.2,8.11,93.15,0.02
baidoa,2025081802,3.12,43.65,0.0,20.51,5.8,7.61,93.81,0.01
baidoa,2025081803,3.12,43.65,38.17,20.87,6.31,8.15,91.42,0.01
baidoa,2025081804,3.12,43.65,197.52,22.87,9.1,11.19,77.06,0.0
baidoa,2025081805,3.12,43.65,404.73,25.28,9.96,11.71,62.21,0.0
baidoa,2025081806,3.12,43.65,492.17,27.54,10.14,11.75,51.52,0.0
baidoa,2025081807,3.12,43.65,496.6,29.52,10.24,11.78,43.92,0.0
baidoa,2025081808,3.12,43.65,542.6,30.97,10.4,11.93,39.45,0.0
baidoa,2025081809,3.12,43.65,453.12,31.61,10.49,12.06,37.64,0.0
baidoa,2025081810,3.12,43.65,384.73,31.38,10.41,12.06,38.02,0.0
baidoa,2025081811,3.12,43.65,311.55,31.1,10.34,12.04,38.87,0.0
baidoa,2025081812,3.12,43.65,239.4,30.4,10.27,12.04,40.98,0.0
baidoa,2025081813,3.12,43.65,129.1,29.36,10.0,11.9,44.08,0.0
baidoa,2025081814,3.12,43.65,46.78,27.95,9.46,11.65,48.27,0.0
baidoa,2025081815,3.12,43.65,0.0,26.52,8.65,11.12,52.84,0.0
baidoa,2025081816,3.12,43.65,0.0,25.47,8.04,10.32,56.8,0.0
baidoa,2025081817,3.12,43.65,0.0,24.31,7.38,9.54,62.19,0.0
baidoa,2025081818,3.12,43.65,0.0,23.16,7.29,9.34,68.82,0.0
baidoa,2025081819,3.12,43.65,0.0,22.2,7.11,9.09,75.63,0.0
baidoa,2025081820,3.12,43.65,0.0,21.53,6.96,8.91,81.23,0.0
baidoa,2025081821,3.12,43.65,0.0,21.21,6.9,8.71,84.62,0.0
baidoa,2025081822,3.12,43.65,0.0,21.04,6.73,8.49,86.99,0.01
baidoa,2025081823,3.12,43.65,0.0,20.88,6.35,8.18,88.83,0.01
baidoa,2025081900,3.12,43.65,0.0,20.71,5.77,7.59,90.3,0.01
baidoa,2025081901,3.12,43.65,0.0,20.55,5.75,7.63,91.62,0.01
baidoa,2025081902,3.12,43.65,0.0,20.46,5.52,7.34,92.41,0.01
baidoa,2025081903,3.12,43.65,30.83,20.82,6.02,7.76,90.67,0.01
baidoa,2025081904,3.12,43.65,141.85,22.81,8.7,10.76,78.29,0.02
baidoa,2025081905,3.12,43.65,295.65,25.27,9.76,11.55,64.26,0.01
baidoa,2025081906,3.12,43.65,492.12,27.62,10.09,11.74,52.94,0.0
baidoa,2025081907,3.12,43.65,588.17,29.59,10.16,11.71,45.26,0.0
baidoa,2025081908,3.12,43.65,748.62,31.19,10.2,11.68,40.32,0.0
baidoa,2025081909,3.12,43.65,802.15,32.09,10.21,11.65,37.52,0.0
baidoa,2025081910,3.12,43.65,627.17,32.55,10.2,11.65,35.99,0.0
baidoa,2025081911,3.12,43.65,427.4,32.49,10.36,11.85,35.6,0.0
baidoa,2025081912,3.12,43.65,250.07,31.63,10.4,11.98,37.23,0.0
baidoa,2025081913,3.12,43.65,140.52,30.01,10.19,11.95,41.39,0.0
baidoa,2025081914,3.12,43.65,50.72,28.03,9.76,11.84,47.34,0.0
baidoa,2025081915,3.12,43.65,0.0,26.27,8.95,11.33,54.14,0.0
baidoa,2025081916,3.12,43.65,0.0,25.04,7.93,10.1,60.95,0.0
baidoa,2025081917,3.12,43.65,0.0,23.95,7.16,9.24,68.26,0.0
baidoa,2025081918,3.12,43.65,0.0,23.02,6.76,8.73,75.18,0.0
baidoa,2025081919,3.12,43.65,0.0,22.26,6.42,8.32,81.14,0.0
baidoa,2025081920,3.12,43.65,0.0,21.76,6.19,7.94,85.21,0.0
baidoa,2025081921,3.12,43.65,0.0,21.54,6.16,7.94,87.28,0.0
baidoa,2025081922,3.12,43.65,0.0,21.42,6.17,7.75,87.97,0.0
baidoa,2025081923,3.12,43.65,0.0,21.26,5.73,7.21,88.82,0.0
baidoa,2025082000,3.12,43.65,0.0,21.09,5.58,7.16,89.85,0.0
baidoa,2025082001,3.12,43.65,0.0,20.91,5.35,7.0,90.83,0.0
baidoa,2025082002,3.12,43.65,0.0,20.76,5.14,6.73,91.58,0.0
baidoa,2025082003,3.12,43.65,8.9,21.07,5.38,6.93,89.67,0.01
baidoa,2025082004,3.12,43.65,77.53,22.83,8.04,9.85,78.21,0.02
baidoa,2025082005,3.12,43.65,140.9,25.04,8.97,10.51,65.39,0.01
baidoa,2025082006,3.12,43.65,347.88,27.59,9.13,10.51,53.57,0.0
baidoa,2025082007,3.12,43.65,604.33,29.85,9.35,10.65,44.91,0.0
baidoa,2025082008,3.12,43.65,722.6,31.52,9.52,10.81,39.22,0.0
baidoa,2025082009,3.12,43.65,691.08,32.62,9.62,10.91,35.69,0.0
baidoa,2025082010,3.12,43.65,601.17,32.7,9.73,11.08,34.77,0.0
baidoa,2025082011,3.12,43.65,544.4,31.67,9.6,11.11,36.49,0.0
baidoa,2025082012,3.12,43.65,357.23,31.03,9.26,10.82,37.63,0.0
baidoa,2025082013,3.12,43.65,181.5,30.13,9.08,10.74,39.91,0.01
baidoa,2025082014,3.12,43.65,61.97,28.62,9.0,11.04,44.62,0.0
baidoa,2025082015,3.12,43.65,0.0,26.84,8.83,11.27,51.93,0.0
baidoa,2025082016,3.12,43.65,0.0,25.25,8.75,11.06,60.79,0.0
baidoa,2025082017,3.12,43.65,0.0,23.93,8.42,10.6,69.11,0.0
baidoa,2025082018,3.12,43.65,0.0,23.1,7.66,9.67,74.76,0.0
baidoa,2025082019,3.12,43.65,0.0,22.53,6.93,8.81,78.77,0.0
baidoa,2025082020,3.12,43.65,0.0,22.01,6.63,8.48,82.46,0.0
baidoa,2025082021,3.12,43.65,0.0,21.55,6.45,8.16,85.9,0.01
baidoa,2025082022,3.12,43.65,0.0,21.18,6.04,7.69,89.02,0.01
baidoa,2025082023,3.12,43.65,0.0,20.96,5.72,7.23,91.01,0.01
baidoa,2025082100,3.12,43.65,0.0,20.75,5.15,6.63,92.66,0.01
baidoa,2025082101,3.12,43.65,0.0,20.67,5.31,6.88,92.93,0.01
baidoa,2025082102,3.12,43.65,0.0,20.57,4.93,6.58,93.23,0.01
baidoa,2025082103,3.12,43.65,38.45,20.9,5.27,6.79,90.97,0.02
baidoa,2025082104,3.12,43.65,217.93,22.85,7.46,9.1,77.67,0.02
baidoa,2025082105,3.12,43.65,462.85,25.39,8.35,9.67,62.88,0.01
baidoa,2025082106,3.12,43.65,589.58,27.73,8.51,9.7,51.71,0.0
baidoa,2025082107,3.12,43.65,665.2,29.75,8.71,9.85,42.55,0.0
baidoa,2025082108,3.12,43.65,740.15,31.38,8.97,10.11,36.16,0.0
baidoa,2025082109,3.12,43.65,753.97,32.56,9.01,10.14,32.25,0.0
baidoa,2025082110,3.12,43.65,476.6,33.21,8.99,10.13,30.3,0.0
baidoa,2025082111,3.12,43.65,305.2,32.73,9.03,10.23,31.05,0.0
baidoa,2025082112,3.12,43.65,219.88,31.42,9.09,10.47,34.09,0.0
baidoa,2025082113,3.12,43.65,123.2,29.89,9.28,10.91,38.53,0.0
baidoa,2025082114,3.12,43.65,38.92,28.08,9.22,11.19,44.44,0.0
baidoa,2025082115,3.12,43.65,0.0,26.32,8.47,10.74,50.61,0.0
baidoa,2025082116,3.12,43.65,0.0,25.1,7.36,9.45,55.67,0.0
baidoa,2025082117,3.12,43.65,0.0,24.05,6.33,8.31,60.72,0.0
baidoa,2025082118,3.12,43.65,0.0,23.24,6.11,7.97,65.59,0.0
baidoa,2025082119,3.12,43.65,0.0,22.56,6.19,7.99,70.73,0.0
baidoa,2025082120,3.12,43.65,0.0,21.93,5.93,7.71,76.29,0.0
baidoa,2025082121,3.12,43.65,0.0,21.43,5.72,7.5,81.35,0.0
baidoa,2025082122,3.12,43.65,0.0,21.06,5.65,7.35,85.44,0.01
baidoa,2025082123,3.12,43.65,0.0,20.79,5.55,7.1,88.45,0.01
baidoa,2025082200,3.12,43.65,0.0,20.61,5.4,7.0,90.76,0.02
baidoa,2025082201,3.12,43.65,0.0,20.54,5.32,6.89,92.09,0.02
baidoa,2025082202,3.12,43.65,0.0,20.46,4.7,6.29,93.04,0.02
baidoa,2025082203,3.12,43.65,16.5,20.89,5.0,6.49,90.86,0.03
baidoa,2025082204,3.12,43.65,150.55,22.94,7.38,8.98,78.03,0.03
baidoa,2025082205,3.12,43.65,314.62,25.3,8.07,9.36,64.54,0.02
baidoa,2025082206,3.12,43.65,473.52,27.58,8.26,9.41,53.82,0.01
baidoa,2025082207,3.12,43.65,663.25,29.52,8.33,9.4,46.42,0.0
baidoa,2025082208,3.12,43.65,731.7,30.91,8.41,9.47,41.24,0.0
baidoa,2025082209,3.12,43.65,640.88,31.86,8.56,9.62,37.52,0.01
baidoa,2025082210,3.12,43.65,491.1,32.43,8.69,9.75,35.75,0.01
baidoa,2025082211,3.12,43.65,350.0,31.65,8.8,9.95,37.66,0.01
baidoa,2025082212,3.12,43.65,217.62,30.4,8.88,10.15,41.32,0.01
baidoa,2025082213,3.12,43.65,146.43,28.86,9.02,10.49,46.14,0.01
baidoa,2025082214,3.12,43.65,45.0,27.17,8.92,10.76,51.75,0.0
baidoa,2025082215,3.12,43.65,0.0,25.68,8.09,10.22,56.95,0.0
baidoa,2025082216,3.12,43.65,0.0,24.76,6.98,8.99,60.54,0.0
baidoa,2025082217,3.12,43.65,0.0,23.88,5.84,7.73,64.68,0.0
baidoa,2025082218,3.12,43.65,0.0,23.06,5.49,7.32,69.46,0.0
baidoa,2025082219,3.12,43.65,0.0,22.22,5.39,7.13,75.28,0.0
baidoa,2025082220,3.12,43.65,0.0,21.48,5.15,6.81,81.09,0.0
baidoa,2025082221,3.12,43.65,0.0,20.83,4.93,6.56,86.25,0.0
baidoa,2025082222,3.12,43.65,0.0,20.36,4.97,6.6,89.79,0.0
baidoa,2025082223,3.12,43.65,0.0,20.18,5.06,6.57,90.92,0.01
baidoa,2025082300,3.12,43.65,0.0,20.11,4.84,6.27,91.14,0.01
baidoa,2025082301,3.12,43.65,0.0,20.13,4.43,5.69,91.2,0.01
baidoa,2025082302,3.12,43.65,0.0,20.22,4.11,5.32,91.0,0.01
baidoa,2025082303,3.12,43.65,27.62,20.58,4.3,5.35,89.54,0.01
baidoa,2025082304,3.12,43.65,141.88,22.32,6.39,7.94,81.16,0.03
baidoa,2025082305,3.12,43.65,283.55,24.8,7.8,9.15,68.4,0.02
baidoa,2025082306,3.12,43.65,474.83,26.86,7.91,9.09,58.45,0.01
baidoa,2025082307,3.12,43.65,638.33,28.41,7.82,8.9,51.58,0.01
baidoa,2025082308,3.12,43.65,674.47,29.65,7.79,8.81,46.63,0.01
baidoa,2025082309,3.12,43.65,483.4,30.73,7.78,8.77,42.46,0.02
baidoa,2025082310,3.12,43.65,457.08,31.29,7.62,8.57,39.98,0.03
baidoa,2025082311,3.12,43.65,353.95,30.9,7.38,8.32,40.5,0.06
baidoa,2025082312,3.12,43.65,274.55,30.11,7.16,8.15,42.58,0.08
baidoa,2025082313,3.12,43.65,139.3,29.05,6.97,8.08,45.84,0.09
baidoa,2025082314,3.12,43.65,38.03,27.79,6.64,8.03,50.25,0.06
baidoa,2025082315,3.12,43.65,0.0,26.39,5.79,7.78,56.24,0.04
baidoa,2025082316,3.12,43.65,0.0,25.47,5.79,7.72,61.79,0.03
baidoa,2025082317,3.12,43.65,0.0,24.67,5.87,7.67,67.57,0.02
baidoa,2025082318,3.12,43.65,0.0,23.93,5.38,6.99,73.48,0.01
baidoa,2025082319,3.12,43.65,0.0,23.26,5.1,6.58,79.05,0.01
baidoa,2025082320,3.12,43.65,0.0,22.67,4.91,6.27,84.07,0.01
baidoa,2025082321,3.12,43.65,0.0,22.16,4.67,5.95,88.14,0.02
baidoa,2025082322,3.12,43.65,0.0,21.81,4.57,5.86,90.87,0.02
baidoa,2025082323,3.12,43.65,0.0,21.62,4.47,5.86,92.37,0.02
baidoa,2025082400,3.12,43.65,0.0,21.58,4.61,6.11,92.51,0.0
baidoa,2025082401,3.12,43.65,0.0,21.56,4.13,5.41,92.62,0.0
baidoa,2025082402,3.12,43.65,0.0,21.56,3.9,5.19,92.56,0.0
baidoa,2025082403,3.12,43.65,34.05,21.89,4.46,5.76,90.42,0.0
baidoa,2025082404,3.12,43.65,138.65,23.36,6.32,7.65,80.13,0.0
baidoa,2025082405,3.12,43.65,243.7,25.01,6.7,7.77,69.64,0.0
baidoa,2025082406,3.12,43.65,329.15,26.86,6.81,7.74,60.7,0.0
baidoa,2025082407,3.12,43.65,428.45,28.83,6.97,7.83,52.87,0.0
baidoa,2025082408,3.12,43.65,521.5,30.2,7.09,7.92,47.99,0.0
baidoa,2025082409,3.12,43.65,595.42,31.44,7.05,7.82,44.1,0.0
baidoa,2025082410,3.12,43.65,573.38,32.45,6.95,7.67,41.14,0.0
baidoa,2025082411,3.12,43.65,461.15,32.82,6.99,7.7,39.9,0.0
baidoa,2025082412,3.12,43.65,374.65,32.49,7.11,7.89,40.42,0.0
baidoa,2025082413,3.12,43.65,214.7,31.22,7.19,8.16,43.61,0.0
baidoa,2025082414,3.12,43.65,75.9,29.58,7.09,8.46,48.86,0.0
baidoa,2025082415,3.12,43.65,0.0,27.95,6.76,8.64,55.28,0.0
baidoa,2025082416,3.12,43.65,0.0,26.79,7.21,9.1,60.51,0.0
baidoa,2025082417,3.12,43.65,0.0,25.57,7.56,9.44,65.85,0.0
baidoa,2025082418,3.12,43.65,0.0,24.49,7.13,8.89,70.83,0.0
baidoa,2025082419,3.12,43.65,0.0,23.66,6.48,8.09,75.69,0.0
baidoa,2025082420,3.12,43.65,0.0,23.09,6.06,7.58,80.18,0.0
baidoa,2025082421,3.12,43.65,0.0,22.74,5.7,7.09,83.75,0.0
baidoa,2025082422,3.12,43.65,0.0,22.49,5.43,6.76,86.29,0.0
baidoa,2025082423,3.12,43.65,0.0,22.3,5.09,6.34,87.91,0.0
baidoa,2025082500,3.12,43.65,0.0,22.08,4.74,5.95,89.47,0.0
baidoa,2025082501,3.12,43.65,0.0,21.85,4.36,5.58,91.12,0.0
baidoa,2025082502,3.12,43.65,0.0,21.66,4.08,5.53,92.51,0.0
baidoa,2025082503,3.12,43.65,37.33,22.13,4.51,5.82,89.65,0.0
baidoa,2025082504,3.12,43.65,150.5,24.22,6.25,7.39,76.21,0.0
baidoa,2025082505,3.12,43.65,303.88,26.64,6.81,7.73,63.42,0.0
baidoa,2025082506,3.12,43.65,393.02,29.17,7.05,7.87,52.11,0.0
baidoa,2025082507,3.12,43.65,430.35,31.33,7.03,7.74,44.09,0.0
baidoa,2025082508,3.12,43.65,600.05,32.97,7.16,7.83,38.92,0.0
baidoa,2025082509,3.12,43.65,714.22,33.97,7.57,8.29,36.15,0.0
baidoa,2025082510,3.12,43.65,627.58,34.26,7.87,8.62,35.44,0.0
baidoa,2025082511,3.12,43.65,525.67,33.8,8.04,8.87,36.52,0.0
baidoa,2025082512,3.12,43.65,378.0,32.7,8.03,8.98,39.15,0.0
baidoa,2025082513,3.12,43.65,221.5,31.09,7.85,9.04,43.48,0.0
baidoa,2025082514,3.12,43.65,89.75,29.58,7.46,8.98,48.44,0.0
baidoa,2025082515,3.12,43.65,0.0,28.22,6.52,8.29,53.76,0.0
baidoa,2025082516,3.12,43.65,0.0,27.27,5.62,7.23,58.22,0.0
baidoa,2025082517,3.12,43.65,0.0,26.42,5.46,7.02,62.36,0.0
baidoa,2025082518,3.12,43.65,0.0,25.48,6.29,8.11,67.14,0.0
baidoa,2025082519,3.12,43.65,0.0,24.41,7.1,8.94,73.35,0.0
baidoa,2025082520,3.12,43.65,0.0,23.43,7.13,8.9,79.93,0.0
baidoa,2025082521,3.12,43.65,0.0,22.76,6.73,8.34,85.33,0.0
baidoa,2025082522,3.12,43.65,0.0,22.45,6.42,8.0,88.63,0.0
baidoa,2025082523,3.12,43.65,0.0,22.34,6.18,7.7,89.8,0.0
baidoa,2025082600,3.12,43.65,0.0,22.26,5.76,7.28,90.61,0.0
baidoa,2025082601,3.12,43.65,0.0,22.17,5.61,7.19,91.16,0.0
baidoa,2025082602,3.12,43.65,0.0,22.1,5.37,6.99,91.54,0.0
baidoa,2025082603,3.12,43.65,35.12,22.4,5.81,7.48,89.59,0.0
baidoa,2025082604,3.12,43.65,155.85,23.72,7.78,9.61,80.56,0.0
baidoa,2025082605,3.12,43.65,251.98,25.35,8.18,9.71,70.29,0.0
baidoa,2025082606,3.12,43.65,367.3,27.17,8.13,9.48,60.86,0.0
baidoa,2025082607,3.12,43.65,486.23,29.49,8.22,9.46,51.88,0.0
baidoa,2025082608,3.12,43.65,624.85,31.5,8.37,9.59,45.26,0.0
baidoa,2025082609,3.12,43.65,683.5,32.94,8.49,9.69,41.0,0.0
baidoa,2025082610,3.12,43.65,627.95,33.68,8.66,9.85,38.52,0.0
baidoa,2025082611,3.12,43.65,566.5,33.51,8.89,10.12,38.51,0.0
baidoa,2025082612,3.12,43.65,433.5,32.18,9.1,10.49,41.87,0.0
baidoa,2025082613,3.12,43.65,244.75,30.45,9.11,10.8,47.05,0.0
baidoa,2025082614,3.12,43.65,81.25,28.73,8.93,10.91,52.88,0.0
baidoa,2025082615,3.12,43.65,0.0,27.36,8.54,10.73,58.04,0.0
baidoa,2025082616,3.12,43.65,0.0,26.43,8.19,10.37,62.02,0.0
baidoa,2025082617,3.12,43.65,0.0,25.5,7.77,9.89,66.93,0.0
baidoa,2025082618,3.12,43.65,0.0,24.54,7.48,9.55,72.7,0.0
baidoa,2025082619,3.12,43.65,0.0,23.65,7.27,9.31,78.49,0.0
baidoa,2025082620,3.12,43.65,0.0,23.0,7.1,9.07,83.09,0.0
baidoa,2025082621,3.12,43.65,0.0,22.6,6.93,8.84,86.31,0.0
baidoa,2025082622,3.12,43.65,0.0,22.39,6.78,8.59,88.06,0.0
baidoa,2025082623,3.12,43.65,0.0,22.2,6.22,7.98,89.64,0.0
baidoa,2025082700,3.12,43.65,0.0,22.05,6.0,7.84,90.88,0.0
baidoa,2025082701,3.12,43.65,0.0,21.94,5.73,7.63,91.58,0.0
baidoa,2025082702,3.12,43.65,0.0,21.84,5.53,7.46,92.0,0.0
baidoa,2025082703,3.12,43.65,47.78,22.23,5.95,7.7,89.43,0.0
baidoa,2025082704,3.12,43.65,222.23,24.15,7.88,9.51,76.61,0.0
baidoa,2025082705,3.12,43.65,414.15,26.51,8.33,9.66,63.8,0.0
baidoa,2025082706,3.12,43.65,562.67,28.85,8.52,9.71,53.93,0.0
baidoa,2025082707,3.12,43.65,628.38,30.79,8.74,9.88,47.07,0.0
baidoa,2025082708,3.12,43.65,709.45,32.34,9.01,10.16,41.98,0.0
baidoa,2025082709,3.12,43.65,741.33,33.42,9.17,10.33,38.65,0.0
baidoa,2025082710,3.12,43.65,696.45,33.96,9.19,10.37,36.83,0.0
baidoa,2025082711,3.12,43.65,584.72,34.06,9.24,10.45,35.96,0.0
baidoa,2025082712,3.12,43.65,427.48,33.36,9.26,10.56,36.9,0.0
baidoa,2025082713,3.12,43.65,242.9,31.86,9.16,10.65,40.02,0.0
baidoa,2025082714,3.12,43.65,84.15,29.84,9.04,10.91,45.59,0.0
baidoa,2025082715,3.12,43.65,0.0,27.89,9.05,11.25,52.55,0.0
baidoa,2025082716,3.12,43.65,0.0,26.21,9.32,11.58,59.54,0.0
baidoa,2025082717,3.12,43.65,0.0,24.76,9.15,11.37,65.84,0.0
baidoa,2025082718,3.12,43.65,0.0,23.75,8.64,10.81,70.95,0.0
baidoa,2025082719,3.12,43.65,0.0,23.06,8.06,10.13,74.87,0.0
baidoa,2025082720,3.12,43.65,0.0,22.48,7.49,9.52,78.33,0.0
baidoa,2025082721,3.12,43.65,0.0,21.95,7.03,9.06,81.32,0.0
baidoa,2025082722,3.12,43.65,0.0,21.56,6.72,8.7,83.48,0.0
baidoa,2025082723,3.12,43.65,0.0,21.26,6.38,8.23,84.96,0.0
baidoa,2025082800,3.12,43.65,0.0,20.96,6.03,7.77,86.3,0.0
baidoa,2025082801,3.12,43.65,0.0,20.6,5.67,7.41,87.57,0.0
baidoa,2025082802,3.12,43.65,0.0,20.3,5.17,6.99,88.34,0.0
baidoa,2025082803,3.12,43.65,52.5,20.76,5.47,6.99,84.93,0.0
baidoa,2025082804,3.12,43.65,255.85,23.15,7.23,8.72,71.23,0.0
baidoa,2025082805,3.12,43.65,473.38,25.67,7.9,9.14,58.8,0.0
baidoa,2025082806,3.12,43.65,596.1,28.06,8.08,9.21,48.88,0.0
baidoa,2025082807,3.12,43.65,607.85,30.49,8.31,9.4,40.61,0.0
baidoa,2025082808,3.12,43.65,655.83,32.45,8.5,9.58,34.74,0.0
baidoa,2025082809,3.12,43.65,734.42,33.85,8.61,9.69,31.49,0.0
baidoa,2025082810,3.12,43.65,545.35,34.7,8.71,9.82,29.94,0.0
baidoa,2025082811,3.12,43.65,503.62,34.92,8.73,9.87,29.68,0.0
baidoa,2025082812,3.12,43.65,393.1,34.21,8.62,9.8,31.26,0.0
baidoa,2025082813,3.12,43.65,201.02,32.8,8.6,9.94,34.82,0.0
baidoa,2025082814,3.12,43.65,60.72,30.83,8.68,10.42,40.67,0.0
baidoa,2025082815,3.12,43.65,0.0,28.69,8.66,10.86,48.38,0.0
baidoa,2025082816,3.12,43.65,0.0,26.82,9.16,11.44,56.28,0.0
baidoa,2025082817,3.12,43.65,0.0,25.19,8.77,10.94,63.73,0.0
baidoa,2025082818,3.12,43.65,0.0,24.11,8.08,10.12,70.13,0.0
baidoa,2025082819,3.12,43.65,0.0,23.4,7.45,9.34,75.79,0.0
baidoa,2025082820,3.12,43.65,0.0,22.85,6.9,8.66,80.5,0.0
baidoa,2025082821,3.12,43.65,0.0,22.4,6.54,8.21,84.05,0.0
baidoa,2025082822,3.12,43.65,0.0,22.06,6.02,7.52,86.99,0.0
baidoa,2025082823,3.12,43.65,0.0,21.79,5.51,6.9,89.59,0.0
baidoa,2025082900,3.12,43.65,0.0,21.67,4.96,6.29,91.15,0.0
baidoa,2025082901,3.12,43.65,0.0,21.66,4.78,6.36,91.66,0.0
baidoa,2025082902,3.12,43.65,0.0,21.66,4.96,6.7,91.82,0.0
baidoa,2025082903,3.12,43.65,55.1,22.08,5.5,7.04,89.36,0.0
baidoa,2025082904,3.12,43.65,238.15,24.03,7.34,8.97,77.2,0.0
baidoa,2025082905,3.12,43.65,427.4,26.39,8.03,9.43,64.11,0.0
baidoa,2025082906,3.12,43.65,535.47,28.67,7.98,9.18,54.15,0.0
baidoa,2025082907,3.12,43.65,660.08,30.89,8.0,9.05,46.25,0.0
baidoa,2025082908,3.12,43.65,655.7,32.78,8.24,9.2,40.37,0.0
baidoa,2025082909,3.12,43.65,542.42,33.7,8.74,9.69,37.53,0.0
baidoa,2025082910,3.12,43.65,553.33,33.47,9.29,10.34,37.38,0.0
baidoa,2025082911,3.12,43.65,455.45,32.88,9.48,10.69,37.84,0.0
baidoa,2025082912,3.12,43.65,320.35,32.18,9.28,10.63,37.72,0.0
baidoa,2025082913,3.12,43.65,179.95,31.37,8.87,10.4,36.98,0.0
baidoa,2025082914,3.12,43.65,60.33,30.14,8.34,10.2,37.3,0.0
baidoa,2025082915,3.12,43.65,0.0,28.45,7.74,10.15,40.07,0.0
baidoa,2025082916,3.12,43.65,0.0,26.56,8.28,10.57,46.0,0.0
baidoa,2025082917,3.12,43.65,0.0,24.48,8.36,10.6,55.86,0.0
baidoa,2025082918,3.12,43.65,0.0,22.97,8.4,10.58,65.53,0.0
baidoa,2025082919,3.12,43.65,0.0,22.19,7.82,9.92,71.46,0.0
baidoa,2025082920,3.12,43.65,0.0,21.67,7.45,9.55,75.18,0.0
baidoa,2025082921,3.12,43.65,0.0,21.26,7.13,9.14,78.04,0.0
baidoa,2025082922,3.12,43.65,0.0,20.83,6.74,8.65,81.17,0.0
baidoa,2025082923,3.12,43.65,0.0,20.5,6.32,8.13,83.79,0.0
baidoa,2025083000,3.12,43.65,0.0,20.22,5.92,7.76,85.94,0.0
baidoa,2025083001,3.12,43.65,0.0,20.03,5.72,7.42,87.4,0.0
baidoa,2025083002,3.12,43.65,0.0,19.93,5.7,7.41,88.26,0.0
baidoa,2025083003,3.12,43.65,51.65,20.34,5.97,7.54,86.03,0.0
baidoa,2025083004,3.12,43.65,245.68,22.66,7.94,9.62,71.64,0.0
baidoa,2025083005,3.12,43.65,457.55,25.18,8.72,10.11,57.97,0.0
baidoa,2025083006,3.12,43.65,621.9,27.48,8.95,10.24,47.85,0.0
baidoa,2025083007,3.12,43.65,676.17,29.53,9.02,10.25,40.36,0.0
baidoa,2025083008,3.12,43.65,750.5,31.19,8.97,10.16,35.34,0.0
baidoa,2025083009,3.12,43.65,692.0,32.44,8.77,9.91,32.06,0.0
baidoa,2025083010,3.12,43.65,492.05,33.32,8.53,9.65,30.06,0.0
baidoa,2025083011,3.12,43.65,353.8,33.7,8.33,9.43,29.19,0.0
baidoa,2025083012,3.12,43.65,223.82,33.27,8.13,9.27,29.82,0.0
baidoa,2025083013,3.12,43.65,133.02,32.0,7.9,9.21,32.41,0.0
baidoa,2025083014,3.12,43.65,47.45,30.32,7.76,9.49,36.93,0.0
baidoa,2025083015,3.12,43.65,0.0,28.47,8.08,10.33,43.38,0.0
baidoa,2025083016,3.12,43.65,0.0,26.61,9.37,11.66,51.12,0.0
baidoa,2025083017,3.12,43.65,0.0,24.64,9.42,11.65,59.13,0.0
baidoa,2025083018,3.12,43.65,0.0,23.23,8.34,10.38,65.24,0.0
baidoa,2025083019,3.12,43.65,0.0,22.32,7.24,9.07,70.51,0.0
baidoa,2025083020,3.12,43.65,0.0,21.55,6.32,7.98,76.52,0.0
baidoa,2025083021,3.12,43.65,0.0,20.9,5.57,7.15,82.46,0.0
baidoa,2025083022,3.12,43.65,0.0,20.41,5.11,6.7,87.31,0.0
baidoa,2025083023,3.12,43.65,0.0,20.2,4.94,6.35,90.05,0.0
baidoa,2025083100,3.12,43.65,0.0,20.17,4.74,6.05,91.21,0.0
baidoa,2025083101,3.12,43.65,0.0,20.24,5.04,6.55,91.31,0.0
baidoa,2025083102,3.12,43.65,0.0,20.3,4.92,6.39,91.21,0.0
baidoa,2025083103,3.12,43.65,47.53,20.83,5.48,6.95,88.07,0.0
baidoa,2025083104,3.12,43.65,200.57,22.87,7.09,8.43,74.71,0.0
baidoa,2025083105,3.12,43.65,382.33,24.89,7.42,8.58,63.06,0.0
baidoa,2025083106,3.12,43.65,469.08,26.64,7.5,8.57,54.67,0.0
baidoa,2025083107,3.12,43.65,604.55,28.29,7.54,8.54,48.24,0.0
baidoa,2025083108,3.12,43.65,757.47,29.89,7.54,8.52,43.6,0.0
baidoa,2025083109,3.12,43.65,688.53,31.11,7.45,8.42,40.71,0.0
baidoa,2025083110,3.12,43.65,337.38,31.69,7.48,8.47,39.57,0.0
baidoa,2025083111,3.12,43.65,288.33,31.42,7.55,8.62,40.32,0.0
baidoa,2025083112,3.12,43.65,180.18,30.82,7.63,8.82,42.09,0.0
baidoa,2025083113,3.12,43.65,103.8,30.0,7.71,9.03,44.62,0.0
baidoa,2025083114,3.12,43.65,29.05,28.66,7.63,9.22,48.74,0.0
baidoa,2025083115,3.12,43.65,0.0,27.18,7.06,9.06,53.59,0.0
baidoa,2025083116,3.12,43.65,0.0,26.2,7.09,9.12,57.23,0.0
baidoa,2025083117,3.12,43.65,0.0,25.19,7.58,9.64,61.54,0.0
baidoa,2025083118,3.12,43.65,0.0,24.08,7.95,10.09,67.81,0.0
baidoa,2025083119,3.12,43.65,0.0,22.97,7.84,9.93,74.73,0.0
baidoa,2025083120,3.12,43.65,0.0,22.16,7.44,9.42,79.28,0.0
baidoa,2025083121,3.12,43.65,0.0,21.63,7.05,8.94,81.55,0.0
baidoa,2025083122,3.12,43.65,0.0,21.25,6.58,8.32,83.29,0.0
baidoa,2025083123,3.12,43.65,0.0,20.99,6.24,7.94,84.74,0.0
baidoa,2025090100,3.12,43.65,0.0,20.81,5.97,7.62,85.52,0.0
baidoa,2025090101,3.12,43.65,0.0,20.62,5.19,6.54,86.9,0.0
baidoa,2025090102,3.12,43.65,0.0,20.44,4.58,5.85,88.37,0.0
baidoa,2025090103,3.12,43.65,54.65,20.7,5.04,6.4,87.2,0.0
baidoa,2025090104,3.12,43.65,260.92,22.52,7.23,8.72,76.11,0.0
baidoa,2025090105,3.12,43.65,497.42,25.05,8.05,9.35,62.02,0.0
baidoa,2025090106,3.12,43.65,746.05,27.78,8.43,9.63,49.72,0.0
baidoa,2025090107,3.12,43.65,909.72,30.1,8.63,9.79,41.37,0.0
baidoa,2025090108,3.12,43.65,1000.0,31.96,8.77,9.9,35.35,0.0
baidoa,2025090109,3.12,43.65,999.83,33.33,8.87,10.02,31.14,0.0
baidoa,2025090110,3.12,43.65,842.17,34.18,8.92,10.08,28.86,0.0
baidoa,2025090111,3.12,43.65,569.12,34.43,8.88,10.09,28.21,0.0
baidoa,2025090112,3.12,43.65,321.27,34.07,8.79,10.05,28.99,0.0
baidoa,2025090113,3.12,43.65,175.4,32.91,8.61,9.99,31.8,0.0
baidoa,2025090114,3.12,43.65,50.92,31.02,8.32,10.09,36.83,0.0
baidoa,2025090115,3.12,43.65,0.0,28.86,8.1,10.48,44.2,0.0
baidoa,2025090116,3.12,43.65,0.0,26.98,8.94,11.24,52.82,0.0
baidoa,2025090117,3.12,43.65,0.0,25.09,9.04,11.26,62.95,0.0
baidoa,2025090118,3.12,43.65,0.0,23.71,8.77,10.96,71.84,0.0
baidoa,2025090119,3.12,43.65,0.0,22.84,8.45,10.55,78.58,0.0
baidoa,2025090120,3.12,43.65,0.0,22.31,8.14,10.2,82.87,0.0
baidoa,2025090121,3.12,43.65,0.0,21.88,7.61,9.48,85.09,0.0
baidoa,2025090122,3.12,43.65,0.0,21.59,7.09,8.87,85.74,0.0
baidoa,2025090123,3.12,43.65,0.0,21.32,6.58,8.34,85.81,0.0
baidoa,2025090200,3.12,43.65,0.0,21.14,6.31,8.11,84.76,0.0
baidoa,2025090201,3.12,43.65,0.0,20.97,6.06,7.95,83.95,0.0
baidoa,2025090202,3.12,43.65,0.0,20.77,5.87,7.76,83.64,0.0
baidoa,2025090203,3.12,43.65,52.8,21.06,6.17,7.88,81.23,0.0
baidoa,2025090204,3.12,43.65,247.1,22.95,7.84,9.42,70.62,0.0
baidoa,2025090205,3.12,43.65,472.58,25.34,8.36,9.71,59.05,0.0
baidoa,2025090206,3.12,43.65,715.2,27.77,8.51,9.75,48.8,0.0
baidoa,2025090207,3.12,43.65,913.3,30.03,8.63,9.82,40.9,0.0
baidoa,2025090208,3.12,43.65,998.88,31.92,8.76,9.93,35.34,0.0
baidoa,2025090209,3.12,43.65,1000.65,33.3,8.88,10.08,31.54,0.0
baidoa,2025090210,3.12,43.65,929.22,34.13,8.99,10.22,29.18,0.0
baidoa,2025090211,3.12,43.65,773.9,34.45,9.09,10.41,28.04,0.0
baidoa,2025090212,3.12,43.65,566.97,34.2,9.17,10.56,28.45,0.0
baidoa,2025090213,3.12,43.65,327.42,33.24,9.12,10.69,30.62,0.0
baidoa,2025090214,3.12,43.65,94.68,31.53,8.69,10.66,34.63,0.0
baidoa,2025090215,3.12,43.65,0.0,29.5,8.15,10.69,40.93,0.0
baidoa,2025090216,3.12,43.65,0.0,27.6,9.01,11.49,49.13,0.0
baidoa,2025090217,3.12,43.65,0.0,25.62,9.04,11.34,59.01,0.0
baidoa,2025090218,3.12,43.65,0.0,24.21,8.23,10.33,67.2,0.0
baidoa,2025090219,3.12,43.65,0.0,23.36,7.25,9.24,73.17,0.0
baidoa,2025090220,3.12,43.65,0.0,22.65,6.52,8.45,78.68,0.0
baidoa,2025090221,3.12,43.65,0.0,21.99,5.89,7.69,83.81,0.0
baidoa,2025090222,3.12,43.65,0.0,21.64,5.51,7.06,86.91,0.0
baidoa,2025090223,3.12,43.65,0.0,21.52,5.14,6.54,88.37,0.0
baidoa,2025090300,3.12,43.65,0.0,21.57,5.4,6.98,88.6,0.01
baidoa,2025090301,3.12,43.65,0.0,21.6,5.74,7.38,88.89,0.01
baidoa,2025090302,3.12,43.65,0.0,21.57,5.31,6.74,89.62,0.01
baidoa,2025090303,3.12,43.65,32.5,21.87,5.59,7.02,88.61,0.03
baidoa,2025090304,3.12,43.65,118.5,23.6,7.36,9.0,80.03,0.08
baidoa,2025090305,3.12,43.65,212.48,26.12,8.97,10.64,67.0,0.13
baidoa,2025090306,3.12,43.65,334.98,28.32,9.62,11.15,56.48,0.13
baidoa,2025090307,3.12,43.65,540.05,30.59,9.84,11.25,47.87,0.15
baidoa,2025090308,3.12,43.65,696.05,32.38,9.99,11.35,41.83,0.16
baidoa,2025090309,3.12,43.65,650.4,33.38,10.05,11.37,38.59,0.15
baidoa,2025090310,3.12,43.65,520.92,33.75,10.04,11.33,37.21,0.12
baidoa,2025090311,3.12,43.65,330.2,33.56,9.94,11.25,36.99,0.09
baidoa,2025090312,3.12,43.65,201.3,32.77,9.79,11.17,38.38,0.06
baidoa,2025090313,3.12,43.65,111.35,31.11,9.6,11.19,42.61,0.03
baidoa,2025090314,3.12,43.65,26.3,29.24,9.22,11.15,48.29,0.01
baidoa,2025090315,3.12,43.65,0.0,27.53,8.83,11.11,54.37,0.0
baidoa,2025090316,3.12,43.65,0.0,26.14,9.05,11.33,60.18,0.0
baidoa,2025090317,3.12,43.65,0.0,24.67,8.94,11.14,66.87,0.0
baidoa,2025090318,3.12,43.65,0.0,23.5,8.28,10.33,72.96,0.0
baidoa,2025090319,3.12,43.65,0.0,22.77,7.44,9.33,77.62,0.0
baidoa,2025090320,3.12,43.65,0.0,22.31,6.83,8.63,81.18,0.0
baidoa,2025090321,3.12,43.65,0.0,21.95,6.56,8.31,84.15,0.01
baidoa,2025090322,3.12,43.65,0.0,21.66,6.33,8.02,86.26,0.01
baidoa,2025090323,3.12,43.65,0.0,21.37,5.8,7.28,88.26,0.01
baidoa,2025090400,3.12,43.65,0.0,21.07,4.86,6.16,90.51,0.01
baidoa,2025090401,3.12,43.65,0.0,20.9,4.65,6.06,91.8,0.01
baidoa,2025090402,3.12,43.65,0.0,20.82,4.54,6.05,92.47,0.02
baidoa,2025090403,3.12,43.65,50.3,21.2,5.31,6.8,90.45,0.02
baidoa,2025090404,3.12,43.65,246.8,23.13,7.44,9.03,78.06,0.03
baidoa,2025090405,3.12,43.65,488.42,25.73,8.24,9.55,64.13,0.02
baidoa,2025090406,3.12,43.65,714.72,28.25,8.44,9.61,53.58,0.02
baidoa,2025090407,3.12,43.65,872.95,30.49,8.48,9.57,45.82,0.0
baidoa,2025090408,3.12,43.65,936.45,32.43,8.6,9.67,39.74,0.0
baidoa,2025090409,3.12,43.65,815.7,33.81,8.58,9.63,35.33,0.0
baidoa,2025090410,3.12,43.65,599.75,34.58,8.39,9.4,32.72,0.0
baidoa,2025090411,3.12,43.65,425.73,34.65,8.22,9.24,31.78,0.0
baidoa,2025090412,3.12,43.65,261.9,34.15,8.15,9.22,32.24,0.0
baidoa,2025090413,3.12,43.65,133.12,32.7,8.14,9.43,34.93,0.0
baidoa,2025090414,3.12,43.65,31.85,31.04,8.15,9.85,38.78,0.0
baidoa,2025090415,3.12,43.65,0.0,29.07,8.1,10.36,44.41,0.0
baidoa,2025090416,3.12,43.65,0.0,27.06,8.85,11.08,51.64,0.0
baidoa,2025090417,3.12,43.65,0.0,25.02,8.89,11.04,60.21,0.0
baidoa,2025090418,3.12,43.65,0.0,23.55,8.46,10.55,67.56,0.0
baidoa,2025090419,3.12,43.65,0.0,22.7,7.75,9.72,72.82,0.0
baidoa,2025090420,3.12,43.65,0.0,22.06,7.14,9.03,77.44,0.0
baidoa,2025090421,3.12,43.65,0.0,21.51,6.55,8.34,81.49,0.0
baidoa,2025090422,3.12,43.65,0.0,21.01,6.16,7.92,85.22,0.0
baidoa,2025090423,3.12,43.65,0.0,20.71,6.02,7.75,87.29,0.0
baidoa,2025090500,3.12,43.65,0.0,20.49,5.57,7.14,88.76,0.0
baidoa,2025090501,3.12,43.65,0.0,20.31,4.73,6.06,90.62,0.0
baidoa,2025090502,3.12,43.65,0.0,20.19,4.42,5.79,92.13,0.01
baidoa,2025090503,3.12,43.65,56.25,20.59,4.59,5.87,90.33,0.01
baidoa,2025090504,3.12,43.65,273.45,22.79,6.87,8.27,77.57,0.01
baidoa,2025090505,3.12,43.65,517.03,25.36,7.48,8.66,64.41,0.01
baidoa,2025090506,3.12,43.65,746.05,28.19,7.82,8.89,53.14,0.01
baidoa,2025090507,3.12,43.65,899.8,30.61,7.98,8.99,44.96,0.01
baidoa,2025090508,3.12,43.65,990.8,32.57,7.95,8.9,38.62,0.01
baidoa,2025090509,3.12,43.65,997.3,33.99,7.81,8.73,33.91,0.01
baidoa,2025090510,3.12,43.65,874.03,34.9,7.76,8.66,30.83,0.02
baidoa,2025090511,3.12,43.65,693.12,35.21,7.87,8.79,29.41,0.03
baidoa,2025090512,3.12,43.65,384.35,34.6,8.12,9.14,30.16,0.02
baidoa,2025090513,3.12,43.65,207.27,33.01,8.29,9.53,33.15,0.01
baidoa,2025090514,3.12,43.65,57.4,31.19,8.1,9.75,37.2,0.0
baidoa,2025090515,3.12,43.65,0.0,29.19,7.7,9.92,42.7,0.0
baidoa,2025090516,3.12,43.65,0.0,27.25,8.08,10.29,49.59,0.0
baidoa,2025090517,3.12,43.65,0.0,25.41,8.34,10.58,57.09,0.0
baidoa,2025090518,3.12,43.65,0.0,23.9,8.38,10.54,64.62,0.0
baidoa,2025090519,3.12,43.65,0.0,22.83,7.81,9.81,71.93,0.0
baidoa,2025090520,3.12,43.65,0.0,22.05,7.3,9.19,78.27,0.0
baidoa,2025090521,3.12,43.65,0.0,21.44,6.53,8.31,83.41,0.0
baidoa,2025090522,3.12,43.65,0.0,20.91,5.71,7.38,87.57,0.0
baidoa,2025090523,3.12,43.65,0.0,20.56,5.27,6.79,90.13,0.0
baidoa,2025090600,3.12,43.65,0.0,20.31,5.06,6.52,91.76,0.01
baidoa,2025090601,3.12,43.65,0.0,20.21,5.32,6.9,92.33,0.01
baidoa,2025090602,3.12,43.65,0.0,20.14,5.69,7.44,92.29,0.01
baidoa,2025090603,3.12,43.65,58.55,20.45,6.17,7.86,89.46,0.01
baidoa,2025090604,3.12,43.65,277.88,22.45,7.6,9.09,75.67,0.0
baidoa,2025090605,3.12,43.65,526.83,25.06,7.92,9.12,60.04,0.0
baidoa,2025090606,3.12,43.65,746.58,27.66,7.84,8.91,47.0,0.0
baidoa,2025090607,3.12,43.65,907.62,30.06,7.73,8.73,37.14,0.0
baidoa,2025090608,3.12,43.65,992.97,31.99,7.68,8.64,30.53,0.0
baidoa,2025090609,3.12,43.65,1004.15,33.47,7.62,8.56,26.29,0.0
baidoa,2025090610,3.12,43.65,928.28,34.33,7.53,8.45,24.0,0.0
baidoa,2025090611,3.12,43.65,778.35,34.56,7.45,8.4,23.26,0.0
baidoa,2025090612,3.12,43.65,560.5,34.29,7.4,8.4,23.66,0.0
baidoa,2025090613,3.12,43.65,308.23,33.45,7.42,8.56,25.39,0.0
baidoa,2025090614,3.12,43.65,84.62,31.74,7.21,8.92,29.54,0.0
baidoa,2025090615,3.12,43.65,0.0,29.2,6.43,9.19,38.18,0.0
baidoa,2025090616,3.12,43.65,0.0,27.39,7.19,9.52,48.55,0.0
baidoa,2025090617,3.12,43.65,0.0,25.47,8.2,10.47,61.05,0.0
baidoa,2025090618,3.12,43.65,0.0,24.03,8.04,10.09,70.5,0.0
baidoa,2025090619,3.12,43.65,0.0,23.08,7.48,9.42,77.26,0.0
baidoa,2025090620,3.12,43.65,0.0,22.27,6.85,8.64,83.88,0.0
baidoa,2025090621,3.12,43.65,0.0,21.77,6.21,7.85,88.63,0.01
baidoa,2025090622,3.12,43.65,0.0,21.43,5.67,7.24,91.65,0.01
baidoa,2025090623,3.12,43.65,0.0,21.31,5.1,6.59,92.78,0.02
baidoa,2025090700,3.12,43.65,0.0,21.25,4.47,6.04,93.33,0.02
baidoa,2025090701,3.12,43.65,0.0,21.17,4.15,5.82,93.95,0.02
baidoa,2025090702,3.12,43.65,0.0,21.12,3.95,5.67,94.35,0.02
baidoa,2025090703,3.12,43.65,58.0,21.61,4.65,6.15,91.73,0.02
baidoa,2025090704,3.12,43.65,265.25,23.69,7.26,8.81,79.11,0.01
baidoa,2025090705,3.12,43.65,504.9,26.6,7.94,9.18,63.85,0.01
baidoa,2025090706,3.12,43.65,719.3,29.24,7.95,9.02,52.84,0.01
baidoa,2025090707,3.12,43.65,899.33,31.47,7.82,8.8,44.97,0.0
baidoa,2025090708,3.12,43.65,989.25,33.28,7.72,8.61,39.42,0.0
baidoa,2025090709,3.12,43.65,962.95,34.32,7.59,8.44,36.55,0.01
baidoa,2025090710,3.12,43.65,849.33,34.74,7.53,8.37,35.59,0.01
baidoa,2025090711,3.12,43.65,566.12,34.51,7.62,8.51,36.1,0.01
baidoa,2025090712,3.12,43.65,280.23,33.65,7.8,8.82,38.06,0.02
baidoa,2025090713,3.12,43.65,161.5,32.34,7.94,9.18,41.51,0.01
baidoa,2025090714,3.12,43.65,49.95,30.72,7.72,9.32,45.94,0.01
baidoa,2025090715,3.12,43.65,0.0,29.25,7.16,9.16,50.32,0.0
baidoa,2025090716,3.12,43.65,0.0,28.11,6.91,8.83,54.15,0.0
baidoa,2025090717,3.12,43.65,0.0,26.75,7.32,9.3,60.26,0.0
baidoa,2025090718,3.12,43.65,0.0,25.36,7.19,9.0,68.56,0.0
baidoa,2025090719,3.12,43.65,0.0,24.23,6.72,8.4,76.84,0.0
baidoa,2025090720,3.12,43.65,0.0,23.41,6.21,7.84,83.31,0.0
baidoa,2025090721,3.12,43.65,0.0,22.94,5.94,7.39,87.25,0.0
baidoa,2025090722,3.12,43.65,0.0,22.67,5.51,6.95,89.48,0.01
baidoa,2025090723,3.12,43.65,0.0,22.53,5.02,6.38,90.33,0.03
baidoa,2025090800,3.12,43.65,0.0,22.44,4.54,5.85,91.14,0.62
baidoa,2025090801,3.12,43.65,0.0,22.33,3.8,5.01,92.47,0.67
baidoa,2025090802,3.12,43.65,0.0,22.24,3.31,4.69,93.42,0.65
baidoa,2025090803,3.12,43.65,59.25,22.62,3.87,5.1,91.34,0.75
baidoa,2025090804,3.12,43.65,236.55,24.34,5.74,6.81,80.27,0.62
baidoa,2025090805,3.12,43.65,416.08,26.66,6.08,6.91,67.64,0.64
baidoa,2025090806,3.12,43.65,684.08,29.0,6.26,7.0,57.61,0.5
baidoa,2025090807,3.12,43.65,815.53,31.05,6.46,7.17,50.29,0.53
baidoa,2025090808,3.12,43.65,886.9,32.64,6.57,7.28,45.2,0.51
baidoa,2025090809,3.12,43.65,898.28,33.7,6.58,7.3,41.22,0.37
baidoa,2025090810,3.12,43.65,841.97,34.02,6.62,7.35,38.95,0.3
baidoa,2025090811,3.12,43.65,728.08,34.03,6.57,7.31,37.76,0.2
baidoa,2025090812,3.12,43.65,524.92,33.53,6.56,7.35,37.84,0.14
baidoa,2025090813,3.12,43.65,302.33,32.53,6.6,7.55,39.64,0.08
baidoa,2025090814,3.12,43.65,87.45,30.73,6.19,7.95,44.58,0.01
baidoa,2025090815,3.12,43.65,0.0,28.5,5.92,8.85,52.44,0.0
baidoa,2025090816,3.12,43.65,0.0,26.86,6.52,9.1,57.45,0.0
baidoa,2025090817,3.12,43.65,0.0,25.18,6.61,8.87,62.98,0.0
baidoa,2025090818,3.12,43.65,0.0,23.8,6.27,8.34,68.67,0.0
baidoa,2025090819,3.12,43.65,0.0,22.86,5.72,7.62,75.42,0.0
baidoa,2025090820,3.12,43.65,0.0,22.18,5.21,7.0,83.25,0.01
baidoa,2025090821,3.12,43.65,0.0,21.85,5.0,6.56,89.35,0.1
baidoa,2025090822,3.12,43.65,0.0,21.82,4.9,6.45,92.35,0.21
baidoa,2025090823,3.12,43.65,0.0,21.85,4.82,6.39,93.63,0.32
baidoa,2025090900,3.12,43.65,0.0,21.86,4.52,6.28,94.34,0.33
baidoa,2025090901,3.12,43.65,0.0,21.8,4.66,6.71,95.05,0.34
baidoa,2025090902,3.12,43.65,0.0,21.75,4.72,6.86,95.44,0.35
baidoa,2025090903,3.12,43.65,57.45,22.2,5.18,6.95,93.02,0.48
baidoa,2025090904,3.12,43.65,195.35,24.0,7.36,8.89,81.39,0.29
baidoa,2025090905,3.12,43.65,356.73,26.33,7.71,8.89,68.17,0.22
baidoa,2025090906,3.12,43.65,439.85,28.51,7.71,8.74,58.04,0.04
baidoa,2025090907,3.12,43.65,547.05,30.55,7.7,8.66,49.72,0.01
baidoa,2025090908,3.12,43.65,675.72,32.21,7.69,8.63,42.74,0.01
baidoa,2025090909,3.12,43.65,676.58,33.49,7.66,8.61,37.52,0.0
baidoa,2025090910,3.12,43.65,621.75,34.25,7.65,8.63,34.43,0.0
baidoa,2025090911,3.12,43.65,405.7,34.47,7.62,8.65,33.11,0.0
baidoa,2025090912,3.12,43.65,481.77,34.02,7.52,8.6,33.67,0.0
baidoa,2025090913,3.12,43.65,279.98,32.9,7.35,8.58,35.91,0.0
baidoa,2025090914,3.12,43.65,80.85,30.89,6.59,8.72,41.94,0.01
baidoa,2025090915,3.12,43.65,0.0,28.62,6.39,9.46,50.96,0.01
baidoa,2025090916,3.12,43.65,0.0,27.24,7.24,9.91,57.15,0.0
baidoa,2025090917,3.12,43.65,0.0,25.78,6.96,9.28,64.71,0.0
baidoa,2025090918,3.12,43.65,0.0,24.52,6.56,8.65,72.3,0.0
baidoa,2025090919,3.12,43.65,0.0,23.56,6.28,8.21,79.16,0.01
baidoa,2025090920,3.12,43.65,0.0,22.85,5.97,7.8,84.76,0.08
baidoa,2025090921,3.12,43.65,0.0,22.35,6.09,7.89,88.93,0.23
baidoa,2025090922,3.12,43.65,0.0,22.04,5.65,7.21,91.77,0.27
baidoa,2025090923,3.12,43.65,0.0,21.91,5.1,6.67,93.01,0.27
baidoa,2025091000,3.12,43.65,0.0,21.83,4.87,6.61,93.54,0.27
baidoa,2025091001,3.12,43.65,0.0,21.76,4.7,6.5,94.09,0.27
baidoa,2025091002,3.12,43.65,0.0,21.67,4.41,6.37,94.78,0.29
baidoa,2025091003,3.12,43.65,64.6,22.11,5.35,7.07,92.55,0.41
baidoa,2025091004,3.12,43.65,291.75,23.96,7.61,9.14,80.73,0.34
baidoa,2025091005,3.12,43.65,532.62,26.1,8.13,9.39,67.58,0.11
baidoa,2025091006,3.12,43.65,769.55,28.29,8.08,9.21,55.11,0.01
baidoa,2025091007,3.12,43.65,924.15,30.41,8.03,9.1,44.09,0.0
baidoa,2025091008,3.12,43.65,992.85,32.04,8.08,9.15,37.07,0.0
baidoa,2025091009,3.12,43.65,955.62,32.93,8.06,9.17,33.94,0.0
baidoa,2025091010,3.12,43.65,792.58,33.66,7.89,9.0,32.04,0.0
baidoa,2025091011,3.12,43.65,670.2,34.03,7.71,8.82,30.98,0.0
baidoa,2025091012,3.12,43.65,480.95,33.82,7.65,8.81,31.01,0.0
baidoa,2025091013,3.12,43.65,270.8,32.83,7.54,8.91,32.72,0.0
baidoa,2025091014,3.12,43.65,75.95,30.79,6.45,8.86,37.98,0.0
baidoa,2025091015,3.12,43.65,0.0,27.98,5.71,9.34,48.06,0.0
baidoa,2025091016,3.12,43.65,0.0,26.5,6.45,9.26,54.73,0.0
baidoa,2025091017,3.12,43.65,0.0,25.04,6.56,8.88,63.17,0.0
baidoa,2025091018,3.12,43.65,0.0,23.95,6.37,8.42,71.15,0.0
baidoa,2025091019,3.12,43.65,0.0,23.24,6.22,8.17,77.41,0.0
baidoa,2025091020,3.12,43.65,0.0,22.75,6.05,7.88,82.01,0.02
baidoa,2025091021,3.12,43.65,0.0,22.3,6.22,8.32,85.73,0.06
baidoa,2025091022,3.12,43.65,0.0,21.93,6.24,8.14,88.54,0.13
baidoa,2025091023,3.12,43.65,0.0,21.65,5.8,7.57,90.83,0.17
baidoa,2025091100,3.12,43.65,0.0,21.49,5.65,7.55,92.1,0.21
baidoa,2025091101,3.12,43.65,0.0,21.42,5.54,7.5,92.67,0.17
baidoa,2025091102,3.12,43.65,0.0,21.32,5.29,7.21,93.3,0.14
baidoa,2025091103,3.12,43.65,55.9,21.63,5.79,7.53,91.49,0.19
baidoa,2025091104,3.12,43.65,255.93,23.35,7.76,9.46,80.42,0.17
baidoa,2025091105,3.12,43.65,491.2,25.72,8.29,9.67,67.12,0.13
baidoa,2025091106,3.12,43.65,711.9,28.0,8.33,9.56,56.46,0.09
baidoa,2025091107,3.12,43.65,873.95,29.89,8.2,9.36,49.6,0.13
baidoa,2025091108,3.12,43.65,986.25,31.47,7.98,9.13,44.33,0.09
baidoa,2025091109,3.12,43.65,997.92,32.64,7.75,8.92,40.25,0.06
baidoa,2025091110,3.12,43.65,791.1,33.22,7.61,8.82,37.64,0.05
baidoa,2025091111,3.12,43.65,562.78,33.3,7.54,8.77,36.51,0.04
baidoa,2025091112,3.12,43.65,322.83,32.88,7.48,8.77,36.84,0.07
baidoa,2025091113,3.12,43.65,192.4,31.93,7.52,9.01,39.0,0.05
baidoa,2025091114,3.12,43.65,61.88,30.22,6.87,9.11,43.94,0.01
baidoa,2025091115,3.12,43.65,0.0,27.89,6.62,9.71,52.27,0.0
baidoa,2025091116,3.12,43.65,0.0,26.25,7.61,10.25,58.96,0.0
baidoa,2025091117,3.12,43.65,0.0,24.56,7.54,9.84,67.7,0.0
baidoa,2025091118,3.12,43.65,0.0,23.29,6.87,8.95,76.03,0.0
baidoa,2025091119,3.12,43.65,0.0,22.52,6.36,8.4,82.1,0.0
baidoa,2025091120,3.12,43.65,0.0,22.04,6.27,8.33,86.31,0.01
baidoa,2025091121,3.12,43.65,0.0,21.73,6.1,7.91,89.22,0.08
baidoa,2025091122,3.12,43.65,0.0,21.54,6.28,8.32,90.76,0.15
baidoa,2025091123,3.12,43.65,0.0,21.46,6.58,8.68,90.71,0.18
baidoa,2025091200,3.12,43.65,0.0,21.31,6.4,8.47,91.01,0.19
baidoa,2025091201,3.12,43.65,0.0,21.15,6.26,8.37,91.34,0.21
baidoa,2025091202,3.12,43.65,0.0,20.96,6.0,8.23,92.39,0.23
baidoa,2025091203,3.12,43.65,65.68,21.2,6.19,8.0,91.46,0.32
baidoa,2025091204,3.12,43.65,295.8,23.1,7.79,9.52,80.05,0.29
baidoa,2025091205,3.12,43.65,549.12,25.55,8.15,9.5,66.8,0.2
baidoa,2025091206,3.12,43.65,767.67,27.87,8.05,9.22,56.88,0.26
baidoa,2025091207,3.12,43.65,924.33,29.89,7.98,9.1,49.95,0.21
baidoa,2025091208,3.12,43.65,1004.88,31.68,7.91,9.02,44.48,0.06
baidoa,2025091209,3.12,43.65,985.5,33.1,7.82,8.91,40.27,0.06
baidoa,2025091210,3.12,43.65,803.7,33.88,7.76,8.84,37.66,0.06
baidoa,2025091211,3.12,43.65,566.45,33.98,7.73,8.82,36.64,0.08
baidoa,2025091212,3.12,43.65,363.67,33.48,7.63,8.77,37.36,0.11
baidoa,2025091213,3.12,43.65,197.75,32.32,7.52,8.8,40.07,0.14
baidoa,2025091214,3.12,43.65,65.2,30.35,6.83,8.91,46.05,0.07
baidoa,2025091215,3.12,43.65,0.0,28.11,6.3,9.36,54.94,0.02
baidoa,2025091216,3.12,43.65,0.0,26.81,7.34,10.03,60.42,0.01
baidoa,2025091217,3.12,43.65,0.0,25.45,7.54,9.83,66.86,0.0
baidoa,2025091218,3.12,43.65,0.0,24.05,7.26,9.38,74.81,0.0
baidoa,2025091219,3.12,43.65,0.0,22.99,7.16,9.25,81.98,0.02
baidoa,2025091220,3.12,43.65,0.0,22.44,6.9,8.8,86.23,0.07
baidoa,2025091221,3.12,43.65,0.0,22.14,6.66,8.58,87.77,0.13
baidoa,2025091222,3.12,43.65,0.0,21.89,6.26,8.13,88.45,0.19
baidoa,2025091223,3.12,43.65,0.0,21.61,5.73,7.49,89.61,0.28
baidoa,2025091300,3.12,43.65,0.0,21.34,5.4,7.29,90.71,0.0
baidoa,2025091301,3.12,43.65,0.0,21.15,5.36,7.32,90.58,0.0
baidoa,2025091302,3.12,43.65,0.0,20.96,5.07,7.07,90.77,0.0
baidoa,2025091303,3.12,43.65,57.25,21.27,5.37,6.96,88.68,0.0
baidoa,2025091304,3.12,43.65,246.75,23.15,6.97,8.4,77.28,0.0
baidoa,2025091305,3.12,43.65,467.95,25.54,7.44,8.58,64.86,0.0
baidoa,2025091306,3.12,43.65,584.62,28.05,7.53,8.56,54.06,0.0
baidoa,2025091307,3.12,43.65,700.17,30.26,7.63,8.6,45.79,0.0
baidoa,2025091308,3.12,43.65,885.97,32.06,7.66,8.62,39.47,0.0
baidoa,2025091309,3.12,43.65,934.53,33.41,7.58,8.5,34.87,0.0
baidoa,2025091310,3.12,43.65,725.65,34.25,7.38,8.29,32.12,0.0
baidoa,2025091311,3.12,43.65,661.5,34.56,7.21,8.13,30.98,0.0
baidoa,2025091312,3.12,43.65,428.7,34.22,7.06,8.03,31.5,0.0
baidoa,2025091313,3.12,43.65,212.15,33.22,6.85,7.97,33.61,0.0
baidoa,2025091314,3.12,43.65,54.65,31.33,5.86,7.92,38.94,0.0
baidoa,2025091315,3.12,43.65,0.0,28.9,5.21,8.61,48.41,0.0
baidoa,2025091316,3.12,43.65,0.0,27.52,6.74,9.65,53.79,0.0
baidoa,2025091317,3.12,43.65,0.0,25.85,7.28,9.52,61.49,0.0
baidoa,2025091318,3.12,43.65,0.0,24.42,6.91,8.9,69.13,0.0
baidoa,2025091319,3.12,43.65,0.0,23.39,6.8,8.74,75.45,0.0
baidoa,2025091320,3.12,43.65,0.0,22.73,6.26,8.11,80.79,0.0
baidoa,2025091321,3.12,43.65,0.0,22.3,6.17,7.85,85.45,0.0
baidoa,2025091322,3.12,43.65,0.0,22.11,6.13,7.85,87.75,0.0
baidoa,2025091323,3.12,43.65,0.0,22.08,6.08,7.79,87.73,0.0
baidoa,2025091400,3.12,43.65,0.0,21.96,5.8,7.47,88.56,0.0
baidoa,2025091401,3.12,43.65,0.0,21.76,5.48,7.19,89.97,0.0
baidoa,2025091402,3.12,43.65,0.0,21.57,5.45,7.2,90.82,0.0
baidoa,2025091403,3.12,43.65,58.47,21.79,5.83,7.42,89.08,0.0
baidoa,2025091404,3.12,43.65,230.9,23.62,7.31,8.67,76.7,0.0
baidoa,2025091405,3.12,43.65,416.38,25.77,7.51,8.61,64.92,0.0
baidoa,2025091406,3.12,43.65,591.25,27.92,7.31,8.29,55.41,0.0
baidoa,2025091407,3.12,43.65,805.45,29.98,7.03,7.92,47.2,0.0
baidoa,2025091408,3.12,43.65,832.22,31.73,6.79,7.64,40.31,0.0
baidoa,2025091409,3.12,43.65,893.72,33.13,6.72,7.55,34.59,0.0
baidoa,2025091410,3.12,43.65,877.67,34.11,6.75,7.58,30.07,0.0
baidoa,2025091411,3.12,43.65,617.0,34.62,6.8,7.67,26.99,0.0
baidoa,2025091412,3.12,43.65,365.58,34.49,6.82,7.75,25.77,0.0
baidoa,2025091413,3.12,43.65,204.93,33.64,6.73,7.84,26.27,0.0
baidoa,2025091414,3.12,43.65,58.53,31.64,5.52,7.81,30.43,0.0
baidoa,2025091415,3.12,43.65,0.0,28.28,4.4,8.69,41.37,0.0
baidoa,2025091416,3.12,43.65,0.0,27.35,6.22,9.67,45.99,0.0
baidoa,2025091417,3.12,43.65,0.0,25.61,6.9,9.33,56.58,0.0
baidoa,2025091418,3.12,43.65,0.0,23.95,6.79,8.86,66.82,0.0
baidoa,2025091419,3.12,43.65,0.0,22.85,6.15,8.02,73.31,0.0
baidoa,2025091420,3.12,43.65,0.0,22.21,5.42,7.22,77.35,0.0
baidoa,2025091421,3.12,43.65,0.0,21.7,5.01,6.84,81.42,0.0
baidoa,2025091422,3.12,43.65,0.0,21.39,5.19,6.88,84.92,0.0
baidoa,2025091423,3.12,43.65,0.0,21.17,5.27,6.93,87.33,0.0
baidoa,2025091500,3.12,43.65,0.0,21.08,5.36,6.95,88.01,0.0
baidoa,2025091501,3.12,43.65,0.0,20.96,5.15,6.78,88.47,0.0
baidoa,2025091502,3.12,43.65,0.0,20.87,5.16,6.79,88.27,0.0
baidoa,2025091503,3.12,43.65,63.75,21.18,5.52,6.99,86.12,0.0
baidoa,2025091504,3.12,43.65,282.83,23.1,6.62,7.73,73.72,0.0
baidoa,2025091505,3.12,43.65,532.03,25.59,6.87,7.8,60.24,0.0
baidoa,2025091506,3.12,43.65,750.83,28.32,6.96,7.8,48.62,0.0
baidoa,2025091507,3.12,43.65,909.5,30.88,7.0,7.78,39.48,0.0
baidoa,2025091508,3.12,43.65,993.97,32.98,6.99,7.76,32.83,0.0
baidoa,2025091509,3.12,43.65,1015.47,34.51,6.91,7.66,28.22,0.0
baidoa,2025091510,3.12,43.65,938.28,35.46,6.78,7.53,25.57,0.0
baidoa,2025091511,3.12,43.65,785.55,35.78,6.62,7.36,24.76,0.0
baidoa,2025091512,3.12,43.65,561.17,35.45,6.48,7.26,25.41,0.0
baidoa,2025091513,3.12,43.65,314.0,34.45,6.4,7.32,27.37,0.0
baidoa,2025091514,3.12,43.65,79.22,32.57,5.9,7.72,31.5,0.0
baidoa,2025091515,3.12,43.65,0.0,29.68,5.63,9.06,39.41,0.0
baidoa,2025091516,3.12,43.65,0.0,27.96,7.38,10.0,45.21,0.0
baidoa,2025091517,3.12,43.65,0.0,25.8,7.45,9.55,54.63,0.0
baidoa,2025091518,3.12,43.65,0.0,24.23,6.84,8.75,63.7,0.0
baidoa,2025091519,3.12,43.65,0.0,23.36,6.17,7.95,70.42,0.0
baidoa,2025091520,3.12,43.65,0.0,22.72,5.82,7.55,76.25,0.0
baidoa,2025091521,3.12,43.65,0.0,22.13,5.48,7.09,81.82,0.0
baidoa,2025091522,3.12,43.65,0.0,21.64,5.3,6.89,86.57,0.0
baidoa,2025091523,3.12,43.65,0.0,21.31,5.22,6.7,90.21,0.0
baidoa,2025091600,3.12,43.65,0.0,21.19,5.14,6.67,91.52,0.0
baidoa,2025091601,3.12,43.65,0.0,21.21,5.12,6.67,91.28,0.0
baidoa,2025091602,3.12,43.65,0.0,21.12,4.75,6.25,91.85,0.0
baidoa,2025091603,3.12,43.65,50.97,21.51,5.15,6.55,89.75,0.0
baidoa,2025091604,3.12,43.65,177.8,23.53,6.47,7.61,77.0,0.0
baidoa,2025091605,3.12,43.65,320.5,26.18,6.76,7.7,62.32,0.0
baidoa,2025091606,3.12,43.65,576.67,29.01,6.85,7.69,49.55,0.0
baidoa,2025091607,3.12,43.65,883.47,31.47,6.92,7.7,40.37,0.0
baidoa,2025091608,3.12,43.65,994.08,33.47,7.06,7.84,33.51,0.0
baidoa,2025091609,3.12,43.65,1010.22,34.93,7.15,7.93,28.41,0.0
baidoa,2025091610,3.12,43.65,944.78,35.9,7.11,7.89,25.02,0.0
baidoa,2025091611,3.12,43.65,793.33,36.25,7.0,7.79,23.34,0.0
baidoa,2025091612,3.12,43.65,581.8,35.98,6.91,7.77,23.01,0.0
baidoa,2025091613,3.12,43.65,330.83,35.0,6.88,7.89,24.06,0.0
baidoa,2025091614,3.12,43.65,83.6,33.05,6.4,8.27,27.81,0.0
baidoa,2025091615,3.12,43.65,0.0,29.93,5.8,9.38,36.86,0.0
baidoa,2025091616,3.12,43.65,0.0,28.28,6.81,9.52,45.38,0.0
baidoa,2025091617,3.12,43.65,0.0,26.49,7.05,9.35,56.35,0.0
baidoa,2025091618,3.12,43.65,0.0,25.02,7.04,9.08,66.12,0.0
baidoa,2025091619,3.12,43.65,0.0,24.02,6.44,8.3,72.99,0.0
baidoa,2025091620,3.12,43.65,0.0,23.25,5.95,7.77,79.18,0.0
baidoa,2025091621,3.12,43.65,0.0,22.66,6.05,7.91,85.19,0.0
baidoa,2025091622,3.12,43.65,0.0,22.35,5.86,7.44,88.94,0.0
baidoa,2025091623,3.12,43.65,0.0,22.13,5.1,6.53,91.46,0.0
baidoa,2025091700,3.12,43.65,0.0,22.03,4.88,6.52,92.52,0.0
baidoa,2025091701,3.12,43.65,0.0,21.9,4.57,6.49,93.32,0.0
baidoa,2025091702,3.12,43.65,0.0,21.73,4.3,6.41,94.24,0.0
baidoa,2025091703,3.12,43.65,69.2,22.2,4.81,6.42,91.52,0.0
baidoa,2025091704,3.12,43.65,244.98,24.53,6.57,7.76,76.82,0.0
baidoa,2025091705,3.12,43.65,416.27,27.23,6.74,7.67,62.77,0.0
baidoa,2025091706,3.12,43.65,692.72,29.95,6.68,7.51,51.24,0.0
baidoa,2025091707,3.12,43.65,894.88,32.3,6.67,7.45,42.76,0.0
baidoa,2025091708,3.12,43.65,999.65,34.19,6.72,7.47,37.16,0.0
baidoa,2025091709,3.12,43.65,1013.95,35.62,6.65,7.38,33.41,0.0
baidoa,2025091710,3.12,43.65,918.58,36.54,6.54,7.25,30.97,0.0
baidoa,2025091711,3.12,43.65,776.25,36.86,6.51,7.23,29.67,0.0
baidoa,2025091712,3.12,43.65,549.9,36.5,6.54,7.29,29.49,0.0
baidoa,2025091713,3.12,43.65,305.48,35.42,6.7,7.57,30.76,0.0
baidoa,2025091714,3.12,43.65,77.03,33.47,6.83,8.3,34.77,0.0
baidoa,2025091715,3.12,43.65,0.0,31.27,7.22,9.5,41.92,0.0
baidoa,2025091716,3.12,43.65,0.0,29.15,8.45,10.75,51.25,0.0
baidoa,2025091717,3.12,43.65,0.0,27.03,8.71,10.85,61.27,0.0
baidoa,2025091718,3.12,43.65,0.0,25.65,7.83,9.77,68.29,0.0
baidoa,2025091719,3.12,43.65,0.0,24.75,7.1,8.9,74.05,0.0
baidoa,2025091720,3.12,43.65,0.0,23.98,6.48,8.13,80.05,0.0
baidoa,2025091721,3.12,43.65,0.0,23.4,6.03,7.49,84.99,0.0
baidoa,2025091722,3.12,43.65,0.0,23.01,5.69,7.02,88.51,0.0
baidoa,2025091723,3.12,43.65,0.0,22.81,5.7,7.15,89.3,0.0
baidoa,2025091800,3.12,43.65,0.0,22.66,5.59,7.06,88.9,0.1
baidoa,2025091801,3.12,43.65,0.0,22.46,5.44,7.03,88.8,0.11
baidoa,2025091802,3.12,43.65,0.0,22.22,5.25,6.88,89.77,0.12
baidoa,2025091803,3.12,43.65,40.05,22.48,5.41,6.85,88.49,0.12
baidoa,2025091804,3.12,43.65,155.98,24.48,6.38,7.51,77.14,0.09
baidoa,2025091805,3.12,43.65,303.62,27.21,6.67,7.6,63.58,0.04
baidoa,2025091806,3.12,43.65,513.67,29.87,6.71,7.5,52.23,0.04
baidoa,2025091807,3.12,43.65,631.5,32.06,6.65,7.33,44.69,0.04
baidoa,2025091808,3.12,43.65,832.88,33.78,6.55,7.21,39.33,0.05
baidoa,2025091809,3.12,43.65,812.25,34.93,6.37,7.0,35.89,0.09
baidoa,2025091810,3.12,43.65,637.3,35.55,6.27,6.85,33.79,0.08
baidoa,2025091811,3.12,43.65,584.72,35.69,6.45,7.05,32.84,0.03
baidoa,2025091812,3.12,43.65,367.45,35.12,6.76,7.44,33.38,0.02
baidoa,2025091813,3.12,43.65,203.38,33.84,7.24,8.13,35.77,0.02
baidoa,2025091814,3.12,43.65,59.97,31.77,7.62,9.09,40.57,0.01
baidoa,2025091815,3.12,43.65,0.0,29.81,7.8,9.93,45.96,0.0
baidoa,2025091816,3.12,43.65,0.0,28.21,8.37,10.56,51.32,0.0
baidoa,2025091817,3.12,43.65,0.0,26.49,8.59,10.76,58.74,0.0
baidoa,2025091818,3.12,43.65,0.0,25.1,8.02,10.0,67.07,0.0
baidoa,2025091819,3.12,43.65,0.0,24.11,7.28,9.12,74.51,0.02
baidoa,2025091820,3.12,43.65,0.0,23.31,6.68,8.42,80.92,0.06
baidoa,2025091821,3.12,43.65,0.0,22.85,6.44,8.1,84.52,0.1
baidoa,2025091822,3.12,43.65,0.0,22.51,5.92,7.5,86.62,0.12
baidoa,2025091823,3.12,43.65,0.0,22.24,5.46,6.88,88.88,0.14
baidoa,2025091900,3.12,43.65,0.0,21.96,4.98,6.3,91.75,0.15
baidoa,2025091901,3.12,43.65,0.0,21.77,4.52,6.08,93.44,0.15
baidoa,2025091902,3.12,43.65,0.0,21.65,4.59,6.43,94.29,0.16
baidoa,2025091903,3.12,43.65,56.97,22.03,5.37,7.03,91.68,0.16
baidoa,2025091904,3.12,43.65,191.75,24.05,7.27,8.69,77.86,0.09
baidoa,2025091905,3.12,43.65,405.33,26.69,7.61,8.72,62.95,0.03
baidoa,2025091906,3.12,43.65,627.35,29.24,7.58,8.56,51.57,0.01
baidoa,2025091907,3.12,43.65,777.3,31.42,7.56,8.44,43.16,0.0
baidoa,2025091908,3.12,43.65,821.25,33.15,7.59,8.44,37.21,0.0
baidoa,2025091909,3.12,43.65,711.08,34.4,7.55,8.4,33.1,0.0
baidoa,2025091910,3.12,43.65,658.58,35.14,7.48,8.32,30.38,0.0
baidoa,2025091911,3.12,43.65,571.85,35.34,7.45,8.32,29.1,0.0
baidoa,2025091912,3.12,43.65,367.45,34.99,7.46,8.41,28.94,0.0
baidoa,2025091913,3.12,43.65,187.73,33.98,7.64,8.76,30.21,0.01
baidoa,2025091914,3.12,43.65,54.7,32.08,7.69,9.38,34.14,0.0
baidoa,2025091915,3.12,43.65,0.0,29.81,7.69,10.09,41.02,0.0
baidoa,2025091916,3.12,43.65,0.0,27.73,8.22,10.52,49.06,0.0
baidoa,2025091917,3.12,43.65,0.0,25.64,8.73,11.03,57.83,0.0
baidoa,2025091918,3.12,43.65,0.0,24.13,8.25,10.35,64.79,0.0
baidoa,2025091919,3.12,43.65,0.0,23.12,7.7,9.71,70.39,0.0
baidoa,2025091920,3.12,43.65,0.0,22.28,7.1,9.02,76.05,0.0
baidoa,2025091921,3.12,43.65,0.0,21.52,6.4,8.25,81.77,0.0
baidoa,2025091922,3.12,43.65,0.0,21.02,6.06,7.84,86.32,0.0
baidoa,2025091923,3.12,43.65,0.0,20.74,5.57,7.16,89.2,0.0
baidoa,2025092000,3.12,43.65,0.0,20.64,5.33,6.83,90.55,0.01
baidoa,2025092001,3.12,43.65,0.0,20.58,5.23,6.9,90.81,0.02
baidoa,2025092002,3.12,43.65,0.0,20.48,5.0,6.72,90.62,0.03
baidoa,2025092003,3.12,43.65,80.88,20.81,5.45,7.09,86.23,0.04
baidoa,2025092004,3.12,43.65,326.88,22.67,6.72,7.99,71.92,0.04
baidoa,2025092005,3.12,43.65,578.97,25.27,6.9,7.98,58.94,0.04
baidoa,2025092006,3.12,43.65,802.72,27.99,7.12,8.11,49.68,0.01
baidoa,2025092007,3.12,43.65,935.97,30.38,7.3,8.25,42.75,0.0
baidoa,2025092008,3.12,43.65,1000.55,32.35,7.49,8.42,37.31,0.0
baidoa,2025092009,3.12,43.65,892.22,33.74,7.49,8.4,33.79,0.0
baidoa,2025092010,3.12,43.65,778.2,34.52,7.38,8.26,32.07,0.0
baidoa,2025092011,3.12,43.65,658.22,34.63,7.32,8.21,31.57,0.01
baidoa,2025092012,3.12,43.65,475.4,34.05,7.3,8.25,32.47,0.02
baidoa,2025092013,3.12,43.65,275.12,32.97,7.22,8.31,34.71,0.02
baidoa,2025092014,3.12,43.65,73.0,31.36,6.8,8.34,38.66,0.01
baidoa,2025092015,3.12,43.65,0.0,29.61,5.9,8.34,44.09,0.0
baidoa,2025092016,3.12,43.65,0.0,28.49,6.49,8.97,48.7,0.0
baidoa,2025092017,3.12,43.65,0.0,27.23,6.68,8.95,55.05,0.0
baidoa,2025092018,3.12,43.65,0.0,25.92,6.38,8.43,62.64,0.0
baidoa,2025092019,3.12,43.65,0.0,24.83,5.8,7.65,69.59,0.0
baidoa,2025092020,3.12,43.65,0.0,23.97,5.16,6.88,75.25,0.0
baidoa,2025092021,3.12,43.65,0.0,23.27,4.76,6.48,80.17,0.01
baidoa,2025092022,3.12,43.65,0.0,22.67,4.59,6.37,85.04,0.03
baidoa,2025092023,3.12,43.65,0.0,22.37,4.82,6.6,88.52,0.07
baidoa,2025092100,3.12,43.65,0.0,22.25,4.92,6.62,90.27,0.1
baidoa,2025092101,3.12,43.65,0.0,22.11,4.7,6.23,91.92,0.11
baidoa,2025092102,3.12,43.65,0.0,21.99,4.38,6.12,93.21,0.09
baidoa,2025092103,3.12,43.65,65.78,22.43,4.96,6.47,90.86,0.2
baidoa,2025092104,3.12,43.65,207.05,24.44,6.74,8.12,78.67,0.33
baidoa,2025092105,3.12,43.65,356.55,27.13,7.25,8.39,64.99,0.17
baidoa,2025092106,3.12,43.65,570.7,29.68,7.23,8.22,54.38,0.08
baidoa,2025092107,3.12,43.65,740.58,31.77,7.14,8.03,46.89,0.06
baidoa,2025092108,3.12,43.65,916.12,33.4,7.0,7.82,41.57,0.09
baidoa,2025092109,3.12,43.65,863.0,34.49,6.78,7.55,38.2,0.11
baidoa,2025092110,3.12,43.65,782.83,35.15,6.51,7.25,36.33,0.1
baidoa,2025092111,3.12,43.65,637.15,35.26,6.46,7.19,35.89,0.12
baidoa,2025092112,3.12,43.65,442.0,34.44,6.71,7.51,37.99,0.15
baidoa,2025092113,3.12,43.65,242.02,32.8,7.32,8.35,43.19,0.2
baidoa,2025092114,3.12,43.65,58.92,30.51,7.76,9.32,51.18,0.14
baidoa,2025092115,3.12,43.65,0.0,28.5,7.59,9.6,58.83,0.05
baidoa,2025092116,3.12,43.65,0.0,27.39,7.45,9.47,62.98,0.01
baidoa,2025092117,3.12,43.65,0.0,26.54,7.23,9.28,66.12,0.01
baidoa,2025092118,3.12,43.65,0.0,25.56,7.16,9.19,71.05,0.01
baidoa,2025092119,3.12,43.65,0.0,24.47,6.92,8.76,78.4,0.01
baidoa,2025092120,3.12,43.65,0.0,23.65,6.57,8.22,84.48,0.05
baidoa,2025092121,3.12,43.65,0.0,23.22,6.05,7.56,87.74,0.1
baidoa,2025092122,3.12,43.65,0.0,22.95,5.73,7.2,89.6,0.11
baidoa,2025092123,3.12,43.65,0.0,22.73,5.23,6.58,91.12,0.09
baidoa,2025092200,3.12,43.65,0.0,22.59,4.98,6.37,91.85,0.08
baidoa,2025092201,3.12,43.65,0.0,22.46,4.68,6.11,92.5,0.07
baidoa,2025092202,3.12,43.65,0.0,22.31,4.5,6.04,93.0,0.06
baidoa,2025092203,3.12,43.65,70.2,22.62,5.18,6.8,90.43,0.06
baidoa,2025092204,3.12,43.65,221.75,24.44,7.02,8.4,77.57,0.02
baidoa,2025092205,3.12,43.65,377.88,26.97,7.25,8.34,63.16,0.0
baidoa,2025092206,3.12,43.65,559.67,29.46,7.28,8.24,51.95,0.0
baidoa,2025092207,3.12,43.65,669.58,31.55,7.39,8.27,44.31,0.0
baidoa,2025092208,3.12,43.65,711.15,33.2,7.5,8.38,38.97,0.0
baidoa,2025092209,3.12,43.65,795.65,34.38,7.55,8.43,35.37,0.0
baidoa,2025092210,3.12,43.65,606.47,34.99,7.49,8.37,33.33,0.0
baidoa,2025092211,3.12,43.65,560.33,35.14,7.38,8.27,32.19,0.0
baidoa,2025092212,3.12,43.65,401.4,34.65,7.29,8.25,32.69,0.0
baidoa,2025092213,3.12,43.65,212.77,33.33,7.22,8.36,35.49,0.0
baidoa,2025092214,3.12,43.65,52.65,31.62,7.14,8.75,40.29,0.0
baidoa,2025092215,3.12,43.65,0.0,29.74,6.91,9.25,47.1,0.0
baidoa,2025092216,3.12,43.65,0.0,28.22,7.85,10.12,53.73,0.0
baidoa,2025092217,3.12,43.65,0.0,26.46,8.34,10.59,61.28,0.0
baidoa,2025092218,3.12,43.65,0.0,24.86,8.33,10.44,68.43,0.0
baidoa,2025092219,3.12,43.65,0.0,23.74,7.61,9.58,74.62,0.0
baidoa,2025092220,3.12,43.65,0.0,23.02,6.89,8.73,80.0,0.01
baidoa,2025092221,3.12,43.65,0.0,22.63,6.54,8.34,83.84,0.05
baidoa,2025092222,3.12,43.65,0.0,22.39,6.15,7.77,86.23,0.07
baidoa,2025092223,3.12,43.65,0.0,22.12,5.66,7.16,88.68,0.07
baidoa,2025092300,3.12,43.65,0.0,21.87,5.18,6.6,90.75,0.37
baidoa,2025092301,3.12,43.65,0.0,21.74,5.18,6.91,91.81,0.37
baidoa,2025092302,3.12,43.65,0.0,21.69,5.29,7.03,92.32,0.38
baidoa,2025092303,3.12,43.65,54.3,22.04,5.51,7.1,90.84,0.42
baidoa,2025092304,3.12,43.65,170.4,24.03,7.15,8.63,77.25,0.33
baidoa,2025092305,3.12,43.65,304.8,26.5,7.45,8.6,63.39,0.06
baidoa,2025092306,3.12,43.65,412.55,29.03,7.34,8.35,52.38,0.0
baidoa,2025092307,3.12,43.65,489.73,31.15,7.28,8.21,44.04,0.0
baidoa,2025092308,3.12,43.65,685.22,32.84,7.23,8.13,38.25,0.0
baidoa,2025092309,3.12,43.65,666.42,33.88,7.2,8.07,35.31,0.0
baidoa,2025092310,3.12,43.65,497.7,34.16,7.21,8.06,34.66,0.02
baidoa,2025092311,3.12,43.65,545.38,33.99,7.35,8.21,35.13,0.06
baidoa,2025092312,3.12,43.65,362.45,32.93,7.52,8.51,37.69,0.03
baidoa,2025092313,3.12,43.65,170.62,31.42,7.55,8.77,41.65,0.01
baidoa,2025092314,3.12,43.65,46.75,29.78,7.28,8.93,46.55,0.01
baidoa,2025092315,3.12,43.65,0.0,28.09,6.79,9.05,52.23,0.01
baidoa,2025092316,3.12,43.65,0.0,26.91,7.28,9.49,55.85,0.0
baidoa,2025092317,3.12,43.65,0.0,25.67,7.21,9.33,59.53,0.0
baidoa,2025092318,3.12,43.65,0.0,24.39,7.15,9.27,63.95,0.0
baidoa,2025092319,3.12,43.65,0.0,23.41,6.76,8.76,68.65,0.0
baidoa,2025092320,3.12,43.65,0.0,22.77,6.21,8.14,72.95,0.0
baidoa,2025092321,3.12,43.65,0.0,22.34,5.87,7.73,76.38,0.0
baidoa,2025092322,3.12,43.65,0.0,21.99,5.69,7.5,79.14,0.0
baidoa,2025092323,3.12,43.65,0.0,21.7,5.56,7.31,81.35,0.0
baidoa,2025092400,3.12,43.65,0.0,21.4,5.27,6.93,83.83,0.0
baidoa,2025092401,3.12,43.65,0.0,21.2,5.05,6.61,86.0,0.0
baidoa,2025092402,3.12,43.65,0.0,20.97,4.66,6.3,88.14,0.0
baidoa,2025092403,3.12,43.65,66.68,21.25,5.3,6.89,86.88,0.0
baidoa,2025092404,3.12,43.65,270.65,23.31,7.23,8.63,73.46,0.0
baidoa,2025092405,3.12,43.65,500.17,25.85,7.31,8.36,59.66,0.0
baidoa,2025092406,3.12,43.65,719.7,28.43,7.04,7.92,48.09,0.0
baidoa,2025092407,3.12,43.65,921.53,30.8,6.8,7.57,38.65,0.0
baidoa,2025092408,3.12,43.65,1009.65,32.76,6.71,7.42,31.93,0.0
baidoa,2025092409,3.12,43.65,996.58,34.19,6.74,7.44,27.79,0.0
baidoa,2025092410,3.12,43.65,938.65,35.05,6.66,7.35,25.64,0.0
baidoa,2025092411,3.12,43.65,769.83,35.33,6.37,7.05,25.06,0.0
baidoa,2025092412,3.12,43.65,562.35,34.97,6.26,6.99,25.66,0.0
baidoa,2025092413,3.12,43.65,308.8,33.78,6.13,7.05,27.61,0.0
baidoa,2025092414,3.12,43.65,68.32,32.06,5.48,7.21,31.17,0.0
baidoa,2025092415,3.12,43.65,0.0,30.11,5.08,8.0,36.65,0.0
baidoa,2025092416,3.12,43.65,0.0,28.77,6.46,8.94,41.15,0.0
baidoa,2025092417,3.12,43.65,0.0,26.76,7.53,9.79,49.42,0.0
baidoa,2025092418,3.12,43.65,0.0,24.77,8.27,10.4,59.01,0.0
baidoa,2025092419,3.12,43.65,0.0,23.66,7.73,9.74,64.94,0.0
baidoa,2025092420,3.12,43.65,0.0,23.14,7.27,9.21,68.02,0.0
baidoa,2025092421,3.12,43.65,0.0,22.74,6.69,8.47,70.78,0.0
baidoa,2025092422,3.12,43.65,0.0,22.37,5.99,7.6,73.96,0.0
baidoa,2025092423,3.12,43.65,0.0,22.07,5.54,7.06,77.17,0.01
baidoa,2025092500,3.12,43.65,0.0,21.76,5.3,6.92,80.68,0.04
baidoa,2025092501,3.12,43.65,0.0,21.54,5.48,7.16,83.64,0.14
baidoa,2025092502,3.12,43.65,0.0,21.32,5.4,7.09,86.45,0.24
baidoa,2025092503,3.12,43.65,81.1,21.56,5.46,7.0,86.5,0.29
baidoa,2025092504,3.12,43.65,322.85,22.93,6.91,8.51,79.15,0.06
baidoa,2025092505,3.12,43.65,576.58,25.33,7.41,8.61,65.8,0.0
baidoa,2025092506,3.12,43.65,791.35,27.9,7.45,8.44,53.65,0.0
baidoa,2025092507,3.12,43.65,944.47,30.18,7.55,8.47,43.64,0.0
baidoa,2025092508,3.12,43.65,1023.0,32.14,7.64,8.54,35.51,0.0
baidoa,2025092509,3.12,43.65,1018.08,33.68,7.52,8.37,29.84,0.0
baidoa,2025092510,3.12,43.65,933.78,34.56,7.44,8.27,26.56,0.0
baidoa,2025092511,3.12,43.65,776.42,34.79,7.4,8.26,25.22,0.0
baidoa,2025092512,3.12,43.65,489.05,34.21,7.29,8.25,25.77,0.0
baidoa,2025092513,3.12,43.65,277.35,32.9,7.04,8.2,28.07,0.0
baidoa,2025092514,3.12,43.65,63.58,31.16,6.09,7.97,32.21,0.0
baidoa,2025092515,3.12,43.65,0.0,28.75,4.84,8.34,40.14,0.0
baidoa,2025092516,3.12,43.65,0.0,27.71,6.08,9.18,46.0,0.0
baidoa,2025092517,3.12,43.65,0.0,26.27,6.7,9.13,55.42,0.0
baidoa,2025092518,3.12,43.65,0.0,24.71,6.63,8.65,66.33,0.0
baidoa,2025092519,3.12,43.65,0.0,23.46,6.74,8.65,75.2,0.0
baidoa,2025092520,3.12,43.65,0.0,22.69,6.33,8.1,80.55,0.0
baidoa,2025092521,3.12,43.65,0.0,22.18,5.87,7.6,83.84,0.0
baidoa,2025092522,3.12,43.65,0.0,21.83,5.66,7.37,86.13,0.01
baidoa,2025092523,3.12,43.65,0.0,21.53,5.51,7.24,88.01,0.04
baidoa,2025092600,3.12,43.65,0.0,21.25,5.42,7.07,89.74,0.08
baidoa,2025092601,3.12,43.65,0.0,21.01,5.42,7.11,90.88,0.13
baidoa,2025092602,3.12,43.65,0.0,20.9,5.54,7.24,90.51,0.17
baidoa,2025092603,3.12,43.65,84.3,21.12,5.87,7.55,88.38,0.2
baidoa,2025092604,3.12,43.65,328.75,22.8,7.14,8.6,76.76,0.03
baidoa,2025092605,3.12,43.65,580.45,25.45,7.59,8.8,61.66,0.0
baidoa,2025092606,3.12,43.65,793.28,28.3,7.62,8.72,48.53,0.0
baidoa,2025092607,3.12,43.65,944.05,30.91,7.55,8.54,38.83,0.0
baidoa,2025092608,3.12,43.65,1020.5,32.99,7.44,8.38,32.58,0.0
baidoa,2025092609,3.12,43.65,1010.65,34.52,7.32,8.22,28.83,0.0
baidoa,2025092610,3.12,43.65,924.72,35.52,7.13,8.0,26.71,0.0
baidoa,2025092611,3.12,43.65,746.17,35.92,6.91,7.78,25.82,0.0
baidoa,2025092612,3.12,43.65,530.22,35.7,6.74,7.64,25.96,0.0
baidoa,2025092613,3.12,43.65,290.7,34.76,6.57,7.61,27.32,0.0
baidoa,2025092614,3.12,43.65,63.08,32.96,5.96,7.75,30.73,0.0
baidoa,2025092615,3.12,43.65,0.0,30.04,5.25,8.79,38.65,0.0
baidoa,2025092616,3.12,43.65,0.0,28.65,7.52,10.27,44.52,0.0
baidoa,2025092617,3.12,43.65,0.0,26.43,8.48,10.77,54.94,0.0
baidoa,2025092618,3.12,43.65,0.0,24.59,7.75,9.72,64.41,0.0
baidoa,2025092619,3.12,43.65,0.0,23.67,7.0,8.89,69.76,0.0
baidoa,2025092620,3.12,43.65,0.0,23.16,6.63,8.47,73.44,0.0
baidoa,2025092621,3.12,43.65,0.0,22.68,6.45,8.3,77.35,0.0
baidoa,2025092622,3.12,43.65,0.0,22.26,6.41,8.3,80.9,0.01
baidoa,2025092623,3.12,43.65,0.0,21.92,6.39,8.29,83.79,0.01
baidoa,2025092700,3.12,43.65,0.0,21.69,6.17,8.01,85.65,0.02
baidoa,2025092701,3.12,43.65,0.0,21.46,5.75,7.52,87.49,0.07
baidoa,2025092702,3.12,43.65,0.0,21.21,5.38,7.02,89.56,0.14
baidoa,2025092703,3.12,43.65,80.68,21.4,5.47,7.03,89.01,0.16
baidoa,2025092704,3.12,43.65,303.58,23.29,6.99,8.44,76.82,0.06
baidoa,2025092705,3.12,43.65,537.78,25.9,7.38,8.51,61.36,0.0
baidoa,2025092706,3.12,43.65,752.55,28.52,7.33,8.34,48.28,0.0
baidoa,2025092707,3.12,43.65,898.83,31.07,7.3,8.22,38.26,0.0
baidoa,2025092708,3.12,43.65,982.88,33.19,7.29,8.16,31.58,0.0
baidoa,2025092709,3.12,43.65,922.53,34.63,7.22,8.06,27.93,0.0
baidoa,2025092710,3.12,43.65,819.9,35.46,7.09,7.91,26.06,0.0
baidoa,2025092711,3.12,43.65,608.62,35.7,6.89,7.71,25.43,0.0
baidoa,2025092712,3.12,43.65,469.35,35.36,6.73,7.61,25.89,0.0
baidoa,2025092713,3.12,43.65,255.93,34.34,6.66,7.7,27.7,0.0
baidoa,2025092714,3.12,43.65,57.15,32.54,6.09,7.84,31.74,0.0
baidoa,2025092715,3.12,43.65,0.0,29.85,5.06,8.53,40.34,0.0
baidoa,2025092716,3.12,43.65,0.0,28.62,7.37,10.04,47.39,0.0
baidoa,2025092717,3.12,43.65,0.0,26.53,8.4,10.68,57.49,0.0
baidoa,2025092718,3.12,43.65,0.0,24.66,8.2,10.31,65.64,0.0
baidoa,2025092719,3.12,43.65,0.0,23.64,7.2,9.11,69.97,0.0
baidoa,2025092720,3.12,43.65,0.0,23.03,6.31,8.12,72.97,0.0
baidoa,2025092721,3.12,43.65,0.0,22.5,5.67,7.42,76.73,0.0
baidoa,2025092722,3.12,43.65,0.0,21.93,5.27,6.99,81.73,0.0
baidoa,2025092723,3.12,43.65,0.0,21.41,5.19,6.96,86.95,0.01
baidoa,2025092800,3.12,43.65,0.0,21.15,5.34,7.02,90.45,0.01
baidoa,2025092801,3.12,43.65,0.0,21.08,5.38,7.02,91.85,0.03
baidoa,2025092802,3.12,43.65,0.0,21.03,4.86,6.46,92.81,0.06
baidoa,2025092803,3.12,43.65,74.57,21.44,5.12,6.7,90.99,0.07
baidoa,2025092804,3.12,43.65,289.6,23.57,6.89,8.36,78.62,0.08
baidoa,2025092805,3.12,43.65,519.25,26.34,7.34,8.57,64.42,0.08
baidoa,2025092806,3.12,43.65,726.08,29.1,7.15,8.17,53.27,0.06
baidoa,2025092807,3.12,43.65,895.47,31.47,6.83,7.73,45.08,0.06
baidoa,2025092808,3.12,43.65,1005.7,33.34,6.57,7.4,39.0,0.04
baidoa,2025092809,3.12,43.65,979.9,34.68,6.35,7.13,34.8,0.03
baidoa,2025092810,3.12,43.65,843.62,35.5,6.15,6.91,32.05,0.03
baidoa,2025092811,3.12,43.65,628.8,35.54,6.08,6.84,31.26,0.04
baidoa,2025092812,3.12,43.65,412.98,34.97,6.08,6.86,32.38,0.06
baidoa,2025092813,3.12,43.65,224.12,33.28,6.11,7.04,36.6,0.06
baidoa,2025092814,3.12,43.65,49.85,31.26,6.39,7.77,43.06,0.04
baidoa,2025092815,3.12,43.65,0.0,29.22,6.76,8.65,51.2,0.03
baidoa,2025092816,3.12,43.65,0.0,27.91,7.1,9.07,57.13,0.01
baidoa,2025092817,3.12,43.65,0.0,26.87,6.73,8.63,61.58,0.0
baidoa,2025092818,3.12,43.65,0.0,25.91,6.46,8.3,66.31,0.0
baidoa,2025092819,3.12,43.65,0.0,24.96,6.58,8.37,72.21,0.0
baidoa,2025092820,3.12,43.65,0.0,24.15,6.42,8.05,78.38,0.02
baidoa,2025092821,3.12,43.65,0.0,23.59,5.92,7.42,83.45,0.05
baidoa,2025092822,3.12,43.65,0.0,23.34,5.44,6.91,86.02,0.07
baidoa,2025092823,3.12,43.65,0.0,23.27,5.22,6.65,86.31,0.08
baidoa,2025092900,3.12,43.65,0.0,23.16,4.84,6.18,86.96,0.09
baidoa,2025092901,3.12,43.65,0.0,23.0,4.47,5.76,88.0,0.09
baidoa,2025092902,3.12,43.65,0.0,22.79,4.1,5.49,89.4,0.08
baidoa,2025092903,3.12,43.65,45.35,23.0,4.51,5.87,88.1,0.07
baidoa,2025092904,3.12,43.65,168.02,24.73,5.84,6.9,77.04,0.02
baidoa,2025092905,3.12,43.65,348.55,27.28,6.27,7.13,63.1,0.01
baidoa,2025092906,3.12,43.65,545.85,29.81,6.44,7.2,52.21,0.01
baidoa,2025092907,3.12,43.65,656.72,31.98,6.53,7.24,44.57,0.01
baidoa,2025092908,3.12,43.65,806.4,33.66,6.68,7.41,39.38,0.01
baidoa,2025092909,3.12,43.65,790.28,34.86,6.69,7.42,35.85,0.02
baidoa,2025092910,3.12,43.65,692.55,35.66,6.44,7.15,33.28,0.02
baidoa,2025092911,3.12,43.65,622.35,35.87,6.17,6.9,31.75,0.02
baidoa,2025092912,3.12,43.65,452.15,35.66,5.93,6.67,31.13,0.02
baidoa,2025092913,3.12,43.65,244.4,34.82,5.75,6.57,31.67,0.02
baidoa,2025092914,3.12,43.65,51.75,33.2,5.33,6.74,34.37,0.01
baidoa,2025092915,3.12,43.65,0.0,31.11,5.27,8.04,40.02,0.0
baidoa,2025092916,3.12,43.65,0.0,29.6,7.33,9.79,45.86,0.0
baidoa,2025092917,3.12,43.65,0.0,27.34,8.29,10.5,56.57,0.0
baidoa,2025092918,3.12,43.65,0.0,25.44,7.67,9.59,66.83,0.0
baidoa,2025092919,3.12,43.65,0.0,24.37,6.53,8.16,72.91,0.0
baidoa,2025092920,3.12,43.65,0.0,23.63,5.96,7.52,77.56,0.0
baidoa,2025092921,3.12,43.65,0.0,23.01,5.79,7.28,82.11,0.0
baidoa,2025092922,3.12,43.65,0.0,22.58,5.66,7.15,85.24,0.01
baidoa,2025092923,3.12,43.65,0.0,22.34,5.42,6.89,86.19,0.02
baidoa,2025093000,3.12,43.65,0.0,22.12,4.83,6.26,87.26,0.02
baidoa,2025093001,3.12,43.65,0.0,21.96,4.44,5.96,88.04,0.03
baidoa,2025093002,3.12,43.65,0.0,21.84,4.33,5.97,88.8,0.03
baidoa,2025093003,3.12,43.65,70.78,22.18,4.95,6.38,87.51,0.04
baidoa,2025093004,3.12,43.65,242.88,24.13,5.91,6.96,76.4,0.01
baidoa,2025093005,3.12,43.65,425.1,26.94,6.15,6.99,60.35,0.0
baidoa,2025093006,3.12,43.65,702.38,29.88,6.09,6.78,47.25,0.0
baidoa,2025093007,3.12,43.65,929.5,32.41,5.95,6.54,38.52,0.0
baidoa,2025093008,3.12,43.65,1004.08,34.41,5.92,6.46,32.43,0.0
baidoa,2025093009,3.12,43.65,1008.42,35.82,5.96,6.51,28.13,0.0
baidoa,2025093010,3.12,43.65,914.05,36.64,6.05,6.62,25.21,0.0
baidoa,2025093011,3.12,43.65,709.03,36.8,6.16,6.78,23.66,0.0
baidoa,2025093012,3.12,43.65,490.12,36.22,6.17,6.89,23.42,0.0
baidoa,2025093013,3.12,43.65,255.1,35.14,6.14,7.01,24.42,0.0
baidoa,2025093014,3.12,43.65,53.72,33.33,5.77,7.43,27.65,0.0
baidoa,2025093015,3.12,43.65,0.0,30.62,5.38,8.65,35.62,0.0
baidoa,2025093016,3.12,43.65,0.0,29.14,6.82,9.28,43.76,0.0
baidoa,2025093017,3.12,43.65,0.0,27.35,7.5,9.68,53.35,0.0
baidoa,2025093018,3.12,43.65,0.0,25.8,7.45,9.42,60.76,0.0
baidoa,2025093019,3.12,43.65,0.0,24.78,6.54,8.27,65.46,0.0
baidoa,2025093020,3.12,43.65,0.0,23.98,5.73,7.3,69.94,0.0
baidoa,2025093021,3.12,43.65,0.0,23.27,5.32,6.77,75.42,0.0
baidoa,2025093022,3.12,43.65,0.0,22.7,5.14,6.57,81.37,0.02
baidoa,2025093023,3.12,43.65,0.0,22.25,5.15,6.66,86.75,0.04
baidoa,2025100100,3.12,43.65,0.0,22.07,5.37,6.92,90.03,0.06
baidoa,2025100101,3.12,43.65,0.0,22.05,5.59,7.26,90.64,0.07
baidoa,2025100102,3.12,43.65,0.0,21.97,5.75,7.52,91.54,0.06
baidoa,2025100103,3.12,43.65,82.0,22.28,6.15,7.9,89.71,0.04
baidoa,2025100104,3.12,43.65,288.62,24.25,7.05,8.42,75.35,0.0
baidoa,2025100105,3.12,43.65,507.98,26.82,7.11,8.26,59.13,0.0
baidoa,2025100106,3.12,43.65,708.35,29.13,6.93,7.92,49.05,0.0
baidoa,2025100107,3.12,43.65,824.45,31.12,6.76,7.66,42.75,0.0
baidoa,2025100108,3.12,43.65,916.08,32.83,6.73,7.59,37.94,0.0
baidoa,2025100109,3.12,43.65,686.12,34.46,6.93,7.8,33.12,0.0
baidoa,2025100110,3.12,43.65,527.95,35.81,7.26,8.17,28.56,0.0
baidoa,2025100111,3.12,43.65,444.4,36.16,7.39,8.35,25.91,0.01
baidoa,2025100112,3.12,43.65,257.38,35.77,7.3,8.34,25.3,0.02
baidoa,2025100113,3.12,43.65,138.52,34.78,7.03,8.2,26.97,0.04
baidoa,2025100114,3.12,43.65,34.22,32.95,6.2,8.02,31.68,0.04
baidoa,2025100115,3.12,43.65,0.0,30.34,5.0,8.31,40.99,0.04
baidoa,2025100116,3.12,43.65,0.0,29.11,6.53,9.14,48.45,0.03
baidoa,2025100117,3.12,43.65,0.0,27.53,7.54,9.76,56.97,0.02
baidoa,2025100118,3.12,43.65,0.0,25.86,7.68,9.64,64.89,0.0
baidoa,2025100119,3.12,43.65,0.0,24.66,7.09,8.89,70.35,0.0
baidoa,2025100120,3.12,43.65,0.0,23.98,6.57,8.25,73.65,0.01
baidoa,2025100121,3.12,43.65,0.0,23.48,6.37,8.05,76.5,0.01
baidoa,2025100122,3.12,43.65,0.0,23.0,6.41,8.14,79.2,0.02
baidoa,2025100123,3.12,43.65,0.0,22.54,6.31,8.08,81.59,0.04
baidoa,2025100200,3.12,43.65,0.0,22.24,6.12,7.88,83.62,0.06
baidoa,2025100201,3.12,43.65,0.0,22.04,5.76,7.42,85.09,0.07
baidoa,2025100202,3.12,43.65,0.0,21.88,5.13,6.69,86.58,0.08
baidoa,2025100203,3.12,43.65,71.5,22.15,5.4,7.0,84.66,0.07
baidoa,2025100204,3.12,43.65,258.17,23.94,6.62,7.9,73.54,0.02
baidoa,2025100205,3.12,43.65,482.35,26.51,6.82,7.81,59.44,0.0
baidoa,2025100206,3.12,43.65,669.25,29.23,6.77,7.61,47.12,0.0
baidoa,2025100207,3.12,43.65,903.92,31.76,6.66,7.4,37.66,0.0
baidoa,2025100208,3.12,43.65,1005.03,33.76,6.57,7.27,31.63,0.0
baidoa,2025100209,3.12,43.65,950.72,35.22,6.51,7.19,27.85,0.0
baidoa,2025100210,3.12,43.65,911.38,36.13,6.43,7.11,25.3,0.0
baidoa,2025100211,3.12,43.65,753.7,36.42,6.31,6.99,23.79,0.0
baidoa,2025100212,3.12,43.65,537.35,36.15,6.18,6.91,23.08,0.0
baidoa,2025100213,3.12,43.65,285.23,35.16,6.06,6.91,23.48,0.0
baidoa,2025100214,3.12,43.65,54.7,33.37,5.44,7.08,25.44,0.0
baidoa,2025100215,3.12,43.65,0.0,30.27,4.54,8.22,31.98,0.0
baidoa,2025100216,3.12,43.65,0.0,28.92,6.39,9.29,38.69,0.0
baidoa,2025100217,3.12,43.65,0.0,26.93,7.42,9.76,52.51,0.0
baidoa,2025100218,3.12,43.65,0.0,25.11,7.86,10.01,66.86,0.0
baidoa,2025100219,3.12,43.65,0.0,24.02,7.24,9.17,74.61,0.0
baidoa,2025100220,3.12,43.65,0.0,23.23,6.69,8.53,79.89,0.0
baidoa,2025100221,3.12,43.65,0.0,22.63,6.43,8.21,84.81,0.0
baidoa,2025100222,3.12,43.65,0.0,22.3,6.12,7.81,88.15,0.02
baidoa,2025100223,3.12,43.65,0.0,22.12,5.78,7.43,90.5,0.05
baidoa,2025100300,3.12,43.65,0.0,21.98,5.48,7.18,92.24,0.07
baidoa,2025100301,3.12,43.65,0.0,21.94,5.54,7.44,92.47,0.08
baidoa,2025100302,3.12,43.65,0.0,21.88,5.53,7.42,92.25,0.09
baidoa,2025100303,3.12,43.65,65.97,22.16,5.96,7.84,89.96,0.09
baidoa,2025100304,3.12,43.65,200.82,23.89,7.2,8.64,77.19,0.02
baidoa,2025100305,3.12,43.65,343.73,26.61,7.17,8.28,61.09,0.0
baidoa,2025100306,3.12,43.65,556.28,29.67,6.95,7.88,46.49,0.0
baidoa,2025100307,3.12,43.65,669.42,32.46,6.73,7.52,36.85,0.0
baidoa,2025100308,3.12,43.65,708.17,34.59,6.56,7.25,31.53,0.0
baidoa,2025100309,3.12,43.65,765.33,36.05,6.49,7.15,28.43,0.0
baidoa,2025100310,3.12,43.65,804.5,36.83,6.46,7.13,26.66,0.0
baidoa,2025100311,3.12,43.65,722.72,36.68,6.4,7.14,26.46,0.0
baidoa,2025100312,3.12,43.65,512.4,35.63,6.28,7.16,27.76,0.0
baidoa,2025100313,3.12,43.65,261.2,34.45,6.23,7.3,29.61,0.0
baidoa,2025100314,3.12,43.65,48.75,32.99,6.11,7.82,32.56,0.0
baidoa,2025100315,3.12,43.65,0.0,31.1,6.13,8.52,37.82,0.0
baidoa,2025100316,3.12,43.65,0.0,29.19,7.43,9.71,45.17,0.0
baidoa,2025100317,3.12,43.65,0.0,27.02,8.22,10.38,55.37,0.0
baidoa,2025100318,3.12,43.65,0.0,25.52,7.46,9.36,63.85,0.0
baidoa,2025100319,3.12,43.65,0.0,24.7,6.67,8.43,69.74,0.01
baidoa,2025100320,3.12,43.65,0.0,24.15,6.09,7.75,74.83,0.04
baidoa,2025100321,3.12,43.65,0.0,23.7,5.61,7.15,79.41,0.02
baidoa,2025100322,3.12,43.65,0.0,23.36,5.36,6.84,82.66,0.02
baidoa,2025100323,3.12,43.65,0.0,23.11,5.11,6.47,85.37,0.04
baidoa,2025100400,3.12,43.65,0.0,22.89,5.03,6.35,88.12,0.05
baidoa,2025100401,3.12,43.65,0.0,22.71,5.07,6.41,90.23,0.05
baidoa,2025100402,3.12,43.65,0.0,22.54,4.92,6.26,91.83,0.06
baidoa,2025100403,3.12,43.65,61.85,22.73,5.45,7.1,90.11,0.06
baidoa,2025100404,3.12,43.65,213.93,24.51,7.1,8.5,76.66,0.03
baidoa,2025100405,3.12,43.65,395.3,27.15,7.19,8.31,60.39,0.0
baidoa,2025100406,3.12,43.65,579.45,30.0,6.85,7.78,46.07,0.0
baidoa,2025100407,3.12,43.65,699.47,32.56,6.36,7.12,35.69,0.0
baidoa,2025100408,3.12,43.65,742.2,34.1,5.88,6.54,30.29,0.0
baidoa,2025100409,3.12,43.65,696.83,34.66,5.39,5.99,28.54,0.0
baidoa,2025100410,3.12,43.65,664.0,35.05,4.95,5.51,27.95,0.0
baidoa,2025100411,3.12,43.65,500.0,35.08,4.71,5.26,28.24,0.0
baidoa,2025100412,3.12,43.65,314.17,34.5,4.78,5.4,29.66,0.0
baidoa,2025100413,3.12,43.65,142.98,33.63,5.15,5.94,31.85,0.0
baidoa,2025100414,3.12,43.65,31.88,32.26,5.4,6.83,35.44,0.0
baidoa,2025100415,3.12,43.65,0.0,30.6,5.56,7.87,40.48,0.0
baidoa,2025100416,3.12,43.65,0.0,29.12,6.28,8.43,46.02,0.0
baidoa,2025100417,3.12,43.65,0.0,27.47,7.09,9.16,53.91,0.0
baidoa,2025100418,3.12,43.65,0.0,26.04,7.04,8.95,62.43,0.0
baidoa,2025100419,3.12,43.65,0.0,25.13,6.52,8.3,68.85,0.0
baidoa,2025100420,3.12,43.65,0.0,24.4,6.12,7.82,74.35,0.0
baidoa,2025100421,3.12,43.65,0.0,23.75,5.95,7.58,79.29,0.0
baidoa,2025100422,3.12,43.65,0.0,23.23,5.76,7.33,83.0,0.03
baidoa,2025100423,3.12,43.65,0.0,22.89,5.46,6.98,85.3,0.05
baidoa,2025100500,3.12,43.65,0.0,22.68,5.06,6.49,86.79,0.06
baidoa,2025100501,3.12,43.65,0.0,22.45,4.7,6.14,88.38,0.08
baidoa,2025100502,3.12,43.65,0.0,22.18,4.32,5.63,90.24,0.08
baidoa,2025100503,3.12,43.65,68.03,22.36,4.62,5.97,89.1,0.07
baidoa,2025100504,3.12,43.65,244.85,24.08,5.98,7.16,77.08,0.04
baidoa,2025100505,3.12,43.65,458.65,26.56,6.25,7.18,62.42,0.01
baidoa,2025100506,3.12,43.65,710.1,29.26,6.18,6.99,49.52,0.0
baidoa,2025100507,3.12,43.65,811.97,31.63,6.03,6.71,40.86,0.0
baidoa,2025100508,3.12,43.65,750.5,33.54,5.94,6.54,35.77,0.0
baidoa,2025100509,3.12,43.65,665.92,34.79,5.9,6.44,33.29,0.01
baidoa,2025100510,3.12,43.65,590.58,35.32,5.84,6.37,32.4,0.02
baidoa,2025100511,3.12,43.65,463.92,35.17,5.85,6.42,32.83,0.05
baidoa,2025100512,3.12,43.65,285.65,34.12,5.99,6.7,35.15,0.05
baidoa,2025100513,3.12,43.65,135.43,32.78,6.27,7.23,38.44,0.05
baidoa,2025100514,3.12,43.65,17.4,31.28,6.24,7.63,42.16,0.02
baidoa,2025100515,3.12,43.65,0.0,29.88,5.67,7.81,45.45,0.0
baidoa,2025100516,3.12,43.65,0.0,28.83,6.33,8.59,47.67,0.0
baidoa,2025100517,3.12,43.65,0.0,27.4,6.79,8.89,51.78,0.0
baidoa,2025100518,3.12,43.65,0.0,25.82,6.99,9.04,57.62,0.0
baidoa,2025100519,3.12,43.65,0.0,24.5,6.74,8.58,64.22,0.0
baidoa,2025100520,3.12,43.65,0.0,23.57,6.1,7.77,71.14,0.0
baidoa,2025100521,3.12,43.65,0.0,22.84,5.57,7.12,77.92,0.0
baidoa,2025100522,3.12,43.65,0.0,22.32,5.38,6.92,83.12,0.0
baidoa,2025100523,3.12,43.65,0.0,22.08,5.45,6.96,85.01,0.01
baidoa,2025100600,3.12,43.65,0.0,21.78,5.22,6.73,86.35,0.03
baidoa,2025100601,3.12,43.65,0.0,21.6,5.09,6.56,88.11,0.04
baidoa,2025100602,3.12,43.65,0.0,21.51,5.04,6.62,89.06,0.04
baidoa,2025100603,3.12,43.65,62.0,21.76,5.28,6.74,87.88,0.04
baidoa,2025100604,3.12,43.65,236.07,23.54,6.05,7.21,76.44,0.0
baidoa,2025100605,3.12,43.65,448.62,26.23,6.08,7.0,60.25,0.0
baidoa,2025100606,3.12,43.65,640.65,29.05,5.88,6.68,46.22,0.0
baidoa,2025100607,3.12,43.65,793.3,31.51,5.65,6.34,37.75,0.0
baidoa,2025100608,3.12,43.65,911.35,33.23,5.44,6.07,33.95,0.0
baidoa,2025100609,3.12,43.65,829.92,34.38,5.14,5.73,32.25,0.0
baidoa,2025100610,3.12,43.65,710.2,35.23,4.79,5.32,31.24,0.0
baidoa,2025100611,3.12,43.65,534.42,35.19,4.6,5.1,31.59,0.0
baidoa,2025100612,3.12,43.65,339.33,34.13,4.54,5.07,33.92,0.0
baidoa,2025100613,3.12,43.65,165.32,32.75,4.75,5.44,37.56,0.0
baidoa,2025100614,3.12,43.65,31.0,31.26,5.13,6.21,41.92,0.0
baidoa,2025100615,3.12,43.65,0.0,30.04,5.48,7.29,45.09,0.0
baidoa,2025100616,3.12,43.65,0.0,29.06,6.22,8.12,46.9,0.0
baidoa,2025100617,3.12,43.65,0.0,27.51,6.74,8.74,51.21,0.0
baidoa,2025100618,3.12,43.65,0.0,25.83,6.95,8.83,58.81,0.0
baidoa,2025100619,3.12,43.65,0.0,24.61,6.5,8.24,68.39,0.0
baidoa,2025100620,3.12,43.65,0.0,23.84,5.97,7.56,76.87,0.0
baidoa,2025100621,3.12,43.65,0.0,23.35,5.5,6.97,82.62,0.02
baidoa,2025100622,3.12,43.65,0.0,23.01,4.87,6.22,85.93,0.04
baidoa,2025100623,3.12,43.65,0.0,22.65,4.16,5.36,88.75,0.06
baidoa,2025100700,3.12,43.65,0.0,22.31,3.5,4.63,91.46,0.07
baidoa,2025100701,3.12,43.65,0.0,22.08,3.03,4.32,93.4,0.07
baidoa,2025100702,3.12,43.65,0.0,21.97,3.04,4.72,94.37,0.07
baidoa,2025100703,3.12,43.65,58.7,22.4,3.75,5.03,92.55,0.08
baidoa,2025100704,3.12,43.65,220.32,24.41,5.29,6.33,80.37,0.06
baidoa,2025100705,3.12,43.65,424.02,27.24,5.68,6.49,64.77,0.05
baidoa,2025100706,3.12,43.65,641.92,30.06,5.7,6.38,51.7,0.02
baidoa,2025100707,3.12,43.65,799.83,32.51,5.67,6.27,41.96,0.01
baidoa,2025100708,3.12,43.65,864.08,34.37,5.64,6.2,35.64,0.01
baidoa,2025100709,3.12,43.65,773.3,35.55,5.56,6.11,31.86,0.02
baidoa,2025100710,3.12,43.65,655.6,36.26,5.49,6.02,29.56,0.02
baidoa,2025100711,3.12,43.65,517.12,36.04,5.59,6.15,29.17,0.02
baidoa,2025100712,3.12,43.65,321.58,35.13,5.86,6.56,30.5,0.02
baidoa,2025100713,3.12,43.65,156.68,33.61,6.26,7.27,33.49,0.02
baidoa,2025100714,3.12,43.65,25.0,32.1,6.65,8.24,36.93,0.01
baidoa,2025100715,3.12,43.65,0.0,30.29,6.77,8.93,41.76,0.0
baidoa,2025100716,3.12,43.65,0.0,28.46,7.35,9.51,48.48,0.0
baidoa,2025100717,3.12,43.65,0.0,26.7,7.37,9.37,57.56,0.0
baidoa,2025100718,3.12,43.65,0.0,25.56,6.63,8.46,65.19,0.0
baidoa,2025100719,3.12,43.65,0.0,24.81,6.03,7.8,70.93,0.0
baidoa,2025100720,3.12,43.65,0.0,24.14,5.77,7.45,76.36,0.0
baidoa,2025100721,3.12,43.65,0.0,23.62,5.39,6.89,80.95,0.02
baidoa,2025100722,3.12,43.65,0.0,23.19,4.78,6.2,84.81,0.05
baidoa,2025100723,3.12,43.65,0.0,22.88,4.32,5.64,88.0,0.08
baidoa,2025100800,3.12,43.65,0.0,22.67,4.03,5.4,90.58,0.05
baidoa,2025100801,3.12,43.65,0.0,22.51,3.79,5.3,92.57,0.05
baidoa,2025100802,3.12,43.65,0.0,22.4,3.57,5.17,93.75,0.05
baidoa,2025100803,3.12,43.65,74.57,22.77,3.99,5.32,91.9,0.05
baidoa,2025100804,3.12,43.65,253.38,24.69,5.53,6.64,79.6,0.04
baidoa,2025100805,3.12,43.65,462.55,27.36,5.92,6.77,64.15,0.02
baidoa,2025100806,3.12,43.65,702.97,29.96,5.86,6.55,52.62,0.01
baidoa,2025100807,3.12,43.65,854.83,32.28,5.8,6.4,44.04,0.0
baidoa,2025100808,3.12,43.65,956.1,34.08,5.73,6.28,37.81,0.01
baidoa,2025100809,3.12,43.65,793.78,35.16,5.58,6.07,34.15,0.01
baidoa,2025100810,3.12,43.65,569.9,35.7,5.4,5.87,32.53,0.02
baidoa,2025100811,3.12,43.65,518.3,35.66,5.33,5.79,32.29,0.04
baidoa,2025100812,3.12,43.65,350.92,34.77,5.43,5.98,33.9,0.07
baidoa,2025100813,3.12,43.65,164.93,33.29,5.81,6.62,37.51,0.09
baidoa,2025100814,3.12,43.65,29.6,31.6,6.27,7.65,42.61,0.09
baidoa,2025100815,3.12,43.65,0.0,29.88,6.45,8.59,48.33,0.05
baidoa,2025100816,3.12,43.65,0.0,28.66,6.99,9.13,52.54,0.03
baidoa,2025100817,3.12,43.65,0.0,27.34,7.31,9.45,57.48,0.01
baidoa,2025100818,3.12,43.65,0.0,26.0,7.33,9.37,64.16,0.0
baidoa,2025100819,3.12,43.65,0.0,24.89,6.77,8.61,71.38,0.0
baidoa,2025100820,3.12,43.65,0.0,24.04,6.09,7.79,77.45,0.0
baidoa,2025100821,3.12,43.65,0.0,23.49,5.73,7.33,81.5,0.01
baidoa,2025100822,3.12,43.65,0.0,23.09,5.31,6.82,84.16,0.03
baidoa,2025100823,3.12,43.65,0.0,22.82,4.99,6.51,85.81,0.05
baidoa,2025100900,3.12,43.65,0.0,22.62,4.64,6.21,87.05,0.06
baidoa,2025100901,3.12,43.65,0.0,22.48,4.5,6.07,87.84,0.06
baidoa,2025100902,3.12,43.65,0.0,22.24,3.98,5.48,89.66,0.06
baidoa,2025100903,3.12,43.65,68.55,22.45,4.13,5.36,89.04,0.07
baidoa,2025100904,3.12,43.65,245.23,24.37,5.42,6.51,77.58,0.05
baidoa,2025100905,3.12,43.65,444.4,27.11,5.8,6.67,63.17,0.03
baidoa,2025100906,3.12,43.65,697.3,29.85,5.85,6.61,51.53,0.03
baidoa,2025100907,3.12,43.65,842.03,32.22,5.82,6.5,43.1,0.03
baidoa,2025100908,3.12,43.65,1004.33,34.1,5.77,6.38,37.36,0.04
baidoa,2025100909,3.12,43.65,983.97,35.41,5.66,6.19,33.38,0.04
baidoa,2025100910,3.12,43.65,813.67,36.01,5.47,5.96,31.0,0.04
baidoa,2025100911,3.12,43.65,574.4,35.88,5.39,5.87,30.46,0.04
baidoa,2025100912,3.12,43.65,396.33,35.31,5.38,5.91,31.08,0.06
baidoa,2025100913,3.12,43.65,201.2,33.9,5.65,6.42,33.78,0.06
baidoa,2025100914,3.12,43.65,37.85,32.24,5.96,7.27,37.93,0.03
baidoa,2025100915,3.12,43.65,0.0,30.45,6.06,8.33,43.47,0.01
baidoa,2025100916,3.12,43.65,0.0,29.16,7.15,9.33,48.39,0.0
baidoa,2025100917,3.12,43.65,0.0,27.61,7.52,9.67,54.82,0.0
baidoa,2025100918,3.12,43.65,0.0,26.13,7.41,9.46,61.94,0.0
baidoa,2025100919,3.12,43.65,0.0,25.01,6.84,8.7,68.53,0.0
baidoa,2025100920,3.12,43.65,0.0,24.13,6.25,7.95,74.83,0.01
baidoa,2025100921,3.12,43.65,0.0,23.31,5.7,7.35,81.53,0.02
baidoa,2025100922,3.12,43.65,0.0,22.85,5.46,7.04,86.5,0.03
baidoa,2025100923,3.12,43.65,0.0,22.65,5.18,6.7,89.16,0.04
baidoa,2025101000,3.12,43.65,0.0,22.49,4.7,6.18,91.3,0.05
baidoa,2025101001,3.12,43.65,0.0,22.42,4.48,6.04,92.35,0.06
baidoa,2025101002,3.12,43.65,0.0,22.33,4.19,5.8,93.24,0.07
baidoa,2025101003,3.12,43.65,76.2,22.66,4.51,5.92,91.22,0.07
baidoa,2025101004,3.12,43.65,253.52,24.56,5.61,6.65,77.95,0.02
baidoa,2025101005,3.12,43.65,457.55,27.37,5.8,6.63,62.09,0.0
baidoa,2025101006,3.12,43.65,572.58,30.16,5.78,6.46,49.6,0.0
baidoa,2025101007,3.12,43.65,638.72,32.52,5.7,6.29,40.89,0.01
baidoa,2025101008,3.12,43.65,758.33,34.36,5.68,6.22,34.97,0.02
baidoa,2025101009,3.12,43.65,721.55,35.58,5.56,6.03,31.64,0.04
baidoa,2025101010,3.12,43.65,718.42,36.04,5.26,5.68,30.35,0.05
baidoa,2025101011,3.12,43.65,577.92,35.82,5.0,5.41,30.56,0.06
baidoa,2025101012,3.12,43.65,344.52,35.04,4.96,5.44,32.11,0.06
baidoa,2025101013,3.12,43.65,170.68,33.42,5.16,5.86,35.86,0.06
baidoa,2025101014,3.12,43.65,28.08,31.73,5.41,6.57,40.64,0.04
baidoa,2025101015,3.12,43.65,0.0,30.09,5.42,7.3,46.38,0.02
baidoa,2025101016,3.12,43.65,0.0,29.02,5.7,7.45,50.74,0.02
baidoa,2025101017,3.12,43.65,0.0,27.99,6.03,7.87,55.04,0.02
baidoa,2025101018,3.12,43.65,0.0,26.8,6.71,8.61,60.57,0.01
baidoa,2025101019,3.12,43.65,0.0,25.57,6.81,8.67,67.87,0.01
baidoa,2025101020,3.12,43.65,0.0,24.47,6.35,8.03,75.61,0.02
baidoa,2025101021,3.12,43.65,0.0,23.62,5.89,7.49,81.8,0.05
baidoa,2025101022,3.12,43.65,0.0,23.23,5.6,7.09,85.06,0.09
baidoa,2025101023,3.12,43.65,0.0,23.06,5.31,6.8,86.42,0.15
baidoa,2025101100,3.12,43.65,0.0,22.85,4.71,6.04,88.09,0.2
baidoa,2025101101,3.12,43.65,0.0,22.61,3.92,5.08,90.6,0.21
baidoa,2025101102,3.12,43.65,0.0,22.53,3.36,4.41,91.77,0.21
baidoa,2025101103,3.12,43.65,48.97,22.81,3.31,4.24,90.39,0.25
baidoa,2025101104,3.12,43.65,178.15,24.02,4.21,5.08,81.65,0.23
baidoa,2025101105,3.12,43.65,345.62,25.58,4.38,5.06,71.31,0.19
baidoa,2025101106,3.12,43.65,473.77,27.44,4.28,4.87,61.59,0.18
baidoa,2025101107,3.12,43.65,529.9,29.41,4.12,4.66,53.28,0.21
baidoa,2025101108,3.12,43.65,616.62,31.26,4.01,4.54,46.23,0.19
baidoa,2025101109,3.12,43.65,613.95,32.82,4.02,4.55,40.7,0.21
baidoa,2025101110,3.12,43.65,580.72,33.8,3.97,4.47,37.28,0.23
baidoa,2025101111,3.12,43.65,465.25,34.12,3.92,4.36,35.81,0.21
baidoa,2025101112,3.12,43.65,352.75,33.23,4.34,4.83,37.56,0.2
baidoa,2025101113,3.12,43.65,169.2,31.97,4.99,5.69,41.13,0.18
baidoa,2025101114,3.12,43.65,26.65,30.08,5.26,6.58,47.63,0.12
baidoa,2025101115,3.12,43.65,0.0,28.1,4.99,7.02,56.11,0.1
baidoa,2025101116,3.12,43.65,0.0,26.96,5.06,6.79,61.5,0.08
baidoa,2025101117,3.12,43.65,0.0,26.08,4.95,6.63,65.37,0.03
baidoa,2025101118,3.12,43.65,0.0,25.45,4.9,6.64,67.46,0.01
baidoa,2025101119,3.12,43.65,0.0,24.9,5.18,7.04,69.08,0.0
baidoa,2025101120,3.12,43.65,0.0,24.23,5.13,6.86,72.28,0.01
baidoa,2025101121,3.12,43.65,0.0,23.5,4.85,6.38,77.06,0.02
baidoa,2025101122,3.12,43.65,0.0,22.91,4.9,6.44,81.79,0.04
baidoa,2025101123,3.12,43.65,0.0,22.55,4.93,6.41,84.8,0.05
baidoa,2025101200,3.12,43.65,0.0,22.32,4.63,5.96,86.51,0.05
baidoa,2025101201,3.12,43.65,0.0,22.13,4.22,5.59,87.66,0.05
baidoa,2025101202,3.12,43.65,0.0,21.96,3.94,5.2,88.81,0.05
baidoa,2025101203,3.12,43.65,59.33,22.11,4.09,5.25,87.94,0.04
baidoa,2025101204,3.12,43.65,213.45,23.78,5.04,5.93,76.66,0.02
baidoa,2025101205,3.12,43.65,436.4,26.05,4.99,5.62,63.43,0.0
baidoa,2025101206,3.12,43.65,575.97,28.68,4.77,5.28,51.09,0.0
baidoa,2025101207,3.12,43.65,728.38,30.77,4.56,5.0,42.51,0.0
baidoa,2025101208,3.12,43.65,748.65,32.36,4.45,4.86,37.22,0.0
baidoa,2025101209,3.12,43.65,602.53,33.57,4.43,4.86,33.85,0.01
baidoa,2025101210,3.12,43.65,533.4,34.0,4.27,4.7,32.49,0.03
baidoa,2025101211,3.12,43.65,423.67,33.89,3.99,4.45,32.46,0.05
baidoa,2025101212,3.12,43.65,286.02,33.39,3.85,4.33,33.37,0.07
baidoa,2025101213,3.12,43.65,141.45,32.5,3.84,4.39,35.37,0.07
baidoa,2025101214,3.12,43.65,23.1,30.88,3.28,4.74,40.69,0.05
baidoa,2025101215,3.12,43.65,0.0,28.73,2.88,5.93,50.59,0.05
baidoa,2025101216,3.12,43.65,0.0,27.9,4.41,7.42,51.8,0.05
baidoa,2025101217,3.12,43.65,0.0,26.74,5.65,8.19,55.62,0.02
baidoa,2025101218,3.12,43.65,0.0,25.46,5.9,8.0,61.22,0.0
baidoa,2025101219,3.12,43.65,0.0,24.45,5.14,6.91,66.64,0.0
baidoa,2025101220,3.12,43.65,0.0,23.77,4.35,6.01,70.91,0.0
baidoa,2025101221,3.12,43.65,0.0,23.25,3.84,5.44,74.53,0.0
baidoa,2025101222,3.12,43.65,0.0,22.81,3.37,4.89,78.06,0.01
baidoa,2025101223,3.12,43.65,0.0,22.48,3.25,4.8,81.24,0.02
baidoa,2025101300,3.12,43.65,0.0,22.28,3.43,4.83,83.84,0.04
baidoa,2025101301,3.12,43.65,0.0,22.14,3.53,4.93,85.98,0.05
baidoa,2025101302,3.12,43.65,0.0,22.03,3.62,5.0,87.73,0.05
baidoa,2025101303,3.12,43.65,68.07,22.24,3.86,4.93,87.83,0.05
baidoa,2025101304,3.12,43.65,228.7,23.95,4.9,5.78,78.23,0.04
baidoa,2025101305,3.12,43.65,439.4,26.29,4.98,5.64,64.75,0.04
baidoa,2025101306,3.12,43.65,703.53,28.6,4.66,5.2,53.34,0.06
baidoa,2025101307,3.12,43.65,877.03,30.67,4.15,4.59,44.98,0.09
baidoa,2025101308,3.12,43.65,936.97,32.58,3.64,4.0,39.12,0.12
baidoa,2025101309,3.12,43.65,734.85,34.1,3.25,3.53,35.25,0.17
baidoa,2025101310,3.12,43.65,611.53,34.79,2.99,3.24,33.44,0.21
baidoa,2025101311,3.12,43.65,547.12,34.76,2.87,3.09,33.05,0.16
baidoa,2025101312,3.12,43.65,373.05,33.95,3.01,3.27,34.42,0.13
baidoa,2025101313,3.12,43.65,179.23,32.89,3.41,3.79,36.74,0.11
baidoa,2025101314,3.12,43.65,30.58,31.29,3.54,4.7,41.82,0.04
baidoa,2025101315,3.12,43.65,0.0,29.22,3.75,6.51,50.64,0.02
baidoa,2025101316,3.12,43.65,0.0,28.26,5.46,7.96,53.75,0.02
baidoa,2025101317,3.12,43.65,0.0,27.22,6.25,8.51,58.44,0.01
baidoa,2025101318,3.12,43.65,0.0,26.15,6.26,8.32,63.85,0.01
baidoa,2025101319,3.12,43.65,0.0,25.14,5.8,7.72,69.63,0.0
baidoa,2025101320,3.12,43.65,0.0,24.3,5.36,7.07,75.42,0.01
baidoa,2025101321,3.12,43.65,0.0,23.65,5.06,6.67,80.9,0.03
baidoa,2025101322,3.12,43.65,0.0,23.22,4.81,6.23,85.09,0.06
baidoa,2025101323,3.12,43.65,0.0,22.95,4.53,5.92,87.74,0.1
baidoa,2025101400,3.12,43.65,0.0,22.78,4.29,5.72,89.17,0.13
baidoa,2025101401,3.12,43.65,0.0,22.59,4.12,5.59,90.47,0.12
baidoa,2025101402,3.12,43.65,0.0,22.38,3.92,5.44,92.04,0.12
baidoa,2025101403,3.12,43.65,83.93,22.63,4.41,5.76,90.71,0.16
baidoa,2025101404,3.12,43.65,280.02,24.44,5.59,6.62,78.93,0.16
baidoa,2025101405,3.12,43.65,489.15,27.03,5.62,6.36,64.79,0.16
baidoa,2025101406,3.12,43.65,725.85,29.49,5.46,6.04,53.8,0.18
baidoa,2025101407,3.12,43.65,874.88,31.66,5.33,5.84,45.7,0.24
baidoa,2025101408,3.12,43.65,842.8,33.29,5.23,5.74,40.31,0.27
baidoa,2025101409,3.12,43.65,703.2,34.37,5.01,5.47,37.0,0.29
baidoa,2025101410,3.12,43.65,687.08,34.92,4.6,5.01,35.21,0.29
baidoa,2025101411,3.12,43.65,535.83,34.97,4.11,4.52,34.56,0.25
baidoa,2025101412,3.12,43.65,310.35,34.56,3.71,4.11,34.95,0.21
baidoa,2025101413,3.12,43.65,150.68,33.47,3.43,3.88,36.99,0.15
baidoa,2025101414,3.12,43.65,24.3,31.63,2.65,4.07,44.47,0.04
baidoa,2025101415,3.12,43.65,0.0,29.22,2.57,5.51,57.94,0.02
baidoa,2025101416,3.12,43.65,0.0,28.43,4.27,7.39,57.23,0.02
baidoa,2025101417,3.12,43.65,0.0,27.42,5.93,8.45,60.16,0.01
baidoa,2025101418,3.12,43.65,0.0,26.23,6.4,8.56,65.72,0.0
baidoa,2025101419,3.12,43.65,0.0,25.15,6.0,7.94,71.47,0.0
baidoa,2025101420,3.12,43.65,0.0,24.33,5.43,7.27,76.31,0.02
baidoa,2025101421,3.12,43.65,0.0,23.68,4.79,6.54,80.82,0.07
baidoa,2025101422,3.12,43.65,0.0,23.23,4.68,6.38,84.41,0.12
baidoa,2025101423,3.12,43.65,0.0,22.94,4.61,6.26,86.81,0.16
baidoa,2025101500,3.12,43.65,0.0,22.77,4.44,6.07,88.17,0.2
baidoa,2025101501,3.12,43.65,0.0,22.63,4.23,5.97,89.18,0.3
baidoa,2025101502,3.12,43.65,0.0,22.54,3.98,5.76,89.95,0.45
baidoa,2025101503,3.12,43.65,73.85,22.77,4.11,5.48,89.37,0.61
baidoa,2025101504,3.12,43.65,249.5,24.4,5.11,6.11,80.11,0.68
baidoa,2025101505,3.12,43.65,442.7,26.7,5.19,5.94,67.54,0.67
baidoa,2025101506,3.12,43.65,566.53,29.0,4.99,5.59,57.37,0.55
baidoa,2025101507,3.12,43.65,649.78,30.8,4.71,5.22,50.72,0.38
baidoa,2025101508,3.12,43.65,726.85,32.12,4.39,4.81,46.29,0.28
baidoa,2025101509,3.12,43.65,658.85,33.25,3.98,4.3,42.48,0.26
baidoa,2025101510,3.12,43.65,632.3,33.89,3.58,3.85,39.96,0.3
baidoa,2025101511,3.12,43.65,504.92,33.74,3.5,3.79,39.69,0.25
baidoa,2025101512,3.12,43.65,328.9,33.27,3.57,3.91,40.89,0.23
baidoa,2025101513,3.12,43.65,150.52,32.04,3.57,4.07,44.44,0.17
baidoa,2025101514,3.12,43.65,23.67,30.28,2.91,4.49,53.26,0.05
baidoa,2025101515,3.12,43.65,0.0,28.06,2.77,5.76,66.67,0.06
baidoa,2025101516,3.12,43.65,0.0,27.16,4.08,6.97,67.69,0.07
baidoa,2025101517,3.12,43.65,0.0,26.19,5.23,7.8,70.38,0.05
baidoa,2025101518,3.12,43.65,0.0,25.31,5.59,7.86,73.08,0.04
baidoa,2025101519,3.12,43.65,0.0,24.53,5.31,7.44,76.38,0.02
baidoa,2025101520,3.12,43.65,0.0,23.83,4.82,6.65,80.3,0.02
baidoa,2025101521,3.12,43.65,0.0,23.26,4.43,6.12,84.72,0.03
baidoa,2025101522,3.12,43.65,0.0,22.92,4.28,5.78,88.46,0.06
baidoa,2025101523,3.12,43.65,0.0,22.76,4.22,5.75,90.67,0.09
baidoa,2025101600,3.12,43.65,0.0,22.67,4.1,5.74,91.96,0.09
baidoa,2025101601,3.12,43.65,0.0,22.55,4.12,5.82,93.12,0.09
baidoa,2025101602,3.12,43.65,0.0,22.46,4.05,5.78,93.92,0.08
baidoa,2025101603,3.12,43.65,60.6,22.7,4.61,6.1,92.61,0.08
baidoa,2025101604,3.12,43.65,195.18,24.17,5.93,7.19,82.51,0.07
baidoa,2025101605,3.12,43.65,370.33,26.45,6.17,7.12,68.51,0.09
baidoa,2025101606,3.12,43.65,467.17,28.96,6.09,6.91,55.6,0.1
baidoa,2025101607,3.12,43.65,568.53,31.26,6.02,6.76,46.3,0.14
baidoa,2025101608,3.12,43.65,701.47,32.94,5.97,6.7,41.04,0.22
baidoa,2025101609,3.12,43.65,662.35,34.01,5.78,6.51,38.43,0.29
baidoa,2025101610,3.12,43.65,541.22,34.62,5.46,6.16,37.1,0.29
baidoa,2025101611,3.12,43.65,371.1,34.67,5.07,5.76,36.92,0.23
baidoa,2025101612,3.12,43.65,185.62,34.1,4.58,5.26,38.1,0.16
baidoa,2025101613,3.12,43.65,96.85,32.71,4.07,4.85,42.0,0.06
baidoa,2025101614,3.12,43.65,18.0,30.71,2.73,4.7,52.64,0.01
baidoa,2025101615,3.12,43.65,0.0,28.75,2.54,5.29,63.88,0.0
baidoa,2025101616,3.12,43.65,0.0,27.97,3.72,6.22,63.09,0.0
baidoa,2025101617,3.12,43.65,0.0,26.91,4.59,6.62,65.39,0.01
baidoa,2025101618,3.12,43.65,0.0,25.82,4.79,6.5,69.6,0.01
baidoa,2025101619,3.12,43.65,0.0,24.94,4.6,6.05,74.25,0.0
baidoa,2025101620,3.12,43.65,0.0,24.29,4.58,5.95,78.56,0.02
baidoa,2025101621,3.12,43.65,0.0,23.79,4.24,5.44,83.16,0.06
baidoa,2025101622,3.12,43.65,0.0,23.39,3.73,4.78,87.07,0.09
baidoa,2025101623,3.12,43.65,0.0,23.15,3.3,4.27,89.67,0.11
baidoa,2025101700,3.12,43.65,0.0,22.97,3.09,4.14,91.71,0.14
baidoa,2025101701,3.12,43.65,0.0,22.81,2.73,4.04,93.2,0.17
baidoa,2025101702,3.12,43.65,0.0,22.6,2.26,3.89,94.86,0.19
baidoa,2025101703,3.12,43.65,66.45,22.9,3.0,4.12,93.06,0.24
baidoa,2025101704,3.12,43.65,239.23,24.39,4.33,5.1,82.47,0.24
baidoa,2025101705,3.12,43.65,459.88,26.57,4.72,5.29,69.64,0.28
baidoa,2025101706,3.12,43.65,605.92,28.85,4.83,5.31,58.25,0.25
baidoa,2025101707,3.12,43.65,646.85,30.79,4.54,4.9,50.44,0.3
baidoa,2025101708,3.12,43.65,743.1,32.17,3.96,4.23,45.77,0.38
baidoa,2025101709,3.12,43.65,736.47,33.13,3.26,3.45,42.35,0.42
baidoa,2025101710,3.12,43.65,716.42,33.52,2.66,2.84,40.06,0.43
baidoa,2025101711,3.12,43.65,553.28,33.28,2.41,2.64,39.56,0.36
baidoa,2025101712,3.12,43.65,291.52,32.46,2.4,2.7,41.13,0.25
baidoa,2025101713,3.12,43.65,135.55,31.53,2.49,2.87,43.79,0.12
baidoa,2025101714,3.12,43.65,21.42,29.87,2.09,3.21,53.45,0.02
baidoa,2025101715,3.12,43.65,0.0,27.84,1.85,4.0,70.3,0.02
baidoa,2025101716,3.12,43.65,0.0,27.04,2.3,4.88,70.01,0.02
baidoa,2025101717,3.12,43.65,0.0,26.28,2.65,5.27,71.08,0.02
baidoa,2025101718,3.12,43.65,0.0,25.6,2.97,5.49,72.78,0.01
baidoa,2025101719,3.12,43.65,0.0,24.96,3.47,5.84,74.5,0.02
baidoa,2025101720,3.12,43.65,0.0,24.35,3.81,5.81,77.16,0.07
baidoa,2025101721,3.12,43.65,0.0,23.74,3.61,5.32,81.67,0.13
baidoa,2025101722,3.12,43.65,0.0,23.33,3.32,4.74,85.98,0.19
baidoa,2025101723,3.12,43.65,0.0,23.05,3.18,4.48,89.48,0.22
baidoa,2025101800,3.12,43.65,0.0,22.91,3.15,4.44,91.84,0.1
baidoa,2025101801,3.12,43.65,0.0,22.85,3.23,4.63,93.31,0.1
baidoa,2025101802,3.12,43.65,0.0,22.82,3.39,4.97,94.09,0.11
baidoa,2025101803,3.12,43.65,57.92,23.08,3.98,5.4,93.02,0.12
baidoa,2025101804,3.12,43.65,183.7,24.46,5.4,6.59,84.52,0.09
baidoa,2025101805,3.12,43.65,360.85,26.53,5.77,6.69,71.28,0.08
baidoa,2025101806,3.12,43.65,457.4,28.77,5.61,6.32,59.64,0.07
baidoa,2025101807,3.12,43.65,573.45,30.65,5.41,6.03,51.88,0.07
baidoa,2025101808,3.12,43.65,651.1,32.02,5.22,5.81,46.89,0.09
baidoa,2025101809,3.12,43.65,700.08,32.98,4.85,5.39,43.45,0.08
baidoa,2025101810,3.12,43.65,654.05,33.58,4.43,4.93,41.02,0.08
baidoa,2025101811,3.12,43.65,548.47,33.54,4.16,4.66,40.34,0.08
baidoa,2025101812,3.12,43.65,330.67,32.66,3.97,4.55,42.24,0.07
baidoa,2025101813,3.12,43.65,153.2,31.75,3.76,4.41,44.83,0.03
baidoa,2025101814,3.12,43.65,27.6,30.12,2.66,4.27,53.41,0.01
baidoa,2025101815,3.12,43.65,0.0,27.94,2.17,4.78,68.38,0.02
baidoa,2025101816,3.12,43.65,0.0,27.14,2.91,5.86,68.99,0.04
baidoa,2025101817,3.12,43.65,0.0,26.29,4.19,6.87,70.62,0.03
baidoa,2025101818,3.12,43.65,0.0,25.43,4.98,7.32,74.36,0.02
baidoa,2025101819,3.12,43.65,0.0,24.77,5.1,7.24,77.81,0.04
baidoa,2025101820,3.12,43.65,0.0,24.19,4.86,6.86,81.51,0.06
baidoa,2025101821,3.12,43.65,0.0,23.69,4.54,6.36,85.49,0.09
baidoa,2025101822,3.12,43.65,0.0,23.31,4.31,5.81,89.05,0.13
baidoa,2025101823,3.12,43.65,0.0,23.04,3.83,5.2,91.9,0.13
baidoa,2025101900,3.12,43.65,0.0,22.88,3.64,5.28,93.41,0.12
baidoa,2025101901,3.12,43.65,0.0,22.74,3.76,5.68,94.09,0.11
baidoa,2025101902,3.12,43.65,0.0,22.62,4.11,6.16,94.41,0.11
baidoa,2025101903,3.12,43.65,65.45,22.87,4.57,6.3,93.06,0.12
baidoa,2025101904,3.12,43.65,197.85,24.32,6.61,8.17,82.99,0.1
baidoa,2025101905,3.12,43.65,363.08,26.59,6.97,8.13,69.09,0.11
baidoa,2025101906,3.12,43.65,467.62,28.86,6.77,7.73,58.34,0.1
baidoa,2025101907,3.12,43.65,552.03,30.72,6.51,7.36,50.89,0.11
baidoa,2025101908,3.12,43.65,602.47,32.15,6.27,7.09,45.52,0.1
baidoa,2025101909,3.12,43.65,699.2,33.29,5.92,6.69,41.41,0.09
baidoa,2025101910,3.12,43.65,587.15,33.99,5.42,6.14,38.56,0.09
baidoa,2025101911,3.12,43.65,539.03,34.26,4.83,5.51,36.92,0.09
baidoa,2025101912,3.12,43.65,346.8,33.81,4.31,4.97,36.86,0.08
baidoa,2025101913,3.12,43.65,166.57,32.88,3.81,4.5,38.31,0.03
baidoa,2025101914,3.12,43.65,26.4,30.68,2.36,4.46,50.38,0.01
baidoa,2025101915,3.12,43.65,0.0,28.52,2.76,5.92,60.11,0.01
baidoa,2025101916,3.12,43.65,0.0,27.77,4.49,7.68,57.38,0.01
baidoa,2025101917,3.12,43.65,0.0,26.42,5.7,8.17,61.28,0.01
baidoa,2025101918,3.12,43.65,0.0,24.94,6.01,8.16,67.87,0.01
baidoa,2025101919,3.12,43.65,0.0,23.81,5.57,7.59,74.08,0.0
baidoa,2025101920,3.12,43.65,0.0,23.13,5.06,6.94,78.9,0.0
baidoa,2025101921,3.12,43.65,0.0,22.75,4.91,6.64,82.6,0.0
baidoa,2025101922,3.12,43.65,0.0,22.5,4.75,6.39,85.45,0.0
baidoa,2025101923,3.12,43.65,0.0,22.36,4.6,6.28,87.22,0.01
baidoa,2025102000,3.12,43.65,0.0,22.17,4.23,5.84,89.48,0.01
baidoa,2025102001,3.12,43.65,0.0,21.98,3.54,5.0,92.06,0.02
baidoa,2025102002,3.12,43.65,0.0,21.87,2.93,4.46,93.94,0.02
baidoa,2025102003,3.12,43.65,89.25,22.25,3.21,4.35,92.82,0.03
baidoa,2025102004,3.12,43.65,322.2,23.94,5.07,6.28,83.59,0.02
baidoa,2025102005,3.12,43.65,568.85,26.41,5.7,6.63,69.42,0.01
baidoa,2025102006,3.12,43.65,774.47,29.22,5.39,6.08,56.28,0.0
baidoa,2025102007,3.12,43.65,915.22,31.7,5.07,5.65,46.51,0.01
baidoa,2025102008,3.12,43.65,986.15,33.26,4.9,5.47,40.71,0.01
baidoa,2025102009,3.12,43.65,920.88,33.98,4.61,5.19,37.94,0.02
baidoa,2025102010,3.12,43.65,792.88,34.19,4.31,4.86,36.77,0.03
baidoa,2025102011,3.12,43.65,502.23,33.84,3.99,4.56,36.94,0.03
baidoa,2025102012,3.12,43.65,348.65,33.39,3.62,4.19,37.51,0.04
baidoa,2025102013,3.12,43.65,182.2,32.68,3.18,3.77,38.85,0.03
baidoa,2025102014,3.12,43.65,32.65,30.99,1.83,3.16,50.37,0.02
baidoa,2025102015,3.12,43.65,0.0,28.95,1.73,3.19,65.15,0.03
baidoa,2025102016,3.12,43.65,0.0,28.11,2.34,4.85,63.19,0.03
baidoa,2025102017,3.12,43.65,0.0,27.25,3.79,6.93,61.93,0.02
baidoa,2025102018,3.12,43.65,0.0,26.03,5.5,8.01,65.87,0.01
baidoa,2025102019,3.12,43.65,0.0,24.63,5.66,7.67,73.5,0.01
baidoa,2025102020,3.12,43.65,0.0,23.64,5.14,6.96,79.99,0.0
baidoa,2025102021,3.12,43.65,0.0,23.08,4.57,6.3,84.39,0.01
baidoa,2025102022,3.12,43.65,0.0,22.9,4.53,6.1,86.65,0.01
baidoa,2025102023,3.12,43.65,0.0,22.82,4.55,6.17,88.1,0.02
baidoa,2025102100,3.12,43.65,0.0,22.76,4.48,6.17,89.15,0.02
baidoa,2025102101,3.12,43.65,0.0,22.69,4.29,6.07,90.13,0.02
baidoa,2025102102,3.12,43.65,0.0,22.59,3.98,5.74,91.24,0.03
baidoa,2025102103,3.12,43.65,58.08,22.82,4.23,5.69,90.88,0.03
baidoa,2025102104,3.12,43.65,167.98,24.37,5.63,6.96,81.28,0.02
baidoa,2025102105,3.12,43.65,322.02,26.75,6.01,7.0,67.58,0.03
baidoa,2025102106,3.12,43.65,473.0,29.13,5.81,6.61,56.95,0.03
baidoa,2025102107,3.12,43.65,627.97,31.26,5.46,6.12,48.95,0.05
baidoa,2025102108,3.12,43.65,764.15,32.92,5.1,5.69,43.2,0.06
baidoa,2025102109,3.12,43.65,614.53,33.95,4.7,5.22,39.66,0.08
baidoa,2025102110,3.12,43.65,641.65,34.37,4.27,4.75,37.66,0.11
baidoa,2025102111,3.12,43.65,534.62,34.28,3.95,4.42,36.95,0.11
baidoa,2025102112,3.12,43.65,339.58,33.42,3.56,4.07,38.31,0.1
baidoa,2025102113,3.12,43.65,159.55,32.37,3.09,3.63,40.74,0.07
baidoa,2025102114,3.12,43.65,28.25,30.72,1.92,2.99,49.37,0.04
baidoa,2025102115,3.12,43.65,0.0,28.95,1.15,2.28,67.94,0.07
baidoa,2025102116,3.12,43.65,0.0,28.21,1.44,2.95,67.82,0.09
baidoa,2025102117,3.12,43.65,0.0,27.06,3.03,5.23,67.21,0.08
baidoa,2025102118,3.12,43.65,0.0,25.68,4.71,6.81,71.11,0.07
baidoa,2025102119,3.12,43.65,0.0,24.51,5.29,7.17,75.72,0.05
baidoa,2025102120,3.12,43.65,0.0,23.64,4.83,6.56,79.73,0.03
baidoa,2025102121,3.12,43.65,0.0,23.1,4.39,6.02,82.62,0.02
baidoa,2025102122,3.12,43.65,0.0,22.73,4.18,5.71,84.85,0.01
baidoa,2025102123,3.12,43.65,0.0,22.48,4.15,5.64,86.75,0.01
baidoa,2025102200,3.12,43.65,0.0,22.31,4.18,5.67,88.35,0.01
baidoa,2025102201,3.12,43.65,0.0,22.19,4.14,5.68,89.48,0.02
baidoa,2025102202,3.12,43.65,0.0,22.14,3.99,5.58,90.1,0.01
baidoa,2025102203,3.12,43.65,68.85,22.37,4.32,5.76,88.92,0.01
baidoa,2025102204,3.12,43.65,234.9,23.85,5.31,6.34,78.77,0.0
baidoa,2025102205,3.12,43.65,449.5,26.21,5.2,5.94,64.88,0.0
baidoa,2025102206,3.12,43.65,637.62,28.8,4.89,5.45,52.6,0.0
baidoa,2025102207,3.12,43.65,827.5,31.35,4.5,4.92,43.29,0.0
baidoa,2025102208,3.12,43.65,836.05,33.48,4.14,4.5,37.27,0.01
baidoa,2025102209,3.12,43.65,783.05,34.84,3.83,4.21,33.71,0.02
baidoa,2025102210,3.12,43.65,775.85,35.47,3.51,3.89,31.8,0.03
baidoa,2025102211,3.12,43.65,618.03,35.46,3.15,3.53,31.15,0.03
baidoa,2025102212,3.12,43.65,352.92,34.92,2.77,3.14,31.59,0.04
baidoa,2025102213,3.12,43.65,172.35,33.72,2.32,2.68,33.69,0.03
baidoa,2025102214,3.12,43.65,26.08,32.09,1.51,2.27,41.95,0.01
baidoa,2025102215,3.12,43.65,0.0,30.6,0.97,1.54,56.35,0.01
baidoa,2025102216,3.12,43.65,0.0,30.32,0.57,0.9,55.96,0.02
baidoa,2025102217,3.12,43.65,0.0,28.9,1.78,3.47,58.43,0.03
baidoa,2025102218,3.12,43.65,0.0,27.67,3.68,6.35,57.84,0.04
baidoa,2025102219,3.12,43.65,0.0,26.22,5.3,7.37,63.69,0.03
baidoa,2025102220,3.12,43.65,0.0,24.73,5.18,6.91,72.45,0.04
baidoa,2025102221,3.12,43.65,0.0,23.6,4.38,5.94,79.52,0.09
baidoa,2025102222,3.12,43.65,0.0,22.9,3.75,5.26,84.03,0.22
baidoa,2025102223,3.12,43.65,0.0,22.48,3.62,5.16,86.87,0.3
baidoa,2025102300,3.12,43.65,0.0,22.27,3.62,5.13,88.53,0.17
baidoa,2025102301,3.12,43.65,0.0,22.12,3.48,5.01,89.66,0.11
baidoa,2025102302,3.12,43.65,0.0,21.91,3.25,4.98,91.09,0.04
baidoa,2025102303,3.12,43.65,83.15,22.19,3.61,4.86,89.83,0.01
baidoa,2025102304,3.12,43.65,301.8,23.94,4.31,5.04,79.5,0.0
baidoa,2025102305,3.12,43.65,539.4,26.58,4.24,4.8,64.06,0.01
baidoa,2025102306,3.12,43.65,769.75,29.43,4.01,4.49,50.97,0.01
baidoa,2025102307,3.12,43.65,905.65,32.32,3.71,4.19,40.36,0.02
baidoa,2025102308,3.12,43.65,972.72,34.49,3.44,3.91,34.41,0.02
baidoa,2025102309,3.12,43.65,829.78,35.84,3.1,3.52,31.16,0.02
baidoa,2025102310,3.12,43.65,578.45,36.33,2.71,3.09,29.64,0.02
baidoa,2025102311,3.12,43.65,473.45,36.04,2.5,2.82,29.62,0.02
baidoa,2025102312,3.12,43.65,304.02,34.62,2.46,2.77,32.0,0.02
baidoa,2025102313,3.12,43.65,151.9,33.54,2.27,2.62,34.47,0.01
baidoa,2025102314,3.12,43.65,26.15,32.08,1.37,2.17,44.1,0.0
baidoa,2025102315,3.12,43.65,0.0,30.73,0.82,1.3,58.33,0.01
baidoa,2025102316,3.12,43.65,0.0,30.01,0.84,1.44,59.65,0.02
baidoa,2025102317,3.12,43.65,0.0,28.89,2.07,4.15,56.14,0.02
baidoa,2025102318,3.12,43.65,0.0,27.59,4.39,6.67,59.09,0.01
baidoa,2025102319,3.12,43.65,0.0,26.15,5.5,7.46,66.9,0.01
baidoa,2025102320,3.12,43.65,0.0,24.94,5.61,7.43,74.03,0.0
baidoa,2025102321,3.12,43.65,0.0,24.06,5.37,7.04,79.04,0.0
baidoa,2025102322,3.12,43.65,0.0,23.56,4.82,6.41,81.59,0.01
baidoa,2025102323,3.12,43.65,0.0,23.24,4.45,6.08,83.06,0.02
baidoa,2025102400,3.12,43.65,0.0,23.01,4.32,6.0,83.98,0.02
baidoa,2025102401,3.12,43.65,0.0,22.77,4.22,5.92,85.19,0.02
baidoa,2025102402,3.12,43.65,0.0,22.56,4.03,5.78,86.58,0.02
baidoa,2025102403,3.12,43.65,91.82,22.79,4.3,5.7,85.6,0.01
baidoa,2025102404,3.12,43.65,322.0,24.39,4.7,5.49,76.48,0.01
baidoa,2025102405,3.12,43.65,565.12,27.0,4.44,4.98,62.72,0.01
baidoa,2025102406,3.12,43.65,769.65,29.73,4.0,4.36,51.26,0.01
baidoa,2025102407,3.12,43.65,911.33,32.24,3.03,3.17,42.54,0.01
baidoa,2025102408,3.12,43.65,977.1,34.38,2.24,2.35,36.01,0.01
baidoa,2025102409,3.12,43.65,935.17,35.74,1.89,2.06,31.92,0.01
baidoa,2025102410,3.12,43.65,794.2,36.27,1.56,1.76,29.99,0.01
baidoa,2025102411,3.12,43.65,620.88,36.2,1.32,1.55,29.59,0.01
baidoa,2025102412,3.12,43.65,396.55,35.65,1.17,1.39,30.23,0.01
baidoa,2025102413,3.12,43.65,200.88,34.36,1.01,1.17,32.61,0.01
baidoa,2025102414,3.12,43.65,33.08,33.06,0.81,1.12,37.91,0.0
baidoa,2025102415,3.12,43.65,0.0,31.55,0.59,0.9,52.2,0.0
baidoa,2025102416,3.12,43.65,0.0,30.63,0.96,1.82,53.14,0.0
baidoa,2025102417,3.12,43.65,0.0,29.85,3.04,4.89,49.27,0.0
baidoa,2025102418,3.12,43.65,0.0,28.18,5.39,7.14,55.99,0.0
baidoa,2025102419,3.12,43.65,0.0,26.52,6.32,8.13,64.97,0.0
baidoa,2025102420,3.12,43.65,0.0,25.28,6.27,7.78,73.22,0.0
baidoa,2025102421,3.12,43.65,0.0,24.58,5.74,7.23,77.9,0.0
baidoa,2025102422,3.12,43.65,0.0,24.18,4.79,6.19,80.37,0.0
baidoa,2025102423,3.12,43.65,0.0,23.93,3.97,5.21,81.85,0.01
baidoa,2025102500,3.12,43.65,0.0,23.59,3.15,4.55,83.69,0.01
baidoa,2025102501,3.12,43.65,0.0,23.18,2.7,4.42,86.18,0.01
baidoa,2025102502,3.12,43.65,0.0,22.91,2.79,4.54,88.37,0.01
baidoa,2025102503,3.12,43.65,93.78,23.17,3.54,4.7,87.81,0.01
baidoa,2025102504,3.12,43.65,328.88,24.94,4.34,5.0,78.04,0.0
baidoa,2025102505,3.12,43.65,569.38,27.71,4.38,4.86,63.53,0.0
baidoa,2025102506,3.12,43.65,776.38,30.73,4.01,4.31,50.85,0.0
baidoa,2025102507,3.12,43.65,920.88,33.7,3.17,3.32,39.64,0.0
baidoa,2025102508,3.12,43.65,988.1,35.76,2.59,2.77,32.83,0.01
baidoa,2025102509,3.12,43.65,975.75,36.98,2.18,2.39,29.34,0.01
baidoa,2025102510,3.12,43.65,821.92,37.49,1.85,2.09,27.74,0.01
baidoa,2025102511,3.12,43.65,669.75,37.28,1.48,1.71,27.54,0.0
baidoa,2025102512,3.12,43.65,435.65,36.75,1.04,1.19,28.16,0.0
baidoa,2025102513,3.12,43.65,212.3,35.36,1.06,1.07,30.76,0.0
baidoa,2025102514,3.12,43.65,32.78,33.74,1.71,2.31,35.92,0.0
baidoa,2025102515,3.12,43.65,0.0,31.89,2.77,4.51,43.52,0.0
baidoa,2025102516,3.12,43.65,0.0,30.64,4.45,6.14,47.09,0.0
baidoa,2025102517,3.12,43.65,0.0,29.5,5.07,6.93,50.93,0.0
baidoa,2025102518,3.12,43.65,0.0,28.39,4.98,6.87,55.69,0.0
baidoa,2025102519,3.12,43.65,0.0,27.35,4.48,6.35,60.53,0.0
baidoa,2025102520,3.12,43.65,0.0,26.45,4.23,6.05,65.15,0.0
baidoa,2025102521,3.12,43.65,0.0,25.6,4.34,6.08,70.12,0.0
baidoa,2025102522,3.12,43.65,0.0,24.81,4.42,6.01,75.48,0.01
baidoa,2025102523,3.12,43.65,0.0,24.13,4.36,5.81,80.69,0.01
baidoa,2025102600,3.12,43.65,0.0,23.73,4.21,5.53,84.53,0.01
baidoa,2025102601,3.12,43.65,0.0,23.52,3.96,5.23,86.94,0.01
baidoa,2025102602,3.12,43.65,0.0,23.43,3.77,5.1,88.15,0.01
baidoa,2025102603,3.12,43.65,90.82,23.74,4.11,5.27,86.52,0.01
baidoa,2025102604,3.12,43.65,316.85,25.56,4.79,5.55,75.45,0.0
baidoa,2025102605,3.12,43.65,552.4,28.35,4.74,5.28,61.53,0.0
baidoa,2025102606,3.12,43.65,786.03,31.24,4.25,4.59,49.91,0.01
baidoa,2025102607,3.12,43.65,925.72,33.93,3.27,3.4,40.73,0.02
baidoa,2025102608,3.12,43.65,987.78,35.9,2.34,2.45,34.56,0.02
baidoa,2025102609,3.12,43.65,751.03,36.96,1.85,2.02,30.98,0.02
baidoa,2025102610,3.12,43.65,685.53,37.38,1.63,1.84,29.55,0.03
baidoa,2025102611,3.12,43.65,532.65,37.31,1.38,1.6,29.42,0.04
baidoa,2025102612,3.12,43.65,362.15,36.43,1.06,1.24,30.86,0.04
baidoa,2025102613,3.12,43.65,187.62,35.46,0.83,0.99,32.89,0.03
baidoa,2025102614,3.12,43.65,31.48,34.21,0.6,0.78,37.62,0.02
baidoa,2025102615,3.12,43.65,0.0,32.69,0.66,0.94,48.21,0.02
baidoa,2025102616,3.12,43.65,0.0,31.64,1.15,2.25,51.65,0.02
baidoa,2025102617,3.12,43.65,0.0,30.71,2.58,4.5,51.74,0.02
baidoa,2025102618,3.12,43.65,0.0,29.38,4.7,6.55,55.88,0.01
baidoa,2025102619,3.12,43.65,0.0,28.07,5.96,7.73,62.3,0.01
baidoa,2025102620,3.12,43.65,0.0,26.86,6.12,7.61,69.39,0.01
baidoa,2025102621,3.12,43.65,0.0,26.02,5.53,6.91,74.25,0.01
baidoa,2025102622,3.12,43.65,0.0,25.48,4.99,6.32,77.16,0.0
baidoa,2025102623,3.12,43.65,0.0,25.1,4.6,5.93,79.1,0.0
baidoa,2025102700,3.12,43.65,0.0,24.71,4.15,5.47,81.12,0.0
baidoa,2025102701,3.12,43.65,0.0,24.38,3.94,5.32,83.01,0.01
baidoa,2025102702,3.12,43.65,0.0,24.13,4.11,5.51,84.72,0.01
baidoa,2025102703,3.12,43.65,62.5,24.31,4.49,5.71,84.52,0.01
baidoa,2025102704,3.12,43.65,214.18,26.07,4.9,5.68,75.06,0.01
baidoa,2025102705,3.12,43.65,374.48,28.79,4.73,5.25,61.57,0.01
baidoa,2025102706,3.12,43.65,541.42,31.52,4.21,4.5,50.85,0.02
baidoa,2025102707,3.12,43.65,657.5,33.88,3.28,3.34,43.03,0.03
baidoa,2025102708,3.12,43.65,709.0,35.39,2.44,2.4,38.28,0.04
baidoa,2025102709,3.12,43.65,673.4,36.13,1.94,1.87,35.41,0.05
baidoa,2025102710,3.12,43.65,667.28,36.41,1.72,1.7,33.5,0.06
baidoa,2025102711,3.12,43.65,484.02,35.69,1.68,1.77,34.19,0.07
baidoa,2025102712,3.12,43.65,328.9,34.6,1.69,1.81,36.48,0.06
baidoa,2025102713,3.12,43.65,168.4,33.55,1.89,2.04,39.21,0.05
baidoa,2025102714,3.12,43.65,27.3,32.19,2.26,2.68,43.75,0.03
baidoa,2025102715,3.12,43.65,0.0,30.68,2.9,4.1,50.97,0.03
baidoa,2025102716,3.12,43.65,0.0,29.58,4.07,5.54,55.04,0.03
baidoa,2025102717,3.12,43.65,0.0,28.64,4.92,6.52,58.82,0.02
baidoa,2025102718,3.12,43.65,0.0,27.75,5.27,6.88,62.39,0.01
baidoa,2025102719,3.12,43.65,0.0,26.93,5.17,6.7,65.74,0.0
baidoa,2025102720,3.12,43.65,0.0,26.18,4.79,6.22,68.88,0.0
baidoa,2025102721,3.12,43.65,0.0,25.5,4.47,5.85,72.01,0.0
baidoa,2025102722,3.12,43.65,0.0,24.88,4.27,5.66,75.37,0.01
baidoa,2025102723,3.12,43.65,0.0,24.32,4.19,5.62,78.78,0.02
baidoa,2025102800,3.12,43.65,0.0,23.86,4.15,5.58,81.92,0.05
baidoa,2025102801,3.12,43.65,0.0,23.53,4.07,5.5,84.26,0.05
baidoa,2025102802,3.12,43.65,0.0,23.3,3.9,5.36,86.12,0.05
baidoa,2025102803,3.12,43.65,74.62,23.46,4.31,5.64,85.52,0.05
baidoa,2025102804,3.12,43.65,273.77,25.1,5.03,5.93,76.32,0.03
baidoa,2025102805,3.12,43.65,508.15,27.83,5.11,5.81,62.19,0.05
baidoa,2025102806,3.12,43.65,690.12,30.77,4.89,5.4,50.64,0.06
baidoa,2025102807,3.12,43.65,781.28,33.1,4.47,4.84,43.38,0.07
baidoa,2025102808,3.12,43.65,810.53,34.64,4.13,4.45,38.65,0.1
baidoa,2025102809,3.12,43.65,791.0,35.56,3.87,4.16,35.42,0.11
baidoa,2025102810,3.12,43.65,679.72,36.09,3.62,3.91,32.98,0.12
baidoa,2025102811,3.12,43.65,575.78,36.13,3.45,3.75,31.73,0.1
baidoa,2025102812,3.12,43.65,418.4,35.64,3.26,3.6,31.71,0.08
baidoa,2025102813,3.12,43.65,201.43,34.55,3.02,3.4,33.18,0.04
baidoa,2025102814,3.12,43.65,29.23,33.11,2.45,3.33,36.79,0.01
baidoa,2025102815,3.12,43.65,0.0,30.95,1.97,4.24,46.14,0.01
baidoa,2025102816,3.12,43.65,0.0,30.3,3.79,6.24,46.47,0.0
baidoa,2025102817,3.12,43.65,0.0,29.11,5.59,7.83,50.3,0.0
baidoa,2025102818,3.12,43.65,0.0,27.49,6.52,8.61,56.69,0.0
baidoa,2025102819,3.12,43.65,0.0,25.9,6.34,8.09,63.84,0.0
baidoa,2025102820,3.12,43.65,0.0,24.9,5.49,6.98,68.63,0.0
baidoa,2025102821,3.12,43.65,0.0,24.27,4.87,6.29,71.71,0.0
baidoa,2025102822,3.12,43.65,0.0,23.73,4.59,6.04,74.74,0.01
baidoa,2025102823,3.12,43.65,0.0,23.15,4.35,5.9,78.76,0.02
baidoa,2025102900,3.12,43.65,0.0,22.65,4.25,5.82,83.32,0.03
baidoa,2025102901,3.12,43.65,0.0,22.34,4.32,5.96,86.98,0.03
baidoa,2025102902,3.12,43.65,0.0,22.16,4.38,6.11,89.17,0.03
baidoa,2025102903,3.12,43.65,53.28,22.41,4.75,6.23,87.98,0.03
baidoa,2025102904,3.12,43.65,159.35,24.25,5.42,6.42,75.63,0.0
baidoa,2025102905,3.12,43.65,223.8,27.18,5.41,6.2,57.74,0.0
baidoa,2025102906,3.12,43.65,408.08,30.22,5.23,5.9,44.53,0.0
baidoa,2025102907,3.12,43.65,680.03,32.9,4.91,5.45,36.25,0.0
baidoa,2025102908,3.12,43.65,835.2,34.81,4.51,4.97,31.36,0.0
baidoa,2025102909,3.12,43.65,882.88,36.01,4.18,4.58,28.43,0.0
baidoa,2025102910,3.12,43.65,793.97,36.61,3.96,4.34,26.75,0.0
baidoa,2025102911,3.12,43.65,666.92,36.63,3.88,4.29,25.94,0.0
baidoa,2025102912,3.12,43.65,453.42,36.1,3.86,4.3,25.97,0.0
baidoa,2025102913,3.12,43.65,221.32,35.12,3.81,4.34,26.9,0.0
baidoa,2025102914,3.12,43.65,33.08,33.3,2.9,4.4,30.89,0.0
baidoa,2025102915,3.12,43.65,0.0,30.65,2.3,4.85,39.74,0.0
baidoa,2025102916,3.12,43.65,0.0,30.26,2.71,5.71,39.81,0.0
baidoa,2025102917,3.12,43.65,0.0,29.64,4.73,7.18,42.7,0.0
baidoa,2025102918,3.12,43.65,0.0,27.91,6.11,8.22,53.01,0.0
baidoa,2025102919,3.12,43.65,0.0,26.2,6.52,8.26,64.47,0.0
baidoa,2025102920,3.12,43.65,0.0,24.94,5.88,7.36,72.92,0.0
baidoa,2025102921,3.12,43.65,0.0,24.29,5.23,6.57,77.25,0.0
baidoa,2025102922,3.12,43.65,0.0,23.88,4.84,6.19,79.24,0.0
baidoa,2025102923,3.12,43.65,0.0,23.57,4.72,6.08,80.45,0.01
baidoa,2025103000,3.12,43.65,0.0,23.2,4.47,5.92,82.6,0.02
baidoa,2025103001,3.12,43.65,0.0,22.95,4.35,5.89,84.45,0.03
baidoa,2025103002,3.12,43.65,0.0,22.74,4.22,5.89,85.86,0.03
baidoa,2025103003,3.12,43.65,87.45,22.96,4.54,5.98,84.9,0.03
baidoa,2025103004,3.12,43.65,300.67,24.73,5.18,6.09,74.37,0.0
baidoa,2025103005,3.12,43.65,527.78,27.55,5.27,6.0,58.81,0.0
baidoa,2025103006,3.12,43.65,754.62,30.44,5.12,5.69,46.65,0.0
baidoa,2025103007,3.12,43.65,872.62,32.81,4.65,5.05,39.18,0.0
baidoa,2025103008,3.12,43.65,894.2,34.55,4.08,4.36,34.45,0.0
baidoa,2025103009,3.12,43.65,893.25,35.5,3.5,3.72,31.58,0.0
baidoa,2025103010,3.12,43.65,771.08,36.11,2.95,3.15,29.32,0.0
baidoa,2025103011,3.12,43.65,671.5,36.29,2.63,2.85,27.88,0.0
baidoa,2025103012,3.12,43.65,465.17,35.84,2.53,2.79,27.8,0.0
baidoa,2025103013,3.12,43.65,231.6,34.85,2.6,2.9,29.0,0.0
baidoa,2025103014,3.12,43.65,34.1,33.39,2.46,3.41,32.33,0.0
baidoa,2025103015,3.12,43.65,0.0,31.14,2.5,5.12,39.45,0.0
baidoa,2025103016,3.12,43.65,0.0,30.56,4.79,7.33,40.61,0.0
baidoa,2025103017,3.12,43.65,0.0,28.88,6.72,9.15,47.73,0.0
baidoa,2025103018,3.12,43.65,0.0,26.7,7.25,9.21,58.65,0.0
baidoa,2025103019,3.12,43.65,0.0,25.26,6.15,7.79,66.71,0.0
baidoa,2025103020,3.12,43.65,0.0,24.49,5.16,6.58,71.24,0.0
baidoa,2025103021,3.12,43.65,0.0,23.97,4.44,5.76,74.56,0.01
baidoa,2025103022,3.12,43.65,0.0,23.4,3.86,5.27,78.72,0.02
baidoa,2025103023,3.12,43.65,0.0,22.93,3.65,5.03,83.03,0.03
baidoa,2025103100,3.12,43.65,0.0,22.63,3.54,4.96,86.07,0.04
baidoa,2025103101,3.12,43.65,0.0,22.39,3.45,5.02,88.05,0.05
baidoa,2025103102,3.12,43.65,0.0,22.21,3.43,5.17,89.53,0.05
baidoa,2025103103,3.12,43.65,99.0,22.48,3.97,5.34,88.47,0.04
baidoa,2025103104,3.12,43.65,344.67,24.22,4.83,5.67,77.77,0.0
baidoa,2025103105,3.12,43.65,594.47,27.16,5.02,5.67,60.22,0.0
baidoa,2025103106,3.12,43.65,798.45,30.17,4.84,5.32,45.8,0.0
baidoa,2025103107,3.12,43.65,938.65,32.76,4.28,4.57,36.75,0.0
baidoa,2025103108,3.12,43.65,980.9,34.73,3.54,3.67,31.05,0.0
baidoa,2025103109,3.12,43.65,871.65,36.03,2.87,2.9,27.55,0.0
baidoa,2025103110,3.12,43.65,695.1,36.7,2.4,2.4,25.62,0.0
baidoa,2025103111,3.12,43.65,576.33,36.61,2.18,2.21,24.95,0.0
baidoa,2025103112,3.12,43.65,372.75,36.1,2.16,2.22,25.15,0.0
baidoa,2025103113,3.12,43.65,191.77,34.99,2.25,2.4,26.52,0.0
baidoa,2025103114,3.12,43.65,31.0,33.42,2.21,3.13,30.12,0.0
baidoa,2025103115,3.12,43.65,0.0,31.37,2.65,5.33,36.24,0.0
baidoa,2025103116,3.12,43.65,0.0,30.63,5.11,7.61,38.05,0.0
baidoa,2025103117,3.12,43.65,0.0,28.88,6.92,9.07,45.95,0.0
baidoa,2025103118,3.12,43.65,0.0,26.62,7.38,9.35,57.55,0.0
baidoa,2025103119,3.12,43.65,0.0,25.07,6.69,8.46,66.26,0.0
baidoa,2025103120,3.12,43.65,0.0,24.32,5.77,7.38,70.41,0.0
baidoa,2025103121,3.12,43.65,0.0,23.84,5.07,6.59,73.44,0.0
baidoa,2025103122,3.12,43.65,0.0,23.37,4.58,6.12,77.29,0.02
baidoa,2025103123,3.12,43.65,0.0,23.01,4.25,5.55,81.39,0.04
baidoa,2025110100,3.12,43.65,0.0,22.71,3.92,5.2,85.12,0.05
baidoa,2025110101,3.12,43.65,0.0,22.48,3.77,5.04,87.83,0.05
baidoa,2025110102,3.12,43.65,0.0,22.25,3.69,5.04,90.02,0.05
baidoa,2025110103,3.12,43.65,97.22,22.4,3.97,5.18,89.54,0.06
baidoa,2025110104,3.12,43.65,337.48,24.18,4.97,5.94,76.74,0.02
baidoa,2025110105,3.12,43.65,582.03,27.0,5.07,5.76,60.67,0.01
baidoa,2025110106,3.12,43.65,777.03,29.99,4.8,5.31,47.07,0.01
baidoa,2025110107,3.12,43.65,908.6,32.6,4.25,4.56,38.61,0.01
baidoa,2025110108,3.12,43.65,956.35,34.6,3.52,3.64,33.34,0.01
baidoa,2025110109,3.12,43.65,848.17,35.9,2.7,2.67,29.87,0.01
baidoa,2025110110,3.12,43.65,715.42,36.34,1.95,1.88,27.9,0.02
baidoa,2025110111,3.12,43.65,564.35,36.23,1.61,1.62,26.97,0.02
baidoa,2025110112,3.12,43.65,383.5,35.62,1.6,1.68,27.14,0.01
baidoa,2025110113,3.12,43.65,186.7,34.67,1.72,1.85,28.16,0.01
baidoa,2025110114,3.12,43.65,28.5,33.33,1.66,2.28,31.38,0.0
baidoa,2025110115,3.12,43.65,0.0,31.12,1.85,3.76,38.83,0.0
baidoa,2025110116,3.12,43.65,0.0,30.44,3.35,5.86,38.84,0.0
baidoa,2025110117,3.12,43.65,0.0,29.22,5.18,7.39,43.4,0.0
baidoa,2025110118,3.12,43.65,0.0,27.32,6.12,8.1,52.49,0.0
baidoa,2025110119,3.12,43.65,0.0,25.56,6.15,7.82,62.06,0.0
baidoa,2025110120,3.12,43.65,0.0,24.4,5.43,6.88,68.87,0.0
baidoa,2025110121,3.12,43.65,0.0,23.73,4.62,5.91,73.15,0.0
baidoa,2025110122,3.12,43.65,0.0,23.25,4.03,5.3,76.74,0.02
baidoa,2025110123,3.12,43.65,0.0,22.89,3.86,5.1,80.35,0.03
baidoa,2025110200,3.12,43.65,0.0,22.65,3.85,4.98,83.4,0.0
baidoa,2025110201,3.12,43.65,0.0,22.52,3.77,4.92,85.0,0.0
baidoa,2025110202,3.12,43.65,0.0,22.46,3.78,5.04,85.48,0.0
baidoa,2025110203,3.12,43.65,96.43,22.77,4.13,5.23,83.28,0.0
baidoa,2025110204,3.12,43.65,334.45,24.59,4.56,5.27,71.83,0.0
baidoa,2025110205,3.12,43.65,578.38,27.35,4.57,5.1,56.5,0.0
baidoa,2025110206,3.12,43.65,782.1,30.44,4.3,4.64,43.44,0.0
baidoa,2025110207,3.12,43.65,922.25,33.07,3.57,3.69,35.68,0.0
baidoa,2025110208,3.12,43.65,988.12,35.06,2.69,2.65,30.57,0.0
baidoa,2025110209,3.12,43.65,911.0,36.39,2.02,1.96,27.11,0.0
baidoa,2025110210,3.12,43.65,754.05,36.99,1.72,1.75,25.07,0.0
baidoa,2025110211,3.12,43.65,584.22,36.99,1.65,1.76,24.17,0.0
baidoa,2025110212,3.12,43.65,378.25,36.46,1.64,1.78,24.31,0.0
baidoa,2025110213,3.12,43.65,178.18,35.46,1.66,1.82,25.4,0.0
baidoa,2025110214,3.12,43.65,26.83,34.03,1.54,2.19,28.95,0.0
baidoa,2025110215,3.12,43.65,0.0,31.76,1.95,3.93,35.76,0.0
baidoa,2025110216,3.12,43.65,0.0,31.22,3.86,6.36,35.52,0.0
baidoa,2025110217,3.12,43.65,0.0,29.79,6.16,8.34,41.72,0.0
baidoa,2025110218,3.12,43.65,0.0,27.47,7.41,9.31,53.62,0.0
baidoa,2025110219,3.12,43.65,0.0,25.45,6.99,8.68,64.65,0.0
baidoa,2025110220,3.12,43.65,0.0,24.39,5.97,7.45,70.69,0.0
baidoa,2025110221,3.12,43.65,0.0,23.9,5.29,6.65,73.29,0.0
baidoa,2025110222,3.12,43.65,0.0,23.53,4.9,6.2,75.44,0.0
baidoa,2025110223,3.12,43.65,0.0,23.18,4.6,5.83,77.79,0.0
baidoa,2025110300,3.12,43.65,0.0,22.91,4.29,5.45,79.69,0.0
baidoa,2025110301,3.12,43.65,0.0,22.74,3.95,5.06,80.99,0.0
baidoa,2025110302,3.12,43.65,0.0,22.57,3.55,4.69,82.34,0.0
baidoa,2025110303,3.12,43.65,94.0,22.82,3.64,4.61,81.04,0.0
baidoa,2025110304,3.12,43.65,329.15,24.71,4.11,4.73,69.89,0.0
baidoa,2025110305,3.12,43.65,570.9,27.48,4.22,4.7,55.65,0.0
baidoa,2025110306,3.12,43.65,772.53,30.54,4.07,4.36,43.9,0.0
baidoa,2025110307,3.12,43.65,911.0,33.27,3.35,3.42,35.89,0.0
baidoa,2025110308,3.12,43.65,972.92,35.33,2.45,2.35,30.17,0.0
baidoa,2025110309,3.12,43.65,890.85,36.73,1.74,1.58,26.08,0.0
baidoa,2025110310,3.12,43.65,743.12,37.51,1.45,1.32,23.61,0.0
baidoa,2025110311,3.12,43.65,602.92,37.69,1.54,1.47,22.36,0.0
baidoa,2025110312,3.12,43.65,390.88,37.3,1.85,1.85,22.18,0.0
baidoa,2025110313,3.12,43.65,181.32,36.27,2.24,2.33,23.03,0.0
baidoa,2025110314,3.12,43.65,25.65,34.62,2.31,3.19,25.62,0.0
baidoa,2025110315,3.12,43.65,0.0,32.4,2.64,5.35,31.09,0.0
baidoa,2025110316,3.12,43.65,0.0,31.67,4.97,7.33,33.36,0.0
baidoa,2025110317,3.12,43.65,0.0,29.75,6.64,8.73,42.06,0.0
baidoa,2025110318,3.12,43.65,0.0,27.35,7.22,9.03,54.5,0.0
baidoa,2025110319,3.12,43.65,0.0,25.76,6.33,7.84,63.36,0.0
baidoa,2025110320,3.12,43.65,0.0,24.9,5.33,6.61,68.35,0.0
baidoa,2025110321,3.12,43.65,0.0,24.42,4.69,5.85,71.07,0.0
baidoa,2025110322,3.12,43.65,0.0,24.05,4.32,5.45,73.4,0.0
baidoa,2025110323,3.12,43.65,0.0,23.72,4.12,5.23,76.06,0.0
baidoa,2025110400,3.12,43.65,0.0,23.44,3.97,5.08,78.66,0.0
baidoa,2025110401,3.12,43.65,0.0,23.27,3.79,4.88,80.58,0.0
baidoa,2025110402,3.12,43.65,0.0,23.12,3.55,4.68,82.18,0.0
baidoa,2025110403,3.12,43.65,93.68,23.38,3.68,4.64,80.94,0.0
baidoa,2025110404,3.12,43.65,327.85,25.17,4.04,4.64,70.28,0.0
baidoa,2025110405,3.12,43.65,569.62,27.91,4.07,4.53,56.2,0.0
baidoa,2025110406,3.12,43.65,773.33,31.04,3.82,4.08,44.1,0.0
baidoa,2025110407,3.12,43.65,914.4,33.8,3.1,3.16,35.68,0.0
baidoa,2025110408,3.12,43.65,972.95,35.83,2.29,2.2,30.06,0.0
baidoa,2025110409,3.12,43.65,848.28,37.21,1.75,1.6,26.16,0.0
baidoa,2025110410,3.12,43.65,685.62,37.98,1.7,1.58,23.83,0.0
baidoa,2025110411,3.12,43.65,579.55,38.17,1.94,1.88,22.74,0.0
baidoa,2025110412,3.12,43.65,338.9,37.63,2.34,2.35,22.93,0.0
baidoa,2025110413,3.12,43.65,156.32,36.33,2.98,3.18,24.51,0.0
baidoa,2025110414,3.12,43.65,22.58,34.74,3.65,4.63,27.38,0.0
baidoa,2025110415,3.12,43.65,0.0,33.0,4.71,7.06,32.19,0.0
baidoa,2025110416,3.12,43.65,0.0,31.36,7.06,9.14,39.45,0.0
baidoa,2025110417,3.12,43.65,0.0,28.78,8.0,10.01,51.9,0.0
baidoa,2025110418,3.12,43.65,0.0,26.65,7.16,8.9,62.75,0.0
baidoa,2025110419,3.12,43.65,0.0,25.64,5.97,7.47,67.7,0.0
baidoa,2025110420,3.12,43.65,0.0,25.14,5.24,6.6,70.31,0.0
baidoa,2025110421,3.12,43.65,0.0,24.69,4.8,6.06,72.98,0.0
baidoa,2025110422,3.12,43.65,0.0,24.23,4.42,5.59,76.04,0.0
baidoa,2025110423,3.12,43.65,0.0,23.84,4.08,5.15,78.76,0.0
baidoa,2025110500,3.12,43.65,0.0,23.6,3.81,4.8,80.5,0.0
baidoa,2025110501,3.12,43.65,0.0,23.44,3.61,4.6,81.37,0.0
baidoa,2025110502,3.12,43.65,0.0,23.31,3.51,4.52,82.37,0.0
baidoa,2025110503,3.12,43.65,94.32,23.56,3.67,4.55,81.29,0.0
baidoa,2025110504,3.12,43.65,330.77,25.33,4.0,4.59,71.34,0.0
baidoa,2025110505,3.12,43.65,572.42,27.95,4.04,4.47,58.26,0.0
baidoa,2025110506,3.12,43.65,774.38,30.79,3.82,4.08,46.9,0.0
baidoa,2025110507,3.12,43.65,907.25,33.4,3.23,3.31,38.76,0.0
baidoa,2025110508,3.12,43.65,873.92,35.34,2.53,2.47,33.36,0.0
baidoa,2025110509,3.12,43.65,756.12,36.38,2.08,2.0,30.37,0.0
baidoa,2025110510,3.12,43.65,617.62,36.88,1.99,1.94,28.93,0.0
baidoa,2025110511,3.12,43.65,437.33,36.86,2.14,2.14,28.46,0.0
baidoa,2025110512,3.12,43.65,240.8,36.29,2.44,2.54,29.08,0.0
baidoa,2025110513,3.12,43.65,115.68,35.07,2.81,3.08,31.3,0.0
baidoa,2025110514,3.12,43.65,16.0,33.64,3.22,3.89,34.58,0.0
baidoa,2025110515,3.12,43.65,0.0,32.25,3.42,5.15,38.88,0.0
baidoa,2025110516,3.12,43.65,0.0,31.25,4.76,6.28,43.1,0.0
baidoa,2025110517,3.12,43.65,0.0,29.86,5.9,7.51,49.74,0.0
baidoa,2025110518,3.12,43.65,0.0,28.28,6.19,7.73,57.4,0.0
baidoa,2025110519,3.12,43.65,0.0,27.06,5.74,7.1,63.63,0.01
baidoa,2025110520,3.12,43.65,0.0,26.16,5.16,6.33,68.44,0.01
baidoa,2025110521,3.12,43.65,0.0,25.48,4.68,5.7,72.34,0.01
baidoa,2025110522,3.12,43.65,0.0,24.97,4.35,5.29,75.49,0.02
baidoa,2025110523,3.12,43.65,0.0,24.6,4.14,5.05,78.15,0.02
baidoa,2025110600,3.12,43.65,0.0,24.3,3.97,4.84,80.62,0.03
baidoa,2025110601,3.12,43.65,0.0,24.07,3.76,4.61,82.85,0.04
baidoa,2025110602,3.12,43.65,0.0,23.89,3.54,4.34,84.67,0.06
baidoa,2025110603,3.12,43.65,62.28,23.83,3.4,4.16,85.71,0.08
baidoa,2025110604,3.12,43.65,223.0,24.37,3.72,4.41,82.23,0.1
baidoa,2025110605,3.12,43.65,404.42,25.53,3.97,4.5,74.32,0.11
baidoa,2025110606,3.12,43.65,573.85,27.14,3.86,4.2,65.19,0.11
baidoa,2025110607,3.12,43.65,646.88,29.45,3.48,3.57,55.01,0.1
baidoa,2025110608,3.12,43.65,737.5,31.54,3.13,3.08,47.17,0.08
baidoa,2025110609,3.12,43.65,691.17,33.12,2.84,2.69,41.88,0.05
baidoa,2025110610,3.12,43.65,595.22,33.86,2.64,2.49,39.23,0.02
baidoa,2025110611,3.12,43.65,419.48,34.02,2.6,2.49,38.24,0.01
baidoa,2025110612,3.12,43.65,252.65,33.67,2.43,2.42,38.39,0.0
baidoa,2025110613,3.12,43.65,123.7,32.96,2.18,2.27,39.49,0.0
baidoa,2025110614,3.12,43.65,17.48,31.8,1.98,2.32,42.08,0.0
baidoa,2025110615,3.12,43.65,0.0,30.07,1.62,2.98,47.55,0.0
baidoa,2025110616,3.12,43.65,0.0,29.82,2.02,3.95,47.87,0.0
baidoa,2025110617,3.12,43.65,0.0,29.54,3.5,5.11,49.06,0.0
baidoa,2025110618,3.12,43.65,0.0,28.62,4.76,6.12,53.68,0.0
baidoa,2025110619,3.12,43.65,0.0,27.36,5.41,6.73,60.62,0.0
baidoa,2025110620,3.12,43.65,0.0,26.2,5.32,6.54,67.05,0.0
baidoa,2025110621,3.12,43.65,0.0,25.33,4.95,6.05,71.84,0.0
baidoa,2025110622,3.12,43.65,0.0,24.77,4.62,5.64,74.98,0.0
baidoa,2025110623,3.12,43.65,0.0,24.39,4.39,5.35,76.97,0.0
baidoa,2025110700,3.12,43.65,0.0,24.1,4.16,5.11,78.58,0.02
baidoa,2025110701,3.12,43.65,0.0,23.74,3.89,4.89,80.96,0.02
baidoa,2025110702,3.12,43.65,0.0,23.43,3.67,4.73,83.02,0.03
baidoa,2025110703,3.12,43.65,82.3,23.4,3.77,4.75,83.43,0.03
baidoa,2025110704,3.12,43.65,299.9,24.9,4.28,4.96,74.45,0.0
baidoa,2025110705,3.12,43.65,538.6,27.58,4.46,5.01,60.13,0.01
baidoa,2025110706,3.12,43.65,750.65,30.49,4.4,4.82,48.66,0.02
baidoa,2025110707,3.12,43.65,898.5,33.05,4.13,4.47,40.36,0.03
baidoa,2025110708,3.12,43.65,920.28,35.09,3.85,4.16,34.2,0.04
baidoa,2025110709,3.12,43.65,819.47,36.52,3.63,3.95,29.92,0.05
baidoa,2025110710,3.12,43.65,699.28,37.25,3.51,3.85,27.55,0.04
baidoa,2025110711,3.12,43.65,505.05,37.33,3.49,3.86,26.57,0.03
baidoa,2025110712,3.12,43.65,369.58,36.62,3.57,4.03,27.08,0.02
baidoa,2025110713,3.12,43.65,174.55,35.45,3.67,4.25,28.59,0.01
baidoa,2025110714,3.12,43.65,26.23,34.06,3.12,4.4,30.86,0.0
baidoa,2025110715,3.12,43.65,0.0,31.99,2.11,4.79,35.88,0.0
baidoa,2025110716,3.12,43.65,0.0,31.45,2.56,5.56,36.63,0.01
baidoa,2025110717,3.12,43.65,0.0,30.92,4.44,6.82,38.59,0.01
baidoa,2025110718,3.12,43.65,0.0,29.31,5.81,7.83,46.62,0.01
baidoa,2025110719,3.12,43.65,0.0,27.4,6.53,8.37,57.73,0.01
baidoa,2025110720,3.12,43.65,0.0,25.86,6.3,7.92,66.86,0.0
baidoa,2025110721,3.12,43.65,0.0,24.81,5.77,7.35,73.21,0.01
baidoa,2025110722,3.12,43.65,0.0,24.08,5.37,6.92,77.48,0.03
baidoa,2025110723,3.12,43.65,0.0,23.65,5.13,6.7,79.45,0.04
baidoa,2025110800,3.12,43.65,0.0,23.34,4.97,6.54,81.02,0.03
baidoa,2025110801,3.12,43.65,0.0,23.1,4.83,6.47,82.37,0.03
baidoa,2025110802,3.12,43.65,0.0,22.88,4.76,6.52,83.36,0.03
baidoa,2025110803,3.12,43.65,83.25,22.98,5.22,6.91,82.48,0.03
baidoa,2025110804,3.12,43.65,301.48,24.5,6.22,7.49,73.22,0.02
baidoa,2025110805,3.12,43.65,538.95,27.17,6.47,7.55,59.12,0.0
baidoa,2025110806,3.12,43.65,746.22,30.02,6.4,7.34,47.13,0.0
baidoa,2025110807,3.12,43.65,876.15,32.6,6.01,6.79,38.38,0.0
baidoa,2025110808,3.12,43.65,909.78,34.67,5.46,6.11,32.28,0.0
baidoa,2025110809,3.12,43.65,926.2,36.15,4.92,5.47,27.99,0.0
baidoa,2025110810,3.12,43.65,817.92,37.02,4.54,5.05,25.03,0.0
baidoa,2025110811,3.12,43.65,687.17,37.27,4.35,4.86,23.29,0.0
baidoa,2025110812,3.12,43.65,476.52,36.88,4.34,4.87,22.67,0.0
baidoa,2025110813,3.12,43.65,233.73,35.86,4.43,5.08,23.11,0.0
baidoa,2025110814,3.12,43.65,33.3,34.02,3.8,5.37,25.23,0.0
baidoa,2025110815,3.12,43.65,0.0,31.13,2.76,6.21,30.66,0.0
baidoa,2025110816,3.12,43.65,0.0,30.59,3.24,6.83,31.37,0.0
baidoa,2025110817,3.12,43.65,0.0,30.04,4.3,7.38,33.45,0.0
baidoa,2025110818,3.12,43.65,0.0,28.75,5.66,7.98,40.87,0.0
baidoa,2025110819,3.12,43.65,0.0,26.82,6.06,8.1,53.68,0.0
baidoa,2025110820,3.12,43.65,0.0,25.26,5.81,7.65,65.28,0.0
baidoa,2025110821,3.12,43.65,0.0,24.26,5.44,7.05,73.04,0.0
baidoa,2025110822,3.12,43.65,0.0,23.63,5.0,6.57,77.47,0.01
baidoa,2025110823,3.12,43.65,0.0,23.17,4.82,6.46,80.67,0.03
baidoa,2025110900,3.12,43.65,0.0,22.82,4.7,6.35,83.52,0.03
baidoa,2025110901,3.12,43.65,0.0,22.55,4.55,6.24,85.72,0.04
baidoa,2025110902,3.12,43.65,0.0,22.32,4.26,5.97,87.65,0.03
baidoa,2025110903,3.12,43.65,85.47,22.5,4.49,6.03,87.08,0.03
baidoa,2025110904,3.12,43.65,313.95,24.25,5.57,6.74,76.48,0.02
baidoa,2025110905,3.12,43.65,547.53,27.15,5.73,6.63,60.41,0.0
baidoa,2025110906,3.12,43.65,764.55,30.27,5.52,6.25,46.33,0.0
baidoa,2025110907,3.12,43.65,906.85,33.04,4.98,5.54,36.05,0.0
baidoa,2025110908,3.12,43.65,943.67,35.12,4.34,4.76,29.49,0.0
baidoa,2025110909,3.12,43.65,903.15,36.53,3.78,4.15,25.48,0.0
baidoa,2025110910,3.12,43.65,780.25,37.34,3.47,3.81,23.24,0.0
baidoa,2025110911,3.12,43.65,645.72,37.54,3.35,3.67,22.32,0.0
baidoa,2025110912,3.12,43.65,459.02,37.11,3.34,3.67,22.44,0.0
baidoa,2025110913,3.12,43.65,230.93,36.06,3.4,3.8,23.62,0.0
baidoa,2025110914,3.12,43.65,34.1,34.22,2.96,4.16,26.47,0.0
baidoa,2025110915,3.12,43.65,0.0,31.67,2.33,5.21,32.08,0.0
baidoa,2025110916,3.12,43.65,0.0,31.15,2.78,6.05,32.8,0.0
baidoa,2025110917,3.12,43.65,0.0,30.61,3.53,6.55,34.48,0.0
baidoa,2025110918,3.12,43.65,0.0,29.57,4.71,7.03,39.93,0.0
baidoa,2025110919,3.12,43.65,0.0,27.73,5.28,7.38,51.11,0.0
baidoa,2025110920,3.12,43.65,0.0,26.07,5.5,7.31,63.36,0.0
baidoa,2025110921,3.12,43.65,0.0,24.89,5.21,6.72,72.88,0.01
baidoa,2025110922,3.12,43.65,0.0,24.2,4.71,6.01,79.06,0.02
baidoa,2025110923,3.12,43.65,0.0,23.8,4.38,5.6,82.84,0.03
baidoa,2025111000,3.12,43.65,0.0,23.51,3.99,5.13,85.75,0.04
baidoa,2025111001,3.12,43.65,0.0,23.29,3.58,4.68,88.24,0.04
baidoa,2025111002,3.12,43.65,0.0,23.09,3.41,4.69,90.24,0.03
baidoa,2025111003,3.12,43.65,89.55,23.23,3.83,5.05,90.08,0.03
baidoa,2025111004,3.12,43.65,315.3,24.95,5.09,6.14,78.67,0.01
baidoa,2025111005,3.12,43.65,549.2,27.75,5.31,6.13,62.8,0.0
baidoa,2025111006,3.12,43.65,767.78,30.78,5.08,5.74,49.27,0.0
baidoa,2025111007,3.12,43.65,865.7,33.4,4.57,5.1,39.22,0.0
baidoa,2025111008,3.12,43.65,861.1,35.36,3.98,4.39,32.48,0.0
baidoa,2025111009,3.12,43.65,825.03,36.64,3.48,3.82,28.54,0.0
baidoa,2025111010,3.12,43.65,773.28,37.34,3.19,3.46,26.23,0.0
baidoa,2025111011,3.12,43.65,614.72,37.47,3.1,3.35,25.03,0.0
baidoa,2025111012,3.12,43.65,405.15,37.0,3.2,3.48,25.05,0.0
baidoa,2025111013,3.12,43.65,193.12,35.97,3.44,3.84,26.19,0.0
baidoa,2025111014,3.12,43.65,28.08,34.33,3.28,4.37,28.77,0.0
baidoa,2025111015,3.12,43.65,0.0,32.21,2.73,5.69,33.6,0.0
baidoa,2025111016,3.12,43.65,0.0,31.64,4.45,7.08,36.08,0.0
baidoa,2025111017,3.12,43.65,0.0,30.26,6.07,8.34,43.53,0.0
baidoa,2025111018,3.12,43.65,0.0,28.19,7.01,9.01,56.54,0.0
baidoa,2025111019,3.12,43.65,0.0,26.4,6.56,8.29,68.48,0.0
baidoa,2025111020,3.12,43.65,0.0,25.46,5.79,7.31,74.71,0.01
baidoa,2025111021,3.12,43.65,0.0,24.96,5.25,6.69,77.91,0.03
baidoa,2025111022,3.12,43.65,0.0,24.52,4.8,6.15,81.05,0.04
baidoa,2025111023,3.12,43.65,0.0,24.08,4.41,5.66,84.33,0.04
baidoa,2025111100,3.12,43.65,0.0,23.7,3.99,5.14,87.44,0.04
baidoa,2025111101,3.12,43.65,0.0,23.38,3.58,4.65,90.3,0.04
baidoa,2025111102,3.12,43.65,0.0,23.16,3.4,4.61,92.42,0.04
baidoa,2025111103,3.12,43.65,88.22,23.36,3.83,5.04,91.67,0.04
baidoa,2025111104,3.12,43.65,312.95,25.04,5.1,6.16,80.27,0.03
baidoa,2025111105,3.12,43.65,538.45,27.93,5.23,6.02,64.13,0.04
baidoa,2025111106,3.12,43.65,756.65,30.96,4.97,5.58,50.79,0.03
baidoa,2025111107,3.12,43.65,885.85,33.57,4.49,4.96,40.78,0.03
baidoa,2025111108,3.12,43.65,869.6,35.52,3.94,4.29,33.93,0.02
baidoa,2025111109,3.12,43.65,761.15,36.8,3.55,3.83,29.76,0.02
baidoa,2025111110,3.12,43.65,738.35,37.51,3.35,3.6,27.43,0.01
baidoa,2025111111,3.12,43.65,561.08,37.55,3.37,3.6,26.46,0.01
baidoa,2025111112,3.12,43.65,358.73,36.94,3.53,3.82,26.63,0.01
baidoa,2025111113,3.12,43.65,168.2,35.8,3.78,4.24,28.14,0.01
baidoa,2025111114,3.12,43.65,24.48,34.29,3.81,4.88,30.83,0.0
baidoa,2025111115,3.12,43.65,0.0,32.53,3.5,6.21,34.98,0.0
baidoa,2025111116,3.12,43.65,0.0,31.64,5.27,7.47,38.67,0.0
baidoa,2025111117,3.12,43.65,0.0,29.98,6.65,8.72,46.98,0.0
baidoa,2025111118,3.12,43.65,0.0,27.95,7.27,9.3,58.47,0.01
baidoa,2025111119,3.12,43.65,0.0,26.42,6.65,8.42,67.19,0.02
baidoa,2025111120,3.12,43.65,0.0,25.43,5.77,7.44,72.9,0.05
baidoa,2025111121,3.12,43.65,0.0,24.77,5.18,6.74,77.41,0.05
baidoa,2025111122,3.12,43.65,0.0,24.3,4.87,6.3,80.74,0.06
baidoa,2025111123,3.12,43.65,0.0,23.91,4.54,5.86,83.83,0.05
baidoa,2025111200,3.12,43.65,0.0,23.57,4.23,5.5,86.84,0.07
baidoa,2025111201,3.12,43.65,0.0,23.32,4.03,5.36,89.26,0.05
baidoa,2025111202,3.12,43.65,0.0,23.14,3.96,5.43,91.0,0.06
baidoa,2025111203,3.12,43.65,79.03,23.3,4.3,5.67,90.55,0.05
baidoa,2025111204,3.12,43.65,279.73,24.97,5.54,6.77,79.39,0.04
baidoa,2025111205,3.12,43.65,478.1,27.82,5.83,6.77,63.03,0.01
baidoa,2025111206,3.12,43.65,693.25,30.73,5.55,6.27,50.7,0.01
baidoa,2025111207,3.12,43.65,788.08,33.31,5.0,5.56,41.38,0.01
baidoa,2025111208,3.12,43.65,808.7,35.33,4.38,4.83,34.48,0.01
baidoa,2025111209,3.12,43.65,788.35,36.7,3.88,4.27,29.85,0.0
baidoa,2025111210,3.12,43.65,743.4,37.49,3.64,4.01,27.13,0.0
baidoa,2025111211,3.12,43.65,516.28,37.65,3.66,4.03,25.83,0.0
baidoa,2025111212,3.12,43.65,373.75,37.17,3.87,4.29,25.75,0.0
baidoa,2025111213,3.12,43.65,176.15,36.05,4.18,4.75,26.97,0.0
baidoa,2025111214,3.12,43.65,24.77,34.42,4.03,5.33,29.49,0.0
baidoa,2025111215,3.12,43.65,0.0,32.62,3.6,6.43,33.55,0.0
baidoa,2025111216,3.12,43.65,0.0,31.78,5.33,7.6,37.38,0.0
baidoa,2025111217,3.12,43.65,0.0,30.08,6.69,8.77,46.8,0.0
baidoa,2025111218,3.12,43.65,0.0,28.04,7.21,9.2,59.48,0.0
baidoa,2025111219,3.12,43.65,0.0,26.44,6.81,8.62,69.27,0.0
baidoa,2025111220,3.12,43.65,0.0,25.59,6.16,7.78,74.6,0.01
baidoa,2025111221,3.12,43.65,0.0,25.06,5.65,7.17,77.63,0.03
baidoa,2025111222,3.12,43.65,0.0,24.51,5.15,6.61,80.93,0.05
baidoa,2025111223,3.12,43.65,0.0,24.01,4.68,6.04,84.19,0.06
baidoa,2025111300,3.12,43.65,0.0,23.58,4.27,5.63,87.1,0.06
baidoa,2025111301,3.12,43.65,0.0,23.28,4.28,5.83,89.01,0.06
baidoa,2025111302,3.12,43.65,0.0,23.07,4.34,6.02,89.95,0.05
baidoa,2025111303,3.12,43.65,81.1,23.19,4.64,6.2,89.11,0.05
baidoa,2025111304,3.12,43.65,293.88,24.82,5.96,7.25,77.57,0.02
baidoa,2025111305,3.12,43.65,510.88,27.62,6.2,7.19,62.2,0.01
baidoa,2025111306,3.12,43.65,695.9,30.6,6.1,6.95,49.5,0.0
baidoa,2025111307,3.12,43.65,833.03,33.22,5.77,6.5,40.4,0.0
baidoa,2025111308,3.12,43.65,891.75,35.24,5.35,5.97,34.14,0.0
baidoa,2025111309,3.12,43.65,826.17,36.63,4.92,5.46,29.84,0.0
baidoa,2025111310,3.12,43.65,590.58,37.41,4.6,5.1,27.15,0.0
baidoa,2025111311,3.12,43.65,604.45,37.57,4.44,4.93,25.85,0.0
baidoa,2025111312,3.12,43.65,402.55,37.04,4.41,4.93,25.86,0.01
baidoa,2025111313,3.12,43.65,198.62,35.97,4.43,5.06,27.04,0.01
baidoa,2025111314,3.12,43.65,28.88,34.21,3.88,5.28,30.07,0.01
baidoa,2025111315,3.12,43.65,0.0,32.14,2.81,5.91,35.24,0.01
baidoa,2025111316,3.12,43.65,0.0,31.41,3.7,6.62,37.97,0.01
baidoa,2025111317,3.12,43.65,0.0,30.46,5.15,7.42,42.55,0.01
baidoa,2025111318,3.12,43.65,0.0,28.95,5.93,7.86,50.79,0.0
baidoa,2025111319,3.12,43.65,0.0,27.28,6.27,8.05,60.86,0.0
baidoa,2025111320,3.12,43.65,0.0,25.91,5.92,7.52,69.41,0.0
baidoa,2025111321,3.12,43.65,0.0,25.1,5.52,6.95,74.84,0.0
baidoa,2025111322,3.12,43.65,0.0,24.6,5.23,6.59,78.22,0.01
baidoa,2025111323,3.12,43.65,0.0,24.18,4.89,6.2,81.11,0.03
baidoa,2025111400,3.12,43.65,0.0,23.81,4.44,5.7,84.14,0.06
baidoa,2025111401,3.12,43.65,0.0,23.5,4.02,5.24,87.14,0.07
baidoa,2025111402,3.12,43.65,0.0,23.26,3.77,4.99,89.59,0.07
baidoa,2025111403,3.12,43.65,67.72,23.34,4.01,5.21,90.12,0.08
baidoa,2025111404,3.12,43.65,214.1,24.89,5.31,6.46,80.81,0.07
baidoa,2025111405,3.12,43.65,357.3,27.75,5.62,6.49,64.79,0.08
baidoa,2025111406,3.12,43.65,556.6,30.77,5.39,6.1,51.33,0.06
baidoa,2025111407,3.12,43.65,731.15,33.34,4.95,5.53,41.24,0.07
baidoa,2025111408,3.12,43.65,816.38,35.24,4.47,4.96,34.14,0.07
baidoa,2025111409,3.12,43.65,795.08,36.58,4.05,4.5,29.59,0.07
baidoa,2025111410,3.12,43.65,659.28,37.35,3.8,4.2,26.99,0.07
baidoa,2025111411,3.12,43.65,594.28,37.54,3.68,4.07,25.69,0.07
baidoa,2025111412,3.12,43.65,403.75,37.11,3.7,4.11,25.43,0.06
baidoa,2025111413,3.12,43.65,187.88,36.04,3.78,4.28,26.34,0.05
baidoa,2025111414,3.12,43.65,28.2,34.2,3.19,4.55,29.38,0.04
baidoa,2025111415,3.12,43.65,0.0,31.68,2.43,5.48,36.67,0.03
baidoa,2025111416,3.12,43.65,0.0,30.86,3.29,6.65,39.46,0.04
baidoa,2025111417,3.12,43.65,0.0,29.85,5.13,7.75,44.08,0.03
baidoa,2025111418,3.12,43.65,0.0,28.17,6.23,8.35,54.54,0.02
baidoa,2025111419,3.12,43.65,0.0,26.39,6.45,8.24,66.68,0.01
baidoa,2025111420,3.12,43.65,0.0,25.13,5.89,7.43,75.17,0.0
baidoa,2025111421,3.12,43.65,0.0,24.53,5.39,6.79,79.13,0.02
baidoa,2025111422,3.12,43.65,0.0,24.12,4.94,6.3,81.42,0.04
baidoa,2025111423,3.12,43.65,0.0,23.8,4.49,5.84,83.12,0.07
baidoa,2025111500,3.12,43.65,0.0,23.57,4.15,5.59,84.39,0.07
baidoa,2025111501,3.12,43.65,0.0,23.38,3.94,5.51,85.66,0.07
baidoa,2025111502,3.12,43.65,0.0,23.12,3.78,5.37,87.82,0.06
baidoa,2025111503,3.12,43.65,75.18,23.2,3.92,5.18,88.7,0.06
baidoa,2025111504,3.12,43.65,280.42,24.9,4.84,5.84,79.12,0.05
baidoa,2025111505,3.12,43.65,509.38,27.79,4.99,5.74,64.03,0.03
baidoa,2025111506,3.12,43.65,732.65,30.84,4.77,5.36,50.58,0.02
baidoa,2025111507,3.12,43.65,887.35,33.42,4.3,4.79,40.55,0.01
baidoa,2025111508,3.12,43.65,847.58,35.31,3.78,4.18,33.45,0.01
baidoa,2025111509,3.12,43.65,807.42,36.62,3.34,3.67,28.83,0.01
baidoa,2025111510,3.12,43.65,690.75,37.36,3.07,3.34,26.27,0.01
baidoa,2025111511,3.12,43.65,603.3,37.51,3.0,3.22,25.16,0.01
baidoa,2025111512,3.12,43.65,382.48,37.04,3.1,3.34,25.17,0.01
baidoa,2025111513,3.12,43.65,182.82,35.99,3.36,3.7,26.29,0.01
baidoa,2025111514,3.12,43.65,28.15,34.23,3.25,4.37,29.22,0.01
baidoa,2025111515,3.12,43.65,0.0,32.01,2.84,5.94,34.97,0.01
baidoa,2025111516,3.12,43.65,0.0,31.51,4.66,7.31,37.23,0.01
baidoa,2025111517,3.12,43.65,0.0,30.23,6.03,8.31,44.0,0.01
baidoa,2025111518,3.12,43.65,0.0,28.31,7.05,9.2,55.59,0.02
baidoa,2025111519,3.12,43.65,0.0,26.51,6.92,8.88,66.88,0.01
baidoa,2025111520,3.12,43.65,0.0,25.33,6.34,8.12,73.9,0.01
baidoa,2025111521,3.12,43.65,0.0,24.6,5.88,7.57,78.41,0.05
baidoa,2025111522,3.12,43.65,0.0,24.05,5.44,7.04,82.3,0.1
baidoa,2025111523,3.12,43.65,0.0,23.69,4.89,6.35,85.25,0.11
baidoa,2025111600,3.12,43.65,0.0,23.4,4.37,5.72,88.06,0.12
baidoa,2025111601,3.12,43.65,0.0,23.16,4.06,5.47,90.43,0.11
baidoa,2025111602,3.12,43.65,0.0,22.96,3.99,5.46,92.37,0.09
baidoa,2025111603,3.12,43.65,83.88,23.12,4.2,5.56,92.19,0.08
baidoa,2025111604,3.12,43.65,304.9,24.79,5.5,6.72,81.13,0.07
baidoa,2025111605,3.12,43.65,525.03,27.74,5.77,6.72,63.96,0.09
baidoa,2025111606,3.12,43.65,747.85,30.9,5.57,6.35,50.22,0.07
baidoa,2025111607,3.12,43.65,885.6,33.45,5.09,5.72,41.05,0.05
baidoa,2025111608,3.12,43.65,861.8,35.37,4.53,5.04,34.36,0.03
baidoa,2025111609,3.12,43.65,786.28,36.71,4.07,4.5,29.69,0.03
baidoa,2025111610,3.12,43.65,688.95,37.48,3.83,4.19,26.89,0.02
baidoa,2025111611,3.12,43.65,543.05,37.63,3.81,4.15,25.61,0.02
baidoa,2025111612,3.12,43.65,336.35,37.1,3.96,4.33,25.69,0.03
baidoa,2025111613,3.12,43.65,159.75,35.8,4.25,4.8,27.54,0.03
baidoa,2025111614,3.12,43.65,24.45,34.06,4.11,5.49,31.0,0.02
baidoa,2025111615,3.12,43.65,0.0,32.07,3.61,6.63,36.72,0.02
baidoa,2025111616,3.12,43.65,0.0,31.15,4.9,7.58,40.75,0.02
baidoa,2025111617,3.12,43.65,0.0,29.85,5.87,8.05,47.41,0.03
baidoa,2025111618,3.12,43.65,0.0,28.16,6.73,8.9,57.32,0.03
baidoa,2025111619,3.12,43.65,0.0,26.57,6.64,8.54,67.09,0.02
baidoa,2025111620,3.12,43.65,0.0,25.52,6.13,7.9,73.55,0.01
baidoa,2025111621,3.12,43.65,0.0,24.98,5.74,7.35,76.9,0.0
baidoa,2025111622,3.12,43.65,0.0,24.63,5.42,6.95,78.95,0.02
baidoa,2025111623,3.12,43.65,0.0,24.31,4.99,6.46,80.82,0.03
baidoa,2025111700,3.12,43.65,0.0,24.08,4.5,5.93,82.32,0.0
baidoa,2025111701,3.12,43.65,0.0,23.98,4.34,5.72,82.75,0.0
baidoa,2025111702,3.12,43.65,0.0,23.84,4.16,5.57,83.61,0.0
baidoa,2025111703,3.12,43.65,79.05,24.03,4.43,5.73,82.96,0.0
baidoa,2025111704,3.12,43.65,301.52,25.89,5.45,6.51,72.9,0.0
baidoa,2025111705,3.12,43.65,538.08,28.56,5.84,6.77,60.3,0.0
baidoa,2025111706,3.12,43.65,735.15,31.42,5.97,6.85,48.71,0.0
baidoa,2025111707,3.12,43.65,817.1,33.89,5.92,6.74,39.81,0.0
baidoa,2025111708,3.12,43.65,783.58,35.79,5.72,6.48,33.46,0.0
baidoa,2025111709,3.12,43.65,834.12,37.12,5.41,6.11,29.25,0.0
baidoa,2025111710,3.12,43.65,734.0,37.84,5.13,5.77,26.74,0.0
baidoa,2025111711,3.12,43.65,595.42,37.95,4.9,5.5,25.51,0.0
baidoa,2025111712,3.12,43.65,392.27,37.2,4.72,5.35,25.81,0.0
baidoa,2025111713,3.12,43.65,191.02,36.14,4.65,5.38,27.03,0.0
baidoa,2025111714,3.12,43.65,27.27,34.43,4.15,5.59,29.92,0.0
baidoa,2025111715,3.12,43.65,0.0,32.45,3.33,6.34,34.74,0.0
baidoa,2025111716,3.12,43.65,0.0,31.66,4.9,7.38,38.01,0.0
baidoa,2025111717,3.12,43.65,0.0,30.22,6.11,8.16,45.64,0.0
baidoa,2025111718,3.12,43.65,0.0,28.4,6.63,8.55,56.74,0.0
baidoa,2025111719,3.12,43.65,0.0,26.79,6.11,7.72,66.71,0.0
baidoa,2025111720,3.12,43.65,0.0,25.72,5.24,6.65,73.32,0.0
baidoa,2025111721,3.12,43.65,0.0,25.09,4.62,5.89,77.17,0.0
baidoa,2025111722,3.12,43.65,0.0,24.71,4.28,5.44,79.39,0.0
baidoa,2025111723,3.12,43.65,0.0,24.42,4.18,5.37,80.95,0.0
baidoa,2025111800,3.12,43.65,0.0,24.16,4.23,5.47,82.16,0.0
baidoa,2025111801,3.12,43.65,0.0,23.9,4.28,5.65,83.28,0.0
baidoa,2025111802,3.12,43.65,0.0,23.67,4.3,5.7,84.08,0.0
baidoa,2025111803,3.12,43.65,73.78,23.82,4.68,6.03,82.81,0.0
baidoa,2025111804,3.12,43.65,261.08,25.54,5.58,6.66,73.03,0.0
baidoa,2025111805,3.12,43.65,455.23,28.25,5.94,6.94,59.98,0.0
baidoa,2025111806,3.12,43.65,710.47,31.18,5.97,6.87,48.22,0.0
baidoa,2025111807,3.12,43.65,847.72,33.75,5.74,6.56,39.31,0.0
baidoa,2025111808,3.12,43.65,857.33,35.57,5.48,6.23,33.34,0.0
baidoa,2025111809,3.12,43.65,797.9,36.75,5.21,5.91,29.7,0.0
baidoa,2025111810,3.12,43.65,753.42,37.33,5.01,5.69,27.88,0.0
baidoa,2025111811,3.12,43.65,551.33,37.34,4.89,5.57,27.31,0.0
baidoa,2025111812,3.12,43.65,422.5,36.79,4.85,5.57,27.68,0.0
baidoa,2025111813,3.12,43.65,198.38,35.61,4.84,5.69,29.43,0.0
baidoa,2025111814,3.12,43.65,28.48,34.08,4.3,5.77,32.24,0.0
baidoa,2025111815,3.12,43.65,0.0,32.18,2.87,6.03,36.5,0.0
baidoa,2025111816,3.12,43.65,0.0,31.55,3.38,6.51,37.62,0.0
baidoa,2025111817,3.12,43.65,0.0,30.84,4.73,7.32,40.3,0.0
baidoa,2025111818,3.12,43.65,0.0,29.44,5.98,8.11,48.41,0.0
baidoa,2025111819,3.12,43.65,0.0,27.62,6.61,8.55,61.41,0.0
baidoa,2025111820,3.12,43.65,0.0,26.1,6.27,8.0,72.67,0.0
baidoa,2025111821,3.12,43.65,0.0,25.36,5.9,7.55,77.98,0.0
baidoa,2025111822,3.12,43.65,0.0,25.02,5.71,7.32,79.92,0.0
baidoa,2025111823,3.12,43.65,0.0,24.81,5.54,7.15,80.75,0.0
baidoa,2025111900,3.12,43.65,0.0,24.68,5.36,6.99,80.83,0.0
baidoa,2025111901,3.12,43.65,0.0,24.51,5.22,6.88,81.03,0.0
baidoa,2025111902,3.12,43.65,0.0,24.29,5.23,6.95,81.39,0.0
baidoa,2025111903,3.12,43.65,82.45,24.35,5.82,7.57,80.15,0.0
baidoa,2025111904,3.12,43.65,308.52,25.79,7.01,8.54,71.4,0.0
baidoa,2025111905,3.12,43.65,542.15,28.18,7.63,9.06,59.15,0.0
baidoa,2025111906,3.12,43.65,761.72,30.84,7.69,8.97,47.98,0.0
baidoa,2025111907,3.12,43.65,902.33,33.25,7.35,8.49,39.34,0.0
baidoa,2025111908,3.12,43.65,884.47,35.13,6.88,7.88,33.28,0.0
baidoa,2025111909,3.12,43.65,765.92,36.38,6.38,7.28,29.36,0.0
baidoa,2025111910,3.12,43.65,717.83,37.04,5.99,6.83,27.02,0.0
baidoa,2025111911,3.12,43.65,613.05,37.12,5.72,6.54,25.93,0.0
baidoa,2025111912,3.12,43.65,396.17,36.6,5.54,6.39,25.92,0.0
baidoa,2025111913,3.12,43.65,198.15,35.49,5.42,6.41,27.1,0.0
baidoa,2025111914,3.12,43.65,31.02,33.89,4.83,6.46,29.54,0.0
baidoa,2025111915,3.12,43.65,0.0,31.95,3.4,6.69,33.35,0.0
baidoa,2025111916,3.12,43.65,0.0,31.23,3.7,6.98,34.74,0.0
baidoa,2025111917,3.12,43.65,0.0,30.57,4.4,7.29,36.7,0.0
baidoa,2025111918,3.12,43.65,0.0,29.46,5.47,7.85,42.32,0.0
baidoa,2025111919,3.12,43.65,0.0,27.8,5.97,8.11,52.95,0.0
baidoa,2025111920,3.12,43.65,0.0,26.16,6.01,7.95,64.82,0.0
baidoa,2025111921,3.12,43.65,0.0,24.97,5.52,7.21,73.48,0.0
baidoa,2025111922,3.12,43.65,0.0,24.18,5.2,6.84,78.83,0.0
baidoa,2025111923,3.12,43.65,0.0,23.64,5.19,6.86,81.78,0.0
baidoa,2025112000,3.12,43.65,0.0,23.22,5.27,6.94,83.42,0.0
baidoa,2025112001,3.12,43.65,0.0,22.96,5.39,7.13,84.19,0.0
baidoa,2025112002,3.12,43.65,0.0,22.73,5.49,7.34,84.83,0.0
baidoa,2025112003,3.12,43.65,77.15,23.0,5.99,7.81,82.65,0.0
baidoa,2025112004,3.12,43.65,295.8,24.77,7.12,8.71,71.47,0.0
baidoa,2025112005,3.12,43.65,529.35,27.43,7.58,9.02,56.69,0.0
baidoa,2025112006,3.12,43.65,744.7,30.25,7.54,8.84,44.02,0.0
baidoa,2025112007,3.12,43.65,883.15,32.74,7.21,8.35,35.49,0.0
baidoa,2025112008,3.12,43.65,947.7,34.72,6.79,7.82,30.18,0.0
baidoa,2025112009,3.12,43.65,940.22,36.09,6.33,7.27,26.74,0.0
baidoa,2025112010,3.12,43.65,834.53,36.87,5.94,6.82,24.55,0.0
baidoa,2025112011,3.12,43.65,670.53,37.07,5.69,6.55,23.36,0.0
baidoa,2025112012,3.12,43.65,442.6,36.68,5.64,6.56,23.03,0.0
baidoa,2025112013,3.12,43.65,229.02,35.64,5.68,6.74,23.72,0.0
baidoa,2025112014,3.12,43.65,35.62,33.78,4.9,6.83,25.92,0.0
baidoa,2025112015,3.12,43.65,0.0,30.95,3.45,7.4,30.91,0.0
baidoa,2025112016,3.12,43.65,0.0,30.28,4.23,8.03,32.0,0.0
baidoa,2025112017,3.12,43.65,0.0,29.28,4.58,8.21,33.89,0.0
baidoa,2025112018,3.12,43.65,0.0,28.1,4.63,8.17,36.5,0.0
baidoa,2025112019,3.12,43.65,0.0,27.0,4.78,7.99,40.62,0.0
baidoa,2025112020,3.12,43.65,0.0,25.89,4.92,7.69,48.26,0.0
baidoa,2025112021,3.12,43.65,0.0,24.76,4.81,7.22,59.5,0.0
baidoa,2025112022,3.12,43.65,0.0,23.73,4.39,6.43,71.48,0.0
baidoa,2025112023,3.12,43.65,0.0,22.89,4.13,6.0,81.4,0.0
baidoa,2025112100,3.12,43.65,0.0,22.3,4.35,6.16,87.71,0.0
baidoa,2025112101,3.12,43.65,0.0,22.05,4.86,6.71,89.94,0.0
baidoa,2025112102,3.12,43.65,0.0,22.02,5.37,7.21,89.37,0.0
baidoa,2025112103,3.12,43.65,82.9,22.3,6.15,8.11,86.04,0.0
baidoa,2025112104,3.12,43.65,317.15,24.2,7.67,9.46,72.13,0.0
baidoa,2025112105,3.12,43.65,558.75,27.04,8.33,10.05,55.33,0.0
baidoa,2025112106,3.12,43.65,760.62,29.94,8.34,9.87,42.87,0.0
baidoa,2025112107,3.12,43.65,901.67,32.51,7.93,9.29,34.27,0.0
baidoa,2025112108,3.12,43.65,966.0,34.65,7.44,8.66,27.96,0.0
baidoa,2025112109,3.12,43.65,960.05,36.19,6.86,7.93,23.78,0.0
baidoa,2025112110,3.12,43.65,866.8,37.08,6.32,7.28,21.2,0.0
baidoa,2025112111,3.12,43.65,711.5,37.3,5.99,6.9,19.74,0.0
baidoa,2025112112,3.12,43.65,494.67,36.82,5.86,6.8,19.39,0.0
baidoa,2025112113,3.12,43.65,243.48,35.72,5.84,6.93,19.97,0.0
baidoa,2025112114,3.12,43.65,35.28,33.62,4.78,7.02,22.24,0.0
baidoa,2025112115,3.12,43.65,0.0,29.91,3.42,7.75,28.3,0.0
baidoa,2025112116,3.12,43.65,0.0,29.13,3.96,8.43,29.85,0.0
baidoa,2025112117,3.12,43.65,0.0,28.45,4.41,8.56,31.76,0.0
baidoa,2025112118,3.12,43.65,0.0,27.62,4.81,8.35,35.73,0.0
baidoa,2025112119,3.12,43.65,0.0,26.49,4.96,7.92,43.87,0.0
baidoa,2025112120,3.12,43.65,0.0,25.3,4.91,7.32,55.64,0.0
baidoa,2025112121,3.12,43.65,0.0,24.21,4.46,6.46,67.83,0.0
baidoa,2025112122,3.12,43.65,0.0,23.41,4.05,5.89,76.7,0.0
baidoa,2025112123,3.12,43.65,0.0,22.84,3.88,5.73,82.35,0.0
baidoa,2025112200,3.12,43.65,0.0,22.46,4.15,6.13,85.97,0.0
baidoa,2025112201,3.12,43.65,0.0,22.36,4.68,6.58,87.46,0.0
baidoa,2025112202,3.12,43.65,0.0,22.34,5.07,6.99,87.63,0.0
baidoa,2025112203,3.12,43.65,71.65,22.59,5.65,7.44,85.65,0.0
baidoa,2025112204,3.12,43.65,277.98,24.53,7.0,8.58,72.91,0.0
baidoa,2025112205,3.12,43.65,492.65,27.32,7.56,9.0,56.66,0.0
baidoa,2025112206,3.12,43.65,731.92,30.17,7.42,8.66,43.81,0.0
baidoa,2025112207,3.12,43.65,884.1,32.69,6.95,8.0,34.81,0.0
baidoa,2025112208,3.12,43.65,951.25,34.65,6.3,7.17,28.76,0.0
baidoa,2025112209,3.12,43.65,946.78,35.97,5.61,6.32,25.22,0.0
baidoa,2025112210,3.12,43.65,852.0,36.64,5.05,5.66,23.75,0.0
baidoa,2025112211,3.12,43.65,672.22,36.66,4.7,5.27,23.68,0.0
baidoa,2025112212,3.12,43.65,446.88,36.14,4.61,5.2,24.5,0.0
baidoa,2025112213,3.12,43.65,211.88,35.13,4.65,5.37,26.2,0.0
baidoa,2025112214,3.12,43.65,32.25,33.4,4.12,5.61,29.37,0.0
baidoa,2025112215,3.12,43.65,0.0,31.12,2.86,6.23,34.38,0.0
baidoa,2025112216,3.12,43.65,0.0,30.61,3.33,6.71,35.68,0.0
baidoa,2025112217,3.12,43.65,0.0,30.19,4.22,7.08,37.19,0.0
baidoa,2025112218,3.12,43.65,0.0,29.29,5.27,7.65,41.73,0.0
baidoa,2025112219,3.12,43.65,0.0,27.73,5.71,7.86,51.05,0.0
baidoa,2025112220,3.12,43.65,0.0,26.16,5.94,7.89,62.7,0.0
baidoa,2025112221,3.12,43.65,0.0,24.97,5.62,7.31,72.19,0.0
baidoa,2025112222,3.12,43.65,0.0,24.21,5.2,6.8,77.86,0.0
baidoa,2025112223,3.12,43.65,0.0,23.75,5.29,6.91,81.11,0.0
baidoa,2025112300,3.12,43.65,0.0,23.44,5.34,6.96,83.07,0.0
baidoa,2025112301,3.12,43.65,0.0,23.26,5.23,6.87,83.96,0.0
baidoa,2025112302,3.12,43.65,0.0,23.11,5.04,6.71,84.84,0.0
baidoa,2025112303,3.12,43.65,71.93,23.35,5.33,6.95,83.61,0.0
baidoa,2025112304,3.12,43.65,263.83,25.22,6.25,7.55,73.27,0.0
baidoa,2025112305,3.12,43.65,454.58,27.94,6.58,7.72,59.58,0.0
baidoa,2025112306,3.12,43.65,712.88,30.79,6.42,7.39,47.1,0.0
baidoa,2025112307,3.12,43.65,862.03,33.28,5.89,6.7,37.98,0.0
baidoa,2025112308,3.12,43.65,926.78,35.17,5.29,5.97,32.11,0.0
baidoa,2025112309,3.12,43.65,836.03,36.49,4.8,5.37,28.36,0.0
baidoa,2025112310,3.12,43.65,713.05,37.17,4.47,4.98,26.2,0.0
baidoa,2025112311,3.12,43.65,553.1,37.23,4.31,4.8,25.27,0.0
baidoa,2025112312,3.12,43.65,338.4,36.73,4.34,4.86,25.29,0.0
baidoa,2025112313,3.12,43.65,162.35,35.6,4.43,5.1,26.52,0.0
baidoa,2025112314,3.12,43.65,26.08,34.04,4.0,5.36,28.81,0.0
baidoa,2025112315,3.12,43.65,0.0,31.96,2.92,6.1,33.02,0.0
baidoa,2025112316,3.12,43.65,0.0,31.36,4.04,6.83,35.16,0.0
baidoa,2025112317,3.12,43.65,0.0,30.2,5.0,7.36,40.76,0.0
baidoa,2025112318,3.12,43.65,0.0,28.49,5.11,7.19,50.4,0.0
baidoa,2025112319,3.12,43.65,0.0,26.94,5.06,6.89,61.17,0.0
baidoa,2025112320,3.12,43.65,0.0,25.8,4.95,6.46,70.1,0.0
baidoa,2025112321,3.12,43.65,0.0,25.0,4.47,5.78,76.15,0.0
baidoa,2025112322,3.12,43.65,0.0,24.5,4.22,5.43,79.87,0.0
baidoa,2025112323,3.12,43.65,0.0,24.19,4.19,5.34,81.85,0.0
baidoa,2025112400,3.12,43.65,0.0,23.94,4.2,5.37,83.31,0.0
baidoa,2025112401,3.12,43.65,0.0,23.73,4.18,5.42,84.52,0.0
baidoa,2025112402,3.12,43.65,0.0,23.54,4.09,5.31,85.46,0.0
baidoa,2025112403,3.12,43.65,75.1,23.7,4.42,5.7,84.02,0.0
baidoa,2025112404,3.12,43.65,299.35,25.39,5.57,6.62,73.1,0.0
baidoa,2025112405,3.12,43.65,538.22,27.88,5.7,6.57,60.67,0.0
baidoa,2025112406,3.12,43.65,738.45,30.56,5.42,6.11,49.68,0.0
baidoa,2025112407,3.12,43.65,878.85,32.99,4.82,5.33,40.83,0.0
baidoa,2025112408,3.12,43.65,929.2,34.98,4.09,4.47,34.07,0.0
baidoa,2025112409,3.12,43.65,816.1,36.39,3.46,3.76,29.32,0.0
baidoa,2025112410,3.12,43.65,626.17,37.19,3.06,3.34,26.34,0.0
baidoa,2025112411,3.12,43.65,587.25,37.4,2.89,3.16,24.84,0.0
baidoa,2025112412,3.12,43.65,404.73,37.06,2.96,3.24,24.37,0.0
baidoa,2025112413,3.12,43.65,194.45,36.06,3.15,3.51,25.13,0.0
baidoa,2025112414,3.12,43.65,31.65,34.44,2.82,3.91,27.21,0.0
baidoa,2025112415,3.12,43.65,0.0,32.01,2.23,5.02,32.01,0.0
baidoa,2025112416,3.12,43.65,0.0,31.52,3.31,6.38,33.07,0.0
baidoa,2025112417,3.12,43.65,0.0,30.63,5.14,7.47,37.7,0.0
baidoa,2025112418,3.12,43.65,0.0,28.9,6.26,8.25,48.34,0.0
baidoa,2025112419,3.12,43.65,0.0,26.93,6.53,8.31,61.45,0.0
baidoa,2025112420,3.12,43.65,0.0,25.45,5.95,7.53,71.36,0.0
baidoa,2025112421,3.12,43.65,0.0,24.67,5.44,6.89,76.66,0.0
baidoa,2025112422,3.12,43.65,0.0,24.3,5.13,6.5,78.68,0.0
baidoa,2025112423,3.12,43.65,0.0,24.08,4.97,6.3,79.58,0.0
baidoa,2025112500,3.12,43.65,0.0,23.9,4.75,6.07,80.39,0.0
baidoa,2025112501,3.12,43.65,0.0,23.75,4.52,5.86,81.1,0.0
baidoa,2025112502,3.12,43.65,0.0,23.61,4.34,5.7,81.57,0.0
baidoa,2025112503,3.12,43.65,69.9,23.8,4.49,5.75,80.37,0.0
baidoa,2025112504,3.12,43.65,243.98,25.36,4.98,5.84,71.92,0.0
baidoa,2025112505,3.12,43.65,418.15,27.92,5.07,5.79,59.93,0.0
baidoa,2025112506,3.12,43.65,654.88,30.74,5.01,5.62,48.73,0.0
baidoa,2025112507,3.12,43.65,826.28,33.32,4.68,5.16,39.77,0.0
baidoa,2025112508,3.12,43.65,866.33,35.34,4.25,4.63,33.49,0.0
baidoa,2025112509,3.12,43.65,801.17,36.72,3.95,4.29,29.49,0.0
baidoa,2025112510,3.12,43.65,751.95,37.5,3.91,4.27,27.1,0.0
baidoa,2025112511,3.12,43.65,590.88,37.58,4.03,4.4,26.03,0.0
baidoa,2025112512,3.12,43.65,383.38,37.06,4.21,4.67,26.01,0.0
baidoa,2025112513,3.12,43.65,189.15,35.93,4.44,5.07,27.31,0.0
baidoa,2025112514,3.12,43.65,30.0,34.38,4.31,5.61,29.74,0.0
baidoa,2025112515,3.12,43.65,0.0,32.59,4.06,6.82,33.58,0.0
baidoa,2025112516,3.12,43.65,0.0,31.45,6.06,8.39,38.49,0.0
baidoa,2025112517,3.12,43.65,0.0,29.27,7.49,9.7,50.27,0.0
baidoa,2025112518,3.12,43.65,0.0,26.92,7.58,9.58,64.54,0.0
baidoa,2025112519,3.12,43.65,0.0,25.5,6.63,8.38,73.45,0.0
baidoa,2025112520,3.12,43.65,0.0,24.95,5.91,7.48,76.81,0.0
baidoa,2025112521,3.12,43.65,0.0,24.63,5.46,6.91,78.26,0.0
baidoa,2025112522,3.12,43.65,0.0,24.33,5.13,6.51,79.58,0.0
baidoa,2025112523,3.12,43.65,0.0,24.07,4.87,6.22,80.5,0.0
baidoa,2025112600,3.12,43.65,0.0,23.83,4.58,5.92,81.58,0.0
baidoa,2025112601,3.12,43.65,0.0,23.68,4.39,5.77,81.88,0.0
baidoa,2025112602,3.12,43.65,0.0,23.56,4.26,5.73,81.62,0.0
baidoa,2025112603,3.12,43.65,59.47,23.74,4.52,5.87,79.84,0.0
baidoa,2025112604,3.12,43.65,228.3,25.35,5.17,6.09,70.13,0.0
baidoa,2025112605,3.12,43.65,418.67,27.85,5.16,5.91,57.47,0.0
baidoa,2025112606,3.12,43.65,641.62,30.62,5.05,5.68,46.2,0.0
baidoa,2025112607,3.12,43.65,816.85,33.14,4.73,5.21,38.3,0.0
baidoa,2025112608,3.12,43.65,856.03,35.08,4.29,4.65,32.95,0.0
baidoa,2025112609,3.12,43.65,819.55,36.39,3.91,4.24,29.35,0.0
baidoa,2025112610,3.12,43.65,720.6,37.06,3.78,4.12,27.26,0.0
baidoa,2025112611,3.12,43.65,557.6,37.15,3.81,4.2,26.25,0.0
baidoa,2025112612,3.12,43.65,370.45,36.69,3.95,4.39,26.23,0.0
baidoa,2025112613,3.12,43.65,173.7,35.49,4.07,4.66,27.64,0.0
baidoa,2025112614,3.12,43.65,25.4,34.02,3.76,4.99,29.95,0.0
baidoa,2025112615,3.12,43.65,0.0,32.11,2.87,5.88,33.78,0.0
baidoa,2025112616,3.12,43.65,0.0,31.55,4.66,7.24,35.9,0.0
baidoa,2025112617,3.12,43.65,0.0,30.09,6.26,8.47,42.95,0.0
baidoa,2025112618,3.12,43.65,0.0,27.92,6.95,8.92,54.91,0.0
baidoa,2025112619,3.12,43.65,0.0,26.1,6.44,8.17,65.49,0.0
baidoa,2025112620,3.12,43.65,0.0,25.07,5.7,7.29,71.44,0.0
baidoa,2025112621,3.12,43.65,0.0,24.47,5.13,6.62,74.42,0.0
baidoa,2025112622,3.12,43.65,0.0,24.08,4.99,6.49,76.39,0.0
baidoa,2025112623,3.12,43.65,0.0,23.8,5.13,6.63,77.92,0.0
baidoa,2025112700,3.12,43.65,0.0,23.54,5.12,6.61,79.42,0.0
baidoa,2025112701,3.12,43.65,0.0,23.34,5.06,6.6,80.52,0.0
baidoa,2025112702,3.12,43.65,0.0,23.18,5.03,6.62,81.24,0.0
baidoa,2025112703,3.12,43.65,68.68,23.36,5.24,6.76,80.14,0.0
baidoa,2025112704,3.12,43.65,280.3,24.99,5.88,7.02,71.18,0.0
baidoa,2025112705,3.12,43.65,503.3,27.55,5.9,6.83,59.05,0.0
baidoa,2025112706,3.12,43.65,697.03,30.42,5.76,6.54,47.71,0.0
baidoa,2025112707,3.12,43.65,867.88,33.01,5.4,6.04,38.97,0.0
baidoa,2025112708,3.12,43.65,877.08,34.96,4.91,5.42,32.83,0.0
baidoa,2025112709,3.12,43.65,866.88,36.3,4.43,4.87,28.6,0.0
baidoa,2025112710,3.12,43.65,751.22,37.02,4.13,4.55,26.19,0.0
baidoa,2025112711,3.12,43.65,563.05,37.08,3.97,4.38,25.18,0.0
baidoa,2025112712,3.12,43.65,374.4,36.52,3.89,4.33,25.29,0.0
baidoa,2025112713,3.12,43.65,184.05,35.41,3.86,4.4,26.52,0.0
baidoa,2025112714,3.12,43.65,32.33,33.88,3.33,4.6,28.71,0.0
baidoa,2025112715,3.12,43.65,0.0,31.95,2.75,5.7,32.52,0.0
baidoa,2025112716,3.12,43.65,0.0,31.35,4.96,7.54,35.22,0.0
baidoa,2025112717,3.12,43.65,0.0,29.57,7.0,9.21,45.47,0.0
baidoa,2025112718,3.12,43.65,0.0,27.16,7.52,9.49,60.82,0.0
baidoa,2025112719,3.12,43.65,0.0,25.44,6.79,8.52,72.16,0.0
baidoa,2025112720,3.12,43.65,0.0,24.7,6.03,7.55,77.18,0.0
baidoa,2025112721,3.12,43.65,0.0,24.38,5.58,6.99,78.79,0.0
baidoa,2025112722,3.12,43.65,0.0,24.11,5.28,6.62,79.98,0.0
baidoa,2025112723,3.12,43.65,0.0,23.87,5.12,6.47,81.28,0.0
baidoa,2025112800,3.12,43.65,0.0,23.66,4.92,6.24,82.47,0.0
baidoa,2025112801,3.12,43.65,0.0,23.49,4.72,6.06,83.39,0.0
baidoa,2025112802,3.12,43.65,0.0,23.37,4.48,5.86,83.72,0.0
baidoa,2025112803,3.12,43.65,66.85,23.57,4.7,6.08,82.17,0.0
baidoa,2025112804,3.12,43.65,271.92,25.27,5.55,6.63,72.35,0.0
baidoa,2025112805,3.12,43.65,499.95,27.84,5.68,6.58,59.63,0.0
baidoa,2025112806,3.12,43.65,727.08,30.75,5.51,6.28,47.09,0.0
baidoa,2025112807,3.12,43.65,850.53,33.5,4.99,5.59,36.83,0.0
baidoa,2025112808,3.12,43.65,893.67,35.56,4.35,4.83,30.19,0.0
baidoa,2025112809,3.12,43.65,907.62,37.0,3.84,4.26,25.77,0.0
baidoa,2025112810,3.12,43.65,849.0,37.8,3.58,3.97,23.12,0.0
baidoa,2025112811,3.12,43.65,639.8,37.98,3.53,3.89,21.76,0.0
baidoa,2025112812,3.12,43.65,486.92,37.56,3.62,4.01,21.44,0.0
baidoa,2025112813,3.12,43.65,256.08,36.51,3.81,4.29,22.14,0.0
baidoa,2025112814,3.12,43.65,43.45,34.56,3.37,4.79,24.39,0.0
baidoa,2025112815,3.12,43.65,0.0,31.72,2.7,6.09,28.97,0.0
baidoa,2025112816,3.12,43.65,0.0,30.97,3.31,6.93,29.91,0.0
baidoa,2025112817,3.12,43.65,0.0,30.18,3.91,7.19,31.68,0.0
baidoa,2025112818,3.12,43.65,0.0,29.35,4.88,7.37,35.71,0.0
baidoa,2025112819,3.12,43.65,0.0,27.81,5.41,7.49,44.96,0.0
baidoa,2025112820,3.12,43.65,0.0,26.17,5.6,7.41,57.13,0.0
baidoa,2025112821,3.12,43.65,0.0,24.76,5.61,7.37,68.56,0.0
baidoa,2025112822,3.12,43.65,0.0,23.84,5.39,6.98,76.26,0.0
baidoa,2025112823,3.12,43.65,0.0,23.35,5.19,6.66,80.51,0.0
baidoa,2025112900,3.12,43.65,0.0,23.12,5.19,6.67,82.25,0.0
baidoa,2025112901,3.12,43.65,0.0,22.82,4.98,6.5,83.68,0.0
baidoa,2025112902,3.12,43.65,0.0,22.68,4.96,6.54,84.21,0.0
baidoa,2025112903,3.12,43.65,74.45,22.87,5.35,6.91,82.74,0.0
baidoa,2025112904,3.12,43.65,307.67,24.56,6.29,7.58,72.6,0.0
baidoa,2025112905,3.12,43.65,549.0,27.15,6.72,7.87,58.75,0.0
baidoa,2025112906,3.12,43.65,752.6,30.21,6.72,7.75,44.6,0.0
baidoa,2025112907,3.12,43.65,896.38,33.04,6.37,7.23,33.34,0.0
baidoa,2025112908,3.12,43.65,967.33,35.05,5.87,6.62,26.66,0.0
baidoa,2025112909,3.12,43.65,957.8,36.42,5.34,6.02,22.82,0.0
baidoa,2025112910,3.12,43.65,872.7,37.17,4.94,5.55,20.56,0.0
baidoa,2025112911,3.12,43.65,716.85,37.33,4.69,5.28,19.3,0.0
baidoa,2025112912,3.12,43.65,503.27,36.87,4.61,5.21,18.91,0.0
baidoa,2025112913,3.12,43.65,257.6,35.82,4.68,5.39,19.3,0.0
baidoa,2025112914,3.12,43.65,40.62,33.69,3.91,5.78,21.22,0.0
baidoa,2025112915,3.12,43.65,0.0,29.85,3.05,6.91,26.69,0.0
baidoa,2025112916,3.12,43.65,0.0,29.05,3.61,7.99,27.7,0.0
baidoa,2025112917,3.12,43.65,0.0,28.28,4.12,8.39,28.74,0.0
baidoa,2025112918,3.12,43.65,0.0,27.28,4.41,8.27,30.83,0.0
baidoa,2025112919,3.12,43.65,0.0,26.12,4.66,8.0,35.8,0.0
baidoa,2025112920,3.12,43.65,0.0,24.91,4.96,7.8,45.52,0.0
baidoa,2025112921,3.12,43.65,0.0,23.71,4.99,7.33,58.67,0.0
baidoa,2025112922,3.12,43.65,0.0,22.65,4.97,7.04,72.08,0.0
baidoa,2025112923,3.12,43.65,0.0,21.83,5.01,7.07,81.44,0.0
baidoa,2025113000,3.12,43.65,0.0,21.26,5.19,7.32,86.24,0.0
baidoa,2025113001,3.12,43.65,0.0,20.89,5.49,7.73,87.77,0.0
baidoa,2025113002,3.12,43.65,0.0,20.54,5.68,8.07,88.47,0.0
baidoa,2025113003,3.12,43.65,72.9,20.63,5.89,7.89,86.78,0.0
baidoa,2025113004,3.12,43.65,307.12,22.94,7.5,9.31,71.52,0.0
baidoa,2025113005,3.12,43.65,550.67,26.35,8.18,9.8,52.08,0.0
baidoa,2025113006,3.12,43.65,759.55,29.7,7.94,9.29,38.29,0.0
baidoa,2025113007,3.12,43.65,902.6,32.52,7.32,8.47,30.16,0.0
baidoa,2025113008,3.12,43.65,972.7,34.64,6.72,7.69,25.17,0.0
baidoa,2025113009,3.12,43.65,963.62,36.1,6.13,6.98,21.83,0.0
baidoa,2025113010,3.12,43.65,876.1,36.96,5.72,6.49,19.47,0.0
baidoa,2025113011,3.12,43.65,719.7,37.16,5.54,6.31,18.2,0.0
baidoa,2025113012,3.12,43.65,505.38,36.67,5.55,6.37,17.9,0.0
baidoa,2025113013,3.12,43.65,259.55,35.45,5.61,6.63,18.66,0.0
baidoa,2025113014,3.12,43.65,41.95,33.3,4.53,6.87,20.98,0.0
baidoa,2025113015,3.12,43.65,0.0,30.17,3.47,7.71,25.58,0.0
baidoa,2025113016,3.12,43.65,0.0,29.56,4.23,8.34,26.77,0.0
baidoa,2025113017,3.12,43.65,0.0,28.81,4.71,8.38,28.45,0.0
baidoa,2025113018,3.12,43.65,0.0,27.82,4.79,8.1,31.67,0.0
baidoa,2025113019,3.12,43.65,0.0,26.7,4.7,7.69,37.79,0.0
baidoa,2025113020,3.12,43.65,0.0,25.51,4.84,7.46,47.86,0.0
baidoa,2025113021,3.12,43.65,0.0,24.32,4.41,6.65,59.97,0.0
baidoa,2025113022,3.12,43.65,0.0,23.36,4.04,6.02,70.24,0.0
baidoa,2025113023,3.12,43.65,0.0,22.66,3.88,5.8,77.45,0.0
baidoa,2025120100,3.12,43.65,0.0,22.11,4.08,6.02,82.4,0.0
baidoa,2025120101,3.12,43.65,0.0,21.7,4.51,6.51,85.36,0.0
baidoa,2025120102,3.12,43.65,0.0,21.36,4.99,7.0,86.91,0.0
baidoa,2025120103,3.12,43.65,70.05,21.46,5.73,7.63,85.3,0.0
baidoa,2025120104,3.12,43.65,296.77,23.43,7.45,9.22,72.65,0.0
baidoa,2025120105,3.12,43.65,535.85,26.44,7.88,9.4,56.16,0.0
baidoa,2025120106,3.12,43.65,737.3,29.61,7.5,8.75,42.63,0.0
baidoa,2025120107,3.12,43.65,879.8,32.34,6.8,7.81,33.85,0.0
baidoa,2025120108,3.12,43.65,950.45,34.47,6.07,6.87,27.99,0.0
baidoa,2025120109,3.12,43.65,949.1,35.78,5.37,6.01,24.42,0.0
baidoa,2025120110,3.12,43.65,859.85,36.57,4.87,5.41,22.05,0.0
baidoa,2025120111,3.12,43.65,689.55,36.77,4.71,5.22,20.82,0.0
baidoa,2025120112,3.12,43.65,451.3,36.16,4.81,5.38,20.8,0.0
baidoa,2025120113,3.12,43.65,218.02,34.98,5.03,5.8,21.71,0.0
baidoa,2025120114,3.12,43.65,33.97,33.38,4.67,6.31,23.33,0.0
baidoa,2025120115,3.12,43.65,0.0,31.27,3.85,7.26,26.3,0.0
baidoa,2025120116,3.12,43.65,0.0,30.49,4.79,7.91,27.66,0.0
baidoa,2025120117,3.12,43.65,0.0,29.18,5.02,8.03,31.37,0.0
baidoa,2025120118,3.12,43.65,0.0,27.59,5.22,7.91,39.71,0.0
baidoa,2025120119,3.12,43.65,0.0,26.13,5.38,7.58,52.42,0.0
baidoa,2025120120,3.12,43.65,0.0,24.93,5.33,7.21,65.84,0.0
baidoa,2025120121,3.12,43.65,0.0,24.03,5.56,7.38,76.07,0.0
baidoa,2025120122,3.12,43.65,0.0,23.54,5.94,7.72,81.06,0.0
baidoa,2025120123,3.12,43.65,0.0,23.25,6.02,7.79,82.47,0.0
baidoa,2025120200,3.12,43.65,0.0,22.99,5.89,7.66,83.63,0.06
baidoa,2025120201,3.12,43.65,0.0,22.72,5.53,7.3,85.39,0.06
baidoa,2025120202,3.12,43.65,0.0,22.55,5.43,7.32,86.28,0.07
baidoa,2025120203,3.12,43.65,58.28,22.59,5.85,7.78,85.91,0.07
baidoa,2025120204,3.12,43.65,246.25,23.7,7.19,8.95,78.57,0.01
baidoa,2025120205,3.12,43.65,453.83,25.86,7.63,9.16,65.36,0.0
baidoa,2025120206,3.12,43.65,656.78,28.44,7.32,8.59,52.71,0.0
baidoa,2025120207,3.12,43.65,842.6,31.13,6.5,7.48,42.09,0.0
baidoa,2025120208,3.12,43.65,929.12,33.57,5.51,6.26,33.96,0.0
baidoa,2025120209,3.12,43.65,923.62,35.45,4.65,5.21,28.37,0.0
baidoa,2025120210,3.12,43.65,797.33,36.6,4.17,4.62,24.79,0.0
baidoa,2025120211,3.12,43.65,657.22,36.93,4.16,4.61,22.73,0.0
baidoa,2025120212,3.12,43.65,416.45,36.47,4.44,4.96,22.13,0.0
baidoa,2025120213,3.12,43.65,212.05,35.39,4.73,5.43,22.87,0.0
baidoa,2025120214,3.12,43.65,38.7,33.43,4.15,5.94,25.55,0.0
baidoa,2025120215,3.12,43.65,0.0,30.19,3.17,7.12,31.65,0.0
baidoa,2025120216,3.12,43.65,0.0,29.68,4.06,7.95,33.69,0.0
baidoa,2025120217,3.12,43.65,0.0,29.03,5.01,8.17,37.03,0.0
baidoa,2025120218,3.12,43.65,0.0,27.74,5.49,8.15,44.19,0.0
baidoa,2025120219,3.12,43.65,0.0,26.21,5.81,8.04,55.44,0.0
baidoa,2025120220,3.12,43.65,0.0,24.84,5.67,7.51,67.85,0.0
baidoa,2025120221,3.12,43.65,0.0,23.86,5.26,6.93,76.68,0.0
baidoa,2025120222,3.12,43.65,0.0,23.21,5.14,6.79,82.29,0.01
baidoa,2025120223,3.12,43.65,0.0,22.79,4.9,6.44,86.0,0.05
baidoa,2025120300,3.12,43.65,0.0,22.49,4.9,6.59,88.9,0.08
baidoa,2025120301,3.12,43.65,0.0,22.32,4.93,6.6,90.83,0.11
baidoa,2025120302,3.12,43.65,0.0,22.21,4.99,6.86,91.78,0.12
baidoa,2025120303,3.12,43.65,65.55,22.37,5.53,7.37,90.73,0.12
baidoa,2025120304,3.12,43.65,271.62,23.83,6.81,8.44,80.85,0.04
baidoa,2025120305,3.12,43.65,484.67,26.66,7.12,8.41,63.7,0.0
baidoa,2025120306,3.12,43.65,716.25,29.91,6.96,8.05,47.89,0.0
baidoa,2025120307,3.12,43.65,874.83,32.72,6.52,7.45,36.56,0.0
baidoa,2025120308,3.12,43.65,943.3,34.79,6.04,6.84,29.0,0.0
baidoa,2025120309,3.12,43.65,930.47,36.18,5.62,6.33,24.32,0.0
baidoa,2025120310,3.12,43.65,854.55,36.89,5.29,5.93,22.01,0.0
baidoa,2025120311,3.12,43.65,682.42,36.94,5.09,5.71,21.22,0.0
baidoa,2025120312,3.12,43.65,453.0,36.38,5.02,5.68,21.64,0.0
baidoa,2025120313,3.12,43.65,215.3,35.28,5.02,5.81,23.1,0.0
baidoa,2025120314,3.12,43.65,35.67,33.36,4.27,5.98,26.2,0.0
baidoa,2025120315,3.12,43.65,0.0,30.5,3.16,6.88,31.81,0.0
baidoa,2025120316,3.12,43.65,0.0,30.15,4.45,7.74,33.34,0.0
baidoa,2025120317,3.12,43.65,0.0,29.1,5.53,8.2,38.66,0.0
baidoa,2025120318,3.12,43.65,0.0,27.32,5.84,7.93,49.78,0.0
baidoa,2025120319,3.12,43.65,0.0,25.63,5.65,7.53,62.48,0.0
baidoa,2025120320,3.12,43.65,0.0,24.52,5.62,7.36,71.84,0.0
baidoa,2025120321,3.12,43.65,0.0,23.83,5.29,6.94,76.4,0.0
baidoa,2025120322,3.12,43.65,0.0,23.24,5.13,6.81,80.32,0.03
baidoa,2025120323,3.12,43.65,0.0,22.75,5.0,6.67,84.45,0.09
baidoa,2025120400,3.12,43.65,0.0,22.51,5.06,6.92,86.78,0.13
baidoa,2025120401,3.12,43.65,0.0,22.37,5.02,7.02,88.03,0.13
baidoa,2025120402,3.12,43.65,0.0,22.26,4.88,7.0,88.86,0.1
baidoa,2025120403,3.12,43.65,53.78,22.43,5.14,7.02,88.42,0.06
baidoa,2025120404,3.12,43.65,238.32,24.12,6.31,7.78,78.07,0.0
baidoa,2025120405,3.12,43.65,453.27,27.09,6.59,7.78,60.72,0.0
baidoa,2025120406,3.12,43.65,691.42,30.29,6.49,7.51,46.07,0.0
baidoa,2025120407,3.12,43.65,846.15,32.88,6.08,6.9,37.21,0.0
baidoa,2025120408,3.12,43.65,875.4,34.47,5.54,6.22,31.76,0.0
baidoa,2025120409,3.12,43.65,772.33,35.5,5.08,5.66,27.85,0.0
baidoa,2025120410,3.12,43.65,745.72,36.3,4.68,5.19,24.92,0.0
baidoa,2025120411,3.12,43.65,563.28,36.57,4.47,4.93,23.1,0.0
baidoa,2025120412,3.12,43.65,403.6,36.15,4.58,5.11,22.53,0.0
baidoa,2025120413,3.12,43.65,197.6,35.12,4.88,5.62,22.95,0.0
baidoa,2025120414,3.12,43.65,34.75,33.32,4.36,6.17,24.78,0.0
baidoa,2025120415,3.12,43.65,0.0,30.22,3.33,7.21,29.37,0.0
baidoa,2025120416,3.12,43.65,0.0,29.52,4.36,8.25,30.42,0.0
baidoa,2025120417,3.12,43.65,0.0,28.44,5.75,8.75,37.58,0.0
baidoa,2025120418,3.12,43.65,0.0,26.58,5.78,8.05,54.77,0.0
baidoa,2025120419,3.12,43.65,0.0,25.1,5.14,6.94,71.56,0.0
baidoa,2025120420,3.12,43.65,0.0,24.22,4.86,6.39,81.39,0.0
baidoa,2025120421,3.12,43.65,0.0,23.79,4.78,6.22,85.4,0.01
baidoa,2025120422,3.12,43.65,0.0,23.45,4.88,6.32,86.86,0.03
baidoa,2025120423,3.12,43.65,0.0,23.05,4.89,6.44,88.0,0.05
baidoa,2025120500,3.12,43.65,0.0,22.68,4.98,6.69,88.14,0.05
baidoa,2025120501,3.12,43.65,0.0,22.34,5.04,6.89,87.66,0.06
baidoa,2025120502,3.12,43.65,0.0,22.02,4.99,6.94,87.76,0.06
baidoa,2025120503,3.12,43.65,58.1,22.01,5.06,6.78,87.24,0.05
baidoa,2025120504,3.12,43.65,266.62,23.56,5.98,7.36,77.74,0.0
baidoa,2025120505,3.12,43.65,498.7,26.43,6.33,7.5,61.49,0.0
baidoa,2025120506,3.12,43.65,713.97,29.58,6.17,7.15,47.41,0.0
baidoa,2025120507,3.12,43.65,855.58,32.44,5.63,6.42,36.93,0.0
baidoa,2025120508,3.12,43.65,822.12,34.65,5.12,5.79,29.75,0.0
baidoa,2025120509,3.12,43.65,782.5,36.21,4.8,5.4,24.98,0.0
baidoa,2025120510,3.12,43.65,547.62,37.1,4.66,5.24,22.25,0.0
baidoa,2025120511,3.12,43.65,525.7,37.31,4.68,5.27,21.01,0.0
baidoa,2025120512,3.12,43.65,335.48,36.85,4.85,5.49,20.89,0.0
baidoa,2025120513,3.12,43.65,163.98,35.8,5.01,5.82,21.76,0.0
baidoa,2025120514,3.12,43.65,30.92,33.82,4.19,6.06,24.29,0.0
baidoa,2025120515,3.12,43.65,0.0,30.43,3.0,6.81,30.15,0.0
baidoa,2025120516,3.12,43.65,0.0,29.75,3.43,7.46,31.64,0.0
baidoa,2025120517,3.12,43.65,0.0,29.17,4.13,7.78,34.08,0.0
baidoa,2025120518,3.12,43.65,0.0,28.2,4.95,7.76,40.28,0.0
baidoa,2025120519,3.12,43.65,0.0,26.87,5.3,7.58,51.13,0.0
baidoa,2025120520,3.12,43.65,0.0,25.68,5.15,6.92,62.95,0.0
baidoa,2025120521,3.12,43.65,0.0,24.79,4.89,6.5,72.19,0.0
baidoa,2025120522,3.12,43.65,0.0,24.15,4.84,6.38,78.54,0.0
baidoa,2025120523,3.12,43.65,0.0,23.76,4.71,6.17,82.05,0.01
baidoa,2025120600,3.12,43.65,0.0,23.48,4.73,6.32,84.31,0.03
baidoa,2025120601,3.12,43.65,0.0,23.22,4.71,6.49,86.33,0.05
baidoa,2025120602,3.12,43.65,0.0,22.99,4.59,6.54,87.76,0.07
baidoa,2025120603,3.12,43.65,52.85,23.1,4.76,6.48,87.18,0.08
baidoa,2025120604,3.12,43.65,262.12,24.69,5.58,6.8,77.85,0.03
baidoa,2025120605,3.12,43.65,496.58,27.61,5.66,6.63,61.54,0.01
baidoa,2025120606,3.12,43.65,702.65,30.97,5.64,6.5,46.18,0.0
baidoa,2025120607,3.12,43.65,849.65,33.77,5.35,6.06,36.09,0.0
baidoa,2025120608,3.12,43.65,911.8,35.76,5.04,5.66,29.69,0.0
baidoa,2025120609,3.12,43.65,841.75,37.07,4.9,5.46,25.52,0.0
baidoa,2025120610,3.12,43.65,723.97,37.76,4.84,5.38,23.28,0.0
baidoa,2025120611,3.12,43.65,563.25,37.84,4.86,5.41,22.37,0.0
baidoa,2025120612,3.12,43.65,373.52,37.29,4.93,5.55,22.55,0.0
baidoa,2025120613,3.12,43.65,183.73,36.15,4.98,5.77,23.75,0.0
baidoa,2025120614,3.12,43.65,31.58,34.43,4.46,6.06,26.19,0.0
baidoa,2025120615,3.12,43.65,0.0,32.34,3.74,7.04,30.0,0.0
baidoa,2025120616,3.12,43.65,0.0,31.53,5.55,8.21,32.6,0.0
baidoa,2025120617,3.12,43.65,0.0,29.61,6.52,8.8,41.26,0.0
baidoa,2025120618,3.12,43.65,0.0,27.35,6.74,8.72,56.68,0.0
baidoa,2025120619,3.12,43.65,0.0,25.85,5.94,7.61,69.25,0.0
baidoa,2025120620,3.12,43.65,0.0,25.02,5.56,7.15,76.78,0.0
baidoa,2025120621,3.12,43.65,0.0,24.57,5.35,6.85,80.28,0.01
baidoa,2025120622,3.12,43.65,0.0,24.15,5.03,6.41,83.1,0.03
baidoa,2025120623,3.12,43.65,0.0,23.71,4.69,6.03,86.47,0.08
baidoa,2025120700,3.12,43.65,0.0,23.36,4.46,5.8,89.03,0.0
baidoa,2025120701,3.12,43.65,0.0,23.17,4.43,5.73,90.33,0.0
baidoa,2025120702,3.12,43.65,0.0,23.06,4.31,5.65,90.67,0.0
baidoa,2025120703,3.12,43.65,53.5,23.27,4.61,6.02,88.34,0.0
baidoa,2025120704,3.12,43.65,251.1,24.99,5.78,7.0,74.94,0.0
baidoa,2025120705,3.12,43.65,465.12,27.59,5.92,6.9,60.47,0.0
baidoa,2025120706,3.12,43.65,700.05,30.65,5.79,6.66,46.67,0.0
baidoa,2025120707,3.12,43.65,854.33,33.41,5.37,6.08,36.72,0.0
baidoa,2025120708,3.12,43.65,924.15,35.56,4.81,5.4,30.03,0.0
baidoa,2025120709,3.12,43.65,919.62,37.06,4.45,4.99,25.5,0.0
baidoa,2025120710,3.12,43.65,814.47,37.87,4.35,4.86,22.73,0.0
baidoa,2025120711,3.12,43.65,604.17,38.02,4.41,4.92,21.39,0.0
baidoa,2025120712,3.12,43.65,375.8,37.49,4.6,5.18,21.22,0.0
baidoa,2025120713,3.12,43.65,189.02,36.29,4.8,5.55,22.2,0.0
baidoa,2025120714,3.12,43.65,34.5,34.43,4.28,5.99,24.49,0.0
baidoa,2025120715,3.12,43.65,0.0,31.74,3.25,6.86,28.93,0.0
baidoa,2025120716,3.12,43.65,0.0,31.22,4.3,7.6,29.89,0.0
baidoa,2025120717,3.12,43.65,0.0,30.35,5.54,8.06,32.97,0.0
baidoa,2025120718,3.12,43.65,0.0,28.63,6.06,8.1,42.18,0.0
baidoa,2025120719,3.12,43.65,0.0,26.64,6.17,8.02,57.47,0.0
baidoa,2025120720,3.12,43.65,0.0,25.22,5.57,7.16,69.73,0.0
baidoa,2025120721,3.12,43.65,0.0,24.4,5.18,6.7,76.73,0.0
baidoa,2025120722,3.12,43.65,0.0,23.98,5.13,6.64,79.94,0.0
baidoa,2025120723,3.12,43.65,0.0,23.75,5.14,6.66,81.45,0.0
baidoa,2025120800,3.12,43.65,0.0,23.57,5.01,6.49,82.6,0.0
baidoa,2025120801,3.12,43.65,0.0,23.41,4.82,6.32,83.76,0.0
baidoa,2025120802,3.12,43.65,0.0,23.29,4.68,6.21,84.64,0.0
baidoa,2025120803,3.12,43.65,55.28,23.46,4.89,6.38,84.1,0.0
baidoa,2025120804,3.12,43.65,257.55,25.32,6.07,7.31,73.34,0.0
baidoa,2025120805,3.12,43.65,471.1,27.99,6.35,7.41,59.78,0.0
baidoa,2025120806,3.12,43.65,671.53,30.9,6.2,7.12,47.54,0.0
baidoa,2025120807,3.12,43.65,836.7,33.51,5.78,6.54,38.21,0.0
baidoa,2025120808,3.12,43.65,860.42,35.5,5.32,6.0,31.83,0.0
baidoa,2025120809,3.12,43.65,749.67,36.84,4.99,5.6,27.86,0.0
baidoa,2025120810,3.12,43.65,754.65,37.52,4.76,5.33,25.88,0.0
baidoa,2025120811,3.12,43.65,576.55,37.56,4.66,5.22,25.2,0.0
baidoa,2025120812,3.12,43.65,356.85,36.9,4.71,5.33,25.76,0.0
baidoa,2025120813,3.12,43.65,185.18,35.79,4.76,5.53,27.27,0.0
baidoa,2025120814,3.12,43.65,34.97,34.15,4.26,5.67,30.1,0.0
baidoa,2025120815,3.12,43.65,0.0,32.15,2.82,5.99,34.11,0.0
baidoa,2025120816,3.12,43.65,0.0,31.61,3.31,6.35,35.24,0.0
baidoa,2025120817,3.12,43.65,0.0,30.95,4.29,6.77,37.51,0.0
baidoa,2025120818,3.12,43.65,0.0,29.63,5.18,7.26,43.89,0.0
baidoa,2025120819,3.12,43.65,0.0,27.95,5.44,7.33,54.1,0.0
baidoa,2025120820,3.12,43.65,0.0,26.4,5.44,7.13,64.87,0.0
baidoa,2025120821,3.12,43.65,0.0,25.29,5.03,6.48,72.68,0.0
baidoa,2025120822,3.12,43.65,0.0,24.53,4.57,5.87,77.49,0.0
baidoa,2025120823,3.12,43.65,0.0,24.08,4.45,5.72,80.04,0.0
baidoa,2025120900,3.12,43.65,0.0,23.78,4.47,5.77,81.44,0.0
baidoa,2025120901,3.12,43.65,0.0,23.55,4.49,5.83,82.46,0.0
baidoa,2025120902,3.12,43.65,0.0,23.34,4.47,5.86,83.35,0.0
baidoa,2025120903,3.12,43.65,51.58,23.49,4.69,5.98,82.18,0.0
baidoa,2025120904,3.12,43.65,257.42,25.14,5.41,6.44,72.83,0.0
baidoa,2025120905,3.12,43.65,490.0,27.79,5.79,6.72,59.5,0.0
baidoa,2025120906,3.12,43.65,691.4,30.78,5.82,6.64,47.29,0.0
baidoa,2025120907,3.12,43.65,835.78,33.45,5.65,6.4,38.12,0.0
baidoa,2025120908,3.12,43.65,910.6,35.35,5.45,6.15,32.57,0.0
baidoa,2025120909,3.12,43.65,861.4,36.42,5.18,5.81,29.59,0.0
baidoa,2025120910,3.12,43.65,762.08,36.92,4.9,5.48,28.11,0.0
baidoa,2025120911,3.12,43.65,459.88,36.83,4.62,5.19,27.85,0.0
baidoa,2025120912,3.12,43.65,361.67,36.02,4.42,5.04,28.97,0.0
baidoa,2025120913,3.12,43.65,186.57,34.88,4.41,5.16,30.94,0.0
baidoa,2025120914,3.12,43.65,34.25,33.53,4.08,5.33,33.58,0.0
baidoa,2025120915,3.12,43.65,0.0,31.77,2.72,5.63,37.41,0.0
baidoa,2025120916,3.12,43.65,0.0,31.15,2.95,5.9,38.79,0.0
baidoa,2025120917,3.12,43.65,0.0,30.56,3.91,6.4,40.43,0.0
baidoa,2025120918,3.12,43.65,0.0,29.4,5.08,7.19,45.19,0.0
baidoa,2025120919,3.12,43.65,0.0,27.78,5.67,7.49,53.86,0.0
baidoa,2025120920,3.12,43.65,0.0,26.21,5.52,7.13,63.38,0.0
baidoa,2025120921,3.12,43.65,0.0,25.1,4.95,6.33,70.44,0.0
baidoa,2025120922,3.12,43.65,0.0,24.37,4.42,5.67,74.98,0.0
baidoa,2025120923,3.12,43.65,0.0,23.86,4.07,5.27,77.95,0.0
baidoa,2025121000,3.12,43.65,0.0,23.52,4.01,5.28,79.84,0.0
baidoa,2025121001,3.12,43.65,0.0,23.3,4.14,5.47,80.95,0.0
baidoa,2025121002,3.12,43.65,0.0,23.08,4.23,5.63,81.93,0.0
baidoa,2025121003,3.12,43.65,53.33,23.22,4.65,5.98,81.15,0.0
baidoa,2025121004,3.12,43.65,249.8,24.95,5.57,6.66,71.81,0.0
baidoa,2025121005,3.12,43.65,457.3,27.67,6.04,7.04,58.67,0.0
baidoa,2025121006,3.12,43.65,654.58,30.57,6.1,6.95,47.15,0.0
baidoa,2025121007,3.12,43.65,832.9,33.09,5.79,6.51,38.75,0.0
baidoa,2025121008,3.12,43.65,926.12,35.0,5.37,5.99,32.94,0.0
baidoa,2025121009,3.12,43.65,889.72,36.29,4.97,5.54,29.16,0.0
baidoa,2025121010,3.12,43.65,607.6,36.94,4.68,5.23,27.12,0.0
baidoa,2025121011,3.12,43.65,555.47,36.9,4.49,5.03,26.49,0.0
baidoa,2025121012,3.12,43.65,384.92,36.16,4.39,4.97,27.26,0.0
baidoa,2025121013,3.12,43.65,191.55,35.12,4.35,5.04,28.99,0.0
baidoa,2025121014,3.12,43.65,35.47,33.66,3.98,5.24,31.84,0.0
baidoa,2025121015,3.12,43.65,0.0,31.92,3.03,5.92,35.59,0.0
baidoa,2025121016,3.12,43.65,0.0,31.31,4.23,6.8,37.28,0.0
baidoa,2025121017,3.12,43.65,0.0,30.25,5.47,7.73,41.54,0.0
baidoa,2025121018,3.12,43.65,0.0,28.66,6.37,8.5,50.21,0.0
baidoa,2025121019,3.12,43.65,0.0,27.03,6.24,8.12,60.69,0.0
baidoa,2025121020,3.12,43.65,0.0,25.9,5.54,7.19,68.67,0.0
baidoa,2025121021,3.12,43.65,0.0,25.18,5.02,6.58,73.83,0.0
baidoa,2025121022,3.12,43.65,0.0,24.67,4.69,6.16,77.29,0.0
baidoa,2025121023,3.12,43.65,0.0,24.3,4.53,6.08,79.81,0.0
baidoa,2025121100,3.12,43.65,0.0,24.13,4.85,6.43,81.05,0.0
baidoa,2025121101,3.12,43.65,0.0,24.02,5.02,6.64,81.67,0.0
baidoa,2025121102,3.12,43.65,0.0,23.92,4.98,6.58,82.07,0.0
baidoa,2025121103,3.12,43.65,47.4,24.11,5.16,6.7,80.63,0.0
baidoa,2025121104,3.12,43.65,253.73,25.65,5.81,7.03,71.09,0.0
baidoa,2025121105,3.12,43.65,493.27,28.16,6.09,7.21,57.09,0.0
baidoa,2025121106,3.12,43.65,665.83,31.02,6.09,7.07,44.99,0.0
baidoa,2025121107,3.12,43.65,799.38,33.55,5.72,6.56,36.87,0.0
baidoa,2025121108,3.12,43.65,820.17,35.51,5.3,6.02,31.43,0.0
baidoa,2025121109,3.12,43.65,699.3,36.85,4.95,5.58,27.91,0.0
baidoa,2025121110,3.12,43.65,569.28,37.52,4.77,5.34,25.92,0.0
baidoa,2025121111,3.12,43.65,463.95,37.54,4.76,5.33,25.16,0.0
baidoa,2025121112,3.12,43.65,313.8,36.92,4.83,5.48,25.61,0.0
baidoa,2025121113,3.12,43.65,157.93,35.59,4.93,5.77,27.5,0.0
baidoa,2025121114,3.12,43.65,31.35,34.12,4.53,6.02,29.96,0.0
baidoa,2025121115,3.12,43.65,0.0,32.42,3.43,6.4,33.49,0.0
baidoa,2025121116,3.12,43.65,0.0,31.75,4.02,6.83,35.66,0.0
baidoa,2025121117,3.12,43.65,0.0,30.99,5.06,7.48,39.04,0.0
baidoa,2025121118,3.12,43.65,0.0,29.55,5.7,7.84,46.77,0.0
baidoa,2025121119,3.12,43.65,0.0,27.82,6.05,7.97,58.85,0.0
baidoa,2025121120,3.12,43.65,0.0,26.44,5.67,7.28,69.66,0.0
baidoa,2025121121,3.12,43.65,0.0,25.58,5.28,6.69,76.16,0.0
baidoa,2025121122,3.12,43.65,0.0,25.1,5.1,6.43,79.24,0.0
baidoa,2025121123,3.12,43.65,0.0,24.78,4.98,6.28,80.91,0.0
baidoa,2025121200,3.12,43.65,0.0,24.53,4.91,6.22,81.86,0.0
baidoa,2025121201,3.12,43.65,0.0,24.29,4.79,6.17,82.63,0.0
baidoa,2025121202,3.12,43.65,0.0,24.11,4.75,6.2,82.97,0.0
baidoa,2025121203,3.12,43.65,42.28,24.23,5.01,6.42,81.82,0.0
baidoa,2025121204,3.12,43.65,214.07,25.8,5.62,6.72,72.85,0.0
baidoa,2025121205,3.12,43.65,423.27,28.48,5.91,6.93,59.35,0.0
baidoa,2025121206,3.12,43.65,626.15,31.53,5.99,6.9,46.58,0.0
baidoa,2025121207,3.12,43.65,779.12,34.08,5.89,6.73,37.8,0.0
baidoa,2025121208,3.12,43.65,806.95,35.91,5.93,6.74,32.12,0.0
baidoa,2025121209,3.12,43.65,793.08,37.04,6.05,6.88,28.81,0.0
baidoa,2025121210,3.12,43.65,661.2,37.5,6.19,7.03,27.0,0.0
baidoa,2025121211,3.12,43.65,526.58,37.39,6.33,7.21,26.14,0.0
baidoa,2025121212,3.12,43.65,365.1,36.67,6.48,7.44,26.46,0.0
baidoa,2025121213,3.12,43.65,192.73,35.35,6.57,7.75,28.17,0.0
baidoa,2025121214,3.12,43.65,39.3,33.61,6.2,7.96,31.26,0.0
baidoa,2025121215,3.12,43.65,0.0,31.95,5.32,7.73,34.96,0.0
baidoa,2025121216,3.12,43.65,0.0,30.84,5.13,7.51,38.3,0.0
baidoa,2025121217,3.12,43.65,0.0,29.73,5.21,7.48,42.69,0.0
baidoa,2025121218,3.12,43.65,0.0,28.66,5.42,7.48,48.59,0.0
baidoa,2025121219,3.12,43.65,0.0,27.68,5.67,7.6,55.74,0.0
baidoa,2025121220,3.12,43.65,0.0,26.83,5.73,7.55,63.36,0.0
baidoa,2025121221,3.12,43.65,0.0,26.12,5.49,7.17,69.85,0.0
baidoa,2025121222,3.12,43.65,0.0,25.51,5.25,6.8,74.97,0.0
baidoa,2025121223,3.12,43.65,0.0,25.0,5.03,6.51,78.96,0.0
baidoa,2025121300,3.12,43.65,0.0,24.65,5.01,6.43,81.72,0.0
baidoa,2025121301,3.12,43.65,0.0,24.38,5.13,6.61,83.43,0.0
baidoa,2025121302,3.12,43.65,0.0,24.17,5.29,6.83,84.38,0.0
baidoa,2025121303,3.12,43.65,34.47,24.14,5.5,7.09,83.66,0.0
baidoa,2025121304,3.12,43.65,176.15,25.01,6.0,7.39,77.27,0.0
baidoa,2025121305,3.12,43.65,357.4,26.96,6.34,7.61,65.65,0.0
baidoa,2025121306,3.12,43.65,558.85,29.75,6.39,7.51,52.33,0.0
baidoa,2025121307,3.12,43.65,700.2,32.34,6.02,6.95,42.4,0.0
baidoa,2025121308,3.12,43.65,725.6,34.22,5.56,6.33,36.19,0.0
baidoa,2025121309,3.12,43.65,736.1,35.3,5.25,5.88,32.76,0.0
baidoa,2025121310,3.12,43.65,706.05,35.58,5.14,5.7,31.3,0.0
baidoa,2025121311,3.12,43.65,602.35,35.0,5.14,5.7,31.78,0.0
baidoa,2025121312,3.12,43.65,431.25,33.97,5.23,5.91,33.86,0.0
baidoa,2025121313,3.12,43.65,219.05,32.33,5.48,6.43,38.29,0.0
baidoa,2025121314,3.12,43.65,40.8,30.64,5.65,6.96,44.13,0.0
baidoa,2025121315,3.12,43.65,0.0,29.29,5.63,7.21,49.73,0.0
baidoa,2025121316,3.12,43.65,0.0,28.46,5.47,7.05,53.26,0.0
baidoa,2025121317,3.12,43.65,0.0,27.81,4.98,6.44,55.6,0.0
baidoa,2025121318,3.12,43.65,0.0,27.19,4.4,5.71,57.32,0.0
baidoa,2025121319,3.12,43.65,0.0,26.56,3.95,5.18,59.03,0.0
baidoa,2025121320,3.12,43.65,0.0,25.92,3.63,4.83,61.01,0.0
baidoa,2025121321,3.12,43.65,0.0,25.29,3.5,4.59,63.48,0.0
baidoa,2025121322,3.12,43.65,0.0,24.72,3.29,4.3,66.43,0.0
baidoa,2025121323,3.12,43.65,0.0,24.2,3.01,4.0,69.87,0.0
baidoa,2025121400,3.12,43.65,0.0,23.67,2.63,3.85,74.06,0.0
baidoa,2025121401,3.12,43.65,0.0,23.29,2.7,4.04,78.47,0.0
baidoa,2025121402,3.12,43.65,0.0,22.95,2.74,4.26,83.46,0.0
baidoa,2025121403,3.12,43.65,43.2,23.21,3.45,4.6,85.68,0.0
baidoa,2025121404,3.12,43.65,199.82,25.09,4.55,5.43,76.97,0.0
baidoa,2025121405,3.12,43.65,372.83,27.66,4.78,5.53,60.63,0.0
baidoa,2025121406,3.12,43.65,546.55,30.36,4.78,5.42,46.97,0.0
baidoa,2025121407,3.12,43.65,700.72,32.5,4.56,5.08,39.43,0.0
baidoa,2025121408,3.12,43.65,748.4,34.19,4.23,4.66,34.67,0.0
baidoa,2025121409,3.12,43.65,743.42,35.3,3.94,4.28,31.35,0.0
baidoa,2025121410,3.12,43.65,672.92,35.9,3.73,4.03,29.13,0.0
baidoa,2025121411,3.12,43.65,414.33,36.02,3.6,3.91,27.91,0.0
baidoa,2025121412,3.12,43.65,311.83,35.74,3.59,3.94,27.57,0.0
baidoa,2025121413,3.12,43.65,158.1,34.94,3.61,4.07,28.28,0.0
baidoa,2025121414,3.12,43.65,29.2,33.43,3.12,4.35,30.45,0.0
baidoa,2025121415,3.12,43.65,0.0,30.92,2.38,5.39,35.28,0.0
baidoa,2025121416,3.12,43.65,0.0,30.47,3.23,6.54,36.62,0.0
baidoa,2025121417,3.12,43.65,0.0,29.78,4.61,7.37,40.21,0.0
baidoa,2025121418,3.12,43.65,0.0,28.4,5.51,7.66,48.46,0.0
baidoa,2025121419,3.12,43.65,0.0,26.76,5.84,7.77,60.59,0.0
baidoa,2025121420,3.12,43.65,0.0,25.44,5.49,7.09,71.44,0.0
baidoa,2025121421,3.12,43.65,0.0,24.65,4.91,6.36,77.13,0.0
baidoa,2025121422,3.12,43.65,0.0,24.2,4.71,6.14,79.34,0.0
baidoa,2025121423,3.12,43.65,0.0,23.89,4.65,6.08,80.19,0.0
baidoa,2025121500,3.12,43.65,0.0,23.63,4.62,6.08,80.48,0.0
baidoa,2025121501,3.12,43.65,0.0,23.34,4.43,5.9,80.9,0.0
baidoa,2025121502,3.12,43.65,0.0,22.93,4.03,5.62,81.86,0.0
baidoa,2025121503,3.12,43.65,46.8,22.86,4.15,5.56,81.99,0.0
baidoa,2025121504,3.12,43.65,254.2,24.87,5.2,6.17,70.55,0.0
baidoa,2025121505,3.12,43.65,486.25,27.94,5.61,6.53,55.12,0.0
baidoa,2025121506,3.12,43.65,690.4,31.35,5.57,6.32,41.79,0.0
baidoa,2025121507,3.12,43.65,838.05,34.06,5.0,5.58,33.46,0.0
baidoa,2025121508,3.12,43.65,902.0,36.07,4.38,4.82,28.27,0.0
baidoa,2025121509,3.12,43.65,796.33,37.47,3.88,4.22,24.77,0.0
baidoa,2025121510,3.12,43.65,729.4,38.24,3.59,3.86,22.63,0.0
baidoa,2025121511,3.12,43.65,544.8,38.37,3.56,3.82,21.63,0.0
baidoa,2025121512,3.12,43.65,365.12,37.87,3.71,4.01,21.61,0.0
baidoa,2025121513,3.12,43.65,183.9,36.72,3.9,4.37,22.66,0.0
baidoa,2025121514,3.12,43.65,37.58,34.87,3.41,4.82,25.01,0.0
baidoa,2025121515,3.12,43.65,0.0,32.02,2.79,6.16,29.84,0.0
baidoa,2025121516,3.12,43.65,0.0,31.82,4.35,7.37,31.06,0.0
baidoa,2025121517,3.12,43.65,0.0,30.63,5.93,8.17,37.15,0.0
baidoa,2025121518,3.12,43.65,0.0,28.65,6.44,8.37,49.14,0.0
baidoa,2025121519,3.12,43.65,0.0,26.74,6.54,8.34,62.11,0.0
baidoa,2025121520,3.12,43.65,0.0,25.38,6.14,7.84,71.09,0.0
baidoa,2025121521,3.12,43.65,0.0,24.54,5.88,7.51,76.41,0.0
baidoa,2025121522,3.12,43.65,0.0,24.0,5.65,7.25,78.95,0.0
baidoa,2025121523,3.12,43.65,0.0,23.63,5.64,7.3,79.83,0.0
baidoa,2025121600,3.12,43.65,0.0,23.2,5.34,6.94,80.86,0.0
baidoa,2025121601,3.12,43.65,0.0,22.72,4.83,6.37,83.05,0.0
baidoa,2025121602,3.12,43.65,0.0,22.29,4.51,6.03,84.94,0.0
baidoa,2025121603,3.12,43.65,47.53,22.36,4.87,6.29,83.99,0.0
baidoa,2025121604,3.12,43.65,261.1,24.37,6.02,7.32,70.07,0.0
baidoa,2025121605,3.12,43.65,496.73,27.45,6.56,7.78,52.24,0.0
baidoa,2025121606,3.12,43.65,692.15,30.71,6.37,7.35,39.91,0.0
baidoa,2025121607,3.12,43.65,825.1,33.61,5.65,6.38,32.11,0.0
baidoa,2025121608,3.12,43.65,925.58,35.8,4.83,5.41,27.21,0.0
baidoa,2025121609,3.12,43.65,914.95,37.3,4.12,4.61,24.08,0.0
baidoa,2025121610,3.12,43.65,729.22,38.07,3.63,4.05,22.53,0.0
baidoa,2025121611,3.12,43.65,638.47,38.24,3.32,3.71,21.93,0.0
baidoa,2025121612,3.12,43.65,464.73,37.67,3.25,3.64,22.33,0.0
baidoa,2025121613,3.12,43.65,232.6,36.56,3.35,3.82,23.6,0.0
baidoa,2025121614,3.12,43.65,47.9,34.93,2.85,4.22,25.83,0.0
baidoa,2025121615,3.12,43.65,0.0,32.39,2.4,5.37,29.95,0.0
baidoa,2025121616,3.12,43.65,0.0,31.86,3.04,6.41,30.59,0.0
baidoa,2025121617,3.12,43.65,0.0,31.24,4.3,7.11,32.08,0.0
baidoa,2025121618,3.12,43.65,0.0,29.82,5.69,7.89,38.02,0.0
baidoa,2025121619,3.12,43.65,0.0,27.89,6.37,8.26,50.43,0.0
baidoa,2025121620,3.12,43.65,0.0,26.02,6.22,7.94,64.99,0.0
baidoa,2025121621,3.12,43.65,0.0,24.81,5.77,7.35,74.89,0.0
baidoa,2025121622,3.12,43.65,0.0,24.17,5.55,7.14,80.01,0.0
baidoa,2025121623,3.12,43.65,0.0,23.93,5.55,7.13,81.51,0.0
baidoa,2025121700,3.12,43.65,0.0,23.72,5.37,6.96,82.46,0.03
baidoa,2025121701,3.12,43.65,0.0,23.45,5.03,6.71,84.53,0.04
baidoa,2025121702,3.12,43.65,0.0,23.2,4.89,6.77,86.24,0.04
baidoa,2025121703,3.12,43.65,44.28,23.32,5.2,6.99,85.8,0.04
baidoa,2025121704,3.12,43.65,252.82,25.1,6.19,7.52,74.98,0.0
baidoa,2025121705,3.12,43.65,488.98,28.11,6.43,7.57,58.4,0.0
baidoa,2025121706,3.12,43.65,695.22,31.44,6.35,7.34,43.78,0.0
baidoa,2025121707,3.12,43.65,843.15,34.27,5.86,6.67,34.59,0.0
baidoa,2025121708,3.12,43.65,917.4,36.33,5.33,6.01,29.34,0.0
baidoa,2025121709,3.12,43.65,858.62,37.66,5.05,5.67,26.02,0.0
baidoa,2025121710,3.12,43.65,739.3,38.27,5.09,5.67,24.19,0.0
baidoa,2025121711,3.12,43.65,589.72,38.2,5.24,5.82,23.65,0.0
baidoa,2025121712,3.12,43.65,412.5,37.44,5.46,6.15,24.28,0.0
baidoa,2025121713,3.12,43.65,213.55,36.18,5.63,6.54,25.85,0.0
baidoa,2025121714,3.12,43.65,46.45,34.56,5.23,6.85,28.25,0.0
baidoa,2025121715,3.12,43.65,0.0,32.41,4.08,7.34,32.02,0.0
baidoa,2025121716,3.12,43.65,0.0,31.54,4.6,7.81,33.86,0.0
baidoa,2025121717,3.12,43.65,0.0,30.6,5.6,8.35,37.36,0.0
baidoa,2025121718,3.12,43.65,0.0,28.93,6.68,9.05,47.58,0.0
baidoa,2025121719,3.12,43.65,0.0,26.95,6.96,9.02,62.36,0.0
baidoa,2025121720,3.12,43.65,0.0,25.57,6.58,8.43,73.6,0.0
baidoa,2025121721,3.12,43.65,0.0,24.79,5.98,7.77,78.88,0.03
baidoa,2025121722,3.12,43.65,0.0,24.28,5.65,7.48,82.11,0.05
baidoa,2025121723,3.12,43.65,0.0,23.9,5.51,7.27,84.78,0.06
baidoa,2025121800,3.12,43.65,0.0,23.64,5.17,6.92,86.98,0.07
baidoa,2025121801,3.12,43.65,0.0,23.47,5.1,7.04,88.13,0.06
baidoa,2025121802,3.12,43.65,0.0,23.31,5.01,7.03,88.75,0.06
baidoa,2025121803,3.12,43.65,43.72,23.44,5.28,7.11,87.47,0.04
baidoa,2025121804,3.12,43.65,251.43,25.09,6.33,7.73,76.55,0.01
baidoa,2025121805,3.12,43.65,486.23,28.07,6.63,7.84,59.67,0.0
baidoa,2025121806,3.12,43.65,693.55,31.35,6.66,7.75,45.3,0.0
baidoa,2025121807,3.12,43.65,843.1,34.1,6.42,7.4,35.64,0.0
baidoa,2025121808,3.12,43.65,904.58,36.16,6.24,7.16,29.37,0.0
baidoa,2025121809,3.12,43.65,844.38,37.56,6.09,6.96,25.57,0.0
baidoa,2025121810,3.12,43.65,804.47,38.26,5.94,6.75,23.6,0.0
baidoa,2025121811,3.12,43.65,612.88,38.31,5.82,6.62,22.97,0.01
baidoa,2025121812,3.12,43.65,446.33,37.78,5.77,6.62,23.31,0.01
baidoa,2025121813,3.12,43.65,231.07,36.56,5.7,6.7,24.76,0.0
baidoa,2025121814,3.12,43.65,48.35,34.83,5.05,6.77,27.42,0.0
baidoa,2025121815,3.12,43.65,0.0,32.93,4.12,7.21,31.47,0.0
baidoa,2025121816,3.12,43.65,0.0,32.06,5.63,8.22,35.82,0.0
baidoa,2025121817,3.12,43.65,0.0,30.35,7.12,9.51,45.67,0.0
baidoa,2025121818,3.12,43.65,0.0,28.15,7.37,9.52,58.88,0.0
baidoa,2025121819,3.12,43.65,0.0,26.71,6.68,8.61,67.77,0.0
baidoa,2025121820,3.12,43.65,0.0,25.91,6.01,7.76,72.71,0.0
baidoa,2025121821,3.12,43.65,0.0,25.31,5.42,7.09,76.79,0.02
baidoa,2025121822,3.12,43.65,0.0,24.74,5.06,6.65,81.53,0.06
baidoa,2025121823,3.12,43.65,0.0,24.29,4.7,6.13,85.83,0.08
baidoa,2025121900,3.12,43.65,0.0,23.94,4.35,5.74,89.23,0.08
baidoa,2025121901,3.12,43.65,0.0,23.69,4.41,5.93,91.32,0.06
baidoa,2025121902,3.12,43.65,0.0,23.5,4.41,6.05,92.25,0.05
baidoa,2025121903,3.12,43.65,40.67,23.59,4.68,6.25,91.43,0.03
baidoa,2025121904,3.12,43.65,230.43,25.24,6.05,7.46,79.2,0.01
baidoa,2025121905,3.12,43.65,447.1,28.12,6.34,7.45,61.98,0.0
baidoa,2025121906,3.12,43.65,673.7,31.2,6.18,7.12,47.83,0.0
baidoa,2025121907,3.12,43.65,834.28,33.86,5.86,6.67,37.62,0.0
baidoa,2025121908,3.12,43.65,878.88,35.96,5.54,6.26,30.27,0.0
baidoa,2025121909,3.12,43.65,749.05,37.41,5.29,5.93,25.41,0.0
baidoa,2025121910,3.12,43.65,706.95,38.18,5.13,5.75,22.64,0.0
baidoa,2025121911,3.12,43.65,550.58,38.29,5.07,5.69,21.46,0.0
baidoa,2025121912,3.12,43.65,393.85,37.81,5.08,5.76,21.49,0.0
baidoa,2025121913,3.12,43.65,206.43,36.7,5.09,5.89,22.73,0.0
baidoa,2025121914,3.12,43.65,47.28,34.85,4.37,6.08,25.56,0.0
baidoa,2025121915,3.12,43.65,0.0,32.38,3.37,6.91,30.63,0.0
baidoa,2025121916,3.12,43.65,0.0,31.96,5.02,7.9,33.79,0.0
baidoa,2025121917,3.12,43.65,0.0,30.62,6.41,8.76,41.81,0.0
baidoa,2025121918,3.12,43.65,0.0,28.56,6.99,9.12,54.49,0.0
baidoa,2025121919,3.12,43.65,0.0,26.86,6.61,8.5,65.47,0.0
baidoa,2025121920,3.12,43.65,0.0,25.89,6.05,7.77,71.93,0.0
baidoa,2025121921,3.12,43.65,0.0,25.28,5.61,7.24,76.07,0.0
baidoa,2025121922,3.12,43.65,0.0,24.8,5.37,6.94,79.56,0.02
baidoa,2025121923,3.12,43.65,0.0,24.37,5.2,6.76,82.97,0.03
baidoa,2025122000,3.12,43.65,0.0,24.04,4.97,6.55,85.5,0.04
baidoa,2025122001,3.12,43.65,0.0,23.82,4.73,6.39,86.92,0.05
baidoa,2025122002,3.12,43.65,0.0,23.63,4.62,6.44,87.48,0.05
baidoa,2025122003,3.12,43.65,37.35,23.72,4.88,6.55,86.37,0.04
baidoa,2025122004,3.12,43.65,202.18,25.29,5.71,6.89,76.45,0.01
baidoa,2025122005,3.12,43.65,386.5,28.14,6.01,7.04,60.81,0.0
baidoa,2025122006,3.12,43.65,577.35,31.27,6.23,7.19,47.25,0.0
baidoa,2025122007,3.12,43.65,719.78,33.82,6.12,6.97,38.69,0.0
baidoa,2025122008,3.12,43.65,657.5,35.67,5.9,6.67,33.15,0.0
baidoa,2025122009,3.12,43.65,646.2,36.84,5.74,6.49,29.87,0.0
baidoa,2025122010,3.12,43.65,629.65,37.34,5.67,6.42,28.33,0.01
baidoa,2025122011,3.12,43.65,467.62,37.29,5.66,6.45,27.87,0.0
baidoa,2025122012,3.12,43.65,428.02,36.73,5.7,6.55,28.45,0.0
baidoa,2025122013,3.12,43.65,222.43,35.63,5.7,6.7,30.17,0.0
baidoa,2025122014,3.12,43.65,48.1,34.02,5.28,6.78,33.38,0.0
baidoa,2025122015,3.12,43.65,0.0,32.47,4.17,6.77,37.0,0.0
baidoa,2025122016,3.12,43.65,0.0,31.71,4.46,6.98,39.18,0.0
baidoa,2025122017,3.12,43.65,0.0,30.81,5.36,7.59,42.49,0.0
baidoa,2025122018,3.12,43.65,0.0,29.51,6.07,8.18,48.36,0.0
baidoa,2025122019,3.12,43.65,0.0,27.99,6.24,8.15,56.4,0.0
baidoa,2025122020,3.12,43.65,0.0,26.61,6.06,7.83,64.41,0.0
baidoa,2025122021,3.12,43.65,0.0,25.56,5.87,7.56,70.67,0.0
baidoa,2025122022,3.12,43.65,0.0,24.84,5.7,7.32,74.71,0.0
baidoa,2025122023,3.12,43.65,0.0,24.37,5.85,7.54,77.14,0.0
baidoa,2025122100,3.12,43.65,0.0,24.05,5.96,7.68,78.3,0.0
baidoa,2025122101,3.12,43.65,0.0,23.75,5.9,7.66,79.14,0.0
baidoa,2025122102,3.12,43.65,0.0,23.45,6.02,7.89,79.41,0.0
baidoa,2025122103,3.12,43.65,35.42,23.41,6.57,8.51,78.0,0.01
baidoa,2025122104,3.12,43.65,210.73,24.89,7.7,9.42,68.7,0.0
baidoa,2025122105,3.12,43.65,416.75,27.41,8.28,9.92,56.61,0.0
baidoa,2025122106,3.12,43.65,611.08,30.21,8.36,9.86,47.09,0.0
baidoa,2025122107,3.12,43.65,754.9,32.68,8.11,9.46,40.61,0.01
baidoa,2025122108,3.12,43.65,792.33,34.58,7.81,9.08,36.32,0.04
baidoa,2025122109,3.12,43.65,690.97,35.82,7.46,8.64,33.55,0.06
baidoa,2025122110,3.12,43.65,616.28,36.46,7.09,8.22,31.92,0.07
baidoa,2025122111,3.12,43.65,530.28,36.57,6.77,7.88,31.12,0.05
baidoa,2025122112,3.12,43.65,389.67,36.22,6.5,7.63,31.07,0.03
baidoa,2025122113,3.12,43.65,197.45,35.23,6.26,7.5,32.22,0.01
baidoa,2025122114,3.12,43.65,42.9,33.75,5.57,7.28,34.79,0.0
baidoa,2025122115,3.12,43.65,0.0,32.23,4.32,7.16,38.01,0.0
baidoa,2025122116,3.12,43.65,0.0,31.52,4.57,7.43,39.51,0.0
baidoa,2025122117,3.12,43.65,0.0,30.89,4.97,7.62,40.81,0.0
baidoa,2025122118,3.12,43.65,0.0,30.02,5.36,7.86,42.99,0.0
baidoa,2025122119,3.12,43.65,0.0,28.74,6.09,8.41,47.62,0.0
baidoa,2025122120,3.12,43.65,0.0,26.98,6.29,8.41,55.79,0.0
baidoa,2025122121,3.12,43.65,0.0,25.49,6.3,8.27,63.74,0.0
baidoa,2025122122,3.12,43.65,0.0,24.42,6.48,8.47,69.43,0.0
baidoa,2025122123,3.12,43.65,0.0,23.74,6.29,8.22,72.27,0.0
baidoa,2025122200,3.12,43.65,0.0,23.25,6.0,7.92,73.75,0.0
baidoa,2025122201,3.12,43.65,0.0,22.85,5.88,7.87,74.94,0.0
baidoa,2025122202,3.12,43.65,0.0,22.49,5.89,7.97,76.23,0.0
baidoa,2025122203,3.12,43.65,35.12,22.52,6.27,8.34,76.42,0.0
baidoa,2025122204,3.12,43.65,225.32,24.44,8.04,10.09,68.12,0.0
baidoa,2025122205,3.12,43.65,450.15,27.32,8.88,10.83,55.05,0.0
baidoa,2025122206,3.12,43.65,655.58,30.23,8.97,10.75,44.13,0.0
baidoa,2025122207,3.12,43.65,824.05,32.79,8.69,10.28,36.53,0.0
baidoa,2025122208,3.12,43.65,908.17,34.84,8.26,9.71,31.11,0.0
baidoa,2025122209,3.12,43.65,916.2,36.38,7.76,9.06,27.28,0.0
baidoa,2025122210,3.12,43.65,822.42,37.29,7.3,8.49,24.87,0.0
baidoa,2025122211,3.12,43.65,664.85,37.5,7.02,8.18,23.74,0.0
baidoa,2025122212,3.12,43.65,454.73,37.09,6.86,8.05,23.61,0.0
baidoa,2025122213,3.12,43.65,239.6,36.04,6.7,8.02,24.49,0.0
baidoa,2025122214,3.12,43.65,54.25,34.26,5.82,7.86,26.72,0.0
baidoa,2025122215,3.12,43.65,0.0,31.44,3.97,7.96,31.47,0.0
baidoa,2025122216,3.12,43.65,0.0,30.58,4.33,8.14,33.32,0.0
baidoa,2025122217,3.12,43.65,0.0,29.76,4.56,8.06,35.87,0.0
baidoa,2025122218,3.12,43.65,0.0,28.86,5.04,8.07,40.55,0.0
baidoa,2025122219,3.12,43.65,0.0,27.71,5.4,8.0,48.24,0.0
baidoa,2025122220,3.12,43.65,0.0,26.49,5.53,7.72,58.09,0.0
baidoa,2025122221,3.12,43.65,0.0,25.41,5.3,7.15,67.16,0.0
baidoa,2025122222,3.12,43.65,0.0,24.53,4.78,6.44,73.77,0.0
baidoa,2025122223,3.12,43.65,0.0,23.87,4.82,6.55,77.82,0.0
baidoa,2025122300,3.12,43.65,0.0,23.35,4.73,6.5,80.3,0.0
baidoa,2025122301,3.12,43.65,0.0,22.89,4.78,6.65,82.15,0.0
baidoa,2025122302,3.12,43.65,0.0,22.47,5.15,7.17,83.47,0.0
baidoa,2025122303,3.12,43.65,33.33,22.51,5.99,7.98,81.97,0.0
baidoa,2025122304,3.12,43.65,214.48,24.57,7.97,9.94,67.95,0.0
baidoa,2025122305,3.12,43.65,434.62,27.58,8.58,10.37,50.82,0.0
baidoa,2025122306,3.12,43.65,657.17,30.56,8.4,9.94,39.19,0.0
baidoa,2025122307,3.12,43.65,811.08,33.12,7.96,9.29,32.33,0.0
baidoa,2025122308,3.12,43.65,895.25,35.11,7.43,8.6,28.52,0.0
baidoa,2025122309,3.12,43.65,921.03,36.47,6.82,7.81,26.13,0.0
baidoa,2025122310,3.12,43.65,833.92,37.23,6.3,7.19,24.5,0.0
baidoa,2025122311,3.12,43.65,678.42,37.39,6.03,6.9,23.79,0.0
baidoa,2025122312,3.12,43.65,493.0,36.99,5.95,6.85,23.93,0.0
baidoa,2025122313,3.12,43.65,267.92,35.8,5.87,6.93,25.21,0.0
baidoa,2025122314,3.12,43.65,59.97,34.14,5.23,6.95,27.3,0.0
baidoa,2025122315,3.12,43.65,0.0,31.81,3.88,7.37,30.88,0.0
baidoa,2025122316,3.12,43.65,0.0,30.93,4.49,7.91,32.02,0.0
baidoa,2025122317,3.12,43.65,0.0,29.94,4.77,8.01,33.43,0.0
baidoa,2025122318,3.12,43.65,0.0,28.84,4.85,7.9,35.63,0.0
baidoa,2025122319,3.12,43.65,0.0,27.6,5.15,7.97,40.55,0.0
baidoa,2025122320,3.12,43.65,0.0,26.29,5.54,7.99,50.41,0.0
baidoa,2025122321,3.12,43.65,0.0,25.08,5.28,7.3,62.83,0.0
baidoa,2025122322,3.12,43.65,0.0,24.14,4.82,6.65,72.86,0.0
baidoa,2025122323,3.12,43.65,0.0,23.42,4.59,6.39,79.75,0.0
baidoa,2025122400,3.12,43.65,0.0,22.92,4.47,6.28,83.37,0.0
baidoa,2025122401,3.12,43.65,0.0,22.48,4.5,6.4,85.56,0.0
baidoa,2025122402,3.12,43.65,0.0,22.02,4.54,6.51,87.52,0.0
baidoa,2025122403,3.12,43.65,36.9,22.09,5.29,7.1,86.47,0.0
baidoa,2025122404,3.12,43.65,238.8,24.24,7.5,9.29,73.25,0.0
baidoa,2025122405,3.12,43.65,476.83,27.24,8.26,9.9,56.84,0.0
baidoa,2025122406,3.12,43.65,686.47,30.2,8.16,9.57,44.35,0.0
baidoa,2025122407,3.12,43.65,841.38,32.71,7.7,8.92,36.13,0.0
baidoa,2025122408,3.12,43.65,926.83,34.54,7.06,8.1,30.68,0.0
baidoa,2025122409,3.12,43.65,941.45,35.86,6.28,7.15,26.79,0.0
baidoa,2025122410,3.12,43.65,871.6,36.87,5.56,6.31,23.86,0.0
baidoa,2025122411,3.12,43.65,731.0,37.28,5.09,5.78,22.2,0.0
baidoa,2025122412,3.12,43.65,528.03,36.99,4.92,5.62,21.74,0.0
baidoa,2025122413,3.12,43.65,290.73,36.04,4.93,5.73,22.36,0.0
baidoa,2025122414,3.12,43.65,67.38,34.1,4.23,6.01,24.73,0.0
baidoa,2025122415,3.12,43.65,0.0,30.76,3.1,7.01,30.51,0.0
baidoa,2025122416,3.12,43.65,0.0,30.27,3.96,7.88,32.01,0.0
baidoa,2025122417,3.12,43.65,0.0,29.59,4.59,7.97,34.1,0.0
baidoa,2025122418,3.12,43.65,0.0,28.61,4.89,7.8,37.79,0.0
baidoa,2025122419,3.12,43.65,0.0,27.38,5.54,8.07,45.3,0.0
baidoa,2025122420,3.12,43.65,0.0,25.88,5.84,8.04,57.78,0.0
baidoa,2025122421,3.12,43.65,0.0,24.65,5.82,7.75,69.97,0.0
baidoa,2025122422,3.12,43.65,0.0,23.75,5.68,7.48,78.19,0.0
baidoa,2025122423,3.12,43.65,0.0,23.15,5.41,7.18,82.4,0.0
baidoa,2025122500,3.12,43.65,0.0,22.73,5.19,7.01,84.48,0.0
baidoa,2025122501,3.12,43.65,0.0,22.33,5.01,6.89,85.62,0.0
baidoa,2025122502,3.12,43.65,0.0,21.84,4.68,6.68,87.28,0.0
baidoa,2025122503,3.12,43.65,38.67,21.89,5.4,7.29,85.86,0.0
baidoa,2025122504,3.12,43.65,249.07,24.09,7.39,9.09,71.48,0.0
baidoa,2025122505,3.12,43.65,488.88,27.21,7.82,9.26,55.73,0.0
baidoa,2025122506,3.12,43.65,698.05,30.42,7.47,8.66,43.57,0.0
baidoa,2025122507,3.12,43.65,850.95,33.15,6.87,7.87,35.12,0.0
baidoa,2025122508,3.12,43.65,934.5,35.19,6.21,7.04,29.71,0.0
baidoa,2025122509,3.12,43.65,946.3,36.62,5.48,6.18,26.05,0.0
baidoa,2025122510,3.12,43.65,878.6,37.5,4.84,5.44,23.58,0.0
baidoa,2025122511,3.12,43.65,693.33,37.76,4.45,4.99,22.27,0.0
baidoa,2025122512,3.12,43.65,531.5,37.39,4.27,4.8,21.99,0.0
baidoa,2025122513,3.12,43.65,295.62,36.37,4.26,4.86,22.81,0.0
baidoa,2025122514,3.12,43.65,72.47,34.39,3.6,5.22,25.43,0.0
baidoa,2025122515,3.12,43.65,0.0,31.34,2.78,6.29,30.94,0.0
baidoa,2025122516,3.12,43.65,0.0,31.03,3.43,7.1,32.27,0.0
baidoa,2025122517,3.12,43.65,0.0,30.56,4.07,7.16,34.19,0.0
baidoa,2025122518,3.12,43.65,0.0,29.68,4.73,7.19,38.19,0.0
baidoa,2025122519,3.12,43.65,0.0,28.38,5.5,7.51,46.31,0.0
baidoa,2025122520,3.12,43.65,0.0,26.79,6.03,7.87,58.32,0.0
baidoa,2025122521,3.12,43.65,0.0,25.2,6.14,7.91,69.93,0.0
baidoa,2025122522,3.12,43.65,0.0,24.11,5.92,7.57,77.63,0.0
baidoa,2025122523,3.12,43.65,0.0,23.57,5.77,7.37,80.7,0.0
baidoa,2025122600,3.12,43.65,0.0,23.33,5.78,7.42,81.04,0.0
baidoa,2025122601,3.12,43.65,0.0,23.1,5.73,7.38,81.52,0.0
baidoa,2025122602,3.12,43.65,0.0,22.85,5.69,7.39,82.15,0.0
baidoa,2025122603,3.12,43.65,39.1,22.91,6.01,7.69,81.04,0.0
baidoa,2025122604,3.12,43.65,252.4,24.57,6.72,8.06,71.06,0.0
baidoa,2025122605,3.12,43.65,492.73,27.25,6.91,8.08,57.38,0.0
baidoa,2025122606,3.12,43.65,703.78,30.35,6.69,7.64,44.84,0.0
baidoa,2025122607,3.12,43.65,856.38,33.3,5.96,6.68,35.23,0.0
baidoa,2025122608,3.12,43.65,939.42,35.51,5.07,5.61,29.06,0.0
baidoa,2025122609,3.12,43.65,935.12,36.98,4.22,4.63,25.11,0.0
baidoa,2025122610,3.12,43.65,858.35,37.81,3.56,3.88,22.77,0.0
baidoa,2025122611,3.12,43.65,727.8,38.05,3.22,3.5,21.62,0.0
baidoa,2025122612,3.12,43.65,529.35,37.69,3.22,3.49,21.45,0.0
baidoa,2025122613,3.12,43.65,291.15,36.7,3.45,3.8,22.26,0.0
baidoa,2025122614,3.12,43.65,69.3,34.75,3.16,4.51,24.66,0.0
baidoa,2025122615,3.12,43.65,0.0,31.99,2.83,6.23,28.99,0.0
baidoa,2025122616,3.12,43.65,0.0,31.46,3.97,7.36,29.54,0.0
baidoa,2025122617,3.12,43.65,0.0,30.39,4.54,7.65,31.28,0.0
baidoa,2025122618,3.12,43.65,0.0,29.09,5.1,7.87,34.37,0.0
baidoa,2025122619,3.12,43.65,0.0,27.47,5.6,8.04,41.22,0.0
baidoa,2025122620,3.12,43.65,0.0,25.85,5.64,7.68,51.85,0.0
baidoa,2025122621,3.12,43.65,0.0,24.54,5.26,7.02,62.56,0.0
baidoa,2025122622,3.12,43.65,0.0,23.54,4.93,6.51,71.1,0.0
baidoa,2025122623,3.12,43.65,0.0,22.77,4.84,6.37,77.57,0.0
baidoa,2025122700,3.12,43.65,0.0,22.19,4.82,6.34,82.1,0.0
baidoa,2025122701,3.12,43.65,0.0,21.85,5.16,6.76,84.45,0.0
baidoa,2025122702,3.12,43.65,0.0,21.67,5.41,7.07,84.86,0.0
baidoa,2025122703,3.12,43.65,35.7,21.85,5.74,7.31,83.11,0.0
baidoa,2025122704,3.12,43.65,237.05,23.76,6.32,7.56,71.15,0.0
baidoa,2025122705,3.12,43.65,451.58,26.87,6.58,7.69,55.15,0.0
baidoa,2025122706,3.12,43.65,660.67,30.4,6.39,7.24,41.66,0.0
baidoa,2025122707,3.12,43.65,816.47,33.53,5.58,6.17,32.94,0.0
baidoa,2025122708,3.12,43.65,891.03,35.68,4.78,5.23,28.1,0.0
baidoa,2025122709,3.12,43.65,875.25,37.18,4.12,4.51,24.55,0.0
baidoa,2025122710,3.12,43.65,827.75,38.08,3.71,4.05,22.05,0.0
baidoa,2025122711,3.12,43.65,684.4,38.35,3.54,3.84,20.64,0.0
baidoa,2025122712,3.12,43.65,492.55,38.01,3.57,3.89,20.2,0.0
baidoa,2025122713,3.12,43.65,274.62,37.0,3.83,4.26,20.73,0.0
baidoa,2025122714,3.12,43.65,69.78,34.94,3.46,5.14,22.98,0.0
baidoa,2025122715,3.12,43.65,0.0,31.86,3.29,7.05,27.49,0.0
baidoa,2025122716,3.12,43.65,0.0,31.3,4.65,8.25,28.13,0.0
baidoa,2025122717,3.12,43.65,0.0,30.3,5.39,8.55,29.67,0.0
baidoa,2025122718,3.12,43.65,0.0,28.95,5.62,8.54,32.62,0.0
baidoa,2025122719,3.12,43.65,0.0,27.48,5.69,8.29,38.52,0.0
baidoa,2025122720,3.12,43.65,0.0,25.94,5.63,7.87,48.28,0.0
baidoa,2025122721,3.12,43.65,0.0,24.59,5.75,7.77,60.89,0.0
baidoa,2025122722,3.12,43.65,0.0,23.49,5.66,7.46,72.98,0.0
baidoa,2025122723,3.12,43.65,0.0,22.68,5.53,7.4,81.53,0.0
baidoa,2025122800,3.12,43.65,0.0,22.14,5.37,7.16,86.04,0.0
baidoa,2025122801,3.12,43.65,0.0,21.72,5.05,6.88,88.18,0.0
baidoa,2025122802,3.12,43.65,0.0,21.36,4.93,6.85,89.22,0.0
baidoa,2025122803,3.12,43.65,36.47,21.46,5.17,6.81,88.02,0.0
baidoa,2025122804,3.12,43.65,249.93,24.02,6.7,8.15,73.18,0.0
baidoa,2025122805,3.12,43.65,492.17,27.53,7.06,8.31,55.71,0.0
baidoa,2025122806,3.12,43.65,706.35,31.3,6.58,7.54,39.98,0.0
baidoa,2025122807,3.12,43.65,862.35,34.4,5.77,6.51,29.52,0.0
baidoa,2025122808,3.12,43.65,948.22,36.58,5.12,5.74,23.72,0.0
baidoa,2025122809,3.12,43.65,955.55,37.98,4.69,5.21,20.42,0.0
baidoa,2025122810,3.12,43.65,886.28,38.55,4.4,4.85,18.96,0.0
baidoa,2025122811,3.12,43.65,744.67,38.24,4.28,4.69,18.89,0.0
baidoa,2025122812,3.12,43.65,542.88,37.26,4.42,4.88,19.92,0.0
baidoa,2025122813,3.12,43.65,303.95,35.94,4.74,5.48,21.78,0.0
baidoa,2025122814,3.12,43.65,76.62,34.04,4.27,6.43,24.87,0.0
baidoa,2025122815,3.12,43.65,0.0,31.78,4.23,7.77,29.05,0.0
baidoa,2025122816,3.12,43.65,0.0,30.88,5.01,8.14,31.33,0.0
baidoa,2025122817,3.12,43.65,0.0,29.51,5.24,8.1,35.98,0.0
baidoa,2025122818,3.12,43.65,0.0,28.06,5.82,8.14,44.84,0.0
baidoa,2025122819,3.12,43.65,0.0,26.55,6.3,8.19,58.47,0.0
baidoa,2025122820,3.12,43.65,0.0,25.19,6.26,7.95,71.33,0.0
baidoa,2025122821,3.12,43.65,0.0,24.24,5.96,7.55,78.76,0.0
baidoa,2025122822,3.12,43.65,0.0,23.69,5.93,7.53,81.9,0.0
baidoa,2025122823,3.12,43.65,0.0,23.44,5.95,7.56,81.97,0.0
baidoa,2025122900,3.12,43.65,0.0,23.24,5.73,7.31,81.76,0.0
baidoa,2025122901,3.12,43.65,0.0,23.08,5.48,6.99,82.17,0.0
baidoa,2025122902,3.12,43.65,0.0,22.95,5.2,6.66,82.49,0.0
baidoa,2025122903,3.12,43.65,34.2,23.06,5.07,6.39,81.35,0.0
baidoa,2025122904,3.12,43.65,242.7,24.15,5.2,6.19,75.05,0.0
baidoa,2025122905,3.12,43.65,478.17,25.92,5.1,5.92,65.69,0.0
baidoa,2025122906,3.12,43.65,690.75,28.16,4.74,5.39,55.82,0.0
baidoa,2025122907,3.12,43.65,848.17,30.9,4.08,4.51,45.09,0.0
baidoa,2025122908,3.12,43.65,936.42,33.61,3.08,3.3,35.35,0.0
baidoa,2025122909,3.12,43.65,937.35,35.54,2.01,2.1,29.52,0.0
baidoa,2025122910,3.12,43.65,853.75,36.73,1.36,1.41,25.83,0.0
baidoa,2025122911,3.12,43.65,673.47,36.97,1.34,1.39,23.79,0.0
baidoa,2025122912,3.12,43.65,495.1,36.45,1.82,1.9,23.25,0.0
baidoa,2025122913,3.12,43.65,264.25,35.59,2.41,2.61,23.72,0.0
baidoa,2025122914,3.12,43.65,69.15,33.77,2.27,3.59,26.37,0.0
baidoa,2025122915,3.12,43.65,0.0,30.31,2.69,5.47,33.05,0.0
baidoa,2025122916,3.12,43.65,0.0,29.65,3.24,7.07,36.36,0.0
baidoa,2025122917,3.12,43.65,0.0,29.04,4.31,7.67,42.4,0.0
baidoa,2025122918,3.12,43.65,0.0,27.73,5.5,7.96,53.18,0.0
baidoa,2025122919,3.12,43.65,0.0,26.33,6.29,8.22,65.08,0.0
baidoa,2025122920,3.12,43.65,0.0,25.24,6.3,8.07,73.59,0.0
baidoa,2025122921,3.12,43.65,0.0,24.54,5.67,7.22,77.79,0.0
baidoa,2025122922,3.12,43.65,0.0,24.14,5.04,6.42,79.49,0.0
baidoa,2025122923,3.12,43.65,0.0,23.81,4.6,5.92,80.58,0.0
baidoa,2025123000,3.12,43.65,0.0,23.51,4.22,5.53,81.87,0.0
baidoa,2025123001,3.12,43.65,0.0,23.16,4.0,5.49,83.77,0.0
baidoa,2025123002,3.12,43.65,0.0,22.76,3.94,5.62,86.22,0.0
baidoa,2025123003,3.12,43.65,32.8,22.86,4.38,5.86,86.47,0.0
baidoa,2025123004,3.12,43.65,235.38,25.03,5.81,6.99,75.23,0.0
baidoa,2025123005,3.12,43.65,471.55,28.03,6.19,7.19,59.69,0.0
baidoa,2025123006,3.12,43.65,686.97,31.36,6.06,6.84,44.94,0.0
baidoa,2025123007,3.12,43.65,846.8,34.33,5.35,5.9,33.99,0.0
baidoa,2025123008,3.12,43.65,935.83,36.52,4.51,4.9,27.22,0.0
baidoa,2025123009,3.12,43.65,950.25,38.01,3.86,4.18,23.03,0.0
baidoa,2025123010,3.12,43.65,854.6,38.82,3.54,3.85,20.48,0.0
baidoa,2025123011,3.12,43.65,642.47,38.97,3.5,3.79,19.21,0.0
baidoa,2025123012,3.12,43.65,471.67,38.52,3.66,3.98,18.97,0.0
baidoa,2025123013,3.12,43.65,254.77,37.47,3.97,4.43,19.67,0.0
baidoa,2025123014,3.12,43.65,68.8,35.37,3.51,5.18,22.16,0.0
baidoa,2025123015,3.12,43.65,0.0,32.87,3.44,6.9,26.17,0.0
baidoa,2025123016,3.12,43.65,0.0,32.32,5.49,8.28,28.49,0.0
baidoa,2025123017,3.12,43.65,0.0,30.43,6.67,8.93,37.08,0.0
baidoa,2025123018,3.12,43.65,0.0,27.76,7.48,9.65,54.42,0.0
baidoa,2025123019,3.12,43.65,0.0,25.7,6.67,8.45,69.18,0.0
baidoa,2025123020,3.12,43.65,0.0,24.63,5.71,7.21,76.6,0.0
baidoa,2025123021,3.12,43.65,0.0,24.04,5.01,6.41,79.63,0.0
baidoa,2025123022,3.12,43.65,0.0,23.64,4.77,6.13,81.2,0.0
baidoa,2025123023,3.12,43.65,0.0,23.29,4.67,6.06,82.82,0.0
baidoa,2025123100,3.12,43.65,0.0,23.08,4.65,6.03,84.06,0.0
baidoa,2025123101,3.12,43.65,0.0,22.86,4.41,5.82,84.58,0.0
baidoa,2025123102,3.12,43.65,0.0,22.51,3.98,5.63,85.69,0.0
baidoa,2025123103,3.12,43.65,34.95,22.53,4.21,5.66,85.34,0.0
baidoa,2025123104,3.12,43.65,246.05,24.67,5.06,5.94,71.75,0.0
baidoa,2025123105,3.12,43.65,478.33,27.78,5.36,6.17,55.94,0.0
baidoa,2025123106,3.12,43.65,689.85,31.67,5.57,6.34,40.13,0.0
baidoa,2025123107,3.12,43.65,852.53,34.74,5.34,5.99,30.2,0.0
baidoa,2025123108,3.12,43.65,931.8,36.49,5.06,5.63,25.6,0.0
baidoa,2025123109,3.12,43.65,830.83,37.54,5.06,5.64,22.9,0.0
baidoa,2025123110,3.12,43.65,678.67,37.98,5.27,5.87,21.4,0.0
baidoa,2025123111,3.12,43.65,578.08,37.8,5.46,6.09,21.02,0.0
baidoa,2025123112,3.12,43.65,413.73,37.08,5.57,6.29,21.61,0.0
baidoa,2025123113,3.12,43.65,227.8,35.86,5.57,6.48,23.18,0.0
baidoa,2025123114,3.12,43.65,63.25,34.05,4.84,6.64,26.01,0.0
baidoa,2025123115,3.12,43.65,0.0,31.81,3.69,7.23,30.24,0.0
baidoa,2025123116,3.12,43.65,0.0,31.41,4.53,7.58,31.5,0.0
baidoa,2025123117,3.12,43.65,0.0,30.6,5.38,7.95,34.21,0.0
baidoa,2025123118,3.12,43.65,0.0,29.16,6.09,8.37,41.0,0.0
baidoa,2025123119,3.12,43.65,0.0,27.21,6.69,8.83,52.78,0.0
baidoa,2025123120,3.12,43.65,0.0,25.5,6.42,8.3,64.33,0.0
baidoa,2025123121,3.12,43.65,0.0,24.36,5.94,7.6,72.57,0.0
baidoa,2025123122,3.12,43.65,0.0,23.6,5.54,7.11,78.26,0.0
baidoa,2025123123,3.12,43.65,0.0,23.19,5.4,6.97,81.35,0.0
