site_id,time_utc,latitude,longitude,ALLSKY_SFC_SW_DWN,T2M,WS10M,WS50M,RH2M,PRECTOTCORR
garowe,2025010100,8.4,48.48,0.0,16.89,3.59,6.36,86.17,0.0
garowe,2025010101,8.4,48.48,0.0,16.52,3.54,6.37,88.66,0.0
garowe,2025010102,8.4,48.48,0.0,16.33,3.53,6.46,90.45,0.0
garowe,2025010103,8.4,48.48,64.2,17.2,4.62,6.29,86.5,0.0
garowe,2025010104,8.4,48.48,298.38,19.82,5.95,7.07,74.05,0.0
garowe,2025010105,8.4,48.48,537.65,22.59,6.07,6.87,60.94,0.0
garowe,2025010106,8.4,48.48,738.0,25.29,5.64,6.28,48.77,0.0
garowe,2025010107,8.4,48.48,873.62,27.87,5.29,5.87,38.09,0.0
garowe,2025010108,8.4,48.48,932.95,30.04,5.01,5.54,29.69,0.0
garowe,2025010109,8.4,48.48,917.15,31.56,4.79,5.32,24.11,0.0
garowe,2025010110,8.4,48.48,826.6,32.44,4.7,5.22,20.64,0.0
garowe,2025010111,8.4,48.48,666.47,32.71,4.75,5.28,18.72,0.0
garowe,2025010112,8.4,48.48,449.77,32.33,4.96,5.57,18.15,0.0
garowe,2025010113,8.4,48.48,207.9,31.06,4.79,5.99,19.17,0.0
garowe,2025010114,8.4,48.48,18.48,26.76,3.54,7.03,26.02,0.0
garowe,2025010115,8.4,48.48,0.0,25.05,4.44,8.59,30.45,0.0
garowe,2025010116,8.4,48.48,0.0,23.98,5.35,9.06,37.36,0.0
garowe,2025010117,8.4,48.48,0.0,22.64,5.7,8.8,48.69,0.0
garowe,2025010118,8.4,48.48,0.0,21.4,5.4,8.05,61.08,0.0
garowe,2025010119,8.4,48.48,0.0,20.3,4.49,7.05,70.46,0.0
garowe,2025010120,8.4,48.48,0.0,19.49,4.04,6.58,75.95,0.0
garowe,2025010121,8.4,48.48,0.0,18.87,3.77,6.29,78.84,0.0
garowe,2025010122,8.4,48.48,0.0,18.3,3.51,6.14,80.66,0.0
garowe,2025010123,8.4,48.48,0.0,17.71,3.34,6.06,82.5,0.0
garowe,2025010200,8.4,48.48,0.0,17.12,3.2,5.96,84.49,0.0
garowe,2025010201,8.4,48.48,0.0,16.58,3.13,5.88,86.36,0.0
garowe,2025010202,8.4,48.48,0.0,16.03,3.05,5.8,88.33,0.0
garowe,2025010203,8.4,48.48,58.75,16.59,4.1,5.42,84.01,0.0
garowe,2025010204,8.4,48.48,283.9,19.37,5.53,6.61,67.61,0.0
garowe,2025010205,8.4,48.48,523.08,22.96,6.5,7.41,49.42,0.0
garowe,2025010206,8.4,48.48,726.42,26.14,6.54,7.34,35.89,0.0
garowe,2025010207,8.4,48.48,866.78,28.64,6.38,7.11,27.31,0.0
garowe,2025010208,8.4,48.48,922.53,30.45,6.29,6.98,21.85,0.0
garowe,2025010209,8.4,48.48,910.88,31.68,6.22,6.91,18.25,0.0
garowe,2025010210,8.4,48.48,821.47,32.37,6.21,6.9,15.97,0.0
garowe,2025010211,8.4,48.48,661.67,32.5,6.31,7.06,14.81,0.0
garowe,2025010212,8.4,48.48,446.48,32.04,6.48,7.39,14.53,0.0
garowe,2025010213,8.4,48.48,204.6,30.78,6.08,7.65,15.51,0.0
garowe,2025010214,8.4,48.48,18.55,26.59,4.05,8.12,21.31,0.0
garowe,2025010215,8.4,48.48,0.0,24.9,4.64,9.18,25.62,0.0
garowe,2025010216,8.4,48.48,0.0,24.12,5.52,9.66,31.34,0.0
garowe,2025010217,8.4,48.48,0.0,23.0,5.69,9.06,40.57,0.0
garowe,2025010218,8.4,48.48,0.0,21.72,5.18,8.19,51.08,0.0
garowe,2025010219,8.4,48.48,0.0,20.68,4.82,7.67,59.75,0.0
garowe,2025010220,8.4,48.48,0.0,19.8,4.6,7.35,66.56,0.0
garowe,2025010221,8.4,48.48,0.0,18.96,4.48,7.16,72.67,0.0
garowe,2025010222,8.4,48.48,0.0,18.15,4.44,7.04,78.32,0.0
garowe,2025010223,8.4,48.48,0.0,17.36,4.4,7.03,83.23,0.0
garowe,2025010300,8.4,48.48,0.0,16.68,4.3,7.04,87.5,0.0
garowe,2025010301,8.4,48.48,0.0,16.19,4.24,7.08,91.16,0.0
garowe,2025010302,8.4,48.48,0.0,16.02,4.3,7.1,92.98,0.0
garowe,2025010303,8.4,48.48,54.9,16.94,5.21,7.03,88.48,0.0
garowe,2025010304,8.4,48.48,273.05,19.79,8.29,10.36,74.37,0.0
garowe,2025010305,8.4,48.48,504.62,22.73,10.25,12.16,59.58,0.0
garowe,2025010306,8.4,48.48,704.85,25.19,10.47,12.18,47.71,0.0
garowe,2025010307,8.4,48.48,832.28,27.27,10.18,11.72,39.46,0.0
garowe,2025010308,8.4,48.48,909.0,28.97,9.82,11.24,33.79,0.0
garowe,2025010309,8.4,48.48,878.12,30.19,9.44,10.76,30.08,0.0
garowe,2025010310,8.4,48.48,742.83,30.84,9.02,10.27,27.78,0.0
garowe,2025010311,8.4,48.48,618.72,30.93,8.69,9.91,26.77,0.0
garowe,2025010312,8.4,48.48,385.42,30.36,8.48,9.8,27.44,0.0
garowe,2025010313,8.4,48.48,164.43,29.08,8.11,9.81,30.0,0.0
garowe,2025010314,8.4,48.48,15.38,26.56,6.41,9.6,36.31,0.0
garowe,2025010315,8.4,48.48,0.0,24.79,6.33,9.55,42.79,0.0
garowe,2025010316,8.4,48.48,0.0,23.57,6.64,9.44,48.97,0.0
garowe,2025010317,8.4,48.48,0.0,22.43,6.51,9.06,55.32,0.0
garowe,2025010318,8.4,48.48,0.0,21.42,6.18,8.64,61.0,0.0
garowe,2025010319,8.4,48.48,0.0,20.52,6.0,8.42,65.23,0.0
garowe,2025010320,8.4,48.48,0.0,19.68,5.81,8.19,68.1,0.0
garowe,2025010321,8.4,48.48,0.0,18.78,5.44,7.86,70.73,0.0
garowe,2025010322,8.4,48.48,0.0,17.83,5.11,7.64,74.16,0.0
garowe,2025010323,8.4,48.48,0.0,16.94,4.99,7.6,78.07,0.0
garowe,2025010400,8.4,48.48,0.0,16.24,5.08,7.7,81.5,0.0
garowe,2025010401,8.4,48.48,0.0,15.67,5.09,7.65,84.58,0.0
garowe,2025010402,8.4,48.48,0.0,15.17,4.92,7.53,87.31,0.0
garowe,2025010403,8.4,48.48,49.1,15.68,5.92,7.65,84.64,0.0
garowe,2025010404,8.4,48.48,254.8,18.27,8.69,10.78,71.72,0.0
garowe,2025010405,8.4,48.48,490.15,21.06,10.19,12.03,58.24,0.0
garowe,2025010406,8.4,48.48,691.9,23.49,10.02,11.6,47.56,0.0
garowe,2025010407,8.4,48.48,827.8,25.64,9.46,10.84,39.69,0.0
garowe,2025010408,8.4,48.48,924.15,27.49,8.88,10.11,33.81,0.0
garowe,2025010409,8.4,48.48,903.38,28.91,8.34,9.47,29.52,0.0
garowe,2025010410,8.4,48.48,800.67,29.77,7.92,8.97,26.57,0.0
garowe,2025010411,8.4,48.48,629.8,30.04,7.65,8.7,24.85,0.0
garowe,2025010412,8.4,48.48,405.7,29.7,7.56,8.7,24.43,0.0
garowe,2025010413,8.4,48.48,176.38,28.52,7.23,8.79,25.57,0.0
garowe,2025010414,8.4,48.48,16.98,25.37,5.21,8.96,31.21,0.0
garowe,2025010415,8.4,48.48,0.0,23.66,5.87,9.8,36.07,0.0
garowe,2025010416,8.4,48.48,0.0,22.59,6.78,10.08,41.2,0.0
garowe,2025010417,8.4,48.48,0.0,21.29,6.93,9.93,47.72,0.0
garowe,2025010418,8.4,48.48,0.0,20.01,6.34,9.13,54.08,0.0
garowe,2025010419,8.4,48.48,0.0,18.96,5.9,8.62,59.11,0.0
garowe,2025010420,8.4,48.48,0.0,18.05,5.34,8.03,63.29,0.0
garowe,2025010421,8.4,48.48,0.0,17.22,4.87,7.59,67.12,0.0
garowe,2025010422,8.4,48.48,0.0,16.41,4.55,7.33,70.95,0.0
garowe,2025010423,8.4,48.48,0.0,15.63,4.39,7.26,75.35,0.0
garowe,2025010500,8.4,48.48,0.0,14.84,4.02,6.92,80.03,0.0
garowe,2025010501,8.4,48.48,0.0,14.04,3.61,6.62,85.0,0.0
garowe,2025010502,8.4,48.48,0.0,13.41,3.57,6.62,89.31,0.0
garowe,2025010503,8.4,48.48,53.35,14.03,4.64,6.3,85.93,0.0
garowe,2025010504,8.4,48.48,273.9,16.78,6.86,8.44,69.19,0.0
garowe,2025010505,8.4,48.48,516.62,20.13,8.53,9.96,49.93,0.0
garowe,2025010506,8.4,48.48,722.0,22.92,8.78,10.07,37.47,0.0
garowe,2025010507,8.4,48.48,865.65,25.33,8.71,9.93,29.46,0.0
garowe,2025010508,8.4,48.48,928.67,27.29,8.62,9.79,24.69,0.0
garowe,2025010509,8.4,48.48,918.22,28.7,8.45,9.6,22.2,0.0
garowe,2025010510,8.4,48.48,824.05,29.55,8.27,9.4,20.89,0.0
garowe,2025010511,8.4,48.48,675.8,29.77,8.15,9.28,20.5,0.0
garowe,2025010512,8.4,48.48,444.62,29.27,8.05,9.29,21.18,0.0
garowe,2025010513,8.4,48.48,199.7,27.89,7.61,9.31,23.4,0.0
garowe,2025010514,8.4,48.48,19.27,24.64,5.59,9.36,29.79,0.0
garowe,2025010515,8.4,48.48,0.0,22.82,6.18,10.01,35.69,0.0
garowe,2025010516,8.4,48.48,0.0,21.46,6.58,9.64,42.34,0.0
garowe,2025010517,8.4,48.48,0.0,19.94,6.15,8.94,50.8,0.0
garowe,2025010518,8.4,48.48,0.0,18.73,5.88,8.5,59.31,0.0
garowe,2025010519,8.4,48.48,0.0,17.75,5.44,7.98,67.12,0.0
garowe,2025010520,8.4,48.48,0.0,16.98,4.97,7.53,73.68,0.0
garowe,2025010521,8.4,48.48,0.0,16.29,4.67,7.27,79.18,0.0
garowe,2025010522,8.4,48.48,0.0,15.63,4.49,7.14,83.49,0.0
garowe,2025010523,8.4,48.48,0.0,15.02,4.39,7.1,86.61,0.0
garowe,2025010600,8.4,48.48,0.0,14.44,4.3,7.1,89.0,0.0
garowe,2025010601,8.4,48.48,0.0,13.91,4.17,7.05,90.8,0.0
garowe,2025010602,8.4,48.48,0.0,13.44,4.04,6.94,92.29,0.0
garowe,2025010603,8.4,48.48,53.4,14.07,5.0,6.55,87.8,0.0
garowe,2025010604,8.4,48.48,276.2,17.07,7.12,8.82,73.82,0.0
garowe,2025010605,8.4,48.48,520.97,20.47,8.96,10.52,61.47,0.0
garowe,2025010606,8.4,48.48,725.22,23.06,8.85,10.17,50.88,0.0
garowe,2025010607,8.4,48.48,869.88,25.39,8.34,9.5,42.28,0.0
garowe,2025010608,8.4,48.48,934.22,27.33,7.83,8.85,36.44,0.0
garowe,2025010609,8.4,48.48,913.42,28.8,7.27,8.17,32.41,0.0
garowe,2025010610,8.4,48.48,822.5,29.64,6.76,7.56,29.89,0.0
garowe,2025010611,8.4,48.48,664.03,29.85,6.44,7.18,28.75,0.0
garowe,2025010612,8.4,48.48,449.7,29.39,6.34,7.12,29.15,0.0
garowe,2025010613,8.4,48.48,209.68,28.12,6.25,7.38,31.55,0.0
garowe,2025010614,8.4,48.48,20.73,25.07,4.79,8.15,38.93,0.0
garowe,2025010615,8.4,48.48,0.0,23.43,5.9,9.32,45.42,0.0
garowe,2025010616,8.4,48.48,0.0,22.18,6.69,9.49,52.47,0.0
garowe,2025010617,8.4,48.48,0.0,20.91,6.47,9.04,60.19,0.0
garowe,2025010618,8.4,48.48,0.0,19.83,5.96,8.4,67.39,0.0
garowe,2025010619,8.4,48.48,0.0,18.89,5.12,7.54,73.87,0.0
garowe,2025010620,8.4,48.48,0.0,18.18,4.61,7.07,79.33,0.0
garowe,2025010621,8.4,48.48,0.0,17.53,4.15,6.65,84.29,0.0
garowe,2025010622,8.4,48.48,0.0,16.88,3.82,6.4,88.97,0.0
garowe,2025010623,8.4,48.48,0.0,16.3,3.66,6.28,93.11,0.0
garowe,2025010700,8.4,48.48,0.0,15.82,3.55,6.2,96.28,0.0
garowe,2025010701,8.4,48.48,0.0,15.67,3.76,6.14,96.75,0.0
garowe,2025010702,8.4,48.48,0.0,15.5,3.77,6.02,96.66,0.0
garowe,2025010703,8.4,48.48,54.6,16.17,4.4,5.78,91.91,0.0
garowe,2025010704,8.4,48.48,280.4,18.82,5.9,6.96,76.31,0.0
garowe,2025010705,8.4,48.48,522.25,21.94,6.28,7.09,58.15,0.0
garowe,2025010706,8.4,48.48,727.3,24.6,5.78,6.38,45.85,0.0
garowe,2025010707,8.4,48.48,869.1,26.82,5.06,5.53,37.36,0.0
garowe,2025010708,8.4,48.48,932.53,28.55,4.31,4.69,31.59,0.0
garowe,2025010709,8.4,48.48,916.17,29.77,3.71,4.02,27.77,0.0
garowe,2025010710,8.4,48.48,828.12,30.51,3.29,3.57,25.33,0.0
garowe,2025010711,8.4,48.48,668.5,30.74,3.07,3.33,24.1,0.0
garowe,2025010712,8.4,48.48,452.27,30.41,2.97,3.24,23.96,0.0
garowe,2025010713,8.4,48.48,214.23,29.42,2.8,3.25,25.29,0.0
garowe,2025010714,8.4,48.48,21.73,26.0,2.24,3.83,32.98,0.0
garowe,2025010715,8.4,48.48,0.0,24.15,3.18,5.47,38.46,0.0
garowe,2025010716,8.4,48.48,0.0,23.12,4.01,7.15,45.96,0.0
garowe,2025010717,8.4,48.48,0.0,22.15,4.82,8.08,56.18,0.0
garowe,2025010718,8.4,48.48,0.0,21.02,5.53,8.04,67.55,0.0
garowe,2025010719,8.4,48.48,0.0,19.89,5.16,7.33,76.99,0.0
garowe,2025010720,8.4,48.48,0.0,19.03,4.26,6.49,82.59,0.0
garowe,2025010721,8.4,48.48,0.0,18.34,3.6,6.02,86.05,0.0
garowe,2025010722,8.4,48.48,0.0,17.72,3.22,5.78,88.61,0.0
garowe,2025010723,8.4,48.48,0.0,17.17,3.09,5.72,90.73,0.0
garowe,2025010800,8.4,48.48,0.0,16.69,3.07,5.76,92.58,0.0
garowe,2025010801,8.4,48.48,0.0,16.39,3.24,5.89,93.43,0.0
garowe,2025010802,8.4,48.48,0.0,16.13,3.35,5.92,94.22,0.0
garowe,2025010803,8.4,48.48,51.3,16.89,4.43,5.9,89.2,0.0
garowe,2025010804,8.4,48.48,270.08,19.64,6.21,7.4,73.71,0.0
garowe,2025010805,8.4,48.48,509.5,22.62,6.41,7.26,58.96,0.0
garowe,2025010806,8.4,48.48,712.33,25.43,5.77,6.42,47.49,0.0
garowe,2025010807,8.4,48.48,855.38,28.21,5.09,5.66,37.08,0.0
garowe,2025010808,8.4,48.48,931.28,30.47,4.5,5.05,29.57,0.0
garowe,2025010809,8.4,48.48,922.38,32.01,3.95,4.47,25.05,0.0
garowe,2025010810,8.4,48.48,835.7,32.94,3.46,3.93,21.98,0.0
garowe,2025010811,8.4,48.48,670.4,33.28,3.14,3.56,20.16,0.0
garowe,2025010812,8.4,48.48,452.48,33.0,3.12,3.5,19.45,0.0
garowe,2025010813,8.4,48.48,214.38,31.82,3.05,3.87,20.43,0.0
garowe,2025010814,8.4,48.48,22.3,27.48,3.05,5.57,27.82,0.0
garowe,2025010815,8.4,48.48,0.0,25.76,4.4,8.17,31.41,0.0
garowe,2025010816,8.4,48.48,0.0,24.58,5.86,9.27,38.95,0.0
garowe,2025010817,8.4,48.48,0.0,22.77,6.35,8.81,52.26,0.0
garowe,2025010818,8.4,48.48,0.0,21.25,5.25,7.38,64.58,0.0
garowe,2025010819,8.4,48.48,0.0,20.31,4.24,6.45,71.78,0.0
garowe,2025010820,8.4,48.48,0.0,19.56,3.63,6.02,76.71,0.0
garowe,2025010821,8.4,48.48,0.0,18.88,3.33,5.86,80.4,0.0
garowe,2025010822,8.4,48.48,0.0,18.23,3.22,5.79,83.77,0.0
garowe,2025010823,8.4,48.48,0.0,17.63,3.23,5.78,86.98,0.0
garowe,2025010900,8.4,48.48,0.0,17.11,3.38,5.88,89.74,0.0
garowe,2025010901,8.4,48.48,0.0,16.74,3.71,6.03,91.21,0.0
garowe,2025010902,8.4,48.48,0.0,16.36,4.05,6.2,91.96,0.0
garowe,2025010903,8.4,48.48,51.92,16.68,5.09,6.51,88.41,0.0
garowe,2025010904,8.4,48.48,275.4,19.09,7.01,8.38,74.37,0.0
garowe,2025010905,8.4,48.48,523.88,22.2,7.66,8.81,56.93,0.0
garowe,2025010906,8.4,48.48,740.1,25.26,7.48,8.47,41.57,0.0
garowe,2025010907,8.4,48.48,880.97,28.04,7.15,8.06,30.64,0.0
garowe,2025010908,8.4,48.48,936.17,30.21,6.74,7.56,24.2,0.0
garowe,2025010909,8.4,48.48,921.67,31.63,6.34,7.09,20.69,0.0
garowe,2025010910,8.4,48.48,828.95,32.37,6.06,6.76,18.98,0.0
garowe,2025010911,8.4,48.48,666.88,32.5,5.91,6.6,18.52,0.0
garowe,2025010912,8.4,48.48,449.52,32.01,5.85,6.58,19.13,0.0
garowe,2025010913,8.4,48.48,212.88,30.71,5.55,6.77,21.33,0.0
garowe,2025010914,8.4,48.48,22.33,26.87,4.18,7.78,29.12,0.0
garowe,2025010915,8.4,48.48,0.0,25.3,5.58,9.53,35.56,0.0
garowe,2025010916,8.4,48.48,0.0,24.1,6.9,9.77,44.49,0.0
garowe,2025010917,8.4,48.48,0.0,22.36,6.88,9.33,56.62,0.0
garowe,2025010918,8.4,48.48,0.0,20.97,7.13,9.35,67.24,0.0
garowe,2025010919,8.4,48.48,0.0,20.01,6.59,8.67,74.13,0.0
garowe,2025010920,8.4,48.48,0.0,19.31,6.24,8.35,79.43,0.0
garowe,2025010921,8.4,48.48,0.0,18.75,5.86,7.95,83.76,0.0
garowe,2025010922,8.4,48.48,0.0,18.35,5.71,7.87,86.85,0.0
garowe,2025010923,8.4,48.48,0.0,18.13,5.79,7.85,88.55,0.0
garowe,2025011000,8.4,48.48,0.0,17.97,5.64,7.61,89.53,0.0
garowe,2025011001,8.4,48.48,0.0,17.72,5.26,7.27,90.61,0.0
garowe,2025011002,8.4,48.48,0.0,17.44,5.23,7.48,91.14,0.0
garowe,2025011003,8.4,48.48,50.53,17.78,5.54,7.21,88.22,0.0
garowe,2025011004,8.4,48.48,274.7,20.03,7.41,8.82,73.6,0.0
garowe,2025011005,8.4,48.48,513.25,22.88,7.93,9.12,57.1,0.0
garowe,2025011006,8.4,48.48,715.0,25.75,7.84,8.87,43.34,0.0
garowe,2025011007,8.4,48.48,855.45,28.34,7.46,8.36,33.6,0.0
garowe,2025011008,8.4,48.48,913.28,30.32,6.88,7.63,27.65,0.0
garowe,2025011009,8.4,48.48,906.15,31.58,6.18,6.79,24.42,0.0
garowe,2025011010,8.4,48.48,757.5,32.23,5.55,6.04,22.82,0.0
garowe,2025011011,8.4,48.48,658.03,32.3,5.19,5.65,22.37,0.0
garowe,2025011012,8.4,48.48,435.23,31.79,5.11,5.61,22.82,0.0
garowe,2025011013,8.4,48.48,199.4,30.58,5.05,5.92,24.45,0.0
garowe,2025011014,8.4,48.48,21.45,27.05,3.89,7.25,30.99,0.0
garowe,2025011015,8.4,48.48,0.0,25.5,5.53,9.28,35.48,0.0
garowe,2025011016,8.4,48.48,0.0,24.27,7.03,9.87,41.84,0.0
garowe,2025011017,8.4,48.48,0.0,22.56,7.04,9.38,51.61,0.0
garowe,2025011018,8.4,48.48,0.0,21.08,7.44,9.87,61.51,0.0
garowe,2025011019,8.4,48.48,0.0,19.96,7.4,9.65,68.32,0.0
garowe,2025011020,8.4,48.48,0.0,19.13,6.94,9.1,73.03,0.0
garowe,2025011021,8.4,48.48,0.0,18.52,6.33,8.47,76.76,0.0
garowe,2025011022,8.4,48.48,0.0,17.99,5.84,8.0,80.36,0.0
garowe,2025011023,8.4,48.48,0.0,17.52,5.48,7.7,83.44,0.0
garowe,2025011100,8.4,48.48,0.0,17.07,5.18,7.46,86.26,0.0
garowe,2025011101,8.4,48.48,0.0,16.64,4.89,7.21,88.77,0.0
garowe,2025011102,8.4,48.48,0.0,16.07,4.16,6.53,91.94,0.0
garowe,2025011103,8.4,48.48,51.8,16.48,5.15,6.73,89.3,0.0
garowe,2025011104,8.4,48.48,278.42,18.94,7.59,9.08,74.51,0.0
garowe,2025011105,8.4,48.48,521.33,22.05,8.42,9.73,56.12,0.0
garowe,2025011106,8.4,48.48,730.33,25.14,8.37,9.53,41.03,0.0
garowe,2025011107,8.4,48.48,877.3,27.81,8.04,9.05,31.15,0.0
garowe,2025011108,8.4,48.48,937.1,29.81,7.6,8.47,25.2,0.0
garowe,2025011109,8.4,48.48,925.58,31.04,7.19,7.97,21.73,0.0
garowe,2025011110,8.4,48.48,838.17,31.63,6.94,7.68,19.54,0.0
garowe,2025011111,8.4,48.48,677.2,31.63,6.83,7.6,18.42,0.0
garowe,2025011112,8.4,48.48,458.65,31.0,6.82,7.67,18.28,0.0
garowe,2025011113,8.4,48.48,216.27,29.57,6.54,7.89,19.51,0.0
garowe,2025011114,8.4,48.48,23.73,25.85,4.67,8.54,25.27,0.0
garowe,2025011115,8.4,48.48,0.0,23.95,5.5,9.6,30.22,0.0
garowe,2025011116,8.4,48.48,0.0,22.7,6.44,9.72,36.72,0.0
garowe,2025011117,8.4,48.48,0.0,21.17,6.37,9.21,45.69,0.0
garowe,2025011118,8.4,48.48,0.0,19.77,5.82,8.42,54.26,0.0
garowe,2025011119,8.4,48.48,0.0,18.67,5.41,7.93,60.79,0.0
garowe,2025011120,8.4,48.48,0.0,17.77,5.02,7.52,65.96,0.0
garowe,2025011121,8.4,48.48,0.0,16.98,4.59,7.12,70.8,0.0
garowe,2025011122,8.4,48.48,0.0,16.26,4.2,6.79,75.82,0.0
garowe,2025011123,8.4,48.48,0.0,15.61,3.92,6.59,80.92,0.0
garowe,2025011200,8.4,48.48,0.0,15.0,3.73,6.49,85.97,0.0
garowe,2025011201,8.4,48.48,0.0,14.43,3.62,6.44,90.83,0.0
garowe,2025011202,8.4,48.48,0.0,13.94,3.59,6.37,94.69,0.0
garowe,2025011203,8.4,48.48,53.8,14.7,4.76,6.29,90.86,0.0
garowe,2025011204,8.4,48.48,288.33,17.63,6.61,7.91,74.81,0.0
garowe,2025011205,8.4,48.48,535.38,21.02,7.55,8.66,56.31,0.0
garowe,2025011206,8.4,48.48,742.67,23.87,7.4,8.36,43.31,0.0
garowe,2025011207,8.4,48.48,888.6,26.35,7.09,7.95,34.75,0.0
garowe,2025011208,8.4,48.48,955.67,28.35,6.69,7.47,29.17,0.0
garowe,2025011209,8.4,48.48,946.9,29.82,6.32,7.05,25.08,0.0
garowe,2025011210,8.4,48.48,857.55,30.71,6.12,6.84,22.12,0.0
garowe,2025011211,8.4,48.48,694.58,31.0,6.08,6.81,20.35,0.0
garowe,2025011212,8.4,48.48,471.85,30.66,6.17,7.01,19.63,0.0
garowe,2025011213,8.4,48.48,226.07,29.46,5.9,7.24,20.56,0.0
garowe,2025011214,8.4,48.48,25.33,25.44,3.94,7.77,27.01,0.0
garowe,2025011215,8.4,48.48,0.0,23.62,4.54,8.93,31.39,0.0
garowe,2025011216,8.4,48.48,0.0,22.67,5.37,9.42,35.99,0.0
garowe,2025011217,8.4,48.48,0.0,21.43,5.75,9.15,43.26,0.0
garowe,2025011218,8.4,48.48,0.0,20.12,5.62,8.51,52.15,0.0
garowe,2025011219,8.4,48.48,0.0,18.9,5.04,7.76,61.13,0.0
garowe,2025011220,8.4,48.48,0.0,17.96,4.79,7.38,68.52,0.0
garowe,2025011221,8.4,48.48,0.0,17.14,4.45,7.01,74.31,0.0
garowe,2025011222,8.4,48.48,0.0,16.42,4.12,6.7,79.22,0.0
garowe,2025011223,8.4,48.48,0.0,15.76,3.84,6.45,83.98,0.0
garowe,2025011300,8.4,48.48,0.0,15.15,3.55,6.23,88.78,0.0
garowe,2025011301,8.4,48.48,0.0,14.88,3.68,6.12,91.29,0.0
garowe,2025011302,8.4,48.48,0.0,14.7,4.26,6.62,92.61,0.0
garowe,2025011303,8.4,48.48,37.72,15.22,5.41,6.94,88.76,0.0
garowe,2025011304,8.4,48.48,220.1,17.54,6.86,8.05,73.89,0.0
garowe,2025011305,8.4,48.48,445.33,20.78,7.53,8.66,55.43,0.0
garowe,2025011306,8.4,48.48,713.0,24.06,7.85,8.91,39.63,0.0
garowe,2025011307,8.4,48.48,871.53,26.78,7.8,8.77,30.09,0.0
garowe,2025011308,8.4,48.48,955.53,28.87,7.59,8.49,24.49,0.0
garowe,2025011309,8.4,48.48,946.28,30.29,7.23,8.06,21.22,0.0
garowe,2025011310,8.4,48.48,858.88,31.1,6.9,7.69,19.4,0.0
garowe,2025011311,8.4,48.48,696.42,31.31,6.78,7.6,18.78,0.0
garowe,2025011312,8.4,48.48,474.52,30.9,6.79,7.74,19.16,0.0
garowe,2025011313,8.4,48.48,225.2,29.71,6.45,7.88,20.99,0.0
garowe,2025011314,8.4,48.48,25.05,26.02,4.32,8.22,27.91,0.0
garowe,2025011315,8.4,48.48,0.0,24.33,5.02,9.28,33.55,0.0
garowe,2025011316,8.4,48.48,0.0,23.41,6.04,9.65,39.84,0.0
garowe,2025011317,8.4,48.48,0.0,22.03,6.0,8.95,48.99,0.0
garowe,2025011318,8.4,48.48,0.0,20.66,5.47,8.19,58.55,0.0
garowe,2025011319,8.4,48.48,0.0,19.58,5.0,7.61,66.39,0.0
garowe,2025011320,8.4,48.48,0.0,18.7,4.59,7.19,72.43,0.0
garowe,2025011321,8.4,48.48,0.0,17.92,4.15,6.83,77.21,0.0
garowe,2025011322,8.4,48.48,0.0,17.16,3.79,6.61,81.5,0.0
garowe,2025011323,8.4,48.48,0.0,16.47,3.64,6.57,85.3,0.0
garowe,2025011400,8.4,48.48,0.0,15.87,3.61,6.62,88.58,0.0
garowe,2025011401,8.4,48.48,0.0,15.35,3.58,6.68,91.21,0.0
garowe,2025011402,8.4,48.48,0.0,14.96,3.63,6.83,92.89,0.0
garowe,2025011403,8.4,48.48,50.78,15.94,4.84,6.74,86.45,0.0
garowe,2025011404,8.4,48.48,277.9,18.86,8.05,10.06,70.05,0.0
garowe,2025011405,8.4,48.48,520.25,21.95,10.45,12.41,54.53,0.0
garowe,2025011406,8.4,48.48,724.83,24.51,11.08,12.92,43.57,0.0
garowe,2025011407,8.4,48.48,868.62,26.72,11.02,12.7,35.97,0.0
garowe,2025011408,8.4,48.48,937.58,28.54,10.67,12.24,30.86,0.0
garowe,2025011409,8.4,48.48,924.62,29.87,10.27,11.72,27.46,0.0
garowe,2025011410,8.4,48.48,831.72,30.61,9.89,11.28,25.42,0.0
garowe,2025011411,8.4,48.48,668.75,30.63,9.66,11.05,24.82,0.0
garowe,2025011412,8.4,48.48,448.9,30.02,9.55,11.04,25.64,0.0
garowe,2025011413,8.4,48.48,209.82,28.55,9.25,11.11,28.43,0.0
garowe,2025011414,8.4,48.48,24.05,25.95,7.56,10.57,34.45,0.0
garowe,2025011415,8.4,48.48,0.0,23.83,6.58,9.73,41.14,0.0
garowe,2025011416,8.4,48.48,0.0,22.39,6.58,9.47,47.63,0.0
garowe,2025011417,8.4,48.48,0.0,21.12,6.51,9.19,55.04,0.0
garowe,2025011418,8.4,48.48,0.0,20.01,6.2,8.73,62.8,0.0
garowe,2025011419,8.4,48.48,0.0,19.07,5.76,8.24,69.73,0.0
garowe,2025011420,8.4,48.48,0.0,18.29,5.33,7.82,75.14,0.0
garowe,2025011421,8.4,48.48,0.0,17.59,4.94,7.5,79.4,0.0
garowe,2025011422,8.4,48.48,0.0,16.96,4.68,7.3,82.9,0.0
garowe,2025011423,8.4,48.48,0.0,16.43,4.5,7.18,85.73,0.0
garowe,2025011500,8.4,48.48,0.0,16.01,4.34,7.12,87.84,0.0
garowe,2025011501,8.4,48.48,0.0,15.67,4.31,7.16,89.57,0.0
garowe,2025011502,8.4,48.48,0.0,15.35,4.27,7.2,91.41,0.0
garowe,2025011503,8.4,48.48,44.28,16.08,5.32,7.06,87.3,0.0
garowe,2025011504,8.4,48.48,249.4,18.85,8.51,10.64,73.0,0.0
garowe,2025011505,8.4,48.48,481.77,21.86,10.49,12.43,56.74,0.0
garowe,2025011506,8.4,48.48,693.12,24.58,10.72,12.47,42.79,0.0
garowe,2025011507,8.4,48.48,838.05,26.92,10.33,11.87,34.03,0.0
garowe,2025011508,8.4,48.48,930.85,28.81,9.78,11.15,28.56,0.0
garowe,2025011509,8.4,48.48,916.62,30.17,9.2,10.46,25.16,0.0
garowe,2025011510,8.4,48.48,803.85,30.92,8.73,9.9,23.26,0.0
garowe,2025011511,8.4,48.48,659.3,31.04,8.42,9.57,22.51,0.0
garowe,2025011512,8.4,48.48,417.12,30.51,8.27,9.5,22.98,0.0
garowe,2025011513,8.4,48.48,195.9,29.13,7.96,9.63,25.31,0.0
garowe,2025011514,8.4,48.48,22.83,26.28,6.36,9.73,31.3,0.0
garowe,2025011515,8.4,48.48,0.0,24.42,6.85,10.15,37.44,0.0
garowe,2025011516,8.4,48.48,0.0,22.83,6.89,9.64,44.49,0.0
garowe,2025011517,8.4,48.48,0.0,21.36,6.71,9.21,52.07,0.0
garowe,2025011518,8.4,48.48,0.0,20.16,6.4,8.75,59.19,0.0
garowe,2025011519,8.4,48.48,0.0,19.21,6.02,8.31,65.3,0.0
garowe,2025011520,8.4,48.48,0.0,18.45,5.68,7.96,70.68,0.0
garowe,2025011521,8.4,48.48,0.0,17.77,5.4,7.69,74.92,0.0
garowe,2025011522,8.4,48.48,0.0,17.15,5.21,7.55,77.71,0.0
garowe,2025011523,8.4,48.48,0.0,16.55,5.03,7.45,79.82,0.0
garowe,2025011600,8.4,48.48,0.0,15.98,4.86,7.36,81.61,0.0
garowe,2025011601,8.4,48.48,0.0,15.47,4.72,7.28,83.4,0.0
garowe,2025011602,8.4,48.48,0.0,15.24,5.25,8.07,84.0,0.0
garowe,2025011603,8.4,48.48,45.22,15.77,5.95,7.62,81.01,0.0
garowe,2025011604,8.4,48.48,265.52,18.35,8.43,10.38,68.84,0.0
garowe,2025011605,8.4,48.48,511.5,21.36,9.67,11.27,56.17,0.0
garowe,2025011606,8.4,48.48,722.97,24.01,9.32,10.62,45.56,0.0
garowe,2025011607,8.4,48.48,867.65,26.45,8.8,9.94,37.29,0.0
garowe,2025011608,8.4,48.48,931.5,28.55,8.32,9.36,31.34,0.0
garowe,2025011609,8.4,48.48,916.75,30.13,7.88,8.84,27.18,0.0
garowe,2025011610,8.4,48.48,821.6,31.08,7.51,8.42,24.39,0.0
garowe,2025011611,8.4,48.48,659.85,31.36,7.3,8.19,22.8,0.0
garowe,2025011612,8.4,48.48,437.45,30.93,7.26,8.23,22.31,0.0
garowe,2025011613,8.4,48.48,205.2,29.64,7.05,8.52,23.3,0.0
garowe,2025011614,8.4,48.48,24.77,26.25,5.27,9.09,28.77,0.0
garowe,2025011615,8.4,48.48,0.0,24.37,6.0,9.93,34.0,0.0
garowe,2025011616,8.4,48.48,0.0,23.0,6.57,9.75,40.88,0.0
garowe,2025011617,8.4,48.48,0.0,21.44,6.38,9.2,49.54,0.0
garowe,2025011618,8.4,48.48,0.0,20.09,6.13,8.72,57.36,0.0
garowe,2025011619,8.4,48.48,0.0,18.96,5.78,8.23,63.48,0.0
garowe,2025011620,8.4,48.48,0.0,18.01,5.31,7.73,68.61,0.0
garowe,2025011621,8.4,48.48,0.0,17.21,4.88,7.38,73.05,0.0
garowe,2025011622,8.4,48.48,0.0,16.47,4.54,7.16,77.08,0.0
garowe,2025011623,8.4,48.48,0.0,15.74,4.29,7.06,80.91,0.0
garowe,2025011700,8.4,48.48,0.0,15.08,4.2,7.09,84.33,0.0
garowe,2025011701,8.4,48.48,0.0,14.5,4.16,7.13,87.39,0.0
garowe,2025011702,8.4,48.48,0.0,13.99,4.18,7.14,90.28,0.0
garowe,2025011703,8.4,48.48,48.33,14.62,5.31,6.83,86.9,0.0
garowe,2025011704,8.4,48.48,279.55,17.73,7.52,9.21,71.59,0.0
garowe,2025011705,8.4,48.48,531.22,21.19,8.98,10.37,55.25,0.0
garowe,2025011706,8.4,48.48,743.15,23.99,8.74,9.88,42.9,0.0
garowe,2025011707,8.4,48.48,893.35,26.45,8.27,9.27,34.06,0.0
garowe,2025011708,8.4,48.48,964.12,28.49,7.78,8.7,27.92,0.0
garowe,2025011709,8.4,48.48,958.35,30.0,7.29,8.14,23.87,0.0
garowe,2025011710,8.4,48.48,872.1,30.88,6.88,7.7,21.44,0.0
garowe,2025011711,8.4,48.48,711.88,31.12,6.65,7.46,20.36,0.0
garowe,2025011712,8.4,48.48,492.05,30.66,6.54,7.42,20.63,0.0
garowe,2025011713,8.4,48.48,243.62,29.4,6.19,7.49,22.41,0.0
garowe,2025011714,8.4,48.48,30.5,25.63,4.29,7.95,29.66,0.0
garowe,2025011715,8.4,48.48,0.0,23.77,4.98,9.06,35.86,0.0
garowe,2025011716,8.4,48.48,0.0,22.73,6.02,9.48,42.57,0.0
garowe,2025011717,8.4,48.48,0.0,21.3,5.99,8.82,51.42,0.0
garowe,2025011718,8.4,48.48,0.0,19.92,5.24,7.85,60.06,0.0
garowe,2025011719,8.4,48.48,0.0,18.93,5.21,7.96,66.31,0.0
garowe,2025011720,8.4,48.48,0.0,18.1,4.71,7.38,71.16,0.0
garowe,2025011721,8.4,48.48,0.0,17.36,4.37,7.13,75.38,0.0
garowe,2025011722,8.4,48.48,0.0,16.64,4.08,6.85,79.18,0.0
garowe,2025011723,8.4,48.48,0.0,15.96,3.9,6.71,82.51,0.0
garowe,2025011800,8.4,48.48,0.0,15.35,3.88,6.71,85.54,0.0
garowe,2025011801,8.4,48.48,0.0,14.87,3.94,6.62,87.99,0.0
garowe,2025011802,8.4,48.48,0.0,14.52,4.08,6.42,89.86,0.0
garowe,2025011803,8.4,48.48,46.35,14.91,4.81,5.99,87.41,0.0
garowe,2025011804,8.4,48.48,259.5,17.22,6.21,7.52,73.61,0.0
garowe,2025011805,8.4,48.48,495.58,20.37,7.45,8.66,55.37,0.0
garowe,2025011806,8.4,48.48,735.55,23.1,7.26,8.23,42.09,0.0
garowe,2025011807,8.4,48.48,888.62,25.42,6.68,7.49,33.59,0.0
garowe,2025011808,8.4,48.48,958.05,27.33,6.13,6.85,28.0,0.0
garowe,2025011809,8.4,48.48,949.03,28.88,5.76,6.43,24.14,0.0
garowe,2025011810,8.4,48.48,825.7,29.9,5.53,6.18,21.69,0.0
garowe,2025011811,8.4,48.48,684.55,30.41,5.46,6.13,20.35,0.0
garowe,2025011812,8.4,48.48,479.65,30.13,5.5,6.26,20.25,0.0
garowe,2025011813,8.4,48.48,247.65,29.03,5.07,6.34,21.58,0.0
garowe,2025011814,8.4,48.48,32.28,25.26,3.39,6.66,28.55,0.0
garowe,2025011815,8.4,48.48,0.0,23.8,3.92,7.67,32.67,0.0
garowe,2025011816,8.4,48.48,0.0,23.11,4.59,8.5,36.89,0.0
garowe,2025011817,8.4,48.48,0.0,22.43,5.49,8.96,42.57,0.0
garowe,2025011818,8.4,48.48,0.0,21.41,6.02,8.98,50.1,0.0
garowe,2025011819,8.4,48.48,0.0,20.21,5.5,8.29,57.79,0.0
garowe,2025011820,8.4,48.48,0.0,19.32,5.23,7.94,63.44,0.0
garowe,2025011821,8.4,48.48,0.0,18.68,4.81,7.39,67.49,0.0
garowe,2025011822,8.4,48.48,0.0,18.18,4.43,6.87,70.41,0.0
garowe,2025011823,8.4,48.48,0.0,17.58,3.96,6.5,73.64,0.0
garowe,2025011900,8.4,48.48,0.0,16.59,3.34,6.28,78.75,0.0
garowe,2025011901,8.4,48.48,0.0,15.49,3.03,6.02,84.8,0.0
garowe,2025011902,8.4,48.48,0.0,14.73,3.05,6.03,89.19,0.0
garowe,2025011903,8.4,48.48,49.05,15.54,4.19,5.87,84.81,0.0
garowe,2025011904,8.4,48.48,280.23,18.39,6.33,7.55,68.67,0.0
garowe,2025011905,8.4,48.48,532.45,21.63,7.08,8.07,49.72,0.0
garowe,2025011906,8.4,48.48,749.58,24.58,6.99,7.88,35.65,0.0
garowe,2025011907,8.4,48.48,900.5,27.09,6.78,7.57,26.96,0.0
garowe,2025011908,8.4,48.48,968.78,29.05,6.55,7.29,21.97,0.0
garowe,2025011909,8.4,48.48,960.47,30.43,6.38,7.1,19.26,0.0
garowe,2025011910,8.4,48.48,868.97,31.25,6.26,6.97,17.79,0.0
garowe,2025011911,8.4,48.48,710.97,31.47,6.23,6.96,17.22,0.0
garowe,2025011912,8.4,48.48,494.73,31.03,6.28,7.11,17.59,0.0
garowe,2025011913,8.4,48.48,252.35,29.74,5.98,7.33,19.34,0.0
garowe,2025011914,8.4,48.48,33.95,25.68,4.13,8.0,26.56,0.0
garowe,2025011915,8.4,48.48,0.0,23.87,5.0,9.34,32.59,0.0
garowe,2025011916,8.4,48.48,0.0,22.89,6.11,9.77,39.58,0.0
garowe,2025011917,8.4,48.48,0.0,21.52,6.43,9.42,49.11,0.0
garowe,2025011918,8.4,48.48,0.0,20.06,5.76,8.45,59.4,0.0
garowe,2025011919,8.4,48.48,0.0,18.88,5.44,7.98,68.25,0.0
garowe,2025011920,8.4,48.48,0.0,17.89,5.1,7.56,75.64,0.0
garowe,2025011921,8.4,48.48,0.0,17.03,4.72,7.16,81.7,0.0
garowe,2025011922,8.4,48.48,0.0,16.25,4.39,6.85,87.12,0.0
garowe,2025011923,8.4,48.48,0.0,15.57,4.1,6.61,91.9,0.0
garowe,2025012000,8.4,48.48,0.0,15.22,4.07,6.38,94.36,0.0
garowe,2025012001,8.4,48.48,0.0,14.88,3.99,6.24,96.13,0.0
garowe,2025012002,8.4,48.48,0.0,14.53,4.07,6.43,97.28,0.0
garowe,2025012003,8.4,48.48,49.38,15.22,5.51,7.27,91.36,0.0
garowe,2025012004,8.4,48.48,281.12,17.72,7.23,8.5,74.91,0.0
garowe,2025012005,8.4,48.48,532.78,21.11,7.79,8.91,56.55,0.0
garowe,2025012006,8.4,48.48,744.88,24.08,7.64,8.61,44.56,0.0
garowe,2025012007,8.4,48.48,896.9,26.64,7.32,8.19,36.58,0.0
garowe,2025012008,8.4,48.48,947.33,28.76,7.0,7.83,31.02,0.0
garowe,2025012009,8.4,48.48,935.42,30.34,6.72,7.51,27.27,0.0
garowe,2025012010,8.4,48.48,816.03,31.26,6.52,7.28,25.18,0.0
garowe,2025012011,8.4,48.48,663.0,31.47,6.44,7.21,24.37,0.0
garowe,2025012012,8.4,48.48,443.65,31.03,6.47,7.32,24.72,0.0
garowe,2025012013,8.4,48.48,219.3,29.89,6.34,7.61,26.58,0.0
garowe,2025012014,8.4,48.48,28.67,26.52,4.62,8.3,33.63,0.0
garowe,2025012015,8.4,48.48,0.0,24.77,5.53,9.47,39.97,0.0
garowe,2025012016,8.4,48.48,0.0,23.57,6.55,9.7,47.51,0.0
garowe,2025012017,8.4,48.48,0.0,22.0,6.33,8.96,58.04,0.0
garowe,2025012018,8.4,48.48,0.0,20.47,5.48,7.93,69.07,0.0
garowe,2025012019,8.4,48.48,0.0,19.24,4.8,7.18,78.19,0.0
garowe,2025012020,8.4,48.48,0.0,18.23,4.25,6.66,84.93,0.0
garowe,2025012021,8.4,48.48,0.0,17.51,3.93,6.26,89.07,0.0
garowe,2025012022,8.4,48.48,0.0,17.11,3.99,6.26,90.62,0.0
garowe,2025012023,8.4,48.48,0.0,16.85,4.53,6.72,90.78,0.0
garowe,2025012100,8.4,48.48,0.0,16.41,4.32,6.45,91.76,0.0
garowe,2025012101,8.4,48.48,0.0,15.99,4.11,6.23,92.54,0.0
garowe,2025012102,8.4,48.48,0.0,15.6,4.05,6.19,93.22,0.0
garowe,2025012103,8.4,48.48,42.9,16.16,4.8,6.16,88.49,0.0
garowe,2025012104,8.4,48.48,260.3,18.45,5.51,6.29,74.52,0.0
garowe,2025012105,8.4,48.48,510.17,21.77,5.67,6.35,56.25,0.0
garowe,2025012106,8.4,48.48,726.08,25.56,5.74,6.39,39.87,0.0
garowe,2025012107,8.4,48.48,879.35,28.43,5.58,6.17,32.36,0.0
garowe,2025012108,8.4,48.48,953.15,30.43,5.46,6.04,27.55,0.0
garowe,2025012109,8.4,48.48,943.05,31.83,5.37,5.95,23.89,0.0
garowe,2025012110,8.4,48.48,850.17,32.69,5.34,5.91,21.16,0.0
garowe,2025012111,8.4,48.48,714.4,32.94,5.41,6.02,19.49,0.0
garowe,2025012112,8.4,48.48,492.45,32.57,5.63,6.32,18.63,0.0
garowe,2025012113,8.4,48.48,243.25,31.34,5.43,6.74,19.05,0.0
garowe,2025012114,8.4,48.48,32.05,27.01,3.86,7.65,25.28,0.0
garowe,2025012115,8.4,48.48,0.0,25.11,4.63,9.05,30.31,0.0
garowe,2025012116,8.4,48.48,0.0,24.07,5.61,9.67,37.77,0.0
garowe,2025012117,8.4,48.48,0.0,22.76,6.26,9.55,49.1,0.0
garowe,2025012118,8.4,48.48,0.0,21.42,6.51,9.36,61.52,0.0
garowe,2025012119,8.4,48.48,0.0,20.18,5.91,8.41,71.47,0.0
garowe,2025012120,8.4,48.48,0.0,19.17,5.34,7.8,78.19,0.0
garowe,2025012121,8.4,48.48,0.0,18.39,4.82,7.32,83.0,0.0
garowe,2025012122,8.4,48.48,0.0,17.76,4.38,6.88,86.78,0.0
garowe,2025012123,8.4,48.48,0.0,17.36,4.17,6.44,88.86,0.0
garowe,2025012200,8.4,48.48,0.0,16.93,3.96,6.15,90.81,0.0
garowe,2025012201,8.4,48.48,0.0,16.41,3.93,6.16,92.8,0.0
garowe,2025012202,8.4,48.48,0.0,15.85,3.96,6.05,94.22,0.0
garowe,2025012203,8.4,48.48,40.47,16.22,4.72,6.05,89.54,0.0
garowe,2025012204,8.4,48.48,230.23,18.56,6.05,7.06,73.02,0.0
garowe,2025012205,8.4,48.48,450.33,21.77,6.95,7.95,54.69,0.0
garowe,2025012206,8.4,48.48,718.47,24.9,7.53,8.56,39.78,0.0
garowe,2025012207,8.4,48.48,871.97,27.53,7.8,8.8,29.88,0.0
garowe,2025012208,8.4,48.48,961.7,29.48,7.83,8.81,24.13,0.0
garowe,2025012209,8.4,48.48,958.83,30.96,7.71,8.65,20.74,0.0
garowe,2025012210,8.4,48.48,880.3,31.84,7.54,8.47,18.9,0.0
garowe,2025012211,8.4,48.48,695.85,32.04,7.43,8.38,18.35,0.0
garowe,2025012212,8.4,48.48,454.6,31.54,7.42,8.48,19.0,0.0
garowe,2025012213,8.4,48.48,220.48,30.19,7.12,8.67,21.24,0.0
garowe,2025012214,8.4,48.48,28.85,26.77,5.19,9.03,27.6,0.0
garowe,2025012215,8.4,48.48,0.0,25.01,5.84,9.86,32.97,0.0
garowe,2025012216,8.4,48.48,0.0,23.97,6.7,9.82,38.09,0.0
garowe,2025012217,8.4,48.48,0.0,22.42,6.28,9.02,45.3,0.0
garowe,2025012218,8.4,48.48,0.0,21.0,5.9,8.46,52.99,0.0
garowe,2025012219,8.4,48.48,0.0,19.74,5.52,7.95,60.52,0.0
garowe,2025012220,8.4,48.48,0.0,18.65,5.21,7.58,67.45,0.0
garowe,2025012221,8.4,48.48,0.0,17.66,4.89,7.28,73.77,0.0
garowe,2025012222,8.4,48.48,0.0,16.72,4.59,7.12,79.62,0.0
garowe,2025012223,8.4,48.48,0.0,15.92,4.42,7.07,84.54,0.0
garowe,2025012300,8.4,48.48,0.0,15.23,4.36,7.11,88.49,0.0
garowe,2025012301,8.4,48.48,0.0,14.66,4.37,7.16,91.77,0.0
garowe,2025012302,8.4,48.48,0.0,14.2,4.4,7.18,94.51,0.0
garowe,2025012303,8.4,48.48,42.7,15.03,5.78,7.46,89.9,0.0
garowe,2025012304,8.4,48.48,257.0,18.02,7.82,9.39,74.59,0.0
garowe,2025012305,8.4,48.48,506.1,21.69,8.94,10.4,55.66,0.0
garowe,2025012306,8.4,48.48,725.0,24.92,9.0,10.26,40.51,0.0
garowe,2025012307,8.4,48.48,877.42,27.58,8.63,9.73,30.91,0.0
garowe,2025012308,8.4,48.48,973.38,29.59,8.12,9.09,25.37,0.0
garowe,2025012309,8.4,48.48,968.0,30.9,7.6,8.47,22.1,0.0
garowe,2025012310,8.4,48.48,879.92,31.59,7.2,8.01,20.18,0.0
garowe,2025012311,8.4,48.48,713.9,31.69,6.97,7.76,19.36,0.0
garowe,2025012312,8.4,48.48,483.25,31.09,6.92,7.81,19.86,0.0
garowe,2025012313,8.4,48.48,236.1,29.73,6.8,8.15,21.94,0.0
garowe,2025012314,8.4,48.48,31.52,26.29,5.24,8.96,28.92,0.0
garowe,2025012315,8.4,48.48,0.0,24.51,6.42,10.07,35.78,0.0
garowe,2025012316,8.4,48.48,0.0,23.09,7.31,10.14,44.3,0.0
garowe,2025012317,8.4,48.48,0.0,21.48,7.16,9.6,54.73,0.0
garowe,2025012318,8.4,48.48,0.0,20.17,6.83,9.05,63.91,0.0
garowe,2025012319,8.4,48.48,0.0,19.19,6.34,8.49,70.71,0.0
garowe,2025012320,8.4,48.48,0.0,18.41,5.84,8.01,76.01,0.0
garowe,2025012321,8.4,48.48,0.0,17.71,5.39,7.63,80.57,0.0
garowe,2025012322,8.4,48.48,0.0,17.04,5.01,7.36,84.54,0.0
garowe,2025012323,8.4,48.48,0.0,16.39,4.68,7.18,88.07,0.0
garowe,2025012400,8.4,48.48,0.0,15.71,4.42,7.12,91.57,0.0
garowe,2025012401,8.4,48.48,0.0,15.02,4.23,7.07,94.62,0.0
garowe,2025012402,8.4,48.48,0.0,14.46,4.16,6.95,96.33,0.0
garowe,2025012403,8.4,48.48,43.75,15.1,5.42,6.96,90.04,0.0
garowe,2025012404,8.4,48.48,264.0,17.92,6.99,8.35,70.49,0.0
garowe,2025012405,8.4,48.48,517.67,21.72,8.13,9.41,48.91,0.0
garowe,2025012406,8.4,48.48,736.45,24.91,8.17,9.27,35.58,0.0
garowe,2025012407,8.4,48.48,892.42,27.45,7.6,8.49,28.22,0.0
garowe,2025012408,8.4,48.48,978.0,29.33,6.89,7.62,23.7,0.0
garowe,2025012409,8.4,48.48,975.72,30.6,6.21,6.83,20.72,0.0
garowe,2025012410,8.4,48.48,891.55,31.28,5.66,6.21,18.81,0.0
garowe,2025012411,8.4,48.48,729.17,31.43,5.3,5.84,17.81,0.0
garowe,2025012412,8.4,48.48,504.55,31.01,5.19,5.78,17.66,0.0
garowe,2025012413,8.4,48.48,247.45,29.83,4.97,6.03,18.8,0.0
garowe,2025012414,8.4,48.48,35.62,25.7,3.69,7.1,25.65,0.0
garowe,2025012415,8.4,48.48,0.0,23.99,4.83,8.99,30.77,0.0
garowe,2025012416,8.4,48.48,0.0,23.01,6.19,9.83,38.31,0.0
garowe,2025012417,8.4,48.48,0.0,21.52,7.11,10.0,50.64,0.0
garowe,2025012418,8.4,48.48,0.0,19.94,6.7,9.21,63.74,0.0
garowe,2025012419,8.4,48.48,0.0,18.84,6.34,8.75,72.71,0.0
garowe,2025012420,8.4,48.48,0.0,18.06,5.91,8.33,78.46,0.0
garowe,2025012421,8.4,48.48,0.0,17.39,5.5,7.94,83.17,0.0
garowe,2025012422,8.4,48.48,0.0,16.79,5.13,7.61,86.98,0.0
garowe,2025012423,8.4,48.48,0.0,16.23,4.67,7.16,89.79,0.0
garowe,2025012500,8.4,48.48,0.0,15.64,4.04,6.59,92.07,0.0
garowe,2025012501,8.4,48.48,0.0,15.15,3.93,6.45,93.29,0.0
garowe,2025012502,8.4,48.48,0.0,14.65,3.97,6.35,94.14,0.0
garowe,2025012503,8.4,48.48,45.55,15.17,5.14,6.57,89.0,0.0
garowe,2025012504,8.4,48.48,270.88,17.96,7.12,8.52,71.79,0.0
garowe,2025012505,8.4,48.48,527.83,21.49,8.1,9.29,52.28,0.0
garowe,2025012506,8.4,48.48,747.12,24.62,7.9,8.9,38.03,0.0
garowe,2025012507,8.4,48.48,905.92,27.35,7.46,8.32,28.68,0.0
garowe,2025012508,8.4,48.48,966.78,29.46,6.94,7.68,22.89,0.0
garowe,2025012509,8.4,48.48,961.67,30.84,6.34,7.01,19.48,0.0
garowe,2025012510,8.4,48.48,870.75,31.49,5.82,6.42,17.47,0.0
garowe,2025012511,8.4,48.48,714.05,31.54,5.5,6.1,16.59,0.0
garowe,2025012512,8.4,48.48,481.98,31.17,5.4,6.06,16.57,0.0
garowe,2025012513,8.4,48.48,234.0,30.0,4.95,6.23,18.01,0.0
garowe,2025012514,8.4,48.48,33.6,25.79,3.7,7.12,25.42,0.0
garowe,2025012515,8.4,48.48,0.0,24.05,4.65,8.79,31.43,0.0
garowe,2025012516,8.4,48.48,0.0,23.14,5.75,9.65,39.31,0.0
garowe,2025012517,8.4,48.48,0.0,21.96,6.84,9.95,50.23,0.0
garowe,2025012518,8.4,48.48,0.0,20.56,6.6,9.26,61.68,0.0
garowe,2025012519,8.4,48.48,0.0,19.48,6.28,8.82,69.85,0.0
garowe,2025012520,8.4,48.48,0.0,18.67,5.8,8.3,75.63,0.0
garowe,2025012521,8.4,48.48,0.0,17.99,5.36,7.85,80.57,0.0
garowe,2025012522,8.4,48.48,0.0,17.36,4.89,7.44,85.32,0.0
garowe,2025012523,8.4,48.48,0.0,16.81,4.37,6.83,89.5,0.0
garowe,2025012600,8.4,48.48,0.0,16.33,3.78,6.25,92.7,0.0
garowe,2025012601,8.4,48.48,0.0,15.98,3.65,6.04,94.41,0.0
garowe,2025012602,8.4,48.48,0.0,15.61,3.48,5.76,95.97,0.0
garowe,2025012603,8.4,48.48,42.58,16.22,4.46,5.85,91.47,0.0
garowe,2025012604,8.4,48.48,260.1,18.74,6.55,7.79,76.31,0.0
garowe,2025012605,8.4,48.48,503.23,21.91,7.19,8.21,58.94,0.0
garowe,2025012606,8.4,48.48,718.08,24.96,6.88,7.72,44.69,0.0
garowe,2025012607,8.4,48.48,868.62,27.63,6.32,7.01,34.81,0.0
garowe,2025012608,8.4,48.48,932.72,29.66,5.7,6.27,28.64,0.0
garowe,2025012609,8.4,48.48,928.05,31.03,5.13,5.64,24.75,0.0
garowe,2025012610,8.4,48.48,842.45,31.86,4.74,5.19,22.2,0.0
garowe,2025012611,8.4,48.48,704.3,32.11,4.52,4.96,20.83,0.0
garowe,2025012612,8.4,48.48,459.42,31.75,4.54,5.01,20.51,0.0
garowe,2025012613,8.4,48.48,229.32,30.67,4.48,5.35,21.54,0.0
garowe,2025012614,8.4,48.48,34.2,26.66,3.42,6.46,28.58,0.0
garowe,2025012615,8.4,48.48,0.0,24.92,4.42,8.39,33.45,0.0
garowe,2025012616,8.4,48.48,0.0,24.0,5.69,9.38,39.91,0.0
garowe,2025012617,8.4,48.48,0.0,22.62,6.55,9.47,50.06,0.0
garowe,2025012618,8.4,48.48,0.0,21.16,6.35,8.78,61.82,0.0
garowe,2025012619,8.4,48.48,0.0,20.0,5.75,7.95,71.53,0.0
garowe,2025012620,8.4,48.48,0.0,19.21,5.5,7.58,77.36,0.0
garowe,2025012621,8.4,48.48,0.0,18.45,4.99,7.11,81.6,0.0
garowe,2025012622,8.4,48.48,0.0,17.66,4.21,6.52,85.49,0.0
garowe,2025012623,8.4,48.48,0.0,17.0,3.72,6.18,88.71,0.0
garowe,2025012700,8.4,48.48,0.0,16.81,3.85,5.86,89.07,0.0
garowe,2025012701,8.4,48.48,0.0,16.64,3.82,5.64,89.11,0.0
garowe,2025012702,8.4,48.48,0.0,16.28,3.49,5.16,90.42,0.0
garowe,2025012703,8.4,48.48,45.95,16.71,4.05,5.22,87.26,0.0
garowe,2025012704,8.4,48.48,276.45,18.86,5.19,5.97,74.11,0.0
garowe,2025012705,8.4,48.48,531.83,21.78,5.54,6.24,58.17,0.0
garowe,2025012706,8.4,48.48,750.22,25.0,5.72,6.37,42.46,0.0
garowe,2025012707,8.4,48.48,902.7,27.86,5.53,6.11,30.89,0.0
garowe,2025012708,8.4,48.48,968.08,30.09,5.03,5.51,23.37,0.0
garowe,2025012709,8.4,48.48,958.83,31.58,4.46,4.86,18.88,0.0
garowe,2025012710,8.4,48.48,877.03,32.41,3.99,4.37,16.24,0.0
garowe,2025012711,8.4,48.48,720.28,32.73,3.71,4.09,14.65,0.0
garowe,2025012712,8.4,48.48,504.6,32.44,3.61,4.01,13.98,0.0
garowe,2025012713,8.4,48.48,255.82,31.29,3.22,4.07,14.62,0.0
garowe,2025012714,8.4,48.48,39.12,26.67,2.71,4.62,21.63,0.0
garowe,2025012715,8.4,48.48,0.0,24.54,3.52,6.44,24.41,0.0
garowe,2025012716,8.4,48.48,0.0,23.68,4.43,8.41,29.27,0.0
garowe,2025012717,8.4,48.48,0.0,22.58,5.54,9.21,41.09,0.0
garowe,2025012718,8.4,48.48,0.0,21.15,6.17,9.0,58.25,0.0
garowe,2025012719,8.4,48.48,0.0,19.96,5.63,8.06,72.57,0.0
garowe,2025012720,8.4,48.48,0.0,19.19,4.79,6.98,80.19,0.0
garowe,2025012721,8.4,48.48,0.0,18.78,4.43,6.49,83.2,0.0
garowe,2025012722,8.4,48.48,0.0,18.39,4.28,6.27,85.0,0.0
garowe,2025012723,8.4,48.48,0.0,17.97,3.91,5.85,86.9,0.0
garowe,2025012800,8.4,48.48,0.0,17.68,3.78,5.74,88.0,0.0
garowe,2025012801,8.4,48.48,0.0,17.4,3.63,5.62,89.23,0.0
garowe,2025012802,8.4,48.48,0.0,17.04,3.42,5.47,90.32,0.0
garowe,2025012803,8.4,48.48,45.55,17.48,4.29,5.44,86.69,0.0
garowe,2025012804,8.4,48.48,256.42,19.61,5.1,5.78,73.98,0.0
garowe,2025012805,8.4,48.48,481.12,22.46,5.13,5.71,58.05,0.0
garowe,2025012806,8.4,48.48,685.22,25.54,5.18,5.76,43.17,0.0
garowe,2025012807,8.4,48.48,831.67,28.56,5.26,5.85,30.76,0.0
garowe,2025012808,8.4,48.48,925.47,30.86,5.05,5.56,23.24,0.0
garowe,2025012809,8.4,48.48,959.72,32.29,4.72,5.18,19.29,0.0
garowe,2025012810,8.4,48.48,896.47,33.06,4.51,4.93,16.98,0.0
garowe,2025012811,8.4,48.48,744.58,33.23,4.46,4.87,15.79,0.0
garowe,2025012812,8.4,48.48,523.45,32.82,4.59,5.05,15.45,0.0
garowe,2025012813,8.4,48.48,265.17,31.63,4.55,5.5,16.2,0.0
garowe,2025012814,8.4,48.48,40.83,27.29,3.53,6.88,22.46,0.0
garowe,2025012815,8.4,48.48,0.0,25.4,4.7,8.89,27.42,0.0
garowe,2025012816,8.4,48.48,0.0,24.25,5.99,9.65,36.38,0.0
garowe,2025012817,8.4,48.48,0.0,22.7,6.48,9.3,50.9,0.0
garowe,2025012818,8.4,48.48,0.0,21.32,6.05,8.45,66.23,0.0
garowe,2025012819,8.4,48.48,0.0,20.34,5.41,7.48,78.35,0.0
garowe,2025012820,8.4,48.48,0.0,19.9,4.94,6.87,84.14,0.0
garowe,2025012821,8.4,48.48,0.0,19.7,5.09,7.0,85.15,0.0
garowe,2025012822,8.4,48.48,0.0,19.33,4.36,6.29,86.9,0.0
garowe,2025012823,8.4,48.48,0.0,19.08,4.25,6.38,87.92,0.0
garowe,2025012900,8.4,48.48,0.0,18.97,4.26,6.39,88.71,0.0
garowe,2025012901,8.4,48.48,0.0,18.84,4.08,6.31,90.12,0.0
garowe,2025012902,8.4,48.48,0.0,18.6,3.85,6.23,91.62,0.0
garowe,2025012903,8.4,48.48,43.33,19.18,4.83,6.28,86.92,0.0
garowe,2025012904,8.4,48.48,259.52,21.08,5.75,6.59,73.33,0.0
garowe,2025012905,8.4,48.48,501.65,23.72,5.77,6.49,56.79,0.0
garowe,2025012906,8.4,48.48,733.8,26.84,6.01,6.75,39.49,0.0
garowe,2025012907,8.4,48.48,889.88,29.54,6.16,6.88,27.86,0.0
garowe,2025012908,8.4,48.48,976.72,31.49,6.11,6.78,21.59,0.0
garowe,2025012909,8.4,48.48,976.33,32.78,6.0,6.66,18.33,0.0
garowe,2025012910,8.4,48.48,891.9,33.46,5.95,6.62,16.74,0.0
garowe,2025012911,8.4,48.48,731.55,33.54,5.98,6.68,16.24,0.0
garowe,2025012912,8.4,48.48,508.98,33.06,6.08,6.87,16.66,0.0
garowe,2025012913,8.4,48.48,253.6,31.86,5.91,7.16,18.38,0.0
garowe,2025012914,8.4,48.48,38.45,28.11,4.2,7.92,25.25,0.0
garowe,2025012915,8.4,48.48,0.0,26.32,5.16,9.31,32.68,0.0
garowe,2025012916,8.4,48.48,0.0,25.3,6.4,9.71,43.06,0.0
garowe,2025012917,8.4,48.48,0.0,23.77,6.52,9.04,57.29,0.0
garowe,2025012918,8.4,48.48,0.0,22.39,6.15,8.28,70.1,0.0
garowe,2025012919,8.4,48.48,0.0,21.33,5.61,7.58,77.52,0.0
garowe,2025012920,8.4,48.48,0.0,20.47,5.37,7.43,81.38,0.0
garowe,2025012921,8.4,48.48,0.0,19.78,5.72,7.84,83.11,0.0
garowe,2025012922,8.4,48.48,0.0,19.18,5.5,7.54,84.79,0.0
garowe,2025012923,8.4,48.48,0.0,18.67,5.19,7.16,86.25,0.0
garowe,2025013000,8.4,48.48,0.0,18.1,4.49,6.53,88.09,0.0
garowe,2025013001,8.4,48.48,0.0,17.5,3.9,5.97,90.09,0.0
garowe,2025013002,8.4,48.48,0.0,16.95,3.42,5.38,91.47,0.0
garowe,2025013003,8.4,48.48,45.05,17.41,3.86,4.88,86.93,0.0
garowe,2025013004,8.4,48.48,272.4,19.77,4.62,5.45,71.15,0.0
garowe,2025013005,8.4,48.48,524.22,23.75,6.22,7.26,49.18,0.0
garowe,2025013006,8.4,48.48,741.72,27.43,7.13,8.11,34.61,0.0
garowe,2025013007,8.4,48.48,894.88,29.93,7.1,7.95,28.0,0.0
garowe,2025013008,8.4,48.48,969.3,31.65,6.85,7.59,24.18,0.0
garowe,2025013009,8.4,48.48,958.83,32.75,6.48,7.14,21.68,0.0
garowe,2025013010,8.4,48.48,867.35,33.3,6.13,6.75,20.13,0.0
garowe,2025013011,8.4,48.48,708.03,33.34,5.93,6.56,19.57,0.0
garowe,2025013012,8.4,48.48,488.75,32.81,5.97,6.66,19.97,0.0
garowe,2025013013,8.4,48.48,242.52,31.64,6.01,7.05,21.47,0.0
garowe,2025013014,8.4,48.48,36.6,28.3,4.46,7.88,27.13,0.0
garowe,2025013015,8.4,48.48,0.0,26.45,5.43,9.34,32.1,0.0
garowe,2025013016,8.4,48.48,0.0,25.23,6.63,9.63,37.95,0.0
garowe,2025013017,8.4,48.48,0.0,23.49,6.31,8.85,46.36,0.0
garowe,2025013018,8.4,48.48,0.0,22.02,5.84,8.18,54.37,0.0
garowe,2025013019,8.4,48.48,0.0,20.88,5.35,7.55,60.76,0.0
garowe,2025013020,8.4,48.48,0.0,20.0,4.99,7.12,66.02,0.0
garowe,2025013021,8.4,48.48,0.0,19.21,4.61,6.72,70.95,0.0
garowe,2025013022,8.4,48.48,0.0,18.45,4.26,6.4,75.52,0.0
garowe,2025013023,8.4,48.48,0.0,17.69,3.9,6.19,79.73,0.0
garowe,2025013100,8.4,48.48,0.0,16.92,3.65,6.17,83.49,0.0
garowe,2025013101,8.4,48.48,0.0,16.17,3.61,6.33,87.7,0.0
garowe,2025013102,8.4,48.48,0.0,15.6,3.84,6.64,90.84,0.0
garowe,2025013103,8.4,48.48,46.7,16.33,5.16,6.55,86.11,0.0
garowe,2025013104,8.4,48.48,274.52,19.49,7.01,8.51,67.0,0.0
garowe,2025013105,8.4,48.48,522.72,23.5,8.76,10.28,45.65,0.0
garowe,2025013106,8.4,48.48,737.0,26.67,9.58,11.07,32.21,0.0
garowe,2025013107,8.4,48.48,890.25,28.88,9.78,11.16,25.75,0.0
garowe,2025013108,8.4,48.48,961.83,30.45,9.61,10.87,22.41,0.0
garowe,2025013109,8.4,48.48,959.0,31.49,9.25,10.43,20.41,0.0
garowe,2025013110,8.4,48.48,872.28,31.98,8.89,10.01,19.41,0.0
garowe,2025013111,8.4,48.48,710.2,31.93,8.63,9.77,19.22,0.0
garowe,2025013112,8.4,48.48,487.38,31.33,8.52,9.76,19.85,0.0
garowe,2025013113,8.4,48.48,238.18,29.97,8.34,9.97,21.71,0.0
garowe,2025013114,8.4,48.48,36.42,27.16,6.55,9.8,26.5,0.0
garowe,2025013115,8.4,48.48,0.0,24.96,6.17,9.7,31.56,0.0
garowe,2025013116,8.4,48.48,0.0,23.53,6.48,9.53,36.37,0.0
garowe,2025013117,8.4,48.48,0.0,22.11,6.34,9.16,42.72,0.0
garowe,2025013118,8.4,48.48,0.0,20.84,5.88,8.58,50.09,0.0
garowe,2025013119,8.4,48.48,0.0,19.71,5.22,7.92,57.42,0.0
garowe,2025013120,8.4,48.48,0.0,18.69,4.67,7.43,64.06,0.0
garowe,2025013121,8.4,48.48,0.0,17.76,4.29,7.17,70.11,0.0
garowe,2025013122,8.4,48.48,0.0,16.97,4.22,7.15,75.14,0.0
garowe,2025013123,8.4,48.48,0.0,16.33,4.36,7.28,79.21,0.0
garowe,2025020100,8.4,48.48,0.0,15.84,4.56,7.43,82.41,0.0
garowe,2025020101,8.4,48.48,0.0,15.43,4.64,7.51,85.17,0.0
garowe,2025020102,8.4,48.48,0.0,15.1,4.62,7.52,87.67,0.0
garowe,2025020103,8.4,48.48,42.95,15.99,5.64,7.23,84.05,0.0
garowe,2025020104,8.4,48.48,262.27,19.05,8.01,9.7,71.54,0.0
garowe,2025020105,8.4,48.48,509.4,22.48,9.5,11.11,53.92,0.0
garowe,2025020106,8.4,48.48,722.75,25.32,10.0,11.54,40.55,0.0
garowe,2025020107,8.4,48.48,876.7,27.58,9.78,11.14,33.11,0.0
garowe,2025020108,8.4,48.48,949.65,29.35,9.17,10.34,28.73,0.0
garowe,2025020109,8.4,48.48,944.45,30.6,8.5,9.54,25.87,0.0
garowe,2025020110,8.4,48.48,853.95,31.32,7.92,8.86,24.04,0.0
garowe,2025020111,8.4,48.48,687.1,31.46,7.51,8.4,23.24,0.0
garowe,2025020112,8.4,48.48,464.08,30.99,7.31,8.25,23.39,0.0
garowe,2025020113,8.4,48.48,218.73,29.76,7.18,8.47,25.13,0.0
garowe,2025020114,8.4,48.48,34.97,26.95,5.79,9.05,30.81,0.0
garowe,2025020115,8.4,48.48,0.0,25.08,6.67,9.9,37.21,0.0
garowe,2025020116,8.4,48.48,0.0,23.59,7.14,9.66,45.23,0.0
garowe,2025020117,8.4,48.48,0.0,22.11,7.08,9.43,55.11,0.0
garowe,2025020118,8.4,48.48,0.0,20.97,7.26,9.48,64.27,0.0
garowe,2025020119,8.4,48.48,0.0,20.13,6.6,8.72,70.9,0.0
garowe,2025020120,8.4,48.48,0.0,19.42,5.81,7.92,76.55,0.0
garowe,2025020121,8.4,48.48,0.0,18.74,5.13,7.32,81.85,0.0
garowe,2025020122,8.4,48.48,0.0,18.07,4.62,6.9,86.99,0.0
garowe,2025020123,8.4,48.48,0.0,17.55,4.31,6.55,90.76,0.0
garowe,2025020200,8.4,48.48,0.0,17.21,4.61,6.84,92.75,0.0
garowe,2025020201,8.4,48.48,0.0,16.97,4.89,7.17,93.22,0.0
garowe,2025020202,8.4,48.48,0.0,16.75,5.13,7.49,92.93,0.0
garowe,2025020203,8.4,48.48,43.35,17.35,6.14,7.77,87.23,0.0
garowe,2025020204,8.4,48.48,267.4,19.43,6.96,8.09,73.24,0.0
garowe,2025020205,8.4,48.48,527.67,22.46,7.47,8.54,54.72,0.0
garowe,2025020206,8.4,48.48,749.92,25.49,7.65,8.62,40.04,0.0
garowe,2025020207,8.4,48.48,907.9,27.99,7.46,8.33,31.23,0.0
garowe,2025020208,8.4,48.48,968.17,29.82,7.13,7.9,26.13,0.0
garowe,2025020209,8.4,48.48,951.85,31.08,6.85,7.59,22.93,0.0
garowe,2025020210,8.4,48.48,868.83,31.75,6.65,7.39,21.01,0.0
garowe,2025020211,8.4,48.48,713.8,31.82,6.48,7.23,20.2,0.0
garowe,2025020212,8.4,48.48,491.6,31.32,6.36,7.19,20.32,0.0
garowe,2025020213,8.4,48.48,238.85,30.18,6.04,7.27,21.55,0.0
garowe,2025020214,8.4,48.48,38.22,26.71,4.1,7.74,27.15,0.0
garowe,2025020215,8.4,48.48,0.0,24.88,4.85,9.1,31.5,0.0
garowe,2025020216,8.4,48.48,0.0,24.03,6.2,9.89,35.89,0.0
garowe,2025020217,8.4,48.48,0.0,22.77,7.2,10.28,43.05,0.0
garowe,2025020218,8.4,48.48,0.0,21.34,7.3,10.0,51.62,0.0
garowe,2025020219,8.4,48.48,0.0,20.04,6.82,9.35,59.05,0.0
garowe,2025020220,8.4,48.48,0.0,19.02,6.45,8.87,64.68,0.0
garowe,2025020221,8.4,48.48,0.0,18.23,6.02,8.34,68.86,0.0
garowe,2025020222,8.4,48.48,0.0,17.64,5.75,7.95,71.94,0.0
garowe,2025020223,8.4,48.48,0.0,17.07,5.49,7.58,74.71,0.0
garowe,2025020300,8.4,48.48,0.0,16.52,5.22,7.33,77.3,0.0
garowe,2025020301,8.4,48.48,0.0,16.02,5.15,7.36,79.18,0.0
garowe,2025020302,8.4,48.48,0.0,15.57,5.14,7.5,80.52,0.0
garowe,2025020303,8.4,48.48,44.05,15.95,5.92,7.49,77.56,0.0
garowe,2025020304,8.4,48.48,269.38,18.26,8.17,9.99,63.8,0.0
garowe,2025020305,8.4,48.48,533.65,21.45,9.73,11.39,45.45,0.0
garowe,2025020306,8.4,48.48,763.22,24.25,10.05,11.57,32.96,0.0
garowe,2025020307,8.4,48.48,923.55,26.6,9.92,11.3,26.19,0.0
garowe,2025020308,8.4,48.48,997.15,28.47,9.63,10.91,21.99,0.0
garowe,2025020309,8.4,48.48,992.12,29.74,9.27,10.46,19.39,0.0
garowe,2025020310,8.4,48.48,919.42,30.41,8.79,9.92,17.94,0.0
garowe,2025020311,8.4,48.48,749.2,30.53,8.36,9.44,17.41,0.0
garowe,2025020312,8.4,48.48,507.42,30.08,8.17,9.31,17.86,0.0
garowe,2025020313,8.4,48.48,243.5,28.75,7.94,9.48,19.76,0.0
garowe,2025020314,8.4,48.48,39.03,25.73,6.25,9.74,25.12,0.0
garowe,2025020315,8.4,48.48,0.0,23.69,6.71,10.27,31.06,0.0
garowe,2025020316,8.4,48.48,0.0,22.14,6.75,9.69,37.76,0.0
garowe,2025020317,8.4,48.48,0.0,20.65,6.5,9.18,45.66,0.0
garowe,2025020318,8.4,48.48,0.0,19.36,6.17,8.7,53.9,0.0
garowe,2025020319,8.4,48.48,0.0,18.26,5.8,8.28,61.51,0.0
garowe,2025020320,8.4,48.48,0.0,17.34,5.48,8.0,68.24,0.0
garowe,2025020321,8.4,48.48,0.0,16.52,5.23,7.8,73.79,0.0
garowe,2025020322,8.4,48.48,0.0,15.77,5.03,7.69,78.31,0.0
garowe,2025020323,8.4,48.48,0.0,15.07,4.93,7.67,82.08,0.0
garowe,2025020400,8.4,48.48,0.0,14.46,4.91,7.69,84.67,0.0
garowe,2025020401,8.4,48.48,0.0,13.98,4.99,7.74,86.36,0.0
garowe,2025020402,8.4,48.48,0.0,13.62,5.13,7.78,87.61,0.0
garowe,2025020403,8.4,48.48,42.55,14.36,6.07,7.59,83.29,0.0
garowe,2025020404,8.4,48.48,255.35,17.44,8.28,9.94,67.99,0.0
garowe,2025020405,8.4,48.48,496.15,21.03,8.85,10.11,52.3,0.0
garowe,2025020406,8.4,48.48,707.42,24.12,8.22,9.21,43.08,0.0
garowe,2025020407,8.4,48.48,851.92,26.66,7.52,8.34,36.78,0.0
garowe,2025020408,8.4,48.48,937.3,28.61,6.92,7.63,31.73,0.0
garowe,2025020409,8.4,48.48,930.05,30.01,6.45,7.1,27.5,0.0
garowe,2025020410,8.4,48.48,885.1,30.84,6.17,6.79,24.39,0.0
garowe,2025020411,8.4,48.48,733.55,31.12,6.05,6.67,22.43,0.0
garowe,2025020412,8.4,48.48,494.33,30.69,6.08,6.78,21.92,0.0
garowe,2025020413,8.4,48.48,229.8,29.48,6.01,7.07,22.9,0.0
garowe,2025020414,8.4,48.48,37.95,25.99,4.43,7.85,28.86,0.0
garowe,2025020415,8.4,48.48,0.0,24.08,5.4,9.36,34.55,0.0
garowe,2025020416,8.4,48.48,0.0,22.88,6.65,9.74,41.49,0.0
garowe,2025020417,8.4,48.48,0.0,21.28,6.77,9.39,50.77,0.0
garowe,2025020418,8.4,48.48,0.0,19.83,6.37,8.82,59.76,0.0
garowe,2025020419,8.4,48.48,0.0,18.66,6.15,8.5,67.18,0.0
garowe,2025020420,8.4,48.48,0.0,17.64,5.82,8.08,73.78,0.0
garowe,2025020421,8.4,48.48,0.0,16.76,5.35,7.54,79.71,0.0
garowe,2025020422,8.4,48.48,0.0,16.03,4.92,7.12,84.62,0.0
garowe,2025020423,8.4,48.48,0.0,15.4,4.57,6.82,88.86,0.0
garowe,2025020500,8.4,48.48,0.0,14.87,4.28,6.6,92.05,0.0
garowe,2025020501,8.4,48.48,0.0,14.55,4.28,6.4,93.39,0.0
garowe,2025020502,8.4,48.48,0.0,14.23,4.29,6.23,94.2,0.0
garowe,2025020503,8.4,48.48,42.05,14.86,5.33,6.66,89.16,0.0
garowe,2025020504,8.4,48.48,260.1,17.54,6.94,8.07,72.23,0.0
garowe,2025020505,8.4,48.48,512.62,20.94,7.01,7.89,53.1,0.0
garowe,2025020506,8.4,48.48,732.25,24.18,6.51,7.2,38.74,0.0
garowe,2025020507,8.4,48.48,891.83,27.03,5.87,6.42,29.18,0.0
garowe,2025020508,8.4,48.48,963.6,29.28,5.26,5.7,23.69,0.0
garowe,2025020509,8.4,48.48,962.35,30.79,4.72,5.1,21.73,0.0
garowe,2025020510,8.4,48.48,876.65,31.6,4.39,4.74,21.02,0.0
garowe,2025020511,8.4,48.48,714.08,31.82,4.28,4.64,20.97,0.0
garowe,2025020512,8.4,48.48,493.75,31.42,4.34,4.72,21.81,0.0
garowe,2025020513,8.4,48.48,248.55,30.32,4.34,4.97,23.93,0.0
garowe,2025020514,8.4,48.48,41.1,26.66,3.31,5.86,31.83,0.0
garowe,2025020515,8.4,48.48,0.0,24.72,4.22,7.68,39.09,0.0
garowe,2025020516,8.4,48.48,0.0,23.75,5.5,8.84,47.36,0.0
garowe,2025020517,8.4,48.48,0.0,22.37,6.33,8.93,58.1,0.0
garowe,2025020518,8.4,48.48,0.0,20.96,6.43,8.74,68.26,0.0
garowe,2025020519,8.4,48.48,0.0,19.84,5.92,8.01,75.58,0.0
garowe,2025020520,8.4,48.48,0.0,18.89,4.92,6.99,80.7,0.0
garowe,2025020521,8.4,48.48,0.0,18.07,4.46,6.59,84.54,0.0
garowe,2025020522,8.4,48.48,0.0,17.3,4.22,6.36,88.0,0.0
garowe,2025020523,8.4,48.48,0.0,16.71,4.13,6.2,90.53,0.0
garowe,2025020600,8.4,48.48,0.0,16.38,4.44,6.43,91.0,0.0
garowe,2025020601,8.4,48.48,0.0,16.09,4.56,6.51,91.16,0.0
garowe,2025020602,8.4,48.48,0.0,15.78,4.53,6.56,91.61,0.0
garowe,2025020603,8.4,48.48,43.15,16.41,5.28,6.51,86.61,0.0
garowe,2025020604,8.4,48.48,254.0,18.7,5.61,6.31,73.25,0.0
garowe,2025020605,8.4,48.48,495.67,21.89,5.46,6.06,58.03,0.0
garowe,2025020606,8.4,48.48,711.3,25.62,5.1,5.57,42.6,0.0
garowe,2025020607,8.4,48.48,870.72,28.37,4.34,4.69,33.11,0.0
garowe,2025020608,8.4,48.48,947.03,30.3,3.74,4.03,27.26,0.0
garowe,2025020609,8.4,48.48,953.2,31.63,3.5,3.77,23.7,0.0
garowe,2025020610,8.4,48.48,876.97,32.45,3.5,3.78,21.67,0.0
garowe,2025020611,8.4,48.48,715.4,32.72,3.66,3.98,20.99,0.0
garowe,2025020612,8.4,48.48,496.4,32.41,3.93,4.3,21.35,0.0
garowe,2025020613,8.4,48.48,252.7,31.42,4.11,4.68,23.15,0.0
garowe,2025020614,8.4,48.48,43.0,27.8,3.23,5.65,30.84,0.0
garowe,2025020615,8.4,48.48,0.0,25.74,4.15,7.45,38.87,0.0
garowe,2025020616,8.4,48.48,0.0,24.6,5.32,8.6,49.28,0.0
garowe,2025020617,8.4,48.48,0.0,23.1,6.05,8.55,63.13,0.0
garowe,2025020618,8.4,48.48,0.0,21.62,6.02,8.04,76.6,0.0
garowe,2025020619,8.4,48.48,0.0,20.52,5.46,7.27,85.89,0.0
garowe,2025020620,8.4,48.48,0.0,19.9,4.7,6.24,90.21,0.0
garowe,2025020621,8.4,48.48,0.0,19.47,4.14,5.92,91.62,0.0
garowe,2025020622,8.4,48.48,0.0,19.23,4.22,5.98,91.36,0.0
garowe,2025020623,8.4,48.48,0.0,19.07,4.09,5.7,91.05,0.0
garowe,2025020700,8.4,48.48,0.0,18.9,4.02,5.72,90.48,0.0
garowe,2025020701,8.4,48.48,0.0,18.69,4.11,5.85,89.85,0.0
garowe,2025020702,8.4,48.48,0.0,18.41,3.86,5.69,89.79,0.0
garowe,2025020703,8.4,48.48,28.15,18.95,4.71,5.82,85.01,0.0
garowe,2025020704,8.4,48.48,145.5,20.69,5.25,5.88,73.75,0.0
garowe,2025020705,8.4,48.48,278.15,23.24,5.01,5.49,60.96,0.0
garowe,2025020706,8.4,48.48,601.92,25.86,4.63,5.02,49.92,0.0
garowe,2025020707,8.4,48.48,918.42,28.37,4.09,4.38,40.14,0.0
garowe,2025020708,8.4,48.48,979.7,30.55,3.42,3.63,32.1,0.0
garowe,2025020709,8.4,48.48,964.97,32.06,3.03,3.22,26.94,0.0
garowe,2025020710,8.4,48.48,882.25,32.93,2.86,3.04,23.86,0.0
garowe,2025020711,8.4,48.48,727.72,33.27,2.79,2.96,22.26,0.0
garowe,2025020712,8.4,48.48,512.75,32.99,2.77,2.96,21.97,0.0
garowe,2025020713,8.4,48.48,266.75,32.05,2.76,3.01,22.89,0.0
garowe,2025020714,8.4,48.48,46.65,28.6,2.29,3.88,29.48,0.0
garowe,2025020715,8.4,48.48,0.0,26.31,3.41,5.91,35.15,0.0
garowe,2025020716,8.4,48.48,0.0,25.01,4.37,7.56,42.93,0.0
garowe,2025020717,8.4,48.48,0.0,23.58,5.52,8.19,54.64,0.0
garowe,2025020718,8.4,48.48,0.0,21.94,6.08,7.96,68.27,0.0
garowe,2025020719,8.4,48.48,0.0,20.69,5.8,7.5,78.87,0.0
garowe,2025020720,8.4,48.48,0.0,19.88,5.24,6.84,85.13,0.0
garowe,2025020721,8.4,48.48,0.0,19.39,4.66,6.16,88.13,0.0
garowe,2025020722,8.4,48.48,0.0,19.11,4.49,6.08,88.83,0.0
garowe,2025020723,8.4,48.48,0.0,18.81,4.06,5.63,90.01,0.0
garowe,2025020800,8.4,48.48,0.0,18.62,3.61,5.19,91.1,0.0
garowe,2025020801,8.4,48.48,0.0,18.49,3.31,4.98,91.74,0.0
garowe,2025020802,8.4,48.48,0.0,18.32,3.02,4.85,92.05,0.0
garowe,2025020803,8.4,48.48,48.83,19.09,3.91,4.92,86.19,0.0
garowe,2025020804,8.4,48.48,261.65,21.02,4.32,4.79,73.84,0.0
garowe,2025020805,8.4,48.48,498.75,23.55,3.93,4.26,61.49,0.0
garowe,2025020806,8.4,48.48,759.35,26.31,3.55,3.83,50.38,0.0
garowe,2025020807,8.4,48.48,913.6,29.37,3.06,3.31,38.46,0.0
garowe,2025020808,8.4,48.48,991.08,31.82,2.62,2.93,30.34,0.0
garowe,2025020809,8.4,48.48,990.75,33.19,2.31,2.65,26.29,0.0
garowe,2025020810,8.4,48.48,912.35,33.95,2.03,2.35,23.6,0.0
garowe,2025020811,8.4,48.48,758.17,34.2,1.76,2.06,21.93,0.0
garowe,2025020812,8.4,48.48,543.33,33.98,1.66,1.92,21.11,0.0
garowe,2025020813,8.4,48.48,285.7,33.17,1.72,1.94,21.37,0.0
garowe,2025020814,8.4,48.48,50.92,30.18,1.66,2.77,26.92,0.0
garowe,2025020815,8.4,48.48,0.0,27.72,3.08,5.1,31.38,0.0
garowe,2025020816,8.4,48.48,0.0,26.14,4.3,7.33,37.66,0.0
garowe,2025020817,8.4,48.48,0.0,24.63,5.55,8.32,48.05,0.0
garowe,2025020818,8.4,48.48,0.0,22.72,6.13,8.04,61.48,0.0
garowe,2025020819,8.4,48.48,0.0,21.25,5.52,7.11,71.59,0.0
garowe,2025020820,8.4,48.48,0.0,20.32,4.9,6.43,77.75,0.0
garowe,2025020821,8.4,48.48,0.0,19.74,4.48,5.91,80.67,0.0
garowe,2025020822,8.4,48.48,0.0,19.25,4.03,5.47,82.37,0.0
garowe,2025020823,8.4,48.48,0.0,18.79,3.66,5.14,83.9,0.0
garowe,2025020900,8.4,48.48,0.0,18.39,3.45,4.92,85.16,0.0
garowe,2025020901,8.4,48.48,0.0,18.03,3.38,4.9,86.18,0.0
garowe,2025020902,8.4,48.48,0.0,17.72,3.41,5.06,86.94,0.0
garowe,2025020903,8.4,48.48,53.28,18.4,4.34,5.29,82.49,0.0
garowe,2025020904,8.4,48.48,294.17,20.44,4.82,5.33,71.95,0.0
garowe,2025020905,8.4,48.48,551.4,23.28,4.82,5.26,58.83,0.0
garowe,2025020906,8.4,48.48,766.1,26.35,4.69,5.08,46.5,0.0
garowe,2025020907,8.4,48.48,921.25,29.29,4.21,4.48,35.47,0.0
garowe,2025020908,8.4,48.48,995.8,31.59,3.43,3.63,27.63,0.0
garowe,2025020909,8.4,48.48,996.12,32.98,2.93,3.11,23.22,0.0
garowe,2025020910,8.4,48.48,915.17,33.77,2.77,2.95,20.48,0.0
garowe,2025020911,8.4,48.48,767.05,34.04,2.93,3.09,18.85,0.0
garowe,2025020912,8.4,48.48,555.78,33.72,3.46,3.66,18.32,0.0
garowe,2025020913,8.4,48.48,296.85,32.68,4.26,4.73,19.09,0.0
garowe,2025020914,8.4,48.48,54.25,29.16,4.02,7.09,24.39,0.0
garowe,2025020915,8.4,48.48,0.0,27.09,6.25,9.79,29.92,0.0
garowe,2025020916,8.4,48.48,0.0,25.16,7.74,10.12,40.04,0.0
garowe,2025020917,8.4,48.48,0.0,23.11,7.22,9.13,54.13,0.0
garowe,2025020918,8.4,48.48,0.0,21.69,5.58,7.12,65.93,0.0
garowe,2025020919,8.4,48.48,0.0,20.79,4.32,5.65,74.23,0.0
garowe,2025020920,8.4,48.48,0.0,20.14,3.63,4.99,80.44,0.0
garowe,2025020921,8.4,48.48,0.0,19.65,3.04,4.55,84.99,0.0
garowe,2025020922,8.4,48.48,0.0,19.39,2.9,4.3,88.54,0.0
garowe,2025020923,8.4,48.48,0.0,19.08,2.67,4.08,91.73,0.0
garowe,2025021000,8.4,48.48,0.0,18.81,2.6,4.1,93.15,0.0
garowe,2025021001,8.4,48.48,0.0,18.71,2.65,4.38,93.01,0.0
garowe,2025021002,8.4,48.48,0.0,18.6,2.74,4.66,92.88,0.0
garowe,2025021003,8.4,48.48,48.92,19.45,3.9,4.83,87.07,0.0
garowe,2025021004,8.4,48.48,267.85,21.45,4.5,4.99,75.59,0.0
garowe,2025021005,8.4,48.48,517.62,24.35,4.63,5.07,60.4,0.0
garowe,2025021006,8.4,48.48,760.12,27.14,4.68,5.09,47.31,0.0
garowe,2025021007,8.4,48.48,913.2,29.59,4.52,4.91,37.16,0.0
garowe,2025021008,8.4,48.48,982.3,31.6,4.29,4.66,29.82,0.0
garowe,2025021009,8.4,48.48,971.65,33.01,4.28,4.64,24.94,0.0
garowe,2025021010,8.4,48.48,886.17,33.85,4.51,4.89,21.84,0.0
garowe,2025021011,8.4,48.48,749.22,34.08,4.97,5.41,20.36,0.0
garowe,2025021012,8.4,48.48,514.58,33.66,5.72,6.27,20.58,0.0
garowe,2025021013,8.4,48.48,256.38,32.39,6.64,7.57,23.11,0.0
garowe,2025021014,8.4,48.48,41.25,29.51,6.61,9.44,30.96,0.0
garowe,2025021015,8.4,48.48,0.0,27.17,8.14,10.71,43.12,0.0
garowe,2025021016,8.4,48.48,0.0,25.02,8.52,10.63,57.82,0.0
garowe,2025021017,8.4,48.48,0.0,23.44,8.11,10.02,69.23,0.0
garowe,2025021018,8.4,48.48,0.0,22.44,7.23,9.04,75.75,0.0
garowe,2025021019,8.4,48.48,0.0,21.68,6.72,8.48,80.73,0.0
garowe,2025021020,8.4,48.48,0.0,21.18,6.38,8.12,83.7,0.0
garowe,2025021021,8.4,48.48,0.0,20.76,6.23,8.08,85.22,0.0
garowe,2025021022,8.4,48.48,0.0,20.41,6.2,8.17,85.65,0.0
garowe,2025021023,8.4,48.48,0.0,20.14,6.15,8.22,85.91,0.0
garowe,2025021100,8.4,48.48,0.0,19.98,6.32,8.49,85.72,0.0
garowe,2025021101,8.4,48.48,0.0,19.84,6.37,8.62,86.05,0.0
garowe,2025021102,8.4,48.48,0.0,19.7,6.29,8.58,87.0,0.0
garowe,2025021103,8.4,48.48,33.95,20.29,6.99,8.78,84.44,0.0
garowe,2025021104,8.4,48.48,177.18,22.34,8.23,9.6,72.89,0.0
garowe,2025021105,8.4,48.48,350.58,24.82,8.32,9.44,59.51,0.0
garowe,2025021106,8.4,48.48,508.42,27.38,8.11,9.1,47.66,0.0
garowe,2025021107,8.4,48.48,676.8,29.76,7.86,8.75,38.29,0.0
garowe,2025021108,8.4,48.48,955.55,31.61,7.61,8.4,32.36,0.0
garowe,2025021109,8.4,48.48,929.97,32.83,7.49,8.24,28.96,0.0
garowe,2025021110,8.4,48.48,866.08,33.45,7.63,8.36,26.53,0.0
garowe,2025021111,8.4,48.48,726.33,33.36,7.99,8.77,25.03,0.0
garowe,2025021112,8.4,48.48,508.08,32.55,8.48,9.42,24.93,0.0
garowe,2025021113,8.4,48.48,261.7,30.8,8.85,10.17,27.48,0.0
garowe,2025021114,8.4,48.48,45.92,28.04,8.14,10.48,33.93,0.0
garowe,2025021115,8.4,48.48,0.0,25.6,7.36,9.81,42.53,0.0
garowe,2025021116,8.4,48.48,0.0,23.83,6.93,9.23,51.08,0.0
garowe,2025021117,8.4,48.48,0.0,22.37,6.47,8.69,59.66,0.0
garowe,2025021118,8.4,48.48,0.0,21.17,5.94,8.11,67.96,0.0
garowe,2025021119,8.4,48.48,0.0,20.16,5.36,7.54,75.72,0.0
garowe,2025021120,8.4,48.48,0.0,19.31,4.82,7.08,82.35,0.0
garowe,2025021121,8.4,48.48,0.0,18.61,4.56,6.95,87.61,0.0
garowe,2025021122,8.4,48.48,0.0,18.32,4.96,7.2,89.9,0.0
garowe,2025021123,8.4,48.48,0.0,18.17,4.74,6.72,90.83,0.0
garowe,2025021200,8.4,48.48,0.0,18.04,4.55,6.79,91.02,0.0
garowe,2025021201,8.4,48.48,0.0,18.02,4.54,6.83,90.54,0.0
garowe,2025021202,8.4,48.48,0.0,17.9,4.27,6.63,90.79,0.0
garowe,2025021203,8.4,48.48,43.75,18.86,5.1,6.6,85.34,0.0
garowe,2025021204,8.4,48.48,215.75,21.41,6.95,8.24,70.61,0.0
garowe,2025021205,8.4,48.48,400.73,23.89,7.51,8.54,57.94,0.0
garowe,2025021206,8.4,48.48,605.97,26.31,7.36,8.27,47.98,0.0
garowe,2025021207,8.4,48.48,846.55,28.53,7.15,7.96,40.3,0.0
garowe,2025021208,8.4,48.48,950.2,30.31,6.96,7.71,34.81,0.0
garowe,2025021209,8.4,48.48,938.0,31.6,6.83,7.52,31.09,0.0
garowe,2025021210,8.4,48.48,850.05,32.33,6.77,7.4,28.89,0.0
garowe,2025021211,8.4,48.48,688.1,32.4,6.89,7.53,28.35,0.0
garowe,2025021212,8.4,48.48,469.9,31.77,7.21,7.94,29.34,0.0
garowe,2025021213,8.4,48.48,231.4,30.35,7.52,8.57,32.28,0.0
garowe,2025021214,8.4,48.48,39.97,27.95,6.89,9.21,38.57,0.0
garowe,2025021215,8.4,48.48,0.0,25.9,7.15,9.66,46.54,0.0
garowe,2025021216,8.4,48.48,0.0,24.26,6.95,9.06,55.38,0.0
garowe,2025021217,8.4,48.48,0.0,22.85,6.45,8.41,64.69,0.0
garowe,2025021218,8.4,48.48,0.0,21.71,5.91,7.76,73.32,0.0
garowe,2025021219,8.4,48.48,0.0,20.77,5.41,7.26,80.75,0.0
garowe,2025021220,8.4,48.48,0.0,20.07,5.45,7.26,86.46,0.0
garowe,2025021221,8.4,48.48,0.0,19.6,5.41,7.1,89.43,0.0
garowe,2025021222,8.4,48.48,0.0,19.16,5.19,6.96,91.2,0.0
garowe,2025021223,8.4,48.48,0.0,18.55,4.76,6.95,93.46,0.0
garowe,2025021300,8.4,48.48,0.0,18.3,4.83,6.94,93.73,0.0
garowe,2025021301,8.4,48.48,0.0,17.99,4.71,6.93,94.01,0.0
garowe,2025021302,8.4,48.48,0.0,17.68,4.52,6.95,94.6,0.0
garowe,2025021303,8.4,48.48,47.85,18.47,5.3,6.69,89.51,0.0
garowe,2025021304,8.4,48.48,272.77,20.98,6.31,7.35,74.93,0.0
garowe,2025021305,8.4,48.48,536.12,23.91,6.52,7.32,58.47,0.0
garowe,2025021306,8.4,48.48,753.65,26.51,6.11,6.74,46.96,0.0
garowe,2025021307,8.4,48.48,917.35,28.76,5.58,6.08,38.37,0.0
garowe,2025021308,8.4,48.48,1008.9,30.58,5.04,5.44,32.23,0.0
garowe,2025021309,8.4,48.48,1002.22,31.91,4.61,4.96,28.11,0.0
garowe,2025021310,8.4,48.48,918.97,32.68,4.45,4.77,25.68,0.0
garowe,2025021311,8.4,48.48,758.28,32.92,4.53,4.87,24.49,0.0
garowe,2025021312,8.4,48.48,535.33,32.56,4.79,5.18,24.46,0.0
garowe,2025021313,8.4,48.48,278.02,31.45,5.13,5.74,25.95,0.0
garowe,2025021314,8.4,48.48,50.08,28.39,4.22,7.03,31.98,0.0
garowe,2025021315,8.4,48.48,0.0,26.36,5.62,9.03,38.79,0.0
garowe,2025021316,8.4,48.48,0.0,24.86,7.04,9.61,47.09,0.0
garowe,2025021317,8.4,48.48,0.0,23.1,7.23,9.43,57.87,0.0
garowe,2025021318,8.4,48.48,0.0,21.7,6.4,8.36,67.78,0.0
garowe,2025021319,8.4,48.48,0.0,20.72,5.41,7.34,75.2,0.0
garowe,2025021320,8.4,48.48,0.0,19.94,4.58,6.57,81.03,0.0
garowe,2025021321,8.4,48.48,0.0,19.25,3.91,5.91,85.9,0.0
garowe,2025021322,8.4,48.48,0.0,18.65,3.59,5.59,90.14,0.0
garowe,2025021323,8.4,48.48,0.0,18.44,3.96,5.85,91.61,0.0
garowe,2025021400,8.4,48.48,0.0,18.44,4.45,6.13,91.42,0.0
garowe,2025021401,8.4,48.48,0.0,18.45,4.6,6.25,90.78,0.0
garowe,2025021402,8.4,48.48,0.0,18.39,4.75,6.46,90.33,0.0
garowe,2025021403,8.4,48.48,50.83,18.94,5.85,7.15,84.98,0.0
garowe,2025021404,8.4,48.48,283.42,20.72,6.42,7.28,73.29,0.0
garowe,2025021405,8.4,48.48,537.4,23.26,6.36,7.06,59.8,0.0
garowe,2025021406,8.4,48.48,729.58,26.08,6.08,6.68,47.22,0.0
garowe,2025021407,8.4,48.48,859.47,28.73,5.56,6.05,36.81,0.0
garowe,2025021408,8.4,48.48,896.1,30.85,4.97,5.39,29.2,0.0
garowe,2025021409,8.4,48.48,871.15,32.33,4.61,5.0,24.18,0.0
garowe,2025021410,8.4,48.48,806.4,33.25,4.56,4.95,21.03,0.0
garowe,2025021411,8.4,48.48,669.12,33.63,4.74,5.17,19.28,0.0
garowe,2025021412,8.4,48.48,474.65,33.34,5.17,5.68,18.94,0.0
garowe,2025021413,8.4,48.48,247.93,32.24,5.64,6.47,20.25,0.0
garowe,2025021414,8.4,48.48,44.0,28.79,4.54,7.91,26.63,0.0
garowe,2025021415,8.4,48.48,0.0,26.73,5.97,9.7,35.04,0.0
garowe,2025021416,8.4,48.48,0.0,25.23,7.33,10.09,46.99,0.0
garowe,2025021417,8.4,48.48,0.0,23.38,7.41,9.52,60.9,0.0
garowe,2025021418,8.4,48.48,0.0,21.88,6.61,8.41,70.6,0.0
garowe,2025021419,8.4,48.48,0.0,20.8,5.83,7.52,76.79,0.0
garowe,2025021420,8.4,48.48,0.0,19.96,5.35,7.13,81.56,0.0
garowe,2025021421,8.4,48.48,0.0,19.41,5.33,6.94,84.69,0.0
garowe,2025021422,8.4,48.48,0.0,18.99,4.89,6.38,87.03,0.0
garowe,2025021423,8.4,48.48,0.0,18.74,4.59,6.17,87.76,0.0
garowe,2025021500,8.4,48.48,0.0,18.62,4.55,6.08,87.88,0.0
garowe,2025021501,8.4,48.48,0.0,18.47,4.36,5.84,88.04,0.0
garowe,2025021502,8.4,48.48,0.0,18.33,4.08,5.66,87.81,0.0
garowe,2025021503,8.4,48.48,52.92,18.92,5.03,6.11,83.16,0.0
garowe,2025021504,8.4,48.48,293.6,20.59,5.63,6.33,73.46,0.0
garowe,2025021505,8.4,48.48,554.3,23.07,5.46,6.02,61.43,0.0
garowe,2025021506,8.4,48.48,780.25,25.75,5.2,5.68,50.16,0.0
garowe,2025021507,8.4,48.48,939.33,28.33,4.83,5.24,40.04,0.0
garowe,2025021508,8.4,48.48,1007.78,30.6,4.3,4.64,31.25,0.0
garowe,2025021509,8.4,48.48,987.8,32.29,3.88,4.18,24.83,0.0
garowe,2025021510,8.4,48.48,895.85,33.28,3.73,4.02,20.81,0.0
garowe,2025021511,8.4,48.48,747.45,33.65,3.81,4.1,18.56,0.0
garowe,2025021512,8.4,48.48,541.85,33.35,4.05,4.35,17.76,0.0
garowe,2025021513,8.4,48.48,277.12,32.28,4.29,4.83,18.43,0.0
garowe,2025021514,8.4,48.48,50.55,28.4,3.4,6.31,24.51,0.0
garowe,2025021515,8.4,48.48,0.0,26.22,4.65,8.56,30.86,0.0
garowe,2025021516,8.4,48.48,0.0,25.0,6.16,9.36,40.65,0.0
garowe,2025021517,8.4,48.48,0.0,23.17,6.66,8.99,55.1,0.0
garowe,2025021518,8.4,48.48,0.0,21.6,6.35,8.3,68.71,0.0
garowe,2025021519,8.4,48.48,0.0,20.46,5.56,7.31,78.3,0.0
garowe,2025021520,8.4,48.48,0.0,19.57,4.63,6.37,84.9,0.0
garowe,2025021521,8.4,48.48,0.0,18.91,3.98,5.71,89.66,0.0
garowe,2025021522,8.4,48.48,0.0,18.52,3.61,5.26,92.4,0.0
garowe,2025021523,8.4,48.48,0.0,18.33,3.49,5.15,93.63,0.0
garowe,2025021600,8.4,48.48,0.0,18.23,3.56,5.41,93.87,0.0
garowe,2025021601,8.4,48.48,0.0,18.15,3.82,5.72,93.44,0.0
garowe,2025021602,8.4,48.48,0.0,18.03,3.87,5.85,93.23,0.0
garowe,2025021603,8.4,48.48,49.85,18.8,4.97,6.05,87.65,0.0
garowe,2025021604,8.4,48.48,269.67,20.74,5.48,6.13,75.54,0.0
garowe,2025021605,8.4,48.48,547.53,23.35,5.52,6.06,61.92,0.0
garowe,2025021606,8.4,48.48,775.7,26.21,5.57,6.07,48.89,0.0
garowe,2025021607,8.4,48.48,943.08,28.99,5.45,5.9,37.13,0.0
garowe,2025021608,8.4,48.48,1023.33,31.35,5.1,5.48,27.33,0.0
garowe,2025021609,8.4,48.48,1011.5,32.88,4.82,5.16,21.66,0.0
garowe,2025021610,8.4,48.48,915.6,33.65,4.76,5.08,18.85,0.0
garowe,2025021611,8.4,48.48,760.22,33.81,4.91,5.24,17.74,0.0
garowe,2025021612,8.4,48.48,540.88,33.27,5.26,5.67,18.25,0.0
garowe,2025021613,8.4,48.48,286.92,31.9,5.62,6.33,20.71,0.0
garowe,2025021614,8.4,48.48,53.62,28.39,4.59,7.66,28.72,0.0
garowe,2025021615,8.4,48.48,0.0,26.15,5.86,9.26,38.95,0.0
garowe,2025021616,8.4,48.48,0.0,24.54,6.83,9.37,50.04,0.0
garowe,2025021617,8.4,48.48,0.0,22.86,6.35,8.46,60.75,0.0
garowe,2025021618,8.4,48.48,0.0,21.48,5.49,7.53,69.3,0.0
garowe,2025021619,8.4,48.48,0.0,20.34,4.76,6.8,76.56,0.0
garowe,2025021620,8.4,48.48,0.0,19.37,4.15,6.27,83.11,0.0
garowe,2025021621,8.4,48.48,0.0,18.52,3.73,5.92,89.18,0.0
garowe,2025021622,8.4,48.48,0.0,18.03,3.66,5.61,92.73,0.0
garowe,2025021623,8.4,48.48,0.0,17.74,3.75,5.7,94.2,0.0
garowe,2025021700,8.4,48.48,0.0,17.61,4.25,6.18,94.02,0.0
garowe,2025021701,8.4,48.48,0.0,17.45,4.52,6.39,93.97,0.0
garowe,2025021702,8.4,48.48,0.0,17.23,4.68,6.47,93.97,0.0
garowe,2025021703,8.4,48.48,55.35,17.77,5.61,6.82,88.95,0.0
garowe,2025021704,8.4,48.48,293.92,19.84,6.36,7.23,73.62,0.0
garowe,2025021705,8.4,48.48,558.33,22.74,6.56,7.34,55.77,0.0
garowe,2025021706,8.4,48.48,799.15,25.72,6.48,7.19,42.18,0.0
garowe,2025021707,8.4,48.48,962.7,28.39,6.27,6.9,33.27,0.0
garowe,2025021708,8.4,48.48,1024.88,30.55,6.02,6.59,27.33,0.0
garowe,2025021709,8.4,48.48,1020.3,32.06,5.8,6.31,23.52,0.0
garowe,2025021710,8.4,48.48,925.1,32.9,5.71,6.18,21.28,0.0
garowe,2025021711,8.4,48.48,761.83,33.07,5.77,6.24,20.28,0.0
garowe,2025021712,8.4,48.48,537.15,32.53,6.0,6.53,20.6,0.0
garowe,2025021713,8.4,48.48,281.42,31.15,6.25,7.07,22.44,0.0
garowe,2025021714,8.4,48.48,51.97,27.88,5.06,8.17,28.57,0.0
garowe,2025021715,8.4,48.48,0.0,25.63,6.15,9.48,35.97,0.0
garowe,2025021716,8.4,48.48,0.0,23.98,6.73,9.37,44.73,0.0
garowe,2025021717,8.4,48.48,0.0,22.4,6.05,8.38,54.87,0.0
garowe,2025021718,8.4,48.48,0.0,21.1,5.32,7.58,65.01,0.0
garowe,2025021719,8.4,48.48,0.0,20.05,4.85,7.04,74.34,0.0
garowe,2025021720,8.4,48.48,0.0,19.12,4.48,6.63,82.77,0.0
garowe,2025021721,8.4,48.48,0.0,18.37,4.17,6.28,89.64,0.0
garowe,2025021722,8.4,48.48,0.0,18.0,4.2,6.3,93.17,0.0
garowe,2025021723,8.4,48.48,0.0,17.99,4.77,6.76,93.73,0.0
garowe,2025021800,8.4,48.48,0.0,17.98,4.99,6.83,93.32,0.0
garowe,2025021801,8.4,48.48,0.0,17.94,5.28,7.18,91.78,0.0
garowe,2025021802,8.4,48.48,0.0,17.8,5.21,7.06,91.2,0.0
garowe,2025021803,8.4,48.48,56.03,18.3,5.66,6.86,86.81,0.0
garowe,2025021804,8.4,48.48,289.58,20.17,5.93,6.73,73.72,0.0
garowe,2025021805,8.4,48.48,541.7,22.88,5.78,6.43,57.84,0.0
garowe,2025021806,8.4,48.48,788.03,25.66,5.41,5.94,45.48,0.0
garowe,2025021807,8.4,48.48,951.3,28.11,4.93,5.38,36.9,0.0
garowe,2025021808,8.4,48.48,1034.07,30.17,4.49,4.86,30.31,0.0
garowe,2025021809,8.4,48.48,1016.95,31.66,4.04,4.35,25.71,0.0
garowe,2025021810,8.4,48.48,931.6,32.54,3.71,3.97,22.95,0.0
garowe,2025021811,8.4,48.48,773.55,32.84,3.6,3.86,21.51,0.0
garowe,2025021812,8.4,48.48,548.92,32.53,3.69,3.96,21.29,0.0
garowe,2025021813,8.4,48.48,289.85,31.48,3.85,4.26,22.47,0.0
garowe,2025021814,8.4,48.48,54.78,28.03,3.0,5.21,28.77,0.0
garowe,2025021815,8.4,48.48,0.0,25.8,3.96,7.14,34.93,0.0
garowe,2025021816,8.4,48.48,0.0,24.66,5.05,8.43,42.46,0.0
garowe,2025021817,8.4,48.48,0.0,23.21,5.92,8.54,53.68,0.0
garowe,2025021818,8.4,48.48,0.0,21.71,6.09,8.29,66.96,0.0
garowe,2025021819,8.4,48.48,0.0,20.57,5.75,7.8,78.9,0.0
garowe,2025021820,8.4,48.48,0.0,19.77,5.0,6.98,87.47,0.0
garowe,2025021821,8.4,48.48,0.0,19.42,4.73,6.56,90.9,0.0
garowe,2025021822,8.4,48.48,0.0,19.19,4.76,6.47,91.49,0.0
garowe,2025021823,8.4,48.48,0.0,18.83,4.04,5.73,93.2,0.0
garowe,2025021900,8.4,48.48,0.0,18.6,4.06,5.97,94.0,0.0
garowe,2025021901,8.4,48.48,0.0,18.6,4.14,6.0,93.27,0.0
garowe,2025021902,8.4,48.48,0.0,18.58,4.18,6.06,92.54,0.0
garowe,2025021903,8.4,48.48,56.38,19.33,5.26,6.44,86.81,0.0
garowe,2025021904,8.4,48.48,291.35,21.21,5.86,6.61,74.87,0.0
garowe,2025021905,8.4,48.48,551.42,23.92,5.72,6.31,60.2,0.0
garowe,2025021906,8.4,48.48,775.28,26.88,5.45,5.94,45.54,0.0
garowe,2025021907,8.4,48.48,935.22,29.6,4.99,5.39,32.94,0.0
garowe,2025021908,8.4,48.48,1021.6,31.68,4.53,4.88,25.04,0.0
garowe,2025021909,8.4,48.48,1022.15,33.11,4.26,4.59,20.51,0.0
garowe,2025021910,8.4,48.48,936.85,33.94,4.17,4.5,17.9,0.0
garowe,2025021911,8.4,48.48,774.2,34.17,4.28,4.62,16.58,0.0
garowe,2025021912,8.4,48.48,547.65,33.78,4.58,4.96,16.36,0.0
garowe,2025021913,8.4,48.48,284.77,32.63,4.91,5.57,17.58,0.0
garowe,2025021914,8.4,48.48,53.38,28.84,4.04,7.05,24.28,0.0
garowe,2025021915,8.4,48.48,0.0,26.6,5.55,9.29,33.02,0.0
garowe,2025021916,8.4,48.48,0.0,25.16,7.22,10.06,44.93,0.0
garowe,2025021917,8.4,48.48,0.0,23.31,7.52,9.81,59.63,0.0
garowe,2025021918,8.4,48.48,0.0,21.86,6.36,8.26,71.04,0.0
garowe,2025021919,8.4,48.48,0.0,20.85,5.26,7.15,78.58,0.0
garowe,2025021920,8.4,48.48,0.0,20.04,4.47,6.5,84.45,0.0
garowe,2025021921,8.4,48.48,0.0,19.45,4.43,6.6,89.02,0.0
garowe,2025021922,8.4,48.48,0.0,19.1,4.21,6.18,91.84,0.0
garowe,2025021923,8.4,48.48,0.0,19.11,4.4,6.13,91.77,0.0
garowe,2025022000,8.4,48.48,0.0,19.1,4.39,6.05,91.25,0.0
garowe,2025022001,8.4,48.48,0.0,19.02,4.49,6.23,89.69,0.0
garowe,2025022002,8.4,48.48,0.0,18.81,4.3,6.11,89.42,0.0
garowe,2025022003,8.4,48.48,56.3,19.28,5.04,6.06,85.14,0.0
garowe,2025022004,8.4,48.48,283.52,20.91,5.16,5.73,73.71,0.0
garowe,2025022005,8.4,48.48,533.78,23.36,4.82,5.25,60.12,0.0
garowe,2025022006,8.4,48.48,766.03,26.26,4.37,4.68,45.16,0.0
garowe,2025022007,8.4,48.48,928.4,29.06,3.57,3.73,31.77,0.0
garowe,2025022008,8.4,48.48,1007.83,31.14,2.72,2.79,23.83,0.0
garowe,2025022009,8.4,48.48,1009.95,32.55,2.18,2.23,19.24,0.0
garowe,2025022010,8.4,48.48,933.65,33.35,1.99,2.04,16.77,0.0
garowe,2025022011,8.4,48.48,771.1,33.59,2.06,2.13,15.54,0.0
garowe,2025022012,8.4,48.48,546.58,33.29,2.34,2.46,15.33,0.0
garowe,2025022013,8.4,48.48,287.58,32.31,2.72,2.94,16.26,0.0
garowe,2025022014,8.4,48.48,54.28,28.71,2.5,4.23,22.92,0.0
garowe,2025022015,8.4,48.48,0.0,26.24,3.8,6.58,29.8,0.0
garowe,2025022016,8.4,48.48,0.0,25.0,5.12,8.39,40.02,0.0
garowe,2025022017,8.4,48.48,0.0,23.51,6.26,8.87,54.38,0.0
garowe,2025022018,8.4,48.48,0.0,21.99,6.42,8.44,68.27,0.0
garowe,2025022019,8.4,48.48,0.0,20.95,5.76,7.67,77.16,0.0
garowe,2025022020,8.4,48.48,0.0,20.15,4.57,6.5,82.91,0.0
garowe,2025022021,8.4,48.48,0.0,19.42,3.63,5.78,87.85,0.0
garowe,2025022022,8.4,48.48,0.0,18.74,3.09,5.43,92.48,0.0
garowe,2025022023,8.4,48.48,0.0,18.43,3.21,5.37,94.72,0.0
garowe,2025022100,8.4,48.48,0.0,18.35,3.43,5.46,95.31,0.0
garowe,2025022101,8.4,48.48,0.0,18.42,3.65,5.65,94.96,0.0
garowe,2025022102,8.4,48.48,0.0,18.53,3.79,5.75,94.38,0.0
garowe,2025022103,8.4,48.48,64.07,19.43,5.07,6.22,88.42,0.0
garowe,2025022104,8.4,48.48,317.42,21.4,5.8,6.55,74.89,0.0
garowe,2025022105,8.4,48.48,582.7,23.99,5.76,6.37,60.15,0.0
garowe,2025022106,8.4,48.48,803.05,26.82,5.56,6.09,46.61,0.0
garowe,2025022107,8.4,48.48,958.95,29.51,5.21,5.65,35.07,0.0
garowe,2025022108,8.4,48.48,1028.65,31.62,4.73,5.08,26.97,0.0
garowe,2025022109,8.4,48.48,1024.22,32.98,4.41,4.71,22.5,0.0
garowe,2025022110,8.4,48.48,935.42,33.7,4.35,4.62,20.24,0.0
garowe,2025022111,8.4,48.48,788.7,33.8,4.44,4.73,19.48,0.0
garowe,2025022112,8.4,48.48,575.08,33.28,4.72,5.05,20.08,0.0
garowe,2025022113,8.4,48.48,308.12,32.04,5.09,5.62,22.17,0.0
garowe,2025022114,8.4,48.48,59.92,28.85,4.23,6.9,28.88,0.0
garowe,2025022115,8.4,48.48,0.0,26.65,5.47,8.81,37.29,0.0
garowe,2025022116,8.4,48.48,0.0,25.21,6.79,9.38,46.71,0.0
garowe,2025022117,8.4,48.48,0.0,23.53,6.7,8.78,57.56,0.0
garowe,2025022118,8.4,48.48,0.0,22.14,5.83,7.72,67.36,0.0
garowe,2025022119,8.4,48.48,0.0,21.05,5.12,6.97,75.84,0.0
garowe,2025022120,8.4,48.48,0.0,20.16,4.58,6.43,83.37,0.0
garowe,2025022121,8.4,48.48,0.0,19.53,4.15,5.96,89.13,0.0
garowe,2025022122,8.4,48.48,0.0,19.31,4.34,6.05,91.56,0.0
garowe,2025022123,8.4,48.48,0.0,19.31,4.48,5.93,91.89,0.0
garowe,2025022200,8.4,48.48,0.0,19.25,4.31,5.98,91.58,0.0
garowe,2025022201,8.4,48.48,0.0,19.25,4.62,6.39,90.08,0.0
garowe,2025022202,8.4,48.48,0.0,19.14,4.65,6.61,89.2,0.0
garowe,2025022203,8.4,48.48,66.55,19.8,5.77,7.13,84.44,0.0
garowe,2025022204,8.4,48.48,317.85,21.65,6.55,7.43,72.73,0.0
garowe,2025022205,8.4,48.48,573.42,24.12,6.5,7.25,59.37,0.0
garowe,2025022206,8.4,48.48,783.2,26.85,6.33,7.0,46.9,0.0
garowe,2025022207,8.4,48.48,931.67,29.43,6.03,6.63,36.67,0.0
garowe,2025022208,8.4,48.48,993.05,31.47,5.7,6.22,29.59,0.0
garowe,2025022209,8.4,48.48,987.75,32.86,5.42,5.89,25.18,0.0
garowe,2025022210,8.4,48.48,918.0,33.65,5.24,5.66,22.54,0.0
garowe,2025022211,8.4,48.48,758.5,33.78,5.25,5.68,21.52,0.0
garowe,2025022212,8.4,48.48,536.5,33.3,5.51,6.0,21.74,0.0
garowe,2025022213,8.4,48.48,283.35,32.08,5.87,6.59,23.57,0.0
garowe,2025022214,8.4,48.48,53.67,29.06,4.82,7.74,29.66,0.0
garowe,2025022215,8.4,48.48,0.0,26.89,5.87,9.24,37.47,0.0
garowe,2025022216,8.4,48.48,0.0,25.36,6.84,9.43,46.66,0.0
garowe,2025022217,8.4,48.48,0.0,23.67,6.41,8.58,58.02,0.0
garowe,2025022218,8.4,48.48,0.0,22.31,5.73,7.76,68.89,0.0
garowe,2025022219,8.4,48.48,0.0,21.21,5.14,7.14,78.56,0.0
garowe,2025022220,8.4,48.48,0.0,20.34,4.75,6.7,86.71,0.0
garowe,2025022221,8.4,48.48,0.0,19.97,4.64,6.46,91.0,0.0
garowe,2025022222,8.4,48.48,0.0,19.87,5.12,7.14,91.84,0.0
garowe,2025022223,8.4,48.48,0.0,19.81,5.25,7.16,91.43,0.0
garowe,2025022300,8.4,48.48,0.0,19.71,5.08,7.05,91.01,0.0
garowe,2025022301,8.4,48.48,0.0,19.58,4.91,6.95,90.85,0.0
garowe,2025022302,8.4,48.48,0.0,19.41,4.66,6.82,91.35,0.0
garowe,2025022303,8.4,48.48,59.47,20.13,5.42,6.67,86.84,0.0
garowe,2025022304,8.4,48.48,294.27,22.2,5.83,6.66,73.69,0.0
garowe,2025022305,8.4,48.48,552.67,25.0,5.87,6.57,58.05,0.0
garowe,2025022306,8.4,48.48,779.88,27.94,5.81,6.45,44.24,0.0
garowe,2025022307,8.4,48.48,939.97,30.61,5.68,6.26,33.19,0.0
garowe,2025022308,8.4,48.48,1021.88,32.61,5.45,5.98,26.31,0.0
garowe,2025022309,8.4,48.48,1020.2,33.9,5.26,5.75,22.43,0.0
garowe,2025022310,8.4,48.48,932.42,34.58,5.19,5.65,20.35,0.0
garowe,2025022311,8.4,48.48,766.7,34.67,5.31,5.76,19.55,0.0
garowe,2025022312,8.4,48.48,538.38,34.17,5.65,6.16,19.95,0.0
garowe,2025022313,8.4,48.48,279.33,32.88,6.11,6.88,22.0,0.0
garowe,2025022314,8.4,48.48,52.45,29.83,5.3,8.24,28.35,0.0
garowe,2025022315,8.4,48.48,0.0,27.56,6.7,9.81,37.16,0.0
garowe,2025022316,8.4,48.48,0.0,25.72,7.32,9.61,48.26,0.0
garowe,2025022317,8.4,48.48,0.0,24.03,6.75,8.75,60.29,0.0
garowe,2025022318,8.4,48.48,0.0,22.78,5.99,7.86,70.5,0.0
garowe,2025022319,8.4,48.48,0.0,21.81,5.5,7.34,78.73,0.0
garowe,2025022320,8.4,48.48,0.0,21.06,5.25,7.08,85.67,0.0
garowe,2025022321,8.4,48.48,0.0,20.72,5.54,7.29,89.1,0.0
garowe,2025022322,8.4,48.48,0.0,20.55,5.43,6.96,89.68,0.0
garowe,2025022323,8.4,48.48,0.0,20.35,5.16,6.76,89.46,0.0
garowe,2025022400,8.4,48.48,0.0,20.12,4.98,6.66,88.7,0.0
garowe,2025022401,8.4,48.48,0.0,19.88,4.63,6.37,88.65,0.0
garowe,2025022402,8.4,48.48,0.0,19.67,4.26,6.11,88.83,0.0
garowe,2025022403,8.4,48.48,59.78,20.3,4.82,5.83,84.88,0.0
garowe,2025022404,8.4,48.48,290.6,22.15,5.01,5.66,73.9,0.0
garowe,2025022405,8.4,48.48,532.33,24.81,5.09,5.71,59.82,0.0
garowe,2025022406,8.4,48.48,753.05,27.75,5.24,5.83,46.36,0.0
garowe,2025022407,8.4,48.48,908.75,30.21,5.12,5.65,36.11,0.0
garowe,2025022408,8.4,48.48,972.58,32.0,4.9,5.35,29.65,0.0
garowe,2025022409,8.4,48.48,972.05,33.24,4.78,5.2,25.59,0.0
garowe,2025022410,8.4,48.48,885.78,33.9,4.84,5.22,23.14,0.0
garowe,2025022411,8.4,48.48,720.3,33.97,5.04,5.43,22.17,0.0
garowe,2025022412,8.4,48.48,499.02,33.4,5.38,5.82,22.44,0.0
garowe,2025022413,8.4,48.48,255.98,32.18,5.69,6.35,23.91,0.0
garowe,2025022414,8.4,48.48,48.38,29.39,4.53,7.29,28.91,0.0
garowe,2025022415,8.4,48.48,0.0,27.29,5.17,8.6,35.04,0.0
garowe,2025022416,8.4,48.48,0.0,25.96,6.02,8.78,42.24,0.0
garowe,2025022417,8.4,48.48,0.0,24.47,5.74,8.08,51.84,0.0
garowe,2025022418,8.4,48.48,0.0,23.17,5.0,7.18,61.95,0.0
garowe,2025022419,8.4,48.48,0.0,22.07,4.42,6.54,71.42,0.0
garowe,2025022420,8.4,48.48,0.0,21.11,4.0,6.07,79.87,0.0
garowe,2025022421,8.4,48.48,0.0,20.3,3.7,5.72,86.96,0.0
garowe,2025022422,8.4,48.48,0.0,19.88,3.71,5.59,90.95,0.0
garowe,2025022423,8.4,48.48,0.0,19.7,4.0,5.85,92.42,0.0
garowe,2025022500,8.4,48.48,0.0,19.36,3.61,5.46,94.29,0.0
garowe,2025022501,8.4,48.48,0.0,19.12,3.72,5.7,94.2,0.0
garowe,2025022502,8.4,48.48,0.0,18.87,3.73,5.69,94.46,0.0
garowe,2025022503,8.4,48.48,63.8,19.64,4.53,5.51,88.99,0.0
garowe,2025022504,8.4,48.48,309.17,21.7,4.91,5.5,75.4,0.0
garowe,2025022505,8.4,48.48,569.5,24.55,5.1,5.7,58.51,0.0
garowe,2025022506,8.4,48.48,792.85,28.07,5.47,6.06,40.48,0.0
garowe,2025022507,8.4,48.48,950.0,30.71,5.25,5.72,30.56,0.0
garowe,2025022508,8.4,48.48,1011.78,32.5,4.87,5.26,25.68,0.0
garowe,2025022509,8.4,48.48,1010.95,33.69,4.6,4.95,22.85,0.0
garowe,2025022510,8.4,48.48,925.8,34.34,4.51,4.84,21.17,0.0
garowe,2025022511,8.4,48.48,764.33,34.41,4.6,4.93,20.62,0.0
garowe,2025022512,8.4,48.48,539.38,33.9,4.94,5.34,21.03,0.0
garowe,2025022513,8.4,48.48,279.88,32.73,5.44,6.11,22.74,0.0
garowe,2025022514,8.4,48.48,52.38,29.8,4.75,7.68,28.54,0.0
garowe,2025022515,8.4,48.48,0.0,27.81,6.45,9.69,36.0,0.0
garowe,2025022516,8.4,48.48,0.0,26.14,7.52,9.89,45.62,0.0
garowe,2025022517,8.4,48.48,0.0,24.4,6.98,9.02,56.82,0.0
garowe,2025022518,8.4,48.48,0.0,23.05,5.97,7.88,66.61,0.0
garowe,2025022519,8.4,48.48,0.0,21.98,5.16,7.08,74.76,0.0
garowe,2025022520,8.4,48.48,0.0,21.01,4.65,6.61,82.53,0.0
garowe,2025022521,8.4,48.48,0.0,20.29,4.48,6.38,88.88,0.0
garowe,2025022522,8.4,48.48,0.0,19.88,4.62,6.55,92.21,0.0
garowe,2025022523,8.4,48.48,0.0,19.38,4.37,6.38,94.35,0.0
garowe,2025022600,8.4,48.48,0.0,18.89,4.1,6.18,95.85,0.0
garowe,2025022601,8.4,48.48,0.0,18.62,4.14,6.08,95.78,0.0
garowe,2025022602,8.4,48.48,0.0,18.39,4.27,6.04,95.53,0.0
garowe,2025022603,8.4,48.48,61.5,19.06,5.21,6.2,90.11,0.0
garowe,2025022604,8.4,48.48,299.1,21.62,6.09,6.99,74.5,0.0
garowe,2025022605,8.4,48.48,559.25,25.21,6.95,7.94,52.96,0.0
garowe,2025022606,8.4,48.48,781.95,28.5,7.32,8.21,36.6,0.0
garowe,2025022607,8.4,48.48,938.47,30.86,7.1,7.87,28.86,0.0
garowe,2025022608,8.4,48.48,1016.38,32.53,6.67,7.31,24.39,0.0
garowe,2025022609,8.4,48.48,1013.05,33.66,6.25,6.79,21.58,0.0
garowe,2025022610,8.4,48.48,928.92,34.23,5.98,6.44,19.89,0.0
garowe,2025022611,8.4,48.48,760.1,34.21,5.92,6.35,19.28,0.0
garowe,2025022612,8.4,48.48,529.33,33.55,6.1,6.59,19.8,0.0
garowe,2025022613,8.4,48.48,269.98,32.16,6.41,7.18,21.73,0.0
garowe,2025022614,8.4,48.48,49.6,29.31,5.62,8.45,27.23,0.0
garowe,2025022615,8.4,48.48,0.0,27.14,6.82,9.89,34.95,0.0
garowe,2025022616,8.4,48.48,0.0,25.48,7.26,9.69,44.89,0.0
garowe,2025022617,8.4,48.48,0.0,23.89,6.74,8.89,56.95,0.0
garowe,2025022618,8.4,48.48,0.0,22.6,6.17,8.17,68.74,0.0
garowe,2025022619,8.4,48.48,0.0,21.56,5.77,7.67,78.78,0.0
garowe,2025022620,8.4,48.48,0.0,20.89,5.73,7.55,85.91,0.0
garowe,2025022621,8.4,48.48,0.0,20.55,5.66,7.43,88.69,0.0
garowe,2025022622,8.4,48.48,0.0,20.3,5.6,7.38,89.72,0.0
garowe,2025022623,8.4,48.48,0.0,20.09,5.54,7.33,90.58,0.0
garowe,2025022700,8.4,48.48,0.0,19.88,5.5,7.31,90.95,0.0
garowe,2025022701,8.4,48.48,0.0,19.64,5.39,7.27,91.18,0.0
garowe,2025022702,8.4,48.48,0.0,19.39,5.31,7.24,91.4,0.0
garowe,2025022703,8.4,48.48,60.55,19.9,5.99,7.24,87.12,0.0
garowe,2025022704,8.4,48.48,298.35,21.85,6.36,7.25,73.6,0.0
garowe,2025022705,8.4,48.48,562.55,24.85,6.49,7.29,54.52,0.0
garowe,2025022706,8.4,48.48,791.1,28.18,6.49,7.24,37.25,0.0
garowe,2025022707,8.4,48.48,949.9,30.99,6.14,6.76,26.49,0.0
garowe,2025022708,8.4,48.48,1015.83,32.88,5.51,6.02,21.05,0.0
garowe,2025022709,8.4,48.48,1005.97,34.13,4.93,5.34,17.75,0.0
garowe,2025022710,8.4,48.48,911.78,34.8,4.48,4.84,15.85,0.0
garowe,2025022711,8.4,48.48,744.05,34.96,4.22,4.56,14.99,0.0
garowe,2025022712,8.4,48.48,514.35,34.52,4.14,4.5,15.05,0.0
garowe,2025022713,8.4,48.48,258.45,33.42,4.14,4.72,16.13,0.0
garowe,2025022714,8.4,48.48,46.65,29.6,3.24,5.76,22.06,0.0
garowe,2025022715,8.4,48.48,0.0,27.38,4.33,7.87,27.83,0.0
garowe,2025022716,8.4,48.48,0.0,26.28,5.84,9.26,36.4,0.0
garowe,2025022717,8.4,48.48,0.0,24.61,6.92,9.37,50.11,0.0
garowe,2025022718,8.4,48.48,0.0,22.99,6.91,8.91,64.68,0.0
garowe,2025022719,8.4,48.48,0.0,21.87,6.1,7.83,76.01,0.0
garowe,2025022720,8.4,48.48,0.0,21.14,5.74,7.31,83.72,0.0
garowe,2025022721,8.4,48.48,0.0,20.82,5.52,7.13,86.99,0.0
garowe,2025022722,8.4,48.48,0.0,20.61,5.35,6.98,88.08,0.0
garowe,2025022723,8.4,48.48,0.0,20.5,5.21,6.93,87.78,0.0
garowe,2025022800,8.4,48.48,0.0,20.47,5.25,7.04,87.27,0.0
garowe,2025022801,8.4,48.48,0.0,20.38,5.04,6.85,87.3,0.0
garowe,2025022802,8.4,48.48,0.0,20.22,4.75,6.65,87.73,0.0
garowe,2025022803,8.4,48.48,63.58,20.8,5.36,6.51,83.53,0.0
garowe,2025022804,8.4,48.48,306.9,22.49,5.54,6.25,71.98,0.0
garowe,2025022805,8.4,48.48,572.8,24.96,5.3,5.85,57.96,0.0
garowe,2025022806,8.4,48.48,791.6,27.64,4.97,5.43,45.82,0.0
garowe,2025022807,8.4,48.48,946.55,30.09,4.44,4.8,36.49,0.0
garowe,2025022808,8.4,48.48,1011.05,31.97,3.83,4.13,30.06,0.0
garowe,2025022809,8.4,48.48,1001.05,33.26,3.34,3.6,25.8,0.0
garowe,2025022810,8.4,48.48,924.4,34.02,3.0,3.23,23.02,0.0
garowe,2025022811,8.4,48.48,764.8,34.25,2.85,3.04,21.44,0.0
garowe,2025022812,8.4,48.48,535.15,34.02,2.96,3.11,20.8,0.0
garowe,2025022813,8.4,48.48,274.2,33.14,3.44,3.68,21.31,0.0
garowe,2025022814,8.4,48.48,51.1,30.13,3.47,5.7,26.33,0.0
garowe,2025022815,8.4,48.48,0.0,27.91,5.51,8.84,32.94,0.0
garowe,2025022816,8.4,48.48,0.0,26.25,7.85,10.25,43.48,0.0
garowe,2025022817,8.4,48.48,0.0,24.19,8.0,9.88,57.96,0.0
garowe,2025022818,8.4,48.48,0.0,22.82,6.82,8.45,69.09,0.0
garowe,2025022819,8.4,48.48,0.0,21.91,5.44,6.97,76.37,0.0
garowe,2025022820,8.4,48.48,0.0,21.16,4.58,6.1,82.28,0.0
garowe,2025022821,8.4,48.48,0.0,20.54,4.19,5.81,87.05,0.0
garowe,2025022822,8.4,48.48,0.0,20.17,4.39,6.01,89.83,0.0
garowe,2025022823,8.4,48.48,0.0,19.88,4.44,6.08,91.31,0.0
garowe,2025030100,8.4,48.48,0.0,19.59,4.4,6.18,91.99,0.0
garowe,2025030101,8.4,48.48,0.0,19.31,4.48,6.44,91.82,0.0
garowe,2025030102,8.4,48.48,0.0,19.09,4.6,6.67,91.69,0.0
garowe,2025030103,8.4,48.48,65.43,19.89,5.73,6.95,86.14,0.0
garowe,2025030104,8.4,48.48,305.25,22.13,6.47,7.36,71.41,0.0
garowe,2025030105,8.4,48.48,571.55,25.05,6.67,7.43,54.6,0.0
garowe,2025030106,8.4,48.48,794.72,28.04,6.36,6.99,41.97,0.0
garowe,2025030107,8.4,48.48,952.9,30.68,5.75,6.23,33.01,0.0
garowe,2025030108,8.4,48.48,1040.65,32.66,5.14,5.52,27.25,0.0
garowe,2025030109,8.4,48.48,1035.75,33.95,4.74,5.07,23.66,0.0
garowe,2025030110,8.4,48.48,950.15,34.63,4.61,4.91,21.3,0.0
garowe,2025030111,8.4,48.48,786.65,34.73,4.72,5.01,20.02,0.0
garowe,2025030112,8.4,48.48,559.1,34.21,5.07,5.4,19.87,0.0
garowe,2025030113,8.4,48.48,293.65,32.94,5.61,6.18,21.12,0.0
garowe,2025030114,8.4,48.48,55.45,30.03,5.23,7.94,26.1,0.0
garowe,2025030115,8.4,48.48,0.0,27.81,6.9,9.8,33.04,0.0
garowe,2025030116,8.4,48.48,0.0,26.07,7.52,9.65,41.99,0.0
garowe,2025030117,8.4,48.48,0.0,24.5,6.76,8.53,51.95,0.0
garowe,2025030118,8.4,48.48,0.0,23.34,5.78,7.31,60.85,0.0
garowe,2025030119,8.4,48.48,0.0,22.49,4.97,6.34,68.1,0.0
garowe,2025030120,8.4,48.48,0.0,21.81,4.27,5.55,74.19,0.0
garowe,2025030121,8.4,48.48,0.0,21.18,3.88,5.31,79.59,0.0
garowe,2025030122,8.4,48.48,0.0,20.63,3.86,5.39,84.11,0.0
garowe,2025030123,8.4,48.48,0.0,20.23,3.89,5.49,86.99,0.0
garowe,2025030200,8.4,48.48,0.0,19.93,3.82,5.45,88.39,0.0
garowe,2025030201,8.4,48.48,0.0,19.6,3.68,5.4,89.62,0.0
garowe,2025030202,8.4,48.48,0.0,19.26,3.66,5.46,90.73,0.0
garowe,2025030203,8.4,48.48,65.72,20.01,4.55,5.44,85.5,0.0
garowe,2025030204,8.4,48.48,290.52,21.95,4.67,5.17,72.52,0.0
garowe,2025030205,8.4,48.48,541.15,24.55,4.2,4.56,58.54,0.0
garowe,2025030206,8.4,48.48,756.08,27.73,3.64,3.88,42.98,0.0
garowe,2025030207,8.4,48.48,910.65,30.91,2.88,3.05,30.04,0.0
garowe,2025030208,8.4,48.48,996.72,32.86,2.44,2.66,24.68,0.0
garowe,2025030209,8.4,48.48,1020.92,34.12,2.24,2.51,21.44,0.0
garowe,2025030210,8.4,48.48,935.88,34.9,2.11,2.42,19.15,0.0
garowe,2025030211,8.4,48.48,772.92,35.19,2.0,2.29,17.79,0.0
garowe,2025030212,8.4,48.48,548.22,34.98,2.02,2.26,17.18,0.0
garowe,2025030213,8.4,48.48,285.17,34.15,2.47,2.68,17.54,0.0
garowe,2025030214,8.4,48.48,54.33,31.04,3.01,4.84,22.45,0.0
garowe,2025030215,8.4,48.48,0.0,29.31,5.07,8.23,26.67,0.0
garowe,2025030216,8.4,48.48,0.0,27.83,7.79,10.04,37.03,0.0
garowe,2025030217,8.4,48.48,0.0,25.37,8.54,10.24,56.39,0.0
garowe,2025030218,8.4,48.48,0.0,23.59,8.08,9.63,72.96,0.0
garowe,2025030219,8.4,48.48,0.0,22.77,7.12,8.48,79.25,0.0
garowe,2025030220,8.4,48.48,0.0,22.44,6.29,7.56,80.84,0.0
garowe,2025030221,8.4,48.48,0.0,22.29,5.8,6.99,81.21,0.0
garowe,2025030222,8.4,48.48,0.0,22.11,5.29,6.4,82.01,0.0
garowe,2025030223,8.4,48.48,0.0,21.87,4.83,6.0,83.05,0.0
garowe,2025030300,8.4,48.48,0.0,21.6,4.53,5.76,83.8,0.0
garowe,2025030301,8.4,48.48,0.0,21.23,4.16,5.51,85.39,0.0
garowe,2025030302,8.4,48.48,0.0,20.84,3.85,5.38,87.09,0.0
garowe,2025030303,8.4,48.48,66.1,21.39,4.75,5.65,83.13,0.0
garowe,2025030304,8.4,48.48,301.62,23.09,5.18,5.74,71.73,0.0
garowe,2025030305,8.4,48.48,565.88,25.38,4.95,5.37,59.64,0.0
garowe,2025030306,8.4,48.48,801.3,27.93,4.69,5.05,47.42,0.0
garowe,2025030307,8.4,48.48,961.38,30.37,4.44,4.74,36.67,0.0
garowe,2025030308,8.4,48.48,1032.5,32.36,4.21,4.5,28.68,0.0
garowe,2025030309,8.4,48.48,1021.05,33.71,4.07,4.36,23.27,0.0
garowe,2025030310,8.4,48.48,931.15,34.49,4.03,4.31,19.67,0.0
garowe,2025030311,8.4,48.48,766.08,34.68,4.17,4.48,17.75,0.0
garowe,2025030312,8.4,48.48,540.05,34.28,4.55,4.91,17.13,0.0
garowe,2025030313,8.4,48.48,280.48,33.2,5.13,5.7,17.84,0.0
garowe,2025030314,8.4,48.48,51.97,30.12,4.43,7.33,22.81,0.0
garowe,2025030315,8.4,48.48,0.0,27.9,6.1,9.68,30.84,0.0
garowe,2025030316,8.4,48.48,0.0,26.33,8.13,10.73,44.21,0.0
garowe,2025030317,8.4,48.48,0.0,24.36,8.48,10.51,61.72,0.0
garowe,2025030318,8.4,48.48,0.0,22.93,8.15,10.0,74.06,0.0
garowe,2025030319,8.4,48.48,0.0,22.06,7.43,9.22,79.8,0.0
garowe,2025030320,8.4,48.48,0.0,21.53,7.01,8.7,82.77,0.0
garowe,2025030321,8.4,48.48,0.0,21.1,6.62,8.36,84.29,0.0
garowe,2025030322,8.4,48.48,0.0,20.8,6.46,8.26,84.41,0.0
garowe,2025030323,8.4,48.48,0.0,20.6,6.41,8.28,84.39,0.0
garowe,2025030400,8.4,48.48,0.0,20.4,6.45,8.36,84.19,0.0
garowe,2025030401,8.4,48.48,0.0,20.11,6.3,8.28,84.28,0.0
garowe,2025030402,8.4,48.48,0.0,19.82,6.05,8.17,84.43,0.0
garowe,2025030403,8.4,48.48,69.12,20.41,6.76,8.29,80.08,0.0
garowe,2025030404,8.4,48.48,297.75,22.35,7.19,8.25,69.02,0.0
garowe,2025030405,8.4,48.48,544.95,24.94,6.98,7.8,56.29,0.0
garowe,2025030406,8.4,48.48,789.3,27.51,6.49,7.15,45.47,0.0
garowe,2025030407,8.4,48.48,969.7,29.78,5.98,6.53,36.28,0.0
garowe,2025030408,8.4,48.48,1031.18,31.63,5.56,6.03,29.24,0.0
garowe,2025030409,8.4,48.48,997.1,32.97,5.28,5.7,24.48,0.0
garowe,2025030410,8.4,48.48,893.22,33.75,5.14,5.53,21.7,0.0
garowe,2025030411,8.4,48.48,723.53,33.91,5.17,5.55,20.4,0.0
garowe,2025030412,8.4,48.48,502.52,33.46,5.44,5.87,20.29,0.0
garowe,2025030413,8.4,48.48,259.75,32.25,5.89,6.56,21.63,0.0
garowe,2025030414,8.4,48.48,48.53,29.54,5.23,7.86,26.17,0.0
garowe,2025030415,8.4,48.48,0.0,27.33,6.47,9.49,32.67,0.0
garowe,2025030416,8.4,48.48,0.0,25.61,7.23,9.49,42.53,0.0
garowe,2025030417,8.4,48.48,0.0,23.93,7.04,8.96,55.84,0.0
garowe,2025030418,8.4,48.48,0.0,22.67,6.62,8.41,68.22,0.0
garowe,2025030419,8.4,48.48,0.0,21.75,6.46,8.2,76.92,0.0
garowe,2025030420,8.4,48.48,0.0,21.04,6.04,7.78,82.56,0.0
garowe,2025030421,8.4,48.48,0.0,20.67,6.19,7.97,85.18,0.0
garowe,2025030422,8.4,48.48,0.0,20.44,6.07,7.85,86.23,0.0
garowe,2025030423,8.4,48.48,0.0,20.16,5.5,7.41,87.35,0.0
garowe,2025030500,8.4,48.48,0.0,20.06,5.22,7.06,87.4,0.0
garowe,2025030501,8.4,48.48,0.0,19.92,4.68,6.45,87.87,0.0
garowe,2025030502,8.4,48.48,0.0,19.76,4.27,6.21,88.74,0.0
garowe,2025030503,8.4,48.48,62.97,20.62,5.25,6.38,83.88,0.0
garowe,2025030504,8.4,48.48,280.0,22.72,5.74,6.54,72.49,0.0
garowe,2025030505,8.4,48.48,514.9,25.48,5.9,6.59,58.93,0.0
garowe,2025030506,8.4,48.48,757.83,28.25,6.03,6.68,47.26,0.0
garowe,2025030507,8.4,48.48,952.28,30.8,6.24,6.89,37.91,0.0
garowe,2025030508,8.4,48.48,1004.6,32.79,6.49,7.14,31.94,0.0
garowe,2025030509,8.4,48.48,883.38,34.13,6.75,7.37,28.72,0.0
garowe,2025030510,8.4,48.48,757.03,34.82,7.01,7.62,27.25,0.0
garowe,2025030511,8.4,48.48,698.03,34.78,7.37,8.01,27.15,0.0
garowe,2025030512,8.4,48.48,459.8,34.02,7.85,8.59,28.49,0.0
garowe,2025030513,8.4,48.48,239.4,32.42,8.26,9.3,32.01,0.0
garowe,2025030514,8.4,48.48,46.05,30.05,8.04,9.86,38.51,0.0
garowe,2025030515,8.4,48.48,0.0,27.96,7.59,9.53,46.19,0.0
garowe,2025030516,8.4,48.48,0.0,26.38,7.5,9.43,54.08,0.0
garowe,2025030517,8.4,48.48,0.0,25.09,7.06,8.81,62.09,0.0
garowe,2025030518,8.4,48.48,0.0,24.04,6.24,7.9,69.52,0.0
garowe,2025030519,8.4,48.48,0.0,23.16,5.56,7.22,76.07,0.0
garowe,2025030520,8.4,48.48,0.0,22.47,5.24,6.93,81.11,0.0
garowe,2025030521,8.4,48.48,0.0,22.01,5.14,6.78,84.28,0.0
garowe,2025030522,8.4,48.48,0.0,21.77,5.2,6.73,85.78,0.0
garowe,2025030523,8.4,48.48,0.0,21.51,4.7,6.13,87.91,0.0
garowe,2025030600,8.4,48.48,0.0,21.32,4.47,5.95,89.91,0.0
garowe,2025030601,8.4,48.48,0.0,21.21,4.4,6.09,91.39,0.0
garowe,2025030602,8.4,48.48,0.0,21.15,4.49,6.25,92.44,0.0
garowe,2025030603,8.4,48.48,51.58,21.95,5.68,7.1,87.92,0.0
garowe,2025030604,8.4,48.48,202.38,24.15,7.59,8.81,73.59,0.0
garowe,2025030605,8.4,48.48,382.9,26.77,7.89,8.94,60.76,0.0
garowe,2025030606,8.4,48.48,523.17,29.33,7.85,8.79,50.74,0.0
garowe,2025030607,8.4,48.48,669.9,31.41,7.68,8.51,43.53,0.0
garowe,2025030608,8.4,48.48,826.05,33.0,7.4,8.14,38.5,0.0
garowe,2025030609,8.4,48.48,670.95,34.04,7.17,7.82,35.35,0.0
garowe,2025030610,8.4,48.48,753.88,34.47,7.04,7.63,33.51,0.0
garowe,2025030611,8.4,48.48,643.5,34.37,7.04,7.61,32.89,0.0
garowe,2025030612,8.4,48.48,437.38,33.67,7.12,7.76,33.36,0.0
garowe,2025030613,8.4,48.48,231.98,32.34,7.17,8.02,35.23,0.0
garowe,2025030614,8.4,48.48,45.8,30.34,6.58,8.39,39.08,0.0
garowe,2025030615,8.4,48.48,0.0,28.54,6.41,8.82,43.69,0.0
garowe,2025030616,8.4,48.48,0.0,27.16,6.62,8.86,48.49,0.0
garowe,2025030617,8.4,48.48,0.0,25.81,6.06,8.06,54.37,0.0
garowe,2025030618,8.4,48.48,0.0,24.6,5.5,7.42,60.86,0.0
garowe,2025030619,8.4,48.48,0.0,23.55,5.03,6.83,68.04,0.0
garowe,2025030620,8.4,48.48,0.0,22.64,4.6,6.29,75.55,0.0
garowe,2025030621,8.4,48.48,0.0,21.88,4.58,6.15,82.65,0.0
garowe,2025030622,8.4,48.48,0.0,21.36,4.59,6.0,87.43,0.0
garowe,2025030623,8.4,48.48,0.0,21.01,4.72,6.27,89.51,0.0
garowe,2025030700,8.4,48.48,0.0,20.72,4.75,6.39,90.1,0.0
garowe,2025030701,8.4,48.48,0.0,20.4,4.54,6.31,91.2,0.0
garowe,2025030702,8.4,48.48,0.0,20.16,4.45,6.36,92.0,0.0
garowe,2025030703,8.4,48.48,70.03,20.97,5.36,6.45,86.92,0.0
garowe,2025030704,8.4,48.48,308.77,23.3,5.92,6.73,72.97,0.0
garowe,2025030705,8.4,48.48,571.15,26.25,5.96,6.62,57.51,0.0
garowe,2025030706,8.4,48.48,789.17,29.24,5.67,6.22,44.18,0.0
garowe,2025030707,8.4,48.48,917.58,31.8,5.2,5.64,34.96,0.0
garowe,2025030708,8.4,48.48,992.55,33.59,4.82,5.16,30.46,0.0
garowe,2025030709,8.4,48.48,939.1,34.76,4.62,4.91,27.98,0.0
garowe,2025030710,8.4,48.48,908.83,35.37,4.61,4.87,26.46,0.0
garowe,2025030711,8.4,48.48,706.62,35.4,4.84,5.09,26.03,0.0
garowe,2025030712,8.4,48.48,485.98,34.84,5.32,5.64,26.71,0.0
garowe,2025030713,8.4,48.48,248.95,33.55,6.04,6.6,28.99,0.0
garowe,2025030714,8.4,48.48,47.1,31.25,6.35,8.3,34.35,0.0
garowe,2025030715,8.4,48.48,0.0,28.98,7.64,9.87,42.41,0.0
garowe,2025030716,8.4,48.48,0.0,26.95,8.29,10.19,52.43,0.0
garowe,2025030717,8.4,48.48,0.0,25.32,8.08,9.84,62.18,0.0
garowe,2025030718,8.4,48.48,0.0,24.19,7.53,9.25,69.54,0.0
garowe,2025030719,8.4,48.48,0.0,23.2,6.97,8.58,75.93,0.0
garowe,2025030720,8.4,48.48,0.0,22.36,6.56,8.11,81.24,0.0
garowe,2025030721,8.4,48.48,0.0,21.81,6.19,7.61,84.53,0.0
garowe,2025030722,8.4,48.48,0.0,21.46,5.78,7.1,86.37,0.0
garowe,2025030723,8.4,48.48,0.0,21.25,5.37,6.66,87.11,0.0
garowe,2025030800,8.4,48.48,0.0,21.13,5.19,6.54,86.27,0.0
garowe,2025030801,8.4,48.48,0.0,20.98,4.96,6.37,86.14,0.0
garowe,2025030802,8.4,48.48,0.0,20.8,4.8,6.35,86.37,0.0
garowe,2025030803,8.4,48.48,77.22,21.39,5.57,6.59,82.47,0.0
garowe,2025030804,8.4,48.48,325.67,23.23,6.01,6.77,71.38,0.0
garowe,2025030805,8.4,48.48,585.45,25.84,6.11,6.78,57.61,0.0
garowe,2025030806,8.4,48.48,804.92,28.77,5.96,6.54,44.5,0.0
garowe,2025030807,8.4,48.48,959.62,31.4,5.46,5.9,34.61,0.0
garowe,2025030808,8.4,48.48,1023.85,33.3,4.8,5.1,29.07,0.0
garowe,2025030809,8.4,48.48,1017.62,34.52,4.29,4.51,26.1,0.0
garowe,2025030810,8.4,48.48,927.7,35.16,4.0,4.17,24.19,0.0
garowe,2025030811,8.4,48.48,765.95,35.28,3.92,4.08,23.33,0.0
garowe,2025030812,8.4,48.48,542.08,34.79,4.09,4.26,23.58,0.0
garowe,2025030813,8.4,48.48,274.08,33.68,4.51,4.82,25.11,0.0
garowe,2025030814,8.4,48.48,49.28,31.1,4.25,6.36,30.29,0.0
garowe,2025030815,8.4,48.48,0.0,28.87,5.76,8.68,38.26,0.0
garowe,2025030816,8.4,48.48,0.0,27.24,7.48,9.68,48.76,0.0
garowe,2025030817,8.4,48.48,0.0,25.42,7.78,9.59,61.58,0.0
garowe,2025030818,8.4,48.48,0.0,24.07,7.27,8.92,71.96,0.0
garowe,2025030819,8.4,48.48,0.0,23.12,6.48,8.0,79.33,0.0
garowe,2025030820,8.4,48.48,0.0,22.6,6.0,7.42,83.63,0.0
garowe,2025030821,8.4,48.48,0.0,22.27,5.51,6.89,85.78,0.0
garowe,2025030822,8.4,48.48,0.0,22.05,4.92,6.14,87.36,0.0
garowe,2025030823,8.4,48.48,0.0,21.9,4.39,5.52,88.63,0.0
garowe,2025030900,8.4,48.48,0.0,21.79,3.85,5.09,89.43,0.0
garowe,2025030901,8.4,48.48,0.0,21.78,3.74,5.16,89.37,0.0
garowe,2025030902,8.4,48.48,0.0,21.71,3.54,5.15,89.94,0.0
garowe,2025030903,8.4,48.48,68.43,22.6,4.71,5.66,85.15,0.0
garowe,2025030904,8.4,48.48,226.98,24.74,5.39,6.06,73.58,0.0
garowe,2025030905,8.4,48.48,371.67,27.42,5.31,5.83,60.75,0.0
garowe,2025030906,8.4,48.48,684.38,30.0,5.01,5.43,49.32,0.0
garowe,2025030907,8.4,48.48,947.67,32.19,4.53,4.83,40.55,0.0
garowe,2025030908,8.4,48.48,1031.75,33.88,4.1,4.33,34.36,0.0
garowe,2025030909,8.4,48.48,1010.45,35.06,3.84,4.02,30.11,0.0
garowe,2025030910,8.4,48.48,911.15,35.7,3.72,3.85,27.25,0.0
garowe,2025030911,8.4,48.48,755.72,35.84,3.85,3.96,25.83,0.0
garowe,2025030912,8.4,48.48,536.88,35.31,4.22,4.36,26.01,0.0
garowe,2025030913,8.4,48.48,281.33,34.12,4.79,5.11,27.85,0.0
garowe,2025030914,8.4,48.48,53.6,31.66,4.91,6.77,33.39,0.0
garowe,2025030915,8.4,48.48,0.0,29.38,6.56,9.08,41.83,0.0
garowe,2025030916,8.4,48.48,0.0,27.47,8.17,10.1,52.07,0.0
garowe,2025030917,8.4,48.48,0.0,25.63,8.27,10.03,62.94,0.0
garowe,2025030918,8.4,48.48,0.0,24.28,7.72,9.36,72.23,0.0
garowe,2025030919,8.4,48.48,0.0,23.4,7.03,8.54,79.14,0.0
garowe,2025030920,8.4,48.48,0.0,22.99,6.34,7.72,82.6,0.0
garowe,2025030921,8.4,48.48,0.0,22.85,5.73,6.97,83.59,0.0
garowe,2025030922,8.4,48.48,0.0,22.66,4.97,6.04,84.86,0.0
garowe,2025030923,8.4,48.48,0.0,22.55,4.52,5.57,84.94,0.0
garowe,2025031000,8.4,48.48,0.0,22.37,4.02,5.1,86.23,0.0
garowe,2025031001,8.4,48.48,0.0,22.16,3.69,4.98,87.79,0.0
garowe,2025031002,8.4,48.48,0.0,21.95,3.64,5.18,89.15,0.0
garowe,2025031003,8.4,48.48,76.72,22.72,4.89,5.81,83.28,0.0
garowe,2025031004,8.4,48.48,309.27,24.57,5.37,5.98,70.73,0.0
garowe,2025031005,8.4,48.48,548.1,26.96,5.15,5.61,58.99,0.0
garowe,2025031006,8.4,48.48,768.42,29.43,4.8,5.18,48.39,0.0
garowe,2025031007,8.4,48.48,917.78,31.83,4.34,4.64,39.07,0.0
garowe,2025031008,8.4,48.48,986.4,33.83,3.89,4.14,31.77,0.0
garowe,2025031009,8.4,48.48,979.35,35.23,3.62,3.85,26.7,0.0
garowe,2025031010,8.4,48.48,902.55,36.08,3.54,3.76,23.65,0.0
garowe,2025031011,8.4,48.48,742.53,36.39,3.66,3.91,22.12,0.0
garowe,2025031012,8.4,48.48,522.6,36.17,4.0,4.3,21.47,0.0
garowe,2025031013,8.4,48.48,271.95,35.24,4.53,4.99,21.91,0.0
garowe,2025031014,8.4,48.48,50.75,32.53,3.99,6.42,25.81,0.0
garowe,2025031015,8.4,48.48,0.0,30.28,5.69,8.96,31.35,0.0
garowe,2025031016,8.4,48.48,0.0,28.5,7.95,10.27,40.61,0.0
garowe,2025031017,8.4,48.48,0.0,26.25,8.44,10.27,55.11,0.0
garowe,2025031018,8.4,48.48,0.0,24.63,7.86,9.54,67.49,0.0
garowe,2025031019,8.4,48.48,0.0,23.65,7.09,8.6,74.69,0.0
garowe,2025031020,8.4,48.48,0.0,23.01,6.53,7.97,78.74,0.0
garowe,2025031021,8.4,48.48,0.0,22.61,6.36,7.79,80.3,0.0
garowe,2025031022,8.4,48.48,0.0,22.21,5.91,7.27,81.07,0.0
garowe,2025031023,8.4,48.48,0.0,21.76,5.41,6.87,82.0,0.0
garowe,2025031100,8.4,48.48,0.0,21.34,5.04,6.63,82.9,0.0
garowe,2025031101,8.4,48.48,0.0,20.91,4.47,6.19,84.01,0.0
garowe,2025031102,8.4,48.48,0.0,20.49,3.98,5.78,85.17,0.0
garowe,2025031103,8.4,48.48,79.82,21.23,4.74,5.64,80.01,0.0
garowe,2025031104,8.4,48.48,323.77,23.07,4.82,5.35,68.61,0.0
garowe,2025031105,8.4,48.48,592.35,25.64,4.64,5.1,54.69,0.0
garowe,2025031106,8.4,48.48,805.75,28.76,4.71,5.19,39.74,0.0
garowe,2025031107,8.4,48.48,950.03,31.95,4.81,5.26,26.71,0.0
garowe,2025031108,8.4,48.48,1010.85,34.17,4.58,4.94,19.9,0.0
garowe,2025031109,8.4,48.48,1011.78,35.54,4.26,4.58,16.14,0.0
garowe,2025031110,8.4,48.48,967.5,36.27,4.21,4.52,13.83,0.0
garowe,2025031111,8.4,48.48,796.0,36.41,4.47,4.8,12.63,0.0
garowe,2025031112,8.4,48.48,561.9,35.95,4.98,5.39,12.24,0.0
garowe,2025031113,8.4,48.48,291.15,34.73,5.6,6.31,12.93,0.0
garowe,2025031114,8.4,48.48,54.47,31.21,4.75,8.02,17.33,0.0
garowe,2025031115,8.4,48.48,0.0,28.69,6.41,10.21,24.3,0.0
garowe,2025031116,8.4,48.48,0.0,26.92,7.62,10.3,34.77,0.0
garowe,2025031117,8.4,48.48,0.0,24.9,6.97,9.12,46.97,0.0
garowe,2025031118,8.4,48.48,0.0,23.36,5.96,7.93,56.39,0.0
garowe,2025031119,8.4,48.48,0.0,22.15,5.09,7.08,63.23,0.0
garowe,2025031120,8.4,48.48,0.0,21.06,4.5,6.57,69.37,0.0
garowe,2025031121,8.4,48.48,0.0,20.02,4.11,6.25,75.42,0.0
garowe,2025031122,8.4,48.48,0.0,19.0,3.82,6.03,81.36,0.0
garowe,2025031123,8.4,48.48,0.0,18.24,3.68,5.79,85.91,0.0
garowe,2025031200,8.4,48.48,0.0,17.84,3.96,5.94,88.29,0.0
garowe,2025031201,8.4,48.48,0.0,17.5,4.18,6.07,89.89,0.0
garowe,2025031202,8.4,48.48,0.0,17.09,3.91,5.78,92.34,0.0
garowe,2025031203,8.4,48.48,83.95,18.0,4.7,5.59,88.07,0.0
garowe,2025031204,8.4,48.48,330.95,20.96,5.36,6.11,71.72,0.0
garowe,2025031205,8.4,48.48,598.4,24.61,5.89,6.62,52.88,0.0
garowe,2025031206,8.4,48.48,834.05,28.19,6.23,6.95,37.0,0.0
garowe,2025031207,8.4,48.48,991.4,31.11,6.33,7.0,27.04,0.0
garowe,2025031208,8.4,48.48,1049.38,33.05,6.25,6.88,22.21,0.0
garowe,2025031209,8.4,48.48,1018.78,34.31,6.0,6.57,19.49,0.0
garowe,2025031210,8.4,48.48,918.9,35.01,5.7,6.22,17.95,0.0
garowe,2025031211,8.4,48.48,745.33,35.14,5.57,6.05,17.32,0.0
garowe,2025031212,8.4,48.48,516.42,34.62,5.65,6.15,17.72,0.0
garowe,2025031213,8.4,48.48,265.45,33.39,5.94,6.67,19.31,0.0
garowe,2025031214,8.4,48.48,50.78,30.47,5.06,7.97,24.36,0.0
garowe,2025031215,8.4,48.48,0.0,28.19,6.5,9.79,31.5,0.0
garowe,2025031216,8.4,48.48,0.0,26.48,7.42,9.86,41.09,0.0
garowe,2025031217,8.4,48.48,0.0,24.72,6.56,8.56,52.85,0.0
garowe,2025031218,8.4,48.48,0.0,23.35,5.42,7.21,63.42,0.0
garowe,2025031219,8.4,48.48,0.0,22.27,4.42,6.17,72.03,0.0
garowe,2025031220,8.4,48.48,0.0,21.37,3.63,5.48,78.92,0.0
garowe,2025031221,8.4,48.48,0.0,20.52,2.88,4.95,84.93,0.0
garowe,2025031222,8.4,48.48,0.0,20.04,2.89,4.83,88.42,0.0
garowe,2025031223,8.4,48.48,0.0,19.71,3.23,4.97,90.43,0.0
garowe,2025031300,8.4,48.48,0.0,19.36,3.19,4.9,91.9,0.0
garowe,2025031301,8.4,48.48,0.0,19.03,3.14,4.93,93.16,0.0
garowe,2025031302,8.4,48.48,0.0,18.74,3.12,4.98,94.09,0.0
garowe,2025031303,8.4,48.48,82.15,19.76,4.0,4.68,86.79,0.0
garowe,2025031304,8.4,48.48,314.35,22.71,4.09,4.66,67.91,0.0
garowe,2025031305,8.4,48.48,559.25,27.3,5.49,6.39,43.39,0.0
garowe,2025031306,8.4,48.48,768.33,30.81,6.14,6.83,30.46,0.0
garowe,2025031307,8.4,48.48,917.97,32.82,5.62,6.15,24.63,0.0
garowe,2025031308,8.4,48.48,983.33,34.32,5.02,5.45,20.63,0.0
garowe,2025031309,8.4,48.48,978.6,35.37,4.57,4.94,17.85,0.0
garowe,2025031310,8.4,48.48,939.62,35.99,4.33,4.67,16.05,0.0
garowe,2025031311,8.4,48.48,776.95,36.11,4.28,4.63,15.07,0.0
garowe,2025031312,8.4,48.48,555.17,35.7,4.46,4.85,14.94,0.0
garowe,2025031313,8.4,48.48,281.95,34.64,4.81,5.38,15.9,0.0
garowe,2025031314,8.4,48.48,51.58,31.29,3.94,6.78,20.86,0.0
garowe,2025031315,8.4,48.48,0.0,28.96,5.45,9.27,27.51,0.0
garowe,2025031316,8.4,48.48,0.0,27.63,7.46,10.27,37.21,0.0
garowe,2025031317,8.4,48.48,0.0,25.7,7.49,9.58,51.18,0.0
garowe,2025031318,8.4,48.48,0.0,24.2,6.47,8.24,63.46,0.0
garowe,2025031319,8.4,48.48,0.0,23.15,5.49,7.1,71.98,0.0
garowe,2025031320,8.4,48.48,0.0,22.43,4.78,6.28,77.56,0.0
garowe,2025031321,8.4,48.48,0.0,22.02,4.55,5.92,81.14,0.0
garowe,2025031322,8.4,48.48,0.0,21.66,4.07,5.43,84.01,0.0
garowe,2025031323,8.4,48.48,0.0,21.36,3.65,5.23,85.93,0.0
garowe,2025031400,8.4,48.48,0.0,21.11,3.65,5.34,87.17,0.0
garowe,2025031401,8.4,48.48,0.0,20.77,3.46,5.33,89.13,0.0
garowe,2025031402,8.4,48.48,0.0,20.46,3.46,5.51,90.54,0.0
garowe,2025031403,8.4,48.48,85.2,21.38,4.53,5.52,84.27,0.0
garowe,2025031404,8.4,48.48,320.48,23.72,5.13,5.89,68.61,0.0
garowe,2025031405,8.4,48.48,569.7,27.34,6.25,7.23,46.02,0.0
garowe,2025031406,8.4,48.48,784.17,30.61,6.83,7.7,30.64,0.0
garowe,2025031407,8.4,48.48,940.85,33.03,6.62,7.38,22.62,0.0
garowe,2025031408,8.4,48.48,1016.0,34.85,6.24,6.89,17.82,0.0
garowe,2025031409,8.4,48.48,1020.42,36.06,5.94,6.53,14.99,0.0
garowe,2025031410,8.4,48.48,953.15,36.69,5.83,6.39,13.43,0.0
garowe,2025031411,8.4,48.48,790.28,36.74,5.92,6.48,12.89,0.0
garowe,2025031412,8.4,48.48,564.25,36.16,6.24,6.87,13.35,0.0
garowe,2025031413,8.4,48.48,296.6,34.82,6.65,7.62,15.19,0.0
garowe,2025031414,8.4,48.48,56.0,31.77,5.79,8.91,20.55,0.0
garowe,2025031415,8.4,48.48,0.0,29.42,7.01,10.21,28.55,0.0
garowe,2025031416,8.4,48.48,0.0,27.52,7.42,9.82,38.68,0.0
garowe,2025031417,8.4,48.48,0.0,25.77,6.93,8.99,49.36,0.0
garowe,2025031418,8.4,48.48,0.0,24.53,6.02,7.89,58.03,0.0
garowe,2025031419,8.4,48.48,0.0,23.57,5.25,7.03,65.69,0.0
garowe,2025031420,8.4,48.48,0.0,22.7,4.62,6.38,73.43,0.0
garowe,2025031421,8.4,48.48,0.0,21.94,4.4,6.25,81.03,0.0
garowe,2025031422,8.4,48.48,0.0,21.45,4.48,6.27,86.17,0.0
garowe,2025031423,8.4,48.48,0.0,21.08,4.34,6.17,89.1,0.0
garowe,2025031500,8.4,48.48,0.0,20.72,4.1,6.0,91.48,0.0
garowe,2025031501,8.4,48.48,0.0,20.37,3.91,5.89,93.39,0.0
garowe,2025031502,8.4,48.48,0.0,20.05,3.78,5.81,94.56,0.0
garowe,2025031503,8.4,48.48,93.38,20.96,4.79,5.72,88.08,0.0
garowe,2025031504,8.4,48.48,340.2,23.47,5.46,6.22,70.88,0.0
garowe,2025031505,8.4,48.48,592.22,26.8,5.97,6.73,51.37,0.0
garowe,2025031506,8.4,48.48,806.12,30.34,6.22,6.95,36.19,0.0
garowe,2025031507,8.4,48.48,957.4,32.91,6.03,6.65,28.38,0.0
garowe,2025031508,8.4,48.48,1018.97,34.65,5.69,6.23,24.05,0.0
garowe,2025031509,8.4,48.48,1008.8,35.78,5.37,5.85,21.3,0.0
garowe,2025031510,8.4,48.48,914.2,36.41,5.2,5.63,19.51,0.0
garowe,2025031511,8.4,48.48,762.62,36.49,5.19,5.61,18.66,0.0
garowe,2025031512,8.4,48.48,547.42,36.0,5.38,5.82,18.79,0.0
garowe,2025031513,8.4,48.48,282.27,34.84,5.67,6.31,20.03,0.0
garowe,2025031514,8.4,48.48,52.05,32.0,4.8,7.49,24.52,0.0
garowe,2025031515,8.4,48.48,0.0,29.7,6.04,9.49,30.53,0.0
garowe,2025031516,8.4,48.48,0.0,28.21,7.33,9.91,37.48,0.0
garowe,2025031517,8.4,48.48,0.0,26.5,6.81,8.99,46.47,0.0
garowe,2025031518,8.4,48.48,0.0,25.13,6.07,8.1,55.5,0.0
garowe,2025031519,8.4,48.48,0.0,23.98,5.4,7.34,64.12,0.0
garowe,2025031520,8.4,48.48,0.0,22.96,4.95,6.81,72.31,0.0
garowe,2025031521,8.4,48.48,0.0,22.03,4.62,6.51,80.02,0.0
garowe,2025031522,8.4,48.48,0.0,21.38,4.66,6.51,85.61,0.0
garowe,2025031523,8.4,48.48,0.0,21.01,4.72,6.48,88.91,0.0
garowe,2025031600,8.4,48.48,0.0,20.7,4.59,6.34,91.45,0.0
garowe,2025031601,8.4,48.48,0.0,20.43,4.4,6.22,93.39,0.0
garowe,2025031602,8.4,48.48,0.0,20.22,4.18,6.06,94.73,0.0
garowe,2025031603,8.4,48.48,84.88,21.32,5.13,6.17,88.15,0.0
garowe,2025031604,8.4,48.48,324.8,24.05,6.17,7.07,70.94,0.0
garowe,2025031605,8.4,48.48,579.17,27.42,6.57,7.39,52.39,0.0
garowe,2025031606,8.4,48.48,795.97,30.81,6.43,7.1,38.53,0.0
garowe,2025031607,8.4,48.48,949.0,33.15,5.92,6.46,31.75,0.0
garowe,2025031608,8.4,48.48,1014.62,34.82,5.44,5.9,27.23,0.0
garowe,2025031609,8.4,48.48,1007.53,35.92,5.24,5.66,24.34,0.0
garowe,2025031610,8.4,48.48,938.05,36.48,5.33,5.74,22.78,0.0
garowe,2025031611,8.4,48.48,751.9,36.49,5.69,6.13,22.53,0.0
garowe,2025031612,8.4,48.48,500.38,35.81,6.4,6.93,23.82,0.0
garowe,2025031613,8.4,48.48,254.35,34.38,7.36,8.21,27.01,0.0
garowe,2025031614,8.4,48.48,48.3,31.99,7.89,9.87,33.39,0.0
garowe,2025031615,8.4,48.48,0.0,29.66,8.41,10.55,42.15,0.0
garowe,2025031616,8.4,48.48,0.0,27.86,8.4,10.42,50.88,0.0
garowe,2025031617,8.4,48.48,0.0,26.46,7.84,9.66,58.75,0.0
garowe,2025031618,8.4,48.48,0.0,25.32,7.4,9.13,66.55,0.0
garowe,2025031619,8.4,48.48,0.0,24.26,7.13,8.8,74.76,0.0
garowe,2025031620,8.4,48.48,0.0,23.38,6.82,8.42,81.85,0.0
garowe,2025031621,8.4,48.48,0.0,22.9,6.69,8.3,85.83,0.0
garowe,2025031622,8.4,48.48,0.0,22.63,6.19,7.78,87.65,0.0
garowe,2025031623,8.4,48.48,0.0,22.5,5.6,7.16,89.1,0.0
garowe,2025031700,8.4,48.48,0.0,22.44,4.99,6.49,90.15,0.0
garowe,2025031701,8.4,48.48,0.0,22.37,4.51,6.05,91.4,0.0
garowe,2025031702,8.4,48.48,0.0,22.3,4.14,5.92,92.39,0.0
garowe,2025031703,8.4,48.48,92.55,23.33,5.22,6.32,86.15,0.0
garowe,2025031704,8.4,48.48,340.67,25.58,6.04,6.81,72.01,0.0
garowe,2025031705,8.4,48.48,597.45,28.25,5.98,6.63,56.4,0.0
garowe,2025031706,8.4,48.48,802.05,31.02,5.73,6.28,42.31,0.0
garowe,2025031707,8.4,48.48,937.75,33.33,5.35,5.81,33.27,0.0
garowe,2025031708,8.4,48.48,986.65,35.04,5.04,5.43,28.17,0.0
garowe,2025031709,8.4,48.48,963.62,36.19,4.8,5.15,25.52,0.0
garowe,2025031710,8.4,48.48,921.05,36.81,4.73,5.06,24.27,0.0
garowe,2025031711,8.4,48.48,746.4,36.86,4.94,5.28,24.31,0.0
garowe,2025031712,8.4,48.48,486.12,36.27,5.5,5.91,25.8,0.0
garowe,2025031713,8.4,48.48,257.95,34.93,6.39,7.0,29.37,0.0
garowe,2025031714,8.4,48.48,50.95,32.74,7.1,8.67,36.22,0.0
garowe,2025031715,8.4,48.48,0.0,30.62,8.48,10.54,46.04,0.0
garowe,2025031716,8.4,48.48,0.0,28.67,9.07,10.98,57.14,0.0
garowe,2025031717,8.4,48.48,0.0,27.13,8.81,10.63,66.05,0.0
garowe,2025031718,8.4,48.48,0.0,26.11,8.18,9.89,71.51,0.0
garowe,2025031719,8.4,48.48,0.0,25.41,7.68,9.32,75.13,0.0
garowe,2025031720,8.4,48.48,0.0,24.9,7.28,8.82,77.52,0.0
garowe,2025031721,8.4,48.48,0.0,24.48,6.77,8.22,79.36,0.0
garowe,2025031722,8.4,48.48,0.0,24.11,6.18,7.51,80.97,0.0
garowe,2025031723,8.4,48.48,0.0,23.86,5.73,7.07,81.73,0.0
garowe,2025031800,8.4,48.48,0.0,23.62,5.3,6.7,82.58,0.0
garowe,2025031801,8.4,48.48,0.0,23.48,5.02,6.43,83.27,0.0
garowe,2025031802,8.4,48.48,0.0,23.38,4.86,6.3,83.83,0.0
garowe,2025031803,8.4,48.48,80.78,24.04,5.64,6.74,80.11,0.0
garowe,2025031804,8.4,48.48,299.25,25.87,6.12,6.92,69.15,0.0
garowe,2025031805,8.4,48.48,559.5,28.39,6.14,6.82,56.26,0.0
garowe,2025031806,8.4,48.48,746.75,30.93,6.15,6.76,45.73,0.0
garowe,2025031807,8.4,48.48,842.2,32.85,6.12,6.65,39.95,0.0
garowe,2025031808,8.4,48.48,967.7,34.09,6.13,6.59,36.97,0.0
garowe,2025031809,8.4,48.48,936.5,34.66,6.26,6.7,35.63,0.0
garowe,2025031810,8.4,48.48,922.62,34.8,6.46,6.91,35.27,0.0
garowe,2025031811,8.4,48.48,748.62,34.45,6.79,7.27,35.85,0.0
garowe,2025031812,8.4,48.48,527.17,33.57,7.12,7.71,37.68,0.0
garowe,2025031813,8.4,48.48,276.05,32.2,7.37,8.19,40.77,0.0
garowe,2025031814,8.4,48.48,51.72,30.47,7.29,8.58,45.5,0.0
garowe,2025031815,8.4,48.48,0.0,29.17,7.08,8.63,50.14,0.0
garowe,2025031816,8.4,48.48,0.0,27.94,6.89,8.51,55.54,0.0
garowe,2025031817,8.4,48.48,0.0,26.69,6.7,8.26,62.05,0.0
garowe,2025031818,8.4,48.48,0.0,25.58,6.24,7.69,68.86,0.0
garowe,2025031819,8.4,48.48,0.0,24.62,5.57,6.93,75.3,0.0
garowe,2025031820,8.4,48.48,0.0,23.87,5.05,6.37,80.47,0.0
garowe,2025031821,8.4,48.48,0.0,23.36,4.78,6.15,83.84,0.0
garowe,2025031822,8.4,48.48,0.0,23.03,4.57,6.03,85.55,0.0
garowe,2025031823,8.4,48.48,0.0,22.82,4.43,5.91,86.32,0.0
garowe,2025031900,8.4,48.48,0.0,22.68,4.46,6.02,86.2,0.0
garowe,2025031901,8.4,48.48,0.0,22.46,4.37,6.02,86.46,0.0
garowe,2025031902,8.4,48.48,0.0,22.23,4.32,6.07,86.84,0.0
garowe,2025031903,8.4,48.48,98.53,22.95,5.35,6.34,81.58,0.0
garowe,2025031904,8.4,48.48,347.7,24.89,5.8,6.52,68.85,0.0
garowe,2025031905,8.4,48.48,606.15,27.64,6.08,6.79,52.75,0.0
garowe,2025031906,8.4,48.48,830.5,30.63,6.35,7.07,38.65,0.0
garowe,2025031907,8.4,48.48,979.35,33.13,6.51,7.22,29.92,0.0
garowe,2025031908,8.4,48.48,1041.85,34.96,6.63,7.32,25.42,0.0
garowe,2025031909,8.4,48.48,1029.88,36.17,6.7,7.38,22.88,0.0
garowe,2025031910,8.4,48.48,933.88,36.76,6.94,7.6,21.45,0.0
garowe,2025031911,8.4,48.48,767.97,36.69,7.43,8.14,21.03,0.0
garowe,2025031912,8.4,48.48,542.72,35.89,8.06,8.88,21.87,0.0
garowe,2025031913,8.4,48.48,285.3,34.19,8.56,9.69,24.71,0.0
garowe,2025031914,8.4,48.48,53.53,31.56,8.23,10.17,30.7,0.0
garowe,2025031915,8.4,48.48,0.0,29.07,7.61,9.76,39.14,0.0
garowe,2025031916,8.4,48.48,0.0,27.18,7.45,9.38,48.87,0.0
garowe,2025031917,8.4,48.48,0.0,25.6,7.08,8.89,59.46,0.0
garowe,2025031918,8.4,48.48,0.0,24.34,6.49,8.12,69.07,0.0
garowe,2025031919,8.4,48.48,0.0,23.32,5.71,7.27,77.08,0.0
garowe,2025031920,8.4,48.48,0.0,22.56,5.45,6.99,82.6,0.0
garowe,2025031921,8.4,48.48,0.0,22.03,5.25,6.73,85.54,0.0
garowe,2025031922,8.4,48.48,0.0,21.59,4.86,6.41,87.31,0.0
garowe,2025031923,8.4,48.48,0.0,21.25,4.61,6.16,89.16,0.0
garowe,2025032000,8.4,48.48,0.0,21.08,4.45,5.95,89.95,0.0
garowe,2025032001,8.4,48.48,0.0,20.98,4.35,5.89,90.25,0.0
garowe,2025032002,8.4,48.48,0.0,20.92,4.21,5.72,90.36,0.0
garowe,2025032003,8.4,48.48,98.32,21.75,4.82,5.67,85.61,0.0
garowe,2025032004,8.4,48.48,348.52,23.94,5.12,5.76,72.57,0.0
garowe,2025032005,8.4,48.48,606.03,26.75,5.29,5.9,58.31,0.0
garowe,2025032006,8.4,48.48,822.03,29.76,5.5,6.12,45.27,0.0
garowe,2025032007,8.4,48.48,972.53,32.47,5.78,6.4,35.19,0.0
garowe,2025032008,8.4,48.48,1036.22,34.45,6.04,6.67,29.37,0.0
garowe,2025032009,8.4,48.48,1024.03,35.75,6.25,6.85,25.97,0.0
garowe,2025032010,8.4,48.48,907.33,36.38,6.52,7.12,24.01,0.0
garowe,2025032011,8.4,48.48,764.42,36.36,6.91,7.54,23.35,0.0
garowe,2025032012,8.4,48.48,537.0,35.66,7.4,8.1,24.0,0.0
garowe,2025032013,8.4,48.48,277.58,34.19,7.78,8.73,26.41,0.0
garowe,2025032014,8.4,48.48,50.65,31.85,7.33,9.22,31.46,0.0
garowe,2025032015,8.4,48.48,0.0,29.59,7.17,9.53,38.57,0.0
garowe,2025032016,8.4,48.48,0.0,27.82,6.93,8.93,46.6,0.0
garowe,2025032017,8.4,48.48,0.0,26.25,6.48,8.31,55.59,0.0
garowe,2025032018,8.4,48.48,0.0,24.85,6.04,7.7,64.93,0.0
garowe,2025032019,8.4,48.48,0.0,23.68,5.73,7.36,73.84,0.0
garowe,2025032020,8.4,48.48,0.0,22.74,5.56,7.13,81.62,0.0
garowe,2025032021,8.4,48.48,0.0,22.2,5.43,6.89,85.87,0.0
garowe,2025032022,8.4,48.48,0.0,21.82,4.94,6.4,87.74,0.0
garowe,2025032023,8.4,48.48,0.0,21.48,4.51,6.06,89.21,0.0
garowe,2025032100,8.4,48.48,0.0,21.25,4.35,5.93,89.84,0.0
garowe,2025032101,8.4,48.48,0.0,21.17,4.32,5.83,89.67,0.0
garowe,2025032102,8.4,48.48,0.0,21.08,4.19,5.77,89.68,0.0
garowe,2025032103,8.4,48.48,99.82,21.96,5.13,6.05,83.61,0.0
garowe,2025032104,8.4,48.48,329.55,24.08,5.45,6.12,69.89,0.0
garowe,2025032105,8.4,48.48,563.35,26.93,5.55,6.16,53.86,0.0
garowe,2025032106,8.4,48.48,820.03,30.0,5.64,6.22,39.64,0.0
garowe,2025032107,8.4,48.48,980.1,32.78,5.44,5.91,29.51,0.0
garowe,2025032108,8.4,48.48,1033.62,34.68,4.98,5.32,25.35,0.0
garowe,2025032109,8.4,48.48,1017.22,35.84,4.58,4.85,23.82,0.0
garowe,2025032110,8.4,48.48,913.25,36.41,4.46,4.69,22.91,0.0
garowe,2025032111,8.4,48.48,743.28,36.44,4.64,4.87,22.6,0.0
garowe,2025032112,8.4,48.48,515.47,35.9,5.14,5.43,23.05,0.0
garowe,2025032113,8.4,48.48,262.55,34.65,5.95,6.45,24.67,0.0
garowe,2025032114,8.4,48.48,47.35,32.38,6.49,8.35,28.71,0.0
garowe,2025032115,8.4,48.48,0.0,29.91,7.98,10.31,35.7,0.0
garowe,2025032116,8.4,48.48,0.0,27.58,9.03,11.05,45.72,0.0
garowe,2025032117,8.4,48.48,0.0,25.69,8.66,10.55,56.61,0.0
garowe,2025032118,8.4,48.48,0.0,24.5,7.83,9.54,65.48,0.0
garowe,2025032119,8.4,48.48,0.0,23.54,7.26,8.89,73.43,0.0
garowe,2025032120,8.4,48.48,0.0,22.8,6.8,8.32,79.8,0.0
garowe,2025032121,8.4,48.48,0.0,22.34,6.19,7.56,83.35,0.0
garowe,2025032122,8.4,48.48,0.0,22.11,5.81,7.2,83.86,0.0
garowe,2025032123,8.4,48.48,0.0,22.01,5.63,6.95,83.15,0.0
garowe,2025032200,8.4,48.48,0.0,21.86,5.23,6.51,83.17,0.0
garowe,2025032201,8.4,48.48,0.0,21.7,4.88,6.24,83.5,0.0
garowe,2025032202,8.4,48.48,0.0,21.56,4.63,6.07,83.85,0.0
garowe,2025032203,8.4,48.48,110.18,22.26,5.19,6.11,80.0,0.0
garowe,2025032204,8.4,48.48,364.58,24.17,5.33,5.97,69.61,0.0
garowe,2025032205,8.4,48.48,622.8,26.71,5.16,5.67,56.76,0.0
garowe,2025032206,8.4,48.48,835.17,29.42,4.83,5.27,45.24,0.0
garowe,2025032207,8.4,48.48,981.97,32.0,4.34,4.68,35.7,0.0
garowe,2025032208,8.4,48.48,1044.0,34.13,3.74,4.0,29.01,0.0
garowe,2025032209,8.4,48.48,1034.15,35.55,3.34,3.57,25.26,0.0
garowe,2025032210,8.4,48.48,939.97,36.33,3.22,3.46,23.06,0.0
garowe,2025032211,8.4,48.48,770.78,36.54,3.31,3.55,21.96,0.0
garowe,2025032212,8.4,48.48,541.55,36.2,3.62,3.88,21.94,0.0
garowe,2025032213,8.4,48.48,280.67,35.24,4.14,4.49,23.19,0.0
garowe,2025032214,8.4,48.48,51.97,32.84,3.99,6.0,27.76,0.0
garowe,2025032215,8.4,48.48,0.0,30.58,5.68,8.75,35.27,0.0
garowe,2025032216,8.4,48.48,0.0,28.87,8.14,10.36,45.76,0.0
garowe,2025032217,8.4,48.48,0.0,26.73,8.55,10.37,58.84,0.0
garowe,2025032218,8.4,48.48,0.0,25.28,7.93,9.65,67.75,0.0
garowe,2025032219,8.4,48.48,0.0,24.49,6.83,8.37,72.4,0.0
garowe,2025032220,8.4,48.48,0.0,23.89,5.9,7.34,76.3,0.0
garowe,2025032221,8.4,48.48,0.0,23.41,5.36,6.79,79.65,0.0
garowe,2025032222,8.4,48.48,0.0,23.12,5.39,6.87,81.78,0.0
garowe,2025032223,8.4,48.48,0.0,22.96,5.28,6.59,82.95,0.0
garowe,2025032300,8.4,48.48,0.0,22.85,4.98,6.33,83.42,0.0
garowe,2025032301,8.4,48.48,0.0,22.76,4.67,6.04,83.48,0.0
garowe,2025032302,8.4,48.48,0.0,22.64,4.28,5.73,84.21,0.0
garowe,2025032303,8.4,48.48,101.4,23.47,5.21,6.29,79.94,0.0
garowe,2025032304,8.4,48.48,323.35,25.54,5.74,6.49,68.92,0.0
garowe,2025032305,8.4,48.48,550.2,28.04,5.51,6.11,57.23,0.0
garowe,2025032306,8.4,48.48,801.8,30.66,5.22,5.74,46.41,0.0
garowe,2025032307,8.4,48.48,975.35,33.04,4.9,5.36,37.43,0.0
garowe,2025032308,8.4,48.48,1046.57,34.87,4.6,4.98,31.4,0.0
garowe,2025032309,8.4,48.48,1026.38,36.09,4.4,4.72,27.82,0.0
garowe,2025032310,8.4,48.48,942.65,36.74,4.34,4.63,25.97,0.0
garowe,2025032311,8.4,48.48,775.25,36.85,4.49,4.77,25.41,0.0
garowe,2025032312,8.4,48.48,546.22,36.38,4.85,5.14,26.06,0.0
garowe,2025032313,8.4,48.48,279.2,35.27,5.46,5.9,28.16,0.0
garowe,2025032314,8.4,48.48,51.12,33.35,5.98,7.39,32.77,0.0
garowe,2025032315,8.4,48.48,0.0,31.38,7.4,9.37,40.28,0.0
garowe,2025032316,8.4,48.48,0.0,29.35,8.47,10.31,50.76,0.0
garowe,2025032317,8.4,48.48,0.0,27.58,8.21,9.95,61.58,0.0
garowe,2025032318,8.4,48.48,0.0,26.46,7.35,8.95,69.24,0.0
garowe,2025032319,8.4,48.48,0.0,25.66,6.48,7.92,74.92,0.0
garowe,2025032320,8.4,48.48,0.0,24.95,5.75,7.07,79.93,0.0
garowe,2025032321,8.4,48.48,0.0,24.49,5.4,6.72,82.77,0.0
garowe,2025032322,8.4,48.48,0.0,24.34,5.24,6.43,82.96,0.0
garowe,2025032323,8.4,48.48,0.0,24.21,4.88,5.98,83.13,0.0
garowe,2025032400,8.4,48.48,0.0,24.05,4.45,5.54,83.31,0.0
garowe,2025032401,8.4,48.48,0.0,23.9,4.05,5.2,83.36,0.0
garowe,2025032402,8.4,48.48,0.0,23.73,3.75,5.0,83.71,0.0
garowe,2025032403,8.4,48.48,101.03,24.4,4.43,5.16,79.68,0.0
garowe,2025032404,8.4,48.48,305.42,26.1,4.65,5.17,70.18,0.0
garowe,2025032405,8.4,48.48,500.1,28.4,4.57,5.01,58.76,0.0
garowe,2025032406,8.4,48.48,658.88,30.73,4.37,4.76,48.56,0.0
garowe,2025032407,8.4,48.48,916.85,32.71,4.18,4.51,40.84,0.0
garowe,2025032408,8.4,48.48,1000.62,34.05,4.12,4.39,35.82,0.0
garowe,2025032409,8.4,48.48,1004.33,34.91,4.23,4.44,32.86,0.0
garowe,2025032410,8.4,48.48,868.25,35.18,4.59,4.76,31.73,0.0
garowe,2025032411,8.4,48.48,769.15,35.02,5.1,5.3,31.75,0.0
garowe,2025032412,8.4,48.48,528.05,34.35,5.7,6.01,33.29,0.0
garowe,2025032413,8.4,48.48,270.0,33.16,6.21,6.8,36.4,0.0
garowe,2025032414,8.4,48.48,50.03,31.55,6.4,7.71,41.36,0.0
garowe,2025032415,8.4,48.48,0.0,29.96,6.8,8.52,47.64,0.0
garowe,2025032416,8.4,48.48,0.0,28.61,7.12,8.7,54.87,0.0
garowe,2025032417,8.4,48.48,0.0,27.33,7.38,8.99,63.23,0.0
garowe,2025032418,8.4,48.48,0.0,26.29,7.23,8.73,70.68,0.0
garowe,2025032419,8.4,48.48,0.0,25.52,6.78,8.16,76.37,0.0
garowe,2025032420,8.4,48.48,0.0,25.01,6.23,7.48,79.82,0.0
garowe,2025032421,8.4,48.48,0.0,24.71,5.7,6.87,81.5,0.0
garowe,2025032422,8.4,48.48,0.0,24.57,5.26,6.39,81.45,0.0
garowe,2025032423,8.4,48.48,0.0,24.37,4.84,5.99,81.87,0.0
garowe,2025032500,8.4,48.48,0.0,24.18,4.66,5.89,82.06,0.0
garowe,2025032501,8.4,48.48,0.0,23.98,4.59,5.91,82.22,0.0
garowe,2025032502,8.4,48.48,0.0,23.78,4.58,5.89,82.59,0.0
garowe,2025032503,8.4,48.48,99.7,24.27,5.35,6.36,79.25,0.0
garowe,2025032504,8.4,48.48,325.77,25.67,5.97,6.79,70.47,0.0
garowe,2025032505,8.4,48.48,566.15,27.46,6.07,6.8,60.76,0.0
garowe,2025032506,8.4,48.48,785.75,29.63,6.13,6.86,50.0,0.0
garowe,2025032507,8.4,48.48,924.9,31.69,6.15,6.86,40.76,0.0
garowe,2025032508,8.4,48.48,1015.9,33.3,6.03,6.7,34.69,0.0
garowe,2025032509,8.4,48.48,1006.65,34.49,5.83,6.49,31.12,0.0
garowe,2025032510,8.4,48.48,679.2,35.16,5.63,6.26,29.15,0.0
garowe,2025032511,8.4,48.48,715.88,35.27,5.58,6.18,28.35,0.0
garowe,2025032512,8.4,48.48,471.92,34.72,5.87,6.49,28.92,0.0
garowe,2025032513,8.4,48.48,247.0,33.46,6.57,7.42,31.76,0.0
garowe,2025032514,8.4,48.48,46.53,31.65,7.34,8.9,37.5,0.0
garowe,2025032515,8.4,48.48,0.0,29.58,8.41,10.27,46.88,0.0
garowe,2025032516,8.4,48.48,0.0,27.63,8.67,10.45,58.1,0.0
garowe,2025032517,8.4,48.48,0.0,26.34,8.03,9.74,66.14,0.0
garowe,2025032518,8.4,48.48,0.0,25.7,7.11,8.72,70.54,0.0
garowe,2025032519,8.4,48.48,0.0,25.23,6.5,8.12,73.74,0.0
garowe,2025032520,8.4,48.48,0.0,24.8,6.28,7.89,75.71,0.0
garowe,2025032521,8.4,48.48,0.0,24.28,5.95,7.51,77.0,0.0
garowe,2025032522,8.4,48.48,0.0,23.71,5.56,7.06,78.46,0.0
garowe,2025032523,8.4,48.48,0.0,23.21,5.16,6.6,80.1,0.0
garowe,2025032600,8.4,48.48,0.0,22.82,4.88,6.38,81.92,0.0
garowe,2025032601,8.4,48.48,0.0,22.51,4.68,6.31,83.68,0.0
garowe,2025032602,8.4,48.48,0.0,22.26,4.64,6.47,85.13,0.0
garowe,2025032603,8.4,48.48,107.7,23.06,5.79,6.92,80.45,0.0
garowe,2025032604,8.4,48.48,351.7,24.99,6.27,7.14,68.73,0.0
garowe,2025032605,8.4,48.48,610.4,27.59,6.58,7.43,54.17,0.0
garowe,2025032606,8.4,48.48,826.45,30.14,6.74,7.53,42.48,0.0
garowe,2025032607,8.4,48.48,975.15,32.12,6.68,7.38,35.36,0.0
garowe,2025032608,8.4,48.48,1037.4,33.45,6.58,7.18,31.36,0.0
garowe,2025032609,8.4,48.48,1029.47,34.31,6.61,7.19,28.9,0.0
garowe,2025032610,8.4,48.48,875.67,34.6,6.83,7.41,27.72,0.0
garowe,2025032611,8.4,48.48,738.9,34.36,7.11,7.74,27.83,0.0
garowe,2025032612,8.4,48.48,503.02,33.62,7.42,8.16,29.11,0.0
garowe,2025032613,8.4,48.48,247.02,32.34,7.68,8.67,31.7,0.0
garowe,2025032614,8.4,48.48,43.22,30.73,7.68,9.27,35.65,0.0
garowe,2025032615,8.4,48.48,0.0,29.25,7.68,9.59,40.71,0.0
garowe,2025032616,8.4,48.48,0.0,27.86,7.83,9.78,47.15,0.0
garowe,2025032617,8.4,48.48,0.0,26.5,8.17,10.08,54.86,0.0
garowe,2025032618,8.4,48.48,0.0,25.31,8.24,10.16,62.07,0.0
garowe,2025032619,8.4,48.48,0.0,24.41,7.85,9.66,67.38,0.0
garowe,2025032620,8.4,48.48,0.0,23.67,7.36,9.06,71.9,0.0
garowe,2025032621,8.4,48.48,0.0,22.99,6.82,8.5,76.59,0.0
garowe,2025032622,8.4,48.48,0.0,22.32,6.28,7.93,81.51,0.0
garowe,2025032623,8.4,48.48,0.0,21.77,5.71,7.25,85.78,0.0
garowe,2025032700,8.4,48.48,0.0,21.37,5.23,6.68,88.82,0.0
garowe,2025032701,8.4,48.48,0.0,21.09,4.64,6.04,90.41,0.0
garowe,2025032702,8.4,48.48,0.0,20.9,4.15,5.55,91.35,0.0
garowe,2025032703,8.4,48.48,100.43,21.81,5.08,6.08,85.46,0.0
garowe,2025032704,8.4,48.48,335.88,24.13,6.08,6.94,70.39,0.0
garowe,2025032705,8.4,48.48,591.03,26.94,6.39,7.18,54.13,0.0
garowe,2025032706,8.4,48.48,808.78,29.84,6.6,7.38,41.22,0.0
garowe,2025032707,8.4,48.48,960.65,32.25,6.66,7.39,33.41,0.0
garowe,2025032708,8.4,48.48,1033.4,34.03,6.57,7.24,28.78,0.0
garowe,2025032709,8.4,48.48,1018.97,35.24,6.4,7.03,25.81,0.0
garowe,2025032710,8.4,48.48,930.83,35.9,6.28,6.85,23.97,0.0
garowe,2025032711,8.4,48.48,758.0,35.93,6.31,6.88,23.2,0.0
garowe,2025032712,8.4,48.48,515.1,35.37,6.56,7.18,23.56,0.0
garowe,2025032713,8.4,48.48,247.68,34.13,7.03,7.88,25.3,0.0
garowe,2025032714,8.4,48.48,44.25,31.96,7.13,9.1,29.56,0.0
garowe,2025032715,8.4,48.48,0.0,29.69,7.93,10.27,36.26,0.0
garowe,2025032716,8.4,48.48,0.0,27.74,8.61,10.73,44.67,0.0
garowe,2025032717,8.4,48.48,0.0,26.14,8.68,10.62,53.39,0.0
garowe,2025032718,8.4,48.48,0.0,25.08,8.05,9.93,60.26,0.0
garowe,2025032719,8.4,48.48,0.0,24.22,7.75,9.61,66.23,0.0
garowe,2025032720,8.4,48.48,0.0,23.46,7.09,8.85,71.02,0.0
garowe,2025032721,8.4,48.48,0.0,22.8,6.33,7.99,74.64,0.0
garowe,2025032722,8.4,48.48,0.0,22.22,5.46,7.06,77.4,0.0
garowe,2025032723,8.4,48.48,0.0,21.66,4.51,6.15,80.04,0.0
garowe,2025032800,8.4,48.48,0.0,21.17,3.87,5.63,82.39,0.0
garowe,2025032801,8.4,48.48,0.0,20.72,3.35,5.13,84.56,0.0
garowe,2025032802,8.4,48.48,0.0,20.35,2.85,4.59,86.26,0.0
garowe,2025032803,8.4,48.48,103.4,21.35,4.35,5.32,80.28,0.0
garowe,2025032804,8.4,48.48,338.35,23.73,5.68,6.51,65.03,0.0
garowe,2025032805,8.4,48.48,596.58,26.49,5.89,6.59,48.83,0.0
garowe,2025032806,8.4,48.48,812.38,29.29,5.84,6.47,36.73,0.0
garowe,2025032807,8.4,48.48,960.95,31.66,5.73,6.32,29.08,0.0
garowe,2025032808,8.4,48.48,1048.18,33.4,5.59,6.13,24.89,0.0
garowe,2025032809,8.4,48.48,1034.35,34.7,5.4,5.9,22.46,0.0
garowe,2025032810,8.4,48.48,938.4,35.51,5.28,5.77,21.16,0.0
garowe,2025032811,8.4,48.48,766.3,35.71,5.32,5.79,20.86,0.0
garowe,2025032812,8.4,48.48,533.53,35.33,5.53,6.04,21.38,0.0
garowe,2025032813,8.4,48.48,270.95,34.31,5.89,6.57,22.96,0.0
garowe,2025032814,8.4,48.48,48.12,32.05,5.46,7.69,27.15,0.0
garowe,2025032815,8.4,48.48,0.0,29.7,6.74,9.61,34.26,0.0
garowe,2025032816,8.4,48.48,0.0,27.71,8.17,10.34,44.19,0.0
garowe,2025032817,8.4,48.48,0.0,25.62,8.41,10.29,56.32,0.0
garowe,2025032818,8.4,48.48,0.0,24.27,7.75,9.52,65.07,0.0
garowe,2025032819,8.4,48.48,0.0,23.57,6.93,8.54,70.0,0.0
garowe,2025032820,8.4,48.48,0.0,23.01,6.15,7.59,73.82,0.0
garowe,2025032821,8.4,48.48,0.0,22.42,5.22,6.51,77.3,0.0
garowe,2025032822,8.4,48.48,0.0,21.85,4.4,5.62,80.17,0.0
garowe,2025032823,8.4,48.48,0.0,21.37,3.77,4.99,82.25,0.0
garowe,2025032900,8.4,48.48,0.0,20.92,3.21,4.56,84.1,0.0
garowe,2025032901,8.4,48.48,0.0,20.44,2.91,4.34,86.23,0.0
garowe,2025032902,8.4,48.48,0.0,20.1,2.91,4.3,87.61,0.0
garowe,2025032903,8.4,48.48,104.78,20.96,3.87,4.54,81.63,0.0
garowe,2025032904,8.4,48.48,339.0,23.22,4.47,5.01,65.8,0.0
garowe,2025032905,8.4,48.48,599.62,26.13,4.72,5.21,47.44,0.0
garowe,2025032906,8.4,48.48,819.5,29.01,4.63,5.08,33.98,0.0
garowe,2025032907,8.4,48.48,970.42,31.61,4.38,4.8,25.05,0.0
garowe,2025032908,8.4,48.48,1062.05,33.68,4.13,4.51,20.03,0.0
garowe,2025032909,8.4,48.48,1046.25,35.11,3.92,4.28,17.56,0.0
garowe,2025032910,8.4,48.48,950.05,35.98,3.78,4.11,16.33,0.0
garowe,2025032911,8.4,48.48,781.12,36.25,3.71,4.02,15.95,0.0
garowe,2025032912,8.4,48.48,550.9,35.96,3.82,4.13,16.15,0.0
garowe,2025032913,8.4,48.48,286.73,35.04,4.15,4.55,17.07,0.0
garowe,2025032914,8.4,48.48,52.08,32.15,3.79,6.24,21.52,0.0
garowe,2025032915,8.4,48.48,0.0,29.91,5.97,9.21,28.34,0.0
garowe,2025032916,8.4,48.48,0.0,28.21,8.47,10.49,39.76,0.0
garowe,2025032917,8.4,48.48,0.0,26.0,8.78,10.5,54.53,0.0
garowe,2025032918,8.4,48.48,0.0,24.44,8.08,9.68,64.67,0.0
garowe,2025032919,8.4,48.48,0.0,23.49,6.85,8.32,70.27,0.0
garowe,2025032920,8.4,48.48,0.0,22.88,5.88,7.24,74.51,0.0
garowe,2025032921,8.4,48.48,0.0,22.44,5.12,6.35,77.88,0.0
garowe,2025032922,8.4,48.48,0.0,22.16,4.64,5.81,79.97,0.0
garowe,2025032923,8.4,48.48,0.0,21.96,4.33,5.48,81.28,0.0
garowe,2025033000,8.4,48.48,0.0,21.83,4.16,5.25,81.95,0.0
garowe,2025033001,8.4,48.48,0.0,21.74,3.88,4.93,82.21,0.0
garowe,2025033002,8.4,48.48,0.0,21.64,3.61,4.71,82.3,0.0
garowe,2025033003,8.4,48.48,122.72,22.21,4.08,4.69,78.87,0.0
garowe,2025033004,8.4,48.48,374.55,23.68,4.08,4.49,70.5,0.0
garowe,2025033005,8.4,48.48,634.7,25.82,3.9,4.24,59.79,0.0
garowe,2025033006,8.4,48.48,845.88,28.34,3.76,4.07,47.96,0.0
garowe,2025033007,8.4,48.48,987.47,30.85,3.52,3.81,36.83,0.0
garowe,2025033008,8.4,48.48,1044.93,32.79,3.19,3.43,29.12,0.0
garowe,2025033009,8.4,48.48,1026.12,34.01,2.78,2.98,24.83,0.0
garowe,2025033010,8.4,48.48,923.75,34.73,2.46,2.6,22.37,0.0
garowe,2025033011,8.4,48.48,755.1,35.02,2.45,2.52,21.0,0.0
garowe,2025033012,8.4,48.48,528.83,34.81,2.79,2.83,20.53,0.0
garowe,2025033013,8.4,48.48,272.77,33.95,3.52,3.72,21.19,0.0
garowe,2025033014,8.4,48.48,48.95,31.74,3.79,6.05,25.11,0.0
garowe,2025033015,8.4,48.48,0.0,29.69,5.88,8.8,32.06,0.0
garowe,2025033016,8.4,48.48,0.0,27.95,7.86,9.91,43.53,0.0
garowe,2025033017,8.4,48.48,0.0,25.81,8.39,10.06,59.11,0.0
garowe,2025033018,8.4,48.48,0.0,24.2,7.98,9.56,70.68,0.0
garowe,2025033019,8.4,48.48,0.0,23.29,6.88,8.3,75.79,0.0
garowe,2025033020,8.4,48.48,0.0,22.87,6.04,7.34,78.04,0.0
garowe,2025033021,8.4,48.48,0.0,22.49,5.46,6.69,79.87,0.0
garowe,2025033022,8.4,48.48,0.0,22.19,5.28,6.48,81.06,0.0
garowe,2025033023,8.4,48.48,0.0,21.98,5.11,6.21,81.39,0.0
garowe,2025033100,8.4,48.48,0.0,21.8,4.69,5.73,81.56,0.0
garowe,2025033101,8.4,48.48,0.0,21.58,4.13,5.17,82.23,0.0
garowe,2025033102,8.4,48.48,0.0,21.38,3.6,4.68,83.0,0.0
garowe,2025033103,8.4,48.48,121.1,22.09,4.07,4.67,78.46,0.0
garowe,2025033104,8.4,48.48,363.2,23.97,4.06,4.45,67.53,0.0
garowe,2025033105,8.4,48.48,617.83,26.42,3.69,3.99,55.54,0.0
garowe,2025033106,8.4,48.48,821.53,28.94,3.29,3.49,44.9,0.0
garowe,2025033107,8.4,48.48,952.4,31.54,2.75,2.88,34.57,0.0
garowe,2025033108,8.4,48.48,1001.83,33.56,2.25,2.35,27.96,0.0
garowe,2025033109,8.4,48.48,969.17,34.8,1.9,2.01,24.45,0.0
garowe,2025033110,8.4,48.48,884.67,35.46,1.7,1.84,22.26,0.0
garowe,2025033111,8.4,48.48,720.0,35.68,1.71,1.88,20.73,0.0
garowe,2025033112,8.4,48.48,499.5,35.43,1.84,2.02,19.9,0.0
garowe,2025033113,8.4,48.48,255.68,34.66,2.09,2.26,19.89,0.0
garowe,2025033114,8.4,48.48,46.9,32.3,2.01,3.18,23.29,0.0
garowe,2025033115,8.4,48.48,0.0,29.64,3.52,5.92,27.99,0.0
garowe,2025033116,8.4,48.48,0.0,28.41,5.28,8.43,34.3,0.0
garowe,2025033117,8.4,48.48,0.0,26.65,7.4,9.5,48.15,0.0
garowe,2025033118,8.4,48.48,0.0,24.6,7.63,9.25,66.0,0.0
garowe,2025033119,8.4,48.48,0.0,23.39,6.92,8.41,76.67,0.0
garowe,2025033120,8.4,48.48,0.0,22.75,5.95,7.26,80.6,0.0
garowe,2025033121,8.4,48.48,0.0,22.41,5.26,6.43,82.29,0.0
garowe,2025033122,8.4,48.48,0.0,22.18,4.83,5.97,82.75,0.0
garowe,2025033123,8.4,48.48,0.0,22.0,4.57,5.71,83.02,0.0
garowe,2025040100,8.4,48.48,0.0,21.9,4.47,5.59,83.27,0.0
garowe,2025040101,8.4,48.48,0.0,21.84,4.32,5.47,83.06,0.0
garowe,2025040102,8.4,48.48,0.0,21.72,4.14,5.41,83.04,0.0
garowe,2025040103,8.4,48.48,129.55,22.5,4.73,5.47,77.63,0.0
garowe,2025040104,8.4,48.48,382.5,24.41,4.61,5.08,67.01,0.0
garowe,2025040105,8.4,48.48,638.88,26.92,4.2,4.55,55.41,0.0
garowe,2025040106,8.4,48.48,851.4,29.65,3.69,3.95,44.24,0.0
garowe,2025040107,8.4,48.48,997.1,32.46,3.02,3.2,33.52,0.0
garowe,2025040108,8.4,48.48,1061.53,34.44,2.52,2.71,27.6,0.0
garowe,2025040109,8.4,48.48,1025.78,35.67,2.3,2.54,24.09,0.0
garowe,2025040110,8.4,48.48,928.42,36.35,2.18,2.43,21.65,0.0
garowe,2025040111,8.4,48.48,757.92,36.59,2.07,2.34,20.05,0.0
garowe,2025040112,8.4,48.48,529.03,36.34,1.95,2.21,19.29,0.0
garowe,2025040113,8.4,48.48,271.83,35.58,1.94,2.13,19.33,0.0
garowe,2025040114,8.4,48.48,48.25,33.24,1.94,3.02,22.91,0.0
garowe,2025040115,8.4,48.48,0.0,30.46,3.71,6.15,27.77,0.0
garowe,2025040116,8.4,48.48,0.0,29.11,5.82,8.83,35.02,0.0
garowe,2025040117,8.4,48.48,0.0,26.93,7.8,9.73,50.11,0.0
garowe,2025040118,8.4,48.48,0.0,24.84,7.74,9.33,66.72,0.0
garowe,2025040119,8.4,48.48,0.0,23.7,6.83,8.23,75.54,0.0
garowe,2025040120,8.4,48.48,0.0,23.24,5.86,7.09,78.3,0.0
garowe,2025040121,8.4,48.48,0.0,22.99,5.06,6.1,79.5,0.0
garowe,2025040122,8.4,48.48,0.0,22.77,4.38,5.29,80.8,0.0
garowe,2025040123,8.4,48.48,0.0,22.59,3.88,4.85,81.51,0.0
garowe,2025040200,8.4,48.48,0.0,22.39,3.51,4.7,81.91,0.0
garowe,2025040201,8.4,48.48,0.0,22.13,3.15,4.65,82.58,0.0
garowe,2025040202,8.4,48.48,0.0,21.9,3.0,4.65,83.11,0.0
garowe,2025040203,8.4,48.48,132.75,22.99,4.06,4.73,76.76,0.0
garowe,2025040204,8.4,48.48,384.15,24.98,4.17,4.58,66.39,0.0
garowe,2025040205,8.4,48.48,638.03,27.47,3.97,4.3,55.07,0.0
garowe,2025040206,8.4,48.48,848.42,30.09,3.65,3.9,44.57,0.0
garowe,2025040207,8.4,48.48,993.58,32.7,3.12,3.32,34.55,0.0
garowe,2025040208,8.4,48.48,1060.5,34.68,2.66,2.87,27.99,0.0
garowe,2025040209,8.4,48.48,1047.15,35.93,2.44,2.67,24.05,0.0
garowe,2025040210,8.4,48.48,952.8,36.63,2.37,2.61,21.32,0.0
garowe,2025040211,8.4,48.48,784.62,36.84,2.35,2.61,19.43,0.0
garowe,2025040212,8.4,48.48,557.75,36.57,2.43,2.67,18.16,0.0
garowe,2025040213,8.4,48.48,295.58,35.78,2.61,2.86,17.73,0.0
garowe,2025040214,8.4,48.48,54.88,33.24,2.61,3.96,21.1,0.0
garowe,2025040215,8.4,48.48,0.0,30.3,4.35,7.2,27.19,0.0
garowe,2025040216,8.4,48.48,0.0,28.83,7.12,9.85,37.98,0.0
garowe,2025040217,8.4,48.48,0.0,26.33,8.52,10.35,57.34,0.0
garowe,2025040218,8.4,48.48,0.0,24.49,7.89,9.45,72.04,0.0
garowe,2025040219,8.4,48.48,0.0,23.61,6.68,8.02,77.68,0.0
garowe,2025040220,8.4,48.48,0.0,23.27,5.72,6.86,79.21,0.0
garowe,2025040221,8.4,48.48,0.0,23.07,5.07,6.06,80.07,0.0
garowe,2025040222,8.4,48.48,0.0,22.89,4.53,5.43,80.48,0.0
garowe,2025040223,8.4,48.48,0.0,22.83,4.11,4.96,79.73,0.0
garowe,2025040300,8.4,48.48,0.0,22.73,3.74,4.59,79.42,0.0
garowe,2025040301,8.4,48.48,0.0,22.59,3.37,4.34,79.54,0.0
garowe,2025040302,8.4,48.48,0.0,22.4,3.17,4.27,79.89,0.0
garowe,2025040303,8.4,48.48,134.1,23.14,3.76,4.26,75.04,0.0
garowe,2025040304,8.4,48.48,382.48,24.82,3.72,4.04,65.65,0.0
garowe,2025040305,8.4,48.48,631.47,27.12,3.6,3.87,55.03,0.0
garowe,2025040306,8.4,48.48,839.42,29.62,3.54,3.77,44.49,0.0
garowe,2025040307,8.4,48.48,984.15,32.19,3.36,3.53,34.35,0.0
garowe,2025040308,8.4,48.48,1062.65,34.14,3.12,3.24,27.78,0.0
garowe,2025040309,8.4,48.48,1049.47,35.36,3.0,3.08,24.03,0.0
garowe,2025040310,8.4,48.48,953.15,35.98,3.0,3.05,21.8,0.0
garowe,2025040311,8.4,48.48,783.7,36.09,3.17,3.23,20.41,0.0
garowe,2025040312,8.4,48.48,556.22,35.68,3.53,3.61,19.77,0.0
garowe,2025040313,8.4,48.48,294.75,34.71,4.15,4.4,19.93,0.0
garowe,2025040314,8.4,48.48,54.47,32.5,4.35,6.25,22.13,0.0
garowe,2025040315,8.4,48.48,0.0,30.04,6.14,9.27,26.29,0.0
garowe,2025040316,8.4,48.48,0.0,28.18,8.18,10.49,32.77,0.0
garowe,2025040317,8.4,48.48,0.0,25.99,7.96,9.79,43.98,0.0
garowe,2025040318,8.4,48.48,0.0,24.36,6.76,8.36,56.11,0.0
garowe,2025040319,8.4,48.48,0.0,23.21,5.59,7.04,66.2,0.0
garowe,2025040320,8.4,48.48,0.0,22.26,4.92,6.3,75.21,0.0
garowe,2025040321,8.4,48.48,0.0,21.57,4.47,5.8,82.63,0.0
garowe,2025040322,8.4,48.48,0.0,21.13,4.07,5.4,87.44,0.0
garowe,2025040323,8.4,48.48,0.0,21.03,3.84,4.98,88.82,0.0
garowe,2025040400,8.4,48.48,0.0,21.03,3.67,4.71,88.85,0.0
garowe,2025040401,8.4,48.48,0.0,20.88,3.24,4.37,89.23,0.0
garowe,2025040402,8.4,48.48,0.0,20.7,2.8,4.13,89.73,0.0
garowe,2025040403,8.4,48.48,128.45,21.51,3.41,3.9,84.47,0.0
garowe,2025040404,8.4,48.48,368.42,23.6,3.44,3.81,71.79,0.0
garowe,2025040405,8.4,48.48,623.28,26.41,3.54,3.92,58.19,0.0
garowe,2025040406,8.4,48.48,835.3,29.95,4.04,4.52,40.79,0.0
garowe,2025040407,8.4,48.48,982.0,33.08,4.5,4.96,28.28,0.0
garowe,2025040408,8.4,48.48,1047.22,34.83,4.66,5.08,23.63,0.0
garowe,2025040409,8.4,48.48,1030.22,35.85,4.68,5.05,21.43,0.0
garowe,2025040410,8.4,48.48,930.03,36.32,4.71,5.05,20.56,0.0
garowe,2025040411,8.4,48.48,765.5,36.25,4.9,5.23,20.72,0.0
garowe,2025040412,8.4,48.48,530.9,35.65,5.27,5.64,21.72,0.0
garowe,2025040413,8.4,48.48,270.48,34.43,5.82,6.37,23.93,0.0
garowe,2025040414,8.4,48.48,48.45,32.26,5.82,7.67,28.82,0.0
garowe,2025040415,8.4,48.48,0.0,30.03,6.82,9.42,36.91,0.0
garowe,2025040416,8.4,48.48,0.0,28.31,7.59,9.55,47.05,0.0
garowe,2025040417,8.4,48.48,0.0,26.61,7.21,8.95,58.56,0.0
garowe,2025040418,8.4,48.48,0.0,25.27,6.35,7.85,68.31,0.0
garowe,2025040419,8.4,48.48,0.0,24.22,5.59,7.02,75.84,0.0
garowe,2025040420,8.4,48.48,0.0,23.38,5.05,6.49,81.65,0.0
garowe,2025040421,8.4,48.48,0.0,22.9,4.75,6.09,84.82,0.0
garowe,2025040422,8.4,48.48,0.0,22.67,4.5,5.72,85.87,0.0
garowe,2025040423,8.4,48.48,0.0,22.48,4.08,5.25,86.36,0.0
garowe,2025040500,8.4,48.48,0.0,22.33,3.78,5.14,86.0,0.0
garowe,2025040501,8.4,48.48,0.0,22.19,3.52,5.03,85.39,0.0
garowe,2025040502,8.4,48.48,0.0,22.01,3.24,4.9,85.31,0.0
garowe,2025040503,8.4,48.48,128.93,22.77,4.03,4.65,80.54,0.0
garowe,2025040504,8.4,48.48,359.5,24.49,3.93,4.32,70.16,0.0
garowe,2025040505,8.4,48.48,609.72,26.92,3.77,4.13,57.23,0.0
garowe,2025040506,8.4,48.48,818.25,29.91,4.05,4.51,41.77,0.0
garowe,2025040507,8.4,48.48,960.12,33.1,4.52,4.95,27.15,0.0
garowe,2025040508,8.4,48.48,1024.97,34.67,4.56,4.94,22.97,0.0
garowe,2025040509,8.4,48.48,1008.22,35.56,4.53,4.88,20.98,0.0
garowe,2025040510,8.4,48.48,920.3,36.07,4.56,4.88,19.5,0.0
garowe,2025040511,8.4,48.48,759.1,36.05,4.71,5.03,19.08,0.0
garowe,2025040512,8.4,48.48,521.62,35.51,4.99,5.34,19.53,0.0
garowe,2025040513,8.4,48.48,261.55,34.35,5.42,5.94,21.08,0.0
garowe,2025040514,8.4,48.48,45.5,32.0,5.09,7.24,25.23,0.0
garowe,2025040515,8.4,48.48,0.0,29.73,6.34,9.36,32.22,0.0
garowe,2025040516,8.4,48.48,0.0,28.18,7.71,9.96,41.18,0.0
garowe,2025040517,8.4,48.48,0.0,26.49,7.25,9.11,52.28,0.0
garowe,2025040518,8.4,48.48,0.0,25.16,6.44,8.09,62.61,0.0
garowe,2025040519,8.4,48.48,0.0,24.06,5.8,7.4,71.82,0.0
garowe,2025040520,8.4,48.48,0.0,23.18,5.43,6.93,79.96,0.0
garowe,2025040521,8.4,48.48,0.0,22.65,5.06,6.54,85.39,0.0
garowe,2025040522,8.4,48.48,0.0,22.56,5.12,6.43,86.71,0.0
garowe,2025040523,8.4,48.48,0.0,22.49,4.66,5.86,87.02,0.0
garowe,2025040600,8.4,48.48,0.0,22.5,4.36,5.62,86.27,0.0
garowe,2025040601,8.4,48.48,0.0,22.52,4.03,5.45,85.78,0.0
garowe,2025040602,8.4,48.48,0.0,22.5,3.76,5.31,85.84,0.0
garowe,2025040603,8.4,48.48,129.1,23.33,4.47,5.24,81.31,0.0
garowe,2025040604,8.4,48.48,369.67,25.21,4.52,5.04,70.67,0.0
garowe,2025040605,8.4,48.48,624.6,27.93,4.53,5.01,55.2,0.0
garowe,2025040606,8.4,48.48,836.4,30.82,4.5,4.88,39.77,0.0
garowe,2025040607,8.4,48.48,981.03,32.8,4.11,4.4,32.14,0.0
garowe,2025040608,8.4,48.48,1042.1,34.25,3.73,3.95,27.42,0.0
garowe,2025040609,8.4,48.48,1027.1,35.24,3.46,3.64,24.25,0.0
garowe,2025040610,8.4,48.48,907.25,35.81,3.37,3.54,22.13,0.0
garowe,2025040611,8.4,48.48,750.22,35.89,3.41,3.57,21.12,0.0
garowe,2025040612,8.4,48.48,521.08,35.48,3.6,3.77,21.09,0.0
garowe,2025040613,8.4,48.48,261.73,34.48,4.0,4.23,22.21,0.0
garowe,2025040614,8.4,48.48,45.53,32.26,3.93,5.64,26.26,0.0
garowe,2025040615,8.4,48.48,0.0,30.0,5.35,8.19,33.39,0.0
garowe,2025040616,8.4,48.48,0.0,28.63,7.48,9.81,42.73,0.0
garowe,2025040617,8.4,48.48,0.0,26.94,8.18,10.08,54.77,0.0
garowe,2025040618,8.4,48.48,0.0,25.74,7.33,8.95,63.76,0.0
garowe,2025040619,8.4,48.48,0.0,24.94,6.18,7.6,69.77,0.0
garowe,2025040620,8.4,48.48,0.0,24.25,5.38,6.67,75.61,0.0
garowe,2025040621,8.4,48.48,0.0,23.71,4.95,6.15,80.78,0.0
garowe,2025040622,8.4,48.48,0.0,23.41,4.52,5.71,83.53,0.0
garowe,2025040623,8.4,48.48,0.0,23.24,4.01,5.21,85.03,0.0
garowe,2025040700,8.4,48.48,0.0,23.32,3.83,4.89,84.7,0.0
garowe,2025040701,8.4,48.48,0.0,23.36,3.43,4.66,84.56,0.0
garowe,2025040702,8.4,48.48,0.0,23.29,3.16,4.56,84.67,0.0
garowe,2025040703,8.4,48.48,145.45,24.07,3.95,4.55,79.59,0.0
garowe,2025040704,8.4,48.48,391.83,25.88,4.05,4.48,67.25,0.0
garowe,2025040705,8.4,48.48,637.92,28.45,3.96,4.31,50.69,0.0
garowe,2025040706,8.4,48.48,852.58,31.02,3.51,3.75,38.3,0.0
garowe,2025040707,8.4,48.48,986.95,33.06,2.85,3.01,32.15,0.0
garowe,2025040708,8.4,48.48,1029.07,34.53,2.38,2.57,28.65,0.0
garowe,2025040709,8.4,48.48,1002.53,35.39,2.32,2.57,26.25,0.0
garowe,2025040710,8.4,48.48,920.7,36.05,2.36,2.65,24.07,0.0
garowe,2025040711,8.4,48.48,753.45,36.22,2.33,2.64,22.54,0.0
garowe,2025040712,8.4,48.48,528.95,35.91,2.21,2.53,21.79,0.0
garowe,2025040713,8.4,48.48,271.98,35.17,2.11,2.41,21.71,0.0
garowe,2025040714,8.4,48.48,48.1,33.33,1.86,2.65,24.2,0.0
garowe,2025040715,8.4,48.48,0.0,30.77,3.33,5.16,29.29,0.0
garowe,2025040716,8.4,48.48,0.0,29.47,5.64,8.62,37.03,0.0
garowe,2025040717,8.4,48.48,0.0,27.58,8.36,10.35,53.05,0.0
garowe,2025040718,8.4,48.48,0.0,25.56,8.35,10.03,69.13,0.0
garowe,2025040719,8.4,48.48,0.0,24.56,7.16,8.6,75.31,0.0
garowe,2025040720,8.4,48.48,0.0,24.17,5.88,7.15,76.94,0.0
garowe,2025040721,8.4,48.48,0.0,23.96,5.12,6.27,77.68,0.0
garowe,2025040722,8.4,48.48,0.0,23.87,4.68,5.65,78.02,0.0
garowe,2025040723,8.4,48.48,0.0,23.76,4.16,5.03,78.69,0.0
garowe,2025040800,8.4,48.48,0.0,23.62,3.78,4.75,79.06,0.0
garowe,2025040801,8.4,48.48,0.0,23.52,3.51,4.68,78.74,0.0
garowe,2025040802,8.4,48.48,0.0,23.38,3.21,4.58,78.78,0.0
garowe,2025040803,8.4,48.48,129.88,24.25,4.18,4.87,73.57,0.0
garowe,2025040804,8.4,48.48,360.35,26.07,4.24,4.69,63.96,0.0
garowe,2025040805,8.4,48.48,624.42,28.45,4.04,4.43,52.07,0.0
garowe,2025040806,8.4,48.48,835.05,30.95,3.74,4.05,41.33,0.0
garowe,2025040807,8.4,48.48,975.72,32.92,3.2,3.43,35.16,0.0
garowe,2025040808,8.4,48.48,1033.07,34.31,2.66,2.89,31.31,0.0
garowe,2025040809,8.4,48.48,946.6,35.2,2.35,2.65,28.49,0.0
garowe,2025040810,8.4,48.48,901.45,35.73,2.26,2.61,26.16,0.0
garowe,2025040811,8.4,48.48,731.88,35.93,2.13,2.5,24.52,0.0
garowe,2025040812,8.4,48.48,487.4,35.73,2.05,2.41,23.65,0.0
garowe,2025040813,8.4,48.48,245.65,35.05,2.06,2.38,23.58,0.0
garowe,2025040814,8.4,48.48,45.3,33.43,1.97,2.7,25.73,0.0
garowe,2025040815,8.4,48.48,0.0,31.19,3.23,4.95,29.84,0.0
garowe,2025040816,8.4,48.48,0.0,30.02,4.91,7.83,34.82,0.0
garowe,2025040817,8.4,48.48,0.0,28.56,7.31,9.44,44.13,0.0
garowe,2025040818,8.4,48.48,0.0,26.5,7.75,9.36,56.87,0.0
garowe,2025040819,8.4,48.48,0.0,25.15,7.11,8.57,65.23,0.0
garowe,2025040820,8.4,48.48,0.0,24.41,6.03,7.3,68.72,0.0
garowe,2025040821,8.4,48.48,0.0,23.93,4.95,6.07,71.05,0.0
garowe,2025040822,8.4,48.48,0.0,23.51,3.91,4.89,73.62,0.0
garowe,2025040823,8.4,48.48,0.0,23.07,3.03,4.09,76.67,0.0
garowe,2025040900,8.4,48.48,0.0,22.69,2.56,3.78,79.73,0.0
garowe,2025040901,8.4,48.48,0.0,22.37,2.32,3.65,82.62,0.0
garowe,2025040902,8.4,48.48,3.47,22.13,2.2,3.66,85.02,0.0
garowe,2025040903,8.4,48.48,131.98,23.2,3.51,4.06,79.94,0.0
garowe,2025040904,8.4,48.48,383.92,25.32,3.82,4.23,67.63,0.0
garowe,2025040905,8.4,48.48,639.85,27.89,3.49,3.73,55.37,0.0
garowe,2025040906,8.4,48.48,832.0,30.25,2.65,2.74,46.54,0.0
garowe,2025040907,8.4,48.48,975.85,32.09,1.64,1.68,39.92,0.0
garowe,2025040908,8.4,48.48,1028.03,33.49,1.15,1.29,34.34,0.0
garowe,2025040909,8.4,48.48,1019.4,34.45,1.3,1.51,30.26,0.0
garowe,2025040910,8.4,48.48,829.88,35.01,1.4,1.62,27.73,0.0
garowe,2025040911,8.4,48.48,716.05,35.15,1.3,1.53,26.37,0.0
garowe,2025040912,8.4,48.48,500.1,34.85,1.2,1.42,25.98,0.0
garowe,2025040913,8.4,48.48,258.0,34.14,1.21,1.37,26.49,0.0
garowe,2025040914,8.4,48.48,46.62,32.81,1.52,1.86,28.58,0.0
garowe,2025040915,8.4,48.48,0.0,30.9,2.81,4.15,33.08,0.0
garowe,2025040916,8.4,48.48,0.0,30.32,4.89,7.08,37.86,0.0
garowe,2025040917,8.4,48.48,0.0,28.8,7.43,9.02,48.54,0.0
garowe,2025040918,8.4,48.48,0.0,26.72,8.12,9.58,62.78,0.0
garowe,2025040919,8.4,48.48,0.0,25.14,7.63,9.0,73.08,0.0
garowe,2025040920,8.4,48.48,0.0,24.38,6.62,7.82,77.24,0.0
garowe,2025040921,8.4,48.48,0.0,24.03,5.63,6.65,78.73,0.0
garowe,2025040922,8.4,48.48,0.0,23.89,4.87,5.77,78.68,0.0
garowe,2025040923,8.4,48.48,0.0,23.75,4.24,5.01,78.56,0.0
garowe,2025041000,8.4,48.48,0.0,23.57,3.65,4.32,78.85,0.0
garowe,2025041001,8.4,48.48,0.0,23.43,3.15,3.75,78.87,0.0
garowe,2025041002,8.4,48.48,3.75,23.31,2.78,3.35,78.86,0.0
garowe,2025041003,8.4,48.48,135.3,23.99,2.8,3.08,75.03,0.0
garowe,2025041004,8.4,48.48,375.67,25.63,2.72,2.9,66.55,0.0
garowe,2025041005,8.4,48.48,622.05,28.21,2.59,2.7,54.23,0.0
garowe,2025041006,8.4,48.48,847.33,30.74,2.26,2.29,44.13,0.0
garowe,2025041007,8.4,48.48,990.78,32.67,1.92,1.93,37.54,0.0
garowe,2025041008,8.4,48.48,1041.3,33.93,1.72,1.77,33.29,0.0
garowe,2025041009,8.4,48.48,1019.0,34.77,1.61,1.71,30.21,0.0
garowe,2025041010,8.4,48.48,794.78,35.33,1.48,1.6,27.95,0.0
garowe,2025041011,8.4,48.48,691.17,35.47,1.32,1.46,26.61,0.0
garowe,2025041012,8.4,48.48,486.17,35.22,1.16,1.29,26.06,0.0
garowe,2025041013,8.4,48.48,249.55,34.54,1.16,1.25,26.31,0.0
garowe,2025041014,8.4,48.48,45.15,33.31,1.39,1.72,27.98,0.0
garowe,2025041015,8.4,48.48,0.0,31.9,2.43,3.66,31.04,0.0
garowe,2025041016,8.4,48.48,0.0,30.58,4.47,6.06,36.03,0.0
garowe,2025041017,8.4,48.48,0.0,29.13,5.8,7.85,43.95,0.0
garowe,2025041018,8.4,48.48,0.0,27.63,6.74,8.54,53.53,0.0
garowe,2025041019,8.4,48.48,0.0,26.22,6.65,8.03,62.11,0.0
garowe,2025041020,8.4,48.48,0.0,25.33,5.77,6.97,66.86,0.0
garowe,2025041021,8.4,48.48,0.0,24.76,4.87,6.0,69.46,0.0
garowe,2025041022,8.4,48.48,0.0,24.25,4.31,5.46,72.06,0.0
garowe,2025041023,8.4,48.48,0.0,23.81,3.99,5.23,74.78,0.0
garowe,2025041100,8.4,48.48,0.0,23.37,3.72,5.01,78.17,0.0
garowe,2025041101,8.4,48.48,0.0,23.01,3.38,4.68,81.55,0.0
garowe,2025041102,8.4,48.48,3.97,22.74,3.08,4.3,84.58,0.0
garowe,2025041103,8.4,48.48,137.35,23.78,3.68,4.22,80.25,0.0
garowe,2025041104,8.4,48.48,374.15,26.09,3.78,4.17,67.6,0.0
garowe,2025041105,8.4,48.48,602.5,28.96,3.62,3.91,54.41,0.0
garowe,2025041106,8.4,48.48,775.0,31.73,3.31,3.5,44.12,0.0
garowe,2025041107,8.4,48.48,963.65,33.65,2.97,3.09,38.04,0.0
garowe,2025041108,8.4,48.48,984.72,34.87,2.66,2.76,34.24,0.0
garowe,2025041109,8.4,48.48,931.6,35.6,2.53,2.66,31.45,0.0
garowe,2025041110,8.4,48.48,668.1,35.95,2.45,2.61,29.83,0.0
garowe,2025041111,8.4,48.48,627.6,35.78,2.48,2.63,29.47,0.0
garowe,2025041112,8.4,48.48,417.6,35.25,2.88,3.01,30.31,0.0
garowe,2025041113,8.4,48.48,187.55,34.21,3.72,3.91,32.68,0.0
garowe,2025041114,8.4,48.48,30.33,32.67,4.82,5.49,37.07,0.0
garowe,2025041115,8.4,48.48,0.0,31.15,6.22,7.58,43.08,0.0
garowe,2025041116,8.4,48.48,0.0,29.68,7.43,8.85,50.39,0.0
garowe,2025041117,8.4,48.48,0.0,28.38,7.56,8.98,57.27,0.0
garowe,2025041118,8.4,48.48,0.0,27.48,6.94,8.29,61.74,0.0
garowe,2025041119,8.4,48.48,0.0,26.89,6.33,7.59,64.51,0.0
garowe,2025041120,8.4,48.48,0.0,26.41,5.95,7.15,67.13,0.0
garowe,2025041121,8.4,48.48,0.0,25.95,5.75,6.91,70.15,0.0
garowe,2025041122,8.4,48.48,0.0,25.49,5.58,6.69,73.53,0.0
garowe,2025041123,8.4,48.48,0.0,25.08,5.32,6.39,76.47,0.0
garowe,2025041200,8.4,48.48,0.0,24.79,5.02,6.07,78.55,0.0
garowe,2025041201,8.4,48.48,0.0,24.54,4.65,5.73,80.57,0.0
garowe,2025041202,8.4,48.48,3.92,24.35,4.28,5.35,82.34,0.0
garowe,2025041203,8.4,48.48,121.1,25.08,4.61,5.32,78.33,0.0
garowe,2025041204,8.4,48.48,325.02,27.11,4.72,5.27,65.33,0.0
garowe,2025041205,8.4,48.48,522.25,29.94,4.63,5.05,50.61,0.0
garowe,2025041206,8.4,48.48,788.05,32.41,4.27,4.58,41.86,0.0
garowe,2025041207,8.4,48.48,920.9,34.34,3.85,4.08,36.4,0.0
garowe,2025041208,8.4,48.48,955.4,35.79,3.38,3.55,32.54,0.0
garowe,2025041209,8.4,48.48,860.45,36.65,2.93,3.03,29.98,0.0
garowe,2025041210,8.4,48.48,774.05,37.01,2.55,2.6,28.55,0.0
garowe,2025041211,8.4,48.48,589.12,36.95,2.42,2.42,28.16,0.0
garowe,2025041212,8.4,48.48,306.27,36.32,2.85,2.86,29.11,0.0
garowe,2025041213,8.4,48.48,145.43,35.23,3.99,4.15,31.58,0.0
garowe,2025041214,8.4,48.48,26.85,33.59,5.53,6.25,36.23,0.0
garowe,2025041215,8.4,48.48,0.0,31.81,7.41,8.84,43.09,0.0
garowe,2025041216,8.4,48.48,0.0,29.99,8.78,10.37,51.9,0.0
garowe,2025041217,8.4,48.48,0.0,28.36,8.61,10.17,60.42,0.0
garowe,2025041218,8.4,48.48,0.0,27.27,7.68,9.1,66.3,0.0
garowe,2025041219,8.4,48.48,0.0,26.58,6.93,8.24,70.38,0.0
garowe,2025041220,8.4,48.48,0.0,25.99,6.47,7.7,74.01,0.0
garowe,2025041221,8.4,48.48,0.0,25.55,6.08,7.24,76.61,0.0
garowe,2025041222,8.4,48.48,0.0,25.25,5.73,6.87,78.14,0.0
garowe,2025041223,8.4,48.48,0.0,25.06,5.39,6.51,79.02,0.0
garowe,2025041300,8.4,48.48,0.0,24.9,4.96,6.02,80.09,0.0
garowe,2025041301,8.4,48.48,0.0,24.76,4.51,5.53,81.67,0.0
garowe,2025041302,8.4,48.48,3.03,24.67,4.2,5.16,83.19,0.0
garowe,2025041303,8.4,48.48,85.18,25.44,4.71,5.51,78.91,0.0
garowe,2025041304,8.4,48.48,240.0,27.23,5.1,5.74,67.43,0.0
garowe,2025041305,8.4,48.48,416.33,29.46,5.21,5.78,55.16,0.0
garowe,2025041306,8.4,48.48,501.08,31.52,5.22,5.74,46.45,0.0
garowe,2025041307,8.4,48.48,622.0,33.13,5.23,5.71,41.26,0.0
garowe,2025041308,8.4,48.48,702.0,34.22,5.22,5.67,38.15,0.0
garowe,2025041309,8.4,48.48,417.35,34.57,5.17,5.6,36.9,0.0
garowe,2025041310,8.4,48.48,298.5,34.62,4.98,5.41,36.52,0.0
garowe,2025041311,8.4,48.48,136.15,33.84,4.92,5.39,38.35,0.0
garowe,2025041312,8.4,48.48,62.33,32.72,5.02,5.57,41.57,0.0
garowe,2025041313,8.4,48.48,37.1,31.42,5.07,5.73,45.81,0.0
garowe,2025041314,8.4,48.48,8.88,30.12,5.02,5.84,50.58,0.0
garowe,2025041315,8.4,48.48,0.0,29.13,5.0,5.93,54.86,0.0
garowe,2025041316,8.4,48.48,0.0,28.44,5.08,6.07,58.12,0.0
garowe,2025041317,8.4,48.48,0.0,27.89,5.16,6.19,61.01,0.0
garowe,2025041318,8.4,48.48,0.0,27.35,5.25,6.32,64.16,0.0
garowe,2025041319,8.4,48.48,0.0,26.85,5.33,6.42,67.52,0.0
garowe,2025041320,8.4,48.48,0.0,26.35,5.25,6.31,71.23,0.0
garowe,2025041321,8.4,48.48,0.0,25.95,4.93,5.9,74.38,0.0
garowe,2025041322,8.4,48.48,0.0,25.7,4.61,5.5,76.26,0.0
garowe,2025041323,8.4,48.48,0.0,25.5,4.25,5.08,77.61,0.0
garowe,2025041400,8.4,48.48,0.0,25.38,3.83,4.57,78.28,0.0
garowe,2025041401,8.4,48.48,0.0,25.28,3.45,4.11,78.82,0.0
garowe,2025041402,8.4,48.48,3.8,25.18,3.09,3.66,79.38,0.0
garowe,2025041403,8.4,48.48,123.07,25.44,3.12,3.58,77.9,0.0
garowe,2025041404,8.4,48.48,368.42,26.2,3.33,3.74,72.93,0.0
garowe,2025041405,8.4,48.48,616.72,27.29,3.57,3.92,66.14,0.0
garowe,2025041406,8.4,48.48,812.47,28.66,3.66,3.95,59.13,0.0
garowe,2025041407,8.4,48.48,949.2,30.15,3.7,3.94,52.46,0.0
garowe,2025041408,8.4,48.48,965.83,31.43,3.68,3.89,47.21,0.0
garowe,2025041409,8.4,48.48,915.1,32.02,3.59,3.8,44.55,0.0
garowe,2025041410,8.4,48.48,751.45,32.67,3.35,3.55,42.17,0.0
garowe,2025041411,8.4,48.48,547.97,32.95,3.02,3.21,40.89,0.0
garowe,2025041412,8.4,48.48,296.38,32.8,2.65,2.82,40.8,0.0
garowe,2025041413,8.4,48.48,145.32,32.1,2.41,2.56,42.16,0.0
garowe,2025041414,8.4,48.48,30.2,31.05,2.38,2.74,44.74,0.0
garowe,2025041415,8.4,48.48,0.0,30.0,2.54,3.81,48.01,0.0
garowe,2025041416,8.4,48.48,0.0,29.41,3.58,5.22,50.77,0.0
garowe,2025041417,8.4,48.48,0.0,28.8,4.58,6.21,54.1,0.0
garowe,2025041418,8.4,48.48,0.0,28.11,5.15,6.73,58.09,0.0
garowe,2025041419,8.4,48.48,0.0,27.4,5.26,6.78,62.7,0.0
garowe,2025041420,8.4,48.48,0.0,26.7,5.06,6.44,67.71,0.0
garowe,2025041421,8.4,48.48,0.0,26.06,4.7,5.92,72.78,0.0
garowe,2025041422,8.4,48.48,0.0,25.54,4.45,5.55,77.36,0.0
garowe,2025041423,8.4,48.48,0.0,25.17,4.15,5.11,80.51,0.0
garowe,2025041500,8.4,48.48,0.0,24.92,3.81,4.72,82.53,0.0
garowe,2025041501,8.4,48.48,0.0,24.74,3.42,4.3,83.84,0.0
garowe,2025041502,8.4,48.48,4.45,24.6,3.06,3.93,84.73,0.0
garowe,2025041503,8.4,48.48,111.45,25.45,3.55,3.99,79.47,0.0
garowe,2025041504,8.4,48.48,264.65,27.37,3.48,3.7,67.71,0.0
garowe,2025041505,8.4,48.48,406.2,29.63,3.02,3.13,56.14,0.0
garowe,2025041506,8.4,48.48,674.1,31.46,2.46,2.5,48.52,0.0
garowe,2025041507,8.4,48.48,815.15,33.07,1.98,1.99,42.85,0.0
garowe,2025041508,8.4,48.48,886.6,34.31,1.75,1.74,38.77,0.0
garowe,2025041509,8.4,48.48,885.08,35.31,1.85,1.82,35.87,0.0
garowe,2025041510,8.4,48.48,696.67,35.26,2.48,2.44,35.72,0.0
garowe,2025041511,8.4,48.48,579.55,34.89,3.4,3.4,36.71,0.0
garowe,2025041512,8.4,48.48,378.55,34.13,4.32,4.39,38.87,0.0
garowe,2025041513,8.4,48.48,182.68,32.92,5.22,5.51,42.41,0.0
garowe,2025041514,8.4,48.48,33.05,31.31,5.94,6.66,47.34,0.0
garowe,2025041515,8.4,48.48,0.0,29.99,6.55,7.72,51.7,0.0
garowe,2025041516,8.4,48.48,0.0,29.09,6.75,8.07,54.57,0.0
garowe,2025041517,8.4,48.48,0.0,28.24,6.39,7.74,57.41,0.0
garowe,2025041518,8.4,48.48,0.0,27.44,5.8,7.05,60.68,0.0
garowe,2025041519,8.4,48.48,0.0,26.69,5.22,6.34,64.54,0.0
garowe,2025041520,8.4,48.48,0.0,26.03,4.65,5.65,68.55,0.0
garowe,2025041521,8.4,48.48,0.0,25.51,4.14,4.99,72.24,0.0
garowe,2025041522,8.4,48.48,0.0,25.13,3.74,4.49,75.55,0.0
garowe,2025041523,8.4,48.48,0.0,24.9,3.56,4.21,77.76,0.0
garowe,2025041600,8.4,48.48,0.0,24.74,3.5,4.14,79.28,0.0
garowe,2025041601,8.4,48.48,0.0,24.6,3.44,4.12,80.38,0.0
garowe,2025041602,8.4,48.48,4.68,24.43,3.49,4.2,81.75,0.0
garowe,2025041603,8.4,48.48,116.28,25.04,4.07,4.64,77.7,0.0
garowe,2025041604,8.4,48.48,312.6,26.69,4.32,4.75,65.71,0.0
garowe,2025041605,8.4,48.48,534.42,28.81,4.2,4.55,52.48,0.0
garowe,2025041606,8.4,48.48,744.3,31.1,3.92,4.19,42.75,0.0
garowe,2025041607,8.4,48.48,917.45,32.8,3.45,3.68,38.01,0.0
garowe,2025041608,8.4,48.48,922.17,33.92,2.93,3.1,35.38,0.0
garowe,2025041609,8.4,48.48,900.05,35.01,2.55,2.65,32.81,0.0
garowe,2025041610,8.4,48.48,668.83,35.52,2.36,2.42,31.21,0.0
garowe,2025041611,8.4,48.48,681.8,35.62,2.36,2.36,30.31,0.0
garowe,2025041612,8.4,48.48,452.33,35.27,2.6,2.6,30.31,0.0
garowe,2025041613,8.4,48.48,214.75,34.35,3.25,3.32,31.62,0.0
garowe,2025041614,8.4,48.48,37.75,32.92,4.14,4.68,34.39,0.0
garowe,2025041615,8.4,48.48,0.0,31.52,5.27,6.79,38.0,0.0
garowe,2025041616,8.4,48.48,0.0,30.24,6.74,8.3,42.31,0.0
garowe,2025041617,8.4,48.48,0.0,28.7,7.17,8.65,48.2,0.0
garowe,2025041618,8.4,48.48,0.0,27.3,6.74,8.08,54.78,0.0
garowe,2025041619,8.4,48.48,0.0,26.28,5.94,7.09,60.79,0.0
garowe,2025041620,8.4,48.48,0.0,25.57,5.07,6.01,65.82,0.0
garowe,2025041621,8.4,48.48,0.0,25.04,4.39,5.18,70.03,0.0
garowe,2025041622,8.4,48.48,0.0,24.6,3.89,4.55,73.62,0.0
garowe,2025041623,8.4,48.48,0.0,24.3,3.51,4.07,76.19,0.0
garowe,2025041700,8.4,48.48,0.0,24.14,3.23,3.71,77.54,0.0
garowe,2025041701,8.4,48.48,0.0,24.03,2.99,3.43,78.5,0.0
garowe,2025041702,8.4,48.48,4.85,23.95,2.82,3.25,79.16,0.0
garowe,2025041703,8.4,48.48,135.57,24.56,2.76,3.03,75.83,0.0
garowe,2025041704,8.4,48.48,374.52,26.15,2.42,2.53,65.69,0.0
garowe,2025041705,8.4,48.48,630.08,28.49,1.77,1.74,52.79,0.0
garowe,2025041706,8.4,48.48,840.92,30.77,1.1,1.05,44.6,0.0
garowe,2025041707,8.4,48.48,976.65,32.27,0.41,0.38,40.15,0.0
garowe,2025041708,8.4,48.48,1002.58,33.85,0.36,0.53,35.58,0.0
garowe,2025041709,8.4,48.48,943.6,34.97,0.72,0.88,32.08,0.0
garowe,2025041710,8.4,48.48,879.72,35.61,0.77,0.93,29.58,0.0
garowe,2025041711,8.4,48.48,704.35,35.82,0.68,0.82,27.96,0.0
garowe,2025041712,8.4,48.48,469.95,35.63,0.56,0.62,27.18,0.0
garowe,2025041713,8.4,48.48,237.3,34.91,1.06,0.92,27.5,0.0
garowe,2025041714,8.4,48.48,41.3,33.74,2.34,2.62,29.24,0.0
garowe,2025041715,8.4,48.48,0.0,32.14,4.03,5.77,33.33,0.0
garowe,2025041716,8.4,48.48,0.0,30.73,6.44,8.34,39.51,0.0
garowe,2025041717,8.4,48.48,0.0,28.84,7.59,9.16,48.73,0.0
garowe,2025041718,8.4,48.48,0.0,27.15,7.35,8.71,57.68,0.0
garowe,2025041719,8.4,48.48,0.0,26.05,6.56,7.8,63.45,0.0
garowe,2025041720,8.4,48.48,0.0,25.33,5.66,6.78,66.87,0.0
garowe,2025041721,8.4,48.48,0.0,24.77,4.87,5.81,69.79,0.0
garowe,2025041722,8.4,48.48,0.0,24.39,4.23,4.99,72.26,0.0
garowe,2025041723,8.4,48.48,0.0,24.02,3.69,4.37,74.78,0.0
garowe,2025041800,8.4,48.48,0.0,23.72,3.19,3.87,76.72,0.0
garowe,2025041801,8.4,48.48,0.0,23.48,2.75,3.47,78.03,0.0
garowe,2025041802,8.4,48.48,5.53,23.3,2.33,3.06,78.82,0.0
garowe,2025041803,8.4,48.48,150.55,24.07,2.33,2.53,74.54,0.0
garowe,2025041804,8.4,48.48,401.5,25.91,1.81,1.87,64.57,0.0
garowe,2025041805,8.4,48.48,647.35,28.45,1.64,1.72,52.26,0.0
garowe,2025041806,8.4,48.48,848.8,31.16,1.87,1.98,42.04,0.0
garowe,2025041807,8.4,48.48,984.22,33.24,1.78,1.9,35.54,0.0
garowe,2025041808,8.4,48.48,1034.47,34.84,1.63,1.78,30.55,0.0
garowe,2025041809,8.4,48.48,951.62,35.93,1.56,1.73,26.89,0.0
garowe,2025041810,8.4,48.48,901.7,36.52,1.53,1.71,24.37,0.0
garowe,2025041811,8.4,48.48,731.95,36.63,1.48,1.66,22.7,0.0
garowe,2025041812,8.4,48.48,501.75,36.27,1.34,1.53,21.89,0.0
garowe,2025041813,8.4,48.48,255.9,35.45,1.01,1.2,21.98,0.0
garowe,2025041814,8.4,48.48,45.3,33.88,0.26,0.35,24.19,0.0
garowe,2025041815,8.4,48.48,0.0,31.61,1.65,2.59,28.43,0.0
garowe,2025041816,8.4,48.48,0.0,30.07,3.67,5.76,33.93,0.0
garowe,2025041817,8.4,48.48,0.0,28.58,5.91,8.17,44.89,0.0
garowe,2025041818,8.4,48.48,0.0,26.72,7.45,9.04,59.43,0.0
garowe,2025041819,8.4,48.48,0.0,25.26,7.26,8.61,69.71,0.0
garowe,2025041820,8.4,48.48,0.0,24.61,6.43,7.64,73.25,0.0
garowe,2025041821,8.4,48.48,0.0,24.34,5.42,6.45,74.04,0.0
garowe,2025041822,8.4,48.48,0.0,24.16,4.63,5.48,74.32,0.0
garowe,2025041823,8.4,48.48,0.0,23.96,4.09,4.81,74.81,0.0
garowe,2025041900,8.4,48.48,0.0,23.78,3.69,4.4,75.13,0.0
garowe,2025041901,8.4,48.48,0.0,23.58,3.28,4.11,75.51,0.0
garowe,2025041902,8.4,48.48,5.68,23.4,2.94,3.9,75.8,0.0
garowe,2025041903,8.4,48.48,148.73,24.23,3.25,3.59,71.24,0.0
garowe,2025041904,8.4,48.48,394.6,26.03,2.87,3.03,62.69,0.0
garowe,2025041905,8.4,48.48,637.47,28.31,2.31,2.35,53.13,0.0
garowe,2025041906,8.4,48.48,839.25,30.66,1.67,1.66,44.47,0.0
garowe,2025041907,8.4,48.48,974.08,32.72,1.08,1.1,37.41,0.0
garowe,2025041908,8.4,48.48,1042.9,34.31,0.91,1.05,32.16,0.0
garowe,2025041909,8.4,48.48,1008.45,35.32,1.13,1.32,28.68,0.0
garowe,2025041910,8.4,48.48,917.85,35.77,1.24,1.43,26.55,0.0
garowe,2025041911,8.4,48.48,743.92,35.84,1.05,1.2,25.4,0.0
garowe,2025041912,8.4,48.48,503.9,35.51,0.62,0.75,25.14,0.0
garowe,2025041913,8.4,48.48,262.27,34.7,0.23,0.18,25.88,0.0
garowe,2025041914,8.4,48.48,47.65,33.58,1.32,1.48,27.55,0.0
garowe,2025041915,8.4,48.48,0.0,31.9,3.13,4.44,31.39,0.0
garowe,2025041916,8.4,48.48,0.0,30.3,5.73,7.61,37.21,0.0
garowe,2025041917,8.4,48.48,0.0,28.2,7.81,9.46,47.53,0.0
garowe,2025041918,8.4,48.48,0.0,26.03,8.11,9.48,58.7,0.0
garowe,2025041919,8.4,48.48,0.0,25.01,7.29,8.66,63.77,0.0
garowe,2025041920,8.4,48.48,0.0,24.58,6.27,7.57,65.51,0.0
garowe,2025041921,8.4,48.48,0.0,24.2,5.39,6.6,67.38,0.0
garowe,2025041922,8.4,48.48,0.0,23.79,4.62,5.72,69.95,0.0
garowe,2025041923,8.4,48.48,0.0,23.38,3.96,5.03,72.84,0.0
garowe,2025042000,8.4,48.48,0.0,23.01,3.5,4.62,75.62,0.0
garowe,2025042001,8.4,48.48,0.0,22.78,3.32,4.47,77.65,0.0
garowe,2025042002,8.4,48.48,6.12,22.64,3.23,4.38,78.93,0.0
garowe,2025042003,8.4,48.48,156.55,23.62,3.87,4.42,74.5,0.0
garowe,2025042004,8.4,48.48,408.27,25.66,3.75,4.08,63.66,0.0
garowe,2025042005,8.4,48.48,652.58,28.1,3.25,3.44,52.24,0.0
garowe,2025042006,8.4,48.48,848.62,30.5,2.52,2.58,43.36,0.0
garowe,2025042007,8.4,48.48,981.78,32.55,1.72,1.71,37.04,0.0
garowe,2025042008,8.4,48.48,1023.05,34.0,1.22,1.21,32.92,0.0
garowe,2025042009,8.4,48.48,994.67,34.89,1.15,1.19,30.16,0.0
garowe,2025042010,8.4,48.48,818.17,35.29,1.22,1.28,28.57,0.0
garowe,2025042011,8.4,48.48,682.2,35.37,1.36,1.42,27.81,0.0
garowe,2025042012,8.4,48.48,463.85,35.08,1.77,1.8,27.82,0.0
garowe,2025042013,8.4,48.48,242.27,34.34,2.38,2.41,28.89,0.0
garowe,2025042014,8.4,48.48,44.1,33.13,3.26,3.64,31.43,0.0
garowe,2025042015,8.4,48.48,0.0,31.6,4.47,6.1,36.23,0.0
garowe,2025042016,8.4,48.48,0.0,30.01,6.87,8.47,44.14,0.0
garowe,2025042017,8.4,48.48,0.0,27.98,8.06,9.46,55.6,0.0
garowe,2025042018,8.4,48.48,0.0,26.33,7.82,9.22,65.4,0.0
garowe,2025042019,8.4,48.48,0.0,25.35,7.03,8.34,70.82,0.0
garowe,2025042020,8.4,48.48,0.0,24.75,6.12,7.28,74.06,0.0
garowe,2025042021,8.4,48.48,0.0,24.36,5.39,6.4,76.21,0.0
garowe,2025042022,8.4,48.48,0.0,24.12,4.85,5.78,77.09,0.0
garowe,2025042023,8.4,48.48,0.0,23.93,4.43,5.29,77.61,0.0
garowe,2025042100,8.4,48.48,0.0,23.77,4.05,4.9,78.13,0.0
garowe,2025042101,8.4,48.48,0.0,23.58,3.74,4.66,78.87,0.0
garowe,2025042102,8.4,48.48,6.28,23.43,3.56,4.53,79.33,0.0
garowe,2025042103,8.4,48.48,150.5,24.21,4.06,4.59,74.9,0.0
garowe,2025042104,8.4,48.48,389.73,26.02,4.15,4.55,65.05,0.0
garowe,2025042105,8.4,48.48,629.62,28.73,4.22,4.57,50.61,0.0
garowe,2025042106,8.4,48.48,832.03,31.33,4.1,4.37,39.03,0.0
garowe,2025042107,8.4,48.48,976.7,33.41,3.92,4.16,31.48,0.0
garowe,2025042108,8.4,48.48,1034.75,34.96,3.87,4.12,27.02,0.0
garowe,2025042109,8.4,48.48,1009.53,36.02,3.92,4.18,24.11,0.0
garowe,2025042110,8.4,48.48,899.85,36.64,4.06,4.33,22.05,0.0
garowe,2025042111,8.4,48.48,744.4,36.74,4.42,4.69,20.83,0.0
garowe,2025042112,8.4,48.48,518.17,36.28,5.0,5.33,20.68,0.0
garowe,2025042113,8.4,48.48,258.42,35.16,5.82,6.34,21.84,0.0
garowe,2025042114,8.4,48.48,44.12,33.16,6.34,7.96,25.08,0.0
garowe,2025042115,8.4,48.48,0.0,30.85,7.37,9.86,31.09,0.0
garowe,2025042116,8.4,48.48,0.0,28.97,8.22,10.27,39.6,0.0
garowe,2025042117,8.4,48.48,0.0,27.26,7.93,9.74,50.18,0.0
garowe,2025042118,8.4,48.48,0.0,26.11,6.79,8.4,58.9,0.0
garowe,2025042119,8.4,48.48,0.0,25.22,5.98,7.51,66.32,0.0
garowe,2025042120,8.4,48.48,0.0,24.36,5.57,7.07,73.86,0.0
garowe,2025042121,8.4,48.48,0.0,23.6,5.24,6.64,80.48,0.0
garowe,2025042122,8.4,48.48,0.0,22.94,4.57,5.96,85.51,0.0
garowe,2025042123,8.4,48.48,0.0,22.58,4.2,5.54,87.73,0.0
garowe,2025042200,8.4,48.48,0.0,22.32,3.84,5.25,88.44,0.0
garowe,2025042201,8.4,48.48,0.0,22.04,3.41,4.88,89.4,0.0
garowe,2025042202,8.4,48.48,6.2,21.86,3.18,4.56,89.87,0.0
garowe,2025042203,8.4,48.48,145.35,22.84,3.82,4.37,82.82,0.0
garowe,2025042204,8.4,48.48,390.0,25.12,4.01,4.46,67.01,0.0
garowe,2025042205,8.4,48.48,637.65,28.57,4.83,5.5,46.74,0.0
garowe,2025042206,8.4,48.48,842.58,32.03,5.67,6.32,31.66,0.0
garowe,2025042207,8.4,48.48,978.7,34.12,5.89,6.49,25.61,0.0
garowe,2025042208,8.4,48.48,950.38,35.58,6.02,6.6,22.21,0.0
garowe,2025042209,8.4,48.48,943.62,36.45,6.28,6.88,20.48,0.0
garowe,2025042210,8.4,48.48,852.78,36.79,6.74,7.39,19.96,0.0
garowe,2025042211,8.4,48.48,688.42,36.59,7.33,8.05,20.36,0.0
garowe,2025042212,8.4,48.48,465.5,35.82,7.97,8.83,21.57,0.0
garowe,2025042213,8.4,48.48,225.23,34.41,8.41,9.56,23.71,0.0
garowe,2025042214,8.4,48.48,39.1,32.38,7.94,9.8,27.0,0.0
garowe,2025042215,8.4,48.48,0.0,30.33,6.57,9.04,31.34,0.0
garowe,2025042216,8.4,48.48,0.0,28.87,5.59,8.01,36.1,0.0
garowe,2025042217,8.4,48.48,0.0,27.5,4.67,7.14,42.35,0.0
garowe,2025042218,8.4,48.48,0.0,26.21,4.03,6.46,50.0,0.0
garowe,2025042219,8.4,48.48,0.0,25.07,3.55,5.88,58.41,0.0
garowe,2025042220,8.4,48.48,0.0,24.02,3.02,5.29,67.04,0.0
garowe,2025042221,8.4,48.48,0.0,23.05,2.46,4.69,75.05,0.0
garowe,2025042222,8.4,48.48,0.0,22.22,2.07,4.18,81.64,0.0
garowe,2025042223,8.4,48.48,0.0,21.52,1.92,3.89,86.83,0.0
garowe,2025042300,8.4,48.48,0.0,20.98,1.94,3.89,90.56,0.0
garowe,2025042301,8.4,48.48,0.0,20.72,2.11,4.1,92.0,0.0
garowe,2025042302,8.4,48.48,6.7,20.58,2.51,4.39,92.09,0.0
garowe,2025042303,8.4,48.48,155.38,22.02,3.74,4.32,82.53,0.0
garowe,2025042304,8.4,48.48,404.55,24.9,4.06,4.55,63.64,0.0
garowe,2025042305,8.4,48.48,650.08,28.71,4.78,5.41,39.33,0.0
garowe,2025042306,8.4,48.48,851.8,32.17,5.69,6.42,23.71,0.0
garowe,2025042307,8.4,48.48,985.67,34.5,6.49,7.31,19.35,0.0
garowe,2025042308,8.4,48.48,1046.1,35.91,6.92,7.74,18.76,0.0
garowe,2025042309,8.4,48.48,1022.25,36.8,7.06,7.83,18.38,0.0
garowe,2025042310,8.4,48.48,921.25,37.19,7.07,7.8,18.28,0.0
garowe,2025042311,8.4,48.48,744.78,37.07,7.15,7.88,18.7,0.0
garowe,2025042312,8.4,48.48,507.95,36.36,7.34,8.12,19.83,0.0
garowe,2025042313,8.4,48.48,253.32,34.98,7.49,8.48,22.04,0.0
garowe,2025042314,8.4,48.48,44.28,32.81,6.81,8.82,26.14,0.0
garowe,2025042315,8.4,48.48,0.0,30.51,6.56,9.38,32.44,0.0
garowe,2025042316,8.4,48.48,0.0,28.93,6.76,9.09,39.81,0.0
garowe,2025042317,8.4,48.48,0.0,27.35,6.21,8.2,48.96,0.0
garowe,2025042318,8.4,48.48,0.0,26.03,5.51,7.26,58.56,0.0
garowe,2025042319,8.4,48.48,0.0,24.95,4.82,6.41,67.5,0.0
garowe,2025042320,8.4,48.48,0.0,24.08,4.27,5.77,75.4,0.0
garowe,2025042321,8.4,48.48,0.0,23.43,3.88,5.27,82.02,0.0
garowe,2025042322,8.4,48.48,0.0,23.05,3.46,4.72,86.56,0.0
garowe,2025042323,8.4,48.48,0.0,23.0,3.26,4.34,87.94,0.0
garowe,2025042400,8.4,48.48,0.0,23.02,2.99,4.02,87.93,0.0
garowe,2025042401,8.4,48.48,0.0,22.93,2.32,3.5,88.21,0.0
garowe,2025042402,8.4,48.48,7.2,22.81,1.74,2.92,88.54,0.0
garowe,2025042403,8.4,48.48,159.75,23.69,2.0,2.23,82.73,0.0
garowe,2025042404,8.4,48.48,412.23,25.48,1.58,1.75,70.57,0.0
garowe,2025042405,8.4,48.48,658.62,28.79,2.37,2.85,49.76,0.0
garowe,2025042406,8.4,48.48,858.55,32.05,3.5,3.94,35.97,0.0
garowe,2025042407,8.4,48.48,991.53,34.06,3.83,4.26,29.63,0.0
garowe,2025042408,8.4,48.48,1040.35,35.61,4.09,4.52,25.18,0.0
garowe,2025042409,8.4,48.48,1016.08,36.68,4.24,4.69,22.31,0.0
garowe,2025042410,8.4,48.48,922.0,37.28,4.34,4.77,20.62,0.0
garowe,2025042411,8.4,48.48,749.38,37.37,4.49,4.91,19.96,0.0
garowe,2025042412,8.4,48.48,521.17,36.93,4.77,5.2,20.24,0.0
garowe,2025042413,8.4,48.48,267.35,35.9,5.17,5.71,21.62,0.0
garowe,2025042414,8.4,48.48,46.9,33.83,4.83,6.72,25.35,0.0
garowe,2025042415,8.4,48.48,0.0,31.55,5.55,8.59,32.04,0.0
garowe,2025042416,8.4,48.48,0.0,30.21,6.95,9.33,40.0,0.0
garowe,2025042417,8.4,48.48,0.0,28.59,6.63,8.51,50.1,0.0
garowe,2025042418,8.4,48.48,0.0,27.21,5.57,7.23,59.42,0.0
garowe,2025042419,8.4,48.48,0.0,26.03,4.57,6.16,67.55,0.0
garowe,2025042420,8.4,48.48,0.0,24.93,3.88,5.49,75.38,0.0
garowe,2025042421,8.4,48.48,0.0,23.98,3.48,5.14,82.68,0.0
garowe,2025042422,8.4,48.48,0.0,23.42,3.4,4.82,88.04,0.0
garowe,2025042423,8.4,48.48,0.0,23.08,2.98,4.25,91.18,0.0
garowe,2025042500,8.4,48.48,0.0,23.09,2.64,3.68,91.79,0.0
garowe,2025042501,8.4,48.48,0.0,23.0,2.0,3.13,92.78,0.0
garowe,2025042502,8.4,48.48,7.45,22.96,1.69,2.89,92.42,0.0
garowe,2025042503,8.4,48.48,159.85,24.02,2.46,2.79,85.03,0.0
garowe,2025042504,8.4,48.48,411.6,26.05,2.38,2.58,71.67,0.0
garowe,2025042505,8.4,48.48,655.85,28.56,2.1,2.25,57.12,0.0
garowe,2025042506,8.4,48.48,856.28,31.61,1.73,1.84,39.23,0.0
garowe,2025042507,8.4,48.48,991.22,33.89,1.34,1.41,29.48,0.0
garowe,2025042508,8.4,48.48,1041.15,35.3,0.95,1.02,25.04,0.0
garowe,2025042509,8.4,48.48,1021.42,36.17,0.84,0.93,22.5,0.0
garowe,2025042510,8.4,48.48,903.45,36.67,0.95,1.05,20.84,0.0
garowe,2025042511,8.4,48.48,746.08,36.77,1.14,1.23,19.88,0.0
garowe,2025042512,8.4,48.48,504.55,36.45,1.45,1.55,19.55,0.0
garowe,2025042513,8.4,48.48,259.55,35.65,1.91,2.03,20.09,0.0
garowe,2025042514,8.4,48.48,45.58,33.85,2.19,3.01,23.01,0.0
garowe,2025042515,8.4,48.48,0.0,31.44,3.22,5.23,28.8,0.0
garowe,2025042516,8.4,48.48,0.0,30.35,4.98,7.73,36.22,0.0
garowe,2025042517,8.4,48.48,0.0,28.94,6.77,8.99,48.62,0.0
garowe,2025042518,8.4,48.48,0.0,27.36,7.07,8.69,61.49,0.0
garowe,2025042519,8.4,48.48,0.0,26.24,6.29,7.64,69.34,0.0
garowe,2025042520,8.4,48.48,0.0,25.53,5.23,6.42,73.44,0.0
garowe,2025042521,8.4,48.48,0.0,24.93,4.45,5.56,77.08,0.0
garowe,2025042522,8.4,48.48,0.0,24.41,3.96,5.04,80.55,0.0
garowe,2025042523,8.4,48.48,0.0,24.03,3.63,4.73,83.04,0.0
garowe,2025042600,8.4,48.48,0.0,23.78,3.45,4.55,84.58,0.0
garowe,2025042601,8.4,48.48,0.0,23.64,3.29,4.26,85.44,0.0
garowe,2025042602,8.4,48.48,7.45,23.56,3.15,3.98,85.76,0.0
garowe,2025042603,8.4,48.48,159.38,24.36,3.34,3.76,80.7,0.0
garowe,2025042604,8.4,48.48,409.2,26.35,3.2,3.48,67.95,0.0
garowe,2025042605,8.4,48.48,651.6,29.22,2.91,3.1,50.6,0.0
garowe,2025042606,8.4,48.48,848.9,32.27,2.26,2.32,36.15,0.0
garowe,2025042607,8.4,48.48,981.4,34.3,1.53,1.49,30.09,0.0
garowe,2025042608,8.4,48.48,1026.28,35.65,0.87,0.83,26.92,0.0
garowe,2025042609,8.4,48.48,1004.53,36.53,0.44,0.43,24.83,0.0
garowe,2025042610,8.4,48.48,871.38,37.06,0.22,0.19,23.3,0.0
garowe,2025042611,8.4,48.48,723.62,37.21,0.29,0.23,22.29,0.0
garowe,2025042612,8.4,48.48,486.55,36.92,0.55,0.51,22.03,0.0
garowe,2025042613,8.4,48.48,247.7,36.15,1.02,1.01,22.53,0.0
garowe,2025042614,8.4,48.48,43.9,34.87,1.65,2.07,24.35,0.0
garowe,2025042615,8.4,48.48,0.0,33.11,2.94,4.64,28.19,0.0
garowe,2025042616,8.4,48.48,0.0,31.81,5.44,7.53,33.79,0.0
garowe,2025042617,8.4,48.48,0.0,29.97,7.5,9.49,45.37,0.0
garowe,2025042618,8.4,48.48,0.0,27.77,8.25,9.83,61.03,0.0
garowe,2025042619,8.4,48.48,0.0,26.35,7.63,9.08,70.69,0.0
garowe,2025042620,8.4,48.48,0.0,25.76,6.63,7.96,73.5,0.0
garowe,2025042621,8.4,48.48,0.0,25.36,5.82,7.08,75.71,0.0
garowe,2025042622,8.4,48.48,0.0,25.01,5.24,6.45,78.13,0.0
garowe,2025042623,8.4,48.48,0.0,24.73,4.68,5.84,80.21,0.0
garowe,2025042700,8.4,48.48,0.0,24.6,4.33,5.4,81.64,0.0
garowe,2025042701,8.4,48.48,0.0,24.53,4.01,4.99,82.52,0.0
garowe,2025042702,8.4,48.48,6.78,24.47,3.75,4.73,83.11,0.0
garowe,2025042703,8.4,48.48,142.73,25.28,4.14,4.74,77.69,0.0
garowe,2025042704,8.4,48.48,374.2,27.12,4.18,4.64,65.52,0.0
garowe,2025042705,8.4,48.48,617.78,29.62,4.1,4.45,51.25,0.0
garowe,2025042706,8.4,48.48,820.03,32.05,3.7,3.93,41.21,0.0
garowe,2025042707,8.4,48.48,953.47,34.09,3.07,3.21,34.61,0.0
garowe,2025042708,8.4,48.48,977.5,35.6,2.4,2.47,30.12,0.0
garowe,2025042709,8.4,48.48,974.83,36.57,1.83,1.85,27.27,0.0
garowe,2025042710,8.4,48.48,742.95,37.08,1.42,1.4,25.68,0.0
garowe,2025042711,8.4,48.48,710.53,37.17,1.27,1.25,24.87,0.0
garowe,2025042712,8.4,48.48,466.12,36.83,1.39,1.37,24.86,0.0
garowe,2025042713,8.4,48.48,241.52,36.04,1.7,1.73,25.69,0.0
garowe,2025042714,8.4,48.48,43.42,34.81,2.18,2.52,27.56,0.0
garowe,2025042715,8.4,48.48,0.0,33.42,2.95,4.49,30.76,0.0
garowe,2025042716,8.4,48.48,0.0,32.39,4.87,6.73,35.34,0.0
garowe,2025042717,8.4,48.48,0.0,30.82,6.63,8.43,44.56,0.0
garowe,2025042718,8.4,48.48,0.0,28.84,7.47,8.94,57.59,0.0
garowe,2025042719,8.4,48.48,0.0,27.14,7.06,8.36,69.24,0.0
garowe,2025042720,8.4,48.48,0.0,26.16,6.28,7.46,75.14,0.0
garowe,2025042721,8.4,48.48,0.0,25.58,5.5,6.56,77.96,0.0
garowe,2025042722,8.4,48.48,0.0,25.19,4.86,5.83,79.94,0.0
garowe,2025042723,8.4,48.48,0.0,24.97,4.31,5.15,81.07,0.0
garowe,2025042800,8.4,48.48,0.0,24.85,3.87,4.59,81.83,0.0
garowe,2025042801,8.4,48.48,0.0,24.79,3.48,4.13,82.27,0.0
garowe,2025042802,8.4,48.48,7.6,24.74,3.18,3.77,82.86,0.0
garowe,2025042803,8.4,48.48,131.4,25.55,3.24,3.63,78.37,0.0
garowe,2025042804,8.4,48.48,286.55,27.37,3.19,3.45,68.2,0.0
garowe,2025042805,8.4,48.48,442.58,29.7,3.03,3.23,57.17,0.0
garowe,2025042806,8.4,48.48,773.2,32.2,2.66,2.76,46.05,0.0
garowe,2025042807,8.4,48.48,944.9,34.2,2.12,2.18,38.0,0.0
garowe,2025042808,8.4,48.48,990.4,35.53,1.65,1.68,32.95,0.0
garowe,2025042809,8.4,48.48,850.8,36.52,1.4,1.44,29.39,0.0
garowe,2025042810,8.4,48.48,786.62,37.18,1.43,1.48,26.79,0.0
garowe,2025042811,8.4,48.48,624.97,37.43,1.7,1.76,25.12,0.0
garowe,2025042812,8.4,48.48,450.77,37.18,2.07,2.15,24.34,0.0
garowe,2025042813,8.4,48.48,236.82,36.42,2.62,2.73,24.53,0.0
garowe,2025042814,8.4,48.48,45.78,34.92,3.21,4.0,26.63,0.0
garowe,2025042815,8.4,48.48,0.0,32.84,4.58,6.56,32.01,0.0
garowe,2025042816,8.4,48.48,0.0,31.34,6.56,8.72,40.1,0.0
garowe,2025042817,8.4,48.48,0.0,29.48,7.92,9.54,52.1,0.0
garowe,2025042818,8.4,48.48,0.0,27.67,7.64,9.03,63.79,0.0
garowe,2025042819,8.4,48.48,0.0,26.55,6.85,8.1,70.12,0.0
garowe,2025042820,8.4,48.48,0.0,25.86,6.01,7.13,73.5,0.0
garowe,2025042821,8.4,48.48,0.0,25.33,5.37,6.41,76.36,0.0
garowe,2025042822,8.4,48.48,0.0,24.95,4.93,5.89,78.84,0.0
garowe,2025042823,8.4,48.48,0.0,24.73,4.61,5.51,80.64,0.0
garowe,2025042900,8.4,48.48,0.0,24.65,4.42,5.3,81.39,0.0
garowe,2025042901,8.4,48.48,0.0,24.56,4.15,4.98,82.11,0.0
garowe,2025042902,8.4,48.48,8.27,24.46,3.82,4.6,83.05,0.0
garowe,2025042903,8.4,48.48,163.25,25.31,3.95,4.51,78.53,0.0
garowe,2025042904,8.4,48.48,404.95,27.38,3.83,4.19,67.56,0.0
garowe,2025042905,8.4,48.48,650.5,29.8,3.46,3.7,56.4,0.0
garowe,2025042906,8.4,48.48,819.78,32.17,3.0,3.16,46.6,0.0
garowe,2025042907,8.4,48.48,960.78,34.35,2.49,2.58,37.82,0.0
garowe,2025042908,8.4,48.48,1016.12,35.97,2.12,2.18,31.88,0.0
garowe,2025042909,8.4,48.48,871.08,37.06,2.01,2.06,28.13,0.0
garowe,2025042910,8.4,48.48,898.65,37.65,2.03,2.07,25.82,0.0
garowe,2025042911,8.4,48.48,717.97,37.79,2.14,2.18,24.57,0.0
garowe,2025042912,8.4,48.48,491.25,37.45,2.38,2.41,24.2,0.0
garowe,2025042913,8.4,48.48,247.07,36.62,2.84,2.92,24.91,0.0
garowe,2025042914,8.4,48.48,44.17,35.15,3.63,4.24,27.42,0.0
garowe,2025042915,8.4,48.48,0.0,33.33,5.06,6.78,32.48,0.0
garowe,2025042916,8.4,48.48,0.0,31.69,7.19,9.18,40.55,0.0
garowe,2025042917,8.4,48.48,0.0,29.44,8.34,9.95,53.08,0.0
garowe,2025042918,8.4,48.48,0.0,27.59,7.98,9.42,64.0,0.0
garowe,2025042919,8.4,48.48,0.0,26.57,7.03,8.35,69.31,0.0
garowe,2025042920,8.4,48.48,0.0,25.99,6.2,7.43,72.38,0.0
garowe,2025042921,8.4,48.48,0.0,25.51,5.56,6.69,75.36,0.0
garowe,2025042922,8.4,48.48,0.0,25.09,4.98,6.0,78.43,0.0
garowe,2025042923,8.4,48.48,0.0,24.83,4.55,5.44,80.58,0.0
garowe,2025043000,8.4,48.48,0.0,24.7,4.17,4.96,81.66,0.0
garowe,2025043001,8.4,48.48,0.0,24.63,3.82,4.56,82.14,0.0
garowe,2025043002,8.4,48.48,8.32,24.55,3.45,4.14,82.73,0.0
garowe,2025043003,8.4,48.48,157.82,25.45,3.57,4.05,77.55,0.0
garowe,2025043004,8.4,48.48,390.6,27.47,3.51,3.83,66.52,0.0
garowe,2025043005,8.4,48.48,622.3,29.83,3.29,3.52,55.45,0.0
garowe,2025043006,8.4,48.48,783.62,32.21,2.99,3.17,45.46,0.0
garowe,2025043007,8.4,48.48,883.65,34.36,2.72,2.85,37.05,0.0
garowe,2025043008,8.4,48.48,1011.03,36.0,2.55,2.64,31.1,0.0
garowe,2025043009,8.4,48.48,1000.38,37.11,2.46,2.53,27.37,0.0
garowe,2025043010,8.4,48.48,654.72,37.72,2.39,2.44,25.18,0.0
garowe,2025043011,8.4,48.48,734.22,37.86,2.33,2.36,24.03,0.0
garowe,2025043012,8.4,48.48,505.0,37.5,2.33,2.35,23.75,0.0
garowe,2025043013,8.4,48.48,265.88,36.67,2.51,2.58,24.36,0.0
garowe,2025043014,8.4,48.48,49.53,35.36,2.95,3.47,26.19,0.0
garowe,2025043015,8.4,48.48,0.0,33.82,3.95,5.62,29.63,0.0
garowe,2025043016,8.4,48.48,0.0,32.56,5.94,7.82,34.58,0.0
garowe,2025043017,8.4,48.48,0.0,30.76,7.51,9.1,43.53,0.0
garowe,2025043018,8.4,48.48,0.0,28.75,7.49,8.87,55.26,0.0
garowe,2025043019,8.4,48.48,0.0,27.33,6.62,7.78,64.14,0.0
garowe,2025043020,8.4,48.48,0.0,26.52,5.48,6.41,68.51,0.0
garowe,2025043021,8.4,48.48,0.0,26.04,4.6,5.33,71.35,0.0
garowe,2025043022,8.4,48.48,0.0,25.67,4.15,4.8,73.91,0.0
garowe,2025043023,8.4,48.48,0.0,25.34,3.94,4.57,76.29,0.0
garowe,2025050100,8.4,48.48,0.0,24.98,3.74,4.39,78.92,0.0
garowe,2025050101,8.4,48.48,0.0,24.75,3.43,4.07,80.69,0.0
garowe,2025050102,8.4,48.48,8.27,24.65,3.01,3.53,81.39,0.0
garowe,2025050103,8.4,48.48,138.82,25.39,2.55,2.79,77.2,0.0
garowe,2025050104,8.4,48.48,307.95,27.21,2.12,2.24,66.55,0.0
garowe,2025050105,8.4,48.48,475.67,30.0,1.82,1.89,50.3,0.0
garowe,2025050106,8.4,48.48,789.88,33.18,1.56,1.59,34.46,0.0
garowe,2025050107,8.4,48.48,928.25,35.12,1.4,1.38,28.16,0.0
garowe,2025050108,8.4,48.48,1017.17,36.42,1.22,1.18,24.78,0.0
garowe,2025050109,8.4,48.48,1000.05,37.31,1.21,1.17,22.51,0.0
garowe,2025050110,8.4,48.48,752.65,37.83,1.43,1.42,20.8,0.0
garowe,2025050111,8.4,48.48,721.1,37.88,1.66,1.67,19.81,0.0
garowe,2025050112,8.4,48.48,488.23,37.53,1.86,1.9,19.41,0.0
garowe,2025050113,8.4,48.48,243.38,36.73,2.14,2.22,19.61,0.0
garowe,2025050114,8.4,48.48,43.75,35.08,2.36,3.17,21.32,0.0
garowe,2025050115,8.4,48.48,0.0,32.46,3.53,5.98,25.81,0.0
garowe,2025050116,8.4,48.48,0.0,31.08,6.27,8.8,32.09,0.0
garowe,2025050117,8.4,48.48,0.0,28.94,8.1,9.97,45.9,0.0
garowe,2025050118,8.4,48.48,0.0,27.04,7.93,9.48,60.43,0.0
garowe,2025050119,8.4,48.48,0.0,26.14,6.69,8.05,66.95,0.0
garowe,2025050120,8.4,48.48,0.0,25.64,5.49,6.67,69.5,0.0
garowe,2025050121,8.4,48.48,0.0,25.11,4.47,5.46,72.64,0.0
garowe,2025050122,8.4,48.48,0.0,24.56,3.55,4.4,76.31,0.0
garowe,2025050123,8.4,48.48,0.0,24.2,2.93,3.69,78.55,0.0
garowe,2025050200,8.4,48.48,0.0,23.9,2.44,3.27,79.79,0.0
garowe,2025050201,8.4,48.48,0.0,23.6,2.17,3.08,81.03,0.0
garowe,2025050202,8.4,48.48,9.0,23.41,2.05,2.95,81.91,0.0
garowe,2025050203,8.4,48.48,166.55,24.4,2.53,2.79,76.33,0.0
garowe,2025050204,8.4,48.48,411.25,26.36,2.45,2.65,65.08,0.0
garowe,2025050205,8.4,48.48,650.72,29.21,2.44,2.6,48.3,0.0
garowe,2025050206,8.4,48.48,845.7,32.39,2.26,2.31,33.39,0.0
garowe,2025050207,8.4,48.48,976.08,34.44,2.02,2.01,28.08,0.0
garowe,2025050208,8.4,48.48,1027.97,35.9,1.95,1.95,25.26,0.0
garowe,2025050209,8.4,48.48,1006.1,36.88,2.04,2.07,23.38,0.0
garowe,2025050210,8.4,48.48,864.15,37.43,2.23,2.29,22.03,0.0
garowe,2025050211,8.4,48.48,738.3,37.56,2.48,2.56,21.18,0.0
garowe,2025050212,8.4,48.48,513.35,37.24,2.81,2.9,21.04,0.0
garowe,2025050213,8.4,48.48,261.35,36.39,3.34,3.5,21.91,0.0
garowe,2025050214,8.4,48.48,46.42,34.69,3.94,4.94,24.81,0.0
garowe,2025050215,8.4,48.48,0.0,32.24,5.22,7.72,31.46,0.0
garowe,2025050216,8.4,48.48,0.0,30.63,7.59,9.74,40.31,0.0
garowe,2025050217,8.4,48.48,0.0,28.62,8.24,9.91,51.53,0.0
garowe,2025050218,8.4,48.48,0.0,27.17,7.52,9.02,60.05,0.0
garowe,2025050219,8.4,48.48,0.0,26.24,6.59,7.94,65.88,0.0
garowe,2025050220,8.4,48.48,0.0,25.52,5.65,6.78,71.09,0.0
garowe,2025050221,8.4,48.48,0.0,24.91,4.85,5.83,75.85,0.0
garowe,2025050222,8.4,48.48,0.0,24.54,4.24,5.06,78.77,0.0
garowe,2025050223,8.4,48.48,0.0,24.35,3.74,4.46,79.79,0.0
garowe,2025050300,8.4,48.48,0.0,24.24,3.25,3.95,80.09,0.0
garowe,2025050301,8.4,48.48,0.0,24.17,2.93,3.64,80.46,0.0
garowe,2025050302,8.4,48.48,8.95,24.14,2.76,3.4,80.85,0.0
garowe,2025050303,8.4,48.48,166.12,24.97,2.93,3.29,76.31,0.0
garowe,2025050304,8.4,48.48,411.38,26.82,2.93,3.2,66.13,0.0
garowe,2025050305,8.4,48.48,648.95,29.34,2.96,3.22,52.64,0.0
garowe,2025050306,8.4,48.48,836.25,31.96,2.74,2.91,40.86,0.0
garowe,2025050307,8.4,48.48,958.67,33.96,2.31,2.42,34.38,0.0
garowe,2025050308,8.4,48.48,997.05,35.43,1.89,1.96,30.64,0.0
garowe,2025050309,8.4,48.48,904.95,36.39,1.68,1.74,28.41,0.0
garowe,2025050310,8.4,48.48,856.8,36.9,1.69,1.75,27.12,0.0
garowe,2025050311,8.4,48.48,672.62,36.97,1.84,1.91,26.59,0.0
garowe,2025050312,8.4,48.48,426.35,36.48,2.28,2.36,27.15,0.0
garowe,2025050313,8.4,48.48,196.38,35.5,3.14,3.31,29.13,0.0
garowe,2025050314,8.4,48.48,33.33,34.32,4.29,4.83,32.45,0.0
garowe,2025050315,8.4,48.48,0.0,33.04,5.57,6.9,37.3,0.0
garowe,2025050316,8.4,48.48,0.0,31.69,6.99,8.39,43.77,0.0
garowe,2025050317,8.4,48.48,0.0,30.18,7.36,8.71,51.32,0.0
garowe,2025050318,8.4,48.48,0.0,28.91,6.95,8.17,58.01,0.0
garowe,2025050319,8.4,48.48,0.0,27.98,6.11,7.14,63.02,0.0
garowe,2025050320,8.4,48.48,0.0,27.32,5.27,6.15,66.76,0.0
garowe,2025050321,8.4,48.48,0.0,26.84,4.62,5.37,69.48,0.0
garowe,2025050322,8.4,48.48,0.0,26.43,4.16,4.84,71.71,0.0
garowe,2025050323,8.4,48.48,0.0,26.08,3.86,4.51,73.73,0.0
garowe,2025050400,8.4,48.48,0.0,25.79,3.63,4.27,75.43,0.0
garowe,2025050401,8.4,48.48,0.0,25.54,3.46,4.1,76.97,0.0
garowe,2025050402,8.4,48.48,8.95,25.32,3.3,3.93,78.41,0.0
garowe,2025050403,8.4,48.48,160.48,25.79,3.44,3.84,76.38,0.0
garowe,2025050404,8.4,48.48,395.33,26.95,3.37,3.66,70.01,0.0
garowe,2025050405,8.4,48.48,623.95,28.24,3.23,3.43,62.39,0.0
garowe,2025050406,8.4,48.48,814.05,29.8,3.07,3.19,54.59,0.0
garowe,2025050407,8.4,48.48,913.3,31.04,2.92,3.02,49.19,0.0
garowe,2025050408,8.4,48.48,930.22,31.7,2.93,3.02,46.34,0.0
garowe,2025050409,8.4,48.48,789.1,31.93,3.01,3.13,45.0,0.0
garowe,2025050410,8.4,48.48,721.22,32.13,3.11,3.26,43.8,0.0
garowe,2025050411,8.4,48.48,500.25,32.21,3.25,3.43,43.09,0.0
garowe,2025050412,8.4,48.48,220.15,32.13,3.29,3.51,42.87,0.01
garowe,2025050413,8.4,48.48,108.28,31.65,3.33,3.62,43.81,0.01
garowe,2025050414,8.4,48.48,22.45,30.9,3.22,3.85,45.75,0.01
garowe,2025050415,8.4,48.48,0.0,29.92,2.68,4.53,48.88,0.01
garowe,2025050416,8.4,48.48,0.0,29.38,3.33,5.34,51.12,0.0
garowe,2025050417,8.4,48.48,0.0,28.82,3.96,5.93,53.62,0.0
garowe,2025050418,8.4,48.48,0.0,28.18,4.35,6.12,56.53,0.0
garowe,2025050419,8.4,48.48,0.0,27.51,4.51,6.1,59.79,0.0
garowe,2025050420,8.4,48.48,0.0,26.8,4.25,5.7,63.32,0.0
garowe,2025050421,8.4,48.48,0.0,26.18,3.87,5.24,66.45,0.0
garowe,2025050422,8.4,48.48,0.0,25.67,3.56,5.0,68.95,0.0
garowe,2025050423,8.4,48.48,0.0,25.25,3.2,4.76,70.97,0.0
garowe,2025050500,8.4,48.48,0.0,24.86,2.69,4.36,73.03,0.0
garowe,2025050501,8.4,48.48,0.0,24.54,2.33,4.02,74.92,0.0
garowe,2025050502,8.4,48.48,7.62,24.37,2.19,3.79,76.32,0.0
garowe,2025050503,8.4,48.48,129.88,25.81,3.82,4.51,71.13,0.0
garowe,2025050504,8.4,48.48,333.5,28.21,4.55,5.06,60.83,0.0
garowe,2025050505,8.4,48.48,538.65,30.28,4.29,4.64,51.37,0.0
garowe,2025050506,8.4,48.48,646.95,31.93,4.01,4.24,44.84,0.0
garowe,2025050507,8.4,48.48,773.22,33.29,3.81,3.95,40.39,0.0
garowe,2025050508,8.4,48.48,801.92,34.25,3.59,3.66,37.47,0.0
garowe,2025050509,8.4,48.48,829.62,34.96,3.3,3.27,35.37,0.0
garowe,2025050510,8.4,48.48,723.47,35.22,2.82,2.73,34.26,0.0
garowe,2025050511,8.4,48.48,578.7,35.06,2.43,2.32,34.07,0.0
garowe,2025050512,8.4,48.48,394.15,34.6,2.31,2.23,34.45,0.0
garowe,2025050513,8.4,48.48,193.25,33.81,2.56,2.58,35.96,0.0
garowe,2025050514,8.4,48.48,42.1,32.85,3.1,3.51,38.39,0.0
garowe,2025050515,8.4,48.48,0.0,31.9,3.59,4.87,41.39,0.0
garowe,2025050516,8.4,48.48,0.0,31.13,4.43,5.81,44.3,0.0
garowe,2025050517,8.4,48.48,0.0,30.32,4.8,6.25,47.39,0.0
garowe,2025050518,8.4,48.48,0.0,29.57,4.99,6.47,50.4,0.0
garowe,2025050519,8.4,48.48,0.0,28.83,5.04,6.52,53.58,0.0
garowe,2025050520,8.4,48.48,0.0,28.15,4.87,6.25,56.71,0.0
garowe,2025050521,8.4,48.48,0.0,27.57,4.54,5.89,59.62,0.0
garowe,2025050522,8.4,48.48,0.0,27.14,4.54,5.91,61.79,0.0
garowe,2025050523,8.4,48.48,0.0,26.69,4.18,5.54,64.13,0.0
garowe,2025050600,8.4,48.48,0.0,26.24,3.89,5.26,66.54,0.0
garowe,2025050601,8.4,48.48,0.0,25.99,3.75,5.07,67.9,0.0
garowe,2025050602,8.4,48.48,8.85,25.78,3.55,4.72,68.93,0.0
garowe,2025050603,8.4,48.48,151.65,26.6,3.99,4.62,65.15,0.0
garowe,2025050604,8.4,48.48,380.33,28.58,4.03,4.45,55.9,0.0
garowe,2025050605,8.4,48.48,615.28,30.58,3.42,3.68,47.89,0.0
garowe,2025050606,8.4,48.48,819.85,32.21,2.75,2.94,42.45,0.0
garowe,2025050607,8.4,48.48,926.6,33.61,2.29,2.43,38.17,0.0
garowe,2025050608,8.4,48.48,993.17,34.77,1.9,2.0,34.6,0.0
garowe,2025050609,8.4,48.48,942.65,35.55,1.52,1.61,31.99,0.0
garowe,2025050610,8.4,48.48,754.2,36.02,1.26,1.35,30.15,0.0
garowe,2025050611,8.4,48.48,698.08,36.13,1.01,1.1,29.11,0.0
garowe,2025050612,8.4,48.48,451.15,35.91,0.77,0.84,28.72,0.0
garowe,2025050613,8.4,48.48,217.88,35.34,0.58,0.63,29.06,0.0
garowe,2025050614,8.4,48.48,38.08,34.44,0.28,0.38,30.37,0.0
garowe,2025050615,8.4,48.48,0.0,33.49,0.32,0.57,33.07,0.0
garowe,2025050616,8.4,48.48,0.0,32.83,1.15,1.82,33.67,0.0
garowe,2025050617,8.4,48.48,0.0,32.06,1.95,3.14,35.62,0.0
garowe,2025050618,8.4,48.48,0.0,31.28,2.62,4.15,38.27,0.0
garowe,2025050619,8.4,48.48,0.0,30.59,3.22,4.69,41.38,0.0
garowe,2025050620,8.4,48.48,0.0,29.91,3.32,4.64,44.91,0.0
garowe,2025050621,8.4,48.48,0.0,29.32,3.01,4.2,48.17,0.0
garowe,2025050622,8.4,48.48,0.0,28.84,2.73,3.64,50.76,0.0
garowe,2025050623,8.4,48.48,0.0,28.4,2.59,3.48,52.97,0.0
garowe,2025050700,8.4,48.48,0.0,28.04,2.85,4.07,54.79,0.0
garowe,2025050701,8.4,48.48,0.0,27.71,3.39,4.94,56.46,0.0
garowe,2025050702,8.4,48.48,8.18,27.45,4.12,5.79,57.89,0.0
garowe,2025050703,8.4,48.48,131.77,28.0,5.8,7.05,56.7,0.0
garowe,2025050704,8.4,48.48,317.95,29.19,7.31,8.51,52.75,0.0
garowe,2025050705,8.4,48.48,528.58,30.63,7.46,8.41,47.81,0.0
garowe,2025050706,8.4,48.48,729.85,31.98,6.8,7.53,43.53,0.0
garowe,2025050707,8.4,48.48,885.83,32.99,6.0,6.6,40.62,0.0
garowe,2025050708,8.4,48.48,920.9,33.61,5.34,5.86,38.96,0.0
garowe,2025050709,8.4,48.48,851.9,33.89,4.84,5.28,38.18,0.0
garowe,2025050710,8.4,48.48,717.75,33.89,4.36,4.71,38.09,0.0
garowe,2025050711,8.4,48.48,582.7,33.69,3.89,4.16,38.47,0.0
garowe,2025050712,8.4,48.48,383.52,33.33,3.49,3.69,39.27,0.0
garowe,2025050713,8.4,48.48,177.55,32.72,3.4,3.59,40.85,0.0
garowe,2025050714,8.4,48.48,36.1,31.86,3.57,4.27,43.38,0.0
garowe,2025050715,8.4,48.48,0.0,30.76,3.88,5.72,46.98,0.0
garowe,2025050716,8.4,48.48,0.0,30.14,4.67,6.45,49.51,0.0
garowe,2025050717,8.4,48.48,0.0,29.5,4.84,6.58,52.23,0.0
garowe,2025050718,8.4,48.48,0.0,28.86,4.79,6.39,55.05,0.0
garowe,2025050719,8.4,48.48,0.0,28.3,4.61,6.0,57.69,0.0
garowe,2025050720,8.4,48.48,0.0,27.77,4.54,5.73,60.41,0.0
garowe,2025050721,8.4,48.48,0.0,27.25,4.49,5.63,63.33,0.0
garowe,2025050722,8.4,48.48,0.0,26.79,4.37,5.46,66.06,0.0
garowe,2025050723,8.4,48.48,0.0,26.41,4.18,5.33,68.38,0.0
garowe,2025050800,8.4,48.48,0.0,26.05,3.99,5.35,70.49,0.0
garowe,2025050801,8.4,48.48,0.0,25.71,3.65,5.32,72.32,0.0
garowe,2025050802,8.4,48.48,5.9,25.42,3.38,5.12,73.99,0.0
garowe,2025050803,8.4,48.48,91.18,26.53,4.5,5.3,69.15,0.0
garowe,2025050804,8.4,48.48,231.27,28.6,4.96,5.51,59.92,0.0
garowe,2025050805,8.4,48.48,399.08,30.46,4.36,4.63,52.7,0.0
garowe,2025050806,8.4,48.48,655.75,31.97,3.39,3.49,47.15,0.0
garowe,2025050807,8.4,48.48,802.78,33.13,2.34,2.31,42.3,0.0
garowe,2025050808,8.4,48.48,783.5,34.19,1.8,1.61,37.76,0.0
garowe,2025050809,8.4,48.48,741.58,34.9,2.14,1.89,34.44,0.0
garowe,2025050810,8.4,48.48,645.47,35.13,2.9,2.68,32.83,0.0
garowe,2025050811,8.4,48.48,474.4,34.93,3.77,3.64,32.78,0.0
garowe,2025050812,8.4,48.48,242.2,34.19,4.57,4.59,34.36,0.0
garowe,2025050813,8.4,48.48,120.07,33.04,5.35,5.66,37.34,0.0
garowe,2025050814,8.4,48.48,24.8,31.6,6.07,6.97,42.29,0.0
garowe,2025050815,8.4,48.48,0.0,30.19,6.58,8.01,48.84,0.0
garowe,2025050816,8.4,48.48,0.0,29.05,6.94,8.45,55.38,0.0
garowe,2025050817,8.4,48.48,0.0,28.02,6.9,8.36,61.72,0.0
garowe,2025050818,8.4,48.48,0.0,27.19,6.45,7.82,67.11,0.0
garowe,2025050819,8.4,48.48,0.0,26.52,5.77,7.02,71.32,0.0
garowe,2025050820,8.4,48.48,0.0,26.0,5.02,6.12,74.55,0.0
garowe,2025050821,8.4,48.48,0.0,25.54,4.44,5.46,77.16,0.0
garowe,2025050822,8.4,48.48,0.0,25.14,4.02,4.98,79.35,0.0
garowe,2025050823,8.4,48.48,0.0,24.75,3.66,4.69,81.59,0.0
garowe,2025050900,8.4,48.48,0.0,24.41,3.26,4.44,83.62,0.0
garowe,2025050901,8.4,48.48,0.0,24.1,2.93,4.29,85.48,0.0
garowe,2025050902,8.4,48.48,8.77,23.92,2.87,4.25,86.7,0.0
garowe,2025050903,8.4,48.48,141.68,24.95,3.92,4.53,81.56,0.0
garowe,2025050904,8.4,48.48,355.23,27.11,4.08,4.41,70.39,0.0
garowe,2025050905,8.4,48.48,589.75,29.75,2.87,2.84,55.8,0.0
garowe,2025050906,8.4,48.48,808.25,31.96,0.76,0.49,45.0,0.0
garowe,2025050907,8.4,48.48,943.42,34.36,1.37,1.73,34.84,0.0
garowe,2025050908,8.4,48.48,1000.33,36.02,2.16,2.5,29.32,0.0
garowe,2025050909,8.4,48.48,964.7,37.11,2.58,2.96,25.94,0.0
garowe,2025050910,8.4,48.48,871.55,37.8,2.92,3.34,23.49,0.0
garowe,2025050911,8.4,48.48,674.75,38.04,3.28,3.71,21.94,0.0
garowe,2025050912,8.4,48.48,442.5,37.85,3.73,4.16,21.08,0.0
garowe,2025050913,8.4,48.48,227.68,37.11,4.34,4.85,21.13,0.0
garowe,2025050914,8.4,48.48,42.45,35.46,4.25,5.88,22.95,0.0
garowe,2025050915,8.4,48.48,0.0,33.45,4.99,7.92,27.3,0.0
garowe,2025050916,8.4,48.48,0.0,32.07,6.73,9.13,33.67,0.0
garowe,2025050917,8.4,48.48,0.0,30.4,6.35,8.32,42.87,0.0
garowe,2025050918,8.4,48.48,0.0,29.07,5.08,6.84,51.14,0.0
garowe,2025050919,8.4,48.48,0.0,28.02,3.86,5.57,57.3,0.0
garowe,2025050920,8.4,48.48,0.0,27.05,2.89,4.69,62.4,0.0
garowe,2025050921,8.4,48.48,0.0,26.22,2.34,4.05,66.5,0.0
garowe,2025050922,8.4,48.48,0.0,25.53,2.05,3.64,69.76,0.0
garowe,2025050923,8.4,48.48,0.0,24.96,2.0,3.6,72.25,0.0
garowe,2025051000,8.4,48.48,0.0,24.49,2.12,3.77,74.33,0.0
garowe,2025051001,8.4,48.48,0.0,24.1,2.28,3.96,76.28,0.0
garowe,2025051002,8.4,48.48,9.6,23.89,2.51,3.96,77.81,0.0
garowe,2025051003,8.4,48.48,153.73,25.39,3.81,4.58,72.82,0.0
garowe,2025051004,8.4,48.48,378.8,28.21,4.66,5.18,60.59,0.0
garowe,2025051005,8.4,48.48,621.08,31.07,3.76,3.94,47.63,0.0
garowe,2025051006,8.4,48.48,811.35,33.32,2.51,2.53,38.11,0.0
garowe,2025051007,8.4,48.48,936.55,35.01,1.34,1.28,31.93,0.0
garowe,2025051008,8.4,48.48,1011.38,36.28,0.42,0.45,27.56,0.0
garowe,2025051009,8.4,48.48,970.95,37.29,0.35,0.54,24.2,0.0
garowe,2025051010,8.4,48.48,886.0,37.87,0.76,0.88,22.16,0.0
garowe,2025051011,8.4,48.48,704.62,38.0,1.04,1.09,21.08,0.0
garowe,2025051012,8.4,48.48,459.02,37.73,1.25,1.26,20.68,0.0
garowe,2025051013,8.4,48.48,234.05,37.02,1.51,1.5,21.04,0.0
garowe,2025051014,8.4,48.48,44.42,35.51,1.73,2.35,23.18,0.0
garowe,2025051015,8.4,48.48,0.0,33.02,2.62,4.85,27.69,0.0
garowe,2025051016,8.4,48.48,0.0,32.24,4.18,7.2,31.36,0.0
garowe,2025051017,8.4,48.48,0.0,31.21,5.42,8.07,37.75,0.0
garowe,2025051018,8.4,48.48,0.0,30.13,5.66,8.04,44.3,0.0
garowe,2025051019,8.4,48.48,0.0,29.22,5.29,7.51,49.56,0.0
garowe,2025051020,8.4,48.48,0.0,28.49,4.73,6.83,53.59,0.0
garowe,2025051021,8.4,48.48,0.0,27.85,4.09,6.04,56.76,0.0
garowe,2025051022,8.4,48.48,0.0,27.29,3.71,5.57,59.54,0.0
garowe,2025051023,8.4,48.48,0.0,26.84,3.7,5.47,62.19,0.0
garowe,2025051100,8.4,48.48,0.0,26.41,3.81,5.51,65.07,0.0
garowe,2025051101,8.4,48.48,0.0,26.0,3.88,5.61,67.99,0.0
garowe,2025051102,8.4,48.48,10.52,25.65,4.15,5.75,71.02,0.0
garowe,2025051103,8.4,48.48,168.6,26.44,6.15,7.42,70.1,0.0
garowe,2025051104,8.4,48.48,407.02,28.6,7.24,8.24,61.78,0.0
garowe,2025051105,8.4,48.48,637.1,31.08,6.84,7.56,51.52,0.0
garowe,2025051106,8.4,48.48,825.4,33.32,6.12,6.67,43.38,0.0
garowe,2025051107,8.4,48.48,953.72,35.21,5.34,5.74,36.96,0.0
garowe,2025051108,8.4,48.48,1007.58,36.74,4.52,4.81,31.56,0.0
garowe,2025051109,8.4,48.48,977.88,37.74,3.71,3.92,27.75,0.0
garowe,2025051110,8.4,48.48,818.22,38.21,2.88,3.02,25.52,0.0
garowe,2025051111,8.4,48.48,679.72,38.25,2.14,2.22,24.28,0.0
garowe,2025051112,8.4,48.48,453.23,37.84,1.61,1.57,23.96,0.0
garowe,2025051113,8.4,48.48,236.48,37.06,1.58,1.43,24.45,0.0
garowe,2025051114,8.4,48.48,46.55,35.73,2.28,2.77,26.59,0.0
garowe,2025051115,8.4,48.48,0.0,33.78,3.91,5.98,31.3,0.0
garowe,2025051116,8.4,48.48,0.0,32.72,5.67,8.06,36.74,0.0
garowe,2025051117,8.4,48.48,0.0,31.66,6.55,8.58,42.98,0.0
garowe,2025051118,8.4,48.48,0.0,30.69,6.07,7.73,48.28,0.0
garowe,2025051119,8.4,48.48,0.0,29.76,4.82,6.48,52.67,0.0
garowe,2025051120,8.4,48.48,0.0,28.91,4.2,5.84,56.65,0.0
garowe,2025051121,8.4,48.48,0.0,28.31,4.19,5.7,59.57,0.0
garowe,2025051122,8.4,48.48,0.0,27.75,4.11,5.61,61.95,0.0
garowe,2025051123,8.4,48.48,0.0,27.15,4.06,5.71,64.1,0.0
garowe,2025051200,8.4,48.48,0.0,26.58,4.2,5.94,65.99,0.0
garowe,2025051201,8.4,48.48,0.0,26.07,4.35,6.22,67.52,0.0
garowe,2025051202,8.4,48.48,6.75,25.65,4.8,6.66,68.86,0.0
garowe,2025051203,8.4,48.48,98.1,26.49,7.52,9.35,66.58,0.0
garowe,2025051204,8.4,48.48,216.8,28.51,9.36,10.91,59.71,0.0
garowe,2025051205,8.4,48.48,406.7,30.93,9.19,10.39,50.81,0.0
garowe,2025051206,8.4,48.48,511.75,33.24,8.46,9.41,43.19,0.0
garowe,2025051207,8.4,48.48,723.58,35.17,7.72,8.49,37.33,0.0
garowe,2025051208,8.4,48.48,846.78,36.67,7.01,7.64,32.66,0.0
garowe,2025051209,8.4,48.48,860.58,37.75,6.36,6.88,29.1,0.0
garowe,2025051210,8.4,48.48,790.03,38.3,5.77,6.2,26.96,0.0
garowe,2025051211,8.4,48.48,676.17,38.33,5.33,5.69,26.03,0.0
garowe,2025051212,8.4,48.48,473.3,37.77,5.05,5.4,26.22,0.0
garowe,2025051213,8.4,48.48,227.1,36.47,5.15,5.6,28.08,0.0
garowe,2025051214,8.4,48.48,43.45,35.03,5.66,6.73,31.27,0.0
garowe,2025051215,8.4,48.48,0.0,33.68,6.76,8.57,35.28,0.0
garowe,2025051216,8.4,48.48,0.0,32.53,7.97,9.86,39.75,0.0
garowe,2025051217,8.4,48.48,0.0,31.37,7.85,9.75,44.47,0.0
garowe,2025051218,8.4,48.48,0.0,30.44,7.07,9.01,48.22,0.0
garowe,2025051219,8.4,48.48,0.0,29.65,5.88,7.77,51.14,0.0
garowe,2025051220,8.4,48.48,0.0,28.94,4.97,6.93,53.5,0.0
garowe,2025051221,8.4,48.48,0.0,28.28,4.74,6.78,55.49,0.0
garowe,2025051222,8.4,48.48,0.0,27.79,5.84,8.05,57.17,0.0
garowe,2025051223,8.4,48.48,0.0,27.13,7.99,10.42,61.27,0.0
garowe,2025051300,8.4,48.48,0.0,26.44,8.6,10.97,66.75,0.0
garowe,2025051301,8.4,48.48,0.0,25.84,8.35,10.56,71.59,0.0
garowe,2025051302,8.4,48.48,10.02,25.3,8.02,10.11,75.61,0.0
garowe,2025051303,8.4,48.48,150.98,25.88,9.15,11.14,73.69,0.0
garowe,2025051304,8.4,48.48,362.12,27.87,10.02,11.81,64.03,0.0
garowe,2025051305,8.4,48.48,592.38,30.33,10.03,11.49,53.36,0.0
garowe,2025051306,8.4,48.48,779.47,32.69,9.42,10.58,45.07,0.0
garowe,2025051307,8.4,48.48,912.1,34.69,8.72,9.62,39.08,0.0
garowe,2025051308,8.4,48.48,973.55,36.17,8.08,8.8,34.81,0.0
garowe,2025051309,8.4,48.48,953.38,37.2,7.61,8.24,31.7,0.0
garowe,2025051310,8.4,48.48,760.08,37.73,7.26,7.82,29.62,0.0
garowe,2025051311,8.4,48.48,675.45,37.72,6.92,7.44,28.64,0.0
garowe,2025051312,8.4,48.48,441.12,37.16,6.57,7.07,28.92,0.0
garowe,2025051313,8.4,48.48,229.65,36.14,6.4,7.05,30.38,0.0
garowe,2025051314,8.4,48.48,44.3,34.62,6.27,7.53,33.28,0.0
garowe,2025051315,8.4,48.48,0.0,33.09,6.18,8.55,37.05,0.0
garowe,2025051316,8.4,48.48,0.0,32.15,7.05,9.46,40.06,0.0
garowe,2025051317,8.4,48.48,0.0,31.29,7.28,9.65,42.97,0.0
garowe,2025051318,8.4,48.48,0.0,30.5,6.94,9.16,45.79,0.0
garowe,2025051319,8.4,48.48,0.0,29.78,6.29,8.17,48.48,0.0
garowe,2025051320,8.4,48.48,0.0,29.24,6.03,7.76,50.47,0.0
garowe,2025051321,8.4,48.48,0.0,28.58,6.46,8.49,53.22,0.0
garowe,2025051322,8.4,48.48,0.0,27.86,7.94,10.16,57.25,0.0
garowe,2025051323,8.4,48.48,0.0,27.2,8.62,11.07,61.59,0.0
garowe,2025051400,8.4,48.48,0.0,26.67,8.62,11.19,65.1,0.0
garowe,2025051401,8.4,48.48,0.0,26.21,8.45,10.99,67.81,0.0
garowe,2025051402,8.4,48.48,10.62,25.79,8.24,10.65,70.06,0.0
garowe,2025051403,8.4,48.48,164.1,26.61,9.37,11.61,66.11,0.0
garowe,2025051404,8.4,48.48,388.3,28.84,10.71,12.79,55.15,0.0
garowe,2025051405,8.4,48.48,614.03,31.52,11.08,12.88,44.34,0.0
garowe,2025051406,8.4,48.48,795.3,33.92,10.65,12.17,37.16,0.0
garowe,2025051407,8.4,48.48,881.5,35.82,10.06,11.34,32.45,0.0
garowe,2025051408,8.4,48.48,955.12,37.18,9.45,10.53,29.36,0.0
garowe,2025051409,8.4,48.48,855.75,38.03,8.83,9.75,27.53,0.0
garowe,2025051410,8.4,48.48,858.65,38.41,8.13,8.92,26.63,0.0
garowe,2025051411,8.4,48.48,683.4,38.36,7.34,8.03,26.44,0.0
garowe,2025051412,8.4,48.48,467.27,37.85,6.56,7.17,26.93,0.0
garowe,2025051413,8.4,48.48,237.68,36.9,6.0,6.64,28.17,0.0
garowe,2025051414,8.4,48.48,44.55,35.41,5.48,6.87,30.71,0.0
garowe,2025051415,8.4,48.48,0.0,33.75,5.78,8.39,34.61,0.0
garowe,2025051416,8.4,48.48,0.0,32.71,7.23,9.65,38.35,0.0
garowe,2025051417,8.4,48.48,0.0,31.62,7.42,9.59,42.81,0.0
garowe,2025051418,8.4,48.48,0.0,30.89,6.74,8.63,46.36,0.0
garowe,2025051419,8.4,48.48,0.0,30.54,5.98,7.6,48.25,0.0
garowe,2025051420,8.4,48.48,0.0,30.27,5.04,6.41,49.55,0.0
garowe,2025051421,8.4,48.48,0.0,29.93,4.39,5.67,50.97,0.0
garowe,2025051422,8.4,48.48,0.0,29.46,5.11,6.79,52.94,0.0
garowe,2025051423,8.4,48.48,0.0,28.73,7.16,9.43,56.94,0.0
garowe,2025051500,8.4,48.48,0.0,27.99,8.12,10.26,61.66,0.0
garowe,2025051501,8.4,48.48,0.0,27.3,8.04,10.23,66.1,0.0
garowe,2025051502,8.4,48.48,10.65,26.82,7.94,10.06,69.06,0.0
garowe,2025051503,8.4,48.48,163.98,27.41,9.03,11.1,66.84,0.0
garowe,2025051504,8.4,48.48,396.83,29.13,10.22,12.09,58.94,0.0
garowe,2025051505,8.4,48.48,626.7,31.3,10.36,11.94,49.77,0.0
garowe,2025051506,8.4,48.48,813.78,33.39,9.67,10.91,42.59,0.0
garowe,2025051507,8.4,48.48,935.38,35.3,8.72,9.66,37.15,0.0
garowe,2025051508,8.4,48.48,979.72,36.84,7.83,8.58,33.09,0.0
garowe,2025051509,8.4,48.48,904.75,37.88,7.06,7.67,30.09,0.0
garowe,2025051510,8.4,48.48,869.05,38.44,6.32,6.85,27.93,0.0
garowe,2025051511,8.4,48.48,694.03,38.45,5.58,6.03,26.7,0.0
garowe,2025051512,8.4,48.48,448.55,37.97,4.98,5.39,26.48,0.0
garowe,2025051513,8.4,48.48,240.88,37.16,4.74,5.18,27.03,0.0
garowe,2025051514,8.4,48.48,48.75,35.88,4.65,5.89,28.92,0.0
garowe,2025051515,8.4,48.48,0.0,34.35,5.49,7.96,32.49,0.0
garowe,2025051516,8.4,48.48,0.0,33.26,7.15,9.41,36.4,0.0
garowe,2025051517,8.4,48.48,0.0,32.16,7.61,9.71,41.04,0.0
garowe,2025051518,8.4,48.48,0.0,31.28,6.83,8.62,45.16,0.0
garowe,2025051519,8.4,48.48,0.0,30.74,5.89,7.39,47.6,0.0
garowe,2025051520,8.4,48.48,0.0,30.38,5.16,6.45,48.82,0.0
garowe,2025051521,8.4,48.48,0.0,29.91,4.99,6.4,50.07,0.0
garowe,2025051522,8.4,48.48,0.0,29.04,7.49,9.62,53.79,0.0
garowe,2025051523,8.4,48.48,0.0,28.01,8.61,10.75,59.77,0.0
garowe,2025051600,8.4,48.48,0.0,27.21,8.7,10.77,65.7,0.0
garowe,2025051601,8.4,48.48,0.0,26.76,8.42,10.42,69.56,0.0
garowe,2025051602,8.4,48.48,9.02,26.47,8.03,9.92,71.93,0.0
garowe,2025051603,8.4,48.48,146.0,26.8,8.5,10.37,70.99,0.0
garowe,2025051604,8.4,48.48,369.48,28.26,9.45,11.16,63.84,0.0
garowe,2025051605,8.4,48.48,625.72,30.23,9.72,11.2,54.56,0.0
garowe,2025051606,8.4,48.48,812.85,32.26,9.24,10.48,46.76,0.0
garowe,2025051607,8.4,48.48,888.8,34.08,8.53,9.52,40.93,0.0
garowe,2025051608,8.4,48.48,975.78,35.43,7.73,8.54,36.83,0.0
garowe,2025051609,8.4,48.48,885.12,36.32,6.93,7.57,34.07,0.0
garowe,2025051610,8.4,48.48,660.92,36.74,6.07,6.57,32.3,0.0
garowe,2025051611,8.4,48.48,621.15,36.59,5.35,5.78,31.79,0.0
garowe,2025051612,8.4,48.48,412.3,35.79,4.87,5.29,32.85,0.0
garowe,2025051613,8.4,48.48,220.77,34.81,4.99,5.53,34.84,0.0
garowe,2025051614,8.4,48.48,45.5,33.68,5.51,6.53,37.56,0.0
garowe,2025051615,8.4,48.48,0.0,32.56,6.07,7.8,40.44,0.0
garowe,2025051616,8.4,48.48,0.0,31.6,6.95,8.76,43.27,0.0
garowe,2025051617,8.4,48.48,0.0,30.39,7.33,9.16,47.88,0.0
garowe,2025051618,8.4,48.48,0.0,29.04,7.6,9.3,54.95,0.0
garowe,2025051619,8.4,48.48,0.0,27.74,7.11,8.52,63.35,0.0
garowe,2025051620,8.4,48.48,0.0,26.78,6.22,7.41,70.4,0.0
garowe,2025051621,8.4,48.48,0.0,26.22,5.31,6.3,74.62,0.0
garowe,2025051622,8.4,48.48,0.0,25.93,4.46,5.29,76.87,0.0
garowe,2025051623,8.4,48.48,0.0,25.82,3.95,4.73,77.72,0.0
garowe,2025051700,8.4,48.48,0.0,25.75,4.01,4.91,77.43,0.0
garowe,2025051701,8.4,48.48,0.0,25.57,4.34,5.3,76.8,0.0
garowe,2025051702,8.4,48.48,9.95,25.23,4.52,5.48,76.93,0.0
garowe,2025051703,8.4,48.48,120.5,25.15,4.92,5.9,76.28,0.0
garowe,2025051704,8.4,48.48,286.33,25.52,5.58,6.58,73.51,0.0
garowe,2025051705,8.4,48.48,464.0,26.18,6.13,7.16,69.69,0.0
garowe,2025051706,8.4,48.48,661.7,27.0,6.55,7.61,65.3,0.0
garowe,2025051707,8.4,48.48,826.8,27.86,6.66,7.69,61.06,0.0
garowe,2025051708,8.4,48.48,853.5,28.64,6.5,7.49,57.66,0.0
garowe,2025051709,8.4,48.48,627.65,29.28,6.11,7.02,55.15,0.0
garowe,2025051710,8.4,48.48,557.08,29.81,5.39,6.19,53.09,0.0
garowe,2025051711,8.4,48.48,459.65,30.31,4.58,5.25,51.09,0.0
garowe,2025051712,8.4,48.48,306.6,30.7,3.74,4.28,49.24,0.0
garowe,2025051713,8.4,48.48,143.82,30.71,3.12,3.55,48.41,0.0
garowe,2025051714,8.4,48.48,28.2,30.03,2.37,3.3,49.79,0.0
garowe,2025051715,8.4,48.48,0.0,28.76,2.09,3.87,53.53,0.0
garowe,2025051716,8.4,48.48,0.0,28.35,2.53,4.76,55.04,0.0
garowe,2025051717,8.4,48.48,0.0,28.11,3.17,5.54,56.12,0.0
garowe,2025051718,8.4,48.48,0.0,27.8,3.79,5.99,57.68,0.0
garowe,2025051719,8.4,48.48,0.0,27.37,4.26,6.21,59.96,0.0
garowe,2025051720,8.4,48.48,0.0,26.86,4.32,6.05,63.11,0.0
garowe,2025051721,8.4,48.48,0.0,26.38,4.19,5.78,66.66,0.0
garowe,2025051722,8.4,48.48,0.0,25.94,4.03,5.56,70.08,0.0
garowe,2025051723,8.4,48.48,0.0,25.66,3.64,5.05,72.47,0.0
garowe,2025051800,8.4,48.48,0.0,25.45,2.99,4.4,73.83,0.0
garowe,2025051801,8.4,48.48,0.0,25.32,2.98,4.45,74.41,0.0
garowe,2025051802,8.4,48.48,9.55,25.18,3.72,4.98,74.96,0.0
garowe,2025051803,8.4,48.48,141.52,25.79,5.54,6.75,72.93,0.0
garowe,2025051804,8.4,48.48,340.02,27.16,7.49,8.84,67.63,0.0
garowe,2025051805,8.4,48.48,552.97,28.98,8.05,9.33,59.84,0.0
garowe,2025051806,8.4,48.48,778.55,30.87,7.81,8.93,51.23,0.0
garowe,2025051807,8.4,48.48,909.17,32.62,7.34,8.3,43.36,0.0
garowe,2025051808,8.4,48.48,943.92,33.92,6.99,7.84,37.38,0.0
garowe,2025051809,8.4,48.48,923.97,34.84,6.66,7.42,33.21,0.0
garowe,2025051810,8.4,48.48,733.62,35.36,6.28,6.96,30.72,0.0
garowe,2025051811,8.4,48.48,669.4,35.46,5.88,6.49,29.59,0.0
garowe,2025051812,8.4,48.48,432.92,35.17,5.53,6.12,29.63,0.0
garowe,2025051813,8.4,48.48,216.68,34.45,5.23,5.86,30.89,0.0
garowe,2025051814,8.4,48.48,42.2,33.07,4.19,5.74,33.89,0.0
garowe,2025051815,8.4,48.48,0.0,30.79,3.03,6.19,39.66,0.0
garowe,2025051816,8.4,48.48,0.0,30.14,3.43,6.65,42.81,0.0
garowe,2025051817,8.4,48.48,0.0,29.62,3.89,6.8,46.17,0.0
garowe,2025051818,8.4,48.48,0.0,29.05,4.12,6.75,50.09,0.0
garowe,2025051819,8.4,48.48,0.0,28.48,4.08,6.56,54.02,0.0
garowe,2025051820,8.4,48.48,0.0,28.06,4.02,6.28,57.2,0.0
garowe,2025051821,8.4,48.48,0.0,27.79,3.96,5.77,59.33,0.0
garowe,2025051822,8.4,48.48,0.0,27.46,3.49,5.04,61.24,0.0
garowe,2025051823,8.4,48.48,0.0,27.18,3.07,4.33,62.78,0.0
garowe,2025051900,8.4,48.48,0.0,26.92,2.75,3.7,64.19,0.0
garowe,2025051901,8.4,48.48,0.0,26.68,2.53,3.32,65.47,0.0
garowe,2025051902,8.4,48.48,9.2,26.48,2.57,3.26,66.5,0.0
garowe,2025051903,8.4,48.48,143.93,27.06,3.2,3.68,64.18,0.0
garowe,2025051904,8.4,48.48,352.6,29.15,4.74,5.46,55.42,0.0
garowe,2025051905,8.4,48.48,583.28,31.41,5.52,6.14,47.2,0.0
garowe,2025051906,8.4,48.48,794.42,33.3,5.46,5.95,41.32,0.0
garowe,2025051907,8.4,48.48,895.3,34.73,5.04,5.43,37.38,0.0
garowe,2025051908,8.4,48.48,951.45,35.59,4.53,4.85,35.12,0.0
garowe,2025051909,8.4,48.48,798.17,36.08,3.99,4.26,33.77,0.0
garowe,2025051910,8.4,48.48,759.75,36.1,3.56,3.8,33.38,0.0
garowe,2025051911,8.4,48.48,497.65,36.05,3.49,3.71,33.28,0.0
garowe,2025051912,8.4,48.48,253.55,35.35,3.7,3.97,34.53,0.0
garowe,2025051913,8.4,48.48,130.43,34.52,4.18,4.58,36.37,0.0
garowe,2025051914,8.4,48.48,25.08,33.54,4.5,5.41,38.86,0.0
garowe,2025051915,8.4,48.48,0.0,32.33,4.3,6.42,42.3,0.0
garowe,2025051916,8.4,48.48,0.0,31.63,5.12,7.28,44.9,0.0
garowe,2025051917,8.4,48.48,0.0,30.92,5.64,7.77,47.56,0.0
garowe,2025051918,8.4,48.48,0.0,30.21,5.63,7.72,50.21,0.0
garowe,2025051919,8.4,48.48,0.0,29.61,5.51,7.52,52.56,0.0
garowe,2025051920,8.4,48.48,0.0,29.04,5.23,7.06,54.83,0.0
garowe,2025051921,8.4,48.48,0.0,28.48,4.78,6.52,57.07,0.0
garowe,2025051922,8.4,48.48,0.0,28.0,4.62,6.35,59.1,0.0
garowe,2025051923,8.4,48.48,0.0,27.58,4.62,6.37,61.05,0.0
garowe,2025052000,8.4,48.48,0.0,27.26,4.69,6.35,62.8,0.0
garowe,2025052001,8.4,48.48,0.0,26.98,4.68,6.22,64.71,0.0
garowe,2025052002,8.4,48.48,10.12,26.75,4.82,6.28,66.83,0.0
garowe,2025052003,8.4,48.48,135.1,27.13,6.89,8.59,67.7,0.0
garowe,2025052004,8.4,48.48,325.85,28.0,7.87,9.33,65.53,0.0
garowe,2025052005,8.4,48.48,532.47,28.94,7.78,9.04,61.54,0.0
garowe,2025052006,8.4,48.48,728.0,29.86,7.49,8.58,57.42,0.0
garowe,2025052007,8.4,48.48,835.92,30.69,7.2,8.16,53.71,0.0
garowe,2025052008,8.4,48.48,907.72,31.42,6.97,7.83,50.54,0.0
garowe,2025052009,8.4,48.48,765.28,31.83,6.7,7.49,48.45,0.0
garowe,2025052010,8.4,48.48,782.25,32.18,6.36,7.09,46.74,0.0
garowe,2025052011,8.4,48.48,577.75,32.24,5.93,6.64,46.04,0.0
garowe,2025052012,8.4,48.48,358.83,32.03,5.5,6.19,46.2,0.0
garowe,2025052013,8.4,48.48,172.65,31.71,5.12,5.86,46.87,0.0
garowe,2025052014,8.4,48.48,34.75,31.04,4.44,5.72,48.68,0.0
garowe,2025052015,8.4,48.48,0.0,29.83,3.29,5.99,52.38,0.0
garowe,2025052016,8.4,48.48,0.0,29.32,3.8,6.51,54.26,0.0
garowe,2025052017,8.4,48.48,0.0,28.89,4.23,6.7,55.99,0.0
garowe,2025052018,8.4,48.48,0.0,28.44,4.38,6.68,57.79,0.0
garowe,2025052019,8.4,48.48,0.0,28.0,4.39,6.59,59.47,0.0
garowe,2025052020,8.4,48.48,0.0,27.58,4.33,6.47,60.91,0.0
garowe,2025052021,8.4,48.48,0.0,27.1,4.28,6.44,62.53,0.0
garowe,2025052022,8.4,48.48,0.0,26.62,4.38,6.64,64.25,0.0
garowe,2025052023,8.4,48.48,0.0,26.27,4.68,6.93,65.71,0.0
garowe,2025052100,8.4,48.48,0.0,26.0,5.0,7.16,67.59,0.0
garowe,2025052101,8.4,48.48,0.0,25.77,5.25,7.23,70.14,0.0
garowe,2025052102,8.4,48.48,10.93,25.62,5.56,7.21,72.96,0.0
garowe,2025052103,8.4,48.48,160.15,26.18,7.39,9.26,73.36,0.0
garowe,2025052104,8.4,48.48,379.58,27.5,9.25,11.13,69.25,0.0
garowe,2025052105,8.4,48.48,621.1,29.19,9.64,11.38,61.41,0.0
garowe,2025052106,8.4,48.48,801.83,31.07,9.4,10.85,53.16,0.0
garowe,2025052107,8.4,48.48,907.15,32.95,9.02,10.19,46.28,0.0
garowe,2025052108,8.4,48.48,965.47,34.53,8.76,9.73,41.22,0.0
garowe,2025052109,8.4,48.48,879.9,35.57,8.42,9.23,38.0,0.0
garowe,2025052110,8.4,48.48,837.5,36.06,7.97,8.67,36.11,0.0
garowe,2025052111,8.4,48.48,694.0,35.84,7.66,8.3,36.29,0.0
garowe,2025052112,8.4,48.48,467.83,34.95,7.43,8.11,38.16,0.0
garowe,2025052113,8.4,48.48,242.38,33.69,7.23,8.08,41.32,0.0
garowe,2025052114,8.4,48.48,48.08,32.2,7.06,8.39,45.65,0.0
garowe,2025052115,8.4,48.48,0.0,30.72,6.67,8.47,50.57,0.0
garowe,2025052116,8.4,48.48,0.0,29.68,6.51,8.38,54.4,0.0
garowe,2025052117,8.4,48.48,0.0,28.82,6.35,8.19,57.85,0.0
garowe,2025052118,8.4,48.48,0.0,28.05,6.03,7.78,61.06,0.0
garowe,2025052119,8.4,48.48,0.0,27.42,5.57,7.22,63.78,0.0
garowe,2025052120,8.4,48.48,0.0,26.93,5.1,6.74,65.83,0.0
garowe,2025052121,8.4,48.48,0.0,26.52,4.74,6.48,67.39,0.0
garowe,2025052122,8.4,48.48,0.0,26.17,4.75,6.62,68.77,0.0
garowe,2025052123,8.4,48.48,0.0,25.93,5.23,7.23,69.55,0.0
garowe,2025052200,8.4,48.48,0.0,25.77,5.8,7.88,69.9,0.0
garowe,2025052201,8.4,48.48,0.0,25.62,6.4,8.54,70.23,0.0
garowe,2025052202,8.4,48.48,9.55,25.53,6.98,9.02,70.77,0.0
garowe,2025052203,8.4,48.48,143.25,26.22,9.06,11.41,70.34,0.0
garowe,2025052204,8.4,48.48,352.58,27.98,11.14,13.4,65.61,0.0
garowe,2025052205,8.4,48.48,600.62,30.43,11.29,13.2,55.99,0.0
garowe,2025052206,8.4,48.48,748.1,32.85,10.06,11.39,47.35,0.0
garowe,2025052207,8.4,48.48,839.47,34.9,8.84,9.87,40.98,0.0
garowe,2025052208,8.4,48.48,877.5,36.2,8.16,9.05,37.01,0.0
garowe,2025052209,8.4,48.48,888.88,36.89,7.77,8.6,34.84,0.0
garowe,2025052210,8.4,48.48,774.6,37.2,7.65,8.42,33.95,0.0
garowe,2025052211,8.4,48.48,675.3,36.85,7.8,8.58,34.67,0.0
garowe,2025052212,8.4,48.48,466.73,35.84,8.08,8.99,37.05,0.0
garowe,2025052213,8.4,48.48,234.4,34.54,8.61,9.86,40.71,0.0
garowe,2025052214,8.4,48.48,45.45,32.85,9.35,11.19,46.16,0.0
garowe,2025052215,8.4,48.48,0.0,31.21,9.72,12.0,51.93,0.0
garowe,2025052216,8.4,48.48,0.0,30.22,9.56,11.88,55.58,0.0
garowe,2025052217,8.4,48.48,0.0,29.62,9.13,11.47,57.32,0.0
garowe,2025052218,8.4,48.48,0.0,29.3,8.76,11.05,57.43,0.0
garowe,2025052219,8.4,48.48,0.0,28.99,8.77,11.1,57.67,0.0
garowe,2025052220,8.4,48.48,0.0,28.47,8.95,11.28,59.3,0.0
garowe,2025052221,8.4,48.48,0.0,27.84,9.19,11.49,61.8,0.0
garowe,2025052222,8.4,48.48,0.0,27.18,9.41,11.66,64.84,0.0
garowe,2025052223,8.4,48.48,0.0,26.51,9.45,11.74,68.21,0.0
garowe,2025052300,8.4,48.48,0.0,25.94,9.4,11.7,71.47,0.0
garowe,2025052301,8.4,48.48,0.0,25.58,9.23,11.55,74.01,0.0
garowe,2025052302,8.4,48.48,7.8,25.36,9.19,11.5,76.23,0.0
garowe,2025052303,8.4,48.48,122.88,25.92,10.11,12.52,74.66,0.0
garowe,2025052304,8.4,48.48,287.2,27.25,11.75,14.27,68.48,0.0
garowe,2025052305,8.4,48.48,485.5,28.75,12.59,15.04,59.94,0.0
garowe,2025052306,8.4,48.48,708.62,30.5,12.75,15.01,50.03,0.0
garowe,2025052307,8.4,48.48,811.35,32.16,12.57,14.57,42.3,0.0
garowe,2025052308,8.4,48.48,826.08,33.17,12.12,13.93,38.75,0.0
garowe,2025052309,8.4,48.48,798.53,33.84,11.61,13.32,37.32,0.0
garowe,2025052310,8.4,48.48,716.95,34.28,11.18,12.84,36.38,0.0
garowe,2025052311,8.4,48.48,559.35,34.73,10.83,12.45,35.03,0.0
garowe,2025052312,8.4,48.48,381.48,34.83,10.45,12.07,34.12,0.0
garowe,2025052313,8.4,48.48,209.35,34.15,9.87,11.63,34.65,0.0
garowe,2025052314,8.4,48.48,45.83,32.88,8.61,10.92,36.5,0.0
garowe,2025052315,8.4,48.48,0.0,31.34,7.02,10.02,39.06,0.0
garowe,2025052316,8.4,48.48,0.0,30.37,6.51,9.54,40.29,0.0
garowe,2025052317,8.4,48.48,0.0,29.47,6.31,9.02,41.38,0.0
garowe,2025052318,8.4,48.48,0.0,28.61,6.36,8.73,43.04,0.0
garowe,2025052319,8.4,48.48,0.0,27.79,6.67,8.88,45.79,0.0
garowe,2025052320,8.4,48.48,0.0,27.02,6.91,8.99,49.91,0.0
garowe,2025052321,8.4,48.48,0.0,26.37,6.85,8.86,54.55,0.0
garowe,2025052322,8.4,48.48,0.0,25.85,6.64,8.6,58.67,0.0
garowe,2025052323,8.4,48.48,0.0,25.46,6.39,8.31,61.98,0.0
garowe,2025052400,8.4,48.48,0.0,25.12,6.19,8.08,64.93,0.0
garowe,2025052401,8.4,48.48,0.0,24.8,6.15,8.03,67.86,0.0
garowe,2025052402,8.4,48.48,10.77,24.52,6.38,8.34,70.87,0.0
garowe,2025052403,8.4,48.48,146.0,25.0,9.41,11.86,71.76,0.0
garowe,2025052404,8.4,48.48,360.0,26.26,11.14,13.46,67.52,0.0
garowe,2025052405,8.4,48.48,590.0,27.82,11.98,14.26,60.45,0.0
garowe,2025052406,8.4,48.48,776.33,29.3,12.31,14.45,54.21,0.0
garowe,2025052407,8.4,48.48,881.2,30.57,11.91,13.79,49.88,0.0
garowe,2025052408,8.4,48.48,929.25,31.82,11.38,13.02,46.07,0.0
garowe,2025052409,8.4,48.48,921.25,33.13,10.99,12.5,42.21,0.0
garowe,2025052410,8.4,48.48,787.7,34.16,10.65,12.09,39.08,0.0
garowe,2025052411,8.4,48.48,682.95,34.47,10.26,11.69,37.84,0.0
garowe,2025052412,8.4,48.48,467.33,34.24,9.82,11.3,37.75,0.0
garowe,2025052413,8.4,48.48,229.23,33.53,9.36,11.01,39.01,0.0
garowe,2025052414,8.4,48.48,45.0,32.32,8.39,10.52,41.96,0.0
garowe,2025052415,8.4,48.48,0.0,31.0,6.76,9.53,45.73,0.0
garowe,2025052416,8.4,48.48,0.0,30.18,5.85,8.65,48.24,0.0
garowe,2025052417,8.4,48.48,0.0,29.49,5.24,8.04,50.29,0.0
garowe,2025052418,8.4,48.48,0.0,28.99,5.47,8.15,51.66,0.0
garowe,2025052419,8.4,48.48,0.0,28.61,6.27,8.84,52.46,0.0
garowe,2025052420,8.4,48.48,0.0,28.16,6.84,9.38,53.21,0.0
garowe,2025052421,8.4,48.48,0.0,27.65,7.49,10.1,53.9,0.0
garowe,2025052422,8.4,48.48,0.0,27.15,8.63,11.35,54.78,0.0
garowe,2025052423,8.4,48.48,0.0,26.47,9.27,11.96,57.92,0.0
garowe,2025052500,8.4,48.48,0.0,25.74,9.59,12.18,62.6,0.0
garowe,2025052501,8.4,48.48,0.0,25.0,9.39,11.92,67.84,0.0
garowe,2025052502,8.4,48.48,10.75,24.47,9.26,11.77,72.23,0.0
garowe,2025052503,8.4,48.48,150.6,24.93,10.73,13.28,71.91,0.0
garowe,2025052504,8.4,48.48,363.73,26.49,12.06,14.55,65.55,0.0
garowe,2025052505,8.4,48.48,582.55,28.61,12.96,15.38,55.93,0.0
garowe,2025052506,8.4,48.48,742.78,30.76,13.24,15.46,46.76,0.0
garowe,2025052507,8.4,48.48,833.5,32.75,12.84,14.8,39.78,0.0
garowe,2025052508,8.4,48.48,930.5,34.44,12.18,13.92,35.09,0.0
garowe,2025052509,8.4,48.48,922.15,35.7,11.37,12.92,32.08,0.0
garowe,2025052510,8.4,48.48,834.22,36.47,10.58,12.0,30.36,0.0
garowe,2025052511,8.4,48.48,678.88,36.67,9.96,11.31,29.73,0.0
garowe,2025052512,8.4,48.48,471.52,36.39,9.44,10.8,29.96,0.0
garowe,2025052513,8.4,48.48,240.55,35.49,9.05,10.56,31.43,0.0
garowe,2025052514,8.4,48.48,47.67,33.95,8.12,10.25,34.47,0.0
garowe,2025052515,8.4,48.48,0.0,32.38,6.83,9.75,38.01,0.0
garowe,2025052516,8.4,48.48,0.0,31.53,6.71,9.56,40.08,0.0
garowe,2025052517,8.4,48.48,0.0,30.6,6.3,9.01,42.15,0.0
garowe,2025052518,8.4,48.48,0.0,29.76,6.13,8.78,44.1,0.0
garowe,2025052519,8.4,48.48,0.0,28.93,6.32,8.95,46.27,0.0
garowe,2025052520,8.4,48.48,0.0,28.21,6.79,9.43,48.62,0.0
garowe,2025052521,8.4,48.48,0.0,27.56,7.16,9.8,51.58,0.0
garowe,2025052522,8.4,48.48,0.0,26.95,7.36,9.89,55.73,0.0
garowe,2025052523,8.4,48.48,0.0,26.33,7.51,9.94,60.75,0.0
garowe,2025052600,8.4,48.48,0.0,25.65,7.81,10.13,66.43,0.0
garowe,2025052601,8.4,48.48,0.0,25.01,8.27,10.54,71.61,0.0
garowe,2025052602,8.4,48.48,10.38,24.54,8.25,10.55,75.1,0.0
garowe,2025052603,8.4,48.48,143.43,25.27,10.25,12.71,72.37,0.0
garowe,2025052604,8.4,48.48,329.15,27.33,11.61,13.97,63.05,0.0
garowe,2025052605,8.4,48.48,518.12,29.88,12.21,14.38,52.71,0.0
garowe,2025052606,8.4,48.48,718.15,32.16,12.12,14.01,44.43,0.0
garowe,2025052607,8.4,48.48,813.7,34.07,11.69,13.38,38.32,0.0
garowe,2025052608,8.4,48.48,896.0,35.59,11.19,12.69,34.0,0.0
garowe,2025052609,8.4,48.48,873.05,36.68,10.61,11.97,31.07,0.0
garowe,2025052610,8.4,48.48,739.88,37.23,10.1,11.36,29.64,0.0
garowe,2025052611,8.4,48.48,616.45,37.29,9.74,10.99,29.23,0.0
garowe,2025052612,8.4,48.48,447.5,36.76,9.33,10.6,29.98,0.0
garowe,2025052613,8.4,48.48,228.07,35.73,8.85,10.26,31.98,0.0
garowe,2025052614,8.4,48.48,47.72,34.3,8.05,9.97,34.99,0.0
garowe,2025052615,8.4,48.48,0.0,32.94,6.85,9.46,38.0,0.0
garowe,2025052616,8.4,48.48,0.0,32.18,6.9,9.55,39.66,0.0
garowe,2025052617,8.4,48.48,0.0,31.43,7.28,9.98,41.31,0.0
garowe,2025052618,8.4,48.48,0.0,30.67,7.31,10.0,42.97,0.0
garowe,2025052619,8.4,48.48,0.0,29.89,7.01,9.52,44.64,0.0
garowe,2025052620,8.4,48.48,0.0,29.09,7.01,9.41,46.57,0.0
garowe,2025052621,8.4,48.48,0.0,28.3,7.1,9.47,49.23,0.0
garowe,2025052622,8.4,48.48,0.0,27.59,7.28,9.65,53.34,0.0
garowe,2025052623,8.4,48.48,0.0,26.93,7.45,9.8,59.23,0.0
garowe,2025052700,8.4,48.48,0.0,26.37,7.76,10.05,65.49,0.0
garowe,2025052701,8.4,48.48,0.0,25.81,7.87,10.01,70.91,0.0
garowe,2025052702,8.4,48.48,10.77,25.29,8.05,10.33,74.87,0.0
garowe,2025052703,8.4,48.48,149.07,25.75,9.72,11.96,73.44,0.0
garowe,2025052704,8.4,48.48,357.05,27.31,10.75,12.86,66.35,0.0
garowe,2025052705,8.4,48.48,568.25,29.41,11.29,13.28,57.01,0.0
garowe,2025052706,8.4,48.48,713.2,31.49,11.64,13.48,48.59,0.0
garowe,2025052707,8.4,48.48,808.12,33.44,11.55,13.19,42.16,0.0
garowe,2025052708,8.4,48.48,851.85,34.96,11.08,12.49,37.88,0.0
garowe,2025052709,8.4,48.48,859.33,35.93,10.39,11.65,35.1,0.0
garowe,2025052710,8.4,48.48,787.28,36.4,9.62,10.77,33.65,0.0
garowe,2025052711,8.4,48.48,629.4,36.61,9.1,10.18,32.58,0.0
garowe,2025052712,8.4,48.48,428.27,36.34,8.66,9.73,32.39,0.0
garowe,2025052713,8.4,48.48,220.27,35.36,8.17,9.41,33.87,0.0
garowe,2025052714,8.4,48.48,46.35,34.0,7.42,9.32,36.68,0.0
garowe,2025052715,8.4,48.48,0.0,32.62,6.47,9.02,40.27,0.0
garowe,2025052716,8.4,48.48,0.0,31.8,6.3,8.86,42.73,0.0
garowe,2025052717,8.4,48.48,0.0,31.01,6.13,8.84,44.81,0.0
garowe,2025052718,8.4,48.48,0.0,30.27,6.25,9.04,46.51,0.0
garowe,2025052719,8.4,48.48,0.0,29.59,6.64,9.33,48.03,0.0
garowe,2025052720,8.4,48.48,0.0,28.85,6.82,9.32,50.26,0.0
garowe,2025052721,8.4,48.48,0.0,28.09,7.16,9.6,53.74,0.0
garowe,2025052722,8.4,48.48,0.0,27.37,7.22,9.55,58.21,0.0
garowe,2025052723,8.4,48.48,0.0,26.73,7.01,9.21,62.84,0.0
garowe,2025052800,8.4,48.48,0.0,26.12,6.9,8.99,67.4,0.0
garowe,2025052801,8.4,48.48,0.0,25.53,7.26,9.47,71.77,0.0
garowe,2025052802,8.4,48.48,10.82,25.02,7.94,10.15,75.27,0.0
garowe,2025052803,8.4,48.48,154.6,25.6,10.21,12.64,72.73,0.0
garowe,2025052804,8.4,48.48,368.5,27.5,11.65,13.98,62.73,0.0
garowe,2025052805,8.4,48.48,585.85,29.83,12.34,14.51,52.06,0.0
garowe,2025052806,8.4,48.48,758.38,32.06,12.35,14.25,43.67,0.0
garowe,2025052807,8.4,48.48,862.03,33.92,11.98,13.64,37.75,0.0
garowe,2025052808,8.4,48.48,923.25,35.31,11.57,13.07,33.76,0.0
garowe,2025052809,8.4,48.48,829.67,36.22,11.17,12.55,31.38,0.0
garowe,2025052810,8.4,48.48,715.2,36.69,10.74,12.06,30.18,0.0
garowe,2025052811,8.4,48.48,643.55,36.71,10.36,11.69,29.96,0.0
garowe,2025052812,8.4,48.48,454.83,36.22,9.94,11.32,30.83,0.0
garowe,2025052813,8.4,48.48,237.0,35.26,9.38,10.91,32.67,0.0
garowe,2025052814,8.4,48.48,48.88,33.83,8.33,10.38,35.5,0.0
garowe,2025052815,8.4,48.48,0.0,32.28,6.92,9.73,38.88,0.0
garowe,2025052816,8.4,48.48,0.0,31.32,6.48,9.29,41.18,0.0
garowe,2025052817,8.4,48.48,0.0,30.54,6.44,9.25,43.29,0.0
garowe,2025052818,8.4,48.48,0.0,29.86,6.46,9.23,45.24,0.0
garowe,2025052819,8.4,48.48,0.0,29.25,6.69,9.33,47.26,0.0
garowe,2025052820,8.4,48.48,0.0,28.58,7.05,9.48,50.19,0.0
garowe,2025052821,8.4,48.48,0.0,27.85,7.79,10.15,55.07,0.0
garowe,2025052822,8.4,48.48,0.0,27.04,8.31,10.59,61.3,0.0
garowe,2025052823,8.4,48.48,0.0,26.4,8.42,10.95,66.4,0.0
garowe,2025052900,8.4,48.48,0.0,25.89,9.6,12.36,70.58,0.0
garowe,2025052901,8.4,48.48,0.0,25.48,9.36,11.98,73.02,0.0
garowe,2025052902,8.4,48.48,10.77,25.18,9.26,11.79,74.43,0.0
garowe,2025052903,8.4,48.48,155.57,25.8,10.24,12.59,71.74,0.0
garowe,2025052904,8.4,48.48,373.0,27.5,11.6,13.92,63.54,0.0
garowe,2025052905,8.4,48.48,597.08,29.82,12.5,14.72,52.66,0.0
garowe,2025052906,8.4,48.48,765.47,31.95,12.6,14.61,43.98,0.0
garowe,2025052907,8.4,48.48,899.35,33.77,12.29,14.1,38.16,0.0
garowe,2025052908,8.4,48.48,954.88,35.18,11.82,13.45,34.27,0.0
garowe,2025052909,8.4,48.48,941.88,36.13,11.42,12.93,31.73,0.0
garowe,2025052910,8.4,48.48,794.7,36.66,11.08,12.57,30.13,0.0
garowe,2025052911,8.4,48.48,685.15,36.75,10.79,12.29,29.23,0.0
garowe,2025052912,8.4,48.48,470.85,36.37,10.52,12.1,29.1,0.0
garowe,2025052913,8.4,48.48,240.55,35.44,10.17,11.96,30.26,0.0
garowe,2025052914,8.4,48.48,48.12,34.0,9.16,11.49,32.91,0.0
garowe,2025052915,8.4,48.48,0.0,32.56,7.88,10.73,36.07,0.0
garowe,2025052916,8.4,48.48,0.0,31.67,7.36,10.08,38.29,0.0
garowe,2025052917,8.4,48.48,0.0,30.92,7.15,9.85,40.11,0.0
garowe,2025052918,8.4,48.48,0.0,30.29,7.34,10.01,41.48,0.0
garowe,2025052919,8.4,48.48,0.0,29.65,7.46,10.01,42.6,0.0
garowe,2025052920,8.4,48.48,0.0,28.92,7.29,9.83,43.77,0.0
garowe,2025052921,8.4,48.48,0.0,28.21,7.4,9.96,45.11,0.0
garowe,2025052922,8.4,48.48,0.0,27.52,7.6,10.12,47.39,0.0
garowe,2025052923,8.4,48.48,0.0,26.87,7.76,10.25,50.52,0.0
garowe,2025053000,8.4,48.48,0.0,26.18,8.34,10.84,54.16,0.0
garowe,2025053001,8.4,48.48,0.0,25.42,8.39,10.8,58.55,0.0
garowe,2025053002,8.4,48.48,10.75,24.84,8.4,10.74,62.61,0.0
garowe,2025053003,8.4,48.48,154.6,25.39,10.42,12.97,62.86,0.0
garowe,2025053004,8.4,48.48,370.48,27.22,12.04,14.49,57.44,0.0
garowe,2025053005,8.4,48.48,593.47,29.61,13.0,15.42,48.1,0.0
garowe,2025053006,8.4,48.48,778.83,31.73,13.31,15.52,40.34,0.0
garowe,2025053007,8.4,48.48,901.78,33.57,12.9,14.84,35.19,0.0
garowe,2025053008,8.4,48.48,982.33,35.08,12.27,13.96,31.58,0.0
garowe,2025053009,8.4,48.48,948.28,36.17,11.68,13.21,29.13,0.0
garowe,2025053010,8.4,48.48,838.15,36.81,11.09,12.54,27.69,0.0
garowe,2025053011,8.4,48.48,677.42,36.99,10.52,11.96,27.03,0.0
garowe,2025053012,8.4,48.48,468.4,36.74,9.95,11.4,27.17,0.0
garowe,2025053013,8.4,48.48,239.57,35.93,9.39,10.97,28.23,0.0
garowe,2025053014,8.4,48.48,47.45,34.45,8.24,10.52,30.68,0.0
garowe,2025053015,8.4,48.48,0.0,32.62,6.74,9.85,34.29,0.0
garowe,2025053016,8.4,48.48,0.0,31.61,6.82,9.88,36.39,0.0
garowe,2025053017,8.4,48.48,0.0,30.77,7.29,10.25,37.79,0.0
garowe,2025053018,8.4,48.48,0.0,29.91,7.68,10.52,38.46,0.0
garowe,2025053019,8.4,48.48,0.0,28.98,7.51,10.14,39.07,0.0
garowe,2025053020,8.4,48.48,0.0,28.17,7.54,10.14,39.94,0.0
garowe,2025053021,8.4,48.48,0.0,27.43,7.51,10.1,42.43,0.0
garowe,2025053022,8.4,48.48,0.0,26.77,7.47,10.03,47.4,0.0
garowe,2025053023,8.4,48.48,0.0,26.13,7.45,9.94,54.3,0.0
garowe,2025053100,8.4,48.48,0.0,25.56,8.41,11.23,62.26,0.0
garowe,2025053101,8.4,48.48,0.0,25.03,8.58,11.19,68.75,0.0
garowe,2025053102,8.4,48.48,10.23,24.59,8.3,10.67,73.2,0.0
garowe,2025053103,8.4,48.48,142.1,25.3,10.27,12.82,72.07,0.0
garowe,2025053104,8.4,48.48,345.35,27.31,12.21,14.68,63.37,0.0
garowe,2025053105,8.4,48.48,571.45,29.79,13.15,15.54,51.5,0.0
garowe,2025053106,8.4,48.48,736.47,32.02,13.36,15.55,42.53,0.0
garowe,2025053107,8.4,48.48,857.55,33.8,12.97,14.92,37.14,0.0
garowe,2025053108,8.4,48.48,930.35,35.21,12.38,14.13,33.74,0.0
garowe,2025053109,8.4,48.48,874.08,36.31,11.74,13.35,31.3,0.0
garowe,2025053110,8.4,48.48,829.95,36.95,11.06,12.56,29.79,0.0
garowe,2025053111,8.4,48.48,673.38,37.09,10.39,11.81,29.24,0.0
garowe,2025053112,8.4,48.48,458.75,36.67,9.81,11.22,29.81,0.0
garowe,2025053113,8.4,48.48,223.6,35.66,9.34,10.89,31.69,0.0
garowe,2025053114,8.4,48.48,47.12,34.16,8.57,10.65,34.91,0.0
garowe,2025053115,8.4,48.48,0.0,32.89,7.73,10.33,38.02,0.0
garowe,2025053116,8.4,48.48,0.0,32.12,7.57,10.14,40.09,0.0
garowe,2025053117,8.4,48.48,0.0,31.44,7.73,10.34,41.92,0.0
garowe,2025053118,8.4,48.48,0.0,30.7,7.82,10.34,44.01,0.0
garowe,2025053119,8.4,48.48,0.0,29.99,7.87,10.3,46.18,0.0
garowe,2025053120,8.4,48.48,0.0,29.34,7.87,10.24,48.38,0.0
garowe,2025053121,8.4,48.48,0.0,28.73,7.85,10.33,50.56,0.0
garowe,2025053122,8.4,48.48,0.0,28.36,9.49,12.33,51.92,0.0
garowe,2025053123,8.4,48.48,0.0,27.84,9.95,12.73,53.75,0.0
garowe,2025060100,8.4,48.48,0.0,27.14,10.1,12.72,56.98,0.0
garowe,2025060101,8.4,48.48,0.0,26.39,9.57,11.96,61.42,0.0
garowe,2025060102,8.4,48.48,9.43,25.81,9.36,11.8,65.7,0.0
garowe,2025060103,8.4,48.48,130.3,26.0,10.29,12.7,66.73,0.0
garowe,2025060104,8.4,48.48,321.88,27.18,11.3,13.54,62.91,0.0
garowe,2025060105,8.4,48.48,549.35,28.78,11.92,14.09,56.86,0.0
garowe,2025060106,8.4,48.48,701.75,30.59,11.86,13.82,50.03,0.0
garowe,2025060107,8.4,48.48,766.67,32.6,11.49,13.15,43.46,0.0
garowe,2025060108,8.4,48.48,857.53,34.04,11.1,12.6,39.07,0.0
garowe,2025060109,8.4,48.48,898.58,34.88,10.57,11.98,36.38,0.0
garowe,2025060110,8.4,48.48,781.47,35.47,10.01,11.29,34.38,0.0
garowe,2025060111,8.4,48.48,686.7,35.64,9.45,10.66,33.47,0.0
garowe,2025060112,8.4,48.48,476.17,35.29,8.88,10.02,33.85,0.0
garowe,2025060113,8.4,48.48,241.8,34.34,8.44,9.68,35.49,0.0
garowe,2025060114,8.4,48.48,50.35,32.88,7.83,9.59,38.49,0.0
garowe,2025060115,8.4,48.48,0.0,31.3,6.6,9.08,42.37,0.0
garowe,2025060116,8.4,48.48,0.0,30.35,5.96,8.44,45.21,0.0
garowe,2025060117,8.4,48.48,0.0,29.71,5.41,7.65,47.58,0.0
garowe,2025060118,8.4,48.48,0.0,29.28,5.01,6.53,49.9,0.0
garowe,2025060119,8.4,48.48,0.0,28.74,4.42,5.52,52.75,0.0
garowe,2025060120,8.4,48.48,0.0,28.23,4.18,5.27,55.05,0.0
garowe,2025060121,8.4,48.48,0.0,27.79,4.33,5.9,56.35,0.0
garowe,2025060122,8.4,48.48,0.0,27.37,4.92,6.95,57.14,0.0
garowe,2025060123,8.4,48.48,0.0,26.96,5.5,7.73,57.68,0.0
garowe,2025060200,8.4,48.48,0.0,26.52,5.92,8.25,58.54,0.0
garowe,2025060201,8.4,48.48,0.0,25.96,6.56,8.83,59.96,0.0
garowe,2025060202,8.4,48.48,9.57,25.33,7.45,9.67,62.0,0.0
garowe,2025060203,8.4,48.48,124.88,25.73,9.73,11.93,60.66,0.0
garowe,2025060204,8.4,48.48,282.52,27.4,11.17,13.21,55.65,0.0
garowe,2025060205,8.4,48.48,477.3,29.59,11.64,13.55,49.61,0.0
garowe,2025060206,8.4,48.48,688.85,31.71,11.39,12.98,43.56,0.0
garowe,2025060207,8.4,48.48,816.15,33.52,10.64,11.95,38.53,0.0
garowe,2025060208,8.4,48.48,951.9,34.91,9.95,11.07,34.79,0.0
garowe,2025060209,8.4,48.48,944.97,35.84,9.3,10.29,32.17,0.0
garowe,2025060210,8.4,48.48,821.4,36.19,8.55,9.46,30.67,0.0
garowe,2025060211,8.4,48.48,689.4,35.99,7.76,8.64,30.18,0.0
garowe,2025060212,8.4,48.48,478.85,35.55,7.12,8.0,30.28,0.0
garowe,2025060213,8.4,48.48,244.02,34.91,6.75,7.76,30.97,0.0
garowe,2025060214,8.4,48.48,50.85,33.8,6.21,8.01,32.87,0.0
garowe,2025060215,8.4,48.48,0.0,32.21,5.91,8.77,36.3,0.0
garowe,2025060216,8.4,48.48,0.0,31.38,6.68,9.24,38.46,0.0
garowe,2025060217,8.4,48.48,0.0,30.52,6.7,9.1,40.66,0.0
garowe,2025060218,8.4,48.48,0.0,29.71,6.43,8.87,42.81,0.0
garowe,2025060219,8.4,48.48,0.0,29.08,6.37,8.7,44.5,0.0
garowe,2025060220,8.4,48.48,0.0,28.48,6.41,8.63,46.05,0.0
garowe,2025060221,8.4,48.48,0.0,27.81,6.6,8.82,47.57,0.0
garowe,2025060222,8.4,48.48,0.0,27.08,6.85,9.1,49.2,0.0
garowe,2025060223,8.4,48.48,0.0,26.29,6.97,9.29,51.42,0.0
garowe,2025060300,8.4,48.48,0.0,25.49,7.06,9.43,54.73,0.0
garowe,2025060301,8.4,48.48,0.0,24.86,7.29,9.7,58.97,0.0
garowe,2025060302,8.4,48.48,10.48,24.38,7.71,9.95,63.01,0.0
garowe,2025060303,8.4,48.48,155.2,25.01,9.6,11.91,63.01,0.0
garowe,2025060304,8.4,48.48,374.95,26.92,10.94,12.97,57.24,0.0
garowe,2025060305,8.4,48.48,597.97,29.42,11.26,13.09,48.91,0.0
garowe,2025060306,8.4,48.48,782.3,31.9,11.07,12.64,41.58,0.0
garowe,2025060307,8.4,48.48,906.62,33.98,10.59,11.96,36.28,0.0
garowe,2025060308,8.4,48.48,959.17,35.6,10.05,11.25,32.38,0.0
garowe,2025060309,8.4,48.48,940.08,36.7,9.56,10.64,29.7,0.0
garowe,2025060310,8.4,48.48,830.53,37.3,9.19,10.24,27.95,0.0
garowe,2025060311,8.4,48.48,666.92,37.43,8.86,9.89,27.08,0.0
garowe,2025060312,8.4,48.48,464.45,37.03,8.51,9.57,27.07,0.0
garowe,2025060313,8.4,48.48,240.0,36.13,8.22,9.45,27.98,0.0
garowe,2025060314,8.4,48.48,50.95,34.61,7.34,9.38,30.28,0.0
garowe,2025060315,8.4,48.48,0.0,32.7,6.21,9.43,33.96,0.0
garowe,2025060316,8.4,48.48,0.0,31.75,6.56,9.59,36.28,0.0
garowe,2025060317,8.4,48.48,0.0,30.73,6.19,9.08,38.96,0.0
garowe,2025060318,8.4,48.48,0.0,29.86,6.06,8.88,41.47,0.0
garowe,2025060319,8.4,48.48,0.0,29.06,6.11,8.81,43.96,0.0
garowe,2025060320,8.4,48.48,0.0,28.41,6.23,8.66,45.98,0.0
garowe,2025060321,8.4,48.48,0.0,27.81,6.11,8.37,47.67,0.0
garowe,2025060322,8.4,48.48,0.0,27.26,6.24,8.47,48.77,0.0
garowe,2025060323,8.4,48.48,0.0,26.75,6.6,8.79,49.74,0.0
garowe,2025060400,8.4,48.48,0.0,26.21,7.1,9.49,51.95,0.0
garowe,2025060401,8.4,48.48,0.0,25.57,8.18,10.62,57.53,0.0
garowe,2025060402,8.4,48.48,10.62,25.01,8.18,10.53,62.9,0.0
garowe,2025060403,8.4,48.48,158.25,25.64,9.99,12.4,63.84,0.0
garowe,2025060404,8.4,48.48,382.38,27.48,11.32,13.51,58.46,0.0
garowe,2025060405,8.4,48.48,607.83,29.9,11.71,13.68,49.89,0.0
garowe,2025060406,8.4,48.48,773.47,32.21,11.31,12.98,42.5,0.0
garowe,2025060407,8.4,48.48,878.28,34.23,10.62,12.06,36.83,0.0
garowe,2025060408,8.4,48.48,908.95,35.83,9.92,11.16,32.73,0.0
garowe,2025060409,8.4,48.48,818.6,36.94,9.17,10.28,29.83,0.0
garowe,2025060410,8.4,48.48,785.03,37.47,8.53,9.54,27.88,0.0
garowe,2025060411,8.4,48.48,660.08,37.4,8.0,8.98,26.91,0.0
garowe,2025060412,8.4,48.48,460.6,36.85,7.49,8.49,26.8,0.0
garowe,2025060413,8.4,48.48,230.75,36.0,7.04,8.21,27.4,0.0
garowe,2025060414,8.4,48.48,48.9,34.71,5.92,8.08,29.05,0.0
garowe,2025060415,8.4,48.48,0.0,32.76,5.17,8.74,32.41,0.0
garowe,2025060416,8.4,48.48,0.0,32.05,6.07,9.29,33.86,0.0
garowe,2025060417,8.4,48.48,0.0,31.2,6.42,9.41,35.75,0.0
garowe,2025060418,8.4,48.48,0.0,30.37,6.64,9.54,37.85,0.0
garowe,2025060419,8.4,48.48,0.0,29.57,6.73,9.51,40.48,0.0
garowe,2025060420,8.4,48.48,0.0,28.86,6.73,9.46,43.84,0.0
garowe,2025060421,8.4,48.48,0.0,28.18,6.79,9.55,48.43,0.0
garowe,2025060422,8.4,48.48,0.0,27.48,7.1,9.84,53.94,0.0
garowe,2025060423,8.4,48.48,0.0,26.8,7.2,9.81,59.2,0.0
garowe,2025060500,8.4,48.48,0.0,26.19,7.23,9.77,63.74,0.0
garowe,2025060501,8.4,48.48,0.0,25.62,7.34,9.82,67.79,0.0
garowe,2025060502,8.4,48.48,10.02,25.18,7.44,9.77,70.95,0.0
garowe,2025060503,8.4,48.48,148.52,26.07,9.15,11.38,68.14,0.0
garowe,2025060504,8.4,48.48,366.17,28.31,10.74,12.76,59.0,0.0
garowe,2025060505,8.4,48.48,588.7,30.81,10.9,12.67,48.92,0.0
garowe,2025060506,8.4,48.48,776.1,33.18,10.41,11.88,40.74,0.0
garowe,2025060507,8.4,48.48,898.9,35.11,9.52,10.74,34.97,0.0
garowe,2025060508,8.4,48.48,972.83,36.67,8.8,9.84,30.8,0.0
garowe,2025060509,8.4,48.48,937.58,37.81,8.12,9.02,27.68,0.0
garowe,2025060510,8.4,48.48,848.38,38.46,7.42,8.23,25.57,0.0
garowe,2025060511,8.4,48.48,699.38,38.61,6.81,7.54,24.36,0.0
garowe,2025060512,8.4,48.48,488.25,38.03,6.46,7.22,24.31,0.0
garowe,2025060513,8.4,48.48,252.7,36.97,6.19,7.15,25.15,0.0
garowe,2025060514,8.4,48.48,55.05,35.54,5.01,7.21,27.01,0.0
garowe,2025060515,8.4,48.48,0.0,33.77,4.8,8.34,30.04,0.0
garowe,2025060516,8.4,48.48,0.0,33.29,6.46,9.47,31.0,0.0
garowe,2025060517,8.4,48.48,0.0,32.63,7.57,10.31,32.41,0.0
garowe,2025060518,8.4,48.48,0.0,31.79,7.2,9.76,34.28,0.0
garowe,2025060519,8.4,48.48,0.0,30.95,6.22,8.74,36.68,0.0
garowe,2025060520,8.4,48.48,0.0,30.09,5.92,8.23,40.28,0.0
garowe,2025060521,8.4,48.48,0.0,29.25,6.46,8.67,45.17,0.0
garowe,2025060522,8.4,48.48,0.0,28.48,7.27,9.39,50.71,0.0
garowe,2025060523,8.4,48.48,0.0,27.74,8.64,10.94,57.27,0.0
garowe,2025060600,8.4,48.48,0.0,27.09,8.97,11.17,62.77,0.0
garowe,2025060601,8.4,48.48,0.0,26.6,8.79,10.96,66.62,0.0
garowe,2025060602,8.4,48.48,10.27,26.24,8.73,10.94,69.06,0.0
garowe,2025060603,8.4,48.48,149.25,26.53,9.73,11.98,68.0,0.0
garowe,2025060604,8.4,48.48,361.23,27.61,10.96,13.15,62.74,0.0
garowe,2025060605,8.4,48.48,580.08,29.39,11.37,13.35,54.53,0.0
garowe,2025060606,8.4,48.48,761.5,31.27,10.99,12.64,47.08,0.0
garowe,2025060607,8.4,48.48,880.97,32.97,10.01,11.35,41.4,0.0
garowe,2025060608,8.4,48.48,945.3,34.3,8.98,10.07,37.4,0.0
garowe,2025060609,8.4,48.48,888.53,35.15,8.16,9.09,34.8,0.0
garowe,2025060610,8.4,48.48,808.55,35.64,7.56,8.42,32.98,0.0
garowe,2025060611,8.4,48.48,640.08,35.84,7.11,7.93,31.83,0.0
garowe,2025060612,8.4,48.48,431.2,35.7,6.78,7.61,31.42,0.0
garowe,2025060613,8.4,48.48,232.73,35.07,6.5,7.42,31.97,0.0
garowe,2025060614,8.4,48.48,52.2,33.92,5.7,7.48,33.64,0.0
garowe,2025060615,8.4,48.48,0.0,32.37,5.12,8.22,36.49,0.0
garowe,2025060616,8.4,48.48,0.0,31.81,6.25,9.09,37.53,0.0
garowe,2025060617,8.4,48.48,0.0,31.08,6.71,9.45,39.01,0.0
garowe,2025060618,8.4,48.48,0.0,30.39,6.7,9.35,40.28,0.0
garowe,2025060619,8.4,48.48,0.0,29.8,6.4,8.76,41.1,0.0
garowe,2025060620,8.4,48.48,0.0,29.2,6.23,8.11,42.13,0.0
garowe,2025060621,8.4,48.48,0.0,28.49,6.28,8.08,44.4,0.0
garowe,2025060622,8.4,48.48,0.0,27.71,8.06,10.27,49.63,0.0
garowe,2025060623,8.4,48.48,0.0,27.0,9.06,11.47,56.06,0.0
garowe,2025060700,8.4,48.48,0.0,26.4,9.07,11.33,61.72,0.0
garowe,2025060701,8.4,48.48,0.0,25.79,8.94,11.28,66.4,0.0
garowe,2025060702,8.4,48.48,9.75,25.25,8.89,11.2,70.17,0.0
garowe,2025060703,8.4,48.48,142.15,25.82,9.85,11.94,68.32,0.0
garowe,2025060704,8.4,48.48,333.88,27.56,10.78,12.71,60.38,0.0
garowe,2025060705,8.4,48.48,538.9,29.84,11.06,12.79,50.84,0.0
garowe,2025060706,8.4,48.48,772.38,32.04,10.62,12.06,43.2,0.0
garowe,2025060707,8.4,48.48,886.12,33.81,9.76,10.91,38.0,0.0
garowe,2025060708,8.4,48.48,946.8,35.25,8.82,9.74,34.05,0.0
garowe,2025060709,8.4,48.48,942.55,36.31,8.03,8.8,31.11,0.0
garowe,2025060710,8.4,48.48,833.42,36.92,7.4,8.08,29.07,0.0
garowe,2025060711,8.4,48.48,693.38,37.02,6.84,7.46,27.98,0.0
garowe,2025060712,8.4,48.48,478.05,36.7,6.34,6.93,27.67,0.0
garowe,2025060713,8.4,48.48,248.45,35.92,5.95,6.62,28.17,0.0
garowe,2025060714,8.4,48.48,54.38,34.61,5.39,6.83,29.85,0.0
garowe,2025060715,8.4,48.48,0.0,32.98,4.9,7.84,32.74,0.0
garowe,2025060716,8.4,48.48,0.0,32.24,6.4,9.09,34.28,0.0
garowe,2025060717,8.4,48.48,0.0,31.28,7.4,9.96,36.38,0.0
garowe,2025060718,8.4,48.48,0.0,30.38,7.73,10.06,38.21,0.0
garowe,2025060719,8.4,48.48,0.0,29.56,6.96,8.91,39.48,0.0
garowe,2025060720,8.4,48.48,0.0,28.78,5.82,7.48,40.57,0.0
garowe,2025060721,8.4,48.48,0.0,28.27,5.35,6.76,41.03,0.0
garowe,2025060722,8.4,48.48,0.0,27.81,5.19,6.62,41.5,0.0
garowe,2025060723,8.4,48.48,0.0,27.34,5.49,7.06,42.24,0.0
garowe,2025060800,8.4,48.48,0.0,26.83,6.26,8.16,43.88,0.0
garowe,2025060801,8.4,48.48,0.0,26.16,8.1,10.3,50.34,0.0
garowe,2025060802,8.4,48.48,10.15,25.48,8.13,10.3,57.54,0.0
garowe,2025060803,8.4,48.48,160.65,26.14,9.66,11.85,59.91,0.0
garowe,2025060804,8.4,48.48,387.42,28.2,10.97,13.0,54.66,0.0
garowe,2025060805,8.4,48.48,615.78,30.64,11.19,12.97,45.5,0.0
garowe,2025060806,8.4,48.48,799.62,32.88,10.66,12.11,38.05,0.0
garowe,2025060807,8.4,48.48,919.9,34.76,9.79,10.97,33.02,0.0
garowe,2025060808,8.4,48.48,970.08,36.25,8.92,9.92,29.64,0.0
garowe,2025060809,8.4,48.48,950.28,37.29,8.08,8.91,27.31,0.0
garowe,2025060810,8.4,48.48,826.5,37.9,7.25,7.95,25.68,0.0
garowe,2025060811,8.4,48.48,684.85,38.04,6.54,7.15,24.76,0.0
garowe,2025060812,8.4,48.48,443.7,37.7,5.93,6.51,24.59,0.0
garowe,2025060813,8.4,48.48,234.77,36.89,5.44,6.04,25.24,0.0
garowe,2025060814,8.4,48.48,54.12,35.33,4.33,5.99,27.35,0.0
garowe,2025060815,8.4,48.48,0.0,33.47,3.84,7.09,30.55,0.0
garowe,2025060816,8.4,48.48,0.0,32.96,5.22,8.24,31.48,0.0
garowe,2025060817,8.4,48.48,0.0,32.16,6.22,8.94,33.04,0.0
garowe,2025060818,8.4,48.48,0.0,31.34,6.9,9.4,34.76,0.0
garowe,2025060819,8.4,48.48,0.0,30.65,7.39,9.68,36.26,0.0
garowe,2025060820,8.4,48.48,0.0,30.02,7.67,9.87,37.79,0.0
garowe,2025060821,8.4,48.48,0.0,29.48,7.86,9.87,39.66,0.0
garowe,2025060822,8.4,48.48,0.0,28.85,6.78,8.44,42.56,0.0
garowe,2025060823,8.4,48.48,0.0,28.26,6.23,8.01,46.53,0.0
garowe,2025060900,8.4,48.48,0.0,27.71,7.77,10.05,52.81,0.0
garowe,2025060901,8.4,48.48,0.0,26.97,8.66,10.98,60.26,0.0
garowe,2025060902,8.4,48.48,10.05,26.27,8.52,10.72,66.97,0.0
garowe,2025060903,8.4,48.48,156.62,26.77,9.56,11.65,67.77,0.0
garowe,2025060904,8.4,48.48,381.5,28.59,10.57,12.47,60.51,0.0
garowe,2025060905,8.4,48.48,605.78,30.85,11.06,12.79,50.54,0.0
garowe,2025060906,8.4,48.48,789.05,33.04,10.86,12.36,42.27,0.0
garowe,2025060907,8.4,48.48,912.08,34.92,10.23,11.48,36.39,0.0
garowe,2025060908,8.4,48.48,958.42,36.39,9.62,10.71,32.54,0.0
garowe,2025060909,8.4,48.48,929.3,37.34,9.04,9.99,30.18,0.0
garowe,2025060910,8.4,48.48,787.85,37.8,8.42,9.27,28.88,0.0
garowe,2025060911,8.4,48.48,655.65,37.77,7.84,8.62,28.4,0.0
garowe,2025060912,8.4,48.48,429.92,37.22,7.31,8.08,28.76,0.0
garowe,2025060913,8.4,48.48,221.88,36.26,7.03,7.95,29.97,0.0
garowe,2025060914,8.4,48.48,51.25,34.9,6.66,8.24,32.48,0.0
garowe,2025060915,8.4,48.48,0.0,33.53,6.39,8.77,35.57,0.0
garowe,2025060916,8.4,48.48,0.0,32.58,6.95,9.2,38.06,0.0
garowe,2025060917,8.4,48.48,0.0,31.49,7.21,9.48,41.29,0.0
garowe,2025060918,8.4,48.48,0.0,30.5,7.42,9.69,44.62,0.0
garowe,2025060919,8.4,48.48,0.0,29.54,7.46,9.74,48.28,0.0
garowe,2025060920,8.4,48.48,0.0,28.65,7.37,9.57,52.07,0.0
garowe,2025060921,8.4,48.48,0.0,27.83,7.35,9.49,56.19,0.0
garowe,2025060922,8.4,48.48,0.0,27.15,8.83,11.53,60.95,0.0
garowe,2025060923,8.4,48.48,0.0,26.54,9.3,11.81,65.59,0.0
garowe,2025061000,8.4,48.48,0.0,25.98,9.39,11.93,69.86,0.0
garowe,2025061001,8.4,48.48,0.0,25.47,9.52,11.99,73.74,0.0
garowe,2025061002,8.4,48.48,9.68,25.1,9.24,11.56,76.61,0.0
garowe,2025061003,8.4,48.48,148.0,25.78,9.71,11.8,73.96,0.0
garowe,2025061004,8.4,48.48,364.73,27.76,10.62,12.57,64.57,0.0
garowe,2025061005,8.4,48.48,586.58,30.13,11.09,12.89,54.12,0.0
garowe,2025061006,8.4,48.48,772.1,32.33,10.92,12.47,46.01,0.0
garowe,2025061007,8.4,48.48,897.5,34.2,10.37,11.7,40.14,0.0
garowe,2025061008,8.4,48.48,980.58,35.64,9.71,10.86,35.79,0.0
garowe,2025061009,8.4,48.48,935.28,36.77,9.17,10.2,32.29,0.0
garowe,2025061010,8.4,48.48,869.33,37.41,8.76,9.73,29.82,0.0
garowe,2025061011,8.4,48.48,709.85,37.51,8.36,9.31,28.35,0.0
garowe,2025061012,8.4,48.48,491.83,37.02,7.96,8.97,28.07,0.0
garowe,2025061013,8.4,48.48,258.48,36.15,7.64,8.82,28.74,0.0
garowe,2025061014,8.4,48.48,58.22,34.88,7.03,8.99,30.75,0.0
garowe,2025061015,8.4,48.48,0.0,33.21,6.8,9.66,34.48,0.0
garowe,2025061016,8.4,48.48,0.0,32.11,7.56,10.15,37.86,0.0
garowe,2025061017,8.4,48.48,0.0,31.06,8.1,10.59,41.31,0.0
garowe,2025061018,8.4,48.48,0.0,30.09,8.22,10.64,44.66,0.0
garowe,2025061019,8.4,48.48,0.0,29.19,8.02,10.35,47.99,0.0
garowe,2025061020,8.4,48.48,0.0,28.4,8.24,10.56,51.7,0.0
garowe,2025061021,8.4,48.48,0.0,27.69,8.69,10.82,56.61,0.0
garowe,2025061022,8.4,48.48,0.0,26.72,9.61,12.05,64.71,0.0
garowe,2025061023,8.4,48.48,0.0,25.8,9.81,12.26,72.73,0.0
garowe,2025061100,8.4,48.48,0.0,25.17,9.93,12.4,77.76,0.0
garowe,2025061101,8.4,48.48,0.0,24.85,9.75,12.21,78.93,0.0
garowe,2025061102,8.4,48.48,9.43,24.63,9.69,12.16,79.15,0.0
garowe,2025061103,8.4,48.48,140.48,25.31,10.75,13.17,74.67,0.0
garowe,2025061104,8.4,48.48,313.98,27.05,11.85,14.1,65.18,0.0
garowe,2025061105,8.4,48.48,487.27,29.16,12.5,14.63,55.42,0.0
garowe,2025061106,8.4,48.48,713.85,31.24,12.67,14.62,47.09,0.0
garowe,2025061107,8.4,48.48,819.28,33.04,12.43,14.23,40.87,0.0
garowe,2025061108,8.4,48.48,904.22,34.47,12.09,13.76,36.43,0.0
garowe,2025061109,8.4,48.48,907.0,35.6,11.6,13.15,33.0,0.0
garowe,2025061110,8.4,48.48,852.45,36.34,11.04,12.5,30.36,0.0
garowe,2025061111,8.4,48.48,702.58,36.55,10.57,11.99,28.62,0.0
garowe,2025061112,8.4,48.48,490.4,36.19,10.2,11.66,27.73,0.0
garowe,2025061113,8.4,48.48,261.45,35.27,9.92,11.56,27.7,0.0
garowe,2025061114,8.4,48.48,60.62,33.82,9.19,11.4,28.6,0.0
garowe,2025061115,8.4,48.48,0.0,32.2,8.34,11.22,29.93,0.0
garowe,2025061116,8.4,48.48,0.0,31.05,8.78,11.57,30.86,0.0
garowe,2025061117,8.4,48.48,0.0,29.74,8.07,10.56,32.81,0.0
garowe,2025061118,8.4,48.48,0.0,28.67,7.38,9.79,35.02,0.0
garowe,2025061119,8.4,48.48,0.0,27.93,7.1,9.39,37.16,0.0
garowe,2025061120,8.4,48.48,0.0,27.29,6.73,8.82,39.73,0.0
garowe,2025061121,8.4,48.48,0.0,26.83,7.31,9.85,44.14,0.0
garowe,2025061122,8.4,48.48,0.0,26.31,8.69,11.3,52.68,0.0
garowe,2025061123,8.4,48.48,0.0,25.57,9.1,11.89,61.25,0.0
garowe,2025061200,8.4,48.48,0.0,24.87,9.49,12.06,68.85,0.0
garowe,2025061201,8.4,48.48,0.0,24.28,8.56,10.78,74.45,0.0
garowe,2025061202,8.4,48.48,10.0,23.96,8.11,10.21,78.12,0.0
garowe,2025061203,8.4,48.48,157.02,24.84,9.5,11.66,75.07,0.0
garowe,2025061204,8.4,48.48,380.2,26.88,11.13,13.23,64.89,0.0
garowe,2025061205,8.4,48.48,603.25,29.23,12.02,14.07,53.7,0.0
garowe,2025061206,8.4,48.48,784.15,31.26,12.35,14.28,45.79,0.0
garowe,2025061207,8.4,48.48,903.35,32.86,12.25,14.05,40.69,0.0
garowe,2025061208,8.4,48.48,923.53,34.12,11.91,13.59,36.97,0.0
garowe,2025061209,8.4,48.48,865.4,35.2,11.39,12.96,33.46,0.0
garowe,2025061210,8.4,48.48,787.33,35.89,10.79,12.28,30.85,0.0
garowe,2025061211,8.4,48.48,588.12,36.16,10.29,11.74,29.45,0.0
garowe,2025061212,8.4,48.48,347.3,35.74,9.89,11.37,29.71,0.0
garowe,2025061213,8.4,48.48,193.4,34.94,9.4,10.99,31.11,0.0
garowe,2025061214,8.4,48.48,49.2,33.61,8.8,10.88,33.86,0.0
garowe,2025061215,8.4,48.48,0.0,32.18,8.24,10.95,37.63,0.0
garowe,2025061216,8.4,48.48,0.0,31.19,8.83,11.57,41.42,0.0
garowe,2025061217,8.4,48.48,0.0,30.25,9.38,12.07,45.49,0.0
garowe,2025061218,8.4,48.48,0.0,29.42,9.73,12.42,49.05,0.0
garowe,2025061219,8.4,48.48,0.0,28.61,9.99,12.62,52.75,0.0
garowe,2025061220,8.4,48.48,0.0,27.78,9.98,12.44,57.41,0.0
garowe,2025061221,8.4,48.48,0.0,26.91,9.72,12.0,63.54,0.0
garowe,2025061222,8.4,48.48,0.0,26.09,9.39,11.56,70.01,0.0
garowe,2025061223,8.4,48.48,0.0,25.43,9.25,11.39,74.41,0.0
garowe,2025061300,8.4,48.48,0.0,25.01,9.39,11.6,76.28,0.0
garowe,2025061301,8.4,48.48,0.0,24.62,9.83,12.22,77.29,0.0
garowe,2025061302,8.4,48.48,7.88,24.3,10.42,12.98,77.35,0.0
garowe,2025061303,8.4,48.48,119.95,24.99,11.73,14.3,71.61,0.0
garowe,2025061304,8.4,48.48,273.95,26.61,13.27,15.8,61.48,0.0
garowe,2025061305,8.4,48.48,434.48,28.31,14.0,16.4,53.79,0.0
garowe,2025061306,8.4,48.48,545.15,29.93,14.04,16.25,47.9,0.0
garowe,2025061307,8.4,48.48,634.25,31.33,13.61,15.61,43.7,0.0
garowe,2025061308,8.4,48.48,736.6,32.42,12.98,14.77,41.06,0.0
garowe,2025061309,8.4,48.48,785.92,33.25,12.13,13.71,39.12,0.0
garowe,2025061310,8.4,48.48,654.92,33.82,11.19,12.62,37.61,0.0
garowe,2025061311,8.4,48.48,643.12,34.09,10.6,12.0,36.69,0.0
garowe,2025061312,8.4,48.48,453.35,33.81,10.23,11.7,37.0,0.0
garowe,2025061313,8.4,48.48,217.8,32.94,10.17,11.86,39.03,0.0
garowe,2025061314,8.4,48.48,53.53,31.54,10.2,12.36,42.85,0.0
garowe,2025061315,8.4,48.48,0.0,30.2,10.13,12.71,46.89,0.0
garowe,2025061316,8.4,48.48,0.0,29.21,10.13,12.76,49.87,0.0
garowe,2025061317,8.4,48.48,0.0,28.31,9.82,12.48,51.98,0.0
garowe,2025061318,8.4,48.48,0.0,27.59,9.77,12.64,53.08,0.0
garowe,2025061319,8.4,48.48,0.0,26.92,10.28,13.34,53.97,0.0
garowe,2025061320,8.4,48.48,0.0,26.17,10.47,13.33,55.55,0.0
garowe,2025061321,8.4,48.48,0.0,25.3,9.74,12.42,59.01,0.0
garowe,2025061322,8.4,48.48,0.0,24.56,9.73,12.49,63.36,0.0
garowe,2025061323,8.4,48.48,0.0,23.94,9.78,12.52,68.04,0.0
garowe,2025061400,8.4,48.48,0.0,23.39,9.69,12.4,72.72,0.0
garowe,2025061401,8.4,48.48,0.0,22.89,9.9,12.68,77.1,0.0
garowe,2025061402,8.4,48.48,9.1,22.54,10.24,12.94,79.51,0.0
garowe,2025061403,8.4,48.48,139.48,23.28,11.22,13.76,74.32,0.0
garowe,2025061404,8.4,48.48,337.42,25.21,12.36,14.85,60.17,0.0
garowe,2025061405,8.4,48.48,556.05,27.45,13.3,15.79,43.52,0.0
garowe,2025061406,8.4,48.48,721.4,29.12,13.57,15.89,35.09,0.0
garowe,2025061407,8.4,48.48,795.0,30.06,12.96,15.01,34.13,0.0
garowe,2025061408,8.4,48.48,893.5,30.85,12.32,14.17,34.87,0.0
garowe,2025061409,8.4,48.48,909.38,31.88,12.0,13.71,34.36,0.0
garowe,2025061410,8.4,48.48,776.2,32.99,11.85,13.49,32.88,0.0
garowe,2025061411,8.4,48.48,655.33,33.48,11.54,13.18,31.87,0.0
garowe,2025061412,8.4,48.48,465.3,33.55,11.19,12.91,30.92,0.0
garowe,2025061413,8.4,48.48,243.18,32.9,10.77,12.7,30.74,0.0
garowe,2025061414,8.4,48.48,56.25,31.71,9.86,12.3,31.54,0.0
garowe,2025061415,8.4,48.48,0.0,30.4,8.72,11.73,33.17,0.0
garowe,2025061416,8.4,48.48,0.0,29.36,8.46,11.32,35.46,0.0
garowe,2025061417,8.4,48.48,0.0,28.2,8.01,10.82,39.42,0.0
garowe,2025061418,8.4,48.48,0.0,27.25,8.32,11.06,43.73,0.0
garowe,2025061419,8.4,48.48,0.0,26.39,8.92,11.56,47.85,0.0
garowe,2025061420,8.4,48.48,0.0,25.61,9.43,11.98,51.9,0.0
garowe,2025061421,8.4,48.48,0.0,24.83,9.41,11.92,57.43,0.0
garowe,2025061422,8.4,48.48,0.0,24.15,9.32,11.76,63.86,0.0
garowe,2025061423,8.4,48.48,0.0,23.56,9.31,11.68,69.59,0.0
garowe,2025061500,8.4,48.48,0.0,23.04,9.04,11.36,74.13,0.0
garowe,2025061501,8.4,48.48,0.0,22.61,9.1,11.55,77.55,0.0
garowe,2025061502,8.4,48.48,8.55,22.4,9.52,12.07,79.32,0.0
garowe,2025061503,8.4,48.48,129.18,23.22,11.21,13.89,75.2,0.0
garowe,2025061504,8.4,48.48,290.3,25.0,12.99,15.64,64.65,0.0
garowe,2025061505,8.4,48.48,452.25,27.06,14.1,16.78,53.1,0.0
garowe,2025061506,8.4,48.48,555.35,29.08,14.62,17.2,43.77,0.0
garowe,2025061507,8.4,48.48,617.47,30.79,14.56,16.96,37.98,0.0
garowe,2025061508,8.4,48.48,669.65,32.13,14.13,16.35,34.54,0.0
garowe,2025061509,8.4,48.48,674.9,33.17,13.57,15.62,32.23,0.0
garowe,2025061510,8.4,48.48,572.47,33.78,13.05,15.01,30.86,0.0
garowe,2025061511,8.4,48.48,538.97,33.97,12.56,14.48,30.31,0.0
garowe,2025061512,8.4,48.48,422.48,33.56,12.01,13.97,30.82,0.0
garowe,2025061513,8.4,48.48,219.75,32.51,11.31,13.48,32.6,0.0
garowe,2025061514,8.4,48.48,51.47,31.34,10.11,12.67,34.71,0.0
garowe,2025061515,8.4,48.48,0.0,30.31,8.76,11.62,36.77,0.0
garowe,2025061516,8.4,48.48,0.0,29.59,8.26,11.08,38.46,0.0
garowe,2025061517,8.4,48.48,0.0,28.82,7.55,10.34,40.65,0.0
garowe,2025061518,8.4,48.48,0.0,28.03,7.57,10.33,43.7,0.0
garowe,2025061519,8.4,48.48,0.0,27.24,8.09,10.83,47.89,0.0
garowe,2025061520,8.4,48.48,0.0,26.41,8.9,11.64,53.6,0.0
garowe,2025061521,8.4,48.48,0.0,25.5,10.17,13.11,60.41,0.0
garowe,2025061522,8.4,48.48,0.0,24.7,10.97,13.93,66.14,0.0
garowe,2025061523,8.4,48.48,0.0,24.13,11.09,14.01,69.34,0.0
garowe,2025061600,8.4,48.48,0.0,23.69,11.08,13.95,71.28,0.0
garowe,2025061601,8.4,48.48,0.0,23.31,10.59,13.23,72.86,0.0
garowe,2025061602,8.4,48.48,9.0,23.06,10.59,13.38,73.62,0.0
garowe,2025061603,8.4,48.48,144.32,23.69,11.13,13.71,69.16,0.0
garowe,2025061604,8.4,48.48,350.27,25.22,12.18,14.8,58.47,0.0
garowe,2025061605,8.4,48.48,552.83,27.34,13.53,16.29,45.4,0.0
garowe,2025061606,8.4,48.48,752.25,29.51,14.28,16.94,36.78,0.0
garowe,2025061607,8.4,48.48,876.45,31.4,14.06,16.43,32.6,0.0
garowe,2025061608,8.4,48.48,953.12,33.06,13.41,15.45,30.06,0.0
garowe,2025061609,8.4,48.48,927.78,34.11,12.77,14.65,28.6,0.0
garowe,2025061610,8.4,48.48,835.3,34.43,12.22,14.06,28.2,0.0
garowe,2025061611,8.4,48.48,688.7,34.28,11.71,13.55,28.45,0.0
garowe,2025061612,8.4,48.48,481.27,33.84,11.21,13.13,29.2,0.0
garowe,2025061613,8.4,48.48,251.12,33.16,10.79,12.88,30.45,0.0
garowe,2025061614,8.4,48.48,58.42,31.96,9.91,12.52,32.94,0.0
garowe,2025061615,8.4,48.48,0.0,30.44,8.61,11.87,36.38,0.0
garowe,2025061616,8.4,48.48,0.0,29.53,8.15,11.17,38.98,0.0
garowe,2025061617,8.4,48.48,0.0,28.7,7.92,10.84,41.95,0.0
garowe,2025061618,8.4,48.48,0.0,27.96,8.07,10.84,45.54,0.0
garowe,2025061619,8.4,48.48,0.0,27.15,7.74,10.33,50.2,0.0
garowe,2025061620,8.4,48.48,0.0,26.38,8.17,10.69,55.72,0.0
garowe,2025061621,8.4,48.48,0.0,25.59,8.71,11.1,62.18,0.0
garowe,2025061622,8.4,48.48,0.0,24.83,9.03,11.52,68.2,0.0
garowe,2025061623,8.4,48.48,0.0,24.17,9.54,12.03,72.51,0.0
garowe,2025061700,8.4,48.48,0.0,23.56,9.54,12.04,75.87,0.0
garowe,2025061701,8.4,48.48,0.0,23.03,9.61,12.13,78.96,0.0
garowe,2025061702,8.4,48.48,7.57,22.71,9.72,12.28,81.37,0.0
garowe,2025061703,8.4,48.48,113.0,23.57,11.09,13.73,77.13,0.0
garowe,2025061704,8.4,48.48,266.58,25.47,12.81,15.47,67.39,0.0
garowe,2025061705,8.4,48.48,436.48,27.51,13.9,16.52,58.03,0.0
garowe,2025061706,8.4,48.48,593.25,29.34,14.42,16.94,50.47,0.0
garowe,2025061707,8.4,48.48,698.7,30.89,14.21,16.52,44.97,0.0
garowe,2025061708,8.4,48.48,806.17,32.19,13.68,15.8,40.96,0.0
garowe,2025061709,8.4,48.48,804.17,33.18,13.28,15.27,38.0,0.0
garowe,2025061710,8.4,48.48,745.2,33.64,12.99,14.94,36.31,0.0
garowe,2025061711,8.4,48.48,640.5,33.6,12.52,14.48,35.73,0.0
garowe,2025061712,8.4,48.48,453.3,32.95,12.02,14.04,36.77,0.0
garowe,2025061713,8.4,48.48,236.45,31.92,11.59,13.79,39.1,0.0
garowe,2025061714,8.4,48.48,56.15,30.7,10.73,13.19,42.4,0.0
garowe,2025061715,8.4,48.48,0.0,29.62,9.26,11.96,45.75,0.0
garowe,2025061716,8.4,48.48,0.0,28.94,8.25,10.86,48.1,0.0
garowe,2025061717,8.4,48.48,0.0,28.34,7.83,10.44,49.88,0.0
garowe,2025061718,8.4,48.48,0.0,27.79,7.78,10.42,51.15,0.0
garowe,2025061719,8.4,48.48,0.0,27.17,7.88,10.44,52.71,0.0
garowe,2025061720,8.4,48.48,0.0,26.42,8.14,10.85,55.42,0.0
garowe,2025061721,8.4,48.48,0.0,25.73,8.96,11.76,59.75,0.0
garowe,2025061722,8.4,48.48,0.0,25.07,9.25,12.03,65.77,0.0
garowe,2025061723,8.4,48.48,0.0,24.49,9.23,11.84,71.75,0.0
garowe,2025061800,8.4,48.48,0.0,24.08,9.13,11.7,76.27,0.0
garowe,2025061801,8.4,48.48,0.0,23.83,9.02,11.56,79.33,0.0
garowe,2025061802,8.4,48.48,8.4,23.68,8.94,11.43,80.78,0.0
garowe,2025061803,8.4,48.48,131.32,24.59,10.68,13.23,74.93,0.0
garowe,2025061804,8.4,48.48,319.0,26.34,12.57,15.05,63.7,0.0
garowe,2025061805,8.4,48.48,519.1,28.31,13.86,16.37,52.53,0.0
garowe,2025061806,8.4,48.48,703.62,30.02,14.25,16.64,45.12,0.0
garowe,2025061807,8.4,48.48,833.08,31.48,13.8,15.96,40.28,0.0
garowe,2025061808,8.4,48.48,929.45,32.94,13.31,15.23,36.31,0.0
garowe,2025061809,8.4,48.48,920.3,34.05,13.04,14.86,33.58,0.0
garowe,2025061810,8.4,48.48,789.38,34.64,12.83,14.64,32.38,0.0
garowe,2025061811,8.4,48.48,628.62,34.75,12.5,14.3,32.18,0.0
garowe,2025061812,8.4,48.48,454.85,34.08,12.02,13.93,33.47,0.0
garowe,2025061813,8.4,48.48,236.35,32.94,11.53,13.7,36.09,0.0
garowe,2025061814,8.4,48.48,57.8,31.66,10.77,13.31,39.75,0.0
garowe,2025061815,8.4,48.48,0.0,30.37,9.6,12.45,44.04,0.0
garowe,2025061816,8.4,48.48,0.0,29.46,8.57,11.29,47.51,0.0
garowe,2025061817,8.4,48.48,0.0,28.59,7.26,9.8,50.85,0.0
garowe,2025061818,8.4,48.48,0.0,27.85,7.0,9.57,53.71,0.0
garowe,2025061819,8.4,48.48,0.0,27.22,7.29,9.82,56.31,0.0
garowe,2025061820,8.4,48.48,0.0,26.6,7.72,10.27,59.28,0.0
garowe,2025061821,8.4,48.48,0.0,25.93,8.21,10.71,62.98,0.0
garowe,2025061822,8.4,48.48,0.0,25.25,8.6,11.01,67.22,0.0
garowe,2025061823,8.4,48.48,0.0,24.59,8.82,11.07,71.6,0.0
garowe,2025061900,8.4,48.48,0.0,23.97,8.38,10.54,75.93,0.0
garowe,2025061901,8.4,48.48,0.0,23.44,7.92,10.08,79.84,0.0
garowe,2025061902,8.4,48.48,8.62,23.17,8.65,11.1,81.94,0.0
garowe,2025061903,8.4,48.48,143.5,24.07,10.34,12.79,77.73,0.0
garowe,2025061904,8.4,48.48,356.62,26.07,11.83,14.13,67.97,0.0
garowe,2025061905,8.4,48.48,572.45,28.43,12.47,14.6,57.27,0.0
garowe,2025061906,8.4,48.48,714.45,30.54,12.51,14.39,49.16,0.0
garowe,2025061907,8.4,48.48,848.58,32.23,12.17,13.85,43.88,0.0
garowe,2025061908,8.4,48.48,880.38,33.56,11.77,13.3,40.25,0.0
garowe,2025061909,8.4,48.48,868.45,34.64,11.34,12.79,37.2,0.0
garowe,2025061910,8.4,48.48,712.33,35.39,10.86,12.24,34.81,0.0
garowe,2025061911,8.4,48.48,660.78,35.61,10.5,11.89,33.51,0.0
garowe,2025061912,8.4,48.48,446.42,35.29,10.22,11.69,33.43,0.0
garowe,2025061913,8.4,48.48,231.25,34.45,9.93,11.62,34.5,0.0
garowe,2025061914,8.4,48.48,56.22,33.11,9.17,11.42,37.01,0.0
garowe,2025061915,8.4,48.48,0.0,31.61,7.92,10.79,40.41,0.0
garowe,2025061916,8.4,48.48,0.0,30.64,7.58,10.34,42.98,0.0
garowe,2025061917,8.4,48.48,0.0,29.74,7.38,10.08,45.55,0.0
garowe,2025061918,8.4,48.48,0.0,28.9,7.42,10.0,48.13,0.0
garowe,2025061919,8.4,48.48,0.0,28.13,7.62,10.22,50.49,0.0
garowe,2025061920,8.4,48.48,0.0,27.43,7.98,10.59,52.62,0.0
garowe,2025061921,8.4,48.48,0.0,26.75,8.28,10.89,54.9,0.0
garowe,2025061922,8.4,48.48,0.0,26.1,8.68,11.52,57.92,0.0
garowe,2025061923,8.4,48.48,0.0,25.35,9.67,12.49,63.17,0.0
garowe,2025062000,8.4,48.48,0.0,24.59,9.53,12.09,68.6,0.0
garowe,2025062001,8.4,48.48,0.0,24.03,9.29,11.74,72.65,0.0
garowe,2025062002,8.4,48.48,7.82,23.65,8.99,11.37,75.08,0.0
garowe,2025062003,8.4,48.48,121.97,24.31,10.85,13.31,71.61,0.0
garowe,2025062004,8.4,48.48,308.33,26.26,12.13,14.51,61.94,0.0
garowe,2025062005,8.4,48.48,517.55,28.91,13.05,15.4,51.17,0.0
garowe,2025062006,8.4,48.48,657.6,31.34,13.48,15.66,43.22,0.0
garowe,2025062007,8.4,48.48,782.05,33.15,13.3,15.28,38.29,0.0
garowe,2025062008,8.4,48.48,782.15,34.21,12.83,14.69,35.52,0.0
garowe,2025062009,8.4,48.48,800.42,34.79,12.22,14.01,34.11,0.0
garowe,2025062010,8.4,48.48,684.78,35.33,11.57,13.25,32.95,0.0
garowe,2025062011,8.4,48.48,579.4,35.77,11.02,12.62,32.03,0.0
garowe,2025062012,8.4,48.48,372.38,35.62,10.49,12.11,32.18,0.0
garowe,2025062013,8.4,48.48,197.27,34.84,9.97,11.75,33.58,0.0
garowe,2025062014,8.4,48.48,47.17,33.55,8.88,11.21,36.29,0.0
garowe,2025062015,8.4,48.48,0.0,32.02,7.29,10.28,39.95,0.0
garowe,2025062016,8.4,48.48,0.0,30.93,6.05,9.0,42.76,0.0
garowe,2025062017,8.4,48.48,0.0,30.13,6.14,8.96,44.83,0.0
garowe,2025062018,8.4,48.48,0.0,29.43,6.87,9.4,46.21,0.0
garowe,2025062019,8.4,48.48,0.0,28.64,7.36,9.67,47.33,0.0
garowe,2025062020,8.4,48.48,0.0,27.79,7.27,9.59,48.53,0.0
garowe,2025062021,8.4,48.48,0.0,27.04,7.28,9.61,50.44,0.0
garowe,2025062022,8.4,48.48,0.0,26.39,8.3,11.01,55.68,0.0
garowe,2025062023,8.4,48.48,0.0,25.68,9.19,11.64,64.24,0.0
garowe,2025062100,8.4,48.48,0.0,24.99,8.99,11.29,71.91,0.0
garowe,2025062101,8.4,48.48,0.0,24.43,8.74,11.02,77.35,0.0
garowe,2025062102,8.4,48.48,7.75,24.06,8.66,10.94,80.64,0.0
garowe,2025062103,8.4,48.48,125.22,24.92,10.22,12.54,76.6,0.0
garowe,2025062104,8.4,48.48,323.52,26.93,11.74,13.98,65.32,0.0
garowe,2025062105,8.4,48.48,540.6,29.23,12.49,14.62,53.8,0.0
garowe,2025062106,8.4,48.48,727.67,31.32,12.64,14.59,45.65,0.0
garowe,2025062107,8.4,48.48,810.12,33.0,12.32,14.09,40.44,0.0
garowe,2025062108,8.4,48.48,840.97,34.29,11.9,13.52,36.78,0.0
garowe,2025062109,8.4,48.48,743.53,35.21,11.55,13.09,34.17,0.0
garowe,2025062110,8.4,48.48,698.67,35.73,11.25,12.75,32.61,0.0
garowe,2025062111,8.4,48.48,550.1,35.63,10.9,12.43,32.41,0.0
garowe,2025062112,8.4,48.48,356.05,34.82,10.48,12.18,33.69,0.0
garowe,2025062113,8.4,48.48,191.77,33.8,9.91,11.84,35.69,0.0
garowe,2025062114,8.4,48.48,54.2,32.72,8.96,11.26,37.94,0.0
garowe,2025062115,8.4,48.48,0.0,31.62,8.19,10.9,40.34,0.0
garowe,2025062116,8.4,48.48,0.0,30.85,8.32,10.91,41.77,0.0
garowe,2025062117,8.4,48.48,0.0,29.98,8.15,10.61,43.03,0.0
garowe,2025062118,8.4,48.48,0.0,28.99,8.26,10.74,44.4,0.0
garowe,2025062119,8.4,48.48,0.0,27.89,8.08,10.62,46.3,0.0
garowe,2025062120,8.4,48.48,0.0,26.93,7.88,10.35,49.05,0.0
garowe,2025062121,8.4,48.48,0.0,26.15,7.67,10.08,52.93,0.0
garowe,2025062122,8.4,48.48,0.0,25.56,7.68,10.03,57.61,0.0
garowe,2025062123,8.4,48.48,0.0,25.07,7.83,10.09,63.2,0.0
garowe,2025062200,8.4,48.48,0.0,24.56,8.45,10.74,69.43,0.0
garowe,2025062201,8.4,48.48,0.0,23.98,8.73,10.96,74.85,0.0
garowe,2025062202,8.4,48.48,7.75,23.49,8.59,10.9,78.53,0.0
garowe,2025062203,8.4,48.48,131.52,24.1,10.32,12.61,75.5,0.0
garowe,2025062204,8.4,48.48,334.58,25.97,11.51,13.68,64.59,0.0
garowe,2025062205,8.4,48.48,555.53,28.38,12.14,14.28,51.52,0.0
garowe,2025062206,8.4,48.48,742.95,30.42,12.44,14.51,41.81,0.0
garowe,2025062207,8.4,48.48,872.85,32.0,12.4,14.34,36.03,0.0
garowe,2025062208,8.4,48.48,931.3,33.24,12.32,14.14,32.78,0.0
garowe,2025062209,8.4,48.48,917.25,34.0,12.06,13.81,31.01,0.0
garowe,2025062210,8.4,48.48,830.0,34.45,11.68,13.4,29.69,0.0
garowe,2025062211,8.4,48.48,675.35,34.68,11.25,12.94,28.61,0.0
garowe,2025062212,8.4,48.48,464.5,34.55,10.84,12.56,28.18,0.0
garowe,2025062213,8.4,48.48,235.88,33.84,10.17,12.02,28.77,0.0
garowe,2025062214,8.4,48.48,60.3,32.49,8.7,11.19,30.59,0.0
garowe,2025062215,8.4,48.48,0.0,30.82,7.06,10.21,33.3,0.0
garowe,2025062216,8.4,48.48,0.0,29.69,6.32,9.28,35.26,0.0
garowe,2025062217,8.4,48.48,0.0,28.67,6.45,9.32,37.23,0.0
garowe,2025062218,8.4,48.48,0.0,27.69,6.71,9.47,39.77,0.0
garowe,2025062219,8.4,48.48,0.0,26.87,7.11,9.7,43.19,0.0
garowe,2025062220,8.4,48.48,0.0,26.12,7.41,9.85,47.85,0.0
garowe,2025062221,8.4,48.48,0.0,25.37,7.48,9.89,53.31,0.0
garowe,2025062222,8.4,48.48,0.0,24.64,7.58,9.84,58.97,0.0
garowe,2025062223,8.4,48.48,0.0,23.97,7.33,9.41,64.6,0.0
garowe,2025062300,8.4,48.48,0.0,23.39,7.34,9.32,70.02,0.0
garowe,2025062301,8.4,48.48,0.0,22.91,7.31,9.22,74.94,0.0
garowe,2025062302,8.4,48.48,7.62,22.63,7.6,9.68,78.41,0.0
garowe,2025062303,8.4,48.48,131.38,23.47,9.9,12.13,75.39,0.0
garowe,2025062304,8.4,48.48,335.95,25.49,11.15,13.22,65.58,0.0
garowe,2025062305,8.4,48.48,549.3,27.91,11.86,13.83,55.35,0.0
garowe,2025062306,8.4,48.48,732.53,30.24,12.15,14.0,46.67,0.0
garowe,2025062307,8.4,48.48,802.9,32.03,12.07,13.81,40.54,0.0
garowe,2025062308,8.4,48.48,869.8,33.33,12.08,13.72,36.29,0.0
garowe,2025062309,8.4,48.48,876.88,34.25,11.99,13.58,33.21,0.0
garowe,2025062310,8.4,48.48,793.33,34.75,11.75,13.32,31.22,0.0
garowe,2025062311,8.4,48.48,664.08,34.82,11.55,13.16,30.26,0.0
garowe,2025062312,8.4,48.48,439.88,34.45,11.2,12.93,30.16,0.0
garowe,2025062313,8.4,48.48,229.18,33.53,10.67,12.58,31.37,0.0
garowe,2025062314,8.4,48.48,57.85,32.16,9.55,11.94,33.9,0.0
garowe,2025062315,8.4,48.48,0.0,30.9,8.09,10.9,36.78,0.0
garowe,2025062316,8.4,48.48,0.0,30.09,7.29,9.95,39.24,0.0
garowe,2025062317,8.4,48.48,0.0,29.27,6.7,9.23,42.03,0.0
garowe,2025062318,8.4,48.48,0.0,28.45,6.69,9.21,45.03,0.0
garowe,2025062319,8.4,48.48,0.0,27.7,7.06,9.55,47.97,0.0
garowe,2025062320,8.4,48.48,0.0,26.89,7.43,9.83,51.27,0.0
garowe,2025062321,8.4,48.48,0.0,26.1,7.6,10.0,55.15,0.0
garowe,2025062322,8.4,48.48,0.0,25.39,7.54,9.83,59.41,0.0
garowe,2025062323,8.4,48.48,0.0,24.67,7.27,9.52,64.14,0.0
garowe,2025062400,8.4,48.48,0.0,24.03,7.1,9.27,68.93,0.0
garowe,2025062401,8.4,48.48,0.0,23.49,6.89,8.99,73.48,0.0
garowe,2025062402,8.4,48.48,7.75,23.08,6.96,8.93,77.39,0.0
garowe,2025062403,8.4,48.48,136.38,23.9,9.16,11.4,75.17,0.0
garowe,2025062404,8.4,48.48,349.35,25.98,10.67,12.61,64.91,0.0
garowe,2025062405,8.4,48.48,567.0,28.53,11.17,12.98,52.8,0.0
garowe,2025062406,8.4,48.48,748.75,31.0,11.61,13.38,42.45,0.0
garowe,2025062407,8.4,48.48,873.8,33.01,11.86,13.58,34.47,0.0
garowe,2025062408,8.4,48.48,920.0,34.55,11.9,13.57,28.9,0.0
garowe,2025062409,8.4,48.48,904.08,35.6,11.72,13.31,25.48,0.0
garowe,2025062410,8.4,48.48,831.53,36.14,11.5,13.06,23.6,0.0
garowe,2025062411,8.4,48.48,667.78,36.19,11.34,12.96,22.8,0.0
garowe,2025062412,8.4,48.48,469.9,35.65,11.03,12.76,22.88,0.0
garowe,2025062413,8.4,48.48,249.48,34.56,10.49,12.45,23.84,0.0
garowe,2025062414,8.4,48.48,61.53,33.05,9.26,11.84,25.6,0.0
garowe,2025062415,8.4,48.48,0.0,31.28,8.06,11.29,27.99,0.0
garowe,2025062416,8.4,48.48,0.0,30.09,7.63,10.72,29.98,0.0
garowe,2025062417,8.4,48.48,0.0,29.07,7.3,10.37,32.76,0.0
garowe,2025062418,8.4,48.48,0.0,28.32,7.44,10.42,36.32,0.0
garowe,2025062419,8.4,48.48,0.0,27.67,7.54,10.34,40.82,0.0
garowe,2025062420,8.4,48.48,0.0,26.95,7.54,10.16,46.22,0.0
garowe,2025062421,8.4,48.48,0.0,26.24,7.64,10.08,51.92,0.0
garowe,2025062422,8.4,48.48,0.0,25.58,7.65,9.85,57.78,0.0
garowe,2025062423,8.4,48.48,0.0,24.94,7.43,9.56,63.65,0.0
garowe,2025062500,8.4,48.48,0.0,24.4,7.0,8.99,68.73,0.0
garowe,2025062501,8.4,48.48,0.0,23.99,6.65,8.53,72.6,0.0
garowe,2025062502,8.4,48.48,7.88,23.7,6.59,8.47,75.45,0.0
garowe,2025062503,8.4,48.48,143.38,24.23,8.9,11.05,75.02,0.0
garowe,2025062504,8.4,48.48,362.55,25.65,10.41,12.46,69.78,0.0
garowe,2025062505,8.4,48.48,585.25,27.5,11.26,13.26,61.98,0.0
garowe,2025062506,8.4,48.48,743.6,29.32,11.68,13.6,54.16,0.0
garowe,2025062507,8.4,48.48,857.58,31.03,11.63,13.41,47.29,0.0
garowe,2025062508,8.4,48.48,860.58,32.52,11.45,13.08,42.05,0.0
garowe,2025062509,8.4,48.48,798.17,33.4,11.23,12.8,38.9,0.0
garowe,2025062510,8.4,48.48,722.22,33.99,10.91,12.45,36.63,0.0
garowe,2025062511,8.4,48.48,522.33,34.16,10.51,12.05,35.5,0.0
garowe,2025062512,8.4,48.48,405.92,33.99,9.95,11.51,35.26,0.0
garowe,2025062513,8.4,48.48,219.65,33.24,9.37,11.01,36.54,0.0
garowe,2025062514,8.4,48.48,57.53,32.07,8.8,10.86,39.29,0.0
garowe,2025062515,8.4,48.48,0.0,30.68,8.71,11.25,43.51,0.0
garowe,2025062516,8.4,48.48,0.0,29.57,9.33,11.93,47.65,0.0
garowe,2025062517,8.4,48.48,0.0,28.51,9.55,12.17,51.82,0.0
garowe,2025062518,8.4,48.48,0.0,27.69,9.59,12.21,55.47,0.0
garowe,2025062519,8.4,48.48,0.0,27.05,9.79,12.36,58.76,0.0
garowe,2025062520,8.4,48.48,0.0,26.35,9.66,12.11,62.47,0.0
garowe,2025062521,8.4,48.48,0.0,25.71,9.7,12.13,65.97,0.0
garowe,2025062522,8.4,48.48,0.0,25.14,9.12,11.34,69.07,0.0
garowe,2025062523,8.4,48.48,0.0,24.61,8.78,11.12,71.94,0.0
garowe,2025062600,8.4,48.48,0.0,24.18,8.76,11.06,74.15,0.0
garowe,2025062601,8.4,48.48,0.0,23.77,8.77,11.07,75.95,0.0
garowe,2025062602,8.4,48.48,7.45,23.43,8.97,11.26,77.16,0.0
garowe,2025062603,8.4,48.48,139.25,23.95,10.18,12.36,73.92,0.0
garowe,2025062604,8.4,48.48,357.98,25.36,11.45,13.57,66.42,0.0
garowe,2025062605,8.4,48.48,572.35,27.27,12.18,14.19,57.88,0.0
garowe,2025062606,8.4,48.48,725.08,29.26,12.46,14.34,50.24,0.0
garowe,2025062607,8.4,48.48,804.97,31.08,12.48,14.24,43.89,0.0
garowe,2025062608,8.4,48.48,815.8,32.52,12.36,14.07,39.21,0.0
garowe,2025062609,8.4,48.48,773.0,33.52,12.08,13.75,36.13,0.0
garowe,2025062610,8.4,48.48,734.03,34.08,11.62,13.23,34.36,0.0
garowe,2025062611,8.4,48.48,568.12,34.11,11.13,12.73,33.8,0.0
garowe,2025062612,8.4,48.48,405.98,33.69,10.76,12.42,34.18,0.0
garowe,2025062613,8.4,48.48,218.75,32.72,10.34,12.22,35.97,0.0
garowe,2025062614,8.4,48.48,57.17,31.47,9.55,11.88,38.89,0.0
garowe,2025062615,8.4,48.48,0.0,30.29,8.56,11.18,41.95,0.0
garowe,2025062616,8.4,48.48,0.0,29.54,8.1,10.73,43.73,0.0
garowe,2025062617,8.4,48.48,0.0,28.89,7.64,10.11,44.71,0.0
garowe,2025062618,8.4,48.48,0.0,28.35,7.15,9.59,45.17,0.0
garowe,2025062619,8.4,48.48,0.0,27.7,6.48,8.81,46.13,0.0
garowe,2025062620,8.4,48.48,0.0,27.02,6.44,8.72,47.52,0.0
garowe,2025062621,8.4,48.48,0.0,26.29,7.05,9.32,49.5,0.0
garowe,2025062622,8.4,48.48,0.0,25.34,7.87,10.32,53.53,0.0
garowe,2025062623,8.4,48.48,0.0,24.19,9.23,11.8,60.69,0.0
garowe,2025062700,8.4,48.48,0.0,23.25,9.37,11.74,67.37,0.0
garowe,2025062701,8.4,48.48,0.0,22.61,9.1,11.39,72.27,0.0
garowe,2025062702,8.4,48.48,7.2,22.2,9.06,11.34,75.54,0.0
garowe,2025062703,8.4,48.48,130.25,22.87,10.33,12.54,73.3,0.0
garowe,2025062704,8.4,48.48,341.77,24.83,11.47,13.56,64.82,0.0
garowe,2025062705,8.4,48.48,559.03,27.35,11.96,13.92,54.93,0.0
garowe,2025062706,8.4,48.48,741.95,29.69,12.04,13.84,46.89,0.0
garowe,2025062707,8.4,48.48,804.2,31.7,11.73,13.35,41.04,0.0
garowe,2025062708,8.4,48.48,758.35,33.35,11.49,13.01,36.89,0.0
garowe,2025062709,8.4,48.48,679.92,34.55,11.38,12.85,34.17,0.0
garowe,2025062710,8.4,48.48,730.3,35.23,11.17,12.65,32.71,0.0
garowe,2025062711,8.4,48.48,652.28,35.37,10.78,12.28,32.41,0.0
garowe,2025062712,8.4,48.48,457.5,35.1,10.49,12.06,33.0,0.0
garowe,2025062713,8.4,48.48,234.15,34.13,10.29,12.06,35.22,0.0
garowe,2025062714,8.4,48.48,59.58,32.73,9.58,11.82,38.53,0.0
garowe,2025062715,8.4,48.48,0.0,31.4,8.57,11.26,41.84,0.0
garowe,2025062716,8.4,48.48,0.0,30.53,8.43,11.19,44.04,0.0
garowe,2025062717,8.4,48.48,0.0,29.71,8.56,11.4,46.08,0.0
garowe,2025062718,8.4,48.48,0.0,28.88,8.89,11.59,48.29,0.0
garowe,2025062719,8.4,48.48,0.0,27.93,9.4,12.01,51.27,0.0
garowe,2025062720,8.4,48.48,0.0,26.88,9.98,12.57,55.77,0.0
garowe,2025062721,8.4,48.48,0.0,25.77,10.48,13.06,61.11,0.0
garowe,2025062722,8.4,48.48,0.0,24.71,10.97,13.55,66.05,0.0
garowe,2025062723,8.4,48.48,0.0,23.8,10.81,13.29,69.87,0.0
garowe,2025062800,8.4,48.48,0.0,23.16,10.65,13.11,72.13,0.0
garowe,2025062801,8.4,48.48,0.0,22.68,10.56,13.0,73.7,0.0
garowe,2025062802,8.4,48.48,6.38,22.36,10.53,12.99,74.84,0.0
garowe,2025062803,8.4,48.48,107.55,22.92,11.22,13.66,72.22,0.0
garowe,2025062804,8.4,48.48,259.42,24.76,12.34,14.7,63.52,0.0
garowe,2025062805,8.4,48.48,420.65,27.12,13.06,15.33,53.44,0.0
garowe,2025062806,8.4,48.48,563.58,29.32,13.42,15.54,45.29,0.0
garowe,2025062807,8.4,48.48,603.58,31.18,13.34,15.32,39.38,0.0
garowe,2025062808,8.4,48.48,726.3,32.52,13.11,14.99,35.55,0.0
garowe,2025062809,8.4,48.48,776.67,33.48,12.78,14.56,33.07,0.0
garowe,2025062810,8.4,48.48,721.8,34.14,12.41,14.15,31.57,0.0
garowe,2025062811,8.4,48.48,530.15,34.27,12.06,13.83,31.13,0.0
garowe,2025062812,8.4,48.48,376.35,33.96,11.7,13.55,31.49,0.0
garowe,2025062813,8.4,48.48,203.73,33.07,11.17,13.17,33.01,0.0
garowe,2025062814,8.4,48.48,55.67,31.76,10.1,12.5,35.57,0.0
garowe,2025062815,8.4,48.48,0.0,30.54,8.78,11.61,38.19,0.0
garowe,2025062816,8.4,48.48,0.0,29.68,8.44,11.39,40.18,0.0
garowe,2025062817,8.4,48.48,0.0,28.93,8.07,10.91,41.95,0.0
garowe,2025062818,8.4,48.48,0.0,28.24,7.68,10.47,43.44,0.0
garowe,2025062819,8.4,48.48,0.0,27.52,7.14,9.81,45.05,0.0
garowe,2025062820,8.4,48.48,0.0,26.66,7.23,9.91,47.18,0.0
garowe,2025062821,8.4,48.48,0.0,25.77,7.75,10.34,50.26,0.0
garowe,2025062822,8.4,48.48,0.0,24.88,8.03,10.49,55.29,0.0
garowe,2025062823,8.4,48.48,0.0,24.14,8.68,11.33,62.31,0.0
garowe,2025062900,8.4,48.48,0.0,23.5,8.97,11.44,69.31,0.0
garowe,2025062901,8.4,48.48,0.0,22.97,9.14,11.53,74.77,0.0
garowe,2025062902,8.4,48.48,6.43,22.68,9.53,11.99,77.72,0.0
garowe,2025062903,8.4,48.48,118.4,23.37,11.19,13.74,74.37,0.0
garowe,2025062904,8.4,48.48,305.15,25.12,12.59,15.02,64.91,0.0
garowe,2025062905,8.4,48.48,498.17,27.27,13.6,16.01,54.37,0.0
garowe,2025062906,8.4,48.48,642.42,29.31,14.16,16.5,46.18,0.0
garowe,2025062907,8.4,48.48,704.55,31.09,14.21,16.42,40.39,0.0
garowe,2025062908,8.4,48.48,786.4,32.55,13.94,16.05,36.35,0.0
garowe,2025062909,8.4,48.48,767.85,33.62,13.52,15.52,33.68,0.0
garowe,2025062910,8.4,48.48,718.2,34.21,12.92,14.86,32.17,0.0
garowe,2025062911,8.4,48.48,677.12,34.41,12.38,14.31,31.44,0.0
garowe,2025062912,8.4,48.48,476.4,34.05,12.05,14.06,31.78,0.0
garowe,2025062913,8.4,48.48,248.25,33.17,11.53,13.76,33.12,0.0
garowe,2025062914,8.4,48.48,63.45,32.01,10.44,13.08,34.99,0.0
garowe,2025062915,8.4,48.48,0.0,30.83,9.31,12.35,37.3,0.0
garowe,2025062916,8.4,48.48,0.0,30.08,9.19,12.13,39.25,0.0
garowe,2025062917,8.4,48.48,0.0,29.32,9.4,12.33,41.62,0.0
garowe,2025062918,8.4,48.48,0.0,28.58,9.67,12.61,44.12,0.0
garowe,2025062919,8.4,48.48,0.0,27.82,9.93,12.76,46.76,0.0
garowe,2025062920,8.4,48.48,0.0,27.01,10.11,12.94,49.9,0.0
garowe,2025062921,8.4,48.48,0.0,26.04,10.17,12.98,54.11,0.0
garowe,2025062922,8.4,48.48,0.0,25.1,10.36,13.13,59.16,0.0
garowe,2025062923,8.4,48.48,0.0,24.28,10.31,12.89,64.39,0.0
garowe,2025063000,8.4,48.48,0.0,23.65,10.19,12.76,69.01,0.0
garowe,2025063001,8.4,48.48,0.0,23.21,9.88,12.47,72.34,0.0
garowe,2025063002,8.4,48.48,6.53,22.88,9.71,12.27,74.61,0.0
garowe,2025063003,8.4,48.48,119.82,23.57,11.14,13.72,71.26,0.0
garowe,2025063004,8.4,48.48,319.25,25.35,12.86,15.46,61.62,0.0
garowe,2025063005,8.4,48.48,526.08,27.58,14.27,16.93,50.39,0.0
garowe,2025063006,8.4,48.48,684.62,29.61,15.01,17.62,42.4,0.0
garowe,2025063007,8.4,48.48,766.22,31.32,14.92,17.31,37.4,0.0
garowe,2025063008,8.4,48.48,866.3,32.76,14.32,16.49,33.89,0.0
garowe,2025063009,8.4,48.48,851.75,33.87,13.7,15.71,31.45,0.0
garowe,2025063010,8.4,48.48,717.4,34.52,13.16,15.1,30.05,0.0
garowe,2025063011,8.4,48.48,638.6,34.7,12.63,14.53,29.68,0.0
garowe,2025063012,8.4,48.48,440.5,34.34,11.99,13.92,30.47,0.0
garowe,2025063013,8.4,48.48,228.27,33.4,11.36,13.42,32.59,0.0
garowe,2025063014,8.4,48.48,58.78,31.97,10.39,12.89,36.07,0.0
garowe,2025063015,8.4,48.48,0.0,30.55,9.2,12.17,39.89,0.0
garowe,2025063016,8.4,48.48,0.0,29.75,8.88,11.8,42.38,0.0
garowe,2025063017,8.4,48.48,0.0,29.09,8.61,11.53,44.46,0.0
garowe,2025063018,8.4,48.48,0.0,28.56,8.94,11.88,46.13,0.0
garowe,2025063019,8.4,48.48,0.0,28.01,9.42,12.4,47.93,0.0
garowe,2025063020,8.4,48.48,0.0,27.33,9.83,12.77,50.67,0.0
garowe,2025063021,8.4,48.48,0.0,26.43,9.94,12.85,55.48,0.0
garowe,2025063022,8.4,48.48,0.0,25.48,10.15,12.98,62.07,0.0
garowe,2025063023,8.4,48.48,0.0,24.65,9.97,12.54,68.55,0.0
garowe,2025070100,8.4,48.48,0.0,24.0,9.21,11.55,73.11,0.0
garowe,2025070101,8.4,48.48,0.0,23.5,8.84,11.12,76.11,0.0
garowe,2025070102,8.4,48.48,6.0,23.17,8.93,11.25,77.81,0.0
garowe,2025070103,8.4,48.48,110.43,23.83,10.85,13.29,73.89,0.0
garowe,2025070104,8.4,48.48,281.95,25.66,12.7,15.2,62.72,0.0
garowe,2025070105,8.4,48.48,485.08,27.96,13.93,16.5,50.25,0.0
garowe,2025070106,8.4,48.48,626.12,30.07,14.31,16.73,41.37,0.0
garowe,2025070107,8.4,48.48,732.22,31.84,13.74,15.83,35.96,0.0
garowe,2025070108,8.4,48.48,776.95,33.23,12.96,14.82,32.57,0.0
garowe,2025070109,8.4,48.48,659.72,34.24,12.34,14.04,30.22,0.0
garowe,2025070110,8.4,48.48,613.5,34.74,11.88,13.54,28.88,0.0
garowe,2025070111,8.4,48.48,558.65,34.72,11.44,13.12,28.51,0.0
garowe,2025070112,8.4,48.48,438.6,34.21,11.02,12.81,29.12,0.0
garowe,2025070113,8.4,48.48,226.8,33.31,10.58,12.6,30.56,0.0
garowe,2025070114,8.4,48.48,59.42,32.18,9.71,12.23,32.64,0.0
garowe,2025070115,8.4,48.48,0.0,30.98,8.57,11.61,35.2,0.0
garowe,2025070116,8.4,48.48,0.0,30.22,8.21,11.17,37.24,0.0
garowe,2025070117,8.4,48.48,0.0,29.45,8.02,10.96,39.54,0.0
garowe,2025070118,8.4,48.48,0.0,28.62,8.12,10.9,42.43,0.0
garowe,2025070119,8.4,48.48,0.0,27.75,8.19,10.8,45.94,0.0
garowe,2025070120,8.4,48.48,0.0,26.86,8.32,10.91,50.18,0.0
garowe,2025070121,8.4,48.48,0.0,25.95,8.64,11.14,55.54,0.0
garowe,2025070122,8.4,48.48,0.0,25.09,8.98,11.4,61.53,0.0
garowe,2025070123,8.4,48.48,0.0,24.4,9.18,11.46,65.77,0.0
garowe,2025070200,8.4,48.48,0.0,23.86,8.9,11.11,67.71,0.0
garowe,2025070201,8.4,48.48,0.0,23.43,9.12,11.64,67.91,0.0
garowe,2025070202,8.4,48.48,5.57,23.11,9.55,12.04,67.45,0.0
garowe,2025070203,8.4,48.48,109.97,23.65,10.98,13.51,64.8,0.0
garowe,2025070204,8.4,48.48,295.62,24.96,12.4,14.9,59.88,0.0
garowe,2025070205,8.4,48.48,513.1,26.5,13.32,15.82,54.0,0.0
garowe,2025070206,8.4,48.48,678.03,27.79,13.83,16.33,49.4,0.0
garowe,2025070207,8.4,48.48,757.58,28.82,13.74,16.18,45.8,0.0
garowe,2025070208,8.4,48.48,829.08,29.8,13.17,15.44,42.52,0.0
garowe,2025070209,8.4,48.48,809.03,30.76,12.6,14.7,39.91,0.0
garowe,2025070210,8.4,48.48,794.6,31.53,12.16,14.16,38.16,0.0
garowe,2025070211,8.4,48.48,643.6,31.97,11.76,13.75,37.07,0.0
garowe,2025070212,8.4,48.48,436.12,31.98,11.2,13.24,36.98,0.0
garowe,2025070213,8.4,48.48,218.25,31.64,10.48,12.68,37.87,0.0
garowe,2025070214,8.4,48.48,59.9,30.89,9.22,11.86,39.78,0.0
garowe,2025070215,8.4,48.48,0.0,30.03,8.07,11.11,41.7,0.0
garowe,2025070216,8.4,48.48,0.0,29.54,7.91,10.99,42.51,0.0
garowe,2025070217,8.4,48.48,0.0,28.97,7.9,11.06,43.51,0.0
garowe,2025070218,8.4,48.48,0.0,28.34,7.99,11.11,44.7,0.0
garowe,2025070219,8.4,48.48,0.0,27.67,8.16,11.28,46.02,0.0
garowe,2025070220,8.4,48.48,0.0,27.04,8.59,11.71,47.09,0.0
garowe,2025070221,8.4,48.48,0.0,26.42,9.12,12.17,47.98,0.0
garowe,2025070222,8.4,48.48,0.0,25.67,9.72,12.77,49.51,0.0
garowe,2025070223,8.4,48.48,0.0,24.8,9.58,12.27,52.1,0.0
garowe,2025070300,8.4,48.48,0.0,24.03,9.02,11.57,55.4,0.0
garowe,2025070301,8.4,48.48,0.0,23.45,8.93,11.43,58.87,0.0
garowe,2025070302,8.4,48.48,5.1,23.06,9.05,11.49,62.04,0.0
garowe,2025070303,8.4,48.48,97.32,23.41,10.68,13.29,62.99,0.0
garowe,2025070304,8.4,48.48,246.32,24.57,12.15,14.73,61.08,0.0
garowe,2025070305,8.4,48.48,436.95,26.12,13.06,15.71,56.47,0.0
garowe,2025070306,8.4,48.48,642.83,27.72,13.67,16.31,50.45,0.0
garowe,2025070307,8.4,48.48,814.92,29.21,13.89,16.45,44.78,0.0
garowe,2025070308,8.4,48.48,900.45,30.72,13.73,16.1,39.69,0.0
garowe,2025070309,8.4,48.48,893.35,32.1,13.3,15.41,35.62,0.0
garowe,2025070310,8.4,48.48,800.5,33.35,12.77,14.69,32.47,0.0
garowe,2025070311,8.4,48.48,651.45,33.85,12.28,14.13,31.1,0.0
garowe,2025070312,8.4,48.48,450.83,33.65,11.75,13.65,31.09,0.0
garowe,2025070313,8.4,48.48,232.7,32.92,11.14,13.23,32.12,0.0
garowe,2025070314,8.4,48.48,63.17,31.67,9.87,12.5,34.36,0.0
garowe,2025070315,8.4,48.48,0.0,30.23,8.52,11.75,37.67,0.0
garowe,2025070316,8.4,48.48,0.0,29.3,8.42,11.52,40.92,0.0
garowe,2025070317,8.4,48.48,0.0,28.49,8.49,11.53,44.69,0.0
garowe,2025070318,8.4,48.48,0.0,27.81,8.69,11.67,48.08,0.0
garowe,2025070319,8.4,48.48,0.0,27.22,8.81,11.65,50.56,0.0
garowe,2025070320,8.4,48.48,0.0,26.61,8.92,11.7,52.38,0.0
garowe,2025070321,8.4,48.48,0.0,25.97,9.06,11.85,53.66,0.0
garowe,2025070322,8.4,48.48,0.0,25.3,9.53,12.36,55.36,0.0
garowe,2025070323,8.4,48.48,0.0,24.5,9.72,12.39,58.53,0.0
garowe,2025070400,8.4,48.48,0.0,23.71,9.05,11.48,62.08,0.0
garowe,2025070401,8.4,48.48,0.0,23.1,8.72,11.06,64.99,0.0
garowe,2025070402,8.4,48.48,5.72,22.67,8.58,10.9,67.13,0.0
garowe,2025070403,8.4,48.48,104.47,23.19,10.17,12.54,65.46,0.0
garowe,2025070404,8.4,48.48,275.02,24.88,11.65,13.92,58.87,0.0
garowe,2025070405,8.4,48.48,496.4,27.24,12.65,14.87,50.41,0.0
garowe,2025070406,8.4,48.48,697.05,29.52,13.2,15.31,43.0,0.0
garowe,2025070407,8.4,48.48,776.42,31.4,13.13,15.08,37.47,0.0
garowe,2025070408,8.4,48.48,789.25,32.88,12.87,14.68,33.8,0.0
garowe,2025070409,8.4,48.48,788.92,33.95,12.5,14.22,31.68,0.0
garowe,2025070410,8.4,48.48,694.35,34.52,12.13,13.81,30.66,0.0
garowe,2025070411,8.4,48.48,587.53,34.6,11.87,13.56,30.42,0.0
garowe,2025070412,8.4,48.48,415.67,34.02,11.51,13.29,31.24,0.0
garowe,2025070413,8.4,48.48,220.68,33.09,11.06,13.04,32.67,0.0
garowe,2025070414,8.4,48.48,60.05,31.8,10.19,12.64,34.9,0.0
garowe,2025070415,8.4,48.48,0.0,30.43,9.02,11.99,37.31,0.0
garowe,2025070416,8.4,48.48,0.0,29.43,8.93,11.93,38.97,0.0
garowe,2025070417,8.4,48.48,0.0,28.51,8.74,11.64,40.7,0.0
garowe,2025070418,8.4,48.48,0.0,27.52,8.01,10.59,43.14,0.0
garowe,2025070419,8.4,48.48,0.0,26.53,7.75,10.29,46.21,0.0
garowe,2025070420,8.4,48.48,0.0,25.72,7.91,10.37,49.33,0.0
garowe,2025070421,8.4,48.48,0.0,25.1,8.05,10.45,52.49,0.0
garowe,2025070422,8.4,48.48,0.0,24.57,8.21,10.57,56.32,0.0
garowe,2025070423,8.4,48.48,0.0,24.03,8.39,10.76,61.16,0.0
garowe,2025070500,8.4,48.48,0.0,23.48,9.34,11.93,66.67,0.0
garowe,2025070501,8.4,48.48,0.0,22.98,9.74,12.26,70.74,0.0
garowe,2025070502,8.4,48.48,5.65,22.61,9.72,12.21,73.08,0.0
garowe,2025070503,8.4,48.48,108.75,23.02,10.78,13.25,71.44,0.0
garowe,2025070504,8.4,48.48,287.83,24.18,11.78,14.18,66.31,0.0
garowe,2025070505,8.4,48.48,490.3,26.16,12.51,14.78,58.19,0.0
garowe,2025070506,8.4,48.48,630.75,28.58,13.05,15.16,49.44,0.0
garowe,2025070507,8.4,48.48,718.92,30.56,13.16,15.12,43.0,0.0
garowe,2025070508,8.4,48.48,698.4,32.11,13.08,14.96,38.51,0.0
garowe,2025070509,8.4,48.48,674.53,33.28,12.7,14.51,35.45,0.0
garowe,2025070510,8.4,48.48,562.53,34.05,12.09,13.79,33.5,0.0
garowe,2025070511,8.4,48.48,481.08,34.24,11.61,13.29,32.82,0.0
garowe,2025070512,8.4,48.48,317.7,33.82,11.22,12.94,33.3,0.0
garowe,2025070513,8.4,48.48,175.07,32.88,10.79,12.7,34.92,0.0
garowe,2025070514,8.4,48.48,55.42,31.62,9.99,12.32,37.42,0.0
garowe,2025070515,8.4,48.48,0.0,30.35,8.74,11.55,40.29,0.0
garowe,2025070516,8.4,48.48,0.0,29.51,8.29,11.13,42.42,0.0
garowe,2025070517,8.4,48.48,0.0,28.79,7.96,10.67,44.41,0.0
garowe,2025070518,8.4,48.48,0.0,27.96,7.3,9.85,47.03,0.0
garowe,2025070519,8.4,48.48,0.0,27.27,7.22,9.71,49.8,0.0
garowe,2025070520,8.4,48.48,0.0,26.67,7.5,9.9,52.73,0.0
garowe,2025070521,8.4,48.48,0.0,25.97,7.69,10.0,56.19,0.0
garowe,2025070522,8.4,48.48,0.0,25.21,8.65,11.21,59.95,0.0
garowe,2025070523,8.4,48.48,0.0,24.4,9.56,12.05,63.97,0.0
garowe,2025070600,8.4,48.48,0.0,23.58,9.71,12.08,68.0,0.0
garowe,2025070601,8.4,48.48,0.0,22.88,9.41,11.69,71.57,0.0
garowe,2025070602,8.4,48.48,5.65,22.38,9.28,11.6,74.09,0.0
garowe,2025070603,8.4,48.48,117.12,23.01,10.71,13.04,70.07,0.0
garowe,2025070604,8.4,48.48,307.4,24.96,12.04,14.31,59.44,0.0
garowe,2025070605,8.4,48.48,521.42,27.36,12.79,14.98,49.47,0.0
garowe,2025070606,8.4,48.48,631.28,29.55,13.04,15.07,42.44,0.0
garowe,2025070607,8.4,48.48,709.15,31.41,12.87,14.73,37.54,0.0
garowe,2025070608,8.4,48.48,727.45,32.92,12.51,14.25,33.98,0.0
garowe,2025070609,8.4,48.48,725.15,34.03,12.07,13.69,31.7,0.0
garowe,2025070610,8.4,48.48,677.65,34.71,11.54,13.09,30.27,0.0
garowe,2025070611,8.4,48.48,519.08,34.88,11.08,12.61,29.67,0.0
garowe,2025070612,8.4,48.48,378.38,34.46,10.68,12.27,30.11,0.0
garowe,2025070613,8.4,48.48,212.27,33.52,10.19,11.98,31.64,0.0
garowe,2025070614,8.4,48.48,61.25,32.2,9.14,11.42,34.19,0.0
garowe,2025070615,8.4,48.48,0.0,30.77,7.84,10.74,37.0,0.0
garowe,2025070616,8.4,48.48,0.0,29.84,7.68,10.49,38.84,0.0
garowe,2025070617,8.4,48.48,0.0,28.79,7.31,10.02,41.38,0.0
garowe,2025070618,8.4,48.48,0.0,27.85,7.37,10.01,44.2,0.0
garowe,2025070619,8.4,48.48,0.0,26.97,7.71,10.25,47.39,0.0
garowe,2025070620,8.4,48.48,0.0,26.13,7.91,10.39,50.76,0.0
garowe,2025070621,8.4,48.48,0.0,25.32,8.2,10.66,54.64,0.0
garowe,2025070622,8.4,48.48,0.0,24.65,8.37,10.69,58.56,0.0
garowe,2025070623,8.4,48.48,0.0,24.11,8.11,10.3,62.2,0.0
garowe,2025070700,8.4,48.48,0.0,23.62,8.01,10.24,66.04,0.0
garowe,2025070701,8.4,48.48,0.0,23.15,8.79,11.28,70.43,0.0
garowe,2025070702,8.4,48.48,5.47,22.79,8.81,11.21,73.87,0.0
garowe,2025070703,8.4,48.48,108.28,23.32,10.34,12.66,72.33,0.0
garowe,2025070704,8.4,48.48,266.58,25.11,11.55,13.71,63.68,0.0
garowe,2025070705,8.4,48.48,437.27,27.35,12.15,14.17,53.51,0.0
garowe,2025070706,8.4,48.48,549.38,29.51,12.22,14.03,45.35,0.0
garowe,2025070707,8.4,48.48,623.95,31.41,11.98,13.64,39.33,0.0
garowe,2025070708,8.4,48.48,722.7,32.98,11.66,13.2,34.94,0.0
garowe,2025070709,8.4,48.48,677.97,34.06,11.41,12.89,32.02,0.0
garowe,2025070710,8.4,48.48,752.22,34.55,11.16,12.64,30.45,0.0
garowe,2025070711,8.4,48.48,673.75,34.5,10.99,12.51,29.85,0.0
garowe,2025070712,8.4,48.48,461.2,33.98,10.82,12.46,30.12,0.0
garowe,2025070713,8.4,48.48,238.98,33.09,10.67,12.53,31.4,0.0
garowe,2025070714,8.4,48.48,63.58,31.66,10.15,12.5,34.36,0.0
garowe,2025070715,8.4,48.48,0.0,30.21,9.46,12.25,38.16,0.0
garowe,2025070716,8.4,48.48,0.0,29.28,9.68,12.53,41.35,0.0
garowe,2025070717,8.4,48.48,0.0,28.45,9.8,12.66,44.8,0.0
garowe,2025070718,8.4,48.48,0.0,27.62,9.54,12.26,48.31,0.0
garowe,2025070719,8.4,48.48,0.0,26.84,9.08,11.71,51.6,0.0
garowe,2025070720,8.4,48.48,0.0,26.2,8.96,11.53,54.58,0.0
garowe,2025070721,8.4,48.48,0.0,25.58,9.12,11.71,57.84,0.0
garowe,2025070722,8.4,48.48,0.0,24.92,9.25,11.8,61.52,0.0
garowe,2025070723,8.4,48.48,0.0,24.28,9.22,11.65,65.11,0.0
garowe,2025070800,8.4,48.48,0.0,23.71,9.1,11.49,68.48,0.0
garowe,2025070801,8.4,48.48,0.0,23.24,8.93,11.26,71.44,0.0
garowe,2025070802,8.4,48.48,5.12,22.88,8.79,11.03,73.99,0.0
garowe,2025070803,8.4,48.48,102.6,23.62,10.05,12.29,71.06,0.0
garowe,2025070804,8.4,48.48,268.27,25.52,11.64,13.81,61.65,0.0
garowe,2025070805,8.4,48.48,488.7,27.84,12.51,14.65,50.59,0.0
garowe,2025070806,8.4,48.48,624.05,30.0,12.92,14.95,41.52,0.0
garowe,2025070807,8.4,48.48,734.25,31.81,12.97,14.89,35.29,0.0
garowe,2025070808,8.4,48.48,841.17,33.2,12.8,14.63,31.5,0.0
garowe,2025070809,8.4,48.48,809.42,34.18,12.44,14.16,29.39,0.0
garowe,2025070810,8.4,48.48,709.28,34.73,12.02,13.66,28.46,0.0
garowe,2025070811,8.4,48.48,582.97,34.75,11.56,13.18,28.58,0.0
garowe,2025070812,8.4,48.48,396.15,34.25,11.07,12.73,29.72,0.0
garowe,2025070813,8.4,48.48,200.88,33.27,10.54,12.36,31.9,0.0
garowe,2025070814,8.4,48.48,55.65,31.86,9.81,12.05,35.49,0.0
garowe,2025070815,8.4,48.48,0.0,30.4,8.96,11.61,40.02,0.0
garowe,2025070816,8.4,48.48,0.0,29.38,8.7,11.35,44.02,0.0
garowe,2025070817,8.4,48.48,0.0,28.54,8.62,11.3,47.53,0.0
garowe,2025070818,8.4,48.48,0.0,27.81,8.71,11.37,50.63,0.0
garowe,2025070819,8.4,48.48,0.0,27.05,8.96,11.55,53.87,0.0
garowe,2025070820,8.4,48.48,0.0,26.22,8.81,11.21,57.48,0.0
garowe,2025070821,8.4,48.48,0.0,25.37,8.73,11.08,61.53,0.0
garowe,2025070822,8.4,48.48,0.0,24.6,9.0,11.3,65.9,0.0
garowe,2025070823,8.4,48.48,0.0,23.96,8.98,11.21,70.09,0.0
garowe,2025070900,8.4,48.48,0.0,23.53,8.96,11.12,73.4,0.0
garowe,2025070901,8.4,48.48,0.0,23.23,8.94,11.12,75.84,0.0
garowe,2025070902,8.4,48.48,5.0,23.09,9.09,11.35,76.96,0.0
garowe,2025070903,8.4,48.48,105.15,23.63,10.5,12.84,73.72,0.0
garowe,2025070904,8.4,48.48,286.77,25.12,11.96,14.2,64.66,0.0
garowe,2025070905,8.4,48.48,510.55,27.11,12.9,15.09,54.28,0.0
garowe,2025070906,8.4,48.48,631.03,29.06,13.46,15.56,46.59,0.0
garowe,2025070907,8.4,48.48,680.05,30.63,13.61,15.64,42.02,0.0
garowe,2025070908,8.4,48.48,712.15,31.78,13.5,15.48,38.99,0.0
garowe,2025070909,8.4,48.48,647.53,32.88,13.15,15.05,36.03,0.0
garowe,2025070910,8.4,48.48,603.28,33.64,12.74,14.58,33.78,0.0
garowe,2025070911,8.4,48.48,466.4,33.74,12.29,14.1,33.02,0.0
garowe,2025070912,8.4,48.48,354.6,33.29,11.76,13.63,33.41,0.0
garowe,2025070913,8.4,48.48,190.6,32.39,11.11,13.15,34.78,0.0
garowe,2025070914,8.4,48.48,56.55,31.27,10.04,12.39,36.75,0.0
garowe,2025070915,8.4,48.48,0.0,30.25,8.62,11.29,38.95,0.0
garowe,2025070916,8.4,48.48,0.0,29.48,7.88,10.57,41.0,0.0
garowe,2025070917,8.4,48.48,0.0,28.77,7.54,10.2,43.05,0.0
garowe,2025070918,8.4,48.48,0.0,28.09,7.76,10.38,45.23,0.0
garowe,2025070919,8.4,48.48,0.0,27.37,8.0,10.66,47.86,0.0
garowe,2025070920,8.4,48.48,0.0,26.62,8.55,11.29,51.2,0.0
garowe,2025070921,8.4,48.48,0.0,25.76,9.5,12.23,55.86,0.0
garowe,2025070922,8.4,48.48,0.0,24.84,10.23,13.0,61.69,0.0
garowe,2025070923,8.4,48.48,0.0,23.99,10.8,13.43,67.5,0.0
garowe,2025071000,8.4,48.48,0.0,23.27,10.93,13.6,72.36,0.0
garowe,2025071001,8.4,48.48,0.0,22.76,10.98,13.56,75.47,0.0
garowe,2025071002,8.4,48.48,5.47,22.42,10.84,13.44,77.25,0.0
garowe,2025071003,8.4,48.48,122.93,23.06,11.53,14.08,73.71,0.0
garowe,2025071004,8.4,48.48,322.67,24.76,12.85,15.36,64.74,0.0
garowe,2025071005,8.4,48.48,537.3,26.53,13.6,16.08,56.32,0.0
garowe,2025071006,8.4,48.48,716.97,28.02,13.75,16.11,49.88,0.0
garowe,2025071007,8.4,48.48,729.1,29.52,13.48,15.67,44.39,0.0
garowe,2025071008,8.4,48.48,748.5,31.24,13.2,15.17,39.23,0.0
garowe,2025071009,8.4,48.48,681.72,32.44,12.89,14.75,35.96,0.0
garowe,2025071010,8.4,48.48,637.15,33.1,12.53,14.37,34.07,0.0
garowe,2025071011,8.4,48.48,467.98,33.45,12.22,14.07,32.79,0.0
garowe,2025071012,8.4,48.48,368.77,33.35,11.88,13.79,32.25,0.0
garowe,2025071013,8.4,48.48,208.65,32.69,11.34,13.39,32.77,0.0
garowe,2025071014,8.4,48.48,61.15,31.47,10.14,12.65,34.53,0.0
garowe,2025071015,8.4,48.48,0.0,30.11,8.67,11.79,36.82,0.0
garowe,2025071016,8.4,48.48,0.0,29.33,8.5,11.65,38.09,0.0
garowe,2025071017,8.4,48.48,0.0,28.65,8.42,11.44,39.62,0.0
garowe,2025071018,8.4,48.48,0.0,27.95,8.59,11.5,41.81,0.0
garowe,2025071019,8.4,48.48,0.0,27.12,8.53,11.35,44.98,0.0
garowe,2025071020,8.4,48.48,0.0,26.24,8.62,11.4,48.9,0.0
garowe,2025071021,8.4,48.48,0.0,25.44,9.17,12.01,53.15,0.0
garowe,2025071022,8.4,48.48,0.0,24.67,10.17,13.03,58.16,0.0
garowe,2025071023,8.4,48.48,0.0,23.93,10.53,13.34,63.7,0.0
garowe,2025071100,8.4,48.48,0.0,23.32,10.51,13.28,68.84,0.0
garowe,2025071101,8.4,48.48,0.0,22.86,10.3,13.05,72.99,0.0
garowe,2025071102,8.4,48.48,5.2,22.55,10.05,12.68,76.02,0.0
garowe,2025071103,8.4,48.48,111.55,23.33,11.52,14.22,73.04,0.0
garowe,2025071104,8.4,48.48,266.3,25.21,13.25,15.87,64.11,0.0
garowe,2025071105,8.4,48.48,417.88,27.34,14.2,16.76,54.6,0.0
garowe,2025071106,8.4,48.48,569.92,29.27,14.5,16.9,47.24,0.0
garowe,2025071107,8.4,48.48,640.97,30.95,14.22,16.42,41.87,0.0
garowe,2025071108,8.4,48.48,675.53,32.29,13.79,15.85,37.99,0.0
garowe,2025071109,8.4,48.48,629.03,33.27,13.33,15.29,35.33,0.0
garowe,2025071110,8.4,48.48,572.5,33.92,12.86,14.77,33.58,0.0
garowe,2025071111,8.4,48.48,466.8,33.97,12.46,14.35,33.29,0.0
garowe,2025071112,8.4,48.48,362.17,33.5,11.98,13.9,34.34,0.0
garowe,2025071113,8.4,48.48,180.07,32.62,11.47,13.52,36.33,0.0
garowe,2025071114,8.4,48.48,60.38,31.27,10.78,13.25,39.53,0.0
garowe,2025071115,8.4,48.48,0.0,30.01,9.9,12.71,42.88,0.0
garowe,2025071116,8.4,48.48,0.0,29.17,9.52,12.35,45.5,0.0
garowe,2025071117,8.4,48.48,0.0,28.42,9.46,12.34,48.01,0.0
garowe,2025071118,8.4,48.48,0.0,27.77,9.73,12.73,50.64,0.0
garowe,2025071119,8.4,48.48,0.0,27.1,9.96,12.98,54.05,0.0
garowe,2025071120,8.4,48.48,0.0,26.35,10.13,13.13,58.5,0.0
garowe,2025071121,8.4,48.48,0.0,25.55,10.24,13.18,63.12,0.0
garowe,2025071122,8.4,48.48,0.0,24.79,10.18,13.02,66.66,0.0
garowe,2025071123,8.4,48.48,0.0,24.07,10.05,12.81,69.1,0.0
garowe,2025071200,8.4,48.48,0.0,23.43,9.93,12.55,70.74,0.0
garowe,2025071201,8.4,48.48,0.0,22.96,9.61,12.14,72.02,0.0
garowe,2025071202,8.4,48.48,5.2,22.62,9.71,12.21,73.05,0.0
garowe,2025071203,8.4,48.48,119.7,23.3,11.05,13.45,68.98,0.0
garowe,2025071204,8.4,48.48,316.27,25.12,12.75,15.14,58.36,0.0
garowe,2025071205,8.4,48.48,530.17,27.43,13.77,16.18,46.82,0.0
garowe,2025071206,8.4,48.48,728.33,29.61,14.1,16.38,38.9,0.0
garowe,2025071207,8.4,48.48,754.12,31.39,13.63,15.66,34.35,0.0
garowe,2025071208,8.4,48.48,776.58,32.82,12.87,14.64,31.5,0.0
garowe,2025071209,8.4,48.48,881.45,33.89,12.19,13.78,29.61,0.0
garowe,2025071210,8.4,48.48,811.3,34.56,11.63,13.12,28.42,0.0
garowe,2025071211,8.4,48.48,693.45,34.72,11.13,12.6,27.99,0.0
garowe,2025071212,8.4,48.48,488.8,34.48,10.71,12.22,28.14,0.0
garowe,2025071213,8.4,48.48,265.3,33.66,10.42,12.14,29.32,0.0
garowe,2025071214,8.4,48.48,71.18,32.23,9.64,11.96,31.72,0.0
garowe,2025071215,8.4,48.48,0.0,30.77,8.47,11.32,34.45,0.0
garowe,2025071216,8.4,48.48,0.0,29.95,8.09,10.77,36.07,0.0
garowe,2025071217,8.4,48.48,0.0,29.12,7.36,10.05,37.78,0.0
garowe,2025071218,8.4,48.48,0.0,28.24,6.67,9.41,39.69,0.0
garowe,2025071219,8.4,48.48,0.0,27.41,6.19,8.97,41.74,0.0
garowe,2025071220,8.4,48.48,0.0,26.6,5.99,8.79,43.98,0.0
garowe,2025071221,8.4,48.48,0.0,25.99,6.06,8.72,46.29,0.0
garowe,2025071222,8.4,48.48,0.0,25.49,6.32,8.84,49.02,0.0
garowe,2025071223,8.4,48.48,0.0,25.0,6.79,9.23,52.62,0.0
garowe,2025071300,8.4,48.48,0.0,24.44,7.48,9.8,57.63,0.0
garowe,2025071301,8.4,48.48,0.0,23.82,8.05,10.38,63.49,0.0
garowe,2025071302,8.4,48.48,5.38,23.29,8.18,10.39,68.29,0.0
garowe,2025071303,8.4,48.48,129.93,23.88,10.58,13.02,67.63,0.0
garowe,2025071304,8.4,48.48,344.7,25.75,12.02,14.24,60.01,0.0
garowe,2025071305,8.4,48.48,570.88,28.23,12.59,14.7,49.83,0.0
garowe,2025071306,8.4,48.48,747.53,30.61,12.8,14.75,41.91,0.0
garowe,2025071307,8.4,48.48,826.95,32.54,12.66,14.45,36.88,0.0
garowe,2025071308,8.4,48.48,796.7,34.09,12.39,14.07,33.39,0.0
garowe,2025071309,8.4,48.48,807.7,35.17,12.09,13.71,31.09,0.0
garowe,2025071310,8.4,48.48,671.25,35.73,11.86,13.47,29.81,0.0
garowe,2025071311,8.4,48.48,564.15,35.81,11.52,13.15,29.41,0.0
garowe,2025071312,8.4,48.48,398.65,35.38,11.09,12.8,29.92,0.0
garowe,2025071313,8.4,48.48,223.8,34.4,10.63,12.56,31.54,0.0
garowe,2025071314,8.4,48.48,65.72,33.14,9.74,12.16,33.88,0.0
garowe,2025071315,8.4,48.48,0.0,32.03,8.84,11.63,36.18,0.0
garowe,2025071316,8.4,48.48,0.0,31.28,8.65,11.45,37.45,0.0
garowe,2025071317,8.4,48.48,0.0,30.52,8.48,11.26,38.3,0.0
garowe,2025071318,8.4,48.48,0.0,29.77,8.17,10.97,38.61,0.0
garowe,2025071319,8.4,48.48,0.0,28.92,8.18,11.09,39.0,0.0
garowe,2025071320,8.4,48.48,0.0,28.02,8.32,11.31,40.0,0.0
garowe,2025071321,8.4,48.48,0.0,27.24,8.6,11.54,41.98,0.0
garowe,2025071322,8.4,48.48,0.0,26.56,8.91,11.72,45.52,0.0
garowe,2025071323,8.4,48.48,0.0,25.9,9.48,12.42,51.36,0.0
garowe,2025071400,8.4,48.48,0.0,25.15,10.65,13.67,59.83,0.0
garowe,2025071401,8.4,48.48,0.0,24.47,11.1,14.14,67.06,0.0
garowe,2025071402,8.4,48.48,4.75,23.98,11.06,13.85,71.09,0.0
garowe,2025071403,8.4,48.48,105.62,24.44,11.64,14.17,69.55,0.0
garowe,2025071404,8.4,48.48,277.95,26.01,13.21,15.73,62.34,0.0
garowe,2025071405,8.4,48.48,488.48,28.08,14.26,16.78,53.54,0.0
garowe,2025071406,8.4,48.48,685.85,30.05,14.78,17.22,46.09,0.0
garowe,2025071407,8.4,48.48,718.95,31.77,14.83,17.16,40.27,0.0
garowe,2025071408,8.4,48.48,762.4,33.13,14.66,16.9,36.22,0.0
garowe,2025071409,8.4,48.48,693.97,34.05,14.26,16.39,33.46,0.0
garowe,2025071410,8.4,48.48,639.12,34.52,13.76,15.84,31.66,0.0
garowe,2025071411,8.4,48.48,484.2,34.67,13.27,15.31,30.59,0.0
garowe,2025071412,8.4,48.48,363.1,34.27,12.67,14.74,30.6,0.0
garowe,2025071413,8.4,48.48,201.1,33.48,11.97,14.17,31.43,0.0
garowe,2025071414,8.4,48.48,61.35,32.17,10.79,13.43,33.38,0.0
garowe,2025071415,8.4,48.48,0.0,30.81,9.28,12.38,35.6,0.0
garowe,2025071416,8.4,48.48,0.0,29.99,8.8,11.93,36.77,0.0
garowe,2025071417,8.4,48.48,0.0,29.34,8.81,11.96,37.75,0.0
garowe,2025071418,8.4,48.48,0.0,28.84,9.31,12.46,38.72,0.0
garowe,2025071419,8.4,48.48,0.0,28.29,9.6,12.59,40.16,0.0
garowe,2025071420,8.4,48.48,0.0,27.57,9.35,12.17,42.44,0.0
garowe,2025071421,8.4,48.48,0.0,26.82,9.35,12.22,45.65,0.0
garowe,2025071422,8.4,48.48,0.0,26.02,9.29,11.97,50.26,0.0
garowe,2025071423,8.4,48.48,0.0,25.17,8.8,11.4,56.03,0.0
garowe,2025071500,8.4,48.48,0.0,24.41,8.8,11.34,61.7,0.0
garowe,2025071501,8.4,48.48,0.0,23.76,8.99,11.46,66.44,0.0
garowe,2025071502,8.4,48.48,4.95,23.26,9.03,11.39,69.61,0.0
garowe,2025071503,8.4,48.48,114.95,23.96,10.94,13.5,66.77,0.0
garowe,2025071504,8.4,48.48,294.58,25.97,12.95,15.45,57.72,0.0
garowe,2025071505,8.4,48.48,495.7,28.46,14.0,16.49,47.35,0.0
garowe,2025071506,8.4,48.48,662.25,30.76,14.56,16.97,39.05,0.0
garowe,2025071507,8.4,48.48,810.9,32.57,14.6,16.88,33.52,0.0
garowe,2025071508,8.4,48.48,914.38,33.98,14.3,16.45,29.87,0.0
garowe,2025071509,8.4,48.48,902.33,35.06,13.75,15.76,27.46,0.0
garowe,2025071510,8.4,48.48,783.85,35.71,13.15,15.05,26.07,0.0
garowe,2025071511,8.4,48.48,689.35,35.87,12.61,14.48,25.57,0.0
garowe,2025071512,8.4,48.48,480.33,35.43,12.09,14.03,26.05,0.0
garowe,2025071513,8.4,48.48,253.45,34.38,11.39,13.54,27.66,0.0
garowe,2025071514,8.4,48.48,68.07,33.03,10.05,12.68,30.05,0.0
garowe,2025071515,8.4,48.48,0.0,31.67,8.7,11.82,32.73,0.0
garowe,2025071516,8.4,48.48,0.0,30.85,8.49,11.68,34.73,0.0
garowe,2025071517,8.4,48.48,0.0,30.12,8.92,12.09,37.3,0.0
garowe,2025071518,8.4,48.48,0.0,29.25,8.67,11.6,40.98,0.0
garowe,2025071519,8.4,48.48,0.0,28.35,9.23,12.2,45.65,0.0
garowe,2025071520,8.4,48.48,0.0,27.41,10.08,12.96,51.22,0.0
garowe,2025071521,8.4,48.48,0.0,26.43,10.79,13.57,57.6,0.0
garowe,2025071522,8.4,48.48,0.0,25.44,11.2,13.95,64.48,0.0
garowe,2025071523,8.4,48.48,0.0,24.56,11.67,14.46,70.54,0.0
garowe,2025071600,8.4,48.48,0.0,23.85,11.32,13.96,74.6,0.0
garowe,2025071601,8.4,48.48,0.0,23.35,11.1,13.76,76.81,0.0
garowe,2025071602,8.4,48.48,4.93,23.04,10.98,13.67,77.72,0.0
garowe,2025071603,8.4,48.48,117.28,23.71,11.98,14.62,73.52,0.0
garowe,2025071604,8.4,48.48,321.15,25.52,13.04,15.59,63.31,0.0
garowe,2025071605,8.4,48.48,533.97,27.79,13.92,16.44,51.94,0.0
garowe,2025071606,8.4,48.48,720.08,29.87,14.3,16.68,43.46,0.0
garowe,2025071607,8.4,48.48,861.08,31.63,14.25,16.46,37.79,0.0
garowe,2025071608,8.4,48.48,914.88,33.03,14.09,16.18,33.89,0.0
garowe,2025071609,8.4,48.48,912.35,34.07,13.7,15.65,31.23,0.0
garowe,2025071610,8.4,48.48,807.78,34.72,13.08,14.92,29.6,0.0
garowe,2025071611,8.4,48.48,682.1,34.95,12.4,14.2,28.93,0.0
garowe,2025071612,8.4,48.48,470.83,34.69,11.62,13.42,29.06,0.0
garowe,2025071613,8.4,48.48,249.27,33.94,10.84,12.76,30.08,0.0
garowe,2025071614,8.4,48.48,66.05,32.65,9.67,12.09,32.29,0.0
garowe,2025071615,8.4,48.48,0.0,31.37,8.44,11.4,34.7,0.0
garowe,2025071616,8.4,48.48,0.0,30.49,7.93,10.82,36.55,0.0
garowe,2025071617,8.4,48.48,0.0,29.52,7.18,10.18,38.73,0.0
garowe,2025071618,8.4,48.48,0.0,28.72,7.18,10.27,40.81,0.0
garowe,2025071619,8.4,48.48,0.0,28.12,7.87,10.92,42.86,0.0
garowe,2025071620,8.4,48.48,0.0,27.39,8.38,11.28,45.74,0.0
garowe,2025071621,8.4,48.48,0.0,26.62,8.64,11.37,49.69,0.0
garowe,2025071622,8.4,48.48,0.0,25.89,9.03,11.73,54.49,0.0
garowe,2025071623,8.4,48.48,0.0,25.15,9.32,12.04,59.54,0.0
garowe,2025071700,8.4,48.48,0.0,24.46,10.16,12.98,63.74,0.0
garowe,2025071701,8.4,48.48,0.0,23.81,10.2,12.86,66.88,0.0
garowe,2025071702,8.4,48.48,4.65,23.34,9.83,12.38,68.81,0.0
garowe,2025071703,8.4,48.48,111.2,23.99,11.45,14.07,65.87,0.0
garowe,2025071704,8.4,48.48,313.02,25.88,13.23,15.77,58.15,0.0
garowe,2025071705,8.4,48.48,540.12,28.21,14.26,16.76,49.81,0.0
garowe,2025071706,8.4,48.48,717.62,30.39,14.65,17.02,42.65,0.0
garowe,2025071707,8.4,48.48,732.6,32.2,14.45,16.61,37.07,0.0
garowe,2025071708,8.4,48.48,824.75,33.5,13.99,15.97,33.2,0.0
garowe,2025071709,8.4,48.48,875.85,34.29,13.65,15.51,30.88,0.0
garowe,2025071710,8.4,48.48,744.8,34.59,13.35,15.17,29.91,0.0
garowe,2025071711,8.4,48.48,597.53,34.29,12.88,14.72,30.34,0.0
garowe,2025071712,8.4,48.48,437.95,33.81,12.3,14.21,31.32,0.0
garowe,2025071713,8.4,48.48,238.7,32.96,11.65,13.7,33.18,0.0
garowe,2025071714,8.4,48.48,66.03,31.68,10.65,13.1,36.04,0.0
garowe,2025071715,8.4,48.48,0.0,30.41,9.37,12.26,39.15,0.0
garowe,2025071716,8.4,48.48,0.0,29.63,8.99,11.82,41.19,0.0
garowe,2025071717,8.4,48.48,0.0,28.9,8.55,11.26,42.88,0.0
garowe,2025071718,8.4,48.48,0.0,28.03,7.97,10.54,44.8,0.0
garowe,2025071719,8.4,48.48,0.0,27.25,7.9,10.49,46.62,0.0
garowe,2025071720,8.4,48.48,0.0,26.54,7.87,10.45,48.76,0.0
garowe,2025071721,8.4,48.48,0.0,25.84,7.86,10.46,51.83,0.0
garowe,2025071722,8.4,48.48,0.0,25.19,8.04,10.74,56.41,0.0
garowe,2025071723,8.4,48.48,0.0,24.54,9.43,12.26,63.36,0.0
garowe,2025071800,8.4,48.48,0.0,23.84,10.19,12.81,70.3,0.0
garowe,2025071801,8.4,48.48,0.0,23.29,10.1,12.56,75.09,0.0
garowe,2025071802,8.4,48.48,4.47,22.98,10.0,12.47,77.0,0.0
garowe,2025071803,8.4,48.48,87.93,23.66,11.18,13.65,73.1,0.0
garowe,2025071804,8.4,48.48,236.07,25.31,12.44,14.78,64.67,0.0
garowe,2025071805,8.4,48.48,395.9,27.33,13.28,15.56,55.99,0.0
garowe,2025071806,8.4,48.48,474.58,29.21,13.66,15.85,48.87,0.0
garowe,2025071807,8.4,48.48,560.88,30.69,13.77,15.88,43.93,0.0
garowe,2025071808,8.4,48.48,670.55,31.82,13.67,15.7,40.53,0.0
garowe,2025071809,8.4,48.48,650.9,33.01,13.49,15.45,37.38,0.0
garowe,2025071810,8.4,48.48,599.03,33.82,13.16,15.07,35.17,0.0
garowe,2025071811,8.4,48.48,562.05,34.06,12.8,14.71,34.2,0.0
garowe,2025071812,8.4,48.48,382.33,33.46,12.49,14.53,35.18,0.0
garowe,2025071813,8.4,48.48,203.8,32.52,12.16,14.42,37.1,0.0
garowe,2025071814,8.4,48.48,58.08,31.34,11.42,14.07,39.79,0.0
garowe,2025071815,8.4,48.48,0.0,30.29,10.43,13.3,42.38,0.0
garowe,2025071816,8.4,48.48,0.0,29.64,9.96,12.86,44.09,0.0
garowe,2025071817,8.4,48.48,0.0,29.1,9.85,12.79,45.47,0.0
garowe,2025071818,8.4,48.48,0.0,28.59,10.19,13.19,46.69,0.0
garowe,2025071819,8.4,48.48,0.0,28.03,10.9,13.97,47.89,0.0
garowe,2025071820,8.4,48.48,0.0,27.4,11.43,14.51,49.69,0.0
garowe,2025071821,8.4,48.48,0.0,26.71,11.87,14.98,52.7,0.0
garowe,2025071822,8.4,48.48,0.0,25.9,12.47,15.61,57.3,0.0
garowe,2025071823,8.4,48.48,0.0,25.04,12.81,15.77,62.64,0.0
garowe,2025071900,8.4,48.48,0.0,24.26,12.52,15.3,67.11,0.0
garowe,2025071901,8.4,48.48,0.0,23.63,12.49,15.35,70.01,0.0
garowe,2025071902,8.4,48.48,3.47,23.1,12.54,15.45,71.8,0.0
garowe,2025071903,8.4,48.48,82.25,23.27,12.73,15.4,69.74,0.0
garowe,2025071904,8.4,48.48,219.18,24.62,13.53,16.13,62.01,0.0
garowe,2025071905,8.4,48.48,369.75,26.61,14.49,17.09,52.89,0.0
garowe,2025071906,8.4,48.48,510.85,28.62,15.11,17.65,45.42,0.0
garowe,2025071907,8.4,48.48,605.47,30.36,15.19,17.59,40.07,0.0
garowe,2025071908,8.4,48.48,747.6,31.87,14.88,17.11,36.12,0.0
garowe,2025071909,8.4,48.48,736.58,33.02,14.43,16.53,33.39,0.0
garowe,2025071910,8.4,48.48,777.62,33.78,13.99,16.05,31.65,0.0
garowe,2025071911,8.4,48.48,627.1,34.03,13.51,15.56,31.08,0.0
garowe,2025071912,8.4,48.48,465.05,33.7,13.07,15.18,31.7,0.0
garowe,2025071913,8.4,48.48,240.23,32.81,12.57,14.89,33.53,0.0
garowe,2025071914,8.4,48.48,62.65,31.53,11.64,14.37,36.35,0.0
garowe,2025071915,8.4,48.48,0.0,30.38,10.42,13.46,39.15,0.0
garowe,2025071916,8.4,48.48,0.0,29.62,9.97,13.04,41.28,0.0
garowe,2025071917,8.4,48.48,0.0,28.97,9.9,13.03,43.19,0.0
garowe,2025071918,8.4,48.48,0.0,28.4,10.12,13.25,44.96,0.0
garowe,2025071919,8.4,48.48,0.0,27.82,10.44,13.43,46.82,0.0
garowe,2025071920,8.4,48.48,0.0,27.1,10.11,12.82,49.23,0.0
garowe,2025071921,8.4,48.48,0.0,26.36,10.47,13.2,51.97,0.0
garowe,2025071922,8.4,48.48,0.0,25.56,11.14,13.8,55.44,0.0
garowe,2025071923,8.4,48.48,0.0,24.69,11.58,14.23,59.85,0.0
garowe,2025072000,8.4,48.48,0.0,23.81,11.95,14.62,64.86,0.0
garowe,2025072001,8.4,48.48,0.0,23.08,11.83,14.42,69.26,0.0
garowe,2025072002,8.4,48.48,4.1,22.54,11.62,14.21,72.55,0.0
garowe,2025072003,8.4,48.48,93.55,22.96,13.05,15.83,70.98,0.0
garowe,2025072004,8.4,48.48,226.9,24.5,14.51,17.24,63.7,0.0
garowe,2025072005,8.4,48.48,349.65,26.51,15.43,18.15,54.87,0.0
garowe,2025072006,8.4,48.48,470.9,28.51,15.82,18.42,47.28,0.0
garowe,2025072007,8.4,48.48,586.5,30.15,15.67,18.11,42.03,0.0
garowe,2025072008,8.4,48.48,720.55,31.54,15.36,17.69,38.01,0.0
garowe,2025072009,8.4,48.48,749.83,32.39,14.93,17.17,35.66,0.0
garowe,2025072010,8.4,48.48,745.67,32.95,14.38,16.53,34.08,0.0
garowe,2025072011,8.4,48.48,672.83,33.22,13.83,15.97,33.01,0.0
garowe,2025072012,8.4,48.48,479.33,33.14,13.32,15.48,32.61,0.0
garowe,2025072013,8.4,48.48,252.1,32.43,12.66,14.97,33.54,0.0
garowe,2025072014,8.4,48.48,66.47,31.15,11.39,14.1,35.87,0.0
garowe,2025072015,8.4,48.48,0.0,29.8,10.07,13.25,38.52,0.0
garowe,2025072016,8.4,48.48,0.0,29.02,10.25,13.46,40.01,0.0
garowe,2025072017,8.4,48.48,0.0,28.37,10.6,13.8,41.42,0.0
garowe,2025072018,8.4,48.48,0.0,27.79,10.72,13.93,42.73,0.0
garowe,2025072019,8.4,48.48,0.0,27.18,10.4,13.46,44.2,0.0
garowe,2025072020,8.4,48.48,0.0,26.54,10.17,13.24,45.93,0.0
garowe,2025072021,8.4,48.48,0.0,25.88,10.22,13.22,48.37,0.0
garowe,2025072022,8.4,48.48,0.0,25.17,10.39,13.31,51.77,0.0
garowe,2025072023,8.4,48.48,0.0,24.37,10.45,13.31,56.24,0.0
garowe,2025072100,8.4,48.48,0.0,23.59,10.64,13.38,61.05,0.0
garowe,2025072101,8.4,48.48,0.0,22.88,10.6,13.14,65.33,0.0
garowe,2025072102,8.4,48.48,4.28,22.31,10.65,13.04,68.52,0.0
garowe,2025072103,8.4,48.48,108.97,22.7,11.92,14.46,67.02,0.0
garowe,2025072104,8.4,48.48,312.17,24.31,13.21,15.63,59.91,0.0
garowe,2025072105,8.4,48.48,534.45,26.39,14.07,16.44,51.8,0.0
garowe,2025072106,8.4,48.48,722.62,28.38,14.52,16.75,45.26,0.0
garowe,2025072107,8.4,48.48,799.12,30.12,14.42,16.48,40.44,0.0
garowe,2025072108,8.4,48.48,875.78,31.57,13.91,15.82,37.03,0.0
garowe,2025072109,8.4,48.48,894.08,32.79,13.33,15.12,34.53,0.0
garowe,2025072110,8.4,48.48,776.38,33.63,12.84,14.6,32.94,0.0
garowe,2025072111,8.4,48.48,667.03,33.93,12.49,14.25,32.32,0.0
garowe,2025072112,8.4,48.48,465.35,33.67,12.17,14.0,32.67,0.0
garowe,2025072113,8.4,48.48,241.15,32.75,11.91,13.96,34.26,0.0
garowe,2025072114,8.4,48.48,61.33,31.23,11.27,13.82,37.26,0.0
garowe,2025072115,8.4,48.48,0.0,29.76,10.51,13.48,40.59,0.0
garowe,2025072116,8.4,48.48,0.0,28.85,10.62,13.64,42.99,0.0
garowe,2025072117,8.4,48.48,0.0,28.13,10.72,13.61,45.29,0.0
garowe,2025072118,8.4,48.48,0.0,27.34,10.03,12.64,47.76,0.0
garowe,2025072119,8.4,48.48,0.0,26.61,9.95,12.53,50.02,0.0
garowe,2025072120,8.4,48.48,0.0,26.01,10.12,12.75,51.8,0.0
garowe,2025072121,8.4,48.48,0.0,25.42,10.3,12.91,53.86,0.0
garowe,2025072122,8.4,48.48,0.0,24.73,10.29,12.86,57.09,0.0
garowe,2025072123,8.4,48.48,0.0,24.01,10.5,13.03,61.09,0.0
garowe,2025072200,8.4,48.48,0.0,23.32,10.44,12.86,65.31,0.0
garowe,2025072201,8.4,48.48,0.0,22.7,9.89,12.22,69.19,0.0
garowe,2025072202,8.4,48.48,3.9,22.16,10.98,13.78,72.12,0.0
garowe,2025072203,8.4,48.48,90.2,22.46,11.99,14.6,70.27,0.0
garowe,2025072204,8.4,48.48,219.15,23.84,13.18,15.72,63.1,0.0
garowe,2025072205,8.4,48.48,356.62,25.91,13.99,16.43,54.37,0.0
garowe,2025072206,8.4,48.48,534.83,28.05,14.33,16.6,47.18,0.0
garowe,2025072207,8.4,48.48,618.2,29.87,14.23,16.35,41.96,0.0
garowe,2025072208,8.4,48.48,729.08,31.37,13.98,15.99,38.12,0.0
garowe,2025072209,8.4,48.48,852.0,32.5,13.72,15.66,35.45,0.0
garowe,2025072210,8.4,48.48,777.65,33.11,13.5,15.42,34.04,0.0
garowe,2025072211,8.4,48.48,653.38,33.08,13.24,15.21,33.96,0.0
garowe,2025072212,8.4,48.48,450.8,32.59,12.8,14.92,34.72,0.0
garowe,2025072213,8.4,48.48,235.05,31.8,12.18,14.55,36.09,0.0
garowe,2025072214,8.4,48.48,63.67,30.84,11.1,13.8,37.96,0.0
garowe,2025072215,8.4,48.48,0.0,29.92,9.78,12.73,39.97,0.0
garowe,2025072216,8.4,48.48,0.0,29.29,9.27,12.32,41.37,0.0
garowe,2025072217,8.4,48.48,0.0,28.66,8.97,11.93,42.74,0.0
garowe,2025072218,8.4,48.48,0.0,27.99,8.63,11.65,44.25,0.0
garowe,2025072219,8.4,48.48,0.0,27.34,8.74,11.7,46.04,0.0
garowe,2025072220,8.4,48.48,0.0,26.64,8.65,11.5,48.74,0.0
garowe,2025072221,8.4,48.48,0.0,25.9,8.37,11.1,52.7,0.0
garowe,2025072222,8.4,48.48,0.0,25.2,8.61,11.35,58.07,0.0
garowe,2025072223,8.4,48.48,0.0,24.56,9.4,12.08,64.45,0.0
garowe,2025072300,8.4,48.48,0.0,23.82,10.1,12.69,70.21,0.0
garowe,2025072301,8.4,48.48,0.0,23.09,10.36,13.02,73.05,0.0
garowe,2025072302,8.4,48.48,3.6,22.52,10.41,12.95,74.4,0.0
garowe,2025072303,8.4,48.48,87.38,22.93,11.34,13.76,71.11,0.0
garowe,2025072304,8.4,48.48,221.3,24.62,12.76,15.19,61.77,0.0
garowe,2025072305,8.4,48.48,367.88,26.93,13.89,16.33,51.31,0.0
garowe,2025072306,8.4,48.48,531.38,29.14,14.58,16.94,43.07,0.0
garowe,2025072307,8.4,48.48,715.9,31.0,14.77,17.03,37.29,0.0
garowe,2025072308,8.4,48.48,869.42,32.5,14.69,16.87,33.29,0.0
garowe,2025072309,8.4,48.48,874.28,33.67,14.36,16.46,30.5,0.0
garowe,2025072310,8.4,48.48,847.72,34.44,13.85,15.89,28.79,0.0
garowe,2025072311,8.4,48.48,688.67,34.68,13.41,15.44,28.14,0.0
garowe,2025072312,8.4,48.48,479.45,34.42,12.95,15.06,28.51,0.0
garowe,2025072313,8.4,48.48,252.02,33.58,12.34,14.64,30.08,0.0
garowe,2025072314,8.4,48.48,65.7,32.23,11.13,13.9,32.85,0.0
garowe,2025072315,8.4,48.48,0.0,30.97,9.8,12.9,35.64,0.0
garowe,2025072316,8.4,48.48,0.0,30.24,9.42,12.42,37.54,0.0
garowe,2025072317,8.4,48.48,0.0,29.47,8.59,11.29,39.94,0.0
garowe,2025072318,8.4,48.48,0.0,28.63,8.43,11.22,43.05,0.0
garowe,2025072319,8.4,48.48,0.0,27.86,8.88,11.71,46.49,0.0
garowe,2025072320,8.4,48.48,0.0,27.14,9.31,11.92,49.89,0.0
garowe,2025072321,8.4,48.48,0.0,26.39,9.56,12.03,53.33,0.0
garowe,2025072322,8.4,48.48,0.0,25.6,10.18,12.74,56.65,0.0
garowe,2025072323,8.4,48.48,0.0,24.65,11.17,13.73,60.26,0.0
garowe,2025072400,8.4,48.48,0.0,23.72,11.5,14.07,64.11,0.0
garowe,2025072401,8.4,48.48,0.0,22.96,11.53,14.14,67.62,0.0
garowe,2025072402,8.4,48.48,3.15,22.38,11.13,13.68,70.16,0.0
garowe,2025072403,8.4,48.48,77.7,22.71,11.78,14.27,68.28,0.0
garowe,2025072404,8.4,48.48,206.95,24.13,13.37,15.88,62.39,0.0
garowe,2025072405,8.4,48.48,388.5,26.18,14.52,17.07,55.3,0.0
garowe,2025072406,8.4,48.48,561.62,28.17,14.93,17.38,49.04,0.0
garowe,2025072407,8.4,48.48,661.08,29.96,15.05,17.39,43.72,0.0
garowe,2025072408,8.4,48.48,706.4,31.48,15.27,17.62,39.54,0.0
garowe,2025072409,8.4,48.48,741.15,32.68,15.29,17.64,36.44,0.0
garowe,2025072410,8.4,48.48,707.5,33.51,14.89,17.2,34.37,0.0
garowe,2025072411,8.4,48.48,546.58,33.84,14.27,16.54,33.34,0.0
garowe,2025072412,8.4,48.48,412.9,33.6,13.66,15.96,33.38,0.0
garowe,2025072413,8.4,48.48,209.55,32.75,12.91,15.36,34.68,0.0
garowe,2025072414,8.4,48.48,56.5,31.52,11.66,14.46,36.87,0.0
garowe,2025072415,8.4,48.48,0.0,30.35,10.24,13.38,38.89,0.0
garowe,2025072416,8.4,48.48,0.0,29.59,9.9,13.04,39.81,0.0
garowe,2025072417,8.4,48.48,0.0,28.91,9.99,13.19,40.53,0.0
garowe,2025072418,8.4,48.48,0.0,28.22,10.36,13.57,41.49,0.0
garowe,2025072419,8.4,48.48,0.0,27.53,10.76,14.0,42.74,0.0
garowe,2025072420,8.4,48.48,0.0,26.73,10.77,13.67,44.65,0.0
garowe,2025072421,8.4,48.48,0.0,25.77,10.45,13.32,47.42,0.0
garowe,2025072422,8.4,48.48,0.0,24.86,10.87,13.63,51.35,0.0
garowe,2025072423,8.4,48.48,0.0,23.96,10.81,13.4,56.94,0.0
garowe,2025072500,8.4,48.48,0.0,23.11,10.7,13.31,63.22,0.0
garowe,2025072501,8.4,48.48,0.0,22.44,11.25,14.0,68.33,0.0
garowe,2025072502,8.4,48.48,3.65,21.96,11.48,14.23,71.79,0.0
garowe,2025072503,8.4,48.48,103.12,22.36,11.95,14.51,70.13,0.0
garowe,2025072504,8.4,48.48,302.25,23.98,12.95,15.4,62.1,0.0
garowe,2025072505,8.4,48.48,538.97,26.29,13.82,16.2,52.05,0.0
garowe,2025072506,8.4,48.48,726.25,28.53,14.36,16.66,44.04,0.0
garowe,2025072507,8.4,48.48,877.97,30.33,14.58,16.78,38.72,0.0
garowe,2025072508,8.4,48.48,929.08,31.75,14.47,16.59,35.09,0.0
garowe,2025072509,8.4,48.48,910.53,32.85,14.24,16.3,32.63,0.0
garowe,2025072510,8.4,48.48,818.17,33.54,13.87,15.87,31.22,0.0
garowe,2025072511,8.4,48.48,688.05,33.73,13.54,15.56,30.7,0.0
garowe,2025072512,8.4,48.48,471.83,33.24,13.37,15.51,31.46,0.0
garowe,2025072513,8.4,48.48,241.23,32.14,13.02,15.4,33.49,0.0
garowe,2025072514,8.4,48.48,62.88,30.81,12.02,14.76,36.13,0.0
garowe,2025072515,8.4,48.48,0.0,29.7,10.63,13.61,38.5,0.0
garowe,2025072516,8.4,48.48,0.0,28.93,10.04,13.07,40.39,0.0
garowe,2025072517,8.4,48.48,0.0,28.2,9.81,12.76,42.77,0.0
garowe,2025072518,8.4,48.48,0.0,27.42,9.88,12.69,46.03,0.0
garowe,2025072519,8.4,48.48,0.0,26.59,10.02,12.71,50.07,0.0
garowe,2025072520,8.4,48.48,0.0,25.8,10.45,13.13,54.04,0.0
garowe,2025072521,8.4,48.48,0.0,24.97,11.16,13.99,57.99,0.0
garowe,2025072522,8.4,48.48,0.0,24.15,11.77,14.52,61.84,0.0
garowe,2025072523,8.4,48.48,0.0,23.43,11.54,14.23,65.26,0.0
garowe,2025072600,8.4,48.48,0.0,22.83,11.14,13.71,67.91,0.0
garowe,2025072601,8.4,48.48,0.0,22.35,10.57,13.1,70.08,0.0
garowe,2025072602,8.4,48.48,3.33,22.01,10.38,12.87,71.72,0.0
garowe,2025072603,8.4,48.48,84.32,22.52,11.58,14.06,69.68,0.0
garowe,2025072604,8.4,48.48,226.35,24.14,13.08,15.52,62.56,0.0
garowe,2025072605,8.4,48.48,388.55,26.25,13.95,16.34,54.07,0.0
garowe,2025072606,8.4,48.48,543.05,28.34,14.45,16.77,46.88,0.0
garowe,2025072607,8.4,48.48,674.42,30.12,14.7,16.94,41.49,0.0
garowe,2025072608,8.4,48.48,770.45,31.53,14.73,16.93,37.46,0.0
garowe,2025072609,8.4,48.48,742.38,32.64,14.49,16.61,34.53,0.0
garowe,2025072610,8.4,48.48,671.67,33.39,13.94,16.02,32.7,0.0
garowe,2025072611,8.4,48.48,598.53,33.69,13.4,15.45,31.7,0.0
garowe,2025072612,8.4,48.48,437.38,33.48,12.89,14.99,31.68,0.0
garowe,2025072613,8.4,48.48,228.65,32.77,12.24,14.51,32.52,0.0
garowe,2025072614,8.4,48.48,59.08,31.56,11.08,13.77,34.35,0.0
garowe,2025072615,8.4,48.48,0.0,30.22,9.7,12.83,36.58,0.0
garowe,2025072616,8.4,48.48,0.0,29.32,9.35,12.42,38.04,0.0
garowe,2025072617,8.4,48.48,0.0,28.49,8.95,11.98,39.67,0.0
garowe,2025072618,8.4,48.48,0.0,27.68,8.31,11.06,41.57,0.0
garowe,2025072619,8.4,48.48,0.0,26.75,7.57,10.24,44.07,0.0
garowe,2025072620,8.4,48.48,0.0,25.98,7.6,10.24,46.55,0.0
garowe,2025072621,8.4,48.48,0.0,25.26,7.59,10.18,49.45,0.0
garowe,2025072622,8.4,48.48,0.0,24.52,7.76,10.24,53.79,0.0
garowe,2025072623,8.4,48.48,0.0,23.76,8.22,10.71,59.96,0.0
garowe,2025072700,8.4,48.48,0.0,22.89,10.09,12.75,68.15,0.0
garowe,2025072701,8.4,48.48,0.0,22.14,10.18,12.66,74.53,0.0
garowe,2025072702,8.4,48.48,3.92,21.78,9.84,12.29,77.61,0.0
garowe,2025072703,8.4,48.48,109.78,22.51,11.13,13.61,74.5,0.0
garowe,2025072704,8.4,48.48,321.98,24.31,12.63,14.95,65.53,0.0
garowe,2025072705,8.4,48.48,553.47,26.44,13.64,15.91,55.73,0.0
garowe,2025072706,8.4,48.48,752.47,28.61,14.16,16.36,47.29,0.0
garowe,2025072707,8.4,48.48,846.67,30.49,14.15,16.23,41.4,0.0
garowe,2025072708,8.4,48.48,854.05,31.99,13.94,15.92,37.44,0.0
garowe,2025072709,8.4,48.48,860.67,33.1,13.63,15.54,34.74,0.0
garowe,2025072710,8.4,48.48,780.03,33.89,13.23,15.09,32.83,0.0
garowe,2025072711,8.4,48.48,690.97,34.16,12.78,14.62,32.01,0.0
garowe,2025072712,8.4,48.48,480.12,33.88,12.31,14.2,32.3,0.0
garowe,2025072713,8.4,48.48,251.4,33.01,11.79,13.88,33.8,0.0
garowe,2025072714,8.4,48.48,63.47,31.77,10.78,13.28,36.14,0.0
garowe,2025072715,8.4,48.48,0.0,30.61,9.53,12.5,38.25,0.0
garowe,2025072716,8.4,48.48,0.0,29.82,9.43,12.49,39.41,0.0
garowe,2025072717,8.4,48.48,0.0,29.09,9.67,12.75,40.23,0.0
garowe,2025072718,8.4,48.48,0.0,28.29,9.27,12.17,41.18,0.0
garowe,2025072719,8.4,48.48,0.0,27.57,9.19,12.1,42.17,0.0
garowe,2025072720,8.4,48.48,0.0,26.87,8.92,11.6,43.59,0.0
garowe,2025072721,8.4,48.48,0.0,26.19,9.01,11.7,45.92,0.0
garowe,2025072722,8.4,48.48,0.0,25.57,9.35,11.99,49.13,0.0
garowe,2025072723,8.4,48.48,0.0,24.96,9.7,12.38,52.99,0.0
garowe,2025072800,8.4,48.48,0.0,24.21,10.38,13.07,58.24,0.0
garowe,2025072801,8.4,48.48,0.0,23.28,10.75,13.5,64.22,0.0
garowe,2025072802,8.4,48.48,3.72,22.5,11.31,14.18,68.65,0.0
garowe,2025072803,8.4,48.48,102.82,22.96,12.04,14.71,67.03,0.0
garowe,2025072804,8.4,48.48,282.62,24.7,13.53,16.17,59.49,0.0
garowe,2025072805,8.4,48.48,475.2,26.85,14.63,17.22,50.64,0.0
garowe,2025072806,8.4,48.48,585.85,28.84,15.15,17.62,43.36,0.0
garowe,2025072807,8.4,48.48,635.75,30.53,15.16,17.51,38.21,0.0
garowe,2025072808,8.4,48.48,662.53,31.86,14.94,17.19,34.81,0.0
garowe,2025072809,8.4,48.48,594.17,32.9,14.68,16.85,32.49,0.0
garowe,2025072810,8.4,48.48,621.97,33.4,14.36,16.51,31.45,0.0
garowe,2025072811,8.4,48.48,524.42,33.21,14.0,16.19,31.77,0.0
garowe,2025072812,8.4,48.48,380.73,32.64,13.65,15.94,32.77,0.0
garowe,2025072813,8.4,48.48,188.8,31.77,13.21,15.72,34.36,0.0
garowe,2025072814,8.4,48.48,54.65,30.69,12.22,15.06,36.49,0.0
garowe,2025072815,8.4,48.48,0.0,29.66,11.03,14.06,38.75,0.0
garowe,2025072816,8.4,48.48,0.0,28.89,10.57,13.58,40.58,0.0
garowe,2025072817,8.4,48.48,0.0,28.16,10.14,13.11,42.41,0.0
garowe,2025072818,8.4,48.48,0.0,27.49,9.97,12.84,44.75,0.0
garowe,2025072819,8.4,48.48,0.0,26.74,10.07,12.92,48.49,0.0
garowe,2025072820,8.4,48.48,0.0,25.89,10.44,13.23,53.86,0.0
garowe,2025072821,8.4,48.48,0.0,24.98,10.9,13.6,60.07,0.0
garowe,2025072822,8.4,48.48,0.0,24.09,10.78,13.34,65.35,0.0
garowe,2025072823,8.4,48.48,0.0,23.37,10.69,13.22,68.85,0.0
garowe,2025072900,8.4,48.48,0.0,22.82,10.5,13.01,71.11,0.0
garowe,2025072901,8.4,48.48,0.0,22.36,10.2,12.69,73.13,0.0
garowe,2025072902,8.4,48.48,2.9,21.93,10.42,13.09,75.05,0.0
garowe,2025072903,8.4,48.48,72.5,22.36,11.92,14.51,71.76,0.0
garowe,2025072904,8.4,48.48,187.2,23.88,13.38,15.95,62.32,0.0
garowe,2025072905,8.4,48.48,327.27,25.8,14.61,17.17,53.15,0.0
garowe,2025072906,8.4,48.48,566.67,27.69,15.29,17.81,46.35,0.0
garowe,2025072907,8.4,48.48,844.33,29.42,15.33,17.76,41.3,0.0
garowe,2025072908,8.4,48.48,945.72,30.88,15.07,17.39,37.7,0.0
garowe,2025072909,8.4,48.48,866.45,32.01,14.57,16.77,35.16,0.0
garowe,2025072910,8.4,48.48,846.15,32.71,13.95,16.04,33.55,0.0
garowe,2025072911,8.4,48.48,683.88,32.91,13.27,15.31,32.79,0.0
garowe,2025072912,8.4,48.48,456.42,32.54,12.58,14.64,33.1,0.0
garowe,2025072913,8.4,48.48,234.57,31.69,11.9,14.09,34.51,0.0
garowe,2025072914,8.4,48.48,60.53,30.52,10.74,13.31,36.8,0.0
garowe,2025072915,8.4,48.48,0.0,29.42,9.43,12.35,39.51,0.0
garowe,2025072916,8.4,48.48,0.0,28.65,9.02,11.98,42.0,0.0
garowe,2025072917,8.4,48.48,0.0,27.93,8.84,11.67,44.63,0.0
garowe,2025072918,8.4,48.48,0.0,27.13,7.88,10.43,47.72,0.0
garowe,2025072919,8.4,48.48,0.0,26.41,7.53,10.04,50.97,0.0
garowe,2025072920,8.4,48.48,0.0,25.76,7.48,9.9,54.59,0.0
garowe,2025072921,8.4,48.48,0.0,25.15,7.61,9.94,58.28,0.0
garowe,2025072922,8.4,48.48,0.0,24.5,7.82,10.11,62.19,0.0
garowe,2025072923,8.4,48.48,0.0,23.82,9.02,11.59,66.48,0.0
garowe,2025073000,8.4,48.48,0.0,23.14,9.55,12.03,70.57,0.0
garowe,2025073001,8.4,48.48,0.0,22.51,9.77,12.24,74.04,0.0
garowe,2025073002,8.4,48.48,3.47,22.02,9.89,12.35,76.15,0.0
garowe,2025073003,8.4,48.48,96.68,22.54,11.53,14.13,72.45,0.0
garowe,2025073004,8.4,48.48,263.9,24.23,13.13,15.67,62.95,0.0
garowe,2025073005,8.4,48.48,444.75,26.42,14.37,16.92,53.24,0.0
garowe,2025073006,8.4,48.48,623.33,28.53,15.04,17.52,45.68,0.0
garowe,2025073007,8.4,48.48,742.22,30.35,15.06,17.4,39.8,0.0
garowe,2025073008,8.4,48.48,875.12,31.82,14.78,16.99,35.47,0.0
garowe,2025073009,8.4,48.48,933.47,33.02,14.38,16.49,32.42,0.0
garowe,2025073010,8.4,48.48,842.97,33.81,13.96,16.03,30.52,0.0
garowe,2025073011,8.4,48.48,688.83,34.04,13.46,15.56,29.8,0.0
garowe,2025073012,8.4,48.48,481.83,33.72,12.79,14.93,30.06,0.0
garowe,2025073013,8.4,48.48,250.43,33.0,12.0,14.29,31.1,0.0
garowe,2025073014,8.4,48.48,64.55,31.86,10.72,13.46,32.93,0.0
garowe,2025073015,8.4,48.48,0.0,30.54,9.43,12.66,35.42,0.0
garowe,2025073016,8.4,48.48,0.0,29.71,9.31,12.55,37.21,0.0
garowe,2025073017,8.4,48.48,0.0,28.97,9.24,12.36,38.82,0.0
garowe,2025073018,8.4,48.48,0.0,28.18,8.89,11.84,40.53,0.0
garowe,2025073019,8.4,48.48,0.0,27.37,8.51,11.41,42.4,0.0
garowe,2025073020,8.4,48.48,0.0,26.7,8.61,11.39,44.21,0.0
garowe,2025073021,8.4,48.48,0.0,26.09,8.88,11.53,46.25,0.0
garowe,2025073022,8.4,48.48,0.0,25.48,9.21,11.79,49.34,0.0
garowe,2025073023,8.4,48.48,0.0,24.88,9.67,12.27,53.68,0.0
garowe,2025073100,8.4,48.48,0.0,24.26,10.54,13.41,59.11,0.0
garowe,2025073101,8.4,48.48,0.0,23.58,11.54,14.45,65.13,0.0
garowe,2025073102,8.4,48.48,3.6,23.02,11.55,14.37,69.7,0.0
garowe,2025073103,8.4,48.48,99.7,23.29,12.83,15.7,70.45,0.0
garowe,2025073104,8.4,48.48,289.38,24.77,14.21,17.0,64.59,0.0
garowe,2025073105,8.4,48.48,505.12,26.86,15.2,17.94,56.19,0.0
garowe,2025073106,8.4,48.48,631.85,28.9,15.72,18.36,48.77,0.0
garowe,2025073107,8.4,48.48,746.3,30.68,15.67,18.15,43.04,0.0
garowe,2025073108,8.4,48.48,794.33,32.12,15.28,17.61,38.8,0.0
garowe,2025073109,8.4,48.48,770.3,33.24,14.79,16.99,35.72,0.0
garowe,2025073110,8.4,48.48,584.6,33.93,14.28,16.42,33.95,0.0
garowe,2025073111,8.4,48.48,543.47,34.2,13.77,15.89,33.14,0.0
garowe,2025073112,8.4,48.48,391.98,33.8,13.22,15.4,33.79,0.0
garowe,2025073113,8.4,48.48,211.18,32.91,12.59,14.99,35.55,0.0
garowe,2025073114,8.4,48.48,57.6,31.83,11.62,14.37,37.9,0.0
garowe,2025073115,8.4,48.48,0.0,30.85,10.56,13.54,40.12,0.0
garowe,2025073116,8.4,48.48,0.0,30.13,10.13,13.21,41.69,0.0
garowe,2025073117,8.4,48.48,0.0,29.49,10.19,13.37,43.1,0.0
garowe,2025073118,8.4,48.48,0.0,28.91,10.71,13.95,44.54,0.0
garowe,2025073119,8.4,48.48,0.0,28.25,11.33,14.44,46.78,0.0
garowe,2025073120,8.4,48.48,0.0,27.44,11.96,15.06,50.14,0.0
garowe,2025073121,8.4,48.48,0.0,26.5,12.83,15.89,54.4,0.0
garowe,2025073122,8.4,48.48,0.0,25.46,13.29,16.27,59.23,0.0
garowe,2025073123,8.4,48.48,0.0,24.49,13.24,16.11,63.95,0.0
garowe,2025080100,8.4,48.48,0.0,23.69,12.45,15.07,68.0,0.0
garowe,2025080101,8.4,48.48,0.0,23.11,12.24,15.05,71.0,0.0
garowe,2025080102,8.4,48.48,3.22,22.7,12.23,14.99,73.04,0.0
garowe,2025080103,8.4,48.48,84.72,23.09,12.95,15.67,70.85,0.0
garowe,2025080104,8.4,48.48,223.8,24.44,14.35,17.07,63.24,0.0
garowe,2025080105,8.4,48.48,380.6,26.2,15.24,17.92,53.55,0.0
garowe,2025080106,8.4,48.48,463.67,28.12,15.65,18.23,45.21,0.0
garowe,2025080107,8.4,48.48,552.53,29.75,15.61,18.05,39.93,0.0
garowe,2025080108,8.4,48.48,600.95,31.11,15.42,17.74,36.35,0.0
garowe,2025080109,8.4,48.48,576.2,32.06,15.2,17.45,34.21,0.0
garowe,2025080110,8.4,48.48,521.9,32.74,14.76,16.96,32.83,0.0
garowe,2025080111,8.4,48.48,411.8,32.85,14.32,16.55,32.55,0.0
garowe,2025080112,8.4,48.48,278.25,32.53,13.92,16.22,33.13,0.0
garowe,2025080113,8.4,48.48,139.95,31.65,13.36,15.88,34.95,0.0
garowe,2025080114,8.4,48.48,39.47,30.44,12.3,15.16,37.66,0.0
garowe,2025080115,8.4,48.48,0.0,29.43,10.8,13.89,40.23,0.0
garowe,2025080116,8.4,48.48,0.0,28.83,9.95,13.06,41.9,0.0
garowe,2025080117,8.4,48.48,0.0,28.32,9.49,12.61,43.26,0.0
garowe,2025080118,8.4,48.48,0.0,27.83,9.23,12.31,44.52,0.0
garowe,2025080119,8.4,48.48,0.0,27.26,9.07,12.07,46.06,0.0
garowe,2025080120,8.4,48.48,0.0,26.49,8.32,10.94,48.55,0.0
garowe,2025080121,8.4,48.48,0.0,25.55,7.93,10.46,52.27,0.0
garowe,2025080122,8.4,48.48,0.0,24.71,8.16,10.61,56.64,0.0
garowe,2025080123,8.4,48.48,0.0,23.9,8.33,10.64,61.81,0.0
garowe,2025080200,8.4,48.48,0.0,23.15,8.65,11.09,67.31,0.0
garowe,2025080201,8.4,48.48,0.0,22.52,9.52,11.98,72.3,0.0
garowe,2025080202,8.4,48.48,3.58,22.08,9.62,12.08,75.62,0.0
garowe,2025080203,8.4,48.48,98.68,22.7,11.7,14.37,71.95,0.0
garowe,2025080204,8.4,48.48,249.68,24.39,13.27,15.77,62.4,0.0
garowe,2025080205,8.4,48.48,406.8,26.45,14.3,16.79,52.84,0.0
garowe,2025080206,8.4,48.48,512.67,28.38,14.89,17.3,45.33,0.0
garowe,2025080207,8.4,48.48,683.65,30.1,14.97,17.27,39.67,0.0
garowe,2025080208,8.4,48.48,868.28,31.64,14.73,16.92,35.42,0.0
garowe,2025080209,8.4,48.48,872.45,32.83,14.24,16.29,32.85,0.0
garowe,2025080210,8.4,48.48,785.6,33.49,13.6,15.56,31.63,0.0
garowe,2025080211,8.4,48.48,580.12,33.74,13.05,14.98,31.17,0.0
garowe,2025080212,8.4,48.48,413.38,33.35,12.6,14.58,31.9,0.0
garowe,2025080213,8.4,48.48,215.27,32.35,12.05,14.23,33.91,0.0
garowe,2025080214,8.4,48.48,56.45,31.1,10.93,13.49,36.75,0.0
garowe,2025080215,8.4,48.48,0.0,30.01,9.6,12.45,39.78,0.0
garowe,2025080216,8.4,48.48,0.0,29.32,9.2,12.07,42.24,0.0
garowe,2025080217,8.4,48.48,0.0,28.61,9.1,11.95,44.85,0.0
garowe,2025080218,8.4,48.48,0.0,27.88,9.07,11.94,47.58,0.0
garowe,2025080219,8.4,48.48,0.0,27.21,9.32,12.14,50.01,0.0
garowe,2025080220,8.4,48.48,0.0,26.5,9.65,12.47,52.6,0.0
garowe,2025080221,8.4,48.48,0.0,25.7,9.93,12.66,55.73,0.0
garowe,2025080222,8.4,48.48,0.0,24.82,10.29,12.96,59.59,0.0
garowe,2025080223,8.4,48.48,0.0,23.93,11.1,13.86,64.13,0.0
garowe,2025080300,8.4,48.48,0.0,23.09,11.69,14.42,68.77,0.0
garowe,2025080301,8.4,48.48,0.0,22.48,11.47,14.12,72.19,0.0
garowe,2025080302,8.4,48.48,3.17,22.07,11.25,13.86,74.36,0.0
garowe,2025080303,8.4,48.48,74.95,22.57,12.17,14.76,71.52,0.0
garowe,2025080304,8.4,48.48,173.52,24.03,13.76,16.29,63.24,0.0
garowe,2025080305,8.4,48.48,294.92,25.76,14.63,17.11,55.07,0.0
garowe,2025080306,8.4,48.48,428.27,27.61,15.02,17.38,47.97,0.0
garowe,2025080307,8.4,48.48,643.33,29.38,14.86,17.01,42.44,0.0
garowe,2025080308,8.4,48.48,767.42,30.79,14.24,16.22,38.67,0.0
garowe,2025080309,8.4,48.48,632.22,31.82,13.6,15.44,36.15,0.0
garowe,2025080310,8.4,48.48,730.42,32.47,13.06,14.84,34.5,0.0
garowe,2025080311,8.4,48.48,627.75,32.19,12.47,14.32,34.69,0.0
garowe,2025080312,8.4,48.48,449.55,31.55,11.86,13.82,35.67,0.0
garowe,2025080313,8.4,48.48,229.15,30.85,11.36,13.5,36.95,0.0
garowe,2025080314,8.4,48.48,58.05,29.9,10.66,13.14,39.0,0.0
garowe,2025080315,8.4,48.48,0.0,28.77,9.45,12.33,41.84,0.0
garowe,2025080316,8.4,48.48,0.0,28.05,8.91,11.73,43.97,0.0
garowe,2025080317,8.4,48.48,0.0,27.35,8.26,11.0,46.04,0.0
garowe,2025080318,8.4,48.48,0.0,26.81,8.07,10.81,47.61,0.0
garowe,2025080319,8.4,48.48,0.0,26.29,7.81,10.5,49.1,0.0
garowe,2025080320,8.4,48.48,0.0,25.8,7.83,10.44,50.66,0.0
garowe,2025080321,8.4,48.48,0.0,25.39,8.0,10.4,52.31,0.0
garowe,2025080322,8.4,48.48,0.0,25.04,8.47,10.69,54.36,0.0
garowe,2025080323,8.4,48.48,0.0,24.43,9.13,11.47,57.83,0.0
garowe,2025080400,8.4,48.48,0.0,23.64,10.49,12.87,61.86,0.0
garowe,2025080401,8.4,48.48,0.0,22.88,10.97,13.38,65.14,0.0
garowe,2025080402,8.4,48.48,2.83,22.25,11.24,13.77,67.51,0.0
garowe,2025080403,8.4,48.48,91.65,22.48,11.93,14.45,66.35,0.0
garowe,2025080404,8.4,48.48,282.23,23.91,13.19,15.64,59.92,0.0
garowe,2025080405,8.4,48.48,519.97,25.87,14.27,16.67,51.72,0.0
garowe,2025080406,8.4,48.48,691.55,27.74,14.67,16.95,44.81,0.0
garowe,2025080407,8.4,48.48,778.0,29.35,14.54,16.64,39.79,0.0
garowe,2025080408,8.4,48.48,781.88,30.52,14.16,16.08,36.79,0.0
garowe,2025080409,8.4,48.48,744.08,31.32,13.72,15.54,35.08,0.0
garowe,2025080410,8.4,48.48,770.6,31.64,13.3,15.08,34.58,0.0
garowe,2025080411,8.4,48.48,558.92,31.62,12.93,14.76,34.69,0.0
garowe,2025080412,8.4,48.48,389.2,31.35,12.56,14.45,35.31,0.0
garowe,2025080413,8.4,48.48,198.7,30.54,12.03,14.12,37.15,0.0
garowe,2025080414,8.4,48.48,50.85,29.36,11.14,13.62,40.03,0.0
garowe,2025080415,8.4,48.48,0.0,28.28,9.9,12.72,42.99,0.0
garowe,2025080416,8.4,48.48,0.0,27.63,9.39,12.32,45.13,0.0
garowe,2025080417,8.4,48.48,0.0,27.09,9.28,12.23,46.98,0.0
garowe,2025080418,8.4,48.48,0.0,26.59,9.38,12.36,48.62,0.0
garowe,2025080419,8.4,48.48,0.0,26.07,9.6,12.52,50.22,0.0
garowe,2025080420,8.4,48.48,0.0,25.49,9.57,12.38,51.95,0.0
garowe,2025080421,8.4,48.48,0.0,24.98,9.52,12.15,53.63,0.0
garowe,2025080422,8.4,48.48,0.0,24.37,8.84,11.31,56.06,0.0
garowe,2025080423,8.4,48.48,0.0,23.74,8.81,11.23,59.36,0.0
garowe,2025080500,8.4,48.48,0.0,23.06,9.09,11.38,63.63,0.0
garowe,2025080501,8.4,48.48,0.0,22.41,9.06,11.28,67.83,0.0
garowe,2025080502,8.4,48.48,3.65,21.81,9.09,11.25,70.9,0.0
garowe,2025080503,8.4,48.48,107.78,22.24,11.8,14.5,68.14,0.0
garowe,2025080504,8.4,48.48,301.55,23.92,13.58,16.05,60.23,0.0
garowe,2025080505,8.4,48.48,504.77,26.08,14.39,16.79,51.84,0.0
garowe,2025080506,8.4,48.48,582.15,28.17,14.63,16.85,45.01,0.0
garowe,2025080507,8.4,48.48,638.72,30.02,14.26,16.28,39.87,0.0
garowe,2025080508,8.4,48.48,691.95,31.54,13.76,15.63,36.13,0.0
garowe,2025080509,8.4,48.48,680.35,32.53,13.35,15.13,33.85,0.0
garowe,2025080510,8.4,48.48,681.72,33.07,12.98,14.73,32.6,0.0
garowe,2025080511,8.4,48.48,587.25,33.2,12.69,14.45,32.17,0.0
garowe,2025080512,8.4,48.48,468.92,32.7,12.4,14.26,33.02,0.0
garowe,2025080513,8.4,48.48,238.38,31.68,12.06,14.16,35.02,0.0
garowe,2025080514,8.4,48.48,58.1,30.32,11.4,13.92,38.0,0.0
garowe,2025080515,8.4,48.48,0.0,29.11,10.43,13.26,40.99,0.0
garowe,2025080516,8.4,48.48,0.0,28.31,10.09,12.99,43.24,0.0
garowe,2025080517,8.4,48.48,0.0,27.65,9.75,12.54,45.16,0.0
garowe,2025080518,8.4,48.48,0.0,27.12,9.7,12.53,46.61,0.0
garowe,2025080519,8.4,48.48,0.0,26.54,9.49,12.08,48.17,0.0
garowe,2025080520,8.4,48.48,0.0,25.94,9.31,11.91,49.92,0.0
garowe,2025080521,8.4,48.48,0.0,25.38,9.13,11.7,51.9,0.0
garowe,2025080522,8.4,48.48,0.0,24.85,9.18,11.72,54.13,0.0
garowe,2025080523,8.4,48.48,0.0,24.31,9.19,11.61,56.81,0.0
garowe,2025080600,8.4,48.48,0.0,23.65,9.44,12.02,60.18,0.0
garowe,2025080601,8.4,48.48,0.0,22.99,9.48,11.98,63.87,0.0
garowe,2025080602,8.4,48.48,2.92,22.45,9.53,11.95,67.27,0.0
garowe,2025080603,8.4,48.48,81.0,22.87,11.17,13.7,66.98,0.0
garowe,2025080604,8.4,48.48,201.57,24.37,13.04,15.47,61.76,0.0
garowe,2025080605,8.4,48.48,377.58,26.31,13.91,16.25,54.24,0.0
garowe,2025080606,8.4,48.48,454.48,28.2,14.14,16.31,47.29,0.0
garowe,2025080607,8.4,48.48,571.75,29.84,14.03,16.05,42.14,0.0
garowe,2025080608,8.4,48.48,659.78,31.23,13.66,15.58,38.44,0.0
garowe,2025080609,8.4,48.48,616.67,32.26,13.05,14.84,35.91,0.0
garowe,2025080610,8.4,48.48,556.72,32.83,12.34,14.04,34.44,0.0
garowe,2025080611,8.4,48.48,470.42,32.7,11.7,13.36,34.55,0.0
garowe,2025080612,8.4,48.48,347.05,32.23,11.23,12.94,35.44,0.0
garowe,2025080613,8.4,48.48,184.3,31.39,10.92,12.8,37.18,0.0
garowe,2025080614,8.4,48.48,51.03,30.24,10.19,12.51,39.71,0.0
garowe,2025080615,8.4,48.48,0.0,29.17,8.95,11.66,42.25,0.0
garowe,2025080616,8.4,48.48,0.0,28.49,8.38,11.02,44.02,0.0
garowe,2025080617,8.4,48.48,0.0,27.75,7.34,9.92,46.07,0.0
garowe,2025080618,8.4,48.48,0.0,27.08,6.81,9.46,48.11,0.0
garowe,2025080619,8.4,48.48,0.0,26.51,7.1,9.71,50.14,0.0
garowe,2025080620,8.4,48.48,0.0,25.83,7.7,10.22,53.07,0.0
garowe,2025080621,8.4,48.48,0.0,25.19,8.13,10.61,56.78,0.0
garowe,2025080622,8.4,48.48,0.0,24.51,8.51,11.12,61.02,0.0
garowe,2025080623,8.4,48.48,0.0,23.76,9.55,12.17,65.37,0.0
garowe,2025080700,8.4,48.48,0.0,23.13,9.31,11.81,68.74,0.0
garowe,2025080701,8.4,48.48,0.0,22.62,8.93,11.27,71.32,0.0
garowe,2025080702,8.4,48.48,3.35,22.25,8.92,11.24,73.26,0.0
garowe,2025080703,8.4,48.48,96.1,22.96,10.56,12.88,70.58,0.0
garowe,2025080704,8.4,48.48,249.73,24.79,12.23,14.45,63.07,0.0
garowe,2025080705,8.4,48.48,429.55,26.96,13.08,15.23,54.36,0.0
garowe,2025080706,8.4,48.48,567.72,28.93,13.31,15.29,46.97,0.0
garowe,2025080707,8.4,48.48,696.53,30.66,13.16,15.0,41.12,0.0
garowe,2025080708,8.4,48.48,689.7,32.1,12.88,14.61,36.91,0.0
garowe,2025080709,8.4,48.48,648.25,32.99,12.48,14.12,34.44,0.0
garowe,2025080710,8.4,48.48,555.75,33.29,11.96,13.55,33.43,0.0
garowe,2025080711,8.4,48.48,439.08,33.2,11.54,13.13,33.34,0.0
garowe,2025080712,8.4,48.48,315.4,32.61,11.36,13.05,34.39,0.0
garowe,2025080713,8.4,48.48,176.93,31.64,11.19,13.08,36.43,0.0
garowe,2025080714,8.4,48.48,50.47,30.27,10.5,12.78,39.69,0.0
garowe,2025080715,8.4,48.48,0.0,28.98,9.49,12.08,43.49,0.0
garowe,2025080716,8.4,48.48,0.0,28.01,8.97,11.55,47.11,0.0
garowe,2025080717,8.4,48.48,0.0,27.18,8.62,11.18,50.48,0.0
garowe,2025080718,8.4,48.48,0.0,26.46,8.17,10.65,53.38,0.0
garowe,2025080719,8.4,48.48,0.0,25.77,7.64,10.05,56.09,0.0
garowe,2025080720,8.4,48.48,0.0,25.17,7.55,9.97,58.66,0.0
garowe,2025080721,8.4,48.48,0.0,24.58,7.52,9.89,61.5,0.0
garowe,2025080722,8.4,48.48,0.0,24.0,7.58,9.94,64.81,0.0
garowe,2025080723,8.4,48.48,0.0,23.39,8.15,10.51,68.87,0.0
garowe,2025080800,8.4,48.48,0.0,22.8,8.49,10.8,73.22,0.0
garowe,2025080801,8.4,48.48,0.0,22.31,8.6,10.84,77.19,0.0
garowe,2025080802,8.4,48.48,3.35,22.0,8.71,10.9,79.92,0.0
garowe,2025080803,8.4,48.48,96.7,22.71,10.33,12.57,76.21,0.0
garowe,2025080804,8.4,48.48,247.35,24.57,11.65,13.66,65.93,0.0
garowe,2025080805,8.4,48.48,410.3,26.86,12.01,13.82,55.53,0.0
garowe,2025080806,8.4,48.48,493.1,28.99,11.89,13.5,47.83,0.0
garowe,2025080807,8.4,48.48,679.3,30.76,11.6,13.07,42.46,0.0
garowe,2025080808,8.4,48.48,718.58,32.09,11.31,12.7,38.8,0.0
garowe,2025080809,8.4,48.48,683.95,33.16,11.2,12.53,35.93,0.0
garowe,2025080810,8.4,48.48,596.42,33.56,11.1,12.46,34.47,0.0
garowe,2025080811,8.4,48.48,377.95,33.61,11.03,12.43,33.66,0.0
garowe,2025080812,8.4,48.48,256.25,32.95,10.91,12.44,34.14,0.0
garowe,2025080813,8.4,48.48,143.45,32.03,10.67,12.42,35.1,0.0
garowe,2025080814,8.4,48.48,37.1,30.8,9.81,12.02,36.81,0.0
garowe,2025080815,8.4,48.48,0.0,29.59,8.43,11.13,39.01,0.0
garowe,2025080816,8.4,48.48,0.0,28.75,7.84,10.59,40.91,0.0
garowe,2025080817,8.4,48.48,0.0,28.03,7.59,10.29,42.85,0.0
garowe,2025080818,8.4,48.48,0.0,27.28,7.12,9.76,45.29,0.0
garowe,2025080819,8.4,48.48,0.0,26.62,7.16,9.91,47.99,0.0
garowe,2025080820,8.4,48.48,0.0,25.91,6.73,9.26,51.38,0.0
garowe,2025080821,8.4,48.48,0.0,25.19,6.2,8.58,55.03,0.0
garowe,2025080822,8.4,48.48,0.0,24.51,5.92,8.22,58.71,0.0
garowe,2025080823,8.4,48.48,0.0,23.87,6.07,8.29,62.59,0.0
garowe,2025080900,8.4,48.48,0.0,23.29,6.25,8.41,66.59,0.0
garowe,2025080901,8.4,48.48,0.0,22.74,6.45,8.54,70.86,0.0
garowe,2025080902,8.4,48.48,3.12,22.29,6.87,8.8,74.83,0.0
garowe,2025080903,8.4,48.48,102.68,23.07,9.24,11.37,73.04,0.0
garowe,2025080904,8.4,48.48,299.42,25.13,11.15,13.12,63.88,0.0
garowe,2025080905,8.4,48.48,533.95,27.55,11.8,13.63,53.46,0.0
garowe,2025080906,8.4,48.48,730.65,29.79,11.82,13.49,45.56,0.0
garowe,2025080907,8.4,48.48,864.25,31.7,11.67,13.22,39.98,0.0
garowe,2025080908,8.4,48.48,933.03,33.17,11.5,12.96,36.17,0.0
garowe,2025080909,8.4,48.48,855.88,34.23,11.27,12.65,33.43,0.0
garowe,2025080910,8.4,48.48,743.88,34.81,10.84,12.16,31.77,0.0
garowe,2025080911,8.4,48.48,643.5,34.92,10.36,11.65,31.04,0.0
garowe,2025080912,8.4,48.48,416.62,34.48,9.98,11.32,31.49,0.0
garowe,2025080913,8.4,48.48,212.95,33.57,9.56,11.05,33.04,0.0
garowe,2025080914,8.4,48.48,51.17,32.19,8.48,10.56,35.87,0.0
garowe,2025080915,8.4,48.48,0.0,30.78,7.02,9.8,39.5,0.0
garowe,2025080916,8.4,48.48,0.0,29.98,6.79,9.56,42.45,0.0
garowe,2025080917,8.4,48.48,0.0,29.39,7.08,9.77,45.39,0.0
garowe,2025080918,8.4,48.48,0.0,28.86,7.58,10.15,48.59,0.0
garowe,2025080919,8.4,48.48,0.0,28.23,7.99,10.45,52.29,0.0
garowe,2025080920,8.4,48.48,0.0,27.49,8.29,10.69,56.35,0.0
garowe,2025080921,8.4,48.48,0.0,26.62,8.44,10.75,60.62,0.0
garowe,2025080922,8.4,48.48,0.0,25.68,8.89,11.09,65.11,0.0
garowe,2025080923,8.4,48.48,0.0,24.67,9.11,11.31,70.07,0.0
garowe,2025081000,8.4,48.48,0.0,23.8,9.09,11.22,74.46,0.0
garowe,2025081001,8.4,48.48,0.0,23.16,9.0,11.11,77.69,0.0
garowe,2025081002,8.4,48.48,3.4,22.72,8.95,11.08,79.66,0.0
garowe,2025081003,8.4,48.48,102.45,23.35,10.2,12.29,75.78,0.0
garowe,2025081004,8.4,48.48,272.42,25.22,11.34,13.26,65.63,0.0
garowe,2025081005,8.4,48.48,465.48,27.45,11.78,13.52,55.73,0.0
garowe,2025081006,8.4,48.48,622.6,29.53,11.85,13.43,47.98,0.0
garowe,2025081007,8.4,48.48,642.42,31.3,11.74,13.23,42.27,0.0
garowe,2025081008,8.4,48.48,692.33,32.66,11.53,12.96,38.37,0.0
garowe,2025081009,8.4,48.48,713.0,33.63,11.27,12.66,35.72,0.0
garowe,2025081010,8.4,48.48,663.2,34.22,10.97,12.31,33.99,0.0
garowe,2025081011,8.4,48.48,636.5,34.26,10.64,11.97,33.41,0.0
garowe,2025081012,8.4,48.48,481.02,33.74,10.29,11.7,33.98,0.0
garowe,2025081013,8.4,48.48,255.68,32.82,10.0,11.58,35.53,0.0
garowe,2025081014,8.4,48.48,58.75,31.46,9.33,11.39,38.32,0.0
garowe,2025081015,8.4,48.48,0.0,30.18,8.18,10.76,41.36,0.0
garowe,2025081016,8.4,48.48,0.0,29.33,7.53,10.18,43.8,0.0
garowe,2025081017,8.4,48.48,0.0,28.65,7.03,9.7,45.9,0.0
garowe,2025081018,8.4,48.48,0.0,27.95,6.44,9.14,48.2,0.0
garowe,2025081019,8.4,48.48,0.0,27.21,6.16,8.79,51.0,0.0
garowe,2025081020,8.4,48.48,0.0,26.47,6.47,8.97,54.64,0.0
garowe,2025081021,8.4,48.48,0.0,25.75,7.04,9.39,59.63,0.0
garowe,2025081022,8.4,48.48,0.0,24.96,7.69,10.02,66.24,0.0
garowe,2025081023,8.4,48.48,0.0,24.04,8.89,11.17,73.46,0.0
garowe,2025081100,8.4,48.48,0.0,23.32,8.87,11.05,78.26,0.0
garowe,2025081101,8.4,48.48,0.0,22.91,9.33,11.64,80.05,0.0
garowe,2025081102,8.4,48.48,3.67,22.6,9.36,11.63,80.36,0.0
garowe,2025081103,8.4,48.48,124.9,23.18,10.29,12.36,75.74,0.0
garowe,2025081104,8.4,48.48,354.7,24.88,11.12,12.94,65.85,0.0
garowe,2025081105,8.4,48.48,590.25,26.99,11.61,13.27,55.72,0.0
garowe,2025081106,8.4,48.48,789.53,29.0,11.72,13.25,47.78,0.0
garowe,2025081107,8.4,48.48,927.3,30.64,11.67,13.12,42.28,0.0
garowe,2025081108,8.4,48.48,986.8,32.02,11.63,13.03,38.26,0.0
garowe,2025081109,8.4,48.48,971.95,33.07,11.52,12.89,35.36,0.0
garowe,2025081110,8.4,48.48,831.8,33.59,11.27,12.64,33.71,0.0
garowe,2025081111,8.4,48.48,629.25,33.61,10.99,12.37,33.07,0.0
garowe,2025081112,8.4,48.48,402.38,33.03,10.64,12.09,33.67,0.0
garowe,2025081113,8.4,48.48,203.65,32.2,10.09,11.7,34.76,0.0
garowe,2025081114,8.4,48.48,47.2,31.03,9.08,11.13,36.62,0.0
garowe,2025081115,8.4,48.48,0.0,29.77,7.62,10.33,39.35,0.0
garowe,2025081116,8.4,48.48,0.0,28.89,6.84,9.59,41.96,0.0
garowe,2025081117,8.4,48.48,0.0,28.01,6.08,8.86,44.93,0.0
garowe,2025081118,8.4,48.48,0.0,27.24,5.94,8.68,48.06,0.0
garowe,2025081119,8.4,48.48,0.0,26.49,6.13,8.72,51.54,0.0
garowe,2025081120,8.4,48.48,0.0,25.73,6.45,8.9,55.45,0.0
garowe,2025081121,8.4,48.48,0.0,24.99,6.77,9.1,58.72,0.0
garowe,2025081122,8.4,48.48,0.0,24.19,6.83,8.96,61.59,0.0
garowe,2025081123,8.4,48.48,0.0,23.37,7.16,9.26,64.29,0.0
garowe,2025081200,8.4,48.48,0.0,22.61,7.47,9.46,66.75,0.0
garowe,2025081201,8.4,48.48,0.0,21.94,7.38,9.3,69.06,0.0
garowe,2025081202,8.4,48.48,3.62,21.4,7.43,9.32,71.13,0.0
garowe,2025081203,8.4,48.48,125.4,22.03,9.56,11.62,67.92,0.0
garowe,2025081204,8.4,48.48,358.9,24.21,11.01,12.89,58.21,0.0
garowe,2025081205,8.4,48.48,597.95,27.04,11.56,13.3,48.45,0.0
garowe,2025081206,8.4,48.48,797.85,29.55,11.62,13.2,41.45,0.0
garowe,2025081207,8.4,48.48,938.72,31.58,11.56,13.06,36.0,0.0
garowe,2025081208,8.4,48.48,987.05,33.13,11.42,12.85,31.81,0.0
garowe,2025081209,8.4,48.48,968.55,34.19,11.04,12.38,28.85,0.0
garowe,2025081210,8.4,48.48,871.38,34.76,10.48,11.73,26.75,0.0
garowe,2025081211,8.4,48.48,716.45,34.92,9.96,11.16,25.45,0.0
garowe,2025081212,8.4,48.48,506.08,34.53,9.53,10.75,25.05,0.0
garowe,2025081213,8.4,48.48,267.0,33.56,9.03,10.39,25.66,0.0
garowe,2025081214,8.4,48.48,59.6,31.8,7.53,9.83,27.92,0.0
garowe,2025081215,8.4,48.48,0.0,29.58,5.89,9.49,31.72,0.0
garowe,2025081216,8.4,48.48,0.0,28.49,6.07,9.56,33.84,0.0
garowe,2025081217,8.4,48.48,0.0,27.52,6.31,9.65,36.08,0.0
garowe,2025081218,8.4,48.48,0.0,26.62,6.48,9.66,38.76,0.0
garowe,2025081219,8.4,48.48,0.0,25.74,6.67,9.67,42.02,0.0
garowe,2025081220,8.4,48.48,0.0,24.93,6.84,9.71,45.51,0.0
garowe,2025081221,8.4,48.48,0.0,24.2,7.01,9.77,49.17,0.0
garowe,2025081222,8.4,48.48,0.0,23.55,7.12,9.82,52.88,0.0
garowe,2025081223,8.4,48.48,0.0,22.93,6.87,9.41,56.95,0.0
garowe,2025081300,8.4,48.48,0.0,22.25,6.13,8.61,61.52,0.0
garowe,2025081301,8.4,48.48,0.0,21.7,5.94,8.41,66.06,0.0
garowe,2025081302,8.4,48.48,3.8,21.28,6.1,8.35,70.23,0.0
garowe,2025081303,8.4,48.48,130.18,22.14,8.03,9.79,68.57,0.0
garowe,2025081304,8.4,48.48,369.5,24.42,10.07,11.76,59.1,0.0
garowe,2025081305,8.4,48.48,611.08,27.25,10.85,12.4,48.14,0.0
garowe,2025081306,8.4,48.48,812.65,29.74,10.89,12.26,40.08,0.0
garowe,2025081307,8.4,48.48,950.55,31.7,10.76,12.01,34.18,0.0
garowe,2025081308,8.4,48.48,1017.47,33.17,10.63,11.84,29.48,0.0
garowe,2025081309,8.4,48.48,1002.3,34.26,10.47,11.64,25.72,0.0
garowe,2025081310,8.4,48.48,913.58,34.94,10.23,11.38,23.04,0.0
garowe,2025081311,8.4,48.48,753.67,35.12,9.68,10.79,21.57,0.0
garowe,2025081312,8.4,48.48,537.1,34.75,9.04,10.14,21.12,0.0
garowe,2025081313,8.4,48.48,288.33,33.79,8.53,9.77,21.6,0.0
garowe,2025081314,8.4,48.48,65.9,31.85,6.99,9.5,23.84,0.0
garowe,2025081315,8.4,48.48,0.0,29.34,5.8,9.87,27.79,0.0
garowe,2025081316,8.4,48.48,0.0,28.38,6.32,10.14,29.83,0.0
garowe,2025081317,8.4,48.48,0.0,27.46,6.53,10.16,32.07,0.0
garowe,2025081318,8.4,48.48,0.0,26.63,6.79,10.25,34.29,0.0
garowe,2025081319,8.4,48.48,0.0,25.87,7.25,10.52,36.92,0.0
garowe,2025081320,8.4,48.48,0.0,25.16,7.84,10.97,40.54,0.0
garowe,2025081321,8.4,48.48,0.0,24.56,8.55,11.64,45.69,0.0
garowe,2025081322,8.4,48.48,0.0,24.06,8.56,11.3,52.98,0.0
garowe,2025081323,8.4,48.48,0.0,23.3,7.31,9.84,61.98,0.0
garowe,2025081400,8.4,48.48,0.0,22.62,7.04,9.45,70.82,0.0
garowe,2025081401,8.4,48.48,0.0,22.01,7.14,9.43,77.87,0.0
garowe,2025081402,8.4,48.48,3.9,21.54,7.45,9.6,82.23,0.0
garowe,2025081403,8.4,48.48,133.25,22.4,9.46,11.54,78.79,0.0
garowe,2025081404,8.4,48.48,372.62,24.83,11.72,13.79,66.36,0.0
garowe,2025081405,8.4,48.48,612.03,27.62,12.62,14.59,52.94,0.0
garowe,2025081406,8.4,48.48,810.55,30.17,12.76,14.56,43.01,0.0
garowe,2025081407,8.4,48.48,947.03,32.23,12.4,14.03,36.34,0.0
garowe,2025081408,8.4,48.48,1008.97,33.76,11.99,13.51,31.67,0.0
garowe,2025081409,8.4,48.48,958.17,34.82,11.63,13.11,28.25,0.0
garowe,2025081410,8.4,48.48,880.0,35.4,11.27,12.71,25.88,0.0
garowe,2025081411,8.4,48.48,738.95,35.58,10.85,12.3,24.46,0.0
garowe,2025081412,8.4,48.48,526.95,35.27,10.5,11.98,24.13,0.0
garowe,2025081413,8.4,48.48,281.77,34.37,10.04,11.7,24.92,0.0
garowe,2025081414,8.4,48.48,64.15,32.82,8.7,11.16,26.85,0.0
garowe,2025081415,8.4,48.48,0.0,31.01,7.11,10.28,29.53,0.0
garowe,2025081416,8.4,48.48,0.0,29.83,6.62,9.7,31.58,0.0
garowe,2025081417,8.4,48.48,0.0,28.95,6.52,9.52,33.55,0.0
garowe,2025081418,8.4,48.48,0.0,28.18,6.48,9.36,35.7,0.0
garowe,2025081419,8.4,48.48,0.0,27.48,6.5,9.23,37.97,0.0
garowe,2025081420,8.4,48.48,0.0,26.78,6.69,9.27,40.58,0.0
garowe,2025081421,8.4,48.48,0.0,26.08,6.86,9.3,44.12,0.0
garowe,2025081422,8.4,48.48,0.0,25.39,7.06,9.43,48.84,0.0
garowe,2025081423,8.4,48.48,0.0,24.7,7.42,9.9,54.55,0.0
garowe,2025081500,8.4,48.48,0.0,24.05,8.75,11.3,61.37,0.0
garowe,2025081501,8.4,48.48,0.0,23.38,8.89,11.43,67.17,0.0
garowe,2025081502,8.4,48.48,3.72,22.84,8.88,11.37,71.82,0.0
garowe,2025081503,8.4,48.48,128.32,23.57,10.61,13.08,70.84,0.0
garowe,2025081504,8.4,48.48,360.52,25.69,12.46,14.75,62.68,0.0
garowe,2025081505,8.4,48.48,594.0,28.06,13.17,15.33,52.78,0.0
garowe,2025081506,8.4,48.48,784.97,30.17,13.4,15.43,44.59,0.0
garowe,2025081507,8.4,48.48,920.1,31.71,13.15,15.04,39.24,0.01
garowe,2025081508,8.4,48.48,992.28,32.99,12.74,14.51,35.41,0.02
garowe,2025081509,8.4,48.48,871.12,34.08,12.34,14.01,32.4,0.03
garowe,2025081510,8.4,48.48,668.53,34.8,11.99,13.56,30.36,0.03
garowe,2025081511,8.4,48.48,573.5,34.78,11.57,13.14,29.78,0.03
garowe,2025081512,8.4,48.48,362.67,34.25,11.13,12.75,30.15,0.02
garowe,2025081513,8.4,48.48,179.68,33.48,10.51,12.27,30.97,0.0
garowe,2025081514,8.4,48.48,44.5,32.2,9.05,11.37,32.85,0.0
garowe,2025081515,8.4,48.48,0.0,30.74,7.16,10.23,35.3,0.0
garowe,2025081516,8.4,48.48,0.0,29.74,6.38,9.49,37.12,0.0
garowe,2025081517,8.4,48.48,0.0,28.85,6.09,9.14,39.06,0.0
garowe,2025081518,8.4,48.48,0.0,28.1,6.38,9.33,41.29,0.0
garowe,2025081519,8.4,48.48,0.0,27.42,7.28,10.05,44.49,0.0
garowe,2025081520,8.4,48.48,0.0,26.76,8.3,10.91,48.88,0.0
garowe,2025081521,8.4,48.48,0.0,25.95,8.93,11.43,54.48,0.0
garowe,2025081522,8.4,48.48,0.0,25.06,9.57,12.07,60.65,0.0
garowe,2025081523,8.4,48.48,0.0,24.12,9.89,12.39,66.62,0.0
garowe,2025081600,8.4,48.48,0.0,23.2,10.09,12.41,71.46,0.0
garowe,2025081601,8.4,48.48,0.0,22.49,9.69,11.92,75.04,0.0
garowe,2025081602,8.4,48.48,3.7,21.97,9.67,11.93,77.61,0.0
garowe,2025081603,8.4,48.48,125.75,22.62,10.88,13.08,73.99,0.0
garowe,2025081604,8.4,48.48,354.6,24.61,12.22,14.3,63.87,0.0
garowe,2025081605,8.4,48.48,591.0,27.02,12.98,14.99,53.63,0.0
garowe,2025081606,8.4,48.48,772.78,29.35,13.33,15.23,45.52,0.0
garowe,2025081607,8.4,48.48,835.2,31.29,13.27,15.06,39.84,0.0
garowe,2025081608,8.4,48.48,896.85,32.82,12.93,14.63,35.93,0.0
garowe,2025081609,8.4,48.48,804.0,33.93,12.4,13.99,33.39,0.0
garowe,2025081610,8.4,48.48,719.7,34.54,11.85,13.39,31.82,0.0
garowe,2025081611,8.4,48.48,576.0,34.71,11.63,13.16,30.93,0.0
garowe,2025081612,8.4,48.48,412.83,33.99,11.5,13.19,31.61,0.0
garowe,2025081613,8.4,48.48,209.12,32.98,11.21,13.15,32.82,0.0
garowe,2025081614,8.4,48.48,48.08,31.71,10.38,12.82,34.72,0.0
garowe,2025081615,8.4,48.48,0.0,30.57,9.26,12.11,36.65,0.0
garowe,2025081616,8.4,48.48,0.0,29.77,8.96,11.86,38.18,0.0
garowe,2025081617,8.4,48.48,0.0,28.95,8.32,11.12,39.98,0.0
garowe,2025081618,8.4,48.48,0.0,28.16,7.89,10.55,41.87,0.0
garowe,2025081619,8.4,48.48,0.0,27.36,7.71,10.41,43.96,0.0
garowe,2025081620,8.4,48.48,0.0,26.63,8.02,10.68,45.95,0.0
garowe,2025081621,8.4,48.48,0.0,25.93,8.15,10.6,48.23,0.0
garowe,2025081622,8.4,48.48,0.0,25.25,8.45,11.07,51.07,0.0
garowe,2025081623,8.4,48.48,0.0,24.27,9.27,11.68,55.81,0.0
garowe,2025081700,8.4,48.48,0.0,23.25,9.2,11.34,61.39,0.0
garowe,2025081701,8.4,48.48,0.0,22.58,9.46,11.6,65.63,0.0
garowe,2025081702,8.4,48.48,3.42,22.07,9.84,12.04,68.92,0.0
garowe,2025081703,8.4,48.48,100.38,22.45,10.99,13.18,67.71,0.0
garowe,2025081704,8.4,48.48,272.1,24.24,12.36,14.54,58.97,0.0
garowe,2025081705,8.4,48.48,453.65,26.67,13.21,15.36,49.1,0.0
garowe,2025081706,8.4,48.48,542.65,28.96,13.7,15.78,42.0,0.0
garowe,2025081707,8.4,48.48,657.47,30.79,13.84,15.82,37.34,0.0
garowe,2025081708,8.4,48.48,822.67,32.14,13.68,15.56,34.39,0.0
garowe,2025081709,8.4,48.48,735.6,32.86,13.41,15.24,32.9,0.0
garowe,2025081710,8.4,48.48,634.95,33.11,13.16,15.01,32.29,0.0
garowe,2025081711,8.4,48.48,526.97,33.06,13.02,14.94,32.09,0.01
garowe,2025081712,8.4,48.48,315.83,32.73,12.81,14.82,32.38,0.01
garowe,2025081713,8.4,48.48,149.65,31.9,12.32,14.55,33.64,0.0
garowe,2025081714,8.4,48.48,34.2,30.7,11.18,13.8,35.86,0.0
garowe,2025081715,8.4,48.48,0.0,29.61,9.62,12.46,38.06,0.0
garowe,2025081716,8.4,48.48,0.0,28.86,8.51,11.11,39.64,0.0
garowe,2025081717,8.4,48.48,0.0,28.18,7.79,10.29,41.11,0.0
garowe,2025081718,8.4,48.48,0.0,27.55,7.86,10.33,42.46,0.0
garowe,2025081719,8.4,48.48,0.0,26.84,7.3,9.85,44.05,0.0
garowe,2025081720,8.4,48.48,0.0,26.28,7.02,9.6,45.25,0.0
garowe,2025081721,8.4,48.48,0.0,25.81,6.95,9.45,46.37,0.0
garowe,2025081722,8.4,48.48,0.0,25.34,7.11,9.45,48.23,0.0
garowe,2025081723,8.4,48.48,0.0,24.68,8.5,11.09,52.35,0.0
garowe,2025081800,8.4,48.48,0.0,23.83,9.68,12.09,58.08,0.0
garowe,2025081801,8.4,48.48,0.0,23.19,9.31,11.56,62.23,0.0
garowe,2025081802,8.4,48.48,2.78,22.76,9.22,11.59,65.45,0.0
garowe,2025081803,8.4,48.48,80.47,23.07,10.67,12.93,66.05,0.0
garowe,2025081804,8.4,48.48,213.07,24.29,12.09,14.32,62.15,0.0
garowe,2025081805,8.4,48.48,382.52,25.95,13.41,15.67,56.21,0.0
garowe,2025081806,8.4,48.48,556.95,27.52,14.25,16.48,50.69,0.0
garowe,2025081807,8.4,48.48,685.2,28.76,14.48,16.63,46.37,0.0
garowe,2025081808,8.4,48.48,725.78,29.58,14.41,16.47,43.46,0.0
garowe,2025081809,8.4,48.48,607.2,29.91,14.42,16.49,42.14,0.0
garowe,2025081810,8.4,48.48,555.03,30.16,14.48,16.6,41.19,0.01
garowe,2025081811,8.4,48.48,435.98,30.07,14.22,16.39,41.2,0.0
garowe,2025081812,8.4,48.48,298.58,29.52,13.69,15.92,42.38,0.0
garowe,2025081813,8.4,48.48,142.18,28.67,13.08,15.44,44.41,0.0
garowe,2025081814,8.4,48.48,39.2,27.48,12.28,14.88,47.64,0.0
garowe,2025081815,8.4,48.48,0.0,26.42,11.3,14.02,51.0,0.0
garowe,2025081816,8.4,48.48,0.0,25.72,10.72,13.34,53.79,0.0
garowe,2025081817,8.4,48.48,0.0,25.12,10.27,12.77,56.52,0.0
garowe,2025081818,8.4,48.48,0.0,24.66,9.78,12.3,58.95,0.0
garowe,2025081819,8.4,48.48,0.0,24.35,9.42,11.93,60.69,0.0
garowe,2025081820,8.4,48.48,0.0,24.14,9.36,11.92,61.78,0.0
garowe,2025081821,8.4,48.48,0.0,23.89,9.67,12.27,62.78,0.0
garowe,2025081822,8.4,48.48,0.0,23.48,10.24,12.91,64.23,0.0
garowe,2025081823,8.4,48.48,0.0,22.92,10.83,13.45,65.64,0.0
garowe,2025081900,8.4,48.48,0.0,22.41,10.8,13.34,66.24,0.0
garowe,2025081901,8.4,48.48,0.0,21.99,10.62,13.12,66.7,0.0
garowe,2025081902,8.4,48.48,2.53,21.64,10.49,12.92,67.5,0.0
garowe,2025081903,8.4,48.48,67.95,21.8,10.82,13.15,66.5,0.0
garowe,2025081904,8.4,48.48,173.23,22.71,11.9,14.27,60.54,0.0
garowe,2025081905,8.4,48.48,311.9,24.13,12.93,15.35,50.63,0.0
garowe,2025081906,8.4,48.48,342.4,25.54,13.52,15.9,43.97,0.0
garowe,2025081907,8.4,48.48,404.67,26.84,13.68,15.98,41.34,0.0
garowe,2025081908,8.4,48.48,576.35,28.44,13.66,15.91,39.44,0.0
garowe,2025081909,8.4,48.48,612.33,30.2,13.74,15.94,36.77,0.0
garowe,2025081910,8.4,48.48,776.12,31.66,13.81,15.99,33.95,0.0
garowe,2025081911,8.4,48.48,691.75,31.94,13.69,15.91,33.29,0.0
garowe,2025081912,8.4,48.48,484.75,31.73,13.23,15.51,33.68,0.0
garowe,2025081913,8.4,48.48,250.45,31.09,12.6,15.04,35.04,0.0
garowe,2025081914,8.4,48.48,53.42,29.95,11.36,14.16,37.53,0.0
garowe,2025081915,8.4,48.48,0.0,28.82,9.94,13.02,40.35,0.0
garowe,2025081916,8.4,48.48,0.0,28.13,9.26,12.32,42.45,0.0
garowe,2025081917,8.4,48.48,0.0,27.45,8.4,11.33,44.69,0.0
garowe,2025081918,8.4,48.48,0.0,26.68,7.25,10.05,47.3,0.0
garowe,2025081919,8.4,48.48,0.0,25.98,6.94,9.7,49.87,0.0
garowe,2025081920,8.4,48.48,0.0,25.34,6.76,9.47,52.37,0.0
garowe,2025081921,8.4,48.48,0.0,24.69,6.54,9.24,55.25,0.0
garowe,2025081922,8.4,48.48,0.0,24.17,6.93,9.43,58.14,0.0
garowe,2025081923,8.4,48.48,0.0,23.68,6.89,9.22,61.23,0.0
garowe,2025082000,8.4,48.48,0.0,23.18,7.01,9.24,64.64,0.0
garowe,2025082001,8.4,48.48,0.0,22.72,7.29,9.37,67.82,0.0
garowe,2025082002,8.4,48.48,2.4,22.28,7.52,9.71,70.64,0.0
garowe,2025082003,8.4,48.48,96.15,22.94,9.71,12.0,67.8,0.0
garowe,2025082004,8.4,48.48,286.67,24.89,12.03,14.28,56.82,0.0
garowe,2025082005,8.4,48.48,529.85,27.28,13.2,15.46,44.93,0.0
garowe,2025082006,8.4,48.48,701.45,29.45,13.78,15.96,37.34,0.0
garowe,2025082007,8.4,48.48,785.8,31.21,13.87,15.93,32.73,0.0
garowe,2025082008,8.4,48.48,823.62,32.62,13.72,15.7,29.55,0.0
garowe,2025082009,8.4,48.48,819.0,33.59,13.57,15.51,27.51,0.0
garowe,2025082010,8.4,48.48,707.35,33.9,13.45,15.41,26.67,0.0
garowe,2025082011,8.4,48.48,462.23,33.88,13.38,15.41,26.42,0.0
garowe,2025082012,8.4,48.48,320.7,33.34,13.22,15.39,26.99,0.0
garowe,2025082013,8.4,48.48,164.15,32.35,12.7,15.1,28.2,0.0
garowe,2025082014,8.4,48.48,40.0,31.06,11.31,14.07,29.96,0.0
garowe,2025082015,8.4,48.48,0.0,30.0,9.59,12.59,31.68,0.0
garowe,2025082016,8.4,48.48,0.0,29.33,8.88,11.85,33.15,0.0
garowe,2025082017,8.4,48.48,0.0,28.54,8.51,11.58,35.31,0.0
garowe,2025082018,8.4,48.48,0.0,27.66,8.13,11.19,38.23,0.0
garowe,2025082019,8.4,48.48,0.0,26.71,7.37,10.17,42.14,0.0
garowe,2025082020,8.4,48.48,0.0,25.77,7.6,10.26,47.45,0.0
garowe,2025082021,8.4,48.48,0.0,24.9,8.28,10.74,54.46,0.0
garowe,2025082022,8.4,48.48,0.0,24.04,8.68,10.98,62.52,0.0
garowe,2025082023,8.4,48.48,0.0,23.24,8.73,10.87,70.04,0.0
garowe,2025082100,8.4,48.48,0.0,22.61,8.37,10.42,75.04,0.0
garowe,2025082101,8.4,48.48,0.0,22.19,8.12,10.23,77.94,0.0
garowe,2025082102,8.4,48.48,2.58,21.95,8.35,10.56,79.25,0.0
garowe,2025082103,8.4,48.48,68.93,22.76,10.17,12.41,74.02,0.0
garowe,2025082104,8.4,48.48,182.48,24.6,11.54,13.57,63.51,0.0
garowe,2025082105,8.4,48.48,313.1,26.72,12.3,14.26,52.99,0.0
garowe,2025082106,8.4,48.48,481.77,28.62,12.62,14.47,45.24,0.0
garowe,2025082107,8.4,48.48,639.12,30.22,12.65,14.41,39.85,0.0
garowe,2025082108,8.4,48.48,695.1,31.5,12.52,14.21,36.06,0.0
garowe,2025082109,8.4,48.48,688.2,32.42,12.23,13.88,33.51,0.0
garowe,2025082110,8.4,48.48,584.58,32.85,11.86,13.49,32.19,0.0
garowe,2025082111,8.4,48.48,371.83,32.67,11.5,13.17,32.26,0.0
garowe,2025082112,8.4,48.48,260.77,32.37,11.25,12.99,32.78,0.0
garowe,2025082113,8.4,48.48,112.57,31.7,10.89,12.81,34.08,0.0
garowe,2025082114,8.4,48.48,24.4,30.58,9.83,12.19,36.44,0.0
garowe,2025082115,8.4,48.48,0.0,29.68,8.27,10.94,38.4,0.0
garowe,2025082116,8.4,48.48,0.0,29.18,7.47,10.13,39.49,0.0
garowe,2025082117,8.4,48.48,0.0,28.64,6.73,9.22,40.81,0.0
garowe,2025082118,8.4,48.48,0.0,27.91,6.03,8.48,42.93,0.0
garowe,2025082119,8.4,48.48,0.0,27.09,6.32,8.64,46.09,0.0
garowe,2025082120,8.4,48.48,0.0,26.06,7.24,9.37,51.2,0.0
garowe,2025082121,8.4,48.48,0.0,24.76,8.05,10.07,58.92,0.0
garowe,2025082122,8.4,48.48,0.0,23.52,8.97,10.97,67.52,0.0
garowe,2025082123,8.4,48.48,0.0,22.74,9.32,11.39,73.14,0.0
garowe,2025082200,8.4,48.48,0.0,22.36,9.59,11.81,74.89,0.0
garowe,2025082201,8.4,48.48,0.0,22.15,9.63,11.89,74.21,0.0
garowe,2025082202,8.4,48.48,2.28,21.96,9.46,11.74,73.57,0.0
garowe,2025082203,8.4,48.48,86.8,22.5,10.16,12.29,69.96,0.0
garowe,2025082204,8.4,48.48,242.8,23.92,11.21,13.2,62.31,0.0
garowe,2025082205,8.4,48.48,471.85,26.04,11.94,13.82,52.31,0.0
garowe,2025082206,8.4,48.48,671.33,28.24,12.11,13.81,43.86,0.0
garowe,2025082207,8.4,48.48,756.17,30.02,11.96,13.52,38.32,0.0
garowe,2025082208,8.4,48.48,867.4,31.33,11.65,13.11,34.82,0.0
garowe,2025082209,8.4,48.48,872.4,32.06,11.28,12.68,32.68,0.0
garowe,2025082210,8.4,48.48,730.2,32.57,10.87,12.24,31.01,0.0
garowe,2025082211,8.4,48.48,560.38,32.71,10.62,12.0,30.25,0.0
garowe,2025082212,8.4,48.48,346.92,32.45,10.45,11.9,30.32,0.0
garowe,2025082213,8.4,48.48,165.82,31.71,10.23,11.87,31.35,0.0
garowe,2025082214,8.4,48.48,33.12,30.37,9.3,11.49,33.78,0.0
garowe,2025082215,8.4,48.48,0.0,29.0,7.71,10.49,36.81,0.0
garowe,2025082216,8.4,48.48,0.0,28.13,6.84,9.69,39.19,0.0
garowe,2025082217,8.4,48.48,0.0,27.38,6.37,9.22,41.39,0.0
garowe,2025082218,8.4,48.48,0.0,26.67,6.09,8.95,43.5,0.0
garowe,2025082219,8.4,48.48,0.0,26.02,5.89,8.68,45.74,0.0
garowe,2025082220,8.4,48.48,0.0,25.43,5.85,8.55,48.14,0.0
garowe,2025082221,8.4,48.48,0.0,24.87,5.93,8.46,50.96,0.0
garowe,2025082222,8.4,48.48,0.0,24.27,6.29,8.54,54.66,0.0
garowe,2025082223,8.4,48.48,0.0,23.62,6.29,8.39,59.28,0.0
garowe,2025082300,8.4,48.48,0.0,23.07,6.42,8.47,64.15,0.0
garowe,2025082301,8.4,48.48,0.0,22.62,6.8,8.92,68.79,0.0
garowe,2025082302,8.4,48.48,3.67,22.28,7.98,10.11,72.52,0.0
garowe,2025082303,8.4,48.48,121.18,22.86,9.64,11.69,70.92,0.0
garowe,2025082304,8.4,48.48,334.67,24.37,10.91,12.87,62.41,0.0
garowe,2025082305,8.4,48.48,571.0,26.21,11.53,13.42,51.29,0.0
garowe,2025082306,8.4,48.48,707.95,27.84,11.69,13.44,43.21,0.0
garowe,2025082307,8.4,48.48,715.08,29.32,11.77,13.4,37.51,0.0
garowe,2025082308,8.4,48.48,776.3,30.95,11.82,13.35,32.46,0.0
garowe,2025082309,8.4,48.48,834.03,32.28,11.46,12.88,28.78,0.0
garowe,2025082310,8.4,48.48,747.1,32.96,10.84,12.18,26.86,0.0
garowe,2025082311,8.4,48.48,580.75,33.12,10.17,11.46,26.12,0.0
garowe,2025082312,8.4,48.48,345.45,32.84,9.7,11.02,26.28,0.0
garowe,2025082313,8.4,48.48,170.9,32.06,9.44,10.94,27.41,0.0
garowe,2025082314,8.4,48.48,36.2,30.74,8.52,10.7,29.59,0.0
garowe,2025082315,8.4,48.48,0.0,29.09,6.87,9.77,32.96,0.0
garowe,2025082316,8.4,48.48,0.0,27.93,6.1,9.15,36.17,0.0
garowe,2025082317,8.4,48.48,0.0,27.05,5.81,8.88,39.26,0.0
garowe,2025082318,8.4,48.48,0.0,26.31,5.51,8.5,42.18,0.0
garowe,2025082319,8.4,48.48,0.0,25.58,5.4,8.35,45.05,0.0
garowe,2025082320,8.4,48.48,0.0,24.9,5.46,8.32,47.61,0.0
garowe,2025082321,8.4,48.48,0.0,24.23,5.39,8.14,50.17,0.0
garowe,2025082322,8.4,48.48,0.0,23.61,5.27,7.96,52.83,0.0
garowe,2025082323,8.4,48.48,0.0,23.12,5.28,7.91,55.6,0.0
garowe,2025082400,8.4,48.48,0.0,22.68,5.47,8.03,59.55,0.0
garowe,2025082401,8.4,48.48,0.0,22.26,5.52,7.98,64.8,0.0
garowe,2025082402,8.4,48.48,3.92,21.85,5.55,7.81,70.59,0.0
garowe,2025082403,8.4,48.48,133.27,22.81,8.11,10.11,70.44,0.0
garowe,2025082404,8.4,48.48,368.58,25.2,10.56,12.4,61.52,0.0
garowe,2025082405,8.4,48.48,608.38,27.84,10.99,12.61,50.24,0.0
garowe,2025082406,8.4,48.48,785.08,30.11,10.81,12.26,42.38,0.0
garowe,2025082407,8.4,48.48,899.95,32.03,10.61,11.95,36.97,0.0
garowe,2025082408,8.4,48.48,891.05,33.57,10.39,11.63,33.26,0.0
garowe,2025082409,8.4,48.48,796.58,34.63,10.09,11.25,31.02,0.0
garowe,2025082410,8.4,48.48,719.6,35.18,9.75,10.86,29.95,0.0
garowe,2025082411,8.4,48.48,620.97,35.15,9.4,10.51,29.93,0.0
garowe,2025082412,8.4,48.48,461.48,34.72,9.06,10.2,30.61,0.0
garowe,2025082413,8.4,48.48,240.85,33.83,8.75,10.04,32.17,0.0
garowe,2025082414,8.4,48.48,46.78,32.41,7.72,9.66,34.99,0.0
garowe,2025082415,8.4,48.48,0.0,30.81,6.11,8.96,38.61,0.0
garowe,2025082416,8.4,48.48,0.0,29.74,5.71,8.66,41.42,0.0
garowe,2025082417,8.4,48.48,0.0,28.81,5.63,8.51,44.35,0.0
garowe,2025082418,8.4,48.48,0.0,27.98,5.62,8.4,47.52,0.0
garowe,2025082419,8.4,48.48,0.0,27.13,5.62,8.3,51.25,0.0
garowe,2025082420,8.4,48.48,0.0,26.31,5.82,8.37,55.39,0.0
garowe,2025082421,8.4,48.48,0.0,25.52,6.25,8.66,59.85,0.0
garowe,2025082422,8.4,48.48,0.0,24.79,6.47,8.79,64.14,0.0
garowe,2025082423,8.4,48.48,0.0,24.13,6.64,8.91,67.83,0.0
garowe,2025082500,8.4,48.48,0.0,23.51,6.64,8.85,71.06,0.0
garowe,2025082501,8.4,48.48,0.0,22.98,6.54,8.72,73.53,0.0
garowe,2025082502,8.4,48.48,4.03,22.52,6.49,8.58,75.76,0.0
garowe,2025082503,8.4,48.48,136.82,23.29,8.14,10.01,72.51,0.0
garowe,2025082504,8.4,48.48,373.58,25.39,10.18,11.98,63.32,0.0
garowe,2025082505,8.4,48.48,612.25,28.04,10.78,12.4,53.38,0.0
garowe,2025082506,8.4,48.48,795.7,30.52,10.73,12.14,45.34,0.0
garowe,2025082507,8.4,48.48,949.58,32.61,10.36,11.62,39.22,0.0
garowe,2025082508,8.4,48.48,1033.1,34.22,9.94,11.11,34.78,0.0
garowe,2025082509,8.4,48.48,1011.08,35.35,9.55,10.67,31.6,0.0
garowe,2025082510,8.4,48.48,916.45,35.91,9.06,10.17,29.49,0.0
garowe,2025082511,8.4,48.48,752.78,35.83,8.5,9.65,28.65,0.0
garowe,2025082512,8.4,48.48,516.03,35.76,8.17,9.33,28.02,0.0
garowe,2025082513,8.4,48.48,269.42,35.23,8.03,9.35,28.17,0.0
garowe,2025082514,8.4,48.48,50.95,33.69,6.71,9.19,30.29,0.0
garowe,2025082515,8.4,48.48,0.0,31.65,5.68,9.35,34.22,0.0
garowe,2025082516,8.4,48.48,0.0,30.76,5.95,9.69,36.5,0.0
garowe,2025082517,8.4,48.48,0.0,30.04,6.39,10.02,38.67,0.0
garowe,2025082518,8.4,48.48,0.0,29.39,6.92,10.36,40.75,0.0
garowe,2025082519,8.4,48.48,0.0,28.66,7.36,10.63,42.93,0.0
garowe,2025082520,8.4,48.48,0.0,27.87,7.56,10.68,45.29,0.0
garowe,2025082521,8.4,48.48,0.0,27.09,7.75,10.71,47.68,0.0
garowe,2025082522,8.4,48.48,0.0,26.28,7.42,10.16,50.59,0.0
garowe,2025082523,8.4,48.48,0.0,25.44,7.08,9.76,54.35,0.0
garowe,2025082600,8.4,48.48,0.0,24.74,7.25,9.9,58.54,0.0
garowe,2025082601,8.4,48.48,0.0,24.07,7.6,10.14,63.44,0.0
garowe,2025082602,8.4,48.48,4.22,23.46,7.73,10.09,68.62,0.0
garowe,2025082603,8.4,48.48,144.3,24.2,9.87,12.24,67.87,0.0
garowe,2025082604,8.4,48.48,391.17,26.53,12.2,14.4,59.21,0.0
garowe,2025082605,8.4,48.48,631.35,29.18,12.89,14.95,49.35,0.0
garowe,2025082606,8.4,48.48,826.08,31.53,12.93,14.79,41.72,0.0
garowe,2025082607,8.4,48.48,931.78,33.45,12.69,14.41,36.41,0.0
garowe,2025082608,8.4,48.48,978.08,34.86,12.45,14.11,32.87,0.0
garowe,2025082609,8.4,48.48,947.1,35.84,12.18,13.74,30.69,0.0
garowe,2025082610,8.4,48.48,821.85,36.12,11.81,13.36,29.82,0.0
garowe,2025082611,8.4,48.48,665.5,36.03,11.43,13.01,29.52,0.0
garowe,2025082612,8.4,48.48,465.5,35.47,11.12,12.8,29.96,0.0
garowe,2025082613,8.4,48.48,236.98,34.46,10.65,12.57,31.17,0.0
garowe,2025082614,8.4,48.48,44.97,33.29,9.4,11.86,32.67,0.0
garowe,2025082615,8.4,48.48,0.0,32.13,7.87,10.88,34.27,0.0
garowe,2025082616,8.4,48.48,0.0,31.24,7.22,10.2,35.47,0.0
garowe,2025082617,8.4,48.48,0.0,30.34,6.87,10.0,36.94,0.0
garowe,2025082618,8.4,48.48,0.0,29.46,7.16,10.3,38.83,0.0
garowe,2025082619,8.4,48.48,0.0,28.63,7.82,10.84,41.66,0.0
garowe,2025082620,8.4,48.48,0.0,27.8,8.49,11.39,46.13,0.0
garowe,2025082621,8.4,48.48,0.0,26.95,8.87,11.62,52.47,0.0
garowe,2025082622,8.4,48.48,0.0,26.09,9.67,12.57,59.62,0.0
garowe,2025082623,8.4,48.48,0.0,25.26,10.71,13.39,65.71,0.0
garowe,2025082700,8.4,48.48,0.0,24.52,10.57,13.12,69.7,0.0
garowe,2025082701,8.4,48.48,0.0,23.88,10.48,12.99,72.63,0.0
garowe,2025082702,8.4,48.48,3.12,23.44,10.26,12.65,74.46,0.0
garowe,2025082703,8.4,48.48,104.6,23.98,11.12,13.53,71.35,0.0
garowe,2025082704,8.4,48.48,283.1,25.32,12.49,14.88,64.24,0.0
garowe,2025082705,8.4,48.48,502.4,26.95,13.18,15.51,56.55,0.0
garowe,2025082706,8.4,48.48,595.22,28.8,13.38,15.56,49.22,0.0
garowe,2025082707,8.4,48.48,663.95,30.46,13.16,15.22,43.24,0.0
garowe,2025082708,8.4,48.48,714.15,31.89,12.86,14.84,38.45,0.0
garowe,2025082709,8.4,48.48,653.45,33.17,12.58,14.48,34.57,0.0
garowe,2025082710,8.4,48.48,527.38,34.01,12.25,14.1,32.24,0.0
garowe,2025082711,8.4,48.48,501.65,34.26,11.87,13.68,31.42,0.0
garowe,2025082712,8.4,48.48,327.0,33.88,11.4,13.23,31.94,0.0
garowe,2025082713,8.4,48.48,170.52,33.0,10.73,12.69,33.74,0.0
garowe,2025082714,8.4,48.48,35.67,31.82,9.68,12.07,36.56,0.0
garowe,2025082715,8.4,48.48,0.0,30.74,8.79,11.55,39.51,0.0
garowe,2025082716,8.4,48.48,0.0,29.96,8.73,11.43,41.84,0.0
garowe,2025082717,8.4,48.48,0.0,29.11,8.53,11.18,44.57,0.0
garowe,2025082718,8.4,48.48,0.0,28.36,9.2,11.88,47.78,0.0
garowe,2025082719,8.4,48.48,0.0,27.44,9.66,12.24,52.36,0.0
garowe,2025082720,8.4,48.48,0.0,26.4,9.68,12.12,57.66,0.0
garowe,2025082721,8.4,48.48,0.0,25.35,9.72,12.07,62.89,0.0
garowe,2025082722,8.4,48.48,0.0,24.46,9.6,11.86,67.05,0.0
garowe,2025082723,8.4,48.48,0.0,23.75,9.58,11.78,70.14,0.0
garowe,2025082800,8.4,48.48,0.0,23.21,9.34,11.56,72.92,0.0
garowe,2025082801,8.4,48.48,0.0,22.74,9.15,11.37,75.79,0.0
garowe,2025082802,8.4,48.48,3.92,22.35,9.18,11.42,78.38,0.0
garowe,2025082803,8.4,48.48,124.6,22.98,10.41,12.58,75.16,0.0
garowe,2025082804,8.4,48.48,359.45,24.95,11.76,13.76,64.5,0.0
garowe,2025082805,8.4,48.48,602.08,27.34,12.34,14.26,53.75,0.0
garowe,2025082806,8.4,48.48,810.8,29.62,12.54,14.36,45.75,0.0
garowe,2025082807,8.4,48.48,941.47,31.55,12.6,14.33,39.86,0.0
garowe,2025082808,8.4,48.48,960.33,32.99,12.56,14.24,35.64,0.0
garowe,2025082809,8.4,48.48,917.75,33.87,12.32,13.96,32.71,0.0
garowe,2025082810,8.4,48.48,792.88,34.46,11.84,13.43,30.49,0.0
garowe,2025082811,8.4,48.48,635.3,34.82,11.3,12.84,28.99,0.0
garowe,2025082812,8.4,48.48,396.62,34.67,10.7,12.24,28.46,0.0
garowe,2025082813,8.4,48.48,193.88,33.86,10.05,11.74,29.12,0.0
garowe,2025082814,8.4,48.48,37.85,32.44,8.54,10.9,31.14,0.0
garowe,2025082815,8.4,48.48,0.0,30.86,6.78,10.0,33.85,0.0
garowe,2025082816,8.4,48.48,0.0,29.95,6.42,9.58,35.72,0.0
garowe,2025082817,8.4,48.48,0.0,29.07,6.4,9.28,38.4,0.0
garowe,2025082818,8.4,48.48,0.0,28.12,6.9,9.54,42.55,0.0
garowe,2025082819,8.4,48.48,0.0,26.98,7.56,9.95,48.76,0.0
garowe,2025082820,8.4,48.48,0.0,25.68,7.91,9.99,56.62,0.0
garowe,2025082821,8.4,48.48,0.0,24.44,8.1,10.04,64.69,0.0
garowe,2025082822,8.4,48.48,0.0,23.43,8.49,10.41,71.03,0.0
garowe,2025082823,8.4,48.48,0.0,22.88,8.47,10.35,74.13,0.0
garowe,2025082900,8.4,48.48,0.0,22.47,8.37,10.31,75.93,0.0
garowe,2025082901,8.4,48.48,0.0,22.08,8.31,10.31,77.39,0.0
garowe,2025082902,8.4,48.48,4.05,21.78,8.12,10.13,78.58,0.0
garowe,2025082903,8.4,48.48,133.9,22.44,9.21,11.13,75.14,0.0
garowe,2025082904,8.4,48.48,376.65,24.45,10.72,12.59,65.46,0.0
garowe,2025082905,8.4,48.48,618.85,26.97,11.58,13.37,55.41,0.0
garowe,2025082906,8.4,48.48,809.78,29.42,11.98,13.68,46.89,0.0
garowe,2025082907,8.4,48.48,928.0,31.51,12.08,13.69,40.46,0.0
garowe,2025082908,8.4,48.48,930.97,33.09,12.03,13.58,35.99,0.0
garowe,2025082909,8.4,48.48,786.83,34.11,11.77,13.25,33.11,0.0
garowe,2025082910,8.4,48.48,718.95,34.64,11.28,12.72,31.29,0.02
garowe,2025082911,8.4,48.48,543.88,34.72,10.78,12.21,30.48,0.04
garowe,2025082912,8.4,48.48,394.58,34.2,10.42,11.92,31.03,0.05
garowe,2025082913,8.4,48.48,203.8,33.32,10.04,11.7,32.36,0.04
garowe,2025082914,8.4,48.48,39.42,31.99,9.0,11.21,34.67,0.01
garowe,2025082915,8.4,48.48,0.0,30.81,7.86,10.55,37.1,0.0
garowe,2025082916,8.4,48.48,0.0,29.98,7.6,10.24,39.07,0.01
garowe,2025082917,8.4,48.48,0.0,29.11,7.42,10.02,41.41,0.01
garowe,2025082918,8.4,48.48,0.0,28.22,7.51,10.03,44.25,0.01
garowe,2025082919,8.4,48.48,0.0,27.25,7.93,10.35,48.01,0.02
garowe,2025082920,8.4,48.48,0.0,26.07,8.5,10.72,53.73,0.02
garowe,2025082921,8.4,48.48,0.0,24.74,9.12,11.26,61.72,0.02
garowe,2025082922,8.4,48.48,0.0,23.5,9.65,11.74,70.24,0.03
garowe,2025082923,8.4,48.48,0.0,22.8,9.69,11.9,75.45,0.03
garowe,2025083000,8.4,48.48,0.0,22.4,9.56,11.79,78.0,0.02
garowe,2025083001,8.4,48.48,0.0,22.1,9.24,11.4,79.26,0.02
garowe,2025083002,8.4,48.48,4.0,21.87,9.06,11.19,79.84,0.01
garowe,2025083003,8.4,48.48,133.15,22.57,10.08,12.13,75.33,0.0
garowe,2025083004,8.4,48.48,363.35,24.58,11.28,13.18,64.33,0.0
garowe,2025083005,8.4,48.48,610.67,27.03,11.92,13.7,52.95,0.0
garowe,2025083006,8.4,48.48,824.8,29.36,12.09,13.73,44.22,0.0
garowe,2025083007,8.4,48.48,958.88,31.31,11.92,13.43,38.22,0.01
garowe,2025083008,8.4,48.48,1010.33,32.83,11.64,13.03,34.16,0.02
garowe,2025083009,8.4,48.48,989.15,33.72,11.19,12.53,31.95,0.02
garowe,2025083010,8.4,48.48,881.65,34.13,10.74,12.05,30.92,0.03
garowe,2025083011,8.4,48.48,652.4,34.09,10.53,11.87,30.77,0.03
garowe,2025083012,8.4,48.48,401.42,33.48,10.36,11.81,31.65,0.02
garowe,2025083013,8.4,48.48,208.48,32.52,10.03,11.69,33.32,0.0
garowe,2025083014,8.4,48.48,39.08,31.24,9.1,11.26,35.77,0.0
garowe,2025083015,8.4,48.48,0.0,30.13,8.05,10.66,37.93,0.0
garowe,2025083016,8.4,48.48,0.0,29.36,7.78,10.26,39.39,0.0
garowe,2025083017,8.4,48.48,0.0,28.58,7.62,10.01,41.04,0.0
garowe,2025083018,8.4,48.48,0.0,27.9,7.86,10.18,42.56,0.0
garowe,2025083019,8.4,48.48,0.0,27.18,8.16,10.49,44.42,0.0
garowe,2025083020,8.4,48.48,0.0,26.4,8.21,10.49,46.7,0.0
garowe,2025083021,8.4,48.48,0.0,25.62,8.39,10.74,49.3,0.0
garowe,2025083022,8.4,48.48,0.0,24.93,9.11,11.8,52.07,0.0
garowe,2025083023,8.4,48.48,0.0,24.21,9.64,12.22,55.51,0.0
garowe,2025083100,8.4,48.48,0.0,23.38,9.6,11.94,60.22,0.0
garowe,2025083101,8.4,48.48,0.0,22.59,8.87,11.02,65.3,0.0
garowe,2025083102,8.4,48.48,4.07,22.05,8.86,11.07,69.63,0.0
garowe,2025083103,8.4,48.48,122.97,22.6,10.24,12.41,68.44,0.0
garowe,2025083104,8.4,48.48,347.33,24.57,11.68,13.74,59.74,0.0
garowe,2025083105,8.4,48.48,579.42,27.05,12.39,14.34,50.7,0.0
garowe,2025083106,8.4,48.48,768.95,29.31,12.53,14.3,43.99,0.0
garowe,2025083107,8.4,48.48,920.05,31.16,12.35,13.96,39.13,0.0
garowe,2025083108,8.4,48.48,973.2,32.51,12.1,13.6,35.81,0.01
garowe,2025083109,8.4,48.48,936.92,33.49,11.65,13.07,33.32,0.02
garowe,2025083110,8.4,48.48,840.95,34.06,11.21,12.56,31.65,0.03
garowe,2025083111,8.4,48.48,671.67,33.97,10.92,12.3,31.23,0.03
garowe,2025083112,8.4,48.48,418.27,33.35,10.55,12.03,31.79,0.03
garowe,2025083113,8.4,48.48,209.38,32.44,10.05,11.7,32.97,0.01
garowe,2025083114,8.4,48.48,35.17,31.22,9.21,11.43,35.05,0.0
garowe,2025083115,8.4,48.48,0.0,29.99,8.27,10.96,37.66,0.0
garowe,2025083116,8.4,48.48,0.0,29.15,8.16,10.82,39.89,0.0
garowe,2025083117,8.4,48.48,0.0,28.44,8.09,10.81,42.26,0.0
garowe,2025083118,8.4,48.48,0.0,27.85,8.05,10.76,44.6,0.0
garowe,2025083119,8.4,48.48,0.0,27.27,8.07,10.79,46.8,0.0
garowe,2025083120,8.4,48.48,0.0,26.66,8.13,10.88,48.96,0.0
garowe,2025083121,8.4,48.48,0.0,26.07,8.29,11.02,51.06,0.01
garowe,2025083122,8.4,48.48,0.0,25.42,8.33,10.9,53.7,0.01
garowe,2025083123,8.4,48.48,0.0,24.57,8.58,10.99,58.25,0.03
garowe,2025090100,8.4,48.48,0.0,23.58,9.2,11.44,66.11,0.03
garowe,2025090101,8.4,48.48,0.0,22.66,9.31,11.39,74.88,0.04
garowe,2025090102,8.4,48.48,3.67,22.21,9.35,11.55,79.67,0.06
garowe,2025090103,8.4,48.48,102.22,22.74,10.5,12.73,76.64,0.06
garowe,2025090104,8.4,48.48,284.02,24.5,11.8,13.88,66.6,0.04
garowe,2025090105,8.4,48.48,501.55,26.69,12.45,14.4,56.28,0.02
garowe,2025090106,8.4,48.48,746.22,28.83,12.55,14.37,47.92,0.01
garowe,2025090107,8.4,48.48,904.83,30.68,12.47,14.16,41.82,0.01
garowe,2025090108,8.4,48.48,937.55,32.12,12.27,13.89,37.79,0.03
garowe,2025090109,8.4,48.48,893.38,33.21,11.9,13.44,35.05,0.05
garowe,2025090110,8.4,48.48,785.62,33.81,11.51,13.02,33.34,0.05
garowe,2025090111,8.4,48.48,565.58,33.98,11.31,12.82,32.52,0.04
garowe,2025090112,8.4,48.48,358.17,33.49,11.02,12.64,33.04,0.03
garowe,2025090113,8.4,48.48,168.77,32.63,10.5,12.31,34.4,0.01
garowe,2025090114,8.4,48.48,30.65,31.4,9.2,11.53,36.63,0.0
garowe,2025090115,8.4,48.48,0.0,30.22,7.46,10.39,38.89,0.01
garowe,2025090116,8.4,48.48,0.0,29.39,6.51,9.58,40.3,0.01
garowe,2025090117,8.4,48.48,0.0,28.62,5.97,9.14,41.24,0.0
garowe,2025090118,8.4,48.48,0.0,27.92,5.98,9.1,41.44,0.0
garowe,2025090119,8.4,48.48,0.0,27.11,5.88,8.93,41.55,0.0
garowe,2025090120,8.4,48.48,0.0,26.34,6.28,9.27,41.75,0.0
garowe,2025090121,8.4,48.48,0.0,25.52,6.79,9.58,42.88,0.0
garowe,2025090122,8.4,48.48,0.0,24.63,7.37,9.92,46.37,0.0
garowe,2025090123,8.4,48.48,0.0,23.74,7.94,10.3,53.29,0.01
garowe,2025090200,8.4,48.48,0.0,22.88,8.68,11.14,63.36,0.01
garowe,2025090201,8.4,48.48,0.0,22.22,8.87,11.07,72.01,0.02
garowe,2025090202,8.4,48.48,3.95,21.84,8.5,10.6,77.48,0.02
garowe,2025090203,8.4,48.48,119.62,22.49,9.9,12.1,75.74,0.02
garowe,2025090204,8.4,48.48,336.65,24.39,11.32,13.35,65.7,0.02
garowe,2025090205,8.4,48.48,574.9,26.7,12.02,13.97,54.97,0.02
garowe,2025090206,8.4,48.48,786.4,28.99,12.35,14.19,46.95,0.01
garowe,2025090207,8.4,48.48,925.28,30.95,12.32,14.01,41.58,0.01
garowe,2025090208,8.4,48.48,967.58,32.39,12.11,13.68,38.37,0.05
garowe,2025090209,8.4,48.48,933.28,33.25,11.78,13.27,36.45,0.12
garowe,2025090210,8.4,48.48,756.95,33.77,11.37,12.82,35.05,0.15
garowe,2025090211,8.4,48.48,681.3,33.56,11.1,12.6,35.12,0.14
garowe,2025090212,8.4,48.48,454.65,32.98,10.93,12.56,35.98,0.12
garowe,2025090213,8.4,48.48,212.02,32.11,10.53,12.34,37.39,0.04
garowe,2025090214,8.4,48.48,34.58,30.94,9.32,11.64,39.34,0.0
garowe,2025090215,8.4,48.48,0.0,29.86,7.79,10.61,41.27,0.0
garowe,2025090216,8.4,48.48,0.0,29.18,7.17,10.09,42.35,0.0
garowe,2025090217,8.4,48.48,0.0,28.51,6.81,9.82,43.16,0.0
garowe,2025090218,8.4,48.48,0.0,27.9,6.8,9.71,43.49,0.0
garowe,2025090219,8.4,48.48,0.0,27.29,7.1,9.83,43.56,0.0
garowe,2025090220,8.4,48.48,0.0,26.52,7.19,9.76,44.64,0.0
garowe,2025090221,8.4,48.48,0.0,25.79,7.43,9.95,46.28,0.0
garowe,2025090222,8.4,48.48,0.0,25.05,7.8,10.28,48.88,0.0
garowe,2025090223,8.4,48.48,0.0,24.27,9.01,11.84,54.5,0.0
garowe,2025090300,8.4,48.48,0.0,23.52,9.84,12.58,62.04,0.0
garowe,2025090301,8.4,48.48,0.0,22.93,9.52,12.15,67.51,0.0
garowe,2025090302,8.4,48.48,4.07,22.53,9.42,12.05,70.75,0.0
garowe,2025090303,8.4,48.48,126.6,23.25,10.41,12.84,67.83,0.0
garowe,2025090304,8.4,48.48,359.4,25.39,12.22,14.6,57.33,0.0
garowe,2025090305,8.4,48.48,600.4,28.07,13.19,15.47,45.96,0.0
garowe,2025090306,8.4,48.48,802.2,30.53,13.7,15.89,37.55,0.0
garowe,2025090307,8.4,48.48,939.1,32.41,13.7,15.72,32.35,0.0
garowe,2025090308,8.4,48.48,991.58,33.83,13.35,15.21,29.18,0.0
garowe,2025090309,8.4,48.48,944.75,34.74,12.94,14.69,27.4,0.0
garowe,2025090310,8.4,48.48,841.7,35.08,12.62,14.3,26.76,0.0
garowe,2025090311,8.4,48.48,650.92,34.7,12.29,14.01,27.36,0.0
garowe,2025090312,8.4,48.48,437.27,33.94,11.87,13.7,28.8,0.0
garowe,2025090313,8.4,48.48,210.95,32.92,11.19,13.19,30.92,0.0
garowe,2025090314,8.4,48.48,34.55,31.6,9.78,12.25,33.88,0.0
garowe,2025090315,8.4,48.48,0.0,30.34,8.56,11.48,37.1,0.0
garowe,2025090316,8.4,48.48,0.0,29.45,8.38,11.21,39.98,0.0
garowe,2025090317,8.4,48.48,0.0,28.56,8.15,10.96,43.62,0.0
garowe,2025090318,8.4,48.48,0.0,27.69,8.34,11.1,48.46,0.0
garowe,2025090319,8.4,48.48,0.0,26.73,9.03,11.69,55.3,0.0
garowe,2025090320,8.4,48.48,0.0,25.68,9.75,12.3,63.24,0.0
garowe,2025090321,8.4,48.48,0.0,24.76,9.89,12.37,69.66,0.0
garowe,2025090322,8.4,48.48,0.0,24.11,9.66,12.13,72.81,0.0
garowe,2025090323,8.4,48.48,0.0,23.63,9.57,12.07,73.15,0.0
garowe,2025090400,8.4,48.48,0.0,23.2,9.46,11.93,72.51,0.0
garowe,2025090401,8.4,48.48,0.0,22.7,9.19,11.51,72.99,0.0
garowe,2025090402,8.4,48.48,4.22,22.17,8.55,10.69,74.8,0.0
garowe,2025090403,8.4,48.48,125.47,22.68,10.01,12.23,72.62,0.0
garowe,2025090404,8.4,48.48,345.23,24.69,11.58,13.64,63.51,0.0
garowe,2025090405,8.4,48.48,584.35,27.23,12.39,14.34,53.36,0.0
garowe,2025090406,8.4,48.48,715.9,29.64,12.65,14.48,45.31,0.0
garowe,2025090407,8.4,48.48,853.95,31.62,12.43,14.1,39.65,0.0
garowe,2025090408,8.4,48.48,887.3,33.12,11.99,13.52,35.8,0.0
garowe,2025090409,8.4,48.48,889.85,34.18,11.5,12.93,33.28,0.0
garowe,2025090410,8.4,48.48,867.53,34.75,11.03,12.4,31.88,0.0
garowe,2025090411,8.4,48.48,694.88,34.81,10.59,11.98,31.38,0.0
garowe,2025090412,8.4,48.48,464.75,34.35,10.21,11.67,31.9,0.0
garowe,2025090413,8.4,48.48,214.9,33.42,9.77,11.41,33.46,0.0
garowe,2025090414,8.4,48.48,34.33,32.06,8.62,10.89,36.18,0.0
garowe,2025090415,8.4,48.48,0.0,30.72,7.08,9.92,39.2,0.0
garowe,2025090416,8.4,48.48,0.0,29.78,6.18,9.09,41.32,0.0
garowe,2025090417,8.4,48.48,0.0,28.93,5.65,8.64,43.27,0.0
garowe,2025090418,8.4,48.48,0.0,28.22,5.6,8.57,44.92,0.0
garowe,2025090419,8.4,48.48,0.0,27.54,5.88,8.69,46.52,0.0
garowe,2025090420,8.4,48.48,0.0,26.75,6.04,8.67,48.62,0.0
garowe,2025090421,8.4,48.48,0.0,25.93,6.19,8.67,51.31,0.0
garowe,2025090422,8.4,48.48,0.0,25.16,6.31,8.67,54.77,0.0
garowe,2025090423,8.4,48.48,0.0,24.49,6.37,8.65,58.77,0.0
garowe,2025090500,8.4,48.48,0.0,23.85,6.81,9.12,63.15,0.0
garowe,2025090501,8.4,48.48,0.0,23.18,7.48,9.62,67.2,0.0
garowe,2025090502,8.4,48.48,4.22,22.57,7.41,9.38,70.52,0.0
garowe,2025090503,8.4,48.48,120.5,23.05,9.01,10.97,68.07,0.0
garowe,2025090504,8.4,48.48,342.62,25.06,10.54,12.29,59.47,0.0
garowe,2025090505,8.4,48.48,581.75,27.72,11.2,12.87,50.31,0.0
garowe,2025090506,8.4,48.48,780.65,30.25,11.45,13.0,42.84,0.0
garowe,2025090507,8.4,48.48,918.05,32.31,11.22,12.62,37.36,0.0
garowe,2025090508,8.4,48.48,1000.38,33.89,10.72,11.98,33.61,0.0
garowe,2025090509,8.4,48.48,975.85,35.03,10.11,11.26,31.11,0.0
garowe,2025090510,8.4,48.48,875.78,35.71,9.61,10.7,29.57,0.0
garowe,2025090511,8.4,48.48,703.92,35.63,9.2,10.31,29.35,0.0
garowe,2025090512,8.4,48.48,478.6,35.15,8.79,9.94,29.84,0.0
garowe,2025090513,8.4,48.48,226.5,34.26,8.35,9.63,31.08,0.0
garowe,2025090514,8.4,48.48,35.22,32.91,7.16,9.24,33.35,0.0
garowe,2025090515,8.4,48.48,0.0,31.38,6.01,9.04,36.09,0.0
garowe,2025090516,8.4,48.48,0.0,30.31,5.94,9.06,37.78,0.0
garowe,2025090517,8.4,48.48,0.0,29.41,6.23,9.2,39.08,0.0
garowe,2025090518,8.4,48.48,0.0,28.56,6.49,9.22,40.48,0.0
garowe,2025090519,8.4,48.48,0.0,27.53,6.31,8.86,42.77,0.0
garowe,2025090520,8.4,48.48,0.0,26.58,6.34,8.81,45.42,0.0
garowe,2025090521,8.4,48.48,0.0,25.77,6.3,8.62,48.81,0.0
garowe,2025090522,8.4,48.48,0.0,25.08,6.05,8.27,52.92,0.0
garowe,2025090523,8.4,48.48,0.0,24.41,5.88,8.12,58.12,0.0
garowe,2025090600,8.4,48.48,0.0,23.84,6.08,8.25,63.66,0.0
garowe,2025090601,8.4,48.48,0.0,23.32,6.68,8.84,69.02,0.0
garowe,2025090602,8.4,48.48,4.57,22.79,7.27,9.23,73.83,0.0
garowe,2025090603,8.4,48.48,133.0,23.26,8.84,10.69,73.2,0.0
garowe,2025090604,8.4,48.48,367.38,25.22,10.22,11.87,64.13,0.0
garowe,2025090605,8.4,48.48,600.88,27.76,10.69,12.22,53.08,0.0
garowe,2025090606,8.4,48.48,792.45,30.2,10.81,12.23,43.81,0.0
garowe,2025090607,8.4,48.48,922.28,32.36,10.64,11.93,37.16,0.0
garowe,2025090608,8.4,48.48,969.35,34.04,10.28,11.47,32.85,0.0
garowe,2025090609,8.4,48.48,945.83,35.22,9.76,10.84,30.12,0.0
garowe,2025090610,8.4,48.48,860.05,35.85,9.1,10.08,28.62,0.0
garowe,2025090611,8.4,48.48,697.15,36.06,8.48,9.42,27.9,0.0
garowe,2025090612,8.4,48.48,471.23,35.76,8.01,8.94,28.12,0.0
garowe,2025090613,8.4,48.48,220.57,34.75,7.59,8.68,29.61,0.0
garowe,2025090614,8.4,48.48,33.88,33.3,6.72,8.75,32.26,0.0
garowe,2025090615,8.4,48.48,0.0,31.93,6.38,9.23,35.39,0.0
garowe,2025090616,8.4,48.48,0.0,31.15,7.26,10.08,37.45,0.0
garowe,2025090617,8.4,48.48,0.0,30.19,7.4,10.09,39.91,0.0
garowe,2025090618,8.4,48.48,0.0,29.14,7.15,9.69,42.67,0.0
garowe,2025090619,8.4,48.48,0.0,28.09,7.05,9.45,45.78,0.0
garowe,2025090620,8.4,48.48,0.0,27.07,7.31,9.58,49.29,0.0
garowe,2025090621,8.4,48.48,0.0,26.07,7.86,10.1,53.38,0.0
garowe,2025090622,8.4,48.48,0.0,25.1,8.19,10.32,58.09,0.0
garowe,2025090623,8.4,48.48,0.0,24.22,8.04,10.02,63.49,0.0
garowe,2025090700,8.4,48.48,0.0,23.5,8.0,9.96,69.46,0.0
garowe,2025090701,8.4,48.48,0.0,22.95,8.0,9.92,74.61,0.0
garowe,2025090702,8.4,48.48,4.6,22.53,7.83,9.7,77.87,0.0
garowe,2025090703,8.4,48.48,131.23,23.05,9.08,10.96,74.93,0.0
garowe,2025090704,8.4,48.48,355.05,25.08,10.42,12.18,63.49,0.0
garowe,2025090705,8.4,48.48,591.03,27.82,11.07,12.76,50.76,0.0
garowe,2025090706,8.4,48.48,797.35,30.38,11.46,13.09,40.82,0.0
garowe,2025090707,8.4,48.48,937.22,32.46,11.62,13.18,34.32,0.0
garowe,2025090708,8.4,48.48,982.9,34.06,11.49,12.98,30.55,0.0
garowe,2025090709,8.4,48.48,985.75,35.2,10.99,12.4,28.22,0.0
garowe,2025090710,8.4,48.48,840.03,35.96,10.36,11.68,26.54,0.0
garowe,2025090711,8.4,48.48,690.58,36.18,9.77,11.03,25.63,0.0
garowe,2025090712,8.4,48.48,477.27,35.81,9.31,10.61,25.48,0.0
garowe,2025090713,8.4,48.48,226.9,34.91,8.95,10.45,26.0,0.0
garowe,2025090714,8.4,48.48,32.97,33.34,7.65,10.11,27.52,0.0
garowe,2025090715,8.4,48.48,0.0,31.74,6.58,9.66,29.23,0.0
garowe,2025090716,8.4,48.48,0.0,30.58,6.48,9.48,30.42,0.0
garowe,2025090717,8.4,48.48,0.0,29.3,6.0,8.85,32.47,0.0
garowe,2025090718,8.4,48.48,0.0,28.0,5.68,8.6,35.63,0.0
garowe,2025090719,8.4,48.48,0.0,26.97,5.74,8.5,39.92,0.0
garowe,2025090720,8.4,48.48,0.0,26.11,5.92,8.46,45.92,0.0
garowe,2025090721,8.4,48.48,0.0,25.36,6.34,8.64,53.45,0.0
garowe,2025090722,8.4,48.48,0.0,24.64,6.88,8.99,61.91,0.0
garowe,2025090723,8.4,48.48,0.0,24.01,7.2,9.19,69.24,0.0
garowe,2025090800,8.4,48.48,0.0,23.56,7.35,9.26,74.06,0.0
garowe,2025090801,8.4,48.48,0.0,23.19,7.28,9.16,77.31,0.0
garowe,2025090802,8.4,48.48,4.57,22.79,7.0,8.88,80.23,0.0
garowe,2025090803,8.4,48.48,134.65,23.49,8.88,10.93,76.79,0.0
garowe,2025090804,8.4,48.48,374.98,25.9,10.88,12.81,63.83,0.0
garowe,2025090805,8.4,48.48,618.45,28.79,11.55,13.33,51.07,0.0
garowe,2025090806,8.4,48.48,820.6,31.36,11.49,13.06,42.41,0.0
garowe,2025090807,8.4,48.48,955.62,33.4,11.14,12.55,36.48,0.0
garowe,2025090808,8.4,48.48,990.8,35.01,10.76,12.06,32.14,0.0
garowe,2025090809,8.4,48.48,954.3,36.16,10.33,11.55,28.99,0.0
garowe,2025090810,8.4,48.48,856.83,36.85,9.84,11.02,26.75,0.0
garowe,2025090811,8.4,48.48,683.33,37.06,9.38,10.53,25.4,0.0
garowe,2025090812,8.4,48.48,435.25,36.73,8.96,10.14,24.95,0.0
garowe,2025090813,8.4,48.48,202.4,35.8,8.56,9.9,25.49,0.0
garowe,2025090814,8.4,48.48,29.98,34.13,7.23,9.6,27.43,0.0
garowe,2025090815,8.4,48.48,0.0,32.42,6.44,9.58,29.96,0.0
garowe,2025090816,8.4,48.48,0.0,31.31,6.82,9.71,31.9,0.0
garowe,2025090817,8.4,48.48,0.0,30.09,7.16,9.86,34.9,0.0
garowe,2025090818,8.4,48.48,0.0,28.9,7.4,9.96,39.18,0.0
garowe,2025090819,8.4,48.48,0.0,27.67,7.57,10.12,45.1,0.0
garowe,2025090820,8.4,48.48,0.0,26.56,7.79,10.26,51.71,0.0
garowe,2025090821,8.4,48.48,0.0,25.52,8.13,10.49,58.28,0.0
garowe,2025090822,8.4,48.48,0.0,24.57,8.15,10.32,64.05,0.0
garowe,2025090823,8.4,48.48,0.0,23.75,7.83,9.85,68.47,0.0
garowe,2025090900,8.4,48.48,0.0,23.14,7.59,9.52,70.93,0.0
garowe,2025090901,8.4,48.48,0.0,22.68,7.2,9.11,72.33,0.0
garowe,2025090902,8.4,48.48,4.72,22.33,6.83,8.66,73.39,0.0
garowe,2025090903,8.4,48.48,135.73,23.17,8.34,10.26,68.9,0.0
garowe,2025090904,8.4,48.48,369.6,25.48,10.54,12.48,57.77,0.0
garowe,2025090905,8.4,48.48,605.95,28.05,11.39,13.21,48.96,0.0
garowe,2025090906,8.4,48.48,816.95,30.32,11.47,13.08,42.9,0.0
garowe,2025090907,8.4,48.48,952.9,32.32,11.16,12.61,37.77,0.0
garowe,2025090908,8.4,48.48,1008.08,33.88,10.69,12.03,33.82,0.0
garowe,2025090909,8.4,48.48,961.22,35.08,10.1,11.33,31.09,0.0
garowe,2025090910,8.4,48.48,881.9,35.91,9.51,10.65,29.54,0.0
garowe,2025090911,8.4,48.48,692.05,36.14,9.03,10.11,29.05,0.0
garowe,2025090912,8.4,48.48,442.1,35.7,8.61,9.74,29.54,0.0
garowe,2025090913,8.4,48.48,216.43,34.84,8.27,9.6,30.74,0.0
garowe,2025090914,8.4,48.48,31.5,33.5,7.27,9.46,32.78,0.0
garowe,2025090915,8.4,48.48,0.0,32.06,6.48,9.34,34.99,0.0
garowe,2025090916,8.4,48.48,0.0,31.04,6.73,9.46,36.23,0.0
garowe,2025090917,8.4,48.48,0.0,30.0,7.11,9.77,37.69,0.0
garowe,2025090918,8.4,48.48,0.0,28.97,7.38,10.03,39.63,0.0
garowe,2025090919,8.4,48.48,0.0,28.0,7.58,10.21,42.25,0.0
garowe,2025090920,8.4,48.48,0.0,27.07,7.64,10.2,45.98,0.0
garowe,2025090921,8.4,48.48,0.0,26.18,7.48,9.96,50.75,0.0
garowe,2025090922,8.4,48.48,0.0,25.4,7.27,9.69,55.83,0.0
garowe,2025090923,8.4,48.48,0.0,24.71,7.05,9.42,60.77,0.0
garowe,2025091000,8.4,48.48,0.0,24.1,7.39,9.64,65.35,0.0
garowe,2025091001,8.4,48.48,0.0,23.69,7.19,9.16,68.8,0.0
garowe,2025091002,8.4,48.48,4.07,23.36,7.25,9.13,71.56,0.0
garowe,2025091003,8.4,48.48,111.4,23.87,8.51,10.32,70.54,0.0
garowe,2025091004,8.4,48.48,294.62,25.46,9.95,11.7,63.72,0.0
garowe,2025091005,8.4,48.48,516.3,27.27,10.7,12.42,56.08,0.0
garowe,2025091006,8.4,48.48,730.83,28.87,11.09,12.77,49.82,0.0
garowe,2025091007,8.4,48.48,865.4,30.22,11.25,12.88,44.79,0.0
garowe,2025091008,8.4,48.48,910.42,31.35,11.25,12.82,40.92,0.0
garowe,2025091009,8.4,48.48,717.15,32.15,10.97,12.49,38.45,0.0
garowe,2025091010,8.4,48.48,785.65,32.61,10.42,11.88,37.0,0.0
garowe,2025091011,8.4,48.48,632.88,32.92,9.87,11.29,35.91,0.0
garowe,2025091012,8.4,48.48,423.48,32.88,9.41,10.86,35.43,0.0
garowe,2025091013,8.4,48.48,198.77,32.52,8.93,10.53,35.44,0.0
garowe,2025091014,8.4,48.48,28.42,31.65,7.46,9.8,36.49,0.0
garowe,2025091015,8.4,48.48,0.0,30.4,5.51,8.86,38.61,0.0
garowe,2025091016,8.4,48.48,0.0,29.64,5.1,8.73,39.84,0.0
garowe,2025091017,8.4,48.48,0.0,29.0,5.24,8.81,40.95,0.0
garowe,2025091018,8.4,48.48,0.0,28.19,5.03,8.55,42.67,0.0
garowe,2025091019,8.4,48.48,0.0,27.49,5.11,8.49,44.44,0.0
garowe,2025091020,8.4,48.48,0.0,26.87,5.26,8.51,46.32,0.0
garowe,2025091021,8.4,48.48,0.0,26.24,5.36,8.53,48.26,0.0
garowe,2025091022,8.4,48.48,0.0,25.68,5.55,8.67,50.37,0.0
garowe,2025091023,8.4,48.48,0.0,25.03,5.31,8.22,53.03,0.0
garowe,2025091100,8.4,48.48,0.0,24.34,4.96,7.79,56.45,0.0
garowe,2025091101,8.4,48.48,0.0,23.74,5.02,7.79,60.49,0.0
garowe,2025091102,8.4,48.48,4.88,23.23,5.21,7.85,64.05,0.0
garowe,2025091103,8.4,48.48,138.1,24.17,7.57,9.4,61.88,0.0
garowe,2025091104,8.4,48.48,378.58,26.05,10.16,11.94,55.27,0.0
garowe,2025091105,8.4,48.48,622.65,28.25,11.08,12.8,47.04,0.0
garowe,2025091106,8.4,48.48,819.28,30.57,11.49,13.13,39.57,0.0
garowe,2025091107,8.4,48.48,951.28,32.56,11.54,13.09,34.08,0.0
garowe,2025091108,8.4,48.48,1001.2,34.14,11.36,12.81,30.45,0.0
garowe,2025091109,8.4,48.48,973.05,35.31,10.97,12.33,28.13,0.0
garowe,2025091110,8.4,48.48,868.95,36.0,10.41,11.7,27.03,0.0
garowe,2025091111,8.4,48.48,704.42,36.16,9.84,11.09,26.8,0.0
garowe,2025091112,8.4,48.48,471.15,35.73,9.29,10.55,27.46,0.0
garowe,2025091113,8.4,48.48,221.85,34.73,8.83,10.26,29.13,0.0
garowe,2025091114,8.4,48.48,29.98,33.27,7.65,9.83,31.82,0.0
garowe,2025091115,8.4,48.48,0.0,31.93,6.57,9.48,34.57,0.0
garowe,2025091116,8.4,48.48,0.0,31.19,6.66,9.53,36.17,0.0
garowe,2025091117,8.4,48.48,0.0,30.43,6.69,9.6,37.86,0.0
garowe,2025091118,8.4,48.48,0.0,29.54,6.52,9.61,39.89,0.0
garowe,2025091119,8.4,48.48,0.0,28.77,6.65,9.71,41.81,0.0
garowe,2025091120,8.4,48.48,0.0,27.98,6.91,9.83,43.99,0.0
garowe,2025091121,8.4,48.48,0.0,27.12,7.29,9.92,46.75,0.0
garowe,2025091122,8.4,48.48,0.0,26.13,6.76,9.08,50.69,0.0
garowe,2025091123,8.4,48.48,0.0,25.31,6.83,9.08,54.91,0.0
garowe,2025091200,8.4,48.48,0.0,24.51,7.84,10.21,60.77,0.0
garowe,2025091201,8.4,48.48,0.0,23.7,8.07,10.26,67.54,0.0
garowe,2025091202,8.4,48.48,5.0,23.02,7.83,9.92,73.0,0.0
garowe,2025091203,8.4,48.48,142.38,23.5,9.39,11.49,72.17,0.0
garowe,2025091204,8.4,48.48,387.55,25.49,11.22,13.18,62.87,0.0
garowe,2025091205,8.4,48.48,630.4,28.1,11.86,13.7,51.67,0.0
garowe,2025091206,8.4,48.48,830.15,30.59,11.87,13.52,42.67,0.0
garowe,2025091207,8.4,48.48,949.97,32.72,11.34,12.76,36.26,0.0
garowe,2025091208,8.4,48.48,984.17,34.42,10.69,11.93,32.08,0.0
garowe,2025091209,8.4,48.48,941.33,35.6,9.9,10.98,29.28,0.0
garowe,2025091210,8.4,48.48,816.97,36.31,9.17,10.16,27.46,0.0
garowe,2025091211,8.4,48.48,698.17,36.5,8.7,9.67,26.64,0.0
garowe,2025091212,8.4,48.48,462.3,36.14,8.34,9.35,26.78,0.0
garowe,2025091213,8.4,48.48,211.95,35.2,7.93,9.11,27.91,0.0
garowe,2025091214,8.4,48.48,28.4,33.68,6.61,8.75,30.33,0.0
garowe,2025091215,8.4,48.48,0.0,32.21,6.02,9.04,33.4,0.0
garowe,2025091216,8.4,48.48,0.0,31.53,6.93,9.65,35.35,0.0
garowe,2025091217,8.4,48.48,0.0,30.78,7.55,10.2,37.6,0.0
garowe,2025091218,8.4,48.48,0.0,29.86,7.53,10.19,40.22,0.0
garowe,2025091219,8.4,48.48,0.0,28.88,7.34,9.85,42.97,0.0
garowe,2025091220,8.4,48.48,0.0,27.94,6.99,9.38,45.88,0.0
garowe,2025091221,8.4,48.48,0.0,27.05,6.82,9.14,49.32,0.0
garowe,2025091222,8.4,48.48,0.0,26.21,7.05,9.38,53.59,0.0
garowe,2025091223,8.4,48.48,0.0,25.44,7.72,10.04,58.38,0.0
garowe,2025091300,8.4,48.48,0.0,24.68,8.26,10.47,63.59,0.0
garowe,2025091301,8.4,48.48,0.0,24.01,8.25,10.32,68.81,0.0
garowe,2025091302,8.4,48.48,4.95,23.52,8.31,10.29,72.9,0.0
garowe,2025091303,8.4,48.48,135.93,24.07,9.83,12.02,71.09,0.0
garowe,2025091304,8.4,48.48,377.23,26.15,11.32,13.32,61.56,0.0
garowe,2025091305,8.4,48.48,620.22,28.84,11.91,13.77,50.84,0.0
garowe,2025091306,8.4,48.48,774.88,31.3,11.83,13.47,42.58,0.0
garowe,2025091307,8.4,48.48,856.6,33.29,11.27,12.68,37.11,0.0
garowe,2025091308,8.4,48.48,909.17,34.79,10.59,11.84,33.67,0.0
garowe,2025091309,8.4,48.48,946.42,35.63,9.89,10.99,31.92,0.0
garowe,2025091310,8.4,48.48,768.85,35.69,9.15,10.18,31.73,0.0
garowe,2025091311,8.4,48.48,582.53,35.56,8.51,9.5,31.84,0.0
garowe,2025091312,8.4,48.48,400.0,35.23,8.18,9.2,32.33,0.0
garowe,2025091313,8.4,48.48,195.9,34.33,7.92,9.06,33.93,0.0
garowe,2025091314,8.4,48.48,27.3,32.89,7.09,8.89,36.82,0.0
garowe,2025091315,8.4,48.48,0.0,31.7,6.39,8.77,39.57,0.0
garowe,2025091316,8.4,48.48,0.0,30.76,6.16,8.67,41.83,0.0
garowe,2025091317,8.4,48.48,0.0,29.77,5.91,8.57,44.3,0.0
garowe,2025091318,8.4,48.48,0.0,28.95,5.86,8.57,46.35,0.0
garowe,2025091319,8.4,48.48,0.0,28.2,5.82,8.5,48.13,0.0
garowe,2025091320,8.4,48.48,0.0,27.45,5.75,8.31,49.97,0.0
garowe,2025091321,8.4,48.48,0.0,26.77,5.53,7.94,51.85,0.0
garowe,2025091322,8.4,48.48,0.0,26.22,5.7,7.89,53.59,0.0
garowe,2025091323,8.4,48.48,0.0,25.58,5.78,7.94,56.02,0.0
garowe,2025091400,8.4,48.48,0.0,25.0,6.0,8.1,58.48,0.0
garowe,2025091401,8.4,48.48,0.0,24.49,6.38,8.5,61.1,0.0
garowe,2025091402,8.4,48.48,4.9,23.97,7.0,9.23,64.7,0.0
garowe,2025091403,8.4,48.48,130.2,24.3,8.75,10.67,65.68,0.0
garowe,2025091404,8.4,48.48,362.75,25.82,10.15,11.88,61.03,0.0
garowe,2025091405,8.4,48.48,606.62,28.44,10.73,12.29,51.27,0.0
garowe,2025091406,8.4,48.48,807.35,31.01,10.76,12.13,42.6,0.0
garowe,2025091407,8.4,48.48,923.17,33.19,10.23,11.38,36.32,0.0
garowe,2025091408,8.4,48.48,976.05,34.95,9.54,10.52,31.93,0.0
garowe,2025091409,8.4,48.48,933.25,36.08,8.9,9.76,29.38,0.0
garowe,2025091410,8.4,48.48,879.33,36.49,8.41,9.23,28.38,0.0
garowe,2025091411,8.4,48.48,697.8,36.43,8.02,8.86,28.2,0.0
garowe,2025091412,8.4,48.48,466.7,35.93,7.7,8.59,28.8,0.0
garowe,2025091413,8.4,48.48,213.68,35.14,7.39,8.42,29.98,0.0
garowe,2025091414,8.4,48.48,27.02,33.7,6.34,8.3,32.6,0.0
garowe,2025091415,8.4,48.48,0.0,32.07,5.51,8.51,36.13,0.0
garowe,2025091416,8.4,48.48,0.0,31.25,6.2,9.04,38.44,0.0
garowe,2025091417,8.4,48.48,0.0,30.27,6.97,9.59,41.79,0.0
garowe,2025091418,8.4,48.48,0.0,29.0,7.45,9.75,47.01,0.0
garowe,2025091419,8.4,48.48,0.0,27.56,7.62,9.65,54.11,0.0
garowe,2025091420,8.4,48.48,0.0,26.16,7.57,9.39,62.14,0.0
garowe,2025091421,8.4,48.48,0.0,25.06,7.63,9.3,69.1,0.0
garowe,2025091422,8.4,48.48,0.0,24.22,7.79,9.48,74.33,0.0
garowe,2025091423,8.4,48.48,0.0,23.69,8.1,9.8,77.61,0.0
garowe,2025091500,8.4,48.48,0.0,23.26,8.03,9.73,79.79,0.0
garowe,2025091501,8.4,48.48,0.0,22.97,8.0,9.73,80.94,0.0
garowe,2025091502,8.4,48.48,5.1,22.79,7.65,9.35,81.03,0.0
garowe,2025091503,8.4,48.48,142.07,23.41,8.01,9.56,76.86,0.0
garowe,2025091504,8.4,48.48,379.45,25.44,8.7,10.02,65.55,0.0
garowe,2025091505,8.4,48.48,620.83,28.09,9.12,10.33,53.0,0.0
garowe,2025091506,8.4,48.48,815.83,30.8,9.33,10.46,42.74,0.0
garowe,2025091507,8.4,48.48,951.17,33.08,9.37,10.41,36.24,0.0
garowe,2025091508,8.4,48.48,1017.67,34.71,9.3,10.27,32.44,0.0
garowe,2025091509,8.4,48.48,927.08,35.84,8.97,9.87,29.87,0.0
garowe,2025091510,8.4,48.48,829.75,36.49,8.45,9.29,28.06,0.0
garowe,2025091511,8.4,48.48,643.33,36.69,7.9,8.68,26.88,0.0
garowe,2025091512,8.4,48.48,421.12,36.34,7.33,8.1,26.53,0.0
garowe,2025091513,8.4,48.48,203.12,35.46,6.9,7.79,27.04,0.0
garowe,2025091514,8.4,48.48,26.08,33.75,5.55,7.69,29.17,0.0
garowe,2025091515,8.4,48.48,0.0,31.95,5.11,8.42,32.23,0.0
garowe,2025091516,8.4,48.48,0.0,31.03,6.52,9.32,34.42,0.0
garowe,2025091517,8.4,48.48,0.0,29.63,7.53,9.95,39.32,0.0
garowe,2025091518,8.4,48.48,0.0,27.95,8.06,10.23,47.44,0.0
garowe,2025091519,8.4,48.48,0.0,26.26,8.24,10.14,58.44,0.0
garowe,2025091520,8.4,48.48,0.0,24.85,8.07,9.77,69.23,0.0
garowe,2025091521,8.4,48.48,0.0,23.84,7.7,9.22,76.69,0.0
garowe,2025091522,8.4,48.48,0.0,23.2,7.24,8.71,80.49,0.0
garowe,2025091523,8.4,48.48,0.0,22.8,7.04,8.51,81.99,0.0
garowe,2025091600,8.4,48.48,0.0,22.55,7.01,8.56,82.31,0.0
garowe,2025091601,8.4,48.48,0.0,22.45,7.25,8.84,81.38,0.0
garowe,2025091602,8.4,48.48,5.15,22.26,7.16,8.72,80.88,0.0
garowe,2025091603,8.4,48.48,142.9,22.71,7.7,9.14,77.12,0.0
garowe,2025091604,8.4,48.48,385.15,24.37,8.48,9.83,66.55,0.0
garowe,2025091605,8.4,48.48,646.3,26.87,9.09,10.42,53.71,0.0
garowe,2025091606,8.4,48.48,843.78,29.58,9.5,10.79,43.34,0.0
garowe,2025091607,8.4,48.48,974.3,32.04,9.63,10.84,36.4,0.0
garowe,2025091608,8.4,48.48,1002.95,34.06,9.49,10.6,31.89,0.0
garowe,2025091609,8.4,48.48,961.3,35.39,9.12,10.09,29.11,0.0
garowe,2025091610,8.4,48.48,847.78,36.21,8.65,9.54,27.14,0.0
garowe,2025091611,8.4,48.48,684.72,36.43,8.17,9.02,26.22,0.0
garowe,2025091612,8.4,48.48,465.52,36.12,7.75,8.63,26.16,0.0
garowe,2025091613,8.4,48.48,214.15,35.18,7.37,8.39,27.18,0.0
garowe,2025091614,8.4,48.48,25.65,33.58,6.23,8.28,29.64,0.0
garowe,2025091615,8.4,48.48,0.0,31.9,5.94,8.91,33.2,0.0
garowe,2025091616,8.4,48.48,0.0,30.66,7.18,9.75,37.54,0.0
garowe,2025091617,8.4,48.48,0.0,28.98,8.3,10.49,45.43,0.0
garowe,2025091618,8.4,48.48,0.0,26.94,9.04,10.95,57.85,0.0
garowe,2025091619,8.4,48.48,0.0,25.13,9.14,10.89,70.85,0.0
garowe,2025091620,8.4,48.48,0.0,23.88,8.62,10.2,79.78,0.0
garowe,2025091621,8.4,48.48,0.0,23.24,8.2,9.79,83.24,0.0
garowe,2025091622,8.4,48.48,0.0,22.94,7.85,9.45,83.73,0.0
garowe,2025091623,8.4,48.48,0.0,22.77,7.3,8.84,83.26,0.0
garowe,2025091700,8.4,48.48,0.0,22.61,6.8,8.32,82.56,0.0
garowe,2025091701,8.4,48.48,0.0,22.49,6.67,8.21,81.59,0.0
garowe,2025091702,8.4,48.48,5.22,22.44,6.64,8.14,80.46,0.0
garowe,2025091703,8.4,48.48,140.2,23.06,7.33,8.72,76.25,0.0
garowe,2025091704,8.4,48.48,377.73,24.88,8.46,9.8,65.93,0.0
garowe,2025091705,8.4,48.48,625.83,27.36,9.25,10.57,53.62,0.0
garowe,2025091706,8.4,48.48,832.55,29.9,9.67,10.94,43.61,0.0
garowe,2025091707,8.4,48.48,961.3,32.17,9.83,11.05,36.94,0.0
garowe,2025091708,8.4,48.48,1005.55,34.04,9.8,10.94,32.6,0.0
garowe,2025091709,8.4,48.48,981.95,35.37,9.47,10.52,29.72,0.0
garowe,2025091710,8.4,48.48,831.72,36.15,8.87,9.82,27.98,0.0
garowe,2025091711,8.4,48.48,690.03,36.32,8.17,9.07,27.33,0.0
garowe,2025091712,8.4,48.48,459.33,35.93,7.49,8.38,27.64,0.0
garowe,2025091713,8.4,48.48,205.4,34.99,6.91,7.89,28.93,0.0
garowe,2025091714,8.4,48.48,24.0,33.58,5.65,7.6,31.22,0.0
garowe,2025091715,8.4,48.48,0.0,32.21,5.27,8.1,34.06,0.0
garowe,2025091716,8.4,48.48,0.0,31.18,6.78,9.23,37.53,0.0
garowe,2025091717,8.4,48.48,0.0,29.53,8.14,10.16,45.12,0.0
garowe,2025091718,8.4,48.48,0.0,27.41,8.85,10.6,57.78,0.0
garowe,2025091719,8.4,48.48,0.0,25.47,8.9,10.53,71.07,0.0
garowe,2025091720,8.4,48.48,0.0,24.27,8.48,10.04,78.57,0.0
garowe,2025091721,8.4,48.48,0.0,23.65,7.81,9.32,81.35,0.0
garowe,2025091722,8.4,48.48,0.0,23.34,7.3,8.83,82.44,0.0
garowe,2025091723,8.4,48.48,0.0,23.17,6.99,8.53,82.72,0.0
garowe,2025091800,8.4,48.48,0.0,23.02,6.8,8.32,82.89,0.0
garowe,2025091801,8.4,48.48,0.0,22.89,6.41,7.8,83.34,0.0
garowe,2025091802,8.4,48.48,5.2,22.75,6.11,7.51,83.98,0.0
garowe,2025091803,8.4,48.48,138.35,23.42,6.99,8.36,79.78,0.0
garowe,2025091804,8.4,48.48,377.1,25.31,8.15,9.37,68.34,0.0
garowe,2025091805,8.4,48.48,631.6,27.38,8.61,9.77,57.85,0.0
garowe,2025091806,8.4,48.48,812.03,29.41,8.94,10.08,49.38,0.0
garowe,2025091807,8.4,48.48,924.97,31.37,9.2,10.32,42.53,0.0
garowe,2025091808,8.4,48.48,983.25,32.97,9.22,10.31,37.7,0.0
garowe,2025091809,8.4,48.48,940.67,34.1,8.98,10.0,34.61,0.0
garowe,2025091810,8.4,48.48,699.12,34.97,8.46,9.39,32.53,0.0
garowe,2025091811,8.4,48.48,601.45,35.29,7.78,8.64,31.73,0.0
garowe,2025091812,8.4,48.48,307.08,34.81,7.16,8.02,32.54,0.0
garowe,2025091813,8.4,48.48,137.5,33.98,6.68,7.64,34.2,0.0
garowe,2025091814,8.4,48.48,18.25,32.77,5.7,7.43,36.73,0.0
garowe,2025091815,8.4,48.48,0.0,31.55,4.86,7.57,39.51,0.0
garowe,2025091816,8.4,48.48,0.0,30.74,5.4,7.99,41.78,0.0
garowe,2025091817,8.4,48.48,0.0,29.64,6.23,8.56,45.73,0.0
garowe,2025091818,8.4,48.48,0.0,28.23,7.33,9.27,52.64,0.0
garowe,2025091819,8.4,48.48,0.0,26.56,8.23,9.93,62.57,0.0
garowe,2025091820,8.4,48.48,0.0,25.05,8.6,10.19,72.01,0.0
garowe,2025091821,8.4,48.48,0.0,24.17,8.38,9.96,77.26,0.0
garowe,2025091822,8.4,48.48,0.0,23.71,8.07,9.71,79.28,0.0
garowe,2025091823,8.4,48.48,0.0,23.46,7.81,9.48,79.8,0.0
garowe,2025091900,8.4,48.48,0.0,23.24,7.46,9.15,80.0,0.0
garowe,2025091901,8.4,48.48,0.0,23.01,6.98,8.66,80.59,0.0
garowe,2025091902,8.4,48.48,5.1,22.8,6.62,8.2,81.32,0.0
garowe,2025091903,8.4,48.48,131.05,23.44,7.16,8.55,77.78,0.0
garowe,2025091904,8.4,48.48,345.25,25.02,7.98,9.24,69.18,0.0
garowe,2025091905,8.4,48.48,560.05,26.79,8.26,9.43,60.44,0.0
garowe,2025091906,8.4,48.48,776.35,28.44,8.42,9.54,53.51,0.0
garowe,2025091907,8.4,48.48,910.8,29.91,8.56,9.66,48.04,0.0
garowe,2025091908,8.4,48.48,964.67,31.2,8.6,9.71,43.74,0.0
garowe,2025091909,8.4,48.48,806.88,32.17,8.42,9.52,40.72,0.0
garowe,2025091910,8.4,48.48,722.6,32.72,7.91,8.97,38.92,0.0
garowe,2025091911,8.4,48.48,503.9,32.88,7.27,8.27,38.13,0.0
garowe,2025091912,8.4,48.48,254.0,32.52,6.61,7.59,38.59,0.0
garowe,2025091913,8.4,48.48,144.07,31.79,5.89,6.91,40.1,0.0
garowe,2025091914,8.4,48.48,18.88,30.85,4.46,6.0,42.36,0.0
garowe,2025091915,8.4,48.48,0.0,29.9,2.88,5.14,44.72,0.0
garowe,2025091916,8.4,48.48,0.0,29.48,2.98,5.4,45.41,0.0
garowe,2025091917,8.4,48.48,0.0,29.13,3.89,6.42,45.79,0.0
garowe,2025091918,8.4,48.48,0.0,28.44,4.93,7.55,47.62,0.0
garowe,2025091919,8.4,48.48,0.0,27.31,5.88,8.36,51.84,0.0
garowe,2025091920,8.4,48.48,0.0,25.98,6.44,8.46,58.33,0.0
garowe,2025091921,8.4,48.48,0.0,24.69,6.62,8.35,65.63,0.0
garowe,2025091922,8.4,48.48,0.0,23.76,6.5,7.95,70.77,0.0
garowe,2025091923,8.4,48.48,0.0,23.19,6.15,7.51,73.8,0.0
garowe,2025092000,8.4,48.48,0.0,22.84,6.1,7.57,75.31,0.0
garowe,2025092001,8.4,48.48,0.0,22.52,5.72,7.18,76.24,0.0
garowe,2025092002,8.4,48.48,5.5,22.23,5.51,7.05,76.71,0.0
garowe,2025092003,8.4,48.48,143.95,22.89,6.97,8.41,72.17,0.0
garowe,2025092004,8.4,48.48,376.5,24.45,8.39,9.74,63.77,0.0
garowe,2025092005,8.4,48.48,608.03,26.2,8.81,10.09,56.15,0.0
garowe,2025092006,8.4,48.48,826.17,28.12,8.96,10.23,49.08,0.0
garowe,2025092007,8.4,48.48,962.72,29.96,9.13,10.41,42.73,0.0
garowe,2025092008,8.4,48.48,1015.95,31.55,9.16,10.45,37.41,0.0
garowe,2025092009,8.4,48.48,956.6,32.74,8.85,10.08,33.84,0.0
garowe,2025092010,8.4,48.48,867.62,33.44,8.32,9.48,31.95,0.0
garowe,2025092011,8.4,48.48,643.12,33.71,7.74,8.82,31.17,0.0
garowe,2025092012,8.4,48.48,341.12,33.47,7.13,8.15,31.7,0.0
garowe,2025092013,8.4,48.48,173.27,32.72,6.55,7.6,33.58,0.0
garowe,2025092014,8.4,48.48,19.95,31.38,5.11,7.1,37.09,0.0
garowe,2025092015,8.4,48.48,0.0,29.97,3.62,6.56,40.9,0.0
garowe,2025092016,8.4,48.48,0.0,29.16,3.2,6.22,43.26,0.0
garowe,2025092017,8.4,48.48,0.0,28.48,3.05,5.98,44.87,0.0
garowe,2025092018,8.4,48.48,0.0,27.84,3.03,5.86,45.6,0.0
garowe,2025092019,8.4,48.48,0.0,27.16,3.24,6.02,45.55,0.0
garowe,2025092020,8.4,48.48,0.0,26.47,3.8,6.6,44.96,0.0
garowe,2025092021,8.4,48.48,0.0,25.77,4.38,7.2,44.33,0.0
garowe,2025092022,8.4,48.48,0.0,25.03,4.59,7.47,43.93,0.0
garowe,2025092023,8.4,48.48,0.0,24.48,5.09,8.01,43.68,0.0
garowe,2025092100,8.4,48.48,0.0,24.08,5.74,8.37,44.91,0.0
garowe,2025092101,8.4,48.48,0.0,23.55,5.79,8.25,49.42,0.0
garowe,2025092102,8.4,48.48,5.5,23.11,5.87,8.26,55.01,0.0
garowe,2025092103,8.4,48.48,124.03,24.04,7.45,9.3,56.34,0.0
garowe,2025092104,8.4,48.48,308.67,26.64,10.32,12.26,52.32,0.0
garowe,2025092105,8.4,48.48,496.08,29.51,11.14,12.86,43.97,0.0
garowe,2025092106,8.4,48.48,725.92,31.87,10.83,12.27,36.77,0.0
garowe,2025092107,8.4,48.48,863.6,33.67,10.14,11.36,31.93,0.0
garowe,2025092108,8.4,48.48,990.42,34.93,9.44,10.53,29.04,0.0
garowe,2025092109,8.4,48.48,956.38,35.71,8.75,9.75,27.32,0.0
garowe,2025092110,8.4,48.48,753.05,36.24,8.14,9.07,26.0,0.0
garowe,2025092111,8.4,48.48,637.65,36.34,7.65,8.57,25.42,0.0
garowe,2025092112,8.4,48.48,363.75,36.04,7.29,8.23,25.53,0.0
garowe,2025092113,8.4,48.48,191.5,35.27,6.9,7.99,26.48,0.0
garowe,2025092114,8.4,48.48,21.62,33.51,5.13,7.76,29.3,0.0
garowe,2025092115,8.4,48.48,0.0,31.55,4.27,8.2,33.06,0.0
garowe,2025092116,8.4,48.48,0.0,30.81,4.81,8.86,34.98,0.0
garowe,2025092117,8.4,48.48,0.0,30.26,5.42,9.38,36.64,0.0
garowe,2025092118,8.4,48.48,0.0,29.73,6.01,9.73,38.26,0.0
garowe,2025092119,8.4,48.48,0.0,29.17,6.48,9.99,39.95,0.0
garowe,2025092120,8.4,48.48,0.0,28.59,6.87,10.2,41.8,0.0
garowe,2025092121,8.4,48.48,0.0,28.0,7.52,10.66,44.29,0.0
garowe,2025092122,8.4,48.48,0.0,27.29,7.79,10.62,48.16,0.0
garowe,2025092123,8.4,48.48,0.0,26.44,7.92,10.51,53.66,0.0
garowe,2025092200,8.4,48.48,0.0,25.45,7.77,10.12,60.9,0.0
garowe,2025092201,8.4,48.48,0.0,24.54,7.55,9.76,68.59,0.0
garowe,2025092202,8.4,48.48,5.8,23.81,7.44,9.53,75.03,0.0
garowe,2025092203,8.4,48.48,147.75,24.35,9.35,11.51,73.67,0.0
garowe,2025092204,8.4,48.48,393.38,26.66,11.33,13.34,61.08,0.0
garowe,2025092205,8.4,48.48,637.6,29.47,11.78,13.59,48.39,0.0
garowe,2025092206,8.4,48.48,815.0,31.97,11.5,13.07,40.04,0.0
garowe,2025092207,8.4,48.48,959.35,34.02,10.88,12.21,34.73,0.0
garowe,2025092208,8.4,48.48,1013.45,35.58,10.16,11.31,31.35,0.0
garowe,2025092209,8.4,48.48,985.1,36.63,9.37,10.37,29.34,0.0
garowe,2025092210,8.4,48.48,806.67,37.16,8.58,9.45,28.4,0.0
garowe,2025092211,8.4,48.48,685.1,37.2,7.99,8.8,28.08,0.0
garowe,2025092212,8.4,48.48,446.92,36.69,7.55,8.35,28.64,0.0
garowe,2025092213,8.4,48.48,205.4,35.65,7.22,8.14,30.22,0.0
garowe,2025092214,8.4,48.48,20.55,33.97,6.47,8.41,33.42,0.0
garowe,2025092215,8.4,48.48,0.0,32.73,6.74,9.27,36.52,0.0
garowe,2025092216,8.4,48.48,0.0,31.86,7.82,10.38,39.31,0.0
garowe,2025092217,8.4,48.48,0.0,30.97,8.42,11.01,42.39,0.0
garowe,2025092218,8.4,48.48,0.0,30.15,8.8,11.44,45.43,0.0
garowe,2025092219,8.4,48.48,0.0,29.27,8.97,11.58,48.9,0.0
garowe,2025092220,8.4,48.48,0.0,28.34,9.3,11.85,53.0,0.0
garowe,2025092221,8.4,48.48,0.0,27.38,9.32,11.81,58.01,0.0
garowe,2025092222,8.4,48.48,0.0,26.47,9.43,11.91,63.57,0.0
garowe,2025092223,8.4,48.48,0.0,25.64,9.32,11.61,69.34,0.0
garowe,2025092300,8.4,48.48,0.0,24.95,8.99,11.25,74.15,0.0
garowe,2025092301,8.4,48.48,0.0,24.51,8.81,11.0,77.12,0.0
garowe,2025092302,8.4,48.48,5.22,24.3,8.79,10.96,78.37,0.0
garowe,2025092303,8.4,48.48,115.4,24.83,9.4,11.43,75.33,0.0
garowe,2025092304,8.4,48.48,298.12,26.38,10.38,12.2,67.09,0.0
garowe,2025092305,8.4,48.48,513.22,28.61,10.76,12.37,57.02,0.0
garowe,2025092306,8.4,48.48,751.35,30.87,10.72,12.15,48.16,0.0
garowe,2025092307,8.4,48.48,807.72,32.71,10.45,11.77,41.66,0.0
garowe,2025092308,8.4,48.48,886.45,34.07,10.01,11.21,36.98,0.0
garowe,2025092309,8.4,48.48,812.5,35.16,9.44,10.54,33.48,0.0
garowe,2025092310,8.4,48.48,593.92,35.88,8.9,9.94,30.99,0.0
garowe,2025092311,8.4,48.48,679.88,36.13,8.32,9.3,29.46,0.0
garowe,2025092312,8.4,48.48,442.02,35.79,7.88,8.84,29.16,0.0
garowe,2025092313,8.4,48.48,199.7,34.84,7.63,8.76,30.13,0.0
garowe,2025092314,8.4,48.48,20.05,33.35,6.82,8.86,32.52,0.0
garowe,2025092315,8.4,48.48,0.0,32.17,6.8,9.43,35.32,0.0
garowe,2025092316,8.4,48.48,0.0,31.34,7.95,10.57,38.01,0.0
garowe,2025092317,8.4,48.48,0.0,30.38,8.27,10.97,41.36,0.0
garowe,2025092318,8.4,48.48,0.0,29.64,8.42,11.19,44.08,0.0
garowe,2025092319,8.4,48.48,0.0,29.07,8.13,10.8,46.27,0.0
garowe,2025092320,8.4,48.48,0.0,28.4,7.24,9.56,48.87,0.0
garowe,2025092321,8.4,48.48,0.0,27.73,6.46,8.44,51.77,0.0
garowe,2025092322,8.4,48.48,0.0,27.09,5.77,7.39,54.69,0.0
garowe,2025092323,8.4,48.48,0.0,26.54,5.34,6.82,57.42,0.0
garowe,2025092400,8.4,48.48,0.0,25.95,5.89,7.31,60.69,0.0
garowe,2025092401,8.4,48.48,0.0,25.34,6.43,7.93,64.19,0.0
garowe,2025092402,8.4,48.48,4.9,24.8,6.62,8.07,67.39,0.0
garowe,2025092403,8.4,48.48,128.05,24.84,7.31,8.77,67.67,0.0
garowe,2025092404,8.4,48.48,345.95,25.87,8.57,9.97,63.07,0.0
garowe,2025092405,8.4,48.48,591.75,27.46,9.36,10.7,56.09,0.0
garowe,2025092406,8.4,48.48,810.2,29.46,9.46,10.66,48.35,0.0
garowe,2025092407,8.4,48.48,954.05,31.74,9.2,10.22,40.98,0.0
garowe,2025092408,8.4,48.48,989.83,33.61,8.75,9.63,35.78,0.0
garowe,2025092409,8.4,48.48,914.1,35.0,8.1,8.87,32.18,0.0
garowe,2025092410,8.4,48.48,858.4,35.89,7.41,8.07,29.45,0.0
garowe,2025092411,8.4,48.48,664.62,36.16,6.91,7.5,28.01,0.0
garowe,2025092412,8.4,48.48,418.8,35.85,6.52,7.08,27.77,0.0
garowe,2025092413,8.4,48.48,187.8,34.95,6.31,6.96,28.67,0.0
garowe,2025092414,8.4,48.48,18.4,33.09,5.49,7.46,31.75,0.0
garowe,2025092415,8.4,48.48,0.0,31.31,5.94,8.83,35.72,0.0
garowe,2025092416,8.4,48.48,0.0,30.41,7.27,9.68,38.43,0.0
garowe,2025092417,8.4,48.48,0.0,29.52,7.27,9.37,40.97,0.0
garowe,2025092418,8.4,48.48,0.0,28.86,6.74,8.68,42.62,0.0
garowe,2025092419,8.4,48.48,0.0,28.32,6.34,8.24,43.62,0.0
garowe,2025092420,8.4,48.48,0.0,27.75,6.24,8.14,44.63,0.0
garowe,2025092421,8.4,48.48,0.0,27.1,6.29,8.2,46.08,0.0
garowe,2025092422,8.4,48.48,0.0,26.45,6.26,8.3,47.94,0.0
garowe,2025092423,8.4,48.48,0.0,25.82,6.37,8.46,50.63,0.0
garowe,2025092500,8.4,48.48,0.0,25.07,6.63,8.82,55.29,0.0
garowe,2025092501,8.4,48.48,0.0,24.29,6.96,9.03,61.6,0.0
garowe,2025092502,8.4,48.48,6.0,23.53,6.81,8.77,68.53,0.0
garowe,2025092503,8.4,48.48,151.27,23.91,8.76,10.69,70.43,0.0
garowe,2025092504,8.4,48.48,397.75,26.12,10.46,12.21,60.92,0.0
garowe,2025092505,8.4,48.48,639.35,29.05,10.81,12.42,47.21,0.0
garowe,2025092506,8.4,48.48,834.4,31.66,10.36,11.73,37.28,0.0
garowe,2025092507,8.4,48.48,960.62,33.82,9.38,10.4,31.47,0.0
garowe,2025092508,8.4,48.48,1012.83,35.29,8.52,9.34,28.17,0.0
garowe,2025092509,8.4,48.48,979.25,36.29,7.85,8.56,25.97,0.0
garowe,2025092510,8.4,48.48,871.88,37.15,7.31,7.94,24.16,0.0
garowe,2025092511,8.4,48.48,673.67,37.29,6.92,7.53,23.41,0.0
garowe,2025092512,8.4,48.48,441.62,36.71,6.48,7.15,23.72,0.0
garowe,2025092513,8.4,48.48,199.15,35.57,6.16,7.03,24.92,0.0
garowe,2025092514,8.4,48.48,18.6,33.91,5.12,7.54,27.37,0.0
garowe,2025092515,8.4,48.48,0.0,32.06,5.25,8.89,30.64,0.0
garowe,2025092516,8.4,48.48,0.0,31.38,6.42,9.65,32.09,0.0
garowe,2025092517,8.4,48.48,0.0,30.68,6.82,9.68,33.55,0.0
garowe,2025092518,8.4,48.48,0.0,29.96,6.82,9.46,34.98,0.0
garowe,2025092519,8.4,48.48,0.0,29.36,7.0,9.4,36.25,0.0
garowe,2025092520,8.4,48.48,0.0,28.84,7.05,9.08,37.34,0.0
garowe,2025092521,8.4,48.48,0.0,28.24,6.14,7.74,38.85,0.0
garowe,2025092522,8.4,48.48,0.0,27.5,6.51,8.47,41.47,0.0
garowe,2025092523,8.4,48.48,0.0,26.61,7.7,9.59,45.23,0.0
garowe,2025092600,8.4,48.48,0.0,25.79,8.15,10.14,49.73,0.0
garowe,2025092601,8.4,48.48,0.0,25.01,8.66,10.64,55.75,0.0
garowe,2025092602,8.4,48.48,5.9,24.36,8.69,10.64,62.1,0.0
garowe,2025092603,8.4,48.48,144.8,24.48,9.24,11.1,64.78,0.0
garowe,2025092604,8.4,48.48,366.73,26.02,10.05,11.73,59.71,0.0
garowe,2025092605,8.4,48.48,578.55,28.44,10.47,12.0,49.95,0.0
garowe,2025092606,8.4,48.48,742.1,31.21,10.42,11.72,40.03,0.0
garowe,2025092607,8.4,48.48,836.42,33.68,9.83,10.9,32.91,0.0
garowe,2025092608,8.4,48.48,851.6,35.55,9.04,9.95,28.75,0.0
garowe,2025092609,8.4,48.48,804.75,36.82,8.18,8.98,26.46,0.0
garowe,2025092610,8.4,48.48,780.72,37.6,7.42,8.17,25.08,0.0
garowe,2025092611,8.4,48.48,677.8,37.87,6.89,7.61,24.33,0.0
garowe,2025092612,8.4,48.48,426.85,37.59,6.51,7.24,24.3,0.0
garowe,2025092613,8.4,48.48,187.93,36.71,6.28,7.15,25.18,0.0
garowe,2025092614,8.4,48.48,17.27,34.76,5.11,7.38,28.2,0.0
garowe,2025092615,8.4,48.48,0.0,33.01,5.51,8.6,31.65,0.0
garowe,2025092616,8.4,48.48,0.0,32.15,6.82,9.86,33.81,0.0
garowe,2025092617,8.4,48.48,0.0,31.26,7.66,10.18,36.17,0.0
garowe,2025092618,8.4,48.48,0.0,30.22,7.21,9.26,39.03,0.0
garowe,2025092619,8.4,48.48,0.0,29.1,6.36,8.18,42.46,0.0
garowe,2025092620,8.4,48.48,0.0,28.16,6.41,8.04,46.09,0.0
garowe,2025092621,8.4,48.48,0.0,27.32,6.69,8.24,49.75,0.0
garowe,2025092622,8.4,48.48,0.0,26.44,7.23,8.92,53.38,0.0
garowe,2025092623,8.4,48.48,0.0,25.38,7.23,9.26,57.02,0.0
garowe,2025092700,8.4,48.48,0.0,24.54,7.06,9.18,59.83,0.0
garowe,2025092701,8.4,48.48,0.0,23.83,6.61,8.75,62.78,0.0
garowe,2025092702,8.4,48.48,6.12,23.19,6.14,8.29,66.51,0.0
garowe,2025092703,8.4,48.48,152.5,23.77,7.34,9.03,65.51,0.0
garowe,2025092704,8.4,48.48,401.62,26.1,9.0,10.56,56.43,0.0
garowe,2025092705,8.4,48.48,646.12,29.2,9.55,11.04,44.82,0.0
garowe,2025092706,8.4,48.48,839.28,32.18,9.83,11.22,35.48,0.0
garowe,2025092707,8.4,48.48,962.3,34.54,9.76,11.01,29.74,0.0
garowe,2025092708,8.4,48.48,1000.47,36.24,9.5,10.61,26.34,0.0
garowe,2025092709,8.4,48.48,960.6,37.39,9.08,10.11,24.19,0.0
garowe,2025092710,8.4,48.48,838.3,38.07,8.41,9.37,22.67,0.0
garowe,2025092711,8.4,48.48,671.22,38.24,7.65,8.54,21.84,0.0
garowe,2025092712,8.4,48.48,416.77,37.86,6.82,7.64,21.74,0.0
garowe,2025092713,8.4,48.48,183.65,36.95,6.09,6.95,22.41,0.0
garowe,2025092714,8.4,48.48,16.52,35.03,4.43,6.83,25.12,0.0
garowe,2025092715,8.4,48.48,0.0,33.56,4.46,7.49,28.04,0.0
garowe,2025092716,8.4,48.48,0.0,32.73,4.95,7.72,30.16,0.0
garowe,2025092717,8.4,48.48,0.0,31.78,4.47,6.79,32.79,0.0
garowe,2025092718,8.4,48.48,0.0,30.85,3.99,6.1,35.62,0.0
garowe,2025092719,8.4,48.48,0.0,29.95,4.29,6.31,38.77,0.0
garowe,2025092720,8.4,48.48,0.0,29.06,4.81,6.65,42.15,0.0
garowe,2025092721,8.4,48.48,0.0,28.17,5.4,7.03,45.75,0.0
garowe,2025092722,8.4,48.48,0.0,27.33,6.07,7.64,49.41,0.0
garowe,2025092723,8.4,48.48,0.0,26.64,6.87,8.66,52.38,0.0
garowe,2025092800,8.4,48.48,0.0,25.99,7.1,8.77,54.56,0.01
garowe,2025092801,8.4,48.48,0.0,25.19,6.85,8.55,57.58,0.01
garowe,2025092802,8.4,48.48,3.85,24.45,7.09,8.7,61.32,0.01
garowe,2025092803,8.4,48.48,105.85,24.45,8.06,9.65,62.78,0.01
garowe,2025092804,8.4,48.48,284.25,25.66,8.8,10.2,58.67,0.0
garowe,2025092805,8.4,48.48,452.08,27.87,9.19,10.5,50.64,0.0
garowe,2025092806,8.4,48.48,664.38,30.63,9.4,10.61,42.0,0.0
garowe,2025092807,8.4,48.48,856.22,32.77,9.26,10.34,36.59,0.01
garowe,2025092808,8.4,48.48,861.28,34.32,9.12,10.12,33.31,0.01
garowe,2025092809,8.4,48.48,787.58,35.15,8.82,9.75,31.77,0.01
garowe,2025092810,8.4,48.48,604.33,35.2,8.34,9.23,31.58,0.01
garowe,2025092811,8.4,48.48,534.42,34.93,7.9,8.75,31.9,0.01
garowe,2025092812,8.4,48.48,336.05,34.21,7.61,8.51,32.93,0.01
garowe,2025092813,8.4,48.48,155.65,33.24,7.41,8.45,34.41,0.0
garowe,2025092814,8.4,48.48,14.5,31.9,6.93,8.55,37.09,0.0
garowe,2025092815,8.4,48.48,0.0,30.58,6.71,8.77,40.52,0.0
garowe,2025092816,8.4,48.48,0.0,29.52,6.65,8.58,43.64,0.0
garowe,2025092817,8.4,48.48,0.0,28.6,6.26,8.23,46.27,0.0
garowe,2025092818,8.4,48.48,0.0,27.79,5.48,7.65,48.28,0.0
garowe,2025092819,8.4,48.48,0.0,27.1,4.93,7.26,49.85,0.0
garowe,2025092820,8.4,48.48,0.0,26.48,4.6,7.01,51.3,0.0
garowe,2025092821,8.4,48.48,0.0,26.11,4.93,7.3,52.32,0.0
garowe,2025092822,8.4,48.48,0.0,25.87,6.37,8.97,53.42,0.01
garowe,2025092823,8.4,48.48,0.0,25.52,7.26,9.75,55.29,0.02
garowe,2025092900,8.4,48.48,0.0,24.94,7.5,9.99,58.26,0.02
garowe,2025092901,8.4,48.48,0.0,24.23,6.86,9.06,61.97,0.01
garowe,2025092902,8.4,48.48,5.68,23.59,6.63,8.77,65.94,0.02
garowe,2025092903,8.4,48.48,136.3,24.03,8.1,10.02,65.97,0.02
garowe,2025092904,8.4,48.48,368.4,25.97,9.88,11.63,60.02,0.01
garowe,2025092905,8.4,48.48,603.95,28.48,10.24,11.78,50.73,0.01
garowe,2025092906,8.4,48.48,801.9,30.83,9.81,11.07,43.02,0.01
garowe,2025092907,8.4,48.48,936.85,32.93,9.05,10.05,37.41,0.01
garowe,2025092908,8.4,48.48,998.4,34.58,8.33,9.14,33.58,0.01
garowe,2025092909,8.4,48.48,958.9,35.61,7.78,8.45,31.13,0.01
garowe,2025092910,8.4,48.48,836.05,36.11,7.24,7.84,29.64,0.01
garowe,2025092911,8.4,48.48,658.17,36.1,6.76,7.31,29.06,0.0
garowe,2025092912,8.4,48.48,386.98,35.58,6.37,6.95,29.38,0.0
garowe,2025092913,8.4,48.48,168.23,34.51,6.02,6.72,30.81,0.0
garowe,2025092914,8.4,48.48,14.57,33.16,5.1,6.73,33.03,0.0
garowe,2025092915,8.4,48.48,0.0,31.83,4.62,7.33,35.9,0.0
garowe,2025092916,8.4,48.48,0.0,31.05,5.22,7.82,38.35,0.0
garowe,2025092917,8.4,48.48,0.0,30.33,5.4,7.73,40.96,0.0
garowe,2025092918,8.4,48.48,0.0,29.77,5.33,7.31,43.18,0.0
garowe,2025092919,8.4,48.48,0.0,29.26,4.89,6.63,45.07,0.0
garowe,2025092920,8.4,48.48,0.0,28.65,4.39,5.8,47.14,0.0
garowe,2025092921,8.4,48.48,0.0,28.03,4.03,4.98,49.45,0.0
garowe,2025092922,8.4,48.48,0.0,27.33,3.6,4.27,52.41,0.0
garowe,2025092923,8.4,48.48,0.0,26.7,3.41,4.02,55.52,0.01
garowe,2025093000,8.4,48.48,0.0,26.2,3.93,4.69,58.36,0.01
garowe,2025093001,8.4,48.48,0.0,25.71,4.77,5.76,61.31,0.01
garowe,2025093002,8.4,48.48,5.28,25.2,5.27,6.5,64.61,0.01
garowe,2025093003,8.4,48.48,125.5,25.27,6.29,7.45,65.5,0.0
garowe,2025093004,8.4,48.48,352.48,26.74,7.39,8.41,60.36,0.01
garowe,2025093005,8.4,48.48,603.83,29.22,7.81,8.74,51.19,0.01
garowe,2025093006,8.4,48.48,818.65,32.03,7.59,8.4,41.94,0.01
garowe,2025093007,8.4,48.48,945.47,34.29,7.05,7.71,35.38,0.0
garowe,2025093008,8.4,48.48,1009.22,35.83,6.48,7.03,31.19,0.0
garowe,2025093009,8.4,48.48,899.67,36.87,6.03,6.5,28.2,0.0
garowe,2025093010,8.4,48.48,763.3,37.39,5.56,5.98,26.37,0.0
garowe,2025093011,8.4,48.48,506.7,37.39,5.09,5.46,25.63,0.0
garowe,2025093012,8.4,48.48,318.52,36.89,4.7,5.05,25.85,0.0
garowe,2025093013,8.4,48.48,152.48,35.77,4.47,4.91,27.36,0.0
garowe,2025093014,8.4,48.48,13.88,34.36,3.65,5.14,29.93,0.0
garowe,2025093015,8.4,48.48,0.0,33.2,3.39,5.85,32.57,0.0
garowe,2025093016,8.4,48.48,0.0,32.44,3.93,6.45,34.6,0.0
garowe,2025093017,8.4,48.48,0.0,31.52,4.54,6.99,37.45,0.0
garowe,2025093018,8.4,48.48,0.0,30.52,5.18,7.42,41.11,0.0
garowe,2025093019,8.4,48.48,0.0,29.44,5.79,7.72,45.61,0.0
garowe,2025093020,8.4,48.48,0.0,28.42,6.18,7.82,50.5,0.0
garowe,2025093021,8.4,48.48,0.0,27.49,6.38,7.9,55.26,0.0
garowe,2025093022,8.4,48.48,0.0,26.78,6.44,7.87,58.84,0.0
garowe,2025093023,8.4,48.48,0.0,26.17,6.0,7.32,61.94,0.0
garowe,2025100100,8.4,48.48,0.0,25.57,5.46,6.74,65.18,0.0
garowe,2025100101,8.4,48.48,0.0,24.94,5.28,6.64,68.62,0.0
garowe,2025100102,8.4,48.48,5.65,24.29,5.39,6.91,72.22,0.0
garowe,2025100103,8.4,48.48,134.48,24.67,6.81,8.15,70.92,0.0
garowe,2025100104,8.4,48.48,376.48,26.56,8.26,9.45,62.16,0.0
garowe,2025100105,8.4,48.48,628.05,29.07,8.83,9.92,51.82,0.0
garowe,2025100106,8.4,48.48,818.78,31.64,9.02,10.01,43.13,0.01
garowe,2025100107,8.4,48.48,944.05,33.82,8.98,9.87,36.75,0.01
garowe,2025100108,8.4,48.48,995.53,35.33,8.68,9.47,32.66,0.01
garowe,2025100109,8.4,48.48,894.2,36.19,8.28,8.95,30.29,0.01
garowe,2025100110,8.4,48.48,873.9,36.56,7.81,8.39,28.99,0.0
garowe,2025100111,8.4,48.48,686.97,36.41,7.33,7.87,28.62,0.0
garowe,2025100112,8.4,48.48,436.5,35.86,6.91,7.46,28.9,0.0
garowe,2025100113,8.4,48.48,191.45,34.78,6.65,7.35,30.37,0.0
garowe,2025100114,8.4,48.48,15.23,33.04,6.18,7.92,33.75,0.0
garowe,2025100115,8.4,48.48,0.0,31.5,6.52,9.09,38.03,0.0
garowe,2025100116,8.4,48.48,0.0,30.56,7.24,9.71,41.77,0.0
garowe,2025100117,8.4,48.48,0.0,29.75,7.18,9.62,45.15,0.0
garowe,2025100118,8.4,48.48,0.0,29.08,6.61,9.06,47.72,0.0
garowe,2025100119,8.4,48.48,0.0,28.49,6.03,8.56,49.46,0.0
garowe,2025100120,8.4,48.48,0.0,28.01,5.74,8.12,50.4,0.0
garowe,2025100121,8.4,48.48,0.0,27.43,5.56,7.89,51.44,0.0
garowe,2025100122,8.4,48.48,0.0,26.78,5.81,8.19,52.66,0.0
garowe,2025100123,8.4,48.48,0.0,25.95,5.8,8.07,54.99,0.0
garowe,2025100200,8.4,48.48,0.0,25.12,5.82,8.05,58.22,0.0
garowe,2025100201,8.4,48.48,0.0,24.39,5.87,8.01,62.18,0.0
garowe,2025100202,8.4,48.48,5.78,23.74,5.7,7.71,66.59,0.0
garowe,2025100203,8.4,48.48,130.07,24.19,7.41,9.3,67.11,0.0
garowe,2025100204,8.4,48.48,342.1,26.34,9.69,11.44,60.0,0.0
garowe,2025100205,8.4,48.48,545.78,29.27,10.25,11.85,49.13,0.0
garowe,2025100206,8.4,48.48,706.12,32.18,10.2,11.56,39.79,0.0
garowe,2025100207,8.4,48.48,805.85,34.59,9.53,10.6,33.35,0.0
garowe,2025100208,8.4,48.48,840.47,36.26,8.61,9.46,29.33,0.0
garowe,2025100209,8.4,48.48,804.47,37.3,7.83,8.52,26.76,0.0
garowe,2025100210,8.4,48.48,814.42,37.79,7.24,7.84,25.23,0.0
garowe,2025100211,8.4,48.48,629.05,37.78,6.83,7.4,24.54,0.0
garowe,2025100212,8.4,48.48,336.25,37.27,6.57,7.17,24.63,0.0
garowe,2025100213,8.4,48.48,149.05,36.22,6.37,7.14,25.69,0.0
garowe,2025100214,8.4,48.48,12.65,34.34,5.06,7.34,28.36,0.0
garowe,2025100215,8.4,48.48,0.0,32.93,4.95,7.96,31.22,0.0
garowe,2025100216,8.4,48.48,0.0,32.22,5.57,8.02,33.74,0.0
garowe,2025100217,8.4,48.48,0.0,31.46,5.56,7.58,36.95,0.01
garowe,2025100218,8.4,48.48,0.0,30.63,5.32,7.08,40.89,0.02
garowe,2025100219,8.4,48.48,0.0,29.66,5.32,6.79,45.67,0.03
garowe,2025100220,8.4,48.48,0.0,28.61,5.44,6.69,51.17,0.07
garowe,2025100221,8.4,48.48,0.0,27.64,5.71,6.89,56.6,0.07
garowe,2025100222,8.4,48.48,0.0,26.75,6.25,7.46,61.46,0.07
garowe,2025100223,8.4,48.48,0.0,25.99,6.99,8.31,65.47,0.06
garowe,2025100300,8.4,48.48,0.0,25.3,7.55,8.99,69.09,0.0
garowe,2025100301,8.4,48.48,0.0,24.78,7.78,9.32,71.75,0.0
garowe,2025100302,8.4,48.48,5.93,24.41,7.7,9.32,73.46,0.0
garowe,2025100303,8.4,48.48,139.0,24.65,8.09,9.61,71.63,0.0
garowe,2025100304,8.4,48.48,376.75,26.29,8.78,10.13,62.55,0.0
garowe,2025100305,8.4,48.48,619.65,28.61,8.9,10.05,52.05,0.0
garowe,2025100306,8.4,48.48,817.9,31.01,8.53,9.48,43.59,0.0
garowe,2025100307,8.4,48.48,947.2,33.12,8.0,8.83,37.5,0.0
garowe,2025100308,8.4,48.48,994.83,34.71,7.46,8.18,33.43,0.0
garowe,2025100309,8.4,48.48,960.65,35.69,6.9,7.53,30.73,0.0
garowe,2025100310,8.4,48.48,772.9,36.12,6.36,6.91,28.98,0.0
garowe,2025100311,8.4,48.48,632.5,36.08,5.93,6.43,28.02,0.0
garowe,2025100312,8.4,48.48,384.7,35.38,5.73,6.28,28.15,0.0
garowe,2025100313,8.4,48.48,159.45,34.44,5.95,6.68,29.13,0.0
garowe,2025100314,8.4,48.48,12.35,33.0,5.55,7.3,31.55,0.0
garowe,2025100315,8.4,48.48,0.0,31.8,5.66,8.04,34.39,0.0
garowe,2025100316,8.4,48.48,0.0,31.01,6.55,8.58,36.98,0.0
garowe,2025100317,8.4,48.48,0.0,30.08,6.91,8.71,40.24,0.0
garowe,2025100318,8.4,48.48,0.0,29.03,6.88,8.44,44.17,0.0
garowe,2025100319,8.4,48.48,0.0,27.98,6.59,8.06,48.4,0.0
garowe,2025100320,8.4,48.48,0.0,27.1,6.3,7.75,52.21,0.0
garowe,2025100321,8.4,48.48,0.0,26.42,6.57,8.35,55.19,0.0
garowe,2025100322,8.4,48.48,0.0,25.91,6.17,7.81,57.31,0.0
garowe,2025100323,8.4,48.48,0.0,25.42,5.41,6.84,59.6,0.0
garowe,2025100400,8.4,48.48,0.0,24.97,4.85,6.12,62.01,0.0
garowe,2025100401,8.4,48.48,0.0,24.62,4.6,5.6,64.49,0.0
garowe,2025100402,8.4,48.48,6.05,24.29,4.41,5.34,67.12,0.0
garowe,2025100403,8.4,48.48,140.38,24.2,4.76,5.7,68.9,0.0
garowe,2025100404,8.4,48.48,382.42,24.88,5.57,6.46,66.93,0.0
garowe,2025100405,8.4,48.48,624.0,26.34,6.04,6.91,60.94,0.0
garowe,2025100406,8.4,48.48,818.6,28.13,5.85,6.64,54.15,0.0
garowe,2025100407,8.4,48.48,946.5,30.02,5.37,6.05,47.76,0.0
garowe,2025100408,8.4,48.48,993.4,31.72,4.9,5.47,42.42,0.0
garowe,2025100409,8.4,48.48,943.97,33.1,4.42,4.85,38.0,0.0
garowe,2025100410,8.4,48.48,671.7,34.12,3.9,4.22,34.33,0.0
garowe,2025100411,8.4,48.48,392.27,34.34,3.36,3.6,32.45,0.0
garowe,2025100412,8.4,48.48,252.18,34.02,3.35,3.57,32.26,0.0
garowe,2025100413,8.4,48.48,107.75,33.08,3.83,4.12,33.92,0.0
garowe,2025100414,8.4,48.48,9.75,31.62,4.36,5.51,37.34,0.0
garowe,2025100415,8.4,48.48,0.0,30.37,5.26,7.28,41.03,0.0
garowe,2025100416,8.4,48.48,0.0,29.57,6.07,8.15,43.84,0.0
garowe,2025100417,8.4,48.48,0.0,28.87,6.07,8.23,46.1,0.0
garowe,2025100418,8.4,48.48,0.0,28.18,5.36,7.55,47.76,0.0
garowe,2025100419,8.4,48.48,0.0,27.53,4.38,6.42,48.9,0.0
garowe,2025100420,8.4,48.48,0.0,27.07,3.83,5.41,49.33,0.0
garowe,2025100421,8.4,48.48,0.0,26.58,3.51,4.58,50.4,0.0
garowe,2025100422,8.4,48.48,0.0,26.05,3.3,4.03,52.31,0.0
garowe,2025100423,8.4,48.48,0.0,25.55,3.59,4.36,54.72,0.0
garowe,2025100500,8.4,48.48,0.0,25.12,4.14,4.96,57.14,0.0
garowe,2025100501,8.4,48.48,0.0,24.72,4.6,5.6,59.9,0.0
garowe,2025100502,8.4,48.48,5.43,24.35,4.78,6.02,63.17,0.0
garowe,2025100503,8.4,48.48,128.7,24.61,5.57,6.58,64.34,0.0
garowe,2025100504,8.4,48.48,358.27,25.93,6.26,7.12,61.14,0.0
garowe,2025100505,8.4,48.48,610.05,28.02,6.34,6.96,54.33,0.0
garowe,2025100506,8.4,48.48,820.92,30.42,5.97,6.38,46.83,0.0
garowe,2025100507,8.4,48.48,905.67,32.13,5.47,5.72,41.85,0.0
garowe,2025100508,8.4,48.48,912.75,33.19,5.08,5.27,38.66,0.0
garowe,2025100509,8.4,48.48,622.03,33.86,4.8,4.92,36.34,0.0
garowe,2025100510,8.4,48.48,695.67,34.0,4.78,4.88,35.12,0.0
garowe,2025100511,8.4,48.48,505.12,33.63,5.16,5.32,35.65,0.0
garowe,2025100512,8.4,48.48,324.33,32.41,5.84,6.21,38.73,0.0
garowe,2025100513,8.4,48.48,143.9,31.12,6.47,7.07,42.27,0.0
garowe,2025100514,8.4,48.48,11.65,29.65,6.77,7.82,46.37,0.0
garowe,2025100515,8.4,48.48,0.0,28.55,6.71,8.18,49.64,0.0
garowe,2025100516,8.4,48.48,0.0,27.72,6.28,7.78,52.47,0.0
garowe,2025100517,8.4,48.48,0.0,26.9,5.59,7.06,55.73,0.0
garowe,2025100518,8.4,48.48,0.0,26.12,4.84,6.22,59.27,0.0
garowe,2025100519,8.4,48.48,0.0,25.42,4.1,5.39,62.77,0.0
garowe,2025100520,8.4,48.48,0.0,24.79,3.38,4.62,66.13,0.0
garowe,2025100521,8.4,48.48,0.0,24.3,3.42,4.69,69.11,0.0
garowe,2025100522,8.4,48.48,0.0,23.93,3.89,5.08,71.76,0.0
garowe,2025100523,8.4,48.48,0.0,23.58,4.03,5.22,74.52,0.0
garowe,2025100600,8.4,48.48,0.0,23.25,4.09,5.39,77.58,0.0
garowe,2025100601,8.4,48.48,0.0,22.96,4.0,5.39,80.55,0.0
garowe,2025100602,8.4,48.48,6.18,22.66,3.75,5.35,83.68,0.0
garowe,2025100603,8.4,48.48,133.2,23.49,5.51,6.71,80.84,0.0
garowe,2025100604,8.4,48.48,345.75,25.67,6.83,7.74,69.81,0.0
garowe,2025100605,8.4,48.48,571.12,28.19,6.67,7.33,58.0,0.0
garowe,2025100606,8.4,48.48,799.62,30.46,6.01,6.49,49.27,0.0
garowe,2025100607,8.4,48.48,944.75,32.21,5.18,5.51,43.25,0.0
garowe,2025100608,8.4,48.48,1008.4,33.45,4.26,4.48,38.77,0.0
garowe,2025100609,8.4,48.48,817.78,34.07,3.24,3.36,35.31,0.0
garowe,2025100610,8.4,48.48,824.47,34.17,2.84,2.91,33.46,0.0
garowe,2025100611,8.4,48.48,575.12,33.6,3.48,3.55,33.97,0.0
garowe,2025100612,8.4,48.48,369.65,32.66,4.7,4.89,36.31,0.0
garowe,2025100613,8.4,48.48,165.32,31.25,6.03,6.52,40.47,0.0
garowe,2025100614,8.4,48.48,12.02,29.5,7.16,8.27,46.48,0.0
garowe,2025100615,8.4,48.48,0.0,27.9,8.0,9.56,53.48,0.0
garowe,2025100616,8.4,48.48,0.0,26.71,8.19,9.87,59.55,0.0
garowe,2025100617,8.4,48.48,0.0,25.93,7.83,9.57,62.76,0.0
garowe,2025100618,8.4,48.48,0.0,25.47,7.07,8.74,63.31,0.0
garowe,2025100619,8.4,48.48,0.0,25.13,6.07,7.7,62.67,0.0
garowe,2025100620,8.4,48.48,0.0,24.76,5.23,6.84,62.0,0.0
garowe,2025100621,8.4,48.48,0.0,24.33,4.39,6.02,62.24,0.0
garowe,2025100622,8.4,48.48,0.0,23.9,3.75,5.51,63.33,0.0
garowe,2025100623,8.4,48.48,0.0,23.45,3.21,5.15,65.0,0.0
garowe,2025100700,8.4,48.48,0.0,23.11,3.05,5.11,66.53,0.0
garowe,2025100701,8.4,48.48,0.0,22.76,2.7,4.8,68.43,0.0
garowe,2025100702,8.4,48.48,6.6,22.57,2.8,4.75,69.72,0.0
garowe,2025100703,8.4,48.48,152.4,23.43,3.92,4.72,66.67,0.0
garowe,2025100704,8.4,48.48,390.67,25.71,4.98,5.69,57.25,0.0
garowe,2025100705,8.4,48.48,632.08,28.1,5.23,5.82,48.05,0.0
garowe,2025100706,8.4,48.48,839.45,30.23,5.08,5.58,41.25,0.0
garowe,2025100707,8.4,48.48,963.65,32.16,4.98,5.43,35.92,0.0
garowe,2025100708,8.4,48.48,989.78,33.74,4.94,5.38,31.93,0.0
garowe,2025100709,8.4,48.48,871.2,34.75,4.89,5.33,29.35,0.0
garowe,2025100710,8.4,48.48,558.67,35.06,4.71,5.12,28.23,0.0
garowe,2025100711,8.4,48.48,553.38,34.73,4.53,4.96,28.35,0.0
garowe,2025100712,8.4,48.48,342.0,34.04,4.52,5.0,29.34,0.0
garowe,2025100713,8.4,48.48,151.0,33.24,4.54,5.12,30.71,0.0
garowe,2025100714,8.4,48.48,11.07,31.93,3.73,5.21,33.18,0.0
garowe,2025100715,8.4,48.48,0.0,30.68,3.02,5.33,35.96,0.0
garowe,2025100716,8.4,48.48,0.0,29.86,3.24,5.56,38.54,0.0
garowe,2025100717,8.4,48.48,0.0,28.79,3.76,6.08,42.83,0.0
garowe,2025100718,8.4,48.48,0.0,27.55,4.72,6.7,49.43,0.0
garowe,2025100719,8.4,48.48,0.0,26.09,5.31,7.01,58.71,0.0
garowe,2025100720,8.4,48.48,0.0,24.78,5.56,6.94,67.93,0.0
garowe,2025100721,8.4,48.48,0.0,23.67,5.31,6.46,75.5,0.0
garowe,2025100722,8.4,48.48,0.0,22.92,5.13,6.15,80.64,0.0
garowe,2025100723,8.4,48.48,0.0,22.47,5.06,6.11,83.14,0.0
garowe,2025100800,8.4,48.48,0.0,22.2,5.02,6.11,84.27,0.0
garowe,2025100801,8.4,48.48,0.0,22.04,4.94,6.09,84.64,0.0
garowe,2025100802,8.4,48.48,6.12,21.99,4.98,6.12,84.06,0.0
garowe,2025100803,8.4,48.48,136.82,22.6,5.18,6.01,79.96,0.0
garowe,2025100804,8.4,48.48,352.42,24.64,5.33,5.98,68.0,0.0
garowe,2025100805,8.4,48.48,588.22,27.5,5.56,6.19,53.55,0.0
garowe,2025100806,8.4,48.48,792.17,30.6,5.66,6.18,41.64,0.0
garowe,2025100807,8.4,48.48,917.33,32.84,5.37,5.78,35.21,0.0
garowe,2025100808,8.4,48.48,940.22,34.31,5.02,5.35,31.49,0.0
garowe,2025100809,8.4,48.48,819.33,35.17,4.73,5.01,29.3,0.0
garowe,2025100810,8.4,48.48,480.73,35.44,4.52,4.79,28.44,0.0
garowe,2025100811,8.4,48.48,501.62,34.99,4.39,4.69,29.03,0.0
garowe,2025100812,8.4,48.48,287.67,34.21,4.34,4.69,30.48,0.0
garowe,2025100813,8.4,48.48,127.55,33.26,4.4,4.86,32.41,0.0
garowe,2025100814,8.4,48.48,9.43,32.01,4.12,5.3,35.18,0.0
garowe,2025100815,8.4,48.48,0.0,30.97,3.87,5.91,37.79,0.0
garowe,2025100816,8.4,48.48,0.0,30.13,4.58,6.6,40.36,0.0
garowe,2025100817,8.4,48.48,0.0,29.0,5.6,7.41,44.66,0.0
garowe,2025100818,8.4,48.48,0.0,27.52,6.55,8.15,51.79,0.0
garowe,2025100819,8.4,48.48,0.0,25.88,6.98,8.33,61.04,0.0
garowe,2025100820,8.4,48.48,0.0,24.6,6.88,8.08,69.18,0.0
garowe,2025100821,8.4,48.48,0.0,23.82,6.53,7.68,74.5,0.0
garowe,2025100822,8.4,48.48,0.0,23.39,6.13,7.24,77.32,0.0
garowe,2025100823,8.4,48.48,0.0,23.18,5.65,6.71,78.37,0.0
garowe,2025100900,8.4,48.48,0.0,23.04,5.21,6.2,78.75,0.0
garowe,2025100901,8.4,48.48,0.0,22.84,4.76,5.7,79.81,0.0
garowe,2025100902,8.4,48.48,5.7,22.63,4.25,5.17,81.29,0.0
garowe,2025100903,8.4,48.48,129.48,23.13,4.32,5.05,79.13,0.0
garowe,2025100904,8.4,48.48,347.55,24.84,4.89,5.55,69.75,0.0
garowe,2025100905,8.4,48.48,588.88,27.16,5.26,5.87,58.32,0.0
garowe,2025100906,8.4,48.48,764.55,29.58,5.34,5.89,48.46,0.0
garowe,2025100907,8.4,48.48,901.1,31.63,5.2,5.7,41.24,0.0
garowe,2025100908,8.4,48.48,905.75,33.18,4.99,5.43,36.49,0.0
garowe,2025100909,8.4,48.48,746.38,34.09,4.75,5.14,33.99,0.0
garowe,2025100910,8.4,48.48,490.12,34.42,4.4,4.74,32.98,0.0
garowe,2025100911,8.4,48.48,434.67,34.15,3.92,4.24,33.35,0.0
garowe,2025100912,8.4,48.48,274.92,33.45,3.49,3.81,34.73,0.0
garowe,2025100913,8.4,48.48,115.7,32.55,3.28,3.62,36.88,0.0
garowe,2025100914,8.4,48.48,8.52,31.34,2.97,3.64,40.17,0.0
garowe,2025100915,8.4,48.48,0.0,30.4,2.91,3.99,43.43,0.0
garowe,2025100916,8.4,48.48,0.0,29.66,3.6,4.47,46.62,0.0
garowe,2025100917,8.4,48.48,0.0,28.74,4.22,4.99,50.73,0.0
garowe,2025100918,8.4,48.48,0.0,27.72,4.67,5.44,55.56,0.0
garowe,2025100919,8.4,48.48,0.0,26.65,4.95,5.69,61.01,0.0
garowe,2025100920,8.4,48.48,0.0,25.65,5.09,5.84,66.44,0.0
garowe,2025100921,8.4,48.48,0.0,24.84,5.19,5.97,70.99,0.0
garowe,2025100922,8.4,48.48,0.0,24.31,5.29,6.13,74.04,0.0
garowe,2025100923,8.4,48.48,0.0,23.93,5.33,6.29,76.16,0.0
garowe,2025101000,8.4,48.48,0.0,23.73,5.25,6.3,77.11,0.0
garowe,2025101001,8.4,48.48,0.0,23.6,4.9,6.05,77.65,0.0
garowe,2025101002,8.4,48.48,5.68,23.35,4.43,5.73,78.79,0.0
garowe,2025101003,8.4,48.48,115.55,23.85,5.18,6.13,75.99,0.0
garowe,2025101004,8.4,48.48,295.27,25.56,5.79,6.48,66.19,0.0
garowe,2025101005,8.4,48.48,488.48,27.92,5.7,6.25,54.39,0.0
garowe,2025101006,8.4,48.48,709.05,30.35,5.26,5.69,44.55,0.0
garowe,2025101007,8.4,48.48,878.92,32.27,4.64,4.97,38.4,0.0
garowe,2025101008,8.4,48.48,921.9,33.5,4.0,4.26,34.88,0.0
garowe,2025101009,8.4,48.48,685.05,34.23,3.36,3.56,32.72,0.0
garowe,2025101010,8.4,48.48,752.8,34.6,2.7,2.87,31.27,0.0
garowe,2025101011,8.4,48.48,545.6,34.61,2.21,2.35,30.52,0.0
garowe,2025101012,8.4,48.48,327.98,34.08,1.96,2.08,30.92,0.0
garowe,2025101013,8.4,48.48,133.38,33.25,1.86,1.99,32.12,0.0
garowe,2025101014,8.4,48.48,8.8,32.07,1.65,2.21,34.33,0.0
garowe,2025101015,8.4,48.48,0.0,30.73,1.75,3.26,37.31,0.0
garowe,2025101016,8.4,48.48,0.0,30.13,2.62,4.76,39.24,0.0
garowe,2025101017,8.4,48.48,0.0,29.57,3.55,5.9,41.82,0.0
garowe,2025101018,8.4,48.48,0.0,28.94,4.34,6.55,45.39,0.0
garowe,2025101019,8.4,48.48,0.0,28.13,5.02,6.92,50.01,0.0
garowe,2025101020,8.4,48.48,0.0,27.14,5.26,6.88,55.79,0.0
garowe,2025101021,8.4,48.48,0.0,26.12,5.11,6.5,61.89,0.0
garowe,2025101022,8.4,48.48,0.0,25.26,4.97,6.13,67.13,0.0
garowe,2025101023,8.4,48.48,0.0,24.56,4.82,5.81,71.46,0.0
garowe,2025101100,8.4,48.48,0.0,24.03,4.76,5.69,74.91,0.0
garowe,2025101101,8.4,48.48,0.0,23.64,4.75,5.68,77.4,0.0
garowe,2025101102,8.4,48.48,5.95,23.41,4.82,5.77,78.48,0.0
garowe,2025101103,8.4,48.48,131.02,23.78,5.16,5.97,76.49,0.0
garowe,2025101104,8.4,48.48,330.77,25.38,5.49,6.15,68.6,0.0
garowe,2025101105,8.4,48.48,527.78,27.93,5.26,5.73,57.71,0.0
garowe,2025101106,8.4,48.48,735.85,30.35,4.46,4.77,48.67,0.0
garowe,2025101107,8.4,48.48,750.42,32.02,3.63,3.87,42.89,0.0
garowe,2025101108,8.4,48.48,848.95,33.3,2.98,3.2,38.44,0.0
garowe,2025101109,8.4,48.48,760.03,34.18,2.43,2.62,34.91,0.0
garowe,2025101110,8.4,48.48,796.45,34.67,2.01,2.21,32.46,0.0
garowe,2025101111,8.4,48.48,558.6,34.71,1.6,1.79,31.36,0.0
garowe,2025101112,8.4,48.48,338.75,34.22,0.92,1.09,31.57,0.0
garowe,2025101113,8.4,48.48,143.6,33.41,0.63,0.52,32.64,0.0
garowe,2025101114,8.4,48.48,9.27,32.34,1.83,2.31,34.67,0.0
garowe,2025101115,8.4,48.48,0.0,31.13,3.5,5.24,38.02,0.0
garowe,2025101116,8.4,48.48,0.0,30.38,5.59,7.27,41.87,0.0
garowe,2025101117,8.4,48.48,0.0,29.19,6.78,8.2,47.89,0.0
garowe,2025101118,8.4,48.48,0.0,27.93,7.16,8.57,54.56,0.0
garowe,2025101119,8.4,48.48,0.0,26.82,6.94,8.29,60.55,0.0
garowe,2025101120,8.4,48.48,0.0,25.98,6.22,7.39,65.2,0.0
garowe,2025101121,8.4,48.48,0.0,25.4,5.31,6.26,68.48,0.0
garowe,2025101122,8.4,48.48,0.0,24.95,4.5,5.29,71.13,0.0
garowe,2025101123,8.4,48.48,0.0,24.55,3.8,4.52,73.52,0.0
garowe,2025101200,8.4,48.48,0.0,24.12,3.22,4.15,76.04,0.0
garowe,2025101201,8.4,48.48,0.0,23.71,3.0,4.12,78.32,0.0
garowe,2025101202,8.4,48.48,6.72,23.35,2.98,4.16,80.45,0.0
garowe,2025101203,8.4,48.48,155.2,23.97,3.77,4.36,77.49,0.0
garowe,2025101204,8.4,48.48,403.7,25.91,3.91,4.22,67.38,0.0
garowe,2025101205,8.4,48.48,642.62,28.38,2.71,2.68,56.23,0.0
garowe,2025101206,8.4,48.48,834.58,30.76,0.59,0.6,44.94,0.0
garowe,2025101207,8.4,48.48,929.35,32.93,1.61,1.97,34.54,0.0
garowe,2025101208,8.4,48.48,959.8,34.4,2.4,2.75,28.8,0.0
garowe,2025101209,8.4,48.48,880.75,35.49,2.87,3.23,25.02,0.0
garowe,2025101210,8.4,48.48,788.75,36.16,3.16,3.52,22.2,0.0
garowe,2025101211,8.4,48.48,611.55,36.42,3.41,3.76,20.21,0.0
garowe,2025101212,8.4,48.48,396.62,36.13,3.64,4.01,19.13,0.0
garowe,2025101213,8.4,48.48,168.75,35.25,3.86,4.31,18.94,0.0
garowe,2025101214,8.4,48.48,10.4,32.63,2.91,4.96,21.93,0.0
garowe,2025101215,8.4,48.48,0.0,30.39,3.8,6.8,26.6,0.0
garowe,2025101216,8.4,48.48,0.0,29.18,5.83,8.72,35.06,0.0
garowe,2025101217,8.4,48.48,0.0,27.25,7.56,9.49,51.86,0.0
garowe,2025101218,8.4,48.48,0.0,25.37,7.59,9.1,69.52,0.0
garowe,2025101219,8.4,48.48,0.0,24.23,6.71,7.93,78.05,0.0
garowe,2025101220,8.4,48.48,0.0,23.83,5.48,6.41,80.05,0.0
garowe,2025101221,8.4,48.48,0.0,23.77,4.64,5.4,79.34,0.0
garowe,2025101222,8.4,48.48,0.0,23.68,4.07,4.75,79.13,0.0
garowe,2025101223,8.4,48.48,0.0,23.58,3.77,4.41,79.13,0.0
garowe,2025101300,8.4,48.48,0.0,23.5,3.62,4.29,79.0,0.0
garowe,2025101301,8.4,48.48,0.0,23.42,3.58,4.34,78.84,0.0
garowe,2025101302,8.4,48.48,6.75,23.31,3.57,4.48,78.94,0.0
garowe,2025101303,8.4,48.48,142.52,23.84,4.16,4.78,75.85,0.0
garowe,2025101304,8.4,48.48,353.48,25.39,4.29,4.69,68.01,0.0
garowe,2025101305,8.4,48.48,559.88,27.62,3.86,4.11,57.76,0.0
garowe,2025101306,8.4,48.48,797.55,29.91,2.97,3.07,47.85,0.0
garowe,2025101307,8.4,48.48,962.17,31.7,1.92,1.94,40.18,0.0
garowe,2025101308,8.4,48.48,998.78,33.0,1.14,1.18,34.77,0.0
garowe,2025101309,8.4,48.48,974.28,33.95,0.75,0.86,30.97,0.0
garowe,2025101310,8.4,48.48,809.17,34.49,0.64,0.8,28.47,0.0
garowe,2025101311,8.4,48.48,663.62,34.73,0.52,0.69,26.93,0.0
garowe,2025101312,8.4,48.48,426.85,34.45,0.44,0.58,26.23,0.0
garowe,2025101313,8.4,48.48,177.35,33.78,0.56,0.59,26.4,0.0
garowe,2025101314,8.4,48.48,10.1,32.34,0.99,1.36,28.82,0.0
garowe,2025101315,8.4,48.48,0.0,30.86,2.34,3.79,32.14,0.0
garowe,2025101316,8.4,48.48,0.0,29.95,4.26,6.31,36.74,0.0
garowe,2025101317,8.4,48.48,0.0,28.51,5.84,7.88,45.48,0.0
garowe,2025101318,8.4,48.48,0.0,26.79,6.74,8.36,56.84,0.0
garowe,2025101319,8.4,48.48,0.0,25.06,6.48,7.66,68.32,0.0
garowe,2025101320,8.4,48.48,0.0,23.97,5.62,6.57,75.37,0.0
garowe,2025101321,8.4,48.48,0.0,23.45,4.61,5.37,78.12,0.0
garowe,2025101322,8.4,48.48,0.0,23.25,3.8,4.37,79.01,0.0
garowe,2025101323,8.4,48.48,0.0,23.11,3.33,3.8,79.47,0.0
garowe,2025101400,8.4,48.48,0.0,22.96,3.13,3.59,80.11,0.0
garowe,2025101401,8.4,48.48,0.0,22.8,3.13,3.63,80.82,0.0
garowe,2025101402,8.4,48.48,6.8,22.6,3.13,3.77,81.8,0.0
garowe,2025101403,8.4,48.48,151.4,23.11,3.54,4.0,78.88,0.0
garowe,2025101404,8.4,48.48,374.98,24.89,3.67,3.97,69.02,0.0
garowe,2025101405,8.4,48.48,583.55,27.34,3.28,3.46,57.8,0.0
garowe,2025101406,8.4,48.48,783.4,29.8,2.45,2.54,47.88,0.0
garowe,2025101407,8.4,48.48,953.85,31.82,1.55,1.63,40.08,0.0
garowe,2025101408,8.4,48.48,999.72,33.43,1.42,1.62,33.86,0.0
garowe,2025101409,8.4,48.48,964.35,34.59,1.7,1.95,29.56,0.0
garowe,2025101410,8.4,48.48,775.35,35.22,1.82,2.07,27.0,0.0
garowe,2025101411,8.4,48.48,646.5,35.42,1.72,1.98,25.48,0.0
garowe,2025101412,8.4,48.48,409.55,35.16,1.49,1.74,24.75,0.0
garowe,2025101413,8.4,48.48,166.02,34.39,1.14,1.37,24.91,0.0
garowe,2025101414,8.4,48.48,9.43,32.99,0.4,0.52,27.15,0.0
garowe,2025101415,8.4,48.48,0.0,31.46,1.26,1.99,29.81,0.0
garowe,2025101416,8.4,48.48,0.0,30.16,2.77,4.41,33.05,0.0
garowe,2025101417,8.4,48.48,0.0,28.89,4.05,6.38,39.5,0.0
garowe,2025101418,8.4,48.48,0.0,27.73,5.58,7.35,49.07,0.0
garowe,2025101419,8.4,48.48,0.0,26.0,6.27,7.42,62.62,0.0
garowe,2025101420,8.4,48.48,0.0,24.56,6.04,7.04,74.43,0.0
garowe,2025101421,8.4,48.48,0.0,23.87,5.26,6.08,79.09,0.0
garowe,2025101422,8.4,48.48,0.0,23.61,4.5,5.19,80.26,0.0
garowe,2025101423,8.4,48.48,0.0,23.41,3.97,4.58,80.9,0.0
garowe,2025101500,8.4,48.48,0.0,23.25,3.61,4.19,81.27,0.0
garowe,2025101501,8.4,48.48,0.0,23.08,3.33,3.91,81.83,0.0
garowe,2025101502,8.4,48.48,6.7,22.91,3.02,3.67,82.3,0.0
garowe,2025101503,8.4,48.48,149.6,23.42,3.14,3.5,79.21,0.0
garowe,2025101504,8.4,48.48,391.7,25.14,2.85,3.02,69.73,0.0
garowe,2025101505,8.4,48.48,630.78,27.48,1.92,1.95,58.51,0.0
garowe,2025101506,8.4,48.48,828.28,30.01,0.85,1.0,46.81,0.0
garowe,2025101507,8.4,48.48,956.47,32.26,1.49,1.77,37.1,0.0
garowe,2025101508,8.4,48.48,994.1,33.65,2.02,2.29,32.25,0.0
garowe,2025101509,8.4,48.48,960.1,34.59,2.29,2.6,29.33,0.0
garowe,2025101510,8.4,48.48,751.38,35.17,2.34,2.67,27.28,0.0
garowe,2025101511,8.4,48.48,637.4,35.46,2.13,2.46,25.87,0.0
garowe,2025101512,8.4,48.48,400.25,35.24,1.74,2.05,25.22,0.0
garowe,2025101513,8.4,48.48,159.98,34.55,1.19,1.45,25.36,0.0
garowe,2025101514,8.4,48.48,8.85,33.2,0.82,1.15,27.58,0.0
garowe,2025101515,8.4,48.48,0.0,31.7,2.29,3.58,30.13,0.0
garowe,2025101516,8.4,48.48,0.0,30.91,4.19,6.04,34.01,0.0
garowe,2025101517,8.4,48.48,0.0,29.45,5.75,7.28,42.79,0.0
garowe,2025101518,8.4,48.48,0.0,27.61,6.1,7.21,55.29,0.0
garowe,2025101519,8.4,48.48,0.0,25.95,5.67,6.54,67.5,0.0
garowe,2025101520,8.4,48.48,0.0,24.86,4.9,5.64,75.31,0.0
garowe,2025101521,8.4,48.48,0.0,24.31,4.29,4.92,78.34,0.0
garowe,2025101522,8.4,48.48,0.0,23.94,3.84,4.44,80.03,0.0
garowe,2025101523,8.4,48.48,0.0,23.71,3.44,4.01,81.04,0.0
garowe,2025101600,8.4,48.48,0.0,23.52,3.21,3.8,82.05,0.0
garowe,2025101601,8.4,48.48,0.0,23.38,3.11,3.72,82.72,0.0
garowe,2025101602,8.4,48.48,6.65,23.2,2.89,3.52,83.84,0.0
garowe,2025101603,8.4,48.48,144.6,23.72,3.09,3.49,80.88,0.0
garowe,2025101604,8.4,48.48,364.12,25.55,2.95,3.15,70.4,0.0
garowe,2025101605,8.4,48.48,574.03,28.01,2.11,2.12,57.34,0.0
garowe,2025101606,8.4,48.48,797.08,30.26,0.96,0.84,45.5,0.0
garowe,2025101607,8.4,48.48,946.15,32.16,0.85,0.93,36.42,0.0
garowe,2025101608,8.4,48.48,999.45,33.71,1.45,1.59,30.63,0.0
garowe,2025101609,8.4,48.48,839.5,34.65,1.81,2.0,27.5,0.0
garowe,2025101610,8.4,48.48,809.42,35.27,2.12,2.36,25.38,0.0
garowe,2025101611,8.4,48.48,618.08,35.45,2.31,2.58,24.03,0.0
garowe,2025101612,8.4,48.48,385.62,35.23,2.32,2.58,23.26,0.0
garowe,2025101613,8.4,48.48,160.77,34.51,2.33,2.58,23.2,0.0
garowe,2025101614,8.4,48.48,8.82,32.9,2.06,3.02,25.27,0.0
garowe,2025101615,8.4,48.48,0.0,31.34,3.07,4.88,28.81,0.0
garowe,2025101616,8.4,48.48,0.0,30.6,5.17,7.08,34.25,0.0
garowe,2025101617,8.4,48.48,0.0,29.25,6.87,8.39,44.41,0.0
garowe,2025101618,8.4,48.48,0.0,27.61,6.94,8.16,56.16,0.0
garowe,2025101619,8.4,48.48,0.0,26.38,6.19,7.24,64.7,0.0
garowe,2025101620,8.4,48.48,0.0,25.51,5.07,5.9,69.64,0.0
garowe,2025101621,8.4,48.48,0.0,24.88,3.98,4.62,72.91,0.0
garowe,2025101622,8.4,48.48,0.0,24.39,3.09,3.6,75.46,0.0
garowe,2025101623,8.4,48.48,0.0,23.99,2.28,2.83,77.54,0.0
garowe,2025101700,8.4,48.48,0.0,23.61,1.57,2.35,79.51,0.0
garowe,2025101701,8.4,48.48,0.0,23.23,1.15,2.06,81.5,0.0
garowe,2025101702,8.4,48.48,6.9,22.88,1.0,1.84,83.31,0.0
garowe,2025101703,8.4,48.48,159.07,23.75,1.43,1.68,78.79,0.0
garowe,2025101704,8.4,48.48,409.6,26.14,1.61,1.68,64.16,0.0
garowe,2025101705,8.4,48.48,646.7,28.73,0.41,0.22,48.39,0.0
garowe,2025101706,8.4,48.48,835.25,31.08,1.1,1.41,37.3,0.0
garowe,2025101707,8.4,48.48,954.7,32.92,1.89,2.22,30.92,0.0
garowe,2025101708,8.4,48.48,999.72,34.24,2.26,2.6,26.95,0.0
garowe,2025101709,8.4,48.48,957.47,35.13,2.32,2.65,24.18,0.0
garowe,2025101710,8.4,48.48,840.4,35.62,2.19,2.49,22.26,0.0
garowe,2025101711,8.4,48.48,642.53,35.65,2.01,2.26,21.2,0.0
garowe,2025101712,8.4,48.48,397.38,35.3,2.1,2.27,20.89,0.0
garowe,2025101713,8.4,48.48,153.15,34.5,2.7,2.89,21.43,0.0
garowe,2025101714,8.4,48.48,7.97,33.07,3.38,4.63,23.7,0.0
garowe,2025101715,8.4,48.48,0.0,31.73,5.65,7.69,28.05,0.0
garowe,2025101716,8.4,48.48,0.0,30.07,8.16,9.91,37.06,0.0
garowe,2025101717,8.4,48.48,0.0,27.81,8.58,10.1,51.15,0.0
garowe,2025101718,8.4,48.48,0.0,26.04,7.61,8.87,63.17,0.0
garowe,2025101719,8.4,48.48,0.0,25.04,6.22,7.19,69.71,0.0
garowe,2025101720,8.4,48.48,0.0,24.49,4.94,5.65,73.25,0.0
garowe,2025101721,8.4,48.48,0.0,24.13,3.96,4.5,75.53,0.0
garowe,2025101722,8.4,48.48,0.0,23.84,3.27,3.68,77.08,0.0
garowe,2025101723,8.4,48.48,0.0,23.59,2.87,3.25,78.36,0.0
garowe,2025101800,8.4,48.48,0.0,23.32,2.62,3.03,79.99,0.0
garowe,2025101801,8.4,48.48,0.0,23.06,2.3,2.75,81.62,0.0
garowe,2025101802,8.4,48.48,6.07,22.74,1.78,2.52,83.71,0.0
garowe,2025101803,8.4,48.48,139.85,23.32,2.17,2.46,80.5,0.0
garowe,2025101804,8.4,48.48,378.23,25.74,2.7,3.01,64.32,0.0
garowe,2025101805,8.4,48.48,628.38,28.63,2.84,3.01,50.27,0.0
garowe,2025101806,8.4,48.48,812.72,30.83,2.19,2.24,42.19,0.0
garowe,2025101807,8.4,48.48,936.25,32.45,1.51,1.59,36.77,0.0
garowe,2025101808,8.4,48.48,983.58,33.59,1.44,1.62,33.07,0.0
garowe,2025101809,8.4,48.48,934.55,34.22,1.66,1.89,30.69,0.0
garowe,2025101810,8.4,48.48,710.0,34.55,1.78,2.02,28.95,0.0
garowe,2025101811,8.4,48.48,543.83,34.17,1.7,1.92,28.79,0.0
garowe,2025101812,8.4,48.48,302.12,33.89,1.43,1.63,28.75,0.0
garowe,2025101813,8.4,48.48,110.28,33.3,0.96,1.11,29.3,0.0
garowe,2025101814,8.4,48.48,5.18,32.35,0.64,0.76,30.76,0.0
garowe,2025101815,8.4,48.48,0.0,31.41,1.77,2.81,32.66,0.0
garowe,2025101816,8.4,48.48,0.0,30.83,3.38,4.9,35.21,0.0
garowe,2025101817,8.4,48.48,0.0,30.03,4.51,6.11,39.45,0.0
garowe,2025101818,8.4,48.48,0.0,29.01,5.22,6.5,45.26,0.0
garowe,2025101819,8.4,48.48,0.0,27.86,5.34,6.35,52.23,0.0
garowe,2025101820,8.4,48.48,0.0,26.76,5.15,6.01,59.87,0.0
garowe,2025101821,8.4,48.48,0.0,25.78,4.76,5.46,66.92,0.0
garowe,2025101822,8.4,48.48,0.0,25.07,4.22,4.8,72.01,0.0
garowe,2025101823,8.4,48.48,0.0,24.6,3.66,4.15,75.22,0.0
garowe,2025101900,8.4,48.48,0.0,24.29,3.24,3.67,77.14,0.0
garowe,2025101901,8.4,48.48,0.0,24.09,2.93,3.33,78.32,0.0
garowe,2025101902,8.4,48.48,6.4,23.94,2.74,3.13,79.13,0.0
garowe,2025101903,8.4,48.48,143.32,24.26,2.62,2.87,77.63,0.0
garowe,2025101904,8.4,48.48,374.27,25.69,2.22,2.29,69.25,0.0
garowe,2025101905,8.4,48.48,603.08,27.95,1.45,1.43,56.99,0.0
garowe,2025101906,8.4,48.48,802.88,30.03,0.66,0.81,47.24,0.0
garowe,2025101907,8.4,48.48,928.58,31.83,1.32,1.64,39.8,0.0
garowe,2025101908,8.4,48.48,938.35,33.04,2.01,2.34,35.15,0.0
garowe,2025101909,8.4,48.48,837.67,33.7,2.22,2.58,32.28,0.0
garowe,2025101910,8.4,48.48,588.78,33.88,2.07,2.41,30.64,0.0
garowe,2025101911,8.4,48.48,512.75,34.14,1.87,2.17,29.17,0.0
garowe,2025101912,8.4,48.48,317.02,34.11,1.67,1.89,28.27,0.0
garowe,2025101913,8.4,48.48,121.38,33.6,1.43,1.5,28.25,0.0
garowe,2025101914,8.4,48.48,6.7,32.18,1.24,1.82,30.44,0.0
garowe,2025101915,8.4,48.48,0.0,30.69,2.13,3.89,33.8,0.0
garowe,2025101916,8.4,48.48,0.0,30.33,3.32,5.22,36.34,0.0
garowe,2025101917,8.4,48.48,0.0,29.47,3.86,5.46,41.07,0.0
garowe,2025101918,8.4,48.48,0.0,28.49,4.12,5.32,46.82,0.0
garowe,2025101919,8.4,48.48,0.0,27.53,4.69,5.66,53.06,0.0
garowe,2025101920,8.4,48.48,0.0,26.55,5.23,6.22,60.31,0.0
garowe,2025101921,8.4,48.48,0.0,25.69,5.16,6.11,66.91,0.0
garowe,2025101922,8.4,48.48,0.0,24.98,4.73,5.62,72.2,0.0
garowe,2025101923,8.4,48.48,0.0,24.38,4.27,5.1,76.65,0.0
garowe,2025102000,8.4,48.48,0.0,23.88,3.8,4.6,80.37,0.0
garowe,2025102001,8.4,48.48,0.0,23.48,3.32,4.1,82.87,0.0
garowe,2025102002,8.4,48.48,6.45,23.19,2.93,3.77,84.54,0.0
garowe,2025102003,8.4,48.48,144.8,23.72,2.97,3.31,81.46,0.0
garowe,2025102004,8.4,48.48,371.85,25.65,2.09,2.13,70.2,0.0
garowe,2025102005,8.4,48.48,606.8,28.23,0.85,0.79,55.77,0.0
garowe,2025102006,8.4,48.48,815.4,30.77,0.67,0.88,43.4,0.0
garowe,2025102007,8.4,48.48,925.15,32.78,1.71,1.96,35.29,0.0
garowe,2025102008,8.4,48.48,959.88,34.28,2.42,2.73,29.95,0.0
garowe,2025102009,8.4,48.48,877.6,35.36,2.84,3.2,26.0,0.0
garowe,2025102010,8.4,48.48,684.85,36.02,3.04,3.42,23.04,0.0
garowe,2025102011,8.4,48.48,588.42,36.23,3.08,3.48,20.83,0.0
garowe,2025102012,8.4,48.48,372.48,36.04,3.14,3.53,19.19,0.0
garowe,2025102013,8.4,48.48,136.62,35.3,3.32,3.76,18.21,0.0
garowe,2025102014,8.4,48.48,6.97,32.52,2.52,4.4,20.41,0.0
garowe,2025102015,8.4,48.48,0.0,30.28,3.37,6.16,23.62,0.0
garowe,2025102016,8.4,48.48,0.0,29.02,5.03,8.06,30.49,0.0
garowe,2025102017,8.4,48.48,0.0,27.18,6.71,9.02,45.99,0.0
garowe,2025102018,8.4,48.48,0.0,25.44,7.23,8.99,63.69,0.0
garowe,2025102019,8.4,48.48,0.0,24.24,6.61,7.9,74.43,0.0
garowe,2025102020,8.4,48.48,0.0,23.61,5.69,6.75,77.98,0.0
garowe,2025102021,8.4,48.48,0.0,23.19,4.82,5.72,79.27,0.0
garowe,2025102022,8.4,48.48,0.0,22.83,4.02,4.84,80.18,0.0
garowe,2025102023,8.4,48.48,0.0,22.47,3.17,4.01,81.0,0.0
garowe,2025102100,8.4,48.48,0.0,22.0,2.23,3.25,82.57,0.0
garowe,2025102101,8.4,48.48,0.0,21.39,1.43,2.63,85.57,0.0
garowe,2025102102,8.4,48.48,6.68,20.92,1.22,2.18,88.13,0.0
garowe,2025102103,8.4,48.48,154.48,21.82,1.5,1.77,82.76,0.0
garowe,2025102104,8.4,48.48,402.77,24.25,1.54,1.7,65.0,0.0
garowe,2025102105,8.4,48.48,644.62,28.17,2.0,2.17,40.22,0.0
garowe,2025102106,8.4,48.48,838.58,30.75,2.23,2.44,31.57,0.0
garowe,2025102107,8.4,48.48,965.22,32.67,2.68,2.96,26.07,0.0
garowe,2025102108,8.4,48.48,1013.22,34.14,3.06,3.38,21.63,0.0
garowe,2025102109,8.4,48.48,964.67,35.15,3.26,3.6,18.5,0.0
garowe,2025102110,8.4,48.48,854.92,35.71,3.34,3.69,16.52,0.0
garowe,2025102111,8.4,48.48,672.0,35.8,3.35,3.71,15.35,0.0
garowe,2025102112,8.4,48.48,428.65,35.44,3.48,3.87,14.91,0.0
garowe,2025102113,8.4,48.48,169.3,34.47,3.73,4.2,15.35,0.0
garowe,2025102114,8.4,48.48,7.78,31.34,2.87,5.03,19.23,0.0
garowe,2025102115,8.4,48.48,0.0,29.21,4.01,7.18,23.66,0.0
garowe,2025102116,8.4,48.48,0.0,28.24,5.89,9.2,31.08,0.0
garowe,2025102117,8.4,48.48,0.0,26.59,7.38,9.64,45.43,0.0
garowe,2025102118,8.4,48.48,0.0,24.97,6.67,8.37,60.31,0.0
garowe,2025102119,8.4,48.48,0.0,23.94,4.76,6.09,68.38,0.0
garowe,2025102120,8.4,48.48,0.0,23.13,2.74,4.13,72.48,0.0
garowe,2025102121,8.4,48.48,0.0,22.28,1.6,3.01,75.4,0.0
garowe,2025102122,8.4,48.48,0.0,21.57,1.35,2.33,77.07,0.0
garowe,2025102123,8.4,48.48,0.0,21.19,1.1,1.7,77.14,0.0
garowe,2025102200,8.4,48.48,0.0,21.07,0.69,0.99,76.15,0.0
garowe,2025102201,8.4,48.48,0.0,20.92,0.12,0.17,75.53,0.0
garowe,2025102202,8.4,48.48,6.9,20.48,0.63,0.89,76.4,0.0
garowe,2025102203,8.4,48.48,159.38,21.25,1.47,1.81,71.29,0.0
garowe,2025102204,8.4,48.48,410.85,24.02,1.67,1.65,53.33,0.0
garowe,2025102205,8.4,48.48,651.97,27.71,1.79,2.08,33.79,0.0
garowe,2025102206,8.4,48.48,842.65,30.48,2.9,3.32,25.47,0.0
garowe,2025102207,8.4,48.48,963.85,32.27,3.45,3.96,21.75,0.0
garowe,2025102208,8.4,48.48,1007.08,33.54,3.59,4.15,19.73,0.0
garowe,2025102209,8.4,48.48,862.38,34.52,3.54,4.13,18.27,0.0
garowe,2025102210,8.4,48.48,806.08,35.08,3.55,4.16,17.23,0.0
garowe,2025102211,8.4,48.48,570.4,35.16,3.65,4.27,16.71,0.0
garowe,2025102212,8.4,48.48,347.15,34.84,3.95,4.6,16.82,0.0
garowe,2025102213,8.4,48.48,135.2,34.06,4.32,5.23,17.59,0.0
garowe,2025102214,8.4,48.48,6.55,31.4,3.81,6.21,21.37,0.0
garowe,2025102215,8.4,48.48,0.0,29.85,4.8,7.9,23.44,0.0
garowe,2025102216,8.4,48.48,0.0,28.71,5.31,8.53,26.35,0.0
garowe,2025102217,8.4,48.48,0.0,27.29,5.22,8.03,31.89,0.0
garowe,2025102218,8.4,48.48,0.0,25.77,4.54,7.12,39.94,0.0
garowe,2025102219,8.4,48.48,0.0,24.48,4.19,6.49,49.85,0.0
garowe,2025102220,8.4,48.48,0.0,23.4,3.68,5.58,60.03,0.0
garowe,2025102221,8.4,48.48,0.0,22.6,2.91,4.5,68.01,0.0
garowe,2025102222,8.4,48.48,0.0,21.96,2.08,3.41,73.79,0.0
garowe,2025102223,8.4,48.48,0.0,21.49,1.36,2.39,77.17,0.0
garowe,2025102300,8.4,48.48,0.0,21.24,0.83,1.41,78.74,0.0
garowe,2025102301,8.4,48.48,0.0,20.97,0.46,0.72,79.86,0.0
garowe,2025102302,8.4,48.48,5.9,20.75,0.67,1.11,80.13,0.0
garowe,2025102303,8.4,48.48,130.73,21.73,1.58,1.89,73.29,0.0
garowe,2025102304,8.4,48.48,358.05,24.23,2.44,2.79,59.96,0.0
garowe,2025102305,8.4,48.48,599.72,27.01,3.18,3.61,50.89,0.0
garowe,2025102306,8.4,48.48,764.92,29.28,3.65,4.08,44.76,0.0
garowe,2025102307,8.4,48.48,823.35,30.82,3.96,4.39,40.19,0.0
garowe,2025102308,8.4,48.48,817.1,31.68,4.24,4.68,37.31,0.0
garowe,2025102309,8.4,48.48,693.12,32.05,4.69,5.14,35.77,0.0
garowe,2025102310,8.4,48.48,418.65,31.94,5.14,5.65,35.49,0.0
garowe,2025102311,8.4,48.48,291.75,31.73,5.52,6.09,35.71,0.0
garowe,2025102312,8.4,48.48,183.62,31.09,5.67,6.33,36.97,0.0
garowe,2025102313,8.4,48.48,64.95,30.1,5.42,6.19,39.0,0.0
garowe,2025102314,8.4,48.48,3.25,28.94,4.2,5.51,41.53,0.0
garowe,2025102315,8.4,48.48,0.0,27.83,2.55,4.67,44.28,0.0
garowe,2025102316,8.4,48.48,0.0,27.22,2.32,4.49,46.13,0.0
garowe,2025102317,8.4,48.48,0.0,26.75,2.54,4.71,48.04,0.0
garowe,2025102318,8.4,48.48,0.0,26.21,2.75,4.83,50.67,0.0
garowe,2025102319,8.4,48.48,0.0,25.6,2.77,4.72,53.96,0.0
garowe,2025102320,8.4,48.48,0.0,24.95,2.34,4.18,57.65,0.0
garowe,2025102321,8.4,48.48,0.0,24.28,1.79,3.55,61.27,0.0
garowe,2025102322,8.4,48.48,0.0,23.77,1.41,2.86,64.04,0.0
garowe,2025102323,8.4,48.48,0.0,23.43,1.13,2.09,65.78,0.0
garowe,2025102400,8.4,48.48,0.0,23.2,0.79,1.29,66.73,0.0
garowe,2025102401,8.4,48.48,0.0,23.02,0.38,0.58,67.33,0.0
garowe,2025102402,8.4,48.48,5.55,22.74,0.49,0.83,68.14,0.0
garowe,2025102403,8.4,48.48,121.93,23.17,1.23,1.64,65.96,0.0
garowe,2025102404,8.4,48.48,330.4,24.99,2.15,2.42,57.35,0.0
garowe,2025102405,8.4,48.48,579.22,27.75,3.18,3.6,44.34,0.0
garowe,2025102406,8.4,48.48,793.3,30.32,4.14,4.61,32.12,0.0
garowe,2025102407,8.4,48.48,917.3,32.2,4.92,5.44,23.37,0.0
garowe,2025102408,8.4,48.48,954.12,33.48,5.47,6.0,18.37,0.0
garowe,2025102409,8.4,48.48,914.33,34.16,5.73,6.24,15.96,0.0
garowe,2025102410,8.4,48.48,714.28,34.41,5.81,6.32,15.06,0.0
garowe,2025102411,8.4,48.48,552.15,34.48,5.74,6.27,14.99,0.0
garowe,2025102412,8.4,48.48,331.2,34.05,5.61,6.21,15.89,0.0
garowe,2025102413,8.4,48.48,122.85,33.0,5.34,6.15,17.6,0.0
garowe,2025102414,8.4,48.48,6.07,30.09,3.27,5.91,22.16,0.0
garowe,2025102415,8.4,48.48,0.0,28.19,2.98,5.95,25.9,0.0
garowe,2025102416,8.4,48.48,0.0,27.72,3.11,6.27,27.51,0.0
garowe,2025102417,8.4,48.48,0.0,27.33,3.65,6.6,29.67,0.0
garowe,2025102418,8.4,48.48,0.0,26.5,3.77,6.42,33.98,0.0
garowe,2025102419,8.4,48.48,0.0,25.5,3.33,5.61,40.25,0.0
garowe,2025102420,8.4,48.48,0.0,24.51,2.7,4.58,47.56,0.0
garowe,2025102421,8.4,48.48,0.0,23.61,2.03,3.54,54.84,0.0
garowe,2025102422,8.4,48.48,0.0,22.82,1.44,2.53,61.47,0.0
garowe,2025102423,8.4,48.48,0.0,22.07,0.81,1.45,66.94,0.0
garowe,2025102500,8.4,48.48,0.0,21.43,0.21,0.33,70.5,0.0
garowe,2025102501,8.4,48.48,0.0,20.83,0.38,0.61,72.55,0.0
garowe,2025102502,8.4,48.48,6.15,20.27,0.8,1.29,73.5,0.0
garowe,2025102503,8.4,48.48,139.0,21.37,1.4,1.84,66.07,0.0
garowe,2025102504,8.4,48.48,362.88,24.3,1.44,1.43,49.22,0.0
garowe,2025102505,8.4,48.48,607.6,27.93,1.15,1.37,31.37,0.0
garowe,2025102506,8.4,48.48,800.15,30.7,1.49,1.73,21.0,0.0
garowe,2025102507,8.4,48.48,935.2,32.65,1.68,1.94,15.73,0.0
garowe,2025102508,8.4,48.48,986.88,34.09,1.77,2.03,12.58,0.0
garowe,2025102509,8.4,48.48,937.62,35.06,1.88,2.13,10.8,0.0
garowe,2025102510,8.4,48.48,770.97,35.62,2.07,2.32,9.99,0.0
garowe,2025102511,8.4,48.48,615.78,35.7,2.32,2.58,9.91,0.0
garowe,2025102512,8.4,48.48,366.5,35.25,2.66,2.94,10.5,0.0
garowe,2025102513,8.4,48.48,132.18,34.18,3.02,3.42,11.77,0.0
garowe,2025102514,8.4,48.48,5.62,31.08,2.48,4.31,16.23,0.0
garowe,2025102515,8.4,48.48,0.0,29.41,3.57,6.28,18.87,0.0
garowe,2025102516,8.4,48.48,0.0,28.78,4.92,8.41,21.4,0.0
garowe,2025102517,8.4,48.48,0.0,27.85,6.31,9.11,26.47,0.0
garowe,2025102518,8.4,48.48,0.0,26.4,5.93,8.33,34.14,0.0
garowe,2025102519,8.4,48.48,0.0,25.24,4.57,6.65,41.44,0.0
garowe,2025102520,8.4,48.48,0.0,24.24,3.06,5.06,47.19,0.0
garowe,2025102521,8.4,48.48,0.0,23.48,2.2,4.2,51.27,0.0
garowe,2025102522,8.4,48.48,0.0,22.77,1.77,3.56,54.6,0.0
garowe,2025102523,8.4,48.48,0.0,22.2,1.6,2.97,57.02,0.0
garowe,2025102600,8.4,48.48,0.0,21.83,1.37,2.34,58.44,0.0
garowe,2025102601,8.4,48.48,0.0,21.61,1.11,1.77,59.02,0.0
garowe,2025102602,8.4,48.48,6.0,21.37,1.0,1.57,59.28,0.0
garowe,2025102603,8.4,48.48,142.27,22.22,1.2,1.61,55.59,0.0
garowe,2025102604,8.4,48.48,380.5,25.15,1.77,2.14,44.48,0.0
garowe,2025102605,8.4,48.48,621.2,28.99,2.98,3.42,29.78,0.0
garowe,2025102606,8.4,48.48,797.58,31.8,3.54,3.93,21.54,0.0
garowe,2025102607,8.4,48.48,941.3,33.64,3.69,4.05,17.42,0.0
garowe,2025102608,8.4,48.48,974.3,34.76,3.77,4.07,15.19,0.0
garowe,2025102609,8.4,48.48,931.03,34.95,3.9,4.16,14.31,0.0
garowe,2025102610,8.4,48.48,802.8,34.48,4.12,4.38,14.21,0.0
garowe,2025102611,8.4,48.48,615.4,33.89,4.19,4.48,14.39,0.0
garowe,2025102612,8.4,48.48,379.0,33.32,3.92,4.26,14.67,0.0
garowe,2025102613,8.4,48.48,141.82,32.45,3.21,3.77,15.37,0.0
garowe,2025102614,8.4,48.48,5.93,29.53,2.18,3.94,19.15,0.0
garowe,2025102615,8.4,48.48,0.0,27.32,2.94,5.5,22.08,0.0
garowe,2025102616,8.4,48.48,0.0,26.5,3.78,7.43,24.81,0.0
garowe,2025102617,8.4,48.48,0.0,25.74,4.88,8.61,32.04,0.0
garowe,2025102618,8.4,48.48,0.0,24.63,5.74,8.54,45.28,0.0
garowe,2025102619,8.4,48.48,0.0,23.36,5.37,7.45,59.14,0.0
garowe,2025102620,8.4,48.48,0.0,22.42,4.17,6.02,68.35,0.0
garowe,2025102621,8.4,48.48,0.0,21.65,2.73,4.7,73.36,0.0
garowe,2025102622,8.4,48.48,0.0,20.94,1.79,3.57,76.41,0.0
garowe,2025102623,8.4,48.48,0.0,20.42,1.48,2.61,77.81,0.0
garowe,2025102700,8.4,48.48,0.0,20.09,1.26,2.01,77.94,0.0
garowe,2025102701,8.4,48.48,0.0,19.75,1.14,1.76,78.0,0.0
garowe,2025102702,8.4,48.48,6.22,19.4,1.11,1.68,78.16,0.0
garowe,2025102703,8.4,48.48,151.15,20.25,1.09,1.48,73.0,0.0
garowe,2025102704,8.4,48.48,396.02,23.74,1.96,2.44,50.82,0.0
garowe,2025102705,8.4,48.48,636.47,27.57,3.37,3.79,33.08,0.0
garowe,2025102706,8.4,48.48,806.65,30.48,3.89,4.35,23.93,0.0
garowe,2025102707,8.4,48.48,940.12,32.8,4.22,4.74,18.03,0.0
garowe,2025102708,8.4,48.48,989.53,34.46,4.14,4.64,14.71,0.0
garowe,2025102709,8.4,48.48,923.2,35.58,3.89,4.38,12.75,0.0
garowe,2025102710,8.4,48.48,793.45,36.23,3.77,4.26,11.61,0.0
garowe,2025102711,8.4,48.48,586.03,36.34,3.82,4.32,10.98,0.0
garowe,2025102712,8.4,48.48,369.67,35.95,3.98,4.5,10.81,0.0
garowe,2025102713,8.4,48.48,147.2,34.86,4.01,4.75,11.23,0.0
garowe,2025102714,8.4,48.48,6.22,30.61,3.0,5.56,15.34,0.0
garowe,2025102715,8.4,48.48,0.0,28.43,4.06,7.74,18.39,0.0
garowe,2025102716,8.4,48.48,0.0,27.44,5.53,9.41,24.16,0.0
garowe,2025102717,8.4,48.48,0.0,25.88,6.64,9.41,37.19,0.0
garowe,2025102718,8.4,48.48,0.0,24.17,6.3,8.53,53.19,0.0
garowe,2025102719,8.4,48.48,0.0,23.04,5.29,7.29,63.95,0.0
garowe,2025102720,8.4,48.48,0.0,22.19,4.07,6.16,69.77,0.0
garowe,2025102721,8.4,48.48,0.0,21.34,2.8,5.1,73.99,0.0
garowe,2025102722,8.4,48.48,0.0,20.53,2.06,4.2,77.61,0.0
garowe,2025102723,8.4,48.48,0.0,19.81,1.88,3.51,80.67,0.0
garowe,2025102800,8.4,48.48,0.0,19.17,1.8,3.1,83.21,0.0
garowe,2025102801,8.4,48.48,0.0,18.59,1.73,2.86,85.47,0.0
garowe,2025102802,8.4,48.48,6.62,18.08,1.66,2.65,87.14,0.0
garowe,2025102803,8.4,48.48,159.07,19.33,1.8,2.41,78.74,0.0
garowe,2025102804,8.4,48.48,414.73,22.29,2.29,2.72,60.19,0.0
garowe,2025102805,8.4,48.48,660.5,26.33,3.68,4.31,36.79,0.0
garowe,2025102806,8.4,48.48,858.35,29.91,4.78,5.47,20.83,0.0
garowe,2025102807,8.4,48.48,983.3,32.21,5.08,5.75,14.64,0.0
garowe,2025102808,8.4,48.48,1027.8,33.76,4.99,5.62,11.89,0.0
garowe,2025102809,8.4,48.48,987.42,34.76,4.75,5.35,10.52,0.0
garowe,2025102810,8.4,48.48,863.2,35.28,4.61,5.18,9.89,0.0
garowe,2025102811,8.4,48.48,667.58,35.3,4.56,5.14,9.71,0.0
garowe,2025102812,8.4,48.48,420.65,34.83,4.6,5.19,9.94,0.0
garowe,2025102813,8.4,48.48,163.27,33.66,4.38,5.37,10.78,0.0
garowe,2025102814,8.4,48.48,6.22,29.52,3.28,6.36,15.27,0.0
garowe,2025102815,8.4,48.48,0.0,27.46,4.48,8.47,19.55,0.0
garowe,2025102816,8.4,48.48,0.0,26.2,5.97,9.45,27.7,0.0
garowe,2025102817,8.4,48.48,0.0,24.4,6.41,9.03,41.51,0.0
garowe,2025102818,8.4,48.48,0.0,22.92,5.73,8.01,54.97,0.0
garowe,2025102819,8.4,48.48,0.0,21.88,4.61,6.87,63.83,0.0
garowe,2025102820,8.4,48.48,0.0,21.0,3.47,5.96,69.18,0.0
garowe,2025102821,8.4,48.48,0.0,20.13,2.53,5.05,73.3,0.0
garowe,2025102822,8.4,48.48,0.0,19.37,2.15,4.24,76.55,0.0
garowe,2025102823,8.4,48.48,0.0,18.74,2.0,3.66,78.63,0.0
garowe,2025102900,8.4,48.48,0.0,18.22,1.89,3.28,79.88,0.0
garowe,2025102901,8.4,48.48,0.0,17.78,1.8,2.99,80.44,0.0
garowe,2025102902,8.4,48.48,6.55,17.35,1.71,2.78,80.55,0.0
garowe,2025102903,8.4,48.48,160.82,18.53,1.8,2.55,72.48,0.0
garowe,2025102904,8.4,48.48,416.23,21.83,1.9,2.22,52.62,0.0
garowe,2025102905,8.4,48.48,661.5,26.55,3.15,3.77,28.29,0.0
garowe,2025102906,8.4,48.48,857.7,30.09,4.06,4.66,16.43,0.0
garowe,2025102907,8.4,48.48,981.28,32.37,4.48,5.1,11.87,0.0
garowe,2025102908,8.4,48.48,1027.65,33.94,4.6,5.19,9.62,0.0
garowe,2025102909,8.4,48.48,984.0,34.9,4.45,4.99,8.34,0.0
garowe,2025102910,8.4,48.48,859.12,35.36,4.3,4.81,7.67,0.0
garowe,2025102911,8.4,48.48,660.38,35.3,4.19,4.7,7.42,0.0
garowe,2025102912,8.4,48.48,415.12,34.76,4.13,4.64,7.53,0.0
garowe,2025102913,8.4,48.48,159.48,33.52,3.86,4.68,8.13,0.0
garowe,2025102914,8.4,48.48,6.1,28.79,3.05,5.59,12.19,0.0
garowe,2025102915,8.4,48.48,0.0,26.56,4.21,7.99,14.9,0.0
garowe,2025102916,8.4,48.48,0.0,25.41,5.52,9.44,21.03,0.0
garowe,2025102917,8.4,48.48,0.0,23.61,6.16,9.03,34.42,0.0
garowe,2025102918,8.4,48.48,0.0,21.92,5.38,7.94,49.78,0.0
garowe,2025102919,8.4,48.48,0.0,20.79,4.01,6.72,60.29,0.0
garowe,2025102920,8.4,48.48,0.0,19.91,2.89,5.61,66.45,0.0
garowe,2025102921,8.4,48.48,0.0,19.15,2.26,4.55,70.47,0.0
garowe,2025102922,8.4,48.48,0.0,18.57,1.96,3.62,73.05,0.0
garowe,2025102923,8.4,48.48,0.0,18.18,1.66,2.76,74.63,0.0
garowe,2025103000,8.4,48.48,0.0,17.95,1.31,1.99,75.51,0.0
garowe,2025103001,8.4,48.48,0.0,17.77,0.9,1.31,75.97,0.0
garowe,2025103002,8.4,48.48,6.32,17.52,0.55,0.79,76.54,0.0
garowe,2025103003,8.4,48.48,157.0,18.18,0.79,0.97,72.45,0.0
garowe,2025103004,8.4,48.48,405.17,20.83,1.0,0.82,58.09,0.0
garowe,2025103005,8.4,48.48,644.9,26.19,1.06,1.33,29.6,0.0
garowe,2025103006,8.4,48.48,836.9,29.9,1.7,1.98,19.07,0.0
garowe,2025103007,8.4,48.48,959.58,32.06,2.07,2.41,15.16,0.0
garowe,2025103008,8.4,48.48,1001.92,33.49,2.08,2.4,12.91,0.0
garowe,2025103009,8.4,48.48,959.7,34.35,1.87,2.16,11.47,0.0
garowe,2025103010,8.4,48.48,836.28,34.77,1.66,1.93,10.54,0.0
garowe,2025103011,8.4,48.48,639.28,34.75,1.45,1.7,10.02,0.0
garowe,2025103012,8.4,48.48,402.7,34.27,1.19,1.41,9.89,0.0
garowe,2025103013,8.4,48.48,153.3,33.26,0.88,1.04,10.2,0.0
garowe,2025103014,8.4,48.48,5.85,30.33,1.1,1.77,13.8,0.0
garowe,2025103015,8.4,48.48,0.0,27.54,2.8,4.63,17.01,0.0
garowe,2025103016,8.4,48.48,0.0,25.54,4.29,7.33,24.7,0.0
garowe,2025103017,8.4,48.48,0.0,24.24,5.38,8.63,40.4,0.0
garowe,2025103018,8.4,48.48,0.0,22.7,5.84,8.08,62.19,0.0
garowe,2025103019,8.4,48.48,0.0,21.45,4.7,6.63,79.21,0.0
garowe,2025103020,8.4,48.48,0.0,20.6,3.16,5.21,87.76,0.0
garowe,2025103021,8.4,48.48,0.0,19.79,2.01,3.93,93.23,0.0
garowe,2025103022,8.4,48.48,0.0,19.24,1.44,2.73,96.59,0.0
garowe,2025103023,8.4,48.48,0.0,19.03,0.89,1.64,97.36,0.0
garowe,2025103100,8.4,48.48,0.0,18.88,0.44,0.83,97.26,0.0
garowe,2025103101,8.4,48.48,0.0,18.67,0.15,0.37,97.11,0.0
garowe,2025103102,8.4,48.48,6.43,18.39,0.16,0.28,97.25,0.0
garowe,2025103103,8.4,48.48,158.23,19.0,0.46,0.48,91.61,0.0
garowe,2025103104,8.4,48.48,407.67,21.39,0.45,0.39,74.43,0.0
garowe,2025103105,8.4,48.48,643.28,26.43,0.52,0.64,38.81,0.0
garowe,2025103106,8.4,48.48,829.45,29.75,0.61,0.68,25.17,0.0
garowe,2025103107,8.4,48.48,946.88,31.67,0.72,0.85,20.41,0.0
garowe,2025103108,8.4,48.48,985.4,33.15,1.06,1.25,17.34,0.0
garowe,2025103109,8.4,48.48,944.05,34.15,1.45,1.67,15.39,0.0
garowe,2025103110,8.4,48.48,831.7,34.65,1.72,1.95,14.06,0.0
garowe,2025103111,8.4,48.48,642.33,34.67,1.86,2.1,13.24,0.0
garowe,2025103112,8.4,48.48,402.95,34.21,1.86,2.11,12.81,0.0
garowe,2025103113,8.4,48.48,151.57,33.24,1.56,1.8,12.87,0.0
garowe,2025103114,8.4,48.48,5.75,30.81,0.53,0.8,15.93,0.0
garowe,2025103115,8.4,48.48,0.0,29.02,1.25,1.94,17.36,0.0
garowe,2025103116,8.4,48.48,0.0,26.69,2.8,4.58,22.08,0.0
garowe,2025103117,8.4,48.48,0.0,24.72,4.01,6.88,32.41,0.0
garowe,2025103118,8.4,48.48,0.0,23.41,4.8,7.76,49.45,0.0
garowe,2025103119,8.4,48.48,0.0,22.09,4.88,7.06,69.56,0.0
garowe,2025103120,8.4,48.48,0.0,21.2,3.98,5.88,83.68,0.0
garowe,2025103121,8.4,48.48,0.0,20.57,2.86,4.77,91.15,0.0
garowe,2025103122,8.4,48.48,0.0,20.15,2.13,3.8,94.49,0.0
garowe,2025103123,8.4,48.48,0.0,19.83,1.66,2.93,96.2,0.0
garowe,2025110100,8.4,48.48,0.0,19.6,1.24,2.25,96.89,0.0
garowe,2025110101,8.4,48.48,0.0,19.36,0.94,1.74,97.33,0.0
garowe,2025110102,8.4,48.48,6.1,19.1,0.75,1.34,97.75,0.0
garowe,2025110103,8.4,48.48,149.9,19.82,0.73,0.91,91.57,0.0
garowe,2025110104,8.4,48.48,397.0,22.21,0.8,1.04,72.65,0.0
garowe,2025110105,8.4,48.48,637.0,26.69,1.71,1.95,38.38,0.0
garowe,2025110106,8.4,48.48,828.38,29.23,1.73,1.89,27.71,0.0
garowe,2025110107,8.4,48.48,950.03,31.08,1.72,1.93,22.3,0.0
garowe,2025110108,8.4,48.48,1005.92,32.6,2.1,2.36,18.27,0.0
garowe,2025110109,8.4,48.48,966.25,33.68,2.45,2.75,15.45,0.0
garowe,2025110110,8.4,48.48,847.67,34.26,2.59,2.9,13.73,0.0
garowe,2025110111,8.4,48.48,660.1,34.36,2.57,2.88,12.61,0.0
garowe,2025110112,8.4,48.48,420.92,34.01,2.52,2.81,11.94,0.0
garowe,2025110113,8.4,48.48,162.02,33.03,2.44,2.79,11.89,0.0
garowe,2025110114,8.4,48.48,5.93,29.44,2.0,3.26,15.33,0.0
garowe,2025110115,8.4,48.48,0.0,27.08,2.93,5.16,17.42,0.0
garowe,2025110116,8.4,48.48,0.0,25.7,4.04,7.47,21.5,0.0
garowe,2025110117,8.4,48.48,0.0,24.51,4.98,8.6,32.33,0.0
garowe,2025110118,8.4,48.48,0.0,23.05,5.65,8.26,51.73,0.0
garowe,2025110119,8.4,48.48,0.0,21.7,5.1,7.29,71.72,0.0
garowe,2025110120,8.4,48.48,0.0,20.82,3.96,6.14,83.14,0.0
garowe,2025110121,8.4,48.48,0.0,20.06,2.82,5.08,88.7,0.0
garowe,2025110122,8.4,48.48,0.0,19.48,2.07,4.04,91.52,0.0
garowe,2025110123,8.4,48.48,0.0,19.12,1.59,3.05,91.69,0.0
garowe,2025110200,8.4,48.48,0.0,18.78,1.25,2.21,91.18,0.0
garowe,2025110201,8.4,48.48,0.0,18.51,0.98,1.58,90.44,0.0
garowe,2025110202,8.4,48.48,6.1,18.34,0.67,1.05,89.62,0.0
garowe,2025110203,8.4,48.48,155.1,19.22,0.53,0.76,82.84,0.0
garowe,2025110204,8.4,48.48,402.08,22.62,1.17,1.54,57.39,0.0
garowe,2025110205,8.4,48.48,639.6,26.46,2.17,2.44,37.86,0.0
garowe,2025110206,8.4,48.48,827.55,29.1,2.35,2.6,28.7,0.0
garowe,2025110207,8.4,48.48,947.53,31.18,2.53,2.83,22.76,0.0
garowe,2025110208,8.4,48.48,1002.97,32.78,2.73,3.07,18.46,0.0
garowe,2025110209,8.4,48.48,965.38,33.89,2.92,3.29,15.42,0.0
garowe,2025110210,8.4,48.48,848.2,34.52,3.0,3.37,13.34,0.0
garowe,2025110211,8.4,48.48,661.6,34.63,2.93,3.28,11.93,0.0
garowe,2025110212,8.4,48.48,421.42,34.27,2.8,3.12,11.03,0.0
garowe,2025110213,8.4,48.48,162.57,33.22,2.56,3.0,10.83,0.0
garowe,2025110214,8.4,48.48,5.75,29.29,2.14,3.45,14.45,0.0
garowe,2025110215,8.4,48.48,0.0,26.82,3.03,5.3,17.39,0.0
garowe,2025110216,8.4,48.48,0.0,25.46,4.1,7.54,24.03,0.0
garowe,2025110217,8.4,48.48,0.0,24.27,5.12,8.66,39.55,0.0
garowe,2025110218,8.4,48.48,0.0,22.89,5.93,8.4,62.31,0.0
garowe,2025110219,8.4,48.48,0.0,21.81,5.45,7.35,81.0,0.0
garowe,2025110220,8.4,48.48,0.0,21.42,4.53,6.04,88.42,0.0
garowe,2025110221,8.4,48.48,0.0,21.33,3.71,5.07,89.41,0.0
garowe,2025110222,8.4,48.48,0.0,21.34,3.08,4.21,88.69,0.0
garowe,2025110223,8.4,48.48,0.0,21.29,2.36,3.44,88.53,0.0
garowe,2025110300,8.4,48.48,0.0,21.15,1.74,2.89,88.77,0.0
garowe,2025110301,8.4,48.48,0.0,20.98,1.35,2.49,89.2,0.0
garowe,2025110302,8.4,48.48,5.88,20.78,1.16,2.15,89.87,0.0
garowe,2025110303,8.4,48.48,152.82,21.59,1.54,1.89,84.69,0.0
garowe,2025110304,8.4,48.48,395.15,23.32,1.58,1.74,73.73,0.0
garowe,2025110305,8.4,48.48,628.05,25.92,1.52,1.68,58.37,0.0
garowe,2025110306,8.4,48.48,812.72,29.01,1.56,1.73,41.49,0.0
garowe,2025110307,8.4,48.48,930.25,31.22,1.52,1.7,31.63,0.0
garowe,2025110308,8.4,48.48,973.92,32.84,1.61,1.83,25.38,0.0
garowe,2025110309,8.4,48.48,933.72,33.97,1.84,2.08,21.39,0.0
garowe,2025110310,8.4,48.48,815.05,34.54,2.02,2.26,19.09,0.0
garowe,2025110311,8.4,48.48,629.62,34.62,2.01,2.22,17.78,0.0
garowe,2025110312,8.4,48.48,395.5,34.2,1.84,2.04,17.27,0.0
garowe,2025110313,8.4,48.48,150.35,33.24,1.57,1.76,17.6,0.0
garowe,2025110314,8.4,48.48,5.25,30.62,0.88,1.33,20.9,0.0
garowe,2025110315,8.4,48.48,0.0,28.97,0.95,1.52,23.15,0.0
garowe,2025110316,8.4,48.48,0.0,27.54,2.01,3.21,27.29,0.0
garowe,2025110317,8.4,48.48,0.0,25.67,3.38,5.35,37.24,0.0
garowe,2025110318,8.4,48.48,0.0,24.18,4.33,6.87,53.23,0.0
garowe,2025110319,8.4,48.48,0.0,23.0,5.03,7.02,69.59,0.0
garowe,2025110320,8.4,48.48,0.0,22.18,4.8,6.34,79.78,0.0
garowe,2025110321,8.4,48.48,0.0,21.88,4.19,5.56,83.48,0.0
garowe,2025110322,8.4,48.48,0.0,21.73,3.41,4.72,84.17,0.0
garowe,2025110323,8.4,48.48,0.0,21.53,2.71,4.01,84.48,0.0
garowe,2025110400,8.4,48.48,0.0,21.28,2.16,3.39,85.26,0.0
garowe,2025110401,8.4,48.48,0.0,21.01,1.7,2.88,86.18,0.0
garowe,2025110402,8.4,48.48,5.57,20.75,1.39,2.49,86.93,0.0
garowe,2025110403,8.4,48.48,147.18,21.61,1.58,2.01,81.81,0.0
garowe,2025110404,8.4,48.48,381.38,23.35,1.45,1.55,72.47,0.0
garowe,2025110405,8.4,48.48,617.55,26.05,1.33,1.5,57.09,0.0
garowe,2025110406,8.4,48.48,802.88,29.54,1.77,1.95,38.57,0.0
garowe,2025110407,8.4,48.48,920.65,31.78,1.82,2.01,29.73,0.0
garowe,2025110408,8.4,48.48,961.22,33.33,1.81,2.01,24.48,0.0
garowe,2025110409,8.4,48.48,917.85,34.32,1.84,2.06,21.22,0.0
garowe,2025110410,8.4,48.48,795.83,34.79,1.89,2.1,19.15,0.0
garowe,2025110411,8.4,48.48,603.47,34.78,1.81,2.02,17.96,0.0
garowe,2025110412,8.4,48.48,376.48,34.32,1.57,1.76,17.47,0.0
garowe,2025110413,8.4,48.48,140.35,33.38,1.21,1.38,17.67,0.0
garowe,2025110414,8.4,48.48,4.95,31.0,0.69,1.07,20.63,0.0
garowe,2025110415,8.4,48.48,0.0,29.33,1.6,2.68,23.02,0.0
garowe,2025110416,8.4,48.48,0.0,27.22,3.48,5.47,29.8,0.0
garowe,2025110417,8.4,48.48,0.0,25.82,4.8,7.9,41.91,0.0
garowe,2025110418,8.4,48.48,0.0,24.54,6.25,8.47,59.65,0.0
garowe,2025110419,8.4,48.48,0.0,23.18,5.88,7.48,74.95,0.0
garowe,2025110420,8.4,48.48,0.0,22.41,4.73,6.14,81.82,0.0
garowe,2025110421,8.4,48.48,0.0,21.83,3.4,4.88,85.24,0.0
garowe,2025110422,8.4,48.48,0.0,21.31,2.6,4.12,87.96,0.0
garowe,2025110423,8.4,48.48,0.0,20.84,2.2,3.51,90.41,0.0
garowe,2025110500,8.4,48.48,0.0,20.48,1.92,3.0,92.46,0.0
garowe,2025110501,8.4,48.48,0.0,20.24,1.73,2.8,93.62,0.0
garowe,2025110502,8.4,48.48,5.12,20.01,1.6,2.68,94.57,0.0
garowe,2025110503,8.4,48.48,136.27,20.8,2.09,2.52,88.95,0.0
garowe,2025110504,8.4,48.48,368.42,22.8,2.35,2.6,74.65,0.0
garowe,2025110505,8.4,48.48,598.92,25.69,2.61,2.88,55.32,0.0
garowe,2025110506,8.4,48.48,785.95,29.29,2.86,3.07,35.28,0.0
garowe,2025110507,8.4,48.48,906.4,31.59,2.58,2.77,27.62,0.0
garowe,2025110508,8.4,48.48,951.12,33.22,2.36,2.58,23.28,0.0
garowe,2025110509,8.4,48.48,910.38,34.29,2.36,2.64,20.5,0.0
garowe,2025110510,8.4,48.48,790.15,34.83,2.41,2.7,18.81,0.0
garowe,2025110511,8.4,48.48,594.35,34.88,2.25,2.55,17.82,0.0
garowe,2025110512,8.4,48.48,367.83,34.43,1.9,2.16,17.49,0.0
garowe,2025110513,8.4,48.48,133.75,33.48,1.26,1.47,17.88,0.0
garowe,2025110514,8.4,48.48,4.68,31.03,0.22,0.38,20.98,0.0
garowe,2025110515,8.4,48.48,0.0,29.2,1.77,2.86,23.69,0.0
garowe,2025110516,8.4,48.48,0.0,26.99,3.75,5.92,30.98,0.0
garowe,2025110517,8.4,48.48,0.0,25.63,5.49,8.39,43.26,0.0
garowe,2025110518,8.4,48.48,0.0,24.0,6.82,8.66,60.88,0.0
garowe,2025110519,8.4,48.48,0.0,22.67,6.23,7.68,74.74,0.0
garowe,2025110520,8.4,48.48,0.0,22.04,4.8,6.05,80.6,0.0
garowe,2025110521,8.4,48.48,0.0,21.5,3.39,4.75,84.09,0.0
garowe,2025110522,8.4,48.48,0.0,20.91,2.49,4.15,87.51,0.0
garowe,2025110523,8.4,48.48,0.0,20.31,2.01,3.87,91.04,0.0
garowe,2025110600,8.4,48.48,0.0,19.83,1.93,3.74,93.74,0.0
garowe,2025110601,8.4,48.48,0.0,19.66,1.9,3.54,94.32,0.0
garowe,2025110602,8.4,48.48,5.12,19.51,1.96,3.54,94.47,0.0
garowe,2025110603,8.4,48.48,135.75,20.27,2.65,3.32,88.66,0.0
garowe,2025110604,8.4,48.48,363.0,22.32,3.09,3.51,72.5,0.0
garowe,2025110605,8.4,48.48,596.17,25.43,3.6,4.01,49.59,0.0
garowe,2025110606,8.4,48.48,780.83,28.54,3.72,4.04,34.28,0.0
garowe,2025110607,8.4,48.48,900.97,30.86,3.49,3.79,26.93,0.0
garowe,2025110608,8.4,48.48,950.0,32.6,3.21,3.49,22.33,0.0
garowe,2025110609,8.4,48.48,931.7,33.78,2.87,3.18,19.37,0.0
garowe,2025110610,8.4,48.48,819.62,34.42,2.68,3.01,17.55,0.0
garowe,2025110611,8.4,48.48,637.62,34.55,2.56,2.91,16.41,0.0
garowe,2025110612,8.4,48.48,399.1,34.19,2.37,2.7,15.84,0.0
garowe,2025110613,8.4,48.48,148.65,33.26,2.02,2.35,15.94,0.0
garowe,2025110614,8.4,48.48,5.0,30.35,1.56,2.52,19.18,0.0
garowe,2025110615,8.4,48.48,0.0,27.83,3.05,5.08,23.1,0.0
garowe,2025110616,8.4,48.48,0.0,26.28,4.62,7.91,31.01,0.0
garowe,2025110617,8.4,48.48,0.0,24.86,6.5,9.15,46.15,0.0
garowe,2025110618,8.4,48.48,0.0,23.0,7.07,8.96,65.19,0.0
garowe,2025110619,8.4,48.48,0.0,21.95,6.34,8.0,76.29,0.0
garowe,2025110620,8.4,48.48,0.0,21.37,5.05,6.58,81.0,0.0
garowe,2025110621,8.4,48.48,0.0,20.87,4.16,5.69,83.93,0.0
garowe,2025110622,8.4,48.48,0.0,20.34,3.81,5.43,86.8,0.0
garowe,2025110623,8.4,48.48,0.0,19.79,3.65,5.3,89.98,0.0
garowe,2025110700,8.4,48.48,0.0,19.35,3.69,5.47,92.34,0.0
garowe,2025110701,8.4,48.48,0.0,19.08,3.94,5.68,92.92,0.0
garowe,2025110702,8.4,48.48,5.28,18.76,3.77,5.54,93.55,0.0
garowe,2025110703,8.4,48.48,146.35,19.33,4.48,5.56,88.53,0.0
garowe,2025110704,8.4,48.48,393.08,21.43,5.51,6.36,72.07,0.0
garowe,2025110705,8.4,48.48,634.45,24.2,5.97,6.72,51.91,0.0
garowe,2025110706,8.4,48.48,822.7,26.99,5.87,6.5,37.11,0.0
garowe,2025110707,8.4,48.48,944.05,29.32,5.5,6.03,27.83,0.0
garowe,2025110708,8.4,48.48,991.38,31.09,5.03,5.48,21.81,0.0
garowe,2025110709,8.4,48.48,949.42,32.35,4.53,4.92,17.78,0.0
garowe,2025110710,8.4,48.48,836.03,33.03,4.17,4.54,15.34,0.0
garowe,2025110711,8.4,48.48,652.03,33.15,4.02,4.39,13.9,0.0
garowe,2025110712,8.4,48.48,409.48,32.73,4.05,4.44,13.22,0.0
garowe,2025110713,8.4,48.48,152.6,31.61,4.1,4.73,13.43,0.0
garowe,2025110714,8.4,48.48,5.07,27.62,3.18,5.8,17.77,0.0
garowe,2025110715,8.4,48.48,0.0,25.58,4.28,7.99,23.07,0.0
garowe,2025110716,8.4,48.48,0.0,24.7,5.83,9.47,32.22,0.0
garowe,2025110717,8.4,48.48,0.0,23.39,6.84,9.55,46.01,0.0
garowe,2025110718,8.4,48.48,0.0,22.04,6.27,8.46,59.42,0.0
garowe,2025110719,8.4,48.48,0.0,21.03,5.25,7.29,68.22,0.0
garowe,2025110720,8.4,48.48,0.0,20.23,4.35,6.41,73.64,0.0
garowe,2025110721,8.4,48.48,0.0,19.48,3.72,5.95,77.39,0.0
garowe,2025110722,8.4,48.48,0.0,18.74,3.28,5.72,80.68,0.0
garowe,2025110723,8.4,48.48,0.0,18.05,3.05,5.63,83.96,0.0
garowe,2025110800,8.4,48.48,0.0,17.43,2.96,5.59,87.42,0.0
garowe,2025110801,8.4,48.48,0.0,16.89,2.94,5.57,90.99,0.0
garowe,2025110802,8.4,48.48,5.1,16.44,2.97,5.52,94.2,0.0
garowe,2025110803,8.4,48.48,143.25,17.35,4.26,5.45,89.36,0.0
garowe,2025110804,8.4,48.48,382.92,20.2,5.76,6.75,70.51,0.0
garowe,2025110805,8.4,48.48,615.65,23.74,6.18,6.95,44.54,0.0
garowe,2025110806,8.4,48.48,799.1,26.9,5.75,6.35,28.71,0.0
garowe,2025110807,8.4,48.48,919.1,29.28,5.09,5.56,21.03,0.0
garowe,2025110808,8.4,48.48,967.0,31.02,4.45,4.82,16.98,0.0
garowe,2025110809,8.4,48.48,930.25,32.2,3.92,4.24,14.56,0.0
garowe,2025110810,8.4,48.48,814.38,32.84,3.57,3.86,13.2,0.0
garowe,2025110811,8.4,48.48,630.03,32.94,3.41,3.7,12.69,0.0
garowe,2025110812,8.4,48.48,394.0,32.49,3.47,3.78,12.88,0.0
garowe,2025110813,8.4,48.48,145.77,31.36,3.55,4.11,14.1,0.0
garowe,2025110814,8.4,48.48,4.85,27.41,3.1,5.32,20.06,0.0
garowe,2025110815,8.4,48.48,0.0,25.45,4.35,7.74,27.97,0.0
garowe,2025110816,8.4,48.48,0.0,24.66,5.96,9.43,40.48,0.0
garowe,2025110817,8.4,48.48,0.0,23.32,7.17,9.57,57.46,0.0
garowe,2025110818,8.4,48.48,0.0,22.04,6.48,8.42,71.18,0.0
garowe,2025110819,8.4,48.48,0.0,21.25,5.43,7.22,78.6,0.0
garowe,2025110820,8.4,48.48,0.0,20.73,4.9,6.8,82.81,0.0
garowe,2025110821,8.4,48.48,0.0,20.52,5.03,6.82,84.86,0.0
garowe,2025110822,8.4,48.48,0.0,20.48,5.11,6.84,85.05,0.0
garowe,2025110823,8.4,48.48,0.0,20.47,5.14,6.86,84.1,0.0
garowe,2025110900,8.4,48.48,0.0,20.34,4.99,6.86,83.33,0.0
garowe,2025110901,8.4,48.48,0.0,20.06,4.74,6.75,83.08,0.0
garowe,2025110902,8.4,48.48,4.95,19.63,4.35,6.54,83.32,0.0
garowe,2025110903,8.4,48.48,141.38,20.04,4.96,6.36,79.33,0.0
garowe,2025110904,8.4,48.48,384.0,21.82,5.53,6.28,68.64,0.0
garowe,2025110905,8.4,48.48,618.4,24.43,5.35,5.95,55.35,0.0
garowe,2025110906,8.4,48.48,805.55,27.48,5.01,5.51,41.18,0.0
garowe,2025110907,8.4,48.48,923.8,29.93,4.51,4.94,31.02,0.0
garowe,2025110908,8.4,48.48,958.83,31.75,3.91,4.28,24.54,0.0
garowe,2025110909,8.4,48.48,916.15,32.93,3.25,3.55,20.87,0.0
garowe,2025110910,8.4,48.48,792.78,33.57,2.68,2.94,18.76,0.0
garowe,2025110911,8.4,48.48,606.15,33.71,2.28,2.52,17.59,0.0
garowe,2025110912,8.4,48.48,374.7,33.36,2.06,2.28,17.19,0.0
garowe,2025110913,8.4,48.48,136.18,32.42,1.97,2.21,17.71,0.0
garowe,2025110914,8.4,48.48,4.6,29.46,1.75,2.81,21.75,0.0
garowe,2025110915,8.4,48.48,0.0,27.01,3.03,5.07,26.77,0.0
garowe,2025110916,8.4,48.48,0.0,25.51,4.37,7.44,35.75,0.0
garowe,2025110917,8.4,48.48,0.0,24.13,5.76,8.52,51.15,0.0
garowe,2025110918,8.4,48.48,0.0,22.59,6.34,8.33,68.57,0.0
garowe,2025110919,8.4,48.48,0.0,21.69,5.95,7.61,78.52,0.0
garowe,2025110920,8.4,48.48,0.0,21.38,5.35,6.88,81.73,0.0
garowe,2025110921,8.4,48.48,0.0,21.18,4.85,6.35,82.23,0.0
garowe,2025110922,8.4,48.48,0.0,21.04,4.6,6.19,81.39,0.0
garowe,2025110923,8.4,48.48,0.0,20.8,4.2,5.85,81.36,0.0
garowe,2025111000,8.4,48.48,0.0,20.52,3.84,5.65,81.73,0.0
garowe,2025111001,8.4,48.48,0.0,20.27,3.63,5.56,82.15,0.0
garowe,2025111002,8.4,48.48,4.68,20.02,3.44,5.45,82.85,0.0
garowe,2025111003,8.4,48.48,136.98,20.72,4.18,5.32,78.9,0.0
garowe,2025111004,8.4,48.48,373.88,22.62,4.72,5.31,69.29,0.0
garowe,2025111005,8.4,48.48,602.22,25.04,4.41,4.84,57.71,0.0
garowe,2025111006,8.4,48.48,783.6,27.76,3.92,4.25,45.02,0.0
garowe,2025111007,8.4,48.48,898.2,30.2,3.54,3.86,34.77,0.0
garowe,2025111008,8.4,48.48,931.95,32.0,3.35,3.71,27.93,0.0
garowe,2025111009,8.4,48.48,889.2,33.21,3.16,3.52,23.52,0.0
garowe,2025111010,8.4,48.48,774.45,33.85,2.82,3.17,20.85,0.0
garowe,2025111011,8.4,48.48,588.25,34.0,2.34,2.64,19.23,0.0
garowe,2025111012,8.4,48.48,357.62,33.63,1.82,2.08,18.55,0.0
garowe,2025111013,8.4,48.48,127.1,32.72,1.27,1.47,18.82,0.0
garowe,2025111014,8.4,48.48,4.28,30.38,0.86,1.31,21.95,0.0
garowe,2025111015,8.4,48.48,0.0,28.31,2.06,3.32,25.03,0.0
garowe,2025111016,8.4,48.48,0.0,26.11,3.55,5.84,32.59,0.0
garowe,2025111017,8.4,48.48,0.0,24.75,4.88,7.73,44.18,0.0
garowe,2025111018,8.4,48.48,0.0,23.3,5.85,8.14,58.37,0.0
garowe,2025111019,8.4,48.48,0.0,22.26,5.8,7.63,67.95,0.0
garowe,2025111020,8.4,48.48,0.0,21.65,4.78,6.54,73.12,0.0
garowe,2025111021,8.4,48.48,0.0,21.13,3.6,5.46,75.89,0.0
garowe,2025111022,8.4,48.48,0.0,20.57,2.85,4.95,78.09,0.0
garowe,2025111023,8.4,48.48,0.0,20.04,2.56,4.85,80.1,0.0
garowe,2025111100,8.4,48.48,0.0,19.54,2.39,4.76,82.18,0.0
garowe,2025111101,8.4,48.48,0.0,19.07,2.3,4.66,84.24,0.0
garowe,2025111102,8.4,48.48,4.3,18.64,2.24,4.58,86.09,0.0
garowe,2025111103,8.4,48.48,129.45,19.56,3.36,4.55,80.93,0.0
garowe,2025111104,8.4,48.48,361.27,22.14,4.89,5.66,67.6,0.0
garowe,2025111105,8.4,48.48,592.03,24.97,4.78,5.29,52.72,0.0
garowe,2025111106,8.4,48.48,780.03,27.9,4.18,4.55,39.89,0.0
garowe,2025111107,8.4,48.48,901.47,30.29,3.51,3.81,31.4,0.0
garowe,2025111108,8.4,48.48,940.5,32.04,2.95,3.23,26.06,0.0
garowe,2025111109,8.4,48.48,903.53,33.22,2.63,2.93,22.59,0.0
garowe,2025111110,8.4,48.48,786.17,33.84,2.44,2.73,20.45,0.0
garowe,2025111111,8.4,48.48,602.58,33.94,2.23,2.52,19.29,0.0
garowe,2025111112,8.4,48.48,373.25,33.56,1.94,2.21,18.94,0.0
garowe,2025111113,8.4,48.48,136.45,32.66,1.59,1.82,19.31,0.0
garowe,2025111114,8.4,48.48,4.47,30.12,1.2,1.86,22.35,0.0
garowe,2025111115,8.4,48.48,0.0,27.97,2.32,3.88,25.24,0.0
garowe,2025111116,8.4,48.48,0.0,26.11,3.81,6.47,31.2,0.0
garowe,2025111117,8.4,48.48,0.0,24.79,5.15,8.17,42.43,0.0
garowe,2025111118,8.4,48.48,0.0,23.16,6.23,8.35,59.63,0.0
garowe,2025111119,8.4,48.48,0.0,21.99,5.95,7.68,74.59,0.0
garowe,2025111120,8.4,48.48,0.0,21.67,5.33,6.85,81.43,0.0
garowe,2025111121,8.4,48.48,0.0,21.52,4.89,6.29,83.34,0.0
garowe,2025111122,8.4,48.48,0.0,21.29,4.51,5.94,83.65,0.0
garowe,2025111123,8.4,48.48,0.0,21.06,4.19,5.59,83.63,0.0
garowe,2025111200,8.4,48.48,0.0,20.87,3.96,5.38,83.4,0.0
garowe,2025111201,8.4,48.48,0.0,20.66,3.76,5.42,83.28,0.0
garowe,2025111202,8.4,48.48,4.45,20.48,3.69,5.49,83.07,0.0
garowe,2025111203,8.4,48.48,140.68,21.01,4.54,5.66,79.12,0.0
garowe,2025111204,8.4,48.48,380.73,22.69,5.13,5.8,69.28,0.0
garowe,2025111205,8.4,48.48,611.92,25.16,5.03,5.57,56.56,0.0
garowe,2025111206,8.4,48.48,797.05,27.82,4.66,5.07,44.48,0.0
garowe,2025111207,8.4,48.48,915.7,30.03,4.03,4.34,35.53,0.0
garowe,2025111208,8.4,48.48,954.05,31.75,3.37,3.62,29.36,0.0
garowe,2025111209,8.4,48.48,915.75,32.89,2.87,3.1,25.61,0.0
garowe,2025111210,8.4,48.48,796.15,33.51,2.56,2.8,23.34,0.0
garowe,2025111211,8.4,48.48,615.83,33.64,2.4,2.65,22.02,0.0
garowe,2025111212,8.4,48.48,385.55,33.29,2.32,2.58,21.53,0.0
garowe,2025111213,8.4,48.48,142.77,32.4,2.24,2.52,21.89,0.0
garowe,2025111214,8.4,48.48,4.62,29.66,1.75,2.89,25.49,0.0
garowe,2025111215,8.4,48.48,0.0,27.54,3.01,4.95,30.21,0.0
garowe,2025111216,8.4,48.48,0.0,26.18,4.4,7.42,38.18,0.0
garowe,2025111217,8.4,48.48,0.0,24.97,6.27,8.92,51.69,0.0
garowe,2025111218,8.4,48.48,0.0,23.39,7.04,8.95,69.01,0.0
garowe,2025111219,8.4,48.48,0.0,22.54,6.57,8.12,79.21,0.0
garowe,2025111220,8.4,48.48,0.0,22.28,5.7,7.07,81.64,0.0
garowe,2025111221,8.4,48.48,0.0,22.06,5.04,6.4,82.14,0.0
garowe,2025111222,8.4,48.48,0.0,21.76,4.57,5.95,82.81,0.0
garowe,2025111223,8.4,48.48,0.0,21.41,4.19,5.72,83.76,0.0
garowe,2025111300,8.4,48.48,0.0,21.07,3.87,5.58,84.7,0.0
garowe,2025111301,8.4,48.48,0.0,20.84,3.86,5.76,84.61,0.0
garowe,2025111302,8.4,48.48,4.47,20.59,3.81,5.83,84.91,0.0
garowe,2025111303,8.4,48.48,146.9,21.13,4.73,5.99,81.29,0.0
garowe,2025111304,8.4,48.48,392.9,22.89,5.35,6.09,71.04,0.0
garowe,2025111305,8.4,48.48,619.72,25.4,5.33,5.95,57.61,0.0
garowe,2025111306,8.4,48.48,804.33,28.0,5.04,5.53,45.76,0.0
garowe,2025111307,8.4,48.48,919.1,30.13,4.5,4.88,37.29,0.0
garowe,2025111308,8.4,48.48,952.1,31.76,3.89,4.2,31.18,0.0
garowe,2025111309,8.4,48.48,911.78,32.89,3.42,3.67,27.12,0.0
garowe,2025111310,8.4,48.48,813.4,33.5,3.11,3.35,24.72,0.0
garowe,2025111311,8.4,48.48,630.35,33.63,2.97,3.22,23.39,0.0
garowe,2025111312,8.4,48.48,386.92,33.26,2.97,3.23,23.04,0.0
garowe,2025111313,8.4,48.48,141.0,32.31,3.06,3.39,23.75,0.0
garowe,2025111314,8.4,48.48,4.53,29.41,2.55,4.25,28.22,0.0
garowe,2025111315,8.4,48.48,0.0,27.51,3.72,6.42,33.77,0.0
garowe,2025111316,8.4,48.48,0.0,26.53,5.27,8.44,41.81,0.0
garowe,2025111317,8.4,48.48,0.0,25.13,6.89,9.22,55.07,0.0
garowe,2025111318,8.4,48.48,0.0,23.61,7.01,8.87,70.02,0.0
garowe,2025111319,8.4,48.48,0.0,22.79,6.46,8.05,78.37,0.0
garowe,2025111320,8.4,48.48,0.0,22.43,5.6,6.99,81.25,0.0
garowe,2025111321,8.4,48.48,0.0,22.21,4.97,6.38,81.98,0.0
garowe,2025111322,8.4,48.48,0.0,22.08,4.95,6.43,80.96,0.0
garowe,2025111323,8.4,48.48,0.0,21.86,4.62,6.07,80.89,0.0
garowe,2025111400,8.4,48.48,0.0,21.59,4.09,5.73,81.13,0.0
garowe,2025111401,8.4,48.48,0.0,21.23,3.63,5.52,82.02,0.0
garowe,2025111402,8.4,48.48,4.25,20.83,3.29,5.31,83.55,0.0
garowe,2025111403,8.4,48.48,141.62,21.41,4.14,5.33,80.37,0.0
garowe,2025111404,8.4,48.48,385.73,23.35,4.98,5.69,69.77,0.0
garowe,2025111405,8.4,48.48,618.78,25.9,4.97,5.58,57.24,0.0
garowe,2025111406,8.4,48.48,805.92,28.36,4.63,5.12,46.75,0.0
garowe,2025111407,8.4,48.48,922.78,30.41,4.09,4.5,38.63,0.0
garowe,2025111408,8.4,48.48,932.12,32.01,3.5,3.86,32.71,0.0
garowe,2025111409,8.4,48.48,880.58,33.12,2.97,3.28,28.8,0.0
garowe,2025111410,8.4,48.48,726.15,33.71,2.53,2.8,26.53,0.0
garowe,2025111411,8.4,48.48,621.6,33.85,2.25,2.5,25.35,0.0
garowe,2025111412,8.4,48.48,379.85,33.53,2.18,2.41,25.19,0.0
garowe,2025111413,8.4,48.48,141.5,32.66,2.29,2.53,26.21,0.0
garowe,2025111414,8.4,48.48,4.57,30.44,2.16,3.32,30.06,0.0
garowe,2025111415,8.4,48.48,0.0,29.01,3.37,5.46,34.48,0.0
garowe,2025111416,8.4,48.48,0.0,28.09,5.05,7.69,41.12,0.0
garowe,2025111417,8.4,48.48,0.0,26.64,6.96,8.79,52.37,0.0
garowe,2025111418,8.4,48.48,0.0,24.84,7.08,8.65,65.21,0.0
garowe,2025111419,8.4,48.48,0.0,23.64,6.67,8.17,72.78,0.0
garowe,2025111420,8.4,48.48,0.0,23.09,5.84,7.14,74.41,0.0
garowe,2025111421,8.4,48.48,0.0,22.73,5.08,6.36,74.11,0.0
garowe,2025111422,8.4,48.48,0.0,22.35,4.64,6.0,73.56,0.0
garowe,2025111423,8.4,48.48,0.0,21.93,4.36,5.81,73.27,0.0
garowe,2025111500,8.4,48.48,0.0,21.48,3.99,5.53,73.49,0.0
garowe,2025111501,8.4,48.48,0.0,20.91,3.35,5.21,75.17,0.0
garowe,2025111502,8.4,48.48,4.2,20.34,3.06,5.15,77.71,0.0
garowe,2025111503,8.4,48.48,145.0,20.74,4.13,5.24,76.04,0.0
garowe,2025111504,8.4,48.48,386.65,22.66,5.22,5.94,66.49,0.0
garowe,2025111505,8.4,48.48,611.67,25.25,5.2,5.74,53.33,0.0
garowe,2025111506,8.4,48.48,788.88,28.01,4.63,5.01,41.41,0.0
garowe,2025111507,8.4,48.48,900.0,30.27,3.82,4.08,33.45,0.0
garowe,2025111508,8.4,48.48,926.25,31.94,3.11,3.31,28.52,0.0
garowe,2025111509,8.4,48.48,882.38,33.06,2.57,2.75,25.51,0.0
garowe,2025111510,8.4,48.48,771.8,33.66,2.22,2.38,23.57,0.0
garowe,2025111511,8.4,48.48,590.75,33.81,2.05,2.19,22.32,0.0
garowe,2025111512,8.4,48.48,365.4,33.48,2.08,2.22,21.83,0.0
garowe,2025111513,8.4,48.48,133.93,32.58,2.21,2.4,22.22,0.0
garowe,2025111514,8.4,48.48,4.3,29.71,1.99,3.32,26.25,0.0
garowe,2025111515,8.4,48.48,0.0,27.64,3.23,5.53,31.35,0.0
garowe,2025111516,8.4,48.48,0.0,26.48,4.52,7.62,39.04,0.0
garowe,2025111517,8.4,48.48,0.0,25.1,6.05,8.58,52.32,0.0
garowe,2025111518,8.4,48.48,0.0,23.5,6.57,8.42,68.62,0.0
garowe,2025111519,8.4,48.48,0.0,22.47,6.12,7.65,79.67,0.0
garowe,2025111520,8.4,48.48,0.0,22.11,5.42,6.79,82.67,0.0
garowe,2025111521,8.4,48.48,0.0,21.91,4.93,6.23,83.2,0.0
garowe,2025111522,8.4,48.48,0.0,21.79,4.84,6.13,83.09,0.0
garowe,2025111523,8.4,48.48,0.0,21.7,4.75,6.05,82.61,0.0
garowe,2025111600,8.4,48.48,0.0,21.56,4.4,5.84,82.35,0.0
garowe,2025111601,8.4,48.48,0.0,21.38,4.2,5.94,81.96,0.0
garowe,2025111602,8.4,48.48,3.65,21.08,3.84,5.84,82.41,0.0
garowe,2025111603,8.4,48.48,130.35,21.55,4.56,5.85,79.3,0.0
garowe,2025111604,8.4,48.48,370.0,23.26,5.34,6.08,69.93,0.0
garowe,2025111605,8.4,48.48,607.47,25.48,5.12,5.66,59.37,0.0
garowe,2025111606,8.4,48.48,790.55,27.84,4.61,5.01,49.13,0.0
garowe,2025111607,8.4,48.48,907.2,29.93,3.99,4.29,40.72,0.0
garowe,2025111608,8.4,48.48,937.78,31.59,3.48,3.74,34.45,0.0
garowe,2025111609,8.4,48.48,899.38,32.77,3.16,3.44,30.14,0.0
garowe,2025111610,8.4,48.48,712.67,33.45,3.0,3.31,27.48,0.0
garowe,2025111611,8.4,48.48,560.65,33.63,2.95,3.27,26.11,0.0
garowe,2025111612,8.4,48.48,339.23,33.33,2.95,3.3,25.78,0.0
garowe,2025111613,8.4,48.48,124.22,32.46,3.01,3.41,26.76,0.0
garowe,2025111614,8.4,48.48,4.2,29.93,2.37,3.88,31.25,0.0
garowe,2025111615,8.4,48.48,0.0,28.84,3.34,5.69,34.63,0.0
garowe,2025111616,8.4,48.48,0.0,28.29,5.0,7.86,38.79,0.0
garowe,2025111617,8.4,48.48,0.0,27.01,7.04,9.14,47.42,0.0
garowe,2025111618,8.4,48.48,0.0,25.03,7.28,9.17,60.09,0.0
garowe,2025111619,8.4,48.48,0.0,23.48,6.65,8.27,70.72,0.0
garowe,2025111620,8.4,48.48,0.0,22.61,5.52,6.95,76.58,0.0
garowe,2025111621,8.4,48.48,0.0,22.13,4.83,6.18,79.51,0.0
garowe,2025111622,8.4,48.48,0.0,21.83,4.55,5.86,81.13,0.0
garowe,2025111623,8.4,48.48,0.0,21.56,4.21,5.54,82.59,0.0
garowe,2025111700,8.4,48.48,0.0,21.36,4.05,5.46,83.94,0.0
garowe,2025111701,8.4,48.48,0.0,21.2,3.91,5.47,85.05,0.0
garowe,2025111702,8.4,48.48,3.55,21.03,3.8,5.54,86.11,0.0
garowe,2025111703,8.4,48.48,127.62,21.62,4.74,5.91,82.46,0.0
garowe,2025111704,8.4,48.48,361.88,23.5,5.42,6.24,71.02,0.0
garowe,2025111705,8.4,48.48,598.5,26.19,5.77,6.53,56.03,0.0
garowe,2025111706,8.4,48.48,788.7,28.88,5.69,6.35,44.25,0.0
garowe,2025111707,8.4,48.48,905.9,31.03,5.39,5.98,36.37,0.0
garowe,2025111708,8.4,48.48,929.97,32.73,5.19,5.77,30.54,0.0
garowe,2025111709,8.4,48.48,756.05,33.91,5.09,5.66,26.37,0.0
garowe,2025111710,8.4,48.48,663.88,34.54,5.01,5.56,23.61,0.0
garowe,2025111711,8.4,48.48,487.67,34.63,5.07,5.61,22.07,0.0
garowe,2025111712,8.4,48.48,275.67,34.1,5.3,5.9,22.22,0.0
garowe,2025111713,8.4,48.48,106.5,32.84,5.6,6.45,24.52,0.0
garowe,2025111714,8.4,48.48,4.0,30.04,4.65,7.57,31.73,0.0
garowe,2025111715,8.4,48.48,0.0,28.55,6.01,9.22,40.95,0.0
garowe,2025111716,8.4,48.48,0.0,27.5,7.42,9.81,51.63,0.0
garowe,2025111717,8.4,48.48,0.0,26.35,7.24,9.25,59.65,0.0
garowe,2025111718,8.4,48.48,0.0,25.37,6.65,8.48,63.65,0.0
garowe,2025111719,8.4,48.48,0.0,24.46,6.07,7.74,66.84,0.0
garowe,2025111720,8.4,48.48,0.0,23.65,5.42,6.97,69.95,0.0
garowe,2025111721,8.4,48.48,0.0,22.97,4.74,6.2,73.17,0.0
garowe,2025111722,8.4,48.48,0.0,22.4,4.24,5.66,76.43,0.0
garowe,2025111723,8.4,48.48,0.0,21.92,3.85,5.31,79.37,0.0
garowe,2025111800,8.4,48.48,0.0,21.5,3.51,5.06,81.84,0.0
garowe,2025111801,8.4,48.48,0.0,21.1,3.23,4.92,83.9,0.0
garowe,2025111802,8.4,48.48,0.0,20.72,3.06,4.87,85.69,0.0
garowe,2025111803,8.4,48.48,141.88,21.22,4.23,5.39,82.12,0.0
garowe,2025111804,8.4,48.48,371.23,23.61,6.27,7.39,66.89,0.0
garowe,2025111805,8.4,48.48,602.55,26.65,7.17,8.2,48.86,0.0
garowe,2025111806,8.4,48.48,785.62,29.39,7.1,7.95,37.26,0.0
garowe,2025111807,8.4,48.48,907.15,31.47,6.56,7.22,31.01,0.0
garowe,2025111808,8.4,48.48,949.92,32.97,5.94,6.49,26.88,0.0
garowe,2025111809,8.4,48.48,888.83,33.94,5.43,5.9,23.94,0.0
garowe,2025111810,8.4,48.48,765.58,34.44,5.09,5.53,21.87,0.0
garowe,2025111811,8.4,48.48,588.0,34.45,4.93,5.39,20.56,0.0
garowe,2025111812,8.4,48.48,367.33,33.96,4.98,5.51,19.99,0.0
garowe,2025111813,8.4,48.48,138.52,32.85,5.07,5.86,20.39,0.0
garowe,2025111814,8.4,48.48,4.65,29.56,3.54,6.71,24.23,0.0
garowe,2025111815,8.4,48.48,0.0,27.77,4.33,8.26,27.23,0.0
garowe,2025111816,8.4,48.48,0.0,26.86,5.54,9.08,30.64,0.0
garowe,2025111817,8.4,48.48,0.0,25.54,5.92,8.7,37.39,0.0
garowe,2025111818,8.4,48.48,0.0,24.12,5.54,8.0,46.03,0.0
garowe,2025111819,8.4,48.48,0.0,22.97,5.34,7.59,53.78,0.0
garowe,2025111820,8.4,48.48,0.0,21.99,5.06,7.17,59.71,0.0
garowe,2025111821,8.4,48.48,0.0,21.14,4.66,6.72,64.44,0.0
garowe,2025111822,8.4,48.48,0.0,20.36,4.3,6.39,68.79,0.0
garowe,2025111823,8.4,48.48,0.0,19.61,4.06,6.21,73.1,0.0
garowe,2025111900,8.4,48.48,0.0,18.82,3.87,6.09,77.7,0.0
garowe,2025111901,8.4,48.48,0.0,17.99,3.7,6.04,82.47,0.0
garowe,2025111902,8.4,48.48,0.0,17.2,3.61,6.08,86.81,0.0
garowe,2025111903,8.4,48.48,125.2,17.57,4.67,6.05,84.56,0.0
garowe,2025111904,8.4,48.48,343.92,20.29,6.97,8.4,68.07,0.0
garowe,2025111905,8.4,48.48,569.47,23.78,8.06,9.37,46.61,0.0
garowe,2025111906,8.4,48.48,758.5,26.86,8.26,9.45,32.12,0.0
garowe,2025111907,8.4,48.48,886.88,29.2,7.99,9.04,25.08,0.0
garowe,2025111908,8.4,48.48,941.6,30.95,7.44,8.35,21.47,0.0
garowe,2025111909,8.4,48.48,901.5,32.1,6.89,7.69,19.84,0.0
garowe,2025111910,8.4,48.48,781.17,32.69,6.46,7.2,19.57,0.0
garowe,2025111911,8.4,48.48,579.28,32.73,6.24,6.96,20.09,0.0
garowe,2025111912,8.4,48.48,346.0,32.21,6.16,6.95,21.54,0.0
garowe,2025111913,8.4,48.48,120.65,31.02,6.06,7.1,24.29,0.0
garowe,2025111914,8.4,48.48,4.18,28.12,4.4,7.55,30.84,0.0
garowe,2025111915,8.4,48.48,0.0,26.45,4.99,8.65,37.82,0.0
garowe,2025111916,8.4,48.48,0.0,25.56,6.23,9.25,45.14,0.0
garowe,2025111917,8.4,48.48,0.0,24.29,6.84,9.42,54.65,0.0
garowe,2025111918,8.4,48.48,0.0,23.03,6.72,8.89,63.25,0.0
garowe,2025111919,8.4,48.48,0.0,22.06,6.2,8.24,68.98,0.0
garowe,2025111920,8.4,48.48,0.0,21.33,5.71,7.73,72.66,0.0
garowe,2025111921,8.4,48.48,0.0,20.71,5.31,7.35,75.65,0.0
garowe,2025111922,8.4,48.48,0.0,20.14,4.87,6.91,78.26,0.0
garowe,2025111923,8.4,48.48,0.0,19.59,4.35,6.5,80.82,0.0
garowe,2025112000,8.4,48.48,0.0,19.06,4.0,6.31,83.06,0.0
garowe,2025112001,8.4,48.48,0.0,18.46,3.57,5.96,85.35,0.0
garowe,2025112002,8.4,48.48,0.0,17.75,3.17,5.78,88.27,0.0
garowe,2025112003,8.4,48.48,136.68,18.24,4.4,5.81,84.5,0.0
garowe,2025112004,8.4,48.48,372.35,20.88,6.58,7.88,67.33,0.0
garowe,2025112005,8.4,48.48,611.03,24.04,7.52,8.68,46.11,0.0
garowe,2025112006,8.4,48.48,804.1,26.78,7.6,8.64,32.16,0.0
garowe,2025112007,8.4,48.48,920.35,28.96,7.43,8.36,24.94,0.0
garowe,2025112008,8.4,48.48,948.22,30.61,7.1,7.95,21.23,0.0
garowe,2025112009,8.4,48.48,900.97,31.8,6.69,7.46,19.04,0.0
garowe,2025112010,8.4,48.48,772.85,32.45,6.29,7.01,17.84,0.0
garowe,2025112011,8.4,48.48,592.75,32.57,6.03,6.74,17.43,0.0
garowe,2025112012,8.4,48.48,364.52,32.11,5.9,6.68,17.95,0.0
garowe,2025112013,8.4,48.48,132.25,30.93,5.63,6.72,19.64,0.0
garowe,2025112014,8.4,48.48,4.47,27.36,3.67,7.01,25.78,0.0
garowe,2025112015,8.4,48.48,0.0,25.59,4.15,8.06,32.72,0.0
garowe,2025112016,8.4,48.48,0.0,24.87,5.24,9.04,40.87,0.0
garowe,2025112017,8.4,48.48,0.0,23.92,6.04,9.12,50.84,0.0
garowe,2025112018,8.4,48.48,0.0,22.89,6.04,8.63,60.17,0.0
garowe,2025112019,8.4,48.48,0.0,21.93,5.17,7.64,66.62,0.0
garowe,2025112020,8.4,48.48,0.0,21.14,4.66,7.14,70.45,0.0
garowe,2025112021,8.4,48.48,0.0,20.41,4.2,6.7,73.35,0.0
garowe,2025112022,8.4,48.48,0.0,19.71,3.8,6.28,75.77,0.0
garowe,2025112023,8.4,48.48,0.0,18.97,3.48,6.03,78.15,0.0
garowe,2025112100,8.4,48.48,0.0,18.23,3.39,6.03,80.57,0.0
garowe,2025112101,8.4,48.48,0.0,17.46,3.39,6.07,83.09,0.0
garowe,2025112102,8.4,48.48,0.0,16.63,3.42,6.13,85.63,0.0
garowe,2025112103,8.4,48.48,142.1,16.93,4.55,5.85,81.7,0.0
garowe,2025112104,8.4,48.48,382.1,19.68,5.83,6.96,63.46,0.0
garowe,2025112105,8.4,48.48,623.35,23.51,7.19,8.32,37.99,0.0
garowe,2025112106,8.4,48.48,822.47,26.44,7.76,8.89,26.09,0.0
garowe,2025112107,8.4,48.48,940.33,28.58,7.92,8.97,22.53,0.0
garowe,2025112108,8.4,48.48,966.1,30.29,7.7,8.66,20.64,0.0
garowe,2025112109,8.4,48.48,919.33,31.53,7.16,8.02,19.17,0.0
garowe,2025112110,8.4,48.48,791.67,32.22,6.56,7.33,18.27,0.0
garowe,2025112111,8.4,48.48,606.12,32.34,6.11,6.83,18.2,0.0
garowe,2025112112,8.4,48.48,371.65,31.84,5.84,6.58,19.07,0.0
garowe,2025112113,8.4,48.48,133.2,30.67,5.55,6.59,21.26,0.0
garowe,2025112114,8.4,48.48,4.53,27.21,3.86,7.13,28.09,0.0
garowe,2025112115,8.4,48.48,0.0,25.54,4.72,8.58,35.31,0.0
garowe,2025112116,8.4,48.48,0.0,24.77,6.07,9.39,43.58,0.0
garowe,2025112117,8.4,48.48,0.0,23.55,6.62,9.24,54.74,0.0
garowe,2025112118,8.4,48.48,0.0,22.29,6.21,8.62,64.42,0.0
garowe,2025112119,8.4,48.48,0.0,21.33,5.58,7.87,69.81,0.0
garowe,2025112120,8.4,48.48,0.0,20.56,5.08,7.38,72.61,0.0
garowe,2025112121,8.4,48.48,0.0,19.9,4.64,6.99,74.36,0.0
garowe,2025112122,8.4,48.48,0.0,19.25,4.24,6.7,76.17,0.0
garowe,2025112123,8.4,48.48,0.0,18.53,3.6,6.13,78.66,0.0
garowe,2025112200,8.4,48.48,0.0,17.82,3.3,5.97,81.36,0.0
garowe,2025112201,8.4,48.48,0.0,17.16,3.28,6.0,84.01,0.0
garowe,2025112202,8.4,48.48,0.0,16.48,3.28,6.06,87.2,0.0
garowe,2025112203,8.4,48.48,141.45,17.02,4.35,5.71,83.99,0.0
garowe,2025112204,8.4,48.48,381.62,19.82,5.69,6.74,68.13,0.0
garowe,2025112205,8.4,48.48,617.62,23.65,6.31,7.19,44.83,0.0
garowe,2025112206,8.4,48.48,806.58,26.96,5.92,6.6,28.56,0.0
garowe,2025112207,8.4,48.48,922.08,29.34,5.33,5.9,21.4,0.0
garowe,2025112208,8.4,48.48,954.12,31.05,4.78,5.25,17.89,0.0
garowe,2025112209,8.4,48.48,912.17,32.22,4.28,4.68,15.96,0.0
garowe,2025112210,8.4,48.48,805.28,32.89,3.92,4.29,14.96,0.0
garowe,2025112211,8.4,48.48,628.67,33.01,3.78,4.15,14.79,0.0
garowe,2025112212,8.4,48.48,389.5,32.63,3.87,4.28,15.24,0.0
garowe,2025112213,8.4,48.48,143.23,31.57,3.87,4.6,16.61,0.0
garowe,2025112214,8.4,48.48,4.78,27.65,2.94,5.37,22.22,0.0
garowe,2025112215,8.4,48.48,0.0,25.95,3.85,7.09,26.99,0.0
garowe,2025112216,8.4,48.48,0.0,25.17,4.7,8.47,33.63,0.0
garowe,2025112217,8.4,48.48,0.0,24.38,5.53,8.48,43.34,0.0
garowe,2025112218,8.4,48.48,0.0,23.22,5.04,7.4,54.69,0.0
garowe,2025112219,8.4,48.48,0.0,22.4,4.31,6.36,63.43,0.0
garowe,2025112220,8.4,48.48,0.0,21.72,3.66,5.73,69.03,0.0
garowe,2025112221,8.4,48.48,0.0,21.14,3.27,5.45,72.58,0.0
garowe,2025112222,8.4,48.48,0.0,20.57,2.94,5.23,75.45,0.0
garowe,2025112223,8.4,48.48,0.0,19.93,2.65,5.05,78.66,0.0
garowe,2025112300,8.4,48.48,0.0,19.41,2.5,4.85,81.38,0.0
garowe,2025112301,8.4,48.48,0.0,18.99,2.42,4.68,83.44,0.0
garowe,2025112302,8.4,48.48,0.0,18.56,2.42,4.64,85.41,0.0
garowe,2025112303,8.4,48.48,136.12,19.27,3.39,4.57,81.13,0.0
garowe,2025112304,8.4,48.48,370.9,21.95,5.13,6.13,65.17,0.0
garowe,2025112305,8.4,48.48,602.7,25.55,6.13,7.01,43.46,0.0
garowe,2025112306,8.4,48.48,788.28,28.69,5.99,6.7,27.83,0.0
garowe,2025112307,8.4,48.48,911.08,31.09,5.48,6.04,19.8,0.0
garowe,2025112308,8.4,48.48,948.9,32.8,4.99,5.45,16.32,0.0
garowe,2025112309,8.4,48.48,910.62,33.91,4.64,5.06,14.94,0.0
garowe,2025112310,8.4,48.48,798.75,34.48,4.51,4.91,14.43,0.0
garowe,2025112311,8.4,48.48,619.3,34.53,4.55,4.98,14.55,0.0
garowe,2025112312,8.4,48.48,390.23,34.01,4.76,5.27,15.26,0.0
garowe,2025112313,8.4,48.48,147.25,32.78,4.81,5.74,16.82,0.0
garowe,2025112314,8.4,48.48,4.93,28.94,3.59,6.83,22.17,0.0
garowe,2025112315,8.4,48.48,0.0,27.27,4.69,8.67,26.89,0.0
garowe,2025112316,8.4,48.48,0.0,26.35,6.02,9.38,33.66,0.0
garowe,2025112317,8.4,48.48,0.0,24.87,6.03,8.58,44.35,0.0
garowe,2025112318,8.4,48.48,0.0,23.53,5.32,7.6,55.59,0.0
garowe,2025112319,8.4,48.48,0.0,22.55,4.79,6.88,64.27,0.0
garowe,2025112320,8.4,48.48,0.0,21.76,4.36,6.36,70.28,0.0
garowe,2025112321,8.4,48.48,0.0,21.05,3.85,5.88,74.66,0.0
garowe,2025112322,8.4,48.48,0.0,20.38,3.41,5.49,78.39,0.0
garowe,2025112323,8.4,48.48,0.0,19.75,3.02,5.14,81.94,0.0
garowe,2025112400,8.4,48.48,0.0,19.15,2.71,4.87,85.4,0.0
garowe,2025112401,8.4,48.48,0.0,18.54,2.48,4.66,88.48,0.0
garowe,2025112402,8.4,48.48,0.0,18.0,2.39,4.52,90.48,0.0
garowe,2025112403,8.4,48.48,131.02,18.49,3.38,4.42,85.72,0.0
garowe,2025112404,8.4,48.48,360.15,21.05,4.77,5.71,66.95,0.0
garowe,2025112405,8.4,48.48,588.22,24.7,5.91,6.8,42.81,0.0
garowe,2025112406,8.4,48.48,773.92,28.16,6.18,6.98,25.66,0.0
garowe,2025112407,8.4,48.48,895.12,30.92,5.86,6.51,16.91,0.0
garowe,2025112408,8.4,48.48,942.95,32.82,5.29,5.83,13.36,0.0
garowe,2025112409,8.4,48.48,907.5,34.03,4.81,5.25,12.01,0.0
garowe,2025112410,8.4,48.48,794.42,34.61,4.5,4.91,11.81,0.0
garowe,2025112411,8.4,48.48,636.9,34.64,4.44,4.84,12.23,0.0
garowe,2025112412,8.4,48.48,402.3,34.09,4.6,5.05,13.15,0.0
garowe,2025112413,8.4,48.48,152.48,32.78,4.67,5.6,14.9,0.0
garowe,2025112414,8.4,48.48,5.15,28.72,3.81,7.22,20.57,0.0
garowe,2025112415,8.4,48.48,0.0,27.09,5.35,9.36,26.39,0.0
garowe,2025112416,8.4,48.48,0.0,25.89,6.92,9.86,36.03,0.0
garowe,2025112417,8.4,48.48,0.0,24.04,6.74,9.08,49.91,0.0
garowe,2025112418,8.4,48.48,0.0,22.63,5.99,7.99,61.63,0.0
garowe,2025112419,8.4,48.48,0.0,21.68,5.24,7.16,68.42,0.0
garowe,2025112420,8.4,48.48,0.0,20.92,4.72,6.64,72.89,0.0
garowe,2025112421,8.4,48.48,0.0,20.25,4.12,6.1,76.51,0.0
garowe,2025112422,8.4,48.48,0.0,19.61,3.43,5.54,79.82,0.0
garowe,2025112423,8.4,48.48,0.0,19.01,2.84,5.1,82.61,0.0
garowe,2025112500,8.4,48.48,0.0,18.45,2.48,4.74,84.91,0.0
garowe,2025112501,8.4,48.48,0.0,17.93,2.34,4.55,86.78,0.0
garowe,2025112502,8.4,48.48,0.0,17.43,2.3,4.46,88.45,0.0
garowe,2025112503,8.4,48.48,129.73,18.16,3.19,4.27,83.12,0.0
garowe,2025112504,8.4,48.48,357.1,20.84,4.2,4.94,66.08,0.0
garowe,2025112505,8.4,48.48,585.83,24.67,5.09,5.83,42.98,0.0
garowe,2025112506,8.4,48.48,772.97,28.45,5.2,5.8,25.97,0.0
garowe,2025112507,8.4,48.48,894.97,31.38,4.58,5.0,18.64,0.0
garowe,2025112508,8.4,48.48,933.7,33.23,3.8,4.1,16.03,0.0
garowe,2025112509,8.4,48.48,898.6,34.33,3.16,3.4,14.63,0.0
garowe,2025112510,8.4,48.48,785.28,34.87,2.78,2.97,13.77,0.0
garowe,2025112511,8.4,48.48,604.67,34.91,2.6,2.77,13.38,0.0
garowe,2025112512,8.4,48.48,377.0,34.42,2.64,2.8,13.49,0.0
garowe,2025112513,8.4,48.48,141.55,33.21,2.8,3.3,14.5,0.0
garowe,2025112514,8.4,48.48,4.93,28.85,3.16,5.63,20.05,0.0
garowe,2025112515,8.4,48.48,0.0,26.96,4.99,8.7,26.1,0.0
garowe,2025112516,8.4,48.48,0.0,25.51,7.06,9.98,38.55,0.0
garowe,2025112517,8.4,48.48,0.0,23.48,7.74,9.93,56.52,0.0
garowe,2025112518,8.4,48.48,0.0,22.18,6.77,8.64,69.1,0.0
garowe,2025112519,8.4,48.48,0.0,21.34,6.1,7.87,75.25,0.0
garowe,2025112520,8.4,48.48,0.0,20.7,5.51,7.17,78.49,0.0
garowe,2025112521,8.4,48.48,0.0,20.1,5.34,6.96,80.72,0.0
garowe,2025112522,8.4,48.48,0.0,19.48,4.98,6.61,82.37,0.0
garowe,2025112523,8.4,48.48,0.0,18.84,4.49,6.21,84.31,0.0
garowe,2025112600,8.4,48.48,0.0,18.46,4.25,5.94,85.34,0.0
garowe,2025112601,8.4,48.48,0.0,18.05,3.85,5.6,86.51,0.0
garowe,2025112602,8.4,48.48,0.0,17.62,3.46,5.24,88.09,0.0
garowe,2025112603,8.4,48.48,126.28,18.03,4.08,5.13,84.41,0.0
garowe,2025112604,8.4,48.48,362.23,19.97,4.64,5.26,71.3,0.0
garowe,2025112605,8.4,48.48,601.4,22.75,4.74,5.3,54.48,0.0
garowe,2025112606,8.4,48.48,793.5,25.87,4.65,5.14,39.19,0.0
garowe,2025112607,8.4,48.48,910.45,28.79,4.21,4.6,28.04,0.0
garowe,2025112608,8.4,48.48,940.6,31.08,3.66,4.01,21.07,0.0
garowe,2025112609,8.4,48.48,899.5,32.59,3.29,3.62,17.56,0.0
garowe,2025112610,8.4,48.48,778.53,33.38,2.98,3.29,15.86,0.0
garowe,2025112611,8.4,48.48,603.03,33.57,2.71,3.0,14.94,0.0
garowe,2025112612,8.4,48.48,378.88,33.19,2.66,2.92,14.69,0.0
garowe,2025112613,8.4,48.48,142.85,32.1,2.67,3.22,15.33,0.0
garowe,2025112614,8.4,48.48,5.1,27.88,2.63,4.72,20.64,0.0
garowe,2025112615,8.4,48.48,0.0,25.98,3.9,7.25,24.82,0.0
garowe,2025112616,8.4,48.48,0.0,25.05,5.19,9.06,31.68,0.0
garowe,2025112617,8.4,48.48,0.0,23.69,6.47,9.37,44.81,0.0
garowe,2025112618,8.4,48.48,0.0,22.06,6.53,8.82,61.3,0.0
garowe,2025112619,8.4,48.48,0.0,20.82,5.45,7.45,74.24,0.0
garowe,2025112620,8.4,48.48,0.0,19.91,5.04,7.02,81.79,0.0
garowe,2025112621,8.4,48.48,0.0,19.26,4.99,6.75,85.27,0.0
garowe,2025112622,8.4,48.48,0.0,18.68,4.75,6.42,87.18,0.0
garowe,2025112623,8.4,48.48,0.0,18.05,4.28,6.12,89.13,0.0
garowe,2025112700,8.4,48.48,0.0,17.65,4.15,5.94,90.14,0.0
garowe,2025112701,8.4,48.48,0.0,17.07,3.76,5.92,92.13,0.0
garowe,2025112702,8.4,48.48,0.0,16.84,3.92,5.81,92.26,0.0
garowe,2025112703,8.4,48.48,132.75,17.25,4.58,5.73,87.71,0.0
garowe,2025112704,8.4,48.48,374.6,19.3,5.21,5.95,73.15,0.0
garowe,2025112705,8.4,48.48,611.5,22.43,5.51,6.22,54.35,0.0
garowe,2025112706,8.4,48.48,794.95,25.75,5.54,6.18,38.44,0.0
garowe,2025112707,8.4,48.48,913.8,28.8,5.26,5.8,27.24,0.0
garowe,2025112708,8.4,48.48,943.8,31.21,4.81,5.28,19.97,0.0
garowe,2025112709,8.4,48.48,906.3,32.68,4.41,4.83,16.38,0.0
garowe,2025112710,8.4,48.48,790.17,33.44,4.12,4.52,14.58,0.0
garowe,2025112711,8.4,48.48,614.6,33.6,4.01,4.41,13.74,0.0
garowe,2025112712,8.4,48.48,388.17,33.16,4.09,4.51,13.6,0.0
garowe,2025112713,8.4,48.48,146.4,31.89,4.02,4.92,14.46,0.0
garowe,2025112714,8.4,48.48,5.3,27.45,3.45,6.56,20.01,0.0
garowe,2025112715,8.4,48.48,0.0,25.72,4.88,8.99,25.78,0.0
garowe,2025112716,8.4,48.48,0.0,24.58,6.59,9.84,36.26,0.0
garowe,2025112717,8.4,48.48,0.0,22.75,6.83,9.26,51.87,0.0
garowe,2025112718,8.4,48.48,0.0,21.25,5.89,7.94,66.22,0.0
garowe,2025112719,8.4,48.48,0.0,20.21,4.92,6.82,75.55,0.0
garowe,2025112720,8.4,48.48,0.0,19.42,4.25,6.17,81.42,0.0
garowe,2025112721,8.4,48.48,0.0,18.76,4.02,5.99,85.51,0.0
garowe,2025112722,8.4,48.48,0.0,18.34,4.39,6.34,87.76,0.0
garowe,2025112723,8.4,48.48,0.0,18.02,4.59,6.47,88.87,0.0
garowe,2025112800,8.4,48.48,0.0,17.69,4.42,6.33,89.85,0.0
garowe,2025112801,8.4,48.48,0.0,17.36,4.43,6.46,90.54,0.0
garowe,2025112802,8.4,48.48,0.0,16.97,4.52,6.56,91.18,0.0
garowe,2025112803,8.4,48.48,124.43,17.3,5.19,6.57,87.33,0.0
garowe,2025112804,8.4,48.48,356.85,19.35,5.9,6.83,73.16,0.0
garowe,2025112805,8.4,48.48,604.72,22.5,6.27,7.14,53.91,0.0
garowe,2025112806,8.4,48.48,796.5,25.99,6.6,7.47,36.23,0.0
garowe,2025112807,8.4,48.48,917.03,29.09,6.52,7.27,24.93,0.0
garowe,2025112808,8.4,48.48,955.58,31.08,6.02,6.65,20.08,0.0
garowe,2025112809,8.4,48.48,917.0,32.31,5.58,6.15,17.51,0.0
garowe,2025112810,8.4,48.48,795.85,32.93,5.28,5.84,16.01,0.0
garowe,2025112811,8.4,48.48,621.62,32.97,5.12,5.67,15.36,0.0
garowe,2025112812,8.4,48.48,394.3,32.46,5.03,5.64,15.52,0.0
garowe,2025112813,8.4,48.48,150.82,31.2,4.67,5.76,16.74,0.0
garowe,2025112814,8.4,48.48,5.53,26.99,3.32,6.51,22.56,0.0
garowe,2025112815,8.4,48.48,0.0,25.29,4.14,8.13,27.14,0.0
garowe,2025112816,8.4,48.48,0.0,24.57,5.31,9.3,32.5,0.0
garowe,2025112817,8.4,48.48,0.0,23.56,6.33,9.49,40.28,0.0
garowe,2025112818,8.4,48.48,0.0,22.22,6.02,8.61,49.86,0.0
garowe,2025112819,8.4,48.48,0.0,21.05,5.45,7.86,58.38,0.0
garowe,2025112820,8.4,48.48,0.0,20.12,5.05,7.32,64.97,0.0
garowe,2025112821,8.4,48.48,0.0,19.29,4.63,6.9,70.42,0.0
garowe,2025112822,8.4,48.48,0.0,18.51,4.22,6.62,75.4,0.0
garowe,2025112823,8.4,48.48,0.0,17.73,3.89,6.48,80.13,0.0
garowe,2025112900,8.4,48.48,0.0,16.96,3.71,6.44,84.38,0.0
garowe,2025112901,8.4,48.48,0.0,16.27,3.64,6.43,87.96,0.0
garowe,2025112902,8.4,48.48,0.0,15.64,3.63,6.42,90.84,0.0
garowe,2025112903,8.4,48.48,127.72,16.19,4.6,6.07,86.83,0.0
garowe,2025112904,8.4,48.48,367.45,19.08,6.28,7.66,70.46,0.0
garowe,2025112905,8.4,48.48,604.95,22.96,8.03,9.41,50.14,0.0
garowe,2025112906,8.4,48.48,792.33,26.08,8.54,9.84,36.36,0.0
garowe,2025112907,8.4,48.48,913.65,28.47,8.43,9.56,28.76,0.0
garowe,2025112908,8.4,48.48,955.28,30.19,8.02,9.03,24.74,0.0
garowe,2025112909,8.4,48.48,919.88,31.34,7.53,8.41,22.47,0.0
garowe,2025112910,8.4,48.48,806.28,31.94,7.01,7.82,21.38,0.0
garowe,2025112911,8.4,48.48,624.17,31.97,6.63,7.4,21.14,0.0
garowe,2025112912,8.4,48.48,386.35,31.42,6.43,7.25,21.87,0.0
garowe,2025112913,8.4,48.48,143.68,30.18,6.23,7.36,23.88,0.0
garowe,2025112914,8.4,48.48,5.38,27.05,4.54,8.0,29.88,0.0
garowe,2025112915,8.4,48.48,0.0,25.42,5.62,9.38,35.32,0.0
garowe,2025112916,8.4,48.48,0.0,24.32,6.73,9.74,41.25,0.0
garowe,2025112917,8.4,48.48,0.0,22.93,6.92,9.64,49.35,0.0
garowe,2025112918,8.4,48.48,0.0,21.62,6.48,8.98,57.88,0.0
garowe,2025112919,8.4,48.48,0.0,20.58,6.14,8.53,65.45,0.0
garowe,2025112920,8.4,48.48,0.0,19.75,5.72,8.08,71.45,0.0
garowe,2025112921,8.4,48.48,0.0,19.06,5.38,7.75,76.33,0.0
garowe,2025112922,8.4,48.48,0.0,18.42,5.06,7.46,80.41,0.0
garowe,2025112923,8.4,48.48,0.0,17.83,4.8,7.28,83.65,0.0
garowe,2025113000,8.4,48.48,0.0,17.17,4.34,6.83,86.69,0.0
garowe,2025113001,8.4,48.48,0.0,16.42,3.92,6.61,89.99,0.0
garowe,2025113002,8.4,48.48,0.0,15.74,3.92,6.72,92.6,0.0
garowe,2025113003,8.4,48.48,118.22,16.19,5.13,6.78,88.46,0.0
garowe,2025113004,8.4,48.48,349.58,18.97,7.03,8.5,70.25,0.0
garowe,2025113005,8.4,48.48,580.78,22.63,8.31,9.7,47.13,0.0
garowe,2025113006,8.4,48.48,759.75,25.78,8.5,9.75,32.02,0.0
garowe,2025113007,8.4,48.48,876.85,28.23,8.21,9.27,24.12,0.0
garowe,2025113008,8.4,48.48,919.47,29.97,7.7,8.62,19.99,0.0
garowe,2025113009,8.4,48.48,880.83,31.13,7.12,7.92,17.54,0.0
garowe,2025113010,8.4,48.48,787.05,31.75,6.58,7.31,16.27,0.0
garowe,2025113011,8.4,48.48,603.58,31.8,6.2,6.9,15.96,0.0
garowe,2025113012,8.4,48.48,372.25,31.25,6.07,6.83,16.6,0.0
garowe,2025113013,8.4,48.48,139.0,29.95,5.86,7.06,18.61,0.0
garowe,2025113014,8.4,48.48,5.38,26.34,4.32,7.97,24.84,0.0
garowe,2025113015,8.4,48.48,0.0,24.73,5.43,9.46,30.87,0.0
garowe,2025113016,8.4,48.48,0.0,23.68,6.55,9.68,38.38,0.0
garowe,2025113017,8.4,48.48,0.0,22.12,6.36,9.0,48.91,0.0
garowe,2025113018,8.4,48.48,0.0,20.83,5.78,8.21,58.82,0.0
garowe,2025113019,8.4,48.48,0.0,19.84,5.22,7.58,66.32,0.0
garowe,2025113020,8.4,48.48,0.0,19.06,4.82,7.18,72.0,0.0
garowe,2025113021,8.4,48.48,0.0,18.39,4.56,6.94,76.99,0.0
garowe,2025113022,8.4,48.48,0.0,17.77,4.47,6.86,81.5,0.0
garowe,2025113023,8.4,48.48,0.0,17.19,4.44,6.85,85.44,0.0
garowe,2025120100,8.4,48.48,0.0,16.63,4.38,6.85,88.86,0.0
garowe,2025120101,8.4,48.48,0.0,16.08,4.33,6.85,91.49,0.0
garowe,2025120102,8.4,48.48,0.0,15.6,4.39,6.83,93.11,0.0
garowe,2025120103,8.4,48.48,110.97,16.03,5.49,6.98,88.78,0.0
garowe,2025120104,8.4,48.48,336.55,18.64,7.1,8.5,71.2,0.0
garowe,2025120105,8.4,48.48,564.65,22.21,7.99,9.2,48.49,0.0
garowe,2025120106,8.4,48.48,753.7,25.49,7.87,8.91,31.85,0.0
garowe,2025120107,8.4,48.48,877.8,28.18,7.32,8.19,22.54,0.0
garowe,2025120108,8.4,48.48,919.38,30.08,6.58,7.29,18.2,0.0
garowe,2025120109,8.4,48.48,884.28,31.29,5.84,6.42,16.17,0.0
garowe,2025120110,8.4,48.48,770.67,31.94,5.24,5.71,15.28,0.0
garowe,2025120111,8.4,48.48,620.97,32.02,4.82,5.27,15.11,0.0
garowe,2025120112,8.4,48.48,382.05,31.54,4.68,5.16,15.63,0.0
garowe,2025120113,8.4,48.48,138.88,30.28,4.46,5.4,17.22,0.0
garowe,2025120114,8.4,48.48,5.38,26.19,3.49,6.59,23.52,0.0
garowe,2025120115,8.4,48.48,0.0,24.59,4.57,8.54,28.9,0.0
garowe,2025120116,8.4,48.48,0.0,23.78,5.94,9.54,35.24,0.0
garowe,2025120117,8.4,48.48,0.0,22.39,6.47,9.22,44.34,0.0
garowe,2025120118,8.4,48.48,0.0,20.95,6.08,8.5,53.8,0.0
garowe,2025120119,8.4,48.48,0.0,19.88,5.74,8.04,61.2,0.0
garowe,2025120120,8.4,48.48,0.0,19.08,5.5,7.71,67.12,0.0
garowe,2025120121,8.4,48.48,0.0,18.42,5.15,7.34,71.92,0.0
garowe,2025120122,8.4,48.48,0.0,17.82,4.79,7.01,75.76,0.0
garowe,2025120123,8.4,48.48,0.0,17.3,4.54,6.81,78.73,0.0
garowe,2025120200,8.4,48.48,0.0,16.78,4.34,6.7,81.23,0.0
garowe,2025120201,8.4,48.48,0.0,16.27,4.16,6.61,83.45,0.0
garowe,2025120202,8.4,48.48,0.0,15.76,3.96,6.51,85.59,0.0
garowe,2025120203,8.4,48.48,111.85,16.22,4.71,6.11,82.49,0.0
garowe,2025120204,8.4,48.48,345.75,18.95,6.35,7.65,66.69,0.0
garowe,2025120205,8.4,48.48,578.65,22.58,7.04,8.05,46.32,0.0
garowe,2025120206,8.4,48.48,768.47,25.74,6.57,7.37,33.14,0.0
garowe,2025120207,8.4,48.48,890.17,28.55,5.83,6.45,24.29,0.0
garowe,2025120208,8.4,48.48,911.85,30.74,5.05,5.53,18.32,0.0
garowe,2025120209,8.4,48.48,881.17,32.12,4.46,4.87,15.11,0.0
garowe,2025120210,8.4,48.48,618.15,32.83,4.1,4.48,13.43,0.0
garowe,2025120211,8.4,48.48,594.9,32.98,3.95,4.29,12.61,0.0
garowe,2025120212,8.4,48.48,366.75,32.53,3.98,4.33,12.56,0.0
garowe,2025120213,8.4,48.48,136.82,31.32,3.94,4.76,13.42,0.0
garowe,2025120214,8.4,48.48,5.38,27.04,3.36,6.63,18.65,0.0
garowe,2025120215,8.4,48.48,0.0,25.47,4.78,8.95,24.31,0.0
garowe,2025120216,8.4,48.48,0.0,24.41,6.32,9.59,35.64,0.0
garowe,2025120217,8.4,48.48,0.0,22.8,6.69,9.26,53.21,0.0
garowe,2025120218,8.4,48.48,0.0,21.47,6.06,8.21,68.92,0.0
garowe,2025120219,8.4,48.48,0.0,20.43,5.48,7.57,77.37,0.0
garowe,2025120220,8.4,48.48,0.0,19.59,5.17,7.18,81.42,0.0
garowe,2025120221,8.4,48.48,0.0,18.82,4.93,6.89,83.93,0.0
garowe,2025120222,8.4,48.48,0.0,18.15,4.83,6.66,85.69,0.0
garowe,2025120223,8.4,48.48,0.0,17.62,4.77,6.47,87.31,0.0
garowe,2025120300,8.4,48.48,0.0,17.28,4.74,6.41,88.45,0.0
garowe,2025120301,8.4,48.48,0.0,17.01,4.32,5.94,90.09,0.0
garowe,2025120302,8.4,48.48,0.0,16.83,4.3,6.17,91.01,0.0
garowe,2025120303,8.4,48.48,106.9,17.38,5.42,6.92,86.79,0.0
garowe,2025120304,8.4,48.48,334.12,19.34,6.39,7.39,74.49,0.0
garowe,2025120305,8.4,48.48,560.5,22.04,6.25,7.05,60.23,0.0
garowe,2025120306,8.4,48.48,738.22,24.91,5.87,6.53,47.36,0.0
garowe,2025120307,8.4,48.48,857.0,27.58,5.41,5.97,37.42,0.0
garowe,2025120308,8.4,48.48,897.22,29.79,4.78,5.23,30.09,0.0
garowe,2025120309,8.4,48.48,879.33,31.32,4.11,4.49,25.48,0.0
garowe,2025120310,8.4,48.48,768.33,32.15,3.57,3.89,22.99,0.0
garowe,2025120311,8.4,48.48,598.85,32.39,3.21,3.49,21.82,0.0
garowe,2025120312,8.4,48.48,382.95,32.08,3.13,3.38,21.6,0.0
garowe,2025120313,8.4,48.48,148.82,31.09,3.26,3.73,22.42,0.0
garowe,2025120314,8.4,48.48,5.97,27.47,2.94,5.4,27.6,0.0
garowe,2025120315,8.4,48.48,0.0,25.83,4.27,7.89,31.29,0.0
garowe,2025120316,8.4,48.48,0.0,24.69,5.93,9.01,37.43,0.0
garowe,2025120317,8.4,48.48,0.0,22.87,6.3,8.63,49.0,0.0
garowe,2025120318,8.4,48.48,0.0,21.35,5.82,7.79,61.93,0.0
garowe,2025120319,8.4,48.48,0.0,20.24,4.7,6.48,72.33,0.0
garowe,2025120320,8.4,48.48,0.0,19.45,4.1,5.92,78.72,0.0
garowe,2025120321,8.4,48.48,0.0,18.85,4.11,5.96,81.84,0.0
garowe,2025120322,8.4,48.48,0.0,18.27,4.11,5.98,83.76,0.0
garowe,2025120323,8.4,48.48,0.0,17.67,3.97,5.83,85.31,0.0
garowe,2025120400,8.4,48.48,0.0,17.08,3.73,5.69,86.7,0.0
garowe,2025120401,8.4,48.48,0.0,16.71,3.94,5.83,86.26,0.0
garowe,2025120402,8.4,48.48,0.0,16.33,3.86,5.79,85.72,0.0
garowe,2025120403,8.4,48.48,99.12,16.72,4.21,5.31,82.0,0.0
garowe,2025120404,8.4,48.48,313.85,19.67,5.77,7.01,65.78,0.0
garowe,2025120405,8.4,48.48,540.25,23.15,6.47,7.36,49.51,0.0
garowe,2025120406,8.4,48.48,729.72,26.02,6.06,6.75,39.69,0.0
garowe,2025120407,8.4,48.48,859.08,28.58,5.52,6.07,32.81,0.0
garowe,2025120408,8.4,48.48,912.88,30.61,4.94,5.44,28.19,0.0
garowe,2025120409,8.4,48.48,894.92,31.95,4.54,5.02,25.5,0.0
garowe,2025120410,8.4,48.48,782.67,32.76,4.34,4.8,23.81,0.0
garowe,2025120411,8.4,48.48,608.1,33.0,4.36,4.83,22.84,0.0
garowe,2025120412,8.4,48.48,385.0,32.68,4.65,5.14,22.58,0.0
garowe,2025120413,8.4,48.48,150.1,31.55,5.05,5.87,23.49,0.0
garowe,2025120414,8.4,48.48,6.43,28.21,4.16,7.66,28.68,0.0
garowe,2025120415,8.4,48.48,0.0,26.6,6.11,9.64,34.29,0.0
garowe,2025120416,8.4,48.48,0.0,24.94,7.32,9.9,45.83,0.0
garowe,2025120417,8.4,48.48,0.0,23.06,7.04,9.13,63.59,0.0
garowe,2025120418,8.4,48.48,0.0,21.77,6.69,8.5,78.64,0.0
garowe,2025120419,8.4,48.48,0.0,21.18,6.01,7.56,84.29,0.0
garowe,2025120420,8.4,48.48,0.0,20.8,5.58,7.16,85.83,0.0
garowe,2025120421,8.4,48.48,0.0,20.58,5.49,7.14,85.34,0.0
garowe,2025120422,8.4,48.48,0.0,20.37,5.43,7.13,84.71,0.0
garowe,2025120423,8.4,48.48,0.0,20.13,5.22,6.97,84.33,0.0
garowe,2025120500,8.4,48.48,0.0,19.89,5.0,6.86,84.35,0.0
garowe,2025120501,8.4,48.48,0.0,19.66,4.74,6.7,84.67,0.0
garowe,2025120502,8.4,48.48,0.0,19.39,4.42,6.45,85.42,0.0
garowe,2025120503,8.4,48.48,102.15,19.7,4.92,6.29,83.13,0.0
garowe,2025120504,8.4,48.48,320.17,21.35,5.61,6.42,73.12,0.0
garowe,2025120505,8.4,48.48,547.25,23.79,5.53,6.19,59.72,0.0
garowe,2025120506,8.4,48.48,744.22,26.61,5.4,6.01,45.02,0.0
garowe,2025120507,8.4,48.48,873.9,29.08,5.05,5.58,33.55,0.0
garowe,2025120508,8.4,48.48,912.28,30.53,4.48,4.94,27.15,0.0
garowe,2025120509,8.4,48.48,863.35,31.41,3.94,4.38,23.31,0.0
garowe,2025120510,8.4,48.48,712.4,32.35,3.54,3.92,20.54,0.0
garowe,2025120511,8.4,48.48,607.8,32.88,3.33,3.69,19.04,0.0
garowe,2025120512,8.4,48.48,368.0,32.68,3.3,3.66,18.69,0.0
garowe,2025120513,8.4,48.48,141.95,31.72,3.1,3.73,19.35,0.0
garowe,2025120514,8.4,48.48,6.05,28.25,2.5,4.47,23.83,0.0
garowe,2025120515,8.4,48.48,0.0,26.88,3.41,6.43,26.22,0.0
garowe,2025120516,8.4,48.48,0.0,26.16,4.58,8.0,30.22,0.0
garowe,2025120517,8.4,48.48,0.0,24.6,5.38,8.27,39.88,0.0
garowe,2025120518,8.4,48.48,0.0,23.01,5.39,7.77,54.19,0.0
garowe,2025120519,8.4,48.48,0.0,21.74,4.53,6.69,68.17,0.0
garowe,2025120520,8.4,48.48,0.0,20.92,3.96,6.06,76.51,0.0
garowe,2025120521,8.4,48.48,0.0,20.35,3.84,5.81,80.92,0.0
garowe,2025120522,8.4,48.48,0.0,19.93,4.23,6.02,82.75,0.0
garowe,2025120523,8.4,48.48,0.0,19.5,4.34,5.97,83.97,0.0
garowe,2025120600,8.4,48.48,0.0,19.11,4.32,5.89,84.68,0.0
garowe,2025120601,8.4,48.48,0.0,18.71,4.28,6.14,85.95,0.0
garowe,2025120602,8.4,48.48,0.0,18.31,4.16,6.15,87.39,0.0
garowe,2025120603,8.4,48.48,100.6,18.64,4.73,6.05,85.09,0.0
garowe,2025120604,8.4,48.48,316.02,20.73,5.72,6.63,73.23,0.0
garowe,2025120605,8.4,48.48,536.78,23.58,5.92,6.7,58.66,0.0
garowe,2025120606,8.4,48.48,721.38,26.65,5.72,6.37,44.83,0.0
garowe,2025120607,8.4,48.48,842.62,29.46,5.16,5.69,33.86,0.0
garowe,2025120608,8.4,48.48,891.55,31.62,4.43,4.85,26.59,0.0
garowe,2025120609,8.4,48.48,862.4,33.02,3.93,4.29,22.33,0.0
garowe,2025120610,8.4,48.48,753.88,33.83,3.76,4.1,19.76,0.0
garowe,2025120611,8.4,48.48,558.08,34.02,3.85,4.18,18.45,0.0
garowe,2025120612,8.4,48.48,344.23,33.62,4.21,4.6,18.16,0.0
garowe,2025120613,8.4,48.48,132.27,32.42,4.55,5.42,19.18,0.0
garowe,2025120614,8.4,48.48,5.75,28.6,3.93,7.44,24.97,0.0
garowe,2025120615,8.4,48.48,0.0,27.01,5.83,9.69,31.52,0.0
garowe,2025120616,8.4,48.48,0.0,25.49,7.13,9.83,43.38,0.0
garowe,2025120617,8.4,48.48,0.0,23.55,6.89,9.07,59.6,0.0
garowe,2025120618,8.4,48.48,0.0,22.17,6.0,7.83,72.48,0.0
garowe,2025120619,8.4,48.48,0.0,21.25,5.27,7.08,80.03,0.0
garowe,2025120620,8.4,48.48,0.0,20.68,5.52,7.33,84.04,0.0
garowe,2025120621,8.4,48.48,0.0,20.32,5.78,7.48,85.71,0.0
garowe,2025120622,8.4,48.48,0.0,20.03,5.56,7.2,86.46,0.0
garowe,2025120623,8.4,48.48,0.0,19.86,5.29,7.02,86.12,0.0
garowe,2025120700,8.4,48.48,0.0,19.72,5.24,7.16,85.72,0.0
garowe,2025120701,8.4,48.48,0.0,19.56,5.01,7.12,85.56,0.0
garowe,2025120702,8.4,48.48,0.0,19.31,4.71,7.01,85.86,0.0
garowe,2025120703,8.4,48.48,93.53,19.82,5.4,7.09,82.3,0.0
garowe,2025120704,8.4,48.48,313.38,21.61,6.25,7.25,72.28,0.0
garowe,2025120705,8.4,48.48,553.47,24.04,6.09,6.86,59.96,0.0
garowe,2025120706,8.4,48.48,736.1,26.8,5.72,6.37,47.63,0.0
garowe,2025120707,8.4,48.48,851.7,29.45,5.28,5.83,37.49,0.0
garowe,2025120708,8.4,48.48,891.05,31.66,4.77,5.25,29.94,0.0
garowe,2025120709,8.4,48.48,851.72,33.17,4.35,4.78,25.28,0.0
garowe,2025120710,8.4,48.48,732.88,33.96,4.08,4.48,22.88,0.0
garowe,2025120711,8.4,48.48,556.15,34.13,3.96,4.35,21.76,0.0
garowe,2025120712,8.4,48.48,334.8,33.72,4.02,4.44,21.54,0.0
garowe,2025120713,8.4,48.48,120.97,32.63,4.09,4.8,22.38,0.0
garowe,2025120714,8.4,48.48,5.7,28.95,3.4,6.31,28.0,0.0
garowe,2025120715,8.4,48.48,0.0,27.32,5.04,8.81,33.57,0.0
garowe,2025120716,8.4,48.48,0.0,26.05,7.09,9.95,43.43,0.0
garowe,2025120717,8.4,48.48,0.0,24.11,7.55,9.67,59.13,0.0
garowe,2025120718,8.4,48.48,0.0,22.61,7.06,9.05,72.9,0.0
garowe,2025120719,8.4,48.48,0.0,21.85,6.6,8.38,79.43,0.0
garowe,2025120720,8.4,48.48,0.0,21.41,6.36,8.0,81.41,0.0
garowe,2025120721,8.4,48.48,0.0,20.99,6.01,7.7,82.84,0.0
garowe,2025120722,8.4,48.48,0.0,20.68,5.88,7.54,83.1,0.0
garowe,2025120723,8.4,48.48,0.0,20.45,5.65,7.34,83.0,0.0
garowe,2025120800,8.4,48.48,0.0,20.25,5.44,7.18,83.03,0.0
garowe,2025120801,8.4,48.48,0.0,20.08,5.17,7.02,82.98,0.0
garowe,2025120802,8.4,48.48,0.0,19.93,5.19,7.17,82.83,0.0
garowe,2025120803,8.4,48.48,94.55,20.27,5.94,7.55,80.39,0.0
garowe,2025120804,8.4,48.48,316.25,21.83,6.69,7.77,71.81,0.0
garowe,2025120805,8.4,48.48,536.15,24.1,6.62,7.49,60.63,0.0
garowe,2025120806,8.4,48.48,728.67,26.64,6.3,7.04,49.68,0.0
garowe,2025120807,8.4,48.48,858.7,29.06,5.9,6.54,40.31,0.0
garowe,2025120808,8.4,48.48,908.0,31.01,5.44,5.99,33.41,0.0
garowe,2025120809,8.4,48.48,870.8,32.37,4.96,5.45,28.89,0.0
garowe,2025120810,8.4,48.48,764.55,33.11,4.57,5.01,26.39,0.0
garowe,2025120811,8.4,48.48,596.38,33.25,4.38,4.82,25.33,0.0
garowe,2025120812,8.4,48.48,377.62,32.79,4.39,4.85,25.5,0.0
garowe,2025120813,8.4,48.48,151.23,31.71,4.43,5.12,27.01,0.0
garowe,2025120814,8.4,48.48,7.0,28.54,3.27,6.06,33.18,0.0
garowe,2025120815,8.4,48.48,0.0,26.99,4.26,7.86,38.65,0.0
garowe,2025120816,8.4,48.48,0.0,26.09,5.76,8.76,44.93,0.0
garowe,2025120817,8.4,48.48,0.0,24.64,6.43,8.79,54.56,0.0
garowe,2025120818,8.4,48.48,0.0,23.21,6.15,8.11,64.33,0.0
garowe,2025120819,8.4,48.48,0.0,22.1,5.53,7.29,71.5,0.0
garowe,2025120820,8.4,48.48,0.0,21.28,4.99,6.72,76.05,0.0
garowe,2025120821,8.4,48.48,0.0,20.6,4.7,6.44,79.32,0.0
garowe,2025120822,8.4,48.48,0.0,19.97,4.41,6.14,82.17,0.0
garowe,2025120823,8.4,48.48,0.0,19.4,4.12,5.88,84.82,0.0
garowe,2025120900,8.4,48.48,0.0,18.92,3.88,5.74,87.26,0.0
garowe,2025120901,8.4,48.48,0.0,18.55,3.66,5.55,89.05,0.0
garowe,2025120902,8.4,48.48,0.0,18.23,3.41,5.25,90.45,0.0
garowe,2025120903,8.4,48.48,94.65,18.7,4.28,5.56,87.03,0.0
garowe,2025120904,8.4,48.48,319.35,20.89,5.75,6.7,73.89,0.0
garowe,2025120905,8.4,48.48,547.67,23.75,5.72,6.43,59.53,0.0
garowe,2025120906,8.4,48.48,731.42,26.76,5.25,5.83,47.13,0.0
garowe,2025120907,8.4,48.48,858.67,29.57,4.65,5.11,36.61,0.0
garowe,2025120908,8.4,48.48,916.8,31.7,4.12,4.53,29.19,0.0
garowe,2025120909,8.4,48.48,844.78,33.01,3.78,4.14,24.73,0.0
garowe,2025120910,8.4,48.48,704.42,33.73,3.6,3.94,21.95,0.0
garowe,2025120911,8.4,48.48,541.25,33.86,3.6,3.92,20.48,0.0
garowe,2025120912,8.4,48.48,339.7,33.43,3.77,4.15,19.91,0.0
garowe,2025120913,8.4,48.48,136.23,32.33,3.97,4.68,20.25,0.0
garowe,2025120914,8.4,48.48,6.88,28.5,3.19,6.21,24.64,0.0
garowe,2025120915,8.4,48.48,0.0,26.9,4.54,8.59,26.82,0.0
garowe,2025120916,8.4,48.48,0.0,25.9,6.27,9.71,30.9,0.0
garowe,2025120917,8.4,48.48,0.0,24.16,6.59,9.29,41.28,0.0
garowe,2025120918,8.4,48.48,0.0,22.54,5.84,8.17,56.07,0.0
garowe,2025120919,8.4,48.48,0.0,21.39,5.08,7.25,69.27,0.0
garowe,2025120920,8.4,48.48,0.0,20.55,4.63,6.77,78.18,0.0
garowe,2025120921,8.4,48.48,0.0,19.84,4.44,6.56,84.33,0.0
garowe,2025120922,8.4,48.48,0.0,19.29,4.41,6.41,89.16,0.0
garowe,2025120923,8.4,48.48,0.0,19.08,4.51,6.28,91.81,0.0
garowe,2025121000,8.4,48.48,0.0,19.04,4.38,6.08,93.07,0.0
garowe,2025121001,8.4,48.48,0.0,19.04,4.39,6.27,93.99,0.0
garowe,2025121002,8.4,48.48,0.0,19.06,4.45,6.66,94.66,0.0
garowe,2025121003,8.4,48.48,86.03,19.76,5.15,6.73,91.59,0.0
garowe,2025121004,8.4,48.48,303.1,22.22,6.67,8.03,78.98,0.0
garowe,2025121005,8.4,48.48,537.05,25.14,7.14,8.23,63.86,0.0
garowe,2025121006,8.4,48.48,730.83,27.77,6.79,7.68,51.43,0.0
garowe,2025121007,8.4,48.48,838.5,29.65,6.3,7.03,43.48,0.0
garowe,2025121008,8.4,48.48,876.72,30.34,5.75,6.39,40.04,0.0
garowe,2025121009,8.4,48.48,847.2,30.77,5.23,5.78,37.83,0.0
garowe,2025121010,8.4,48.48,614.33,31.39,4.83,5.3,35.52,0.0
garowe,2025121011,8.4,48.48,582.22,31.55,4.61,5.08,34.52,0.0
garowe,2025121012,8.4,48.48,355.0,31.19,4.67,5.19,35.03,0.0
garowe,2025121013,8.4,48.48,133.82,30.22,5.01,5.76,37.5,0.0
garowe,2025121014,8.4,48.48,6.9,28.51,4.77,6.92,42.89,0.0
garowe,2025121015,8.4,48.48,0.0,27.23,6.13,8.46,48.85,0.0
garowe,2025121016,8.4,48.48,0.0,25.86,7.45,9.47,56.34,0.0
garowe,2025121017,8.4,48.48,0.0,24.35,7.78,9.67,64.67,0.0
garowe,2025121018,8.4,48.48,0.0,23.26,7.26,8.95,71.03,0.0
garowe,2025121019,8.4,48.48,0.0,22.55,6.39,7.91,75.86,0.0
garowe,2025121020,8.4,48.48,0.0,22.02,5.77,7.24,80.19,0.0
garowe,2025121021,8.4,48.48,0.0,21.59,5.39,6.85,83.62,0.0
garowe,2025121022,8.4,48.48,0.0,21.26,5.23,6.72,85.57,0.0
garowe,2025121023,8.4,48.48,0.0,21.0,5.01,6.51,86.25,0.0
garowe,2025121100,8.4,48.48,0.0,20.66,4.47,6.02,87.28,0.0
garowe,2025121101,8.4,48.48,0.0,20.4,4.32,6.18,87.1,0.0
garowe,2025121102,8.4,48.48,0.0,20.17,4.31,6.34,86.5,0.0
garowe,2025121103,8.4,48.48,79.47,20.54,5.05,6.54,83.56,0.0
garowe,2025121104,8.4,48.48,289.6,22.22,5.94,6.87,73.68,0.0
garowe,2025121105,8.4,48.48,529.4,24.61,6.0,6.78,60.32,0.0
garowe,2025121106,8.4,48.48,724.25,27.3,5.8,6.47,47.56,0.0
garowe,2025121107,8.4,48.48,856.4,29.77,5.41,5.98,37.8,0.0
garowe,2025121108,8.4,48.48,885.65,31.65,5.04,5.55,30.66,0.0
garowe,2025121109,8.4,48.48,849.9,32.93,4.83,5.32,25.52,0.0
garowe,2025121110,8.4,48.48,735.95,33.64,4.78,5.26,22.16,0.0
garowe,2025121111,8.4,48.48,588.78,33.75,4.87,5.35,20.42,0.0
garowe,2025121112,8.4,48.48,370.48,33.23,5.1,5.64,20.09,0.0
garowe,2025121113,8.4,48.48,146.3,31.97,5.29,6.23,21.42,0.0
garowe,2025121114,8.4,48.48,7.35,28.53,4.23,7.76,27.42,0.0
garowe,2025121115,8.4,48.48,0.0,26.98,5.98,9.58,34.48,0.0
garowe,2025121116,8.4,48.48,0.0,25.51,6.98,9.59,46.61,0.0
garowe,2025121117,8.4,48.48,0.0,23.83,6.45,8.59,61.42,0.0
garowe,2025121118,8.4,48.48,0.0,22.53,5.72,7.58,72.67,0.0
garowe,2025121119,8.4,48.48,0.0,21.54,5.02,6.79,79.52,0.0
garowe,2025121120,8.4,48.48,0.0,20.77,4.96,6.77,84.39,0.0
garowe,2025121121,8.4,48.48,0.0,20.25,5.25,6.78,87.68,0.0
garowe,2025121122,8.4,48.48,0.0,19.89,4.91,6.46,89.5,0.0
garowe,2025121123,8.4,48.48,0.0,19.71,5.06,6.79,89.58,0.0
garowe,2025121200,8.4,48.48,0.0,19.68,5.28,7.05,88.9,0.0
garowe,2025121201,8.4,48.48,0.0,19.64,5.35,7.15,88.03,0.0
garowe,2025121202,8.4,48.48,0.0,19.46,4.91,6.7,88.34,0.0
garowe,2025121203,8.4,48.48,85.88,19.79,5.14,6.61,86.15,0.0
garowe,2025121204,8.4,48.48,307.42,21.63,6.23,7.24,74.51,0.0
garowe,2025121205,8.4,48.48,538.15,24.08,6.18,6.98,60.66,0.0
garowe,2025121206,8.4,48.48,726.62,26.79,5.81,6.47,47.5,0.0
garowe,2025121207,8.4,48.48,852.55,29.26,5.33,5.87,37.56,0.0
garowe,2025121208,8.4,48.48,886.95,31.16,4.78,5.22,31.41,0.0
garowe,2025121209,8.4,48.48,847.65,32.41,4.34,4.73,28.07,0.0
garowe,2025121210,8.4,48.48,729.67,33.08,3.99,4.35,26.4,0.0
garowe,2025121211,8.4,48.48,562.58,33.2,3.78,4.1,25.7,0.0
garowe,2025121212,8.4,48.48,351.35,32.78,3.75,4.07,25.73,0.0
garowe,2025121213,8.4,48.48,137.52,31.74,3.96,4.45,26.81,0.0
garowe,2025121214,8.4,48.48,7.3,28.95,3.5,6.29,31.47,0.0
garowe,2025121215,8.4,48.48,0.0,27.51,5.76,8.78,36.03,0.0
garowe,2025121216,8.4,48.48,0.0,25.73,7.52,9.73,46.06,0.0
garowe,2025121217,8.4,48.48,0.0,23.63,7.55,9.46,62.44,0.0
garowe,2025121218,8.4,48.48,0.0,22.14,6.78,8.5,77.04,0.0
garowe,2025121219,8.4,48.48,0.0,21.38,5.87,7.44,83.24,0.0
garowe,2025121220,8.4,48.48,0.0,20.96,5.25,6.6,85.57,0.0
garowe,2025121221,8.4,48.48,0.0,20.59,4.84,6.17,87.2,0.0
garowe,2025121222,8.4,48.48,0.0,20.32,4.96,6.48,86.93,0.0
garowe,2025121223,8.4,48.48,0.0,20.21,5.27,6.86,85.53,0.0
garowe,2025121300,8.4,48.48,0.0,20.09,5.34,6.98,84.53,0.0
garowe,2025121301,8.4,48.48,0.0,19.91,5.25,6.96,83.95,0.0
garowe,2025121302,8.4,48.48,0.0,19.7,5.07,6.85,83.99,0.0
garowe,2025121303,8.4,48.48,83.1,20.01,5.53,6.94,81.47,0.0
garowe,2025121304,8.4,48.48,297.2,21.55,5.96,6.82,72.5,0.0
garowe,2025121305,8.4,48.48,518.53,23.85,5.58,6.22,60.97,0.0
garowe,2025121306,8.4,48.48,722.85,26.35,4.98,5.46,50.43,0.0
garowe,2025121307,8.4,48.48,844.72,28.69,4.24,4.58,41.67,0.0
garowe,2025121308,8.4,48.48,884.85,30.67,3.38,3.62,34.57,0.0
garowe,2025121309,8.4,48.48,848.35,32.02,2.67,2.88,29.78,0.0
garowe,2025121310,8.4,48.48,781.2,32.74,2.19,2.4,26.51,0.0
garowe,2025121311,8.4,48.48,609.62,32.91,1.91,2.14,24.52,0.0
garowe,2025121312,8.4,48.48,389.58,32.55,1.7,1.91,23.63,0.0
garowe,2025121313,8.4,48.48,157.77,31.64,1.41,1.61,23.91,0.0
garowe,2025121314,8.4,48.48,8.38,28.86,1.43,2.33,28.17,0.0
garowe,2025121315,8.4,48.48,0.0,26.6,3.0,4.98,33.65,0.0
garowe,2025121316,8.4,48.48,0.0,25.33,4.27,7.31,41.53,0.0
garowe,2025121317,8.4,48.48,0.0,24.06,5.9,8.42,54.12,0.0
garowe,2025121318,8.4,48.48,0.0,22.42,6.35,8.08,68.57,0.0
garowe,2025121319,8.4,48.48,0.0,21.35,5.72,7.21,77.26,0.0
garowe,2025121320,8.4,48.48,0.0,20.78,4.63,5.99,81.11,0.0
garowe,2025121321,8.4,48.48,0.0,20.33,4.0,5.37,83.23,0.0
garowe,2025121322,8.4,48.48,0.0,19.87,3.65,5.13,85.15,0.0
garowe,2025121323,8.4,48.48,0.0,19.48,3.59,5.11,86.48,0.0
garowe,2025121400,8.4,48.48,0.0,19.14,3.52,5.09,87.8,0.0
garowe,2025121401,8.4,48.48,0.0,18.85,3.45,5.14,88.88,0.0
garowe,2025121402,8.4,48.48,0.0,18.61,3.42,5.13,90.13,0.0
garowe,2025121403,8.4,48.48,84.22,19.14,4.14,5.25,86.77,0.0
garowe,2025121404,8.4,48.48,308.8,21.04,4.99,5.67,74.14,0.0
garowe,2025121405,8.4,48.48,544.17,23.36,4.7,5.17,62.0,0.0
garowe,2025121406,8.4,48.48,733.95,25.87,4.14,4.5,51.02,0.0
garowe,2025121407,8.4,48.48,863.3,28.25,3.44,3.68,41.4,0.0
garowe,2025121408,8.4,48.48,911.95,30.3,2.64,2.8,33.43,0.0
garowe,2025121409,8.4,48.48,875.05,31.6,2.2,2.39,28.62,0.0
garowe,2025121410,8.4,48.48,777.05,32.26,2.07,2.31,25.35,0.0
garowe,2025121411,8.4,48.48,616.58,32.37,1.95,2.2,23.12,0.0
garowe,2025121412,8.4,48.48,401.98,31.99,1.71,1.96,22.02,0.0
garowe,2025121413,8.4,48.48,166.18,31.05,1.3,1.5,22.16,0.0
garowe,2025121414,8.4,48.48,9.07,28.4,1.12,1.74,25.95,0.0
garowe,2025121415,8.4,48.48,0.0,26.33,2.44,4.06,30.07,0.0
garowe,2025121416,8.4,48.48,0.0,24.7,3.87,6.51,37.65,0.0
garowe,2025121417,8.4,48.48,0.0,23.48,5.13,8.14,50.0,0.0
garowe,2025121418,8.4,48.48,0.0,21.93,6.16,8.15,66.48,0.0
garowe,2025121419,8.4,48.48,0.0,20.58,5.73,7.39,78.84,0.0
garowe,2025121420,8.4,48.48,0.0,19.83,4.88,6.48,84.21,0.0
garowe,2025121421,8.4,48.48,0.0,19.31,4.2,5.8,85.94,0.0
garowe,2025121422,8.4,48.48,0.0,18.75,3.8,5.54,86.86,0.0
garowe,2025121423,8.4,48.48,0.0,18.18,3.65,5.52,87.54,0.0
garowe,2025121500,8.4,48.48,0.0,17.48,3.24,5.37,89.46,0.0
garowe,2025121501,8.4,48.48,0.0,16.93,3.23,5.42,90.54,0.0
garowe,2025121502,8.4,48.48,0.0,16.45,3.31,5.49,91.43,0.0
garowe,2025121503,8.4,48.48,92.4,16.86,4.29,5.38,87.69,0.0
garowe,2025121504,8.4,48.48,330.83,19.64,5.51,6.47,70.42,0.0
garowe,2025121505,8.4,48.48,566.6,22.82,5.81,6.47,54.18,0.0
garowe,2025121506,8.4,48.48,757.72,25.75,5.28,5.76,42.54,0.0
garowe,2025121507,8.4,48.48,885.95,28.56,4.54,4.88,32.59,0.0
garowe,2025121508,8.4,48.48,936.1,30.52,4.01,4.34,26.37,0.0
garowe,2025121509,8.4,48.48,912.7,31.76,3.72,4.05,22.21,0.0
garowe,2025121510,8.4,48.48,813.05,32.44,3.52,3.82,19.39,0.0
garowe,2025121511,8.4,48.48,645.12,32.6,3.48,3.77,17.75,0.0
garowe,2025121512,8.4,48.48,424.4,32.17,3.61,3.93,17.17,0.0
garowe,2025121513,8.4,48.48,179.43,30.99,3.65,4.38,17.86,0.0
garowe,2025121514,8.4,48.48,10.1,26.92,3.18,5.94,23.34,0.0
garowe,2025121515,8.4,48.48,0.0,25.31,4.54,8.42,27.76,0.0
garowe,2025121516,8.4,48.48,0.0,24.39,6.42,9.69,35.33,0.0
garowe,2025121517,8.4,48.48,0.0,22.69,7.05,9.51,49.3,0.0
garowe,2025121518,8.4,48.48,0.0,21.23,6.32,8.41,64.55,0.0
garowe,2025121519,8.4,48.48,0.0,20.19,5.23,7.23,76.11,0.0
garowe,2025121520,8.4,48.48,0.0,19.41,4.3,6.37,83.18,0.0
garowe,2025121521,8.4,48.48,0.0,18.73,3.65,5.83,87.82,0.0
garowe,2025121522,8.4,48.48,0.0,18.15,3.31,5.5,91.12,0.0
garowe,2025121523,8.4,48.48,0.0,17.81,3.26,5.19,92.49,0.0
garowe,2025121600,8.4,48.48,0.0,17.44,3.11,4.98,93.78,0.0
garowe,2025121601,8.4,48.48,0.0,17.02,2.98,4.81,95.32,0.0
garowe,2025121602,8.4,48.48,0.0,16.6,2.87,4.65,96.55,0.0
garowe,2025121603,8.4,48.48,94.07,17.1,3.49,4.43,92.08,0.0
garowe,2025121604,8.4,48.48,332.92,19.77,4.22,4.91,75.89,0.0
garowe,2025121605,8.4,48.48,566.58,23.58,4.86,5.47,57.31,0.0
garowe,2025121606,8.4,48.48,758.78,26.96,4.62,5.09,42.93,0.0
garowe,2025121607,8.4,48.48,888.95,29.53,4.0,4.31,33.61,0.0
garowe,2025121608,8.4,48.48,930.83,31.34,3.41,3.63,28.32,0.0
garowe,2025121609,8.4,48.48,890.72,32.52,3.04,3.23,25.4,0.0
garowe,2025121610,8.4,48.48,781.25,33.13,2.86,3.02,23.92,0.0
garowe,2025121611,8.4,48.48,636.22,33.24,2.83,2.99,23.49,0.0
garowe,2025121612,8.4,48.48,400.73,32.77,2.94,3.11,24.27,0.0
garowe,2025121613,8.4,48.48,163.43,31.67,3.14,3.5,26.59,0.0
garowe,2025121614,8.4,48.48,9.18,28.37,2.88,4.89,34.42,0.0
garowe,2025121615,8.4,48.48,0.0,26.63,4.24,7.19,43.47,0.0
garowe,2025121616,8.4,48.48,0.0,25.55,5.84,8.6,54.65,0.0
garowe,2025121617,8.4,48.48,0.0,24.17,6.9,9.0,67.75,0.0
garowe,2025121618,8.4,48.48,0.0,22.94,6.78,8.59,78.64,0.0
garowe,2025121619,8.4,48.48,0.0,22.27,6.06,7.71,84.26,0.0
garowe,2025121620,8.4,48.48,0.0,21.9,5.43,7.05,87.19,0.0
garowe,2025121621,8.4,48.48,0.0,21.58,4.75,6.27,89.82,0.0
garowe,2025121622,8.4,48.48,0.0,21.38,4.36,5.92,91.78,0.0
garowe,2025121623,8.4,48.48,0.0,21.27,4.27,5.87,92.57,0.0
garowe,2025121700,8.4,48.48,0.0,21.13,4.17,5.93,93.46,0.0
garowe,2025121701,8.4,48.48,0.0,20.96,4.03,5.99,94.49,0.0
garowe,2025121702,8.4,48.48,0.0,20.79,3.93,6.07,95.29,0.0
garowe,2025121703,8.4,48.48,71.93,21.29,4.67,6.05,92.18,0.0
garowe,2025121704,8.4,48.48,218.82,23.35,5.8,6.73,78.28,0.0
garowe,2025121705,8.4,48.48,360.25,25.7,5.5,6.14,64.56,0.0
garowe,2025121706,8.4,48.48,508.42,28.05,4.78,5.25,52.9,0.0
garowe,2025121707,8.4,48.48,741.92,30.25,4.15,4.52,42.96,0.0
garowe,2025121708,8.4,48.48,879.15,32.02,3.82,4.18,35.91,0.0
garowe,2025121709,8.4,48.48,875.97,33.27,3.73,4.08,31.06,0.0
garowe,2025121710,8.4,48.48,715.28,33.97,3.79,4.16,27.82,0.0
garowe,2025121711,8.4,48.48,606.95,34.12,4.07,4.45,26.19,0.0
garowe,2025121712,8.4,48.48,383.5,33.67,4.51,4.94,26.19,0.0
garowe,2025121713,8.4,48.48,157.5,32.54,5.07,5.76,27.98,0.0
garowe,2025121714,8.4,48.48,9.35,29.98,4.92,7.51,33.89,0.0
garowe,2025121715,8.4,48.48,0.0,28.23,7.0,9.61,42.12,0.0
garowe,2025121716,8.4,48.48,0.0,26.01,8.28,10.38,55.87,0.0
garowe,2025121717,8.4,48.48,0.0,24.05,7.87,9.71,68.77,0.0
garowe,2025121718,8.4,48.48,0.0,22.92,6.92,8.56,75.58,0.0
garowe,2025121719,8.4,48.48,0.0,22.24,6.0,7.53,79.54,0.0
garowe,2025121720,8.4,48.48,0.0,21.75,5.59,7.07,82.69,0.0
garowe,2025121721,8.4,48.48,0.0,21.38,5.22,6.6,85.09,0.0
garowe,2025121722,8.4,48.48,0.0,21.22,5.05,6.43,85.36,0.0
garowe,2025121723,8.4,48.48,0.0,21.17,4.97,6.37,84.43,0.0
garowe,2025121800,8.4,48.48,0.0,21.05,4.72,6.16,83.93,0.0
garowe,2025121801,8.4,48.48,0.0,20.87,4.44,5.96,83.99,0.0
garowe,2025121802,8.4,48.48,0.0,20.69,4.24,5.9,84.18,0.0
garowe,2025121803,8.4,48.48,78.88,21.07,4.86,6.08,81.71,0.0
garowe,2025121804,8.4,48.48,303.7,22.61,5.41,6.2,73.11,0.0
garowe,2025121805,8.4,48.48,537.47,24.9,5.48,6.14,61.74,0.0
garowe,2025121806,8.4,48.48,718.65,27.34,5.39,5.98,51.51,0.0
garowe,2025121807,8.4,48.48,843.0,29.62,5.08,5.58,43.15,0.0
garowe,2025121808,8.4,48.48,893.88,31.41,4.63,5.04,37.35,0.0
garowe,2025121809,8.4,48.48,873.78,32.62,4.21,4.57,33.57,0.0
garowe,2025121810,8.4,48.48,663.38,33.3,3.9,4.22,31.06,0.0
garowe,2025121811,8.4,48.48,605.8,33.45,3.74,4.04,29.7,0.0
garowe,2025121812,8.4,48.48,388.12,33.02,3.76,4.06,29.61,0.0
garowe,2025121813,8.4,48.48,161.88,32.01,4.04,4.49,30.91,0.0
garowe,2025121814,8.4,48.48,9.82,29.26,3.56,6.09,36.49,0.0
garowe,2025121815,8.4,48.48,0.0,27.71,5.24,8.34,41.84,0.0
garowe,2025121816,8.4,48.48,0.0,26.25,6.93,9.25,50.29,0.0
garowe,2025121817,8.4,48.48,0.0,24.41,7.38,9.23,63.47,0.0
garowe,2025121818,8.4,48.48,0.0,23.01,6.69,8.29,75.41,0.0
garowe,2025121819,8.4,48.48,0.0,22.19,6.14,7.68,82.63,0.0
garowe,2025121820,8.4,48.48,0.0,21.86,5.74,7.18,85.22,0.0
garowe,2025121821,8.4,48.48,0.0,21.62,5.06,6.33,86.62,0.0
garowe,2025121822,8.4,48.48,0.0,21.46,4.62,5.89,87.27,0.0
garowe,2025121823,8.4,48.48,0.0,21.42,4.45,5.85,86.36,0.0
garowe,2025121900,8.4,48.48,0.0,21.41,4.3,5.81,85.37,0.0
garowe,2025121901,8.4,48.48,0.0,21.29,3.98,5.57,85.15,0.0
garowe,2025121902,8.4,48.48,0.0,21.1,3.63,5.35,85.76,0.0
garowe,2025121903,8.4,48.48,71.9,21.45,4.14,5.23,83.81,0.0
garowe,2025121904,8.4,48.48,275.5,23.01,4.53,5.11,74.86,0.0
garowe,2025121905,8.4,48.48,480.85,25.22,4.24,4.65,63.63,0.0
garowe,2025121906,8.4,48.48,700.47,27.55,3.79,4.1,53.74,0.0
garowe,2025121907,8.4,48.48,830.53,29.76,3.22,3.46,45.5,0.0
garowe,2025121908,8.4,48.48,877.67,31.74,2.74,2.98,38.85,0.0
garowe,2025121909,8.4,48.48,825.95,32.97,2.34,2.58,35.14,0.0
garowe,2025121910,8.4,48.48,722.8,33.63,2.0,2.21,32.85,0.0
garowe,2025121911,8.4,48.48,552.12,33.76,1.84,2.01,31.57,0.0
garowe,2025121912,8.4,48.48,339.55,33.5,1.92,2.05,31.21,0.0
garowe,2025121913,8.4,48.48,141.07,32.67,2.31,2.47,32.21,0.0
garowe,2025121914,8.4,48.48,8.9,30.43,2.49,3.95,36.95,0.0
garowe,2025121915,8.4,48.48,0.0,29.0,3.91,6.53,41.95,0.0
garowe,2025121916,8.4,48.48,0.0,27.93,6.3,8.47,48.62,0.0
garowe,2025121917,8.4,48.48,0.0,25.92,7.59,9.22,60.59,0.0
garowe,2025121918,8.4,48.48,0.0,24.22,7.71,9.29,71.58,0.0
garowe,2025121919,8.4,48.48,0.0,23.29,7.07,8.5,76.6,0.0
garowe,2025121920,8.4,48.48,0.0,22.89,6.26,7.57,77.86,0.0
garowe,2025121921,8.4,48.48,0.0,22.57,5.64,6.89,78.85,0.0
garowe,2025121922,8.4,48.48,0.0,22.2,5.22,6.46,80.15,0.0
garowe,2025121923,8.4,48.48,0.0,21.86,4.89,6.16,81.42,0.0
garowe,2025122000,8.4,48.48,0.0,21.54,4.51,5.81,82.64,0.0
garowe,2025122001,8.4,48.48,0.0,21.24,4.09,5.44,84.03,0.0
garowe,2025122002,8.4,48.48,0.0,20.95,3.7,5.2,85.52,0.0
garowe,2025122003,8.4,48.48,59.88,21.32,4.58,5.89,83.64,0.0
garowe,2025122004,8.4,48.48,191.15,23.17,6.71,7.95,73.33,0.0
garowe,2025122005,8.4,48.48,300.75,25.6,7.19,8.23,61.0,0.0
garowe,2025122006,8.4,48.48,362.65,27.93,6.94,7.81,51.38,0.0
garowe,2025122007,8.4,48.48,502.17,30.02,6.59,7.36,44.07,0.0
garowe,2025122008,8.4,48.48,609.7,31.69,6.26,6.95,38.82,0.0
garowe,2025122009,8.4,48.48,520.33,32.7,5.93,6.53,35.83,0.0
garowe,2025122010,8.4,48.48,537.7,33.04,5.74,6.29,34.69,0.0
garowe,2025122011,8.4,48.48,399.25,32.81,5.82,6.39,35.01,0.0
garowe,2025122012,8.4,48.48,229.35,31.92,6.16,6.83,37.13,0.0
garowe,2025122013,8.4,48.48,102.53,30.49,6.64,7.59,41.21,0.0
garowe,2025122014,8.4,48.48,7.62,28.71,7.01,8.71,47.38,0.0
garowe,2025122015,8.4,48.48,0.0,27.18,8.0,9.93,54.28,0.0
garowe,2025122016,8.4,48.48,0.0,25.67,8.55,10.51,61.59,0.0
garowe,2025122017,8.4,48.48,0.0,24.32,8.6,10.58,67.35,0.0
garowe,2025122018,8.4,48.48,0.0,23.35,8.33,10.27,70.99,0.0
garowe,2025122019,8.4,48.48,0.0,22.64,7.87,9.76,73.77,0.0
garowe,2025122020,8.4,48.48,0.0,22.1,7.34,9.16,76.39,0.0
garowe,2025122021,8.4,48.48,0.0,21.7,6.82,8.56,78.82,0.0
garowe,2025122022,8.4,48.48,0.0,21.45,6.37,8.16,80.54,0.0
garowe,2025122023,8.4,48.48,0.0,21.32,6.2,8.01,81.48,0.0
garowe,2025122100,8.4,48.48,0.0,21.13,5.67,7.35,83.19,0.0
garowe,2025122101,8.4,48.48,0.0,20.96,5.42,7.16,84.98,0.0
garowe,2025122102,8.4,48.48,0.0,20.8,5.53,7.39,86.3,0.0
garowe,2025122103,8.4,48.48,47.25,21.07,6.69,8.52,83.9,0.0
garowe,2025122104,8.4,48.48,160.5,22.55,8.68,10.35,72.32,0.0
garowe,2025122105,8.4,48.48,285.17,24.62,8.97,10.39,59.45,0.0
garowe,2025122106,8.4,48.48,394.6,26.88,8.89,10.16,48.25,0.0
garowe,2025122107,8.4,48.48,519.72,29.03,8.72,9.9,40.11,0.0
garowe,2025122108,8.4,48.48,702.12,30.8,8.43,9.52,34.66,0.0
garowe,2025122109,8.4,48.48,823.1,31.99,8.09,9.09,31.17,0.0
garowe,2025122110,8.4,48.48,698.33,32.57,7.88,8.82,29.27,0.0
garowe,2025122111,8.4,48.48,574.1,32.52,7.86,8.82,28.63,0.0
garowe,2025122112,8.4,48.48,358.27,31.81,7.99,9.07,29.31,0.0
garowe,2025122113,8.4,48.48,144.9,30.36,8.11,9.55,31.99,0.0
garowe,2025122114,8.4,48.48,9.95,28.11,7.37,9.78,37.52,0.0
garowe,2025122115,8.4,48.48,0.0,26.22,7.26,9.64,43.78,0.0
garowe,2025122116,8.4,48.48,0.0,24.69,7.36,9.55,50.24,0.0
garowe,2025122117,8.4,48.48,0.0,23.29,7.61,9.8,57.14,0.0
garowe,2025122118,8.4,48.48,0.0,22.06,7.62,9.69,64.05,0.0
garowe,2025122119,8.4,48.48,0.0,21.12,7.21,9.2,70.08,0.0
garowe,2025122120,8.4,48.48,0.0,20.38,6.79,8.75,75.24,0.0
garowe,2025122121,8.4,48.48,0.0,19.79,6.39,8.35,79.0,0.0
garowe,2025122122,8.4,48.48,0.0,19.26,5.97,7.95,81.7,0.0
garowe,2025122123,8.4,48.48,0.0,18.81,5.66,7.76,83.32,0.0
garowe,2025122200,8.4,48.48,0.0,18.42,5.45,7.7,84.26,0.0
garowe,2025122201,8.4,48.48,0.0,18.04,5.31,7.69,85.09,0.0
garowe,2025122202,8.4,48.48,0.0,17.69,5.3,7.78,85.97,0.0
garowe,2025122203,8.4,48.48,66.75,18.1,6.0,7.79,83.17,0.0
garowe,2025122204,8.4,48.48,279.23,20.36,8.09,9.77,70.89,0.0
garowe,2025122205,8.4,48.48,503.2,23.07,8.62,9.97,57.05,0.0
garowe,2025122206,8.4,48.48,691.08,25.78,8.33,9.46,45.1,0.0
garowe,2025122207,8.4,48.48,818.97,28.22,7.91,8.9,36.15,0.0
garowe,2025122208,8.4,48.48,876.62,30.16,7.43,8.29,30.01,0.0
garowe,2025122209,8.4,48.48,854.65,31.47,7.02,7.8,26.34,0.0
garowe,2025122210,8.4,48.48,752.97,32.15,6.74,7.48,24.4,0.0
garowe,2025122211,8.4,48.48,584.67,32.25,6.56,7.3,23.65,0.0
garowe,2025122212,8.4,48.48,366.85,31.72,6.5,7.3,24.14,0.0
garowe,2025122213,8.4,48.48,147.98,30.46,6.4,7.56,26.23,0.0
garowe,2025122214,8.4,48.48,10.32,27.57,4.89,8.28,32.17,0.0
garowe,2025122215,8.4,48.48,0.0,26.0,5.86,9.28,37.8,0.0
garowe,2025122216,8.4,48.48,0.0,24.71,6.55,9.26,44.57,0.0
garowe,2025122217,8.4,48.48,0.0,23.22,6.52,8.88,52.89,0.0
garowe,2025122218,8.4,48.48,0.0,21.87,6.61,8.92,60.84,0.0
garowe,2025122219,8.4,48.48,0.0,20.7,6.99,9.21,67.42,0.0
garowe,2025122220,8.4,48.48,0.0,19.76,6.59,8.71,72.64,0.0
garowe,2025122221,8.4,48.48,0.0,19.04,6.12,8.19,76.91,0.0
garowe,2025122222,8.4,48.48,0.0,18.45,5.76,7.86,80.48,0.0
garowe,2025122223,8.4,48.48,0.0,17.97,5.46,7.61,83.15,0.0
garowe,2025122300,8.4,48.48,0.0,17.54,5.23,7.42,85.07,0.0
garowe,2025122301,8.4,48.48,0.0,17.08,4.85,7.08,86.68,0.0
garowe,2025122302,8.4,48.48,0.0,16.66,4.67,6.97,87.87,0.0
garowe,2025122303,8.4,48.48,55.28,17.01,5.35,6.84,84.43,0.0
garowe,2025122304,8.4,48.48,234.43,19.5,7.16,8.65,70.64,0.0
garowe,2025122305,8.4,48.48,461.48,22.85,8.02,9.26,56.15,0.0
garowe,2025122306,8.4,48.48,673.12,25.83,7.66,8.67,45.22,0.0
garowe,2025122307,8.4,48.48,826.65,28.35,7.09,7.93,37.0,0.0
garowe,2025122308,8.4,48.48,901.7,30.23,6.53,7.25,31.39,0.0
garowe,2025122309,8.4,48.48,885.7,31.46,6.06,6.7,28.04,0.0
garowe,2025122310,8.4,48.48,751.33,32.12,5.75,6.37,26.26,0.0
garowe,2025122311,8.4,48.48,640.78,32.27,5.69,6.33,25.46,0.0
garowe,2025122312,8.4,48.48,417.45,31.79,5.85,6.61,25.96,0.0
garowe,2025122313,8.4,48.48,179.38,30.67,5.92,7.06,27.92,0.0
garowe,2025122314,8.4,48.48,12.4,27.76,4.27,7.56,34.1,0.0
garowe,2025122315,8.4,48.48,0.0,26.21,4.79,8.59,39.91,0.0
garowe,2025122316,8.4,48.48,0.0,25.37,5.87,9.16,46.02,0.0
garowe,2025122317,8.4,48.48,0.0,24.11,6.3,8.95,54.9,0.0
garowe,2025122318,8.4,48.48,0.0,22.79,6.6,8.85,65.04,0.0
garowe,2025122319,8.4,48.48,0.0,21.63,6.83,9.08,74.19,0.0
garowe,2025122320,8.4,48.48,0.0,20.79,6.45,8.48,80.44,0.0
garowe,2025122321,8.4,48.48,0.0,20.4,6.05,7.96,83.88,0.0
garowe,2025122322,8.4,48.48,0.0,20.22,6.22,8.33,85.04,0.0
garowe,2025122323,8.4,48.48,0.0,20.13,6.43,8.55,84.48,0.0
garowe,2025122400,8.4,48.48,0.0,19.94,6.3,8.5,84.54,0.0
garowe,2025122401,8.4,48.48,0.0,19.71,6.17,8.45,84.88,0.0
garowe,2025122402,8.4,48.48,0.0,19.46,6.02,8.36,85.46,0.0
garowe,2025122403,8.4,48.48,64.07,19.74,6.48,8.33,83.19,0.0
garowe,2025122404,8.4,48.48,274.6,21.51,7.75,9.19,72.46,0.0
garowe,2025122405,8.4,48.48,506.55,23.96,7.91,9.07,59.35,0.0
garowe,2025122406,8.4,48.48,707.22,26.41,7.51,8.45,48.15,0.0
garowe,2025122407,8.4,48.48,837.67,28.49,6.91,7.69,39.74,0.0
garowe,2025122408,8.4,48.48,893.62,30.13,6.28,6.94,33.41,0.0
garowe,2025122409,8.4,48.48,822.97,31.33,5.69,6.26,28.91,0.0
garowe,2025122410,8.4,48.48,763.72,32.01,5.28,5.8,26.09,0.0
garowe,2025122411,8.4,48.48,627.17,32.16,5.07,5.59,24.66,0.0
garowe,2025122412,8.4,48.48,413.23,31.73,4.99,5.54,24.55,0.0
garowe,2025122413,8.4,48.48,179.48,30.62,4.87,5.68,25.89,0.0
garowe,2025122414,8.4,48.48,12.55,27.32,3.44,6.4,31.93,0.0
garowe,2025122415,8.4,48.48,0.0,25.73,4.2,7.9,37.12,0.0
garowe,2025122416,8.4,48.48,0.0,24.92,5.59,8.9,43.09,0.0
garowe,2025122417,8.4,48.48,0.0,23.65,6.25,8.73,52.4,0.0
garowe,2025122418,8.4,48.48,0.0,22.26,6.06,8.17,63.08,0.0
garowe,2025122419,8.4,48.48,0.0,21.15,6.38,8.48,71.51,0.0
garowe,2025122420,8.4,48.48,0.0,20.34,6.04,7.99,75.99,0.0
garowe,2025122421,8.4,48.48,0.0,19.7,5.42,7.38,78.31,0.0
garowe,2025122422,8.4,48.48,0.0,19.11,4.75,6.75,79.76,0.0
garowe,2025122423,8.4,48.48,0.0,18.48,3.86,5.87,81.66,0.0
garowe,2025122500,8.4,48.48,0.0,17.86,3.11,5.35,83.82,0.0
garowe,2025122501,8.4,48.48,0.0,17.32,2.86,5.27,85.38,0.0
garowe,2025122502,8.4,48.48,0.0,16.81,2.81,5.3,86.96,0.0
garowe,2025122503,8.4,48.48,73.15,17.36,3.92,5.25,83.36,0.0
garowe,2025122504,8.4,48.48,306.85,19.95,5.88,6.99,68.85,0.0
garowe,2025122505,8.4,48.48,547.58,22.86,6.29,7.11,53.8,0.0
garowe,2025122506,8.4,48.48,748.78,25.78,6.01,6.71,40.47,0.0
garowe,2025122507,8.4,48.48,883.78,28.51,5.59,6.2,29.13,0.0
garowe,2025122508,8.4,48.48,937.22,30.54,5.15,5.68,21.77,0.0
garowe,2025122509,8.4,48.48,887.08,31.87,4.77,5.27,17.67,0.0
garowe,2025122510,8.4,48.48,833.03,32.63,4.54,5.02,15.3,0.0
garowe,2025122511,8.4,48.48,669.78,32.81,4.5,4.95,14.22,0.0
garowe,2025122512,8.4,48.48,450.7,32.36,4.61,5.11,14.08,0.0
garowe,2025122513,8.4,48.48,202.5,31.03,4.45,5.56,15.18,0.0
garowe,2025122514,8.4,48.48,15.05,26.54,3.48,6.99,21.07,0.0
garowe,2025122515,8.4,48.48,0.0,25.01,4.65,9.04,25.2,0.0
garowe,2025122516,8.4,48.48,0.0,24.19,6.18,9.83,31.4,0.0
garowe,2025122517,8.4,48.48,0.0,22.76,6.62,9.53,42.23,0.0
garowe,2025122518,8.4,48.48,0.0,21.4,6.17,8.68,54.5,0.0
garowe,2025122519,8.4,48.48,0.0,20.26,5.62,7.91,64.79,0.0
garowe,2025122520,8.4,48.48,0.0,19.3,5.22,7.4,71.94,0.0
garowe,2025122521,8.4,48.48,0.0,18.47,4.72,6.88,76.66,0.0
garowe,2025122522,8.4,48.48,0.0,17.73,4.17,6.42,79.9,0.0
garowe,2025122523,8.4,48.48,0.0,17.05,3.74,6.13,82.38,0.0
garowe,2025122600,8.4,48.48,0.0,16.43,3.51,6.03,84.24,0.0
garowe,2025122601,8.4,48.48,0.0,15.82,3.37,6.0,86.01,0.0
garowe,2025122602,8.4,48.48,0.0,15.21,3.27,5.97,87.73,0.0
garowe,2025122603,8.4,48.48,75.38,15.65,4.28,5.71,84.24,0.0
garowe,2025122604,8.4,48.48,314.1,18.34,5.78,6.87,67.76,0.0
garowe,2025122605,8.4,48.48,555.1,21.72,6.27,7.11,48.11,0.0
garowe,2025122606,8.4,48.48,757.08,24.86,5.96,6.64,33.81,0.0
garowe,2025122607,8.4,48.48,889.42,27.74,5.43,5.97,23.71,0.0
garowe,2025122608,8.4,48.48,948.38,30.04,4.77,5.2,16.83,0.0
garowe,2025122609,8.4,48.48,928.53,31.53,4.17,4.53,13.16,0.0
garowe,2025122610,8.4,48.48,829.72,32.28,3.76,4.07,11.37,0.0
garowe,2025122611,8.4,48.48,663.95,32.44,3.57,3.85,10.55,0.0
garowe,2025122612,8.4,48.48,444.8,31.97,3.68,3.98,10.51,0.0
garowe,2025122613,8.4,48.48,203.38,30.48,3.54,4.61,11.79,0.0
garowe,2025122614,8.4,48.48,15.95,25.56,3.41,6.57,18.23,0.0
garowe,2025122615,8.4,48.48,0.0,23.97,4.53,8.82,25.02,0.0
garowe,2025122616,8.4,48.48,0.0,23.12,5.86,9.71,37.01,0.0
garowe,2025122617,8.4,48.48,0.0,21.79,6.55,9.47,53.55,0.0
garowe,2025122618,8.4,48.48,0.0,20.55,6.08,8.59,68.91,0.0
garowe,2025122619,8.4,48.48,0.0,19.65,5.2,7.56,78.88,0.0
garowe,2025122620,8.4,48.48,0.0,18.94,4.56,6.96,84.85,0.0
garowe,2025122621,8.4,48.48,0.0,18.29,4.15,6.6,89.2,0.0
garowe,2025122622,8.4,48.48,0.0,17.68,3.83,6.26,92.73,0.0
garowe,2025122623,8.4,48.48,0.0,17.31,3.71,5.88,94.44,0.0
garowe,2025122700,8.4,48.48,0.0,17.01,3.68,5.73,95.64,0.0
garowe,2025122701,8.4,48.48,0.0,16.76,3.57,5.66,96.74,0.0
garowe,2025122702,8.4,48.48,0.0,16.72,3.57,5.88,96.72,0.0
garowe,2025122703,8.4,48.48,66.82,17.64,4.69,6.22,91.38,0.0
garowe,2025122704,8.4,48.48,288.0,19.85,5.88,6.8,78.01,0.0
garowe,2025122705,8.4,48.48,520.4,22.4,5.61,6.24,62.91,0.0
garowe,2025122706,8.4,48.48,714.55,25.14,5.1,5.59,49.57,0.0
garowe,2025122707,8.4,48.48,848.88,27.72,4.53,4.91,38.91,0.0
garowe,2025122708,8.4,48.48,905.12,29.98,3.83,4.12,30.31,0.0
garowe,2025122709,8.4,48.48,888.28,31.61,3.13,3.39,24.52,0.0
garowe,2025122710,8.4,48.48,792.28,32.5,2.6,2.84,21.39,0.0
garowe,2025122711,8.4,48.48,613.83,32.76,2.24,2.47,19.91,0.0
garowe,2025122712,8.4,48.48,393.33,32.46,2.0,2.22,19.46,0.0
garowe,2025122713,8.4,48.48,169.9,31.43,1.77,2.09,20.27,0.0
garowe,2025122714,8.4,48.48,13.15,27.92,1.88,3.12,25.59,0.0
garowe,2025122715,8.4,48.48,0.0,25.55,3.39,5.73,31.56,0.0
garowe,2025122716,8.4,48.48,0.0,24.2,4.68,8.09,41.88,0.0
garowe,2025122717,8.4,48.48,0.0,22.82,6.45,9.15,59.19,0.0
garowe,2025122718,8.4,48.48,0.0,21.09,6.89,8.87,78.71,0.0
garowe,2025122719,8.4,48.48,0.0,20.33,6.23,7.97,88.01,0.0
garowe,2025122720,8.4,48.48,0.0,20.13,5.33,6.9,89.8,0.0
garowe,2025122721,8.4,48.48,0.0,20.06,4.91,6.36,89.96,0.0
garowe,2025122722,8.4,48.48,0.0,19.94,4.68,6.12,89.23,0.0
garowe,2025122723,8.4,48.48,0.0,19.79,4.6,6.3,89.07,0.0
garowe,2025122800,8.4,48.48,0.0,19.69,4.73,6.54,88.83,0.0
garowe,2025122801,8.4,48.48,0.0,19.51,4.6,6.53,89.13,0.0
garowe,2025122802,8.4,48.48,0.0,19.32,4.46,6.6,89.5,0.0
garowe,2025122803,8.4,48.48,65.12,19.77,5.17,6.72,86.29,0.0
garowe,2025122804,8.4,48.48,291.1,21.53,6.06,6.96,74.88,0.0
garowe,2025122805,8.4,48.48,532.53,23.94,5.71,6.34,62.31,0.0
garowe,2025122806,8.4,48.48,724.08,26.59,5.25,5.74,51.02,0.0
garowe,2025122807,8.4,48.48,849.38,29.24,4.75,5.14,40.7,0.0
garowe,2025122808,8.4,48.48,902.9,31.54,4.15,4.47,32.24,0.0
garowe,2025122809,8.4,48.48,880.05,33.0,3.59,3.87,27.19,0.0
garowe,2025122810,8.4,48.48,779.25,33.77,3.15,3.39,24.02,0.0
garowe,2025122811,8.4,48.48,621.62,33.95,3.08,3.28,22.28,0.0
garowe,2025122812,8.4,48.48,411.85,33.54,3.36,3.58,21.77,0.0
garowe,2025122813,8.4,48.48,184.82,32.36,3.78,4.41,22.96,0.0
garowe,2025122814,8.4,48.48,15.07,28.51,3.78,6.72,30.23,0.0
garowe,2025122815,8.4,48.48,0.0,26.74,5.9,9.29,39.04,0.0
garowe,2025122816,8.4,48.48,0.0,24.87,7.62,9.94,53.06,0.0
garowe,2025122817,8.4,48.48,0.0,22.92,7.6,9.48,68.83,0.0
garowe,2025122818,8.4,48.48,0.0,21.76,6.43,8.07,78.66,0.0
garowe,2025122819,8.4,48.48,0.0,21.06,5.36,6.96,83.92,0.0
garowe,2025122820,8.4,48.48,0.0,20.73,4.87,6.46,86.62,0.0
garowe,2025122821,8.4,48.48,0.0,20.51,4.44,5.8,88.01,0.0
garowe,2025122822,8.4,48.48,0.0,20.27,3.58,4.81,89.48,0.0
garowe,2025122823,8.4,48.48,0.0,20.15,3.06,4.47,89.17,0.0
garowe,2025122900,8.4,48.48,0.0,19.9,2.41,4.16,89.47,0.0
garowe,2025122901,8.4,48.48,0.0,19.59,2.02,3.92,90.26,0.0
garowe,2025122902,8.4,48.48,0.0,19.29,1.9,3.83,91.07,0.0
garowe,2025122903,8.4,48.48,62.72,20.01,2.79,3.81,86.27,0.0
garowe,2025122904,8.4,48.48,288.92,21.69,3.34,3.68,76.08,0.0
garowe,2025122905,8.4,48.48,524.33,23.82,3.13,3.38,64.99,0.0
garowe,2025122906,8.4,48.48,721.1,26.24,2.84,3.01,54.21,0.0
garowe,2025122907,8.4,48.48,856.8,28.69,2.31,2.37,43.78,0.0
garowe,2025122908,8.4,48.48,910.78,30.97,1.45,1.47,34.35,0.0
garowe,2025122909,8.4,48.48,882.95,32.46,0.67,0.69,28.82,0.0
garowe,2025122910,8.4,48.48,785.17,33.25,0.2,0.16,25.73,0.0
garowe,2025122911,8.4,48.48,621.42,33.43,0.38,0.24,24.19,0.0
garowe,2025122912,8.4,48.48,409.17,33.08,0.7,0.6,23.67,0.0
garowe,2025122913,8.4,48.48,182.45,32.16,1.19,1.21,24.24,0.0
garowe,2025122914,8.4,48.48,15.12,28.98,1.71,2.94,29.32,0.0
garowe,2025122915,8.4,48.48,0.0,26.99,3.11,5.46,34.06,0.0
garowe,2025122916,8.4,48.48,0.0,25.82,4.23,7.26,40.65,0.0
garowe,2025122917,8.4,48.48,0.0,24.36,5.28,7.92,51.7,0.0
garowe,2025122918,8.4,48.48,0.0,22.73,5.72,7.58,65.49,0.0
garowe,2025122919,8.4,48.48,0.0,21.39,5.24,6.74,77.53,0.0
garowe,2025122920,8.4,48.48,0.0,20.59,4.68,6.22,85.04,0.0
garowe,2025122921,8.4,48.48,0.0,20.17,4.48,5.94,88.79,0.0
garowe,2025122922,8.4,48.48,0.0,19.9,4.21,5.6,90.39,0.0
garowe,2025122923,8.4,48.48,0.0,19.62,3.69,5.14,91.86,0.0
garowe,2025123000,8.4,48.48,0.0,19.45,3.35,4.85,92.47,0.0
garowe,2025123001,8.4,48.48,0.0,19.26,2.88,4.45,93.29,0.0
garowe,2025123002,8.4,48.48,0.0,19.09,2.38,4.03,93.8,0.0
garowe,2025123003,8.4,48.48,56.42,19.64,2.74,3.44,89.92,0.0
garowe,2025123004,8.4,48.48,263.73,21.55,2.54,2.8,76.4,0.0
garowe,2025123005,8.4,48.48,494.12,24.04,1.91,2.05,62.0,0.0
garowe,2025123006,8.4,48.48,694.53,26.39,1.22,1.3,51.76,0.0
garowe,2025123007,8.4,48.48,831.78,29.27,1.21,1.44,40.21,0.0
garowe,2025123008,8.4,48.48,906.65,31.99,1.7,1.98,30.48,0.0
garowe,2025123009,8.4,48.48,895.3,33.29,1.84,2.1,26.54,0.0
garowe,2025123010,8.4,48.48,795.47,33.92,1.82,2.06,24.22,0.0
garowe,2025123011,8.4,48.48,629.5,34.02,1.57,1.8,22.9,0.0
garowe,2025123012,8.4,48.48,407.83,33.63,1.09,1.3,22.46,0.0
garowe,2025123013,8.4,48.48,178.88,32.71,0.46,0.57,23.01,0.0
garowe,2025123014,8.4,48.48,15.12,29.9,0.77,1.21,27.47,0.0
garowe,2025123015,8.4,48.48,0.0,27.87,2.11,3.55,31.29,0.0
garowe,2025123016,8.4,48.48,0.0,26.29,3.64,6.07,38.05,0.0
garowe,2025123017,8.4,48.48,0.0,25.0,4.96,7.96,49.98,0.0
garowe,2025123018,8.4,48.48,0.0,23.48,6.21,8.2,67.12,0.0
garowe,2025123019,8.4,48.48,0.0,22.26,5.93,7.42,81.2,0.0
garowe,2025123020,8.4,48.48,0.0,21.93,4.9,6.11,85.49,0.0
garowe,2025123021,8.4,48.48,0.0,21.75,3.96,5.17,86.51,0.0
garowe,2025123022,8.4,48.48,0.0,21.5,3.37,4.71,87.63,0.0
garowe,2025123023,8.4,48.48,0.0,21.22,3.06,4.47,88.97,0.0
garowe,2025123100,8.4,48.48,0.0,20.92,2.87,4.4,90.48,0.0
garowe,2025123101,8.4,48.48,0.0,20.62,2.76,4.42,91.84,0.0
garowe,2025123102,8.4,48.48,0.0,20.3,2.61,4.39,93.4,0.0
garowe,2025123103,8.4,48.48,50.67,20.9,3.4,4.51,89.2,0.0
garowe,2025123104,8.4,48.48,196.73,22.97,4.63,5.29,75.15,0.0
garowe,2025123105,8.4,48.48,320.58,25.33,4.82,5.35,61.76,0.0
garowe,2025123106,8.4,48.48,450.9,27.86,4.83,5.33,49.39,0.0
garowe,2025123107,8.4,48.48,610.88,30.21,4.75,5.22,39.37,0.0
garowe,2025123108,8.4,48.48,626.78,31.89,4.53,4.96,33.13,0.0
garowe,2025123109,8.4,48.48,708.95,32.93,4.27,4.7,29.48,0.0
garowe,2025123110,8.4,48.48,610.08,33.31,4.15,4.57,27.64,0.0
garowe,2025123111,8.4,48.48,515.1,33.08,4.21,4.64,27.11,0.0
garowe,2025123112,8.4,48.48,326.75,32.42,4.52,5.03,27.6,0.0
garowe,2025123113,8.4,48.48,147.15,31.5,4.89,5.65,28.56,0.0
garowe,2025123114,8.4,48.48,13.85,29.7,4.19,6.69,31.09,0.0
garowe,2025123115,8.4,48.48,0.0,28.11,5.42,8.44,34.03,0.0
garowe,2025123116,8.4,48.48,0.0,26.45,6.97,9.65,39.53,0.0
garowe,2025123117,8.4,48.48,0.0,24.52,7.02,9.14,49.61,0.0
garowe,2025123118,8.4,48.48,0.0,22.96,6.67,8.72,61.78,0.0
garowe,2025123119,8.4,48.48,0.0,21.95,6.13,7.89,71.32,0.0
garowe,2025123120,8.4,48.48,0.0,21.28,5.45,7.16,77.28,0.0
garowe,2025123121,8.4,48.48,0.0,20.86,5.35,6.98,80.38,0.0
garowe,2025123122,8.4,48.48,0.0,20.39,4.83,6.37,83.22,0.0
garowe,2025123123,8.4,48.48,0.0,20.12,4.38,5.94,84.81,0.0
