site_id,time_utc,latitude,longitude,ALLSKY_SFC_SW_DWN,T2M,WS10M,WS50M,RH2M,PRECTOTCORR
beledweyne,2025010100,4.74,45.2,0.0,21.02,3.56,5.89,74.0,0.0
beledweyne,2025010101,4.74,45.2,0.0,20.75,3.1,5.39,78.46,0.0
beledweyne,2025010102,4.74,45.2,0.0,20.21,2.82,5.38,83.53,0.0
beledweyne,2025010103,4.74,45.2,36.47,20.45,3.7,5.65,84.44,0.0
beledweyne,2025010104,4.74,45.2,220.45,22.64,7.09,8.95,75.71,0.0
beledweyne,2025010105,4.74,45.2,460.2,25.2,8.02,9.55,63.0,0.0
beledweyne,2025010106,4.74,45.2,680.05,27.72,7.74,9.01,51.69,0.0
beledweyne,2025010107,4.74,45.2,833.67,30.03,7.31,8.43,42.7,0.0
beledweyne,2025010108,4.74,45.2,929.53,32.01,6.89,7.92,36.01,0.0
beledweyne,2025010109,4.74,45.2,941.6,33.49,6.48,7.43,31.44,0.0
beledweyne,2025010110,4.74,45.2,863.22,34.44,6.11,7.02,28.1,0.0
beledweyne,2025010111,4.74,45.2,715.0,34.8,5.79,6.69,25.96,0.0
beledweyne,2025010112,4.74,45.2,509.75,34.58,5.54,6.46,24.88,0.0
beledweyne,2025010113,4.74,45.2,271.05,33.64,5.22,6.31,25.3,0.0
beledweyne,2025010114,4.74,45.2,52.28,30.34,3.18,6.05,34.78,0.0
beledweyne,2025010115,4.74,45.2,0.0,27.33,3.17,6.45,42.45,0.0
beledweyne,2025010116,4.74,45.2,0.0,26.51,3.36,7.19,43.38,0.0
beledweyne,2025010117,4.74,45.2,0.0,25.78,3.61,7.89,44.33,0.0
beledweyne,2025010118,4.74,45.2,0.0,25.08,3.9,8.33,45.5,0.0
beledweyne,2025010119,4.74,45.2,0.0,24.29,4.3,8.51,47.54,0.0
beledweyne,2025010120,4.74,45.2,0.0,23.5,4.89,8.68,51.14,0.0
beledweyne,2025010121,4.74,45.2,0.0,22.62,5.04,8.32,57.61,0.0
beledweyne,2025010122,4.74,45.2,0.0,21.71,4.55,7.52,66.61,0.0
beledweyne,2025010123,4.74,45.2,0.0,20.83,3.75,6.58,75.86,0.0
beledweyne,2025010200,4.74,45.2,0.0,20.14,3.24,5.99,83.34,0.0
beledweyne,2025010201,4.74,45.2,0.0,19.72,3.05,5.63,87.96,0.0
beledweyne,2025010202,4.74,45.2,0.0,19.77,3.52,5.94,89.3,0.0
beledweyne,2025010203,4.74,45.2,38.72,20.36,4.76,6.53,87.72,0.0
beledweyne,2025010204,4.74,45.2,209.62,22.44,6.64,8.27,77.58,0.0
beledweyne,2025010205,4.74,45.2,398.15,25.11,7.45,8.88,63.26,0.0
beledweyne,2025010206,4.74,45.2,660.55,27.8,7.43,8.71,50.71,0.0
beledweyne,2025010207,4.74,45.2,834.95,30.26,7.3,8.49,41.12,0.0
beledweyne,2025010208,4.74,45.2,923.55,32.33,7.16,8.3,34.04,0.0
beledweyne,2025010209,4.74,45.2,938.55,33.92,7.01,8.11,29.04,0.0
beledweyne,2025010210,4.74,45.2,864.8,34.9,6.82,7.89,25.61,0.0
beledweyne,2025010211,4.74,45.2,720.53,35.26,6.63,7.7,23.58,0.0
beledweyne,2025010212,4.74,45.2,516.08,35.04,6.48,7.6,22.68,0.0
beledweyne,2025010213,4.74,45.2,277.3,34.08,6.18,7.55,23.2,0.0
beledweyne,2025010214,4.74,45.2,55.15,30.69,3.87,7.34,31.1,0.0
beledweyne,2025010215,4.74,45.2,0.0,27.51,3.6,7.85,38.46,0.0
beledweyne,2025010216,4.74,45.2,0.0,26.67,3.87,8.46,39.38,0.0
beledweyne,2025010217,4.74,45.2,0.0,25.9,4.2,8.89,40.64,0.0
beledweyne,2025010218,4.74,45.2,0.0,25.18,4.67,9.22,43.01,0.0
beledweyne,2025010219,4.74,45.2,0.0,24.68,5.43,9.51,47.42,0.0
beledweyne,2025010220,4.74,45.2,0.0,24.13,5.46,8.95,55.63,0.0
beledweyne,2025010221,4.74,45.2,0.0,23.29,4.55,7.57,66.32,0.0
beledweyne,2025010222,4.74,45.2,0.0,22.46,4.0,6.85,75.99,0.0
beledweyne,2025010223,4.74,45.2,0.0,21.72,3.8,6.6,83.49,0.0
beledweyne,2025010300,4.74,45.2,0.0,21.29,4.02,6.51,88.03,0.0
beledweyne,2025010301,4.74,45.2,0.0,21.24,4.26,6.55,89.78,0.0
beledweyne,2025010302,4.74,45.2,0.0,21.36,4.98,7.16,90.1,0.0
beledweyne,2025010303,4.74,45.2,39.9,21.8,5.68,7.62,87.3,0.0
beledweyne,2025010304,4.74,45.2,248.3,23.56,7.77,9.74,74.19,0.0
beledweyne,2025010305,4.74,45.2,490.2,25.74,8.66,10.36,60.18,0.0
beledweyne,2025010306,4.74,45.2,697.47,28.04,8.75,10.3,48.86,0.0
beledweyne,2025010307,4.74,45.2,849.15,30.18,8.71,10.19,39.79,0.0
beledweyne,2025010308,4.74,45.2,930.65,32.02,8.62,10.05,32.84,0.0
beledweyne,2025010309,4.74,45.2,938.9,33.51,8.37,9.75,27.4,0.0
beledweyne,2025010310,4.74,45.2,865.58,34.51,8.0,9.33,23.18,0.0
beledweyne,2025010311,4.74,45.2,720.1,34.89,7.66,8.97,20.06,0.0
beledweyne,2025010312,4.74,45.2,515.58,34.63,7.33,8.69,18.06,0.0
beledweyne,2025010313,4.74,45.2,273.27,33.6,6.71,8.31,17.72,0.0
beledweyne,2025010314,4.74,45.2,53.3,29.87,4.04,7.77,25.19,0.0
beledweyne,2025010315,4.74,45.2,0.0,26.5,3.72,8.05,32.61,0.0
beledweyne,2025010316,4.74,45.2,0.0,25.63,3.88,8.42,34.55,0.0
beledweyne,2025010317,4.74,45.2,0.0,24.93,4.07,8.68,37.54,0.0
beledweyne,2025010318,4.74,45.2,0.0,24.41,4.4,8.98,41.18,0.0
beledweyne,2025010319,4.74,45.2,0.0,24.13,5.09,9.3,45.25,0.0
beledweyne,2025010320,4.74,45.2,0.0,23.81,5.72,9.19,50.88,0.0
beledweyne,2025010321,4.74,45.2,0.0,22.97,5.03,8.04,58.95,0.0
beledweyne,2025010322,4.74,45.2,0.0,22.2,4.54,7.28,66.87,0.0
beledweyne,2025010323,4.74,45.2,0.0,21.46,4.11,6.71,73.8,0.0
beledweyne,2025010400,4.74,45.2,0.0,20.88,3.81,6.36,78.9,0.0
beledweyne,2025010401,4.74,45.2,0.0,20.47,3.8,6.27,82.34,0.0
beledweyne,2025010402,4.74,45.2,0.0,20.28,4.43,6.97,84.16,0.0
beledweyne,2025010403,4.74,45.2,32.7,20.67,5.69,7.77,82.36,0.0
beledweyne,2025010404,4.74,45.2,213.27,22.52,8.11,10.25,71.37,0.0
beledweyne,2025010405,4.74,45.2,446.52,24.79,9.04,10.89,58.14,0.0
beledweyne,2025010406,4.74,45.2,661.3,27.14,8.96,10.56,47.18,0.0
beledweyne,2025010407,4.74,45.2,822.1,29.26,8.71,10.14,39.06,0.0
beledweyne,2025010408,4.74,45.2,911.25,31.05,8.43,9.76,32.96,0.0
beledweyne,2025010409,4.74,45.2,938.85,32.41,8.11,9.35,28.36,0.0
beledweyne,2025010410,4.74,45.2,866.85,33.27,7.77,8.97,24.98,0.0
beledweyne,2025010411,4.74,45.2,720.22,33.54,7.45,8.65,22.93,0.0
beledweyne,2025010412,4.74,45.2,514.12,33.33,7.15,8.41,21.82,0.0
beledweyne,2025010413,4.74,45.2,271.9,32.35,6.71,8.16,22.07,0.0
beledweyne,2025010414,4.74,45.2,54.2,29.12,4.26,7.77,28.56,0.0
beledweyne,2025010415,4.74,45.2,0.0,25.85,3.74,8.17,35.59,0.0
beledweyne,2025010416,4.74,45.2,0.0,24.97,4.02,8.71,35.96,0.0
beledweyne,2025010417,4.74,45.2,0.0,24.15,4.3,9.07,36.61,0.0
beledweyne,2025010418,4.74,45.2,0.0,23.36,4.62,9.26,38.19,0.0
beledweyne,2025010419,4.74,45.2,0.0,22.74,5.25,9.57,40.95,0.0
beledweyne,2025010420,4.74,45.2,0.0,22.27,5.94,9.76,45.85,0.0
beledweyne,2025010421,4.74,45.2,0.0,21.52,5.53,8.82,53.76,0.0
beledweyne,2025010422,4.74,45.2,0.0,20.63,4.66,7.8,61.9,0.0
beledweyne,2025010423,4.74,45.2,0.0,19.82,4.07,7.19,68.38,0.0
beledweyne,2025010500,4.74,45.2,0.0,19.17,3.79,6.94,73.12,0.0
beledweyne,2025010501,4.74,45.2,0.0,18.66,3.68,6.83,76.84,0.0
beledweyne,2025010502,4.74,45.2,0.0,18.22,3.65,6.79,80.0,0.0
beledweyne,2025010503,4.74,45.2,35.67,18.64,4.37,6.52,78.4,0.0
beledweyne,2025010504,4.74,45.2,234.0,21.14,8.01,10.46,65.82,0.0
beledweyne,2025010505,4.74,45.2,481.25,23.74,9.47,11.44,51.86,0.0
beledweyne,2025010506,4.74,45.2,702.97,26.42,9.13,10.77,40.38,0.0
beledweyne,2025010507,4.74,45.2,864.03,28.89,8.65,10.09,32.06,0.0
beledweyne,2025010508,4.74,45.2,952.88,30.87,8.21,9.54,26.12,0.0
beledweyne,2025010509,4.74,45.2,972.15,32.37,7.8,9.03,21.74,0.0
beledweyne,2025010510,4.74,45.2,900.58,33.33,7.38,8.54,18.72,0.0
beledweyne,2025010511,4.74,45.2,751.33,33.69,7.0,8.12,16.72,0.0
beledweyne,2025010512,4.74,45.2,541.45,33.37,6.69,7.84,15.65,0.0
beledweyne,2025010513,4.74,45.2,291.23,32.26,6.21,7.64,15.59,0.0
beledweyne,2025010514,4.74,45.2,60.22,28.23,3.86,7.57,23.16,0.0
beledweyne,2025010515,4.74,45.2,0.0,24.78,3.86,8.33,28.6,0.0
beledweyne,2025010516,4.74,45.2,0.0,23.81,4.16,9.03,28.7,0.0
beledweyne,2025010517,4.74,45.2,0.0,22.94,4.51,9.48,29.77,0.0
beledweyne,2025010518,4.74,45.2,0.0,22.19,4.96,9.81,32.74,0.0
beledweyne,2025010519,4.74,45.2,0.0,21.75,5.63,10.06,38.5,0.0
beledweyne,2025010520,4.74,45.2,0.0,21.3,5.83,9.64,47.34,0.0
beledweyne,2025010521,4.74,45.2,0.0,20.48,4.98,8.45,57.43,0.0
beledweyne,2025010522,4.74,45.2,0.0,19.67,4.39,7.78,65.72,0.0
beledweyne,2025010523,4.74,45.2,0.0,18.93,4.02,7.38,71.93,0.0
beledweyne,2025010600,4.74,45.2,0.0,18.27,3.7,7.06,76.99,0.0
beledweyne,2025010601,4.74,45.2,0.0,17.68,3.46,6.78,81.48,0.0
beledweyne,2025010602,4.74,45.2,0.0,17.14,3.26,6.51,85.16,0.0
beledweyne,2025010603,4.74,45.2,38.2,17.66,3.82,5.98,82.63,0.0
beledweyne,2025010604,4.74,45.2,249.55,20.41,7.01,9.13,68.11,0.0
beledweyne,2025010605,4.74,45.2,496.48,23.28,8.65,10.43,53.59,0.0
beledweyne,2025010606,4.74,45.2,712.33,25.98,8.44,9.91,42.2,0.0
beledweyne,2025010607,4.74,45.2,868.6,28.39,7.99,9.28,34.07,0.0
beledweyne,2025010608,4.74,45.2,952.08,30.37,7.54,8.68,28.4,0.0
beledweyne,2025010609,4.74,45.2,969.38,31.86,7.05,8.08,24.44,0.0
beledweyne,2025010610,4.74,45.2,892.03,32.8,6.54,7.5,21.89,0.0
beledweyne,2025010611,4.74,45.2,742.3,33.15,6.06,6.95,20.65,0.0
beledweyne,2025010612,4.74,45.2,533.35,32.84,5.63,6.5,20.78,0.0
beledweyne,2025010613,4.74,45.2,289.15,31.79,5.14,6.14,22.39,0.0
beledweyne,2025010614,4.74,45.2,60.4,28.4,3.08,5.84,32.67,0.0
beledweyne,2025010615,4.74,45.2,0.0,25.67,3.08,6.09,40.59,0.0
beledweyne,2025010616,4.74,45.2,0.0,25.14,3.17,6.62,42.51,0.0
beledweyne,2025010617,4.74,45.2,0.0,24.71,3.32,7.16,44.7,0.0
beledweyne,2025010618,4.74,45.2,0.0,24.32,3.58,7.57,47.35,0.0
beledweyne,2025010619,4.74,45.2,0.0,23.91,4.01,7.91,51.04,0.0
beledweyne,2025010620,4.74,45.2,0.0,23.53,4.6,8.12,55.97,0.0
beledweyne,2025010621,4.74,45.2,0.0,23.0,4.68,7.78,62.55,0.0
beledweyne,2025010622,4.74,45.2,0.0,22.19,3.93,6.78,69.86,0.0
beledweyne,2025010623,4.74,45.2,0.0,21.25,3.06,5.92,76.45,0.0
beledweyne,2025010700,4.74,45.2,0.0,20.53,2.73,5.48,80.83,0.0
beledweyne,2025010701,4.74,45.2,0.0,19.84,2.55,5.19,84.54,0.0
beledweyne,2025010702,4.74,45.2,0.0,19.19,2.52,5.12,87.8,0.0
beledweyne,2025010703,4.74,45.2,32.72,19.59,3.23,5.02,85.22,0.0
beledweyne,2025010704,4.74,45.2,188.43,22.2,6.04,7.57,70.48,0.0
beledweyne,2025010705,4.74,45.2,370.7,25.06,6.78,7.87,55.98,0.0
beledweyne,2025010706,4.74,45.2,643.75,27.77,6.13,6.94,45.99,0.0
beledweyne,2025010707,4.74,45.2,860.22,30.09,5.4,6.02,38.5,0.0
beledweyne,2025010708,4.74,45.2,941.15,31.87,4.69,5.19,32.86,0.0
beledweyne,2025010709,4.74,45.2,945.4,33.15,4.01,4.42,28.72,0.0
beledweyne,2025010710,4.74,45.2,872.38,33.96,3.48,3.83,25.92,0.0
beledweyne,2025010711,4.74,45.2,728.72,34.24,3.12,3.44,24.26,0.0
beledweyne,2025010712,4.74,45.2,527.3,33.96,2.89,3.21,23.7,0.0
beledweyne,2025010713,4.74,45.2,290.05,33.08,2.71,3.07,24.23,0.0
beledweyne,2025010714,4.74,45.2,63.28,30.23,1.81,3.04,35.28,0.0
beledweyne,2025010715,4.74,45.2,0.0,27.82,2.14,3.45,38.04,0.0
beledweyne,2025010716,4.74,45.2,0.0,26.59,2.51,4.29,40.69,0.0
beledweyne,2025010717,4.74,45.2,0.0,25.64,2.83,5.22,42.45,0.0
beledweyne,2025010718,4.74,45.2,0.0,24.96,3.05,6.08,43.66,0.0
beledweyne,2025010719,4.74,45.2,0.0,24.35,3.22,6.75,44.76,0.0
beledweyne,2025010720,4.74,45.2,0.0,23.71,3.42,7.18,46.81,0.0
beledweyne,2025010721,4.74,45.2,0.0,23.01,3.64,7.22,50.7,0.0
beledweyne,2025010722,4.74,45.2,0.0,22.42,3.96,7.11,56.65,0.0
beledweyne,2025010723,4.74,45.2,0.0,21.88,4.05,6.78,64.7,0.0
beledweyne,2025010800,4.74,45.2,0.0,21.34,3.48,6.04,73.25,0.0
beledweyne,2025010801,4.74,45.2,0.0,20.88,2.96,5.46,80.61,0.0
beledweyne,2025010802,4.74,45.2,0.0,20.45,2.58,4.96,85.81,0.0
beledweyne,2025010803,4.74,45.2,31.7,20.79,3.2,4.81,85.11,0.0
beledweyne,2025010804,4.74,45.2,198.85,22.89,5.37,6.48,74.04,0.0
beledweyne,2025010805,4.74,45.2,402.9,25.56,5.7,6.53,60.6,0.0
beledweyne,2025010806,4.74,45.2,659.0,28.4,5.44,6.08,48.71,0.0
beledweyne,2025010807,4.74,45.2,843.95,30.94,5.02,5.53,38.97,0.0
beledweyne,2025010808,4.74,45.2,942.25,32.89,4.58,5.02,32.24,0.0
beledweyne,2025010809,4.74,45.2,938.38,34.2,4.24,4.65,28.08,0.0
beledweyne,2025010810,4.74,45.2,864.08,34.93,3.96,4.36,25.52,0.0
beledweyne,2025010811,4.74,45.2,719.3,35.11,3.75,4.17,24.17,0.0
beledweyne,2025010812,4.74,45.2,517.25,34.75,3.61,4.07,23.84,0.0
beledweyne,2025010813,4.74,45.2,281.77,33.86,3.47,4.0,24.55,0.0
beledweyne,2025010814,4.74,45.2,61.22,31.0,2.21,3.92,34.38,0.0
beledweyne,2025010815,4.74,45.2,0.0,28.35,2.44,4.17,39.79,0.0
beledweyne,2025010816,4.74,45.2,0.0,27.38,2.68,4.77,40.98,0.0
beledweyne,2025010817,4.74,45.2,0.0,26.54,2.89,5.46,41.9,0.0
beledweyne,2025010818,4.74,45.2,0.0,25.78,3.04,6.07,42.65,0.0
beledweyne,2025010819,4.74,45.2,0.0,25.04,3.14,6.59,43.68,0.0
beledweyne,2025010820,4.74,45.2,0.0,24.31,3.28,6.92,45.2,0.0
beledweyne,2025010821,4.74,45.2,0.0,23.56,3.42,6.9,48.43,0.0
beledweyne,2025010822,4.74,45.2,0.0,22.7,3.47,6.65,54.31,0.0
beledweyne,2025010823,4.74,45.2,0.0,21.93,3.58,6.53,62.56,0.0
beledweyne,2025010900,4.74,45.2,0.0,21.36,3.7,6.38,71.45,0.0
beledweyne,2025010901,4.74,45.2,0.0,20.95,3.65,6.17,79.22,0.0
beledweyne,2025010902,4.74,45.2,0.0,20.86,4.24,6.57,84.89,0.0
beledweyne,2025010903,4.74,45.2,28.52,21.29,5.31,7.1,84.9,0.0
beledweyne,2025010904,4.74,45.2,180.98,23.1,6.52,7.84,74.52,0.0
beledweyne,2025010905,4.74,45.2,394.92,25.59,6.55,7.58,61.63,0.0
beledweyne,2025010906,4.74,45.2,632.3,28.2,6.15,6.98,50.78,0.0
beledweyne,2025010907,4.74,45.2,836.78,30.72,5.63,6.32,41.85,0.0
beledweyne,2025010908,4.74,45.2,930.3,32.8,5.08,5.65,35.32,0.0
beledweyne,2025010909,4.74,45.2,924.05,34.3,4.57,5.08,30.89,0.0
beledweyne,2025010910,4.74,45.2,837.42,35.17,4.14,4.59,28.09,0.0
beledweyne,2025010911,4.74,45.2,709.78,35.47,3.81,4.24,26.46,0.0
beledweyne,2025010912,4.74,45.2,507.52,35.18,3.63,4.05,25.98,0.0
beledweyne,2025010913,4.74,45.2,269.35,34.29,3.52,4.01,26.64,0.0
beledweyne,2025010914,4.74,45.2,56.1,31.52,2.37,4.24,35.19,0.0
beledweyne,2025010915,4.74,45.2,0.0,28.74,2.73,5.17,41.09,0.0
beledweyne,2025010916,4.74,45.2,0.0,28.0,3.11,6.45,41.29,0.0
beledweyne,2025010917,4.74,45.2,0.0,27.42,3.57,7.59,41.6,0.0
beledweyne,2025010918,4.74,45.2,0.0,26.83,4.21,8.34,42.63,0.0
beledweyne,2025010919,4.74,45.2,0.0,26.17,5.09,8.74,44.91,0.0
beledweyne,2025010920,4.74,45.2,0.0,25.35,5.94,8.97,49.92,0.0
beledweyne,2025010921,4.74,45.2,0.0,24.42,5.95,8.45,58.13,0.0
beledweyne,2025010922,4.74,45.2,0.0,23.42,5.37,7.52,67.58,0.0
beledweyne,2025010923,4.74,45.2,0.0,22.56,4.74,6.71,74.98,0.0
beledweyne,2025011000,4.74,45.2,0.0,21.91,4.13,6.08,79.56,0.0
beledweyne,2025011001,4.74,45.2,0.0,21.41,4.05,6.15,82.63,0.0
beledweyne,2025011002,4.74,45.2,0.0,21.1,4.66,6.74,84.16,0.0
beledweyne,2025011003,4.74,45.2,32.8,21.29,5.56,7.4,82.9,0.0
beledweyne,2025011004,4.74,45.2,228.65,23.08,7.5,9.13,72.49,0.0
beledweyne,2025011005,4.74,45.2,460.75,25.59,7.86,9.23,59.57,0.0
beledweyne,2025011006,4.74,45.2,665.17,28.23,7.53,8.66,48.65,0.0
beledweyne,2025011007,4.74,45.2,821.0,30.74,7.12,8.11,39.86,0.0
beledweyne,2025011008,4.74,45.2,911.92,32.85,6.74,7.64,33.11,0.0
beledweyne,2025011009,4.74,45.2,915.88,34.27,6.41,7.23,28.87,0.0
beledweyne,2025011010,4.74,45.2,770.58,35.02,6.11,6.87,26.72,0.0
beledweyne,2025011011,4.74,45.2,711.05,35.24,5.83,6.57,25.99,0.0
beledweyne,2025011012,4.74,45.2,508.1,35.05,5.56,6.31,26.06,0.0
beledweyne,2025011013,4.74,45.2,270.25,34.16,5.25,6.1,27.27,0.0
beledweyne,2025011014,4.74,45.2,56.62,31.67,3.49,5.91,33.23,0.0
beledweyne,2025011015,4.74,45.2,0.0,28.76,2.95,6.21,40.58,0.0
beledweyne,2025011016,4.74,45.2,0.0,28.04,3.16,6.77,41.45,0.0
beledweyne,2025011017,4.74,45.2,0.0,27.52,3.68,7.6,41.92,0.0
beledweyne,2025011018,4.74,45.2,0.0,27.1,4.81,8.65,42.41,0.0
beledweyne,2025011019,4.74,45.2,0.0,26.39,6.46,9.75,45.18,0.0
beledweyne,2025011020,4.74,45.2,0.0,24.93,6.68,9.12,53.16,0.0
beledweyne,2025011021,4.74,45.2,0.0,23.54,5.49,7.56,61.78,0.0
beledweyne,2025011022,4.74,45.2,0.0,22.67,4.72,6.67,67.91,0.0
beledweyne,2025011023,4.74,45.2,0.0,22.09,4.46,6.49,72.44,0.0
beledweyne,2025011100,4.74,45.2,0.0,21.63,4.62,6.72,76.28,0.0
beledweyne,2025011101,4.74,45.2,0.0,21.21,4.6,6.72,79.54,0.0
beledweyne,2025011102,4.74,45.2,0.0,20.84,4.58,6.69,82.37,0.0
beledweyne,2025011103,4.74,45.2,31.88,21.09,5.34,7.17,81.81,0.0
beledweyne,2025011104,4.74,45.2,229.85,22.89,7.54,9.21,71.98,0.0
beledweyne,2025011105,4.74,45.2,471.75,25.36,8.05,9.47,59.2,0.0
beledweyne,2025011106,4.74,45.2,687.78,28.01,7.89,9.1,48.33,0.0
beledweyne,2025011107,4.74,45.2,844.55,30.53,7.63,8.73,40.14,0.0
beledweyne,2025011108,4.74,45.2,926.67,32.7,7.32,8.32,34.66,0.0
beledweyne,2025011109,4.74,45.2,938.33,34.25,6.86,7.77,31.59,0.0
beledweyne,2025011110,4.74,45.2,874.3,35.1,6.38,7.23,30.03,0.0
beledweyne,2025011111,4.74,45.2,733.15,35.32,6.03,6.85,29.42,0.0
beledweyne,2025011112,4.74,45.2,533.15,34.91,5.77,6.61,29.78,0.0
beledweyne,2025011113,4.74,45.2,295.58,33.89,5.48,6.47,31.23,0.0
beledweyne,2025011114,4.74,45.2,66.28,31.74,3.72,6.27,36.42,0.0
beledweyne,2025011115,4.74,45.2,0.0,29.36,3.14,6.76,42.32,0.0
beledweyne,2025011116,4.74,45.2,0.0,28.64,3.62,7.52,43.13,0.0
beledweyne,2025011117,4.74,45.2,0.0,27.9,4.18,8.06,44.07,0.0
beledweyne,2025011118,4.74,45.2,0.0,27.1,4.8,8.37,45.37,0.0
beledweyne,2025011119,4.74,45.2,0.0,26.28,5.45,8.63,47.07,0.0
beledweyne,2025011120,4.74,45.2,0.0,25.43,5.9,8.73,49.35,0.0
beledweyne,2025011121,4.74,45.2,0.0,24.44,5.69,8.11,52.91,0.0
beledweyne,2025011122,4.74,45.2,0.0,23.4,5.22,7.57,57.72,0.0
beledweyne,2025011123,4.74,45.2,0.0,22.5,5.91,8.26,63.4,0.0
beledweyne,2025011200,4.74,45.2,0.0,21.7,5.44,7.6,68.64,0.0
beledweyne,2025011201,4.74,45.2,0.0,21.0,5.27,7.49,73.27,0.0
beledweyne,2025011202,4.74,45.2,0.0,20.36,5.09,7.3,77.25,0.0
beledweyne,2025011203,4.74,45.2,32.28,20.29,5.46,7.36,78.64,0.0
beledweyne,2025011204,4.74,45.2,228.38,22.02,7.47,9.12,70.36,0.0
beledweyne,2025011205,4.74,45.2,464.08,24.49,8.02,9.43,58.15,0.0
beledweyne,2025011206,4.74,45.2,691.65,27.23,7.85,9.06,47.26,0.0
beledweyne,2025011207,4.74,45.2,855.67,29.9,7.56,8.65,39.22,0.0
beledweyne,2025011208,4.74,45.2,943.17,32.19,7.31,8.33,33.8,0.0
beledweyne,2025011209,4.74,45.2,842.03,33.77,7.1,8.08,30.34,0.0
beledweyne,2025011210,4.74,45.2,892.08,34.68,6.9,7.86,27.29,0.0
beledweyne,2025011211,4.74,45.2,749.45,34.96,6.67,7.63,24.99,0.0
beledweyne,2025011212,4.74,45.2,545.0,34.66,6.45,7.43,23.66,0.0
beledweyne,2025011213,4.74,45.2,299.38,33.66,6.11,7.26,23.68,0.0
beledweyne,2025011214,4.74,45.2,67.3,30.82,4.07,7.05,28.51,0.0
beledweyne,2025011215,4.74,45.2,0.0,27.59,3.54,7.66,34.39,0.0
beledweyne,2025011216,4.74,45.2,0.0,26.66,3.92,8.4,34.3,0.0
beledweyne,2025011217,4.74,45.2,0.0,25.72,4.27,8.8,34.54,0.0
beledweyne,2025011218,4.74,45.2,0.0,24.76,4.6,8.97,35.43,0.0
beledweyne,2025011219,4.74,45.2,0.0,23.85,5.17,9.24,37.2,0.0
beledweyne,2025011220,4.74,45.2,0.0,23.06,5.99,9.53,40.95,0.0
beledweyne,2025011221,4.74,45.2,0.0,22.2,5.98,9.13,48.96,0.0
beledweyne,2025011222,4.74,45.2,0.0,21.17,4.69,7.53,60.11,0.0
beledweyne,2025011223,4.74,45.2,0.0,20.18,3.69,6.62,70.78,0.0
beledweyne,2025011300,4.74,45.2,0.0,19.43,3.38,6.29,78.78,0.0
beledweyne,2025011301,4.74,45.2,0.0,18.84,3.32,6.19,84.72,0.0
beledweyne,2025011302,4.74,45.2,0.0,18.3,3.23,6.06,89.6,0.0
beledweyne,2025011303,4.74,45.2,33.9,18.71,4.04,6.0,88.61,0.0
beledweyne,2025011304,4.74,45.2,229.62,21.33,7.4,9.24,75.45,0.0
beledweyne,2025011305,4.74,45.2,458.85,24.33,8.19,9.67,59.25,0.0
beledweyne,2025011306,4.74,45.2,696.0,27.41,8.0,9.28,45.4,0.0
beledweyne,2025011307,4.74,45.2,873.85,30.24,7.8,8.99,35.17,0.0
beledweyne,2025011308,4.74,45.2,961.22,32.47,7.75,8.92,28.5,0.0
beledweyne,2025011309,4.74,45.2,966.9,33.98,7.75,8.9,24.16,0.0
beledweyne,2025011310,4.74,45.2,896.75,34.84,7.61,8.74,21.16,0.0
beledweyne,2025011311,4.74,45.2,753.58,35.04,7.4,8.52,19.34,0.0
beledweyne,2025011312,4.74,45.2,550.35,34.67,7.17,8.34,18.41,0.0
beledweyne,2025011313,4.74,45.2,308.12,33.61,6.8,8.19,18.7,0.0
beledweyne,2025011314,4.74,45.2,73.38,30.49,4.48,7.86,23.5,0.0
beledweyne,2025011315,4.74,45.2,0.0,27.11,3.87,8.38,29.43,0.0
beledweyne,2025011316,4.74,45.2,0.0,26.29,4.36,9.13,29.87,0.0
beledweyne,2025011317,4.74,45.2,0.0,25.5,4.92,9.56,30.7,0.0
beledweyne,2025011318,4.74,45.2,0.0,24.63,5.43,9.71,32.75,0.0
beledweyne,2025011319,4.74,45.2,0.0,23.63,5.48,9.34,37.76,0.0
beledweyne,2025011320,4.74,45.2,0.0,22.62,5.0,8.53,46.83,0.0
beledweyne,2025011321,4.74,45.2,0.0,21.72,4.55,7.77,59.2,0.0
beledweyne,2025011322,4.74,45.2,0.0,20.84,4.06,7.08,71.93,0.0
beledweyne,2025011323,4.74,45.2,0.0,20.06,3.77,6.64,82.01,0.0
beledweyne,2025011400,4.74,45.2,0.0,19.5,3.76,6.51,88.71,0.0
beledweyne,2025011401,4.74,45.2,0.0,19.46,4.62,7.14,90.99,0.0
beledweyne,2025011402,4.74,45.2,0.0,19.63,6.03,8.41,90.57,0.0
beledweyne,2025011403,4.74,45.2,32.95,20.09,6.82,9.12,86.77,0.0
beledweyne,2025011404,4.74,45.2,239.82,21.98,8.67,10.68,73.07,0.0
beledweyne,2025011405,4.74,45.2,485.45,24.7,9.22,11.03,57.27,0.0
beledweyne,2025011406,4.74,45.2,703.75,27.62,9.48,11.16,44.05,0.0
beledweyne,2025011407,4.74,45.2,864.22,30.22,9.43,11.01,34.67,0.0
beledweyne,2025011408,4.74,45.2,934.92,32.29,9.3,10.78,28.21,0.0
beledweyne,2025011409,4.74,45.2,914.42,33.87,9.02,10.44,23.28,0.0
beledweyne,2025011410,4.74,45.2,825.6,34.84,8.63,9.97,19.63,0.0
beledweyne,2025011411,4.74,45.2,675.45,35.18,8.2,9.5,17.39,0.0
beledweyne,2025011412,4.74,45.2,463.35,34.84,7.8,9.14,16.32,0.0
beledweyne,2025011413,4.74,45.2,237.62,33.77,7.33,8.9,16.55,0.0
beledweyne,2025011414,4.74,45.2,54.65,30.6,4.99,8.57,21.16,0.0
beledweyne,2025011415,4.74,45.2,0.0,27.22,4.31,9.19,27.18,0.0
beledweyne,2025011416,4.74,45.2,0.0,26.51,4.85,9.7,28.81,0.0
beledweyne,2025011417,4.74,45.2,0.0,25.86,5.34,9.84,31.7,0.0
beledweyne,2025011418,4.74,45.2,0.0,25.18,5.62,9.7,36.77,0.0
beledweyne,2025011419,4.74,45.2,0.0,24.34,5.49,8.97,44.55,0.0
beledweyne,2025011420,4.74,45.2,0.0,23.52,5.56,8.56,54.26,0.0
beledweyne,2025011421,4.74,45.2,0.0,22.61,5.45,8.03,64.34,0.0
beledweyne,2025011422,4.74,45.2,0.0,21.72,5.1,7.47,72.38,0.0
beledweyne,2025011423,4.74,45.2,0.0,20.95,4.67,6.94,78.06,0.0
beledweyne,2025011500,4.74,45.2,0.0,20.29,4.33,6.61,81.98,0.0
beledweyne,2025011501,4.74,45.2,0.0,19.75,4.14,6.45,84.75,0.0
beledweyne,2025011502,4.74,45.2,0.0,19.33,4.01,6.33,86.85,0.0
beledweyne,2025011503,4.74,45.2,30.98,19.64,4.79,6.74,84.87,0.0
beledweyne,2025011504,4.74,45.2,234.27,21.88,8.4,10.59,71.16,0.0
beledweyne,2025011505,4.74,45.2,477.88,24.57,9.82,11.86,55.47,0.0
beledweyne,2025011506,4.74,45.2,695.85,27.2,10.12,12.0,43.3,0.0
beledweyne,2025011507,4.74,45.2,856.95,29.62,10.04,11.77,34.17,0.0
beledweyne,2025011508,4.74,45.2,946.0,31.66,9.82,11.45,27.6,0.0
beledweyne,2025011509,4.74,45.2,962.7,33.22,9.43,10.94,23.13,0.0
beledweyne,2025011510,4.74,45.2,892.75,34.22,8.88,10.3,20.55,0.0
beledweyne,2025011511,4.74,45.2,748.2,34.62,8.31,9.65,19.14,0.0
beledweyne,2025011512,4.74,45.2,543.05,34.34,7.76,9.09,18.89,0.0
beledweyne,2025011513,4.74,45.2,300.0,33.36,7.16,8.63,19.65,0.0
beledweyne,2025011514,4.74,45.2,71.38,30.6,4.82,8.06,24.26,0.0
beledweyne,2025011515,4.74,45.2,0.0,27.36,3.81,8.24,30.91,0.0
beledweyne,2025011516,4.74,45.2,0.0,26.66,4.14,8.72,32.55,0.0
beledweyne,2025011517,4.74,45.2,0.0,26.12,4.67,9.14,34.46,0.0
beledweyne,2025011518,4.74,45.2,0.0,25.6,5.28,9.44,37.31,0.0
beledweyne,2025011519,4.74,45.2,0.0,24.91,5.53,8.99,42.29,0.0
beledweyne,2025011520,4.74,45.2,0.0,23.83,5.06,8.17,49.71,0.0
beledweyne,2025011521,4.74,45.2,0.0,23.05,4.94,7.53,56.9,0.0
beledweyne,2025011522,4.74,45.2,0.0,22.29,4.57,6.89,63.72,0.0
beledweyne,2025011523,4.74,45.2,0.0,21.61,4.16,6.38,69.72,0.0
beledweyne,2025011600,4.74,45.2,0.0,21.01,3.78,6.01,74.92,0.0
beledweyne,2025011601,4.74,45.2,0.0,20.4,3.47,5.8,79.66,0.0
beledweyne,2025011602,4.74,45.2,0.0,20.03,3.94,6.41,82.62,0.0
beledweyne,2025011603,4.74,45.2,27.15,20.28,5.12,7.15,81.23,0.0
beledweyne,2025011604,4.74,45.2,205.98,22.16,7.82,9.75,68.19,0.0
beledweyne,2025011605,4.74,45.2,435.95,24.63,8.78,10.49,53.39,0.0
beledweyne,2025011606,4.74,45.2,651.05,27.3,8.71,10.17,42.04,0.0
beledweyne,2025011607,4.74,45.2,815.92,29.74,8.36,9.66,33.95,0.0
beledweyne,2025011608,4.74,45.2,909.45,31.81,8.03,9.21,28.08,0.0
beledweyne,2025011609,4.74,45.2,951.35,33.36,7.6,8.66,23.85,0.0
beledweyne,2025011610,4.74,45.2,885.83,34.31,7.12,8.09,21.12,0.0
beledweyne,2025011611,4.74,45.2,740.55,34.61,6.73,7.67,19.96,0.0
beledweyne,2025011612,4.74,45.2,535.38,34.37,6.43,7.38,20.08,0.0
beledweyne,2025011613,4.74,45.2,293.7,33.4,6.08,7.15,21.29,0.0
beledweyne,2025011614,4.74,45.2,69.78,30.75,4.05,6.85,26.32,0.0
beledweyne,2025011615,4.74,45.2,0.0,27.65,3.37,7.24,32.68,0.0
beledweyne,2025011616,4.74,45.2,0.0,26.91,3.62,7.78,34.12,0.0
beledweyne,2025011617,4.74,45.2,0.0,26.24,3.9,8.17,36.2,0.0
beledweyne,2025011618,4.74,45.2,0.0,25.61,4.22,8.38,39.39,0.0
beledweyne,2025011619,4.74,45.2,0.0,25.03,4.57,8.44,44.3,0.0
beledweyne,2025011620,4.74,45.2,0.0,24.47,4.98,8.49,50.96,0.0
beledweyne,2025011621,4.74,45.2,0.0,23.74,5.04,7.95,58.72,0.0
beledweyne,2025011622,4.74,45.2,0.0,22.8,4.77,7.38,66.32,0.0
beledweyne,2025011623,4.74,45.2,0.0,21.95,4.55,6.98,72.19,0.0
beledweyne,2025011700,4.74,45.2,0.0,21.24,4.45,6.74,76.47,0.0
beledweyne,2025011701,4.74,45.2,0.0,20.64,4.42,6.62,79.83,0.0
beledweyne,2025011702,4.74,45.2,0.0,20.1,4.45,6.65,82.65,0.0
beledweyne,2025011703,4.74,45.2,28.45,20.16,5.33,7.31,81.67,0.0
beledweyne,2025011704,4.74,45.2,222.27,22.08,8.25,10.23,67.13,0.0
beledweyne,2025011705,4.74,45.2,457.95,24.76,8.93,10.61,50.54,0.0
beledweyne,2025011706,4.74,45.2,676.28,27.67,8.64,10.03,38.71,0.0
beledweyne,2025011707,4.74,45.2,839.58,30.38,8.11,9.31,30.8,0.0
beledweyne,2025011708,4.74,45.2,931.62,32.62,7.61,8.66,25.61,0.0
beledweyne,2025011709,4.74,45.2,972.78,34.25,7.06,8.0,22.25,0.0
beledweyne,2025011710,4.74,45.2,903.9,35.24,6.46,7.3,20.3,0.0
beledweyne,2025011711,4.74,45.2,761.88,35.59,5.93,6.7,19.41,0.0
beledweyne,2025011712,4.74,45.2,558.9,35.33,5.52,6.27,19.3,0.0
beledweyne,2025011713,4.74,45.2,316.35,34.37,5.18,6.04,20.07,0.0
beledweyne,2025011714,4.74,45.2,78.9,31.33,3.35,5.97,25.69,0.0
beledweyne,2025011715,4.74,45.2,0.0,28.01,3.27,6.64,31.2,0.0
beledweyne,2025011716,4.74,45.2,0.0,27.15,3.56,7.57,31.54,0.0
beledweyne,2025011717,4.74,45.2,0.0,26.37,3.95,8.37,31.77,0.0
beledweyne,2025011718,4.74,45.2,0.0,25.52,4.45,8.81,32.52,0.0
beledweyne,2025011719,4.74,45.2,0.0,24.58,5.01,8.99,34.65,0.0
beledweyne,2025011720,4.74,45.2,0.0,23.67,5.51,9.11,39.58,0.0
beledweyne,2025011721,4.74,45.2,0.0,22.83,5.46,8.72,48.52,0.0
beledweyne,2025011722,4.74,45.2,0.0,21.94,4.73,7.58,59.82,0.0
beledweyne,2025011723,4.74,45.2,0.0,20.97,3.78,6.59,70.1,0.0
beledweyne,2025011800,4.74,45.2,0.0,20.16,3.35,6.04,77.84,0.0
beledweyne,2025011801,4.74,45.2,0.0,19.5,3.18,5.75,83.18,0.0
beledweyne,2025011802,4.74,45.2,0.0,18.96,3.11,5.54,87.23,0.0
beledweyne,2025011803,4.74,45.2,28.27,19.3,4.14,5.87,86.09,0.0
beledweyne,2025011804,4.74,45.2,197.02,21.54,7.01,8.62,72.98,0.0
beledweyne,2025011805,4.74,45.2,382.45,24.39,7.6,8.88,57.1,0.0
beledweyne,2025011806,4.74,45.2,642.42,27.35,7.08,8.06,44.48,0.0
beledweyne,2025011807,4.74,45.2,837.6,30.15,6.37,7.15,34.69,0.0
beledweyne,2025011808,4.74,45.2,953.88,32.43,5.69,6.3,27.46,0.0
beledweyne,2025011809,4.74,45.2,971.22,33.96,5.17,5.69,23.24,0.0
beledweyne,2025011810,4.74,45.2,903.9,34.8,4.84,5.33,20.81,0.0
beledweyne,2025011811,4.74,45.2,721.1,34.97,4.64,5.13,19.57,0.0
beledweyne,2025011812,4.74,45.2,525.53,34.39,4.58,5.1,19.64,0.0
beledweyne,2025011813,4.74,45.2,285.7,33.14,4.54,5.24,21.0,0.0
beledweyne,2025011814,4.74,45.2,72.28,30.38,3.26,5.78,27.01,0.0
beledweyne,2025011815,4.74,45.2,0.0,27.91,3.58,7.25,31.75,0.0
beledweyne,2025011816,4.74,45.2,0.0,27.16,4.45,8.29,33.12,0.0
beledweyne,2025011817,4.74,45.2,0.0,26.21,4.85,8.47,35.24,0.0
beledweyne,2025011818,4.74,45.2,0.0,25.36,4.64,8.25,37.22,0.0
beledweyne,2025011819,4.74,45.2,0.0,24.61,4.17,7.85,38.91,0.0
beledweyne,2025011820,4.74,45.2,0.0,23.74,3.64,7.42,40.83,0.0
beledweyne,2025011821,4.74,45.2,0.0,22.84,3.55,7.27,42.87,0.0
beledweyne,2025011822,4.74,45.2,0.0,21.95,3.85,7.36,45.36,0.0
beledweyne,2025011823,4.74,45.2,0.0,21.16,4.41,7.67,48.91,0.0
beledweyne,2025011900,4.74,45.2,0.0,20.44,4.74,7.46,55.49,0.0
beledweyne,2025011901,4.74,45.2,0.0,19.71,4.22,6.85,65.96,0.0
beledweyne,2025011902,4.74,45.2,0.0,19.18,3.84,6.46,77.24,0.0
beledweyne,2025011903,4.74,45.2,31.58,19.52,4.43,6.27,81.97,0.0
beledweyne,2025011904,4.74,45.2,242.57,22.1,7.51,9.3,70.98,0.0
beledweyne,2025011905,4.74,45.2,491.35,25.13,8.0,9.29,55.46,0.0
beledweyne,2025011906,4.74,45.2,712.12,28.1,7.36,8.36,43.07,0.0
beledweyne,2025011907,4.74,45.2,874.55,30.79,6.66,7.48,33.77,0.0
beledweyne,2025011908,4.74,45.2,964.7,32.85,6.16,6.89,28.02,0.0
beledweyne,2025011909,4.74,45.2,974.47,34.32,5.92,6.62,24.25,0.0
beledweyne,2025011910,4.74,45.2,906.95,35.22,5.78,6.48,21.51,0.0
beledweyne,2025011911,4.74,45.2,765.25,35.53,5.65,6.35,19.68,0.0
beledweyne,2025011912,4.74,45.2,562.17,35.17,5.5,6.24,18.94,0.0
beledweyne,2025011913,4.74,45.2,318.9,34.1,5.3,6.2,19.23,0.0
beledweyne,2025011914,4.74,45.2,81.5,31.21,3.46,6.27,23.73,0.0
beledweyne,2025011915,4.74,45.2,0.0,28.67,3.31,7.06,27.68,0.0
beledweyne,2025011916,4.74,45.2,0.0,28.0,3.8,8.01,27.77,0.0
beledweyne,2025011917,4.74,45.2,0.0,27.21,4.39,8.69,28.25,0.0
beledweyne,2025011918,4.74,45.2,0.0,26.13,4.83,8.94,29.47,0.0
beledweyne,2025011919,4.74,45.2,0.0,24.85,5.15,8.99,31.4,0.0
beledweyne,2025011920,4.74,45.2,0.0,23.64,5.63,9.05,34.5,0.0
beledweyne,2025011921,4.74,45.2,0.0,22.53,5.82,8.83,40.65,0.0
beledweyne,2025011922,4.74,45.2,0.0,21.46,5.15,7.87,50.99,0.0
beledweyne,2025011923,4.74,45.2,0.0,20.42,3.91,6.6,62.96,0.0
beledweyne,2025012000,4.74,45.2,0.0,19.66,3.43,6.14,73.67,0.0
beledweyne,2025012001,4.74,45.2,0.0,19.15,3.4,6.08,81.55,0.0
beledweyne,2025012002,4.74,45.2,0.0,18.77,3.51,6.12,87.07,0.0
beledweyne,2025012003,4.74,45.2,32.08,19.29,4.95,6.9,86.63,0.0
beledweyne,2025012004,4.74,45.2,240.68,21.59,7.97,9.73,74.79,0.0
beledweyne,2025012005,4.74,45.2,484.85,24.53,8.28,9.68,59.45,0.0
beledweyne,2025012006,4.74,45.2,701.33,27.62,7.93,9.11,45.81,0.0
beledweyne,2025012007,4.74,45.2,864.03,30.62,7.65,8.73,34.39,0.0
beledweyne,2025012008,4.74,45.2,956.17,33.03,7.45,8.47,26.7,0.0
beledweyne,2025012009,4.74,45.2,966.08,34.68,7.33,8.3,21.82,0.0
beledweyne,2025012010,4.74,45.2,902.28,35.65,7.15,8.08,18.64,0.0
beledweyne,2025012011,4.74,45.2,760.33,35.93,6.85,7.76,16.76,0.0
beledweyne,2025012012,4.74,45.2,557.05,35.55,6.59,7.5,15.91,0.0
beledweyne,2025012013,4.74,45.2,314.5,34.48,6.32,7.42,16.06,0.0
beledweyne,2025012014,4.74,45.2,81.47,31.4,4.3,7.47,19.71,0.0
beledweyne,2025012015,4.74,45.2,0.0,27.97,3.9,8.34,24.41,0.0
beledweyne,2025012016,4.74,45.2,0.0,27.15,4.58,9.28,24.81,0.0
beledweyne,2025012017,4.74,45.2,0.0,26.37,5.34,9.8,25.59,0.0
beledweyne,2025012018,4.74,45.2,0.0,25.41,5.77,9.85,27.77,0.0
beledweyne,2025012019,4.74,45.2,0.0,24.36,5.81,9.63,32.28,0.0
beledweyne,2025012020,4.74,45.2,0.0,23.37,5.4,8.95,39.96,0.0
beledweyne,2025012021,4.74,45.2,0.0,22.19,4.33,7.78,50.07,0.0
beledweyne,2025012022,4.74,45.2,0.0,21.46,3.92,7.07,59.94,0.0
beledweyne,2025012023,4.74,45.2,0.0,21.22,3.72,6.31,67.79,0.0
beledweyne,2025012100,4.74,45.2,0.0,20.81,3.29,5.7,74.96,0.0
beledweyne,2025012101,4.74,45.2,0.0,20.33,2.98,5.38,81.07,0.01
beledweyne,2025012102,4.74,45.2,0.0,19.82,2.84,5.31,86.32,0.04
beledweyne,2025012103,4.74,45.2,27.25,20.06,3.67,5.42,86.87,0.05
beledweyne,2025012104,4.74,45.2,196.15,22.23,6.43,7.92,76.72,0.01
beledweyne,2025012105,4.74,45.2,386.55,25.11,7.2,8.4,61.16,0.0
beledweyne,2025012106,4.74,45.2,635.33,27.89,7.06,8.11,48.76,0.0
beledweyne,2025012107,4.74,45.2,837.1,30.35,6.92,7.9,38.97,0.0
beledweyne,2025012108,4.74,45.2,933.83,32.6,6.75,7.67,31.2,0.0
beledweyne,2025012109,4.74,45.2,971.88,34.43,6.55,7.42,25.48,0.0
beledweyne,2025012110,4.74,45.2,902.88,35.5,6.29,7.11,21.67,0.0
beledweyne,2025012111,4.74,45.2,760.47,35.88,6.02,6.82,19.34,0.0
beledweyne,2025012112,4.74,45.2,556.62,35.62,5.79,6.61,18.14,0.0
beledweyne,2025012113,4.74,45.2,313.3,34.67,5.55,6.51,18.13,0.0
beledweyne,2025012114,4.74,45.2,79.07,31.6,3.63,6.45,22.36,0.0
beledweyne,2025012115,4.74,45.2,0.0,28.16,3.43,7.14,27.42,0.0
beledweyne,2025012116,4.74,45.2,0.0,27.34,3.76,8.08,28.24,0.0
beledweyne,2025012117,4.74,45.2,0.0,26.61,4.12,8.71,29.94,0.0
beledweyne,2025012118,4.74,45.2,0.0,25.9,4.46,8.97,33.43,0.0
beledweyne,2025012119,4.74,45.2,0.0,25.24,4.89,8.99,39.95,0.0
beledweyne,2025012120,4.74,45.2,0.0,24.58,5.41,8.96,50.0,0.0
beledweyne,2025012121,4.74,45.2,0.0,24.02,5.59,8.46,61.73,0.0
beledweyne,2025012122,4.74,45.2,0.0,23.31,4.81,7.25,72.91,0.0
beledweyne,2025012123,4.74,45.2,0.0,22.53,3.79,6.17,80.92,0.0
beledweyne,2025012200,4.74,45.2,0.0,21.9,3.46,5.77,85.99,0.0
beledweyne,2025012201,4.74,45.2,0.0,21.34,3.38,5.65,89.71,0.01
beledweyne,2025012202,4.74,45.2,0.0,20.95,3.9,6.21,91.7,0.03
beledweyne,2025012203,4.74,45.2,26.33,21.37,5.55,7.41,88.22,0.06
beledweyne,2025012204,4.74,45.2,188.2,23.24,7.02,8.41,76.02,0.01
beledweyne,2025012205,4.74,45.2,380.75,25.93,7.37,8.57,60.67,0.0
beledweyne,2025012206,4.74,45.2,601.7,28.68,7.32,8.37,48.15,0.0
beledweyne,2025012207,4.74,45.2,832.85,31.1,7.22,8.17,38.97,0.0
beledweyne,2025012208,4.74,45.2,903.12,32.94,7.08,7.99,32.29,0.0
beledweyne,2025012209,4.74,45.2,909.03,34.18,6.91,7.79,27.58,0.0
beledweyne,2025012210,4.74,45.2,849.6,34.82,6.7,7.57,24.46,0.0
beledweyne,2025012211,4.74,45.2,690.83,34.92,6.4,7.3,22.67,0.0
beledweyne,2025012212,4.74,45.2,482.52,34.67,6.12,7.04,21.63,0.0
beledweyne,2025012213,4.74,45.2,259.8,33.91,5.84,6.88,21.74,0.0
beledweyne,2025012214,4.74,45.2,73.0,31.43,4.07,6.85,25.32,0.0
beledweyne,2025012215,4.74,45.2,0.0,28.52,3.61,7.66,29.94,0.0
beledweyne,2025012216,4.74,45.2,0.0,27.96,4.26,8.51,30.26,0.0
beledweyne,2025012217,4.74,45.2,0.0,27.17,4.59,8.74,31.25,0.0
beledweyne,2025012218,4.74,45.2,0.0,26.2,4.49,8.55,32.87,0.0
beledweyne,2025012219,4.74,45.2,0.0,25.19,4.13,7.97,35.09,0.0
beledweyne,2025012220,4.74,45.2,0.0,24.3,4.07,7.67,38.13,0.0
beledweyne,2025012221,4.74,45.2,0.0,23.51,4.06,7.36,43.63,0.0
beledweyne,2025012222,4.74,45.2,0.0,22.92,4.05,6.84,52.04,0.0
beledweyne,2025012223,4.74,45.2,0.0,22.19,3.76,6.26,62.71,0.0
beledweyne,2025012300,4.74,45.2,0.0,21.52,3.54,5.83,72.61,0.0
beledweyne,2025012301,4.74,45.2,0.0,21.05,3.68,5.92,79.94,0.0
beledweyne,2025012302,4.74,45.2,0.0,20.84,5.11,7.33,84.44,0.0
beledweyne,2025012303,4.74,45.2,24.62,20.99,6.53,8.49,83.54,0.01
beledweyne,2025012304,4.74,45.2,199.27,22.36,8.01,9.71,72.81,0.0
beledweyne,2025012305,4.74,45.2,422.55,24.69,8.53,10.07,57.2,0.0
beledweyne,2025012306,4.74,45.2,660.3,27.49,8.55,9.94,42.98,0.0
beledweyne,2025012307,4.74,45.2,836.08,30.15,8.33,9.61,32.88,0.0
beledweyne,2025012308,4.74,45.2,931.17,32.36,8.09,9.31,26.16,0.0
beledweyne,2025012309,4.74,45.2,970.4,33.94,7.88,9.05,21.5,0.0
beledweyne,2025012310,4.74,45.2,902.4,34.87,7.64,8.77,18.16,0.0
beledweyne,2025012311,4.74,45.2,761.12,35.13,7.4,8.52,16.12,0.0
beledweyne,2025012312,4.74,45.2,558.83,34.75,7.17,8.35,15.19,0.0
beledweyne,2025012313,4.74,45.2,316.75,33.81,6.8,8.2,15.21,0.0
beledweyne,2025012314,4.74,45.2,81.57,30.94,4.52,7.92,18.34,0.0
beledweyne,2025012315,4.74,45.2,0.0,27.57,3.94,8.48,22.88,0.0
beledweyne,2025012316,4.74,45.2,0.0,26.72,4.38,9.2,24.34,0.0
beledweyne,2025012317,4.74,45.2,0.0,26.08,5.01,9.82,27.05,0.0
beledweyne,2025012318,4.74,45.2,0.0,25.56,5.7,10.08,32.14,0.0
beledweyne,2025012319,4.74,45.2,0.0,24.91,6.01,9.77,39.94,0.0
beledweyne,2025012320,4.74,45.2,0.0,23.7,5.24,8.63,50.1,0.0
beledweyne,2025012321,4.74,45.2,0.0,22.58,4.75,7.89,60.22,0.0
beledweyne,2025012322,4.74,45.2,0.0,21.56,4.46,7.35,69.24,0.0
beledweyne,2025012323,4.74,45.2,0.0,20.69,4.16,6.86,76.78,0.0
beledweyne,2025012400,4.74,45.2,0.0,20.02,4.29,7.12,82.7,0.0
beledweyne,2025012401,4.74,45.2,0.0,19.79,5.41,7.89,85.56,0.01
beledweyne,2025012402,4.74,45.2,0.0,19.69,5.79,8.14,86.24,0.04
beledweyne,2025012403,4.74,45.2,25.9,20.07,6.9,9.02,82.99,0.07
beledweyne,2025012404,4.74,45.2,208.82,21.5,7.8,9.43,73.78,0.02
beledweyne,2025012405,4.74,45.2,446.52,24.08,8.02,9.41,59.34,0.0
beledweyne,2025012406,4.74,45.2,681.58,27.02,7.94,9.16,46.07,0.0
beledweyne,2025012407,4.74,45.2,854.03,29.86,7.78,8.89,35.73,0.0
beledweyne,2025012408,4.74,45.2,941.0,32.23,7.59,8.62,28.4,0.0
beledweyne,2025012409,4.74,45.2,945.75,33.91,7.32,8.27,23.54,0.0
beledweyne,2025012410,4.74,45.2,863.97,34.89,6.94,7.82,20.32,0.0
beledweyne,2025012411,4.74,45.2,748.6,35.22,6.52,7.36,18.4,0.0
beledweyne,2025012412,4.74,45.2,544.95,34.96,6.2,7.04,17.47,0.0
beledweyne,2025012413,4.74,45.2,307.73,33.97,5.93,6.92,17.73,0.0
beledweyne,2025012414,4.74,45.2,80.7,31.05,4.03,6.93,21.33,0.0
beledweyne,2025012415,4.74,45.2,0.0,27.58,3.6,7.67,26.24,0.0
beledweyne,2025012416,4.74,45.2,0.0,26.8,4.02,8.54,26.97,0.0
beledweyne,2025012417,4.74,45.2,0.0,26.05,4.53,9.12,28.16,0.0
beledweyne,2025012418,4.74,45.2,0.0,25.26,5.08,9.34,30.54,0.0
beledweyne,2025012419,4.74,45.2,0.0,24.43,5.74,9.47,35.6,0.0
beledweyne,2025012420,4.74,45.2,0.0,23.55,6.06,9.21,45.18,0.0
beledweyne,2025012421,4.74,45.2,0.0,22.52,5.39,8.03,58.37,0.0
beledweyne,2025012422,4.74,45.2,0.0,21.5,4.53,6.92,71.16,0.0
beledweyne,2025012423,4.74,45.2,0.0,20.76,4.45,6.72,80.59,0.0
beledweyne,2025012500,4.74,45.2,0.0,20.27,4.74,6.81,85.36,0.0
beledweyne,2025012501,4.74,45.2,0.0,20.04,5.55,7.54,86.98,0.01
beledweyne,2025012502,4.74,45.2,0.0,19.87,5.6,7.43,87.51,0.03
beledweyne,2025012503,4.74,45.2,27.23,20.14,5.98,7.8,85.42,0.05
beledweyne,2025012504,4.74,45.2,221.52,21.87,7.51,9.01,74.27,0.01
beledweyne,2025012505,4.74,45.2,468.02,24.49,7.85,9.12,59.48,0.0
beledweyne,2025012506,4.74,45.2,695.15,27.38,7.76,8.86,46.49,0.0
beledweyne,2025012507,4.74,45.2,861.22,30.14,7.56,8.55,36.24,0.0
beledweyne,2025012508,4.74,45.2,953.78,32.42,7.31,8.22,29.14,0.0
beledweyne,2025012509,4.74,45.2,974.0,34.05,7.01,7.9,24.58,0.0
beledweyne,2025012510,4.74,45.2,904.9,35.05,6.76,7.65,21.57,0.0
beledweyne,2025012511,4.74,45.2,765.7,35.45,6.54,7.43,19.71,0.0
beledweyne,2025012512,4.74,45.2,552.5,35.22,6.32,7.23,18.86,0.0
beledweyne,2025012513,4.74,45.2,300.27,34.29,6.03,7.07,19.0,0.0
beledweyne,2025012514,4.74,45.2,78.32,31.57,4.1,6.91,22.15,0.0
beledweyne,2025012515,4.74,45.2,0.0,28.25,3.57,7.59,26.78,0.0
beledweyne,2025012516,4.74,45.2,0.0,27.71,4.26,8.64,26.86,0.0
beledweyne,2025012517,4.74,45.2,0.0,27.42,5.29,9.29,27.09,0.0
beledweyne,2025012518,4.74,45.2,0.0,26.81,5.9,9.34,28.72,0.0
beledweyne,2025012519,4.74,45.2,0.0,25.96,5.85,8.93,32.47,0.0
beledweyne,2025012520,4.74,45.2,0.0,25.01,5.54,8.17,39.35,0.0
beledweyne,2025012521,4.74,45.2,0.0,23.93,5.55,7.87,50.19,0.0
beledweyne,2025012522,4.74,45.2,0.0,22.89,5.84,7.98,62.14,0.0
beledweyne,2025012523,4.74,45.2,0.0,21.89,6.08,8.07,72.35,0.0
beledweyne,2025012600,4.74,45.2,0.0,20.88,5.5,7.52,80.33,0.0
beledweyne,2025012601,4.74,45.2,0.0,20.09,5.14,7.13,86.11,0.0
beledweyne,2025012602,4.74,45.2,0.0,19.8,5.11,6.83,88.15,0.0
beledweyne,2025012603,4.74,45.2,27.0,20.17,5.47,7.03,85.96,0.0
beledweyne,2025012604,4.74,45.2,221.55,21.7,7.17,8.73,75.97,0.0
beledweyne,2025012605,4.74,45.2,466.83,23.96,7.43,8.7,63.26,0.0
beledweyne,2025012606,4.74,45.2,693.0,27.15,7.03,8.03,49.17,0.0
beledweyne,2025012607,4.74,45.2,858.67,30.15,6.62,7.48,38.05,0.0
beledweyne,2025012608,4.74,45.2,951.92,32.58,6.33,7.1,30.28,0.0
beledweyne,2025012609,4.74,45.2,977.12,34.25,6.11,6.84,25.62,0.0
beledweyne,2025012610,4.74,45.2,870.08,35.26,5.95,6.67,22.99,0.0
beledweyne,2025012611,4.74,45.2,752.45,35.66,5.87,6.6,21.67,0.0
beledweyne,2025012612,4.74,45.2,558.25,35.41,5.87,6.65,21.34,0.0
beledweyne,2025012613,4.74,45.2,305.33,34.49,5.83,6.77,21.83,0.0
beledweyne,2025012614,4.74,45.2,77.47,32.16,4.24,6.71,24.53,0.0
beledweyne,2025012615,4.74,45.2,0.0,29.03,3.36,7.14,28.88,0.0
beledweyne,2025012616,4.74,45.2,0.0,28.54,3.81,7.9,28.74,0.0
beledweyne,2025012617,4.74,45.2,0.0,28.01,4.39,8.43,28.91,0.0
beledweyne,2025012618,4.74,45.2,0.0,27.49,4.99,8.61,29.86,0.0
beledweyne,2025012619,4.74,45.2,0.0,26.68,5.67,8.86,33.04,0.0
beledweyne,2025012620,4.74,45.2,0.0,25.46,5.98,8.84,40.96,0.0
beledweyne,2025012621,4.74,45.2,0.0,24.21,5.73,7.96,53.63,0.0
beledweyne,2025012622,4.74,45.2,0.0,23.13,5.5,7.33,66.52,0.0
beledweyne,2025012623,4.74,45.2,0.0,22.38,5.21,6.89,75.23,0.0
beledweyne,2025012700,4.74,45.2,0.0,21.84,5.39,7.1,80.45,0.0
beledweyne,2025012701,4.74,45.2,0.0,21.47,5.09,6.73,83.43,0.0
beledweyne,2025012702,4.74,45.2,0.0,21.24,5.19,6.87,85.04,0.0
beledweyne,2025012703,4.74,45.2,21.83,21.46,5.55,7.03,83.66,0.0
beledweyne,2025012704,4.74,45.2,156.2,23.17,6.38,7.55,74.2,0.0
beledweyne,2025012705,4.74,45.2,319.55,25.75,6.72,7.73,61.42,0.0
beledweyne,2025012706,4.74,45.2,553.35,28.46,6.7,7.56,50.22,0.0
beledweyne,2025012707,4.74,45.2,811.22,30.93,6.47,7.24,41.31,0.0
beledweyne,2025012708,4.74,45.2,952.17,32.96,6.13,6.8,34.59,0.0
beledweyne,2025012709,4.74,45.2,981.28,34.47,5.87,6.5,29.96,0.0
beledweyne,2025012710,4.74,45.2,915.2,35.41,5.71,6.33,26.89,0.0
beledweyne,2025012711,4.74,45.2,775.33,35.77,5.53,6.17,24.99,0.0
beledweyne,2025012712,4.74,45.2,573.15,35.55,5.41,6.06,24.18,0.0
beledweyne,2025012713,4.74,45.2,330.55,34.65,5.28,6.05,24.55,0.0
beledweyne,2025012714,4.74,45.2,90.85,32.52,3.95,6.01,27.28,0.0
beledweyne,2025012715,4.74,45.2,0.0,29.36,3.04,6.42,32.42,0.0
beledweyne,2025012716,4.74,45.2,0.0,28.52,3.3,7.06,33.54,0.0
beledweyne,2025012717,4.74,45.2,0.0,27.76,3.6,7.63,34.87,0.0
beledweyne,2025012718,4.74,45.2,0.0,26.99,3.98,8.04,36.67,0.0
beledweyne,2025012719,4.74,45.2,0.0,26.14,4.42,8.2,39.33,0.0
beledweyne,2025012720,4.74,45.2,0.0,25.11,4.84,8.13,43.84,0.0
beledweyne,2025012721,4.74,45.2,0.0,23.91,4.95,7.78,51.26,0.0
beledweyne,2025012722,4.74,45.2,0.0,22.75,4.85,7.32,60.88,0.0
beledweyne,2025012723,4.74,45.2,0.0,21.73,4.26,6.51,70.79,0.0
beledweyne,2025012800,4.74,45.2,0.0,20.92,3.5,5.74,79.0,0.0
beledweyne,2025012801,4.74,45.2,0.0,20.29,2.95,5.26,85.01,0.0
beledweyne,2025012802,4.74,45.2,0.0,19.92,2.67,4.61,88.54,0.0
beledweyne,2025012803,4.74,45.2,24.6,20.44,3.46,4.8,86.72,0.0
beledweyne,2025012804,4.74,45.2,185.2,22.69,5.64,6.71,74.68,0.0
beledweyne,2025012805,4.74,45.2,377.45,25.48,5.86,6.67,59.96,0.0
beledweyne,2025012806,4.74,45.2,643.03,28.43,5.63,6.29,47.65,0.0
beledweyne,2025012807,4.74,45.2,870.5,31.13,5.28,5.83,38.22,0.0
beledweyne,2025012808,4.74,45.2,962.25,33.32,4.87,5.34,31.4,0.0
beledweyne,2025012809,4.74,45.2,986.95,34.87,4.62,5.05,26.88,0.0
beledweyne,2025012810,4.74,45.2,924.83,35.58,4.54,4.96,24.34,0.0
beledweyne,2025012811,4.74,45.2,773.2,35.63,4.48,4.92,23.16,0.0
beledweyne,2025012812,4.74,45.2,543.4,35.18,4.47,4.94,22.97,0.0
beledweyne,2025012813,4.74,45.2,309.73,34.35,4.37,4.93,23.54,0.0
beledweyne,2025012814,4.74,45.2,86.2,32.18,3.15,4.98,26.75,0.0
beledweyne,2025012815,4.74,45.2,0.0,28.92,2.88,5.63,32.14,0.0
beledweyne,2025012816,4.74,45.2,0.0,28.08,3.12,6.48,33.61,0.0
beledweyne,2025012817,4.74,45.2,0.0,27.36,3.37,7.21,35.11,0.0
beledweyne,2025012818,4.74,45.2,0.0,26.67,3.79,7.9,36.94,0.0
beledweyne,2025012819,4.74,45.2,0.0,26.01,4.61,8.42,39.98,0.0
beledweyne,2025012820,4.74,45.2,0.0,25.28,5.63,8.48,46.32,0.0
beledweyne,2025012821,4.74,45.2,0.0,24.25,5.91,8.13,57.12,0.0
beledweyne,2025012822,4.74,45.2,0.0,23.26,5.52,7.45,68.86,0.0
beledweyne,2025012823,4.74,45.2,0.0,22.48,4.76,6.4,77.2,0.0
beledweyne,2025012900,4.74,45.2,0.0,21.88,4.46,6.14,82.18,0.0
beledweyne,2025012901,4.74,45.2,0.0,21.53,4.87,6.56,84.81,0.0
beledweyne,2025012902,4.74,45.2,0.0,21.26,5.5,7.22,86.14,0.0
beledweyne,2025012903,4.74,45.2,27.4,21.38,6.08,7.66,84.63,0.0
beledweyne,2025012904,4.74,45.2,218.23,23.18,7.1,8.45,72.64,0.0
beledweyne,2025012905,4.74,45.2,454.75,25.87,7.46,8.64,57.91,0.0
beledweyne,2025012906,4.74,45.2,706.05,28.86,7.21,8.2,45.43,0.0
beledweyne,2025012907,4.74,45.2,872.88,31.72,6.86,7.73,35.57,0.0
beledweyne,2025012908,4.74,45.2,967.58,33.99,6.56,7.35,28.73,0.0
beledweyne,2025012909,4.74,45.2,985.4,35.53,6.29,7.03,24.57,0.0
beledweyne,2025012910,4.74,45.2,920.88,36.46,6.0,6.72,22.17,0.0
beledweyne,2025012911,4.74,45.2,781.08,36.95,5.81,6.53,20.57,0.0
beledweyne,2025012912,4.74,45.2,579.6,36.7,5.74,6.5,20.02,0.0
beledweyne,2025012913,4.74,45.2,337.15,35.77,5.71,6.61,20.43,0.0
beledweyne,2025012914,4.74,45.2,95.65,33.35,4.27,6.8,23.32,0.0
beledweyne,2025012915,4.74,45.2,0.0,30.04,3.56,7.62,28.33,0.0
beledweyne,2025012916,4.74,45.2,0.0,29.31,4.15,8.56,29.65,0.0
beledweyne,2025012917,4.74,45.2,0.0,28.66,4.96,9.18,31.36,0.0
beledweyne,2025012918,4.74,45.2,0.0,27.91,5.86,9.6,34.18,0.0
beledweyne,2025012919,4.74,45.2,0.0,26.94,6.47,9.72,39.59,0.0
beledweyne,2025012920,4.74,45.2,0.0,25.58,5.92,8.58,49.24,0.0
beledweyne,2025012921,4.74,45.2,0.0,24.11,5.02,7.39,61.54,0.0
beledweyne,2025012922,4.74,45.2,0.0,22.92,4.31,6.46,72.41,0.0
beledweyne,2025012923,4.74,45.2,0.0,22.03,3.75,5.84,80.19,0.0
beledweyne,2025013000,4.74,45.2,0.0,21.39,3.57,5.78,85.74,0.0
beledweyne,2025013001,4.74,45.2,0.0,21.26,4.37,6.3,87.96,0.0
beledweyne,2025013002,4.74,45.2,0.0,21.19,4.65,6.39,89.4,0.0
beledweyne,2025013003,4.74,45.2,25.02,21.63,4.73,6.12,87.87,0.0
beledweyne,2025013004,4.74,45.2,183.62,23.79,6.98,8.59,76.03,0.0
beledweyne,2025013005,4.74,45.2,383.7,26.58,7.77,9.11,62.11,0.0
beledweyne,2025013006,4.74,45.2,631.72,29.44,7.55,8.67,50.1,0.0
beledweyne,2025013007,4.74,45.2,849.35,32.1,7.23,8.23,40.14,0.0
beledweyne,2025013008,4.74,45.2,962.1,34.27,7.0,7.9,32.82,0.0
beledweyne,2025013009,4.74,45.2,977.85,35.78,6.82,7.67,27.93,0.0
beledweyne,2025013010,4.74,45.2,909.95,36.66,6.65,7.47,24.77,0.0
beledweyne,2025013011,4.74,45.2,768.08,36.93,6.43,7.22,22.84,0.0
beledweyne,2025013012,4.74,45.2,564.47,36.56,6.15,6.94,22.03,0.0
beledweyne,2025013013,4.74,45.2,321.6,35.56,5.9,6.81,22.21,0.0
beledweyne,2025013014,4.74,45.2,88.62,33.35,4.54,6.85,24.55,0.0
beledweyne,2025013015,4.74,45.2,0.0,30.69,3.65,7.56,28.42,0.0
beledweyne,2025013016,4.74,45.2,0.0,30.1,4.44,8.36,29.19,0.0
beledweyne,2025013017,4.74,45.2,0.0,29.1,4.98,8.75,31.06,0.0
beledweyne,2025013018,4.74,45.2,0.0,27.9,5.22,8.83,34.38,0.0
beledweyne,2025013019,4.74,45.2,0.0,26.77,5.42,8.7,39.9,0.0
beledweyne,2025013020,4.74,45.2,0.0,25.67,5.53,8.44,48.83,0.0
beledweyne,2025013021,4.74,45.2,0.0,24.65,5.57,8.12,60.01,0.0
beledweyne,2025013022,4.74,45.2,0.0,23.76,5.23,7.3,70.55,0.0
beledweyne,2025013023,4.74,45.2,0.0,23.07,5.07,6.95,77.69,0.0
beledweyne,2025013100,4.74,45.2,0.0,22.63,5.44,7.34,81.07,0.0
beledweyne,2025013101,4.74,45.2,0.0,22.37,6.15,8.1,81.51,0.0
beledweyne,2025013102,4.74,45.2,0.0,22.1,6.34,8.25,81.46,0.0
beledweyne,2025013103,4.74,45.2,26.17,22.2,6.54,8.26,79.29,0.0
beledweyne,2025013104,4.74,45.2,221.75,23.81,7.15,8.47,68.94,0.0
beledweyne,2025013105,4.74,45.2,467.88,26.32,7.55,8.78,54.73,0.0
beledweyne,2025013106,4.74,45.2,691.78,29.06,7.79,8.94,42.15,0.0
beledweyne,2025013107,4.74,45.2,861.5,31.59,7.74,8.82,33.62,0.0
beledweyne,2025013108,4.74,45.2,959.55,33.61,7.53,8.52,28.05,0.0
beledweyne,2025013109,4.74,45.2,979.8,35.04,7.29,8.22,24.36,0.0
beledweyne,2025013110,4.74,45.2,918.22,35.87,7.05,7.93,22.0,0.0
beledweyne,2025013111,4.74,45.2,778.85,36.09,6.8,7.67,20.67,0.0
beledweyne,2025013112,4.74,45.2,576.45,35.75,6.6,7.49,20.12,0.0
beledweyne,2025013113,4.74,45.2,332.35,34.8,6.4,7.44,20.31,0.0
beledweyne,2025013114,4.74,45.2,92.85,32.71,4.95,7.33,22.05,0.0
beledweyne,2025013115,4.74,45.2,0.0,29.61,3.85,8.05,25.58,0.0
beledweyne,2025013116,4.74,45.2,0.0,28.95,4.93,9.14,25.55,0.0
beledweyne,2025013117,4.74,45.2,0.0,28.22,5.99,9.75,26.19,0.0
beledweyne,2025013118,4.74,45.2,0.0,27.17,6.34,9.87,28.46,0.0
beledweyne,2025013119,4.74,45.2,0.0,26.02,6.14,9.46,33.32,0.0
beledweyne,2025013120,4.74,45.2,0.0,24.74,5.47,8.44,41.48,0.0
beledweyne,2025013121,4.74,45.2,0.0,23.55,5.32,8.12,51.86,0.0
beledweyne,2025013122,4.74,45.2,0.0,22.51,5.87,8.38,62.49,0.0
beledweyne,2025013123,4.74,45.2,0.0,21.68,5.63,7.92,69.91,0.0
beledweyne,2025020100,4.74,45.2,0.0,21.06,5.38,7.54,75.38,0.0
beledweyne,2025020101,4.74,45.2,0.0,20.57,5.07,7.13,79.79,0.0
beledweyne,2025020102,4.74,45.2,0.0,20.18,5.01,7.1,83.32,0.0
beledweyne,2025020103,4.74,45.2,26.58,20.27,5.75,7.62,83.71,0.0
beledweyne,2025020104,4.74,45.2,225.45,21.96,8.15,10.02,72.52,0.0
beledweyne,2025020105,4.74,45.2,475.65,24.5,9.1,10.82,55.37,0.0
beledweyne,2025020106,4.74,45.2,702.7,27.4,9.41,10.96,40.1,0.0
beledweyne,2025020107,4.74,45.2,875.58,30.14,9.34,10.76,29.78,0.0
beledweyne,2025020108,4.74,45.2,974.65,32.36,9.08,10.4,23.39,0.0
beledweyne,2025020109,4.74,45.2,1005.9,34.01,8.69,9.93,19.28,0.0
beledweyne,2025020110,4.74,45.2,940.83,35.1,8.26,9.42,16.56,0.0
beledweyne,2025020111,4.74,45.2,796.55,35.53,7.76,8.84,14.92,0.0
beledweyne,2025020112,4.74,45.2,587.2,35.29,7.28,8.34,14.26,0.0
beledweyne,2025020113,4.74,45.2,334.33,34.29,6.85,8.04,14.67,0.0
beledweyne,2025020114,4.74,45.2,90.0,31.67,4.88,7.78,17.23,0.0
beledweyne,2025020115,4.74,45.2,0.0,28.11,3.91,8.32,22.06,0.0
beledweyne,2025020116,4.74,45.2,0.0,27.36,4.44,9.03,24.1,0.0
beledweyne,2025020117,4.74,45.2,0.0,26.76,5.22,9.58,26.98,0.0
beledweyne,2025020118,4.74,45.2,0.0,26.17,5.99,9.87,30.89,0.0
beledweyne,2025020119,4.74,45.2,0.0,25.4,6.28,9.76,36.03,0.0
beledweyne,2025020120,4.74,45.2,0.0,24.24,5.72,8.76,43.09,0.0
beledweyne,2025020121,4.74,45.2,0.0,23.08,5.35,8.04,51.7,0.0
beledweyne,2025020122,4.74,45.2,0.0,22.01,4.94,7.39,60.89,0.0
beledweyne,2025020123,4.74,45.2,0.0,21.2,4.77,7.05,69.26,0.0
beledweyne,2025020200,4.74,45.2,0.0,20.6,4.77,6.9,76.53,0.0
beledweyne,2025020201,4.74,45.2,0.0,20.12,4.75,6.77,82.56,0.0
beledweyne,2025020202,4.74,45.2,0.0,19.95,5.75,8.07,86.35,0.0
beledweyne,2025020203,4.74,45.2,24.45,20.42,7.14,9.3,85.03,0.01
beledweyne,2025020204,4.74,45.2,207.68,22.42,8.91,10.8,73.0,0.0
beledweyne,2025020205,4.74,45.2,443.15,25.14,9.29,10.93,58.32,0.0
beledweyne,2025020206,4.74,45.2,671.25,28.07,9.22,10.66,45.87,0.0
beledweyne,2025020207,4.74,45.2,846.17,30.8,8.92,10.21,36.53,0.0
beledweyne,2025020208,4.74,45.2,946.95,33.06,8.54,9.7,30.04,0.0
beledweyne,2025020209,4.74,45.2,1002.2,34.77,8.11,9.19,25.43,0.0
beledweyne,2025020210,4.74,45.2,932.78,35.84,7.7,8.73,22.3,0.0
beledweyne,2025020211,4.74,45.2,789.8,36.26,7.36,8.36,20.41,0.0
beledweyne,2025020212,4.74,45.2,583.25,36.01,7.12,8.13,19.51,0.0
beledweyne,2025020213,4.74,45.2,334.52,35.04,6.92,8.1,19.67,0.0
beledweyne,2025020214,4.74,45.2,91.72,32.78,5.33,8.04,21.76,0.0
beledweyne,2025020215,4.74,45.2,0.0,29.6,4.2,8.66,25.8,0.0
beledweyne,2025020216,4.74,45.2,0.0,28.83,4.83,9.16,26.77,0.0
beledweyne,2025020217,4.74,45.2,0.0,28.0,5.25,9.22,28.24,0.0
beledweyne,2025020218,4.74,45.2,0.0,27.15,5.74,9.32,30.77,0.0
beledweyne,2025020219,4.74,45.2,0.0,26.43,6.49,9.52,35.05,0.0
beledweyne,2025020220,4.74,45.2,0.0,25.52,6.82,9.4,43.09,0.0
beledweyne,2025020221,4.74,45.2,0.0,24.19,7.14,9.42,55.33,0.0
beledweyne,2025020222,4.74,45.2,0.0,23.06,6.65,8.59,65.3,0.0
beledweyne,2025020223,4.74,45.2,0.0,22.27,6.46,8.33,71.54,0.0
beledweyne,2025020300,4.74,45.2,0.0,21.64,6.55,8.44,75.8,0.0
beledweyne,2025020301,4.74,45.2,0.0,21.07,6.88,8.94,79.1,0.0
beledweyne,2025020302,4.74,45.2,0.0,20.58,6.95,9.01,81.77,0.0
beledweyne,2025020303,4.74,45.2,24.92,20.58,7.26,9.23,81.25,0.0
beledweyne,2025020304,4.74,45.2,214.65,22.15,8.55,10.43,70.95,0.0
beledweyne,2025020305,4.74,45.2,460.05,24.92,9.38,11.13,55.44,0.0
beledweyne,2025020306,4.74,45.2,691.03,28.03,9.76,11.4,42.33,0.0
beledweyne,2025020307,4.74,45.2,867.95,30.79,9.86,11.39,33.27,0.0
beledweyne,2025020308,4.74,45.2,970.05,32.89,9.81,11.24,27.45,0.0
beledweyne,2025020309,4.74,45.2,1008.05,34.32,9.53,10.88,23.5,0.0
beledweyne,2025020310,4.74,45.2,944.17,35.19,9.11,10.38,20.56,0.0
beledweyne,2025020311,4.74,45.2,803.58,35.48,8.7,9.95,18.33,0.0
beledweyne,2025020312,4.74,45.2,595.35,35.28,8.41,9.69,16.81,0.0
beledweyne,2025020313,4.74,45.2,342.62,34.26,8.16,9.66,16.38,0.0
beledweyne,2025020314,4.74,45.2,98.45,32.02,6.53,9.37,17.51,0.0
beledweyne,2025020315,4.74,45.2,0.0,28.61,4.86,9.58,20.71,0.0
beledweyne,2025020316,4.74,45.2,0.0,27.63,5.53,10.06,21.48,0.0
beledweyne,2025020317,4.74,45.2,0.0,26.5,5.67,9.74,23.33,0.0
beledweyne,2025020318,4.74,45.2,0.0,25.18,5.62,9.47,27.78,0.0
beledweyne,2025020319,4.74,45.2,0.0,24.16,5.93,9.34,35.45,0.0
beledweyne,2025020320,4.74,45.2,0.0,23.1,5.93,8.99,45.67,0.0
beledweyne,2025020321,4.74,45.2,0.0,21.99,5.65,8.42,56.33,0.0
beledweyne,2025020322,4.74,45.2,0.0,20.95,5.26,7.79,65.72,0.0
beledweyne,2025020323,4.74,45.2,0.0,20.04,4.86,7.21,73.63,0.0
beledweyne,2025020400,4.74,45.2,0.0,19.29,4.49,6.7,79.95,0.0
beledweyne,2025020401,4.74,45.2,0.0,18.71,4.28,6.39,84.76,0.0
beledweyne,2025020402,4.74,45.2,0.0,18.26,4.36,6.4,88.36,0.0
beledweyne,2025020403,4.74,45.2,25.65,18.56,5.52,7.37,86.93,0.0
beledweyne,2025020404,4.74,45.2,218.5,21.01,8.44,10.29,69.67,0.0
beledweyne,2025020405,4.74,45.2,460.45,24.35,9.01,10.58,50.11,0.0
beledweyne,2025020406,4.74,45.2,687.28,27.69,9.0,10.4,37.08,0.0
beledweyne,2025020407,4.74,45.2,827.75,30.29,8.7,9.94,32.48,0.0
beledweyne,2025020408,4.74,45.2,892.22,32.25,8.25,9.35,30.76,0.0
beledweyne,2025020409,4.74,45.2,876.55,33.76,7.8,8.78,28.93,0.0
beledweyne,2025020410,4.74,45.2,757.7,34.7,7.35,8.25,27.13,0.0
beledweyne,2025020411,4.74,45.2,678.17,35.08,6.99,7.87,25.88,0.0
beledweyne,2025020412,4.74,45.2,471.65,34.79,6.81,7.71,25.75,0.0
beledweyne,2025020413,4.74,45.2,270.5,33.83,6.76,7.81,26.75,0.0
beledweyne,2025020414,4.74,45.2,82.03,32.01,5.84,7.88,29.61,0.0
beledweyne,2025020415,4.74,45.2,0.0,29.4,4.36,8.29,34.92,0.0
beledweyne,2025020416,4.74,45.2,0.0,28.83,5.15,8.68,37.1,0.0
beledweyne,2025020417,4.74,45.2,0.0,28.21,5.64,8.87,39.92,0.0
beledweyne,2025020418,4.74,45.2,0.0,27.44,5.69,8.74,43.77,0.0
beledweyne,2025020419,4.74,45.2,0.0,26.46,5.28,8.23,48.92,0.0
beledweyne,2025020420,4.74,45.2,0.0,25.48,5.21,7.93,54.97,0.0
beledweyne,2025020421,4.74,45.2,0.0,24.46,5.27,7.67,62.08,0.0
beledweyne,2025020422,4.74,45.2,0.0,23.43,5.07,7.18,69.28,0.0
beledweyne,2025020423,4.74,45.2,0.0,22.55,4.83,6.74,75.32,0.0
beledweyne,2025020500,4.74,45.2,0.0,21.83,4.67,6.46,80.2,0.0
beledweyne,2025020501,4.74,45.2,0.0,21.24,4.97,6.97,83.81,0.0
beledweyne,2025020502,4.74,45.2,0.0,20.89,6.04,7.97,85.08,0.0
beledweyne,2025020503,4.74,45.2,22.9,21.07,6.69,8.41,82.6,0.0
beledweyne,2025020504,4.74,45.2,181.07,22.82,7.66,9.08,70.44,0.0
beledweyne,2025020505,4.74,45.2,372.6,25.37,8.03,9.26,56.01,0.0
beledweyne,2025020506,4.74,45.2,579.5,28.19,7.92,8.99,43.77,0.0
beledweyne,2025020507,4.74,45.2,737.62,30.79,7.73,8.71,35.26,0.0
beledweyne,2025020508,4.74,45.2,806.88,32.84,7.48,8.39,29.82,0.0
beledweyne,2025020509,4.74,45.2,835.78,34.32,7.09,7.91,26.26,0.0
beledweyne,2025020510,4.74,45.2,757.25,35.23,6.6,7.34,23.93,0.0
beledweyne,2025020511,4.74,45.2,689.6,35.54,6.12,6.82,22.65,0.0
beledweyne,2025020512,4.74,45.2,518.75,35.25,5.73,6.41,22.41,0.0
beledweyne,2025020513,4.74,45.2,299.85,34.38,5.38,6.12,23.12,0.0
beledweyne,2025020514,4.74,45.2,87.32,32.32,4.0,5.95,26.03,0.0
beledweyne,2025020515,4.74,45.2,0.0,29.2,3.05,6.43,31.66,0.0
beledweyne,2025020516,4.74,45.2,0.0,28.45,3.38,7.17,34.42,0.0
beledweyne,2025020517,4.74,45.2,0.0,27.83,3.83,7.79,38.24,0.0
beledweyne,2025020518,4.74,45.2,0.0,27.29,4.43,8.23,43.29,0.0
beledweyne,2025020519,4.74,45.2,0.0,26.7,4.96,8.36,49.2,0.0
beledweyne,2025020520,4.74,45.2,0.0,26.01,5.43,8.5,55.42,0.0
beledweyne,2025020521,4.74,45.2,0.0,25.13,5.48,8.16,61.12,0.0
beledweyne,2025020522,4.74,45.2,0.0,24.06,4.98,7.45,66.37,0.0
beledweyne,2025020523,4.74,45.2,0.0,23.08,4.57,6.85,71.21,0.0
beledweyne,2025020600,4.74,45.2,0.0,22.25,4.3,6.48,75.93,0.0
beledweyne,2025020601,4.74,45.2,0.0,21.62,4.26,6.38,80.26,0.0
beledweyne,2025020602,4.74,45.2,0.0,21.09,4.25,6.3,84.5,0.0
beledweyne,2025020603,4.74,45.2,29.83,21.29,5.07,6.67,85.06,0.0
beledweyne,2025020604,4.74,45.2,227.93,23.56,7.23,8.61,73.84,0.0
beledweyne,2025020605,4.74,45.2,454.88,26.65,7.78,8.94,59.2,0.0
beledweyne,2025020606,4.74,45.2,713.3,29.75,7.67,8.68,47.34,0.0
beledweyne,2025020607,4.74,45.2,888.38,32.35,7.45,8.35,39.23,0.0
beledweyne,2025020608,4.74,45.2,985.05,34.26,7.19,8.01,34.17,0.0
beledweyne,2025020609,4.74,45.2,991.12,35.65,6.73,7.46,30.38,0.0
beledweyne,2025020610,4.74,45.2,918.9,36.49,6.2,6.85,27.55,0.0
beledweyne,2025020611,4.74,45.2,784.95,36.79,5.81,6.42,25.83,0.0
beledweyne,2025020612,4.74,45.2,581.28,36.48,5.63,6.25,25.2,0.0
beledweyne,2025020613,4.74,45.2,336.38,35.57,5.62,6.36,25.62,0.0
beledweyne,2025020614,4.74,45.2,97.65,33.71,4.71,6.54,27.89,0.0
beledweyne,2025020615,4.74,45.2,0.0,30.88,3.52,7.34,32.4,0.0
beledweyne,2025020616,4.74,45.2,0.0,30.04,4.19,8.21,33.74,0.0
beledweyne,2025020617,4.74,45.2,0.0,29.2,4.81,8.62,35.37,0.0
beledweyne,2025020618,4.74,45.2,0.0,28.25,5.3,8.69,38.0,0.0
beledweyne,2025020619,4.74,45.2,0.0,27.15,5.58,8.53,43.17,0.0
beledweyne,2025020620,4.74,45.2,0.0,25.88,5.49,7.98,52.42,0.0
beledweyne,2025020621,4.74,45.2,0.0,24.61,4.89,6.99,63.92,0.0
beledweyne,2025020622,4.74,45.2,0.0,23.55,4.24,6.11,73.53,0.0
beledweyne,2025020623,4.74,45.2,0.0,22.72,3.79,5.61,80.34,0.0
beledweyne,2025020700,4.74,45.2,0.0,22.07,3.86,5.64,85.41,0.0
beledweyne,2025020701,4.74,45.2,0.0,21.61,3.76,5.36,88.99,0.0
beledweyne,2025020702,4.74,45.2,0.0,21.25,3.19,4.73,91.77,0.0
beledweyne,2025020703,4.74,45.2,26.02,21.77,3.98,5.22,89.19,0.0
beledweyne,2025020704,4.74,45.2,202.7,24.16,5.83,6.85,75.84,0.0
beledweyne,2025020705,4.74,45.2,421.52,27.2,6.1,6.88,60.44,0.0
beledweyne,2025020706,4.74,45.2,715.1,30.38,5.89,6.54,46.61,0.0
beledweyne,2025020707,4.74,45.2,885.35,33.05,5.66,6.24,37.23,0.0
beledweyne,2025020708,4.74,45.2,982.72,34.99,5.42,5.96,31.47,0.0
beledweyne,2025020709,4.74,45.2,1006.17,36.35,5.11,5.59,27.29,0.0
beledweyne,2025020710,4.74,45.2,940.88,37.16,4.77,5.2,24.44,0.0
beledweyne,2025020711,4.74,45.2,800.97,37.41,4.48,4.89,22.86,0.0
beledweyne,2025020712,4.74,45.2,597.5,37.1,4.31,4.72,22.41,0.0
beledweyne,2025020713,4.74,45.2,348.3,36.18,4.17,4.64,23.05,0.0
beledweyne,2025020714,4.74,45.2,102.53,34.14,3.18,4.62,25.61,0.0
beledweyne,2025020715,4.74,45.2,0.0,30.87,2.71,5.12,30.95,0.0
beledweyne,2025020716,4.74,45.2,0.0,30.01,2.97,5.96,32.9,0.0
beledweyne,2025020717,4.74,45.2,0.0,29.26,3.35,6.9,35.14,0.0
beledweyne,2025020718,4.74,45.2,0.0,28.49,4.2,7.81,38.91,0.0
beledweyne,2025020719,4.74,45.2,0.0,27.47,5.46,8.39,46.42,0.0
beledweyne,2025020720,4.74,45.2,0.0,26.15,6.07,8.33,57.96,0.0
beledweyne,2025020721,4.74,45.2,0.0,25.0,5.76,7.58,68.67,0.0
beledweyne,2025020722,4.74,45.2,0.0,24.14,4.94,6.47,75.62,0.0
beledweyne,2025020723,4.74,45.2,0.0,23.48,4.31,5.75,79.8,0.0
beledweyne,2025020800,4.74,45.2,0.0,23.01,3.98,5.34,82.35,0.0
beledweyne,2025020801,4.74,45.2,0.0,22.67,3.89,5.22,84.07,0.0
beledweyne,2025020802,4.74,45.2,0.0,22.42,3.84,5.15,85.3,0.0
beledweyne,2025020803,4.74,45.2,29.15,22.7,4.24,5.19,83.53,0.0
beledweyne,2025020804,4.74,45.2,211.95,24.61,4.58,5.2,72.6,0.0
beledweyne,2025020805,4.74,45.2,403.42,27.41,4.45,4.93,59.34,0.0
beledweyne,2025020806,4.74,45.2,710.45,30.57,4.01,4.31,46.91,0.0
beledweyne,2025020807,4.74,45.2,883.62,33.54,3.44,3.66,36.4,0.0
beledweyne,2025020808,4.74,45.2,981.38,35.49,3.32,3.54,30.01,0.0
beledweyne,2025020809,4.74,45.2,1008.12,36.85,3.29,3.5,25.6,0.0
beledweyne,2025020810,4.74,45.2,943.15,37.63,3.23,3.45,22.9,0.0
beledweyne,2025020811,4.74,45.2,803.2,37.92,3.18,3.41,21.37,0.0
beledweyne,2025020812,4.74,45.2,592.1,37.62,3.19,3.45,20.95,0.0
beledweyne,2025020813,4.74,45.2,349.17,36.76,3.25,3.56,21.41,0.0
beledweyne,2025020814,4.74,45.2,103.32,34.81,2.65,3.76,23.65,0.0
beledweyne,2025020815,4.74,45.2,0.0,31.67,2.49,4.5,28.15,0.0
beledweyne,2025020816,4.74,45.2,0.0,30.73,2.88,5.57,29.76,0.0
beledweyne,2025020817,4.74,45.2,0.0,29.9,3.25,6.65,31.42,0.0
beledweyne,2025020818,4.74,45.2,0.0,29.08,3.78,7.48,33.58,0.0
beledweyne,2025020819,4.74,45.2,0.0,28.04,4.68,7.99,38.25,0.0
beledweyne,2025020820,4.74,45.2,0.0,26.64,5.74,8.19,48.0,0.0
beledweyne,2025020821,4.74,45.2,0.0,25.08,6.17,8.08,61.33,0.0
beledweyne,2025020822,4.74,45.2,0.0,23.88,5.9,7.5,72.5,0.0
beledweyne,2025020823,4.74,45.2,0.0,23.06,5.33,6.77,79.66,0.0
beledweyne,2025020900,4.74,45.2,0.0,22.59,4.86,6.15,83.09,0.0
beledweyne,2025020901,4.74,45.2,0.0,22.24,4.32,5.5,84.92,0.0
beledweyne,2025020902,4.74,45.2,0.0,21.97,3.77,4.79,86.13,0.0
beledweyne,2025020903,4.74,45.2,22.88,22.26,3.7,4.41,84.04,0.0
beledweyne,2025020904,4.74,45.2,139.27,24.16,3.78,4.23,72.97,0.0
beledweyne,2025020905,4.74,45.2,279.58,26.93,3.88,4.26,59.71,0.0
beledweyne,2025020906,4.74,45.2,576.35,29.96,4.04,4.37,47.99,0.0
beledweyne,2025020907,4.74,45.2,890.45,32.96,4.01,4.26,37.8,0.0
beledweyne,2025020908,4.74,45.2,987.33,35.53,3.93,4.17,30.3,0.0
beledweyne,2025020909,4.74,45.2,1000.45,37.07,3.96,4.24,26.46,0.0
beledweyne,2025020910,4.74,45.2,936.28,37.93,4.01,4.32,23.72,0.0
beledweyne,2025020911,4.74,45.2,794.62,38.19,4.06,4.42,21.95,0.0
beledweyne,2025020912,4.74,45.2,589.92,37.91,4.13,4.54,21.06,0.0
beledweyne,2025020913,4.74,45.2,344.12,37.04,4.26,4.74,21.12,0.0
beledweyne,2025020914,4.74,45.2,102.1,35.04,3.53,5.12,23.06,0.0
beledweyne,2025020915,4.74,45.2,0.0,31.81,3.09,6.33,27.78,0.0
beledweyne,2025020916,4.74,45.2,0.0,31.15,3.94,7.82,29.35,0.0
beledweyne,2025020917,4.74,45.2,0.0,30.57,5.16,8.88,31.04,0.0
beledweyne,2025020918,4.74,45.2,0.0,29.79,6.33,9.43,33.45,0.0
beledweyne,2025020919,4.74,45.2,0.0,28.54,6.92,9.66,38.11,0.0
beledweyne,2025020920,4.74,45.2,0.0,27.06,6.72,8.98,46.14,0.0
beledweyne,2025020921,4.74,45.2,0.0,25.57,5.69,7.51,55.74,0.0
beledweyne,2025020922,4.74,45.2,0.0,24.37,4.74,6.37,63.64,0.0
beledweyne,2025020923,4.74,45.2,0.0,23.46,3.92,5.51,69.33,0.0
beledweyne,2025021000,4.74,45.2,0.0,22.66,3.14,4.77,74.17,0.0
beledweyne,2025021001,4.74,45.2,0.0,21.91,2.28,4.06,78.72,0.0
beledweyne,2025021002,4.74,45.2,0.0,21.27,1.92,3.84,82.97,0.0
beledweyne,2025021003,4.74,45.2,26.3,21.79,3.4,4.56,81.62,0.0
beledweyne,2025021004,4.74,45.2,165.2,23.93,5.25,6.08,71.7,0.0
beledweyne,2025021005,4.74,45.2,292.65,26.85,5.64,6.38,57.24,0.0
beledweyne,2025021006,4.74,45.2,636.1,30.05,5.74,6.45,44.06,0.0
beledweyne,2025021007,4.74,45.2,897.95,33.15,5.88,6.58,33.44,0.0
beledweyne,2025021008,4.74,45.2,994.38,35.51,5.93,6.61,27.12,0.0
beledweyne,2025021009,4.74,45.2,998.62,37.07,5.86,6.51,23.39,0.0
beledweyne,2025021010,4.74,45.2,933.53,37.97,5.8,6.44,20.82,0.0
beledweyne,2025021011,4.74,45.2,796.28,38.21,5.82,6.46,19.23,0.0
beledweyne,2025021012,4.74,45.2,592.0,37.85,5.91,6.61,18.62,0.0
beledweyne,2025021013,4.74,45.2,341.4,36.83,6.06,6.92,19.06,0.0
beledweyne,2025021014,4.74,45.2,99.05,34.74,5.06,7.22,21.14,0.0
beledweyne,2025021015,4.74,45.2,0.0,31.54,3.84,8.02,25.49,0.0
beledweyne,2025021016,4.74,45.2,0.0,30.84,4.66,8.91,26.94,0.0
beledweyne,2025021017,4.74,45.2,0.0,30.17,5.65,9.37,29.36,0.0
beledweyne,2025021018,4.74,45.2,0.0,29.14,6.27,9.3,35.52,0.0
beledweyne,2025021019,4.74,45.2,0.0,27.82,6.51,9.08,47.76,0.0
beledweyne,2025021020,4.74,45.2,0.0,26.59,6.97,9.19,62.68,0.0
beledweyne,2025021021,4.74,45.2,0.0,25.61,6.5,8.5,71.33,0.0
beledweyne,2025021022,4.74,45.2,0.0,24.75,6.28,8.23,76.66,0.0
beledweyne,2025021023,4.74,45.2,0.0,23.94,6.14,8.06,80.76,0.0
beledweyne,2025021100,4.74,45.2,0.0,23.24,6.05,8.06,84.26,0.0
beledweyne,2025021101,4.74,45.2,0.0,22.84,6.43,8.49,86.1,0.0
beledweyne,2025021102,4.74,45.2,0.0,22.68,6.36,8.3,86.52,0.0
beledweyne,2025021103,4.74,45.2,22.75,23.07,6.39,8.18,83.87,0.0
beledweyne,2025021104,4.74,45.2,140.82,25.09,8.01,9.61,72.32,0.0
beledweyne,2025021105,4.74,45.2,268.95,27.78,8.53,9.95,59.76,0.0
beledweyne,2025021106,4.74,45.2,452.73,30.55,8.52,9.79,49.59,0.0
beledweyne,2025021107,4.74,45.2,698.9,33.01,8.38,9.54,41.69,0.0
beledweyne,2025021108,4.74,45.2,817.4,35.02,8.23,9.33,35.53,0.0
beledweyne,2025021109,4.74,45.2,823.47,36.44,8.06,9.1,31.31,0.0
beledweyne,2025021110,4.74,45.2,695.05,37.28,7.81,8.81,29.05,0.0
beledweyne,2025021111,4.74,45.2,573.15,37.49,7.63,8.61,28.31,0.0
beledweyne,2025021112,4.74,45.2,447.2,36.99,7.63,8.64,29.1,0.0
beledweyne,2025021113,4.74,45.2,253.62,35.58,7.81,9.0,32.41,0.0
beledweyne,2025021114,4.74,45.2,79.85,33.62,7.95,9.67,38.57,0.0
beledweyne,2025021115,4.74,45.2,0.0,31.9,8.04,10.25,45.82,0.0
beledweyne,2025021116,4.74,45.2,0.0,30.82,8.39,10.65,50.83,0.0
beledweyne,2025021117,4.74,45.2,0.0,30.0,8.18,10.5,53.1,0.0
beledweyne,2025021118,4.74,45.2,0.0,29.29,7.86,10.17,53.96,0.0
beledweyne,2025021119,4.74,45.2,0.0,28.33,7.75,9.99,55.97,0.0
beledweyne,2025021120,4.74,45.2,0.0,27.11,7.75,9.86,60.09,0.0
beledweyne,2025021121,4.74,45.2,0.0,25.87,7.55,9.53,65.27,0.0
beledweyne,2025021122,4.74,45.2,0.0,24.77,7.25,9.15,70.07,0.0
beledweyne,2025021123,4.74,45.2,0.0,23.83,6.91,8.75,73.93,0.0
beledweyne,2025021200,4.74,45.2,0.0,23.03,6.55,8.38,77.13,0.0
beledweyne,2025021201,4.74,45.2,0.0,22.36,6.27,8.06,79.77,0.0
beledweyne,2025021202,4.74,45.2,0.0,21.95,6.14,7.87,81.27,0.0
beledweyne,2025021203,4.74,45.2,29.02,22.12,6.6,8.23,79.45,0.0
beledweyne,2025021204,4.74,45.2,208.3,23.79,7.64,8.95,68.65,0.0
beledweyne,2025021205,4.74,45.2,412.48,26.28,7.86,9.0,54.84,0.0
beledweyne,2025021206,4.74,45.2,634.35,29.12,7.88,8.92,41.89,0.0
beledweyne,2025021207,4.74,45.2,828.12,31.9,7.82,8.79,31.33,0.0
beledweyne,2025021208,4.74,45.2,877.7,34.09,7.62,8.52,24.37,0.0
beledweyne,2025021209,4.74,45.2,918.85,35.63,7.34,8.18,20.4,0.0
beledweyne,2025021210,4.74,45.2,874.25,36.54,7.04,7.83,18.79,0.0
beledweyne,2025021211,4.74,45.2,780.6,36.86,6.82,7.62,18.58,0.0
beledweyne,2025021212,4.74,45.2,583.62,36.53,6.72,7.56,19.34,0.0
beledweyne,2025021213,4.74,45.2,330.08,35.6,6.67,7.67,21.05,0.0
beledweyne,2025021214,4.74,45.2,93.97,33.78,5.67,7.67,24.33,0.0
beledweyne,2025021215,4.74,45.2,0.0,31.08,4.05,8.02,29.77,0.0
beledweyne,2025021216,4.74,45.2,0.0,30.55,4.89,8.55,32.91,0.0
beledweyne,2025021217,4.74,45.2,0.0,30.11,5.82,8.85,36.62,0.0
beledweyne,2025021218,4.74,45.2,0.0,29.35,6.48,9.14,41.43,0.0
beledweyne,2025021219,4.74,45.2,0.0,28.28,7.15,9.56,47.0,0.0
beledweyne,2025021220,4.74,45.2,0.0,26.75,7.36,9.53,53.28,0.0
beledweyne,2025021221,4.74,45.2,0.0,25.33,7.16,9.1,58.83,0.0
beledweyne,2025021222,4.74,45.2,0.0,24.29,6.7,8.5,63.44,0.0
beledweyne,2025021223,4.74,45.2,0.0,23.53,6.39,8.18,67.78,0.0
beledweyne,2025021300,4.74,45.2,0.0,22.85,6.19,7.97,72.21,0.0
beledweyne,2025021301,4.74,45.2,0.0,22.2,5.94,7.76,76.39,0.0
beledweyne,2025021302,4.74,45.2,0.0,21.6,5.64,7.44,80.16,0.0
beledweyne,2025021303,4.74,45.2,28.75,21.62,5.83,7.4,80.86,0.0
beledweyne,2025021304,4.74,45.2,225.05,23.64,7.43,8.9,69.89,0.0
beledweyne,2025021305,4.74,45.2,467.42,26.52,7.9,9.13,55.75,0.0
beledweyne,2025021306,4.74,45.2,719.47,29.5,7.7,8.74,44.7,0.0
beledweyne,2025021307,4.74,45.2,892.03,32.17,7.34,8.22,35.44,0.0
beledweyne,2025021308,4.74,45.2,975.28,34.28,6.95,7.73,28.02,0.0
beledweyne,2025021309,4.74,45.2,992.67,35.82,6.51,7.21,22.92,0.0
beledweyne,2025021310,4.74,45.2,926.08,36.76,6.03,6.65,19.91,0.0
beledweyne,2025021311,4.74,45.2,784.0,37.09,5.63,6.21,18.35,0.0
beledweyne,2025021312,4.74,45.2,579.12,36.81,5.41,6.0,18.02,0.0
beledweyne,2025021313,4.74,45.2,335.55,35.87,5.28,5.97,18.74,0.0
beledweyne,2025021314,4.74,45.2,99.8,33.68,3.94,5.95,21.29,0.0
beledweyne,2025021315,4.74,45.2,0.0,30.36,3.12,6.46,26.14,0.0
beledweyne,2025021316,4.74,45.2,0.0,29.58,3.46,7.29,28.38,0.0
beledweyne,2025021317,4.74,45.2,0.0,28.94,4.02,8.09,31.34,0.0
beledweyne,2025021318,4.74,45.2,0.0,28.33,4.93,8.68,35.43,0.0
beledweyne,2025021319,4.74,45.2,0.0,27.5,5.86,8.9,41.73,0.0
beledweyne,2025021320,4.74,45.2,0.0,26.34,5.96,8.43,50.69,0.0
beledweyne,2025021321,4.74,45.2,0.0,25.11,5.24,7.31,60.14,0.0
beledweyne,2025021322,4.74,45.2,0.0,24.11,4.68,6.44,67.83,0.0
beledweyne,2025021323,4.74,45.2,0.0,23.3,4.25,5.83,73.54,0.0
beledweyne,2025021400,4.74,45.2,0.0,22.68,4.11,5.68,77.77,0.0
beledweyne,2025021401,4.74,45.2,0.0,22.16,4.68,6.29,81.3,0.0
beledweyne,2025021402,4.74,45.2,0.0,21.76,5.27,6.9,83.9,0.0
beledweyne,2025021403,4.74,45.2,27.48,21.92,6.1,7.56,82.63,0.0
beledweyne,2025021404,4.74,45.2,218.8,23.83,6.86,7.98,70.78,0.0
beledweyne,2025021405,4.74,45.2,468.65,26.63,6.92,7.84,57.42,0.0
beledweyne,2025021406,4.74,45.2,707.42,29.66,6.65,7.41,47.34,0.0
beledweyne,2025021407,4.74,45.2,879.0,32.4,6.25,6.88,40.18,0.0
beledweyne,2025021408,4.74,45.2,976.0,34.47,5.81,6.32,34.94,0.0
beledweyne,2025021409,4.74,45.2,993.08,35.96,5.38,5.82,30.53,0.0
beledweyne,2025021410,4.74,45.2,900.9,36.88,5.09,5.5,27.2,0.0
beledweyne,2025021411,4.74,45.2,784.88,37.23,4.92,5.35,25.13,0.0
beledweyne,2025021412,4.74,45.2,577.92,36.94,4.83,5.29,24.33,0.0
beledweyne,2025021413,4.74,45.2,325.92,36.07,4.87,5.43,24.53,0.0
beledweyne,2025021414,4.74,45.2,92.25,34.31,4.32,5.86,26.37,0.0
beledweyne,2025021415,4.74,45.2,0.0,31.45,3.32,6.95,30.52,0.0
beledweyne,2025021416,4.74,45.2,0.0,30.76,4.18,8.05,31.21,0.0
beledweyne,2025021417,4.74,45.2,0.0,30.04,5.02,8.6,32.0,0.0
beledweyne,2025021418,4.74,45.2,0.0,29.12,5.66,8.84,33.53,0.0
beledweyne,2025021419,4.74,45.2,0.0,28.01,6.18,9.02,37.0,0.0
beledweyne,2025021420,4.74,45.2,0.0,26.71,6.35,8.78,44.62,0.0
beledweyne,2025021421,4.74,45.2,0.0,25.34,5.81,7.73,55.9,0.0
beledweyne,2025021422,4.74,45.2,0.0,24.16,5.35,6.99,66.49,0.0
beledweyne,2025021423,4.74,45.2,0.0,23.27,5.35,6.83,73.94,0.0
beledweyne,2025021500,4.74,45.2,0.0,22.68,4.98,6.32,77.73,0.0
beledweyne,2025021501,4.74,45.2,0.0,22.26,4.91,6.28,80.08,0.0
beledweyne,2025021502,4.74,45.2,0.0,21.96,5.02,6.36,81.56,0.0
beledweyne,2025021503,4.74,45.2,26.73,22.2,5.49,6.73,80.44,0.0
beledweyne,2025021504,4.74,45.2,205.0,24.02,6.41,7.43,70.81,0.0
beledweyne,2025021505,4.74,45.2,443.55,26.72,6.64,7.49,58.74,0.0
beledweyne,2025021506,4.74,45.2,689.17,29.63,6.58,7.33,48.49,0.0
beledweyne,2025021507,4.74,45.2,866.08,32.36,6.44,7.11,40.79,0.0
beledweyne,2025021508,4.74,45.2,968.35,34.52,6.18,6.78,36.21,0.0
beledweyne,2025021509,4.74,45.2,976.85,36.0,5.89,6.47,33.27,0.0
beledweyne,2025021510,4.74,45.2,843.67,36.95,5.63,6.18,30.82,0.0
beledweyne,2025021511,4.74,45.2,773.62,37.35,5.38,5.91,29.01,0.0
beledweyne,2025021512,4.74,45.2,547.72,37.11,5.18,5.71,28.26,0.0
beledweyne,2025021513,4.74,45.2,302.73,36.28,5.03,5.62,28.36,0.0
beledweyne,2025021514,4.74,45.2,86.7,34.65,4.34,5.74,29.8,0.0
beledweyne,2025021515,4.74,45.2,0.0,31.87,3.15,6.62,33.64,0.0
beledweyne,2025021516,4.74,45.2,0.0,31.06,3.92,7.73,33.64,0.0
beledweyne,2025021517,4.74,45.2,0.0,30.23,4.73,8.38,33.5,0.0
beledweyne,2025021518,4.74,45.2,0.0,29.19,5.3,8.62,33.89,0.0
beledweyne,2025021519,4.74,45.2,0.0,27.96,5.59,8.61,35.38,0.0
beledweyne,2025021520,4.74,45.2,0.0,26.6,5.73,8.45,38.75,0.0
beledweyne,2025021521,4.74,45.2,0.0,25.19,5.77,8.2,45.21,0.0
beledweyne,2025021522,4.74,45.2,0.0,23.85,5.75,7.92,55.37,0.0
beledweyne,2025021523,4.74,45.2,0.0,22.72,5.6,7.59,67.02,0.0
beledweyne,2025021600,4.74,45.2,0.0,21.81,5.38,7.24,77.02,0.0
beledweyne,2025021601,4.74,45.2,0.0,21.07,5.11,6.87,84.11,0.0
beledweyne,2025021602,4.74,45.2,0.0,20.5,4.72,6.44,88.59,0.0
beledweyne,2025021603,4.74,45.2,29.98,20.77,5.16,6.4,87.32,0.0
beledweyne,2025021604,4.74,45.2,226.52,23.14,5.84,6.7,73.16,0.0
beledweyne,2025021605,4.74,45.2,469.52,26.17,5.89,6.59,57.96,0.0
beledweyne,2025021606,4.74,45.2,735.4,29.41,5.75,6.36,45.64,0.0
beledweyne,2025021607,4.74,45.2,911.45,32.67,5.69,6.26,34.89,0.0
beledweyne,2025021608,4.74,45.2,1010.47,35.26,5.74,6.34,27.25,0.0
beledweyne,2025021609,4.74,45.2,1015.2,36.83,5.91,6.53,23.1,0.0
beledweyne,2025021610,4.74,45.2,915.6,37.76,6.08,6.73,20.53,0.0
beledweyne,2025021611,4.74,45.2,809.6,38.04,6.27,6.96,19.07,0.0
beledweyne,2025021612,4.74,45.2,601.12,37.68,6.46,7.21,18.58,0.0
beledweyne,2025021613,4.74,45.2,347.23,36.65,6.55,7.47,18.85,0.0
beledweyne,2025021614,4.74,45.2,102.22,34.53,5.44,7.62,20.63,0.0
beledweyne,2025021615,4.74,45.2,0.0,31.15,4.03,8.33,24.7,0.0
beledweyne,2025021616,4.74,45.2,0.0,30.27,4.74,9.09,25.68,0.0
beledweyne,2025021617,4.74,45.2,0.0,29.35,5.46,9.38,27.1,0.0
beledweyne,2025021618,4.74,45.2,0.0,28.13,6.22,9.6,31.02,0.0
beledweyne,2025021619,4.74,45.2,0.0,26.67,6.95,9.75,40.48,0.0
beledweyne,2025021620,4.74,45.2,0.0,25.12,6.91,9.26,54.98,0.0
beledweyne,2025021621,4.74,45.2,0.0,23.75,6.34,8.32,67.93,0.0
beledweyne,2025021622,4.74,45.2,0.0,22.64,5.5,7.23,76.14,0.0
beledweyne,2025021623,4.74,45.2,0.0,21.79,4.89,6.58,81.42,0.0
beledweyne,2025021700,4.74,45.2,0.0,21.17,4.89,6.64,84.91,0.0
beledweyne,2025021701,4.74,45.2,0.0,20.77,5.32,7.09,86.9,0.0
beledweyne,2025021702,4.74,45.2,0.0,20.51,5.55,7.22,87.88,0.0
beledweyne,2025021703,4.74,45.2,32.42,20.82,6.04,7.49,85.6,0.0
beledweyne,2025021704,4.74,45.2,247.18,22.87,6.98,8.16,72.41,0.0
beledweyne,2025021705,4.74,45.2,515.67,25.72,7.22,8.23,56.47,0.0
beledweyne,2025021706,4.74,45.2,752.03,28.8,7.16,8.09,43.09,0.0
beledweyne,2025021707,4.74,45.2,927.72,31.75,7.14,8.01,32.11,0.0
beledweyne,2025021708,4.74,45.2,1026.2,34.11,7.05,7.88,24.22,0.0
beledweyne,2025021709,4.74,45.2,1043.38,35.81,6.87,7.66,19.11,0.0
beledweyne,2025021710,4.74,45.2,975.47,36.85,6.63,7.38,16.0,0.0
beledweyne,2025021711,4.74,45.2,836.95,37.23,6.39,7.11,14.27,0.0
beledweyne,2025021712,4.74,45.2,626.0,36.97,6.13,6.87,13.62,0.0
beledweyne,2025021713,4.74,45.2,369.67,35.96,5.82,6.64,14.08,0.0
beledweyne,2025021714,4.74,45.2,113.9,33.31,4.03,6.42,16.53,0.0
beledweyne,2025021715,4.74,45.2,0.0,29.44,3.38,6.84,21.25,0.0
beledweyne,2025021716,4.74,45.2,0.0,28.51,3.63,7.58,23.33,0.0
beledweyne,2025021717,4.74,45.2,0.0,27.71,4.07,8.35,26.14,0.0
beledweyne,2025021718,4.74,45.2,0.0,26.92,4.92,9.01,30.73,0.0
beledweyne,2025021719,4.74,45.2,0.0,25.98,6.03,9.38,38.8,0.0
beledweyne,2025021720,4.74,45.2,0.0,24.76,6.55,9.27,50.88,0.0
beledweyne,2025021721,4.74,45.2,0.0,23.56,6.23,8.57,63.09,0.0
beledweyne,2025021722,4.74,45.2,0.0,22.53,5.44,7.46,71.44,0.0
beledweyne,2025021723,4.74,45.2,0.0,21.71,4.79,6.76,76.89,0.0
beledweyne,2025021800,4.74,45.2,0.0,21.07,4.47,6.49,81.06,0.0
beledweyne,2025021801,4.74,45.2,0.0,20.6,4.47,6.46,84.52,0.0
beledweyne,2025021802,4.74,45.2,0.0,20.3,4.8,6.69,87.04,0.0
beledweyne,2025021803,4.74,45.2,34.72,20.71,5.8,7.32,85.01,0.0
beledweyne,2025021804,4.74,45.2,253.75,22.74,6.65,7.74,72.4,0.0
beledweyne,2025021805,4.74,45.2,516.3,25.65,6.69,7.58,56.25,0.0
beledweyne,2025021806,4.74,45.2,761.47,28.84,6.64,7.48,42.61,0.0
beledweyne,2025021807,4.74,45.2,933.25,31.88,6.69,7.48,32.04,0.0
beledweyne,2025021808,4.74,45.2,1030.7,34.16,6.45,7.14,24.88,0.0
beledweyne,2025021809,4.74,45.2,1048.15,35.79,6.02,6.62,20.02,0.0
beledweyne,2025021810,4.74,45.2,982.35,36.78,5.59,6.13,16.98,0.0
beledweyne,2025021811,4.74,45.2,838.62,37.16,5.26,5.76,15.19,0.0
beledweyne,2025021812,4.74,45.2,628.72,36.87,5.04,5.58,14.55,0.0
beledweyne,2025021813,4.74,45.2,373.73,35.9,4.92,5.53,14.77,0.0
beledweyne,2025021814,4.74,45.2,115.47,33.3,3.55,5.67,16.94,0.0
beledweyne,2025021815,4.74,45.2,0.0,29.47,3.25,6.36,21.23,0.0
beledweyne,2025021816,4.74,45.2,0.0,28.54,3.48,7.21,22.82,0.0
beledweyne,2025021817,4.74,45.2,0.0,27.75,3.77,7.95,25.09,0.0
beledweyne,2025021818,4.74,45.2,0.0,27.06,4.22,8.53,28.62,0.0
beledweyne,2025021819,4.74,45.2,0.0,26.37,5.02,8.95,34.58,0.0
beledweyne,2025021820,4.74,45.2,0.0,25.5,5.88,9.04,44.61,0.0
beledweyne,2025021821,4.74,45.2,0.0,24.39,5.9,8.48,57.86,0.0
beledweyne,2025021822,4.74,45.2,0.0,23.34,5.18,7.32,69.22,0.0
beledweyne,2025021823,4.74,45.2,0.0,22.42,4.19,6.18,76.37,0.0
beledweyne,2025021900,4.74,45.2,0.0,21.71,3.71,5.8,81.07,0.0
beledweyne,2025021901,4.74,45.2,0.0,21.15,3.44,5.57,84.38,0.0
beledweyne,2025021902,4.74,45.2,0.0,20.55,2.77,4.94,87.94,0.0
beledweyne,2025021903,4.74,45.2,31.38,21.03,3.96,5.34,85.77,0.0
beledweyne,2025021904,4.74,45.2,221.52,23.39,6.05,7.1,73.11,0.0
beledweyne,2025021905,4.74,45.2,445.4,26.38,6.27,7.09,58.03,0.0
beledweyne,2025021906,4.74,45.2,737.03,29.65,6.21,6.96,44.59,0.0
beledweyne,2025021907,4.74,45.2,915.4,32.65,6.24,6.96,34.06,0.0
beledweyne,2025021908,4.74,45.2,1012.15,34.83,6.19,6.87,27.3,0.0
beledweyne,2025021909,4.74,45.2,1032.62,36.34,5.91,6.5,22.88,0.0
beledweyne,2025021910,4.74,45.2,964.5,37.28,5.46,5.97,20.07,0.0
beledweyne,2025021911,4.74,45.2,819.5,37.63,5.05,5.51,18.55,0.0
beledweyne,2025021912,4.74,45.2,609.22,37.3,4.74,5.19,18.02,0.0
beledweyne,2025021913,4.74,45.2,356.85,36.37,4.58,5.09,18.37,0.0
beledweyne,2025021914,4.74,45.2,107.93,34.06,3.44,5.23,20.59,0.0
beledweyne,2025021915,4.74,45.2,0.0,30.46,3.07,6.04,25.17,0.0
beledweyne,2025021916,4.74,45.2,0.0,29.57,3.39,7.04,26.55,0.0
beledweyne,2025021917,4.74,45.2,0.0,28.82,3.83,7.97,27.99,0.0
beledweyne,2025021918,4.74,45.2,0.0,28.11,4.57,8.74,30.04,0.0
beledweyne,2025021919,4.74,45.2,0.0,27.33,5.68,9.3,34.19,0.0
beledweyne,2025021920,4.74,45.2,0.0,26.25,6.39,9.36,42.81,0.0
beledweyne,2025021921,4.74,45.2,0.0,25.01,6.0,8.44,55.26,0.0
beledweyne,2025021922,4.74,45.2,0.0,23.84,4.78,6.91,66.58,0.0
beledweyne,2025021923,4.74,45.2,0.0,22.88,3.72,5.8,74.27,0.0
beledweyne,2025022000,4.74,45.2,0.0,22.08,3.03,5.21,79.45,0.0
beledweyne,2025022001,4.74,45.2,0.0,21.41,2.73,4.93,83.5,0.0
beledweyne,2025022002,4.74,45.2,0.0,20.82,2.54,4.74,87.09,0.0
beledweyne,2025022003,4.74,45.2,31.6,21.28,3.84,5.27,85.29,0.0
beledweyne,2025022004,4.74,45.2,240.7,23.69,6.14,7.22,73.29,0.0
beledweyne,2025022005,4.74,45.2,504.02,26.71,6.3,7.09,57.85,0.0
beledweyne,2025022006,4.74,45.2,740.72,30.02,6.04,6.69,43.8,0.0
beledweyne,2025022007,4.74,45.2,916.6,33.2,5.82,6.4,31.75,0.0
beledweyne,2025022008,4.74,45.2,1016.6,35.48,5.67,6.21,24.16,0.0
beledweyne,2025022009,4.74,45.2,1031.22,36.94,5.45,5.94,19.84,0.0
beledweyne,2025022010,4.74,45.2,965.67,37.78,5.23,5.69,17.29,0.0
beledweyne,2025022011,4.74,45.2,820.17,38.0,5.1,5.57,15.99,0.0
beledweyne,2025022012,4.74,45.2,609.95,37.68,5.1,5.62,15.45,0.0
beledweyne,2025022013,4.74,45.2,356.88,36.67,5.17,5.8,15.82,0.0
beledweyne,2025022014,4.74,45.2,108.18,34.26,3.97,6.07,17.99,0.0
beledweyne,2025022015,4.74,45.2,0.0,30.54,3.35,6.96,22.49,0.0
beledweyne,2025022016,4.74,45.2,0.0,29.68,3.77,7.96,24.25,0.0
beledweyne,2025022017,4.74,45.2,0.0,28.89,4.28,8.66,26.81,0.0
beledweyne,2025022018,4.74,45.2,0.0,28.03,4.98,9.01,31.48,0.0
beledweyne,2025022019,4.74,45.2,0.0,27.02,5.91,9.24,39.9,0.0
beledweyne,2025022020,4.74,45.2,0.0,25.8,6.29,8.98,51.84,0.0
beledweyne,2025022021,4.74,45.2,0.0,24.67,5.99,8.35,62.72,0.0
beledweyne,2025022022,4.74,45.2,0.0,23.73,5.63,7.81,69.92,0.0
beledweyne,2025022023,4.74,45.2,0.0,22.95,5.3,7.43,74.63,0.0
beledweyne,2025022100,4.74,45.2,0.0,22.26,5.05,7.21,78.44,0.0
beledweyne,2025022101,4.74,45.2,0.0,21.61,4.71,6.93,82.32,0.0
beledweyne,2025022102,4.74,45.2,0.0,20.96,4.23,6.43,86.86,0.0
beledweyne,2025022103,4.74,45.2,35.35,21.15,4.59,6.16,87.22,0.0
beledweyne,2025022104,4.74,45.2,254.43,23.71,6.82,8.04,73.07,0.0
beledweyne,2025022105,4.74,45.2,511.45,26.97,7.25,8.29,54.59,0.0
beledweyne,2025022106,4.74,45.2,763.33,30.59,7.46,8.48,37.24,0.0
beledweyne,2025022107,4.74,45.2,937.8,33.57,7.63,8.63,26.32,0.0
beledweyne,2025022108,4.74,45.2,1034.9,35.69,7.64,8.61,20.71,0.0
beledweyne,2025022109,4.74,45.2,1033.1,37.07,7.46,8.39,17.59,0.0
beledweyne,2025022110,4.74,45.2,966.58,37.86,7.26,8.14,15.86,0.0
beledweyne,2025022111,4.74,45.2,821.95,38.01,7.08,7.97,15.18,0.0
beledweyne,2025022112,4.74,45.2,611.4,37.62,6.93,7.86,15.13,0.0
beledweyne,2025022113,4.74,45.2,358.8,36.56,6.77,7.83,16.01,0.0
beledweyne,2025022114,4.74,45.2,108.85,34.34,5.38,7.76,18.42,0.0
beledweyne,2025022115,4.74,45.2,0.0,30.83,4.12,8.39,23.61,0.0
beledweyne,2025022116,4.74,45.2,0.0,30.04,4.98,9.11,27.18,0.0
beledweyne,2025022117,4.74,45.2,0.0,29.06,5.73,9.21,33.15,0.0
beledweyne,2025022118,4.74,45.2,0.0,27.76,6.0,8.85,42.2,0.0
beledweyne,2025022119,4.74,45.2,0.0,26.43,5.84,8.23,52.22,0.0
beledweyne,2025022120,4.74,45.2,0.0,25.25,5.37,7.52,61.29,0.0
beledweyne,2025022121,4.74,45.2,0.0,24.18,4.99,6.95,69.73,0.0
beledweyne,2025022122,4.74,45.2,0.0,23.2,4.64,6.52,78.03,0.0
beledweyne,2025022123,4.74,45.2,0.0,22.42,4.71,6.56,85.21,0.0
beledweyne,2025022200,4.74,45.2,0.0,22.0,4.79,6.6,89.08,0.0
beledweyne,2025022201,4.74,45.2,0.0,21.86,5.0,6.84,89.95,0.0
beledweyne,2025022202,4.74,45.2,0.0,21.8,5.2,7.04,89.93,0.0
beledweyne,2025022203,4.74,45.2,31.23,22.23,5.76,7.3,87.0,0.0
beledweyne,2025022204,4.74,45.2,190.12,24.3,6.97,8.14,73.69,0.0
beledweyne,2025022205,4.74,45.2,377.38,27.12,7.12,8.1,57.41,0.0
beledweyne,2025022206,4.74,45.2,637.28,30.21,7.14,8.05,42.21,0.0
beledweyne,2025022207,4.74,45.2,876.42,32.95,7.21,8.09,31.21,0.0
beledweyne,2025022208,4.74,45.2,1024.15,34.97,7.24,8.09,24.61,0.0
beledweyne,2025022209,4.74,45.2,1028.6,36.36,7.03,7.82,20.63,0.0
beledweyne,2025022210,4.74,45.2,963.47,37.13,6.71,7.45,18.47,0.0
beledweyne,2025022211,4.74,45.2,816.6,37.3,6.47,7.21,17.65,0.0
beledweyne,2025022212,4.74,45.2,606.15,36.91,6.31,7.06,17.77,0.0
beledweyne,2025022213,4.74,45.2,355.35,35.89,6.14,7.01,19.05,0.0
beledweyne,2025022214,4.74,45.2,106.55,33.92,4.98,6.91,21.82,0.0
beledweyne,2025022215,4.74,45.2,0.0,30.67,3.46,7.3,26.93,0.0
beledweyne,2025022216,4.74,45.2,0.0,29.92,3.87,7.92,29.07,0.0
beledweyne,2025022217,4.74,45.2,0.0,29.29,4.42,8.41,31.35,0.0
beledweyne,2025022218,4.74,45.2,0.0,28.64,5.21,8.81,34.36,0.0
beledweyne,2025022219,4.74,45.2,0.0,27.82,6.32,9.36,39.62,0.0
beledweyne,2025022220,4.74,45.2,0.0,26.62,6.44,8.94,48.21,0.0
beledweyne,2025022221,4.74,45.2,0.0,25.35,5.95,8.06,58.48,0.0
beledweyne,2025022222,4.74,45.2,0.0,24.29,5.47,7.33,68.14,0.0
beledweyne,2025022223,4.74,45.2,0.0,23.47,5.0,6.7,75.74,0.0
beledweyne,2025022300,4.74,45.2,0.0,22.86,5.18,7.13,81.21,0.0
beledweyne,2025022301,4.74,45.2,0.0,22.47,5.73,7.61,84.28,0.0
beledweyne,2025022302,4.74,45.2,0.0,22.13,5.73,7.55,85.77,0.0
beledweyne,2025022303,4.74,45.2,36.05,22.33,6.17,7.71,84.05,0.0
beledweyne,2025022304,4.74,45.2,260.73,24.27,7.01,8.22,71.54,0.0
beledweyne,2025022305,4.74,45.2,522.05,27.12,7.42,8.52,55.25,0.0
beledweyne,2025022306,4.74,45.2,759.3,30.23,7.54,8.57,40.95,0.0
beledweyne,2025022307,4.74,45.2,930.05,33.04,7.5,8.45,30.76,0.0
beledweyne,2025022308,4.74,45.2,1025.88,35.2,7.32,8.2,24.25,0.0
beledweyne,2025022309,4.74,45.2,1038.78,36.67,6.98,7.78,20.54,0.0
beledweyne,2025022310,4.74,45.2,968.6,37.52,6.62,7.36,18.86,0.0
beledweyne,2025022311,4.74,45.2,822.35,37.74,6.32,7.04,18.55,0.0
beledweyne,2025022312,4.74,45.2,612.45,37.36,6.09,6.83,19.12,0.0
beledweyne,2025022313,4.74,45.2,361.23,36.38,5.89,6.71,20.43,0.0
beledweyne,2025022314,4.74,45.2,110.35,34.5,4.77,6.6,22.96,0.0
beledweyne,2025022315,4.74,45.2,0.0,31.37,3.28,6.98,27.7,0.0
beledweyne,2025022316,4.74,45.2,0.0,30.82,3.84,7.72,29.03,0.0
beledweyne,2025022317,4.74,45.2,0.0,30.24,4.71,8.32,30.9,0.0
beledweyne,2025022318,4.74,45.2,0.0,29.26,5.77,8.91,35.35,0.0
beledweyne,2025022319,4.74,45.2,0.0,27.8,6.51,9.23,44.31,0.0
beledweyne,2025022320,4.74,45.2,0.0,26.24,6.44,8.71,55.2,0.0
beledweyne,2025022321,4.74,45.2,0.0,24.93,5.66,7.56,63.9,0.0
beledweyne,2025022322,4.74,45.2,0.0,23.94,4.87,6.65,70.23,0.0
beledweyne,2025022323,4.74,45.2,0.0,23.2,4.63,6.41,75.17,0.0
beledweyne,2025022400,4.74,45.2,0.0,22.54,4.26,5.96,80.2,0.0
beledweyne,2025022401,4.74,45.2,0.0,21.96,4.09,5.88,85.37,0.0
beledweyne,2025022402,4.74,45.2,0.0,21.57,3.78,5.4,89.49,0.0
beledweyne,2025022403,4.74,45.2,36.42,22.15,4.75,6.09,87.33,0.0
beledweyne,2025022404,4.74,45.2,240.98,24.55,6.52,7.63,72.4,0.0
beledweyne,2025022405,4.74,45.2,469.0,27.56,6.92,7.88,55.39,0.0
beledweyne,2025022406,4.74,45.2,719.88,30.76,7.01,7.89,41.72,0.0
beledweyne,2025022407,4.74,45.2,927.28,33.54,7.02,7.84,33.05,0.0
beledweyne,2025022408,4.74,45.2,1022.0,35.55,6.91,7.67,27.34,0.0
beledweyne,2025022409,4.74,45.2,1034.72,36.91,6.75,7.46,23.03,0.0
beledweyne,2025022410,4.74,45.2,972.9,37.68,6.59,7.26,20.14,0.0
beledweyne,2025022411,4.74,45.2,825.47,37.84,6.45,7.13,18.53,0.0
beledweyne,2025022412,4.74,45.2,613.78,37.42,6.33,7.06,17.95,0.0
beledweyne,2025022413,4.74,45.2,358.23,36.37,6.18,7.04,18.5,0.0
beledweyne,2025022414,4.74,45.2,106.9,34.28,4.92,6.97,20.62,0.0
beledweyne,2025022415,4.74,45.2,0.0,30.85,3.42,7.31,25.28,0.0
beledweyne,2025022416,4.74,45.2,0.0,29.96,3.77,7.91,27.29,0.0
beledweyne,2025022417,4.74,45.2,0.0,29.26,4.45,8.53,29.93,0.0
beledweyne,2025022418,4.74,45.2,0.0,28.44,5.35,8.86,34.69,0.0
beledweyne,2025022419,4.74,45.2,0.0,27.36,6.06,8.92,42.64,0.0
beledweyne,2025022420,4.74,45.2,0.0,26.13,6.22,8.61,53.04,0.0
beledweyne,2025022421,4.74,45.2,0.0,24.98,5.47,7.41,62.59,0.0
beledweyne,2025022422,4.74,45.2,0.0,24.02,4.6,6.36,69.78,0.0
beledweyne,2025022423,4.74,45.2,0.0,23.27,4.04,5.78,75.38,0.0
beledweyne,2025022500,4.74,45.2,0.0,22.64,3.66,5.47,80.47,0.0
beledweyne,2025022501,4.74,45.2,0.0,22.1,3.38,5.22,85.25,0.0
beledweyne,2025022502,4.74,45.2,0.0,21.81,3.57,5.29,88.62,0.0
beledweyne,2025022503,4.74,45.2,36.0,22.35,4.88,6.24,86.33,0.0
beledweyne,2025022504,4.74,45.2,247.18,24.57,6.03,7.01,71.96,0.0
beledweyne,2025022505,4.74,45.2,497.55,27.58,6.5,7.38,54.27,0.0
beledweyne,2025022506,4.74,45.2,719.92,30.82,6.81,7.67,39.73,0.0
beledweyne,2025022507,4.74,45.2,927.72,33.68,7.09,7.95,30.09,0.0
beledweyne,2025022508,4.74,45.2,1024.35,35.72,7.15,7.98,24.73,0.0
beledweyne,2025022509,4.74,45.2,1033.4,37.03,7.05,7.85,21.08,0.0
beledweyne,2025022510,4.74,45.2,967.42,37.76,6.9,7.67,18.45,0.0
beledweyne,2025022511,4.74,45.2,822.85,37.92,6.75,7.54,16.91,0.0
beledweyne,2025022512,4.74,45.2,612.17,37.5,6.58,7.4,16.33,0.0
beledweyne,2025022513,4.74,45.2,356.62,36.46,6.36,7.32,16.62,0.0
beledweyne,2025022514,4.74,45.2,107.43,34.23,4.81,7.18,18.4,0.0
beledweyne,2025022515,4.74,45.2,0.0,30.67,3.59,7.67,22.4,0.0
beledweyne,2025022516,4.74,45.2,0.0,29.81,4.05,8.47,23.67,0.0
beledweyne,2025022517,4.74,45.2,0.0,29.1,4.84,9.22,25.22,0.0
beledweyne,2025022518,4.74,45.2,0.0,28.31,6.0,9.73,28.48,0.0
beledweyne,2025022519,4.74,45.2,0.0,27.09,6.57,9.66,37.04,0.0
beledweyne,2025022520,4.74,45.2,0.0,25.71,6.53,9.12,52.04,0.0
beledweyne,2025022521,4.74,45.2,0.0,24.41,5.64,7.69,66.19,0.0
beledweyne,2025022522,4.74,45.2,0.0,23.41,4.87,6.75,74.97,0.0
beledweyne,2025022523,4.74,45.2,0.0,22.64,4.52,6.38,80.78,0.0
beledweyne,2025022600,4.74,45.2,0.0,21.96,3.96,5.79,85.72,0.0
beledweyne,2025022601,4.74,45.2,0.0,21.57,3.85,5.63,89.26,0.0
beledweyne,2025022602,4.74,45.2,0.0,21.3,3.88,5.65,91.67,0.0
beledweyne,2025022603,4.74,45.2,36.05,21.78,4.75,6.2,89.33,0.0
beledweyne,2025022604,4.74,45.2,255.73,24.1,6.74,7.96,74.69,0.0
beledweyne,2025022605,4.74,45.2,513.33,27.18,7.34,8.44,56.65,0.0
beledweyne,2025022606,4.74,45.2,745.47,30.5,7.61,8.66,41.48,0.0
beledweyne,2025022607,4.74,45.2,919.5,33.41,7.7,8.7,31.57,0.0
beledweyne,2025022608,4.74,45.2,1016.05,35.58,7.56,8.48,25.57,0.0
beledweyne,2025022609,4.74,45.2,1016.53,37.03,7.1,7.91,21.53,0.0
beledweyne,2025022610,4.74,45.2,909.75,37.85,6.54,7.26,19.15,0.0
beledweyne,2025022611,4.74,45.2,784.95,38.05,6.08,6.75,18.25,0.0
beledweyne,2025022612,4.74,45.2,563.0,37.64,5.73,6.4,18.39,0.0
beledweyne,2025022613,4.74,45.2,323.2,36.65,5.48,6.21,19.39,0.0
beledweyne,2025022614,4.74,45.2,94.45,34.6,4.23,6.11,21.97,0.0
beledweyne,2025022615,4.74,45.2,0.0,31.24,3.14,6.58,27.1,0.0
beledweyne,2025022616,4.74,45.2,0.0,30.56,3.61,7.48,29.09,0.0
beledweyne,2025022617,4.74,45.2,0.0,29.96,4.44,8.33,31.71,0.0
beledweyne,2025022618,4.74,45.2,0.0,29.17,5.68,8.87,36.36,0.0
beledweyne,2025022619,4.74,45.2,0.0,27.86,6.26,8.81,44.76,0.0
beledweyne,2025022620,4.74,45.2,0.0,26.46,6.16,8.23,54.93,0.0
beledweyne,2025022621,4.74,45.2,0.0,25.4,5.38,7.13,62.57,0.0
beledweyne,2025022622,4.74,45.2,0.0,24.65,4.84,6.52,67.96,0.0
beledweyne,2025022623,4.74,45.2,0.0,24.03,4.51,6.16,72.66,0.0
beledweyne,2025022700,4.74,45.2,0.0,23.49,4.34,6.0,77.14,0.0
beledweyne,2025022701,4.74,45.2,0.0,23.03,4.25,5.91,80.92,0.0
beledweyne,2025022702,4.74,45.2,0.0,22.75,4.42,5.95,83.39,0.0
beledweyne,2025022703,4.74,45.2,32.22,23.11,5.54,7.01,81.93,0.0
beledweyne,2025022704,4.74,45.2,230.45,24.92,6.69,7.8,71.27,0.0
beledweyne,2025022705,4.74,45.2,480.98,27.66,6.86,7.8,56.02,0.0
beledweyne,2025022706,4.74,45.2,711.42,30.74,6.8,7.63,41.89,0.0
beledweyne,2025022707,4.74,45.2,886.67,33.54,6.61,7.35,31.85,0.0
beledweyne,2025022708,4.74,45.2,988.55,35.63,6.37,7.04,25.73,0.0
beledweyne,2025022709,4.74,45.2,1012.08,37.05,5.97,6.56,22.01,0.0
beledweyne,2025022710,4.74,45.2,949.2,37.87,5.54,6.06,19.95,0.0
beledweyne,2025022711,4.74,45.2,802.85,38.1,5.21,5.71,18.94,0.0
beledweyne,2025022712,4.74,45.2,591.67,37.77,4.99,5.51,18.75,0.0
beledweyne,2025022713,4.74,45.2,338.83,36.81,4.82,5.41,19.41,0.0
beledweyne,2025022714,4.74,45.2,99.3,34.76,3.67,5.39,21.49,0.0
beledweyne,2025022715,4.74,45.2,0.0,31.38,2.95,5.92,25.96,0.0
beledweyne,2025022716,4.74,45.2,0.0,30.48,3.26,6.81,27.46,0.0
beledweyne,2025022717,4.74,45.2,0.0,29.72,3.72,7.71,28.85,0.0
beledweyne,2025022718,4.74,45.2,0.0,28.99,4.53,8.49,30.76,0.0
beledweyne,2025022719,4.74,45.2,0.0,28.06,5.76,9.07,35.35,0.0
beledweyne,2025022720,4.74,45.2,0.0,26.75,6.52,9.16,45.86,0.0
beledweyne,2025022721,4.74,45.2,0.0,25.41,6.11,8.21,59.99,0.0
beledweyne,2025022722,4.74,45.2,0.0,24.34,5.1,6.81,71.38,0.0
beledweyne,2025022723,4.74,45.2,0.0,23.54,4.34,5.85,78.57,0.0
beledweyne,2025022800,4.74,45.2,0.0,22.98,4.2,5.88,83.06,0.0
beledweyne,2025022801,4.74,45.2,0.0,22.77,4.97,6.54,85.06,0.0
beledweyne,2025022802,4.74,45.2,0.0,22.66,5.21,6.7,85.81,0.0
beledweyne,2025022803,4.74,45.2,31.8,23.03,5.74,7.08,83.48,0.0
beledweyne,2025022804,4.74,45.2,213.48,24.88,6.5,7.59,71.81,0.0
beledweyne,2025022805,4.74,45.2,430.8,27.54,6.9,7.9,57.14,0.0
beledweyne,2025022806,4.74,45.2,715.45,30.46,7.0,7.88,44.72,0.0
beledweyne,2025022807,4.74,45.2,886.2,32.98,6.9,7.68,36.42,0.0
beledweyne,2025022808,4.74,45.2,985.88,34.85,6.66,7.37,31.25,0.0
beledweyne,2025022809,4.74,45.2,1019.47,36.1,6.24,6.86,27.83,0.0
beledweyne,2025022810,4.74,45.2,955.88,36.71,5.75,6.3,25.68,0.0
beledweyne,2025022811,4.74,45.2,810.1,36.69,5.38,5.89,24.58,0.0
beledweyne,2025022812,4.74,45.2,600.65,36.24,5.14,5.67,24.36,0.0
beledweyne,2025022813,4.74,45.2,314.67,35.34,5.07,5.69,25.16,0.0
beledweyne,2025022814,4.74,45.2,85.57,33.92,4.56,5.96,27.26,0.0
beledweyne,2025022815,4.74,45.2,0.0,31.99,3.77,6.94,31.19,0.0
beledweyne,2025022816,4.74,45.2,0.0,31.41,5.1,7.86,33.81,0.0
beledweyne,2025022817,4.74,45.2,0.0,30.47,5.6,8.02,38.01,0.0
beledweyne,2025022818,4.74,45.2,0.0,29.39,5.5,7.69,43.26,0.0
beledweyne,2025022819,4.74,45.2,0.0,28.35,5.36,7.38,49.0,0.0
beledweyne,2025022820,4.74,45.2,0.0,27.39,4.99,6.88,54.44,0.0
beledweyne,2025022821,4.74,45.2,0.0,26.54,4.63,6.41,59.06,0.0
beledweyne,2025022822,4.74,45.2,0.0,25.75,4.38,6.12,63.47,0.0
beledweyne,2025022823,4.74,45.2,0.0,24.96,4.21,5.99,68.26,0.0
beledweyne,2025030100,4.74,45.2,0.0,24.17,4.13,6.01,73.62,0.0
beledweyne,2025030101,4.74,45.2,0.0,23.43,4.19,6.05,79.26,0.0
beledweyne,2025030102,4.74,45.2,0.0,22.79,4.3,6.17,84.96,0.0
beledweyne,2025030103,4.74,45.2,34.78,23.13,5.33,6.89,85.36,0.0
beledweyne,2025030104,4.74,45.2,241.8,25.57,7.34,8.67,73.53,0.0
beledweyne,2025030105,4.74,45.2,498.67,28.73,7.61,8.68,57.51,0.0
beledweyne,2025030106,4.74,45.2,739.85,31.89,7.4,8.32,43.4,0.0
beledweyne,2025030107,4.74,45.2,912.88,34.62,7.12,7.94,33.02,0.0
beledweyne,2025030108,4.74,45.2,1009.65,36.73,6.81,7.56,26.12,0.0
beledweyne,2025030109,4.74,45.2,1038.22,38.2,6.35,6.99,21.77,0.0
beledweyne,2025030110,4.74,45.2,968.62,39.04,5.81,6.37,19.14,0.0
beledweyne,2025030111,4.74,45.2,822.08,39.23,5.42,5.93,17.77,0.0
beledweyne,2025030112,4.74,45.2,611.03,38.85,5.17,5.68,17.32,0.0
beledweyne,2025030113,4.74,45.2,356.2,37.82,5.05,5.64,17.84,0.0
beledweyne,2025030114,4.74,45.2,105.82,35.63,3.98,5.86,19.93,0.0
beledweyne,2025030115,4.74,45.2,0.0,32.09,3.26,6.87,24.4,0.0
beledweyne,2025030116,4.74,45.2,0.0,31.32,3.88,8.04,25.82,0.0
beledweyne,2025030117,4.74,45.2,0.0,30.62,4.82,8.79,27.95,0.0
beledweyne,2025030118,4.74,45.2,0.0,29.59,5.91,9.02,33.35,0.0
beledweyne,2025030119,4.74,45.2,0.0,28.03,6.08,8.52,44.1,0.0
beledweyne,2025030120,4.74,45.2,0.0,26.6,5.56,7.54,55.78,0.0
beledweyne,2025030121,4.74,45.2,0.0,25.53,5.09,6.94,64.46,0.0
beledweyne,2025030122,4.74,45.2,0.0,24.67,4.71,6.44,70.75,0.0
beledweyne,2025030123,4.74,45.2,0.0,23.96,4.49,6.19,75.8,0.0
beledweyne,2025030200,4.74,45.2,0.0,23.3,4.28,5.96,80.52,0.0
beledweyne,2025030201,4.74,45.2,0.0,22.72,4.25,6.05,84.84,0.0
beledweyne,2025030202,4.74,45.2,0.0,22.39,4.82,6.55,87.31,0.0
beledweyne,2025030203,4.74,45.2,37.88,22.74,5.58,6.97,85.38,0.0
beledweyne,2025030204,4.74,45.2,257.85,24.78,6.36,7.38,72.74,0.0
beledweyne,2025030205,4.74,45.2,518.6,27.74,6.39,7.24,56.35,0.0
beledweyne,2025030206,4.74,45.2,750.08,31.02,5.99,6.68,42.39,0.0
beledweyne,2025030207,4.74,45.2,922.45,34.19,5.41,5.95,31.42,0.0
beledweyne,2025030208,4.74,45.2,1020.5,36.53,4.94,5.39,24.86,0.0
beledweyne,2025030209,4.74,45.2,1033.0,38.05,4.62,5.01,20.75,0.0
beledweyne,2025030210,4.74,45.2,967.08,38.92,4.4,4.76,17.94,0.0
beledweyne,2025030211,4.74,45.2,821.47,39.18,4.24,4.6,16.29,0.0
beledweyne,2025030212,4.74,45.2,607.75,38.84,4.13,4.48,15.65,0.0
beledweyne,2025030213,4.74,45.2,351.2,37.87,4.03,4.44,15.83,0.0
beledweyne,2025030214,4.74,45.2,101.03,35.53,3.04,4.63,17.63,0.0
beledweyne,2025030215,4.74,45.2,0.0,31.81,2.95,5.52,21.52,0.0
beledweyne,2025030216,4.74,45.2,0.0,30.87,3.28,6.64,22.65,0.0
beledweyne,2025030217,4.74,45.2,0.0,30.09,3.73,7.73,24.1,0.0
beledweyne,2025030218,4.74,45.2,0.0,29.3,4.91,8.77,28.22,0.0
beledweyne,2025030219,4.74,45.2,0.0,28.02,6.69,9.53,39.57,0.0
beledweyne,2025030220,4.74,45.2,0.0,26.33,7.17,9.31,56.36,0.0
beledweyne,2025030221,4.74,45.2,0.0,25.11,6.59,8.4,69.0,0.0
beledweyne,2025030222,4.74,45.2,0.0,24.32,5.67,7.26,75.14,0.0
beledweyne,2025030223,4.74,45.2,0.0,23.72,5.07,6.64,79.11,0.0
beledweyne,2025030300,4.74,45.2,0.0,23.23,4.96,6.5,82.96,0.0
beledweyne,2025030301,4.74,45.2,0.0,22.9,4.96,6.51,85.78,0.0
beledweyne,2025030302,4.74,45.2,0.0,22.78,4.88,6.33,86.9,0.0
beledweyne,2025030303,4.74,45.2,20.55,23.18,5.09,6.23,84.55,0.0
beledweyne,2025030304,4.74,45.2,112.45,25.18,5.39,6.19,72.44,0.0
beledweyne,2025030305,4.74,45.2,213.2,27.92,5.34,5.98,58.46,0.0
beledweyne,2025030306,4.74,45.2,385.4,30.96,5.13,5.67,46.15,0.0
beledweyne,2025030307,4.74,45.2,660.5,33.9,4.74,5.16,35.41,0.0
beledweyne,2025030308,4.74,45.2,996.85,36.19,4.34,4.69,28.53,0.0
beledweyne,2025030309,4.74,45.2,1003.38,37.68,4.09,4.43,24.84,0.0
beledweyne,2025030310,4.74,45.2,942.78,38.5,3.98,4.33,22.72,0.0
beledweyne,2025030311,4.74,45.2,802.78,38.75,3.94,4.3,21.58,0.0
beledweyne,2025030312,4.74,45.2,589.15,38.42,3.93,4.3,21.23,0.0
beledweyne,2025030313,4.74,45.2,332.42,37.52,3.94,4.36,21.66,0.0
beledweyne,2025030314,4.74,45.2,93.85,35.71,3.36,4.57,23.47,0.0
beledweyne,2025030315,4.74,45.2,0.0,32.49,2.74,5.54,27.94,0.0
beledweyne,2025030316,4.74,45.2,0.0,31.91,3.26,6.87,28.7,0.0
beledweyne,2025030317,4.74,45.2,0.0,31.45,4.2,7.92,29.48,0.0
beledweyne,2025030318,4.74,45.2,0.0,30.66,5.62,8.61,32.34,0.0
beledweyne,2025030319,4.74,45.2,0.0,29.15,6.98,9.4,41.43,0.0
beledweyne,2025030320,4.74,45.2,0.0,27.25,7.59,9.7,56.92,0.0
beledweyne,2025030321,4.74,45.2,0.0,25.75,7.11,8.84,69.31,0.0
beledweyne,2025030322,4.74,45.2,0.0,24.89,6.07,7.56,74.73,0.0
beledweyne,2025030323,4.74,45.2,0.0,24.39,5.71,7.24,76.9,0.0
beledweyne,2025030400,4.74,45.2,0.0,24.01,5.63,7.21,78.17,0.0
beledweyne,2025030401,4.74,45.2,0.0,23.61,5.56,7.19,79.87,0.0
beledweyne,2025030402,4.74,45.2,0.0,23.36,5.66,7.23,81.47,0.0
beledweyne,2025030403,4.74,45.2,28.1,23.7,6.03,7.41,79.9,0.0
beledweyne,2025030404,4.74,45.2,139.4,25.61,6.32,7.32,69.26,0.0
beledweyne,2025030405,4.74,45.2,267.25,28.26,6.23,7.03,56.52,0.0
beledweyne,2025030406,4.74,45.2,468.7,31.14,5.94,6.59,45.39,0.0
beledweyne,2025030407,4.74,45.2,713.9,33.76,5.5,6.03,36.83,0.0
beledweyne,2025030408,4.74,45.2,930.3,35.74,5.13,5.6,31.24,0.0
beledweyne,2025030409,4.74,45.2,961.15,37.12,4.9,5.33,27.55,0.0
beledweyne,2025030410,4.74,45.2,712.8,37.92,4.67,5.06,25.1,0.0
beledweyne,2025030411,4.74,45.2,727.83,38.16,4.44,4.8,23.69,0.0
beledweyne,2025030412,4.74,45.2,528.88,37.83,4.26,4.61,23.16,0.0
beledweyne,2025030413,4.74,45.2,283.98,36.93,4.16,4.56,23.58,0.0
beledweyne,2025030414,4.74,45.2,78.68,35.26,3.59,4.68,25.45,0.0
beledweyne,2025030415,4.74,45.2,0.0,32.58,2.6,5.5,29.41,0.0
beledweyne,2025030416,4.74,45.2,0.0,32.14,3.14,6.5,30.1,0.0
beledweyne,2025030417,4.74,45.2,0.0,31.68,3.92,7.22,31.15,0.0
beledweyne,2025030418,4.74,45.2,0.0,31.05,5.12,7.87,33.81,0.0
beledweyne,2025030419,4.74,45.2,0.0,29.91,6.56,8.77,41.14,0.0
beledweyne,2025030420,4.74,45.2,0.0,28.29,7.48,9.37,52.99,0.0
beledweyne,2025030421,4.74,45.2,0.0,26.91,7.26,8.95,62.96,0.0
beledweyne,2025030422,4.74,45.2,0.0,25.93,6.6,8.18,68.96,0.0
beledweyne,2025030423,4.74,45.2,0.0,25.41,6.27,7.84,71.26,0.0
beledweyne,2025030500,4.74,45.2,0.0,25.01,6.0,7.53,72.37,0.0
beledweyne,2025030501,4.74,45.2,0.0,24.62,5.78,7.31,73.41,0.0
beledweyne,2025030502,4.74,45.2,0.0,24.2,5.58,7.08,74.82,0.0
beledweyne,2025030503,4.74,45.2,30.88,24.19,5.78,7.09,74.66,0.0
beledweyne,2025030504,4.74,45.2,171.15,25.79,6.44,7.48,66.18,0.0
beledweyne,2025030505,4.74,45.2,352.27,28.47,6.61,7.51,53.3,0.0
beledweyne,2025030506,4.74,45.2,696.62,31.65,6.54,7.34,41.98,0.0
beledweyne,2025030507,4.74,45.2,884.1,34.53,6.34,7.06,34.05,0.0
beledweyne,2025030508,4.74,45.2,997.47,36.52,6.17,6.83,29.19,0.0
beledweyne,2025030509,4.74,45.2,1028.2,37.88,5.96,6.54,25.37,0.0
beledweyne,2025030510,4.74,45.2,914.75,38.67,5.71,6.23,22.19,0.0
beledweyne,2025030511,4.74,45.2,805.03,38.92,5.51,6.02,19.82,0.0
beledweyne,2025030512,4.74,45.2,588.12,38.55,5.39,5.93,18.51,0.0
beledweyne,2025030513,4.74,45.2,333.92,37.61,5.3,5.93,18.19,0.0
beledweyne,2025030514,4.74,45.2,98.12,35.62,4.31,6.04,19.65,0.0
beledweyne,2025030515,4.74,45.2,0.0,32.18,3.21,6.83,23.86,0.0
beledweyne,2025030516,4.74,45.2,0.0,31.47,3.9,8.01,25.67,0.0
beledweyne,2025030517,4.74,45.2,0.0,31.01,5.35,9.15,28.83,0.0
beledweyne,2025030518,4.74,45.2,0.0,29.97,7.02,9.91,36.68,0.0
beledweyne,2025030519,4.74,45.2,0.0,28.23,7.82,10.25,49.89,0.0
beledweyne,2025030520,4.74,45.2,0.0,26.9,7.47,9.54,59.9,0.0
beledweyne,2025030521,4.74,45.2,0.0,26.07,6.61,8.45,65.12,0.0
beledweyne,2025030522,4.74,45.2,0.0,25.38,6.13,7.87,69.52,0.0
beledweyne,2025030523,4.74,45.2,0.0,24.69,5.6,7.18,74.22,0.0
beledweyne,2025030600,4.74,45.2,0.0,24.05,4.98,6.48,78.83,0.0
beledweyne,2025030601,4.74,45.2,0.0,23.47,4.54,5.99,82.83,0.0
beledweyne,2025030602,4.74,45.2,0.0,22.99,4.31,5.72,85.98,0.0
beledweyne,2025030603,4.74,45.2,36.88,23.3,5.0,6.24,84.51,0.0
beledweyne,2025030604,4.74,45.2,211.07,25.53,6.35,7.48,72.48,0.0
beledweyne,2025030605,4.74,45.2,393.33,28.47,6.74,7.72,58.47,0.0
beledweyne,2025030606,4.74,45.2,685.1,31.55,6.62,7.48,45.59,0.0
beledweyne,2025030607,4.74,45.2,915.12,34.27,6.34,7.11,35.94,0.0
beledweyne,2025030608,4.74,45.2,1007.22,36.39,6.09,6.8,29.35,0.0
beledweyne,2025030609,4.74,45.2,1031.28,37.88,5.81,6.46,25.22,0.0
beledweyne,2025030610,4.74,45.2,958.85,38.74,5.51,6.12,22.94,0.0
beledweyne,2025030611,4.74,45.2,810.08,39.01,5.34,5.93,22.27,0.0
beledweyne,2025030612,4.74,45.2,593.85,38.66,5.3,5.93,22.93,0.0
beledweyne,2025030613,4.74,45.2,335.25,37.7,5.4,6.11,24.6,0.0
beledweyne,2025030614,4.74,45.2,94.7,36.03,5.11,6.43,27.68,0.0
beledweyne,2025030615,4.74,45.2,0.0,34.13,4.29,7.24,31.87,0.0
beledweyne,2025030616,4.74,45.2,0.0,33.69,5.68,8.22,33.93,0.0
beledweyne,2025030617,4.74,45.2,0.0,32.87,6.41,8.75,36.86,0.0
beledweyne,2025030618,4.74,45.2,0.0,31.66,6.6,8.76,41.09,0.0
beledweyne,2025030619,4.74,45.2,0.0,30.28,6.6,8.64,46.69,0.0
beledweyne,2025030620,4.74,45.2,0.0,29.1,6.46,8.28,52.65,0.0
beledweyne,2025030621,4.74,45.2,0.0,28.26,6.13,7.78,57.71,0.0
beledweyne,2025030622,4.74,45.2,0.0,27.63,5.69,7.2,61.85,0.0
beledweyne,2025030623,4.74,45.2,0.0,27.02,5.07,6.48,65.55,0.0
beledweyne,2025030700,4.74,45.2,0.0,26.41,4.4,5.78,69.12,0.0
beledweyne,2025030701,4.74,45.2,0.0,25.82,3.9,5.34,72.76,0.0
beledweyne,2025030702,4.74,45.2,0.0,25.29,3.7,5.22,76.35,0.0
beledweyne,2025030703,4.74,45.2,38.28,25.46,4.5,5.68,77.12,0.0
beledweyne,2025030704,4.74,45.2,248.48,27.34,5.7,6.63,68.82,0.01
beledweyne,2025030705,4.74,45.2,493.58,30.11,6.07,6.87,54.83,0.0
beledweyne,2025030706,4.74,45.2,733.67,32.87,6.01,6.68,43.46,0.0
beledweyne,2025030707,4.74,45.2,891.62,35.1,5.82,6.39,36.37,0.0
beledweyne,2025030708,4.74,45.2,977.47,36.78,5.68,6.18,31.92,0.0
beledweyne,2025030709,4.74,45.2,984.65,37.84,5.68,6.17,29.17,0.0
beledweyne,2025030710,4.74,45.2,808.3,38.26,5.76,6.27,27.91,0.0
beledweyne,2025030711,4.74,45.2,590.92,38.15,5.82,6.37,27.52,0.0
beledweyne,2025030712,4.74,45.2,387.1,37.58,5.96,6.58,28.01,0.0
beledweyne,2025030713,4.74,45.2,220.73,36.42,6.22,7.03,29.51,0.0
beledweyne,2025030714,4.74,45.2,63.97,35.03,6.48,7.79,31.58,0.0
beledweyne,2025030715,4.74,45.2,0.0,33.68,6.51,8.4,33.98,0.0
beledweyne,2025030716,4.74,45.2,0.0,32.53,6.75,8.69,36.63,0.0
beledweyne,2025030717,4.74,45.2,0.0,31.26,7.15,9.17,40.45,0.0
beledweyne,2025030718,4.74,45.2,0.0,30.19,6.87,8.69,44.75,0.0
beledweyne,2025030719,4.74,45.2,0.0,29.51,6.42,8.12,48.21,0.0
beledweyne,2025030720,4.74,45.2,0.0,29.0,6.4,8.1,51.31,0.0
beledweyne,2025030721,4.74,45.2,0.0,28.42,6.67,8.39,55.17,0.0
beledweyne,2025030722,4.74,45.2,0.0,27.72,6.96,8.76,60.0,0.0
beledweyne,2025030723,4.74,45.2,0.0,26.97,7.18,8.97,65.23,0.0
beledweyne,2025030800,4.74,45.2,0.0,26.31,7.14,8.91,69.79,0.0
beledweyne,2025030801,4.74,45.2,0.0,25.79,6.98,8.72,73.45,0.0
beledweyne,2025030802,4.74,45.2,0.0,25.38,6.8,8.54,76.55,0.01
beledweyne,2025030803,4.74,45.2,34.97,25.4,6.83,8.46,77.66,0.02
beledweyne,2025030804,4.74,45.2,212.15,26.71,7.24,8.57,71.27,0.01
beledweyne,2025030805,4.74,45.2,440.95,28.64,7.29,8.41,60.98,0.01
beledweyne,2025030806,4.74,45.2,715.75,30.88,7.11,8.08,50.83,0.01
beledweyne,2025030807,4.74,45.2,901.25,33.07,6.72,7.58,42.46,0.01
beledweyne,2025030808,4.74,45.2,995.2,35.04,6.12,6.87,36.19,0.02
beledweyne,2025030809,4.74,45.2,977.55,36.55,5.47,6.13,31.82,0.03
beledweyne,2025030810,4.74,45.2,748.58,37.56,4.95,5.54,29.04,0.04
beledweyne,2025030811,4.74,45.2,600.5,37.84,4.57,5.15,28.06,0.06
beledweyne,2025030812,4.74,45.2,430.58,37.52,4.46,5.04,28.37,0.05
beledweyne,2025030813,4.74,45.2,242.95,36.71,4.53,5.18,29.71,0.05
beledweyne,2025030814,4.74,45.2,74.35,35.51,4.43,5.58,32.12,0.03
beledweyne,2025030815,4.74,45.2,0.0,34.03,4.03,6.56,35.96,0.02
beledweyne,2025030816,4.74,45.2,0.0,33.27,5.43,7.77,39.28,0.01
beledweyne,2025030817,4.74,45.2,0.0,32.3,6.57,8.57,43.65,0.0
beledweyne,2025030818,4.74,45.2,0.0,31.15,7.19,9.22,48.55,0.01
beledweyne,2025030819,4.74,45.2,0.0,29.96,7.41,9.43,53.51,0.0
beledweyne,2025030820,4.74,45.2,0.0,28.71,7.26,9.05,59.14,0.0
beledweyne,2025030821,4.74,45.2,0.0,27.58,6.74,8.4,65.35,0.0
beledweyne,2025030822,4.74,45.2,0.0,26.68,6.59,8.16,71.33,0.0
beledweyne,2025030823,4.74,45.2,0.0,26.09,6.29,7.77,75.64,0.01
beledweyne,2025030900,4.74,45.2,0.0,25.71,5.97,7.41,78.36,0.01
beledweyne,2025030901,4.74,45.2,0.0,25.49,5.67,7.07,79.95,0.01
beledweyne,2025030902,4.74,45.2,0.0,25.37,5.32,6.66,81.14,0.01
beledweyne,2025030903,4.74,45.2,37.0,25.71,5.43,6.65,80.0,0.01
beledweyne,2025030904,4.74,45.2,186.98,27.69,6.08,7.08,69.9,0.03
beledweyne,2025030905,4.74,45.2,340.9,30.39,6.24,7.07,57.07,0.02
beledweyne,2025030906,4.74,45.2,684.17,33.18,6.08,6.81,45.71,0.03
beledweyne,2025030907,4.74,45.2,910.92,35.62,5.79,6.43,37.29,0.07
beledweyne,2025030908,4.74,45.2,1006.72,37.57,5.51,6.08,31.23,0.08
beledweyne,2025030909,4.74,45.2,981.0,39.0,5.27,5.79,27.07,0.09
beledweyne,2025030910,4.74,45.2,808.7,39.83,5.01,5.48,24.76,0.09
beledweyne,2025030911,4.74,45.2,730.03,40.07,4.81,5.26,23.8,0.09
beledweyne,2025030912,4.74,45.2,484.42,39.74,4.72,5.2,23.86,0.09
beledweyne,2025030913,4.74,45.2,260.62,38.53,4.76,5.36,25.42,0.08
beledweyne,2025030914,4.74,45.2,75.47,37.08,4.61,5.81,27.86,0.1
beledweyne,2025030915,4.74,45.2,0.0,35.4,4.15,6.88,31.43,0.13
beledweyne,2025030916,4.74,45.2,0.0,34.6,5.9,8.39,33.7,0.19
beledweyne,2025030917,4.74,45.2,0.0,33.13,7.71,9.93,38.57,0.31
beledweyne,2025030918,4.74,45.2,0.0,31.08,8.72,10.93,47.05,0.42
beledweyne,2025030919,4.74,45.2,0.0,29.2,8.76,10.89,56.2,0.54
beledweyne,2025030920,4.74,45.2,0.0,27.99,7.88,9.78,62.81,0.69
beledweyne,2025030921,4.74,45.2,0.0,27.26,6.94,8.67,66.99,0.79
beledweyne,2025030922,4.74,45.2,0.0,26.71,6.12,7.76,69.95,0.53
beledweyne,2025030923,4.74,45.2,0.0,26.21,5.69,7.33,72.39,0.26
beledweyne,2025031000,4.74,45.2,0.0,25.74,5.39,6.99,74.62,0.1
beledweyne,2025031001,4.74,45.2,0.0,25.3,5.17,6.78,77.01,0.03
beledweyne,2025031002,4.74,45.2,0.0,25.0,5.07,6.7,78.66,0.01
beledweyne,2025031003,4.74,45.2,37.38,25.29,5.66,7.07,77.05,0.0
beledweyne,2025031004,4.74,45.2,185.8,27.14,6.53,7.61,66.8,0.0
beledweyne,2025031005,4.74,45.2,352.75,29.71,6.7,7.66,52.49,0.0
beledweyne,2025031006,4.74,45.2,575.15,32.54,6.72,7.59,39.63,0.0
beledweyne,2025031007,4.74,45.2,847.75,34.99,6.62,7.42,31.37,0.0
beledweyne,2025031008,4.74,45.2,1010.4,36.85,6.47,7.22,26.99,0.0
beledweyne,2025031009,4.74,45.2,1020.33,38.15,6.33,7.03,24.7,0.0
beledweyne,2025031010,4.74,45.2,931.08,38.93,6.26,6.94,23.67,0.0
beledweyne,2025031011,4.74,45.2,793.95,39.11,6.23,6.91,23.42,0.0
beledweyne,2025031012,4.74,45.2,576.28,38.74,6.27,6.99,23.75,0.0
beledweyne,2025031013,4.74,45.2,326.0,37.68,6.38,7.27,24.94,0.0
beledweyne,2025031014,4.74,45.2,90.38,35.71,5.65,7.65,27.9,0.0
beledweyne,2025031015,4.74,45.2,0.0,33.15,4.67,8.45,32.77,0.0
beledweyne,2025031016,4.74,45.2,0.0,32.38,5.37,9.0,33.05,0.0
beledweyne,2025031017,4.74,45.2,0.0,31.53,5.8,9.16,34.28,0.0
beledweyne,2025031018,4.74,45.2,0.0,30.38,6.32,9.25,38.48,0.0
beledweyne,2025031019,4.74,45.2,0.0,28.87,6.77,9.14,48.28,0.0
beledweyne,2025031020,4.74,45.2,0.0,27.54,6.67,8.67,59.87,0.0
beledweyne,2025031021,4.74,45.2,0.0,26.63,6.35,8.1,68.21,0.0
beledweyne,2025031022,4.74,45.2,0.0,26.01,5.75,7.36,72.92,0.0
beledweyne,2025031023,4.74,45.2,0.0,25.54,5.22,6.83,75.93,0.0
beledweyne,2025031100,4.74,45.2,0.0,25.15,4.77,6.43,78.4,0.0
beledweyne,2025031101,4.74,45.2,0.0,24.77,4.47,6.23,80.98,0.0
beledweyne,2025031102,4.74,45.2,0.0,24.48,4.41,6.16,83.07,0.01
beledweyne,2025031103,4.74,45.2,40.2,24.73,5.25,6.65,82.19,0.01
beledweyne,2025031104,4.74,45.2,215.55,26.58,6.36,7.4,71.35,0.0
beledweyne,2025031105,4.74,45.2,399.42,29.25,6.62,7.53,55.68,0.0
beledweyne,2025031106,4.74,45.2,692.83,32.31,6.64,7.5,40.74,0.0
beledweyne,2025031107,4.74,45.2,911.33,35.14,6.58,7.4,30.66,0.0
beledweyne,2025031108,4.74,45.2,1004.6,37.25,6.39,7.15,25.67,0.0
beledweyne,2025031109,4.74,45.2,1029.03,38.65,6.14,6.84,23.0,0.0
beledweyne,2025031110,4.74,45.2,970.7,39.38,5.95,6.62,21.47,0.0
beledweyne,2025031111,4.74,45.2,823.22,39.52,5.84,6.52,20.71,0.0
beledweyne,2025031112,4.74,45.2,612.3,39.1,5.83,6.57,20.63,0.0
beledweyne,2025031113,4.74,45.2,343.62,38.12,5.86,6.74,21.36,0.0
beledweyne,2025031114,4.74,45.2,96.65,36.13,4.7,6.87,24.23,0.0
beledweyne,2025031115,4.74,45.2,0.0,33.08,3.63,7.62,30.15,0.0
beledweyne,2025031116,4.74,45.2,0.0,32.52,4.51,8.61,31.14,0.0
beledweyne,2025031117,4.74,45.2,0.0,32.06,6.06,9.56,33.67,0.0
beledweyne,2025031118,4.74,45.2,0.0,30.93,7.26,10.14,40.49,0.0
beledweyne,2025031119,4.74,45.2,0.0,29.35,7.5,9.9,49.72,0.0
beledweyne,2025031120,4.74,45.2,0.0,27.94,6.62,8.55,57.46,0.0
beledweyne,2025031121,4.74,45.2,0.0,26.87,5.89,7.63,62.93,0.0
beledweyne,2025031122,4.74,45.2,0.0,26.02,5.24,6.84,67.33,0.0
beledweyne,2025031123,4.74,45.2,0.0,25.3,4.66,6.23,71.13,0.0
beledweyne,2025031200,4.74,45.2,0.0,24.66,4.33,5.92,74.57,0.0
beledweyne,2025031201,4.74,45.2,0.0,24.08,4.26,5.88,77.62,0.0
beledweyne,2025031202,4.74,45.2,0.0,23.54,4.44,6.14,80.41,0.0
beledweyne,2025031203,4.74,45.2,44.97,23.69,5.71,7.15,79.25,0.0
beledweyne,2025031204,4.74,45.2,251.15,25.43,6.74,7.82,67.72,0.0
beledweyne,2025031205,4.74,45.2,472.98,28.16,6.92,7.87,52.0,0.0
beledweyne,2025031206,4.74,45.2,764.58,31.19,6.86,7.73,39.54,0.0
beledweyne,2025031207,4.74,45.2,914.62,34.06,6.67,7.46,31.59,0.0
beledweyne,2025031208,4.74,45.2,997.28,36.24,6.35,7.07,27.65,0.0
beledweyne,2025031209,4.74,45.2,1007.55,37.61,5.94,6.6,25.62,0.0
beledweyne,2025031210,4.74,45.2,976.05,38.39,5.65,6.27,23.85,0.0
beledweyne,2025031211,4.74,45.2,809.95,38.59,5.46,6.07,22.76,0.0
beledweyne,2025031212,4.74,45.2,615.22,38.28,5.34,5.95,22.26,0.0
beledweyne,2025031213,4.74,45.2,347.0,37.36,5.27,5.97,22.59,0.0
beledweyne,2025031214,4.74,45.2,96.68,35.47,4.32,6.06,24.71,0.0
beledweyne,2025031215,4.74,45.2,0.0,32.38,3.24,6.88,29.92,0.0
beledweyne,2025031216,4.74,45.2,0.0,31.88,4.06,8.0,29.36,0.0
beledweyne,2025031217,4.74,45.2,0.0,31.22,5.19,8.67,29.52,0.0
beledweyne,2025031218,4.74,45.2,0.0,29.99,6.3,9.25,33.44,0.0
beledweyne,2025031219,4.74,45.2,0.0,28.4,6.93,9.46,43.01,0.0
beledweyne,2025031220,4.74,45.2,0.0,26.95,6.76,8.87,53.87,0.0
beledweyne,2025031221,4.74,45.2,0.0,25.83,5.88,7.6,61.47,0.0
beledweyne,2025031222,4.74,45.2,0.0,24.94,4.93,6.51,66.26,0.0
beledweyne,2025031223,4.74,45.2,0.0,24.19,4.24,5.85,69.8,0.0
beledweyne,2025031300,4.74,45.2,0.0,23.47,3.81,5.52,73.44,0.0
beledweyne,2025031301,4.74,45.2,0.0,22.82,3.55,5.35,77.15,0.0
beledweyne,2025031302,4.74,45.2,0.0,22.13,2.91,4.82,81.38,0.0
beledweyne,2025031303,4.74,45.2,50.17,22.39,3.84,5.05,81.6,0.0
beledweyne,2025031304,4.74,45.2,275.98,24.62,5.53,6.4,70.23,0.0
beledweyne,2025031305,4.74,45.2,533.05,27.83,6.07,6.87,52.53,0.0
beledweyne,2025031306,4.74,45.2,785.8,31.59,6.62,7.49,34.39,0.0
beledweyne,2025031307,4.74,45.2,957.33,34.7,6.93,7.76,23.86,0.0
beledweyne,2025031308,4.74,45.2,1049.03,36.6,6.72,7.48,20.4,0.0
beledweyne,2025031309,4.74,45.2,1059.85,37.88,6.24,6.91,18.31,0.0
beledweyne,2025031310,4.74,45.2,979.78,38.64,5.71,6.29,16.89,0.0
beledweyne,2025031311,4.74,45.2,840.28,38.84,5.26,5.79,16.07,0.0
beledweyne,2025031312,4.74,45.2,621.55,38.51,4.95,5.49,15.76,0.0
beledweyne,2025031313,4.74,45.2,360.98,37.54,4.7,5.3,16.13,0.0
beledweyne,2025031314,4.74,45.2,104.15,35.12,3.36,5.2,19.11,0.0
beledweyne,2025031315,4.74,45.2,0.0,31.21,3.01,5.67,25.03,0.0
beledweyne,2025031316,4.74,45.2,0.0,30.2,3.25,6.41,25.75,0.0
beledweyne,2025031317,4.74,45.2,0.0,29.32,3.44,7.12,26.51,0.0
beledweyne,2025031318,4.74,45.2,0.0,28.46,3.6,7.61,27.6,0.0
beledweyne,2025031319,4.74,45.2,0.0,27.58,3.9,7.97,30.15,0.0
beledweyne,2025031320,4.74,45.2,0.0,26.6,4.55,8.24,36.98,0.0
beledweyne,2025031321,4.74,45.2,0.0,25.55,5.38,8.2,50.71,0.0
beledweyne,2025031322,4.74,45.2,0.0,24.53,5.57,7.78,67.32,0.0
beledweyne,2025031323,4.74,45.2,0.0,23.8,5.22,7.19,79.23,0.0
beledweyne,2025031400,4.74,45.2,0.0,23.22,4.53,6.36,85.92,0.0
beledweyne,2025031401,4.74,45.2,0.0,22.8,3.85,5.57,89.13,0.0
beledweyne,2025031402,4.74,45.2,0.0,22.45,3.27,4.88,91.3,0.0
beledweyne,2025031403,4.74,45.2,48.53,22.98,3.98,5.06,88.16,0.0
beledweyne,2025031404,4.74,45.2,276.15,25.45,5.69,6.65,72.52,0.0
beledweyne,2025031405,4.74,45.2,535.45,28.56,6.3,7.16,55.17,0.0
beledweyne,2025031406,4.74,45.2,761.97,31.81,6.32,7.07,41.17,0.0
beledweyne,2025031407,4.74,45.2,929.08,34.57,6.04,6.71,32.16,0.0
beledweyne,2025031408,4.74,45.2,1021.47,36.59,5.81,6.44,27.06,0.0
beledweyne,2025031409,4.74,45.2,1042.07,37.97,5.65,6.25,23.94,0.0
beledweyne,2025031410,4.74,45.2,969.95,38.78,5.57,6.2,21.9,0.0
beledweyne,2025031411,4.74,45.2,820.97,39.05,5.56,6.19,20.57,0.0
beledweyne,2025031412,4.74,45.2,608.35,38.76,5.55,6.22,19.96,0.0
beledweyne,2025031413,4.74,45.2,353.58,37.79,5.5,6.28,20.11,0.0
beledweyne,2025031414,4.74,45.2,101.3,35.77,4.36,6.31,22.04,0.0
beledweyne,2025031415,4.74,45.2,0.0,32.39,3.23,6.9,27.1,0.0
beledweyne,2025031416,4.74,45.2,0.0,31.52,3.65,7.73,28.26,0.0
beledweyne,2025031417,4.74,45.2,0.0,30.77,4.13,8.38,29.55,0.0
beledweyne,2025031418,4.74,45.2,0.0,30.07,4.92,8.91,31.32,0.0
beledweyne,2025031419,4.74,45.2,0.0,29.26,6.11,9.44,35.22,0.0
beledweyne,2025031420,4.74,45.2,0.0,28.0,6.79,9.45,44.69,0.0
beledweyne,2025031421,4.74,45.2,0.0,26.51,6.34,8.42,58.96,0.0
beledweyne,2025031422,4.74,45.2,0.0,25.33,5.55,7.23,71.03,0.0
beledweyne,2025031423,4.74,45.2,0.0,24.52,4.79,6.37,78.5,0.0
beledweyne,2025031500,4.74,45.2,0.0,24.02,4.89,6.49,82.58,0.0
beledweyne,2025031501,4.74,45.2,0.0,23.69,4.89,6.57,85.24,0.0
beledweyne,2025031502,4.74,45.2,0.0,23.57,4.76,6.28,86.68,0.0
beledweyne,2025031503,4.74,45.2,47.05,24.05,4.69,5.87,85.28,0.0
beledweyne,2025031504,4.74,45.2,272.3,26.22,6.01,7.23,75.31,0.0
beledweyne,2025031505,4.74,45.2,529.92,29.26,6.64,7.7,61.08,0.0
beledweyne,2025031506,4.74,45.2,759.25,32.31,6.5,7.38,48.13,0.0
beledweyne,2025031507,4.74,45.2,926.83,34.94,6.22,6.99,38.35,0.0
beledweyne,2025031508,4.74,45.2,1018.67,37.01,5.88,6.57,31.48,0.0
beledweyne,2025031509,4.74,45.2,1017.4,38.5,5.55,6.15,26.59,0.0
beledweyne,2025031510,4.74,45.2,936.58,39.38,5.25,5.8,23.36,0.0
beledweyne,2025031511,4.74,45.2,788.0,39.66,5.06,5.61,21.48,0.0
beledweyne,2025031512,4.74,45.2,563.72,39.35,4.98,5.54,20.61,0.0
beledweyne,2025031513,4.74,45.2,320.5,38.43,4.97,5.63,20.75,0.0
beledweyne,2025031514,4.74,45.2,90.38,36.53,4.08,5.8,22.56,0.0
beledweyne,2025031515,4.74,45.2,0.0,33.23,3.08,6.51,27.25,0.0
beledweyne,2025031516,4.74,45.2,0.0,32.41,3.61,7.59,28.09,0.0
beledweyne,2025031517,4.74,45.2,0.0,31.73,4.61,8.57,29.81,0.0
beledweyne,2025031518,4.74,45.2,0.0,30.85,6.34,9.51,35.64,0.0
beledweyne,2025031519,4.74,45.2,0.0,29.28,7.46,9.87,48.72,0.0
beledweyne,2025031520,4.74,45.2,0.0,27.68,7.27,9.29,62.04,0.0
beledweyne,2025031521,4.74,45.2,0.0,26.65,6.51,8.25,69.62,0.0
beledweyne,2025031522,4.74,45.2,0.0,26.0,5.66,7.25,73.18,0.0
beledweyne,2025031523,4.74,45.2,0.0,25.42,4.96,6.48,76.36,0.0
beledweyne,2025031600,4.74,45.2,0.0,24.87,4.33,5.78,80.05,0.0
beledweyne,2025031601,4.74,45.2,0.0,24.54,4.19,5.69,83.03,0.0
beledweyne,2025031602,4.74,45.2,0.0,24.51,4.47,5.87,83.94,0.0
beledweyne,2025031603,4.74,45.2,48.38,24.96,4.96,6.16,81.69,0.0
beledweyne,2025031604,4.74,45.2,249.18,26.81,5.54,6.4,70.58,0.0
beledweyne,2025031605,4.74,45.2,455.62,29.56,5.75,6.55,55.08,0.0
beledweyne,2025031606,4.74,45.2,725.47,32.6,5.91,6.66,41.64,0.0
beledweyne,2025031607,4.74,45.2,926.1,35.18,5.69,6.33,33.72,0.0
beledweyne,2025031608,4.74,45.2,1016.0,37.18,5.31,5.86,28.76,0.0
beledweyne,2025031609,4.74,45.2,1038.85,38.62,4.9,5.36,25.18,0.0
beledweyne,2025031610,4.74,45.2,960.15,39.48,4.55,4.98,22.57,0.0
beledweyne,2025031611,4.74,45.2,806.83,39.75,4.36,4.77,20.99,0.0
beledweyne,2025031612,4.74,45.2,592.8,39.45,4.28,4.71,20.33,0.0
beledweyne,2025031613,4.74,45.2,340.52,38.55,4.3,4.79,20.56,0.0
beledweyne,2025031614,4.74,45.2,95.68,36.71,3.62,5.01,22.41,0.0
beledweyne,2025031615,4.74,45.2,0.0,33.43,2.87,5.91,27.28,0.0
beledweyne,2025031616,4.74,45.2,0.0,32.76,3.67,7.41,28.6,0.0
beledweyne,2025031617,4.74,45.2,0.0,32.51,5.89,9.2,31.89,0.0
beledweyne,2025031618,4.74,45.2,0.0,31.12,8.28,10.85,42.97,0.0
beledweyne,2025031619,4.74,45.2,0.0,28.98,9.11,11.44,58.26,0.0
beledweyne,2025031620,4.74,45.2,0.0,27.6,8.45,10.55,67.06,0.0
beledweyne,2025031621,4.74,45.2,0.0,26.96,7.41,9.27,70.5,0.0
beledweyne,2025031622,4.74,45.2,0.0,26.49,6.7,8.43,73.61,0.0
beledweyne,2025031623,4.74,45.2,0.0,26.05,6.19,7.81,76.72,0.0
beledweyne,2025031700,4.74,45.2,0.0,25.67,5.79,7.31,79.55,0.02
beledweyne,2025031701,4.74,45.2,0.0,25.43,5.44,6.92,81.6,0.03
beledweyne,2025031702,4.74,45.2,0.0,25.35,5.18,6.64,82.35,0.02
beledweyne,2025031703,4.74,45.2,45.45,25.69,5.25,6.56,81.33,0.03
beledweyne,2025031704,4.74,45.2,232.2,27.61,6.07,7.12,71.36,0.02
beledweyne,2025031705,4.74,45.2,434.52,30.11,6.03,6.86,58.98,0.01
beledweyne,2025031706,4.74,45.2,578.75,32.65,5.69,6.35,48.45,0.01
beledweyne,2025031707,4.74,45.2,731.58,34.59,5.29,5.84,41.4,0.01
beledweyne,2025031708,4.74,45.2,987.62,36.09,4.9,5.38,36.74,0.01
beledweyne,2025031709,4.74,45.2,834.9,37.16,4.4,4.83,33.45,0.01
beledweyne,2025031710,4.74,45.2,926.85,37.99,3.97,4.35,30.75,0.01
beledweyne,2025031711,4.74,45.2,781.4,38.33,3.75,4.14,29.2,0.0
beledweyne,2025031712,4.74,45.2,555.67,38.08,3.67,4.07,28.56,0.0
beledweyne,2025031713,4.74,45.2,314.52,37.33,3.69,4.14,28.78,0.0
beledweyne,2025031714,4.74,45.2,88.28,35.99,3.53,4.32,30.31,0.0
beledweyne,2025031715,4.74,45.2,0.0,34.45,2.76,5.13,32.94,0.0
beledweyne,2025031716,4.74,45.2,0.0,33.95,4.24,6.79,33.99,0.0
beledweyne,2025031717,4.74,45.2,0.0,33.17,6.45,8.73,35.91,0.0
beledweyne,2025031718,4.74,45.2,0.0,31.47,8.25,10.41,40.13,0.0
beledweyne,2025031719,4.74,45.2,0.0,29.41,8.48,10.52,46.42,0.0
beledweyne,2025031720,4.74,45.2,0.0,27.95,7.63,9.49,53.23,0.0
beledweyne,2025031721,4.74,45.2,0.0,27.04,6.72,8.36,59.66,0.0
beledweyne,2025031722,4.74,45.2,0.0,26.3,5.99,7.48,65.78,0.0
beledweyne,2025031723,4.74,45.2,0.0,25.64,5.46,6.84,71.16,0.0
beledweyne,2025031800,4.74,45.2,0.0,25.05,4.97,6.25,75.7,0.0
beledweyne,2025031801,4.74,45.2,0.0,24.51,4.32,5.61,80.06,0.01
beledweyne,2025031802,4.74,45.2,0.0,24.16,3.98,5.27,83.17,0.01
beledweyne,2025031803,4.74,45.2,36.25,24.49,4.2,5.14,82.25,0.01
beledweyne,2025031804,4.74,45.2,183.18,26.62,4.52,5.16,69.08,0.0
beledweyne,2025031805,4.74,45.2,364.05,29.94,4.74,5.34,48.63,0.0
beledweyne,2025031806,4.74,45.2,551.92,33.13,4.83,5.36,34.67,0.0
beledweyne,2025031807,4.74,45.2,792.05,35.59,4.85,5.36,28.29,0.0
beledweyne,2025031808,4.74,45.2,937.2,37.36,4.84,5.33,25.18,0.0
beledweyne,2025031809,4.74,45.2,851.1,38.55,4.81,5.3,23.23,0.0
beledweyne,2025031810,4.74,45.2,584.1,39.27,4.85,5.33,21.97,0.0
beledweyne,2025031811,4.74,45.2,672.75,39.43,4.94,5.44,21.33,0.0
beledweyne,2025031812,4.74,45.2,492.83,39.1,5.1,5.65,21.32,0.0
beledweyne,2025031813,4.74,45.2,274.4,38.15,5.26,5.93,22.37,0.0
beledweyne,2025031814,4.74,45.2,80.7,36.56,4.95,6.22,24.53,0.0
beledweyne,2025031815,4.74,45.2,0.0,34.46,3.63,6.85,27.87,0.0
beledweyne,2025031816,4.74,45.2,0.0,34.02,4.9,7.79,28.87,0.0
beledweyne,2025031817,4.74,45.2,0.0,33.11,6.57,9.07,32.04,0.0
beledweyne,2025031818,4.74,45.2,0.0,31.31,8.17,10.52,40.21,0.0
beledweyne,2025031819,4.74,45.2,0.0,29.29,8.02,10.01,50.57,0.0
beledweyne,2025031820,4.74,45.2,0.0,27.98,7.21,9.02,58.25,0.0
beledweyne,2025031821,4.74,45.2,0.0,27.18,6.5,8.14,63.54,0.0
beledweyne,2025031822,4.74,45.2,0.0,26.55,5.97,7.49,67.92,0.0
beledweyne,2025031823,4.74,45.2,0.0,25.98,5.56,6.96,72.09,0.0
beledweyne,2025031900,4.74,45.2,0.0,25.51,5.18,6.52,75.89,0.0
beledweyne,2025031901,4.74,45.2,0.0,25.18,4.96,6.27,78.73,0.0
beledweyne,2025031902,4.74,45.2,0.0,24.95,4.78,6.09,80.69,0.0
beledweyne,2025031903,4.74,45.2,49.6,25.28,5.01,6.07,79.32,0.0
beledweyne,2025031904,4.74,45.2,216.2,27.17,5.23,5.98,68.03,0.0
beledweyne,2025031905,4.74,45.2,395.48,29.92,5.27,5.94,52.67,0.0
beledweyne,2025031906,4.74,45.2,602.83,32.91,5.42,6.07,38.71,0.0
beledweyne,2025031907,4.74,45.2,775.65,35.42,5.54,6.19,30.64,0.0
beledweyne,2025031908,4.74,45.2,907.03,37.32,5.57,6.22,26.77,0.0
beledweyne,2025031909,4.74,45.2,999.2,38.65,5.51,6.14,24.47,0.0
beledweyne,2025031910,4.74,45.2,831.72,39.4,5.47,6.11,23.39,0.0
beledweyne,2025031911,4.74,45.2,780.47,39.61,5.55,6.2,23.3,0.0
beledweyne,2025031912,4.74,45.2,551.88,39.25,5.66,6.38,24.07,0.0
beledweyne,2025031913,4.74,45.2,302.55,38.3,5.78,6.6,25.63,0.0
beledweyne,2025031914,4.74,45.2,82.95,36.76,5.52,6.81,28.2,0.0
beledweyne,2025031915,4.74,45.2,0.0,35.3,4.49,7.05,30.83,0.0
beledweyne,2025031916,4.74,45.2,0.0,34.72,5.13,7.68,31.97,0.0
beledweyne,2025031917,4.74,45.2,0.0,33.96,6.24,8.61,33.65,0.0
beledweyne,2025031918,4.74,45.2,0.0,32.5,7.47,9.7,38.21,0.0
beledweyne,2025031919,4.74,45.2,0.0,30.41,8.44,10.66,47.36,0.0
beledweyne,2025031920,4.74,45.2,0.0,28.68,7.86,9.77,57.08,0.0
beledweyne,2025031921,4.74,45.2,0.0,27.72,6.97,8.7,63.57,0.0
beledweyne,2025031922,4.74,45.2,0.0,27.12,6.36,7.97,68.06,0.0
beledweyne,2025031923,4.74,45.2,0.0,26.64,5.9,7.42,72.14,0.0
beledweyne,2025032000,4.74,45.2,0.0,26.31,5.68,7.18,75.39,0.0
beledweyne,2025032001,4.74,45.2,0.0,26.12,5.6,7.09,77.29,0.0
beledweyne,2025032002,4.74,45.2,0.0,25.93,5.34,6.82,78.7,0.01
beledweyne,2025032003,4.74,45.2,38.0,26.21,5.43,6.71,77.56,0.02
beledweyne,2025032004,4.74,45.2,170.62,28.05,5.67,6.53,68.32,0.02
beledweyne,2025032005,4.74,45.2,360.48,30.55,5.46,6.13,56.47,0.01
beledweyne,2025032006,4.74,45.2,629.28,33.18,5.26,5.83,45.08,0.0
beledweyne,2025032007,4.74,45.2,851.2,35.59,5.17,5.72,35.5,0.0
beledweyne,2025032008,4.74,45.2,972.88,37.51,5.18,5.72,29.09,0.0
beledweyne,2025032009,4.74,45.2,988.75,38.86,5.22,5.78,25.03,0.0
beledweyne,2025032010,4.74,45.2,886.7,39.66,5.32,5.9,22.39,0.0
beledweyne,2025032011,4.74,45.2,776.03,39.87,5.42,6.02,20.92,0.0
beledweyne,2025032012,4.74,45.2,568.05,39.52,5.56,6.21,20.36,0.0
beledweyne,2025032013,4.74,45.2,317.15,38.56,5.64,6.41,20.8,0.0
beledweyne,2025032014,4.74,45.2,86.75,36.85,5.01,6.49,22.54,0.0
beledweyne,2025032015,4.74,45.2,0.0,33.98,3.3,6.94,26.72,0.0
beledweyne,2025032016,4.74,45.2,0.0,33.6,4.28,7.7,28.45,0.0
beledweyne,2025032017,4.74,45.2,0.0,32.93,5.84,8.77,33.41,0.0
beledweyne,2025032018,4.74,45.2,0.0,31.62,7.64,10.19,43.84,0.0
beledweyne,2025032019,4.74,45.2,0.0,29.87,8.21,10.33,56.45,0.01
beledweyne,2025032020,4.74,45.2,0.0,28.55,7.72,9.69,64.84,0.01
beledweyne,2025032021,4.74,45.2,0.0,27.72,7.13,8.85,69.59,0.01
beledweyne,2025032022,4.74,45.2,0.0,27.12,6.52,8.14,73.17,0.02
beledweyne,2025032023,4.74,45.2,0.0,26.76,6.02,7.53,75.28,0.01
beledweyne,2025032100,4.74,45.2,0.0,26.51,5.58,7.05,76.68,0.01
beledweyne,2025032101,4.74,45.2,0.0,26.28,5.06,6.43,77.95,0.01
beledweyne,2025032102,4.74,45.2,0.0,25.99,4.4,5.67,79.82,0.01
beledweyne,2025032103,4.74,45.2,54.97,26.23,4.56,5.65,79.02,0.01
beledweyne,2025032104,4.74,45.2,274.95,28.08,5.12,5.85,69.2,0.0
beledweyne,2025032105,4.74,45.2,527.97,30.49,4.86,5.42,57.5,0.0
beledweyne,2025032106,4.74,45.2,758.28,33.05,4.59,5.07,46.26,0.0
beledweyne,2025032107,4.74,45.2,935.4,35.38,4.44,4.89,37.18,0.0
beledweyne,2025032108,4.74,45.2,1023.62,37.22,4.34,4.78,31.21,0.0
beledweyne,2025032109,4.74,45.2,1039.7,38.55,4.26,4.69,27.34,0.0
beledweyne,2025032110,4.74,45.2,944.67,39.33,4.24,4.66,24.83,0.0
beledweyne,2025032111,4.74,45.2,811.12,39.53,4.33,4.76,23.51,0.0
beledweyne,2025032112,4.74,45.2,573.75,39.16,4.58,5.07,23.17,0.0
beledweyne,2025032113,4.74,45.2,319.58,38.23,4.9,5.49,23.81,0.0
beledweyne,2025032114,4.74,45.2,89.75,36.7,4.88,6.05,25.58,0.0
beledweyne,2025032115,4.74,45.2,0.0,35.19,4.48,6.95,28.25,0.0
beledweyne,2025032116,4.74,45.2,0.0,34.48,5.8,8.08,30.69,0.0
beledweyne,2025032117,4.74,45.2,0.0,33.3,7.27,9.5,35.87,0.0
beledweyne,2025032118,4.74,45.2,0.0,31.54,8.17,10.31,44.7,0.0
beledweyne,2025032119,4.74,45.2,0.0,29.81,8.32,10.37,54.41,0.0
beledweyne,2025032120,4.74,45.2,0.0,28.63,7.52,9.34,60.91,0.0
beledweyne,2025032121,4.74,45.2,0.0,27.83,6.8,8.47,65.42,0.0
beledweyne,2025032122,4.74,45.2,0.0,27.19,6.26,7.8,69.38,0.0
beledweyne,2025032123,4.74,45.2,0.0,26.71,5.83,7.31,72.57,0.0
beledweyne,2025032200,4.74,45.2,0.0,26.36,5.41,6.88,74.94,0.05
beledweyne,2025032201,4.74,45.2,0.0,26.01,4.95,6.49,77.12,0.06
beledweyne,2025032202,4.74,45.2,0.0,25.76,4.72,6.33,78.22,0.07
beledweyne,2025032203,4.74,45.2,58.53,26.07,5.29,6.65,76.34,0.06
beledweyne,2025032204,4.74,45.2,298.23,27.72,5.84,6.75,67.8,0.03
beledweyne,2025032205,4.74,45.2,554.75,30.24,5.59,6.3,56.14,0.01
beledweyne,2025032206,4.74,45.2,779.33,33.09,5.31,5.91,44.51,0.0
beledweyne,2025032207,4.74,45.2,938.97,35.64,4.99,5.5,35.68,0.01
beledweyne,2025032208,4.74,45.2,1020.35,37.56,4.78,5.26,30.15,0.01
beledweyne,2025032209,4.74,45.2,1023.47,38.84,4.79,5.28,27.08,0.0
beledweyne,2025032210,4.74,45.2,961.58,39.55,4.9,5.4,25.22,0.0
beledweyne,2025032211,4.74,45.2,799.45,39.69,5.04,5.56,24.28,0.0
beledweyne,2025032212,4.74,45.2,538.72,39.32,5.21,5.79,24.01,0.0
beledweyne,2025032213,4.74,45.2,310.12,38.37,5.35,6.04,24.72,0.0
beledweyne,2025032214,4.74,45.2,90.28,36.83,5.03,6.32,26.64,0.0
beledweyne,2025032215,4.74,45.2,0.0,35.05,3.87,6.76,29.51,0.0
beledweyne,2025032216,4.74,45.2,0.0,34.45,4.63,7.35,30.98,0.0
beledweyne,2025032217,4.74,45.2,0.0,33.64,5.3,7.82,33.78,0.0
beledweyne,2025032218,4.74,45.2,0.0,32.44,6.53,8.84,39.49,0.0
beledweyne,2025032219,4.74,45.2,0.0,30.69,7.36,9.42,49.03,0.0
beledweyne,2025032220,4.74,45.2,0.0,28.96,7.38,9.3,59.15,0.0
beledweyne,2025032221,4.74,45.2,0.0,27.78,6.83,8.5,66.02,0.01
beledweyne,2025032222,4.74,45.2,0.0,27.02,6.12,7.66,70.29,0.01
beledweyne,2025032223,4.74,45.2,0.0,26.44,5.65,7.14,74.11,0.03
beledweyne,2025032300,4.74,45.2,0.0,25.98,5.29,6.76,77.59,0.05
beledweyne,2025032301,4.74,45.2,0.0,25.65,5.08,6.57,80.42,0.07
beledweyne,2025032302,4.74,45.2,0.0,25.48,5.04,6.48,82.15,0.08
beledweyne,2025032303,4.74,45.2,60.47,25.81,5.22,6.47,80.89,0.07
beledweyne,2025032304,4.74,45.2,289.4,27.6,5.96,6.92,70.3,0.02
beledweyne,2025032305,4.74,45.2,531.03,30.31,5.93,6.71,56.68,0.0
beledweyne,2025032306,4.74,45.2,776.72,33.15,5.78,6.44,45.02,0.0
beledweyne,2025032307,4.74,45.2,929.9,35.62,5.53,6.12,36.76,0.01
beledweyne,2025032308,4.74,45.2,1024.0,37.54,5.33,5.9,31.26,0.01
beledweyne,2025032309,4.74,45.2,1031.28,38.91,5.25,5.82,27.77,0.01
beledweyne,2025032310,4.74,45.2,954.38,39.68,5.23,5.81,25.59,0.01
beledweyne,2025032311,4.74,45.2,733.75,39.88,5.26,5.84,24.46,0.02
beledweyne,2025032312,4.74,45.2,550.03,39.5,5.3,5.94,24.26,0.02
beledweyne,2025032313,4.74,45.2,299.27,38.52,5.42,6.17,25.24,0.01
beledweyne,2025032314,4.74,45.2,81.95,37.02,5.25,6.5,27.47,0.01
beledweyne,2025032315,4.74,45.2,0.0,35.59,4.21,6.79,30.1,0.01
beledweyne,2025032316,4.74,45.2,0.0,34.84,4.64,7.3,31.99,0.01
beledweyne,2025032317,4.74,45.2,0.0,33.99,5.57,8.04,35.02,0.0
beledweyne,2025032318,4.74,45.2,0.0,32.65,6.66,8.88,40.91,0.01
beledweyne,2025032319,4.74,45.2,0.0,30.88,7.47,9.51,49.68,0.01
beledweyne,2025032320,4.74,45.2,0.0,29.32,7.26,9.14,58.01,0.01
beledweyne,2025032321,4.74,45.2,0.0,28.31,6.42,8.06,63.52,0.02
beledweyne,2025032322,4.74,45.2,0.0,27.64,5.74,7.24,67.57,0.04
beledweyne,2025032323,4.74,45.2,0.0,27.11,5.18,6.55,71.38,0.04
beledweyne,2025032400,4.74,45.2,0.0,26.62,4.73,6.04,75.38,0.05
beledweyne,2025032401,4.74,45.2,0.0,26.21,4.45,5.72,79.21,0.07
beledweyne,2025032402,4.74,45.2,0.0,25.93,4.23,5.5,82.29,0.1
beledweyne,2025032403,4.74,45.2,54.7,26.29,4.6,5.7,81.74,0.15
beledweyne,2025032404,4.74,45.2,223.27,28.1,5.57,6.55,71.9,0.12
beledweyne,2025032405,4.74,45.2,400.25,30.49,6.05,6.95,58.84,0.07
beledweyne,2025032406,4.74,45.2,612.8,32.95,6.21,7.04,47.91,0.05
beledweyne,2025032407,4.74,45.2,861.2,34.91,6.21,6.98,40.32,0.05
beledweyne,2025032408,4.74,45.2,1010.83,36.42,6.18,6.9,35.23,0.05
beledweyne,2025032409,4.74,45.2,986.72,37.47,6.18,6.86,32.1,0.03
beledweyne,2025032410,4.74,45.2,776.95,38.06,6.19,6.86,30.26,0.03
beledweyne,2025032411,4.74,45.2,684.8,38.15,6.24,6.93,29.56,0.03
beledweyne,2025032412,4.74,45.2,461.98,37.61,6.37,7.11,30.05,0.04
beledweyne,2025032413,4.74,45.2,242.45,36.46,6.44,7.37,31.98,0.04
beledweyne,2025032414,4.74,45.2,59.65,34.99,6.34,7.75,35.17,0.04
beledweyne,2025032415,4.74,45.2,0.0,33.49,5.74,7.86,39.53,0.03
beledweyne,2025032416,4.74,45.2,0.0,32.48,5.54,7.56,43.55,0.06
beledweyne,2025032417,4.74,45.2,0.0,31.58,5.21,7.06,47.66,0.1
beledweyne,2025032418,4.74,45.2,0.0,30.81,5.08,6.81,51.44,0.19
beledweyne,2025032419,4.74,45.2,0.0,30.09,5.12,6.69,55.24,0.32
beledweyne,2025032420,4.74,45.2,0.0,29.29,5.45,6.96,59.6,0.47
beledweyne,2025032421,4.74,45.2,0.0,28.43,5.51,6.92,64.66,0.64
beledweyne,2025032422,4.74,45.2,0.0,27.68,5.37,6.71,69.47,0.85
beledweyne,2025032423,4.74,45.2,0.0,27.07,4.92,6.17,73.77,1.06
beledweyne,2025032500,4.74,45.2,0.0,26.48,4.49,5.67,78.47,1.13
beledweyne,2025032501,4.74,45.2,0.0,25.93,4.03,5.19,83.41,0.86
beledweyne,2025032502,4.74,45.2,0.0,25.61,3.84,4.96,86.53,0.46
beledweyne,2025032503,4.74,45.2,45.1,25.65,4.01,5.03,86.89,0.36
beledweyne,2025032504,4.74,45.2,195.45,26.59,4.77,5.75,80.21,0.44
beledweyne,2025032505,4.74,45.2,383.1,28.07,5.19,6.1,70.17,0.5
beledweyne,2025032506,4.74,45.2,596.28,29.64,5.46,6.34,61.97,0.55
beledweyne,2025032507,4.74,45.2,764.08,31.01,5.66,6.54,56.13,0.59
beledweyne,2025032508,4.74,45.2,886.12,31.9,5.73,6.6,52.72,0.67
beledweyne,2025032509,4.74,45.2,901.15,32.27,5.75,6.62,51.29,0.65
beledweyne,2025032510,4.74,45.2,570.67,32.41,5.68,6.53,50.65,0.55
beledweyne,2025032511,4.74,45.2,583.72,32.27,5.55,6.42,50.7,0.39
beledweyne,2025032512,4.74,45.2,337.77,31.99,5.47,6.4,51.15,0.33
beledweyne,2025032513,4.74,45.2,182.98,31.2,4.96,6.22,53.88,0.19
beledweyne,2025032514,4.74,45.2,46.83,29.75,3.42,5.85,62.35,0.12
beledweyne,2025032515,4.74,45.2,0.0,28.41,2.89,5.96,68.93,0.1
beledweyne,2025032516,4.74,45.2,0.0,28.01,3.0,6.12,69.83,0.11
beledweyne,2025032517,4.74,45.2,0.0,27.7,3.23,6.27,70.69,0.07
beledweyne,2025032518,4.74,45.2,0.0,27.4,3.68,6.4,71.91,0.07
beledweyne,2025032519,4.74,45.2,0.0,27.06,4.23,6.4,74.3,0.11
beledweyne,2025032520,4.74,45.2,0.0,26.61,4.55,6.34,77.98,0.18
beledweyne,2025032521,4.74,45.2,0.0,26.16,4.51,6.03,81.74,0.32
beledweyne,2025032522,4.74,45.2,0.0,25.73,4.12,5.5,85.04,0.5
beledweyne,2025032523,4.74,45.2,0.0,25.41,4.22,5.69,86.88,0.53
beledweyne,2025032600,4.74,45.2,0.0,25.15,4.19,5.63,88.05,0.57
beledweyne,2025032601,4.74,45.2,0.0,24.92,3.95,5.37,89.5,0.61
beledweyne,2025032602,4.74,45.2,0.0,24.76,3.62,5.09,90.86,0.6
beledweyne,2025032603,4.74,45.2,46.2,24.86,3.78,4.96,90.81,0.72
beledweyne,2025032604,4.74,45.2,207.65,25.6,4.98,6.21,85.78,0.61
beledweyne,2025032605,4.74,45.2,404.08,26.68,5.66,6.71,75.93,0.52
beledweyne,2025032606,4.74,45.2,642.8,28.08,5.63,6.52,66.29,0.32
beledweyne,2025032607,4.74,45.2,810.28,29.68,5.43,6.21,58.65,0.22
beledweyne,2025032608,4.74,45.2,933.1,30.99,5.25,5.97,53.43,0.19
beledweyne,2025032609,4.74,45.2,987.6,31.87,5.15,5.84,50.31,0.15
beledweyne,2025032610,4.74,45.2,828.42,32.42,5.2,5.9,48.18,0.11
beledweyne,2025032611,4.74,45.2,665.53,32.7,5.32,6.03,46.46,0.08
beledweyne,2025032612,4.74,45.2,426.35,32.49,5.37,6.12,46.09,0.05
beledweyne,2025032613,4.74,45.2,223.77,31.78,5.26,6.12,47.33,0.01
beledweyne,2025032614,4.74,45.2,57.9,30.41,4.3,5.94,51.95,0.0
beledweyne,2025032615,4.74,45.2,0.0,28.53,3.01,6.08,60.98,0.0
beledweyne,2025032616,4.74,45.2,0.0,27.96,3.18,6.22,62.99,0.0
beledweyne,2025032617,4.74,45.2,0.0,27.37,3.05,6.03,65.46,0.0
beledweyne,2025032618,4.74,45.2,0.0,26.83,2.91,5.88,67.63,0.0
beledweyne,2025032619,4.74,45.2,0.0,26.39,3.04,5.95,69.27,0.0
beledweyne,2025032620,4.74,45.2,0.0,26.0,3.41,6.15,70.99,0.0
beledweyne,2025032621,4.74,45.2,0.0,25.6,3.9,6.28,73.03,0.0
beledweyne,2025032622,4.74,45.2,0.0,25.04,4.08,6.13,76.25,0.0
beledweyne,2025032623,4.74,45.2,0.0,24.43,3.88,5.72,80.23,0.0
beledweyne,2025032700,4.74,45.2,0.0,23.87,3.5,5.26,84.29,0.0
beledweyne,2025032701,4.74,45.2,0.0,23.35,3.12,4.95,88.19,0.02
beledweyne,2025032702,4.74,45.2,0.0,23.12,3.43,5.27,90.4,0.05
beledweyne,2025032703,4.74,45.2,52.15,23.68,4.84,6.3,87.81,0.04
beledweyne,2025032704,4.74,45.2,260.25,25.78,6.29,7.47,74.71,0.0
beledweyne,2025032705,4.74,45.2,512.03,28.36,6.32,7.28,59.44,0.0
beledweyne,2025032706,4.74,45.2,746.75,31.06,6.11,6.97,46.63,0.0
beledweyne,2025032707,4.74,45.2,893.0,33.43,5.87,6.67,38.15,0.0
beledweyne,2025032708,4.74,45.2,967.8,35.23,5.71,6.48,32.85,0.0
beledweyne,2025032709,4.74,45.2,943.85,36.52,5.76,6.54,28.71,0.0
beledweyne,2025032710,4.74,45.2,957.3,37.29,5.93,6.73,25.66,0.0
beledweyne,2025032711,4.74,45.2,806.8,37.46,6.06,6.89,23.99,0.0
beledweyne,2025032712,4.74,45.2,577.33,37.08,6.16,7.06,23.5,0.0
beledweyne,2025032713,4.74,45.2,316.95,36.04,6.11,7.18,24.47,0.0
beledweyne,2025032714,4.74,45.2,84.32,33.65,4.38,7.02,30.23,0.0
beledweyne,2025032715,4.74,45.2,0.0,30.49,3.36,7.28,39.99,0.0
beledweyne,2025032716,4.74,45.2,0.0,29.63,3.63,7.8,41.49,0.0
beledweyne,2025032717,4.74,45.2,0.0,29.0,4.46,8.71,42.56,0.0
beledweyne,2025032718,4.74,45.2,0.0,28.38,5.96,9.4,45.75,0.0
beledweyne,2025032719,4.74,45.2,0.0,27.18,5.97,8.55,54.8,0.0
beledweyne,2025032720,4.74,45.2,0.0,26.08,5.03,7.15,64.76,0.0
beledweyne,2025032721,4.74,45.2,0.0,25.24,4.12,6.05,71.87,0.0
beledweyne,2025032722,4.74,45.2,0.0,24.58,3.53,5.45,76.78,0.0
beledweyne,2025032723,4.74,45.2,0.0,24.02,3.08,5.04,80.74,0.0
beledweyne,2025032800,4.74,45.2,0.0,23.62,3.13,5.29,83.65,0.0
beledweyne,2025032801,4.74,45.2,0.0,23.3,3.24,5.24,85.93,0.0
beledweyne,2025032802,4.74,45.2,0.0,22.99,3.31,5.21,87.94,0.02
beledweyne,2025032803,4.74,45.2,56.42,23.46,4.37,5.71,85.71,0.05
beledweyne,2025032804,4.74,45.2,264.1,25.5,6.44,7.77,74.06,0.01
beledweyne,2025032805,4.74,45.2,499.38,27.99,7.02,8.17,59.37,0.0
beledweyne,2025032806,4.74,45.2,751.25,30.59,7.02,8.05,46.96,0.0
beledweyne,2025032807,4.74,45.2,922.28,32.92,6.81,7.74,38.31,0.0
beledweyne,2025032808,4.74,45.2,1008.83,34.79,6.42,7.25,32.94,0.0
beledweyne,2025032809,4.74,45.2,1014.7,36.12,5.95,6.7,29.95,0.0
beledweyne,2025032810,4.74,45.2,956.5,36.95,5.45,6.12,28.38,0.0
beledweyne,2025032811,4.74,45.2,775.95,37.21,5.05,5.66,27.88,0.0
beledweyne,2025032812,4.74,45.2,586.9,36.86,4.77,5.38,28.24,0.0
beledweyne,2025032813,4.74,45.2,306.1,35.79,4.52,5.22,29.92,0.0
beledweyne,2025032814,4.74,45.2,77.68,33.88,3.15,5.03,36.04,0.0
beledweyne,2025032815,4.74,45.2,0.0,31.73,2.43,5.18,44.78,0.0
beledweyne,2025032816,4.74,45.2,0.0,31.06,2.66,5.71,45.9,0.0
beledweyne,2025032817,4.74,45.2,0.0,30.45,3.19,6.66,46.35,0.0
beledweyne,2025032818,4.74,45.2,0.0,29.96,4.76,8.09,46.79,0.0
beledweyne,2025032819,4.74,45.2,0.0,28.96,6.47,8.91,51.12,0.0
beledweyne,2025032820,4.74,45.2,0.0,27.59,6.27,8.25,58.75,0.0
beledweyne,2025032821,4.74,45.2,0.0,26.61,5.63,7.34,65.61,0.0
beledweyne,2025032822,4.74,45.2,0.0,25.98,4.84,6.35,70.36,0.0
beledweyne,2025032823,4.74,45.2,0.0,25.5,4.32,5.75,73.9,0.0
beledweyne,2025032900,4.74,45.2,0.0,25.11,3.74,5.14,76.77,0.0
beledweyne,2025032901,4.74,45.2,0.0,24.82,3.3,4.69,79.05,0.0
beledweyne,2025032902,4.74,45.2,0.0,24.57,2.92,4.36,80.89,0.0
beledweyne,2025032903,4.74,45.2,55.25,25.02,3.76,4.82,79.25,0.0
beledweyne,2025032904,4.74,45.2,257.88,26.71,4.57,5.29,70.44,0.0
beledweyne,2025032905,4.74,45.2,483.7,28.93,4.54,5.15,58.74,0.0
beledweyne,2025032906,4.74,45.2,739.47,31.23,4.32,4.84,48.17,0.0
beledweyne,2025032907,4.74,45.2,905.0,33.25,3.95,4.4,41.06,0.0
beledweyne,2025032908,4.74,45.2,993.6,34.82,3.55,3.96,36.63,0.0
beledweyne,2025032909,4.74,45.2,1010.45,35.86,3.2,3.61,33.75,0.0
beledweyne,2025032910,4.74,45.2,917.83,36.31,2.91,3.31,32.05,0.0
beledweyne,2025032911,4.74,45.2,767.75,36.19,2.69,3.09,31.38,0.0
beledweyne,2025032912,4.74,45.2,529.28,35.58,2.55,2.94,31.8,0.0
beledweyne,2025032913,4.74,45.2,299.98,34.82,2.45,2.86,32.83,0.0
beledweyne,2025032914,4.74,45.2,77.62,33.46,1.62,2.87,40.12,0.0
beledweyne,2025032915,4.74,45.2,0.0,31.85,1.77,3.36,46.9,0.0
beledweyne,2025032916,4.74,45.2,0.0,31.23,2.14,4.37,47.19,0.0
beledweyne,2025032917,4.74,45.2,0.0,30.74,2.84,5.87,46.98,0.0
beledweyne,2025032918,4.74,45.2,0.0,30.3,4.67,7.49,47.93,0.0
beledweyne,2025032919,4.74,45.2,0.0,29.27,6.33,8.48,53.35,0.0
beledweyne,2025032920,4.74,45.2,0.0,28.0,6.64,8.41,60.7,0.0
beledweyne,2025032921,4.74,45.2,0.0,26.91,6.38,8.04,67.1,0.0
beledweyne,2025032922,4.74,45.2,0.0,26.19,5.97,7.49,71.35,0.0
beledweyne,2025032923,4.74,45.2,0.0,25.71,5.6,7.05,74.42,0.0
beledweyne,2025033000,4.74,45.2,0.0,25.38,5.34,6.74,76.82,0.01
beledweyne,2025033001,4.74,45.2,0.0,25.16,5.14,6.53,78.4,0.03
beledweyne,2025033002,4.74,45.2,0.0,25.0,4.79,6.14,79.39,0.05
beledweyne,2025033003,4.74,45.2,61.17,25.21,4.67,5.78,78.47,0.07
beledweyne,2025033004,4.74,45.2,249.32,26.23,4.77,5.58,72.71,0.03
beledweyne,2025033005,4.74,45.2,420.38,27.52,4.51,5.14,65.3,0.01
beledweyne,2025033006,4.74,45.2,523.53,28.69,4.26,4.75,59.36,0.0
beledweyne,2025033007,4.74,45.2,712.78,30.01,4.12,4.53,53.68,0.02
beledweyne,2025033008,4.74,45.2,969.2,31.62,4.16,4.49,47.96,0.04
beledweyne,2025033009,4.74,45.2,1005.2,32.93,4.24,4.54,43.66,0.06
beledweyne,2025033010,4.74,45.2,851.17,33.5,4.29,4.6,41.39,0.06
beledweyne,2025033011,4.74,45.2,753.53,33.18,4.31,4.66,41.32,0.04
beledweyne,2025033012,4.74,45.2,526.12,32.56,4.21,4.63,41.95,0.03
beledweyne,2025033013,4.74,45.2,279.42,31.81,3.91,4.43,43.21,0.02
beledweyne,2025033014,4.74,45.2,70.7,30.79,2.9,3.95,46.65,0.01
beledweyne,2025033015,4.74,45.2,0.0,29.16,1.72,3.3,54.08,0.0
beledweyne,2025033016,4.74,45.2,0.0,28.62,1.38,2.53,55.8,0.0
beledweyne,2025033017,4.74,45.2,0.0,28.23,1.3,2.22,56.18,0.0
beledweyne,2025033018,4.74,45.2,0.0,27.54,1.62,2.67,58.44,0.0
beledweyne,2025033019,4.74,45.2,0.0,26.71,2.14,4.0,60.61,0.0
beledweyne,2025033020,4.74,45.2,0.0,26.33,2.86,5.86,61.43,0.0
beledweyne,2025033021,4.74,45.2,0.0,26.04,4.28,7.06,64.38,0.0
beledweyne,2025033022,4.74,45.2,0.0,25.32,4.88,7.02,71.32,0.01
beledweyne,2025033023,4.74,45.2,0.0,24.64,4.65,6.51,78.77,0.03
beledweyne,2025033100,4.74,45.2,0.0,24.27,4.3,6.14,84.07,0.03
beledweyne,2025033101,4.74,45.2,0.0,24.22,4.11,5.83,86.64,0.03
beledweyne,2025033102,4.74,45.2,0.0,24.24,3.73,5.41,88.01,0.03
beledweyne,2025033103,4.74,45.2,60.92,24.57,3.66,4.73,87.24,0.03
beledweyne,2025033104,4.74,45.2,243.2,25.82,4.21,5.11,80.27,0.01
beledweyne,2025033105,4.74,45.2,422.3,27.68,4.12,4.72,69.21,0.0
beledweyne,2025033106,4.74,45.2,521.58,30.28,3.44,3.89,56.84,0.0
beledweyne,2025033107,4.74,45.2,728.5,32.9,3.01,3.36,46.22,0.01
beledweyne,2025033108,4.74,45.2,1018.38,35.16,2.88,3.16,38.53,0.02
beledweyne,2025033109,4.74,45.2,1017.35,36.6,2.91,3.17,33.94,0.02
beledweyne,2025033110,4.74,45.2,825.67,37.33,3.04,3.31,31.56,0.02
beledweyne,2025033111,4.74,45.2,779.25,37.52,3.14,3.43,30.34,0.01
beledweyne,2025033112,4.74,45.2,552.72,37.08,3.22,3.58,30.42,0.01
beledweyne,2025033113,4.74,45.2,305.58,36.07,3.24,3.66,31.75,0.01
beledweyne,2025033114,4.74,45.2,79.55,34.32,2.4,3.65,37.24,0.0
beledweyne,2025033115,4.74,45.2,0.0,32.44,1.79,3.77,45.79,0.0
beledweyne,2025033116,4.74,45.2,0.0,31.83,2.19,4.36,46.16,0.0
beledweyne,2025033117,4.74,45.2,0.0,31.06,3.6,5.58,48.13,0.01
beledweyne,2025033118,4.74,45.2,0.0,30.08,4.91,6.92,52.0,0.0
beledweyne,2025033119,4.74,45.2,0.0,29.05,5.96,7.7,56.97,0.0
beledweyne,2025033120,4.74,45.2,0.0,28.01,6.03,7.64,62.63,0.0
beledweyne,2025033121,4.74,45.2,0.0,27.19,5.29,6.65,66.9,0.0
beledweyne,2025033122,4.74,45.2,0.0,26.59,4.45,5.67,70.32,0.01
beledweyne,2025033123,4.74,45.2,0.0,26.05,3.74,5.03,73.76,0.03
beledweyne,2025040100,4.74,45.2,0.0,25.51,3.28,4.78,77.49,0.03
beledweyne,2025040101,4.74,45.2,0.0,24.98,3.13,4.79,81.32,0.03
beledweyne,2025040102,4.74,45.2,0.0,24.55,3.23,4.91,84.79,0.03
beledweyne,2025040103,4.74,45.2,41.4,25.0,4.07,5.13,83.82,0.04
beledweyne,2025040104,4.74,45.2,180.9,27.19,4.74,5.41,72.04,0.05
beledweyne,2025040105,4.74,45.2,369.55,29.96,4.42,4.88,57.81,0.07
beledweyne,2025040106,4.74,45.2,555.45,32.49,3.98,4.33,48.26,0.04
beledweyne,2025040107,4.74,45.2,767.38,34.44,3.59,3.88,41.6,0.04
beledweyne,2025040108,4.74,45.2,995.3,35.85,3.26,3.52,36.92,0.03
beledweyne,2025040109,4.74,45.2,943.65,36.79,3.01,3.25,33.87,0.03
beledweyne,2025040110,4.74,45.2,949.47,37.23,2.86,3.09,32.18,0.02
beledweyne,2025040111,4.74,45.2,748.92,37.31,2.83,3.07,31.45,0.01
beledweyne,2025040112,4.74,45.2,534.5,36.9,2.96,3.24,31.63,0.01
beledweyne,2025040113,4.74,45.2,295.08,36.04,3.11,3.46,32.85,0.01
beledweyne,2025040114,4.74,45.2,77.82,34.53,2.78,3.69,36.33,0.0
beledweyne,2025040115,4.74,45.2,0.0,32.51,1.93,4.11,45.39,0.0
beledweyne,2025040116,4.74,45.2,0.0,31.83,2.22,4.76,46.22,0.0
beledweyne,2025040117,4.74,45.2,0.0,31.25,2.61,5.63,46.79,0.0
beledweyne,2025040118,4.74,45.2,0.0,30.74,3.55,6.67,47.56,0.0
beledweyne,2025040119,4.74,45.2,0.0,30.0,4.79,7.42,50.58,0.0
beledweyne,2025040120,4.74,45.2,0.0,29.02,5.6,7.66,56.01,0.0
beledweyne,2025040121,4.74,45.2,0.0,27.87,5.51,7.34,62.98,0.0
beledweyne,2025040122,4.74,45.2,0.0,26.93,5.0,6.58,69.37,0.0
beledweyne,2025040123,4.74,45.2,0.0,26.23,4.32,5.78,74.17,0.0
beledweyne,2025040200,4.74,45.2,0.0,25.66,3.83,5.3,77.86,0.0
beledweyne,2025040201,4.74,45.2,0.0,25.17,3.43,4.98,80.77,0.0
beledweyne,2025040202,4.74,45.2,0.0,24.73,3.09,4.75,83.47,0.0
beledweyne,2025040203,4.74,45.2,57.45,25.21,3.68,4.55,81.6,0.0
beledweyne,2025040204,4.74,45.2,202.95,27.64,4.03,4.54,69.21,0.0
beledweyne,2025040205,4.74,45.2,366.5,30.64,3.97,4.32,55.24,0.0
beledweyne,2025040206,4.74,45.2,498.12,33.42,3.79,4.04,44.47,0.0
beledweyne,2025040207,4.74,45.2,684.47,35.67,3.61,3.83,36.6,0.0
beledweyne,2025040208,4.74,45.2,980.42,37.29,3.56,3.79,31.59,0.0
beledweyne,2025040209,4.74,45.2,972.9,38.35,3.51,3.76,28.57,0.0
beledweyne,2025040210,4.74,45.2,959.12,38.87,3.4,3.66,27.08,0.0
beledweyne,2025040211,4.74,45.2,801.12,38.88,3.31,3.58,26.51,0.0
beledweyne,2025040212,4.74,45.2,583.75,38.38,3.3,3.61,26.82,0.0
beledweyne,2025040213,4.74,45.2,327.98,37.57,3.33,3.69,27.81,0.0
beledweyne,2025040214,4.74,45.2,88.5,35.87,2.84,3.94,31.71,0.0
beledweyne,2025040215,4.74,45.2,0.0,33.62,2.28,4.84,39.71,0.0
beledweyne,2025040216,4.74,45.2,0.0,33.16,3.02,6.12,39.51,0.0
beledweyne,2025040217,4.74,45.2,0.0,32.58,4.73,7.67,40.7,0.0
beledweyne,2025040218,4.74,45.2,0.0,31.35,6.9,9.25,46.88,0.01
beledweyne,2025040219,4.74,45.2,0.0,29.47,8.14,10.27,58.23,0.03
beledweyne,2025040220,4.74,45.2,0.0,27.87,7.48,9.35,68.12,0.09
beledweyne,2025040221,4.74,45.2,0.0,26.93,6.49,8.23,73.45,0.11
beledweyne,2025040222,4.74,45.2,0.0,26.42,5.98,7.62,76.46,0.13
beledweyne,2025040223,4.74,45.2,0.0,26.09,5.69,7.24,78.54,0.11
beledweyne,2025040300,4.74,45.2,0.0,25.83,5.29,6.8,79.95,0.08
beledweyne,2025040301,4.74,45.2,0.0,25.58,5.03,6.64,81.03,0.06
beledweyne,2025040302,4.74,45.2,0.0,25.29,4.82,6.52,82.33,0.1
beledweyne,2025040303,4.74,45.2,56.42,25.65,5.06,6.4,80.12,0.17
beledweyne,2025040304,4.74,45.2,238.65,27.42,4.92,5.67,70.5,0.23
beledweyne,2025040305,4.74,45.2,448.05,29.78,3.97,4.42,60.22,0.17
beledweyne,2025040306,4.74,45.2,654.42,32.22,3.61,3.97,50.97,0.1
beledweyne,2025040307,4.74,45.2,815.15,34.42,3.37,3.66,43.0,0.13
beledweyne,2025040308,4.74,45.2,978.62,36.0,3.06,3.3,37.76,0.16
beledweyne,2025040309,4.74,45.2,990.1,36.83,2.92,3.17,35.3,0.14
beledweyne,2025040310,4.74,45.2,729.6,37.29,2.84,3.12,33.37,0.08
beledweyne,2025040311,4.74,45.2,756.3,37.4,2.76,3.06,31.94,0.05
beledweyne,2025040312,4.74,45.2,523.03,37.04,2.71,3.03,31.65,0.03
beledweyne,2025040313,4.74,45.2,291.98,36.29,2.73,3.08,32.36,0.03
beledweyne,2025040314,4.74,45.2,73.75,34.81,2.33,3.2,36.43,0.01
beledweyne,2025040315,4.74,45.2,0.0,32.79,1.83,3.7,46.19,0.0
beledweyne,2025040316,4.74,45.2,0.0,32.21,2.58,5.12,45.72,0.0
beledweyne,2025040317,4.74,45.2,0.0,31.65,4.55,7.52,45.44,0.01
beledweyne,2025040318,4.74,45.2,0.0,30.48,7.04,9.48,50.57,0.01
beledweyne,2025040319,4.74,45.2,0.0,28.9,7.92,10.02,59.3,0.01
beledweyne,2025040320,4.74,45.2,0.0,27.87,7.04,8.88,64.8,0.02
beledweyne,2025040321,4.74,45.2,0.0,27.27,6.03,7.74,67.51,0.01
beledweyne,2025040322,4.74,45.2,0.0,26.7,5.57,7.27,70.53,0.02
beledweyne,2025040323,4.74,45.2,0.0,26.12,5.11,6.73,74.01,0.02
beledweyne,2025040400,4.74,45.2,0.0,25.62,4.57,6.09,77.29,0.02
beledweyne,2025040401,4.74,45.2,0.0,25.2,4.06,5.58,80.04,0.01
beledweyne,2025040402,4.74,45.2,0.0,24.87,3.71,5.34,82.13,0.01
beledweyne,2025040403,4.74,45.2,62.08,25.34,4.24,5.3,79.72,0.01
beledweyne,2025040404,4.74,45.2,234.27,27.21,4.36,4.97,69.55,0.01
beledweyne,2025040405,4.74,45.2,413.25,29.65,4.01,4.48,57.81,0.0
beledweyne,2025040406,4.74,45.2,582.55,32.2,3.74,4.13,47.69,0.0
beledweyne,2025040407,4.74,45.2,774.7,34.55,3.51,3.84,39.91,0.0
beledweyne,2025040408,4.74,45.2,954.53,36.39,3.33,3.65,34.54,0.0
beledweyne,2025040409,4.74,45.2,968.47,37.68,3.28,3.62,30.85,0.0
beledweyne,2025040410,4.74,45.2,771.2,38.35,3.37,3.74,28.43,0.0
beledweyne,2025040411,4.74,45.2,744.33,38.45,3.52,3.92,27.11,0.0
beledweyne,2025040412,4.74,45.2,522.25,37.99,3.67,4.1,27.01,0.0
beledweyne,2025040413,4.74,45.2,295.42,37.29,3.83,4.33,27.45,0.0
beledweyne,2025040414,4.74,45.2,78.28,35.63,3.36,4.71,30.53,0.0
beledweyne,2025040415,4.74,45.2,0.0,33.49,2.62,5.58,37.18,0.0
beledweyne,2025040416,4.74,45.2,0.0,32.92,3.33,6.61,37.4,0.0
beledweyne,2025040417,4.74,45.2,0.0,32.35,4.56,7.64,38.6,0.0
beledweyne,2025040418,4.74,45.2,0.0,31.33,6.31,8.77,43.56,0.0
beledweyne,2025040419,4.74,45.2,0.0,29.78,7.43,9.63,52.8,0.0
beledweyne,2025040420,4.74,45.2,0.0,28.24,7.45,9.4,62.08,0.0
beledweyne,2025040421,4.74,45.2,0.0,27.07,6.56,8.28,68.0,0.0
beledweyne,2025040422,4.74,45.2,0.0,26.31,5.8,7.39,71.13,0.0
beledweyne,2025040423,4.74,45.2,0.0,25.68,5.16,6.65,73.67,0.0
beledweyne,2025040500,4.74,45.2,0.0,25.03,4.5,6.09,77.11,0.0
beledweyne,2025040501,4.74,45.2,0.0,24.38,4.11,5.83,81.21,0.0
beledweyne,2025040502,4.74,45.2,0.0,23.9,4.08,5.75,84.64,0.01
beledweyne,2025040503,4.74,45.2,72.38,24.19,4.76,5.87,83.34,0.02
beledweyne,2025040504,4.74,45.2,308.05,26.05,5.15,5.92,70.86,0.0
beledweyne,2025040505,4.74,45.2,563.65,28.76,5.24,5.95,55.39,0.0
beledweyne,2025040506,4.74,45.2,782.5,31.96,5.66,6.49,39.71,0.0
beledweyne,2025040507,4.74,45.2,938.92,34.72,6.03,6.83,29.41,0.0
beledweyne,2025040508,4.74,45.2,1019.47,36.56,5.97,6.73,25.35,0.0
beledweyne,2025040509,4.74,45.2,1029.6,37.74,5.86,6.57,23.65,0.0
beledweyne,2025040510,4.74,45.2,949.33,38.38,5.75,6.45,22.21,0.0
beledweyne,2025040511,4.74,45.2,794.08,38.54,5.64,6.35,21.05,0.0
beledweyne,2025040512,4.74,45.2,577.9,38.15,5.52,6.25,20.6,0.0
beledweyne,2025040513,4.74,45.2,317.85,37.18,5.4,6.22,20.93,0.0
beledweyne,2025040514,4.74,45.2,78.55,35.05,4.16,6.28,24.11,0.0
beledweyne,2025040515,4.74,45.2,0.0,31.54,3.36,7.21,31.77,0.0
beledweyne,2025040516,4.74,45.2,0.0,30.86,4.5,8.6,32.73,0.0
beledweyne,2025040517,4.74,45.2,0.0,30.06,6.23,9.56,36.92,0.0
beledweyne,2025040518,4.74,45.2,0.0,28.66,7.04,9.5,46.5,0.0
beledweyne,2025040519,4.74,45.2,0.0,27.45,6.35,8.41,55.97,0.0
beledweyne,2025040520,4.74,45.2,0.0,26.64,5.5,7.3,62.51,0.0
beledweyne,2025040521,4.74,45.2,0.0,25.95,4.9,6.53,68.58,0.0
beledweyne,2025040522,4.74,45.2,0.0,25.29,4.56,6.05,75.02,0.0
beledweyne,2025040523,4.74,45.2,0.0,24.79,4.35,5.74,80.86,0.0
beledweyne,2025040600,4.74,45.2,0.0,24.52,4.34,5.65,84.54,0.0
beledweyne,2025040601,4.74,45.2,0.0,24.38,4.29,5.5,86.65,0.0
beledweyne,2025040602,4.74,45.2,0.0,24.27,4.16,5.44,87.73,0.0
beledweyne,2025040603,4.74,45.2,72.0,24.85,4.9,6.13,84.07,0.0
beledweyne,2025040604,4.74,45.2,303.5,26.86,5.71,6.64,71.89,0.0
beledweyne,2025040605,4.74,45.2,554.05,29.57,5.75,6.56,57.66,0.0
beledweyne,2025040606,4.74,45.2,769.45,32.65,5.74,6.46,43.36,0.0
beledweyne,2025040607,4.74,45.2,921.03,34.94,5.4,6.01,36.0,0.0
beledweyne,2025040608,4.74,45.2,1005.72,36.53,5.05,5.63,31.84,0.0
beledweyne,2025040609,4.74,45.2,979.83,37.59,4.82,5.38,28.85,0.0
beledweyne,2025040610,4.74,45.2,926.53,38.17,4.65,5.22,26.86,0.0
beledweyne,2025040611,4.74,45.2,717.4,38.36,4.5,5.07,25.67,0.0
beledweyne,2025040612,4.74,45.2,503.4,37.68,4.33,4.89,25.89,0.0
beledweyne,2025040613,4.74,45.2,273.12,37.04,4.23,4.83,26.17,0.0
beledweyne,2025040614,4.74,45.2,70.5,35.36,3.23,4.82,29.22,0.0
beledweyne,2025040615,4.74,45.2,0.0,33.2,2.64,5.53,34.64,0.0
beledweyne,2025040616,4.74,45.2,0.0,32.63,3.68,6.86,34.03,0.0
beledweyne,2025040617,4.74,45.2,0.0,31.84,5.37,8.28,35.28,0.0
beledweyne,2025040618,4.74,45.2,0.0,30.35,6.73,9.3,42.44,0.0
beledweyne,2025040619,4.74,45.2,0.0,28.69,7.15,9.29,53.91,0.0
beledweyne,2025040620,4.74,45.2,0.0,27.62,6.13,7.97,60.42,0.0
beledweyne,2025040621,4.74,45.2,0.0,26.87,5.41,7.15,64.15,0.0
beledweyne,2025040622,4.74,45.2,0.0,26.16,4.91,6.54,68.5,0.0
beledweyne,2025040623,4.74,45.2,0.0,25.52,4.35,5.86,73.46,0.0
beledweyne,2025040700,4.74,45.2,0.0,25.04,3.9,5.47,77.98,0.0
beledweyne,2025040701,4.74,45.2,0.0,24.78,3.88,5.45,81.62,0.01
beledweyne,2025040702,4.74,45.2,0.0,24.61,3.69,5.24,84.17,0.01
beledweyne,2025040703,4.74,45.2,64.35,25.14,4.25,5.3,82.2,0.01
beledweyne,2025040704,4.74,45.2,270.6,27.1,4.7,5.41,69.83,0.01
beledweyne,2025040705,4.74,45.2,501.15,29.81,4.57,5.12,54.75,0.0
beledweyne,2025040706,4.74,45.2,705.22,32.66,4.18,4.6,42.32,0.0
beledweyne,2025040707,4.74,45.2,889.7,35.07,3.72,4.03,34.58,0.0
beledweyne,2025040708,4.74,45.2,994.47,36.85,3.32,3.6,29.63,0.0
beledweyne,2025040709,4.74,45.2,695.58,38.02,3.01,3.26,26.37,0.0
beledweyne,2025040710,4.74,45.2,726.3,38.69,2.79,3.02,24.23,0.0
beledweyne,2025040711,4.74,45.2,600.25,38.88,2.72,2.96,23.0,0.0
beledweyne,2025040712,4.74,45.2,393.42,38.55,2.81,3.07,22.74,0.0
beledweyne,2025040713,4.74,45.2,205.1,37.68,2.97,3.31,23.43,0.0
beledweyne,2025040714,4.74,45.2,51.62,35.97,2.58,3.63,26.64,0.0
beledweyne,2025040715,4.74,45.2,0.0,33.38,2.22,4.41,34.03,0.0
beledweyne,2025040716,4.74,45.2,0.0,32.94,2.74,5.6,34.07,0.0
beledweyne,2025040717,4.74,45.2,0.0,32.6,3.97,7.03,35.14,0.0
beledweyne,2025040718,4.74,45.2,0.0,31.79,6.0,8.57,39.51,0.0
beledweyne,2025040719,4.74,45.2,0.0,30.42,7.35,9.48,47.55,0.0
beledweyne,2025040720,4.74,45.2,0.0,28.94,7.44,9.3,56.47,0.0
beledweyne,2025040721,4.74,45.2,0.0,27.93,6.57,8.21,61.83,0.0
beledweyne,2025040722,4.74,45.2,0.0,27.25,5.7,7.23,65.25,0.0
beledweyne,2025040723,4.74,45.2,0.0,26.65,5.1,6.54,68.77,0.0
beledweyne,2025040800,4.74,45.2,0.0,26.07,4.79,6.22,72.78,0.0
beledweyne,2025040801,4.74,45.2,0.0,25.55,4.5,5.93,76.75,0.0
beledweyne,2025040802,4.74,45.2,0.0,25.13,4.43,5.95,80.43,0.0
beledweyne,2025040803,4.74,45.2,68.1,25.55,4.93,6.1,79.5,0.0
beledweyne,2025040804,4.74,45.2,277.98,27.66,4.96,5.72,67.27,0.0
beledweyne,2025040805,4.74,45.2,518.95,30.55,4.36,4.92,51.45,0.0
beledweyne,2025040806,4.74,45.2,724.95,33.17,3.66,4.02,41.67,0.01
beledweyne,2025040807,4.74,45.2,887.12,35.24,2.94,3.13,36.06,0.02
beledweyne,2025040808,4.74,45.2,980.7,36.87,2.39,2.48,32.18,0.03
beledweyne,2025040809,4.74,45.2,923.05,37.74,2.21,2.28,30.15,0.04
beledweyne,2025040810,4.74,45.2,811.1,37.79,2.53,2.62,29.87,0.04
beledweyne,2025040811,4.74,45.2,496.48,37.59,3.15,3.29,30.24,0.04
beledweyne,2025040812,4.74,45.2,465.73,36.9,3.63,3.87,31.69,0.03
beledweyne,2025040813,4.74,45.2,238.35,36.0,3.75,4.09,33.68,0.03
beledweyne,2025040814,4.74,45.2,58.03,34.72,3.51,4.14,36.67,0.02
beledweyne,2025040815,4.74,45.2,0.0,33.11,2.23,4.3,41.51,0.01
beledweyne,2025040816,4.74,45.2,0.0,32.34,2.25,4.49,43.98,0.01
beledweyne,2025040817,4.74,45.2,0.0,31.85,2.71,5.13,45.64,0.02
beledweyne,2025040818,4.74,45.2,0.0,31.27,3.94,6.48,47.66,0.02
beledweyne,2025040819,4.74,45.2,0.0,30.44,5.51,7.82,51.08,0.02
beledweyne,2025040820,4.74,45.2,0.0,29.38,6.21,8.17,55.98,0.02
beledweyne,2025040821,4.74,45.2,0.0,28.38,6.05,7.71,61.08,0.01
beledweyne,2025040822,4.74,45.2,0.0,27.55,5.57,7.15,65.42,0.0
beledweyne,2025040823,4.74,45.2,0.0,26.95,5.12,6.62,68.53,0.0
beledweyne,2025040900,4.74,45.2,0.0,26.49,4.63,6.13,70.87,0.0
beledweyne,2025040901,4.74,45.2,0.0,26.09,4.35,5.93,72.98,0.0
beledweyne,2025040902,4.74,45.2,0.0,25.71,4.01,5.61,75.03,0.0
beledweyne,2025040903,4.74,45.2,60.1,26.06,4.64,5.81,73.64,0.0
beledweyne,2025040904,4.74,45.2,233.38,28.07,5.16,5.94,62.75,0.01
beledweyne,2025040905,4.74,45.2,435.4,30.7,4.6,5.1,50.93,0.01
beledweyne,2025040906,4.74,45.2,639.6,33.19,3.85,4.16,43.17,0.01
beledweyne,2025040907,4.74,45.2,805.0,35.18,3.04,3.21,37.91,0.01
beledweyne,2025040908,4.74,45.2,917.53,36.41,2.2,2.25,34.83,0.02
beledweyne,2025040909,4.74,45.2,892.25,37.17,1.55,1.55,32.51,0.02
beledweyne,2025040910,4.74,45.2,747.17,37.58,1.39,1.42,30.49,0.02
beledweyne,2025040911,4.74,45.2,598.47,37.59,1.4,1.46,29.42,0.02
beledweyne,2025040912,4.74,45.2,378.2,37.02,1.53,1.6,29.79,0.01
beledweyne,2025040913,4.74,45.2,205.77,36.2,1.79,1.89,30.98,0.01
beledweyne,2025040914,4.74,45.2,47.9,35.06,2.18,2.54,33.25,0.01
beledweyne,2025040915,4.74,45.2,0.0,33.4,2.38,4.15,38.75,0.01
beledweyne,2025040916,4.74,45.2,0.0,32.57,3.86,6.18,40.78,0.02
beledweyne,2025040917,4.74,45.2,0.0,31.67,5.5,7.66,44.43,0.04
beledweyne,2025040918,4.74,45.2,0.0,30.63,6.33,8.18,49.46,0.06
beledweyne,2025040919,4.74,45.2,0.0,29.64,6.39,8.21,54.29,0.07
beledweyne,2025040920,4.74,45.2,0.0,28.78,6.13,7.99,58.18,0.06
beledweyne,2025040921,4.74,45.2,0.0,28.0,5.56,7.29,61.57,0.05
beledweyne,2025040922,4.74,45.2,0.0,27.26,5.05,6.66,64.93,0.05
beledweyne,2025040923,4.74,45.2,0.0,26.62,4.61,6.11,68.14,0.03
beledweyne,2025041000,4.74,45.2,0.0,26.06,4.07,5.45,71.2,0.02
beledweyne,2025041001,4.74,45.2,0.0,25.58,3.6,4.94,74.08,0.02
beledweyne,2025041002,4.74,45.2,0.0,25.2,3.5,4.91,76.65,0.01
beledweyne,2025041003,4.74,45.2,68.6,25.61,4.65,5.85,75.83,0.0
beledweyne,2025041004,4.74,45.2,258.42,27.77,5.56,6.47,64.88,0.0
beledweyne,2025041005,4.74,45.2,452.85,30.58,5.15,5.78,51.55,0.01
beledweyne,2025041006,4.74,45.2,573.42,33.21,4.22,4.58,42.97,0.02
beledweyne,2025041007,4.74,45.2,764.15,35.27,3.28,3.46,37.23,0.02
beledweyne,2025041008,4.74,45.2,891.2,36.74,2.49,2.55,33.15,0.03
beledweyne,2025041009,4.74,45.2,881.67,37.56,1.87,1.88,30.49,0.03
beledweyne,2025041010,4.74,45.2,710.95,37.98,1.45,1.44,28.97,0.03
beledweyne,2025041011,4.74,45.2,613.8,37.94,1.35,1.34,28.37,0.02
beledweyne,2025041012,4.74,45.2,358.6,37.53,1.47,1.48,28.6,0.02
beledweyne,2025041013,4.74,45.2,184.2,36.65,1.75,1.82,29.85,0.01
beledweyne,2025041014,4.74,45.2,49.1,35.36,2.12,2.44,32.3,0.0
beledweyne,2025041015,4.74,45.2,0.0,33.75,1.73,3.62,37.66,0.0
beledweyne,2025041016,4.74,45.2,0.0,33.16,2.44,4.91,38.41,0.0
beledweyne,2025041017,4.74,45.2,0.0,32.66,3.47,5.9,39.59,0.0
beledweyne,2025041018,4.74,45.2,0.0,32.01,4.49,6.53,41.97,0.0
beledweyne,2025041019,4.74,45.2,0.0,31.09,5.41,7.2,46.04,0.0
beledweyne,2025041020,4.74,45.2,0.0,29.99,5.93,7.59,51.61,0.0
beledweyne,2025041021,4.74,45.2,0.0,28.84,5.96,7.5,58.07,0.0
beledweyne,2025041022,4.74,45.2,0.0,27.81,5.7,7.13,64.21,0.0
beledweyne,2025041023,4.74,45.2,0.0,27.01,5.32,6.67,68.95,0.0
beledweyne,2025041100,4.74,45.2,0.0,26.45,4.98,6.26,72.29,0.0
beledweyne,2025041101,4.74,45.2,0.0,26.04,4.62,5.87,74.83,0.0
beledweyne,2025041102,4.74,45.2,0.0,25.73,4.22,5.39,76.97,0.01
beledweyne,2025041103,4.74,45.2,75.32,26.08,4.6,5.64,76.17,0.03
beledweyne,2025041104,4.74,45.2,305.05,28.12,5.1,5.84,66.05,0.07
beledweyne,2025041105,4.74,45.2,553.22,30.94,4.71,5.19,53.2,0.09
beledweyne,2025041106,4.74,45.2,760.5,33.54,3.98,4.3,44.11,0.14
beledweyne,2025041107,4.74,45.2,920.15,35.49,3.4,3.64,38.46,0.16
beledweyne,2025041108,4.74,45.2,972.4,36.76,3.03,3.24,35.11,0.17
beledweyne,2025041109,4.74,45.2,906.5,37.56,2.79,2.98,32.98,0.18
beledweyne,2025041110,4.74,45.2,759.6,37.92,2.67,2.82,31.65,0.16
beledweyne,2025041111,4.74,45.2,663.05,37.83,2.71,2.87,31.14,0.16
beledweyne,2025041112,4.74,45.2,476.23,37.39,3.0,3.2,31.49,0.13
beledweyne,2025041113,4.74,45.2,249.45,36.43,3.55,3.88,33.09,0.1
beledweyne,2025041114,4.74,45.2,54.67,35.05,4.0,4.82,36.04,0.05
beledweyne,2025041115,4.74,45.2,0.0,33.41,3.65,6.06,41.12,0.05
beledweyne,2025041116,4.74,45.2,0.0,32.61,4.93,7.26,43.94,0.08
beledweyne,2025041117,4.74,45.2,0.0,31.63,6.08,8.25,48.16,0.1
beledweyne,2025041118,4.74,45.2,0.0,30.49,7.16,9.29,53.65,0.09
beledweyne,2025041119,4.74,45.2,0.0,29.25,7.16,9.06,60.03,0.06
beledweyne,2025041120,4.74,45.2,0.0,28.16,7.02,8.93,65.76,0.03
beledweyne,2025041121,4.74,45.2,0.0,27.28,6.64,8.38,70.73,0.06
beledweyne,2025041122,4.74,45.2,0.0,26.57,6.15,7.76,75.25,0.08
beledweyne,2025041123,4.74,45.2,0.0,26.1,5.69,7.2,78.8,0.11
beledweyne,2025041200,4.74,45.2,0.0,25.82,5.36,6.85,81.05,0.12
beledweyne,2025041201,4.74,45.2,0.0,25.69,5.02,6.48,82.33,0.1
beledweyne,2025041202,4.74,45.2,0.0,25.58,4.76,6.26,83.07,0.1
beledweyne,2025041203,4.74,45.2,80.25,26.04,5.21,6.48,80.58,0.07
beledweyne,2025041204,4.74,45.2,296.38,27.92,5.73,6.65,70.04,0.1
beledweyne,2025041205,4.74,45.2,531.5,30.44,5.79,6.55,57.5,0.1
beledweyne,2025041206,4.74,45.2,740.35,32.9,5.57,6.2,48.04,0.14
beledweyne,2025041207,4.74,45.2,889.28,34.83,5.24,5.77,42.11,0.2
beledweyne,2025041208,4.74,45.2,959.12,36.22,4.9,5.36,38.22,0.23
beledweyne,2025041209,4.74,45.2,854.33,36.92,4.53,4.94,35.95,0.26
beledweyne,2025041210,4.74,45.2,761.03,37.18,4.18,4.53,34.8,0.26
beledweyne,2025041211,4.74,45.2,639.25,37.14,4.01,4.35,34.42,0.28
beledweyne,2025041212,4.74,45.2,450.55,36.46,4.06,4.48,35.51,0.28
beledweyne,2025041213,4.74,45.2,233.23,35.33,4.29,4.88,37.93,0.24
beledweyne,2025041214,4.74,45.2,53.05,33.84,4.13,5.56,42.53,0.13
beledweyne,2025041215,4.74,45.2,0.0,32.02,3.74,6.53,49.99,0.09
beledweyne,2025041216,4.74,45.2,0.0,31.23,4.81,7.33,52.39,0.09
beledweyne,2025041217,4.74,45.2,0.0,30.42,5.62,7.84,55.34,0.08
beledweyne,2025041218,4.74,45.2,0.0,29.63,6.0,7.96,58.42,0.05
beledweyne,2025041219,4.74,45.2,0.0,28.9,6.02,7.75,61.68,0.03
beledweyne,2025041220,4.74,45.2,0.0,28.18,6.07,7.76,65.38,0.03
beledweyne,2025041221,4.74,45.2,0.0,27.5,6.4,8.14,69.66,0.05
beledweyne,2025041222,4.74,45.2,0.0,26.92,6.04,7.66,74.2,0.12
beledweyne,2025041223,4.74,45.2,0.0,26.54,5.49,6.95,77.86,0.21
beledweyne,2025041300,4.74,45.2,0.0,26.3,4.96,6.27,80.34,0.35
beledweyne,2025041301,4.74,45.2,0.0,26.12,4.46,5.65,82.21,0.42
beledweyne,2025041302,4.74,45.2,0.0,25.96,4.03,5.16,83.75,0.39
beledweyne,2025041303,4.74,45.2,74.97,26.16,4.03,5.05,83.15,0.39
beledweyne,2025041304,4.74,45.2,293.83,27.32,4.75,5.69,75.96,0.25
beledweyne,2025041305,4.74,45.2,526.78,28.71,4.72,5.48,67.36,0.15
beledweyne,2025041306,4.74,45.2,689.92,30.12,4.41,5.07,59.16,0.08
beledweyne,2025041307,4.74,45.2,824.95,31.49,4.27,4.92,51.34,0.06
beledweyne,2025041308,4.74,45.2,896.55,32.73,4.4,5.1,45.08,0.08
beledweyne,2025041309,4.74,45.2,729.78,34.01,4.74,5.51,40.43,0.14
beledweyne,2025041310,4.74,45.2,761.22,35.1,4.87,5.64,37.33,0.23
beledweyne,2025041311,4.74,45.2,612.45,35.45,4.68,5.4,36.27,0.34
beledweyne,2025041312,4.74,45.2,361.92,34.91,4.34,5.01,37.34,0.4
beledweyne,2025041313,4.74,45.2,181.5,33.75,4.01,4.73,40.42,0.44
beledweyne,2025041314,4.74,45.2,42.55,32.03,2.65,4.48,50.06,0.59
beledweyne,2025041315,4.74,45.2,0.0,30.22,2.04,4.45,63.69,1.03
beledweyne,2025041316,4.74,45.2,0.0,29.36,2.23,4.87,69.59,1.39
beledweyne,2025041317,4.74,45.2,0.0,28.45,2.7,5.84,73.64,1.59
beledweyne,2025041318,4.74,45.2,0.0,27.59,3.57,7.04,75.37,1.49
beledweyne,2025041319,4.74,45.2,0.0,26.78,4.62,7.83,77.43,1.24
beledweyne,2025041320,4.74,45.2,0.0,26.1,4.94,7.79,80.77,1.12
beledweyne,2025041321,4.74,45.2,0.0,25.56,4.25,6.7,84.82,1.3
beledweyne,2025041322,4.74,45.2,0.0,25.18,3.55,5.83,88.25,1.71
beledweyne,2025041323,4.74,45.2,0.0,24.94,3.06,5.11,90.81,2.2
beledweyne,2025041400,4.74,45.2,0.0,24.77,2.51,4.38,92.87,2.42
beledweyne,2025041401,4.74,45.2,0.0,24.66,2.13,3.93,94.27,2.36
beledweyne,2025041402,4.74,45.2,0.0,24.57,1.8,3.56,95.33,1.88
beledweyne,2025041403,4.74,45.2,71.93,24.94,2.26,3.09,93.03,1.43
beledweyne,2025041404,4.74,45.2,290.52,25.97,2.95,3.63,87.34,1.09
beledweyne,2025041405,4.74,45.2,544.42,27.29,3.45,4.0,78.69,0.94
beledweyne,2025041406,4.74,45.2,753.6,28.69,3.34,3.75,68.61,0.83
beledweyne,2025041407,4.74,45.2,880.72,30.18,3.04,3.37,58.93,0.72
beledweyne,2025041408,4.74,45.2,973.05,31.66,2.66,2.93,51.89,0.6
beledweyne,2025041409,4.74,45.2,935.92,32.97,2.26,2.5,47.34,0.45
beledweyne,2025041410,4.74,45.2,750.45,33.92,1.85,2.07,44.25,0.48
beledweyne,2025041411,4.74,45.2,670.12,34.25,1.5,1.69,42.61,0.49
beledweyne,2025041412,4.74,45.2,453.92,34.05,1.24,1.41,42.2,0.42
beledweyne,2025041413,4.74,45.2,234.7,33.37,1.12,1.25,43.26,0.32
beledweyne,2025041414,4.74,45.2,55.1,32.3,0.95,1.24,48.22,0.2
beledweyne,2025041415,4.74,45.2,0.0,30.79,0.94,1.46,60.61,0.11
beledweyne,2025041416,4.74,45.2,0.0,30.18,1.16,1.82,62.45,0.08
beledweyne,2025041417,4.74,45.2,0.0,29.47,1.39,2.26,66.4,0.06
beledweyne,2025041418,4.74,45.2,0.0,28.71,1.68,2.96,67.93,0.05
beledweyne,2025041419,4.74,45.2,0.0,27.9,2.1,4.16,68.23,0.04
beledweyne,2025041420,4.74,45.2,0.0,27.07,2.71,5.57,68.74,0.05
beledweyne,2025041421,4.74,45.2,0.0,26.28,3.49,6.45,71.48,0.08
beledweyne,2025041422,4.74,45.2,0.0,25.68,3.98,6.49,76.69,0.12
beledweyne,2025041423,4.74,45.2,0.0,25.26,3.89,6.02,82.17,0.18
beledweyne,2025041500,4.74,45.2,0.0,24.93,3.36,5.28,86.66,0.28
beledweyne,2025041501,4.74,45.2,0.0,24.66,2.81,4.69,90.01,0.47
beledweyne,2025041502,4.74,45.2,0.0,24.45,2.24,4.18,92.4,0.66
beledweyne,2025041503,4.74,45.2,64.8,25.09,2.91,3.87,89.93,0.84
beledweyne,2025041504,4.74,45.2,232.23,26.77,4.0,4.72,80.35,1.02
beledweyne,2025041505,4.74,45.2,440.92,28.49,4.12,4.65,69.58,1.29
beledweyne,2025041506,4.74,45.2,606.03,29.85,3.88,4.3,62.69,1.67
beledweyne,2025041507,4.74,45.2,706.42,30.54,3.53,3.88,59.86,2.07
beledweyne,2025041508,4.74,45.2,742.4,30.65,3.05,3.37,59.27,2.36
beledweyne,2025041509,4.74,45.2,618.22,30.59,2.57,2.83,59.27,2.0
beledweyne,2025041510,4.74,45.2,496.33,30.62,2.18,2.38,59.08,1.39
beledweyne,2025041511,4.74,45.2,308.42,30.54,1.92,2.08,59.17,0.96
beledweyne,2025041512,4.74,45.2,158.57,30.26,1.74,1.9,60.1,0.68
beledweyne,2025041513,4.74,45.2,89.65,29.73,1.61,1.84,62.74,0.46
beledweyne,2025041514,4.74,45.2,23.4,28.87,1.46,1.98,68.71,0.31
beledweyne,2025041515,4.74,45.2,0.0,27.72,1.3,2.39,79.65,0.2
beledweyne,2025041516,4.74,45.2,0.0,27.2,1.48,3.0,81.43,0.1
beledweyne,2025041517,4.74,45.2,0.0,26.76,1.72,3.64,81.46,0.06
beledweyne,2025041518,4.74,45.2,0.0,26.32,1.93,4.13,82.0,0.03
beledweyne,2025041519,4.74,45.2,0.0,25.88,2.05,4.44,83.32,0.02
beledweyne,2025041520,4.74,45.2,0.0,25.45,2.14,4.57,85.24,0.01
beledweyne,2025041521,4.74,45.2,0.0,25.13,2.21,4.58,87.05,0.0
beledweyne,2025041522,4.74,45.2,0.0,24.82,2.25,4.46,89.07,0.02
beledweyne,2025041523,4.74,45.2,0.0,24.55,2.28,4.37,91.3,0.1
beledweyne,2025041600,4.74,45.2,0.0,24.4,2.23,4.3,92.87,0.04
beledweyne,2025041601,4.74,45.2,0.0,24.34,2.34,4.44,93.76,0.06
beledweyne,2025041602,4.74,45.2,0.0,24.29,2.32,4.45,94.61,0.04
beledweyne,2025041603,4.74,45.2,65.53,24.99,3.26,4.37,91.69,0.03
beledweyne,2025041604,4.74,45.2,240.65,26.64,4.39,5.21,81.9,0.06
beledweyne,2025041605,4.74,45.2,472.73,28.29,4.92,5.59,69.43,0.08
beledweyne,2025041606,4.74,45.2,692.8,29.68,4.95,5.51,60.77,0.1
beledweyne,2025041607,4.74,45.2,790.78,31.23,4.6,5.08,53.82,0.15
beledweyne,2025041608,4.74,45.2,787.62,32.65,4.01,4.41,48.59,0.2
beledweyne,2025041609,4.74,45.2,726.53,33.79,3.47,3.79,44.88,0.25
beledweyne,2025041610,4.74,45.2,655.38,34.42,3.12,3.39,42.67,0.31
beledweyne,2025041611,4.74,45.2,531.75,34.53,2.95,3.17,41.85,0.33
beledweyne,2025041612,4.74,45.2,353.48,34.05,3.01,3.26,42.56,0.29
beledweyne,2025041613,4.74,45.2,192.85,32.99,3.26,3.66,44.87,0.2
beledweyne,2025041614,4.74,45.2,51.4,31.3,3.03,4.49,52.39,0.12
beledweyne,2025041615,4.74,45.2,0.0,29.17,3.07,5.8,62.92,0.09
beledweyne,2025041616,4.74,45.2,0.0,28.14,4.07,6.64,65.86,0.08
beledweyne,2025041617,4.74,45.2,0.0,27.13,4.54,6.63,70.35,0.08
beledweyne,2025041618,4.74,45.2,0.0,26.29,4.45,6.13,74.81,0.07
beledweyne,2025041619,4.74,45.2,0.0,25.67,3.92,5.35,78.08,0.04
beledweyne,2025041620,4.74,45.2,0.0,25.18,3.29,4.45,80.61,0.01
beledweyne,2025041621,4.74,45.2,0.0,24.79,2.9,3.88,82.3,0.0
beledweyne,2025041622,4.74,45.2,0.0,24.46,2.59,3.31,83.7,0.0
beledweyne,2025041623,4.74,45.2,0.0,24.2,2.16,2.7,84.89,0.0
beledweyne,2025041700,4.74,45.2,0.0,23.98,1.63,2.04,85.97,0.0
beledweyne,2025041701,4.74,45.2,0.0,23.83,1.1,1.44,86.89,0.0
beledweyne,2025041702,4.74,45.2,0.0,23.7,0.74,1.08,87.88,0.0
beledweyne,2025041703,4.74,45.2,75.75,24.15,0.77,0.91,84.46,0.0
beledweyne,2025041704,4.74,45.2,297.7,26.42,1.07,1.23,69.77,0.01
beledweyne,2025041705,4.74,45.2,546.95,28.74,1.38,1.51,60.09,0.01
beledweyne,2025041706,4.74,45.2,739.45,30.79,1.55,1.7,53.05,0.01
beledweyne,2025041707,4.74,45.2,797.85,32.44,1.7,1.85,47.89,0.02
beledweyne,2025041708,4.74,45.2,890.25,33.58,1.91,2.06,44.4,0.03
beledweyne,2025041709,4.74,45.2,804.9,34.36,2.04,2.2,42.12,0.04
beledweyne,2025041710,4.74,45.2,752.97,34.76,2.12,2.28,40.73,0.04
beledweyne,2025041711,4.74,45.2,659.12,34.78,2.1,2.29,40.18,0.03
beledweyne,2025041712,4.74,45.2,474.95,34.4,1.99,2.2,40.71,0.03
beledweyne,2025041713,4.74,45.2,247.4,33.74,1.84,2.08,41.92,0.02
beledweyne,2025041714,4.74,45.2,54.97,32.66,1.36,1.8,46.46,0.02
beledweyne,2025041715,4.74,45.2,0.0,31.27,0.88,1.38,57.07,0.02
beledweyne,2025041716,4.74,45.2,0.0,30.79,0.62,0.98,58.72,0.02
beledweyne,2025041717,4.74,45.2,0.0,30.09,0.64,1.21,59.97,0.02
beledweyne,2025041718,4.74,45.2,0.0,29.38,1.06,2.24,61.3,0.02
beledweyne,2025041719,4.74,45.2,0.0,28.71,1.69,3.36,63.77,0.02
beledweyne,2025041720,4.74,45.2,0.0,27.87,2.35,4.04,67.85,0.02
beledweyne,2025041721,4.74,45.2,0.0,26.97,2.46,4.02,72.02,0.03
beledweyne,2025041722,4.74,45.2,0.0,26.23,2.21,3.6,76.55,0.06
beledweyne,2025041723,4.74,45.2,0.0,25.67,1.89,3.15,80.09,0.05
beledweyne,2025041800,4.74,45.2,0.0,25.16,1.66,2.9,83.09,0.04
beledweyne,2025041801,4.74,45.2,0.0,24.7,1.5,2.81,85.7,0.05
beledweyne,2025041802,4.74,45.2,0.0,24.36,1.48,2.96,87.72,0.05
beledweyne,2025041803,4.74,45.2,77.65,25.04,2.44,3.08,83.84,0.07
beledweyne,2025041804,4.74,45.2,279.85,26.69,2.87,3.22,74.72,0.07
beledweyne,2025041805,4.74,45.2,508.23,28.63,2.77,3.04,64.54,0.06
beledweyne,2025041806,4.74,45.2,622.05,30.53,2.53,2.77,56.26,0.05
beledweyne,2025041807,4.74,45.2,837.33,32.13,2.26,2.47,50.28,0.04
beledweyne,2025041808,4.74,45.2,953.72,33.3,2.04,2.22,46.04,0.05
beledweyne,2025041809,4.74,45.2,811.75,34.14,1.86,2.0,43.01,0.05
beledweyne,2025041810,4.74,45.2,742.42,34.79,1.76,1.85,40.35,0.05
beledweyne,2025041811,4.74,45.2,569.35,34.85,1.78,1.84,39.1,0.05
beledweyne,2025041812,4.74,45.2,353.1,34.52,1.84,1.92,39.02,0.04
beledweyne,2025041813,4.74,45.2,180.5,33.81,1.97,2.08,40.09,0.03
beledweyne,2025041814,4.74,45.2,40.67,32.39,1.79,2.5,45.96,0.02
beledweyne,2025041815,4.74,45.2,0.0,30.08,1.88,3.53,58.08,0.02
beledweyne,2025041816,4.74,45.2,0.0,29.21,2.26,4.58,59.92,0.02
beledweyne,2025041817,4.74,45.2,0.0,28.54,2.46,5.21,61.66,0.02
beledweyne,2025041818,4.74,45.2,0.0,27.92,2.58,5.58,63.79,0.02
beledweyne,2025041819,4.74,45.2,0.0,27.31,2.8,5.9,66.49,0.03
beledweyne,2025041820,4.74,45.2,0.0,26.71,3.15,6.15,69.91,0.03
beledweyne,2025041821,4.74,45.2,0.0,26.06,3.55,6.19,74.36,0.04
beledweyne,2025041822,4.74,45.2,0.0,25.46,3.71,6.01,79.11,0.05
beledweyne,2025041823,4.74,45.2,0.0,24.95,3.62,5.65,83.58,0.07
beledweyne,2025041900,4.74,45.2,0.0,24.55,3.27,5.13,87.41,0.09
beledweyne,2025041901,4.74,45.2,0.0,24.3,2.75,4.48,90.09,0.12
beledweyne,2025041902,4.74,45.2,0.0,24.14,2.32,4.05,91.78,0.16
beledweyne,2025041903,4.74,45.2,75.5,24.8,3.07,4.01,88.57,0.2
beledweyne,2025041904,4.74,45.2,290.1,26.7,3.92,4.54,77.95,0.23
beledweyne,2025041905,4.74,45.2,537.8,28.88,3.65,4.03,66.81,0.21
beledweyne,2025041906,4.74,45.2,761.03,30.83,2.98,3.19,58.38,0.18
beledweyne,2025041907,4.74,45.2,897.9,32.36,2.4,2.51,51.91,0.15
beledweyne,2025041908,4.74,45.2,969.42,33.45,2.09,2.15,47.45,0.13
beledweyne,2025041909,4.74,45.2,945.95,34.18,1.93,1.93,44.18,0.1
beledweyne,2025041910,4.74,45.2,728.1,34.5,1.88,1.84,42.25,0.07
beledweyne,2025041911,4.74,45.2,578.17,34.49,2.0,1.94,41.28,0.05
beledweyne,2025041912,4.74,45.2,410.35,34.11,2.21,2.16,41.31,0.03
beledweyne,2025041913,4.74,45.2,223.05,33.31,2.51,2.57,42.74,0.02
beledweyne,2025041914,4.74,45.2,52.97,31.87,2.68,3.49,47.71,0.0
beledweyne,2025041915,4.74,45.2,0.0,29.8,2.68,5.32,57.72,0.0
beledweyne,2025041916,4.74,45.2,0.0,28.99,3.71,6.42,60.32,0.0
beledweyne,2025041917,4.74,45.2,0.0,28.23,4.12,6.6,64.12,0.0
beledweyne,2025041918,4.74,45.2,0.0,27.61,4.15,6.39,67.59,0.0
beledweyne,2025041919,4.74,45.2,0.0,27.07,3.92,6.05,70.62,0.0
beledweyne,2025041920,4.74,45.2,0.0,26.69,3.8,5.71,72.8,0.0
beledweyne,2025041921,4.74,45.2,0.0,26.26,3.62,5.41,75.07,0.0
beledweyne,2025041922,4.74,45.2,0.0,25.79,3.48,5.21,77.66,0.0
beledweyne,2025041923,4.74,45.2,0.0,25.27,3.32,5.05,80.6,0.0
beledweyne,2025042000,4.74,45.2,0.0,24.75,3.05,4.82,83.81,0.0
beledweyne,2025042001,4.74,45.2,0.0,24.3,2.61,4.44,86.87,0.0
beledweyne,2025042002,4.74,45.2,0.0,23.89,2.16,4.07,89.71,0.01
beledweyne,2025042003,4.74,45.2,66.18,24.73,2.97,3.86,86.07,0.01
beledweyne,2025042004,4.74,45.2,206.7,27.25,3.76,4.33,74.16,0.03
beledweyne,2025042005,4.74,45.2,391.65,29.6,3.16,3.44,63.32,0.03
beledweyne,2025042006,4.74,45.2,694.7,31.59,2.4,2.52,54.72,0.03
beledweyne,2025042007,4.74,45.2,805.38,33.3,1.95,2.02,47.41,0.04
beledweyne,2025042008,4.74,45.2,888.03,34.61,1.83,1.9,42.08,0.05
beledweyne,2025042009,4.74,45.2,778.72,35.39,1.85,1.94,38.97,0.07
beledweyne,2025042010,4.74,45.2,600.25,35.73,1.91,2.01,37.1,0.06
beledweyne,2025042011,4.74,45.2,516.47,35.78,1.97,2.11,35.97,0.05
beledweyne,2025042012,4.74,45.2,406.73,35.38,2.05,2.23,36.0,0.05
beledweyne,2025042013,4.74,45.2,218.0,34.5,2.13,2.38,37.26,0.05
beledweyne,2025042014,4.74,45.2,51.6,33.02,1.92,2.67,42.85,0.05
beledweyne,2025042015,4.74,45.2,0.0,30.97,1.81,3.67,55.31,0.06
beledweyne,2025042016,4.74,45.2,0.0,30.04,2.91,5.4,56.6,0.08
beledweyne,2025042017,4.74,45.2,0.0,28.95,4.35,6.82,60.9,0.07
beledweyne,2025042018,4.74,45.2,0.0,27.87,5.41,7.41,66.86,0.06
beledweyne,2025042019,4.74,45.2,0.0,27.03,5.49,7.19,72.28,0.05
beledweyne,2025042020,4.74,45.2,0.0,26.38,5.0,6.57,76.34,0.05
beledweyne,2025042021,4.74,45.2,0.0,25.76,4.19,5.6,80.02,0.04
beledweyne,2025042022,4.74,45.2,0.0,25.24,3.57,4.91,83.15,0.04
beledweyne,2025042023,4.74,45.2,0.0,24.84,3.09,4.39,85.66,0.03
beledweyne,2025042100,4.74,45.2,0.0,24.49,2.67,3.99,87.94,0.12
beledweyne,2025042101,4.74,45.2,0.0,24.17,2.26,3.65,90.04,0.13
beledweyne,2025042102,4.74,45.2,0.0,23.92,1.82,3.33,91.73,0.18
beledweyne,2025042103,4.74,45.2,75.05,24.61,2.51,3.2,87.98,0.18
beledweyne,2025042104,4.74,45.2,264.02,26.94,3.27,3.72,75.0,0.17
beledweyne,2025042105,4.74,45.2,487.52,29.43,3.02,3.29,62.77,0.12
beledweyne,2025042106,4.74,45.2,696.15,31.41,2.72,2.9,54.71,0.1
beledweyne,2025042107,4.74,45.2,883.35,32.91,2.43,2.55,48.88,0.14
beledweyne,2025042108,4.74,45.2,941.75,33.9,2.25,2.36,45.1,0.17
beledweyne,2025042109,4.74,45.2,913.85,34.62,2.14,2.28,42.16,0.18
beledweyne,2025042110,4.74,45.2,757.08,35.0,2.06,2.24,40.12,0.2
beledweyne,2025042111,4.74,45.2,624.85,35.12,2.02,2.22,39.09,0.2
beledweyne,2025042112,4.74,45.2,433.08,34.65,2.2,2.43,39.65,0.13
beledweyne,2025042113,4.74,45.2,241.1,33.88,2.57,2.87,41.28,0.07
beledweyne,2025042114,4.74,45.2,59.8,32.44,2.43,3.46,47.25,0.04
beledweyne,2025042115,4.74,45.2,0.0,30.46,2.11,4.48,58.77,0.05
beledweyne,2025042116,4.74,45.2,0.0,29.72,2.78,5.57,59.97,0.06
beledweyne,2025042117,4.74,45.2,0.0,28.94,3.75,6.16,62.86,0.08
beledweyne,2025042118,4.74,45.2,0.0,28.01,4.35,6.09,67.98,0.1
beledweyne,2025042119,4.74,45.2,0.0,27.14,4.34,5.68,73.17,0.12
beledweyne,2025042120,4.74,45.2,0.0,26.48,4.2,5.35,76.72,0.16
beledweyne,2025042121,4.74,45.2,0.0,25.93,3.96,5.03,79.49,0.21
beledweyne,2025042122,4.74,45.2,0.0,25.45,3.89,4.89,82.03,0.29
beledweyne,2025042123,4.74,45.2,0.0,25.14,3.74,4.7,84.02,0.38
beledweyne,2025042200,4.74,45.2,0.0,24.91,3.45,4.41,86.07,0.44
beledweyne,2025042201,4.74,45.2,0.0,24.81,3.28,4.3,87.62,0.44
beledweyne,2025042202,4.74,45.2,0.0,24.65,3.14,4.49,89.12,0.43
beledweyne,2025042203,4.74,45.2,78.45,24.95,3.71,4.78,87.31,0.41
beledweyne,2025042204,4.74,45.2,259.12,26.18,4.3,5.18,78.41,0.31
beledweyne,2025042205,4.74,45.2,454.33,28.18,4.48,5.24,66.01,0.22
beledweyne,2025042206,4.74,45.2,648.05,30.24,4.77,5.57,56.66,0.14
beledweyne,2025042207,4.74,45.2,784.2,31.86,5.14,5.96,50.43,0.09
beledweyne,2025042208,4.74,45.2,888.53,33.27,5.38,6.25,44.78,0.08
beledweyne,2025042209,4.74,45.2,919.65,34.62,5.46,6.34,39.86,0.07
beledweyne,2025042210,4.74,45.2,835.03,35.5,5.52,6.42,36.72,0.05
beledweyne,2025042211,4.74,45.2,681.72,35.81,5.58,6.51,35.23,0.04
beledweyne,2025042212,4.74,45.2,481.88,35.48,5.52,6.5,35.19,0.03
beledweyne,2025042213,4.74,45.2,261.75,34.46,5.19,6.28,36.99,0.01
beledweyne,2025042214,4.74,45.2,61.72,32.73,3.71,5.93,43.41,0.0
beledweyne,2025042215,4.74,45.2,0.0,30.55,2.93,6.34,52.86,0.0
beledweyne,2025042216,4.74,45.2,0.0,30.01,3.8,7.31,53.84,0.0
beledweyne,2025042217,4.74,45.2,0.0,29.41,5.04,8.06,56.31,0.0
beledweyne,2025042218,4.74,45.2,0.0,28.51,5.57,8.16,60.99,0.0
beledweyne,2025042219,4.74,45.2,0.0,27.6,5.24,7.56,65.88,0.0
beledweyne,2025042220,4.74,45.2,0.0,26.69,4.29,6.45,70.96,0.01
beledweyne,2025042221,4.74,45.2,0.0,25.96,3.71,5.78,75.55,0.01
beledweyne,2025042222,4.74,45.2,0.0,25.33,3.35,5.39,80.13,0.02
beledweyne,2025042223,4.74,45.2,0.0,24.86,3.39,5.45,84.58,0.01
beledweyne,2025042300,4.74,45.2,0.0,24.58,3.54,5.59,87.67,0.01
beledweyne,2025042301,4.74,45.2,0.0,24.41,3.49,5.42,89.43,0.01
beledweyne,2025042302,4.74,45.2,0.0,24.17,3.12,4.91,91.14,0.01
beledweyne,2025042303,4.74,45.2,81.85,24.66,3.67,4.73,88.76,0.02
beledweyne,2025042304,4.74,45.2,278.7,26.61,4.61,5.42,76.5,0.0
beledweyne,2025042305,4.74,45.2,489.85,29.05,4.77,5.46,62.03,0.0
beledweyne,2025042306,4.74,45.2,727.95,31.64,4.86,5.53,48.36,0.0
beledweyne,2025042307,4.74,45.2,872.03,33.91,4.97,5.65,38.45,0.0
beledweyne,2025042308,4.74,45.2,980.95,35.6,5.02,5.71,32.45,0.0
beledweyne,2025042309,4.74,45.2,943.83,36.69,4.91,5.56,29.28,0.0
beledweyne,2025042310,4.74,45.2,853.15,37.22,4.78,5.42,27.5,0.0
beledweyne,2025042311,4.74,45.2,699.88,37.26,4.69,5.33,26.66,0.0
beledweyne,2025042312,4.74,45.2,489.52,36.8,4.57,5.22,26.57,0.0
beledweyne,2025042313,4.74,45.2,266.73,35.84,4.36,5.1,27.64,0.0
beledweyne,2025042314,4.74,45.2,62.05,33.49,2.9,4.9,36.7,0.0
beledweyne,2025042315,4.74,45.2,0.0,30.69,2.57,5.23,47.64,0.0
beledweyne,2025042316,4.74,45.2,0.0,30.13,2.95,6.26,48.04,0.0
beledweyne,2025042317,4.74,45.2,0.0,29.75,4.23,7.71,48.87,0.0
beledweyne,2025042318,4.74,45.2,0.0,28.94,5.72,8.59,53.87,0.0
beledweyne,2025042319,4.74,45.2,0.0,27.83,5.89,8.34,61.24,0.0
beledweyne,2025042320,4.74,45.2,0.0,26.85,4.79,6.76,67.89,0.01
beledweyne,2025042321,4.74,45.2,0.0,26.12,3.84,5.62,73.12,0.01
beledweyne,2025042322,4.74,45.2,0.0,25.58,3.31,5.02,77.4,0.03
beledweyne,2025042323,4.74,45.2,0.0,25.16,3.01,4.73,81.28,0.04
beledweyne,2025042400,4.74,45.2,0.0,24.89,2.88,4.54,84.49,0.05
beledweyne,2025042401,4.74,45.2,0.0,24.69,2.82,4.52,86.9,0.05
beledweyne,2025042402,4.74,45.2,0.0,24.54,2.83,4.49,88.65,0.05
beledweyne,2025042403,4.74,45.2,95.72,25.0,3.57,4.58,86.4,0.04
beledweyne,2025042404,4.74,45.2,334.23,26.62,4.22,4.9,76.06,0.03
beledweyne,2025042405,4.74,45.2,579.6,29.01,4.15,4.68,61.82,0.02
beledweyne,2025042406,4.74,45.2,767.15,31.54,3.91,4.33,50.66,0.02
beledweyne,2025042407,4.74,45.2,921.58,33.55,3.61,3.97,43.95,0.01
beledweyne,2025042408,4.74,45.2,999.5,35.0,3.3,3.65,39.24,0.01
beledweyne,2025042409,4.74,45.2,985.05,36.07,3.13,3.49,35.48,0.01
beledweyne,2025042410,4.74,45.2,899.12,36.78,3.04,3.39,32.69,0.01
beledweyne,2025042411,4.74,45.2,696.53,36.99,3.02,3.37,30.96,0.01
beledweyne,2025042412,4.74,45.2,517.22,36.72,3.05,3.43,30.23,0.0
beledweyne,2025042413,4.74,45.2,278.1,35.89,3.05,3.47,30.67,0.0
beledweyne,2025042414,4.74,45.2,66.38,33.95,2.25,3.56,37.86,0.0
beledweyne,2025042415,4.74,45.2,0.0,31.44,2.1,4.04,49.46,0.0
beledweyne,2025042416,4.74,45.2,0.0,30.54,2.4,5.07,50.08,0.0
beledweyne,2025042417,4.74,45.2,0.0,29.84,3.08,6.4,50.48,0.0
beledweyne,2025042418,4.74,45.2,0.0,29.17,4.54,7.57,53.34,0.0
beledweyne,2025042419,4.74,45.2,0.0,28.14,5.81,8.36,60.21,0.0
beledweyne,2025042420,4.74,45.2,0.0,26.99,6.14,8.35,69.13,0.0
beledweyne,2025042421,4.74,45.2,0.0,26.07,5.48,7.41,77.02,0.0
beledweyne,2025042422,4.74,45.2,0.0,25.37,4.64,6.37,82.48,0.01
beledweyne,2025042423,4.74,45.2,0.0,24.82,4.03,5.72,86.28,0.01
beledweyne,2025042500,4.74,45.2,0.0,24.45,3.68,5.38,88.96,0.02
beledweyne,2025042501,4.74,45.2,0.0,24.27,3.68,5.49,90.62,0.02
beledweyne,2025042502,4.74,45.2,0.0,24.1,3.52,5.3,92.16,0.02
beledweyne,2025042503,4.74,45.2,93.2,24.74,4.26,5.37,88.99,0.02
beledweyne,2025042504,4.74,45.2,322.58,26.91,4.9,5.67,76.21,0.02
beledweyne,2025042505,4.74,45.2,562.8,29.77,4.75,5.28,60.99,0.01
beledweyne,2025042506,4.74,45.2,749.78,32.47,4.11,4.43,49.35,0.01
beledweyne,2025042507,4.74,45.2,867.6,34.55,3.42,3.62,41.29,0.0
beledweyne,2025042508,4.74,45.2,981.1,35.94,2.93,3.07,36.38,0.0
beledweyne,2025042509,4.74,45.2,950.75,36.76,2.57,2.7,33.47,0.01
beledweyne,2025042510,4.74,45.2,804.0,37.15,2.43,2.55,31.97,0.01
beledweyne,2025042511,4.74,45.2,704.47,37.08,2.45,2.6,31.53,0.01
beledweyne,2025042512,4.74,45.2,496.75,36.58,2.53,2.74,32.13,0.01
beledweyne,2025042513,4.74,45.2,272.25,35.62,2.56,2.83,33.74,0.0
beledweyne,2025042514,4.74,45.2,65.9,34.04,2.09,2.86,38.81,0.0
beledweyne,2025042515,4.74,45.2,0.0,31.96,1.6,3.03,52.04,0.0
beledweyne,2025042516,4.74,45.2,0.0,31.15,1.84,3.49,53.23,0.0
beledweyne,2025042517,4.74,45.2,0.0,30.37,2.17,4.41,54.05,0.0
beledweyne,2025042518,4.74,45.2,0.0,29.69,2.75,5.57,54.38,0.0
beledweyne,2025042519,4.74,45.2,0.0,28.94,3.76,6.51,56.02,0.0
beledweyne,2025042520,4.74,45.2,0.0,28.03,4.67,6.99,60.39,0.0
beledweyne,2025042521,4.74,45.2,0.0,27.01,5.17,7.05,66.85,0.0
beledweyne,2025042522,4.74,45.2,0.0,26.1,5.19,6.9,73.74,0.0
beledweyne,2025042523,4.74,45.2,0.0,25.4,5.06,6.7,79.73,0.0
beledweyne,2025042600,4.74,45.2,0.0,24.89,4.86,6.44,84.54,0.01
beledweyne,2025042601,4.74,45.2,0.0,24.5,4.66,6.37,88.33,0.01
beledweyne,2025042602,4.74,45.2,0.0,24.23,4.57,6.35,90.77,0.02
beledweyne,2025042603,4.74,45.2,94.82,24.77,5.19,6.5,88.37,0.01
beledweyne,2025042604,4.74,45.2,304.4,27.1,6.03,7.11,73.98,0.0
beledweyne,2025042605,4.74,45.2,505.4,30.21,6.24,7.15,57.45,0.0
beledweyne,2025042606,4.74,45.2,777.3,33.0,5.76,6.41,46.03,0.0
beledweyne,2025042607,4.74,45.2,925.45,35.09,4.79,5.17,39.01,0.0
beledweyne,2025042608,4.74,45.2,978.92,36.56,3.81,4.01,34.31,0.0
beledweyne,2025042609,4.74,45.2,897.95,37.44,2.98,3.08,31.52,0.01
beledweyne,2025042610,4.74,45.2,783.25,37.82,2.36,2.37,30.14,0.01
beledweyne,2025042611,4.74,45.2,675.97,37.63,2.03,2.0,29.93,0.02
beledweyne,2025042612,4.74,45.2,517.83,36.93,2.17,2.18,30.93,0.02
beledweyne,2025042613,4.74,45.2,287.25,35.98,2.65,2.8,32.71,0.01
beledweyne,2025042614,4.74,45.2,70.1,34.21,2.73,3.94,38.92,0.01
beledweyne,2025042615,4.74,45.2,0.0,31.79,2.83,5.86,49.04,0.02
beledweyne,2025042616,4.74,45.2,0.0,30.92,4.06,7.32,50.88,0.02
beledweyne,2025042617,4.74,45.2,0.0,30.1,5.09,8.01,54.05,0.03
beledweyne,2025042618,4.74,45.2,0.0,29.16,5.94,8.59,58.65,0.02
beledweyne,2025042619,4.74,45.2,0.0,28.24,6.56,9.02,63.77,0.02
beledweyne,2025042620,4.74,45.2,0.0,27.33,6.42,8.56,69.49,0.01
beledweyne,2025042621,4.74,45.2,0.0,26.4,5.88,7.79,76.0,0.02
beledweyne,2025042622,4.74,45.2,0.0,25.62,5.47,7.24,82.08,0.03
beledweyne,2025042623,4.74,45.2,0.0,25.09,5.09,6.77,86.51,0.05
beledweyne,2025042700,4.74,45.2,0.0,24.76,4.55,6.16,89.27,0.04
beledweyne,2025042701,4.74,45.2,0.0,24.54,4.13,5.76,90.94,0.06
beledweyne,2025042702,4.74,45.2,0.0,24.38,3.87,5.53,92.06,0.07
beledweyne,2025042703,4.74,45.2,92.53,24.94,4.7,6.06,89.21,0.1
beledweyne,2025042704,4.74,45.2,291.75,27.15,6.21,7.48,74.86,0.12
beledweyne,2025042705,4.74,45.2,486.05,30.19,6.31,7.27,57.52,0.15
beledweyne,2025042706,4.74,45.2,734.7,32.67,5.45,6.09,48.39,0.17
beledweyne,2025042707,4.74,45.2,836.1,34.53,4.49,4.89,42.72,0.17
beledweyne,2025042708,4.74,45.2,889.97,35.85,3.66,3.94,38.74,0.18
beledweyne,2025042709,4.74,45.2,887.4,36.62,3.0,3.21,36.22,0.2
beledweyne,2025042710,4.74,45.2,795.88,36.91,2.54,2.71,34.92,0.22
beledweyne,2025042711,4.74,45.2,668.12,36.82,2.22,2.37,34.75,0.25
beledweyne,2025042712,4.74,45.2,498.27,36.27,2.0,2.15,35.46,0.24
beledweyne,2025042713,4.74,45.2,275.67,35.26,1.9,2.06,37.25,0.23
beledweyne,2025042714,4.74,45.2,65.43,33.71,1.61,2.2,43.73,0.16
beledweyne,2025042715,4.74,45.2,0.0,31.75,1.48,2.75,57.89,0.11
beledweyne,2025042716,4.74,45.2,0.0,30.89,1.8,3.54,59.91,0.06
beledweyne,2025042717,4.74,45.2,0.0,30.17,2.1,4.38,61.15,0.04
beledweyne,2025042718,4.74,45.2,0.0,29.51,2.45,5.28,62.46,0.07
beledweyne,2025042719,4.74,45.2,0.0,28.88,3.14,6.14,63.78,0.09
beledweyne,2025042720,4.74,45.2,0.0,28.14,4.07,6.61,66.61,0.04
beledweyne,2025042721,4.74,45.2,0.0,27.41,4.73,6.71,70.53,0.03
beledweyne,2025042722,4.74,45.2,0.0,26.77,4.87,6.63,74.2,0.03
beledweyne,2025042723,4.74,45.2,0.0,26.14,4.63,6.36,77.9,0.09
beledweyne,2025042800,4.74,45.2,0.0,25.52,4.21,5.85,82.11,0.23
beledweyne,2025042801,4.74,45.2,0.0,25.07,3.85,5.39,85.6,0.2
beledweyne,2025042802,4.74,45.2,0.0,24.72,3.56,5.07,88.39,0.12
beledweyne,2025042803,4.74,45.2,83.15,25.17,4.2,5.32,86.63,0.1
beledweyne,2025042804,4.74,45.2,268.9,27.15,5.33,6.3,74.46,0.17
beledweyne,2025042805,4.74,45.2,460.95,29.68,5.13,5.79,60.79,0.23
beledweyne,2025042806,4.74,45.2,625.17,32.09,4.25,4.63,51.61,0.24
beledweyne,2025042807,4.74,45.2,813.35,33.87,3.28,3.51,46.19,0.26
beledweyne,2025042808,4.74,45.2,906.22,34.91,2.49,2.65,43.08,0.33
beledweyne,2025042809,4.74,45.2,851.15,35.52,1.83,1.95,41.04,0.35
beledweyne,2025042810,4.74,45.2,758.9,35.93,1.35,1.4,39.35,0.28
beledweyne,2025042811,4.74,45.2,548.03,36.06,1.14,1.14,38.35,0.23
beledweyne,2025042812,4.74,45.2,381.5,35.68,1.17,1.15,38.54,0.2
beledweyne,2025042813,4.74,45.2,196.9,34.86,1.52,1.54,40.03,0.11
beledweyne,2025042814,4.74,45.2,48.0,33.37,1.76,2.45,46.57,0.04
beledweyne,2025042815,4.74,45.2,0.0,31.23,1.89,3.95,59.62,0.02
beledweyne,2025042816,4.74,45.2,0.0,30.35,2.51,5.42,60.18,0.03
beledweyne,2025042817,4.74,45.2,0.0,29.69,3.36,6.51,61.33,0.05
beledweyne,2025042818,4.74,45.2,0.0,28.98,4.31,7.09,64.5,0.09
beledweyne,2025042819,4.74,45.2,0.0,28.13,5.05,7.4,69.54,0.16
beledweyne,2025042820,4.74,45.2,0.0,27.26,5.43,7.54,74.77,0.18
beledweyne,2025042821,4.74,45.2,0.0,26.49,5.54,7.49,79.27,0.2
beledweyne,2025042822,4.74,45.2,0.0,25.78,5.1,6.79,83.47,0.17
beledweyne,2025042823,4.74,45.2,0.0,25.23,4.48,5.97,86.99,0.13
beledweyne,2025042900,4.74,45.2,0.0,24.87,4.07,5.52,89.37,0.11
beledweyne,2025042901,4.74,45.2,0.0,24.67,3.81,5.25,90.98,0.14
beledweyne,2025042902,4.74,45.2,0.0,24.5,3.62,5.09,92.41,0.16
beledweyne,2025042903,4.74,45.2,76.03,25.06,4.42,5.65,89.51,0.25
beledweyne,2025042904,4.74,45.2,228.52,27.08,5.66,6.71,76.65,0.39
beledweyne,2025042905,4.74,45.2,411.12,29.57,5.54,6.3,62.92,0.48
beledweyne,2025042906,4.74,45.2,641.88,31.78,4.93,5.48,54.8,0.57
beledweyne,2025042907,4.74,45.2,806.8,33.24,4.38,4.84,50.41,0.71
beledweyne,2025042908,4.74,45.2,933.53,33.9,3.98,4.38,48.57,1.05
beledweyne,2025042909,4.74,45.2,837.83,34.17,3.65,3.99,47.68,0.78
beledweyne,2025042910,4.74,45.2,764.35,34.22,3.22,3.52,46.9,0.58
beledweyne,2025042911,4.74,45.2,659.7,33.66,2.89,3.22,48.04,0.57
beledweyne,2025042912,4.74,45.2,433.77,33.04,2.9,3.28,49.97,0.52
beledweyne,2025042913,4.74,45.2,225.07,32.26,2.95,3.55,53.18,0.42
beledweyne,2025042914,4.74,45.2,47.78,30.84,2.4,4.04,62.56,0.3
beledweyne,2025042915,4.74,45.2,0.0,29.22,2.25,4.85,72.84,0.3
beledweyne,2025042916,4.74,45.2,0.0,28.58,2.73,5.7,73.64,0.34
beledweyne,2025042917,4.74,45.2,0.0,28.03,3.33,6.3,75.0,0.37
beledweyne,2025042918,4.74,45.2,0.0,27.49,3.91,6.65,76.94,0.36
beledweyne,2025042919,4.74,45.2,0.0,26.91,4.3,6.75,79.14,0.29
beledweyne,2025042920,4.74,45.2,0.0,26.32,4.48,6.64,80.99,0.19
beledweyne,2025042921,4.74,45.2,0.0,25.76,4.54,6.53,82.34,0.07
beledweyne,2025042922,4.74,45.2,0.0,25.23,4.53,6.42,83.54,0.03
beledweyne,2025042923,4.74,45.2,0.0,24.74,4.19,5.85,85.49,0.01
beledweyne,2025043000,4.74,45.2,0.0,24.35,3.73,5.3,87.77,0.01
beledweyne,2025043001,4.74,45.2,0.0,24.09,3.37,4.99,89.75,0.02
beledweyne,2025043002,4.74,45.2,0.0,23.98,3.28,5.03,91.08,0.02
beledweyne,2025043003,4.74,45.2,86.3,24.67,3.91,4.98,88.3,0.03
beledweyne,2025043004,4.74,45.2,294.05,26.81,4.84,5.69,76.28,0.03
beledweyne,2025043005,4.74,45.2,516.17,29.36,4.69,5.3,60.71,0.13
beledweyne,2025043006,4.74,45.2,754.83,31.88,4.2,4.63,49.4,0.22
beledweyne,2025043007,4.74,45.2,875.7,33.8,3.85,4.21,43.33,0.2
beledweyne,2025043008,4.74,45.2,917.75,35.2,3.59,3.93,39.61,0.19
beledweyne,2025043009,4.74,45.2,805.65,36.14,3.24,3.54,36.98,0.18
beledweyne,2025043010,4.74,45.2,620.4,36.73,2.87,3.13,34.9,0.17
beledweyne,2025043011,4.74,45.2,650.85,36.84,2.59,2.85,33.7,0.17
beledweyne,2025043012,4.74,45.2,477.75,36.51,2.46,2.71,33.27,0.1
beledweyne,2025043013,4.74,45.2,237.62,35.68,2.42,2.72,34.0,0.02
beledweyne,2025043014,4.74,45.2,53.97,33.82,1.9,2.88,41.74,0.01
beledweyne,2025043015,4.74,45.2,0.0,31.07,1.93,3.46,56.11,0.01
beledweyne,2025043016,4.74,45.2,0.0,30.13,2.24,4.27,57.05,0.0
beledweyne,2025043017,4.74,45.2,0.0,29.32,2.55,5.27,57.91,0.0
beledweyne,2025043018,4.74,45.2,0.0,28.64,2.99,6.38,59.28,0.02
beledweyne,2025043019,4.74,45.2,0.0,27.99,3.73,7.2,62.15,0.12
beledweyne,2025043020,4.74,45.2,0.0,27.18,4.5,7.47,67.33,0.19
beledweyne,2025043021,4.74,45.2,0.0,26.33,4.88,7.29,73.55,0.13
beledweyne,2025043022,4.74,45.2,0.0,25.61,4.86,6.92,79.3,0.1
beledweyne,2025043023,4.74,45.2,0.0,25.09,4.64,6.5,83.7,0.1
beledweyne,2025050100,4.74,45.2,0.0,24.7,4.34,6.1,87.22,0.04
beledweyne,2025050101,4.74,45.2,0.0,24.4,3.95,5.67,90.15,0.03
beledweyne,2025050102,4.74,45.2,0.0,24.29,3.63,5.34,91.76,0.02
beledweyne,2025050103,4.74,45.2,88.35,24.97,4.0,5.0,89.08,0.12
beledweyne,2025050104,4.74,45.2,281.08,27.24,4.36,5.08,76.79,0.24
beledweyne,2025050105,4.74,45.2,499.1,29.81,3.9,4.34,63.65,0.26
beledweyne,2025050106,4.74,45.2,759.67,32.54,2.81,3.0,51.89,0.16
beledweyne,2025050107,4.74,45.2,752.28,34.44,1.77,1.83,44.83,0.07
beledweyne,2025050108,4.74,45.2,798.92,35.58,1.17,1.19,40.81,0.05
beledweyne,2025050109,4.74,45.2,756.6,36.26,1.05,1.03,38.53,0.04
beledweyne,2025050110,4.74,45.2,544.42,36.7,1.29,1.25,37.12,0.05
beledweyne,2025050111,4.74,45.2,586.15,36.65,1.66,1.63,36.75,0.08
beledweyne,2025050112,4.74,45.2,391.1,36.03,2.1,2.16,37.63,0.1
beledweyne,2025050113,4.74,45.2,216.82,34.93,2.69,2.94,40.07,0.1
beledweyne,2025050114,4.74,45.2,49.6,33.33,2.71,3.99,46.88,0.07
beledweyne,2025050115,4.74,45.2,0.0,31.21,2.61,5.49,57.34,0.08
beledweyne,2025050116,4.74,45.2,0.0,30.32,3.46,6.7,59.84,0.11
beledweyne,2025050117,4.74,45.2,0.0,29.56,4.26,7.31,63.01,0.13
beledweyne,2025050118,4.74,45.2,0.0,28.8,4.82,7.52,66.96,0.14
beledweyne,2025050119,4.74,45.2,0.0,28.03,4.91,7.28,71.38,0.15
beledweyne,2025050120,4.74,45.2,0.0,27.35,4.45,6.51,75.53,0.15
beledweyne,2025050121,4.74,45.2,0.0,26.78,3.97,5.72,79.11,0.15
beledweyne,2025050122,4.74,45.2,0.0,26.3,3.6,5.13,82.25,0.18
beledweyne,2025050123,4.74,45.2,0.0,25.91,3.35,4.73,84.87,0.18
beledweyne,2025050200,4.74,45.2,0.0,25.65,3.08,4.38,86.81,0.19
beledweyne,2025050201,4.74,45.2,0.0,25.51,2.88,4.13,88.15,0.17
beledweyne,2025050202,4.74,45.2,0.0,25.39,2.59,3.81,89.37,0.17
beledweyne,2025050203,4.74,45.2,99.97,25.72,2.91,3.68,87.93,0.23
beledweyne,2025050204,4.74,45.2,320.38,26.82,3.66,4.33,81.71,0.31
beledweyne,2025050205,4.74,45.2,519.38,28.35,3.86,4.38,72.59,0.3
beledweyne,2025050206,4.74,45.2,645.22,29.94,3.63,3.99,64.75,0.28
beledweyne,2025050207,4.74,45.2,727.58,31.28,3.36,3.62,59.1,0.31
beledweyne,2025050208,4.74,45.2,782.5,32.1,3.22,3.45,55.63,0.34
beledweyne,2025050209,4.74,45.2,768.95,32.69,3.05,3.23,53.1,0.35
beledweyne,2025050210,4.74,45.2,732.28,33.0,2.88,3.04,51.4,0.3
beledweyne,2025050211,4.74,45.2,579.9,32.9,2.8,2.96,50.88,0.25
beledweyne,2025050212,4.74,45.2,426.58,32.52,2.87,3.09,51.49,0.16
beledweyne,2025050213,4.74,45.2,216.98,31.78,2.98,3.36,53.51,0.09
beledweyne,2025050214,4.74,45.2,53.0,30.59,2.59,3.82,59.78,0.08
beledweyne,2025050215,4.74,45.2,0.0,28.96,2.23,4.72,69.03,0.11
beledweyne,2025050216,4.74,45.2,0.0,28.36,2.72,5.54,70.8,0.13
beledweyne,2025050217,4.74,45.2,0.0,27.9,3.21,6.03,72.52,0.15
beledweyne,2025050218,4.74,45.2,0.0,27.49,3.56,6.24,74.27,0.17
beledweyne,2025050219,4.74,45.2,0.0,26.99,3.75,6.24,76.66,0.15
beledweyne,2025050220,4.74,45.2,0.0,26.49,3.86,6.13,79.15,0.18
beledweyne,2025050221,4.74,45.2,0.0,25.96,3.84,5.85,81.95,0.18
beledweyne,2025050222,4.74,45.2,0.0,25.47,3.66,5.42,84.7,0.2
beledweyne,2025050223,4.74,45.2,0.0,25.06,3.36,4.92,87.14,0.24
beledweyne,2025050300,4.74,45.2,0.0,24.74,3.07,4.56,89.17,0.23
beledweyne,2025050301,4.74,45.2,0.0,24.55,2.84,4.33,90.59,0.25
beledweyne,2025050302,4.74,45.2,0.0,24.44,2.71,4.21,91.58,0.27
beledweyne,2025050303,4.74,45.2,81.5,24.93,3.39,4.3,89.67,0.33
beledweyne,2025050304,4.74,45.2,243.98,26.67,4.64,5.57,80.94,0.32
beledweyne,2025050305,4.74,45.2,435.33,28.75,4.96,5.66,69.14,0.38
beledweyne,2025050306,4.74,45.2,629.35,30.71,4.75,5.32,60.34,0.37
beledweyne,2025050307,4.74,45.2,736.45,31.94,4.61,5.14,55.57,0.4
beledweyne,2025050308,4.74,45.2,759.03,32.29,4.55,5.06,53.87,0.46
beledweyne,2025050309,4.74,45.2,731.6,32.14,4.45,4.99,53.68,0.45
beledweyne,2025050310,4.74,45.2,674.45,32.18,4.29,4.82,53.04,0.45
beledweyne,2025050311,4.74,45.2,524.28,32.14,3.95,4.46,52.55,0.43
beledweyne,2025050312,4.74,45.2,324.42,31.76,3.63,4.14,53.3,0.27
beledweyne,2025050313,4.74,45.2,159.98,31.13,3.37,4.06,55.56,0.25
beledweyne,2025050314,4.74,45.2,39.28,29.89,2.33,3.92,64.01,0.2
beledweyne,2025050315,4.74,45.2,0.0,28.12,1.96,3.96,74.25,0.2
beledweyne,2025050316,4.74,45.2,0.0,27.54,2.01,4.04,75.79,0.16
beledweyne,2025050317,4.74,45.2,0.0,27.06,2.08,4.18,76.83,0.17
beledweyne,2025050318,4.74,45.2,0.0,26.64,2.14,4.35,77.75,0.18
beledweyne,2025050319,4.74,45.2,0.0,26.26,2.17,4.57,78.51,0.15
beledweyne,2025050320,4.74,45.2,0.0,25.9,2.27,4.95,79.24,0.09
beledweyne,2025050321,4.74,45.2,0.0,25.51,2.57,5.34,80.44,0.09
beledweyne,2025050322,4.74,45.2,0.0,25.08,3.03,5.52,82.48,0.11
beledweyne,2025050323,4.74,45.2,0.0,24.62,3.27,5.39,85.45,0.14
beledweyne,2025050400,4.74,45.2,0.0,24.2,3.18,5.13,88.71,0.16
beledweyne,2025050401,4.74,45.2,0.0,23.93,3.0,4.94,91.23,0.15
beledweyne,2025050402,4.74,45.2,0.0,23.83,2.92,4.81,92.68,0.13
beledweyne,2025050403,4.74,45.2,99.25,24.5,3.64,4.65,90.02,0.15
beledweyne,2025050404,4.74,45.2,304.17,26.57,4.72,5.69,78.43,0.22
beledweyne,2025050405,4.74,45.2,556.7,28.9,4.84,5.56,65.0,0.25
beledweyne,2025050406,4.74,45.2,696.2,30.77,4.15,4.66,57.34,0.27
beledweyne,2025050407,4.74,45.2,793.1,31.93,3.42,3.83,53.36,0.29
beledweyne,2025050408,4.74,45.2,851.42,32.72,2.89,3.25,50.71,0.35
beledweyne,2025050409,4.74,45.2,658.8,33.2,2.59,2.91,48.95,0.46
beledweyne,2025050410,4.74,45.2,689.6,33.35,2.54,2.87,48.0,0.44
beledweyne,2025050411,4.74,45.2,532.67,33.22,2.59,2.95,47.78,0.48
beledweyne,2025050412,4.74,45.2,346.4,32.77,2.46,2.83,48.69,0.48
beledweyne,2025050413,4.74,45.2,172.4,32.05,2.12,2.61,51.99,0.41
beledweyne,2025050414,4.74,45.2,40.7,30.93,1.68,2.49,59.33,0.37
beledweyne,2025050415,4.74,45.2,0.0,29.29,1.48,2.68,73.97,0.37
beledweyne,2025050416,4.74,45.2,0.0,28.49,1.69,3.26,76.34,0.38
beledweyne,2025050417,4.74,45.2,0.0,27.74,1.91,3.95,78.36,0.41
beledweyne,2025050418,4.74,45.2,0.0,27.12,2.11,4.43,80.76,0.47
beledweyne,2025050419,4.74,45.2,0.0,26.57,2.33,4.66,83.4,0.5
beledweyne,2025050420,4.74,45.2,0.0,26.1,2.57,4.72,85.98,0.45
beledweyne,2025050421,4.74,45.2,0.0,25.67,2.74,4.76,88.4,0.29
beledweyne,2025050422,4.74,45.2,0.0,25.33,2.72,4.62,90.24,0.27
beledweyne,2025050423,4.74,45.2,0.0,25.05,2.44,4.24,91.63,0.45
beledweyne,2025050500,4.74,45.2,0.0,24.81,2.15,3.92,92.77,0.54
beledweyne,2025050501,4.74,45.2,0.0,24.59,2.03,3.84,93.48,0.54
beledweyne,2025050502,4.74,45.2,0.0,24.4,2.0,3.87,93.91,0.51
beledweyne,2025050503,4.74,45.2,76.6,24.63,2.6,3.69,92.0,0.54
beledweyne,2025050504,4.74,45.2,205.0,25.46,3.16,3.85,86.78,0.51
beledweyne,2025050505,4.74,45.2,391.9,26.89,4.04,4.84,77.15,0.37
beledweyne,2025050506,4.74,45.2,623.95,28.21,4.28,4.98,69.7,0.32
beledweyne,2025050507,4.74,45.2,757.4,29.22,4.06,4.66,65.34,0.26
beledweyne,2025050508,4.74,45.2,788.1,29.74,3.94,4.51,62.97,0.21
beledweyne,2025050509,4.74,45.2,771.45,29.88,4.0,4.59,61.95,0.22
beledweyne,2025050510,4.74,45.2,761.55,29.72,4.11,4.79,61.97,0.28
beledweyne,2025050511,4.74,45.2,625.95,29.34,4.25,5.01,62.87,0.36
beledweyne,2025050512,4.74,45.2,451.62,28.77,4.22,5.1,64.9,0.43
beledweyne,2025050513,4.74,45.2,235.45,28.04,3.76,4.83,68.63,0.42
beledweyne,2025050514,4.74,45.2,54.85,27.03,2.62,4.26,75.78,0.45
beledweyne,2025050515,4.74,45.2,0.0,26.05,1.96,4.03,82.53,0.5
beledweyne,2025050516,4.74,45.2,0.0,25.63,1.95,4.12,84.66,0.53
beledweyne,2025050517,4.74,45.2,0.0,25.27,2.08,4.42,86.38,0.77
beledweyne,2025050518,4.74,45.2,0.0,24.94,2.26,4.8,88.15,0.86
beledweyne,2025050519,4.74,45.2,0.0,24.64,2.54,5.25,89.53,0.85
beledweyne,2025050520,4.74,45.2,0.0,24.38,2.77,5.56,90.63,0.71
beledweyne,2025050521,4.74,45.2,0.0,24.13,2.87,5.62,91.52,0.58
beledweyne,2025050522,4.74,45.2,0.0,23.87,2.8,5.48,92.34,0.41
beledweyne,2025050523,4.74,45.2,0.0,23.64,2.63,5.25,92.76,0.24
beledweyne,2025050600,4.74,45.2,0.0,23.42,2.51,5.12,92.79,1.19
beledweyne,2025050601,4.74,45.2,0.0,23.25,2.6,5.29,92.33,0.72
beledweyne,2025050602,4.74,45.2,0.0,23.14,2.77,5.39,92.08,0.46
beledweyne,2025050603,4.74,45.2,104.8,23.52,3.59,5.27,89.99,0.29
beledweyne,2025050604,4.74,45.2,321.45,24.83,4.34,5.34,84.47,0.28
beledweyne,2025050605,4.74,45.2,560.9,27.63,5.34,6.37,71.28,0.15
beledweyne,2025050606,4.74,45.2,704.67,30.02,5.14,5.95,60.28,0.16
beledweyne,2025050607,4.74,45.2,806.95,31.5,4.73,5.44,53.53,0.24
beledweyne,2025050608,4.74,45.2,906.62,32.44,4.56,5.24,49.26,0.39
beledweyne,2025050609,4.74,45.2,902.65,32.96,4.51,5.18,46.87,0.62
beledweyne,2025050610,4.74,45.2,793.78,33.04,4.54,5.21,46.13,0.76
beledweyne,2025050611,4.74,45.2,723.7,32.8,4.51,5.22,46.44,0.72
beledweyne,2025050612,4.74,45.2,522.45,32.26,4.36,5.13,47.96,0.64
beledweyne,2025050613,4.74,45.2,284.08,31.33,3.92,4.97,51.84,0.35
beledweyne,2025050614,4.74,45.2,67.95,29.69,2.86,4.95,62.66,0.26
beledweyne,2025050615,4.74,45.2,0.0,27.64,2.52,5.52,74.11,0.22
beledweyne,2025050616,4.74,45.2,0.0,26.98,2.9,6.3,75.53,0.3
beledweyne,2025050617,4.74,45.2,0.0,26.47,3.33,6.82,77.17,0.29
beledweyne,2025050618,4.74,45.2,0.0,26.02,3.62,6.89,79.28,0.24
beledweyne,2025050619,4.74,45.2,0.0,25.54,3.64,6.67,81.8,0.17
beledweyne,2025050620,4.74,45.2,0.0,25.08,3.55,6.39,84.14,0.09
beledweyne,2025050621,4.74,45.2,0.0,24.64,3.55,6.22,85.89,0.08
beledweyne,2025050622,4.74,45.2,0.0,24.22,3.66,6.04,87.43,0.06
beledweyne,2025050623,4.74,45.2,0.0,23.81,3.77,5.9,89.01,0.06
beledweyne,2025050700,4.74,45.2,0.0,23.52,3.79,5.8,90.38,0.06
beledweyne,2025050701,4.74,45.2,0.0,23.32,3.74,5.78,91.57,0.13
beledweyne,2025050702,4.74,45.2,0.0,23.16,3.7,5.88,92.78,0.42
beledweyne,2025050703,4.74,45.2,110.45,23.73,4.58,6.09,90.58,0.48
beledweyne,2025050704,4.74,45.2,336.77,25.57,6.63,8.29,81.04,0.86
beledweyne,2025050705,4.74,45.2,569.62,27.86,7.33,8.82,69.76,1.53
beledweyne,2025050706,4.74,45.2,762.53,29.76,7.08,8.39,62.06,1.62
beledweyne,2025050707,4.74,45.2,869.15,31.13,6.64,7.81,57.21,1.61
beledweyne,2025050708,4.74,45.2,833.08,32.15,6.31,7.4,53.98,1.7
beledweyne,2025050709,4.74,45.2,811.25,32.61,6.04,7.08,52.48,2.27
beledweyne,2025050710,4.74,45.2,679.3,32.62,5.72,6.71,52.6,2.13
beledweyne,2025050711,4.74,45.2,577.03,32.39,5.32,6.28,53.48,2.12
beledweyne,2025050712,4.74,45.2,433.05,31.81,4.84,5.84,55.64,2.25
beledweyne,2025050713,4.74,45.2,256.02,30.8,4.04,5.38,61.42,2.18
beledweyne,2025050714,4.74,45.2,60.3,29.06,2.82,4.94,73.89,2.45
beledweyne,2025050715,4.74,45.2,0.0,27.28,2.3,4.88,85.26,2.74
beledweyne,2025050716,4.74,45.2,0.0,26.71,2.36,5.1,86.81,2.92
beledweyne,2025050717,4.74,45.2,0.0,26.25,2.57,5.64,87.64,3.05
beledweyne,2025050718,4.74,45.2,0.0,25.81,3.02,6.37,88.21,2.98
beledweyne,2025050719,4.74,45.2,0.0,25.42,3.71,6.96,88.7,2.57
beledweyne,2025050720,4.74,45.2,0.0,24.97,4.16,6.95,90.39,1.81
beledweyne,2025050721,4.74,45.2,0.0,24.55,4.36,6.77,92.23,1.37
beledweyne,2025050722,4.74,45.2,0.0,24.23,4.37,6.57,93.39,1.22
beledweyne,2025050723,4.74,45.2,0.0,24.0,4.27,6.41,93.94,1.38
beledweyne,2025050800,4.74,45.2,0.0,23.82,4.21,6.35,94.36,1.55
beledweyne,2025050801,4.74,45.2,0.0,23.69,4.12,6.31,94.62,1.69
beledweyne,2025050802,4.74,45.2,0.0,23.61,4.05,6.21,94.83,1.86
beledweyne,2025050803,4.74,45.2,84.75,23.89,4.27,5.85,93.78,2.06
beledweyne,2025050804,4.74,45.2,238.27,24.64,5.06,6.56,90.52,1.93
beledweyne,2025050805,4.74,45.2,418.45,25.68,6.16,7.75,84.66,1.5
beledweyne,2025050806,4.74,45.2,615.67,26.77,6.27,7.71,78.95,1.21
beledweyne,2025050807,4.74,45.2,700.35,27.8,6.17,7.46,74.13,1.34
beledweyne,2025050808,4.74,45.2,782.78,28.56,6.06,7.28,70.76,1.54
beledweyne,2025050809,4.74,45.2,741.15,29.07,5.87,7.03,68.53,1.75
beledweyne,2025050810,4.74,45.2,660.92,29.21,5.46,6.57,67.85,1.83
beledweyne,2025050811,4.74,45.2,579.55,29.05,4.89,5.98,68.78,1.61
beledweyne,2025050812,4.74,45.2,392.1,28.62,4.07,5.28,71.64,1.35
beledweyne,2025050813,4.74,45.2,196.4,27.95,3.05,4.65,76.79,0.95
beledweyne,2025050814,4.74,45.2,44.58,26.93,2.31,4.39,84.88,0.66
beledweyne,2025050815,4.74,45.2,0.0,25.89,2.13,4.64,89.94,0.68
beledweyne,2025050816,4.74,45.2,0.0,25.49,2.3,5.05,90.87,0.7
beledweyne,2025050817,4.74,45.2,0.0,25.16,2.48,5.4,91.76,0.86
beledweyne,2025050818,4.74,45.2,0.0,24.91,2.82,5.82,92.37,0.82
beledweyne,2025050819,4.74,45.2,0.0,24.69,3.24,6.17,92.98,0.71
beledweyne,2025050820,4.74,45.2,0.0,24.47,3.55,6.24,93.91,0.46
beledweyne,2025050821,4.74,45.2,0.0,24.2,3.49,5.92,95.19,0.37
beledweyne,2025050822,4.74,45.2,0.0,23.96,3.07,5.36,96.31,0.4
beledweyne,2025050823,4.74,45.2,0.0,23.75,2.52,4.82,97.02,0.43
beledweyne,2025050900,4.74,45.2,0.0,23.6,2.28,4.54,97.28,0.56
beledweyne,2025050901,4.74,45.2,0.0,23.54,2.52,4.79,97.13,0.65
beledweyne,2025050902,4.74,45.2,0.0,23.61,2.75,5.32,96.38,0.6
beledweyne,2025050903,4.74,45.2,53.75,24.11,3.43,5.38,94.05,0.5
beledweyne,2025050904,4.74,45.2,165.07,25.11,4.09,5.14,89.66,0.64
beledweyne,2025050905,4.74,45.2,294.62,26.28,4.79,5.85,83.92,0.79
beledweyne,2025050906,4.74,45.2,498.45,27.43,5.23,6.27,77.97,0.88
beledweyne,2025050907,4.74,45.2,607.55,28.32,5.21,6.24,73.6,1.01
beledweyne,2025050908,4.74,45.2,659.8,28.94,4.91,5.89,70.72,1.13
beledweyne,2025050909,4.74,45.2,641.97,29.33,4.41,5.28,69.05,1.26
beledweyne,2025050910,4.74,45.2,570.58,29.5,3.86,4.64,68.4,1.38
beledweyne,2025050911,4.74,45.2,449.42,29.43,3.29,4.02,68.99,1.49
beledweyne,2025050912,4.74,45.2,288.7,29.09,2.71,3.43,71.33,1.09
beledweyne,2025050913,4.74,45.2,167.88,28.54,2.13,3.11,75.57,0.61
beledweyne,2025050914,4.74,45.2,40.9,27.56,1.76,3.04,83.33,0.38
beledweyne,2025050915,4.74,45.2,0.0,26.33,1.79,3.49,89.36,0.51
beledweyne,2025050916,4.74,45.2,0.0,25.81,2.08,4.35,90.17,0.74
beledweyne,2025050917,4.74,45.2,0.0,25.33,2.45,5.3,90.82,0.84
beledweyne,2025050918,4.74,45.2,0.0,24.93,2.91,6.08,91.68,1.08
beledweyne,2025050919,4.74,45.2,0.0,24.61,3.33,6.42,92.84,1.28
beledweyne,2025050920,4.74,45.2,0.0,24.33,3.55,6.39,94.13,1.41
beledweyne,2025050921,4.74,45.2,0.0,24.02,3.52,6.21,95.58,1.46
beledweyne,2025050922,4.74,45.2,0.0,23.78,3.47,6.13,96.34,1.45
beledweyne,2025050923,4.74,45.2,0.0,23.56,3.48,6.24,96.8,1.18
beledweyne,2025051000,4.74,45.2,0.0,23.41,3.67,6.53,96.74,1.03
beledweyne,2025051001,4.74,45.2,0.0,23.21,3.64,6.51,96.99,0.75
beledweyne,2025051002,4.74,45.2,0.0,23.03,3.55,6.44,97.24,0.55
beledweyne,2025051003,4.74,45.2,63.78,23.64,4.24,6.08,94.84,0.43
beledweyne,2025051004,4.74,45.2,185.65,25.29,5.32,6.64,88.57,0.61
beledweyne,2025051005,4.74,45.2,331.65,27.38,5.96,7.14,79.09,1.0
beledweyne,2025051006,4.74,45.2,527.97,29.1,5.91,6.96,71.17,0.94
beledweyne,2025051007,4.74,45.2,687.88,30.09,5.44,6.33,67.27,1.01
beledweyne,2025051008,4.74,45.2,837.9,30.72,4.93,5.69,64.91,0.95
beledweyne,2025051009,4.74,45.2,851.0,30.86,4.46,5.13,63.92,0.9
beledweyne,2025051010,4.74,45.2,801.88,30.68,4.09,4.74,64.14,0.82
beledweyne,2025051011,4.74,45.2,658.8,30.29,3.81,4.53,65.51,0.89
beledweyne,2025051012,4.74,45.2,451.05,29.74,3.58,4.43,68.33,0.64
beledweyne,2025051013,4.74,45.2,251.9,28.97,3.09,4.48,73.71,0.34
beledweyne,2025051014,4.74,45.2,55.95,27.77,2.73,4.88,81.54,0.22
beledweyne,2025051015,4.74,45.2,0.0,26.42,2.7,5.75,88.26,0.24
beledweyne,2025051016,4.74,45.2,0.0,25.89,3.32,6.44,89.29,0.21
beledweyne,2025051017,4.74,45.2,0.0,25.42,3.78,6.64,90.93,0.22
beledweyne,2025051018,4.74,45.2,0.0,24.97,4.06,6.67,92.71,0.22
beledweyne,2025051019,4.74,45.2,0.0,24.6,4.16,6.56,94.15,0.19
beledweyne,2025051020,4.74,45.2,0.0,24.32,4.26,6.61,94.75,0.14
beledweyne,2025051021,4.74,45.2,0.0,24.08,4.36,6.73,94.98,0.14
beledweyne,2025051022,4.74,45.2,0.0,23.84,4.34,6.71,95.2,0.1
beledweyne,2025051023,4.74,45.2,0.0,23.55,4.0,6.37,95.82,0.05
beledweyne,2025051100,4.74,45.2,0.0,23.28,3.73,6.22,96.28,0.0
beledweyne,2025051101,4.74,45.2,0.0,23.05,3.46,6.08,96.57,0.0
beledweyne,2025051102,4.74,45.2,0.0,22.81,3.15,5.88,97.1,0.0
beledweyne,2025051103,4.74,45.2,95.97,23.48,3.83,5.35,94.16,0.0
beledweyne,2025051104,4.74,45.2,256.95,25.37,5.09,6.31,85.77,0.0
beledweyne,2025051105,4.74,45.2,426.55,27.71,5.68,6.78,74.01,0.0
beledweyne,2025051106,4.74,45.2,615.7,29.73,5.48,6.37,64.76,0.0
beledweyne,2025051107,4.74,45.2,845.67,31.17,5.11,5.86,59.4,0.01
beledweyne,2025051108,4.74,45.2,966.08,32.1,4.84,5.51,56.14,0.01
beledweyne,2025051109,4.74,45.2,952.47,32.61,4.58,5.19,54.14,0.01
beledweyne,2025051110,4.74,45.2,819.4,32.71,4.25,4.8,53.39,0.01
beledweyne,2025051111,4.74,45.2,699.12,32.47,3.88,4.43,53.89,0.01
beledweyne,2025051112,4.74,45.2,487.95,31.98,3.58,4.22,55.22,0.01
beledweyne,2025051113,4.74,45.2,264.73,30.96,3.12,4.21,60.27,0.01
beledweyne,2025051114,4.74,45.2,64.62,29.32,2.52,4.48,72.11,0.0
beledweyne,2025051115,4.74,45.2,0.0,27.51,2.41,5.2,82.0,0.01
beledweyne,2025051116,4.74,45.2,0.0,26.84,2.8,6.08,83.09,0.01
beledweyne,2025051117,4.74,45.2,0.0,26.25,3.36,6.79,84.34,0.01
beledweyne,2025051118,4.74,45.2,0.0,25.69,4.06,7.28,86.05,0.01
beledweyne,2025051119,4.74,45.2,0.0,25.13,4.69,7.56,88.24,0.0
beledweyne,2025051120,4.74,45.2,0.0,24.55,4.93,7.49,90.91,0.0
beledweyne,2025051121,4.74,45.2,0.0,24.08,4.89,7.22,93.44,0.0
beledweyne,2025051122,4.74,45.2,0.0,23.78,4.91,7.26,95.23,0.0
beledweyne,2025051123,4.74,45.2,0.0,23.66,4.96,7.43,95.93,0.0
beledweyne,2025051200,4.74,45.2,0.0,23.61,4.94,7.5,96.22,0.0
beledweyne,2025051201,4.74,45.2,0.0,23.53,4.72,7.37,96.41,0.0
beledweyne,2025051202,4.74,45.2,0.0,23.41,4.37,7.09,96.59,0.0
beledweyne,2025051203,4.74,45.2,87.45,24.03,4.73,6.57,93.64,0.0
beledweyne,2025051204,4.74,45.2,192.35,25.74,6.62,8.36,84.72,0.0
beledweyne,2025051205,4.74,45.2,298.05,27.72,7.19,8.73,73.54,0.0
beledweyne,2025051206,4.74,45.2,509.5,29.49,7.09,8.46,64.11,0.0
beledweyne,2025051207,4.74,45.2,765.15,30.97,6.81,8.02,57.67,0.0
beledweyne,2025051208,4.74,45.2,902.12,32.08,6.6,7.73,53.65,0.0
beledweyne,2025051209,4.74,45.2,935.53,32.81,6.41,7.48,51.27,0.0
beledweyne,2025051210,4.74,45.2,735.35,33.16,6.16,7.15,50.07,0.0
beledweyne,2025051211,4.74,45.2,623.67,33.08,5.83,6.86,50.08,0.01
beledweyne,2025051212,4.74,45.2,424.55,32.61,5.51,6.59,51.0,0.01
beledweyne,2025051213,4.74,45.2,233.82,31.51,5.07,6.51,54.98,0.0
beledweyne,2025051214,4.74,45.2,58.72,29.42,3.79,6.67,66.98,0.0
beledweyne,2025051215,4.74,45.2,0.0,27.39,3.86,7.7,76.35,0.0
beledweyne,2025051216,4.74,45.2,0.0,26.61,4.88,8.29,79.11,0.01
beledweyne,2025051217,4.74,45.2,0.0,25.73,5.13,8.01,83.72,0.01
beledweyne,2025051218,4.74,45.2,0.0,25.0,5.12,7.71,87.72,0.01
beledweyne,2025051219,4.74,45.2,0.0,24.45,5.08,7.51,90.71,0.01
beledweyne,2025051220,4.74,45.2,0.0,24.0,4.98,7.33,93.17,0.01
beledweyne,2025051221,4.74,45.2,0.0,23.66,4.84,7.19,94.79,0.01
beledweyne,2025051222,4.74,45.2,0.0,23.42,4.7,7.14,95.59,0.01
beledweyne,2025051223,4.74,45.2,0.0,23.21,4.57,7.12,96.03,0.01
beledweyne,2025051300,4.74,45.2,0.0,22.99,4.44,7.1,96.39,0.0
beledweyne,2025051301,4.74,45.2,0.0,22.76,4.31,7.07,96.83,0.0
beledweyne,2025051302,4.74,45.2,0.0,22.52,4.18,7.04,97.21,0.0
beledweyne,2025051303,4.74,45.2,98.18,23.18,4.92,6.73,93.76,0.0
beledweyne,2025051304,4.74,45.2,265.2,25.09,6.82,8.61,83.99,0.0
beledweyne,2025051305,4.74,45.2,437.38,27.36,7.68,9.38,71.38,0.0
beledweyne,2025051306,4.74,45.2,583.58,29.32,7.7,9.25,61.44,0.0
beledweyne,2025051307,4.74,45.2,753.17,30.91,7.48,8.89,55.17,0.0
beledweyne,2025051308,4.74,45.2,895.22,31.92,7.28,8.64,51.8,0.0
beledweyne,2025051309,4.74,45.2,863.92,32.58,7.06,8.37,49.79,0.01
beledweyne,2025051310,4.74,45.2,756.17,33.1,6.79,8.01,48.27,0.01
beledweyne,2025051311,4.74,45.2,667.97,33.1,6.43,7.65,48.04,0.01
beledweyne,2025051312,4.74,45.2,474.4,32.61,6.08,7.37,49.33,0.01
beledweyne,2025051313,4.74,45.2,232.88,31.53,5.56,7.14,53.24,0.01
beledweyne,2025051314,4.74,45.2,51.9,29.42,3.86,6.82,65.2,0.0
beledweyne,2025051315,4.74,45.2,0.0,27.39,3.38,7.26,75.31,0.0
beledweyne,2025051316,4.74,45.2,0.0,26.71,3.75,7.58,77.95,0.01
beledweyne,2025051317,4.74,45.2,0.0,26.05,3.94,7.52,81.09,0.0
beledweyne,2025051318,4.74,45.2,0.0,25.36,3.95,7.25,84.61,0.0
beledweyne,2025051319,4.74,45.2,0.0,24.73,3.88,6.86,87.91,0.01
beledweyne,2025051320,4.74,45.2,0.0,24.21,3.89,6.62,90.42,0.01
beledweyne,2025051321,4.74,45.2,0.0,23.73,3.85,6.46,92.55,0.01
beledweyne,2025051322,4.74,45.2,0.0,23.35,3.84,6.42,93.95,0.01
beledweyne,2025051323,4.74,45.2,0.0,23.0,3.8,6.42,95.12,0.01
beledweyne,2025051400,4.74,45.2,0.0,22.7,3.72,6.41,96.03,0.01
beledweyne,2025051401,4.74,45.2,0.0,22.44,3.61,6.35,96.57,0.01
beledweyne,2025051402,4.74,45.2,0.0,22.22,3.51,6.28,96.94,0.01
beledweyne,2025051403,4.74,45.2,103.55,22.94,4.36,5.89,93.18,0.0
beledweyne,2025051404,4.74,45.2,314.02,25.13,5.67,7.17,83.73,0.0
beledweyne,2025051405,4.74,45.2,552.58,27.86,7.21,8.83,71.34,0.0
beledweyne,2025051406,4.74,45.2,690.97,30.01,7.49,9.01,62.88,0.0
beledweyne,2025051407,4.74,45.2,692.38,31.61,7.44,8.86,57.49,0.0
beledweyne,2025051408,4.74,45.2,729.7,32.76,7.39,8.75,54.01,0.0
beledweyne,2025051409,4.74,45.2,777.55,33.4,7.26,8.56,52.29,0.0
beledweyne,2025051410,4.74,45.2,769.0,33.44,6.99,8.26,52.07,0.01
beledweyne,2025051411,4.74,45.2,660.95,32.89,6.65,7.94,53.35,0.01
beledweyne,2025051412,4.74,45.2,466.42,32.13,6.28,7.65,55.85,0.01
beledweyne,2025051413,4.74,45.2,250.82,31.01,5.54,7.19,60.31,0.01
beledweyne,2025051414,4.74,45.2,58.42,29.36,3.92,6.6,69.86,0.01
beledweyne,2025051415,4.74,45.2,0.0,27.61,3.2,6.77,78.63,0.01
beledweyne,2025051416,4.74,45.2,0.0,26.9,3.42,6.96,81.11,0.01
beledweyne,2025051417,4.74,45.2,0.0,26.31,3.64,7.0,83.04,0.0
beledweyne,2025051418,4.74,45.2,0.0,25.69,3.65,6.72,85.58,0.0
beledweyne,2025051419,4.74,45.2,0.0,25.12,3.64,6.5,88.0,0.0
beledweyne,2025051420,4.74,45.2,0.0,24.63,3.84,6.48,90.08,0.0
beledweyne,2025051421,4.74,45.2,0.0,24.26,4.19,6.66,91.94,0.0
beledweyne,2025051422,4.74,45.2,0.0,24.04,4.6,6.99,93.58,0.0
beledweyne,2025051423,4.74,45.2,0.0,23.86,4.81,7.2,94.47,0.0
beledweyne,2025051500,4.74,45.2,0.0,23.59,4.77,7.21,94.66,0.0
beledweyne,2025051501,4.74,45.2,0.0,23.17,4.62,7.09,94.65,0.0
beledweyne,2025051502,4.74,45.2,0.0,22.71,4.5,7.02,94.59,0.0
beledweyne,2025051503,4.74,45.2,109.8,23.05,5.1,6.79,91.5,0.0
beledweyne,2025051504,4.74,45.2,329.58,24.95,6.91,8.73,81.25,0.0
beledweyne,2025051505,4.74,45.2,561.8,27.38,7.73,9.45,69.81,0.0
beledweyne,2025051506,4.74,45.2,757.5,29.58,7.68,9.23,60.62,0.0
beledweyne,2025051507,4.74,45.2,892.5,31.33,7.4,8.79,54.36,0.0
beledweyne,2025051508,4.74,45.2,957.72,32.64,7.16,8.45,50.29,0.0
beledweyne,2025051509,4.74,45.2,885.65,33.45,6.94,8.15,48.22,0.0
beledweyne,2025051510,4.74,45.2,797.95,33.8,6.6,7.78,47.65,0.0
beledweyne,2025051511,4.74,45.2,648.33,33.61,6.19,7.35,48.23,0.0
beledweyne,2025051512,4.74,45.2,438.65,32.99,5.76,6.95,50.06,0.0
beledweyne,2025051513,4.74,45.2,241.38,31.88,5.11,6.56,54.25,0.0
beledweyne,2025051514,4.74,45.2,62.72,29.91,3.47,6.17,65.6,0.0
beledweyne,2025051515,4.74,45.2,0.0,28.13,3.14,6.72,74.41,0.0
beledweyne,2025051516,4.74,45.2,0.0,27.45,3.81,7.42,76.47,0.0
beledweyne,2025051517,4.74,45.2,0.0,26.81,4.61,7.91,79.1,0.0
beledweyne,2025051518,4.74,45.2,0.0,26.16,5.01,7.88,82.54,0.0
beledweyne,2025051519,4.74,45.2,0.0,25.52,5.02,7.58,86.44,0.0
beledweyne,2025051520,4.74,45.2,0.0,25.02,5.24,7.64,89.31,0.0
beledweyne,2025051521,4.74,45.2,0.0,24.54,5.38,7.68,91.44,0.0
beledweyne,2025051522,4.74,45.2,0.0,24.08,5.34,7.58,92.92,0.0
beledweyne,2025051523,4.74,45.2,0.0,23.68,5.15,7.38,93.69,0.0
beledweyne,2025051600,4.74,45.2,0.0,23.31,4.89,7.13,94.03,0.0
beledweyne,2025051601,4.74,45.2,0.0,22.93,4.56,6.85,94.33,0.0
beledweyne,2025051602,4.74,45.2,0.0,22.56,4.21,6.57,94.71,0.0
beledweyne,2025051603,4.74,45.2,111.53,22.96,4.68,6.23,91.73,0.0
beledweyne,2025051604,4.74,45.2,331.73,24.75,6.09,7.61,81.49,0.0
beledweyne,2025051605,4.74,45.2,555.92,27.08,6.83,8.33,67.31,0.0
beledweyne,2025051606,4.74,45.2,746.38,29.21,7.0,8.51,55.19,0.0
beledweyne,2025051607,4.74,45.2,882.8,30.94,7.05,8.53,47.75,0.0
beledweyne,2025051608,4.74,45.2,951.6,32.3,6.9,8.31,44.11,0.0
beledweyne,2025051609,4.74,45.2,942.95,33.29,6.65,7.92,42.2,0.0
beledweyne,2025051610,4.74,45.2,749.55,33.72,6.29,7.47,41.75,0.0
beledweyne,2025051611,4.74,45.2,647.7,33.72,5.87,7.0,42.22,0.0
beledweyne,2025051612,4.74,45.2,448.52,33.31,5.45,6.58,43.63,0.0
beledweyne,2025051613,4.74,45.2,222.0,32.2,4.76,6.2,48.24,0.0
beledweyne,2025051614,4.74,45.2,50.92,29.85,3.17,6.02,62.28,0.0
beledweyne,2025051615,4.74,45.2,0.0,27.62,2.97,6.56,71.67,0.0
beledweyne,2025051616,4.74,45.2,0.0,26.91,3.26,7.06,73.68,0.0
beledweyne,2025051617,4.74,45.2,0.0,26.3,3.54,7.31,75.83,0.0
beledweyne,2025051618,4.74,45.2,0.0,25.72,3.85,7.39,78.22,0.0
beledweyne,2025051619,4.74,45.2,0.0,25.16,4.08,7.22,80.96,0.0
beledweyne,2025051620,4.74,45.2,0.0,24.63,4.08,6.83,84.13,0.0
beledweyne,2025051621,4.74,45.2,0.0,24.19,4.01,6.5,87.44,0.0
beledweyne,2025051622,4.74,45.2,0.0,23.89,3.96,6.35,90.59,0.0
beledweyne,2025051623,4.74,45.2,0.0,23.69,3.86,6.28,93.43,0.0
beledweyne,2025051700,4.74,45.2,0.0,23.64,3.85,6.33,94.93,0.0
beledweyne,2025051701,4.74,45.2,0.0,23.6,3.9,6.38,95.67,0.0
beledweyne,2025051702,4.74,45.2,0.0,23.53,3.92,6.46,95.86,0.0
beledweyne,2025051703,4.74,45.2,108.18,24.16,4.79,6.47,92.24,0.0
beledweyne,2025051704,4.74,45.2,312.67,25.85,6.66,8.34,81.61,0.0
beledweyne,2025051705,4.74,45.2,524.75,27.92,7.17,8.68,70.32,0.0
beledweyne,2025051706,4.74,45.2,650.05,30.0,7.2,8.58,61.86,0.0
beledweyne,2025051707,4.74,45.2,639.5,31.72,7.02,8.28,55.85,0.0
beledweyne,2025051708,4.74,45.2,740.17,32.95,6.72,7.9,51.6,0.0
beledweyne,2025051709,4.74,45.2,743.53,33.74,6.35,7.43,48.88,0.01
beledweyne,2025051710,4.74,45.2,709.65,34.03,5.9,6.9,47.59,0.01
beledweyne,2025051711,4.74,45.2,585.05,33.91,5.45,6.4,47.33,0.01
beledweyne,2025051712,4.74,45.2,417.35,33.31,4.98,5.96,48.49,0.01
beledweyne,2025051713,4.74,45.2,215.95,32.24,4.36,5.61,52.22,0.01
beledweyne,2025051714,4.74,45.2,49.05,30.41,2.99,5.36,63.74,0.01
beledweyne,2025051715,4.74,45.2,0.0,28.46,2.66,5.84,73.36,0.01
beledweyne,2025051716,4.74,45.2,0.0,27.79,3.13,6.61,75.4,0.01
beledweyne,2025051717,4.74,45.2,0.0,27.19,3.75,7.1,77.65,0.01
beledweyne,2025051718,4.74,45.2,0.0,26.55,4.18,7.17,80.72,0.01
beledweyne,2025051719,4.74,45.2,0.0,25.95,4.42,7.05,83.82,0.01
beledweyne,2025051720,4.74,45.2,0.0,25.39,4.37,6.74,87.0,0.01
beledweyne,2025051721,4.74,45.2,0.0,24.94,4.42,6.67,89.54,0.0
beledweyne,2025051722,4.74,45.2,0.0,24.58,4.51,6.69,91.71,0.0
beledweyne,2025051723,4.74,45.2,0.0,24.33,4.5,6.7,93.13,0.0
beledweyne,2025051800,4.74,45.2,0.0,24.15,4.42,6.69,94.04,0.0
beledweyne,2025051801,4.74,45.2,0.0,23.99,4.22,6.55,94.67,0.0
beledweyne,2025051802,4.74,45.2,0.0,23.81,3.79,6.21,95.23,0.0
beledweyne,2025051803,4.74,45.2,100.82,24.35,4.2,5.7,92.1,0.0
beledweyne,2025051804,4.74,45.2,288.4,25.96,5.57,6.98,82.55,0.0
beledweyne,2025051805,4.74,45.2,495.75,28.0,6.04,7.29,71.52,0.0
beledweyne,2025051806,4.74,45.2,642.5,29.9,5.87,6.92,62.9,0.0
beledweyne,2025051807,4.74,45.2,809.6,31.59,5.52,6.45,56.32,0.0
beledweyne,2025051808,4.74,45.2,897.05,32.85,5.15,6.0,51.78,0.0
beledweyne,2025051809,4.74,45.2,872.1,33.65,4.74,5.5,48.78,0.0
beledweyne,2025051810,4.74,45.2,734.62,34.01,4.37,5.05,47.1,0.0
beledweyne,2025051811,4.74,45.2,633.12,33.96,4.11,4.76,46.83,0.0
beledweyne,2025051812,4.74,45.2,437.1,33.5,3.94,4.65,47.67,0.0
beledweyne,2025051813,4.74,45.2,217.5,32.51,3.59,4.53,50.99,0.0
beledweyne,2025051814,4.74,45.2,50.65,30.74,2.54,4.37,62.47,0.0
beledweyne,2025051815,4.74,45.2,0.0,28.72,2.24,4.66,72.96,0.0
beledweyne,2025051816,4.74,45.2,0.0,27.88,2.45,5.3,75.01,0.0
beledweyne,2025051817,4.74,45.2,0.0,27.2,2.76,5.99,76.94,0.0
beledweyne,2025051818,4.74,45.2,0.0,26.61,3.38,6.72,78.76,0.0
beledweyne,2025051819,4.74,45.2,0.0,26.01,4.16,7.24,81.31,0.0
beledweyne,2025051820,4.74,45.2,0.0,25.4,4.58,7.24,84.76,0.0
beledweyne,2025051821,4.74,45.2,0.0,24.82,4.68,7.09,88.64,0.0
beledweyne,2025051822,4.74,45.2,0.0,24.41,4.75,7.11,91.65,0.0
beledweyne,2025051823,4.74,45.2,0.0,24.18,4.69,6.99,93.56,0.0
beledweyne,2025051900,4.74,45.2,0.0,24.02,4.22,6.44,94.79,0.0
beledweyne,2025051901,4.74,45.2,0.0,23.93,3.9,6.21,95.29,0.0
beledweyne,2025051902,4.74,45.2,0.0,23.84,3.74,6.12,95.53,0.0
beledweyne,2025051903,4.74,45.2,101.32,24.51,4.77,6.45,91.76,0.0
beledweyne,2025051904,4.74,45.2,282.7,26.11,6.38,7.92,83.06,0.0
beledweyne,2025051905,4.74,45.2,415.98,28.0,6.56,7.86,73.67,0.01
beledweyne,2025051906,4.74,45.2,627.4,29.75,6.21,7.34,65.77,0.01
beledweyne,2025051907,4.74,45.2,809.0,31.04,5.8,6.82,60.41,0.01
beledweyne,2025051908,4.74,45.2,904.95,31.92,5.53,6.51,56.83,0.01
beledweyne,2025051909,4.74,45.2,874.85,32.43,5.26,6.2,54.48,0.01
beledweyne,2025051910,4.74,45.2,788.88,32.88,5.0,5.86,52.49,0.01
beledweyne,2025051911,4.74,45.2,619.65,32.99,4.81,5.65,51.68,0.01
beledweyne,2025051912,4.74,45.2,412.58,32.53,4.61,5.5,52.81,0.01
beledweyne,2025051913,4.74,45.2,212.95,31.71,4.39,5.5,55.87,0.01
beledweyne,2025051914,4.74,45.2,50.45,30.1,3.19,5.41,65.3,0.01
beledweyne,2025051915,4.74,45.2,0.0,28.19,2.76,5.99,74.68,0.01
beledweyne,2025051916,4.74,45.2,0.0,27.53,3.38,6.72,76.69,0.01
beledweyne,2025051917,4.74,45.2,0.0,27.04,4.13,7.06,78.72,0.01
beledweyne,2025051918,4.74,45.2,0.0,26.43,4.54,7.05,81.89,0.01
beledweyne,2025051919,4.74,45.2,0.0,25.83,4.55,6.76,85.45,0.01
beledweyne,2025051920,4.74,45.2,0.0,25.31,4.5,6.47,88.58,0.01
beledweyne,2025051921,4.74,45.2,0.0,24.9,4.51,6.37,90.9,0.01
beledweyne,2025051922,4.74,45.2,0.0,24.58,4.57,6.42,92.5,0.0
beledweyne,2025051923,4.74,45.2,0.0,24.39,4.79,6.76,92.98,0.0
beledweyne,2025052000,4.74,45.2,0.0,24.29,5.03,7.1,92.69,0.0
beledweyne,2025052001,4.74,45.2,0.0,24.17,4.9,7.04,92.5,0.0
beledweyne,2025052002,4.74,45.2,0.0,24.05,4.73,6.91,92.31,0.0
beledweyne,2025052003,4.74,45.2,88.35,24.38,4.99,6.63,90.07,0.0
beledweyne,2025052004,4.74,45.2,212.43,25.78,6.26,7.86,81.91,0.0
beledweyne,2025052005,4.74,45.2,338.5,27.77,6.88,8.36,71.25,0.0
beledweyne,2025052006,4.74,45.2,604.4,29.68,6.83,8.15,62.7,0.0
beledweyne,2025052007,4.74,45.2,700.7,31.3,6.48,7.63,56.88,0.0
beledweyne,2025052008,4.74,45.2,891.97,32.51,6.22,7.3,53.08,0.0
beledweyne,2025052009,4.74,45.2,819.0,33.19,6.1,7.14,51.28,0.0
beledweyne,2025052010,4.74,45.2,737.75,33.3,5.96,7.0,50.98,0.0
beledweyne,2025052011,4.74,45.2,608.55,33.06,5.76,6.81,51.63,0.0
beledweyne,2025052012,4.74,45.2,392.77,32.55,5.5,6.6,53.22,0.0
beledweyne,2025052013,4.74,45.2,202.8,31.48,4.92,6.29,57.15,0.0
beledweyne,2025052014,4.74,45.2,49.12,29.91,3.54,5.9,65.71,0.0
beledweyne,2025052015,4.74,45.2,0.0,28.36,3.06,6.3,73.42,0.0
beledweyne,2025052016,4.74,45.2,0.0,27.74,3.6,6.75,75.55,0.0
beledweyne,2025052017,4.74,45.2,0.0,27.08,3.92,6.8,78.48,0.0
beledweyne,2025052018,4.74,45.2,0.0,26.44,4.16,6.78,81.61,0.0
beledweyne,2025052019,4.74,45.2,0.0,25.84,4.39,6.75,84.51,0.0
beledweyne,2025052020,4.74,45.2,0.0,25.33,4.62,6.8,86.89,0.0
beledweyne,2025052021,4.74,45.2,0.0,24.82,4.68,6.74,89.49,0.0
beledweyne,2025052022,4.74,45.2,0.0,24.42,4.64,6.69,91.41,0.0
beledweyne,2025052023,4.74,45.2,0.0,24.14,4.56,6.78,92.49,0.0
beledweyne,2025052100,4.74,45.2,0.0,23.98,4.82,7.22,92.73,0.0
beledweyne,2025052101,4.74,45.2,0.0,23.83,4.86,7.26,92.83,0.0
beledweyne,2025052102,4.74,45.2,0.0,23.6,4.62,7.02,93.27,0.0
beledweyne,2025052103,4.74,45.2,102.0,24.21,5.21,6.9,89.54,0.0
beledweyne,2025052104,4.74,45.2,295.23,26.23,6.38,7.86,77.97,0.0
beledweyne,2025052105,4.74,45.2,516.05,28.75,6.84,8.25,63.95,0.0
beledweyne,2025052106,4.74,45.2,702.7,31.08,6.85,8.17,52.87,0.0
beledweyne,2025052107,4.74,45.2,866.47,33.01,6.64,7.87,46.03,0.01
beledweyne,2025052108,4.74,45.2,882.62,34.43,6.38,7.53,42.26,0.01
beledweyne,2025052109,4.74,45.2,741.5,35.31,6.06,7.14,40.45,0.01
beledweyne,2025052110,4.74,45.2,736.0,35.62,5.66,6.66,40.12,0.01
beledweyne,2025052111,4.74,45.2,493.73,35.48,5.33,6.29,40.78,0.01
beledweyne,2025052112,4.74,45.2,345.52,34.62,5.0,6.03,43.23,0.01
beledweyne,2025052113,4.74,45.2,178.07,33.33,4.53,5.94,48.33,0.01
beledweyne,2025052114,4.74,45.2,44.22,31.32,3.47,6.05,59.38,0.01
beledweyne,2025052115,4.74,45.2,0.0,29.6,3.54,6.87,66.91,0.0
beledweyne,2025052116,4.74,45.2,0.0,28.79,4.49,7.62,70.17,0.0
beledweyne,2025052117,4.74,45.2,0.0,27.96,5.03,7.81,74.59,0.0
beledweyne,2025052118,4.74,45.2,0.0,27.26,5.03,7.47,78.87,0.0
beledweyne,2025052119,4.74,45.2,0.0,26.71,4.84,7.0,82.42,0.0
beledweyne,2025052120,4.74,45.2,0.0,26.29,4.73,6.76,85.12,0.0
beledweyne,2025052121,4.74,45.2,0.0,25.95,4.78,6.77,87.17,0.0
beledweyne,2025052122,4.74,45.2,0.0,25.62,4.84,6.78,88.99,0.0
beledweyne,2025052123,4.74,45.2,0.0,25.31,4.87,6.84,90.53,0.0
beledweyne,2025052200,4.74,45.2,0.0,25.05,4.86,6.88,91.54,0.01
beledweyne,2025052201,4.74,45.2,0.0,24.9,4.78,6.79,91.92,0.01
beledweyne,2025052202,4.74,45.2,0.0,24.81,4.65,6.62,91.99,0.01
beledweyne,2025052203,4.74,45.2,98.97,25.04,4.77,6.31,90.55,0.0
beledweyne,2025052204,4.74,45.2,288.08,25.95,6.26,8.08,84.91,0.0
beledweyne,2025052205,4.74,45.2,523.85,27.4,7.51,9.36,75.58,0.0
beledweyne,2025052206,4.74,45.2,737.92,29.28,8.19,10.03,64.6,0.0
beledweyne,2025052207,4.74,45.2,869.53,31.18,8.46,10.22,55.56,0.0
beledweyne,2025052208,4.74,45.2,915.1,32.69,8.31,9.97,49.6,0.0
beledweyne,2025052209,4.74,45.2,815.97,33.69,7.95,9.5,46.24,0.0
beledweyne,2025052210,4.74,45.2,683.5,34.27,7.54,8.99,44.79,0.01
beledweyne,2025052211,4.74,45.2,604.47,34.21,7.09,8.5,45.07,0.02
beledweyne,2025052212,4.74,45.2,444.42,33.59,6.6,8.01,46.83,0.04
beledweyne,2025052213,4.74,45.2,235.8,32.42,5.9,7.5,51.05,0.06
beledweyne,2025052214,4.74,45.2,59.6,30.46,4.44,7.0,60.56,0.09
beledweyne,2025052215,4.74,45.2,0.0,28.6,3.73,6.98,69.98,0.1
beledweyne,2025052216,4.74,45.2,0.0,27.8,3.96,6.9,74.31,0.08
beledweyne,2025052217,4.74,45.2,0.0,27.03,4.57,7.29,78.38,0.05
beledweyne,2025052218,4.74,45.2,0.0,26.34,5.54,7.98,82.13,0.02
beledweyne,2025052219,4.74,45.2,0.0,25.71,5.97,8.19,85.87,0.01
beledweyne,2025052220,4.74,45.2,0.0,25.19,5.74,7.86,88.76,0.0
beledweyne,2025052221,4.74,45.2,0.0,24.75,5.26,7.36,90.87,0.0
beledweyne,2025052222,4.74,45.2,0.0,24.46,4.95,7.06,91.87,0.0
beledweyne,2025052223,4.74,45.2,0.0,24.27,4.82,7.0,92.34,0.0
beledweyne,2025052300,4.74,45.2,0.0,24.11,4.74,7.04,92.72,0.0
beledweyne,2025052301,4.74,45.2,0.0,24.03,4.71,7.07,92.89,0.0
beledweyne,2025052302,4.74,45.2,0.0,24.01,4.76,7.24,92.69,0.0
beledweyne,2025052303,4.74,45.2,69.47,24.47,5.51,7.63,89.43,0.01
beledweyne,2025052304,4.74,45.2,212.62,25.31,6.21,8.13,84.45,0.01
beledweyne,2025052305,4.74,45.2,381.98,26.23,7.19,9.14,78.32,0.01
beledweyne,2025052306,4.74,45.2,603.28,27.12,7.96,9.96,71.82,0.02
beledweyne,2025052307,4.74,45.2,683.65,28.21,8.53,10.58,64.41,0.02
beledweyne,2025052308,4.74,45.2,715.67,29.36,8.73,10.75,57.4,0.02
beledweyne,2025052309,4.74,45.2,723.03,30.13,8.44,10.42,52.78,0.04
beledweyne,2025052310,4.74,45.2,684.25,30.63,8.08,10.01,50.06,0.07
beledweyne,2025052311,4.74,45.2,492.23,30.83,7.69,9.57,49.29,0.11
beledweyne,2025052312,4.74,45.2,366.38,30.5,7.14,9.1,50.91,0.15
beledweyne,2025052313,4.74,45.2,186.88,29.8,6.2,8.41,54.79,0.16
beledweyne,2025052314,4.74,45.2,46.85,28.35,4.55,7.68,63.43,0.15
beledweyne,2025052315,4.74,45.2,0.0,26.72,3.78,7.66,71.91,0.12
beledweyne,2025052316,4.74,45.2,0.0,26.08,4.04,7.72,75.32,0.08
beledweyne,2025052317,4.74,45.2,0.0,25.55,4.38,7.7,78.52,0.05
beledweyne,2025052318,4.74,45.2,0.0,25.04,4.75,7.69,81.66,0.03
beledweyne,2025052319,4.74,45.2,0.0,24.56,4.97,7.53,84.8,0.03
beledweyne,2025052320,4.74,45.2,0.0,24.15,5.28,7.65,87.41,0.02
beledweyne,2025052321,4.74,45.2,0.0,23.77,5.54,7.88,89.52,0.02
beledweyne,2025052322,4.74,45.2,0.0,23.45,5.61,7.95,91.15,0.02
beledweyne,2025052323,4.74,45.2,0.0,23.22,5.5,7.84,92.3,0.02
beledweyne,2025052400,4.74,45.2,0.0,23.07,5.32,7.68,93.11,0.01
beledweyne,2025052401,4.74,45.2,0.0,23.01,5.21,7.58,93.27,0.01
beledweyne,2025052402,4.74,45.2,0.0,22.93,5.08,7.42,93.49,0.01
beledweyne,2025052403,4.74,45.2,89.6,23.42,5.42,7.15,91.23,0.0
beledweyne,2025052404,4.74,45.2,277.15,25.09,8.18,10.8,82.2,0.0
beledweyne,2025052405,4.74,45.2,511.05,27.16,9.71,12.13,69.88,0.0
beledweyne,2025052406,4.74,45.2,706.67,29.16,9.67,11.8,59.1,0.0
beledweyne,2025052407,4.74,45.2,845.2,31.01,9.17,11.04,50.28,0.0
beledweyne,2025052408,4.74,45.2,913.95,32.47,8.85,10.59,44.39,0.0
beledweyne,2025052409,4.74,45.2,922.92,33.52,8.68,10.38,41.15,0.0
beledweyne,2025052410,4.74,45.2,785.28,34.05,8.47,10.16,40.09,0.0
beledweyne,2025052411,4.74,45.2,657.67,34.08,8.27,9.98,40.34,0.0
beledweyne,2025052412,4.74,45.2,374.5,33.41,8.0,9.82,42.25,0.0
beledweyne,2025052413,4.74,45.2,201.27,32.14,7.44,9.6,46.21,0.0
beledweyne,2025052414,4.74,45.2,54.58,30.26,6.15,9.1,53.41,0.0
beledweyne,2025052415,4.74,45.2,0.0,28.34,5.19,8.66,61.6,0.0
beledweyne,2025052416,4.74,45.2,0.0,27.3,5.38,8.52,66.52,0.0
beledweyne,2025052417,4.74,45.2,0.0,26.4,5.49,8.28,71.54,0.0
beledweyne,2025052418,4.74,45.2,0.0,25.68,5.58,8.16,76.34,0.0
beledweyne,2025052419,4.74,45.2,0.0,25.11,5.7,8.12,80.49,0.0
beledweyne,2025052420,4.74,45.2,0.0,24.63,5.79,8.08,83.82,0.0
beledweyne,2025052421,4.74,45.2,0.0,24.18,5.85,8.09,86.22,0.0
beledweyne,2025052422,4.74,45.2,0.0,23.75,5.72,7.97,87.81,0.0
beledweyne,2025052423,4.74,45.2,0.0,23.36,5.36,7.63,89.11,0.0
beledweyne,2025052500,4.74,45.2,0.0,23.03,4.9,7.18,90.54,0.0
beledweyne,2025052501,4.74,45.2,0.0,22.77,4.37,6.73,91.96,0.0
beledweyne,2025052502,4.74,45.2,0.0,22.53,3.84,6.36,93.32,0.0
beledweyne,2025052503,4.74,45.2,92.3,23.25,4.52,6.23,89.71,0.0
beledweyne,2025052504,4.74,45.2,301.33,25.36,7.64,9.91,78.45,0.0
beledweyne,2025052505,4.74,45.2,509.27,27.64,9.04,11.23,66.73,0.0
beledweyne,2025052506,4.74,45.2,689.08,29.75,9.35,11.45,57.53,0.0
beledweyne,2025052507,4.74,45.2,684.58,31.56,9.24,11.16,51.05,0.0
beledweyne,2025052508,4.74,45.2,684.35,33.01,8.98,10.79,46.66,0.0
beledweyne,2025052509,4.74,45.2,560.33,34.01,8.7,10.41,44.02,0.0
beledweyne,2025052510,4.74,45.2,489.0,34.5,8.4,10.05,42.93,0.0
beledweyne,2025052511,4.74,45.2,416.05,34.45,8.09,9.75,43.11,0.0
beledweyne,2025052512,4.74,45.2,273.17,33.83,7.75,9.5,44.46,0.0
beledweyne,2025052513,4.74,45.2,131.68,32.61,7.31,9.39,48.24,0.0
beledweyne,2025052514,4.74,45.2,34.2,30.77,6.4,9.27,55.34,0.0
beledweyne,2025052515,4.74,45.2,0.0,28.86,5.93,9.22,63.32,0.0
beledweyne,2025052516,4.74,45.2,0.0,27.75,6.14,9.08,68.64,0.0
beledweyne,2025052517,4.74,45.2,0.0,26.72,5.73,8.25,74.07,0.0
beledweyne,2025052518,4.74,45.2,0.0,25.91,5.36,7.71,78.53,0.0
beledweyne,2025052519,4.74,45.2,0.0,25.29,5.13,7.33,82.07,0.0
beledweyne,2025052520,4.74,45.2,0.0,24.75,4.99,7.09,85.23,0.0
beledweyne,2025052521,4.74,45.2,0.0,24.23,4.94,6.99,88.29,0.0
beledweyne,2025052522,4.74,45.2,0.0,23.78,4.86,6.92,90.73,0.0
beledweyne,2025052523,4.74,45.2,0.0,23.39,4.84,6.94,92.34,0.0
beledweyne,2025052600,4.74,45.2,0.0,23.07,4.63,6.78,93.23,0.01
beledweyne,2025052601,4.74,45.2,0.0,22.76,4.38,6.65,93.88,0.01
beledweyne,2025052602,4.74,45.2,0.0,22.52,4.24,6.53,94.18,0.01
beledweyne,2025052603,4.74,45.2,86.62,23.1,4.84,6.34,90.54,0.01
beledweyne,2025052604,4.74,45.2,279.65,25.06,6.91,8.75,79.47,0.0
beledweyne,2025052605,4.74,45.2,465.6,27.49,7.93,9.7,65.84,0.0
beledweyne,2025052606,4.74,45.2,628.58,29.77,8.08,9.74,55.49,0.0
beledweyne,2025052607,4.74,45.2,709.4,31.73,7.9,9.44,49.13,0.0
beledweyne,2025052608,4.74,45.2,751.6,33.26,7.66,9.11,45.4,0.0
beledweyne,2025052609,4.74,45.2,730.03,34.35,7.55,8.96,42.96,0.01
beledweyne,2025052610,4.74,45.2,664.78,34.87,7.54,8.94,41.83,0.02
beledweyne,2025052611,4.74,45.2,612.9,34.85,7.47,8.9,41.89,0.04
beledweyne,2025052612,4.74,45.2,391.62,34.14,7.25,8.8,43.59,0.04
beledweyne,2025052613,4.74,45.2,229.43,33.01,6.83,8.63,46.8,0.02
beledweyne,2025052614,4.74,45.2,54.3,31.11,5.49,8.27,54.24,0.01
beledweyne,2025052615,4.74,45.2,0.0,29.12,5.0,8.6,62.9,0.02
beledweyne,2025052616,4.74,45.2,0.0,28.13,5.87,9.0,68.26,0.02
beledweyne,2025052617,4.74,45.2,0.0,27.14,6.18,8.77,74.11,0.02
beledweyne,2025052618,4.74,45.2,0.0,26.23,5.87,8.16,79.68,0.02
beledweyne,2025052619,4.74,45.2,0.0,25.55,5.62,7.62,83.57,0.02
beledweyne,2025052620,4.74,45.2,0.0,25.06,5.26,7.09,86.31,0.02
beledweyne,2025052621,4.74,45.2,0.0,24.69,5.14,6.89,88.1,0.02
beledweyne,2025052622,4.74,45.2,0.0,24.4,5.14,6.94,89.25,0.01
beledweyne,2025052623,4.74,45.2,0.0,24.15,5.12,6.88,90.09,0.02
beledweyne,2025052700,4.74,45.2,0.0,23.94,5.06,6.87,90.58,0.02
beledweyne,2025052701,4.74,45.2,0.0,23.71,4.93,6.85,91.14,0.01
beledweyne,2025052702,4.74,45.2,0.0,23.45,4.73,6.75,91.83,0.01
beledweyne,2025052703,4.74,45.2,80.85,23.82,5.12,6.72,89.54,0.01
beledweyne,2025052704,4.74,45.2,267.92,25.56,6.95,8.76,79.28,0.0
beledweyne,2025052705,4.74,45.2,448.9,27.77,7.82,9.51,66.72,0.0
beledweyne,2025052706,4.74,45.2,653.42,29.87,7.84,9.39,57.38,0.0
beledweyne,2025052707,4.74,45.2,805.15,31.71,7.74,9.22,50.97,0.0
beledweyne,2025052708,4.74,45.2,857.67,33.18,7.7,9.14,46.72,0.0
beledweyne,2025052709,4.74,45.2,828.08,34.21,7.73,9.15,44.2,0.02
beledweyne,2025052710,4.74,45.2,666.08,34.7,7.7,9.14,43.19,0.06
beledweyne,2025052711,4.74,45.2,572.45,34.61,7.63,9.1,43.63,0.1
beledweyne,2025052712,4.74,45.2,393.12,33.7,7.51,9.15,46.12,0.12
beledweyne,2025052713,4.74,45.2,199.5,32.44,7.31,9.28,50.39,0.09
beledweyne,2025052714,4.74,45.2,41.35,30.62,6.64,9.34,57.73,0.06
beledweyne,2025052715,4.74,45.2,0.0,28.74,6.55,9.67,65.95,0.07
beledweyne,2025052716,4.74,45.2,0.0,27.48,7.04,9.9,72.35,0.11
beledweyne,2025052717,4.74,45.2,0.0,26.44,7.2,9.88,77.64,0.09
beledweyne,2025052718,4.74,45.2,0.0,25.66,6.83,9.29,81.59,0.03
beledweyne,2025052719,4.74,45.2,0.0,25.1,6.5,8.87,84.4,0.01
beledweyne,2025052720,4.74,45.2,0.0,24.66,6.25,8.57,86.42,0.0
beledweyne,2025052721,4.74,45.2,0.0,24.28,6.01,8.34,87.86,0.01
beledweyne,2025052722,4.74,45.2,0.0,23.93,5.78,8.17,88.83,0.01
beledweyne,2025052723,4.74,45.2,0.0,23.62,5.47,7.89,89.47,0.01
beledweyne,2025052800,4.74,45.2,0.0,23.38,5.31,7.77,89.92,0.01
beledweyne,2025052801,4.74,45.2,0.0,23.18,5.05,7.6,90.51,0.01
beledweyne,2025052802,4.74,45.2,0.0,23.0,4.82,7.44,91.23,0.01
beledweyne,2025052803,4.74,45.2,66.28,23.57,5.46,7.36,88.31,0.01
beledweyne,2025052804,4.74,45.2,218.05,25.34,7.17,9.18,78.68,0.02
beledweyne,2025052805,4.74,45.2,373.17,27.55,8.11,10.03,66.72,0.02
beledweyne,2025052806,4.74,45.2,468.15,29.64,8.31,10.06,57.69,0.02
beledweyne,2025052807,4.74,45.2,610.38,31.4,8.28,9.9,52.03,0.03
beledweyne,2025052808,4.74,45.2,648.95,32.88,8.18,9.72,47.59,0.05
beledweyne,2025052809,4.74,45.2,650.3,33.97,8.03,9.51,44.35,0.06
beledweyne,2025052810,4.74,45.2,667.38,34.54,7.82,9.26,42.61,0.07
beledweyne,2025052811,4.74,45.2,587.25,34.42,7.67,9.15,42.64,0.1
beledweyne,2025052812,4.74,45.2,426.15,33.83,7.5,9.09,43.86,0.11
beledweyne,2025052813,4.74,45.2,233.23,32.61,7.04,8.94,47.32,0.11
beledweyne,2025052814,4.74,45.2,54.7,30.74,5.83,8.63,54.77,0.09
beledweyne,2025052815,4.74,45.2,0.0,28.71,5.38,8.9,63.52,0.11
beledweyne,2025052816,4.74,45.2,0.0,27.6,5.92,9.04,68.95,0.1
beledweyne,2025052817,4.74,45.2,0.0,26.6,5.96,8.72,74.47,0.06
beledweyne,2025052818,4.74,45.2,0.0,25.88,5.72,8.15,78.41,0.02
beledweyne,2025052819,4.74,45.2,0.0,25.23,5.31,7.56,81.99,0.0
beledweyne,2025052820,4.74,45.2,0.0,24.72,5.3,7.5,84.64,0.0
beledweyne,2025052821,4.74,45.2,0.0,24.24,5.4,7.55,87.06,0.0
beledweyne,2025052822,4.74,45.2,0.0,23.75,5.42,7.54,89.24,0.0
beledweyne,2025052823,4.74,45.2,0.0,23.29,5.41,7.57,90.87,0.01
beledweyne,2025052900,4.74,45.2,0.0,22.89,5.46,7.7,91.73,0.01
beledweyne,2025052901,4.74,45.2,0.0,22.51,5.4,7.7,92.14,0.01
beledweyne,2025052902,4.74,45.2,0.0,22.18,5.11,7.48,92.55,0.01
beledweyne,2025052903,4.74,45.2,95.45,22.73,5.48,7.28,89.22,0.0
beledweyne,2025052904,4.74,45.2,295.95,24.91,7.99,10.28,78.01,0.0
beledweyne,2025052905,4.74,45.2,526.12,27.41,9.0,11.14,65.25,0.0
beledweyne,2025052906,4.74,45.2,717.67,29.56,8.96,10.93,55.72,0.0
beledweyne,2025052907,4.74,45.2,839.8,31.25,8.67,10.47,49.54,0.0
beledweyne,2025052908,4.74,45.2,831.65,32.54,8.38,10.07,45.47,0.0
beledweyne,2025052909,4.74,45.2,747.67,33.52,8.14,9.74,42.66,0.0
beledweyne,2025052910,4.74,45.2,594.38,34.16,7.97,9.51,40.98,0.0
beledweyne,2025052911,4.74,45.2,530.65,34.21,7.81,9.36,40.77,0.0
beledweyne,2025052912,4.74,45.2,352.1,33.68,7.68,9.34,41.82,0.0
beledweyne,2025052913,4.74,45.2,215.98,32.5,7.3,9.28,44.84,0.0
beledweyne,2025052914,4.74,45.2,57.15,30.77,6.26,9.11,50.91,0.0
beledweyne,2025052915,4.74,45.2,0.0,28.92,5.54,9.07,57.86,0.0
beledweyne,2025052916,4.74,45.2,0.0,27.81,5.37,8.61,62.55,0.0
beledweyne,2025052917,4.74,45.2,0.0,26.9,5.61,8.6,66.25,0.0
beledweyne,2025052918,4.74,45.2,0.0,25.99,5.74,8.44,70.27,0.0
beledweyne,2025052919,4.74,45.2,0.0,25.15,5.98,8.61,74.31,0.0
beledweyne,2025052920,4.74,45.2,0.0,24.42,6.3,8.83,78.24,0.0
beledweyne,2025052921,4.74,45.2,0.0,23.72,6.2,8.65,82.23,0.0
beledweyne,2025052922,4.74,45.2,0.0,23.05,5.87,8.25,85.87,0.0
beledweyne,2025052923,4.74,45.2,0.0,22.45,5.63,8.02,88.77,0.0
beledweyne,2025053000,4.74,45.2,0.0,21.98,5.53,7.96,90.89,0.0
beledweyne,2025053001,4.74,45.2,0.0,21.64,5.42,7.96,92.29,0.0
beledweyne,2025053002,4.74,45.2,0.0,21.44,5.28,7.94,93.1,0.0
beledweyne,2025053003,4.74,45.2,92.65,22.14,5.76,7.64,89.47,0.0
beledweyne,2025053004,4.74,45.2,287.62,24.49,7.72,9.83,76.82,0.0
beledweyne,2025053005,4.74,45.2,513.58,27.09,8.43,10.35,62.81,0.0
beledweyne,2025053006,4.74,45.2,708.67,29.22,8.3,10.06,54.26,0.0
beledweyne,2025053007,4.74,45.2,834.17,30.93,8.1,9.71,49.02,0.0
beledweyne,2025053008,4.74,45.2,902.55,32.34,7.98,9.53,44.86,0.0
beledweyne,2025053009,4.74,45.2,834.83,33.52,7.93,9.44,41.55,0.01
beledweyne,2025053010,4.74,45.2,851.3,34.34,7.83,9.32,39.56,0.01
beledweyne,2025053011,4.74,45.2,668.7,34.64,7.63,9.13,38.64,0.01
beledweyne,2025053012,4.74,45.2,482.67,34.24,7.33,8.89,39.43,0.01
beledweyne,2025053013,4.74,45.2,263.4,33.26,6.84,8.67,42.2,0.01
beledweyne,2025053014,4.74,45.2,65.57,31.29,5.47,8.36,49.92,0.01
beledweyne,2025053015,4.74,45.2,0.0,29.26,5.17,8.78,58.36,0.01
beledweyne,2025053016,4.74,45.2,0.0,28.21,5.77,8.87,63.78,0.01
beledweyne,2025053017,4.74,45.2,0.0,27.1,5.93,8.61,70.44,0.01
beledweyne,2025053018,4.74,45.2,0.0,26.13,5.69,8.09,76.86,0.0
beledweyne,2025053019,4.74,45.2,0.0,25.42,5.56,7.83,81.61,0.0
beledweyne,2025053020,4.74,45.2,0.0,24.84,5.58,7.79,85.14,0.0
beledweyne,2025053021,4.74,45.2,0.0,24.31,5.67,7.86,87.89,0.0
beledweyne,2025053022,4.74,45.2,0.0,23.81,5.72,7.92,89.94,0.0
beledweyne,2025053023,4.74,45.2,0.0,23.37,5.6,7.84,91.15,0.0
beledweyne,2025053100,4.74,45.2,0.0,23.0,5.32,7.61,91.84,0.0
beledweyne,2025053101,4.74,45.2,0.0,22.7,5.02,7.33,92.15,0.0
beledweyne,2025053102,4.74,45.2,0.0,22.51,4.7,7.04,92.3,0.0
beledweyne,2025053103,4.74,45.2,86.68,23.25,5.41,7.24,88.3,0.0
beledweyne,2025053104,4.74,45.2,265.4,25.48,8.26,10.48,76.56,0.0
beledweyne,2025053105,4.74,45.2,428.08,27.84,9.08,11.1,64.56,0.0
beledweyne,2025053106,4.74,45.2,525.9,29.93,9.15,11.02,55.33,0.0
beledweyne,2025053107,4.74,45.2,521.97,31.7,9.16,10.96,48.17,0.0
beledweyne,2025053108,4.74,45.2,718.4,33.14,9.14,10.89,42.72,0.01
beledweyne,2025053109,4.74,45.2,692.67,34.2,8.93,10.63,39.09,0.01
beledweyne,2025053110,4.74,45.2,615.67,34.81,8.6,10.24,37.28,0.01
beledweyne,2025053111,4.74,45.2,467.9,34.89,8.24,9.85,37.14,0.01
beledweyne,2025053112,4.74,45.2,297.67,34.38,7.83,9.46,38.73,0.01
beledweyne,2025053113,4.74,45.2,176.82,33.17,7.29,9.11,42.36,0.0
beledweyne,2025053114,4.74,45.2,47.33,31.32,5.92,8.58,49.39,0.0
beledweyne,2025053115,4.74,45.2,0.0,29.42,5.28,8.68,57.18,0.0
beledweyne,2025053116,4.74,45.2,0.0,28.4,5.55,8.53,62.07,0.0
beledweyne,2025053117,4.74,45.2,0.0,27.49,5.61,8.31,67.04,0.0
beledweyne,2025053118,4.74,45.2,0.0,26.65,5.47,7.88,71.89,0.0
beledweyne,2025053119,4.74,45.2,0.0,25.95,5.44,7.65,76.01,0.0
beledweyne,2025053120,4.74,45.2,0.0,25.37,5.4,7.47,79.49,0.0
beledweyne,2025053121,4.74,45.2,0.0,24.87,5.44,7.42,82.4,0.0
beledweyne,2025053122,4.74,45.2,0.0,24.42,5.6,7.53,84.87,0.0
beledweyne,2025053123,4.74,45.2,0.0,23.98,5.57,7.54,87.01,0.0
beledweyne,2025060100,4.74,45.2,0.0,23.53,5.28,7.36,88.87,0.0
beledweyne,2025060101,4.74,45.2,0.0,23.14,4.93,7.1,90.41,0.0
beledweyne,2025060102,4.74,45.2,0.0,22.78,4.56,6.8,91.94,0.0
beledweyne,2025060103,4.74,45.2,85.88,23.37,5.29,7.05,88.53,0.0
beledweyne,2025060104,4.74,45.2,280.98,25.53,7.64,9.62,76.42,0.0
beledweyne,2025060105,4.74,45.2,507.62,27.9,8.24,10.01,63.69,0.0
beledweyne,2025060106,4.74,45.2,703.8,30.19,8.26,9.88,53.84,0.0
beledweyne,2025060107,4.74,45.2,831.2,32.13,8.2,9.74,47.5,0.0
beledweyne,2025060108,4.74,45.2,883.1,33.65,8.14,9.64,43.27,0.0
beledweyne,2025060109,4.74,45.2,845.3,34.74,8.03,9.49,40.34,0.0
beledweyne,2025060110,4.74,45.2,736.2,35.25,7.79,9.25,38.67,0.0
beledweyne,2025060111,4.74,45.2,580.6,35.14,7.45,8.9,38.19,0.0
beledweyne,2025060112,4.74,45.2,378.05,34.58,7.06,8.55,38.45,0.0
beledweyne,2025060113,4.74,45.2,199.52,33.51,6.46,8.23,40.55,0.0
beledweyne,2025060114,4.74,45.2,52.65,31.62,5.2,8.01,46.52,0.0
beledweyne,2025060115,4.74,45.2,0.0,29.33,5.0,8.76,53.29,0.0
beledweyne,2025060116,4.74,45.2,0.0,28.18,6.08,9.52,56.08,0.0
beledweyne,2025060117,4.74,45.2,0.0,26.99,6.57,9.49,60.57,0.0
beledweyne,2025060118,4.74,45.2,0.0,25.96,6.59,9.28,66.1,0.0
beledweyne,2025060119,4.74,45.2,0.0,25.14,6.38,8.69,71.97,0.0
beledweyne,2025060120,4.74,45.2,0.0,24.48,6.04,8.22,77.37,0.0
beledweyne,2025060121,4.74,45.2,0.0,23.94,6.16,8.24,81.89,0.0
beledweyne,2025060122,4.74,45.2,0.0,23.48,6.29,8.33,85.78,0.0
beledweyne,2025060123,4.74,45.2,0.0,23.12,6.16,8.16,88.79,0.0
beledweyne,2025060200,4.74,45.2,0.0,22.93,6.31,8.65,89.67,0.0
beledweyne,2025060201,4.74,45.2,0.0,22.71,6.17,8.57,89.58,0.0
beledweyne,2025060202,4.74,45.2,0.0,22.42,5.58,8.02,90.26,0.0
beledweyne,2025060203,4.74,45.2,82.1,22.99,6.08,8.06,86.75,0.0
beledweyne,2025060204,4.74,45.2,245.4,25.05,7.99,9.99,74.9,0.0
beledweyne,2025060205,4.74,45.2,432.38,27.39,8.39,10.19,61.14,0.0
beledweyne,2025060206,4.74,45.2,669.92,29.71,8.29,9.9,48.97,0.0
beledweyne,2025060207,4.74,45.2,807.62,31.71,8.2,9.73,40.8,0.0
beledweyne,2025060208,4.74,45.2,814.67,33.24,8.12,9.6,36.32,0.0
beledweyne,2025060209,4.74,45.2,749.1,34.42,7.79,9.17,34.3,0.0
beledweyne,2025060210,4.74,45.2,605.38,35.16,7.21,8.44,33.7,0.0
beledweyne,2025060211,4.74,45.2,466.02,35.26,6.7,7.84,34.14,0.0
beledweyne,2025060212,4.74,45.2,333.75,34.55,6.2,7.38,35.86,0.0
beledweyne,2025060213,4.74,45.2,178.32,33.3,5.41,6.89,39.27,0.0
beledweyne,2025060214,4.74,45.2,47.1,31.35,3.93,6.66,47.13,0.0
beledweyne,2025060215,4.74,45.2,0.0,29.39,3.77,7.46,53.53,0.0
beledweyne,2025060216,4.74,45.2,0.0,28.56,4.87,8.35,54.81,0.0
beledweyne,2025060217,4.74,45.2,0.0,27.51,5.7,8.74,57.77,0.0
beledweyne,2025060218,4.74,45.2,0.0,26.32,5.92,8.65,62.65,0.0
beledweyne,2025060219,4.74,45.2,0.0,25.28,5.67,8.11,68.31,0.0
beledweyne,2025060220,4.74,45.2,0.0,24.5,5.62,7.93,73.91,0.0
beledweyne,2025060221,4.74,45.2,0.0,23.86,5.77,7.96,79.64,0.0
beledweyne,2025060222,4.74,45.2,0.0,23.3,5.98,8.08,85.08,0.0
beledweyne,2025060223,4.74,45.2,0.0,22.88,6.04,8.08,89.07,0.0
beledweyne,2025060300,4.74,45.2,0.0,22.67,5.89,8.03,90.95,0.0
beledweyne,2025060301,4.74,45.2,0.0,22.59,6.12,8.44,90.93,0.0
beledweyne,2025060302,4.74,45.2,0.0,22.51,5.98,8.36,90.69,0.0
beledweyne,2025060303,4.74,45.2,100.43,23.18,6.72,8.8,86.19,0.0
beledweyne,2025060304,4.74,45.2,317.05,25.14,8.22,10.17,74.79,0.0
beledweyne,2025060305,4.74,45.2,543.05,27.63,8.46,10.21,61.16,0.0
beledweyne,2025060306,4.74,45.2,732.83,30.14,8.4,10.01,49.16,0.0
beledweyne,2025060307,4.74,45.2,867.38,32.25,8.22,9.74,40.52,0.0
beledweyne,2025060308,4.74,45.2,933.17,33.87,8.08,9.54,34.94,0.0
beledweyne,2025060309,4.74,45.2,921.05,35.0,7.92,9.3,31.89,0.0
beledweyne,2025060310,4.74,45.2,826.47,35.62,7.61,8.93,30.89,0.0
beledweyne,2025060311,4.74,45.2,632.6,35.7,7.26,8.53,31.34,0.0
beledweyne,2025060312,4.74,45.2,416.45,35.21,6.93,8.2,33.1,0.0
beledweyne,2025060313,4.74,45.2,213.62,34.01,6.59,8.08,36.6,0.0
beledweyne,2025060314,4.74,45.2,56.8,31.94,5.47,8.1,43.94,0.0
beledweyne,2025060315,4.74,45.2,0.0,29.87,5.25,8.85,51.32,0.0
beledweyne,2025060316,4.74,45.2,0.0,28.85,6.14,9.37,55.02,0.0
beledweyne,2025060317,4.74,45.2,0.0,27.72,6.07,8.99,60.27,0.0
beledweyne,2025060318,4.74,45.2,0.0,26.68,5.7,8.32,65.95,0.0
beledweyne,2025060319,4.74,45.2,0.0,25.84,5.6,8.01,71.27,0.0
beledweyne,2025060320,4.74,45.2,0.0,25.13,5.51,7.72,76.08,0.0
beledweyne,2025060321,4.74,45.2,0.0,24.5,5.53,7.63,80.32,0.0
beledweyne,2025060322,4.74,45.2,0.0,23.97,5.6,7.63,83.86,0.0
beledweyne,2025060323,4.74,45.2,0.0,23.5,5.61,7.64,86.83,0.0
beledweyne,2025060400,4.74,45.2,0.0,23.1,5.53,7.6,89.24,0.0
beledweyne,2025060401,4.74,45.2,0.0,22.77,5.34,7.49,90.79,0.0
beledweyne,2025060402,4.74,45.2,0.0,22.53,5.05,7.27,91.43,0.0
beledweyne,2025060403,4.74,45.2,84.3,23.18,5.39,7.06,87.24,0.0
beledweyne,2025060404,4.74,45.2,272.1,25.54,7.19,9.03,73.56,0.0
beledweyne,2025060405,4.74,45.2,493.08,28.24,7.79,9.46,59.77,0.0
beledweyne,2025060406,4.74,45.2,694.83,30.69,7.77,9.26,50.45,0.0
beledweyne,2025060407,4.74,45.2,850.05,32.64,7.69,9.06,45.07,0.0
beledweyne,2025060408,4.74,45.2,921.08,34.08,7.66,9.01,41.53,0.0
beledweyne,2025060409,4.74,45.2,599.2,35.08,7.61,8.91,38.97,0.0
beledweyne,2025060410,4.74,45.2,816.75,35.64,7.45,8.73,37.29,0.0
beledweyne,2025060411,4.74,45.2,678.1,35.68,7.24,8.51,36.73,0.0
beledweyne,2025060412,4.74,45.2,467.5,35.18,7.05,8.34,37.33,0.0
beledweyne,2025060413,4.74,45.2,241.5,34.03,6.83,8.35,39.89,0.0
beledweyne,2025060414,4.74,45.2,62.2,32.15,5.76,8.24,46.02,0.0
beledweyne,2025060415,4.74,45.2,0.0,30.02,5.14,8.64,54.18,0.0
beledweyne,2025060416,4.74,45.2,0.0,28.96,5.69,8.84,58.92,0.0
beledweyne,2025060417,4.74,45.2,0.0,27.92,5.45,8.2,64.42,0.0
beledweyne,2025060418,4.74,45.2,0.0,27.01,5.14,7.64,69.54,0.0
beledweyne,2025060419,4.74,45.2,0.0,26.25,5.01,7.32,73.88,0.0
beledweyne,2025060420,4.74,45.2,0.0,25.55,4.96,7.12,77.9,0.01
beledweyne,2025060421,4.74,45.2,0.0,24.92,5.11,7.16,81.61,0.01
beledweyne,2025060422,4.74,45.2,0.0,24.32,5.35,7.37,85.29,0.01
beledweyne,2025060423,4.74,45.2,0.0,23.82,5.3,7.33,88.34,0.02
beledweyne,2025060500,4.74,45.2,0.0,23.4,4.93,7.02,90.84,0.19
beledweyne,2025060501,4.74,45.2,0.0,23.03,4.57,6.77,92.67,0.25
beledweyne,2025060502,4.74,45.2,0.0,22.74,4.34,6.69,93.72,0.29
beledweyne,2025060503,4.74,45.2,72.15,23.3,4.98,6.52,90.54,0.34
beledweyne,2025060504,4.74,45.2,250.35,25.5,6.86,8.62,78.34,0.37
beledweyne,2025060505,4.74,45.2,483.75,28.23,7.89,9.55,63.76,0.35
beledweyne,2025060506,4.74,45.2,693.67,30.55,8.0,9.5,54.17,0.33
beledweyne,2025060507,4.74,45.2,840.78,32.35,7.89,9.3,48.56,0.3
beledweyne,2025060508,4.74,45.2,876.25,33.59,7.78,9.13,45.13,0.25
beledweyne,2025060509,4.74,45.2,783.62,34.18,7.74,9.09,43.66,0.16
beledweyne,2025060510,4.74,45.2,819.7,34.15,7.8,9.17,43.72,0.08
beledweyne,2025060511,4.74,45.2,655.08,33.52,7.82,9.3,45.2,0.04
beledweyne,2025060512,4.74,45.2,438.98,32.48,7.6,9.25,48.14,0.03
beledweyne,2025060513,4.74,45.2,244.68,31.36,7.12,9.02,52.22,0.03
beledweyne,2025060514,4.74,45.2,65.55,30.03,6.02,8.37,58.12,0.03
beledweyne,2025060515,4.74,45.2,0.0,28.61,5.28,8.06,65.1,0.03
beledweyne,2025060516,4.74,45.2,0.0,27.75,5.8,8.39,69.95,0.05
beledweyne,2025060517,4.74,45.2,0.0,26.9,5.88,8.23,74.67,0.07
beledweyne,2025060518,4.74,45.2,0.0,26.04,5.5,7.65,79.42,0.09
beledweyne,2025060519,4.74,45.2,0.0,25.33,5.31,7.4,82.99,0.09
beledweyne,2025060520,4.74,45.2,0.0,24.75,5.23,7.34,85.44,0.09
beledweyne,2025060521,4.74,45.2,0.0,24.28,5.36,7.52,86.8,0.04
beledweyne,2025060522,4.74,45.2,0.0,23.85,5.51,7.72,87.97,0.01
beledweyne,2025060523,4.74,45.2,0.0,23.46,5.37,7.53,89.07,0.01
beledweyne,2025060600,4.74,45.2,0.0,23.12,4.99,7.19,90.04,0.01
beledweyne,2025060601,4.74,45.2,0.0,22.85,4.63,6.92,90.74,0.0
beledweyne,2025060602,4.74,45.2,0.0,22.58,4.52,6.9,91.44,0.0
beledweyne,2025060603,4.74,45.2,94.6,23.14,5.38,7.13,87.78,0.0
beledweyne,2025060604,4.74,45.2,305.3,25.17,7.55,9.52,75.54,0.0
beledweyne,2025060605,4.74,45.2,531.62,27.67,8.71,10.66,61.94,0.0
beledweyne,2025060606,4.74,45.2,721.83,30.03,8.87,10.69,51.4,0.0
beledweyne,2025060607,4.74,45.2,859.17,32.04,8.61,10.26,44.71,0.0
beledweyne,2025060608,4.74,45.2,914.67,33.62,8.3,9.83,40.51,0.0
beledweyne,2025060609,4.74,45.2,785.67,34.77,8.02,9.45,37.96,0.0
beledweyne,2025060610,4.74,45.2,676.17,35.36,7.81,9.18,36.7,0.0
beledweyne,2025060611,4.74,45.2,595.1,35.25,7.65,9.0,36.68,0.0
beledweyne,2025060612,4.74,45.2,441.52,34.52,7.5,8.89,37.92,0.0
beledweyne,2025060613,4.74,45.2,239.3,33.16,7.34,9.02,41.22,0.0
beledweyne,2025060614,4.74,45.2,63.35,31.33,6.63,9.07,47.21,0.0
beledweyne,2025060615,4.74,45.2,0.0,29.44,6.16,9.22,54.6,0.0
beledweyne,2025060616,4.74,45.2,0.0,28.17,6.4,9.19,60.97,0.0
beledweyne,2025060617,4.74,45.2,0.0,27.04,6.37,8.77,67.75,0.0
beledweyne,2025060618,4.74,45.2,0.0,26.08,6.32,8.53,73.81,0.0
beledweyne,2025060619,4.74,45.2,0.0,25.29,6.24,8.32,78.44,0.0
beledweyne,2025060620,4.74,45.2,0.0,24.62,6.28,8.33,81.56,0.0
beledweyne,2025060621,4.74,45.2,0.0,23.93,6.42,8.52,84.07,0.0
beledweyne,2025060622,4.74,45.2,0.0,23.24,6.49,8.65,86.23,0.0
beledweyne,2025060623,4.74,45.2,0.0,22.58,6.24,8.38,88.43,0.0
beledweyne,2025060700,4.74,45.2,0.0,22.04,5.83,7.97,90.44,0.0
beledweyne,2025060701,4.74,45.2,0.0,21.63,5.41,7.63,92.15,0.0
beledweyne,2025060702,4.74,45.2,0.0,21.41,5.06,7.34,93.07,0.0
beledweyne,2025060703,4.74,45.2,92.18,22.14,5.55,7.3,89.05,0.0
beledweyne,2025060704,4.74,45.2,293.75,24.65,7.87,9.94,75.43,0.0
beledweyne,2025060705,4.74,45.2,506.08,27.17,8.47,10.35,61.78,0.0
beledweyne,2025060706,4.74,45.2,688.72,29.31,8.24,9.94,51.28,0.0
beledweyne,2025060707,4.74,45.2,822.78,31.17,7.89,9.44,44.02,0.0
beledweyne,2025060708,4.74,45.2,894.0,32.8,7.67,9.11,39.11,0.0
beledweyne,2025060709,4.74,45.2,890.47,34.11,7.44,8.81,35.75,0.0
beledweyne,2025060710,4.74,45.2,832.53,34.94,7.17,8.47,33.77,0.0
beledweyne,2025060711,4.74,45.2,691.78,35.24,6.89,8.14,32.83,0.0
beledweyne,2025060712,4.74,45.2,491.05,35.03,6.6,7.85,33.0,0.0
beledweyne,2025060713,4.74,45.2,262.58,34.08,6.24,7.68,35.02,0.0
beledweyne,2025060714,4.74,45.2,68.2,31.98,4.77,7.51,42.31,0.0
beledweyne,2025060715,4.74,45.2,0.0,29.5,4.49,8.36,51.36,0.0
beledweyne,2025060716,4.74,45.2,0.0,28.68,5.84,9.4,55.42,0.0
beledweyne,2025060717,4.74,45.2,0.0,27.76,6.76,9.77,61.81,0.0
beledweyne,2025060718,4.74,45.2,0.0,26.66,6.71,9.26,69.91,0.0
beledweyne,2025060719,4.74,45.2,0.0,25.7,6.09,8.36,76.91,0.0
beledweyne,2025060720,4.74,45.2,0.0,24.93,5.62,7.72,81.96,0.0
beledweyne,2025060721,4.74,45.2,0.0,24.33,5.28,7.31,85.38,0.0
beledweyne,2025060722,4.74,45.2,0.0,23.82,5.09,7.11,87.95,0.0
beledweyne,2025060723,4.74,45.2,0.0,23.37,4.96,7.0,90.08,0.0
beledweyne,2025060800,4.74,45.2,0.0,22.97,4.83,6.94,91.63,0.0
beledweyne,2025060801,4.74,45.2,0.0,22.63,4.68,6.93,92.62,0.0
beledweyne,2025060802,4.74,45.2,0.0,22.32,4.53,6.94,93.27,0.0
beledweyne,2025060803,4.74,45.2,95.75,23.02,5.24,6.89,88.77,0.0
beledweyne,2025060804,4.74,45.2,306.17,25.52,7.4,9.32,74.85,0.0
beledweyne,2025060805,4.74,45.2,519.38,28.35,8.23,10.05,60.11,0.0
beledweyne,2025060806,4.74,45.2,727.92,30.88,8.16,9.8,49.56,0.0
beledweyne,2025060807,4.74,45.2,858.1,32.96,7.75,9.2,43.36,0.0
beledweyne,2025060808,4.74,45.2,920.9,34.56,7.41,8.74,39.9,0.0
beledweyne,2025060809,4.74,45.2,831.08,35.64,7.16,8.4,37.89,0.0
beledweyne,2025060810,4.74,45.2,699.4,36.01,6.94,8.12,37.16,0.0
beledweyne,2025060811,4.74,45.2,625.05,35.77,6.7,7.88,37.41,0.01
beledweyne,2025060812,4.74,45.2,437.35,35.09,6.53,7.74,38.59,0.01
beledweyne,2025060813,4.74,45.2,245.0,33.95,6.32,7.79,41.44,0.01
beledweyne,2025060814,4.74,45.2,67.18,32.27,5.37,7.78,47.38,0.0
beledweyne,2025060815,4.74,45.2,0.0,30.3,4.79,8.19,55.01,0.0
beledweyne,2025060816,4.74,45.2,0.0,29.21,5.16,8.21,59.94,0.0
beledweyne,2025060817,4.74,45.2,0.0,28.16,5.27,7.98,65.72,0.0
beledweyne,2025060818,4.74,45.2,0.0,27.26,5.48,7.9,71.56,0.0
beledweyne,2025060819,4.74,45.2,0.0,26.43,5.51,7.69,77.18,0.0
beledweyne,2025060820,4.74,45.2,0.0,25.67,5.52,7.49,81.51,0.0
beledweyne,2025060821,4.74,45.2,0.0,24.96,5.56,7.37,84.55,0.0
beledweyne,2025060822,4.74,45.2,0.0,24.29,5.45,7.22,86.59,0.0
beledweyne,2025060823,4.74,45.2,0.0,23.69,5.21,7.01,87.86,0.0
beledweyne,2025060900,4.74,45.2,0.0,23.26,4.98,6.79,88.29,0.01
beledweyne,2025060901,4.74,45.2,0.0,22.96,4.73,6.55,88.39,0.01
beledweyne,2025060902,4.74,45.2,0.0,22.72,4.47,6.39,88.8,0.0
beledweyne,2025060903,4.74,45.2,80.05,23.3,5.05,6.52,85.73,0.0
beledweyne,2025060904,4.74,45.2,209.65,25.69,7.27,9.16,75.01,0.0
beledweyne,2025060905,4.74,45.2,340.67,28.38,8.12,9.81,64.15,0.01
beledweyne,2025060906,4.74,45.2,510.25,30.55,7.93,9.42,55.86,0.01
beledweyne,2025060907,4.74,45.2,597.0,32.15,7.61,8.97,50.33,0.02
beledweyne,2025060908,4.74,45.2,695.53,33.36,7.43,8.73,46.37,0.02
beledweyne,2025060909,4.74,45.2,675.9,34.11,7.31,8.58,43.87,0.02
beledweyne,2025060910,4.74,45.2,602.83,34.25,7.22,8.51,42.86,0.02
beledweyne,2025060911,4.74,45.2,542.55,34.08,7.21,8.55,42.57,0.01
beledweyne,2025060912,4.74,45.2,389.85,33.44,7.18,8.66,43.82,0.01
beledweyne,2025060913,4.74,45.2,204.4,32.41,7.05,8.81,46.91,0.0
beledweyne,2025060914,4.74,45.2,54.53,30.84,6.34,8.71,53.01,0.0
beledweyne,2025060915,4.74,45.2,0.0,29.12,5.9,8.63,60.78,0.0
beledweyne,2025060916,4.74,45.2,0.0,27.99,5.92,8.31,67.03,0.0
beledweyne,2025060917,4.74,45.2,0.0,27.13,5.8,7.96,72.39,0.0
beledweyne,2025060918,4.74,45.2,0.0,26.44,5.61,7.61,77.02,0.0
beledweyne,2025060919,4.74,45.2,0.0,25.9,5.4,7.31,80.87,0.0
beledweyne,2025060920,4.74,45.2,0.0,25.43,5.32,7.22,84.16,0.01
beledweyne,2025060921,4.74,45.2,0.0,25.03,5.59,7.53,86.23,0.01
beledweyne,2025060922,4.74,45.2,0.0,24.67,6.05,8.14,87.4,0.02
beledweyne,2025060923,4.74,45.2,0.0,24.34,6.04,8.12,87.79,0.01
beledweyne,2025061000,4.74,45.2,0.0,24.02,5.9,8.08,88.21,0.08
beledweyne,2025061001,4.74,45.2,0.0,23.71,5.67,7.94,88.8,0.05
beledweyne,2025061002,4.74,45.2,0.0,23.47,5.5,7.85,89.18,0.04
beledweyne,2025061003,4.74,45.2,90.38,24.0,6.09,8.0,85.85,0.03
beledweyne,2025061004,4.74,45.2,299.12,25.95,7.78,9.72,75.0,0.02
beledweyne,2025061005,4.74,45.2,532.28,28.35,8.45,10.23,63.04,0.03
beledweyne,2025061006,4.74,45.2,703.4,30.47,8.31,9.87,54.58,0.03
beledweyne,2025061007,4.74,45.2,829.58,32.17,8.1,9.54,49.14,0.08
beledweyne,2025061008,4.74,45.2,872.7,33.39,8.0,9.38,45.59,0.18
beledweyne,2025061009,4.74,45.2,727.33,34.24,7.85,9.18,43.15,0.24
beledweyne,2025061010,4.74,45.2,722.22,34.58,7.68,8.97,41.91,0.27
beledweyne,2025061011,4.74,45.2,633.03,34.41,7.49,8.8,41.99,0.25
beledweyne,2025061012,4.74,45.2,441.65,33.81,7.26,8.61,43.13,0.2
beledweyne,2025061013,4.74,45.2,217.0,32.77,7.1,8.63,45.7,0.18
beledweyne,2025061014,4.74,45.2,53.03,30.94,6.38,8.65,52.42,0.21
beledweyne,2025061015,4.74,45.2,0.0,28.69,6.17,9.2,63.0,0.41
beledweyne,2025061016,4.74,45.2,0.0,27.28,6.98,9.57,71.73,0.5
beledweyne,2025061017,4.74,45.2,0.0,26.1,6.95,9.35,80.18,0.47
beledweyne,2025061018,4.74,45.2,0.0,25.24,7.23,9.51,85.72,0.4
beledweyne,2025061019,4.74,45.2,0.0,24.63,7.2,9.5,88.31,0.26
beledweyne,2025061020,4.74,45.2,0.0,24.21,7.33,9.62,88.44,0.16
beledweyne,2025061021,4.74,45.2,0.0,23.77,7.1,9.38,88.25,0.11
beledweyne,2025061022,4.74,45.2,0.0,23.35,7.09,9.45,88.16,0.1
beledweyne,2025061023,4.74,45.2,0.0,22.98,7.06,9.48,88.26,0.09
beledweyne,2025061100,4.74,45.2,0.0,22.64,7.09,9.64,88.37,0.08
beledweyne,2025061101,4.74,45.2,0.0,22.26,7.02,9.61,88.4,0.08
beledweyne,2025061102,4.74,45.2,0.0,21.85,6.52,9.15,88.58,0.07
beledweyne,2025061103,4.74,45.2,98.75,22.14,6.59,8.74,85.88,0.07
beledweyne,2025061104,4.74,45.2,318.1,23.77,7.61,9.47,76.34,0.05
beledweyne,2025061105,4.74,45.2,547.55,26.27,8.32,10.11,63.13,0.02
beledweyne,2025061106,4.74,45.2,735.2,28.86,8.77,10.52,51.2,0.0
beledweyne,2025061107,4.74,45.2,873.9,31.05,8.92,10.63,42.44,0.0
beledweyne,2025061108,4.74,45.2,944.53,32.72,8.92,10.6,37.16,0.0
beledweyne,2025061109,4.74,45.2,934.55,33.89,8.86,10.49,34.32,0.0
beledweyne,2025061110,4.74,45.2,788.9,34.56,8.72,10.31,33.03,0.0
beledweyne,2025061111,4.74,45.2,587.72,34.69,8.49,10.07,32.96,0.0
beledweyne,2025061112,4.74,45.2,414.0,34.22,8.18,9.79,34.22,0.0
beledweyne,2025061113,4.74,45.2,224.32,33.15,7.76,9.57,37.09,0.0
beledweyne,2025061114,4.74,45.2,66.25,31.26,6.48,9.13,43.39,0.0
beledweyne,2025061115,4.74,45.2,0.0,28.92,5.44,9.1,53.1,0.01
beledweyne,2025061116,4.74,45.2,0.0,27.9,5.95,9.07,59.67,0.01
beledweyne,2025061117,4.74,45.2,0.0,26.91,5.58,8.19,67.15,0.0
beledweyne,2025061118,4.74,45.2,0.0,26.09,5.26,7.55,73.8,0.0
beledweyne,2025061119,4.74,45.2,0.0,25.36,5.29,7.38,79.49,0.0
beledweyne,2025061120,4.74,45.2,0.0,24.67,5.46,7.42,84.39,0.0
beledweyne,2025061121,4.74,45.2,0.0,24.07,5.97,8.03,88.08,0.0
beledweyne,2025061122,4.74,45.2,0.0,23.73,6.29,8.44,89.12,0.0
beledweyne,2025061123,4.74,45.2,0.0,23.52,6.33,8.63,88.43,0.02
beledweyne,2025061200,4.74,45.2,0.0,23.23,6.23,8.73,88.13,0.03
beledweyne,2025061201,4.74,45.2,0.0,22.91,5.87,8.42,88.64,0.05
beledweyne,2025061202,4.74,45.2,0.0,22.69,5.52,8.05,89.73,0.06
beledweyne,2025061203,4.74,45.2,99.53,23.39,6.03,7.96,86.92,0.05
beledweyne,2025061204,4.74,45.2,317.52,25.54,7.94,10.04,76.1,0.04
beledweyne,2025061205,4.74,45.2,540.0,27.87,8.89,10.82,63.98,0.04
beledweyne,2025061206,4.74,45.2,727.92,29.85,9.02,10.79,55.39,0.04
beledweyne,2025061207,4.74,45.2,826.1,31.55,8.95,10.61,49.6,0.14
beledweyne,2025061208,4.74,45.2,833.67,32.85,8.82,10.39,46.29,0.27
beledweyne,2025061209,4.74,45.2,776.33,33.7,8.62,10.12,44.89,0.47
beledweyne,2025061210,4.74,45.2,671.33,33.95,8.43,9.91,44.86,0.75
beledweyne,2025061211,4.74,45.2,557.53,33.62,8.31,9.83,46.48,1.0
beledweyne,2025061212,4.74,45.2,399.9,32.41,8.27,9.95,51.38,1.26
beledweyne,2025061213,4.74,45.2,212.6,30.61,8.29,10.4,59.26,1.28
beledweyne,2025061214,4.74,45.2,57.62,28.62,7.71,10.13,68.93,1.25
beledweyne,2025061215,4.74,45.2,0.0,26.8,7.02,9.78,78.29,1.45
beledweyne,2025061216,4.74,45.2,0.0,25.74,7.05,9.69,83.69,1.33
beledweyne,2025061217,4.74,45.2,0.0,24.95,7.28,9.85,87.39,1.05
beledweyne,2025061218,4.74,45.2,0.0,24.38,7.61,10.19,89.2,1.06
beledweyne,2025061219,4.74,45.2,0.0,23.96,7.81,10.47,89.79,1.53
beledweyne,2025061220,4.74,45.2,0.0,23.58,7.6,10.29,90.22,2.53
beledweyne,2025061221,4.74,45.2,0.0,23.25,7.39,10.1,90.65,3.74
beledweyne,2025061222,4.74,45.2,0.0,22.92,7.24,9.98,91.28,3.82
beledweyne,2025061223,4.74,45.2,0.0,22.69,7.03,9.73,91.35,2.66
beledweyne,2025061300,4.74,45.2,0.0,22.49,6.71,9.39,91.46,1.84
beledweyne,2025061301,4.74,45.2,0.0,22.34,6.31,8.96,91.6,1.43
beledweyne,2025061302,4.74,45.2,0.0,22.23,6.01,8.59,91.82,0.9
beledweyne,2025061303,4.74,45.2,71.1,22.6,6.14,8.21,89.96,0.42
beledweyne,2025061304,4.74,45.2,203.7,23.8,7.41,9.63,83.21,0.22
beledweyne,2025061305,4.74,45.2,337.4,25.62,9.01,11.26,72.1,0.11
beledweyne,2025061306,4.74,45.2,435.9,27.54,9.24,11.29,62.29,0.1
beledweyne,2025061307,4.74,45.2,442.42,29.04,8.91,10.79,55.49,0.1
beledweyne,2025061308,4.74,45.2,463.1,29.79,8.84,10.74,51.33,0.1
beledweyne,2025061309,4.74,45.2,442.27,30.25,8.92,10.85,48.67,0.13
beledweyne,2025061310,4.74,45.2,358.7,30.66,9.02,11.0,46.7,0.13
beledweyne,2025061311,4.74,45.2,369.88,30.61,9.11,11.21,46.56,0.47
beledweyne,2025061312,4.74,45.2,240.7,29.92,8.81,11.08,49.2,0.84
beledweyne,2025061313,4.74,45.2,123.88,28.74,7.78,10.31,54.8,0.84
beledweyne,2025061314,4.74,45.2,38.3,27.01,6.13,9.25,64.21,1.18
beledweyne,2025061315,4.74,45.2,0.0,25.23,4.73,8.18,74.75,0.85
beledweyne,2025061316,4.74,45.2,0.0,24.4,4.63,7.79,79.61,0.34
beledweyne,2025061317,4.74,45.2,0.0,23.73,4.75,7.57,82.97,0.09
beledweyne,2025061318,4.74,45.2,0.0,22.98,4.51,7.33,86.76,0.03
beledweyne,2025061319,4.74,45.2,0.0,22.41,4.34,7.05,89.45,0.01
beledweyne,2025061320,4.74,45.2,0.0,21.91,4.21,6.8,91.44,0.0
beledweyne,2025061321,4.74,45.2,0.0,21.47,4.2,6.72,92.69,0.01
beledweyne,2025061322,4.74,45.2,0.0,21.07,4.26,6.75,93.34,0.01
beledweyne,2025061323,4.74,45.2,0.0,20.82,4.45,6.87,93.0,0.01
beledweyne,2025061400,4.74,45.2,0.0,20.66,4.49,6.86,92.67,0.01
beledweyne,2025061401,4.74,45.2,0.0,20.52,4.23,6.61,92.9,0.02
beledweyne,2025061402,4.74,45.2,0.0,20.41,3.87,6.31,93.35,0.02
beledweyne,2025061403,4.74,45.2,83.78,21.05,4.43,5.94,90.44,0.03
beledweyne,2025061404,4.74,45.2,284.42,22.94,6.96,9.05,81.27,0.03
beledweyne,2025061405,4.74,45.2,512.85,25.03,8.97,11.2,69.85,0.03
beledweyne,2025061406,4.74,45.2,700.2,26.6,9.5,11.61,61.0,0.03
beledweyne,2025061407,4.74,45.2,834.17,27.97,9.61,11.64,54.08,0.02
beledweyne,2025061408,4.74,45.2,757.17,29.03,9.6,11.6,49.35,0.0
beledweyne,2025061409,4.74,45.2,583.12,29.61,9.52,11.52,47.23,0.0
beledweyne,2025061410,4.74,45.2,484.12,29.9,9.53,11.57,46.59,0.0
beledweyne,2025061411,4.74,45.2,418.27,29.79,9.34,11.44,47.41,0.0
beledweyne,2025061412,4.74,45.2,303.15,29.27,8.92,11.1,49.98,0.0
beledweyne,2025061413,4.74,45.2,159.77,28.46,8.27,10.61,54.06,0.0
beledweyne,2025061414,4.74,45.2,47.08,27.21,7.07,9.78,60.23,0.0
beledweyne,2025061415,4.74,45.2,0.0,25.67,5.6,8.77,67.72,0.0
beledweyne,2025061416,4.74,45.2,0.0,24.81,4.9,7.93,72.8,0.0
beledweyne,2025061417,4.74,45.2,0.0,24.16,4.65,7.41,76.98,0.0
beledweyne,2025061418,4.74,45.2,0.0,23.53,4.51,7.05,81.28,0.0
beledweyne,2025061419,4.74,45.2,0.0,22.91,4.36,6.7,85.58,0.0
beledweyne,2025061420,4.74,45.2,0.0,22.36,4.26,6.49,89.16,0.0
beledweyne,2025061421,4.74,45.2,0.0,21.9,4.33,6.54,91.78,0.0
beledweyne,2025061422,4.74,45.2,0.0,21.62,4.7,6.85,92.77,0.0
beledweyne,2025061423,4.74,45.2,0.0,21.45,4.95,7.12,92.74,0.0
beledweyne,2025061500,4.74,45.2,0.0,21.31,4.83,7.06,92.5,0.0
beledweyne,2025061501,4.74,45.2,0.0,21.18,4.66,6.91,92.3,0.0
beledweyne,2025061502,4.74,45.2,0.0,20.99,4.38,6.73,92.49,0.01
beledweyne,2025061503,4.74,45.2,78.25,21.61,4.99,6.65,88.85,0.02
beledweyne,2025061504,4.74,45.2,272.6,23.67,8.02,10.38,77.75,0.03
beledweyne,2025061505,4.74,45.2,499.2,26.0,9.59,11.89,65.63,0.02
beledweyne,2025061506,4.74,45.2,692.45,28.07,9.69,11.79,56.55,0.01
beledweyne,2025061507,4.74,45.2,799.7,29.84,9.52,11.46,49.95,0.01
beledweyne,2025061508,4.74,45.2,705.28,31.19,9.44,11.3,45.48,0.0
beledweyne,2025061509,4.74,45.2,676.35,32.11,9.54,11.41,42.71,0.0
beledweyne,2025061510,4.74,45.2,617.47,32.42,9.58,11.5,41.87,0.01
beledweyne,2025061511,4.74,45.2,419.33,32.16,9.34,11.27,42.65,0.01
beledweyne,2025061512,4.74,45.2,303.0,31.35,8.93,10.89,45.01,0.01
beledweyne,2025061513,4.74,45.2,154.25,30.04,8.31,10.5,49.21,0.01
beledweyne,2025061514,4.74,45.2,43.33,28.37,7.27,10.03,55.38,0.0
beledweyne,2025061515,4.74,45.2,0.0,26.86,6.59,9.62,61.76,0.0
beledweyne,2025061516,4.74,45.2,0.0,25.86,6.18,8.91,66.86,0.0
beledweyne,2025061517,4.74,45.2,0.0,24.96,5.64,8.17,71.86,0.0
beledweyne,2025061518,4.74,45.2,0.0,24.22,5.36,7.83,75.96,0.0
beledweyne,2025061519,4.74,45.2,0.0,23.53,5.16,7.63,79.89,0.0
beledweyne,2025061520,4.74,45.2,0.0,22.87,5.0,7.46,83.56,0.0
beledweyne,2025061521,4.74,45.2,0.0,22.28,4.86,7.32,86.55,0.0
beledweyne,2025061522,4.74,45.2,0.0,21.87,4.91,7.24,88.23,0.0
beledweyne,2025061523,4.74,45.2,0.0,21.61,5.02,7.32,89.03,0.0
beledweyne,2025061600,4.74,45.2,0.0,21.43,5.19,7.54,89.54,0.0
beledweyne,2025061601,4.74,45.2,0.0,21.29,5.27,7.72,90.02,0.0
beledweyne,2025061602,4.74,45.2,0.0,21.19,5.14,7.69,90.6,0.0
beledweyne,2025061603,4.74,45.2,73.9,21.96,5.68,7.46,86.93,0.0
beledweyne,2025061604,4.74,45.2,215.62,24.31,8.29,10.75,76.0,0.01
beledweyne,2025061605,4.74,45.2,354.35,26.64,9.73,12.1,65.97,0.03
beledweyne,2025061606,4.74,45.2,521.15,28.44,9.71,11.86,59.09,0.03
beledweyne,2025061607,4.74,45.2,675.62,30.01,9.52,11.46,53.47,0.03
beledweyne,2025061608,4.74,45.2,716.17,31.17,9.4,11.26,49.36,0.04
beledweyne,2025061609,4.74,45.2,686.2,31.78,9.32,11.16,47.18,0.05
beledweyne,2025061610,4.74,45.2,592.97,31.91,9.22,11.09,46.4,0.05
beledweyne,2025061611,4.74,45.2,477.52,31.66,9.06,11.0,46.57,0.05
beledweyne,2025061612,4.74,45.2,333.23,31.19,8.86,10.9,47.47,0.05
beledweyne,2025061613,4.74,45.2,177.8,30.32,8.46,10.68,49.82,0.04
beledweyne,2025061614,4.74,45.2,51.45,28.81,7.3,10.05,55.15,0.02
beledweyne,2025061615,4.74,45.2,0.0,26.96,6.08,9.28,62.95,0.01
beledweyne,2025061616,4.74,45.2,0.0,25.83,5.54,8.4,69.14,0.0
beledweyne,2025061617,4.74,45.2,0.0,24.97,5.26,7.79,74.77,0.0
beledweyne,2025061618,4.74,45.2,0.0,24.36,5.19,7.6,79.76,0.0
beledweyne,2025061619,4.74,45.2,0.0,23.89,5.3,7.5,84.29,0.0
beledweyne,2025061620,4.74,45.2,0.0,23.6,5.65,7.9,87.31,0.0
beledweyne,2025061621,4.74,45.2,0.0,23.41,6.23,8.54,88.61,0.01
beledweyne,2025061622,4.74,45.2,0.0,23.21,6.57,8.95,88.58,0.02
beledweyne,2025061623,4.74,45.2,0.0,22.96,6.43,8.85,88.17,0.03
beledweyne,2025061700,4.74,45.2,0.0,22.66,5.47,7.84,88.58,0.03
beledweyne,2025061701,4.74,45.2,0.0,22.48,4.88,7.26,89.13,0.02
beledweyne,2025061702,4.74,45.2,0.0,22.49,5.13,7.57,89.15,0.01
beledweyne,2025061703,4.74,45.2,75.55,23.03,6.1,8.07,86.68,0.01
beledweyne,2025061704,4.74,45.2,271.58,24.41,7.3,9.25,80.22,0.02
beledweyne,2025061705,4.74,45.2,509.58,26.43,8.75,10.84,69.86,0.05
beledweyne,2025061706,4.74,45.2,691.12,28.6,9.48,11.49,59.07,0.05
beledweyne,2025061707,4.74,45.2,758.15,30.48,9.67,11.62,50.75,0.05
beledweyne,2025061708,4.74,45.2,675.05,31.99,9.68,11.61,44.97,0.04
beledweyne,2025061709,4.74,45.2,568.17,33.01,9.65,11.56,41.79,0.02
beledweyne,2025061710,4.74,45.2,540.15,33.45,9.65,11.57,40.89,0.01
beledweyne,2025061711,4.74,45.2,466.62,33.27,9.7,11.69,41.73,0.01
beledweyne,2025061712,4.74,45.2,364.6,32.42,9.61,11.74,44.55,0.01
beledweyne,2025061713,4.74,45.2,193.8,31.21,9.04,11.37,48.63,0.0
beledweyne,2025061714,4.74,45.2,57.03,29.62,7.73,10.51,55.06,0.0
beledweyne,2025061715,4.74,45.2,0.0,27.99,6.67,9.82,63.0,0.01
beledweyne,2025061716,4.74,45.2,0.0,27.0,6.73,9.63,69.41,0.04
beledweyne,2025061717,4.74,45.2,0.0,26.0,6.59,9.19,76.16,0.06
beledweyne,2025061718,4.74,45.2,0.0,25.06,6.49,8.94,82.08,0.04
beledweyne,2025061719,4.74,45.2,0.0,24.32,6.53,8.89,85.72,0.02
beledweyne,2025061720,4.74,45.2,0.0,23.83,6.81,9.27,86.66,0.01
beledweyne,2025061721,4.74,45.2,0.0,23.4,6.79,9.26,86.79,0.0
beledweyne,2025061722,4.74,45.2,0.0,22.99,6.56,9.05,86.93,0.0
beledweyne,2025061723,4.74,45.2,0.0,22.65,6.24,8.77,87.25,0.0
beledweyne,2025061800,4.74,45.2,0.0,22.44,5.93,8.46,87.7,0.0
beledweyne,2025061801,4.74,45.2,0.0,22.33,5.63,8.17,88.1,0.0
beledweyne,2025061802,4.74,45.2,0.0,22.24,5.37,7.91,88.45,0.0
beledweyne,2025061803,4.74,45.2,66.65,22.89,5.74,7.6,85.47,0.0
beledweyne,2025061804,4.74,45.2,230.85,24.86,7.52,9.55,76.17,0.01
beledweyne,2025061805,4.74,45.2,411.23,27.03,8.76,10.76,65.55,0.01
beledweyne,2025061806,4.74,45.2,510.23,28.96,8.95,10.8,56.87,0.01
beledweyne,2025061807,4.74,45.2,559.58,30.61,8.86,10.6,51.27,0.01
beledweyne,2025061808,4.74,45.2,689.5,31.88,8.7,10.36,47.88,0.02
beledweyne,2025061809,4.74,45.2,685.28,32.83,8.43,10.03,45.43,0.04
beledweyne,2025061810,4.74,45.2,578.88,33.44,8.23,9.83,43.61,0.05
beledweyne,2025061811,4.74,45.2,600.03,33.46,8.2,9.86,43.31,0.06
beledweyne,2025061812,4.74,45.2,423.85,33.0,8.28,10.1,44.44,0.05
beledweyne,2025061813,4.74,45.2,223.57,31.88,8.16,10.24,47.9,0.05
beledweyne,2025061814,4.74,45.2,61.97,30.05,7.27,9.88,54.64,0.04
beledweyne,2025061815,4.74,45.2,0.0,28.09,6.38,9.31,63.26,0.03
beledweyne,2025061816,4.74,45.2,0.0,26.92,6.34,8.92,69.99,0.02
beledweyne,2025061817,4.74,45.2,0.0,26.06,6.56,8.87,75.22,0.01
beledweyne,2025061818,4.74,45.2,0.0,25.3,6.19,8.35,79.61,0.0
beledweyne,2025061819,4.74,45.2,0.0,24.66,5.86,7.94,82.89,0.0
beledweyne,2025061820,4.74,45.2,0.0,24.14,6.0,8.13,85.04,0.0
beledweyne,2025061821,4.74,45.2,0.0,23.75,6.23,8.38,86.16,0.0
beledweyne,2025061822,4.74,45.2,0.0,23.46,6.22,8.43,86.56,0.0
beledweyne,2025061823,4.74,45.2,0.0,23.25,6.17,8.44,86.23,0.0
beledweyne,2025061900,4.74,45.2,0.0,23.03,6.04,8.37,86.4,0.0
beledweyne,2025061901,4.74,45.2,0.0,22.8,6.03,8.43,87.08,0.0
beledweyne,2025061902,4.74,45.2,0.0,22.62,6.03,8.5,87.74,0.0
beledweyne,2025061903,4.74,45.2,71.15,23.15,6.48,8.44,85.17,0.0
beledweyne,2025061904,4.74,45.2,247.23,24.96,8.05,10.16,75.92,0.0
beledweyne,2025061905,4.74,45.2,455.42,27.23,8.7,10.59,64.36,0.0
beledweyne,2025061906,4.74,45.2,687.2,29.4,8.59,10.27,54.95,0.0
beledweyne,2025061907,4.74,45.2,797.65,31.28,8.44,10.01,48.27,0.0
beledweyne,2025061908,4.74,45.2,879.72,32.71,8.44,9.99,43.88,0.0
beledweyne,2025061909,4.74,45.2,835.95,33.68,8.45,9.98,41.04,0.0
beledweyne,2025061910,4.74,45.2,667.22,34.22,8.42,9.97,39.37,0.0
beledweyne,2025061911,4.74,45.2,562.92,34.24,8.32,9.92,39.0,0.0
beledweyne,2025061912,4.74,45.2,399.88,33.57,8.09,9.78,40.28,0.0
beledweyne,2025061913,4.74,45.2,199.38,32.48,7.71,9.66,43.14,0.0
beledweyne,2025061914,4.74,45.2,52.3,30.73,6.68,9.36,48.89,0.0
beledweyne,2025061915,4.74,45.2,0.0,28.72,5.97,9.27,56.25,0.0
beledweyne,2025061916,4.74,45.2,0.0,27.48,6.1,9.03,61.71,0.0
beledweyne,2025061917,4.74,45.2,0.0,26.33,5.93,8.49,67.58,0.0
beledweyne,2025061918,4.74,45.2,0.0,25.4,5.83,8.16,72.92,0.0
beledweyne,2025061919,4.74,45.2,0.0,24.66,5.66,7.82,77.42,0.0
beledweyne,2025061920,4.74,45.2,0.0,24.03,5.49,7.56,81.01,0.0
beledweyne,2025061921,4.74,45.2,0.0,23.45,5.51,7.5,83.75,0.0
beledweyne,2025061922,4.74,45.2,0.0,22.91,5.58,7.55,85.76,0.0
beledweyne,2025061923,4.74,45.2,0.0,22.44,5.52,7.52,87.27,0.0
beledweyne,2025062000,4.74,45.2,0.0,22.03,5.4,7.48,88.5,0.0
beledweyne,2025062001,4.74,45.2,0.0,21.65,5.24,7.42,89.85,0.0
beledweyne,2025062002,4.74,45.2,0.0,21.32,5.1,7.41,91.11,0.0
beledweyne,2025062003,4.74,45.2,64.32,21.87,5.78,7.61,88.25,0.0
beledweyne,2025062004,4.74,45.2,220.23,24.18,8.05,10.09,75.85,0.0
beledweyne,2025062005,4.74,45.2,415.9,27.0,8.78,10.66,59.79,0.0
beledweyne,2025062006,4.74,45.2,631.0,29.58,8.98,10.78,47.45,0.0
beledweyne,2025062007,4.74,45.2,783.1,31.65,8.96,10.69,39.63,0.0
beledweyne,2025062008,4.74,45.2,869.25,33.24,8.75,10.4,34.89,0.0
beledweyne,2025062009,4.74,45.2,825.8,34.33,8.55,10.17,32.39,0.0
beledweyne,2025062010,4.74,45.2,797.08,34.9,8.42,10.04,31.37,0.0
beledweyne,2025062011,4.74,45.2,668.88,34.85,8.24,9.89,31.84,0.0
beledweyne,2025062012,4.74,45.2,450.95,34.26,7.94,9.63,33.74,0.0
beledweyne,2025062013,4.74,45.2,246.32,33.1,7.7,9.62,37.75,0.0
beledweyne,2025062014,4.74,45.2,70.12,30.97,6.72,9.53,45.91,0.0
beledweyne,2025062015,4.74,45.2,0.0,28.8,6.12,9.42,55.78,0.0
beledweyne,2025062016,4.74,45.2,0.0,27.54,6.29,9.13,63.73,0.0
beledweyne,2025062017,4.74,45.2,0.0,26.51,6.3,8.76,71.61,0.0
beledweyne,2025062018,4.74,45.2,0.0,25.74,5.96,8.11,78.06,0.0
beledweyne,2025062019,4.74,45.2,0.0,25.03,5.54,7.59,83.09,0.0
beledweyne,2025062020,4.74,45.2,0.0,24.31,5.42,7.47,87.35,0.0
beledweyne,2025062021,4.74,45.2,0.0,23.76,5.79,7.9,90.08,0.0
beledweyne,2025062022,4.74,45.2,0.0,23.53,6.11,8.22,90.43,0.0
beledweyne,2025062023,4.74,45.2,0.0,23.43,6.54,8.77,89.5,0.01
beledweyne,2025062100,4.74,45.2,0.0,23.29,6.51,8.79,88.97,0.01
beledweyne,2025062101,4.74,45.2,0.0,23.07,6.09,8.43,89.13,0.01
beledweyne,2025062102,4.74,45.2,0.0,22.76,5.69,8.09,89.81,0.01
beledweyne,2025062103,4.74,45.2,80.78,23.14,6.1,7.95,86.89,0.0
beledweyne,2025062104,4.74,45.2,283.45,24.94,7.81,9.75,76.49,0.0
beledweyne,2025062105,4.74,45.2,504.8,27.38,8.48,10.27,63.94,0.0
beledweyne,2025062106,4.74,45.2,697.55,29.69,8.37,9.98,53.09,0.0
beledweyne,2025062107,4.74,45.2,837.28,31.5,8.21,9.74,45.27,0.0
beledweyne,2025062108,4.74,45.2,907.08,32.29,8.12,9.71,41.01,0.0
beledweyne,2025062109,4.74,45.2,772.05,32.77,7.86,9.41,38.3,0.0
beledweyne,2025062110,4.74,45.2,838.67,33.77,7.88,9.36,35.53,0.0
beledweyne,2025062111,4.74,45.2,698.17,34.06,7.85,9.34,34.5,0.0
beledweyne,2025062112,4.74,45.2,509.12,33.38,7.68,9.35,35.69,0.0
beledweyne,2025062113,4.74,45.2,282.0,32.22,7.26,9.38,38.83,0.0
beledweyne,2025062114,4.74,45.2,77.35,30.35,6.13,9.22,45.02,0.0
beledweyne,2025062115,4.74,45.2,0.0,27.95,5.34,9.18,53.9,0.0
beledweyne,2025062116,4.74,45.2,0.0,26.86,5.84,9.13,59.22,0.0
beledweyne,2025062117,4.74,45.2,0.0,25.88,5.84,8.74,65.22,0.0
beledweyne,2025062118,4.74,45.2,0.0,25.11,5.8,8.45,71.13,0.0
beledweyne,2025062119,4.74,45.2,0.0,24.45,5.82,8.27,77.37,0.0
beledweyne,2025062120,4.74,45.2,0.0,23.78,5.88,8.15,83.93,0.0
beledweyne,2025062121,4.74,45.2,0.0,23.18,6.22,8.59,89.08,0.0
beledweyne,2025062122,4.74,45.2,0.0,22.78,6.31,8.66,91.26,0.0
beledweyne,2025062123,4.74,45.2,0.0,22.44,6.06,8.47,91.93,0.0
beledweyne,2025062200,4.74,45.2,0.0,22.12,5.65,8.14,92.41,0.01
beledweyne,2025062201,4.74,45.2,0.0,21.89,5.25,7.78,92.89,0.01
beledweyne,2025062202,4.74,45.2,0.0,21.8,4.74,7.21,93.18,0.01
beledweyne,2025062203,4.74,45.2,72.72,22.5,5.18,6.93,89.6,0.01
beledweyne,2025062204,4.74,45.2,248.38,24.4,7.35,9.36,78.9,0.0
beledweyne,2025062205,4.74,45.2,441.0,26.74,8.37,10.14,65.3,0.0
beledweyne,2025062206,4.74,45.2,644.9,29.1,8.39,9.98,53.4,0.0
beledweyne,2025062207,4.74,45.2,821.65,31.09,8.33,9.83,44.96,0.0
beledweyne,2025062208,4.74,45.2,900.22,32.64,8.35,9.83,39.73,0.0
beledweyne,2025062209,4.74,45.2,888.5,33.72,8.42,9.88,36.97,0.0
beledweyne,2025062210,4.74,45.2,762.45,34.28,8.51,9.98,36.05,0.0
beledweyne,2025062211,4.74,45.2,673.85,34.24,8.47,9.98,36.47,0.0
beledweyne,2025062212,4.74,45.2,480.1,33.57,8.28,9.87,38.2,0.0
beledweyne,2025062213,4.74,45.2,234.8,32.32,8.02,9.86,41.58,0.0
beledweyne,2025062214,4.74,45.2,59.28,30.48,7.29,9.83,47.38,0.0
beledweyne,2025062215,4.74,45.2,0.0,28.4,6.71,9.75,54.93,0.0
beledweyne,2025062216,4.74,45.2,0.0,27.06,6.41,9.01,61.08,0.0
beledweyne,2025062217,4.74,45.2,0.0,26.04,6.1,8.41,66.66,0.0
beledweyne,2025062218,4.74,45.2,0.0,25.22,5.79,7.86,71.81,0.0
beledweyne,2025062219,4.74,45.2,0.0,24.54,5.59,7.52,76.66,0.0
beledweyne,2025062220,4.74,45.2,0.0,23.9,5.49,7.31,81.54,0.0
beledweyne,2025062221,4.74,45.2,0.0,23.36,5.21,6.96,85.91,0.0
beledweyne,2025062222,4.74,45.2,0.0,23.0,4.85,6.58,88.98,0.0
beledweyne,2025062223,4.74,45.2,0.0,22.81,4.58,6.38,90.62,0.01
beledweyne,2025062300,4.74,45.2,0.0,22.6,4.35,6.33,91.87,0.01
beledweyne,2025062301,4.74,45.2,0.0,22.38,4.21,6.33,92.81,0.01
beledweyne,2025062302,4.74,45.2,0.0,22.27,4.55,6.91,92.5,0.01
beledweyne,2025062303,4.74,45.2,74.88,22.9,5.54,7.21,88.14,0.01
beledweyne,2025062304,4.74,45.2,269.35,24.85,7.12,8.9,77.5,0.01
beledweyne,2025062305,4.74,45.2,482.12,27.14,8.37,10.11,65.28,0.01
beledweyne,2025062306,4.74,45.2,646.47,29.16,8.72,10.33,55.42,0.01
beledweyne,2025062307,4.74,45.2,750.92,30.87,8.75,10.28,48.4,0.01
beledweyne,2025062308,4.74,45.2,821.65,32.19,8.68,10.13,43.61,0.01
beledweyne,2025062309,4.74,45.2,846.2,33.03,8.6,10.0,40.85,0.02
beledweyne,2025062310,4.74,45.2,718.92,33.3,8.61,9.99,39.75,0.02
beledweyne,2025062311,4.74,45.2,630.38,32.93,8.69,10.15,40.24,0.02
beledweyne,2025062312,4.74,45.2,457.27,31.92,8.63,10.26,42.49,0.01
beledweyne,2025062313,4.74,45.2,240.07,30.49,8.35,10.28,46.56,0.0
beledweyne,2025062314,4.74,45.2,66.5,28.91,7.3,9.69,52.44,0.0
beledweyne,2025062315,4.74,45.2,0.0,27.3,5.89,8.88,59.8,0.0
beledweyne,2025062316,4.74,45.2,0.0,26.43,5.39,8.34,64.82,0.0
beledweyne,2025062317,4.74,45.2,0.0,25.69,4.72,7.47,69.65,0.0
beledweyne,2025062318,4.74,45.2,0.0,24.98,4.45,7.04,74.31,0.0
beledweyne,2025062319,4.74,45.2,0.0,24.27,4.49,6.91,78.87,0.0
beledweyne,2025062320,4.74,45.2,0.0,23.54,4.47,6.74,83.57,0.0
beledweyne,2025062321,4.74,45.2,0.0,22.9,4.38,6.49,87.61,0.0
beledweyne,2025062322,4.74,45.2,0.0,22.39,4.34,6.31,90.38,0.0
beledweyne,2025062323,4.74,45.2,0.0,21.95,4.2,6.3,92.11,0.0
beledweyne,2025062400,4.74,45.2,0.0,21.49,4.04,6.41,93.47,0.0
beledweyne,2025062401,4.74,45.2,0.0,21.02,3.8,6.43,94.88,0.0
beledweyne,2025062402,4.74,45.2,0.0,20.72,3.64,6.3,95.37,0.01
beledweyne,2025062403,4.74,45.2,77.72,21.51,4.47,5.98,90.13,0.0
beledweyne,2025062404,4.74,45.2,280.35,23.39,6.26,7.85,79.32,0.0
beledweyne,2025062405,4.74,45.2,498.12,25.59,7.23,8.81,67.75,0.0
beledweyne,2025062406,4.74,45.2,684.8,28.0,7.38,8.85,57.31,0.0
beledweyne,2025062407,4.74,45.2,818.83,30.21,7.21,8.59,49.42,0.0
beledweyne,2025062408,4.74,45.2,887.38,32.27,6.93,8.22,43.33,0.0
beledweyne,2025062409,4.74,45.2,878.08,34.08,6.69,7.9,38.47,0.0
beledweyne,2025062410,4.74,45.2,820.42,35.07,6.63,7.82,35.71,0.0
beledweyne,2025062411,4.74,45.2,621.33,35.26,6.79,8.01,34.8,0.01
beledweyne,2025062412,4.74,45.2,404.33,34.53,7.19,8.52,36.27,0.01
beledweyne,2025062413,4.74,45.2,228.7,33.0,7.72,9.44,40.65,0.01
beledweyne,2025062414,4.74,45.2,69.65,30.71,7.57,10.06,48.79,0.0
beledweyne,2025062415,4.74,45.2,0.0,28.45,7.1,9.85,58.65,0.0
beledweyne,2025062416,4.74,45.2,0.0,27.2,6.8,9.28,66.11,0.0
beledweyne,2025062417,4.74,45.2,0.0,26.44,6.13,8.47,71.34,0.0
beledweyne,2025062418,4.74,45.2,0.0,25.83,5.55,7.75,75.48,0.0
beledweyne,2025062419,4.74,45.2,0.0,25.23,5.09,7.19,79.58,0.0
beledweyne,2025062420,4.74,45.2,0.0,24.65,4.75,6.77,83.39,0.0
beledweyne,2025062421,4.74,45.2,0.0,24.13,4.56,6.52,86.78,0.0
beledweyne,2025062422,4.74,45.2,0.0,23.74,4.44,6.4,89.26,0.01
beledweyne,2025062423,4.74,45.2,0.0,23.5,4.34,6.25,90.69,0.01
beledweyne,2025062500,4.74,45.2,0.0,23.37,4.41,6.34,91.38,0.04
beledweyne,2025062501,4.74,45.2,0.0,23.29,4.37,6.37,91.62,0.06
beledweyne,2025062502,4.74,45.2,0.0,23.2,4.04,6.05,91.86,0.07
beledweyne,2025062503,4.74,45.2,72.55,23.63,4.21,5.48,89.73,0.1
beledweyne,2025062504,4.74,45.2,236.88,25.48,6.19,7.84,80.04,0.11
beledweyne,2025062505,4.74,45.2,399.17,27.58,7.24,8.62,68.55,0.13
beledweyne,2025062506,4.74,45.2,502.8,29.2,7.19,8.39,60.7,0.12
beledweyne,2025062507,4.74,45.2,584.95,30.49,7.12,8.24,55.47,0.12
beledweyne,2025062508,4.74,45.2,666.88,31.47,7.09,8.18,51.57,0.12
beledweyne,2025062509,4.74,45.2,764.1,32.15,7.13,8.25,48.8,0.11
beledweyne,2025062510,4.74,45.2,687.12,32.55,7.17,8.36,46.9,0.08
beledweyne,2025062511,4.74,45.2,605.53,32.58,7.07,8.3,45.91,0.06
beledweyne,2025062512,4.74,45.2,469.2,32.05,6.98,8.3,46.61,0.03
beledweyne,2025062513,4.74,45.2,255.75,31.12,6.91,8.47,49.01,0.01
beledweyne,2025062514,4.74,45.2,74.43,29.7,6.27,8.56,53.75,0.0
beledweyne,2025062515,4.74,45.2,0.0,28.12,5.81,8.84,59.39,0.0
beledweyne,2025062516,4.74,45.2,0.0,27.21,6.19,8.98,62.68,0.0
beledweyne,2025062517,4.74,45.2,0.0,26.26,6.08,8.6,66.84,0.0
beledweyne,2025062518,4.74,45.2,0.0,25.3,6.32,8.59,71.8,0.0
beledweyne,2025062519,4.74,45.2,0.0,24.36,6.81,9.16,77.49,0.0
beledweyne,2025062520,4.74,45.2,0.0,23.64,6.85,9.01,82.27,0.0
beledweyne,2025062521,4.74,45.2,0.0,23.19,6.34,8.4,85.09,0.0
beledweyne,2025062522,4.74,45.2,0.0,22.91,6.09,8.19,86.62,0.0
beledweyne,2025062523,4.74,45.2,0.0,22.66,6.04,8.2,87.7,0.01
beledweyne,2025062600,4.74,45.2,0.0,22.44,6.03,8.28,88.56,0.01
beledweyne,2025062601,4.74,45.2,0.0,22.24,5.91,8.15,89.26,0.01
beledweyne,2025062602,4.74,45.2,0.0,22.07,5.74,8.04,89.87,0.02
beledweyne,2025062603,4.74,45.2,73.12,22.46,5.99,7.8,87.77,0.01
beledweyne,2025062604,4.74,45.2,274.17,24.17,7.7,9.7,78.25,0.0
beledweyne,2025062605,4.74,45.2,502.6,26.47,8.63,10.38,65.09,0.0
beledweyne,2025062606,4.74,45.2,621.28,28.48,8.48,10.01,54.95,0.0
beledweyne,2025062607,4.74,45.2,609.3,30.45,8.14,9.5,46.56,0.0
beledweyne,2025062608,4.74,45.2,618.4,32.14,7.93,9.25,40.56,0.0
beledweyne,2025062609,4.74,45.2,609.25,33.38,7.83,9.13,36.88,0.0
beledweyne,2025062610,4.74,45.2,529.72,34.14,7.74,9.05,35.04,0.0
beledweyne,2025062611,4.74,45.2,402.35,34.33,7.69,9.01,34.67,0.0
beledweyne,2025062612,4.74,45.2,311.62,33.72,7.64,9.04,36.05,0.0
beledweyne,2025062613,4.74,45.2,144.2,32.34,7.64,9.32,39.5,0.0
beledweyne,2025062614,4.74,45.2,45.67,30.46,7.27,9.65,45.29,0.0
beledweyne,2025062615,4.74,45.2,0.0,28.35,7.3,10.33,52.59,0.0
beledweyne,2025062616,4.74,45.2,0.0,26.94,7.69,10.53,58.69,0.0
beledweyne,2025062617,4.74,45.2,0.0,25.83,7.51,10.09,64.62,0.0
beledweyne,2025062618,4.74,45.2,0.0,24.93,7.03,9.35,70.25,0.0
beledweyne,2025062619,4.74,45.2,0.0,24.13,6.65,8.8,75.62,0.0
beledweyne,2025062620,4.74,45.2,0.0,23.49,6.31,8.3,79.97,0.0
beledweyne,2025062621,4.74,45.2,0.0,22.95,5.99,7.83,83.6,0.0
beledweyne,2025062622,4.74,45.2,0.0,22.49,5.9,7.82,86.57,0.0
beledweyne,2025062623,4.74,45.2,0.0,22.15,5.92,7.92,88.38,0.0
beledweyne,2025062700,4.74,45.2,0.0,21.93,6.02,8.16,89.24,0.0
beledweyne,2025062701,4.74,45.2,0.0,21.78,6.01,8.26,89.66,0.0
beledweyne,2025062702,4.74,45.2,0.0,21.66,5.95,8.26,90.07,0.0
beledweyne,2025062703,4.74,45.2,68.2,22.24,6.57,8.47,86.98,0.0
beledweyne,2025062704,4.74,45.2,253.25,24.12,8.43,10.51,76.07,0.0
beledweyne,2025062705,4.74,45.2,478.15,26.29,9.16,11.06,64.87,0.0
beledweyne,2025062706,4.74,45.2,602.75,28.56,9.13,10.82,55.98,0.0
beledweyne,2025062707,4.74,45.2,718.28,30.63,8.94,10.5,49.41,0.0
beledweyne,2025062708,4.74,45.2,651.35,32.21,8.84,10.34,45.1,0.0
beledweyne,2025062709,4.74,45.2,598.12,33.19,8.81,10.31,42.43,0.0
beledweyne,2025062710,4.74,45.2,460.48,33.74,8.87,10.43,40.57,0.0
beledweyne,2025062711,4.74,45.2,357.73,33.78,8.84,10.52,39.74,0.0
beledweyne,2025062712,4.74,45.2,295.52,33.27,8.68,10.5,40.26,0.0
beledweyne,2025062713,4.74,45.2,164.65,32.18,8.3,10.35,42.72,0.01
beledweyne,2025062714,4.74,45.2,59.78,30.4,7.82,10.41,48.22,0.0
beledweyne,2025062715,4.74,45.2,0.0,28.32,8.28,11.2,56.3,0.0
beledweyne,2025062716,4.74,45.2,0.0,26.66,8.96,11.64,64.14,0.0
beledweyne,2025062717,4.74,45.2,0.0,25.31,8.72,11.28,70.78,0.0
beledweyne,2025062718,4.74,45.2,0.0,24.44,8.06,10.5,74.91,0.0
beledweyne,2025062719,4.74,45.2,0.0,23.83,7.57,9.95,77.62,0.0
beledweyne,2025062720,4.74,45.2,0.0,23.25,7.43,9.81,80.03,0.0
beledweyne,2025062721,4.74,45.2,0.0,22.66,7.2,9.51,82.51,0.0
beledweyne,2025062722,4.74,45.2,0.0,22.15,6.9,9.23,84.73,0.0
beledweyne,2025062723,4.74,45.2,0.0,21.75,6.78,9.15,86.22,0.0
beledweyne,2025062800,4.74,45.2,0.0,21.51,6.69,9.08,86.56,0.0
beledweyne,2025062801,4.74,45.2,0.0,21.3,6.36,8.73,86.85,0.0
beledweyne,2025062802,4.74,45.2,0.0,21.07,5.97,8.41,87.57,0.0
beledweyne,2025062803,4.74,45.2,65.43,21.69,6.35,8.2,84.33,0.0
beledweyne,2025062804,4.74,45.2,240.9,23.98,8.5,10.66,73.49,0.0
beledweyne,2025062805,4.74,45.2,457.25,26.48,9.44,11.42,61.59,0.0
beledweyne,2025062806,4.74,45.2,661.05,28.7,9.3,11.07,51.21,0.0
beledweyne,2025062807,4.74,45.2,812.53,30.64,9.03,10.66,43.3,0.0
beledweyne,2025062808,4.74,45.2,891.75,32.08,8.95,10.55,38.17,0.0
beledweyne,2025062809,4.74,45.2,902.97,33.1,8.96,10.54,35.28,0.0
beledweyne,2025062810,4.74,45.2,822.35,33.49,9.05,10.66,34.33,0.0
beledweyne,2025062811,4.74,45.2,652.2,33.19,9.21,10.9,34.98,0.0
beledweyne,2025062812,4.74,45.2,493.65,32.35,9.27,11.09,37.08,0.0
beledweyne,2025062813,4.74,45.2,240.93,31.2,9.04,11.07,40.37,0.0
beledweyne,2025062814,4.74,45.2,61.22,29.54,8.13,10.63,45.96,0.0
beledweyne,2025062815,4.74,45.2,0.0,27.54,6.74,9.87,53.97,0.0
beledweyne,2025062816,4.74,45.2,0.0,26.45,6.0,8.86,59.99,0.0
beledweyne,2025062817,4.74,45.2,0.0,25.59,5.73,8.35,65.67,0.0
beledweyne,2025062818,4.74,45.2,0.0,24.79,5.92,8.3,71.59,0.0
beledweyne,2025062819,4.74,45.2,0.0,23.94,6.48,8.86,77.9,0.0
beledweyne,2025062820,4.74,45.2,0.0,23.23,6.4,8.63,82.97,0.0
beledweyne,2025062821,4.74,45.2,0.0,22.71,6.16,8.38,86.54,0.0
beledweyne,2025062822,4.74,45.2,0.0,22.34,5.93,8.19,88.98,0.01
beledweyne,2025062823,4.74,45.2,0.0,22.17,5.81,8.09,90.12,0.02
beledweyne,2025062900,4.74,45.2,0.0,22.11,5.74,8.09,90.57,0.02
beledweyne,2025062901,4.74,45.2,0.0,22.11,5.75,8.14,90.43,0.02
beledweyne,2025062902,4.74,45.2,0.0,22.06,5.66,8.13,90.15,0.02
beledweyne,2025062903,4.74,45.2,58.3,22.58,6.16,8.13,86.94,0.02
beledweyne,2025062904,4.74,45.2,178.8,24.23,8.37,10.61,76.65,0.01
beledweyne,2025062905,4.74,45.2,299.88,26.38,9.67,11.78,64.4,0.0
beledweyne,2025062906,4.74,45.2,538.2,28.34,10.04,12.06,55.11,0.0
beledweyne,2025062907,4.74,45.2,645.25,29.95,10.18,12.14,48.64,0.0
beledweyne,2025062908,4.74,45.2,711.05,31.35,10.21,12.11,44.06,0.0
beledweyne,2025062909,4.74,45.2,693.8,32.47,10.15,12.01,41.0,0.0
beledweyne,2025062910,4.74,45.2,568.97,33.04,10.16,12.03,39.63,0.0
beledweyne,2025062911,4.74,45.2,397.12,32.71,9.9,11.83,40.34,0.0
beledweyne,2025062912,4.74,45.2,348.77,32.04,9.56,11.58,42.29,0.01
beledweyne,2025062913,4.74,45.2,173.18,30.96,9.19,11.36,45.67,0.02
beledweyne,2025062914,4.74,45.2,51.25,29.32,8.53,11.09,51.33,0.01
beledweyne,2025062915,4.74,45.2,0.0,27.64,7.75,10.59,58.17,0.0
beledweyne,2025062916,4.74,45.2,0.0,26.63,7.6,10.26,63.33,0.0
beledweyne,2025062917,4.74,45.2,0.0,25.75,7.41,9.93,68.07,0.0
beledweyne,2025062918,4.74,45.2,0.0,24.93,7.24,9.66,72.89,0.0
beledweyne,2025062919,4.74,45.2,0.0,24.23,7.09,9.41,77.2,0.0
beledweyne,2025062920,4.74,45.2,0.0,23.62,7.01,9.32,80.76,0.0
beledweyne,2025062921,4.74,45.2,0.0,23.07,7.06,9.45,83.49,0.0
beledweyne,2025062922,4.74,45.2,0.0,22.65,7.1,9.58,85.08,0.0
beledweyne,2025062923,4.74,45.2,0.0,22.31,6.87,9.42,85.98,0.0
beledweyne,2025063000,4.74,45.2,0.0,22.04,6.41,8.98,86.79,0.0
beledweyne,2025063001,4.74,45.2,0.0,21.85,5.98,8.57,87.74,0.0
beledweyne,2025063002,4.74,45.2,0.0,21.73,5.75,8.38,88.6,0.0
beledweyne,2025063003,4.74,45.2,70.5,22.46,6.32,8.28,85.17,0.0
beledweyne,2025063004,4.74,45.2,262.67,24.63,8.29,10.41,74.03,0.0
beledweyne,2025063005,4.74,45.2,480.67,26.94,9.47,11.51,62.19,0.0
beledweyne,2025063006,4.74,45.2,660.28,29.03,9.85,11.8,52.9,0.0
beledweyne,2025063007,4.74,45.2,789.0,30.78,9.92,11.78,46.41,0.0
beledweyne,2025063008,4.74,45.2,811.97,32.23,9.79,11.58,41.87,0.0
beledweyne,2025063009,4.74,45.2,734.8,33.28,9.54,11.25,38.98,0.0
beledweyne,2025063010,4.74,45.2,632.08,33.79,9.33,10.97,37.81,0.01
beledweyne,2025063011,4.74,45.2,410.05,33.66,9.29,10.96,38.44,0.02
beledweyne,2025063012,4.74,45.2,259.33,32.93,9.31,11.1,40.42,0.03
beledweyne,2025063013,4.74,45.2,145.73,31.62,9.03,11.05,44.16,0.02
beledweyne,2025063014,4.74,45.2,44.0,29.86,8.24,10.68,50.33,0.01
beledweyne,2025063015,4.74,45.2,0.0,28.11,7.59,10.32,57.94,0.01
beledweyne,2025063016,4.74,45.2,0.0,26.94,7.37,9.86,64.15,0.01
beledweyne,2025063017,4.74,45.2,0.0,25.95,7.14,9.53,69.69,0.0
beledweyne,2025063018,4.74,45.2,0.0,25.17,6.85,9.11,74.0,0.0
beledweyne,2025063019,4.74,45.2,0.0,24.53,6.5,8.7,77.59,0.0
beledweyne,2025063020,4.74,45.2,0.0,23.97,6.46,8.63,80.62,0.0
beledweyne,2025063021,4.74,45.2,0.0,23.45,6.44,8.64,83.25,0.0
beledweyne,2025063022,4.74,45.2,0.0,23.06,6.37,8.59,84.93,0.0
beledweyne,2025063023,4.74,45.2,0.0,22.83,6.11,8.37,85.73,0.0
beledweyne,2025070100,4.74,45.2,0.0,22.7,5.79,8.1,86.3,0.0
beledweyne,2025070101,4.74,45.2,0.0,22.59,5.62,8.01,86.87,0.0
beledweyne,2025070102,4.74,45.2,0.0,22.51,5.59,8.06,87.46,0.0
beledweyne,2025070103,4.74,45.2,63.65,23.08,6.25,8.16,84.47,0.0
beledweyne,2025070104,4.74,45.2,236.88,24.75,8.12,10.2,74.94,0.0
beledweyne,2025070105,4.74,45.2,395.75,26.68,9.09,11.08,64.1,0.0
beledweyne,2025070106,4.74,45.2,618.45,28.62,9.14,10.92,54.53,0.0
beledweyne,2025070107,4.74,45.2,745.2,30.32,8.91,10.57,47.21,0.0
beledweyne,2025070108,4.74,45.2,765.0,31.46,8.61,10.21,42.85,0.0
beledweyne,2025070109,4.74,45.2,759.1,32.53,8.32,9.88,39.88,0.0
beledweyne,2025070110,4.74,45.2,616.95,33.31,8.17,9.69,37.98,0.0
beledweyne,2025070111,4.74,45.2,461.95,33.5,8.1,9.6,37.54,0.0
beledweyne,2025070112,4.74,45.2,252.8,32.96,8.07,9.62,38.86,0.01
beledweyne,2025070113,4.74,45.2,159.85,31.61,8.01,9.87,42.45,0.0
beledweyne,2025070114,4.74,45.2,49.35,29.82,7.71,10.21,47.64,0.0
beledweyne,2025070115,4.74,45.2,0.0,28.16,7.3,10.04,52.65,0.0
beledweyne,2025070116,4.74,45.2,0.0,26.98,6.73,9.28,56.6,0.0
beledweyne,2025070117,4.74,45.2,0.0,26.06,6.83,9.36,60.04,0.0
beledweyne,2025070118,4.74,45.2,0.0,25.21,6.95,9.29,64.88,0.0
beledweyne,2025070119,4.74,45.2,0.0,24.48,7.11,9.31,70.66,0.0
beledweyne,2025070120,4.74,45.2,0.0,23.92,6.96,9.09,75.35,0.0
beledweyne,2025070121,4.74,45.2,0.0,23.53,6.93,9.18,78.56,0.0
beledweyne,2025070122,4.74,45.2,0.0,23.23,6.72,8.87,80.96,0.0
beledweyne,2025070123,4.74,45.2,0.0,23.03,6.52,8.7,82.5,0.0
beledweyne,2025070200,4.74,45.2,0.0,22.91,6.25,8.46,83.41,0.0
beledweyne,2025070201,4.74,45.2,0.0,22.86,6.02,8.17,83.88,0.0
beledweyne,2025070202,4.74,45.2,0.0,22.8,5.99,8.18,84.42,0.0
beledweyne,2025070203,4.74,45.2,59.92,23.18,6.74,8.77,82.47,0.0
beledweyne,2025070204,4.74,45.2,241.98,24.68,8.45,10.69,74.14,0.01
beledweyne,2025070205,4.74,45.2,451.58,26.79,9.67,11.72,62.92,0.01
beledweyne,2025070206,4.74,45.2,637.53,28.87,9.89,11.77,53.6,0.01
beledweyne,2025070207,4.74,45.2,797.47,30.68,9.79,11.52,46.36,0.0
beledweyne,2025070208,4.74,45.2,874.9,32.16,9.68,11.35,40.96,0.0
beledweyne,2025070209,4.74,45.2,894.15,33.24,9.55,11.17,37.1,0.0
beledweyne,2025070210,4.74,45.2,682.7,33.78,9.55,11.18,34.91,0.0
beledweyne,2025070211,4.74,45.2,410.2,33.45,9.59,11.3,34.93,0.0
beledweyne,2025070212,4.74,45.2,204.68,32.53,9.49,11.36,36.59,0.0
beledweyne,2025070213,4.74,45.2,136.5,31.42,9.2,11.25,38.78,0.0
beledweyne,2025070214,4.74,45.2,41.65,29.75,8.27,10.76,42.47,0.0
beledweyne,2025070215,4.74,45.2,0.0,27.64,6.92,9.92,48.75,0.0
beledweyne,2025070216,4.74,45.2,0.0,26.25,6.2,8.98,54.66,0.0
beledweyne,2025070217,4.74,45.2,0.0,25.26,6.11,8.7,59.83,0.0
beledweyne,2025070218,4.74,45.2,0.0,24.47,5.98,8.35,64.92,0.0
beledweyne,2025070219,4.74,45.2,0.0,23.76,5.72,7.85,70.03,0.0
beledweyne,2025070220,4.74,45.2,0.0,23.14,5.53,7.5,74.58,0.0
beledweyne,2025070221,4.74,45.2,0.0,22.62,5.51,7.38,78.34,0.0
beledweyne,2025070222,4.74,45.2,0.0,22.17,5.34,7.26,81.3,0.0
beledweyne,2025070223,4.74,45.2,0.0,21.71,5.05,7.11,84.03,0.0
beledweyne,2025070300,4.74,45.2,0.0,21.36,4.77,6.88,85.87,0.0
beledweyne,2025070301,4.74,45.2,0.0,21.11,4.46,6.52,86.99,0.0
beledweyne,2025070302,4.74,45.2,0.0,21.01,4.23,6.24,87.38,0.0
beledweyne,2025070303,4.74,45.2,55.22,21.73,4.97,6.45,83.95,0.0
beledweyne,2025070304,4.74,45.2,199.02,24.13,7.78,9.84,74.02,0.0
beledweyne,2025070305,4.74,45.2,322.85,26.58,9.4,11.4,63.01,0.0
beledweyne,2025070306,4.74,45.2,536.03,28.27,9.53,11.39,55.56,0.0
beledweyne,2025070307,4.74,45.2,711.92,29.74,9.43,11.15,49.59,0.0
beledweyne,2025070308,4.74,45.2,756.03,31.42,9.32,10.94,43.16,0.0
beledweyne,2025070309,4.74,45.2,687.58,32.8,9.18,10.75,37.74,0.0
beledweyne,2025070310,4.74,45.2,504.2,33.61,9.06,10.64,34.65,0.0
beledweyne,2025070311,4.74,45.2,364.05,33.85,9.04,10.68,33.75,0.0
beledweyne,2025070312,4.74,45.2,234.38,33.36,9.12,10.86,34.89,0.0
beledweyne,2025070313,4.74,45.2,132.15,32.1,9.04,11.06,38.07,0.0
beledweyne,2025070314,4.74,45.2,38.47,30.31,8.26,10.83,43.22,0.0
beledweyne,2025070315,4.74,45.2,0.0,28.35,7.26,10.28,49.84,0.0
beledweyne,2025070316,4.74,45.2,0.0,26.94,6.68,9.38,55.43,0.0
beledweyne,2025070317,4.74,45.2,0.0,25.74,6.41,8.86,60.63,0.0
beledweyne,2025070318,4.74,45.2,0.0,24.78,6.53,8.81,65.32,0.0
beledweyne,2025070319,4.74,45.2,0.0,23.95,6.6,8.88,69.92,0.0
beledweyne,2025070320,4.74,45.2,0.0,23.22,6.91,9.15,74.26,0.0
beledweyne,2025070321,4.74,45.2,0.0,22.64,6.72,8.85,77.79,0.0
beledweyne,2025070322,4.74,45.2,0.0,22.24,6.49,8.63,80.14,0.0
beledweyne,2025070323,4.74,45.2,0.0,21.95,6.32,8.47,81.79,0.0
beledweyne,2025070400,4.74,45.2,0.0,21.73,6.14,8.28,83.13,0.0
beledweyne,2025070401,4.74,45.2,0.0,21.56,5.9,8.05,84.38,0.0
beledweyne,2025070402,4.74,45.2,0.0,21.39,5.61,7.75,85.66,0.0
beledweyne,2025070403,4.74,45.2,54.2,21.74,5.82,7.54,84.3,0.0
beledweyne,2025070404,4.74,45.2,234.25,23.26,7.74,9.85,76.29,0.0
beledweyne,2025070405,4.74,45.2,452.1,25.3,8.96,10.99,65.22,0.0
beledweyne,2025070406,4.74,45.2,617.58,27.55,9.18,10.99,54.58,0.0
beledweyne,2025070407,4.74,45.2,733.35,29.65,8.99,10.62,46.35,0.0
beledweyne,2025070408,4.74,45.2,762.47,31.22,8.77,10.3,41.03,0.0
beledweyne,2025070409,4.74,45.2,606.88,32.01,8.54,10.05,38.38,0.0
beledweyne,2025070410,4.74,45.2,496.23,32.1,8.23,9.77,37.67,0.0
beledweyne,2025070411,4.74,45.2,356.45,31.79,7.95,9.55,38.34,0.0
beledweyne,2025070412,4.74,45.2,240.77,31.33,7.72,9.41,39.95,0.0
beledweyne,2025070413,4.74,45.2,127.05,30.68,7.57,9.47,42.65,0.0
beledweyne,2025070414,4.74,45.2,38.15,29.44,6.89,9.33,48.04,0.0
beledweyne,2025070415,4.74,45.2,0.0,27.85,6.84,9.81,55.64,0.0
beledweyne,2025070416,4.74,45.2,0.0,26.83,7.55,10.18,61.71,0.0
beledweyne,2025070417,4.74,45.2,0.0,25.83,8.03,10.58,67.06,0.0
beledweyne,2025070418,4.74,45.2,0.0,24.85,7.98,10.42,71.64,0.0
beledweyne,2025070419,4.74,45.2,0.0,24.03,7.7,10.06,75.38,0.0
beledweyne,2025070420,4.74,45.2,0.0,23.39,7.42,9.72,78.71,0.0
beledweyne,2025070421,4.74,45.2,0.0,22.85,7.18,9.49,82.4,0.0
beledweyne,2025070422,4.74,45.2,0.0,22.46,6.87,9.15,85.6,0.01
beledweyne,2025070423,4.74,45.2,0.0,22.24,6.55,8.8,87.49,0.01
beledweyne,2025070500,4.74,45.2,0.0,22.08,6.15,8.35,88.53,0.08
beledweyne,2025070501,4.74,45.2,0.0,21.96,6.03,8.33,89.01,0.07
beledweyne,2025070502,4.74,45.2,0.0,21.89,5.98,8.28,89.11,0.08
beledweyne,2025070503,4.74,45.2,45.78,22.28,6.31,8.23,86.98,0.08
beledweyne,2025070504,4.74,45.2,192.55,23.65,7.75,9.74,78.98,0.06
beledweyne,2025070505,4.74,45.2,409.95,25.85,8.7,10.48,67.09,0.04
beledweyne,2025070506,4.74,45.2,558.42,28.31,8.83,10.39,55.88,0.01
beledweyne,2025070507,4.74,45.2,742.12,30.34,8.64,10.08,47.52,0.0
beledweyne,2025070508,4.74,45.2,775.55,31.92,8.47,9.83,41.92,0.0
beledweyne,2025070509,4.74,45.2,548.92,33.04,8.38,9.7,38.48,0.0
beledweyne,2025070510,4.74,45.2,441.5,33.61,8.35,9.68,36.9,0.0
beledweyne,2025070511,4.74,45.2,239.85,33.6,8.33,9.69,36.79,0.0
beledweyne,2025070512,4.74,45.2,162.9,32.88,8.17,9.65,38.35,0.0
beledweyne,2025070513,4.74,45.2,135.45,31.69,8.0,9.72,41.38,0.0
beledweyne,2025070514,4.74,45.2,42.9,30.01,7.45,9.78,46.34,0.0
beledweyne,2025070515,4.74,45.2,0.0,28.26,7.26,10.04,52.12,0.0
beledweyne,2025070516,4.74,45.2,0.0,27.0,7.44,10.1,56.67,0.0
beledweyne,2025070517,4.74,45.2,0.0,25.82,7.61,10.1,61.69,0.0
beledweyne,2025070518,4.74,45.2,0.0,24.73,7.72,10.07,67.41,0.0
beledweyne,2025070519,4.74,45.2,0.0,23.88,7.31,9.44,72.47,0.0
beledweyne,2025070520,4.74,45.2,0.0,23.23,7.02,9.1,76.35,0.0
beledweyne,2025070521,4.74,45.2,0.0,22.71,6.97,9.04,79.27,0.0
beledweyne,2025070522,4.74,45.2,0.0,22.29,6.83,8.95,81.63,0.0
beledweyne,2025070523,4.74,45.2,0.0,21.98,6.43,8.58,83.3,0.0
beledweyne,2025070600,4.74,45.2,0.0,21.75,6.03,8.14,84.63,0.0
beledweyne,2025070601,4.74,45.2,0.0,21.62,5.67,7.7,85.54,0.0
beledweyne,2025070602,4.74,45.2,0.0,21.52,5.47,7.49,86.39,0.01
beledweyne,2025070603,4.74,45.2,45.25,22.03,6.1,7.78,84.23,0.01
beledweyne,2025070604,4.74,45.2,165.0,23.94,7.94,9.78,74.59,0.02
beledweyne,2025070605,4.74,45.2,327.15,26.26,8.68,10.37,63.2,0.02
beledweyne,2025070606,4.74,45.2,541.83,28.5,8.81,10.31,53.95,0.01
beledweyne,2025070607,4.74,45.2,767.67,30.42,8.55,9.91,46.91,0.0
beledweyne,2025070608,4.74,45.2,850.28,32.0,8.21,9.47,41.81,0.0
beledweyne,2025070609,4.74,45.2,641.03,32.82,8.04,9.3,39.28,0.0
beledweyne,2025070610,4.74,45.2,530.42,32.91,8.05,9.34,38.73,0.01
beledweyne,2025070611,4.74,45.2,358.55,32.86,8.15,9.46,38.84,0.01
beledweyne,2025070612,4.74,45.2,259.77,31.99,8.13,9.56,41.04,0.01
beledweyne,2025070613,4.74,45.2,146.15,30.79,8.15,9.83,44.54,0.01
beledweyne,2025070614,4.74,45.2,45.62,29.22,7.59,9.8,49.67,0.01
beledweyne,2025070615,4.74,45.2,0.0,27.5,6.77,9.37,56.23,0.0
beledweyne,2025070616,4.74,45.2,0.0,26.35,6.2,8.5,61.59,0.0
beledweyne,2025070617,4.74,45.2,0.0,25.53,6.15,8.23,66.08,0.0
beledweyne,2025070618,4.74,45.2,0.0,24.82,6.11,8.09,70.52,0.0
beledweyne,2025070619,4.74,45.2,0.0,24.12,6.65,8.75,74.9,0.0
beledweyne,2025070620,4.74,45.2,0.0,23.32,6.66,8.76,79.19,0.0
beledweyne,2025070621,4.74,45.2,0.0,22.65,6.5,8.57,82.55,0.0
beledweyne,2025070622,4.74,45.2,0.0,22.17,6.25,8.29,84.73,0.01
beledweyne,2025070623,4.74,45.2,0.0,21.81,5.83,7.91,86.09,0.02
beledweyne,2025070700,4.74,45.2,0.0,21.55,5.65,7.72,87.07,0.02
beledweyne,2025070701,4.74,45.2,0.0,21.32,5.47,7.52,88.11,0.02
beledweyne,2025070702,4.74,45.2,0.0,21.08,5.32,7.52,89.44,0.02
beledweyne,2025070703,4.74,45.2,53.22,21.62,5.9,7.63,86.92,0.02
beledweyne,2025070704,4.74,45.2,215.4,23.66,7.98,9.96,76.1,0.01
beledweyne,2025070705,4.74,45.2,424.08,26.02,8.87,10.58,63.86,0.01
beledweyne,2025070706,4.74,45.2,613.75,27.87,8.89,10.42,55.37,0.0
beledweyne,2025070707,4.74,45.2,698.1,29.06,8.77,10.23,50.45,0.0
beledweyne,2025070708,4.74,45.2,602.0,30.14,8.61,10.04,46.9,0.0
beledweyne,2025070709,4.74,45.2,515.45,31.34,8.53,9.92,43.78,0.0
beledweyne,2025070710,4.74,45.2,449.73,32.25,8.38,9.76,41.66,0.0
beledweyne,2025070711,4.74,45.2,306.9,32.44,8.2,9.59,41.27,0.0
beledweyne,2025070712,4.74,45.2,172.5,31.62,8.11,9.6,43.49,0.0
beledweyne,2025070713,4.74,45.2,123.2,30.18,8.2,9.95,48.05,0.0
beledweyne,2025070714,4.74,45.2,39.12,28.58,8.14,10.27,54.12,0.0
beledweyne,2025070715,4.74,45.2,0.0,26.96,7.39,9.74,61.15,0.0
beledweyne,2025070716,4.74,45.2,0.0,25.98,6.82,9.13,65.91,0.0
beledweyne,2025070717,4.74,45.2,0.0,25.26,6.52,8.81,69.33,0.0
beledweyne,2025070718,4.74,45.2,0.0,24.6,6.29,8.56,72.48,0.0
beledweyne,2025070719,4.74,45.2,0.0,23.92,5.93,8.2,75.86,0.0
beledweyne,2025070720,4.74,45.2,0.0,23.27,5.72,7.96,79.1,0.0
beledweyne,2025070721,4.74,45.2,0.0,22.67,5.8,8.0,82.17,0.0
beledweyne,2025070722,4.74,45.2,0.0,22.13,5.87,8.06,85.06,0.0
beledweyne,2025070723,4.74,45.2,0.0,21.78,5.73,7.87,86.89,0.0
beledweyne,2025070800,4.74,45.2,0.0,21.6,5.65,7.79,87.68,0.0
beledweyne,2025070801,4.74,45.2,0.0,21.54,5.44,7.63,87.97,0.0
beledweyne,2025070802,4.74,45.2,0.0,21.53,5.17,7.36,88.24,0.01
beledweyne,2025070803,4.74,45.2,51.03,22.09,5.33,6.96,85.56,0.01
beledweyne,2025070804,4.74,45.2,196.57,23.8,6.98,8.73,76.09,0.0
beledweyne,2025070805,4.74,45.2,369.65,25.76,7.99,9.63,65.5,0.0
beledweyne,2025070806,4.74,45.2,576.42,27.73,8.19,9.71,56.41,0.0
beledweyne,2025070807,4.74,45.2,696.25,29.53,8.03,9.44,49.28,0.0
beledweyne,2025070808,4.74,45.2,700.15,30.91,7.96,9.33,44.51,0.0
beledweyne,2025070809,4.74,45.2,623.1,31.94,8.09,9.41,41.51,0.01
beledweyne,2025070810,4.74,45.2,544.92,32.53,8.34,9.65,39.92,0.02
beledweyne,2025070811,4.74,45.2,428.02,32.37,8.53,9.89,40.09,0.03
beledweyne,2025070812,4.74,45.2,299.1,31.53,8.4,9.86,42.0,0.02
beledweyne,2025070813,4.74,45.2,168.27,30.2,8.09,9.8,45.76,0.01
beledweyne,2025070814,4.74,45.2,49.97,28.67,7.41,9.5,51.31,0.0
beledweyne,2025070815,4.74,45.2,0.0,27.03,6.28,8.81,58.68,0.0
beledweyne,2025070816,4.74,45.2,0.0,26.13,5.93,8.24,63.67,0.0
beledweyne,2025070817,4.74,45.2,0.0,25.51,5.98,8.23,67.01,0.0
beledweyne,2025070818,4.74,45.2,0.0,24.9,6.48,8.71,69.77,0.0
beledweyne,2025070819,4.74,45.2,0.0,24.19,6.63,8.72,73.18,0.0
beledweyne,2025070820,4.74,45.2,0.0,23.5,6.34,8.34,77.12,0.01
beledweyne,2025070821,4.74,45.2,0.0,22.91,6.16,8.21,81.05,0.01
beledweyne,2025070822,4.74,45.2,0.0,22.52,6.41,8.54,84.15,0.03
beledweyne,2025070823,4.74,45.2,0.0,22.32,6.46,8.56,85.96,0.05
beledweyne,2025070900,4.74,45.2,0.0,22.22,6.31,8.49,86.44,0.07
beledweyne,2025070901,4.74,45.2,0.0,22.14,6.08,8.33,86.32,0.09
beledweyne,2025070902,4.74,45.2,0.0,22.06,5.88,8.19,86.1,0.08
beledweyne,2025070903,4.74,45.2,44.1,22.47,6.2,8.07,83.34,0.06
beledweyne,2025070904,4.74,45.2,149.05,23.87,7.78,9.76,74.68,0.05
beledweyne,2025070905,4.74,45.2,240.98,25.81,8.78,10.64,64.08,0.07
beledweyne,2025070906,4.74,45.2,363.83,27.76,9.01,10.7,56.07,0.08
beledweyne,2025070907,4.74,45.2,510.1,29.49,8.99,10.57,50.26,0.16
beledweyne,2025070908,4.74,45.2,506.65,30.88,8.92,10.44,46.15,0.37
beledweyne,2025070909,4.74,45.2,486.2,31.78,8.77,10.26,43.6,0.71
beledweyne,2025070910,4.74,45.2,455.2,32.12,8.61,10.07,42.76,0.78
beledweyne,2025070911,4.74,45.2,349.5,31.82,8.59,10.11,43.73,0.76
beledweyne,2025070912,4.74,45.2,277.33,31.01,8.65,10.28,46.26,0.69
beledweyne,2025070913,4.74,45.2,151.85,29.81,8.47,10.34,50.44,0.61
beledweyne,2025070914,4.74,45.2,47.65,28.0,7.58,9.96,58.08,0.61
beledweyne,2025070915,4.74,45.2,0.0,26.01,6.82,9.61,68.05,0.5
beledweyne,2025070916,4.74,45.2,0.0,24.82,6.94,9.46,74.38,0.42
beledweyne,2025070917,4.74,45.2,0.0,23.97,6.93,9.31,78.58,0.31
beledweyne,2025070918,4.74,45.2,0.0,23.42,6.84,9.05,81.38,0.16
beledweyne,2025070919,4.74,45.2,0.0,23.09,6.89,9.0,83.54,0.06
beledweyne,2025070920,4.74,45.2,0.0,22.87,7.35,9.68,84.65,0.02
beledweyne,2025070921,4.74,45.2,0.0,22.62,7.79,10.29,85.0,0.02
beledweyne,2025070922,4.74,45.2,0.0,22.35,7.73,10.27,84.71,0.02
beledweyne,2025070923,4.74,45.2,0.0,22.13,7.46,10.04,84.21,0.01
beledweyne,2025071000,4.74,45.2,0.0,21.99,7.17,9.73,83.72,0.0
beledweyne,2025071001,4.74,45.2,0.0,21.98,7.05,9.53,82.9,0.0
beledweyne,2025071002,4.74,45.2,0.0,21.92,6.96,9.44,82.64,0.0
beledweyne,2025071003,4.74,45.2,46.05,22.26,7.12,9.25,80.56,0.0
beledweyne,2025071004,4.74,45.2,167.93,23.7,8.31,10.44,72.97,0.0
beledweyne,2025071005,4.74,45.2,301.38,25.66,9.36,11.43,63.32,0.0
beledweyne,2025071006,4.74,45.2,476.98,27.61,9.73,11.71,55.38,0.0
beledweyne,2025071007,4.74,45.2,559.65,29.45,9.83,11.67,49.02,0.0
beledweyne,2025071008,4.74,45.2,674.85,30.83,9.78,11.52,44.38,0.0
beledweyne,2025071009,4.74,45.2,604.33,31.54,9.68,11.36,41.88,0.0
beledweyne,2025071010,4.74,45.2,494.05,31.63,9.5,11.18,41.32,0.01
beledweyne,2025071011,4.74,45.2,408.25,31.14,9.33,11.06,42.83,0.01
beledweyne,2025071012,4.74,45.2,285.4,30.16,9.06,10.93,46.22,0.03
beledweyne,2025071013,4.74,45.2,158.62,29.1,8.53,10.63,50.28,0.02
beledweyne,2025071014,4.74,45.2,56.97,27.96,7.55,9.93,55.3,0.01
beledweyne,2025071015,4.74,45.2,0.0,26.82,6.65,9.12,61.21,0.0
beledweyne,2025071016,4.74,45.2,0.0,26.0,6.51,8.74,66.56,0.0
beledweyne,2025071017,4.74,45.2,0.0,25.21,6.9,9.1,71.93,0.0
beledweyne,2025071018,4.74,45.2,0.0,24.42,7.19,9.34,76.97,0.0
beledweyne,2025071019,4.74,45.2,0.0,23.75,7.27,9.38,80.68,0.0
beledweyne,2025071020,4.74,45.2,0.0,23.27,7.28,9.42,82.64,0.0
beledweyne,2025071021,4.74,45.2,0.0,22.99,7.2,9.31,83.2,0.0
beledweyne,2025071022,4.74,45.2,0.0,22.83,6.99,9.11,82.99,0.0
beledweyne,2025071023,4.74,45.2,0.0,22.73,6.77,8.92,82.71,0.0
beledweyne,2025071100,4.74,45.2,0.0,22.61,6.62,8.86,83.09,0.0
beledweyne,2025071101,4.74,45.2,0.0,22.49,6.6,8.97,83.94,0.0
beledweyne,2025071102,4.74,45.2,0.0,22.37,6.65,9.16,84.8,0.0
beledweyne,2025071103,4.74,45.2,39.17,22.88,7.19,9.35,82.19,0.01
beledweyne,2025071104,4.74,45.2,142.12,24.62,9.09,11.39,72.71,0.01
beledweyne,2025071105,4.74,45.2,260.77,26.63,10.13,12.31,62.29,0.02
beledweyne,2025071106,4.74,45.2,334.48,28.52,10.26,12.26,54.02,0.01
beledweyne,2025071107,4.74,45.2,501.85,30.08,10.07,11.93,48.03,0.03
beledweyne,2025071108,4.74,45.2,577.75,31.34,9.97,11.76,43.92,0.07
beledweyne,2025071109,4.74,45.2,522.33,32.38,10.02,11.78,40.73,0.09
beledweyne,2025071110,4.74,45.2,474.65,32.86,10.05,11.78,39.29,0.11
beledweyne,2025071111,4.74,45.2,303.95,32.72,10.1,11.87,39.35,0.13
beledweyne,2025071112,4.74,45.2,181.6,31.92,10.02,11.87,41.06,0.11
beledweyne,2025071113,4.74,45.2,102.53,30.49,9.73,11.77,45.09,0.08
beledweyne,2025071114,4.74,45.2,31.17,28.68,8.99,11.43,51.22,0.04
beledweyne,2025071115,4.74,45.2,0.0,26.96,7.94,10.68,58.11,0.01
beledweyne,2025071116,4.74,45.2,0.0,25.84,7.02,9.5,63.35,0.01
beledweyne,2025071117,4.74,45.2,0.0,24.93,6.57,8.91,67.91,0.0
beledweyne,2025071118,4.74,45.2,0.0,24.16,6.39,8.63,71.92,0.0
beledweyne,2025071119,4.74,45.2,0.0,23.44,6.11,8.27,75.88,0.0
beledweyne,2025071120,4.74,45.2,0.0,22.79,5.83,7.94,79.46,0.0
beledweyne,2025071121,4.74,45.2,0.0,22.26,5.72,7.83,82.41,0.0
beledweyne,2025071122,4.74,45.2,0.0,21.87,5.73,7.81,84.53,0.0
beledweyne,2025071123,4.74,45.2,0.0,21.6,5.74,7.84,85.92,0.0
beledweyne,2025071200,4.74,45.2,0.0,21.39,5.73,7.91,86.97,0.0
beledweyne,2025071201,4.74,45.2,0.0,21.17,5.53,7.87,88.19,0.0
beledweyne,2025071202,4.74,45.2,0.0,21.0,5.3,7.75,89.22,0.0
beledweyne,2025071203,4.74,45.2,67.85,21.75,5.95,7.73,85.45,0.0
beledweyne,2025071204,4.74,45.2,273.95,24.06,8.17,10.17,73.25,0.0
beledweyne,2025071205,4.74,45.2,479.55,26.44,9.01,10.77,61.2,0.0
beledweyne,2025071206,4.74,45.2,673.97,28.64,8.86,10.42,51.41,0.0
beledweyne,2025071207,4.74,45.2,823.58,30.64,8.59,10.01,44.34,0.0
beledweyne,2025071208,4.74,45.2,912.9,32.32,8.46,9.8,39.43,0.0
beledweyne,2025071209,4.74,45.2,845.15,33.56,8.32,9.61,36.19,0.0
beledweyne,2025071210,4.74,45.2,621.9,34.23,8.15,9.41,34.52,0.0
beledweyne,2025071211,4.74,45.2,474.92,34.25,7.99,9.25,34.26,0.0
beledweyne,2025071212,4.74,45.2,342.9,33.49,7.77,9.12,35.7,0.01
beledweyne,2025071213,4.74,45.2,202.6,32.47,7.53,9.07,38.17,0.0
beledweyne,2025071214,4.74,45.2,75.53,30.91,6.71,9.0,43.04,0.0
beledweyne,2025071215,4.74,45.2,0.0,28.99,6.01,9.19,49.87,0.0
beledweyne,2025071216,4.74,45.2,0.0,27.81,6.18,9.1,54.69,0.0
beledweyne,2025071217,4.74,45.2,0.0,26.71,6.16,8.76,59.83,0.0
beledweyne,2025071218,4.74,45.2,0.0,25.73,6.11,8.5,64.88,0.0
beledweyne,2025071219,4.74,45.2,0.0,24.89,6.11,8.28,69.45,0.0
beledweyne,2025071220,4.74,45.2,0.0,24.14,6.2,8.23,73.45,0.0
beledweyne,2025071221,4.74,45.2,0.0,23.43,6.32,8.29,77.54,0.0
beledweyne,2025071222,4.74,45.2,0.0,22.82,6.74,8.92,81.44,0.0
beledweyne,2025071223,4.74,45.2,0.0,22.39,6.83,8.9,84.46,0.0
beledweyne,2025071300,4.74,45.2,0.0,22.16,6.76,8.83,86.31,0.0
beledweyne,2025071301,4.74,45.2,0.0,21.98,6.64,8.76,87.6,0.0
beledweyne,2025071302,4.74,45.2,0.0,21.79,6.48,8.62,88.55,0.0
beledweyne,2025071303,4.74,45.2,71.07,22.24,7.12,9.21,85.72,0.0
beledweyne,2025071304,4.74,45.2,275.98,24.08,9.08,11.27,73.94,0.0
beledweyne,2025071305,4.74,45.2,502.35,26.28,9.61,11.66,61.65,0.0
beledweyne,2025071306,4.74,45.2,669.53,28.33,9.42,11.29,53.94,0.0
beledweyne,2025071307,4.74,45.2,791.42,30.14,8.92,10.57,48.45,0.0
beledweyne,2025071308,4.74,45.2,852.83,31.74,8.55,10.09,43.99,0.0
beledweyne,2025071309,4.74,45.2,817.85,33.18,8.42,9.89,40.3,0.0
beledweyne,2025071310,4.74,45.2,729.7,34.07,8.36,9.8,38.22,0.0
beledweyne,2025071311,4.74,45.2,462.8,34.23,8.36,9.8,37.94,0.02
beledweyne,2025071312,4.74,45.2,351.62,33.21,8.31,9.85,40.54,0.04
beledweyne,2025071313,4.74,45.2,190.82,31.93,8.31,10.1,44.54,0.05
beledweyne,2025071314,4.74,45.2,63.08,30.31,7.89,10.2,50.19,0.05
beledweyne,2025071315,4.74,45.2,0.0,28.53,7.16,9.96,57.16,0.04
beledweyne,2025071316,4.74,45.2,0.0,27.39,7.28,10.05,62.27,0.03
beledweyne,2025071317,4.74,45.2,0.0,26.33,7.71,10.38,67.27,0.03
beledweyne,2025071318,4.74,45.2,0.0,25.34,7.66,10.15,72.14,0.02
beledweyne,2025071319,4.74,45.2,0.0,24.53,7.56,9.93,75.93,0.01
beledweyne,2025071320,4.74,45.2,0.0,23.91,7.77,10.21,78.44,0.0
beledweyne,2025071321,4.74,45.2,0.0,23.35,7.96,10.44,80.35,0.0
beledweyne,2025071322,4.74,45.2,0.0,22.88,7.88,10.37,81.59,0.0
beledweyne,2025071323,4.74,45.2,0.0,22.53,7.65,10.09,82.37,0.0
beledweyne,2025071400,4.74,45.2,0.0,22.36,7.29,9.67,82.8,0.0
beledweyne,2025071401,4.74,45.2,0.0,22.28,7.07,9.37,83.41,0.0
beledweyne,2025071402,4.74,45.2,0.0,22.3,6.84,9.14,83.87,0.0
beledweyne,2025071403,4.74,45.2,67.4,22.77,7.28,9.34,82.21,0.0
beledweyne,2025071404,4.74,45.2,246.18,24.51,9.1,11.34,73.86,0.0
beledweyne,2025071405,4.74,45.2,453.08,26.89,10.19,12.37,62.61,0.0
beledweyne,2025071406,4.74,45.2,614.75,29.19,10.37,12.39,52.71,0.0
beledweyne,2025071407,4.74,45.2,666.4,31.02,10.2,12.07,45.75,0.0
beledweyne,2025071408,4.74,45.2,752.92,32.42,10.0,11.76,41.05,0.0
beledweyne,2025071409,4.74,45.2,755.58,33.39,9.94,11.62,37.95,0.0
beledweyne,2025071410,4.74,45.2,587.65,33.94,9.93,11.63,35.95,0.0
beledweyne,2025071411,4.74,45.2,467.38,33.94,9.66,11.33,35.37,0.01
beledweyne,2025071412,4.74,45.2,360.2,33.31,9.51,11.28,36.32,0.02
beledweyne,2025071413,4.74,45.2,192.38,32.08,9.19,11.2,39.11,0.0
beledweyne,2025071414,4.74,45.2,63.65,30.45,8.27,10.79,43.93,0.0
beledweyne,2025071415,4.74,45.2,0.0,28.81,7.34,10.27,49.83,0.0
beledweyne,2025071416,4.74,45.2,0.0,27.65,6.82,9.6,54.78,0.0
beledweyne,2025071417,4.74,45.2,0.0,26.62,6.46,8.98,59.62,0.0
beledweyne,2025071418,4.74,45.2,0.0,25.72,6.6,8.99,64.17,0.0
beledweyne,2025071419,4.74,45.2,0.0,24.85,6.87,9.19,68.91,0.0
beledweyne,2025071420,4.74,45.2,0.0,23.99,6.93,9.16,73.82,0.0
beledweyne,2025071421,4.74,45.2,0.0,23.23,6.83,9.02,78.49,0.0
beledweyne,2025071422,4.74,45.2,0.0,22.59,6.6,8.78,82.7,0.0
beledweyne,2025071423,4.74,45.2,0.0,22.15,6.22,8.45,85.69,0.0
beledweyne,2025071500,4.74,45.2,0.0,21.86,5.85,8.19,87.59,0.0
beledweyne,2025071501,4.74,45.2,0.0,21.74,5.74,8.14,88.57,0.0
beledweyne,2025071502,4.74,45.2,0.0,21.73,5.85,8.28,88.94,0.0
beledweyne,2025071503,4.74,45.2,62.08,22.49,6.72,8.67,85.28,0.0
beledweyne,2025071504,4.74,45.2,248.88,24.8,9.26,11.51,73.44,0.0
beledweyne,2025071505,4.74,45.2,404.48,27.3,10.36,12.48,61.99,0.0
beledweyne,2025071506,4.74,45.2,611.62,29.59,10.51,12.47,52.68,0.0
beledweyne,2025071507,4.74,45.2,786.83,31.46,10.29,12.09,45.66,0.0
beledweyne,2025071508,4.74,45.2,904.03,32.9,10.06,11.75,40.96,0.0
beledweyne,2025071509,4.74,45.2,774.3,33.92,9.9,11.53,37.94,0.0
beledweyne,2025071510,4.74,45.2,582.85,34.44,9.73,11.32,36.2,0.01
beledweyne,2025071511,4.74,45.2,376.12,34.4,9.49,11.07,35.79,0.01
beledweyne,2025071512,4.74,45.2,314.45,33.71,9.13,10.76,36.88,0.01
beledweyne,2025071513,4.74,45.2,170.4,32.53,8.78,10.61,39.53,0.0
beledweyne,2025071514,4.74,45.2,58.53,30.92,8.15,10.53,44.2,0.0
beledweyne,2025071515,4.74,45.2,0.0,29.17,7.86,10.82,50.55,0.0
beledweyne,2025071516,4.74,45.2,0.0,27.94,8.63,11.58,56.31,0.0
beledweyne,2025071517,4.74,45.2,0.0,26.75,8.83,11.59,62.77,0.0
beledweyne,2025071518,4.74,45.2,0.0,25.67,8.56,11.13,68.93,0.0
beledweyne,2025071519,4.74,45.2,0.0,24.85,8.0,10.41,73.48,0.0
beledweyne,2025071520,4.74,45.2,0.0,24.18,7.81,10.18,77.04,0.0
beledweyne,2025071521,4.74,45.2,0.0,23.55,7.73,10.07,80.56,0.0
beledweyne,2025071522,4.74,45.2,0.0,23.01,7.62,9.95,83.63,0.0
beledweyne,2025071523,4.74,45.2,0.0,22.61,7.58,10.02,85.74,0.0
beledweyne,2025071600,4.74,45.2,0.0,22.38,7.44,9.93,86.57,0.0
beledweyne,2025071601,4.74,45.2,0.0,22.24,7.17,9.71,86.83,0.0
beledweyne,2025071602,4.74,45.2,0.0,22.15,7.0,9.62,87.17,0.0
beledweyne,2025071603,4.74,45.2,64.28,22.79,7.57,9.72,83.88,0.0
beledweyne,2025071604,4.74,45.2,264.48,24.86,9.54,11.73,72.51,0.0
beledweyne,2025071605,4.74,45.2,443.23,27.23,10.3,12.39,60.33,0.0
beledweyne,2025071606,4.74,45.2,674.7,29.49,10.18,12.05,50.68,0.0
beledweyne,2025071607,4.74,45.2,804.08,31.42,9.72,11.37,44.02,0.0
beledweyne,2025071608,4.74,45.2,857.45,32.87,9.39,10.92,39.68,0.0
beledweyne,2025071609,4.74,45.2,914.47,33.85,9.22,10.67,37.23,0.0
beledweyne,2025071610,4.74,45.2,757.2,34.27,9.1,10.51,36.35,0.01
beledweyne,2025071611,4.74,45.2,498.42,34.12,8.98,10.41,36.77,0.01
beledweyne,2025071612,4.74,45.2,292.67,33.48,8.81,10.34,38.24,0.02
beledweyne,2025071613,4.74,45.2,182.57,32.2,8.49,10.26,41.51,0.01
beledweyne,2025071614,4.74,45.2,54.45,30.7,7.68,9.99,46.1,0.0
beledweyne,2025071615,4.74,45.2,0.0,29.12,6.87,9.69,51.67,0.0
beledweyne,2025071616,4.74,45.2,0.0,28.12,6.99,9.55,55.51,0.0
beledweyne,2025071617,4.74,45.2,0.0,27.21,7.59,10.24,58.65,0.0
beledweyne,2025071618,4.74,45.2,0.0,26.16,7.89,10.3,62.08,0.0
beledweyne,2025071619,4.74,45.2,0.0,25.07,7.59,9.92,66.09,0.0
beledweyne,2025071620,4.74,45.2,0.0,24.18,7.32,9.55,69.5,0.0
beledweyne,2025071621,4.74,45.2,0.0,23.41,7.28,9.47,72.89,0.0
beledweyne,2025071622,4.74,45.2,0.0,22.77,7.44,9.64,76.25,0.0
beledweyne,2025071623,4.74,45.2,0.0,22.23,7.56,9.8,79.7,0.0
beledweyne,2025071700,4.74,45.2,0.0,21.85,7.34,9.65,82.59,0.0
beledweyne,2025071701,4.74,45.2,0.0,21.58,7.02,9.38,84.36,0.0
beledweyne,2025071702,4.74,45.2,0.0,21.4,6.87,9.29,85.03,0.0
beledweyne,2025071703,4.74,45.2,57.75,21.94,7.26,9.24,81.9,0.0
beledweyne,2025071704,4.74,45.2,217.5,23.99,8.79,10.83,70.52,0.0
beledweyne,2025071705,4.74,45.2,344.23,26.64,9.6,11.49,58.2,0.0
beledweyne,2025071706,4.74,45.2,522.35,29.09,9.75,11.5,49.2,0.0
beledweyne,2025071707,4.74,45.2,667.92,31.07,9.47,11.08,42.92,0.0
beledweyne,2025071708,4.74,45.2,776.33,32.45,9.02,10.51,39.19,0.0
beledweyne,2025071709,4.74,45.2,664.8,33.06,8.56,9.99,37.68,0.0
beledweyne,2025071710,4.74,45.2,516.85,33.39,8.28,9.66,36.98,0.0
beledweyne,2025071711,4.74,45.2,422.8,33.37,8.09,9.48,37.08,0.0
beledweyne,2025071712,4.74,45.2,303.77,32.73,7.96,9.41,38.67,0.0
beledweyne,2025071713,4.74,45.2,162.43,31.7,7.79,9.46,41.46,0.0
beledweyne,2025071714,4.74,45.2,47.6,30.31,7.1,9.39,45.72,0.0
beledweyne,2025071715,4.74,45.2,0.0,28.84,6.47,9.31,50.92,0.0
beledweyne,2025071716,4.74,45.2,0.0,27.86,6.76,9.28,55.27,0.0
beledweyne,2025071717,4.74,45.2,0.0,26.94,6.87,9.2,60.04,0.0
beledweyne,2025071718,4.74,45.2,0.0,26.05,7.33,9.58,65.06,0.0
beledweyne,2025071719,4.74,45.2,0.0,25.21,7.57,9.71,70.2,0.0
beledweyne,2025071720,4.74,45.2,0.0,24.47,7.81,9.88,74.88,0.0
beledweyne,2025071721,4.74,45.2,0.0,23.86,8.17,10.34,78.63,0.0
beledweyne,2025071722,4.74,45.2,0.0,23.37,8.2,10.36,81.21,0.0
beledweyne,2025071723,4.74,45.2,0.0,23.06,7.85,9.99,82.46,0.0
beledweyne,2025071800,4.74,45.2,0.0,22.83,7.48,9.63,83.46,0.0
beledweyne,2025071801,4.74,45.2,0.0,22.66,7.3,9.48,84.47,0.0
beledweyne,2025071802,4.74,45.2,0.0,22.51,7.24,9.5,85.16,0.0
beledweyne,2025071803,4.74,45.2,54.45,22.88,7.87,10.05,82.38,0.0
beledweyne,2025071804,4.74,45.2,240.12,24.33,9.52,11.76,72.24,0.0
beledweyne,2025071805,4.74,45.2,442.9,26.3,10.14,12.16,60.78,0.0
beledweyne,2025071806,4.74,45.2,561.12,28.45,10.05,11.87,51.18,0.0
beledweyne,2025071807,4.74,45.2,573.55,30.35,9.88,11.59,44.44,0.0
beledweyne,2025071808,4.74,45.2,575.47,31.82,9.82,11.48,40.29,0.0
beledweyne,2025071809,4.74,45.2,532.92,32.63,9.68,11.34,38.67,0.0
beledweyne,2025071810,4.74,45.2,415.02,32.56,9.35,11.05,39.13,0.0
beledweyne,2025071811,4.74,45.2,304.85,31.92,8.9,10.67,40.87,0.0
beledweyne,2025071812,4.74,45.2,163.5,31.22,8.66,10.53,43.07,0.0
beledweyne,2025071813,4.74,45.2,127.28,30.36,8.59,10.64,46.01,0.0
beledweyne,2025071814,4.74,45.2,35.97,29.25,8.32,10.7,50.05,0.0
beledweyne,2025071815,4.74,45.2,0.0,27.9,7.93,10.59,55.23,0.0
beledweyne,2025071816,4.74,45.2,0.0,26.78,7.87,10.56,59.76,0.0
beledweyne,2025071817,4.74,45.2,0.0,25.77,8.11,10.72,63.76,0.0
beledweyne,2025071818,4.74,45.2,0.0,24.79,7.94,10.42,67.67,0.0
beledweyne,2025071819,4.74,45.2,0.0,23.96,7.88,10.28,70.92,0.0
beledweyne,2025071820,4.74,45.2,0.0,23.24,7.92,10.3,74.04,0.0
beledweyne,2025071821,4.74,45.2,0.0,22.63,8.1,10.5,77.02,0.0
beledweyne,2025071822,4.74,45.2,0.0,22.13,8.11,10.52,79.82,0.0
beledweyne,2025071823,4.74,45.2,0.0,21.79,7.87,10.32,82.13,0.0
beledweyne,2025071900,4.74,45.2,0.0,21.57,7.62,10.1,83.63,0.0
beledweyne,2025071901,4.74,45.2,0.0,21.44,7.43,9.96,84.28,0.0
beledweyne,2025071902,4.74,45.2,0.0,21.36,7.29,9.83,84.56,0.0
beledweyne,2025071903,4.74,45.2,57.12,22.0,7.85,10.09,81.24,0.0
beledweyne,2025071904,4.74,45.2,232.3,23.98,9.8,12.17,70.82,0.0
beledweyne,2025071905,4.74,45.2,382.35,26.23,10.64,12.83,59.8,0.0
beledweyne,2025071906,4.74,45.2,508.02,28.4,10.68,12.67,51.2,0.0
beledweyne,2025071907,4.74,45.2,615.03,30.28,10.68,12.58,44.99,0.0
beledweyne,2025071908,4.74,45.2,628.53,31.7,10.76,12.61,41.04,0.0
beledweyne,2025071909,4.74,45.2,626.12,32.63,10.73,12.56,38.83,0.0
beledweyne,2025071910,4.74,45.2,447.25,33.15,10.59,12.39,37.61,0.0
beledweyne,2025071911,4.74,45.2,320.48,33.02,10.36,12.2,37.82,0.0
beledweyne,2025071912,4.74,45.2,214.82,32.44,10.14,12.05,39.15,0.0
beledweyne,2025071913,4.74,45.2,122.97,31.41,9.84,11.91,41.81,0.0
beledweyne,2025071914,4.74,45.2,32.47,29.82,9.33,11.81,46.63,0.0
beledweyne,2025071915,4.74,45.2,0.0,28.1,8.87,11.78,52.8,0.0
beledweyne,2025071916,4.74,45.2,0.0,26.89,9.14,11.96,58.11,0.0
beledweyne,2025071917,4.74,45.2,0.0,25.74,9.05,11.73,63.5,0.0
beledweyne,2025071918,4.74,45.2,0.0,24.75,8.78,11.34,68.28,0.0
beledweyne,2025071919,4.74,45.2,0.0,23.96,8.54,11.04,72.11,0.0
beledweyne,2025071920,4.74,45.2,0.0,23.32,8.46,10.95,74.98,0.0
beledweyne,2025071921,4.74,45.2,0.0,22.73,8.41,10.87,77.45,0.0
beledweyne,2025071922,4.74,45.2,0.0,22.25,8.37,10.82,79.43,0.0
beledweyne,2025071923,4.74,45.2,0.0,21.9,8.35,10.84,80.96,0.0
beledweyne,2025072000,4.74,45.2,0.0,21.73,8.28,10.85,81.81,0.0
beledweyne,2025072001,4.74,45.2,0.0,21.64,8.13,10.74,82.36,0.0
beledweyne,2025072002,4.74,45.2,0.0,21.57,7.88,10.49,82.89,0.0
beledweyne,2025072003,4.74,45.2,61.17,22.0,8.25,10.61,80.56,0.0
beledweyne,2025072004,4.74,45.2,261.45,23.56,9.86,12.19,71.31,0.01
beledweyne,2025072005,4.74,45.2,442.92,25.57,10.72,12.95,60.4,0.0
beledweyne,2025072006,4.74,45.2,571.45,27.74,11.12,13.23,51.0,0.0
beledweyne,2025072007,4.74,45.2,582.4,29.67,11.27,13.29,43.99,0.0
beledweyne,2025072008,4.74,45.2,576.58,31.1,11.23,13.2,39.6,0.0
beledweyne,2025072009,4.74,45.2,593.4,32.06,10.88,12.77,37.04,0.0
beledweyne,2025072010,4.74,45.2,491.35,32.64,10.49,12.29,35.62,0.0
beledweyne,2025072011,4.74,45.2,371.73,32.53,10.11,11.93,35.72,0.0
beledweyne,2025072012,4.74,45.2,277.73,31.94,9.7,11.61,36.81,0.0
beledweyne,2025072013,4.74,45.2,169.1,31.03,9.34,11.44,38.8,0.0
beledweyne,2025072014,4.74,45.2,43.3,29.66,8.52,11.11,42.17,0.0
beledweyne,2025072015,4.74,45.2,0.0,28.09,7.8,10.91,46.73,0.0
beledweyne,2025072016,4.74,45.2,0.0,26.98,7.94,10.99,50.46,0.0
beledweyne,2025072017,4.74,45.2,0.0,25.91,8.18,11.12,54.77,0.0
beledweyne,2025072018,4.74,45.2,0.0,24.8,8.16,10.85,60.03,0.0
beledweyne,2025072019,4.74,45.2,0.0,23.74,8.16,10.76,65.67,0.0
beledweyne,2025072020,4.74,45.2,0.0,22.87,7.93,10.34,70.93,0.0
beledweyne,2025072021,4.74,45.2,0.0,22.19,8.01,10.42,75.86,0.0
beledweyne,2025072022,4.74,45.2,0.0,21.7,8.26,10.7,80.21,0.0
beledweyne,2025072023,4.74,45.2,0.0,21.41,8.52,11.14,83.27,0.01
beledweyne,2025072100,4.74,45.2,0.0,21.29,8.88,11.58,84.51,0.01
beledweyne,2025072101,4.74,45.2,0.0,21.21,8.94,11.72,85.02,0.01
beledweyne,2025072102,4.74,45.2,0.0,21.14,8.81,11.6,85.42,0.01
beledweyne,2025072103,4.74,45.2,55.42,21.67,8.96,11.52,82.74,0.01
beledweyne,2025072104,4.74,45.2,207.65,23.56,10.65,13.23,71.68,0.01
beledweyne,2025072105,4.74,45.2,321.75,25.82,11.15,13.43,59.72,0.01
beledweyne,2025072106,4.74,45.2,382.62,27.86,10.88,12.89,51.1,0.01
beledweyne,2025072107,4.74,45.2,383.08,29.55,10.43,12.25,45.48,0.01
beledweyne,2025072108,4.74,45.2,423.17,30.68,10.11,11.86,42.31,0.01
beledweyne,2025072109,4.74,45.2,441.85,31.36,9.93,11.65,40.73,0.01
beledweyne,2025072110,4.74,45.2,406.48,31.74,9.71,11.43,40.02,0.03
beledweyne,2025072111,4.74,45.2,371.45,31.77,9.52,11.25,40.06,0.04
beledweyne,2025072112,4.74,45.2,247.35,31.4,9.41,11.21,41.16,0.03
beledweyne,2025072113,4.74,45.2,144.25,30.54,9.39,11.41,43.69,0.01
beledweyne,2025072114,4.74,45.2,46.35,29.1,8.88,11.37,48.21,0.01
beledweyne,2025072115,4.74,45.2,0.0,27.54,8.12,11.06,53.24,0.0
beledweyne,2025072116,4.74,45.2,0.0,26.48,7.8,10.59,56.84,0.0
beledweyne,2025072117,4.74,45.2,0.0,25.52,7.96,10.67,60.59,0.0
beledweyne,2025072118,4.74,45.2,0.0,24.52,8.08,10.57,65.17,0.0
beledweyne,2025072119,4.74,45.2,0.0,23.55,8.0,10.4,70.38,0.0
beledweyne,2025072120,4.74,45.2,0.0,22.77,7.87,10.2,74.89,0.0
beledweyne,2025072121,4.74,45.2,0.0,22.17,7.79,10.11,78.73,0.0
beledweyne,2025072122,4.74,45.2,0.0,21.71,7.6,9.9,81.95,0.01
beledweyne,2025072123,4.74,45.2,0.0,21.39,7.43,9.75,84.25,0.01
beledweyne,2025072200,4.74,45.2,0.0,21.18,7.23,9.63,85.55,0.01
beledweyne,2025072201,4.74,45.2,0.0,21.05,7.14,9.57,86.28,0.01
beledweyne,2025072202,4.74,45.2,0.0,20.94,6.94,9.41,86.66,0.01
beledweyne,2025072203,4.74,45.2,41.12,21.49,7.32,9.42,83.3,0.0
beledweyne,2025072204,4.74,45.2,148.95,23.47,9.19,11.36,71.61,0.0
beledweyne,2025072205,4.74,45.2,278.02,25.8,10.1,12.12,59.14,0.0
beledweyne,2025072206,4.74,45.2,326.58,27.89,10.18,12.03,50.1,0.0
beledweyne,2025072207,4.74,45.2,432.75,29.81,10.05,11.76,43.72,0.0
beledweyne,2025072208,4.74,45.2,493.98,31.38,9.98,11.61,39.53,0.0
beledweyne,2025072209,4.74,45.2,456.62,32.53,9.89,11.49,37.1,0.0
beledweyne,2025072210,4.74,45.2,371.77,33.26,9.86,11.45,35.75,0.0
beledweyne,2025072211,4.74,45.2,237.38,33.46,9.74,11.37,35.45,0.0
beledweyne,2025072212,4.74,45.2,244.25,33.02,9.5,11.21,36.39,0.0
beledweyne,2025072213,4.74,45.2,126.22,31.91,9.18,11.14,39.04,0.0
beledweyne,2025072214,4.74,45.2,36.9,30.44,8.45,10.95,43.38,0.0
beledweyne,2025072215,4.74,45.2,0.0,28.79,7.78,10.83,49.23,0.0
beledweyne,2025072216,4.74,45.2,0.0,27.7,8.21,11.1,53.83,0.0
beledweyne,2025072217,4.74,45.2,0.0,26.5,8.41,11.14,59.06,0.0
beledweyne,2025072218,4.74,45.2,0.0,25.21,8.25,10.67,64.9,0.0
beledweyne,2025072219,4.74,45.2,0.0,24.06,7.88,10.14,70.72,0.0
beledweyne,2025072220,4.74,45.2,0.0,23.17,7.65,9.87,75.64,0.0
beledweyne,2025072221,4.74,45.2,0.0,22.48,7.23,9.39,79.63,0.01
beledweyne,2025072222,4.74,45.2,0.0,21.93,6.82,8.99,82.61,0.01
beledweyne,2025072223,4.74,45.2,0.0,21.51,6.52,8.73,84.87,0.01
beledweyne,2025072300,4.74,45.2,0.0,21.2,6.3,8.57,86.77,0.01
beledweyne,2025072301,4.74,45.2,0.0,21.03,6.19,8.53,87.97,0.02
beledweyne,2025072302,4.74,45.2,0.0,20.94,6.11,8.47,88.64,0.02
beledweyne,2025072303,4.74,45.2,51.3,21.62,6.68,8.54,85.12,0.03
beledweyne,2025072304,4.74,45.2,183.07,23.84,8.72,10.78,73.66,0.02
beledweyne,2025072305,4.74,45.2,312.88,26.29,9.79,11.68,62.12,0.03
beledweyne,2025072306,4.74,45.2,364.15,28.46,9.94,11.67,53.64,0.01
beledweyne,2025072307,4.74,45.2,498.8,30.34,9.95,11.58,47.23,0.01
beledweyne,2025072308,4.74,45.2,634.12,31.91,9.96,11.55,42.56,0.0
beledweyne,2025072309,4.74,45.2,627.35,33.12,9.85,11.39,39.18,0.0
beledweyne,2025072310,4.74,45.2,467.12,33.55,9.59,11.12,37.82,0.0
beledweyne,2025072311,4.74,45.2,348.58,33.59,9.34,10.88,37.4,0.0
beledweyne,2025072312,4.74,45.2,283.12,33.06,9.28,10.91,38.45,0.0
beledweyne,2025072313,4.74,45.2,173.38,32.0,9.42,11.24,41.08,0.0
beledweyne,2025072314,4.74,45.2,63.8,30.24,9.2,11.51,46.01,0.0
beledweyne,2025072315,4.74,45.2,0.0,28.34,8.86,11.63,52.14,0.0
beledweyne,2025072316,4.74,45.2,0.0,26.97,9.13,11.86,56.89,0.0
beledweyne,2025072317,4.74,45.2,0.0,25.66,9.0,11.54,61.34,0.0
beledweyne,2025072318,4.74,45.2,0.0,24.49,8.66,11.06,65.3,0.0
beledweyne,2025072319,4.74,45.2,0.0,23.56,8.43,10.78,68.64,0.0
beledweyne,2025072320,4.74,45.2,0.0,22.86,8.21,10.53,71.74,0.0
beledweyne,2025072321,4.74,45.2,0.0,22.3,8.06,10.37,75.05,0.0
beledweyne,2025072322,4.74,45.2,0.0,21.88,7.87,10.2,78.26,0.0
beledweyne,2025072323,4.74,45.2,0.0,21.65,7.59,9.87,80.86,0.0
beledweyne,2025072400,4.74,45.2,0.0,21.58,7.36,9.67,82.25,0.0
beledweyne,2025072401,4.74,45.2,0.0,21.55,7.24,9.58,82.75,0.0
beledweyne,2025072402,4.74,45.2,0.0,21.46,7.25,9.66,82.83,0.01
beledweyne,2025072403,4.74,45.2,55.08,21.87,7.89,10.08,80.12,0.01
beledweyne,2025072404,4.74,45.2,237.35,23.55,9.55,11.7,70.31,0.01
beledweyne,2025072405,4.74,45.2,449.25,25.65,10.32,12.32,59.24,0.01
beledweyne,2025072406,4.74,45.2,568.5,27.81,10.39,12.24,49.75,0.0
beledweyne,2025072407,4.74,45.2,678.67,29.78,10.1,11.81,42.47,0.0
beledweyne,2025072408,4.74,45.2,667.05,31.37,9.81,11.41,37.59,0.0
beledweyne,2025072409,4.74,45.2,553.17,32.36,9.79,11.35,35.08,0.0
beledweyne,2025072410,4.74,45.2,577.08,33.1,9.96,11.52,33.61,0.0
beledweyne,2025072411,4.74,45.2,429.77,33.36,9.93,11.54,33.15,0.0
beledweyne,2025072412,4.74,45.2,283.62,32.9,9.79,11.49,34.0,0.0
beledweyne,2025072413,4.74,45.2,164.57,31.86,9.73,11.7,36.09,0.0
beledweyne,2025072414,4.74,45.2,59.03,30.24,9.23,11.76,39.69,0.0
beledweyne,2025072415,4.74,45.2,0.0,28.42,8.34,11.49,44.55,0.0
beledweyne,2025072416,4.74,45.2,0.0,27.19,8.2,11.22,49.0,0.0
beledweyne,2025072417,4.74,45.2,0.0,26.03,8.09,10.82,54.54,0.0
beledweyne,2025072418,4.74,45.2,0.0,24.8,7.83,10.23,61.31,0.0
beledweyne,2025072419,4.74,45.2,0.0,23.64,8.09,10.44,68.22,0.0
beledweyne,2025072420,4.74,45.2,0.0,22.73,8.06,10.23,73.48,0.0
beledweyne,2025072421,4.74,45.2,0.0,22.11,7.7,9.79,77.06,0.0
beledweyne,2025072422,4.74,45.2,0.0,21.66,7.55,9.63,79.67,0.0
beledweyne,2025072423,4.74,45.2,0.0,21.32,7.51,9.63,81.82,0.0
beledweyne,2025072500,4.74,45.2,0.0,21.02,7.42,9.65,83.65,0.0
beledweyne,2025072501,4.74,45.2,0.0,20.78,7.31,9.65,85.03,0.0
beledweyne,2025072502,4.74,45.2,0.0,20.57,7.21,9.64,86.16,0.0
beledweyne,2025072503,4.74,45.2,52.8,21.11,7.7,9.8,83.4,0.0
beledweyne,2025072504,4.74,45.2,224.35,23.21,9.84,12.15,71.97,0.01
beledweyne,2025072505,4.74,45.2,428.88,25.59,10.63,12.75,60.1,0.01
beledweyne,2025072506,4.74,45.2,539.58,27.78,10.73,12.68,51.56,0.03
beledweyne,2025072507,4.74,45.2,594.35,29.71,10.67,12.48,45.14,0.02
beledweyne,2025072508,4.74,45.2,756.58,31.27,10.43,12.15,40.71,0.01
beledweyne,2025072509,4.74,45.2,615.67,32.1,10.1,11.8,38.41,0.01
beledweyne,2025072510,4.74,45.2,431.6,32.59,9.89,11.6,37.19,0.02
beledweyne,2025072511,4.74,45.2,277.48,32.66,9.73,11.46,36.98,0.03
beledweyne,2025072512,4.74,45.2,142.68,32.08,9.68,11.5,38.4,0.02
beledweyne,2025072513,4.74,45.2,107.25,30.9,9.73,11.79,41.66,0.01
beledweyne,2025072514,4.74,45.2,13.2,29.31,9.36,11.85,46.66,0.01
beledweyne,2025072515,4.74,45.2,0.0,27.73,8.78,11.63,52.27,0.01
beledweyne,2025072516,4.74,45.2,0.0,26.65,8.79,11.62,56.4,0.0
beledweyne,2025072517,4.74,45.2,0.0,25.59,8.68,11.4,60.62,0.0
beledweyne,2025072518,4.74,45.2,0.0,24.54,8.38,10.87,65.59,0.0
beledweyne,2025072519,4.74,45.2,0.0,23.59,8.16,10.54,70.84,0.0
beledweyne,2025072520,4.74,45.2,0.0,22.82,7.99,10.29,75.54,0.0
beledweyne,2025072521,4.74,45.2,0.0,22.2,7.71,9.95,79.38,0.0
beledweyne,2025072522,4.74,45.2,0.0,21.78,7.5,9.73,81.88,0.0
beledweyne,2025072523,4.74,45.2,0.0,21.51,7.22,9.44,83.06,0.0
beledweyne,2025072600,4.74,45.2,0.0,21.32,6.92,9.18,83.62,0.0
beledweyne,2025072601,4.74,45.2,0.0,21.18,6.63,8.9,84.01,0.0
beledweyne,2025072602,4.74,45.2,0.0,21.09,6.4,8.65,84.28,0.0
beledweyne,2025072603,4.74,45.2,46.4,21.58,6.89,8.76,81.71,0.0
beledweyne,2025072604,4.74,45.2,168.1,23.38,8.61,10.54,71.72,0.0
beledweyne,2025072605,4.74,45.2,310.5,25.56,9.37,11.13,60.68,0.0
beledweyne,2025072606,4.74,45.2,497.65,27.72,9.35,10.93,51.46,0.0
beledweyne,2025072607,4.74,45.2,682.28,29.67,9.24,10.74,44.17,0.0
beledweyne,2025072608,4.74,45.2,580.75,31.31,9.18,10.67,38.71,0.0
beledweyne,2025072609,4.74,45.2,709.33,32.57,9.14,10.61,34.96,0.0
beledweyne,2025072610,4.74,45.2,626.05,33.35,9.03,10.51,32.94,0.0
beledweyne,2025072611,4.74,45.2,535.72,33.5,9.0,10.52,32.64,0.0
beledweyne,2025072612,4.74,45.2,371.42,33.22,8.98,10.58,33.39,0.0
beledweyne,2025072613,4.74,45.2,213.62,32.16,8.72,10.57,36.09,0.0
beledweyne,2025072614,4.74,45.2,67.28,30.68,8.02,10.52,40.57,0.0
beledweyne,2025072615,4.74,45.2,0.0,29.0,7.56,10.61,46.64,0.0
beledweyne,2025072616,4.74,45.2,0.0,27.87,8.13,11.13,52.04,0.0
beledweyne,2025072617,4.74,45.2,0.0,26.69,8.67,11.43,58.25,0.0
beledweyne,2025072618,4.74,45.2,0.0,25.41,8.49,10.9,64.85,0.0
beledweyne,2025072619,4.74,45.2,0.0,24.21,8.22,10.44,70.93,0.01
beledweyne,2025072620,4.74,45.2,0.0,23.2,8.07,10.23,76.2,0.03
beledweyne,2025072621,4.74,45.2,0.0,22.54,7.79,9.91,79.98,0.09
beledweyne,2025072622,4.74,45.2,0.0,22.17,7.66,9.77,82.47,0.1
beledweyne,2025072623,4.74,45.2,0.0,21.99,7.61,9.71,83.78,0.05
beledweyne,2025072700,4.74,45.2,0.0,21.85,7.45,9.61,84.2,0.02
beledweyne,2025072701,4.74,45.2,0.0,21.69,6.99,9.18,84.23,0.01
beledweyne,2025072702,4.74,45.2,0.0,21.58,6.59,8.72,84.25,0.0
beledweyne,2025072703,4.74,45.2,49.33,22.01,7.12,9.06,81.69,0.0
beledweyne,2025072704,4.74,45.2,221.23,23.7,9.12,11.17,72.29,0.0
beledweyne,2025072705,4.74,45.2,447.12,25.92,10.02,11.91,60.91,0.0
beledweyne,2025072706,4.74,45.2,519.45,27.86,9.97,11.7,51.73,0.0
beledweyne,2025072707,4.74,45.2,609.78,29.37,9.73,11.38,45.55,0.0
beledweyne,2025072708,4.74,45.2,682.25,30.83,9.52,11.08,40.77,0.0
beledweyne,2025072709,4.74,45.2,619.15,32.13,9.35,10.87,37.21,0.0
beledweyne,2025072710,4.74,45.2,624.38,33.11,9.21,10.72,34.95,0.0
beledweyne,2025072711,4.74,45.2,486.6,33.28,9.02,10.56,34.59,0.01
beledweyne,2025072712,4.74,45.2,352.1,32.68,8.81,10.48,36.01,0.0
beledweyne,2025072713,4.74,45.2,201.9,31.9,8.81,10.71,37.99,0.0
beledweyne,2025072714,4.74,45.2,63.45,30.52,8.17,10.69,41.64,0.0
beledweyne,2025072715,4.74,45.2,0.0,28.81,7.51,10.67,46.53,0.0
beledweyne,2025072716,4.74,45.2,0.0,27.74,8.0,11.13,49.77,0.0
beledweyne,2025072717,4.74,45.2,0.0,26.69,8.62,11.57,53.38,0.0
beledweyne,2025072718,4.74,45.2,0.0,25.5,8.42,11.09,58.09,0.0
beledweyne,2025072719,4.74,45.2,0.0,24.42,8.33,10.83,62.84,0.0
beledweyne,2025072720,4.74,45.2,0.0,23.54,8.0,10.36,67.1,0.0
beledweyne,2025072721,4.74,45.2,0.0,22.83,7.81,10.13,70.98,0.0
beledweyne,2025072722,4.74,45.2,0.0,22.26,7.59,9.86,74.5,0.0
beledweyne,2025072723,4.74,45.2,0.0,21.77,7.37,9.63,77.88,0.0
beledweyne,2025072800,4.74,45.2,0.0,21.38,7.23,9.48,81.16,0.0
beledweyne,2025072801,4.74,45.2,0.0,21.14,7.1,9.41,84.04,0.01
beledweyne,2025072802,4.74,45.2,0.0,21.09,7.08,9.42,85.87,0.01
beledweyne,2025072803,4.74,45.2,47.58,21.8,7.86,10.02,83.08,0.02
beledweyne,2025072804,4.74,45.2,171.85,24.04,10.34,12.76,71.69,0.02
beledweyne,2025072805,4.74,45.2,321.62,26.51,11.36,13.62,59.88,0.01
beledweyne,2025072806,4.74,45.2,433.27,28.51,11.43,13.53,51.22,0.02
beledweyne,2025072807,4.74,45.2,507.95,29.84,11.18,13.19,45.82,0.03
beledweyne,2025072808,4.74,45.2,457.7,30.44,10.81,12.8,42.88,0.03
beledweyne,2025072809,4.74,45.2,284.6,30.99,10.29,12.26,40.52,0.03
beledweyne,2025072810,4.74,45.2,281.73,31.74,9.92,11.82,38.46,0.04
beledweyne,2025072811,4.74,45.2,236.6,32.15,9.86,11.73,38.03,0.04
beledweyne,2025072812,4.74,45.2,141.1,31.72,9.99,11.92,39.95,0.04
beledweyne,2025072813,4.74,45.2,133.73,30.62,10.07,12.2,43.5,0.02
beledweyne,2025072814,4.74,45.2,41.65,29.08,9.57,12.05,48.36,0.0
beledweyne,2025072815,4.74,45.2,0.0,27.47,8.86,11.75,53.74,0.0
beledweyne,2025072816,4.74,45.2,0.0,26.42,9.15,12.04,57.4,0.0
beledweyne,2025072817,4.74,45.2,0.0,25.32,9.2,11.92,61.33,0.0
beledweyne,2025072818,4.74,45.2,0.0,24.22,8.83,11.38,65.8,0.01
beledweyne,2025072819,4.74,45.2,0.0,23.31,8.46,10.87,70.3,0.01
beledweyne,2025072820,4.74,45.2,0.0,22.64,8.3,10.6,74.73,0.01
beledweyne,2025072821,4.74,45.2,0.0,22.17,8.19,10.45,79.02,0.01
beledweyne,2025072822,4.74,45.2,0.0,21.89,8.12,10.41,82.18,0.01
beledweyne,2025072823,4.74,45.2,0.0,21.8,8.2,10.67,82.91,0.01
beledweyne,2025072900,4.74,45.2,0.0,21.75,8.44,11.02,82.4,0.02
beledweyne,2025072901,4.74,45.2,0.0,21.59,8.21,10.77,82.7,0.01
beledweyne,2025072902,4.74,45.2,0.0,21.38,7.9,10.47,83.73,0.01
beledweyne,2025072903,4.74,45.2,46.97,21.75,8.19,10.45,81.76,0.01
beledweyne,2025072904,4.74,45.2,175.7,23.61,9.73,11.97,71.37,0.02
beledweyne,2025072905,4.74,45.2,324.83,25.86,10.56,12.64,60.36,0.02
beledweyne,2025072906,4.74,45.2,435.4,27.88,10.57,12.47,52.38,0.03
beledweyne,2025072907,4.74,45.2,482.6,29.72,10.38,12.12,46.34,0.03
beledweyne,2025072908,4.74,45.2,461.65,31.29,10.34,11.98,41.81,0.08
beledweyne,2025072909,4.74,45.2,393.8,32.35,10.2,11.75,38.88,0.07
beledweyne,2025072910,4.74,45.2,280.5,32.89,10.04,11.56,37.21,0.07
beledweyne,2025072911,4.74,45.2,235.55,32.96,9.95,11.48,36.88,0.05
beledweyne,2025072912,4.74,45.2,202.9,32.44,9.87,11.51,37.9,0.04
beledweyne,2025072913,4.74,45.2,98.18,31.3,9.59,11.48,40.36,0.03
beledweyne,2025072914,4.74,45.2,23.75,29.83,8.71,11.12,44.36,0.02
beledweyne,2025072915,4.74,45.2,0.0,28.17,7.76,10.72,50.12,0.02
beledweyne,2025072916,4.74,45.2,0.0,27.02,7.76,10.54,55.08,0.01
beledweyne,2025072917,4.74,45.2,0.0,25.93,8.18,10.8,60.47,0.0
beledweyne,2025072918,4.74,45.2,0.0,24.87,8.34,10.67,66.04,0.0
beledweyne,2025072919,4.74,45.2,0.0,23.91,8.19,10.38,71.13,0.0
beledweyne,2025072920,4.74,45.2,0.0,23.15,7.88,9.99,74.95,0.0
beledweyne,2025072921,4.74,45.2,0.0,22.56,7.58,9.7,77.65,0.01
beledweyne,2025072922,4.74,45.2,0.0,22.09,7.28,9.41,79.76,0.01
beledweyne,2025072923,4.74,45.2,0.0,21.71,6.94,9.07,81.63,0.01
beledweyne,2025073000,4.74,45.2,0.0,21.47,6.69,8.86,82.69,0.0
beledweyne,2025073001,4.74,45.2,0.0,21.34,6.5,8.75,82.97,0.0
beledweyne,2025073002,4.74,45.2,0.0,21.22,6.23,8.55,83.33,0.0
beledweyne,2025073003,4.74,45.2,56.62,21.8,6.82,8.76,80.41,0.0
beledweyne,2025073004,4.74,45.2,251.1,23.89,9.22,11.34,69.88,0.0
beledweyne,2025073005,4.74,45.2,470.75,26.3,10.22,12.16,58.4,0.0
beledweyne,2025073006,4.74,45.2,644.55,28.64,10.36,12.13,48.21,0.0
beledweyne,2025073007,4.74,45.2,800.15,30.63,10.3,11.95,40.9,0.0
beledweyne,2025073008,4.74,45.2,887.4,32.2,10.34,11.95,35.78,0.0
beledweyne,2025073009,4.74,45.2,917.97,33.36,10.27,11.85,32.24,0.0
beledweyne,2025073010,4.74,45.2,746.45,34.09,10.1,11.66,30.15,0.0
beledweyne,2025073011,4.74,45.2,600.72,34.25,9.96,11.55,29.63,0.0
beledweyne,2025073012,4.74,45.2,391.7,33.81,9.86,11.52,30.47,0.0
beledweyne,2025073013,4.74,45.2,220.32,32.76,9.68,11.55,32.82,0.0
beledweyne,2025073014,4.74,45.2,59.6,31.03,8.72,11.21,37.46,0.0
beledweyne,2025073015,4.74,45.2,0.0,29.04,7.41,10.66,44.1,0.0
beledweyne,2025073016,4.74,45.2,0.0,27.99,7.36,10.46,48.96,0.0
beledweyne,2025073017,4.74,45.2,0.0,27.03,7.34,10.15,54.21,0.0
beledweyne,2025073018,4.74,45.2,0.0,25.98,7.51,10.11,60.4,0.0
beledweyne,2025073019,4.74,45.2,0.0,24.87,7.86,10.27,67.5,0.0
beledweyne,2025073020,4.74,45.2,0.0,23.88,7.73,9.99,74.13,0.0
beledweyne,2025073021,4.74,45.2,0.0,23.12,7.49,9.65,79.27,0.0
beledweyne,2025073022,4.74,45.2,0.0,22.66,7.18,9.29,82.27,0.0
beledweyne,2025073023,4.74,45.2,0.0,22.43,7.1,9.22,83.53,0.0
beledweyne,2025073100,4.74,45.2,0.0,22.34,7.1,9.33,84.07,0.0
beledweyne,2025073101,4.74,45.2,0.0,22.27,7.22,9.56,84.24,0.0
beledweyne,2025073102,4.74,45.2,0.0,22.14,7.42,9.89,84.15,0.0
beledweyne,2025073103,4.74,45.2,61.35,22.58,8.04,10.23,81.23,0.0
beledweyne,2025073104,4.74,45.2,267.8,24.46,9.95,12.16,70.29,0.0
beledweyne,2025073105,4.74,45.2,477.65,26.77,10.7,12.74,59.03,0.0
beledweyne,2025073106,4.74,45.2,662.7,28.98,10.81,12.72,50.2,0.0
beledweyne,2025073107,4.74,45.2,522.45,30.93,10.79,12.59,43.97,0.0
beledweyne,2025073108,4.74,45.2,642.15,32.41,10.79,12.53,40.26,0.0
beledweyne,2025073109,4.74,45.2,606.95,33.59,10.64,12.32,37.63,0.0
beledweyne,2025073110,4.74,45.2,495.9,34.34,10.43,12.09,35.9,0.0
beledweyne,2025073111,4.74,45.2,417.73,34.42,10.41,12.06,35.71,0.0
beledweyne,2025073112,4.74,45.2,396.83,33.52,10.41,12.16,38.04,0.01
beledweyne,2025073113,4.74,45.2,229.43,31.97,10.41,12.38,42.4,0.0
beledweyne,2025073114,4.74,45.2,72.6,30.01,10.23,12.59,48.39,0.0
beledweyne,2025073115,4.74,45.2,0.0,28.2,9.86,12.5,54.46,0.0
beledweyne,2025073116,4.74,45.2,0.0,27.0,9.79,12.47,58.76,0.0
beledweyne,2025073117,4.74,45.2,0.0,26.04,9.55,12.2,62.41,0.0
beledweyne,2025073118,4.74,45.2,0.0,25.19,9.24,11.83,65.78,0.0
beledweyne,2025073119,4.74,45.2,0.0,24.4,9.01,11.53,68.68,0.0
beledweyne,2025073120,4.74,45.2,0.0,23.6,8.98,11.49,71.26,0.0
beledweyne,2025073121,4.74,45.2,0.0,22.76,9.01,11.53,73.89,0.0
beledweyne,2025073122,4.74,45.2,0.0,22.04,8.93,11.48,76.29,0.0
beledweyne,2025073123,4.74,45.2,0.0,21.52,8.75,11.31,77.89,0.0
beledweyne,2025080100,4.74,45.2,0.0,21.19,8.38,10.96,78.94,0.0
beledweyne,2025080101,4.74,45.2,0.0,21.01,8.06,10.61,80.66,0.0
beledweyne,2025080102,4.74,45.2,0.0,20.92,7.83,10.42,82.26,0.0
beledweyne,2025080103,4.74,45.2,49.8,21.5,8.25,10.5,79.77,0.0
beledweyne,2025080104,4.74,45.2,187.7,23.54,9.98,12.27,69.12,0.0
beledweyne,2025080105,4.74,45.2,366.48,25.92,10.94,13.11,58.1,0.0
beledweyne,2025080106,4.74,45.2,490.2,28.15,11.13,13.15,49.85,0.0
beledweyne,2025080107,4.74,45.2,648.8,30.1,11.03,12.9,43.67,0.0
beledweyne,2025080108,4.74,45.2,758.15,31.71,10.94,12.72,39.01,0.0
beledweyne,2025080109,4.74,45.2,728.38,32.9,10.91,12.64,35.29,0.0
beledweyne,2025080110,4.74,45.2,686.53,33.62,10.89,12.62,32.55,0.0
beledweyne,2025080111,4.74,45.2,413.27,33.77,10.85,12.63,31.16,0.0
beledweyne,2025080112,4.74,45.2,235.23,33.36,10.77,12.65,31.23,0.0
beledweyne,2025080113,4.74,45.2,141.45,32.25,10.55,12.64,33.28,0.0
beledweyne,2025080114,4.74,45.2,41.42,30.52,9.67,12.25,37.5,0.0
beledweyne,2025080115,4.74,45.2,0.0,28.65,8.82,11.99,43.96,0.0
beledweyne,2025080116,4.74,45.2,0.0,27.49,9.37,12.42,49.78,0.0
beledweyne,2025080117,4.74,45.2,0.0,26.29,9.73,12.63,55.91,0.0
beledweyne,2025080118,4.74,45.2,0.0,25.11,9.33,11.97,62.04,0.0
beledweyne,2025080119,4.74,45.2,0.0,24.14,9.03,11.54,67.81,0.0
beledweyne,2025080120,4.74,45.2,0.0,23.35,8.7,11.11,73.48,0.0
beledweyne,2025080121,4.74,45.2,0.0,22.81,8.62,11.01,77.56,0.0
beledweyne,2025080122,4.74,45.2,0.0,22.51,8.47,10.8,79.3,0.0
beledweyne,2025080123,4.74,45.2,0.0,22.29,8.16,10.51,79.86,0.0
beledweyne,2025080200,4.74,45.2,0.0,22.14,7.86,10.26,79.86,0.0
beledweyne,2025080201,4.74,45.2,0.0,22.02,7.56,9.98,79.96,0.0
beledweyne,2025080202,4.74,45.2,0.0,21.88,7.07,9.44,80.8,0.0
beledweyne,2025080203,4.74,45.2,38.22,22.38,7.31,9.31,79.1,0.0
beledweyne,2025080204,4.74,45.2,138.57,24.22,9.13,11.14,70.31,0.0
beledweyne,2025080205,4.74,45.2,276.73,26.35,9.97,11.83,60.36,0.0
beledweyne,2025080206,4.74,45.2,459.8,28.43,10.14,11.88,52.3,0.0
beledweyne,2025080207,4.74,45.2,584.2,30.35,10.1,11.72,46.06,0.0
beledweyne,2025080208,4.74,45.2,641.28,31.98,10.11,11.68,41.22,0.0
beledweyne,2025080209,4.74,45.2,433.17,33.29,10.15,11.71,37.54,0.0
beledweyne,2025080210,4.74,45.2,348.77,33.99,10.21,11.76,35.57,0.0
beledweyne,2025080211,4.74,45.2,255.55,33.67,10.04,11.64,35.98,0.0
beledweyne,2025080212,4.74,45.2,162.05,33.0,9.75,11.41,37.52,0.0
beledweyne,2025080213,4.74,45.2,77.97,32.01,9.53,11.33,40.13,0.0
beledweyne,2025080214,4.74,45.2,19.5,30.39,9.16,11.4,44.95,0.0
beledweyne,2025080215,4.74,45.2,0.0,28.59,8.83,11.53,51.21,0.0
beledweyne,2025080216,4.74,45.2,0.0,27.27,9.37,11.99,56.29,0.01
beledweyne,2025080217,4.74,45.2,0.0,26.0,9.65,12.17,61.18,0.0
beledweyne,2025080218,4.74,45.2,0.0,24.83,9.55,11.98,65.89,0.0
beledweyne,2025080219,4.74,45.2,0.0,23.91,9.21,11.6,70.09,0.0
beledweyne,2025080220,4.74,45.2,0.0,23.16,8.87,11.23,73.95,0.0
beledweyne,2025080221,4.74,45.2,0.0,22.6,8.54,10.88,76.99,0.0
beledweyne,2025080222,4.74,45.2,0.0,22.19,8.31,10.65,79.14,0.0
beledweyne,2025080223,4.74,45.2,0.0,21.9,7.96,10.28,80.29,0.0
beledweyne,2025080300,4.74,45.2,0.0,21.68,7.73,10.12,80.96,0.0
beledweyne,2025080301,4.74,45.2,0.0,21.44,7.55,9.97,82.01,0.0
beledweyne,2025080302,4.74,45.2,0.0,21.18,7.34,9.76,83.55,0.0
beledweyne,2025080303,4.74,45.2,47.6,21.67,7.77,9.82,81.36,0.0
beledweyne,2025080304,4.74,45.2,182.65,23.72,9.74,11.93,69.61,0.0
beledweyne,2025080305,4.74,45.2,347.1,26.16,10.53,12.52,56.21,0.0
beledweyne,2025080306,4.74,45.2,465.17,28.46,10.47,12.25,46.31,0.0
beledweyne,2025080307,4.74,45.2,497.33,30.43,10.3,11.94,40.14,0.0
beledweyne,2025080308,4.74,45.2,560.83,31.89,10.34,11.9,36.8,0.0
beledweyne,2025080309,4.74,45.2,469.6,32.49,10.13,11.7,35.91,0.0
beledweyne,2025080310,4.74,45.2,412.77,32.6,9.95,11.55,35.99,0.0
beledweyne,2025080311,4.74,45.2,349.4,32.65,9.86,11.5,36.02,0.0
beledweyne,2025080312,4.74,45.2,273.67,32.24,9.67,11.38,36.88,0.0
beledweyne,2025080313,4.74,45.2,146.4,31.38,9.29,11.16,38.73,0.0
beledweyne,2025080314,4.74,45.2,45.83,30.07,8.55,10.88,41.9,0.0
beledweyne,2025080315,4.74,45.2,0.0,28.57,7.9,10.75,46.16,0.0
beledweyne,2025080316,4.74,45.2,0.0,27.49,8.52,11.27,49.79,0.0
beledweyne,2025080317,4.74,45.2,0.0,26.32,9.39,12.1,54.48,0.0
beledweyne,2025080318,4.74,45.2,0.0,25.12,9.6,12.21,60.0,0.0
beledweyne,2025080319,4.74,45.2,0.0,24.05,9.3,11.78,65.37,0.0
beledweyne,2025080320,4.74,45.2,0.0,23.29,8.96,11.44,68.95,0.0
beledweyne,2025080321,4.74,45.2,0.0,22.71,8.9,11.47,71.21,0.0
beledweyne,2025080322,4.74,45.2,0.0,22.16,8.85,11.44,73.72,0.0
beledweyne,2025080323,4.74,45.2,0.0,21.71,8.48,11.05,77.04,0.0
beledweyne,2025080400,4.74,45.2,0.0,21.48,8.11,10.6,79.51,0.0
beledweyne,2025080401,4.74,45.2,0.0,21.41,7.81,10.22,80.34,0.0
beledweyne,2025080402,4.74,45.2,0.0,21.36,7.63,10.0,80.8,0.0
beledweyne,2025080403,4.74,45.2,45.38,21.84,8.04,10.2,78.68,0.0
beledweyne,2025080404,4.74,45.2,180.23,23.5,9.92,12.23,69.99,0.0
beledweyne,2025080405,4.74,45.2,350.5,25.66,10.81,12.9,59.16,0.0
beledweyne,2025080406,4.74,45.2,362.5,27.69,10.86,12.75,50.48,0.0
beledweyne,2025080407,4.74,45.2,288.75,29.1,10.45,12.19,45.18,0.0
beledweyne,2025080408,4.74,45.2,425.8,29.87,9.86,11.52,42.52,0.01
beledweyne,2025080409,4.74,45.2,563.9,30.24,9.32,10.96,41.07,0.01
beledweyne,2025080410,4.74,45.2,359.5,30.45,8.9,10.54,40.5,0.01
beledweyne,2025080411,4.74,45.2,310.38,30.62,8.74,10.4,40.33,0.01
beledweyne,2025080412,4.74,45.2,199.25,30.59,8.78,10.49,40.8,0.01
beledweyne,2025080413,4.74,45.2,134.3,30.1,8.76,10.68,42.35,0.0
beledweyne,2025080414,4.74,45.2,43.4,29.0,8.29,10.69,45.63,0.0
beledweyne,2025080415,4.74,45.2,0.0,27.5,7.73,10.63,50.41,0.0
beledweyne,2025080416,4.74,45.2,0.0,26.53,8.33,11.25,53.76,0.0
beledweyne,2025080417,4.74,45.2,0.0,25.64,9.11,11.92,56.86,0.0
beledweyne,2025080418,4.74,45.2,0.0,24.68,9.3,12.07,60.3,0.0
beledweyne,2025080419,4.74,45.2,0.0,23.79,9.33,12.04,64.17,0.0
beledweyne,2025080420,4.74,45.2,0.0,22.97,9.24,11.87,68.53,0.0
beledweyne,2025080421,4.74,45.2,0.0,22.27,8.92,11.41,72.86,0.0
beledweyne,2025080422,4.74,45.2,0.0,21.75,8.8,11.29,76.37,0.0
beledweyne,2025080423,4.74,45.2,0.0,21.42,8.58,11.07,78.58,0.0
beledweyne,2025080500,4.74,45.2,0.0,21.22,8.19,10.7,79.99,0.0
beledweyne,2025080501,4.74,45.2,0.0,21.05,7.75,10.24,81.23,0.0
beledweyne,2025080502,4.74,45.2,0.0,20.97,7.33,9.74,81.97,0.0
beledweyne,2025080503,4.74,45.2,58.05,21.51,7.61,9.66,79.41,0.0
beledweyne,2025080504,4.74,45.2,239.98,23.18,9.17,11.25,69.99,0.01
beledweyne,2025080505,4.74,45.2,442.1,25.05,9.99,11.92,59.4,0.01
beledweyne,2025080506,4.74,45.2,539.33,26.83,10.28,12.1,51.47,0.0
beledweyne,2025080507,4.74,45.2,521.2,28.34,10.45,12.21,46.43,0.0
beledweyne,2025080508,4.74,45.2,435.88,29.6,10.65,12.4,42.94,0.0
beledweyne,2025080509,4.74,45.2,361.05,30.61,10.74,12.49,40.51,0.0
beledweyne,2025080510,4.74,45.2,296.4,31.24,10.58,12.3,39.17,0.0
beledweyne,2025080511,4.74,45.2,209.32,31.28,10.25,11.98,39.26,0.0
beledweyne,2025080512,4.74,45.2,124.3,30.8,9.93,11.72,40.65,0.0
beledweyne,2025080513,4.74,45.2,70.75,29.93,9.49,11.4,42.95,0.0
beledweyne,2025080514,4.74,45.2,17.55,28.79,8.55,10.81,46.24,0.0
beledweyne,2025080515,4.74,45.2,0.0,27.53,7.43,10.14,50.46,0.0
beledweyne,2025080516,4.74,45.2,0.0,26.66,7.07,9.67,53.75,0.0
beledweyne,2025080517,4.74,45.2,0.0,25.85,7.01,9.49,57.08,0.0
beledweyne,2025080518,4.74,45.2,0.0,25.02,7.05,9.37,61.06,0.0
beledweyne,2025080519,4.74,45.2,0.0,24.13,7.16,9.44,66.06,0.0
beledweyne,2025080520,4.74,45.2,0.0,23.32,7.32,9.54,71.35,0.0
beledweyne,2025080521,4.74,45.2,0.0,22.6,7.43,9.6,76.2,0.0
beledweyne,2025080522,4.74,45.2,0.0,22.01,7.34,9.47,79.97,0.0
beledweyne,2025080523,4.74,45.2,0.0,21.54,7.09,9.22,82.72,0.0
beledweyne,2025080600,4.74,45.2,0.0,21.26,7.01,9.21,84.59,0.0
beledweyne,2025080601,4.74,45.2,0.0,21.17,6.88,9.13,85.45,0.0
beledweyne,2025080602,4.74,45.2,0.0,21.19,6.85,9.16,85.69,0.0
beledweyne,2025080603,4.74,45.2,36.65,21.82,7.53,9.6,82.67,0.01
beledweyne,2025080604,4.74,45.2,141.75,23.89,9.49,11.54,71.02,0.0
beledweyne,2025080605,4.74,45.2,271.9,26.3,10.19,12.08,58.53,0.0
beledweyne,2025080606,4.74,45.2,470.9,28.51,10.1,11.79,49.85,0.0
beledweyne,2025080607,4.74,45.2,507.98,30.39,9.77,11.3,43.98,0.0
beledweyne,2025080608,4.74,45.2,682.25,31.72,9.65,11.11,40.32,0.01
beledweyne,2025080609,4.74,45.2,626.55,32.43,9.64,11.07,38.43,0.02
beledweyne,2025080610,4.74,45.2,564.6,32.75,9.53,10.97,37.54,0.05
beledweyne,2025080611,4.74,45.2,377.33,32.84,9.27,10.71,37.14,0.05
beledweyne,2025080612,4.74,45.2,220.02,32.43,9.02,10.51,37.93,0.04
beledweyne,2025080613,4.74,45.2,145.77,31.41,8.94,10.6,40.3,0.03
beledweyne,2025080614,4.74,45.2,43.3,29.84,8.61,10.76,44.55,0.01
beledweyne,2025080615,4.74,45.2,0.0,28.16,8.26,10.85,50.23,0.0
beledweyne,2025080616,4.74,45.2,0.0,26.92,8.25,10.68,55.45,0.0
beledweyne,2025080617,4.74,45.2,0.0,25.87,8.17,10.61,60.11,0.0
beledweyne,2025080618,4.74,45.2,0.0,25.0,7.92,10.24,64.1,0.0
beledweyne,2025080619,4.74,45.2,0.0,24.21,7.74,9.96,68.02,0.0
beledweyne,2025080620,4.74,45.2,0.0,23.45,7.62,9.76,72.32,0.0
beledweyne,2025080621,4.74,45.2,0.0,22.74,7.51,9.58,76.87,0.0
beledweyne,2025080622,4.74,45.2,0.0,22.2,7.45,9.47,80.33,0.0
beledweyne,2025080623,4.74,45.2,0.0,21.88,7.28,9.25,81.97,0.01
beledweyne,2025080700,4.74,45.2,0.0,21.71,6.96,8.9,82.53,0.01
beledweyne,2025080701,4.74,45.2,0.0,21.6,6.69,8.72,83.11,0.01
beledweyne,2025080702,4.74,45.2,0.0,21.57,6.55,8.62,83.7,0.02
beledweyne,2025080703,4.74,45.2,51.1,22.0,6.9,8.74,82.09,0.02
beledweyne,2025080704,4.74,45.2,202.77,23.32,8.35,10.25,74.84,0.01
beledweyne,2025080705,4.74,45.2,391.0,25.1,9.06,10.82,65.29,0.01
beledweyne,2025080706,4.74,45.2,605.58,27.12,9.28,10.88,56.07,0.0
beledweyne,2025080707,4.74,45.2,678.1,29.09,9.31,10.83,48.15,0.0
beledweyne,2025080708,4.74,45.2,851.83,30.6,9.37,10.88,42.84,0.01
beledweyne,2025080709,4.74,45.2,648.22,31.49,9.4,10.92,40.13,0.01
beledweyne,2025080710,4.74,45.2,476.88,32.19,9.34,10.84,38.34,0.02
beledweyne,2025080711,4.74,45.2,303.75,32.32,9.1,10.59,37.96,0.03
beledweyne,2025080712,4.74,45.2,204.1,32.1,8.87,10.36,38.52,0.02
beledweyne,2025080713,4.74,45.2,138.3,31.36,8.61,10.22,40.43,0.02
beledweyne,2025080714,4.74,45.2,40.72,30.08,7.81,9.91,44.24,0.02
beledweyne,2025080715,4.74,45.2,0.0,28.37,6.88,9.75,50.21,0.01
beledweyne,2025080716,4.74,45.2,0.0,27.31,7.61,10.31,54.73,0.0
beledweyne,2025080717,4.74,45.2,0.0,26.21,8.26,10.75,59.89,0.0
beledweyne,2025080718,4.74,45.2,0.0,25.05,8.12,10.37,65.76,0.0
beledweyne,2025080719,4.74,45.2,0.0,23.97,8.17,10.33,71.76,0.0
beledweyne,2025080720,4.74,45.2,0.0,23.08,8.27,10.43,76.99,0.0
beledweyne,2025080721,4.74,45.2,0.0,22.48,8.07,10.16,80.65,0.0
beledweyne,2025080722,4.74,45.2,0.0,22.13,7.8,9.84,82.64,0.0
beledweyne,2025080723,4.74,45.2,0.0,21.9,7.48,9.54,83.92,0.01
beledweyne,2025080800,4.74,45.2,0.0,21.78,7.2,9.23,84.57,0.01
beledweyne,2025080801,4.74,45.2,0.0,21.7,6.84,8.83,85.05,0.01
beledweyne,2025080802,4.74,45.2,0.0,21.64,6.43,8.36,85.49,0.02
beledweyne,2025080803,4.74,45.2,49.97,22.03,6.71,8.5,83.43,0.03
beledweyne,2025080804,4.74,45.2,198.2,23.49,8.29,10.08,74.72,0.06
beledweyne,2025080805,4.74,45.2,376.62,25.32,8.88,10.49,64.65,0.11
beledweyne,2025080806,4.74,45.2,460.9,27.21,9.0,10.48,55.41,0.2
beledweyne,2025080807,4.74,45.2,569.6,29.02,8.94,10.33,47.68,0.37
beledweyne,2025080808,4.74,45.2,667.33,30.4,8.85,10.2,42.72,0.58
beledweyne,2025080809,4.74,45.2,645.53,31.3,8.81,10.15,40.41,0.72
beledweyne,2025080810,4.74,45.2,556.35,31.96,8.86,10.2,39.35,0.66
beledweyne,2025080811,4.74,45.2,373.55,32.07,8.84,10.22,39.59,0.55
beledweyne,2025080812,4.74,45.2,270.12,31.49,8.56,10.05,41.23,0.46
beledweyne,2025080813,4.74,45.2,149.93,30.65,8.02,9.75,43.6,0.37
beledweyne,2025080814,4.74,45.2,47.53,29.15,6.54,9.24,49.11,0.31
beledweyne,2025080815,4.74,45.2,0.0,27.26,5.94,9.55,56.68,0.24
beledweyne,2025080816,4.74,45.2,0.0,26.26,6.45,9.67,60.37,0.15
beledweyne,2025080817,4.74,45.2,0.0,25.28,6.37,9.21,65.04,0.07
beledweyne,2025080818,4.74,45.2,0.0,24.5,6.3,8.82,69.43,0.04
beledweyne,2025080819,4.74,45.2,0.0,23.93,6.26,8.42,73.33,0.03
beledweyne,2025080820,4.74,45.2,0.0,23.45,6.15,8.01,76.92,0.01
beledweyne,2025080821,4.74,45.2,0.0,23.03,6.13,7.86,80.13,0.01
beledweyne,2025080822,4.74,45.2,0.0,22.76,5.92,7.48,82.39,0.01
beledweyne,2025080823,4.74,45.2,0.0,22.6,5.51,6.98,83.7,0.04
beledweyne,2025080900,4.74,45.2,0.0,22.54,5.11,6.58,84.15,0.33
beledweyne,2025080901,4.74,45.2,0.0,22.49,4.81,6.35,84.51,0.49
beledweyne,2025080902,4.74,45.2,0.0,22.44,4.58,6.18,84.98,0.43
beledweyne,2025080903,4.74,45.2,49.33,22.74,4.85,6.2,83.78,0.25
beledweyne,2025080904,4.74,45.2,188.38,23.86,6.6,8.2,77.84,0.2
beledweyne,2025080905,4.74,45.2,328.98,25.45,7.64,9.11,69.11,0.29
beledweyne,2025080906,4.74,45.2,603.0,27.26,7.89,9.19,60.78,0.38
beledweyne,2025080907,4.74,45.2,808.95,29.4,7.98,9.17,52.68,0.33
beledweyne,2025080908,4.74,45.2,905.0,31.36,7.91,9.05,46.6,0.26
beledweyne,2025080909,4.74,45.2,823.67,32.69,7.66,8.77,42.79,0.18
beledweyne,2025080910,4.74,45.2,560.0,33.51,7.36,8.43,40.34,0.11
beledweyne,2025080911,4.74,45.2,436.9,33.8,7.26,8.3,39.13,0.08
beledweyne,2025080912,4.74,45.2,295.6,33.4,7.33,8.43,39.57,0.09
beledweyne,2025080913,4.74,45.2,159.93,32.4,7.57,8.89,41.82,0.12
beledweyne,2025080914,4.74,45.2,50.3,30.67,7.3,9.5,47.31,0.1
beledweyne,2025080915,4.74,45.2,0.0,28.64,7.6,10.56,54.93,0.02
beledweyne,2025080916,4.74,45.2,0.0,27.33,8.68,11.43,60.24,0.01
beledweyne,2025080917,4.74,45.2,0.0,26.06,8.66,11.19,65.49,0.01
beledweyne,2025080918,4.74,45.2,0.0,24.86,8.66,11.12,70.79,0.01
beledweyne,2025080919,4.74,45.2,0.0,23.78,8.39,10.63,76.52,0.01
beledweyne,2025080920,4.74,45.2,0.0,22.97,7.92,10.02,81.56,0.02
beledweyne,2025080921,4.74,45.2,0.0,22.5,7.69,9.77,84.69,0.05
beledweyne,2025080922,4.74,45.2,0.0,22.26,7.46,9.62,85.96,0.07
beledweyne,2025080923,4.74,45.2,0.0,22.1,7.22,9.39,86.33,0.05
beledweyne,2025081000,4.74,45.2,0.0,21.94,6.94,9.12,86.84,0.03
beledweyne,2025081001,4.74,45.2,0.0,21.77,6.84,9.1,87.65,0.02
beledweyne,2025081002,4.74,45.2,0.0,21.62,6.84,9.21,88.12,0.03
beledweyne,2025081003,4.74,45.2,59.72,22.15,7.44,9.39,84.71,0.02
beledweyne,2025081004,4.74,45.2,249.4,24.16,9.13,10.94,72.79,0.01
beledweyne,2025081005,4.74,45.2,474.58,26.59,9.59,11.19,60.3,0.01
beledweyne,2025081006,4.74,45.2,697.83,28.89,9.34,10.73,50.56,0.0
beledweyne,2025081007,4.74,45.2,817.67,30.89,9.03,10.28,43.8,0.0
beledweyne,2025081008,4.74,45.2,832.85,32.46,8.83,10.01,39.42,0.0
beledweyne,2025081009,4.74,45.2,847.33,33.57,8.58,9.69,36.87,0.0
beledweyne,2025081010,4.74,45.2,709.4,34.17,8.3,9.37,35.73,0.0
beledweyne,2025081011,4.74,45.2,545.92,34.18,8.11,9.18,35.65,0.01
beledweyne,2025081012,4.74,45.2,348.08,33.71,8.1,9.24,36.46,0.01
beledweyne,2025081013,4.74,45.2,188.02,32.55,8.21,9.57,38.97,0.01
beledweyne,2025081014,4.74,45.2,63.7,30.93,7.96,9.94,43.25,0.0
beledweyne,2025081015,4.74,45.2,0.0,28.99,7.48,10.16,49.54,0.0
beledweyne,2025081016,4.74,45.2,0.0,27.58,7.44,9.94,54.99,0.0
beledweyne,2025081017,4.74,45.2,0.0,26.34,7.73,10.14,60.14,0.0
beledweyne,2025081018,4.74,45.2,0.0,25.06,8.59,10.97,65.53,0.0
beledweyne,2025081019,4.74,45.2,0.0,23.87,8.55,10.73,70.93,0.0
beledweyne,2025081020,4.74,45.2,0.0,22.92,8.48,10.63,75.44,0.0
beledweyne,2025081021,4.74,45.2,0.0,22.21,8.45,10.74,79.26,0.0
beledweyne,2025081022,4.74,45.2,0.0,21.66,8.17,10.42,82.53,0.01
beledweyne,2025081023,4.74,45.2,0.0,21.27,7.76,9.97,85.0,0.01
beledweyne,2025081100,4.74,45.2,0.0,21.01,7.49,9.71,86.69,0.01
beledweyne,2025081101,4.74,45.2,0.0,20.83,7.24,9.54,87.55,0.02
beledweyne,2025081102,4.74,45.2,0.0,20.73,6.99,9.36,87.76,0.02
beledweyne,2025081103,4.74,45.2,65.93,21.27,7.52,9.56,84.78,0.04
beledweyne,2025081104,4.74,45.2,267.5,23.27,9.32,11.27,73.17,0.03
beledweyne,2025081105,4.74,45.2,487.55,25.68,9.75,11.39,60.64,0.02
beledweyne,2025081106,4.74,45.2,616.15,28.03,9.47,10.89,51.09,0.01
beledweyne,2025081107,4.74,45.2,699.22,30.13,9.16,10.43,44.61,0.0
beledweyne,2025081108,4.74,45.2,764.55,31.8,8.98,10.18,40.38,0.0
beledweyne,2025081109,4.74,45.2,641.72,32.94,8.89,10.07,37.89,0.0
beledweyne,2025081110,4.74,45.2,424.27,33.6,8.81,9.97,36.29,0.01
beledweyne,2025081111,4.74,45.2,380.45,33.76,8.78,9.95,35.67,0.03
beledweyne,2025081112,4.74,45.2,366.33,33.23,8.73,9.99,36.51,0.04
beledweyne,2025081113,4.74,45.2,195.8,32.08,8.76,10.25,39.3,0.03
beledweyne,2025081114,4.74,45.2,63.62,30.29,8.75,10.77,44.5,0.01
beledweyne,2025081115,4.74,45.2,0.0,28.27,8.48,11.05,51.1,0.0
beledweyne,2025081116,4.74,45.2,0.0,26.79,8.63,11.02,55.82,0.0
beledweyne,2025081117,4.74,45.2,0.0,25.44,8.49,10.84,59.8,0.0
beledweyne,2025081118,4.74,45.2,0.0,24.28,8.19,10.44,63.47,0.0
beledweyne,2025081119,4.74,45.2,0.0,23.27,7.76,9.91,67.68,0.0
beledweyne,2025081120,4.74,45.2,0.0,22.45,7.34,9.42,72.31,0.0
beledweyne,2025081121,4.74,45.2,0.0,21.79,6.82,8.85,76.6,0.0
beledweyne,2025081122,4.74,45.2,0.0,21.25,6.23,8.2,80.37,0.0
beledweyne,2025081123,4.74,45.2,0.0,20.79,5.51,7.43,83.57,0.0
beledweyne,2025081200,4.74,45.2,0.0,20.44,5.04,7.01,85.94,0.0
beledweyne,2025081201,4.74,45.2,0.0,20.14,4.4,6.49,87.73,0.01
beledweyne,2025081202,4.74,45.2,0.0,19.84,3.78,5.99,89.3,0.01
beledweyne,2025081203,4.74,45.2,73.05,20.6,4.66,6.06,85.0,0.0
beledweyne,2025081204,4.74,45.2,297.95,23.1,7.15,8.61,71.31,0.0
beledweyne,2025081205,4.74,45.2,536.8,25.65,7.79,9.0,58.81,0.0
beledweyne,2025081206,4.74,45.2,742.65,28.13,7.57,8.62,49.32,0.0
beledweyne,2025081207,4.74,45.2,890.45,30.34,7.33,8.29,42.48,0.0
beledweyne,2025081208,4.74,45.2,965.8,31.86,7.19,8.11,38.31,0.0
beledweyne,2025081209,4.74,45.2,952.72,32.57,7.07,7.97,36.25,0.0
beledweyne,2025081210,4.74,45.2,824.42,33.19,7.0,7.85,34.48,0.0
beledweyne,2025081211,4.74,45.2,754.65,33.58,6.98,7.83,33.17,0.0
beledweyne,2025081212,4.74,45.2,555.62,33.51,6.9,7.79,32.56,0.0
beledweyne,2025081213,4.74,45.2,318.25,32.78,6.79,7.8,33.32,0.0
beledweyne,2025081214,4.74,45.2,98.18,31.13,5.79,7.75,36.97,0.0
beledweyne,2025081215,4.74,45.2,0.0,28.83,4.64,8.33,43.97,0.0
beledweyne,2025081216,4.74,45.2,0.0,28.15,5.95,9.24,45.77,0.0
beledweyne,2025081217,4.74,45.2,0.0,27.26,7.09,9.95,49.07,0.0
beledweyne,2025081218,4.74,45.2,0.0,25.87,7.4,10.01,54.83,0.0
beledweyne,2025081219,4.74,45.2,0.0,24.4,7.58,9.8,62.01,0.0
beledweyne,2025081220,4.74,45.2,0.0,23.09,7.05,9.04,69.61,0.0
beledweyne,2025081221,4.74,45.2,0.0,22.19,6.69,8.61,76.14,0.0
beledweyne,2025081222,4.74,45.2,0.0,21.6,6.43,8.35,81.6,0.0
beledweyne,2025081223,4.74,45.2,0.0,21.15,6.17,8.13,86.33,0.01
beledweyne,2025081300,4.74,45.2,0.0,20.86,5.93,7.94,89.47,0.01
beledweyne,2025081301,4.74,45.2,0.0,20.64,5.65,7.78,91.31,0.02
beledweyne,2025081302,4.74,45.2,0.0,20.42,5.38,7.67,92.49,0.02
beledweyne,2025081303,4.74,45.2,73.55,21.14,6.08,7.67,88.18,0.01
beledweyne,2025081304,4.74,45.2,296.95,23.86,8.06,9.6,72.19,0.0
beledweyne,2025081305,4.74,45.2,538.05,26.96,8.4,9.64,55.4,0.0
beledweyne,2025081306,4.74,45.2,747.08,29.66,8.03,9.08,43.61,0.0
beledweyne,2025081307,4.74,45.2,898.2,31.87,7.71,8.66,36.17,0.0
beledweyne,2025081308,4.74,45.2,977.7,33.59,7.54,8.45,32.2,0.0
beledweyne,2025081309,4.74,45.2,991.83,34.73,7.45,8.31,30.34,0.0
beledweyne,2025081310,4.74,45.2,916.0,35.32,7.47,8.33,29.14,0.0
beledweyne,2025081311,4.74,45.2,764.53,35.4,7.57,8.47,28.5,0.0
beledweyne,2025081312,4.74,45.2,558.78,34.97,7.7,8.69,28.89,0.0
beledweyne,2025081313,4.74,45.2,319.42,33.92,7.84,9.02,30.77,0.0
beledweyne,2025081314,4.74,45.2,97.38,32.09,7.22,9.24,35.06,0.0
beledweyne,2025081315,4.74,45.2,0.0,29.93,6.79,9.9,41.81,0.0
beledweyne,2025081316,4.74,45.2,0.0,28.77,7.53,10.29,46.9,0.0
beledweyne,2025081317,4.74,45.2,0.0,27.49,7.3,9.83,53.29,0.0
beledweyne,2025081318,4.74,45.2,0.0,26.34,7.27,9.57,60.17,0.0
beledweyne,2025081319,4.74,45.2,0.0,25.25,7.48,9.57,67.63,0.0
beledweyne,2025081320,4.74,45.2,0.0,24.19,7.52,9.44,75.07,0.0
beledweyne,2025081321,4.74,45.2,0.0,23.31,7.62,9.64,81.11,0.0
beledweyne,2025081322,4.74,45.2,0.0,22.69,7.45,9.38,85.09,0.0
beledweyne,2025081323,4.74,45.2,0.0,22.3,7.1,9.05,87.03,0.01
beledweyne,2025081400,4.74,45.2,0.0,22.03,6.82,8.83,87.91,0.0
beledweyne,2025081401,4.74,45.2,0.0,21.82,6.63,8.72,88.31,0.0
beledweyne,2025081402,4.74,45.2,0.0,21.6,6.34,8.56,88.77,0.0
beledweyne,2025081403,4.74,45.2,75.3,22.24,7.01,8.8,84.63,0.0
beledweyne,2025081404,4.74,45.2,304.05,24.75,8.78,10.4,70.07,0.0
beledweyne,2025081405,4.74,45.2,539.5,27.69,9.12,10.51,55.19,0.0
beledweyne,2025081406,4.74,45.2,750.3,30.42,8.84,10.04,44.09,0.0
beledweyne,2025081407,4.74,45.2,902.78,32.55,8.69,9.85,37.01,0.0
beledweyne,2025081408,4.74,45.2,985.03,34.16,8.77,9.95,32.33,0.0
beledweyne,2025081409,4.74,45.2,984.2,35.26,8.9,10.08,29.23,0.0
beledweyne,2025081410,4.74,45.2,910.15,35.89,8.92,10.13,27.22,0.0
beledweyne,2025081411,4.74,45.2,683.6,36.0,8.9,10.13,26.27,0.0
beledweyne,2025081412,4.74,45.2,498.8,35.55,8.82,10.1,26.7,0.0
beledweyne,2025081413,4.74,45.2,280.62,34.48,8.66,10.1,28.75,0.0
beledweyne,2025081414,4.74,45.2,82.05,32.66,7.77,9.93,33.1,0.0
beledweyne,2025081415,4.74,45.2,0.0,30.62,7.05,10.16,39.51,0.0
beledweyne,2025081416,4.74,45.2,0.0,29.39,7.66,10.52,44.74,0.0
beledweyne,2025081417,4.74,45.2,0.0,28.13,7.56,10.31,50.7,0.0
beledweyne,2025081418,4.74,45.2,0.0,27.08,7.65,10.19,56.32,0.0
beledweyne,2025081419,4.74,45.2,0.0,25.96,7.66,9.92,62.95,0.0
beledweyne,2025081420,4.74,45.2,0.0,24.8,7.66,9.72,70.52,0.0
beledweyne,2025081421,4.74,45.2,0.0,23.79,7.5,9.45,77.69,0.0
beledweyne,2025081422,4.74,45.2,0.0,23.06,7.16,9.05,83.31,0.0
beledweyne,2025081423,4.74,45.2,0.0,22.56,6.95,8.88,86.94,0.0
beledweyne,2025081500,4.74,45.2,0.0,22.21,6.8,8.84,88.99,0.0
beledweyne,2025081501,4.74,45.2,0.0,21.97,6.56,8.72,90.03,0.0
beledweyne,2025081502,4.74,45.2,0.0,21.78,6.04,8.29,91.05,0.0
beledweyne,2025081503,4.74,45.2,72.22,22.66,6.85,8.71,86.4,0.0
beledweyne,2025081504,4.74,45.2,260.83,25.34,9.34,11.16,72.12,0.0
beledweyne,2025081505,4.74,45.2,440.6,28.09,9.73,11.28,58.63,0.0
beledweyne,2025081506,4.74,45.2,587.7,30.52,9.56,10.94,48.71,0.0
beledweyne,2025081507,4.74,45.2,721.17,32.55,9.41,10.7,41.99,0.0
beledweyne,2025081508,4.74,45.2,770.62,34.12,9.28,10.51,37.34,0.0
beledweyne,2025081509,4.74,45.2,854.12,35.17,9.12,10.28,34.2,0.0
beledweyne,2025081510,4.74,45.2,715.17,35.73,8.87,9.98,32.4,0.0
beledweyne,2025081511,4.74,45.2,652.35,35.73,8.67,9.77,31.82,0.0
beledweyne,2025081512,4.74,45.2,476.33,35.32,8.51,9.61,31.98,0.0
beledweyne,2025081513,4.74,45.2,263.73,34.2,8.44,9.71,33.74,0.0
beledweyne,2025081514,4.74,45.2,77.5,32.53,8.16,10.04,37.43,0.0
beledweyne,2025081515,4.74,45.2,0.0,30.57,7.79,10.47,42.99,0.0
beledweyne,2025081516,4.74,45.2,0.0,29.1,8.55,11.09,48.27,0.0
beledweyne,2025081517,4.74,45.2,0.0,27.55,9.3,11.72,54.59,0.0
beledweyne,2025081518,4.74,45.2,0.0,26.0,9.91,12.41,61.45,0.0
beledweyne,2025081519,4.74,45.2,0.0,24.66,10.02,12.44,68.07,0.0
beledweyne,2025081520,4.74,45.2,0.0,23.6,9.71,12.04,74.29,0.0
beledweyne,2025081521,4.74,45.2,0.0,22.92,9.39,11.63,78.82,0.0
beledweyne,2025081522,4.74,45.2,0.0,22.52,9.06,11.28,81.08,0.0
beledweyne,2025081523,4.74,45.2,0.0,22.26,8.76,11.0,81.58,0.0
beledweyne,2025081600,4.74,45.2,0.0,22.09,8.62,10.93,81.05,0.0
beledweyne,2025081601,4.74,45.2,0.0,21.8,8.2,10.56,81.58,0.0
beledweyne,2025081602,4.74,45.2,0.0,21.39,7.55,9.91,84.06,0.0
beledweyne,2025081603,4.74,45.2,68.65,21.84,7.78,9.79,82.65,0.0
beledweyne,2025081604,4.74,45.2,270.38,23.99,9.68,11.65,71.21,0.0
beledweyne,2025081605,4.74,45.2,475.58,26.43,10.2,11.87,58.4,0.0
beledweyne,2025081606,4.74,45.2,613.15,28.76,10.04,11.52,48.24,0.0
beledweyne,2025081607,4.74,45.2,745.6,30.88,9.91,11.29,40.8,0.0
beledweyne,2025081608,4.74,45.2,923.53,32.49,9.75,11.09,36.03,0.0
beledweyne,2025081609,4.74,45.2,935.83,33.43,9.45,10.76,33.11,0.0
beledweyne,2025081610,4.74,45.2,793.83,34.39,9.21,10.48,30.47,0.0
beledweyne,2025081611,4.74,45.2,637.42,34.75,9.0,10.26,29.08,0.0
beledweyne,2025081612,4.74,45.2,454.83,34.47,8.76,10.04,28.96,0.0
beledweyne,2025081613,4.74,45.2,248.3,33.56,8.56,10.0,30.31,0.0
beledweyne,2025081614,4.74,45.2,69.03,32.01,7.89,10.0,33.41,0.0
beledweyne,2025081615,4.74,45.2,0.0,29.85,6.57,9.62,38.75,0.0
beledweyne,2025081616,4.74,45.2,0.0,28.45,6.77,9.58,42.8,0.0
beledweyne,2025081617,4.74,45.2,0.0,27.09,7.34,9.82,47.37,0.0
beledweyne,2025081618,4.74,45.2,0.0,25.8,7.67,9.9,52.7,0.0
beledweyne,2025081619,4.74,45.2,0.0,24.74,7.86,9.89,58.39,0.0
beledweyne,2025081620,4.74,45.2,0.0,23.94,8.03,10.1,63.9,0.0
beledweyne,2025081621,4.74,45.2,0.0,23.26,8.46,10.52,69.37,0.0
beledweyne,2025081622,4.74,45.2,0.0,22.64,8.43,10.47,74.48,0.0
beledweyne,2025081623,4.74,45.2,0.0,22.11,8.15,10.17,78.71,0.0
beledweyne,2025081700,4.74,45.2,0.0,21.7,7.91,9.95,81.97,0.0
beledweyne,2025081701,4.74,45.2,0.0,21.44,7.53,9.6,83.88,0.0
beledweyne,2025081702,4.74,45.2,0.0,21.26,7.05,9.08,84.99,0.0
beledweyne,2025081703,4.74,45.2,60.47,21.79,7.46,9.35,81.96,0.0
beledweyne,2025081704,4.74,45.2,232.7,23.8,9.24,11.07,70.04,0.0
beledweyne,2025081705,4.74,45.2,417.62,26.2,9.79,11.46,56.77,0.0
beledweyne,2025081706,4.74,45.2,635.83,28.27,9.69,11.23,47.16,0.0
beledweyne,2025081707,4.74,45.2,645.0,30.04,9.65,11.12,40.8,0.0
beledweyne,2025081708,4.74,45.2,766.9,31.43,9.59,11.03,37.15,0.0
beledweyne,2025081709,4.74,45.2,698.25,32.06,9.38,10.8,35.78,0.0
beledweyne,2025081710,4.74,45.2,652.15,32.4,9.18,10.61,35.13,0.0
beledweyne,2025081711,4.74,45.2,404.73,32.7,9.1,10.55,34.6,0.0
beledweyne,2025081712,4.74,45.2,233.93,32.73,9.04,10.54,34.61,0.0
beledweyne,2025081713,4.74,45.2,153.18,32.2,8.9,10.55,35.75,0.0
beledweyne,2025081714,4.74,45.2,42.53,30.91,8.36,10.58,39.03,0.0
beledweyne,2025081715,4.74,45.2,0.0,29.27,7.8,10.51,44.24,0.0
beledweyne,2025081716,4.74,45.2,0.0,27.97,7.59,10.13,49.09,0.0
beledweyne,2025081717,4.74,45.2,0.0,26.88,7.46,9.85,53.38,0.0
beledweyne,2025081718,4.74,45.2,0.0,25.94,7.37,9.57,57.26,0.0
beledweyne,2025081719,4.74,45.2,0.0,25.04,7.49,9.56,61.43,0.0
beledweyne,2025081720,4.74,45.2,0.0,24.06,7.68,9.66,66.71,0.0
beledweyne,2025081721,4.74,45.2,0.0,23.18,7.82,9.76,72.61,0.0
beledweyne,2025081722,4.74,45.2,0.0,22.47,8.14,10.25,78.22,0.0
beledweyne,2025081723,4.74,45.2,0.0,22.05,8.46,10.73,81.89,0.0
beledweyne,2025081800,4.74,45.2,0.0,21.81,8.34,10.62,83.82,0.0
beledweyne,2025081801,4.74,45.2,0.0,21.73,8.02,10.3,84.55,0.0
beledweyne,2025081802,4.74,45.2,0.0,21.68,7.59,9.92,85.28,0.0
beledweyne,2025081803,4.74,45.2,47.45,22.28,8.51,10.8,82.26,0.0
beledweyne,2025081804,4.74,45.2,184.38,24.29,10.47,12.65,70.15,0.0
beledweyne,2025081805,4.74,45.2,372.27,26.65,11.15,13.14,56.84,0.0
beledweyne,2025081806,4.74,45.2,597.62,28.79,11.29,13.14,46.93,0.0
beledweyne,2025081807,4.74,45.2,694.95,30.57,11.35,13.14,40.57,0.0
beledweyne,2025081808,4.74,45.2,705.55,31.8,11.4,13.19,37.23,0.0
beledweyne,2025081809,4.74,45.2,477.62,32.25,11.34,13.16,36.22,0.0
beledweyne,2025081810,4.74,45.2,418.48,32.38,11.17,13.01,36.08,0.0
beledweyne,2025081811,4.74,45.2,223.0,32.17,10.82,12.66,36.61,0.0
beledweyne,2025081812,4.74,45.2,129.15,31.68,10.3,12.17,37.67,0.0
beledweyne,2025081813,4.74,45.2,93.4,30.92,9.79,11.76,39.41,0.0
beledweyne,2025081814,4.74,45.2,28.95,29.82,9.2,11.55,42.29,0.0
beledweyne,2025081815,4.74,45.2,0.0,28.72,8.83,11.53,45.45,0.0
beledweyne,2025081816,4.74,45.2,0.0,27.89,9.29,11.99,47.91,0.0
beledweyne,2025081817,4.74,45.2,0.0,26.81,9.58,12.17,51.21,0.0
beledweyne,2025081818,4.74,45.2,0.0,25.55,9.53,12.01,55.87,0.01
beledweyne,2025081819,4.74,45.2,0.0,24.41,9.2,11.57,61.54,0.02
beledweyne,2025081820,4.74,45.2,0.0,23.48,8.99,11.39,67.59,0.01
beledweyne,2025081821,4.74,45.2,0.0,22.71,8.67,10.98,73.66,0.0
beledweyne,2025081822,4.74,45.2,0.0,22.27,8.28,10.54,77.47,0.0
beledweyne,2025081823,4.74,45.2,0.0,22.07,8.13,10.38,78.82,0.0
beledweyne,2025081900,4.74,45.2,0.0,21.96,7.72,9.95,79.13,0.0
beledweyne,2025081901,4.74,45.2,0.0,21.77,7.12,9.39,80.26,0.0
beledweyne,2025081902,4.74,45.2,0.0,21.49,6.82,9.19,82.17,0.0
beledweyne,2025081903,4.74,45.2,48.47,22.01,7.45,9.45,80.11,0.0
beledweyne,2025081904,4.74,45.2,200.7,24.18,9.72,11.81,69.37,0.0
beledweyne,2025081905,4.74,45.2,392.73,26.69,10.83,12.8,57.56,0.0
beledweyne,2025081906,4.74,45.2,593.55,29.04,11.12,12.96,47.16,0.0
beledweyne,2025081907,4.74,45.2,684.83,30.88,11.07,12.79,40.67,0.01
beledweyne,2025081908,4.74,45.2,807.85,32.2,10.99,12.66,36.89,0.02
beledweyne,2025081909,4.74,45.2,644.1,33.24,10.99,12.65,34.38,0.03
beledweyne,2025081910,4.74,45.2,540.12,33.97,10.95,12.58,32.76,0.05
beledweyne,2025081911,4.74,45.2,387.52,33.76,10.81,12.48,33.03,0.05
beledweyne,2025081912,4.74,45.2,245.5,32.77,10.61,12.38,35.0,0.04
beledweyne,2025081913,4.74,45.2,133.73,31.68,10.43,12.36,37.32,0.02
beledweyne,2025081914,4.74,45.2,31.27,30.27,9.92,12.24,40.5,0.0
beledweyne,2025081915,4.74,45.2,0.0,28.7,9.3,12.07,44.76,0.0
beledweyne,2025081916,4.74,45.2,0.0,27.54,9.25,11.91,48.9,0.0
beledweyne,2025081917,4.74,45.2,0.0,26.39,8.86,11.34,54.07,0.0
beledweyne,2025081918,4.74,45.2,0.0,25.43,8.59,10.93,59.5,0.0
beledweyne,2025081919,4.74,45.2,0.0,24.55,8.2,10.47,65.19,0.0
beledweyne,2025081920,4.74,45.2,0.0,23.77,7.69,9.87,70.56,0.0
beledweyne,2025081921,4.74,45.2,0.0,23.26,7.59,9.61,74.38,0.0
beledweyne,2025081922,4.74,45.2,0.0,22.86,7.38,9.4,77.26,0.0
beledweyne,2025081923,4.74,45.2,0.0,22.5,7.02,9.13,79.7,0.0
beledweyne,2025082000,4.74,45.2,0.0,22.23,6.82,9.08,81.41,0.0
beledweyne,2025082001,4.74,45.2,0.0,22.11,6.95,9.22,82.16,0.0
beledweyne,2025082002,4.74,45.2,0.0,22.1,6.96,9.12,82.14,0.0
beledweyne,2025082003,4.74,45.2,48.65,22.52,7.1,8.95,79.84,0.0
beledweyne,2025082004,4.74,45.2,168.27,23.99,8.6,10.43,71.52,0.0
beledweyne,2025082005,4.74,45.2,296.83,26.29,9.28,10.95,59.66,0.0
beledweyne,2025082006,4.74,45.2,369.17,28.76,9.42,10.95,48.75,0.0
beledweyne,2025082007,4.74,45.2,537.03,31.01,9.54,11.01,40.19,0.0
beledweyne,2025082008,4.74,45.2,713.1,32.85,9.82,11.3,34.37,0.0
beledweyne,2025082009,4.74,45.2,758.03,34.1,10.22,11.72,30.84,0.0
beledweyne,2025082010,4.74,45.2,760.42,34.56,10.41,11.95,29.32,0.0
beledweyne,2025082011,4.74,45.2,633.22,33.97,10.38,12.0,29.95,0.0
beledweyne,2025082012,4.74,45.2,301.4,32.73,10.36,12.18,32.28,0.0
beledweyne,2025082013,4.74,45.2,170.05,31.49,10.37,12.45,35.51,0.0
beledweyne,2025082014,4.74,45.2,44.6,30.06,10.0,12.37,40.15,0.0
beledweyne,2025082015,4.74,45.2,0.0,28.5,9.24,11.91,46.0,0.0
beledweyne,2025082016,4.74,45.2,0.0,27.49,8.9,11.56,50.81,0.0
beledweyne,2025082017,4.74,45.2,0.0,26.71,9.1,11.67,55.13,0.0
beledweyne,2025082018,4.74,45.2,0.0,25.75,9.52,11.94,60.69,0.0
beledweyne,2025082019,4.74,45.2,0.0,24.68,9.44,11.71,66.9,0.0
beledweyne,2025082020,4.74,45.2,0.0,23.81,9.0,11.12,72.25,0.0
beledweyne,2025082021,4.74,45.2,0.0,23.24,8.74,10.92,75.98,0.0
beledweyne,2025082022,4.74,45.2,0.0,22.86,8.39,10.52,78.43,0.0
beledweyne,2025082023,4.74,45.2,0.0,22.55,8.1,10.19,80.24,0.0
beledweyne,2025082100,4.74,45.2,0.0,22.26,7.52,9.61,82.03,0.0
beledweyne,2025082101,4.74,45.2,0.0,21.98,6.94,9.08,83.82,0.0
beledweyne,2025082102,4.74,45.2,0.0,21.7,6.5,8.68,85.61,0.0
beledweyne,2025082103,4.74,45.2,58.88,22.23,7.13,9.0,82.88,0.0
beledweyne,2025082104,4.74,45.2,217.55,24.42,9.1,10.89,70.17,0.0
beledweyne,2025082105,4.74,45.2,415.17,26.79,9.58,11.15,58.08,0.0
beledweyne,2025082106,4.74,45.2,722.53,28.99,9.43,10.85,47.93,0.0
beledweyne,2025082107,4.74,45.2,856.53,31.23,9.31,10.62,39.71,0.0
beledweyne,2025082108,4.74,45.2,923.1,33.02,9.17,10.4,34.03,0.0
beledweyne,2025082109,4.74,45.2,786.33,34.23,9.03,10.22,30.5,0.0
beledweyne,2025082110,4.74,45.2,573.97,34.38,9.01,10.23,29.49,0.0
beledweyne,2025082111,4.74,45.2,455.67,33.97,9.08,10.38,29.8,0.0
beledweyne,2025082112,4.74,45.2,224.65,33.43,9.1,10.51,30.47,0.0
beledweyne,2025082113,4.74,45.2,142.3,32.47,9.0,10.58,32.13,0.0
beledweyne,2025082114,4.74,45.2,40.28,31.04,8.49,10.55,35.14,0.0
beledweyne,2025082115,4.74,45.2,0.0,29.45,8.1,10.74,39.39,0.0
beledweyne,2025082116,4.74,45.2,0.0,28.31,8.85,11.46,43.45,0.0
beledweyne,2025082117,4.74,45.2,0.0,27.19,9.24,11.74,47.94,0.0
beledweyne,2025082118,4.74,45.2,0.0,26.13,9.11,11.53,52.39,0.0
beledweyne,2025082119,4.74,45.2,0.0,25.17,8.95,11.29,56.8,0.0
beledweyne,2025082120,4.74,45.2,0.0,24.26,8.95,11.21,61.66,0.0
beledweyne,2025082121,4.74,45.2,0.0,23.41,8.83,11.05,66.96,0.0
beledweyne,2025082122,4.74,45.2,0.0,22.69,8.49,10.68,72.45,0.0
beledweyne,2025082123,4.74,45.2,0.0,22.13,7.85,9.98,77.32,0.0
beledweyne,2025082200,4.74,45.2,0.0,21.77,7.19,9.25,81.07,0.0
beledweyne,2025082201,4.74,45.2,0.0,21.62,6.41,8.27,83.36,0.0
beledweyne,2025082202,4.74,45.2,0.0,21.56,5.66,7.44,84.8,0.0
beledweyne,2025082203,4.74,45.2,38.78,22.16,5.93,7.53,82.44,0.0
beledweyne,2025082204,4.74,45.2,138.62,24.14,7.75,9.29,71.07,0.0
beledweyne,2025082205,4.74,45.2,231.27,26.34,8.27,9.63,59.25,0.0
beledweyne,2025082206,4.74,45.2,332.85,27.96,8.38,9.67,50.9,0.0
beledweyne,2025082207,4.74,45.2,455.08,29.38,8.48,9.75,44.56,0.0
beledweyne,2025082208,4.74,45.2,664.55,30.89,8.54,9.77,39.36,0.01
beledweyne,2025082209,4.74,45.2,649.7,32.17,8.56,9.76,35.84,0.01
beledweyne,2025082210,4.74,45.2,555.08,33.02,8.57,9.76,33.94,0.0
beledweyne,2025082211,4.74,45.2,395.2,32.73,8.52,9.74,34.53,0.0
beledweyne,2025082212,4.74,45.2,233.05,31.96,8.57,9.9,36.58,0.0
beledweyne,2025082213,4.74,45.2,126.45,30.86,8.68,10.2,39.88,0.0
beledweyne,2025082214,4.74,45.2,28.7,29.51,8.58,10.46,44.27,0.0
beledweyne,2025082215,4.74,45.2,0.0,28.14,8.25,10.57,49.17,0.0
beledweyne,2025082216,4.74,45.2,0.0,27.09,8.26,10.61,53.4,0.0
beledweyne,2025082217,4.74,45.2,0.0,26.13,8.1,10.43,57.19,0.0
beledweyne,2025082218,4.74,45.2,0.0,25.31,7.64,9.87,60.25,0.0
beledweyne,2025082219,4.74,45.2,0.0,24.67,7.15,9.26,62.76,0.0
beledweyne,2025082220,4.74,45.2,0.0,24.17,7.05,8.96,65.04,0.0
beledweyne,2025082221,4.74,45.2,0.0,23.65,7.2,9.0,67.86,0.0
beledweyne,2025082222,4.74,45.2,0.0,23.07,7.28,9.1,71.68,0.0
beledweyne,2025082223,4.74,45.2,0.0,22.49,7.17,9.01,75.78,0.0
beledweyne,2025082300,4.74,45.2,0.0,22.02,6.74,8.5,79.23,0.0
beledweyne,2025082301,4.74,45.2,0.0,21.71,6.2,7.95,81.26,0.0
beledweyne,2025082302,4.74,45.2,0.0,21.52,5.82,7.58,81.84,0.0
beledweyne,2025082303,4.74,45.2,58.5,21.97,6.3,7.87,78.5,0.0
beledweyne,2025082304,4.74,45.2,229.0,23.79,7.7,9.25,68.83,0.0
beledweyne,2025082305,4.74,45.2,438.3,25.76,8.15,9.57,60.8,0.0
beledweyne,2025082306,4.74,45.2,606.88,27.37,8.18,9.5,54.7,0.0
beledweyne,2025082307,4.74,45.2,709.75,29.3,8.29,9.55,47.22,0.0
beledweyne,2025082308,4.74,45.2,751.47,31.32,8.35,9.54,39.94,0.0
beledweyne,2025082309,4.74,45.2,615.0,32.7,8.13,9.23,34.8,0.0
beledweyne,2025082310,4.74,45.2,460.77,33.49,7.95,8.99,31.85,0.0
beledweyne,2025082311,4.74,45.2,291.02,33.65,7.91,8.93,30.95,0.0
beledweyne,2025082312,4.74,45.2,225.3,33.03,7.7,8.76,31.96,0.01
beledweyne,2025082313,4.74,45.2,135.05,32.05,7.45,8.62,34.04,0.01
beledweyne,2025082314,4.74,45.2,36.45,30.61,6.97,8.6,37.74,0.0
beledweyne,2025082315,4.74,45.2,0.0,29.04,6.31,8.7,42.96,0.0
beledweyne,2025082316,4.74,45.2,0.0,28.14,6.67,8.94,47.58,0.0
beledweyne,2025082317,4.74,45.2,0.0,27.28,6.94,9.14,52.63,0.0
beledweyne,2025082318,4.74,45.2,0.0,26.43,7.11,9.13,57.97,0.0
beledweyne,2025082319,4.74,45.2,0.0,25.6,6.96,8.78,63.31,0.0
beledweyne,2025082320,4.74,45.2,0.0,24.85,6.64,8.38,68.18,0.0
beledweyne,2025082321,4.74,45.2,0.0,24.21,6.11,7.82,72.32,0.0
beledweyne,2025082322,4.74,45.2,0.0,23.61,5.41,7.13,76.05,0.0
beledweyne,2025082323,4.74,45.2,0.0,23.1,4.99,6.68,79.54,0.0
beledweyne,2025082400,4.74,45.2,0.0,22.68,4.84,6.57,82.52,0.0
beledweyne,2025082401,4.74,45.2,0.0,22.37,4.66,6.38,84.66,0.0
beledweyne,2025082402,4.74,45.2,0.0,22.17,4.36,6.11,85.85,0.0
beledweyne,2025082403,4.74,45.2,56.62,22.81,5.04,6.37,82.53,0.0
beledweyne,2025082404,4.74,45.2,207.9,24.97,7.07,8.38,70.56,0.0
beledweyne,2025082405,4.74,45.2,382.02,27.46,7.7,8.86,58.79,0.0
beledweyne,2025082406,4.74,45.2,522.88,29.77,7.52,8.56,50.1,0.0
beledweyne,2025082407,4.74,45.2,593.72,31.36,7.32,8.27,44.77,0.0
beledweyne,2025082408,4.74,45.2,703.55,32.67,7.23,8.14,40.9,0.0
beledweyne,2025082409,4.74,45.2,644.67,33.86,7.18,8.03,37.78,0.01
beledweyne,2025082410,4.74,45.2,702.62,34.73,7.03,7.85,35.63,0.01
beledweyne,2025082411,4.74,45.2,640.0,34.88,6.86,7.67,35.06,0.01
beledweyne,2025082412,4.74,45.2,469.75,34.38,6.88,7.73,36.04,0.01
beledweyne,2025082413,4.74,45.2,263.4,33.42,7.17,8.16,38.21,0.01
beledweyne,2025082414,4.74,45.2,69.53,31.92,7.25,8.71,41.96,0.0
beledweyne,2025082415,4.74,45.2,0.0,30.37,6.83,8.97,46.4,0.0
beledweyne,2025082416,4.74,45.2,0.0,29.33,7.15,9.3,49.78,0.0
beledweyne,2025082417,4.74,45.2,0.0,28.31,7.77,9.93,53.38,0.0
beledweyne,2025082418,4.74,45.2,0.0,27.19,7.97,10.08,57.68,0.0
beledweyne,2025082419,4.74,45.2,0.0,26.08,7.64,9.62,62.57,0.0
beledweyne,2025082420,4.74,45.2,0.0,25.11,7.25,9.1,67.58,0.0
beledweyne,2025082421,4.74,45.2,0.0,24.35,7.08,8.94,72.21,0.0
beledweyne,2025082422,4.74,45.2,0.0,23.78,6.83,8.65,76.33,0.0
beledweyne,2025082423,4.74,45.2,0.0,23.39,6.5,8.3,79.48,0.0
beledweyne,2025082500,4.74,45.2,0.0,23.13,6.06,7.81,81.59,0.0
beledweyne,2025082501,4.74,45.2,0.0,22.96,5.59,7.35,82.86,0.0
beledweyne,2025082502,4.74,45.2,0.0,22.79,5.24,7.13,83.88,0.0
beledweyne,2025082503,4.74,45.2,74.8,23.38,6.15,7.67,80.64,0.0
beledweyne,2025082504,4.74,45.2,286.25,25.58,7.6,8.88,67.55,0.0
beledweyne,2025082505,4.74,45.2,501.62,28.34,7.66,8.74,53.11,0.0
beledweyne,2025082506,4.74,45.2,694.92,31.09,7.25,8.15,43.06,0.0
beledweyne,2025082507,4.74,45.2,839.9,33.41,7.3,8.19,36.56,0.0
beledweyne,2025082508,4.74,45.2,964.28,35.25,7.39,8.31,32.14,0.0
beledweyne,2025082509,4.74,45.2,926.33,36.55,7.2,8.1,29.3,0.0
beledweyne,2025082510,4.74,45.2,763.03,37.02,7.0,7.84,28.23,0.0
beledweyne,2025082511,4.74,45.2,681.83,36.76,7.0,7.85,28.69,0.0
beledweyne,2025082512,4.74,45.2,517.45,35.9,7.25,8.19,30.46,0.0
beledweyne,2025082513,4.74,45.2,290.77,34.77,7.57,8.72,32.91,0.0
beledweyne,2025082514,4.74,45.2,76.25,33.24,7.66,9.34,36.53,0.0
beledweyne,2025082515,4.74,45.2,0.0,31.51,7.48,9.83,41.13,0.0
beledweyne,2025082516,4.74,45.2,0.0,30.1,7.89,10.23,45.73,0.0
beledweyne,2025082517,4.74,45.2,0.0,28.79,8.19,10.52,50.85,0.0
beledweyne,2025082518,4.74,45.2,0.0,27.7,8.16,10.36,55.76,0.0
beledweyne,2025082519,4.74,45.2,0.0,26.8,7.92,10.02,60.28,0.0
beledweyne,2025082520,4.74,45.2,0.0,26.07,7.86,9.86,64.44,0.0
beledweyne,2025082521,4.74,45.2,0.0,25.45,7.82,9.81,68.42,0.0
beledweyne,2025082522,4.74,45.2,0.0,24.87,7.92,9.9,72.3,0.0
beledweyne,2025082523,4.74,45.2,0.0,24.38,7.92,9.88,75.48,0.0
beledweyne,2025082600,4.74,45.2,0.0,23.99,7.71,9.67,77.94,0.0
beledweyne,2025082601,4.74,45.2,0.0,23.7,7.59,9.59,79.71,0.0
beledweyne,2025082602,4.74,45.2,0.0,23.5,7.33,9.46,80.92,0.0
beledweyne,2025082603,4.74,45.2,66.07,23.97,7.81,9.82,78.98,0.0
beledweyne,2025082604,4.74,45.2,204.55,26.0,9.57,11.5,69.05,0.0
beledweyne,2025082605,4.74,45.2,352.98,28.46,10.13,11.79,57.04,0.0
beledweyne,2025082606,4.74,45.2,527.9,30.75,9.87,11.3,47.5,0.0
beledweyne,2025082607,4.74,45.2,618.03,32.74,9.63,10.91,40.94,0.0
beledweyne,2025082608,4.74,45.2,633.5,34.19,9.5,10.72,36.81,0.0
beledweyne,2025082609,4.74,45.2,709.2,35.13,9.44,10.62,34.32,0.0
beledweyne,2025082610,4.74,45.2,744.33,35.54,9.44,10.61,33.25,0.0
beledweyne,2025082611,4.74,45.2,692.4,35.28,9.47,10.72,33.73,0.0
beledweyne,2025082612,4.74,45.2,486.1,34.48,9.34,10.73,35.29,0.0
beledweyne,2025082613,4.74,45.2,274.17,33.26,9.07,10.64,38.08,0.0
beledweyne,2025082614,4.74,45.2,73.05,31.82,8.91,10.83,42.25,0.0
beledweyne,2025082615,4.74,45.2,0.0,30.3,9.16,11.54,47.68,0.0
beledweyne,2025082616,4.74,45.2,0.0,28.95,9.97,12.43,53.12,0.0
beledweyne,2025082617,4.74,45.2,0.0,27.59,9.97,12.43,58.55,0.0
beledweyne,2025082618,4.74,45.2,0.0,26.54,9.64,12.07,62.88,0.0
beledweyne,2025082619,4.74,45.2,0.0,25.76,9.34,11.73,66.75,0.0
beledweyne,2025082620,4.74,45.2,0.0,25.03,9.05,11.4,71.06,0.0
beledweyne,2025082621,4.74,45.2,0.0,24.34,8.76,11.04,75.49,0.0
beledweyne,2025082622,4.74,45.2,0.0,23.76,8.5,10.75,79.09,0.0
beledweyne,2025082623,4.74,45.2,0.0,23.38,8.05,10.23,81.19,0.0
beledweyne,2025082700,4.74,45.2,0.0,23.2,7.59,9.77,82.09,0.0
beledweyne,2025082701,4.74,45.2,0.0,23.13,7.18,9.39,82.43,0.0
beledweyne,2025082702,4.74,45.2,0.0,23.14,6.92,9.14,82.32,0.0
beledweyne,2025082703,4.74,45.2,76.88,23.69,7.46,9.44,79.3,0.0
beledweyne,2025082704,4.74,45.2,276.05,25.61,8.97,10.75,69.22,0.01
beledweyne,2025082705,4.74,45.2,470.12,28.07,9.48,11.06,57.58,0.0
beledweyne,2025082706,4.74,45.2,565.47,30.54,9.5,10.92,48.28,0.0
beledweyne,2025082707,4.74,45.2,712.42,32.68,9.48,10.82,41.59,0.0
beledweyne,2025082708,4.74,45.2,787.9,34.36,9.49,10.79,36.88,0.0
beledweyne,2025082709,4.74,45.2,838.08,35.43,9.45,10.72,33.8,0.0
beledweyne,2025082710,4.74,45.2,705.12,35.84,9.31,10.54,32.11,0.0
beledweyne,2025082711,4.74,45.2,582.25,35.76,9.23,10.47,31.76,0.0
beledweyne,2025082712,4.74,45.2,385.52,35.25,9.28,10.57,32.52,0.0
beledweyne,2025082713,4.74,45.2,225.18,33.86,9.35,10.86,35.3,0.0
beledweyne,2025082714,4.74,45.2,67.38,32.07,9.47,11.41,39.77,0.0
beledweyne,2025082715,4.74,45.2,0.0,30.19,9.65,12.07,45.63,0.0
beledweyne,2025082716,4.74,45.2,0.0,28.63,10.37,12.86,51.67,0.0
beledweyne,2025082717,4.74,45.2,0.0,27.19,10.34,12.8,57.58,0.0
beledweyne,2025082718,4.74,45.2,0.0,26.05,9.87,12.23,62.46,0.0
beledweyne,2025082719,4.74,45.2,0.0,25.11,9.39,11.69,66.94,0.0
beledweyne,2025082720,4.74,45.2,0.0,24.32,9.09,11.32,71.03,0.0
beledweyne,2025082721,4.74,45.2,0.0,23.65,8.93,11.14,74.7,0.0
beledweyne,2025082722,4.74,45.2,0.0,23.14,8.78,11.02,77.12,0.0
beledweyne,2025082723,4.74,45.2,0.0,22.8,8.5,10.73,78.27,0.0
beledweyne,2025082800,4.74,45.2,0.0,22.55,8.08,10.27,78.75,0.0
beledweyne,2025082801,4.74,45.2,0.0,22.32,7.37,9.54,79.33,0.0
beledweyne,2025082802,4.74,45.2,0.0,22.12,6.73,8.88,80.13,0.0
beledweyne,2025082803,4.74,45.2,80.1,22.64,7.11,8.97,77.52,0.0
beledweyne,2025082804,4.74,45.2,304.55,24.72,8.55,10.14,66.2,0.0
beledweyne,2025082805,4.74,45.2,552.28,27.27,8.93,10.29,52.6,0.0
beledweyne,2025082806,4.74,45.2,768.08,29.68,8.94,10.21,41.94,0.0
beledweyne,2025082807,4.74,45.2,922.72,31.78,8.87,10.1,34.79,0.0
beledweyne,2025082808,4.74,45.2,996.4,33.62,8.86,10.09,30.26,0.0
beledweyne,2025082809,4.74,45.2,917.8,35.15,8.75,9.97,27.45,0.0
beledweyne,2025082810,4.74,45.2,803.65,36.32,8.6,9.77,25.72,0.0
beledweyne,2025082811,4.74,45.2,388.08,36.71,8.5,9.65,25.38,0.0
beledweyne,2025082812,4.74,45.2,221.32,36.17,8.4,9.57,26.49,0.0
beledweyne,2025082813,4.74,45.2,145.43,34.85,8.47,9.84,29.07,0.0
beledweyne,2025082814,4.74,45.2,48.5,33.22,8.48,10.38,32.7,0.0
beledweyne,2025082815,4.74,45.2,0.0,31.44,8.41,10.94,37.62,0.0
beledweyne,2025082816,4.74,45.2,0.0,29.88,9.38,11.85,43.19,0.0
beledweyne,2025082817,4.74,45.2,0.0,28.18,10.02,12.42,50.1,0.0
beledweyne,2025082818,4.74,45.2,0.0,26.56,10.04,12.32,57.56,0.0
beledweyne,2025082819,4.74,45.2,0.0,25.3,9.56,11.74,64.25,0.0
beledweyne,2025082820,4.74,45.2,0.0,24.49,8.95,11.03,69.44,0.0
beledweyne,2025082821,4.74,45.2,0.0,23.95,8.43,10.41,73.26,0.0
beledweyne,2025082822,4.74,45.2,0.0,23.5,8.05,10.01,76.47,0.0
beledweyne,2025082823,4.74,45.2,0.0,23.07,7.6,9.54,79.4,0.0
beledweyne,2025082900,4.74,45.2,0.0,22.78,7.31,9.29,81.5,0.0
beledweyne,2025082901,4.74,45.2,0.0,22.61,7.06,9.04,82.44,0.0
beledweyne,2025082902,4.74,45.2,0.0,22.51,6.73,8.81,82.65,0.0
beledweyne,2025082903,4.74,45.2,77.62,23.18,7.56,9.51,78.97,0.0
beledweyne,2025082904,4.74,45.2,274.48,25.32,8.92,10.61,68.08,0.0
beledweyne,2025082905,4.74,45.2,481.62,27.97,9.21,10.66,55.85,0.0
beledweyne,2025082906,4.74,45.2,598.38,30.37,9.0,10.25,46.71,0.0
beledweyne,2025082907,4.74,45.2,675.2,32.37,8.63,9.76,40.84,0.0
beledweyne,2025082908,4.74,45.2,833.8,34.0,8.23,9.31,36.64,0.0
beledweyne,2025082909,4.74,45.2,706.4,34.84,7.98,9.05,34.28,0.0
beledweyne,2025082910,4.74,45.2,570.92,35.25,7.94,8.99,33.06,0.0
beledweyne,2025082911,4.74,45.2,382.12,35.16,8.15,9.21,33.22,0.0
beledweyne,2025082912,4.74,45.2,287.23,34.39,8.66,9.83,35.05,0.0
beledweyne,2025082913,4.74,45.2,177.43,33.07,9.19,10.63,38.29,0.0
beledweyne,2025082914,4.74,45.2,57.42,31.35,9.31,11.21,42.62,0.0
beledweyne,2025082915,4.74,45.2,0.0,29.92,8.84,11.16,46.21,0.01
beledweyne,2025082916,4.74,45.2,0.0,29.16,8.45,10.82,47.39,0.01
beledweyne,2025082917,4.74,45.2,0.0,28.25,8.38,10.7,48.7,0.01
beledweyne,2025082918,4.74,45.2,0.0,26.82,8.77,11.07,52.34,0.01
beledweyne,2025082919,4.74,45.2,0.0,25.06,9.97,12.39,58.62,0.0
beledweyne,2025082920,4.74,45.2,0.0,23.58,9.81,12.12,65.98,0.0
beledweyne,2025082921,4.74,45.2,0.0,22.79,9.08,11.29,71.82,0.0
beledweyne,2025082922,4.74,45.2,0.0,22.41,8.74,10.97,75.6,0.0
beledweyne,2025082923,4.74,45.2,0.0,22.07,8.6,10.86,77.87,0.0
beledweyne,2025083000,4.74,45.2,0.0,21.73,8.38,10.63,79.23,0.0
beledweyne,2025083001,4.74,45.2,0.0,21.39,8.08,10.29,80.39,0.0
beledweyne,2025083002,4.74,45.2,0.0,21.07,7.57,9.79,81.65,0.0
beledweyne,2025083003,4.74,45.2,84.85,21.52,8.12,10.22,79.53,0.0
beledweyne,2025083004,4.74,45.2,318.35,23.77,9.83,11.79,67.09,0.0
beledweyne,2025083005,4.74,45.2,569.2,26.45,10.04,11.7,52.7,0.0
beledweyne,2025083006,4.74,45.2,728.17,28.87,9.66,11.08,42.37,0.0
beledweyne,2025083007,4.74,45.2,732.85,30.83,9.3,10.61,35.94,0.0
beledweyne,2025083008,4.74,45.2,777.4,32.18,9.04,10.29,32.35,0.0
beledweyne,2025083009,4.74,45.2,692.3,33.02,8.84,10.06,30.67,0.0
beledweyne,2025083010,4.74,45.2,563.72,33.48,8.67,9.89,30.22,0.0
beledweyne,2025083011,4.74,45.2,407.98,33.43,8.49,9.76,30.55,0.0
beledweyne,2025083012,4.74,45.2,279.77,33.07,8.23,9.56,31.4,0.0
beledweyne,2025083013,4.74,45.2,136.88,32.38,7.87,9.31,32.95,0.0
beledweyne,2025083014,4.74,45.2,28.45,31.29,7.19,9.07,35.68,0.0
beledweyne,2025083015,4.74,45.2,0.0,30.02,6.9,9.35,39.41,0.0
beledweyne,2025083016,4.74,45.2,0.0,28.86,8.54,10.94,44.13,0.0
beledweyne,2025083017,4.74,45.2,0.0,27.3,10.0,12.35,51.0,0.0
beledweyne,2025083018,4.74,45.2,0.0,25.74,10.19,12.52,57.52,0.0
beledweyne,2025083019,4.74,45.2,0.0,24.57,9.35,11.51,62.35,0.0
beledweyne,2025083020,4.74,45.2,0.0,23.68,8.51,10.55,66.54,0.0
beledweyne,2025083021,4.74,45.2,0.0,22.95,7.89,9.84,70.44,0.0
beledweyne,2025083022,4.74,45.2,0.0,22.38,7.51,9.43,73.68,0.0
beledweyne,2025083023,4.74,45.2,0.0,21.88,7.24,9.15,76.84,0.0
beledweyne,2025083100,4.74,45.2,0.0,21.41,6.97,8.91,80.37,0.0
beledweyne,2025083101,4.74,45.2,0.0,20.99,6.61,8.53,83.81,0.0
beledweyne,2025083102,4.74,45.2,0.0,20.72,6.33,8.31,86.45,0.0
beledweyne,2025083103,4.74,45.2,76.35,21.4,7.07,8.88,83.94,0.0
beledweyne,2025083104,4.74,45.2,274.27,23.76,8.89,10.6,71.26,0.0
beledweyne,2025083105,4.74,45.2,479.08,26.16,9.08,10.6,58.16,0.0
beledweyne,2025083106,4.74,45.2,680.35,28.11,8.81,10.17,49.0,0.0
beledweyne,2025083107,4.74,45.2,696.75,29.69,8.53,9.77,43.06,0.0
beledweyne,2025083108,4.74,45.2,668.38,31.09,8.3,9.46,38.9,0.0
beledweyne,2025083109,4.74,45.2,528.45,32.15,8.08,9.2,36.26,0.0
beledweyne,2025083110,4.74,45.2,320.05,32.5,7.9,9.02,35.33,0.0
beledweyne,2025083111,4.74,45.2,205.12,32.49,7.85,9.0,35.22,0.0
beledweyne,2025083112,4.74,45.2,117.8,32.37,7.89,9.11,35.38,0.0
beledweyne,2025083113,4.74,45.2,70.62,31.78,7.82,9.18,36.71,0.0
beledweyne,2025083114,4.74,45.2,15.38,30.7,7.32,9.05,39.79,0.0
beledweyne,2025083115,4.74,45.2,0.0,29.4,6.51,8.77,44.68,0.0
beledweyne,2025083116,4.74,45.2,0.0,28.45,6.85,8.94,49.64,0.0
beledweyne,2025083117,4.74,45.2,0.0,27.34,7.99,10.15,55.05,0.0
beledweyne,2025083118,4.74,45.2,0.0,26.19,8.54,10.67,59.95,0.0
beledweyne,2025083119,4.74,45.2,0.0,25.13,8.38,10.48,64.53,0.0
beledweyne,2025083120,4.74,45.2,0.0,24.17,8.14,10.21,69.86,0.0
beledweyne,2025083121,4.74,45.2,0.0,23.43,8.0,10.03,74.94,0.0
beledweyne,2025083122,4.74,45.2,0.0,22.97,7.92,9.93,77.86,0.0
beledweyne,2025083123,4.74,45.2,0.0,22.69,8.05,10.15,78.51,0.0
beledweyne,2025090100,4.74,45.2,0.0,22.48,7.9,9.97,78.18,0.0
beledweyne,2025090101,4.74,45.2,0.0,22.31,7.58,9.61,77.66,0.0
beledweyne,2025090102,4.74,45.2,0.0,22.16,7.21,9.2,77.42,0.0
beledweyne,2025090103,4.74,45.2,85.07,22.46,7.5,9.33,75.43,0.0
beledweyne,2025090104,4.74,45.2,319.7,23.99,8.59,10.21,66.39,0.0
beledweyne,2025090105,4.74,45.2,551.78,26.33,8.99,10.47,53.26,0.0
beledweyne,2025090106,4.74,45.2,771.1,28.75,8.91,10.29,41.69,0.0
beledweyne,2025090107,4.74,45.2,919.42,30.57,8.69,10.05,34.14,0.0
beledweyne,2025090108,4.74,45.2,1000.0,32.57,8.81,10.19,28.75,0.0
beledweyne,2025090109,4.74,45.2,978.12,34.54,8.97,10.31,25.12,0.0
beledweyne,2025090110,4.74,45.2,854.8,35.65,8.99,10.34,23.43,0.0
beledweyne,2025090111,4.74,45.2,641.67,35.96,8.88,10.21,23.09,0.0
beledweyne,2025090112,4.74,45.2,351.58,35.56,8.65,10.02,23.94,0.0
beledweyne,2025090113,4.74,45.2,193.25,34.59,8.33,9.84,25.77,0.0
beledweyne,2025090114,4.74,45.2,53.8,33.18,7.51,9.62,28.56,0.0
beledweyne,2025090115,4.74,45.2,0.0,31.38,6.68,9.59,32.67,0.0
beledweyne,2025090116,4.74,45.2,0.0,29.92,7.46,10.2,37.67,0.0
beledweyne,2025090117,4.74,45.2,0.0,28.23,8.15,10.65,45.13,0.0
beledweyne,2025090118,4.74,45.2,0.0,26.66,8.52,10.74,53.96,0.0
beledweyne,2025090119,4.74,45.2,0.0,25.23,9.25,11.61,62.92,0.0
beledweyne,2025090120,4.74,45.2,0.0,24.15,9.84,12.24,69.75,0.0
beledweyne,2025090121,4.74,45.2,0.0,23.43,9.51,11.86,74.59,0.0
beledweyne,2025090122,4.74,45.2,0.0,22.98,9.13,11.42,77.94,0.0
beledweyne,2025090123,4.74,45.2,0.0,22.77,8.81,11.04,79.48,0.0
beledweyne,2025090200,4.74,45.2,0.0,22.67,8.53,10.7,79.74,0.0
beledweyne,2025090201,4.74,45.2,0.0,22.53,8.32,10.53,79.89,0.0
beledweyne,2025090202,4.74,45.2,0.0,22.35,8.24,10.44,79.95,0.0
beledweyne,2025090203,4.74,45.2,79.57,22.6,8.59,10.68,77.51,0.0
beledweyne,2025090204,4.74,45.2,300.15,24.14,9.26,11.03,67.48,0.0
beledweyne,2025090205,4.74,45.2,535.22,26.45,9.43,10.99,53.66,0.0
beledweyne,2025090206,4.74,45.2,748.85,28.93,9.34,10.76,41.34,0.0
beledweyne,2025090207,4.74,45.2,809.7,31.13,9.25,10.62,32.94,0.0
beledweyne,2025090208,4.74,45.2,897.08,32.86,9.22,10.54,27.96,0.0
beledweyne,2025090209,4.74,45.2,962.83,34.12,9.2,10.51,25.09,0.0
beledweyne,2025090210,4.74,45.2,854.92,35.18,9.18,10.5,23.0,0.0
beledweyne,2025090211,4.74,45.2,587.65,35.7,9.18,10.52,22.01,0.0
beledweyne,2025090212,4.74,45.2,425.12,35.46,9.07,10.48,22.4,0.0
beledweyne,2025090213,4.74,45.2,230.2,34.58,8.82,10.39,24.11,0.0
beledweyne,2025090214,4.74,45.2,55.33,33.06,7.98,10.16,27.36,0.0
beledweyne,2025090215,4.74,45.2,0.0,31.19,7.0,9.96,32.37,0.0
beledweyne,2025090216,4.74,45.2,0.0,29.92,7.55,10.24,37.7,0.0
beledweyne,2025090217,4.74,45.2,0.0,28.55,8.25,10.74,44.62,0.0
beledweyne,2025090218,4.74,45.2,0.0,27.1,8.49,10.7,52.71,0.0
beledweyne,2025090219,4.74,45.2,0.0,25.75,8.62,10.93,60.77,0.0
beledweyne,2025090220,4.74,45.2,0.0,24.74,9.0,11.23,66.77,0.0
beledweyne,2025090221,4.74,45.2,0.0,24.18,8.57,10.68,70.0,0.0
beledweyne,2025090222,4.74,45.2,0.0,23.77,8.21,10.21,72.52,0.0
beledweyne,2025090223,4.74,45.2,0.0,23.36,7.92,9.86,75.46,0.0
beledweyne,2025090300,4.74,45.2,0.0,23.02,7.79,9.73,78.14,0.0
beledweyne,2025090301,4.74,45.2,0.0,22.85,7.78,9.81,79.82,0.0
beledweyne,2025090302,4.74,45.2,0.0,22.85,7.74,9.85,80.69,0.0
beledweyne,2025090303,4.74,45.2,38.58,23.29,8.1,10.14,78.88,0.0
beledweyne,2025090304,4.74,45.2,143.48,24.82,9.45,11.54,71.16,0.0
beledweyne,2025090305,4.74,45.2,281.95,26.8,10.1,12.07,62.33,0.01
beledweyne,2025090306,4.74,45.2,410.88,28.76,10.09,11.85,54.47,0.03
beledweyne,2025090307,4.74,45.2,518.55,30.68,9.81,11.41,47.79,0.06
beledweyne,2025090308,4.74,45.2,711.47,32.55,9.38,10.86,41.92,0.09
beledweyne,2025090309,4.74,45.2,601.4,34.15,9.0,10.38,37.03,0.1
beledweyne,2025090310,4.74,45.2,542.1,35.08,8.87,10.21,34.36,0.14
beledweyne,2025090311,4.74,45.2,428.1,35.37,9.08,10.41,33.73,0.16
beledweyne,2025090312,4.74,45.2,332.8,34.45,9.43,10.87,35.79,0.19
beledweyne,2025090313,4.74,45.2,174.82,32.86,9.65,11.35,39.4,0.18
beledweyne,2025090314,4.74,45.2,39.88,31.12,9.57,11.69,43.61,0.13
beledweyne,2025090315,4.74,45.2,0.0,29.61,9.31,11.81,47.55,0.09
beledweyne,2025090316,4.74,45.2,0.0,28.48,9.67,12.27,50.76,0.05
beledweyne,2025090317,4.74,45.2,0.0,27.17,9.96,12.49,55.4,0.02
beledweyne,2025090318,4.74,45.2,0.0,25.75,9.76,12.15,61.74,0.01
beledweyne,2025090319,4.74,45.2,0.0,24.57,9.26,11.52,67.76,0.0
beledweyne,2025090320,4.74,45.2,0.0,23.78,8.77,10.97,72.03,0.0
beledweyne,2025090321,4.74,45.2,0.0,23.25,8.38,10.52,74.88,0.0
beledweyne,2025090322,4.74,45.2,0.0,22.78,8.05,10.15,77.51,0.0
beledweyne,2025090323,4.74,45.2,0.0,22.42,7.82,9.92,79.67,0.0
beledweyne,2025090400,4.74,45.2,0.0,22.15,7.54,9.7,81.16,0.0
beledweyne,2025090401,4.74,45.2,0.0,21.98,7.12,9.26,82.2,0.0
beledweyne,2025090402,4.74,45.2,0.0,21.83,6.55,8.68,83.59,0.01
beledweyne,2025090403,4.74,45.2,76.4,22.38,7.05,8.93,81.62,0.01
beledweyne,2025090404,4.74,45.2,270.88,24.56,8.95,10.8,70.7,0.01
beledweyne,2025090405,4.74,45.2,463.92,27.29,9.34,10.91,57.65,0.01
beledweyne,2025090406,4.74,45.2,597.7,29.97,9.18,10.56,47.21,0.0
beledweyne,2025090407,4.74,45.2,832.4,32.32,8.91,10.17,39.38,0.0
beledweyne,2025090408,4.74,45.2,968.92,34.24,8.65,9.82,33.72,0.0
beledweyne,2025090409,4.74,45.2,834.45,35.62,8.57,9.7,30.18,0.0
beledweyne,2025090410,4.74,45.2,616.78,36.36,8.45,9.55,28.61,0.0
beledweyne,2025090411,4.74,45.2,346.62,36.4,8.21,9.27,28.45,0.0
beledweyne,2025090412,4.74,45.2,210.85,35.56,7.87,8.98,29.91,0.0
beledweyne,2025090413,4.74,45.2,119.55,34.44,7.75,9.01,32.26,0.0
beledweyne,2025090414,4.74,45.2,30.15,32.96,7.55,9.3,35.76,0.0
beledweyne,2025090415,4.74,45.2,0.0,31.39,7.4,9.85,39.94,0.0
beledweyne,2025090416,4.74,45.2,0.0,30.15,8.27,10.66,43.38,0.0
beledweyne,2025090417,4.74,45.2,0.0,28.6,8.99,11.38,47.56,0.0
beledweyne,2025090418,4.74,45.2,0.0,26.86,9.44,11.75,52.56,0.0
beledweyne,2025090419,4.74,45.2,0.0,25.31,9.51,11.81,57.87,0.0
beledweyne,2025090420,4.74,45.2,0.0,24.16,9.19,11.39,63.31,0.0
beledweyne,2025090421,4.74,45.2,0.0,23.38,8.73,10.88,68.43,0.0
beledweyne,2025090422,4.74,45.2,0.0,22.8,8.33,10.43,72.8,0.0
beledweyne,2025090423,4.74,45.2,0.0,22.33,8.04,10.09,76.1,0.0
beledweyne,2025090500,4.74,45.2,0.0,21.98,7.76,9.74,78.41,0.0
beledweyne,2025090501,4.74,45.2,0.0,21.68,7.35,9.34,80.25,0.0
beledweyne,2025090502,4.74,45.2,0.0,21.46,6.99,9.02,81.52,0.0
beledweyne,2025090503,4.74,45.2,78.4,21.89,7.43,9.28,79.29,0.0
beledweyne,2025090504,4.74,45.2,297.45,24.04,8.92,10.62,67.52,0.0
beledweyne,2025090505,4.74,45.2,532.65,26.95,9.24,10.74,53.02,0.0
beledweyne,2025090506,4.74,45.2,735.45,29.97,8.89,10.18,41.0,0.0
beledweyne,2025090507,4.74,45.2,881.25,32.28,8.52,9.68,33.48,0.0
beledweyne,2025090508,4.74,45.2,955.03,33.88,8.31,9.41,29.22,0.0
beledweyne,2025090509,4.74,45.2,963.5,35.3,8.0,9.03,26.31,0.0
beledweyne,2025090510,4.74,45.2,881.05,36.38,7.74,8.74,24.61,0.0
beledweyne,2025090511,4.74,45.2,720.95,36.82,7.52,8.51,24.3,0.0
beledweyne,2025090512,4.74,45.2,473.65,36.49,7.29,8.27,25.26,0.0
beledweyne,2025090513,4.74,45.2,245.35,35.38,7.12,8.22,27.53,0.01
beledweyne,2025090514,4.74,45.2,55.38,33.82,6.65,8.37,30.97,0.01
beledweyne,2025090515,4.74,45.2,0.0,32.03,6.19,8.89,35.6,0.0
beledweyne,2025090516,4.74,45.2,0.0,30.75,7.56,9.91,40.56,0.0
beledweyne,2025090517,4.74,45.2,0.0,28.91,9.49,11.85,48.28,0.0
beledweyne,2025090518,4.74,45.2,0.0,26.95,10.04,12.36,56.07,0.0
beledweyne,2025090519,4.74,45.2,0.0,25.51,9.51,11.76,60.96,0.0
beledweyne,2025090520,4.74,45.2,0.0,24.58,8.83,10.98,63.82,0.0
beledweyne,2025090521,4.74,45.2,0.0,23.83,8.43,10.55,66.73,0.0
beledweyne,2025090522,4.74,45.2,0.0,23.19,8.23,10.31,70.42,0.0
beledweyne,2025090523,4.74,45.2,0.0,22.63,7.98,10.01,74.71,0.0
beledweyne,2025090600,4.74,45.2,0.0,22.17,7.72,9.73,79.07,0.0
beledweyne,2025090601,4.74,45.2,0.0,21.9,7.66,9.71,82.27,0.0
beledweyne,2025090602,4.74,45.2,0.0,21.76,7.51,9.63,83.82,0.01
beledweyne,2025090603,4.74,45.2,83.1,22.2,7.96,9.96,81.49,0.0
beledweyne,2025090604,4.74,45.2,309.23,24.26,9.01,10.69,69.2,0.0
beledweyne,2025090605,4.74,45.2,552.85,27.01,9.08,10.46,53.76,0.0
beledweyne,2025090606,4.74,45.2,762.33,29.82,8.8,10.0,41.18,0.0
beledweyne,2025090607,4.74,45.2,912.6,32.31,8.58,9.69,31.98,0.0
beledweyne,2025090608,4.74,45.2,992.35,34.29,8.45,9.49,25.68,0.0
beledweyne,2025090609,4.74,45.2,999.95,35.7,8.33,9.33,21.67,0.0
beledweyne,2025090610,4.74,45.2,864.4,36.47,8.21,9.18,19.47,0.0
beledweyne,2025090611,4.74,45.2,692.95,36.68,8.15,9.14,18.65,0.0
beledweyne,2025090612,4.74,45.2,487.5,36.26,8.0,9.06,19.05,0.0
beledweyne,2025090613,4.74,45.2,261.4,35.24,7.72,8.93,20.64,0.0
beledweyne,2025090614,4.74,45.2,59.4,33.49,6.74,8.78,23.81,0.0
beledweyne,2025090615,4.74,45.2,0.0,31.02,5.47,9.13,29.51,0.0
beledweyne,2025090616,4.74,45.2,0.0,29.98,6.29,9.45,34.31,0.0
beledweyne,2025090617,4.74,45.2,0.0,28.69,7.21,9.88,41.46,0.0
beledweyne,2025090618,4.74,45.2,0.0,27.06,8.46,10.9,51.45,0.0
beledweyne,2025090619,4.74,45.2,0.0,25.59,8.65,10.83,61.16,0.0
beledweyne,2025090620,4.74,45.2,0.0,24.54,8.71,10.86,68.67,0.0
beledweyne,2025090621,4.74,45.2,0.0,23.74,8.64,10.73,74.64,0.0
beledweyne,2025090622,4.74,45.2,0.0,23.12,8.33,10.34,78.91,0.0
beledweyne,2025090623,4.74,45.2,0.0,22.61,7.8,9.78,82.17,0.0
beledweyne,2025090700,4.74,45.2,0.0,22.21,7.33,9.31,84.5,0.01
beledweyne,2025090701,4.74,45.2,0.0,21.89,6.85,8.96,86.34,0.01
beledweyne,2025090702,4.74,45.2,0.0,21.62,6.48,8.66,88.07,0.01
beledweyne,2025090703,4.74,45.2,83.28,22.15,6.76,8.59,85.91,0.01
beledweyne,2025090704,4.74,45.2,294.48,24.57,8.64,10.38,73.49,0.0
beledweyne,2025090705,4.74,45.2,524.22,27.65,8.89,10.34,58.18,0.0
beledweyne,2025090706,4.74,45.2,774.85,30.5,8.54,9.77,46.17,0.0
beledweyne,2025090707,4.74,45.2,926.6,32.91,8.2,9.31,37.83,0.0
beledweyne,2025090708,4.74,45.2,998.65,34.82,7.98,9.01,32.65,0.0
beledweyne,2025090709,4.74,45.2,961.83,36.17,7.79,8.74,29.91,0.01
beledweyne,2025090710,4.74,45.2,817.38,36.78,7.73,8.65,29.01,0.01
beledweyne,2025090711,4.74,45.2,614.42,36.6,7.78,8.7,29.63,0.01
beledweyne,2025090712,4.74,45.2,433.9,35.79,7.81,8.82,31.46,0.01
beledweyne,2025090713,4.74,45.2,240.3,34.51,7.82,9.02,34.33,0.01
beledweyne,2025090714,4.74,45.2,53.67,33.0,7.79,9.43,37.98,0.0
beledweyne,2025090715,4.74,45.2,0.0,31.5,7.4,9.69,42.2,0.0
beledweyne,2025090716,4.74,45.2,0.0,30.41,7.71,10.1,46.04,0.0
beledweyne,2025090717,4.74,45.2,0.0,29.17,8.13,10.53,50.97,0.0
beledweyne,2025090718,4.74,45.2,0.0,27.81,8.28,10.46,57.14,0.0
beledweyne,2025090719,4.74,45.2,0.0,26.51,7.99,10.03,63.93,0.0
beledweyne,2025090720,4.74,45.2,0.0,25.41,7.71,9.63,70.4,0.0
beledweyne,2025090721,4.74,45.2,0.0,24.55,7.32,9.17,75.93,0.0
beledweyne,2025090722,4.74,45.2,0.0,23.9,6.87,8.68,80.32,0.0
beledweyne,2025090723,4.74,45.2,0.0,23.51,6.54,8.34,83.12,0.0
beledweyne,2025090800,4.74,45.2,0.0,23.31,6.31,8.19,84.33,0.01
beledweyne,2025090801,4.74,45.2,0.0,23.14,5.93,7.87,84.86,0.01
beledweyne,2025090802,4.74,45.2,0.0,23.01,5.64,7.61,85.03,0.01
beledweyne,2025090803,4.74,45.2,84.43,23.46,6.19,7.79,82.48,0.01
beledweyne,2025090804,4.74,45.2,305.45,25.65,7.56,8.93,71.26,0.01
beledweyne,2025090805,4.74,45.2,546.55,28.54,8.04,9.24,57.69,0.01
beledweyne,2025090806,4.74,45.2,739.15,31.13,7.87,8.91,47.57,0.01
beledweyne,2025090807,4.74,45.2,912.05,33.26,7.54,8.48,40.84,0.01
beledweyne,2025090808,4.74,45.2,995.15,34.92,7.27,8.14,36.17,0.01
beledweyne,2025090809,4.74,45.2,938.2,36.03,7.1,7.92,32.92,0.01
beledweyne,2025090810,4.74,45.2,904.95,36.69,7.13,7.94,30.66,0.01
beledweyne,2025090811,4.74,45.2,746.8,36.79,7.3,8.15,29.7,0.01
beledweyne,2025090812,4.74,45.2,524.58,36.28,7.48,8.43,29.86,0.01
beledweyne,2025090813,4.74,45.2,285.12,35.17,7.65,8.83,31.47,0.01
beledweyne,2025090814,4.74,45.2,61.38,33.6,7.41,9.2,34.44,0.0
beledweyne,2025090815,4.74,45.2,0.0,32.05,7.08,9.54,38.27,0.0
beledweyne,2025090816,4.74,45.2,0.0,30.82,7.61,10.0,42.22,0.0
beledweyne,2025090817,4.74,45.2,0.0,29.39,8.2,10.41,46.85,0.0
beledweyne,2025090818,4.74,45.2,0.0,27.77,8.86,11.09,51.93,0.0
beledweyne,2025090819,4.74,45.2,0.0,26.29,9.28,11.48,57.17,0.0
beledweyne,2025090820,4.74,45.2,0.0,25.15,8.87,10.95,63.05,0.0
beledweyne,2025090821,4.74,45.2,0.0,24.26,8.41,10.4,70.09,0.0
beledweyne,2025090822,4.74,45.2,0.0,23.6,7.86,9.76,77.04,0.01
beledweyne,2025090823,4.74,45.2,0.0,23.18,7.39,9.23,82.54,0.01
beledweyne,2025090900,4.74,45.2,0.0,22.98,7.18,9.11,85.8,0.02
beledweyne,2025090901,4.74,45.2,0.0,22.87,6.91,8.84,87.29,0.02
beledweyne,2025090902,4.74,45.2,0.0,22.7,6.38,8.43,88.3,0.02
beledweyne,2025090903,4.74,45.2,89.1,23.19,6.85,8.71,85.3,0.02
beledweyne,2025090904,4.74,45.2,276.77,25.48,8.52,10.18,71.87,0.01
beledweyne,2025090905,4.74,45.2,474.23,28.41,8.75,10.12,56.9,0.0
beledweyne,2025090906,4.74,45.2,719.97,31.18,8.57,9.77,45.75,0.0
beledweyne,2025090907,4.74,45.2,869.7,33.39,8.43,9.54,39.16,0.01
beledweyne,2025090908,4.74,45.2,958.2,34.99,8.42,9.5,35.04,0.02
beledweyne,2025090909,4.74,45.2,863.03,35.88,8.46,9.51,32.61,0.02
beledweyne,2025090910,4.74,45.2,858.78,36.39,8.5,9.54,31.03,0.01
beledweyne,2025090911,4.74,45.2,709.25,36.25,8.51,9.59,30.65,0.01
beledweyne,2025090912,4.74,45.2,492.02,35.69,8.4,9.54,31.1,0.01
beledweyne,2025090913,4.74,45.2,267.45,34.6,8.14,9.44,32.58,0.01
beledweyne,2025090914,4.74,45.2,57.62,33.19,7.66,9.4,34.93,0.0
beledweyne,2025090915,4.74,45.2,0.0,31.89,7.1,9.48,37.6,0.0
beledweyne,2025090916,4.74,45.2,0.0,30.9,7.87,10.33,41.02,0.0
beledweyne,2025090917,4.74,45.2,0.0,29.47,8.88,11.4,47.46,0.0
beledweyne,2025090918,4.74,45.2,0.0,27.83,9.29,11.59,55.8,0.0
beledweyne,2025090919,4.74,45.2,0.0,26.37,9.06,11.24,63.56,0.0
beledweyne,2025090920,4.74,45.2,0.0,25.29,8.87,11.03,69.54,0.0
beledweyne,2025090921,4.74,45.2,0.0,24.46,8.59,10.72,74.97,0.0
beledweyne,2025090922,4.74,45.2,0.0,23.81,8.24,10.29,80.18,0.01
beledweyne,2025090923,4.74,45.2,0.0,23.41,7.9,9.93,83.78,0.01
beledweyne,2025091000,4.74,45.2,0.0,23.19,7.67,9.74,85.51,0.02
beledweyne,2025091001,4.74,45.2,0.0,23.04,7.51,9.66,85.98,0.02
beledweyne,2025091002,4.74,45.2,0.0,22.84,7.1,9.31,86.46,0.02
beledweyne,2025091003,4.74,45.2,92.53,23.28,7.25,9.16,83.6,0.02
beledweyne,2025091004,4.74,45.2,318.55,25.52,8.63,10.33,70.46,0.01
beledweyne,2025091005,4.74,45.2,563.17,28.43,8.92,10.38,55.61,0.0
beledweyne,2025091006,4.74,45.2,785.25,31.14,8.69,9.95,44.74,0.0
beledweyne,2025091007,4.74,45.2,931.72,33.22,8.43,9.6,37.59,0.0
beledweyne,2025091008,4.74,45.2,996.97,34.56,8.28,9.38,33.28,0.0
beledweyne,2025091009,4.74,45.2,983.6,35.16,8.36,9.45,30.73,0.0
beledweyne,2025091010,4.74,45.2,860.28,35.72,8.63,9.75,28.28,0.0
beledweyne,2025091011,4.74,45.2,712.8,35.94,8.75,9.91,26.27,0.0
beledweyne,2025091012,4.74,45.2,505.75,35.68,8.63,9.87,25.15,0.0
beledweyne,2025091013,4.74,45.2,260.52,34.91,8.42,9.79,25.24,0.0
beledweyne,2025091014,4.74,45.2,53.9,33.24,7.59,9.55,27.32,0.0
beledweyne,2025091015,4.74,45.2,0.0,30.88,5.67,8.92,31.79,0.0
beledweyne,2025091016,4.74,45.2,0.0,29.59,5.59,8.67,35.6,0.0
beledweyne,2025091017,4.74,45.2,0.0,28.4,6.2,8.88,40.61,0.0
beledweyne,2025091018,4.74,45.2,0.0,27.0,7.28,9.63,48.59,0.0
beledweyne,2025091019,4.74,45.2,0.0,25.51,8.12,10.34,59.36,0.0
beledweyne,2025091020,4.74,45.2,0.0,24.32,8.58,10.71,69.63,0.0
beledweyne,2025091021,4.74,45.2,0.0,23.61,8.18,10.22,76.45,0.0
beledweyne,2025091022,4.74,45.2,0.0,23.18,7.82,9.83,81.16,0.01
beledweyne,2025091023,4.74,45.2,0.0,23.0,7.64,9.65,83.24,0.01
beledweyne,2025091100,4.74,45.2,0.0,22.99,7.72,9.83,83.15,0.01
beledweyne,2025091101,4.74,45.2,0.0,22.96,7.66,9.87,82.52,0.01
beledweyne,2025091102,4.74,45.2,0.0,22.87,7.46,9.71,82.09,0.01
beledweyne,2025091103,4.74,45.2,82.9,23.26,7.84,9.93,79.26,0.01
beledweyne,2025091104,4.74,45.2,305.48,24.96,8.88,10.66,69.47,0.0
beledweyne,2025091105,4.74,45.2,566.08,27.44,9.21,10.76,57.11,0.0
beledweyne,2025091106,4.74,45.2,776.5,30.13,9.18,10.5,46.32,0.0
beledweyne,2025091107,4.74,45.2,924.05,32.39,9.1,10.31,38.76,0.0
beledweyne,2025091108,4.74,45.2,996.22,34.16,9.05,10.21,33.44,0.0
beledweyne,2025091109,4.74,45.2,996.97,35.43,8.91,10.03,29.62,0.0
beledweyne,2025091110,4.74,45.2,882.53,36.19,8.74,9.84,27.36,0.0
beledweyne,2025091111,4.74,45.2,739.33,36.39,8.56,9.66,26.63,0.0
beledweyne,2025091112,4.74,45.2,514.9,35.95,8.31,9.46,27.4,0.0
beledweyne,2025091113,4.74,45.2,263.52,34.93,8.01,9.26,29.31,0.0
beledweyne,2025091114,4.74,45.2,52.78,33.36,7.45,9.15,32.67,0.0
beledweyne,2025091115,4.74,45.2,0.0,31.84,6.82,9.27,36.63,0.0
beledweyne,2025091116,4.74,45.2,0.0,30.69,7.69,10.05,40.67,0.0
beledweyne,2025091117,4.74,45.2,0.0,29.1,8.42,10.67,46.64,0.0
beledweyne,2025091118,4.74,45.2,0.0,27.13,9.5,11.83,55.02,0.0
beledweyne,2025091119,4.74,45.2,0.0,25.44,9.45,11.65,63.16,0.0
beledweyne,2025091120,4.74,45.2,0.0,24.42,8.96,11.11,68.83,0.0
beledweyne,2025091121,4.74,45.2,0.0,23.73,8.64,10.81,73.34,0.0
beledweyne,2025091122,4.74,45.2,0.0,23.15,8.33,10.43,77.77,0.0
beledweyne,2025091123,4.74,45.2,0.0,22.71,7.93,10.02,81.88,0.01
beledweyne,2025091200,4.74,45.2,0.0,22.5,7.67,9.76,84.37,0.02
beledweyne,2025091201,4.74,45.2,0.0,22.46,7.37,9.51,84.96,0.02
beledweyne,2025091202,4.74,45.2,0.0,22.51,7.51,9.81,83.85,0.02
beledweyne,2025091203,4.74,45.2,92.78,23.02,8.2,10.4,80.08,0.02
beledweyne,2025091204,4.74,45.2,328.73,25.0,9.39,11.21,68.71,0.0
beledweyne,2025091205,4.74,45.2,576.83,27.74,9.7,11.29,55.3,0.0
beledweyne,2025091206,4.74,45.2,787.17,30.46,9.54,10.94,45.11,0.0
beledweyne,2025091207,4.74,45.2,934.42,32.79,9.37,10.67,38.03,0.0
beledweyne,2025091208,4.74,45.2,1004.72,34.6,9.39,10.64,33.0,0.0
beledweyne,2025091209,4.74,45.2,966.25,35.88,9.3,10.5,29.49,0.0
beledweyne,2025091210,4.74,45.2,784.05,36.6,9.01,10.15,27.36,0.0
beledweyne,2025091211,4.74,45.2,577.53,36.66,8.68,9.8,26.67,0.0
beledweyne,2025091212,4.74,45.2,412.38,36.29,8.35,9.46,26.92,0.01
beledweyne,2025091213,4.74,45.2,198.25,35.17,8.06,9.3,28.83,0.01
beledweyne,2025091214,4.74,45.2,41.6,33.52,7.74,9.45,32.63,0.01
beledweyne,2025091215,4.74,45.2,0.0,31.85,7.52,9.89,38.13,0.0
beledweyne,2025091216,4.74,45.2,0.0,30.47,8.63,11.04,44.44,0.0
beledweyne,2025091217,4.74,45.2,0.0,28.86,9.33,11.71,51.69,0.0
beledweyne,2025091218,4.74,45.2,0.0,27.24,9.44,11.7,58.61,0.0
beledweyne,2025091219,4.74,45.2,0.0,25.9,9.21,11.38,64.76,0.0
beledweyne,2025091220,4.74,45.2,0.0,24.9,8.95,11.09,70.53,0.0
beledweyne,2025091221,4.74,45.2,0.0,24.2,8.59,10.67,75.41,0.0
beledweyne,2025091222,4.74,45.2,0.0,23.71,8.11,10.11,78.92,0.01
beledweyne,2025091223,4.74,45.2,0.0,23.36,7.73,9.66,80.76,0.01
beledweyne,2025091300,4.74,45.2,0.0,23.15,7.51,9.48,81.21,0.0
beledweyne,2025091301,4.74,45.2,0.0,23.01,7.45,9.49,80.85,0.0
beledweyne,2025091302,4.74,45.2,0.0,22.82,7.25,9.41,80.99,0.0
beledweyne,2025091303,4.74,45.2,81.85,23.18,7.89,9.95,78.47,0.0
beledweyne,2025091304,4.74,45.2,289.88,25.11,9.13,10.86,67.68,0.0
beledweyne,2025091305,4.74,45.2,517.05,27.76,9.23,10.68,54.85,0.0
beledweyne,2025091306,4.74,45.2,685.33,30.55,8.85,10.09,44.22,0.0
beledweyne,2025091307,4.74,45.2,821.58,33.07,8.45,9.55,36.67,0.0
beledweyne,2025091308,4.74,45.2,946.25,35.07,8.19,9.22,31.47,0.0
beledweyne,2025091309,4.74,45.2,861.22,36.3,8.01,8.99,28.32,0.0
beledweyne,2025091310,4.74,45.2,710.17,36.83,7.77,8.72,26.78,0.0
beledweyne,2025091311,4.74,45.2,527.15,36.78,7.54,8.47,26.43,0.0
beledweyne,2025091312,4.74,45.2,345.48,35.92,7.33,8.33,27.43,0.0
beledweyne,2025091313,4.74,45.2,176.82,35.0,7.19,8.38,28.56,0.0
beledweyne,2025091314,4.74,45.2,43.62,33.86,6.73,8.42,30.0,0.0
beledweyne,2025091315,4.74,45.2,0.0,32.4,5.63,8.27,32.29,0.0
beledweyne,2025091316,4.74,45.2,0.0,31.38,6.29,8.97,34.74,0.0
beledweyne,2025091317,4.74,45.2,0.0,30.02,7.64,9.92,40.23,0.0
beledweyne,2025091318,4.74,45.2,0.0,28.26,8.52,10.67,49.54,0.0
beledweyne,2025091319,4.74,45.2,0.0,26.44,9.38,11.58,60.71,0.0
beledweyne,2025091320,4.74,45.2,0.0,25.11,8.99,11.06,68.07,0.0
beledweyne,2025091321,4.74,45.2,0.0,24.33,8.39,10.42,72.26,0.0
beledweyne,2025091322,4.74,45.2,0.0,23.86,7.95,9.93,75.46,0.0
beledweyne,2025091323,4.74,45.2,0.0,23.54,7.72,9.66,78.03,0.0
beledweyne,2025091400,4.74,45.2,0.0,23.38,7.75,9.68,79.61,0.0
beledweyne,2025091401,4.74,45.2,0.0,23.3,7.81,9.79,80.28,0.0
beledweyne,2025091402,4.74,45.2,0.0,23.21,7.83,9.9,80.64,0.0
beledweyne,2025091403,4.74,45.2,80.62,23.58,8.03,9.97,78.22,0.0
beledweyne,2025091404,4.74,45.2,281.73,25.37,8.67,10.27,68.02,0.0
beledweyne,2025091405,4.74,45.2,521.62,27.83,8.64,9.94,56.06,0.0
beledweyne,2025091406,4.74,45.2,760.25,30.39,8.18,9.23,46.42,0.0
beledweyne,2025091407,4.74,45.2,913.62,32.84,7.72,8.62,38.85,0.0
beledweyne,2025091408,4.74,45.2,831.72,34.78,7.51,8.32,33.59,0.0
beledweyne,2025091409,4.74,45.2,612.45,36.08,7.55,8.34,30.35,0.0
beledweyne,2025091410,4.74,45.2,661.2,36.78,7.6,8.39,28.55,0.0
beledweyne,2025091411,4.74,45.2,500.67,36.95,7.61,8.44,27.74,0.0
beledweyne,2025091412,4.74,45.2,309.73,36.35,7.59,8.51,28.22,0.0
beledweyne,2025091413,4.74,45.2,153.73,35.37,7.54,8.66,29.26,0.0
beledweyne,2025091414,4.74,45.2,37.28,33.92,7.14,8.78,31.11,0.0
beledweyne,2025091415,4.74,45.2,0.0,32.25,6.12,8.79,33.41,0.0
beledweyne,2025091416,4.74,45.2,0.0,31.1,6.5,8.99,35.21,0.0
beledweyne,2025091417,4.74,45.2,0.0,29.64,6.72,8.95,39.61,0.0
beledweyne,2025091418,4.74,45.2,0.0,27.84,7.59,9.78,49.26,0.0
beledweyne,2025091419,4.74,45.2,0.0,25.93,8.53,10.58,61.88,0.0
beledweyne,2025091420,4.74,45.2,0.0,24.52,8.63,10.63,70.45,0.0
beledweyne,2025091421,4.74,45.2,0.0,23.64,8.25,10.19,74.62,0.0
beledweyne,2025091422,4.74,45.2,0.0,23.05,7.81,9.67,77.4,0.0
beledweyne,2025091423,4.74,45.2,0.0,22.67,7.46,9.28,79.3,0.0
beledweyne,2025091500,4.74,45.2,0.0,22.47,7.24,9.11,80.34,0.0
beledweyne,2025091501,4.74,45.2,0.0,22.32,7.07,8.93,81.13,0.0
beledweyne,2025091502,4.74,45.2,0.0,22.18,6.82,8.69,81.77,0.0
beledweyne,2025091503,4.74,45.2,89.9,22.6,7.33,9.05,79.25,0.0
beledweyne,2025091504,4.74,45.2,318.15,24.64,8.04,9.36,66.82,0.0
beledweyne,2025091505,4.74,45.2,564.45,27.53,7.92,9.0,51.58,0.0
beledweyne,2025091506,4.74,45.2,774.2,30.69,7.51,8.41,39.47,0.0
beledweyne,2025091507,4.74,45.2,922.67,33.58,7.07,7.87,31.62,0.0
beledweyne,2025091508,4.74,45.2,995.15,35.74,6.73,7.48,27.35,0.0
beledweyne,2025091509,4.74,45.2,1006.22,37.21,6.38,7.07,25.03,0.0
beledweyne,2025091510,4.74,45.2,916.5,38.07,6.1,6.74,23.83,0.0
beledweyne,2025091511,4.74,45.2,754.78,37.95,6.04,6.68,23.94,0.0
beledweyne,2025091512,4.74,45.2,538.1,37.23,6.15,6.86,24.79,0.0
beledweyne,2025091513,4.74,45.2,283.5,36.18,6.34,7.24,26.1,0.0
beledweyne,2025091514,4.74,45.2,53.67,34.83,6.16,7.73,27.76,0.0
beledweyne,2025091515,4.74,45.2,0.0,33.12,5.72,8.37,30.07,0.0
beledweyne,2025091516,4.74,45.2,0.0,31.76,6.84,9.34,32.13,0.0
beledweyne,2025091517,4.74,45.2,0.0,29.81,8.16,10.44,37.25,0.0
beledweyne,2025091518,4.74,45.2,0.0,27.4,9.48,11.85,48.49,0.0
beledweyne,2025091519,4.74,45.2,0.0,25.62,9.15,11.28,60.14,0.0
beledweyne,2025091520,4.74,45.2,0.0,24.61,8.48,10.51,67.0,0.0
beledweyne,2025091521,4.74,45.2,0.0,23.91,7.97,9.92,70.83,0.0
beledweyne,2025091522,4.74,45.2,0.0,23.32,7.45,9.29,74.07,0.0
beledweyne,2025091523,4.74,45.2,0.0,22.81,7.0,8.78,77.96,0.0
beledweyne,2025091600,4.74,45.2,0.0,22.46,6.64,8.36,81.54,0.0
beledweyne,2025091601,4.74,45.2,0.0,22.32,6.64,8.42,83.55,0.0
beledweyne,2025091602,4.74,45.2,0.0,22.25,6.41,8.15,84.37,0.0
beledweyne,2025091603,4.74,45.2,100.45,22.68,6.88,8.56,82.04,0.0
beledweyne,2025091604,4.74,45.2,341.55,24.83,7.99,9.38,69.91,0.0
beledweyne,2025091605,4.74,45.2,589.0,27.87,8.15,9.32,55.31,0.0
beledweyne,2025091606,4.74,45.2,794.65,31.12,7.89,8.91,43.28,0.0
beledweyne,2025091607,4.74,45.2,943.3,33.91,7.65,8.57,35.14,0.0
beledweyne,2025091608,4.74,45.2,1016.38,35.98,7.57,8.44,29.88,0.0
beledweyne,2025091609,4.74,45.2,995.58,37.4,7.46,8.3,26.18,0.0
beledweyne,2025091610,4.74,45.2,892.83,38.21,7.32,8.13,23.8,0.0
beledweyne,2025091611,4.74,45.2,736.65,38.42,7.3,8.11,22.55,0.0
beledweyne,2025091612,4.74,45.2,518.6,37.99,7.39,8.26,22.3,0.0
beledweyne,2025091613,4.74,45.2,269.8,36.93,7.47,8.52,22.98,0.0
beledweyne,2025091614,4.74,45.2,49.9,35.16,7.02,8.82,24.79,0.0
beledweyne,2025091615,4.74,45.2,0.0,32.76,6.03,9.18,28.05,0.0
beledweyne,2025091616,4.74,45.2,0.0,31.28,6.79,9.57,30.76,0.0
beledweyne,2025091617,4.74,45.2,0.0,29.62,7.65,10.18,36.57,0.0
beledweyne,2025091618,4.74,45.2,0.0,27.66,8.8,11.26,48.32,0.0
beledweyne,2025091619,4.74,45.2,0.0,26.06,8.8,10.97,60.22,0.0
beledweyne,2025091620,4.74,45.2,0.0,24.94,8.45,10.57,68.6,0.0
beledweyne,2025091621,4.74,45.2,0.0,24.04,8.13,10.17,75.37,0.0
beledweyne,2025091622,4.74,45.2,0.0,23.37,7.64,9.57,80.92,0.0
beledweyne,2025091623,4.74,45.2,0.0,23.05,7.34,9.28,84.26,0.0
beledweyne,2025091700,4.74,45.2,0.0,22.97,7.29,9.33,85.25,0.0
beledweyne,2025091701,4.74,45.2,0.0,22.9,7.1,9.13,85.82,0.0
beledweyne,2025091702,4.74,45.2,0.0,22.78,6.57,8.57,86.57,0.0
beledweyne,2025091703,4.74,45.2,102.7,23.31,7.09,8.95,83.52,0.0
beledweyne,2025091704,4.74,45.2,327.3,25.57,8.16,9.61,70.22,0.0
beledweyne,2025091705,4.74,45.2,548.92,28.59,8.09,9.27,54.68,0.0
beledweyne,2025091706,4.74,45.2,792.78,31.71,7.73,8.73,42.1,0.0
beledweyne,2025091707,4.74,45.2,945.17,34.36,7.44,8.35,33.54,0.0
beledweyne,2025091708,4.74,45.2,1022.7,36.32,7.34,8.2,27.91,0.0
beledweyne,2025091709,4.74,45.2,1005.83,37.65,7.24,8.05,24.25,0.0
beledweyne,2025091710,4.74,45.2,897.9,38.41,7.07,7.85,22.24,0.0
beledweyne,2025091711,4.74,45.2,741.58,38.57,6.95,7.72,21.67,0.0
beledweyne,2025091712,4.74,45.2,524.05,38.14,6.9,7.71,22.31,0.0
beledweyne,2025091713,4.74,45.2,279.58,37.08,6.94,7.88,24.19,0.0
beledweyne,2025091714,4.74,45.2,51.72,35.3,6.63,8.22,27.71,0.0
beledweyne,2025091715,4.74,45.2,0.0,33.28,6.26,9.11,32.91,0.0
beledweyne,2025091716,4.74,45.2,0.0,32.14,7.81,10.58,37.96,0.0
beledweyne,2025091717,4.74,45.2,0.0,30.45,9.4,11.94,45.52,0.0
beledweyne,2025091718,4.74,45.2,0.0,28.38,9.66,11.95,54.86,0.0
beledweyne,2025091719,4.74,45.2,0.0,26.72,9.34,11.53,63.08,0.0
beledweyne,2025091720,4.74,45.2,0.0,25.58,8.86,10.95,69.54,0.0
beledweyne,2025091721,4.74,45.2,0.0,24.71,8.4,10.39,75.08,0.0
beledweyne,2025091722,4.74,45.2,0.0,24.01,8.07,10.04,79.66,0.0
beledweyne,2025091723,4.74,45.2,0.0,23.56,7.85,9.77,82.37,0.0
beledweyne,2025091800,4.74,45.2,0.0,23.3,7.51,9.37,84.12,0.05
beledweyne,2025091801,4.74,45.2,0.0,23.09,7.23,9.12,85.36,0.07
beledweyne,2025091802,4.74,45.2,0.0,22.94,6.83,8.67,86.04,0.09
beledweyne,2025091803,4.74,45.2,99.3,23.33,7.13,8.85,83.57,0.08
beledweyne,2025091804,4.74,45.2,295.4,25.4,8.08,9.52,71.79,0.02
beledweyne,2025091805,4.74,45.2,479.7,28.27,8.39,9.62,57.78,0.0
beledweyne,2025091806,4.74,45.2,613.0,31.2,8.2,9.23,46.19,0.0
beledweyne,2025091807,4.74,45.2,768.12,33.73,7.92,8.83,38.08,0.0
beledweyne,2025091808,4.74,45.2,966.1,35.48,7.71,8.55,32.88,0.0
beledweyne,2025091809,4.74,45.2,846.47,36.79,7.5,8.31,29.11,0.0
beledweyne,2025091810,4.74,45.2,734.85,37.56,7.3,8.1,26.6,0.0
beledweyne,2025091811,4.74,45.2,682.0,37.77,7.16,7.96,25.42,0.0
beledweyne,2025091812,4.74,45.2,457.77,37.36,7.11,7.96,25.71,0.0
beledweyne,2025091813,4.74,45.2,240.8,36.28,7.09,8.05,27.53,0.0
beledweyne,2025091814,4.74,45.2,44.65,34.54,6.89,8.4,31.07,0.0
beledweyne,2025091815,4.74,45.2,0.0,32.81,7.04,9.42,35.81,0.0
beledweyne,2025091816,4.74,45.2,0.0,31.47,8.61,10.96,40.95,0.0
beledweyne,2025091817,4.74,45.2,0.0,29.67,9.69,12.07,47.94,0.0
beledweyne,2025091818,4.74,45.2,0.0,27.77,10.04,12.37,55.94,0.0
beledweyne,2025091819,4.74,45.2,0.0,26.25,9.55,11.77,63.51,0.0
beledweyne,2025091820,4.74,45.2,0.0,25.16,8.98,11.09,69.96,0.0
beledweyne,2025091821,4.74,45.2,0.0,24.39,8.38,10.37,74.92,0.01
beledweyne,2025091822,4.74,45.2,0.0,23.8,7.89,9.84,79.09,0.02
beledweyne,2025091823,4.74,45.2,0.0,23.43,7.69,9.64,81.54,0.05
beledweyne,2025091900,4.74,45.2,0.0,23.2,7.5,9.48,82.48,0.08
beledweyne,2025091901,4.74,45.2,0.0,23.12,7.44,9.46,82.59,0.08
beledweyne,2025091902,4.74,45.2,0.0,23.02,7.24,9.26,83.2,0.08
beledweyne,2025091903,4.74,45.2,101.55,23.39,7.52,9.46,81.32,0.06
beledweyne,2025091904,4.74,45.2,328.88,25.3,8.44,9.98,70.57,0.02
beledweyne,2025091905,4.74,45.2,559.72,27.92,8.49,9.75,57.18,0.0
beledweyne,2025091906,4.74,45.2,774.3,30.55,8.24,9.33,45.73,0.0
beledweyne,2025091907,4.74,45.2,929.5,32.81,8.01,9.0,37.71,0.0
beledweyne,2025091908,4.74,45.2,1007.05,34.21,7.74,8.7,33.13,0.0
beledweyne,2025091909,4.74,45.2,901.83,34.78,7.35,8.31,30.94,0.0
beledweyne,2025091910,4.74,45.2,772.67,35.61,7.04,7.97,28.72,0.0
beledweyne,2025091911,4.74,45.2,537.33,36.06,6.86,7.79,27.31,0.0
beledweyne,2025091912,4.74,45.2,364.27,35.88,6.76,7.73,26.99,0.0
beledweyne,2025091913,4.74,45.2,195.18,35.04,6.76,7.89,28.0,0.0
beledweyne,2025091914,4.74,45.2,42.47,33.77,6.57,8.29,30.26,0.0
beledweyne,2025091915,4.74,45.2,0.0,32.26,6.71,9.28,33.9,0.0
beledweyne,2025091916,4.74,45.2,0.0,30.79,8.43,10.99,38.88,0.0
beledweyne,2025091917,4.74,45.2,0.0,28.91,9.13,11.4,46.04,0.0
beledweyne,2025091918,4.74,45.2,0.0,27.13,9.07,11.27,52.95,0.0
beledweyne,2025091919,4.74,45.2,0.0,25.73,9.35,11.65,58.54,0.0
beledweyne,2025091920,4.74,45.2,0.0,24.59,9.15,11.38,63.89,0.0
beledweyne,2025091921,4.74,45.2,0.0,23.62,8.79,10.95,69.28,0.0
beledweyne,2025091922,4.74,45.2,0.0,22.87,8.36,10.45,73.97,0.0
beledweyne,2025091923,4.74,45.2,0.0,22.35,7.96,10.02,76.98,0.0
beledweyne,2025092000,4.74,45.2,0.0,21.95,7.59,9.65,78.75,0.0
beledweyne,2025092001,4.74,45.2,0.0,21.57,7.19,9.29,80.18,0.0
beledweyne,2025092002,4.74,45.2,0.0,21.17,6.78,8.93,81.8,0.0
beledweyne,2025092003,4.74,45.2,107.8,21.52,7.31,9.25,79.46,0.0
beledweyne,2025092004,4.74,45.2,355.5,23.7,8.58,10.2,66.04,0.0
beledweyne,2025092005,4.74,45.2,608.03,26.71,8.9,10.34,48.7,0.0
beledweyne,2025092006,4.74,45.2,819.92,29.79,8.8,10.1,35.35,0.0
beledweyne,2025092007,4.74,45.2,962.78,32.41,8.55,9.74,27.35,0.0
beledweyne,2025092008,4.74,45.2,1028.72,34.46,8.31,9.42,22.76,0.0
beledweyne,2025092009,4.74,45.2,1026.38,35.89,8.01,9.05,20.61,0.0
beledweyne,2025092010,4.74,45.2,926.45,36.69,7.72,8.7,20.13,0.0
beledweyne,2025092011,4.74,45.2,755.62,36.85,7.53,8.49,20.86,0.0
beledweyne,2025092012,4.74,45.2,521.08,36.41,7.43,8.42,22.63,0.0
beledweyne,2025092013,4.74,45.2,278.23,35.32,7.36,8.48,25.65,0.0
beledweyne,2025092014,4.74,45.2,52.08,33.58,6.84,8.53,30.18,0.0
beledweyne,2025092015,4.74,45.2,0.0,31.77,5.85,8.65,35.28,0.0
beledweyne,2025092016,4.74,45.2,0.0,30.94,6.34,9.05,38.51,0.0
beledweyne,2025092017,4.74,45.2,0.0,30.1,7.03,9.76,41.7,0.0
beledweyne,2025092018,4.74,45.2,0.0,28.89,7.31,9.79,46.49,0.0
beledweyne,2025092019,4.74,45.2,0.0,27.39,7.49,9.81,53.72,0.0
beledweyne,2025092020,4.74,45.2,0.0,26.07,7.12,9.12,61.35,0.0
beledweyne,2025092021,4.74,45.2,0.0,25.07,6.58,8.46,67.88,0.0
beledweyne,2025092022,4.74,45.2,0.0,24.41,6.19,8.02,72.66,0.0
beledweyne,2025092023,4.74,45.2,0.0,23.88,5.73,7.54,76.46,0.0
beledweyne,2025092100,4.74,45.2,0.0,23.42,5.47,7.33,79.64,0.0
beledweyne,2025092101,4.74,45.2,0.0,22.95,5.28,7.15,82.78,0.0
beledweyne,2025092102,4.74,45.2,0.0,22.52,5.0,6.89,85.63,0.0
beledweyne,2025092103,4.74,45.2,112.93,22.98,5.77,7.33,83.77,0.0
beledweyne,2025092104,4.74,45.2,341.3,25.75,7.85,9.38,69.18,0.02
beledweyne,2025092105,4.74,45.2,557.05,29.08,8.34,9.67,54.78,0.02
beledweyne,2025092106,4.74,45.2,766.33,31.93,7.97,9.09,44.9,0.02
beledweyne,2025092107,4.74,45.2,918.1,34.25,7.52,8.49,37.61,0.01
beledweyne,2025092108,4.74,45.2,1023.38,36.03,7.2,8.1,32.43,0.02
beledweyne,2025092109,4.74,45.2,972.3,37.24,6.97,7.79,28.88,0.02
beledweyne,2025092110,4.74,45.2,789.58,37.79,6.78,7.54,27.06,0.02
beledweyne,2025092111,4.74,45.2,683.92,37.7,6.61,7.35,26.65,0.03
beledweyne,2025092112,4.74,45.2,458.98,37.11,6.56,7.32,27.41,0.04
beledweyne,2025092113,4.74,45.2,219.45,36.01,6.55,7.42,29.24,0.05
beledweyne,2025092114,4.74,45.2,38.67,34.32,6.52,7.95,32.75,0.04
beledweyne,2025092115,4.74,45.2,0.0,32.46,6.44,8.94,37.83,0.04
beledweyne,2025092116,4.74,45.2,0.0,31.12,7.59,9.98,43.21,0.06
beledweyne,2025092117,4.74,45.2,0.0,29.68,8.14,10.38,49.79,0.04
beledweyne,2025092118,4.74,45.2,0.0,28.37,8.44,10.7,56.34,0.02
beledweyne,2025092119,4.74,45.2,0.0,27.28,8.58,10.8,61.85,0.0
beledweyne,2025092120,4.74,45.2,0.0,26.47,8.22,10.35,66.06,0.0
beledweyne,2025092121,4.74,45.2,0.0,25.74,8.14,10.3,70.63,0.0
beledweyne,2025092122,4.74,45.2,0.0,25.09,8.0,10.12,75.24,0.01
beledweyne,2025092123,4.74,45.2,0.0,24.62,7.88,10.01,78.54,0.03
beledweyne,2025092200,4.74,45.2,0.0,24.31,7.67,9.75,80.29,0.04
beledweyne,2025092201,4.74,45.2,0.0,24.1,7.36,9.44,81.08,0.05
beledweyne,2025092202,4.74,45.2,0.0,23.96,7.14,9.23,81.45,0.05
beledweyne,2025092203,4.74,45.2,108.1,24.34,7.66,9.66,79.26,0.03
beledweyne,2025092204,4.74,45.2,337.48,26.31,8.78,10.44,68.95,0.01
beledweyne,2025092205,4.74,45.2,559.97,29.05,8.9,10.29,56.53,0.01
beledweyne,2025092206,4.74,45.2,729.65,31.76,8.56,9.74,46.42,0.02
beledweyne,2025092207,4.74,45.2,832.95,34.08,8.23,9.29,39.15,0.05
beledweyne,2025092208,4.74,45.2,961.17,35.75,8.03,9.02,34.39,0.06
beledweyne,2025092209,4.74,45.2,850.17,36.75,7.88,8.82,31.71,0.06
beledweyne,2025092210,4.74,45.2,583.62,37.21,7.7,8.59,30.6,0.08
beledweyne,2025092211,4.74,45.2,450.12,37.08,7.58,8.47,30.67,0.09
beledweyne,2025092212,4.74,45.2,317.42,36.32,7.46,8.41,31.96,0.1
beledweyne,2025092213,4.74,45.2,146.3,34.98,7.36,8.5,34.74,0.11
beledweyne,2025092214,4.74,45.2,27.08,33.36,7.35,8.92,38.97,0.1
beledweyne,2025092215,4.74,45.2,0.0,31.76,7.43,9.64,44.07,0.1
beledweyne,2025092216,4.74,45.2,0.0,30.5,8.45,10.77,49.1,0.12
beledweyne,2025092217,4.74,45.2,0.0,29.16,9.14,11.5,54.61,0.11
beledweyne,2025092218,4.74,45.2,0.0,27.86,9.35,11.66,59.72,0.07
beledweyne,2025092219,4.74,45.2,0.0,26.6,9.18,11.44,64.5,0.04
beledweyne,2025092220,4.74,45.2,0.0,25.51,8.97,11.18,68.87,0.02
beledweyne,2025092221,4.74,45.2,0.0,24.68,8.64,10.8,72.74,0.03
beledweyne,2025092222,4.74,45.2,0.0,24.09,8.34,10.5,75.9,0.05
beledweyne,2025092223,4.74,45.2,0.0,23.73,8.09,10.26,77.66,0.07
beledweyne,2025092300,4.74,45.2,0.0,23.51,7.65,9.75,78.52,0.03
beledweyne,2025092301,4.74,45.2,0.0,23.34,6.99,8.95,79.58,0.02
beledweyne,2025092302,4.74,45.2,0.0,23.19,6.56,8.51,80.86,0.03
beledweyne,2025092303,4.74,45.2,80.47,23.6,6.95,8.79,79.43,0.03
beledweyne,2025092304,4.74,45.2,207.48,25.24,8.08,9.71,70.46,0.01
beledweyne,2025092305,4.74,45.2,354.55,27.38,8.1,9.47,59.18,0.0
beledweyne,2025092306,4.74,45.2,488.42,29.57,7.69,8.88,49.19,0.0
beledweyne,2025092307,4.74,45.2,581.7,31.48,7.33,8.42,42.02,0.0
beledweyne,2025092308,4.74,45.2,662.45,32.89,7.22,8.25,37.71,0.0
beledweyne,2025092309,4.74,45.2,619.22,33.75,7.12,8.12,35.47,0.0
beledweyne,2025092310,4.74,45.2,553.6,34.51,7.0,7.93,33.76,0.01
beledweyne,2025092311,4.74,45.2,515.17,35.02,6.84,7.76,32.57,0.01
beledweyne,2025092312,4.74,45.2,323.58,34.71,6.67,7.61,32.97,0.0
beledweyne,2025092313,4.74,45.2,162.4,33.75,6.6,7.63,34.99,0.0
beledweyne,2025092314,4.74,45.2,31.33,32.26,6.61,8.09,38.96,0.0
beledweyne,2025092315,4.74,45.2,0.0,30.7,6.8,9.02,44.29,0.0
beledweyne,2025092316,4.74,45.2,0.0,29.55,7.73,9.88,49.16,0.0
beledweyne,2025092317,4.74,45.2,0.0,28.36,8.07,10.21,53.75,0.0
beledweyne,2025092318,4.74,45.2,0.0,27.25,8.08,10.15,57.57,0.0
beledweyne,2025092319,4.74,45.2,0.0,26.19,7.97,9.98,61.06,0.0
beledweyne,2025092320,4.74,45.2,0.0,25.26,7.96,9.93,64.26,0.0
beledweyne,2025092321,4.74,45.2,0.0,24.47,7.93,9.9,67.22,0.0
beledweyne,2025092322,4.74,45.2,0.0,23.86,7.91,9.89,69.68,0.0
beledweyne,2025092323,4.74,45.2,0.0,23.38,7.68,9.67,72.14,0.0
beledweyne,2025092400,4.74,45.2,0.0,23.0,7.43,9.48,74.71,0.0
beledweyne,2025092401,4.74,45.2,0.0,22.71,7.16,9.27,76.9,0.0
beledweyne,2025092402,4.74,45.2,0.0,22.52,6.69,8.83,77.94,0.0
beledweyne,2025092403,4.74,45.2,96.5,22.98,6.81,8.7,75.2,0.0
beledweyne,2025092404,4.74,45.2,315.45,25.0,8.02,9.57,63.87,0.0
beledweyne,2025092405,4.74,45.2,565.67,27.68,7.76,8.92,51.5,0.0
beledweyne,2025092406,4.74,45.2,783.12,30.51,7.39,8.39,41.5,0.0
beledweyne,2025092407,4.74,45.2,938.72,33.07,7.0,7.91,34.26,0.0
beledweyne,2025092408,4.74,45.2,984.0,35.12,6.69,7.54,29.18,0.0
beledweyne,2025092409,4.74,45.2,971.95,36.59,6.37,7.15,25.58,0.0
beledweyne,2025092410,4.74,45.2,911.38,37.45,6.06,6.79,23.41,0.0
beledweyne,2025092411,4.74,45.2,748.35,37.47,5.72,6.42,22.66,0.0
beledweyne,2025092412,4.74,45.2,525.95,36.69,5.34,6.03,23.13,0.0
beledweyne,2025092413,4.74,45.2,269.67,35.67,5.09,5.89,24.08,0.0
beledweyne,2025092414,4.74,45.2,44.17,34.26,4.24,6.0,26.13,0.0
beledweyne,2025092415,4.74,45.2,0.0,32.61,3.92,6.69,29.12,0.0
beledweyne,2025092416,4.74,45.2,0.0,31.73,4.78,7.41,31.22,0.0
beledweyne,2025092417,4.74,45.2,0.0,30.49,6.53,9.14,36.41,0.0
beledweyne,2025092418,4.74,45.2,0.0,28.56,8.91,11.31,46.69,0.0
beledweyne,2025092419,4.74,45.2,0.0,26.57,9.55,11.79,57.07,0.0
beledweyne,2025092420,4.74,45.2,0.0,25.29,9.06,11.21,62.62,0.0
beledweyne,2025092421,4.74,45.2,0.0,24.62,8.49,10.59,64.99,0.0
beledweyne,2025092422,4.74,45.2,0.0,24.17,8.11,10.14,66.37,0.0
beledweyne,2025092423,4.74,45.2,0.0,23.72,7.73,9.72,68.13,0.0
beledweyne,2025092500,4.74,45.2,0.0,23.26,7.2,9.15,70.39,0.0
beledweyne,2025092501,4.74,45.2,0.0,22.82,6.65,8.57,73.23,0.0
beledweyne,2025092502,4.74,45.2,0.0,22.39,6.45,8.49,76.53,0.0
beledweyne,2025092503,4.74,45.2,114.53,22.64,7.19,9.11,76.61,0.01
beledweyne,2025092504,4.74,45.2,361.58,24.7,8.84,10.54,66.02,0.0
beledweyne,2025092505,4.74,45.2,610.9,27.54,8.97,10.37,51.45,0.0
beledweyne,2025092506,4.74,45.2,816.8,30.62,8.46,9.63,39.73,0.0
beledweyne,2025092507,4.74,45.2,959.42,33.39,7.94,8.96,31.85,0.0
beledweyne,2025092508,4.74,45.2,1024.97,35.55,7.58,8.51,26.64,0.0
beledweyne,2025092509,4.74,45.2,1015.05,37.01,7.36,8.23,23.07,0.0
beledweyne,2025092510,4.74,45.2,921.38,37.48,7.23,8.11,21.04,0.0
beledweyne,2025092511,4.74,45.2,756.5,37.15,6.98,7.85,20.3,0.0
beledweyne,2025092512,4.74,45.2,534.0,36.39,6.78,7.7,20.38,0.0
beledweyne,2025092513,4.74,45.2,276.38,35.32,6.76,7.91,21.21,0.0
beledweyne,2025092514,4.74,45.2,45.38,33.8,6.22,8.27,23.24,0.0
beledweyne,2025092515,4.74,45.2,0.0,32.0,5.93,8.73,26.94,0.0
beledweyne,2025092516,4.74,45.2,0.0,30.7,6.19,8.74,31.66,0.0
beledweyne,2025092517,4.74,45.2,0.0,29.27,6.53,9.09,39.09,0.0
beledweyne,2025092518,4.74,45.2,0.0,27.74,7.48,9.88,49.97,0.0
beledweyne,2025092519,4.74,45.2,0.0,26.19,8.02,10.18,61.4,0.0
beledweyne,2025092520,4.74,45.2,0.0,24.97,8.01,10.1,69.56,0.0
beledweyne,2025092521,4.74,45.2,0.0,24.09,7.71,9.68,74.72,0.0
beledweyne,2025092522,4.74,45.2,0.0,23.48,7.47,9.45,78.02,0.0
beledweyne,2025092523,4.74,45.2,0.0,23.13,7.25,9.2,79.68,0.0
beledweyne,2025092600,4.74,45.2,0.0,22.92,7.24,9.2,80.34,0.0
beledweyne,2025092601,4.74,45.2,0.0,22.73,7.16,9.13,80.98,0.0
beledweyne,2025092602,4.74,45.2,0.0,22.53,7.08,9.1,81.74,0.01
beledweyne,2025092603,4.74,45.2,120.43,22.77,7.56,9.48,79.66,0.0
beledweyne,2025092604,4.74,45.2,370.0,24.38,8.31,9.9,69.44,0.0
beledweyne,2025092605,4.74,45.2,617.85,26.97,8.46,9.82,55.78,0.0
beledweyne,2025092606,4.74,45.2,822.62,30.13,8.31,9.49,43.17,0.0
beledweyne,2025092607,4.74,45.2,963.67,32.99,8.07,9.14,34.05,0.0
beledweyne,2025092608,4.74,45.2,1028.5,35.21,7.87,8.9,27.76,0.0
beledweyne,2025092609,4.74,45.2,980.88,36.77,7.67,8.65,23.8,0.0
beledweyne,2025092610,4.74,45.2,858.55,37.72,7.44,8.4,21.55,0.0
beledweyne,2025092611,4.74,45.2,736.12,38.06,7.2,8.15,20.64,0.0
beledweyne,2025092612,4.74,45.2,510.75,37.83,6.9,7.85,20.68,0.0
beledweyne,2025092613,4.74,45.2,256.35,36.93,6.57,7.6,21.54,0.0
beledweyne,2025092614,4.74,45.2,39.7,35.09,5.42,7.39,23.84,0.0
beledweyne,2025092615,4.74,45.2,0.0,32.17,4.09,7.97,28.41,0.0
beledweyne,2025092616,4.74,45.2,0.0,31.57,5.45,8.67,29.95,0.0
beledweyne,2025092617,4.74,45.2,0.0,30.27,6.46,9.01,34.63,0.0
beledweyne,2025092618,4.74,45.2,0.0,28.31,7.86,10.24,43.88,0.0
beledweyne,2025092619,4.74,45.2,0.0,26.38,8.65,10.85,55.2,0.0
beledweyne,2025092620,4.74,45.2,0.0,25.09,8.59,10.64,63.17,0.0
beledweyne,2025092621,4.74,45.2,0.0,24.4,8.26,10.3,67.2,0.0
beledweyne,2025092622,4.74,45.2,0.0,23.94,8.01,10.06,69.98,0.0
beledweyne,2025092623,4.74,45.2,0.0,23.52,7.84,9.9,72.71,0.0
beledweyne,2025092700,4.74,45.2,0.0,23.15,7.77,9.83,75.24,0.0
beledweyne,2025092701,4.74,45.2,0.0,22.85,7.74,9.85,77.38,0.0
beledweyne,2025092702,4.74,45.2,0.0,22.63,7.6,9.72,78.97,0.0
beledweyne,2025092703,4.74,45.2,101.2,22.97,7.96,10.0,77.59,0.0
beledweyne,2025092704,4.74,45.2,299.3,24.99,8.78,10.45,66.87,0.0
beledweyne,2025092705,4.74,45.2,496.73,27.85,8.68,10.05,53.15,0.0
beledweyne,2025092706,4.74,45.2,601.25,30.91,8.26,9.43,41.88,0.0
beledweyne,2025092707,4.74,45.2,593.5,33.69,7.9,8.97,33.94,0.0
beledweyne,2025092708,4.74,45.2,705.33,35.86,7.65,8.63,28.43,0.0
beledweyne,2025092709,4.74,45.2,678.08,37.36,7.31,8.22,24.61,0.0
beledweyne,2025092710,4.74,45.2,644.15,38.18,6.94,7.78,22.36,0.0
beledweyne,2025092711,4.74,45.2,525.7,38.3,6.75,7.57,21.32,0.0
beledweyne,2025092712,4.74,45.2,340.15,38.01,6.79,7.68,20.98,0.0
beledweyne,2025092713,4.74,45.2,175.18,36.95,6.71,7.76,21.7,0.0
beledweyne,2025092714,4.74,45.2,32.05,35.2,5.93,7.85,23.63,0.0
beledweyne,2025092715,4.74,45.2,0.0,33.12,5.3,8.54,26.61,0.0
beledweyne,2025092716,4.74,45.2,0.0,31.92,6.4,9.06,29.28,0.0
beledweyne,2025092717,4.74,45.2,0.0,30.23,7.11,9.37,35.71,0.0
beledweyne,2025092718,4.74,45.2,0.0,28.13,8.49,10.82,47.69,0.0
beledweyne,2025092719,4.74,45.2,0.0,26.2,9.16,11.47,60.48,0.0
beledweyne,2025092720,4.74,45.2,0.0,25.13,9.02,11.24,66.08,0.0
beledweyne,2025092721,4.74,45.2,0.0,24.4,8.81,11.07,68.9,0.0
beledweyne,2025092722,4.74,45.2,0.0,23.8,8.59,10.84,70.86,0.0
beledweyne,2025092723,4.74,45.2,0.0,23.28,8.16,10.37,72.58,0.0
beledweyne,2025092800,4.74,45.2,0.0,22.88,7.76,9.97,74.12,0.0
beledweyne,2025092801,4.74,45.2,0.0,22.51,7.23,9.42,76.32,0.0
beledweyne,2025092802,4.74,45.2,0.0,22.17,6.45,8.56,79.37,0.03
beledweyne,2025092803,4.74,45.2,85.45,22.58,6.26,7.98,79.18,0.02
beledweyne,2025092804,4.74,45.2,248.38,24.58,7.12,8.6,69.9,0.01
beledweyne,2025092805,4.74,45.2,422.35,26.85,7.37,8.68,59.1,0.0
beledweyne,2025092806,4.74,45.2,556.45,29.1,7.3,8.46,49.67,0.0
beledweyne,2025092807,4.74,45.2,684.35,31.07,7.11,8.23,42.48,0.0
beledweyne,2025092808,4.74,45.2,743.58,32.42,6.96,8.07,37.8,0.0
beledweyne,2025092809,4.74,45.2,744.5,33.23,6.74,7.82,34.71,0.0
beledweyne,2025092810,4.74,45.2,610.8,33.87,6.52,7.55,32.22,0.01
beledweyne,2025092811,4.74,45.2,436.42,34.25,6.3,7.3,30.51,0.01
beledweyne,2025092812,4.74,45.2,268.45,34.19,5.98,6.95,29.91,0.01
beledweyne,2025092813,4.74,45.2,132.82,33.6,5.4,6.39,30.41,0.01
beledweyne,2025092814,4.74,45.2,19.83,32.44,3.9,5.66,32.33,0.0
beledweyne,2025092815,4.74,45.2,0.0,30.54,2.46,5.28,36.56,0.0
beledweyne,2025092816,4.74,45.2,0.0,30.11,3.28,5.98,38.98,0.0
beledweyne,2025092817,4.74,45.2,0.0,29.4,4.95,7.43,43.76,0.0
beledweyne,2025092818,4.74,45.2,0.0,28.25,5.7,8.32,50.6,0.0
beledweyne,2025092819,4.74,45.2,0.0,27.13,7.03,9.53,57.79,0.0
beledweyne,2025092820,4.74,45.2,0.0,25.95,7.41,9.56,65.18,0.0
beledweyne,2025092821,4.74,45.2,0.0,25.09,6.93,8.88,70.41,0.0
beledweyne,2025092822,4.74,45.2,0.0,24.52,6.49,8.4,74.33,0.0
beledweyne,2025092823,4.74,45.2,0.0,24.11,6.27,8.15,77.87,0.0
beledweyne,2025092900,4.74,45.2,0.0,23.8,6.18,8.11,81.03,0.0
beledweyne,2025092901,4.74,45.2,0.0,23.61,5.96,7.94,83.1,0.01
beledweyne,2025092902,4.74,45.2,0.0,23.46,5.64,7.67,84.6,0.01
beledweyne,2025092903,4.74,45.2,95.03,23.91,6.05,7.73,82.76,0.01
beledweyne,2025092904,4.74,45.2,288.5,26.11,7.31,8.66,70.84,0.01
beledweyne,2025092905,4.74,45.2,486.52,28.92,7.43,8.49,56.94,0.02
beledweyne,2025092906,4.74,45.2,777.25,31.73,6.99,7.88,46.12,0.03
beledweyne,2025092907,4.74,45.2,945.0,34.14,6.39,7.16,38.6,0.05
beledweyne,2025092908,4.74,45.2,1005.95,35.96,5.99,6.68,33.55,0.08
beledweyne,2025092909,4.74,45.2,979.72,36.99,5.77,6.41,30.8,0.1
beledweyne,2025092910,4.74,45.2,764.88,37.04,5.59,6.19,30.29,0.08
beledweyne,2025092911,4.74,45.2,676.3,36.66,5.4,6.0,30.72,0.05
beledweyne,2025092912,4.74,45.2,425.8,36.05,5.18,5.81,31.78,0.04
beledweyne,2025092913,4.74,45.2,208.07,35.11,5.0,5.73,33.47,0.03
beledweyne,2025092914,4.74,45.2,32.5,33.87,4.42,5.65,35.91,0.02
beledweyne,2025092915,4.74,45.2,0.0,32.33,3.18,5.9,39.64,0.03
beledweyne,2025092916,4.74,45.2,0.0,31.69,4.12,6.76,41.3,0.02
beledweyne,2025092917,4.74,45.2,0.0,30.86,5.76,7.9,43.5,0.01
beledweyne,2025092918,4.74,45.2,0.0,29.3,6.74,8.64,48.63,0.0
beledweyne,2025092919,4.74,45.2,0.0,27.5,7.26,9.11,56.07,0.0
beledweyne,2025092920,4.74,45.2,0.0,26.04,7.41,9.17,63.44,0.0
beledweyne,2025092921,4.74,45.2,0.0,24.96,7.08,8.75,69.86,0.0
beledweyne,2025092922,4.74,45.2,0.0,24.15,6.71,8.35,75.09,0.0
beledweyne,2025092923,4.74,45.2,0.0,23.59,6.27,7.84,78.65,0.0
beledweyne,2025093000,4.74,45.2,0.0,23.19,5.76,7.3,80.96,0.0
beledweyne,2025093001,4.74,45.2,0.0,22.93,5.53,7.1,82.45,0.0
beledweyne,2025093002,4.74,45.2,0.0,22.73,5.53,7.15,83.67,0.0
beledweyne,2025093003,4.74,45.2,115.82,23.13,6.19,7.68,81.63,0.0
beledweyne,2025093004,4.74,45.2,357.83,25.28,7.03,8.21,69.16,0.0
beledweyne,2025093005,4.74,45.2,602.8,28.26,6.98,7.92,54.26,0.0
beledweyne,2025093006,4.74,45.2,805.97,31.42,6.5,7.23,42.71,0.0
beledweyne,2025093007,4.74,45.2,945.33,34.33,5.88,6.49,34.6,0.0
beledweyne,2025093008,4.74,45.2,1008.38,36.52,5.47,6.06,29.59,0.0
beledweyne,2025093009,4.74,45.2,997.0,37.96,5.21,5.75,26.74,0.0
beledweyne,2025093010,4.74,45.2,907.22,38.67,4.92,5.39,25.3,0.0
beledweyne,2025093011,4.74,45.2,728.72,38.67,4.78,5.22,24.9,0.0
beledweyne,2025093012,4.74,45.2,497.92,37.89,4.93,5.43,25.73,0.0
beledweyne,2025093013,4.74,45.2,239.1,36.64,5.26,5.96,27.37,0.0
beledweyne,2025093014,4.74,45.2,35.8,35.25,5.19,6.55,29.29,0.0
beledweyne,2025093015,4.74,45.2,0.0,33.74,4.81,7.29,31.4,0.0
beledweyne,2025093016,4.74,45.2,0.0,32.69,5.92,8.17,33.24,0.0
beledweyne,2025093017,4.74,45.2,0.0,31.0,7.25,9.32,39.5,0.0
beledweyne,2025093018,4.74,45.2,0.0,28.93,8.22,10.28,49.88,0.0
beledweyne,2025093019,4.74,45.2,0.0,27.25,8.17,10.09,58.92,0.0
beledweyne,2025093020,4.74,45.2,0.0,26.18,7.63,9.45,64.41,0.0
beledweyne,2025093021,4.74,45.2,0.0,25.46,7.28,9.07,67.41,0.0
beledweyne,2025093022,4.74,45.2,0.0,24.84,7.08,8.85,70.11,0.0
beledweyne,2025093023,4.74,45.2,0.0,24.25,7.08,8.91,73.18,0.0
beledweyne,2025100100,4.74,45.2,0.0,23.69,7.08,8.97,76.76,0.0
beledweyne,2025100101,4.74,45.2,0.0,23.22,6.86,8.73,80.4,0.0
beledweyne,2025100102,4.74,45.2,0.0,22.98,6.9,8.88,83.01,0.0
beledweyne,2025100103,4.74,45.2,65.53,23.45,7.55,9.5,81.39,0.0
beledweyne,2025100104,4.74,45.2,197.32,25.48,8.49,10.1,68.99,0.0
beledweyne,2025100105,4.74,45.2,354.52,28.24,8.53,9.89,54.31,0.0
beledweyne,2025100106,4.74,45.2,504.67,31.1,7.95,9.05,43.49,0.01
beledweyne,2025100107,4.74,45.2,697.8,33.55,7.22,8.14,36.34,0.09
beledweyne,2025100108,4.74,45.2,820.67,35.2,6.68,7.49,32.21,0.19
beledweyne,2025100109,4.74,45.2,853.03,36.26,6.34,7.11,29.7,0.13
beledweyne,2025100110,4.74,45.2,811.12,37.18,6.13,6.88,27.67,0.11
beledweyne,2025100111,4.74,45.2,614.22,37.38,5.9,6.67,26.98,0.12
beledweyne,2025100112,4.74,45.2,475.05,36.74,5.67,6.49,27.78,0.11
beledweyne,2025100113,4.74,45.2,236.75,35.76,5.4,6.35,29.28,0.07
beledweyne,2025100114,4.74,45.2,33.58,34.32,4.24,6.07,31.96,0.03
beledweyne,2025100115,4.74,45.2,0.0,32.78,2.85,5.77,35.42,0.0
beledweyne,2025100116,4.74,45.2,0.0,32.11,3.26,5.99,36.69,0.0
beledweyne,2025100117,4.74,45.2,0.0,31.3,4.9,7.08,38.99,0.0
beledweyne,2025100118,4.74,45.2,0.0,29.83,6.31,8.16,45.64,0.0
beledweyne,2025100119,4.74,45.2,0.0,28.05,7.31,9.05,54.97,0.0
beledweyne,2025100120,4.74,45.2,0.0,26.46,7.72,9.55,63.81,0.0
beledweyne,2025100121,4.74,45.2,0.0,25.27,7.69,9.54,70.44,0.0
beledweyne,2025100122,4.74,45.2,0.0,24.52,7.48,9.36,74.22,0.0
beledweyne,2025100123,4.74,45.2,0.0,24.07,7.17,9.05,76.13,0.0
beledweyne,2025100200,4.74,45.2,0.0,23.73,6.88,8.76,77.56,0.01
beledweyne,2025100201,4.74,45.2,0.0,23.4,6.62,8.5,79.11,0.01
beledweyne,2025100202,4.74,45.2,0.0,23.08,6.5,8.39,80.5,0.01
beledweyne,2025100203,4.74,45.2,99.82,23.3,7.15,8.98,78.85,0.01
beledweyne,2025100204,4.74,45.2,307.17,25.27,8.31,9.85,67.19,0.01
beledweyne,2025100205,4.74,45.2,521.28,28.02,8.31,9.57,53.11,0.01
beledweyne,2025100206,4.74,45.2,729.67,30.95,7.83,8.89,42.29,0.01
beledweyne,2025100207,4.74,45.2,849.35,33.71,7.31,8.21,34.99,0.01
beledweyne,2025100208,4.74,45.2,991.03,35.87,6.86,7.67,30.37,0.01
beledweyne,2025100209,4.74,45.2,934.58,37.35,6.48,7.23,27.24,0.01
beledweyne,2025100210,4.74,45.2,835.75,38.24,6.09,6.79,25.21,0.0
beledweyne,2025100211,4.74,45.2,703.3,38.36,5.61,6.26,24.36,0.0
beledweyne,2025100212,4.74,45.2,479.33,37.97,5.2,5.82,24.34,0.0
beledweyne,2025100213,4.74,45.2,230.25,36.88,5.01,5.71,25.4,0.0
beledweyne,2025100214,4.74,45.2,31.6,35.33,4.43,6.04,27.45,0.0
beledweyne,2025100215,4.74,45.2,0.0,33.69,4.25,7.06,30.06,0.0
beledweyne,2025100216,4.74,45.2,0.0,32.89,5.58,8.08,31.0,0.0
beledweyne,2025100217,4.74,45.2,0.0,31.43,6.94,9.26,34.64,0.0
beledweyne,2025100218,4.74,45.2,0.0,29.13,8.62,10.93,44.77,0.0
beledweyne,2025100219,4.74,45.2,0.0,26.82,8.98,11.16,58.61,0.0
beledweyne,2025100220,4.74,45.2,0.0,25.28,8.52,10.65,69.46,0.0
beledweyne,2025100221,4.74,45.2,0.0,24.52,8.05,10.11,74.64,0.0
beledweyne,2025100222,4.74,45.2,0.0,24.02,7.63,9.64,77.41,0.0
beledweyne,2025100223,4.74,45.2,0.0,23.57,7.45,9.51,79.75,0.0
beledweyne,2025100300,4.74,45.2,0.0,23.19,7.26,9.29,82.14,0.0
beledweyne,2025100301,4.74,45.2,0.0,22.88,6.89,8.89,84.64,0.0
beledweyne,2025100302,4.74,45.2,0.0,22.66,6.55,8.55,86.63,0.0
beledweyne,2025100303,4.74,45.2,77.38,23.06,6.79,8.65,84.64,0.0
beledweyne,2025100304,4.74,45.2,230.02,25.25,7.78,9.26,70.91,0.0
beledweyne,2025100305,4.74,45.2,404.0,28.15,7.58,8.77,54.48,0.0
beledweyne,2025100306,4.74,45.2,632.62,31.04,6.99,7.96,42.16,0.01
beledweyne,2025100307,4.74,45.2,835.67,33.19,6.25,7.08,34.8,0.01
beledweyne,2025100308,4.74,45.2,983.6,34.27,5.46,6.22,31.52,0.02
beledweyne,2025100309,4.74,45.2,958.97,34.43,4.66,5.38,30.95,0.01
beledweyne,2025100310,4.74,45.2,812.78,34.22,3.9,4.57,31.46,0.01
beledweyne,2025100311,4.74,45.2,673.92,33.68,3.27,3.88,32.91,0.01
beledweyne,2025100312,4.74,45.2,471.05,33.08,2.97,3.55,34.62,0.01
beledweyne,2025100313,4.74,45.2,223.32,32.58,2.92,3.58,36.05,0.01
beledweyne,2025100314,4.74,45.2,30.08,31.55,1.91,3.51,39.09,0.01
beledweyne,2025100315,4.74,45.2,0.0,30.39,1.7,3.55,42.47,0.0
beledweyne,2025100316,4.74,45.2,0.0,29.87,2.27,4.54,44.32,0.0
beledweyne,2025100317,4.74,45.2,0.0,29.3,3.99,5.97,46.26,0.0
beledweyne,2025100318,4.74,45.2,0.0,28.41,5.58,7.57,49.77,0.0
beledweyne,2025100319,4.74,45.2,0.0,27.16,6.85,8.85,56.21,0.0
beledweyne,2025100320,4.74,45.2,0.0,25.96,7.02,8.94,63.45,0.0
beledweyne,2025100321,4.74,45.2,0.0,25.12,6.87,8.69,69.26,0.0
beledweyne,2025100322,4.74,45.2,0.0,24.6,6.44,8.23,73.15,0.0
beledweyne,2025100323,4.74,45.2,0.0,24.26,6.11,7.94,75.86,0.0
beledweyne,2025100400,4.74,45.2,0.0,23.97,5.95,7.84,78.2,0.0
beledweyne,2025100401,4.74,45.2,0.0,23.68,6.07,8.02,80.57,0.0
beledweyne,2025100402,4.74,45.2,0.0,23.48,6.17,8.19,82.29,0.01
beledweyne,2025100403,4.74,45.2,80.12,23.86,6.61,8.51,80.18,0.0
beledweyne,2025100404,4.74,45.2,247.93,25.7,6.88,8.19,69.05,0.0
beledweyne,2025100405,4.74,45.2,463.4,27.54,5.82,6.75,57.5,0.0
beledweyne,2025100406,4.74,45.2,674.33,29.31,4.55,5.23,47.77,0.0
beledweyne,2025100407,4.74,45.2,805.5,30.91,3.61,4.2,40.09,0.0
beledweyne,2025100408,4.74,45.2,922.45,32.56,3.38,3.95,33.84,0.02
beledweyne,2025100409,4.74,45.2,908.17,34.01,3.61,4.16,29.61,0.02
beledweyne,2025100410,4.74,45.2,585.7,35.08,3.87,4.42,27.18,0.02
beledweyne,2025100411,4.74,45.2,649.05,35.67,3.97,4.52,25.97,0.01
beledweyne,2025100412,4.74,45.2,353.98,35.56,3.96,4.5,25.95,0.01
beledweyne,2025100413,4.74,45.2,169.95,34.79,3.8,4.39,27.03,0.01
beledweyne,2025100414,4.74,45.2,24.58,33.29,2.59,4.18,30.19,0.01
beledweyne,2025100415,4.74,45.2,0.0,31.45,2.11,4.24,34.66,0.01
beledweyne,2025100416,4.74,45.2,0.0,30.91,2.51,5.26,35.94,0.0
beledweyne,2025100417,4.74,45.2,0.0,30.48,4.32,7.32,37.9,0.0
beledweyne,2025100418,4.74,45.2,0.0,29.46,6.44,8.98,44.17,0.0
beledweyne,2025100419,4.74,45.2,0.0,27.61,7.62,9.8,55.82,0.0
beledweyne,2025100420,4.74,45.2,0.0,26.13,7.4,9.38,65.95,0.0
beledweyne,2025100421,4.74,45.2,0.0,25.24,7.08,8.99,71.55,0.0
beledweyne,2025100422,4.74,45.2,0.0,24.7,6.86,8.77,74.88,0.0
beledweyne,2025100423,4.74,45.2,0.0,24.25,6.64,8.55,78.12,0.0
beledweyne,2025100500,4.74,45.2,0.0,23.93,6.25,8.07,80.78,0.0
beledweyne,2025100501,4.74,45.2,0.0,23.75,5.93,7.82,82.38,0.0
beledweyne,2025100502,4.74,45.2,0.0,23.65,5.7,7.62,83.15,0.0
beledweyne,2025100503,4.74,45.2,98.45,24.06,5.96,7.62,80.74,0.0
beledweyne,2025100504,4.74,45.2,306.38,26.01,6.84,8.09,69.36,0.0
beledweyne,2025100505,4.74,45.2,541.15,28.67,6.77,7.76,55.03,0.0
beledweyne,2025100506,4.74,45.2,656.62,31.47,6.44,7.25,42.85,0.0
beledweyne,2025100507,4.74,45.2,747.45,33.8,6.06,6.77,35.17,0.0
beledweyne,2025100508,4.74,45.2,802.8,35.51,5.75,6.4,30.71,0.0
beledweyne,2025100509,4.74,45.2,664.15,36.61,5.42,6.02,28.42,0.0
beledweyne,2025100510,4.74,45.2,591.5,37.05,5.02,5.56,27.63,0.0
beledweyne,2025100511,4.74,45.2,455.77,36.88,4.65,5.17,27.87,0.01
beledweyne,2025100512,4.74,45.2,301.3,36.19,4.39,4.92,29.08,0.01
beledweyne,2025100513,4.74,45.2,137.57,35.15,4.38,5.01,31.28,0.01
beledweyne,2025100514,4.74,45.2,19.05,33.76,4.46,5.58,34.69,0.01
beledweyne,2025100515,4.74,45.2,0.0,32.38,4.57,6.62,38.56,0.0
beledweyne,2025100516,4.74,45.2,0.0,31.45,5.85,7.74,41.82,0.0
beledweyne,2025100517,4.74,45.2,0.0,30.32,6.69,8.5,45.83,0.0
beledweyne,2025100518,4.74,45.2,0.0,29.15,7.17,9.01,49.91,0.0
beledweyne,2025100519,4.74,45.2,0.0,28.0,7.27,9.03,54.12,0.0
beledweyne,2025100520,4.74,45.2,0.0,26.88,7.28,8.95,58.93,0.0
beledweyne,2025100521,4.74,45.2,0.0,25.84,7.37,9.05,64.44,0.0
beledweyne,2025100522,4.74,45.2,0.0,24.91,7.46,9.18,70.28,0.0
beledweyne,2025100523,4.74,45.2,0.0,24.3,7.31,9.07,74.59,0.0
beledweyne,2025100600,4.74,45.2,0.0,24.0,6.86,8.61,76.68,0.0
beledweyne,2025100601,4.74,45.2,0.0,23.85,6.34,8.0,77.59,0.0
beledweyne,2025100602,4.74,45.2,0.0,23.64,5.84,7.37,78.8,0.0
beledweyne,2025100603,4.74,45.2,98.05,23.76,5.8,7.21,78.57,0.0
beledweyne,2025100604,4.74,45.2,319.62,24.87,6.24,7.42,71.55,0.0
beledweyne,2025100605,4.74,45.2,572.0,26.25,6.03,7.03,62.04,0.0
beledweyne,2025100606,4.74,45.2,772.8,27.65,5.41,6.27,53.42,0.0
beledweyne,2025100607,4.74,45.2,913.35,28.94,4.67,5.43,46.96,0.0
beledweyne,2025100608,4.74,45.2,984.78,30.0,4.02,4.74,43.0,0.0
beledweyne,2025100609,4.74,45.2,829.88,30.79,3.43,4.07,40.95,0.0
beledweyne,2025100610,4.74,45.2,480.27,31.34,2.83,3.4,39.92,0.0
beledweyne,2025100611,4.74,45.2,232.2,31.8,2.34,2.83,39.06,0.0
beledweyne,2025100612,4.74,45.2,248.02,31.78,1.9,2.31,39.29,0.0
beledweyne,2025100613,4.74,45.2,114.25,31.49,1.64,2.01,40.21,0.0
beledweyne,2025100614,4.74,45.2,15.1,30.67,1.67,2.12,42.71,0.0
beledweyne,2025100615,4.74,45.2,0.0,29.27,1.48,2.91,47.1,0.0
beledweyne,2025100616,4.74,45.2,0.0,28.82,2.36,4.22,49.16,0.0
beledweyne,2025100617,4.74,45.2,0.0,28.45,3.36,5.46,50.86,0.0
beledweyne,2025100618,4.74,45.2,0.0,28.05,4.6,6.99,51.97,0.0
beledweyne,2025100619,4.74,45.2,0.0,27.42,6.06,8.17,53.33,0.0
beledweyne,2025100620,4.74,45.2,0.0,26.4,6.49,8.42,56.85,0.0
beledweyne,2025100621,4.74,45.2,0.0,25.41,6.55,8.38,62.6,0.0
beledweyne,2025100622,4.74,45.2,0.0,24.69,6.22,7.86,69.19,0.0
beledweyne,2025100623,4.74,45.2,0.0,24.28,5.78,7.34,74.51,0.0
beledweyne,2025100700,4.74,45.2,0.0,23.95,5.3,6.85,78.65,0.0
beledweyne,2025100701,4.74,45.2,0.0,23.6,4.98,6.58,82.22,0.01
beledweyne,2025100702,4.74,45.2,0.0,23.25,4.86,6.52,85.05,0.01
beledweyne,2025100703,4.74,45.2,92.68,23.46,5.36,6.82,84.35,0.01
beledweyne,2025100704,4.74,45.2,280.6,25.39,6.43,7.55,73.04,0.01
beledweyne,2025100705,4.74,45.2,493.38,28.26,6.37,7.25,57.23,0.01
beledweyne,2025100706,4.74,45.2,701.33,31.28,5.9,6.61,43.66,0.01
beledweyne,2025100707,4.74,45.2,918.97,33.77,5.38,5.97,34.31,0.01
beledweyne,2025100708,4.74,45.2,996.67,35.1,5.0,5.53,29.83,0.03
beledweyne,2025100709,4.74,45.2,944.95,35.42,4.71,5.23,28.62,0.04
beledweyne,2025100710,4.74,45.2,760.65,35.61,4.49,5.0,28.35,0.05
beledweyne,2025100711,4.74,45.2,592.95,35.47,4.3,4.81,28.9,0.04
beledweyne,2025100712,4.74,45.2,386.42,34.7,4.15,4.71,30.82,0.03
beledweyne,2025100713,4.74,45.2,189.23,33.83,4.23,4.89,33.2,0.02
beledweyne,2025100714,4.74,45.2,25.62,32.7,3.99,5.25,36.36,0.0
beledweyne,2025100715,4.74,45.2,0.0,31.49,3.69,6.05,39.77,0.0
beledweyne,2025100716,4.74,45.2,0.0,30.96,4.64,6.83,41.4,0.0
beledweyne,2025100717,4.74,45.2,0.0,30.17,5.48,7.53,43.52,0.0
beledweyne,2025100718,4.74,45.2,0.0,28.87,6.68,8.85,47.8,0.0
beledweyne,2025100719,4.74,45.2,0.0,27.31,7.19,9.23,54.83,0.0
beledweyne,2025100720,4.74,45.2,0.0,25.96,7.0,8.84,62.96,0.0
beledweyne,2025100721,4.74,45.2,0.0,25.01,6.69,8.39,70.19,0.0
beledweyne,2025100722,4.74,45.2,0.0,24.31,6.34,7.98,76.26,0.0
beledweyne,2025100723,4.74,45.2,0.0,23.88,6.0,7.58,80.02,0.0
beledweyne,2025100800,4.74,45.2,0.0,23.61,5.64,7.25,82.09,0.0
beledweyne,2025100801,4.74,45.2,0.0,23.42,5.47,7.22,83.07,0.0
beledweyne,2025100802,4.74,45.2,0.0,23.31,5.34,7.19,83.57,0.01
beledweyne,2025100803,4.74,45.2,98.35,23.69,5.74,7.35,81.96,0.01
beledweyne,2025100804,4.74,45.2,296.73,25.66,6.68,7.93,72.15,0.0
beledweyne,2025100805,4.74,45.2,513.4,28.39,6.76,7.77,59.35,0.0
beledweyne,2025100806,4.74,45.2,754.7,31.21,6.47,7.29,47.48,0.0
beledweyne,2025100807,4.74,45.2,917.03,33.64,6.08,6.78,38.48,0.0
beledweyne,2025100808,4.74,45.2,979.33,35.47,5.75,6.36,32.44,0.0
beledweyne,2025100809,4.74,45.2,916.7,36.58,5.41,5.95,29.19,0.0
beledweyne,2025100810,4.74,45.2,731.12,36.94,5.11,5.59,28.02,0.0
beledweyne,2025100811,4.74,45.2,568.3,36.76,4.97,5.4,28.1,0.0
beledweyne,2025100812,4.74,45.2,386.0,36.07,4.93,5.43,29.35,0.0
beledweyne,2025100813,4.74,45.2,184.32,34.95,5.07,5.73,31.81,0.01
beledweyne,2025100814,4.74,45.2,24.85,33.57,5.23,6.47,35.41,0.01
beledweyne,2025100815,4.74,45.2,0.0,32.11,5.35,7.59,39.83,0.01
beledweyne,2025100816,4.74,45.2,0.0,31.07,6.49,8.75,44.01,0.01
beledweyne,2025100817,4.74,45.2,0.0,29.8,7.71,9.94,49.67,0.01
beledweyne,2025100818,4.74,45.2,0.0,28.29,8.35,10.62,56.57,0.0
beledweyne,2025100819,4.74,45.2,0.0,26.95,7.91,9.98,62.77,0.0
beledweyne,2025100820,4.74,45.2,0.0,25.98,7.22,9.09,67.61,0.0
beledweyne,2025100821,4.74,45.2,0.0,25.23,6.58,8.3,72.09,0.0
beledweyne,2025100822,4.74,45.2,0.0,24.67,6.15,7.76,76.05,0.0
beledweyne,2025100823,4.74,45.2,0.0,24.32,6.05,7.64,78.78,0.0
beledweyne,2025100900,4.74,45.2,0.0,24.1,5.88,7.46,80.52,0.0
beledweyne,2025100901,4.74,45.2,0.0,23.9,5.59,7.15,81.85,0.0
beledweyne,2025100902,4.74,45.2,0.0,23.71,5.23,6.79,83.01,0.01
beledweyne,2025100903,4.74,45.2,103.8,23.99,5.49,6.96,81.54,0.01
beledweyne,2025100904,4.74,45.2,298.65,25.78,6.33,7.46,70.75,0.0
beledweyne,2025100905,4.74,45.2,499.67,28.3,6.29,7.23,57.72,0.0
beledweyne,2025100906,4.74,45.2,785.17,31.13,5.94,6.73,45.92,0.0
beledweyne,2025100907,4.74,45.2,928.08,33.65,5.51,6.18,37.18,0.0
beledweyne,2025100908,4.74,45.2,998.22,35.6,5.16,5.75,31.48,0.0
beledweyne,2025100909,4.74,45.2,971.3,36.97,4.81,5.3,28.0,0.01
beledweyne,2025100910,4.74,45.2,794.8,37.67,4.49,4.9,26.33,0.01
beledweyne,2025100911,4.74,45.2,605.3,37.62,4.33,4.68,26.0,0.01
beledweyne,2025100912,4.74,45.2,387.85,36.84,4.41,4.8,27.01,0.01
beledweyne,2025100913,4.74,45.2,182.12,35.63,4.76,5.32,29.11,0.01
beledweyne,2025100914,4.74,45.2,24.3,34.15,5.05,6.18,32.1,0.0
beledweyne,2025100915,4.74,45.2,0.0,32.74,5.2,7.37,35.61,0.0
beledweyne,2025100916,4.74,45.2,0.0,31.8,6.38,8.53,38.87,0.0
beledweyne,2025100917,4.74,45.2,0.0,30.56,7.33,9.46,43.79,0.0
beledweyne,2025100918,4.74,45.2,0.0,28.94,8.07,10.28,50.77,0.0
beledweyne,2025100919,4.74,45.2,0.0,27.37,8.32,10.5,58.41,0.0
beledweyne,2025100920,4.74,45.2,0.0,26.15,7.89,9.91,64.94,0.0
beledweyne,2025100921,4.74,45.2,0.0,25.2,7.3,9.18,70.51,0.0
beledweyne,2025100922,4.74,45.2,0.0,24.48,6.72,8.45,75.15,0.0
beledweyne,2025100923,4.74,45.2,0.0,23.91,6.13,7.75,79.33,0.01
beledweyne,2025101000,4.74,45.2,0.0,23.62,5.78,7.33,82.3,0.02
beledweyne,2025101001,4.74,45.2,0.0,23.45,5.48,6.95,83.94,0.03
beledweyne,2025101002,4.74,45.2,0.0,23.32,4.9,6.27,85.3,0.05
beledweyne,2025101003,4.74,45.2,106.32,23.67,5.19,6.53,83.51,0.06
beledweyne,2025101004,4.74,45.2,310.88,25.37,5.99,7.07,73.17,0.06
beledweyne,2025101005,4.74,45.2,512.35,27.81,5.99,6.88,59.98,0.06
beledweyne,2025101006,4.74,45.2,730.3,30.63,5.6,6.34,47.78,0.06
beledweyne,2025101007,4.74,45.2,909.33,33.18,5.07,5.68,38.96,0.05
beledweyne,2025101008,4.74,45.2,973.97,35.23,4.65,5.19,33.19,0.05
beledweyne,2025101009,4.74,45.2,828.35,36.51,4.25,4.72,30.0,0.03
beledweyne,2025101010,4.74,45.2,702.15,36.95,3.68,4.06,28.61,0.03
beledweyne,2025101011,4.74,45.2,579.55,36.89,3.2,3.53,28.21,0.03
beledweyne,2025101012,4.74,45.2,369.9,36.15,2.96,3.29,29.11,0.03
beledweyne,2025101013,4.74,45.2,161.2,35.22,3.01,3.37,30.7,0.03
beledweyne,2025101014,4.74,45.2,17.83,33.93,3.05,3.81,33.4,0.02
beledweyne,2025101015,4.74,45.2,0.0,32.48,2.99,4.84,37.55,0.01
beledweyne,2025101016,4.74,45.2,0.0,31.57,3.95,5.76,41.36,0.03
beledweyne,2025101017,4.74,45.2,0.0,30.46,4.94,6.65,46.33,0.03
beledweyne,2025101018,4.74,45.2,0.0,29.2,6.23,7.96,52.17,0.03
beledweyne,2025101019,4.74,45.2,0.0,28.04,6.71,8.42,57.83,0.01
beledweyne,2025101020,4.74,45.2,0.0,27.04,6.69,8.28,62.9,0.01
beledweyne,2025101021,4.74,45.2,0.0,26.15,6.54,8.05,67.36,0.0
beledweyne,2025101022,4.74,45.2,0.0,25.45,6.39,7.83,71.04,0.01
beledweyne,2025101023,4.74,45.2,0.0,24.92,6.23,7.67,74.34,0.01
beledweyne,2025101100,4.74,45.2,0.0,24.57,6.11,7.58,76.94,0.02
beledweyne,2025101101,4.74,45.2,0.0,24.34,5.9,7.36,78.95,0.02
beledweyne,2025101102,4.74,45.2,0.0,24.17,5.62,7.08,80.62,0.02
beledweyne,2025101103,4.74,45.2,67.25,24.34,5.64,7.03,80.25,0.02
beledweyne,2025101104,4.74,45.2,194.07,25.51,6.2,7.39,73.36,0.04
beledweyne,2025101105,4.74,45.2,355.42,27.3,6.35,7.32,62.61,0.03
beledweyne,2025101106,4.74,45.2,402.58,29.36,6.15,6.95,52.28,0.04
beledweyne,2025101107,4.74,45.2,511.65,31.28,5.89,6.56,44.46,0.05
beledweyne,2025101108,4.74,45.2,635.47,33.01,5.63,6.22,38.65,0.05
beledweyne,2025101109,4.74,45.2,732.03,34.3,5.32,5.83,34.69,0.06
beledweyne,2025101110,4.74,45.2,771.25,34.88,4.87,5.33,32.55,0.06
beledweyne,2025101111,4.74,45.2,687.12,34.96,4.39,4.8,31.61,0.06
beledweyne,2025101112,4.74,45.2,458.1,34.53,4.09,4.49,31.8,0.06
beledweyne,2025101113,4.74,45.2,199.12,33.7,4.04,4.5,32.94,0.06
beledweyne,2025101114,4.74,45.2,21.73,32.3,3.86,4.88,35.81,0.07
beledweyne,2025101115,4.74,45.2,0.0,30.37,3.11,5.98,41.3,0.11
beledweyne,2025101116,4.74,45.2,0.0,29.58,4.45,7.17,44.86,0.21
beledweyne,2025101117,4.74,45.2,0.0,28.72,5.57,8.01,49.8,0.27
beledweyne,2025101118,4.74,45.2,0.0,27.74,5.9,8.02,56.15,0.25
beledweyne,2025101119,4.74,45.2,0.0,26.73,5.83,7.81,62.68,0.19
beledweyne,2025101120,4.74,45.2,0.0,25.73,6.09,8.0,68.35,0.12
beledweyne,2025101121,4.74,45.2,0.0,24.92,5.71,7.44,72.66,0.07
beledweyne,2025101122,4.74,45.2,0.0,24.31,5.21,6.79,76.39,0.05
beledweyne,2025101123,4.74,45.2,0.0,23.85,4.94,6.48,79.87,0.04
beledweyne,2025101200,4.74,45.2,0.0,23.54,4.87,6.29,82.72,0.04
beledweyne,2025101201,4.74,45.2,0.0,23.32,4.56,5.84,84.93,0.05
beledweyne,2025101202,4.74,45.2,0.0,23.21,4.25,5.46,86.26,0.11
beledweyne,2025101203,4.74,45.2,102.85,23.5,4.57,5.73,84.87,0.15
beledweyne,2025101204,4.74,45.2,313.42,25.11,5.09,5.91,74.93,0.17
beledweyne,2025101205,4.74,45.2,546.85,27.41,4.67,5.22,63.1,0.16
beledweyne,2025101206,4.74,45.2,662.55,29.75,4.07,4.46,53.39,0.14
beledweyne,2025101207,4.74,45.2,818.03,31.65,3.52,3.83,46.71,0.13
beledweyne,2025101208,4.74,45.2,937.42,33.04,3.06,3.34,42.5,0.12
beledweyne,2025101209,4.74,45.2,909.8,34.17,2.7,2.91,38.93,0.1
beledweyne,2025101210,4.74,45.2,757.28,34.8,2.36,2.53,36.31,0.1
beledweyne,2025101211,4.74,45.2,607.12,34.21,2.17,2.33,36.78,0.08
beledweyne,2025101212,4.74,45.2,412.38,33.44,2.19,2.35,38.27,0.06
beledweyne,2025101213,4.74,45.2,183.62,32.48,2.37,2.57,40.43,0.04
beledweyne,2025101214,4.74,45.2,21.23,31.3,2.51,3.0,43.46,0.0
beledweyne,2025101215,4.74,45.2,0.0,30.09,2.17,3.79,48.23,0.0
beledweyne,2025101216,4.74,45.2,0.0,29.49,2.77,4.26,49.97,0.0
beledweyne,2025101217,4.74,45.2,0.0,28.85,3.06,4.36,52.25,0.0
beledweyne,2025101218,4.74,45.2,0.0,28.18,3.4,4.65,54.75,0.0
beledweyne,2025101219,4.74,45.2,0.0,27.51,4.26,5.68,57.2,0.01
beledweyne,2025101220,4.74,45.2,0.0,26.79,4.96,6.58,59.8,0.0
beledweyne,2025101221,4.74,45.2,0.0,25.92,5.43,7.04,63.34,0.0
beledweyne,2025101222,4.74,45.2,0.0,25.06,5.33,6.88,67.65,0.0
beledweyne,2025101223,4.74,45.2,0.0,24.38,5.12,6.56,71.5,0.0
beledweyne,2025101300,4.74,45.2,0.0,23.86,4.84,6.21,74.86,0.01
beledweyne,2025101301,4.74,45.2,0.0,23.43,4.45,5.88,78.04,0.01
beledweyne,2025101302,4.74,45.2,0.0,23.12,4.23,5.66,80.66,0.01
beledweyne,2025101303,4.74,45.2,108.45,23.39,4.78,5.99,80.12,0.01
beledweyne,2025101304,4.74,45.2,307.6,25.2,5.51,6.38,70.58,0.02
beledweyne,2025101305,4.74,45.2,518.15,27.51,5.26,5.88,59.12,0.05
beledweyne,2025101306,4.74,45.2,586.3,30.19,4.66,5.09,48.56,0.09
beledweyne,2025101307,4.74,45.2,742.25,32.65,4.09,4.42,40.87,0.11
beledweyne,2025101308,4.74,45.2,863.28,34.36,3.7,4.01,36.33,0.13
beledweyne,2025101309,4.74,45.2,782.1,35.39,3.17,3.41,33.86,0.14
beledweyne,2025101310,4.74,45.2,657.95,35.76,2.56,2.74,32.82,0.15
beledweyne,2025101311,4.74,45.2,620.15,35.87,2.14,2.28,32.1,0.14
beledweyne,2025101312,4.74,45.2,437.12,35.49,1.95,2.08,32.31,0.11
beledweyne,2025101313,4.74,45.2,203.82,34.45,2.14,2.32,34.15,0.11
beledweyne,2025101314,4.74,45.2,23.92,32.95,2.2,3.06,39.09,0.08
beledweyne,2025101315,4.74,45.2,0.0,31.12,2.36,4.71,47.1,0.11
beledweyne,2025101316,4.74,45.2,0.0,30.37,3.86,6.58,48.21,0.12
beledweyne,2025101317,4.74,45.2,0.0,29.43,5.54,8.0,51.72,0.09
beledweyne,2025101318,4.74,45.2,0.0,28.32,6.75,8.84,57.39,0.05
beledweyne,2025101319,4.74,45.2,0.0,27.19,6.88,8.81,63.46,0.02
beledweyne,2025101320,4.74,45.2,0.0,26.16,6.88,8.72,68.34,0.01
beledweyne,2025101321,4.74,45.2,0.0,25.29,6.52,8.23,72.21,0.01
beledweyne,2025101322,4.74,45.2,0.0,24.62,6.12,7.77,75.48,0.0
beledweyne,2025101323,4.74,45.2,0.0,24.11,5.72,7.27,78.53,0.0
beledweyne,2025101400,4.74,45.2,0.0,23.78,5.28,6.78,81.22,0.01
beledweyne,2025101401,4.74,45.2,0.0,23.58,4.86,6.25,83.48,0.01
beledweyne,2025101402,4.74,45.2,0.0,23.42,4.38,5.74,85.42,0.01
beledweyne,2025101403,4.74,45.2,93.72,23.8,4.77,5.97,84.07,0.02
beledweyne,2025101404,4.74,45.2,206.35,25.78,5.54,6.46,72.78,0.04
beledweyne,2025101405,4.74,45.2,320.23,28.34,5.46,6.16,60.47,0.07
beledweyne,2025101406,4.74,45.2,487.6,30.83,4.97,5.53,50.95,0.11
beledweyne,2025101407,4.74,45.2,678.9,32.83,4.43,4.91,44.21,0.13
beledweyne,2025101408,4.74,45.2,832.6,34.23,4.01,4.42,39.88,0.17
beledweyne,2025101409,4.74,45.2,830.12,34.87,3.47,3.76,37.74,0.21
beledweyne,2025101410,4.74,45.2,643.62,35.17,2.7,2.91,36.59,0.21
beledweyne,2025101411,4.74,45.2,609.53,35.0,2.13,2.32,36.63,0.21
beledweyne,2025101412,4.74,45.2,408.35,34.64,1.86,2.03,37.33,0.18
beledweyne,2025101413,4.74,45.2,189.55,33.89,1.74,1.91,39.01,0.15
beledweyne,2025101414,4.74,45.2,22.08,32.55,1.45,1.89,44.02,0.12
beledweyne,2025101415,4.74,45.2,0.0,31.0,1.18,2.25,54.05,0.18
beledweyne,2025101416,4.74,45.2,0.0,30.33,1.45,2.93,56.84,0.29
beledweyne,2025101417,4.74,45.2,0.0,29.51,1.94,3.86,59.31,0.36
beledweyne,2025101418,4.74,45.2,0.0,28.59,2.89,5.05,61.24,0.41
beledweyne,2025101419,4.74,45.2,0.0,27.44,4.18,6.2,65.2,0.43
beledweyne,2025101420,4.74,45.2,0.0,26.22,5.35,7.0,70.69,0.49
beledweyne,2025101421,4.74,45.2,0.0,25.17,5.59,7.09,76.18,0.55
beledweyne,2025101422,4.74,45.2,0.0,24.45,5.52,6.94,80.15,0.59
beledweyne,2025101423,4.74,45.2,0.0,24.04,4.98,6.26,83.32,0.6
beledweyne,2025101500,4.74,45.2,0.0,23.8,4.51,5.68,85.64,0.6
beledweyne,2025101501,4.74,45.2,0.0,23.63,4.2,5.43,87.46,0.45
beledweyne,2025101502,4.74,45.2,0.0,23.47,4.11,5.46,89.06,0.3
beledweyne,2025101503,4.74,45.2,96.2,23.72,4.7,6.0,87.93,0.21
beledweyne,2025101504,4.74,45.2,227.07,25.51,5.96,7.07,76.3,0.17
beledweyne,2025101505,4.74,45.2,377.95,27.82,6.19,6.98,63.67,0.18
beledweyne,2025101506,4.74,45.2,553.65,29.97,5.92,6.49,55.3,0.2
beledweyne,2025101507,4.74,45.2,661.38,31.61,5.48,5.93,49.98,0.28
beledweyne,2025101508,4.74,45.2,695.8,32.73,4.89,5.25,46.33,0.37
beledweyne,2025101509,4.74,45.2,757.83,33.5,4.27,4.54,43.67,0.39
beledweyne,2025101510,4.74,45.2,673.83,33.92,3.57,3.77,41.95,0.32
beledweyne,2025101511,4.74,45.2,603.05,33.84,2.86,3.05,41.65,0.25
beledweyne,2025101512,4.74,45.2,407.92,33.63,2.25,2.44,41.69,0.22
beledweyne,2025101513,4.74,45.2,187.02,32.85,1.88,2.08,43.27,0.17
beledweyne,2025101514,4.74,45.2,21.55,31.51,1.49,2.04,49.26,0.06
beledweyne,2025101515,4.74,45.2,0.0,29.93,1.34,2.7,60.72,0.06
beledweyne,2025101516,4.74,45.2,0.0,29.11,2.08,4.12,62.59,0.1
beledweyne,2025101517,4.74,45.2,0.0,28.24,3.48,5.62,64.35,0.14
beledweyne,2025101518,4.74,45.2,0.0,27.22,4.81,6.82,68.88,0.13
beledweyne,2025101519,4.74,45.2,0.0,26.22,6.1,7.95,73.16,0.12
beledweyne,2025101520,4.74,45.2,0.0,25.32,6.66,8.39,77.14,0.1
beledweyne,2025101521,4.74,45.2,0.0,24.57,6.48,8.17,80.32,0.08
beledweyne,2025101522,4.74,45.2,0.0,24.05,5.89,7.44,82.98,0.1
beledweyne,2025101523,4.74,45.2,0.0,23.7,5.18,6.63,85.4,0.13
beledweyne,2025101600,4.74,45.2,0.0,23.46,4.8,6.36,87.36,0.18
beledweyne,2025101601,4.74,45.2,0.0,23.32,4.87,6.64,88.58,0.2
beledweyne,2025101602,4.74,45.2,0.0,23.24,4.68,6.49,89.56,0.18
beledweyne,2025101603,4.74,45.2,77.93,23.66,5.15,6.72,87.52,0.16
beledweyne,2025101604,4.74,45.2,237.35,25.55,6.77,8.17,75.98,0.19
beledweyne,2025101605,4.74,45.2,386.55,27.99,7.07,8.15,63.1,0.23
beledweyne,2025101606,4.74,45.2,500.92,30.23,6.78,7.62,54.26,0.26
beledweyne,2025101607,4.74,45.2,570.62,31.99,6.36,7.07,48.4,0.31
beledweyne,2025101608,4.74,45.2,527.2,33.04,5.89,6.52,44.88,0.36
beledweyne,2025101609,4.74,45.2,453.5,33.49,5.37,5.98,43.06,0.43
beledweyne,2025101610,4.74,45.2,423.88,33.16,4.6,5.24,43.62,0.42
beledweyne,2025101611,4.74,45.2,302.05,32.68,3.74,4.36,45.11,0.4
beledweyne,2025101612,4.74,45.2,204.07,31.57,2.89,3.45,48.87,0.44
beledweyne,2025101613,4.74,45.2,97.22,29.88,2.08,2.5,55.89,0.48
beledweyne,2025101614,4.74,45.2,13.07,28.0,1.88,2.3,67.0,0.58
beledweyne,2025101615,4.74,45.2,0.0,26.38,2.43,2.85,75.99,0.83
beledweyne,2025101616,4.74,45.2,0.0,25.16,2.57,2.96,83.97,1.17
beledweyne,2025101617,4.74,45.2,0.0,24.58,2.23,2.62,89.13,1.41
beledweyne,2025101618,4.74,45.2,0.0,24.38,1.93,2.36,91.21,1.51
beledweyne,2025101619,4.74,45.2,0.0,24.26,2.09,2.74,91.93,1.4
beledweyne,2025101620,4.74,45.2,0.0,24.04,2.78,3.74,92.47,1.15
beledweyne,2025101621,4.74,45.2,0.0,23.77,3.56,4.87,92.7,0.92
beledweyne,2025101622,4.74,45.2,0.0,23.53,4.38,5.94,92.52,0.67
beledweyne,2025101623,4.74,45.2,0.0,23.34,4.97,6.76,91.85,0.47
beledweyne,2025101700,4.74,45.2,0.0,23.21,4.97,6.81,91.77,0.31
beledweyne,2025101701,4.74,45.2,0.0,23.15,4.59,6.44,91.77,0.24
beledweyne,2025101702,4.74,45.2,0.0,23.13,4.28,6.17,91.77,0.2
beledweyne,2025101703,4.74,45.2,75.97,23.36,4.41,5.93,90.72,0.2
beledweyne,2025101704,4.74,45.2,229.88,24.76,5.2,6.29,82.07,0.22
beledweyne,2025101705,4.74,45.2,422.95,27.1,5.07,5.74,68.03,0.25
beledweyne,2025101706,4.74,45.2,604.03,29.4,3.95,4.34,58.01,0.25
beledweyne,2025101707,4.74,45.2,776.92,31.31,2.82,3.07,50.45,0.26
beledweyne,2025101708,4.74,45.2,935.45,32.59,2.13,2.34,45.13,0.27
beledweyne,2025101709,4.74,45.2,959.95,33.3,1.81,2.02,41.45,0.28
beledweyne,2025101710,4.74,45.2,862.45,33.65,1.78,1.98,38.81,0.29
beledweyne,2025101711,4.74,45.2,667.62,33.75,1.78,1.98,37.42,0.23
beledweyne,2025101712,4.74,45.2,476.42,33.41,1.66,1.83,37.31,0.18
beledweyne,2025101713,4.74,45.2,219.23,32.63,1.4,1.58,38.61,0.1
beledweyne,2025101714,4.74,45.2,24.0,31.27,1.04,1.48,46.5,0.04
beledweyne,2025101715,4.74,45.2,0.0,29.73,1.18,2.0,55.69,0.03
beledweyne,2025101716,4.74,45.2,0.0,28.91,1.66,3.12,57.75,0.05
beledweyne,2025101717,4.74,45.2,0.0,27.86,2.24,4.46,62.34,0.06
beledweyne,2025101718,4.74,45.2,0.0,27.02,2.97,5.74,64.68,0.05
beledweyne,2025101719,4.74,45.2,0.0,26.21,3.93,6.84,67.89,0.06
beledweyne,2025101720,4.74,45.2,0.0,25.43,4.94,7.65,72.04,0.06
beledweyne,2025101721,4.74,45.2,0.0,24.7,5.51,7.77,76.31,0.05
beledweyne,2025101722,4.74,45.2,0.0,24.03,5.11,7.09,80.47,0.05
beledweyne,2025101723,4.74,45.2,0.0,23.49,4.46,6.34,84.29,0.06
beledweyne,2025101800,4.74,45.2,0.0,23.1,3.82,5.67,87.57,0.02
beledweyne,2025101801,4.74,45.2,0.0,22.84,3.25,5.11,90.12,0.02
beledweyne,2025101802,4.74,45.2,0.0,22.66,2.81,4.74,92.08,0.02
beledweyne,2025101803,4.74,45.2,74.32,23.25,3.51,4.75,89.58,0.03
beledweyne,2025101804,4.74,45.2,192.18,25.46,5.35,6.44,76.59,0.05
beledweyne,2025101805,4.74,45.2,356.62,28.0,5.47,6.26,62.0,0.07
beledweyne,2025101806,4.74,45.2,462.77,30.33,4.74,5.29,52.45,0.07
beledweyne,2025101807,4.74,45.2,662.1,32.12,4.02,4.46,46.62,0.08
beledweyne,2025101808,4.74,45.2,853.15,33.44,3.63,4.04,42.39,0.09
beledweyne,2025101809,4.74,45.2,835.35,34.26,3.19,3.57,39.46,0.1
beledweyne,2025101810,4.74,45.2,679.08,34.58,2.76,3.06,37.99,0.08
beledweyne,2025101811,4.74,45.2,567.8,34.06,2.57,2.83,38.91,0.07
beledweyne,2025101812,4.74,45.2,358.3,33.24,2.58,2.85,40.93,0.05
beledweyne,2025101813,4.74,45.2,158.1,32.24,2.65,2.98,43.76,0.02
beledweyne,2025101814,4.74,45.2,17.0,30.83,2.26,3.16,49.78,0.0
beledweyne,2025101815,4.74,45.2,0.0,29.32,1.65,3.45,59.01,0.0
beledweyne,2025101816,4.74,45.2,0.0,28.75,2.05,3.57,60.18,0.01
beledweyne,2025101817,4.74,45.2,0.0,28.0,2.46,3.52,63.07,0.01
beledweyne,2025101818,4.74,45.2,0.0,27.14,2.78,3.61,67.17,0.01
beledweyne,2025101819,4.74,45.2,0.0,26.28,3.31,4.13,71.48,0.01
beledweyne,2025101820,4.74,45.2,0.0,25.47,4.08,5.04,75.89,0.01
beledweyne,2025101821,4.74,45.2,0.0,24.78,4.46,5.49,80.04,0.02
beledweyne,2025101822,4.74,45.2,0.0,24.34,4.4,5.39,83.26,0.03
beledweyne,2025101823,4.74,45.2,0.0,24.12,4.05,4.95,85.32,0.03
beledweyne,2025101900,4.74,45.2,0.0,24.04,3.78,4.68,86.58,0.04
beledweyne,2025101901,4.74,45.2,0.0,24.02,3.86,4.89,87.45,0.04
beledweyne,2025101902,4.74,45.2,0.0,23.97,3.99,5.19,88.45,0.03
beledweyne,2025101903,4.74,45.2,78.8,24.16,4.67,6.06,87.85,0.04
beledweyne,2025101904,4.74,45.2,208.02,25.61,6.78,8.31,78.03,0.06
beledweyne,2025101905,4.74,45.2,341.1,27.62,7.3,8.52,66.49,0.08
beledweyne,2025101906,4.74,45.2,410.95,29.59,6.76,7.7,57.58,0.08
beledweyne,2025101907,4.74,45.2,529.08,31.28,5.99,6.78,50.97,0.08
beledweyne,2025101908,4.74,45.2,627.88,32.46,5.3,6.01,46.14,0.07
beledweyne,2025101909,4.74,45.2,706.8,33.21,4.59,5.22,42.78,0.08
beledweyne,2025101910,4.74,45.2,633.12,33.69,3.75,4.3,40.69,0.1
beledweyne,2025101911,4.74,45.2,587.92,33.68,2.91,3.38,40.09,0.1
beledweyne,2025101912,4.74,45.2,382.17,33.12,2.27,2.65,41.08,0.07
beledweyne,2025101913,4.74,45.2,168.1,32.41,1.87,2.2,42.89,0.04
beledweyne,2025101914,4.74,45.2,18.62,31.18,1.18,1.79,50.07,0.01
beledweyne,2025101915,4.74,45.2,0.0,29.85,1.0,1.83,58.35,0.02
beledweyne,2025101916,4.74,45.2,0.0,29.07,1.43,2.79,61.07,0.04
beledweyne,2025101917,4.74,45.2,0.0,28.13,2.31,4.1,63.96,0.06
beledweyne,2025101918,4.74,45.2,0.0,27.24,3.34,5.34,66.96,0.08
beledweyne,2025101919,4.74,45.2,0.0,26.29,4.69,6.67,70.9,0.09
beledweyne,2025101920,4.74,45.2,0.0,25.27,6.02,7.83,74.79,0.09
beledweyne,2025101921,4.74,45.2,0.0,24.34,6.24,7.92,78.38,0.08
beledweyne,2025101922,4.74,45.2,0.0,23.75,6.19,7.88,80.59,0.05
beledweyne,2025101923,4.74,45.2,0.0,23.42,5.77,7.39,82.23,0.03
beledweyne,2025102000,4.74,45.2,0.0,23.18,5.42,7.03,83.81,0.02
beledweyne,2025102001,4.74,45.2,0.0,22.94,5.07,6.74,85.44,0.01
beledweyne,2025102002,4.74,45.2,0.0,22.64,4.68,6.47,87.16,0.0
beledweyne,2025102003,4.74,45.2,109.45,22.91,4.87,6.33,85.8,0.0
beledweyne,2025102004,4.74,45.2,316.27,24.9,6.14,7.38,74.17,0.0
beledweyne,2025102005,4.74,45.2,542.1,27.6,6.19,7.12,60.12,0.0
beledweyne,2025102006,4.74,45.2,761.58,30.5,5.44,6.08,49.1,0.02
beledweyne,2025102007,4.74,45.2,905.28,32.81,4.51,5.03,42.26,0.03
beledweyne,2025102008,4.74,45.2,968.47,34.14,3.92,4.39,38.76,0.04
beledweyne,2025102009,4.74,45.2,903.22,34.92,3.55,3.99,36.58,0.05
beledweyne,2025102010,4.74,45.2,701.2,35.31,3.4,3.81,35.08,0.06
beledweyne,2025102011,4.74,45.2,597.17,35.12,3.24,3.66,34.94,0.06
beledweyne,2025102012,4.74,45.2,380.25,34.64,3.01,3.43,35.64,0.05
beledweyne,2025102013,4.74,45.2,175.82,33.77,2.78,3.2,37.42,0.02
beledweyne,2025102014,4.74,45.2,20.02,32.13,1.88,2.98,45.33,0.0
beledweyne,2025102015,4.74,45.2,0.0,30.26,1.62,2.95,55.77,0.0
beledweyne,2025102016,4.74,45.2,0.0,29.56,1.81,3.43,56.57,0.0
beledweyne,2025102017,4.74,45.2,0.0,28.79,2.23,4.47,57.89,0.0
beledweyne,2025102018,4.74,45.2,0.0,28.06,2.95,5.72,59.89,0.0
beledweyne,2025102019,4.74,45.2,0.0,27.46,3.97,6.7,62.92,0.0
beledweyne,2025102020,4.74,45.2,0.0,26.69,4.93,7.34,67.32,0.0
beledweyne,2025102021,4.74,45.2,0.0,25.79,5.58,7.64,72.41,0.0
beledweyne,2025102022,4.74,45.2,0.0,24.84,5.88,7.71,77.2,0.0
beledweyne,2025102023,4.74,45.2,0.0,24.11,5.49,7.19,80.8,0.0
beledweyne,2025102100,4.74,45.2,0.0,23.6,5.05,6.64,83.08,0.0
beledweyne,2025102101,4.74,45.2,0.0,23.27,4.37,5.86,84.81,0.0
beledweyne,2025102102,4.74,45.2,0.0,23.08,3.94,5.39,86.02,0.0
beledweyne,2025102103,4.74,45.2,97.07,23.37,4.33,5.62,84.92,0.01
beledweyne,2025102104,4.74,45.2,284.23,25.33,5.76,6.9,74.32,0.02
beledweyne,2025102105,4.74,45.2,481.35,27.89,5.79,6.64,61.3,0.05
beledweyne,2025102106,4.74,45.2,612.35,30.44,5.07,5.74,50.77,0.05
beledweyne,2025102107,4.74,45.2,740.1,32.36,4.4,5.02,43.73,0.06
beledweyne,2025102108,4.74,45.2,792.4,33.47,4.06,4.69,39.51,0.07
beledweyne,2025102109,4.74,45.2,660.2,33.89,3.83,4.43,37.29,0.09
beledweyne,2025102110,4.74,45.2,631.03,33.88,3.68,4.24,36.46,0.09
beledweyne,2025102111,4.74,45.2,494.95,33.44,3.56,4.08,36.84,0.07
beledweyne,2025102112,4.74,45.2,307.27,32.94,3.36,3.87,37.52,0.06
beledweyne,2025102113,4.74,45.2,145.75,32.22,3.1,3.73,39.14,0.04
beledweyne,2025102114,4.74,45.2,15.02,30.51,1.87,3.56,49.89,0.01
beledweyne,2025102115,4.74,45.2,0.0,28.86,2.0,3.69,56.67,0.01
beledweyne,2025102116,4.74,45.2,0.0,28.21,2.17,4.17,57.89,0.01
beledweyne,2025102117,4.74,45.2,0.0,27.51,2.38,4.84,59.42,0.01
beledweyne,2025102118,4.74,45.2,0.0,26.98,2.7,5.71,60.89,0.01
beledweyne,2025102119,4.74,45.2,0.0,26.52,3.58,6.66,63.42,0.01
beledweyne,2025102120,4.74,45.2,0.0,25.97,4.85,7.49,67.53,0.01
beledweyne,2025102121,4.74,45.2,0.0,25.23,5.69,7.69,72.71,0.01
beledweyne,2025102122,4.74,45.2,0.0,24.45,5.84,7.5,77.58,0.01
beledweyne,2025102123,4.74,45.2,0.0,23.85,5.6,7.19,81.14,0.01
beledweyne,2025102200,4.74,45.2,0.0,23.45,5.3,6.87,83.35,0.02
beledweyne,2025102201,4.74,45.2,0.0,23.22,5.06,6.63,84.51,0.02
beledweyne,2025102202,4.74,45.2,0.0,23.07,4.66,6.18,85.3,0.02
beledweyne,2025102203,4.74,45.2,88.68,23.29,4.76,6.12,84.3,0.02
beledweyne,2025102204,4.74,45.2,246.18,24.73,5.44,6.47,76.57,0.03
beledweyne,2025102205,4.74,45.2,434.02,26.74,5.03,5.75,66.66,0.06
beledweyne,2025102206,4.74,45.2,433.02,28.99,4.05,4.51,57.41,0.09
beledweyne,2025102207,4.74,45.2,641.25,31.18,3.24,3.66,49.3,0.14
beledweyne,2025102208,4.74,45.2,750.53,32.29,3.08,3.52,45.35,0.23
beledweyne,2025102209,4.74,45.2,519.45,32.43,3.15,3.56,44.56,0.34
beledweyne,2025102210,4.74,45.2,654.47,32.1,3.44,3.86,45.72,0.49
beledweyne,2025102211,4.74,45.2,428.35,31.55,3.6,4.08,47.77,0.71
beledweyne,2025102212,4.74,45.2,331.9,30.87,3.48,4.03,50.34,0.96
beledweyne,2025102213,4.74,45.2,150.05,30.17,3.01,3.6,53.7,1.05
beledweyne,2025102214,4.74,45.2,17.05,29.15,1.69,2.5,62.09,0.94
beledweyne,2025102215,4.74,45.2,0.0,28.34,0.48,0.79,70.66,0.78
beledweyne,2025102216,4.74,45.2,0.0,27.84,0.61,0.95,71.31,0.66
beledweyne,2025102217,4.74,45.2,0.0,26.82,1.41,2.43,78.52,0.5
beledweyne,2025102218,4.74,45.2,0.0,25.97,1.95,3.73,81.57,0.33
beledweyne,2025102219,4.74,45.2,0.0,25.53,2.34,4.97,80.85,0.18
beledweyne,2025102220,4.74,45.2,0.0,25.23,2.91,5.95,79.83,0.09
beledweyne,2025102221,4.74,45.2,0.0,24.91,3.8,6.63,79.73,0.04
beledweyne,2025102222,4.74,45.2,0.0,24.46,4.58,6.97,81.19,0.02
beledweyne,2025102223,4.74,45.2,0.0,23.79,4.87,7.15,84.1,0.03
beledweyne,2025102300,4.74,45.2,0.0,23.15,4.78,6.91,87.27,0.02
beledweyne,2025102301,4.74,45.2,0.0,22.6,4.2,6.22,90.28,0.02
beledweyne,2025102302,4.74,45.2,0.0,22.17,3.32,5.31,92.56,0.02
beledweyne,2025102303,4.74,45.2,111.25,22.59,3.53,4.87,89.78,0.02
beledweyne,2025102304,4.74,45.2,315.33,24.69,3.95,4.61,78.07,0.03
beledweyne,2025102305,4.74,45.2,527.8,27.28,3.08,3.45,65.49,0.04
beledweyne,2025102306,4.74,45.2,756.6,30.36,2.88,3.43,51.56,0.03
beledweyne,2025102307,4.74,45.2,845.65,32.6,3.62,4.23,43.42,0.04
beledweyne,2025102308,4.74,45.2,916.62,33.96,4.02,4.65,39.37,0.03
beledweyne,2025102309,4.74,45.2,889.58,34.91,4.3,4.93,36.44,0.03
beledweyne,2025102310,4.74,45.2,767.67,35.38,4.37,5.0,34.36,0.02
beledweyne,2025102311,4.74,45.2,653.05,35.38,4.33,4.98,33.07,0.01
beledweyne,2025102312,4.74,45.2,430.62,34.99,4.01,4.66,32.65,0.01
beledweyne,2025102313,4.74,45.2,198.45,34.13,3.31,3.93,33.56,0.0
beledweyne,2025102314,4.74,45.2,20.0,32.17,1.67,2.86,45.22,0.0
beledweyne,2025102315,4.74,45.2,0.0,31.08,1.22,1.81,46.9,0.0
beledweyne,2025102316,4.74,45.2,0.0,31.03,0.82,1.16,43.81,0.0
beledweyne,2025102317,4.74,45.2,0.0,30.42,0.74,1.03,44.93,0.0
beledweyne,2025102318,4.74,45.2,0.0,29.17,1.17,1.73,49.55,0.0
beledweyne,2025102319,4.74,45.2,0.0,27.74,1.83,3.12,55.24,0.0
beledweyne,2025102320,4.74,45.2,0.0,26.81,2.5,4.79,58.63,0.0
beledweyne,2025102321,4.74,45.2,0.0,25.94,3.78,5.92,63.65,0.0
beledweyne,2025102322,4.74,45.2,0.0,24.88,4.19,6.22,71.23,0.0
beledweyne,2025102323,4.74,45.2,0.0,24.23,4.1,6.13,77.34,0.0
beledweyne,2025102400,4.74,45.2,0.0,23.84,3.99,5.74,81.79,0.0
beledweyne,2025102401,4.74,45.2,0.0,23.52,3.75,5.28,85.15,0.01
beledweyne,2025102402,4.74,45.2,0.0,23.24,3.4,4.88,87.69,0.01
beledweyne,2025102403,4.74,45.2,107.4,23.52,3.73,4.86,86.4,0.01
beledweyne,2025102404,4.74,45.2,331.38,25.49,4.4,5.04,74.98,0.02
beledweyne,2025102405,4.74,45.2,578.6,27.94,3.78,4.13,63.33,0.03
beledweyne,2025102406,4.74,45.2,776.2,30.26,2.74,2.89,53.96,0.02
beledweyne,2025102407,4.74,45.2,909.45,32.2,1.71,1.79,46.35,0.02
beledweyne,2025102408,4.74,45.2,965.8,33.65,0.85,0.95,40.98,0.01
beledweyne,2025102409,4.74,45.2,946.78,34.86,0.37,0.59,36.94,0.01
beledweyne,2025102410,4.74,45.2,802.22,35.52,0.8,0.98,34.48,0.01
beledweyne,2025102411,4.74,45.2,648.4,35.62,1.27,1.45,33.33,0.01
beledweyne,2025102412,4.74,45.2,431.45,35.3,1.63,1.83,33.28,0.0
beledweyne,2025102413,4.74,45.2,198.6,34.44,1.81,2.04,34.4,0.0
beledweyne,2025102414,4.74,45.2,19.62,32.83,1.46,2.11,40.56,0.0
beledweyne,2025102415,4.74,45.2,0.0,31.03,1.35,2.28,49.6,0.0
beledweyne,2025102416,4.74,45.2,0.0,30.27,1.51,2.56,51.91,0.0
beledweyne,2025102417,4.74,45.2,0.0,29.5,1.67,2.86,54.0,0.0
beledweyne,2025102418,4.74,45.2,0.0,28.73,1.93,3.56,55.18,0.0
beledweyne,2025102419,4.74,45.2,0.0,28.0,2.57,5.05,55.74,0.0
beledweyne,2025102420,4.74,45.2,0.0,27.34,4.36,7.1,57.46,0.0
beledweyne,2025102421,4.74,45.2,0.0,26.44,6.07,8.34,63.09,0.0
beledweyne,2025102422,4.74,45.2,0.0,25.35,6.33,8.09,71.38,0.0
beledweyne,2025102423,4.74,45.2,0.0,24.57,5.58,7.08,77.86,0.0
beledweyne,2025102500,4.74,45.2,0.0,24.02,4.54,5.87,82.23,0.0
beledweyne,2025102501,4.74,45.2,0.0,23.61,3.64,5.01,85.26,0.0
beledweyne,2025102502,4.74,45.2,0.0,23.29,3.3,4.91,87.4,0.0
beledweyne,2025102503,4.74,45.2,120.9,23.61,3.84,4.96,85.93,0.0
beledweyne,2025102504,4.74,45.2,353.1,25.69,4.41,5.09,75.08,0.0
beledweyne,2025102505,4.74,45.2,592.85,28.62,4.03,4.48,61.07,0.0
beledweyne,2025102506,4.74,45.2,790.12,32.03,2.79,3.05,46.34,0.0
beledweyne,2025102507,4.74,45.2,920.95,34.41,1.74,2.03,37.54,0.0
beledweyne,2025102508,4.74,45.2,974.9,35.73,1.11,1.44,33.24,0.0
beledweyne,2025102509,4.74,45.2,962.4,36.54,0.79,1.1,30.67,0.0
beledweyne,2025102510,4.74,45.2,857.38,36.99,0.86,1.1,29.02,0.0
beledweyne,2025102511,4.74,45.2,691.7,37.26,1.14,1.31,27.97,0.0
beledweyne,2025102512,4.74,45.2,466.75,36.67,1.47,1.62,28.39,0.0
beledweyne,2025102513,4.74,45.2,218.38,35.77,1.74,1.93,29.59,0.0
beledweyne,2025102514,4.74,45.2,21.65,34.04,1.35,2.18,38.47,0.0
beledweyne,2025102515,4.74,45.2,0.0,32.45,1.32,2.06,43.75,0.0
beledweyne,2025102516,4.74,45.2,0.0,32.34,1.0,1.45,41.41,0.0
beledweyne,2025102517,4.74,45.2,0.0,31.88,0.85,1.22,41.65,0.0
beledweyne,2025102518,4.74,45.2,0.0,30.28,1.54,2.54,48.4,0.0
beledweyne,2025102519,4.74,45.2,0.0,28.97,2.36,4.6,52.05,0.0
beledweyne,2025102520,4.74,45.2,0.0,27.96,3.89,6.42,55.32,0.0
beledweyne,2025102521,4.74,45.2,0.0,26.79,4.93,7.34,61.96,0.0
beledweyne,2025102522,4.74,45.2,0.0,25.81,5.54,7.4,68.98,0.0
beledweyne,2025102523,4.74,45.2,0.0,24.96,5.41,7.06,75.39,0.0
beledweyne,2025102600,4.74,45.2,0.0,24.31,4.88,6.37,79.86,0.0
beledweyne,2025102601,4.74,45.2,0.0,23.78,4.17,5.57,83.15,0.0
beledweyne,2025102602,4.74,45.2,0.0,23.37,3.46,4.88,85.71,0.0
beledweyne,2025102603,4.74,45.2,63.8,23.64,3.48,4.52,84.63,0.0
beledweyne,2025102604,4.74,45.2,175.7,25.91,3.96,4.6,73.59,0.0
beledweyne,2025102605,4.74,45.2,239.62,28.86,2.99,3.31,60.7,0.0
beledweyne,2025102606,4.74,45.2,365.27,32.02,1.76,1.95,47.99,0.01
beledweyne,2025102607,4.74,45.2,538.22,34.52,0.82,1.05,39.18,0.01
beledweyne,2025102608,4.74,45.2,805.17,36.04,0.51,0.77,34.25,0.01
beledweyne,2025102609,4.74,45.2,930.38,36.56,0.78,0.95,32.06,0.01
beledweyne,2025102610,4.74,45.2,845.67,36.65,1.29,1.36,31.25,0.01
beledweyne,2025102611,4.74,45.2,689.3,36.44,1.73,1.78,31.13,0.01
beledweyne,2025102612,4.74,45.2,461.5,35.8,2.0,2.12,31.92,0.01
beledweyne,2025102613,4.74,45.2,214.1,34.95,2.09,2.31,33.42,0.0
beledweyne,2025102614,4.74,45.2,20.9,33.32,1.51,2.57,41.57,0.0
beledweyne,2025102615,4.74,45.2,0.0,31.44,1.61,2.99,49.48,0.0
beledweyne,2025102616,4.74,45.2,0.0,30.54,1.87,3.55,50.93,0.0
beledweyne,2025102617,4.74,45.2,0.0,29.68,2.25,4.54,51.95,0.0
beledweyne,2025102618,4.74,45.2,0.0,28.99,2.74,5.95,52.34,0.0
beledweyne,2025102619,4.74,45.2,0.0,28.57,3.96,7.55,52.93,0.0
beledweyne,2025102620,4.74,45.2,0.0,27.93,5.64,8.42,57.61,0.0
beledweyne,2025102621,4.74,45.2,0.0,26.89,6.3,8.5,66.66,0.0
beledweyne,2025102622,4.74,45.2,0.0,25.92,5.81,7.65,75.19,0.0
beledweyne,2025102623,4.74,45.2,0.0,25.2,5.07,6.73,80.77,0.0
beledweyne,2025102700,4.74,45.2,0.0,24.71,4.39,5.93,84.01,0.0
beledweyne,2025102701,4.74,45.2,0.0,24.45,4.1,5.67,85.62,0.0
beledweyne,2025102702,4.74,45.2,0.0,24.34,4.17,5.69,86.14,0.01
beledweyne,2025102703,4.74,45.2,54.4,24.64,4.05,5.12,84.63,0.01
beledweyne,2025102704,4.74,45.2,157.27,26.39,4.35,5.04,75.22,0.01
beledweyne,2025102705,4.74,45.2,258.77,28.8,4.21,4.7,63.45,0.02
beledweyne,2025102706,4.74,45.2,438.08,31.23,3.85,4.22,53.57,0.02
beledweyne,2025102707,4.74,45.2,654.47,33.29,3.4,3.66,45.91,0.01
beledweyne,2025102708,4.74,45.2,834.92,34.71,2.94,3.13,40.48,0.01
beledweyne,2025102709,4.74,45.2,853.9,35.57,2.51,2.66,37.09,0.01
beledweyne,2025102710,4.74,45.2,818.45,36.18,2.22,2.37,34.78,0.01
beledweyne,2025102711,4.74,45.2,617.08,36.2,2.13,2.3,33.76,0.01
beledweyne,2025102712,4.74,45.2,414.6,35.79,2.13,2.35,33.86,0.01
beledweyne,2025102713,4.74,45.2,195.62,34.91,2.15,2.41,34.97,0.0
beledweyne,2025102714,4.74,45.2,19.45,33.28,1.63,2.39,41.32,0.0
beledweyne,2025102715,4.74,45.2,0.0,31.41,1.39,2.33,50.17,0.0
beledweyne,2025102716,4.74,45.2,0.0,30.71,1.52,2.52,51.61,0.0
beledweyne,2025102717,4.74,45.2,0.0,29.99,1.81,3.12,52.48,0.0
beledweyne,2025102718,4.74,45.2,0.0,29.25,2.26,4.3,52.84,0.0
beledweyne,2025102719,4.74,45.2,0.0,28.68,3.1,6.05,53.29,0.0
beledweyne,2025102720,4.74,45.2,0.0,27.9,4.51,7.41,56.79,0.0
beledweyne,2025102721,4.74,45.2,0.0,26.85,5.61,7.79,63.83,0.0
beledweyne,2025102722,4.74,45.2,0.0,25.81,5.61,7.43,71.26,0.0
beledweyne,2025102723,4.74,45.2,0.0,25.04,4.83,6.4,76.71,0.0
beledweyne,2025102800,4.74,45.2,0.0,24.44,4.17,5.71,80.73,0.01
beledweyne,2025102801,4.74,45.2,0.0,23.94,3.71,5.31,84.25,0.02
beledweyne,2025102802,4.74,45.2,0.0,23.64,3.73,5.41,86.74,0.02
beledweyne,2025102803,4.74,45.2,114.5,23.98,4.17,5.35,85.43,0.03
beledweyne,2025102804,4.74,45.2,331.33,25.78,4.81,5.62,74.33,0.02
beledweyne,2025102805,4.74,45.2,553.85,28.17,4.65,5.26,60.38,0.02
beledweyne,2025102806,4.74,45.2,744.28,30.62,4.32,4.81,49.15,0.02
beledweyne,2025102807,4.74,45.2,913.17,32.7,3.91,4.3,41.74,0.02
beledweyne,2025102808,4.74,45.2,973.1,34.31,3.55,3.88,36.5,0.02
beledweyne,2025102809,4.74,45.2,937.28,35.45,3.15,3.45,32.75,0.01
beledweyne,2025102810,4.74,45.2,822.3,36.15,2.79,3.07,30.18,0.0
beledweyne,2025102811,4.74,45.2,671.62,36.41,2.62,2.9,28.6,0.0
beledweyne,2025102812,4.74,45.2,454.38,36.16,2.62,2.91,28.03,0.0
beledweyne,2025102813,4.74,45.2,209.2,35.32,2.66,3.0,28.57,0.0
beledweyne,2025102814,4.74,45.2,19.85,33.27,1.91,3.08,36.33,0.0
beledweyne,2025102815,4.74,45.2,0.0,30.92,1.91,3.34,45.38,0.0
beledweyne,2025102816,4.74,45.2,0.0,30.16,2.14,3.9,45.26,0.0
beledweyne,2025102817,4.74,45.2,0.0,29.43,2.54,4.87,45.98,0.0
beledweyne,2025102818,4.74,45.2,0.0,28.94,3.4,6.43,46.12,0.0
beledweyne,2025102819,4.74,45.2,0.0,28.18,5.18,7.89,47.97,0.0
beledweyne,2025102820,4.74,45.2,0.0,26.83,6.5,8.53,54.43,0.0
beledweyne,2025102821,4.74,45.2,0.0,25.61,6.6,8.4,61.52,0.0
beledweyne,2025102822,4.74,45.2,0.0,24.73,6.01,7.72,66.97,0.0
beledweyne,2025102823,4.74,45.2,0.0,23.99,5.18,6.93,71.87,0.0
beledweyne,2025102900,4.74,45.2,0.0,23.42,4.4,6.08,76.39,0.0
beledweyne,2025102901,4.74,45.2,0.0,22.98,3.84,5.65,80.53,0.01
beledweyne,2025102902,4.74,45.2,0.0,22.82,3.53,5.16,83.38,0.01
beledweyne,2025102903,4.74,45.2,120.53,23.25,3.81,4.95,82.22,0.01
beledweyne,2025102904,4.74,45.2,355.88,24.94,4.17,4.85,72.63,0.0
beledweyne,2025102905,4.74,45.2,600.65,27.35,4.03,4.59,58.97,0.0
beledweyne,2025102906,4.74,45.2,797.75,29.99,3.92,4.41,47.07,0.0
beledweyne,2025102907,4.74,45.2,930.7,32.32,3.68,4.1,39.78,0.0
beledweyne,2025102908,4.74,45.2,987.55,34.16,3.37,3.73,34.59,0.0
beledweyne,2025102909,4.74,45.2,967.17,35.48,3.1,3.4,30.63,0.0
beledweyne,2025102910,4.74,45.2,864.88,36.23,2.92,3.21,27.83,0.0
beledweyne,2025102911,4.74,45.2,694.92,36.43,2.93,3.23,26.15,0.0
beledweyne,2025102912,4.74,45.2,468.33,36.07,2.98,3.3,25.49,0.0
beledweyne,2025102913,4.74,45.2,214.93,35.12,2.93,3.32,26.01,0.0
beledweyne,2025102914,4.74,45.2,20.4,32.71,1.98,3.29,34.82,0.0
beledweyne,2025102915,4.74,45.2,0.0,29.98,2.09,3.52,42.4,0.0
beledweyne,2025102916,4.74,45.2,0.0,29.06,2.3,4.03,43.17,0.0
beledweyne,2025102917,4.74,45.2,0.0,28.35,2.52,4.73,44.26,0.0
beledweyne,2025102918,4.74,45.2,0.0,27.56,2.83,5.66,45.15,0.0
beledweyne,2025102919,4.74,45.2,0.0,26.79,3.53,6.91,46.67,0.0
beledweyne,2025102920,4.74,45.2,0.0,26.18,5.12,7.82,51.16,0.0
beledweyne,2025102921,4.74,45.2,0.0,25.08,6.02,8.01,61.37,0.0
beledweyne,2025102922,4.74,45.2,0.0,24.07,5.92,7.79,71.72,0.0
beledweyne,2025102923,4.74,45.2,0.0,23.3,5.48,7.38,78.95,0.0
beledweyne,2025103000,4.74,45.2,0.0,22.75,4.8,6.71,83.26,0.01
beledweyne,2025103001,4.74,45.2,0.0,22.24,4.04,6.07,86.97,0.01
beledweyne,2025103002,4.74,45.2,0.0,21.83,3.47,5.57,90.35,0.01
beledweyne,2025103003,4.74,45.2,125.1,22.3,3.78,5.06,89.14,0.01
beledweyne,2025103004,4.74,45.2,363.05,24.51,4.31,5.02,75.32,0.0
beledweyne,2025103005,4.74,45.2,606.55,27.29,4.03,4.56,57.6,0.0
beledweyne,2025103006,4.74,45.2,806.55,30.11,3.66,4.08,44.92,0.0
beledweyne,2025103007,4.74,45.2,939.62,32.48,3.26,3.59,36.92,0.0
beledweyne,2025103008,4.74,45.2,994.8,34.32,2.82,3.07,31.46,0.0
beledweyne,2025103009,4.74,45.2,978.85,35.56,2.38,2.57,27.76,0.0
beledweyne,2025103010,4.74,45.2,877.15,36.23,2.12,2.28,25.15,0.0
beledweyne,2025103011,4.74,45.2,704.12,36.37,2.1,2.28,23.57,0.0
beledweyne,2025103012,4.74,45.2,477.1,35.97,2.17,2.39,22.91,0.0
beledweyne,2025103013,4.74,45.2,223.35,35.01,2.2,2.46,23.32,0.0
beledweyne,2025103014,4.74,45.2,21.42,32.61,1.53,2.5,32.87,0.0
beledweyne,2025103015,4.74,45.2,0.0,30.32,1.68,2.6,37.14,0.0
beledweyne,2025103016,4.74,45.2,0.0,29.42,1.82,2.86,37.97,0.0
beledweyne,2025103017,4.74,45.2,0.0,28.37,2.13,3.59,39.54,0.0
beledweyne,2025103018,4.74,45.2,0.0,27.0,3.04,5.46,43.08,0.0
beledweyne,2025103019,4.74,45.2,0.0,25.85,4.47,7.57,49.76,0.0
beledweyne,2025103020,4.74,45.2,0.0,24.78,5.55,8.06,61.39,0.0
beledweyne,2025103021,4.74,45.2,0.0,23.82,5.31,7.2,72.53,0.0
beledweyne,2025103022,4.74,45.2,0.0,23.15,4.36,6.13,79.52,0.0
beledweyne,2025103023,4.74,45.2,0.0,22.59,3.64,5.48,83.59,0.0
beledweyne,2025103100,4.74,45.2,0.0,22.09,3.37,5.37,86.88,0.01
beledweyne,2025103101,4.74,45.2,0.0,21.67,3.36,5.48,89.87,0.01
beledweyne,2025103102,4.74,45.2,0.0,21.32,3.39,5.63,92.42,0.01
beledweyne,2025103103,4.74,45.2,132.82,21.84,4.2,5.62,89.88,0.01
beledweyne,2025103104,4.74,45.2,377.77,24.26,5.01,5.83,74.77,0.0
beledweyne,2025103105,4.74,45.2,618.17,27.27,4.95,5.6,56.37,0.0
beledweyne,2025103106,4.74,45.2,816.22,30.48,4.38,4.84,42.11,0.0
beledweyne,2025103107,4.74,45.2,948.05,33.01,3.41,3.68,34.15,0.0
beledweyne,2025103108,4.74,45.2,1003.03,34.79,2.48,2.63,29.22,0.0
beledweyne,2025103109,4.74,45.2,975.47,35.92,1.88,1.99,26.19,0.0
beledweyne,2025103110,4.74,45.2,864.8,36.51,1.67,1.78,24.38,0.0
beledweyne,2025103111,4.74,45.2,695.47,36.6,1.69,1.83,23.43,0.0
beledweyne,2025103112,4.74,45.2,472.67,36.18,1.76,1.92,23.29,0.0
beledweyne,2025103113,4.74,45.2,219.88,35.22,1.8,1.99,24.07,0.0
beledweyne,2025103114,4.74,45.2,20.8,33.04,1.37,2.1,32.74,0.0
beledweyne,2025103115,4.74,45.2,0.0,30.99,1.52,2.32,36.89,0.0
beledweyne,2025103116,4.74,45.2,0.0,30.16,1.7,2.68,37.92,0.0
beledweyne,2025103117,4.74,45.2,0.0,29.18,2.03,3.47,39.26,0.0
beledweyne,2025103118,4.74,45.2,0.0,27.86,3.09,5.37,43.36,0.0
beledweyne,2025103119,4.74,45.2,0.0,26.97,4.78,7.79,49.01,0.0
beledweyne,2025103120,4.74,45.2,0.0,25.88,6.55,9.04,58.88,0.0
beledweyne,2025103121,4.74,45.2,0.0,24.73,6.43,8.33,68.47,0.0
beledweyne,2025103122,4.74,45.2,0.0,23.92,5.5,7.21,73.99,0.0
beledweyne,2025103123,4.74,45.2,0.0,23.34,4.82,6.52,77.37,0.0
beledweyne,2025110100,4.74,45.2,0.0,22.84,4.6,6.39,80.7,0.0
beledweyne,2025110101,4.74,45.2,0.0,22.38,4.28,6.14,84.22,0.01
beledweyne,2025110102,4.74,45.2,0.0,22.01,4.1,6.08,87.47,0.01
beledweyne,2025110103,4.74,45.2,121.65,22.4,4.67,6.14,86.51,0.01
beledweyne,2025110104,4.74,45.2,352.52,24.56,5.42,6.39,73.69,0.0
beledweyne,2025110105,4.74,45.2,589.85,27.36,4.89,5.59,57.57,0.0
beledweyne,2025110106,4.74,45.2,767.97,30.35,3.95,4.39,45.04,0.0
beledweyne,2025110107,4.74,45.2,928.0,32.77,2.84,3.08,37.93,0.0
beledweyne,2025110108,4.74,45.2,984.12,34.5,1.92,2.02,33.26,0.0
beledweyne,2025110109,4.74,45.2,929.62,35.6,1.31,1.35,30.0,0.0
beledweyne,2025110110,4.74,45.2,838.6,36.2,1.14,1.18,27.88,0.0
beledweyne,2025110111,4.74,45.2,631.9,36.3,1.36,1.42,26.81,0.0
beledweyne,2025110112,4.74,45.2,418.48,35.94,1.62,1.72,26.66,0.0
beledweyne,2025110113,4.74,45.2,198.45,35.03,1.81,1.96,27.54,0.0
beledweyne,2025110114,4.74,45.2,19.65,33.06,1.48,2.21,34.45,0.0
beledweyne,2025110115,4.74,45.2,0.0,30.87,1.56,2.48,40.79,0.0
beledweyne,2025110116,4.74,45.2,0.0,30.19,1.61,2.55,41.06,0.0
beledweyne,2025110117,4.74,45.2,0.0,29.54,1.58,2.53,41.71,0.0
beledweyne,2025110118,4.74,45.2,0.0,28.85,1.95,3.27,43.38,0.0
beledweyne,2025110119,4.74,45.2,0.0,27.41,3.24,5.49,48.62,0.0
beledweyne,2025110120,4.74,45.2,0.0,26.39,4.94,7.65,55.19,0.0
beledweyne,2025110121,4.74,45.2,0.0,25.26,6.01,8.24,64.45,0.0
beledweyne,2025110122,4.74,45.2,0.0,24.24,5.95,7.78,72.33,0.0
beledweyne,2025110123,4.74,45.2,0.0,23.55,5.33,7.05,76.68,0.0
beledweyne,2025110200,4.74,45.2,0.0,23.03,4.72,6.36,79.7,0.0
beledweyne,2025110201,4.74,45.2,0.0,22.59,4.22,5.87,82.35,0.0
beledweyne,2025110202,4.74,45.2,0.0,22.2,4.13,5.93,85.08,0.0
beledweyne,2025110203,4.74,45.2,127.25,22.5,4.78,6.16,84.16,0.0
beledweyne,2025110204,4.74,45.2,366.42,24.73,5.41,6.33,70.74,0.0
beledweyne,2025110205,4.74,45.2,607.5,27.65,4.81,5.45,54.27,0.0
beledweyne,2025110206,4.74,45.2,805.05,30.64,3.65,4.01,43.12,0.0
beledweyne,2025110207,4.74,45.2,937.5,33.03,2.44,2.59,36.34,0.0
beledweyne,2025110208,4.74,45.2,994.12,34.8,1.72,1.83,31.43,0.0
beledweyne,2025110209,4.74,45.2,952.25,36.0,1.62,1.74,28.08,0.0
beledweyne,2025110210,4.74,45.2,816.8,36.63,1.86,1.99,26.13,0.0
beledweyne,2025110211,4.74,45.2,606.42,36.73,2.1,2.25,25.37,0.0
beledweyne,2025110212,4.74,45.2,413.0,36.29,2.21,2.39,25.57,0.0
beledweyne,2025110213,4.74,45.2,188.93,35.32,2.19,2.4,26.68,0.0
beledweyne,2025110214,4.74,45.2,18.35,33.28,1.6,2.4,33.56,0.0
beledweyne,2025110215,4.74,45.2,0.0,31.21,1.48,2.4,39.56,0.0
beledweyne,2025110216,4.74,45.2,0.0,30.74,1.38,2.21,40.28,0.0
beledweyne,2025110217,4.74,45.2,0.0,30.3,1.21,1.98,40.69,0.0
beledweyne,2025110218,4.74,45.2,0.0,29.58,1.85,3.06,41.75,0.0
beledweyne,2025110219,4.74,45.2,0.0,27.89,3.71,6.12,46.97,0.0
beledweyne,2025110220,4.74,45.2,0.0,26.71,5.97,8.63,54.63,0.0
beledweyne,2025110221,4.74,45.2,0.0,25.33,7.08,9.01,65.62,0.0
beledweyne,2025110222,4.74,45.2,0.0,24.18,6.46,8.15,74.33,0.0
beledweyne,2025110223,4.74,45.2,0.0,23.51,5.4,6.97,78.6,0.0
beledweyne,2025110300,4.74,45.2,0.0,23.07,4.46,6.02,81.0,0.0
beledweyne,2025110301,4.74,45.2,0.0,22.7,3.9,5.62,83.05,0.0
beledweyne,2025110302,4.74,45.2,0.0,22.3,3.45,5.28,85.38,0.0
beledweyne,2025110303,4.74,45.2,121.75,22.63,4.04,5.34,84.25,0.0
beledweyne,2025110304,4.74,45.2,348.98,24.86,4.89,5.7,72.08,0.0
beledweyne,2025110305,4.74,45.2,603.05,27.65,4.41,4.97,58.22,0.0
beledweyne,2025110306,4.74,45.2,777.83,30.48,3.4,3.73,47.83,0.0
beledweyne,2025110307,4.74,45.2,927.22,33.02,2.24,2.39,39.6,0.0
beledweyne,2025110308,4.74,45.2,988.7,34.89,1.58,1.64,33.67,0.0
beledweyne,2025110309,4.74,45.2,957.17,36.08,1.46,1.52,29.57,0.0
beledweyne,2025110310,4.74,45.2,829.42,36.71,1.63,1.69,26.95,0.0
beledweyne,2025110311,4.74,45.2,649.12,36.83,1.79,1.87,25.61,0.0
beledweyne,2025110312,4.74,45.2,419.42,36.42,1.91,2.01,25.31,0.0
beledweyne,2025110313,4.74,45.2,186.95,35.48,2.0,2.14,26.01,0.0
beledweyne,2025110314,4.74,45.2,17.6,33.4,1.55,2.4,33.1,0.0
beledweyne,2025110315,4.74,45.2,0.0,31.23,1.66,2.7,39.11,0.0
beledweyne,2025110316,4.74,45.2,0.0,30.64,1.67,2.72,39.69,0.0
beledweyne,2025110317,4.74,45.2,0.0,30.12,1.55,2.53,39.79,0.0
beledweyne,2025110318,4.74,45.2,0.0,29.68,1.71,2.82,40.63,0.0
beledweyne,2025110319,4.74,45.2,0.0,28.24,3.26,5.37,46.52,0.0
beledweyne,2025110320,4.74,45.2,0.0,26.89,5.49,7.98,54.82,0.0
beledweyne,2025110321,4.74,45.2,0.0,25.55,6.65,8.72,65.36,0.0
beledweyne,2025110322,4.74,45.2,0.0,24.48,6.45,8.14,73.44,0.0
beledweyne,2025110323,4.74,45.2,0.0,23.94,5.4,6.92,76.58,0.0
beledweyne,2025110400,4.74,45.2,0.0,23.57,4.5,6.0,78.37,0.0
beledweyne,2025110401,4.74,45.2,0.0,23.21,3.9,5.54,80.24,0.0
beledweyne,2025110402,4.74,45.2,0.0,22.84,3.52,5.34,82.38,0.0
beledweyne,2025110403,4.74,45.2,116.57,23.11,4.0,5.33,81.47,0.0
beledweyne,2025110404,4.74,45.2,343.17,25.24,4.82,5.65,69.66,0.0
beledweyne,2025110405,4.74,45.2,581.62,28.09,4.27,4.84,54.21,0.0
beledweyne,2025110406,4.74,45.2,788.42,31.06,3.21,3.53,43.26,0.0
beledweyne,2025110407,4.74,45.2,920.4,33.55,2.1,2.26,35.83,0.0
beledweyne,2025110408,4.74,45.2,975.35,35.35,1.49,1.55,30.75,0.0
beledweyne,2025110409,4.74,45.2,951.9,36.49,1.39,1.42,27.69,0.0
beledweyne,2025110410,4.74,45.2,846.3,37.08,1.5,1.52,26.02,0.0
beledweyne,2025110411,4.74,45.2,671.78,37.13,1.52,1.54,25.22,0.0
beledweyne,2025110412,4.74,45.2,437.02,36.67,1.49,1.53,25.15,0.0
beledweyne,2025110413,4.74,45.2,198.12,35.74,1.49,1.57,25.96,0.0
beledweyne,2025110414,4.74,45.2,18.35,33.92,1.13,1.74,33.0,0.0
beledweyne,2025110415,4.74,45.2,0.0,32.26,1.3,2.05,37.27,0.0
beledweyne,2025110416,4.74,45.2,0.0,31.61,1.33,2.1,38.32,0.0
beledweyne,2025110417,4.74,45.2,0.0,30.99,1.57,2.64,39.1,0.0
beledweyne,2025110418,4.74,45.2,0.0,29.97,3.42,5.55,41.29,0.0
beledweyne,2025110419,4.74,45.2,0.0,28.14,6.02,8.35,50.53,0.0
beledweyne,2025110420,4.74,45.2,0.0,26.46,7.02,9.14,60.84,0.0
beledweyne,2025110421,4.74,45.2,0.0,25.13,6.35,8.0,69.21,0.0
beledweyne,2025110422,4.74,45.2,0.0,24.47,5.34,6.82,72.67,0.0
beledweyne,2025110423,4.74,45.2,0.0,24.11,4.33,5.71,74.34,0.0
beledweyne,2025110500,4.74,45.2,0.0,23.75,3.7,5.14,76.19,0.0
beledweyne,2025110501,4.74,45.2,0.0,23.37,3.19,4.77,78.31,0.0
beledweyne,2025110502,4.74,45.2,0.0,23.01,2.88,4.62,80.63,0.0
beledweyne,2025110503,4.74,45.2,115.62,23.36,3.54,4.74,79.79,0.0
beledweyne,2025110504,4.74,45.2,343.35,25.48,4.4,5.11,69.17,0.0
beledweyne,2025110505,4.74,45.2,588.22,28.23,4.15,4.65,55.21,0.0
beledweyne,2025110506,4.74,45.2,768.08,31.1,3.38,3.64,44.59,0.0
beledweyne,2025110507,4.74,45.2,886.53,33.42,2.47,2.57,37.88,0.0
beledweyne,2025110508,4.74,45.2,889.0,35.06,1.71,1.73,33.38,0.0
beledweyne,2025110509,4.74,45.2,915.88,36.1,1.09,1.03,30.39,0.0
beledweyne,2025110510,4.74,45.2,769.5,36.61,0.67,0.58,28.61,0.0
beledweyne,2025110511,4.74,45.2,648.2,36.69,0.56,0.49,27.79,0.0
beledweyne,2025110512,4.74,45.2,408.02,36.26,0.57,0.54,27.98,0.0
beledweyne,2025110513,4.74,45.2,186.35,35.31,0.55,0.56,29.29,0.0
beledweyne,2025110514,4.74,45.2,17.1,34.11,0.42,0.5,33.58,0.0
beledweyne,2025110515,4.74,45.2,0.0,32.9,0.42,0.61,39.32,0.0
beledweyne,2025110516,4.74,45.2,0.0,32.07,0.94,1.61,40.71,0.0
beledweyne,2025110517,4.74,45.2,0.0,31.28,1.69,3.33,40.93,0.0
beledweyne,2025110518,4.74,45.2,0.0,30.39,3.37,5.42,43.47,0.0
beledweyne,2025110519,4.74,45.2,0.0,29.4,4.96,7.38,47.98,0.0
beledweyne,2025110520,4.74,45.2,0.0,28.32,6.18,8.45,54.66,0.0
beledweyne,2025110521,4.74,45.2,0.0,26.95,6.49,8.39,63.16,0.0
beledweyne,2025110522,4.74,45.2,0.0,25.84,5.82,7.41,69.82,0.0
beledweyne,2025110523,4.74,45.2,0.0,25.21,5.12,6.57,73.14,0.0
beledweyne,2025110600,4.74,45.2,0.0,24.8,4.56,5.94,75.25,0.0
beledweyne,2025110601,4.74,45.2,0.0,24.47,4.09,5.51,76.93,0.0
beledweyne,2025110602,4.74,45.2,0.0,24.17,3.79,5.32,78.58,0.0
beledweyne,2025110603,4.74,45.2,105.35,24.46,4.34,5.53,77.34,0.0
beledweyne,2025110604,4.74,45.2,299.67,26.21,4.76,5.48,68.93,0.0
beledweyne,2025110605,4.74,45.2,494.08,28.6,4.35,4.83,58.33,0.0
beledweyne,2025110606,4.74,45.2,696.35,31.04,3.76,4.06,49.16,0.0
beledweyne,2025110607,4.74,45.2,852.2,33.16,3.12,3.31,41.99,0.0
beledweyne,2025110608,4.74,45.2,902.28,34.74,2.59,2.72,36.87,0.0
beledweyne,2025110609,4.74,45.2,895.25,35.73,2.19,2.28,33.56,0.0
beledweyne,2025110610,4.74,45.2,842.33,36.22,1.95,2.06,31.83,0.0
beledweyne,2025110611,4.74,45.2,645.72,36.3,1.94,2.06,31.11,0.0
beledweyne,2025110612,4.74,45.2,415.48,35.99,2.11,2.28,31.1,0.0
beledweyne,2025110613,4.74,45.2,190.77,35.12,2.26,2.5,32.2,0.0
beledweyne,2025110614,4.74,45.2,17.6,33.55,1.92,2.71,36.72,0.0
beledweyne,2025110615,4.74,45.2,0.0,31.79,1.56,2.91,43.72,0.0
beledweyne,2025110616,4.74,45.2,0.0,31.19,1.7,3.11,44.53,0.0
beledweyne,2025110617,4.74,45.2,0.0,30.64,1.93,3.61,44.92,0.0
beledweyne,2025110618,4.74,45.2,0.0,30.06,2.76,5.04,45.01,0.0
beledweyne,2025110619,4.74,45.2,0.0,29.42,4.56,7.11,46.17,0.0
beledweyne,2025110620,4.74,45.2,0.0,28.33,6.14,8.58,51.39,0.0
beledweyne,2025110621,4.74,45.2,0.0,26.96,6.69,8.64,59.36,0.0
beledweyne,2025110622,4.74,45.2,0.0,25.75,6.06,7.7,66.43,0.0
beledweyne,2025110623,4.74,45.2,0.0,25.03,5.45,6.98,70.0,0.0
beledweyne,2025110700,4.74,45.2,0.0,24.55,4.8,6.2,71.9,0.0
beledweyne,2025110701,4.74,45.2,0.0,24.13,4.23,5.66,73.62,0.0
beledweyne,2025110702,4.74,45.2,0.0,23.68,3.74,5.3,75.91,0.01
beledweyne,2025110703,4.74,45.2,118.95,23.75,4.2,5.48,76.19,0.01
beledweyne,2025110704,4.74,45.2,350.6,25.37,5.13,5.99,67.88,0.01
beledweyne,2025110705,4.74,45.2,596.75,27.69,5.27,6.0,56.23,0.0
beledweyne,2025110706,4.74,45.2,792.5,30.1,5.06,5.66,47.09,0.0
beledweyne,2025110707,4.74,45.2,922.3,32.26,4.71,5.22,40.39,0.0
beledweyne,2025110708,4.74,45.2,977.03,34.04,4.41,4.86,35.18,0.0
beledweyne,2025110709,4.74,45.2,941.25,35.36,4.2,4.64,31.31,0.0
beledweyne,2025110710,4.74,45.2,842.65,36.17,4.12,4.57,28.77,0.0
beledweyne,2025110711,4.74,45.2,668.0,36.39,4.12,4.59,27.53,0.0
beledweyne,2025110712,4.74,45.2,443.8,36.06,4.16,4.69,27.14,0.0
beledweyne,2025110713,4.74,45.2,200.32,35.14,4.19,4.82,27.89,0.0
beledweyne,2025110714,4.74,45.2,18.12,32.98,3.05,4.95,33.25,0.0
beledweyne,2025110715,4.74,45.2,0.0,30.32,2.66,5.52,40.52,0.0
beledweyne,2025110716,4.74,45.2,0.0,29.69,3.02,6.4,40.9,0.0
beledweyne,2025110717,4.74,45.2,0.0,29.28,3.54,7.25,40.73,0.0
beledweyne,2025110718,4.74,45.2,0.0,28.62,4.15,7.91,41.07,0.0
beledweyne,2025110719,4.74,45.2,0.0,27.88,4.99,8.4,42.39,0.0
beledweyne,2025110720,4.74,45.2,0.0,26.95,5.74,8.7,46.83,0.0
beledweyne,2025110721,4.74,45.2,0.0,25.86,5.75,8.26,55.0,0.0
beledweyne,2025110722,4.74,45.2,0.0,24.72,5.16,7.24,64.03,0.0
beledweyne,2025110723,4.74,45.2,0.0,23.87,4.41,6.22,70.41,0.0
beledweyne,2025110800,4.74,45.2,0.0,23.21,3.91,5.7,74.72,0.0
beledweyne,2025110801,4.74,45.2,0.0,22.75,3.97,5.73,77.51,0.0
beledweyne,2025110802,4.74,45.2,0.0,22.34,3.7,5.4,80.0,0.01
beledweyne,2025110803,4.74,45.2,113.72,22.4,4.16,5.55,80.13,0.02
beledweyne,2025110804,4.74,45.2,344.55,24.02,5.55,6.69,71.11,0.01
beledweyne,2025110805,4.74,45.2,584.03,26.5,6.01,7.01,57.75,0.0
beledweyne,2025110806,4.74,45.2,783.38,29.19,5.91,6.78,47.24,0.0
beledweyne,2025110807,4.74,45.2,916.7,31.62,5.6,6.36,39.73,0.0
beledweyne,2025110808,4.74,45.2,969.03,33.61,5.25,5.92,34.07,0.0
beledweyne,2025110809,4.74,45.2,938.97,35.07,4.89,5.49,29.69,0.0
beledweyne,2025110810,4.74,45.2,844.03,35.95,4.6,5.16,26.41,0.0
beledweyne,2025110811,4.74,45.2,671.7,36.21,4.4,4.95,24.31,0.0
beledweyne,2025110812,4.74,45.2,447.2,35.88,4.32,4.9,23.25,0.0
beledweyne,2025110813,4.74,45.2,202.55,34.92,4.33,5.01,23.29,0.0
beledweyne,2025110814,4.74,45.2,18.5,32.27,2.98,5.24,29.08,0.0
beledweyne,2025110815,4.74,45.2,0.0,29.13,2.93,6.0,35.47,0.0
beledweyne,2025110816,4.74,45.2,0.0,28.27,3.25,6.96,35.25,0.0
beledweyne,2025110817,4.74,45.2,0.0,27.5,3.63,7.77,35.16,0.0
beledweyne,2025110818,4.74,45.2,0.0,26.73,4.19,8.34,36.31,0.0
beledweyne,2025110819,4.74,45.2,0.0,25.9,4.94,8.7,41.08,0.0
beledweyne,2025110820,4.74,45.2,0.0,25.05,5.28,8.29,51.59,0.0
beledweyne,2025110821,4.74,45.2,0.0,24.08,4.54,6.96,64.96,0.0
beledweyne,2025110822,4.74,45.2,0.0,23.2,3.37,5.6,75.3,0.0
beledweyne,2025110823,4.74,45.2,0.0,22.41,2.52,4.84,82.36,0.0
beledweyne,2025110900,4.74,45.2,0.0,21.86,2.33,4.7,86.84,0.0
beledweyne,2025110901,4.74,45.2,0.0,21.6,2.6,4.66,89.3,0.01
beledweyne,2025110902,4.74,45.2,0.0,21.39,2.69,4.65,91.18,0.02
beledweyne,2025110903,4.74,45.2,114.4,21.9,3.7,5.07,89.09,0.03
beledweyne,2025110904,4.74,45.2,327.67,23.91,5.22,6.31,77.26,0.01
beledweyne,2025110905,4.74,45.2,539.83,26.73,5.59,6.5,61.25,0.0
beledweyne,2025110906,4.74,45.2,766.67,29.59,5.4,6.17,48.45,0.0
beledweyne,2025110907,4.74,45.2,898.17,32.07,5.05,5.69,39.55,0.0
beledweyne,2025110908,4.74,45.2,953.25,33.98,4.64,5.19,33.53,0.0
beledweyne,2025110909,4.74,45.2,924.78,35.27,4.25,4.72,29.56,0.0
beledweyne,2025110910,4.74,45.2,772.7,35.99,3.94,4.36,27.17,0.0
beledweyne,2025110911,4.74,45.2,633.33,36.16,3.68,4.08,25.96,0.0
beledweyne,2025110912,4.74,45.2,414.02,35.75,3.5,3.9,25.98,0.0
beledweyne,2025110913,4.74,45.2,189.98,34.79,3.34,3.79,27.09,0.0
beledweyne,2025110914,4.74,45.2,18.3,32.6,2.31,3.81,33.5,0.0
beledweyne,2025110915,4.74,45.2,0.0,30.25,2.22,4.24,39.78,0.0
beledweyne,2025110916,4.74,45.2,0.0,29.43,2.43,4.83,40.52,0.0
beledweyne,2025110917,4.74,45.2,0.0,28.63,2.64,5.42,41.12,0.0
beledweyne,2025110918,4.74,45.2,0.0,27.87,2.87,6.05,41.83,0.0
beledweyne,2025110919,4.74,45.2,0.0,27.11,3.3,6.64,43.86,0.0
beledweyne,2025110920,4.74,45.2,0.0,26.27,3.97,7.1,49.45,0.0
beledweyne,2025110921,4.74,45.2,0.0,25.36,4.61,7.17,59.89,0.0
beledweyne,2025110922,4.74,45.2,0.0,24.43,4.65,6.86,72.39,0.0
beledweyne,2025110923,4.74,45.2,0.0,23.8,4.3,6.22,81.36,0.0
beledweyne,2025111000,4.74,45.2,0.0,23.45,3.9,5.59,86.02,0.0
beledweyne,2025111001,4.74,45.2,0.0,23.27,3.62,5.34,87.28,0.01
beledweyne,2025111002,4.74,45.2,0.0,23.11,3.49,5.16,88.1,0.02
beledweyne,2025111003,4.74,45.2,84.97,23.4,3.88,5.08,86.47,0.02
beledweyne,2025111004,4.74,45.2,265.0,25.19,4.78,5.6,75.5,0.01
beledweyne,2025111005,4.74,45.2,452.15,27.84,4.94,5.61,60.84,0.0
beledweyne,2025111006,4.74,45.2,684.25,30.53,4.78,5.35,48.77,0.0
beledweyne,2025111007,4.74,45.2,871.1,32.85,4.51,5.0,39.86,0.0
beledweyne,2025111008,4.74,45.2,952.22,34.59,4.2,4.65,33.99,0.0
beledweyne,2025111009,4.74,45.2,926.9,35.8,3.86,4.23,30.08,0.0
beledweyne,2025111010,4.74,45.2,750.78,36.48,3.47,3.78,27.58,0.0
beledweyne,2025111011,4.74,45.2,646.67,36.62,3.14,3.43,26.21,0.0
beledweyne,2025111012,4.74,45.2,419.33,36.24,2.93,3.22,25.93,0.0
beledweyne,2025111013,4.74,45.2,199.2,35.32,2.83,3.16,26.68,0.0
beledweyne,2025111014,4.74,45.2,19.02,33.13,2.07,3.29,33.08,0.0
beledweyne,2025111015,4.74,45.2,0.0,30.7,2.1,3.84,38.64,0.0
beledweyne,2025111016,4.74,45.2,0.0,29.97,2.41,4.58,39.84,0.0
beledweyne,2025111017,4.74,45.2,0.0,29.54,2.78,5.44,40.75,0.0
beledweyne,2025111018,4.74,45.2,0.0,28.97,3.48,6.5,42.91,0.0
beledweyne,2025111019,4.74,45.2,0.0,28.16,4.85,7.71,48.68,0.0
beledweyne,2025111020,4.74,45.2,0.0,26.94,5.59,8.03,59.13,0.0
beledweyne,2025111021,4.74,45.2,0.0,25.88,5.66,7.57,69.24,0.0
beledweyne,2025111022,4.74,45.2,0.0,25.06,4.94,6.54,76.14,0.0
beledweyne,2025111023,4.74,45.2,0.0,24.55,4.3,5.74,79.39,0.01
beledweyne,2025111100,4.74,45.2,0.0,24.18,3.79,5.21,81.6,0.01
beledweyne,2025111101,4.74,45.2,0.0,23.9,3.56,4.97,83.34,0.02
beledweyne,2025111102,4.74,45.2,0.0,23.67,3.44,4.9,84.7,0.02
beledweyne,2025111103,4.74,45.2,71.28,23.86,3.83,4.97,83.73,0.02
beledweyne,2025111104,4.74,45.2,216.57,25.41,4.46,5.24,74.79,0.01
beledweyne,2025111105,4.74,45.2,367.95,27.99,4.6,5.25,60.92,0.0
beledweyne,2025111106,4.74,45.2,567.12,30.73,4.47,4.99,49.33,0.0
beledweyne,2025111107,4.74,45.2,741.5,33.14,4.11,4.52,40.47,0.0
beledweyne,2025111108,4.74,45.2,888.53,34.93,3.69,4.02,34.43,0.0
beledweyne,2025111109,4.74,45.2,858.65,36.16,3.32,3.59,30.35,0.0
beledweyne,2025111110,4.74,45.2,828.83,36.84,3.01,3.25,27.77,0.0
beledweyne,2025111111,4.74,45.2,635.62,36.97,2.84,3.07,26.41,0.0
beledweyne,2025111112,4.74,45.2,400.15,36.6,2.78,3.04,26.0,0.0
beledweyne,2025111113,4.74,45.2,186.48,35.68,2.82,3.16,26.64,0.0
beledweyne,2025111114,4.74,45.2,17.27,33.62,2.16,3.44,32.22,0.0
beledweyne,2025111115,4.74,45.2,0.0,31.4,2.15,4.18,38.15,0.0
beledweyne,2025111116,4.74,45.2,0.0,30.92,2.46,5.08,38.3,0.0
beledweyne,2025111117,4.74,45.2,0.0,30.47,3.17,6.12,38.69,0.0
beledweyne,2025111118,4.74,45.2,0.0,29.83,4.77,7.7,41.56,0.0
beledweyne,2025111119,4.74,45.2,0.0,28.46,6.49,8.87,50.63,0.0
beledweyne,2025111120,4.74,45.2,0.0,26.77,7.01,9.01,62.71,0.0
beledweyne,2025111121,4.74,45.2,0.0,25.48,6.4,8.16,71.84,0.0
beledweyne,2025111122,4.74,45.2,0.0,24.81,5.51,7.03,75.53,0.01
beledweyne,2025111123,4.74,45.2,0.0,24.4,4.88,6.36,77.5,0.01
beledweyne,2025111200,4.74,45.2,0.0,24.0,4.53,6.07,79.72,0.03
beledweyne,2025111201,4.74,45.2,0.0,23.71,4.29,5.83,81.74,0.04
beledweyne,2025111202,4.74,45.2,0.0,23.51,4.1,5.7,82.95,0.04
beledweyne,2025111203,4.74,45.2,102.55,23.69,4.5,5.87,82.01,0.05
beledweyne,2025111204,4.74,45.2,312.45,25.21,5.18,6.13,73.09,0.02
beledweyne,2025111205,4.74,45.2,524.4,27.55,5.23,6.01,60.62,0.0
beledweyne,2025111206,4.74,45.2,583.12,30.25,5.02,5.65,49.78,0.0
beledweyne,2025111207,4.74,45.2,716.1,32.66,4.64,5.16,41.53,0.0
beledweyne,2025111208,4.74,45.2,792.38,34.56,4.26,4.7,35.52,0.0
beledweyne,2025111209,4.74,45.2,790.12,35.86,3.91,4.31,31.6,0.0
beledweyne,2025111210,4.74,45.2,761.83,36.49,3.64,4.01,29.61,0.0
beledweyne,2025111211,4.74,45.2,614.12,36.54,3.47,3.83,28.72,0.0
beledweyne,2025111212,4.74,45.2,391.55,36.07,3.44,3.8,28.97,0.0
beledweyne,2025111213,4.74,45.2,172.25,35.02,3.48,3.94,30.42,0.0
beledweyne,2025111214,4.74,45.2,16.3,33.24,2.82,4.19,34.85,0.0
beledweyne,2025111215,4.74,45.2,0.0,31.45,2.2,4.76,40.5,0.0
beledweyne,2025111216,4.74,45.2,0.0,31.01,2.56,5.45,41.15,0.0
beledweyne,2025111217,4.74,45.2,0.0,30.54,3.21,6.23,42.16,0.0
beledweyne,2025111218,4.74,45.2,0.0,29.88,4.57,7.41,44.88,0.0
beledweyne,2025111219,4.74,45.2,0.0,28.57,6.17,8.5,52.38,0.0
beledweyne,2025111220,4.74,45.2,0.0,26.8,6.67,8.58,63.19,0.0
beledweyne,2025111221,4.74,45.2,0.0,25.43,6.11,7.75,71.74,0.0
beledweyne,2025111222,4.74,45.2,0.0,24.66,5.45,6.96,76.23,0.0
beledweyne,2025111223,4.74,45.2,0.0,24.22,4.82,6.25,78.35,0.0
beledweyne,2025111300,4.74,45.2,0.0,23.87,4.56,6.05,80.2,0.01
beledweyne,2025111301,4.74,45.2,0.0,23.6,4.49,5.95,82.0,0.01
beledweyne,2025111302,4.74,45.2,0.0,23.37,4.33,5.82,83.7,0.02
beledweyne,2025111303,4.74,45.2,87.32,23.6,4.65,6.01,82.73,0.03
beledweyne,2025111304,4.74,45.2,224.82,25.32,5.41,6.43,72.77,0.01
beledweyne,2025111305,4.74,45.2,372.42,27.85,5.57,6.43,59.57,0.01
beledweyne,2025111306,4.74,45.2,571.65,30.41,5.43,6.16,49.36,0.01
beledweyne,2025111307,4.74,45.2,758.47,32.71,5.12,5.76,41.74,0.01
beledweyne,2025111308,4.74,45.2,888.03,34.54,4.78,5.34,35.94,0.01
beledweyne,2025111309,4.74,45.2,847.42,35.8,4.45,4.94,31.77,0.01
beledweyne,2025111310,4.74,45.2,527.9,36.47,4.14,4.59,29.21,0.0
beledweyne,2025111311,4.74,45.2,570.67,36.66,3.94,4.37,27.88,0.0
beledweyne,2025111312,4.74,45.2,385.23,36.26,3.84,4.28,27.87,0.0
beledweyne,2025111313,4.74,45.2,181.7,35.3,3.76,4.28,28.96,0.0
beledweyne,2025111314,4.74,45.2,17.6,33.44,2.8,4.29,33.14,0.0
beledweyne,2025111315,4.74,45.2,0.0,31.39,2.19,4.64,38.95,0.0
beledweyne,2025111316,4.74,45.2,0.0,30.83,2.39,5.15,39.58,0.0
beledweyne,2025111317,4.74,45.2,0.0,30.39,2.64,5.68,40.0,0.0
beledweyne,2025111318,4.74,45.2,0.0,29.86,3.05,6.17,40.98,0.0
beledweyne,2025111319,4.74,45.2,0.0,29.2,3.86,6.71,43.56,0.0
beledweyne,2025111320,4.74,45.2,0.0,28.23,5.0,7.37,49.96,0.0
beledweyne,2025111321,4.74,45.2,0.0,26.92,5.85,7.86,60.26,0.0
beledweyne,2025111322,4.74,45.2,0.0,25.61,5.83,7.58,71.03,0.0
beledweyne,2025111323,4.74,45.2,0.0,24.76,5.23,6.7,77.99,0.0
beledweyne,2025111400,4.74,45.2,0.0,24.31,4.58,5.95,81.05,0.01
beledweyne,2025111401,4.74,45.2,0.0,24.08,4.29,5.57,82.17,0.02
beledweyne,2025111402,4.74,45.2,0.0,23.84,3.97,5.27,83.37,0.04
beledweyne,2025111403,4.74,45.2,92.82,23.97,4.2,5.39,82.31,0.07
beledweyne,2025111404,4.74,45.2,260.15,25.5,4.92,5.8,73.0,0.03
beledweyne,2025111405,4.74,45.2,430.3,27.99,5.02,5.74,60.09,0.02
beledweyne,2025111406,4.74,45.2,642.8,30.58,4.75,5.34,49.4,0.02
beledweyne,2025111407,4.74,45.2,816.12,32.87,4.3,4.77,41.18,0.01
beledweyne,2025111408,4.74,45.2,908.38,34.7,3.86,4.27,35.03,0.01
beledweyne,2025111409,4.74,45.2,856.62,35.91,3.55,3.91,30.89,0.01
beledweyne,2025111410,4.74,45.2,691.72,36.6,3.36,3.71,28.36,0.01
beledweyne,2025111411,4.74,45.2,635.75,36.77,3.25,3.59,27.12,0.01
beledweyne,2025111412,4.74,45.2,417.1,36.36,3.21,3.56,27.14,0.01
beledweyne,2025111413,4.74,45.2,189.45,35.41,3.2,3.61,28.22,0.01
beledweyne,2025111414,4.74,45.2,17.77,33.47,2.48,3.78,32.76,0.0
beledweyne,2025111415,4.74,45.2,0.0,31.29,2.21,4.46,38.87,0.0
beledweyne,2025111416,4.74,45.2,0.0,30.8,2.58,5.3,39.52,0.0
beledweyne,2025111417,4.74,45.2,0.0,30.45,2.98,6.06,40.13,0.0
beledweyne,2025111418,4.74,45.2,0.0,29.95,3.5,6.69,41.5,0.0
beledweyne,2025111419,4.74,45.2,0.0,29.16,4.37,7.29,45.08,0.0
beledweyne,2025111420,4.74,45.2,0.0,27.91,5.43,7.83,53.33,0.0
beledweyne,2025111421,4.74,45.2,0.0,26.43,5.74,7.7,64.8,0.0
beledweyne,2025111422,4.74,45.2,0.0,25.25,5.39,6.97,74.57,0.0
beledweyne,2025111423,4.74,45.2,0.0,24.61,4.8,6.16,79.8,0.01
beledweyne,2025111500,4.74,45.2,0.0,24.25,4.28,5.61,82.16,0.02
beledweyne,2025111501,4.74,45.2,0.0,24.03,4.0,5.38,83.6,0.03
beledweyne,2025111502,4.74,45.2,0.0,23.89,3.91,5.42,84.37,0.04
beledweyne,2025111503,4.74,45.2,85.45,24.1,4.21,5.44,83.42,0.06
beledweyne,2025111504,4.74,45.2,235.73,25.75,4.77,5.62,74.49,0.07
beledweyne,2025111505,4.74,45.2,402.55,28.27,4.89,5.61,61.36,0.09
beledweyne,2025111506,4.74,45.2,612.92,30.81,4.66,5.24,50.39,0.05
beledweyne,2025111507,4.74,45.2,810.3,33.06,4.26,4.76,41.56,0.04
beledweyne,2025111508,4.74,45.2,897.3,34.78,3.88,4.33,35.15,0.02
beledweyne,2025111509,4.74,45.2,882.67,35.99,3.55,3.94,30.91,0.02
beledweyne,2025111510,4.74,45.2,725.4,36.69,3.19,3.55,28.48,0.01
beledweyne,2025111511,4.74,45.2,616.42,36.89,2.92,3.24,27.23,0.01
beledweyne,2025111512,4.74,45.2,394.23,36.51,2.77,3.09,27.09,0.01
beledweyne,2025111513,4.74,45.2,178.77,35.57,2.77,3.12,28.0,0.0
beledweyne,2025111514,4.74,45.2,16.88,33.67,2.23,3.36,32.93,0.0
beledweyne,2025111515,4.74,45.2,0.0,31.77,2.17,4.28,38.48,0.0
beledweyne,2025111516,4.74,45.2,0.0,31.31,2.81,5.55,38.62,0.0
beledweyne,2025111517,4.74,45.2,0.0,30.87,3.8,6.93,39.35,0.0
beledweyne,2025111518,4.74,45.2,0.0,30.24,5.38,8.2,42.51,0.0
beledweyne,2025111519,4.74,45.2,0.0,28.96,6.53,8.87,50.19,0.0
beledweyne,2025111520,4.74,45.2,0.0,27.33,6.49,8.53,60.38,0.0
beledweyne,2025111521,4.74,45.2,0.0,26.03,5.86,7.59,68.94,0.0
beledweyne,2025111522,4.74,45.2,0.0,25.13,5.15,6.69,75.14,0.01
beledweyne,2025111523,4.74,45.2,0.0,24.54,4.7,6.19,79.55,0.03
beledweyne,2025111600,4.74,45.2,0.0,24.17,4.45,5.94,82.54,0.04
beledweyne,2025111601,4.74,45.2,0.0,23.98,4.17,5.62,84.18,0.04
beledweyne,2025111602,4.74,45.2,0.0,23.86,3.87,5.41,85.02,0.04
beledweyne,2025111603,4.74,45.2,80.4,24.12,4.15,5.43,83.71,0.05
beledweyne,2025111604,4.74,45.2,230.27,25.7,4.57,5.37,74.92,0.07
beledweyne,2025111605,4.74,45.2,424.65,28.38,4.53,5.2,60.82,0.09
beledweyne,2025111606,4.74,45.2,678.95,31.15,4.37,4.9,49.07,0.06
beledweyne,2025111607,4.74,45.2,837.58,33.44,4.09,4.54,40.52,0.04
beledweyne,2025111608,4.74,45.2,894.35,35.14,3.88,4.3,34.41,0.03
beledweyne,2025111609,4.74,45.2,882.42,36.29,3.73,4.12,30.41,0.02
beledweyne,2025111610,4.74,45.2,761.22,36.92,3.58,3.95,28.13,0.02
beledweyne,2025111611,4.74,45.2,622.3,37.05,3.5,3.87,27.12,0.02
beledweyne,2025111612,4.74,45.2,397.8,36.63,3.53,3.91,27.24,0.01
beledweyne,2025111613,4.74,45.2,178.57,35.58,3.65,4.13,28.57,0.01
beledweyne,2025111614,4.74,45.2,16.65,33.79,3.08,4.6,32.86,0.0
beledweyne,2025111615,4.74,45.2,0.0,32.01,2.78,5.61,38.07,0.0
beledweyne,2025111616,4.74,45.2,0.0,31.52,3.49,6.62,38.84,0.0
beledweyne,2025111617,4.74,45.2,0.0,31.02,4.42,7.35,40.23,0.0
beledweyne,2025111618,4.74,45.2,0.0,30.27,5.25,7.9,43.34,0.0
beledweyne,2025111619,4.74,45.2,0.0,29.15,6.28,8.62,49.61,0.0
beledweyne,2025111620,4.74,45.2,0.0,27.68,6.19,8.24,58.51,0.0
beledweyne,2025111621,4.74,45.2,0.0,26.46,5.57,7.25,66.74,0.0
beledweyne,2025111622,4.74,45.2,0.0,25.58,4.9,6.39,72.79,0.0
beledweyne,2025111623,4.74,45.2,0.0,24.97,4.3,5.63,76.9,0.0
beledweyne,2025111700,4.74,45.2,0.0,24.55,3.98,5.33,79.53,0.0
beledweyne,2025111701,4.74,45.2,0.0,24.31,4.14,5.47,80.89,0.0
beledweyne,2025111702,4.74,45.2,0.0,24.13,4.16,5.47,81.93,0.0
beledweyne,2025111703,4.74,45.2,89.0,24.34,4.67,5.93,80.96,0.0
beledweyne,2025111704,4.74,45.2,282.5,26.05,5.61,6.63,71.33,0.0
beledweyne,2025111705,4.74,45.2,500.15,28.5,6.06,7.01,58.61,0.0
beledweyne,2025111706,4.74,45.2,632.4,31.07,6.15,7.01,48.03,0.0
beledweyne,2025111707,4.74,45.2,820.0,33.34,6.01,6.78,40.21,0.0
beledweyne,2025111708,4.74,45.2,911.08,35.12,5.8,6.51,34.72,0.0
beledweyne,2025111709,4.74,45.2,839.7,36.32,5.5,6.16,31.28,0.0
beledweyne,2025111710,4.74,45.2,811.33,36.95,5.19,5.81,29.4,0.0
beledweyne,2025111711,4.74,45.2,647.4,37.06,4.9,5.51,28.51,0.0
beledweyne,2025111712,4.74,45.2,431.0,36.56,4.69,5.31,28.66,0.0
beledweyne,2025111713,4.74,45.2,200.7,35.59,4.51,5.23,29.62,0.0
beledweyne,2025111714,4.74,45.2,19.1,33.88,3.53,5.15,32.7,0.0
beledweyne,2025111715,4.74,45.2,0.0,32.06,2.49,5.46,37.22,0.0
beledweyne,2025111716,4.74,45.2,0.0,31.47,2.8,6.03,37.74,0.0
beledweyne,2025111717,4.74,45.2,0.0,30.94,3.19,6.51,38.22,0.0
beledweyne,2025111718,4.74,45.2,0.0,30.33,3.76,6.84,39.48,0.0
beledweyne,2025111719,4.74,45.2,0.0,29.47,4.61,7.22,43.29,0.0
beledweyne,2025111720,4.74,45.2,0.0,28.27,5.34,7.51,51.0,0.0
beledweyne,2025111721,4.74,45.2,0.0,26.87,5.61,7.41,61.51,0.0
beledweyne,2025111722,4.74,45.2,0.0,25.69,5.34,6.88,71.07,0.0
beledweyne,2025111723,4.74,45.2,0.0,24.89,4.73,6.09,77.38,0.0
beledweyne,2025111800,4.74,45.2,0.0,24.49,4.18,5.46,80.31,0.0
beledweyne,2025111801,4.74,45.2,0.0,24.33,4.13,5.48,81.37,0.0
beledweyne,2025111802,4.74,45.2,0.0,24.27,4.21,5.57,81.67,0.0
beledweyne,2025111803,4.74,45.2,95.57,24.56,4.47,5.67,80.32,0.0
beledweyne,2025111804,4.74,45.2,293.45,26.3,5.51,6.63,71.13,0.0
beledweyne,2025111805,4.74,45.2,494.9,28.66,6.08,7.13,59.49,0.0
beledweyne,2025111806,4.74,45.2,688.55,31.1,6.04,6.96,49.67,0.0
beledweyne,2025111807,4.74,45.2,849.22,33.33,5.77,6.6,41.64,0.0
beledweyne,2025111808,4.74,45.2,928.28,35.17,5.44,6.19,35.11,0.0
beledweyne,2025111809,4.74,45.2,879.17,36.5,5.12,5.81,30.38,0.0
beledweyne,2025111810,4.74,45.2,791.1,37.27,4.87,5.53,27.37,0.0
beledweyne,2025111811,4.74,45.2,571.7,37.47,4.68,5.34,25.68,0.0
beledweyne,2025111812,4.74,45.2,351.33,37.07,4.6,5.27,25.21,0.0
beledweyne,2025111813,4.74,45.2,163.98,36.11,4.55,5.32,25.81,0.0
beledweyne,2025111814,4.74,45.2,16.2,34.1,3.48,5.44,29.32,0.0
beledweyne,2025111815,4.74,45.2,0.0,32.05,2.86,6.09,33.89,0.0
beledweyne,2025111816,4.74,45.2,0.0,31.65,3.54,6.97,34.33,0.0
beledweyne,2025111817,4.74,45.2,0.0,31.27,4.44,7.59,35.24,0.0
beledweyne,2025111818,4.74,45.2,0.0,30.55,5.23,8.01,38.07,0.0
beledweyne,2025111819,4.74,45.2,0.0,29.44,5.94,8.39,44.16,0.0
beledweyne,2025111820,4.74,45.2,0.0,27.95,6.01,8.16,53.72,0.0
beledweyne,2025111821,4.74,45.2,0.0,26.59,5.84,7.69,63.44,0.0
beledweyne,2025111822,4.74,45.2,0.0,25.66,4.96,6.55,69.92,0.0
beledweyne,2025111823,4.74,45.2,0.0,25.03,4.23,5.74,73.93,0.0
beledweyne,2025111900,4.74,45.2,0.0,24.55,4.14,5.78,76.65,0.0
beledweyne,2025111901,4.74,45.2,0.0,24.22,4.77,6.48,78.32,0.0
beledweyne,2025111902,4.74,45.2,0.0,23.93,5.54,7.33,78.99,0.0
beledweyne,2025111903,4.74,45.2,101.5,23.98,6.33,8.14,76.58,0.0
beledweyne,2025111904,4.74,45.2,314.52,25.31,7.18,8.69,67.28,0.0
beledweyne,2025111905,4.74,45.2,530.22,27.57,7.36,8.69,55.63,0.0
beledweyne,2025111906,4.74,45.2,767.45,30.2,7.23,8.41,45.3,0.0
beledweyne,2025111907,4.74,45.2,906.6,32.61,6.9,7.93,37.55,0.0
beledweyne,2025111908,4.74,45.2,963.33,34.52,6.56,7.48,31.81,0.0
beledweyne,2025111909,4.74,45.2,929.67,35.91,6.23,7.07,27.61,0.0
beledweyne,2025111910,4.74,45.2,832.5,36.68,5.95,6.75,24.86,0.0
beledweyne,2025111911,4.74,45.2,673.78,36.84,5.74,6.53,23.25,0.0
beledweyne,2025111912,4.74,45.2,451.67,36.41,5.58,6.4,22.47,0.0
beledweyne,2025111913,4.74,45.2,208.65,35.41,5.4,6.34,22.59,0.0
beledweyne,2025111914,4.74,45.2,20.02,33.12,3.91,6.29,25.3,0.0
beledweyne,2025111915,4.74,45.2,0.0,30.0,3.16,7.02,30.22,0.0
beledweyne,2025111916,4.74,45.2,0.0,29.23,3.64,7.95,30.32,0.0
beledweyne,2025111917,4.74,45.2,0.0,28.49,4.13,8.53,30.71,0.0
beledweyne,2025111918,4.74,45.2,0.0,27.67,4.59,8.73,31.89,0.0
beledweyne,2025111919,4.74,45.2,0.0,26.75,5.1,8.81,35.11,0.0
beledweyne,2025111920,4.74,45.2,0.0,25.8,5.7,8.86,42.48,0.0
beledweyne,2025111921,4.74,45.2,0.0,24.81,5.47,8.14,54.67,0.0
beledweyne,2025111922,4.74,45.2,0.0,23.86,4.51,6.81,67.29,0.0
beledweyne,2025111923,4.74,45.2,0.0,23.11,4.07,6.32,76.59,0.0
beledweyne,2025112000,4.74,45.2,0.0,22.58,4.01,6.1,81.65,0.0
beledweyne,2025112001,4.74,45.2,0.0,22.26,4.3,6.4,84.41,0.0
beledweyne,2025112002,4.74,45.2,0.0,22.21,5.02,6.98,85.04,0.0
beledweyne,2025112003,4.74,45.2,99.0,22.62,5.57,7.32,82.24,0.0
beledweyne,2025112004,4.74,45.2,321.35,24.43,7.06,8.71,71.01,0.0
beledweyne,2025112005,4.74,45.2,548.17,26.86,7.33,8.7,58.66,0.0
beledweyne,2025112006,4.74,45.2,730.05,29.47,6.97,8.11,48.12,0.0
beledweyne,2025112007,4.74,45.2,870.08,31.92,6.59,7.6,39.47,0.0
beledweyne,2025112008,4.74,45.2,928.33,33.93,6.33,7.26,33.02,0.0
beledweyne,2025112009,4.74,45.2,936.7,35.38,6.0,6.86,28.37,0.0
beledweyne,2025112010,4.74,45.2,842.0,36.23,5.65,6.45,25.14,0.0
beledweyne,2025112011,4.74,45.2,674.4,36.49,5.4,6.17,23.11,0.0
beledweyne,2025112012,4.74,45.2,452.42,36.18,5.24,6.04,22.18,0.0
beledweyne,2025112013,4.74,45.2,210.3,35.22,5.11,6.02,22.29,0.0
beledweyne,2025112014,4.74,45.2,20.45,32.73,3.6,6.02,25.43,0.0
beledweyne,2025112015,4.74,45.2,0.0,29.52,3.1,6.75,30.58,0.0
beledweyne,2025112016,4.74,45.2,0.0,28.78,3.48,7.7,31.2,0.0
beledweyne,2025112017,4.74,45.2,0.0,28.05,3.81,8.19,32.12,0.0
beledweyne,2025112018,4.74,45.2,0.0,27.24,3.94,8.26,33.52,0.0
beledweyne,2025112019,4.74,45.2,0.0,26.4,4.13,8.21,35.48,0.0
beledweyne,2025112020,4.74,45.2,0.0,25.59,4.85,8.51,38.83,0.0
beledweyne,2025112021,4.74,45.2,0.0,24.78,5.86,8.85,45.87,0.0
beledweyne,2025112022,4.74,45.2,0.0,23.79,5.54,8.03,57.63,0.0
beledweyne,2025112023,4.74,45.2,0.0,22.86,4.43,6.71,69.93,0.0
beledweyne,2025112100,4.74,45.2,0.0,22.1,3.6,5.83,79.74,0.0
beledweyne,2025112101,4.74,45.2,0.0,21.54,3.28,5.54,85.84,0.0
beledweyne,2025112102,4.74,45.2,0.0,21.4,4.38,6.53,88.24,0.0
beledweyne,2025112103,4.74,45.2,97.15,21.76,5.45,7.28,86.22,0.0
beledweyne,2025112104,4.74,45.2,322.48,23.72,7.4,9.23,73.53,0.0
beledweyne,2025112105,4.74,45.2,564.4,26.32,7.89,9.47,59.33,0.0
beledweyne,2025112106,4.74,45.2,760.2,29.23,7.59,8.89,46.59,0.0
beledweyne,2025112107,4.74,45.2,898.3,31.91,7.16,8.32,36.49,0.0
beledweyne,2025112108,4.74,45.2,961.08,34.04,6.8,7.84,29.48,0.0
beledweyne,2025112109,4.74,45.2,953.55,35.48,6.41,7.34,24.92,0.0
beledweyne,2025112110,4.74,45.2,848.47,36.31,6.01,6.86,22.08,0.0
beledweyne,2025112111,4.74,45.2,687.38,36.52,5.72,6.53,20.48,0.0
beledweyne,2025112112,4.74,45.2,464.77,36.13,5.58,6.43,19.93,0.0
beledweyne,2025112113,4.74,45.2,216.45,35.08,5.53,6.54,20.52,0.0
beledweyne,2025112114,4.74,45.2,20.83,32.5,3.94,6.66,23.8,0.0
beledweyne,2025112115,4.74,45.2,0.0,29.23,3.35,7.44,28.97,0.0
beledweyne,2025112116,4.74,45.2,0.0,28.52,3.74,8.19,29.61,0.0
beledweyne,2025112117,4.74,45.2,0.0,27.77,4.09,8.54,30.46,0.0
beledweyne,2025112118,4.74,45.2,0.0,26.93,4.38,8.58,31.74,0.0
beledweyne,2025112119,4.74,45.2,0.0,26.01,4.74,8.57,34.58,0.0
beledweyne,2025112120,4.74,45.2,0.0,25.14,5.26,8.63,40.76,0.0
beledweyne,2025112121,4.74,45.2,0.0,24.3,5.15,8.15,51.21,0.0
beledweyne,2025112122,4.74,45.2,0.0,23.36,4.05,6.79,63.32,0.0
beledweyne,2025112123,4.74,45.2,0.0,22.54,3.24,5.95,73.63,0.0
beledweyne,2025112200,4.74,45.2,0.0,21.96,3.15,5.81,81.42,0.0
beledweyne,2025112201,4.74,45.2,0.0,21.44,3.13,5.65,86.53,0.0
beledweyne,2025112202,4.74,45.2,0.0,20.98,3.13,5.54,90.21,0.0
beledweyne,2025112203,4.74,45.2,83.75,21.35,3.93,5.54,88.86,0.0
beledweyne,2025112204,4.74,45.2,266.45,23.74,6.48,8.07,75.49,0.0
beledweyne,2025112205,4.74,45.2,461.05,26.63,7.32,8.69,60.15,0.0
beledweyne,2025112206,4.74,45.2,675.85,29.46,6.96,8.06,48.31,0.0
beledweyne,2025112207,4.74,45.2,830.97,31.91,6.39,7.28,39.2,0.0
beledweyne,2025112208,4.74,45.2,906.17,33.79,5.77,6.49,32.47,0.0
beledweyne,2025112209,4.74,45.2,896.92,35.13,5.17,5.77,27.9,0.0
beledweyne,2025112210,4.74,45.2,832.7,35.95,4.69,5.22,24.93,0.0
beledweyne,2025112211,4.74,45.2,658.88,36.15,4.4,4.89,23.47,0.0
beledweyne,2025112212,4.74,45.2,434.38,35.78,4.32,4.84,23.18,0.0
beledweyne,2025112213,4.74,45.2,202.45,34.79,4.35,5.0,24.04,0.0
beledweyne,2025112214,4.74,45.2,19.65,32.65,3.31,5.24,27.23,0.0
beledweyne,2025112215,4.74,45.2,0.0,29.74,2.8,6.04,32.19,0.0
beledweyne,2025112216,4.74,45.2,0.0,29.12,3.17,6.99,32.78,0.0
beledweyne,2025112217,4.74,45.2,0.0,28.49,3.66,7.71,33.54,0.0
beledweyne,2025112218,4.74,45.2,0.0,27.77,4.17,8.06,34.96,0.0
beledweyne,2025112219,4.74,45.2,0.0,26.93,4.63,8.08,38.09,0.0
beledweyne,2025112220,4.74,45.2,0.0,25.95,4.94,7.93,45.27,0.0
beledweyne,2025112221,4.74,45.2,0.0,24.96,4.99,7.59,57.26,0.0
beledweyne,2025112222,4.74,45.2,0.0,24.06,4.75,6.97,70.87,0.0
beledweyne,2025112223,4.74,45.2,0.0,23.41,4.29,6.23,80.61,0.0
beledweyne,2025112300,4.74,45.2,0.0,23.12,4.19,5.88,84.96,0.0
beledweyne,2025112301,4.74,45.2,0.0,22.96,4.12,5.58,86.89,0.0
beledweyne,2025112302,4.74,45.2,0.0,22.85,4.21,5.78,87.05,0.0
beledweyne,2025112303,4.74,45.2,94.22,23.15,5.26,6.84,83.92,0.0
beledweyne,2025112304,4.74,45.2,316.2,24.87,6.38,7.67,72.52,0.0
beledweyne,2025112305,4.74,45.2,538.05,27.31,6.48,7.54,58.9,0.0
beledweyne,2025112306,4.74,45.2,730.08,29.96,6.11,6.97,46.92,0.0
beledweyne,2025112307,4.74,45.2,876.62,32.36,5.61,6.34,38.07,0.0
beledweyne,2025112308,4.74,45.2,942.45,34.3,5.12,5.75,31.78,0.0
beledweyne,2025112309,4.74,45.2,937.42,35.69,4.66,5.21,27.42,0.0
beledweyne,2025112310,4.74,45.2,837.58,36.53,4.24,4.74,24.53,0.0
beledweyne,2025112311,4.74,45.2,677.9,36.78,3.89,4.35,22.95,0.0
beledweyne,2025112312,4.74,45.2,453.3,36.45,3.64,4.09,22.49,0.0
beledweyne,2025112313,4.74,45.2,211.23,35.53,3.48,3.97,23.05,0.0
beledweyne,2025112314,4.74,45.2,20.98,33.18,2.48,4.0,26.61,0.0
beledweyne,2025112315,4.74,45.2,0.0,30.19,2.48,4.49,31.37,0.0
beledweyne,2025112316,4.74,45.2,0.0,29.33,2.7,5.2,32.18,0.0
beledweyne,2025112317,4.74,45.2,0.0,28.55,2.88,5.88,32.97,0.0
beledweyne,2025112318,4.74,45.2,0.0,27.78,3.0,6.44,34.16,0.0
beledweyne,2025112319,4.74,45.2,0.0,27.0,3.26,6.89,36.89,0.0
beledweyne,2025112320,4.74,45.2,0.0,26.12,3.77,7.26,43.64,0.0
beledweyne,2025112321,4.74,45.2,0.0,25.19,4.39,7.29,55.08,0.0
beledweyne,2025112322,4.74,45.2,0.0,24.26,4.54,6.87,68.49,0.0
beledweyne,2025112323,4.74,45.2,0.0,23.56,4.31,6.38,78.94,0.0
beledweyne,2025112400,4.74,45.2,0.0,23.17,3.87,5.63,84.56,0.0
beledweyne,2025112401,4.74,45.2,0.0,23.07,3.71,5.23,86.13,0.0
beledweyne,2025112402,4.74,45.2,0.0,23.1,3.84,5.15,85.87,0.0
beledweyne,2025112403,4.74,45.2,94.82,23.4,4.37,5.7,83.33,0.0
beledweyne,2025112404,4.74,45.2,314.65,25.04,5.68,6.81,71.53,0.0
beledweyne,2025112405,4.74,45.2,549.2,27.45,5.6,6.45,58.03,0.0
beledweyne,2025112406,4.74,45.2,746.3,30.13,5.11,5.78,46.25,0.0
beledweyne,2025112407,4.74,45.2,883.65,32.59,4.54,5.07,37.31,0.0
beledweyne,2025112408,4.74,45.2,946.97,34.6,3.97,4.4,30.96,0.0
beledweyne,2025112409,4.74,45.2,930.42,36.03,3.47,3.84,26.72,0.0
beledweyne,2025112410,4.74,45.2,717.22,36.84,3.13,3.47,24.05,0.0
beledweyne,2025112411,4.74,45.2,649.0,37.09,2.93,3.24,22.5,0.0
beledweyne,2025112412,4.74,45.2,432.17,36.73,2.84,3.16,22.04,0.0
beledweyne,2025112413,4.74,45.2,206.0,35.81,2.82,3.19,22.5,0.0
beledweyne,2025112414,4.74,45.2,21.23,33.46,2.09,3.35,26.19,0.0
beledweyne,2025112415,4.74,45.2,0.0,30.61,2.28,3.96,30.47,0.0
beledweyne,2025112416,4.74,45.2,0.0,29.71,2.59,4.83,31.62,0.0
beledweyne,2025112417,4.74,45.2,0.0,28.93,2.89,5.83,32.79,0.0
beledweyne,2025112418,4.74,45.2,0.0,28.42,3.33,6.91,34.27,0.0
beledweyne,2025112419,4.74,45.2,0.0,27.82,4.6,7.93,39.03,0.0
beledweyne,2025112420,4.74,45.2,0.0,26.56,5.88,8.47,51.3,0.0
beledweyne,2025112421,4.74,45.2,0.0,25.2,6.1,8.14,67.07,0.0
beledweyne,2025112422,4.74,45.2,0.0,24.24,5.16,6.82,77.79,0.0
beledweyne,2025112423,4.74,45.2,0.0,23.69,4.41,6.01,82.44,0.0
beledweyne,2025112500,4.74,45.2,0.0,23.44,4.27,5.73,83.8,0.0
beledweyne,2025112501,4.74,45.2,0.0,23.34,4.17,5.53,84.04,0.0
beledweyne,2025112502,4.74,45.2,0.0,23.25,3.96,5.19,84.28,0.0
beledweyne,2025112503,4.74,45.2,92.45,23.53,4.2,5.36,82.02,0.0
beledweyne,2025112504,4.74,45.2,292.65,25.23,5.12,6.04,71.52,0.0
beledweyne,2025112505,4.74,45.2,484.88,27.56,5.14,5.87,59.54,0.0
beledweyne,2025112506,4.74,45.2,677.25,30.1,4.76,5.34,48.91,0.0
beledweyne,2025112507,4.74,45.2,880.85,32.48,4.31,4.79,40.39,0.0
beledweyne,2025112508,4.74,45.2,941.85,34.49,3.94,4.35,33.95,0.0
beledweyne,2025112509,4.74,45.2,910.97,35.97,3.68,4.06,29.62,0.0
beledweyne,2025112510,4.74,45.2,765.55,36.86,3.52,3.88,26.93,0.0
beledweyne,2025112511,4.74,45.2,644.78,37.11,3.45,3.81,25.51,0.0
beledweyne,2025112512,4.74,45.2,431.05,36.8,3.48,3.87,25.14,0.0
beledweyne,2025112513,4.74,45.2,197.73,35.9,3.56,4.03,25.78,0.0
beledweyne,2025112514,4.74,45.2,19.73,33.96,2.84,4.33,28.45,0.0
beledweyne,2025112515,4.74,45.2,0.0,31.61,2.42,5.17,32.36,0.0
beledweyne,2025112516,4.74,45.2,0.0,31.27,2.9,6.25,32.71,0.0
beledweyne,2025112517,4.74,45.2,0.0,30.94,4.17,7.38,33.8,0.0
beledweyne,2025112518,4.74,45.2,0.0,30.04,6.02,8.57,38.82,0.0
beledweyne,2025112519,4.74,45.2,0.0,28.18,7.24,9.39,50.52,0.0
beledweyne,2025112520,4.74,45.2,0.0,26.3,6.94,8.86,63.53,0.0
beledweyne,2025112521,4.74,45.2,0.0,25.09,6.22,7.91,71.5,0.0
beledweyne,2025112522,4.74,45.2,0.0,24.53,5.32,6.8,74.44,0.0
beledweyne,2025112523,4.74,45.2,0.0,24.18,4.83,6.25,76.47,0.0
beledweyne,2025112600,4.74,45.2,0.0,23.92,4.55,5.88,78.31,0.0
beledweyne,2025112601,4.74,45.2,0.0,23.71,4.27,5.54,80.04,0.0
beledweyne,2025112602,4.74,45.2,0.0,23.58,4.16,5.4,80.88,0.0
beledweyne,2025112603,4.74,45.2,85.72,23.78,4.28,5.42,79.85,0.0
beledweyne,2025112604,4.74,45.2,284.73,25.28,5.18,6.13,71.26,0.0
beledweyne,2025112605,4.74,45.2,496.08,27.5,5.26,6.0,60.01,0.0
beledweyne,2025112606,4.74,45.2,699.9,30.02,4.89,5.47,49.66,0.0
beledweyne,2025112607,4.74,45.2,856.08,32.33,4.35,4.8,41.62,0.0
beledweyne,2025112608,4.74,45.2,932.42,34.3,3.81,4.17,35.39,0.0
beledweyne,2025112609,4.74,45.2,917.88,35.73,3.45,3.76,30.83,0.0
beledweyne,2025112610,4.74,45.2,814.33,36.58,3.28,3.58,27.8,0.0
beledweyne,2025112611,4.74,45.2,668.25,36.81,3.19,3.5,26.08,0.0
beledweyne,2025112612,4.74,45.2,451.23,36.44,3.17,3.51,25.57,0.0
beledweyne,2025112613,4.74,45.2,209.98,35.56,3.22,3.63,25.99,0.0
beledweyne,2025112614,4.74,45.2,21.25,33.62,2.57,3.85,28.6,0.0
beledweyne,2025112615,4.74,45.2,0.0,31.25,2.3,4.57,32.5,0.0
beledweyne,2025112616,4.74,45.2,0.0,30.75,2.63,5.55,33.26,0.0
beledweyne,2025112617,4.74,45.2,0.0,30.46,3.09,6.44,33.73,0.0
beledweyne,2025112618,4.74,45.2,0.0,29.78,4.0,7.23,35.64,0.0
beledweyne,2025112619,4.74,45.2,0.0,28.6,5.26,8.0,41.14,0.0
beledweyne,2025112620,4.74,45.2,0.0,26.98,6.16,8.44,51.85,0.0
beledweyne,2025112621,4.74,45.2,0.0,25.47,6.14,8.11,64.15,0.0
beledweyne,2025112622,4.74,45.2,0.0,24.43,5.45,7.01,73.03,0.0
beledweyne,2025112623,4.74,45.2,0.0,23.81,4.61,6.03,77.72,0.0
beledweyne,2025112700,4.74,45.2,0.0,23.43,4.32,5.77,80.07,0.0
beledweyne,2025112701,4.74,45.2,0.0,23.24,4.53,6.02,81.41,0.0
beledweyne,2025112702,4.74,45.2,0.0,23.12,4.66,6.0,82.6,0.0
beledweyne,2025112703,4.74,45.2,62.38,23.3,4.61,5.83,82.36,0.0
beledweyne,2025112704,4.74,45.2,203.62,24.9,5.67,6.79,73.49,0.0
beledweyne,2025112705,4.74,45.2,366.9,27.45,5.8,6.7,60.79,0.0
beledweyne,2025112706,4.74,45.2,536.25,30.12,5.45,6.17,49.71,0.0
beledweyne,2025112707,4.74,45.2,711.1,32.53,5.0,5.6,40.69,0.0
beledweyne,2025112708,4.74,45.2,870.12,34.46,4.64,5.16,34.07,0.0
beledweyne,2025112709,4.74,45.2,903.45,35.8,4.38,4.87,29.64,0.0
beledweyne,2025112710,4.74,45.2,822.05,36.54,4.18,4.63,27.04,0.0
beledweyne,2025112711,4.74,45.2,653.95,36.72,4.01,4.44,25.7,0.0
beledweyne,2025112712,4.74,45.2,425.83,36.33,3.91,4.36,25.5,0.0
beledweyne,2025112713,4.74,45.2,197.35,35.38,3.89,4.42,26.22,0.0
beledweyne,2025112714,4.74,45.2,20.67,33.43,3.08,4.65,28.97,0.0
beledweyne,2025112715,4.74,45.2,0.0,30.87,2.56,5.52,33.31,0.0
beledweyne,2025112716,4.74,45.2,0.0,30.81,3.06,6.48,33.34,0.0
beledweyne,2025112717,4.74,45.2,0.0,30.6,3.96,7.1,33.8,0.0
beledweyne,2025112718,4.74,45.2,0.0,29.98,4.95,7.5,36.28,0.0
beledweyne,2025112719,4.74,45.2,0.0,28.87,5.82,8.03,43.26,0.0
beledweyne,2025112720,4.74,45.2,0.0,27.42,6.48,8.48,54.72,0.0
beledweyne,2025112721,4.74,45.2,0.0,25.94,6.08,7.82,66.03,0.0
beledweyne,2025112722,4.74,45.2,0.0,24.87,5.17,6.67,73.74,0.0
beledweyne,2025112723,4.74,45.2,0.0,24.22,4.57,5.93,77.89,0.0
beledweyne,2025112800,4.74,45.2,0.0,23.74,4.4,5.78,80.03,0.0
beledweyne,2025112801,4.74,45.2,0.0,23.32,4.7,6.16,81.31,0.0
beledweyne,2025112802,4.74,45.2,0.0,22.94,4.94,6.4,82.08,0.0
beledweyne,2025112803,4.74,45.2,87.0,22.89,5.38,6.74,80.54,0.0
beledweyne,2025112804,4.74,45.2,316.15,24.28,5.93,6.98,70.55,0.0
beledweyne,2025112805,4.74,45.2,552.12,26.67,5.85,6.71,56.61,0.0
beledweyne,2025112806,4.74,45.2,750.97,29.45,5.47,6.15,44.42,0.0
beledweyne,2025112807,4.74,45.2,890.05,32.1,4.98,5.53,35.81,0.0
beledweyne,2025112808,4.74,45.2,952.85,34.28,4.51,4.98,29.81,0.0
beledweyne,2025112809,4.74,45.2,945.53,35.78,4.13,4.56,25.47,0.0
beledweyne,2025112810,4.74,45.2,847.53,36.66,3.88,4.3,22.38,0.0
beledweyne,2025112811,4.74,45.2,681.42,36.87,3.74,4.14,20.53,0.0
beledweyne,2025112812,4.74,45.2,462.73,36.51,3.71,4.14,19.79,0.0
beledweyne,2025112813,4.74,45.2,223.18,35.5,3.78,4.3,20.11,0.0
beledweyne,2025112814,4.74,45.2,23.92,32.9,2.76,4.66,23.09,0.0
beledweyne,2025112815,4.74,45.2,0.0,29.64,2.82,5.56,27.4,0.0
beledweyne,2025112816,4.74,45.2,0.0,28.78,3.08,6.61,28.11,0.0
beledweyne,2025112817,4.74,45.2,0.0,28.0,3.37,7.43,28.9,0.0
beledweyne,2025112818,4.74,45.2,0.0,27.19,3.58,7.8,30.01,0.0
beledweyne,2025112819,4.74,45.2,0.0,26.3,3.68,7.83,31.85,0.0
beledweyne,2025112820,4.74,45.2,0.0,25.38,3.86,7.73,35.31,0.0
beledweyne,2025112821,4.74,45.2,0.0,24.43,4.29,7.61,42.55,0.0
beledweyne,2025112822,4.74,45.2,0.0,23.42,4.79,7.48,55.13,0.0
beledweyne,2025112823,4.74,45.2,0.0,22.55,5.1,7.44,69.8,0.0
beledweyne,2025112900,4.74,45.2,0.0,22.02,5.14,7.29,80.73,0.0
beledweyne,2025112901,4.74,45.2,0.0,21.81,5.11,6.95,85.62,0.0
beledweyne,2025112902,4.74,45.2,0.0,21.63,5.12,6.97,86.57,0.0
beledweyne,2025112903,4.74,45.2,94.43,21.76,5.8,7.53,84.51,0.0
beledweyne,2025112904,4.74,45.2,323.45,23.36,6.81,8.26,73.01,0.0
beledweyne,2025112905,4.74,45.2,556.08,25.98,6.87,8.09,57.41,0.0
beledweyne,2025112906,4.74,45.2,757.5,28.98,6.46,7.45,43.92,0.0
beledweyne,2025112907,4.74,45.2,894.38,31.67,5.94,6.76,34.41,0.0
beledweyne,2025112908,4.74,45.2,959.58,33.85,5.51,6.21,27.81,0.0
beledweyne,2025112909,4.74,45.2,941.55,35.38,5.1,5.73,23.37,0.0
beledweyne,2025112910,4.74,45.2,794.5,36.25,4.78,5.37,20.42,0.0
beledweyne,2025112911,4.74,45.2,608.35,36.47,4.6,5.19,18.53,0.0
beledweyne,2025112912,4.74,45.2,410.4,36.08,4.56,5.17,17.64,0.0
beledweyne,2025112913,4.74,45.2,199.45,35.03,4.58,5.32,17.7,0.0
beledweyne,2025112914,4.74,45.2,22.15,32.19,3.19,5.64,20.46,0.0
beledweyne,2025112915,4.74,45.2,0.0,28.76,3.15,6.64,24.6,0.0
beledweyne,2025112916,4.74,45.2,0.0,27.93,3.5,7.73,25.25,0.0
beledweyne,2025112917,4.74,45.2,0.0,27.14,3.88,8.4,26.03,0.0
beledweyne,2025112918,4.74,45.2,0.0,26.27,4.16,8.59,27.22,0.0
beledweyne,2025112919,4.74,45.2,0.0,25.34,4.52,8.61,29.3,0.0
beledweyne,2025112920,4.74,45.2,0.0,24.47,5.25,8.82,33.65,0.0
beledweyne,2025112921,4.74,45.2,0.0,23.55,5.58,8.66,42.69,0.0
beledweyne,2025112922,4.74,45.2,0.0,22.67,5.24,7.99,56.19,0.0
beledweyne,2025112923,4.74,45.2,0.0,21.8,4.28,6.82,68.51,0.0
beledweyne,2025113000,4.74,45.2,0.0,21.12,3.85,6.44,76.76,0.0
beledweyne,2025113001,4.74,45.2,0.0,20.73,4.23,6.9,81.46,0.0
beledweyne,2025113002,4.74,45.2,0.0,20.43,4.67,7.2,84.45,0.0
beledweyne,2025113003,4.74,45.2,91.05,20.6,5.11,7.1,84.22,0.0
beledweyne,2025113004,4.74,45.2,323.38,22.76,7.23,9.06,71.9,0.0
beledweyne,2025113005,4.74,45.2,560.67,25.62,7.91,9.45,55.87,0.0
beledweyne,2025113006,4.74,45.2,759.12,28.62,7.53,8.77,43.43,0.0
beledweyne,2025113007,4.74,45.2,894.6,31.42,6.98,8.02,34.48,0.0
beledweyne,2025113008,4.74,45.2,955.58,33.62,6.49,7.41,28.32,0.0
beledweyne,2025113009,4.74,45.2,941.55,35.12,6.1,6.92,24.05,0.0
beledweyne,2025113010,4.74,45.2,847.42,35.97,5.85,6.64,21.06,0.0
beledweyne,2025113011,4.74,45.2,683.58,36.16,5.74,6.52,19.37,0.0
beledweyne,2025113012,4.74,45.2,465.45,35.77,5.75,6.59,18.65,0.0
beledweyne,2025113013,4.74,45.2,221.45,34.69,5.75,6.79,19.01,0.0
beledweyne,2025113014,4.74,45.2,23.52,32.1,4.2,6.96,21.75,0.0
beledweyne,2025113015,4.74,45.2,0.0,28.77,3.5,7.76,26.65,0.0
beledweyne,2025113016,4.74,45.2,0.0,28.03,3.91,8.42,28.34,0.0
beledweyne,2025113017,4.74,45.2,0.0,27.29,4.28,8.69,30.3,0.0
beledweyne,2025113018,4.74,45.2,0.0,26.51,4.68,8.82,32.67,0.0
beledweyne,2025113019,4.74,45.2,0.0,25.75,5.19,8.84,36.05,0.0
beledweyne,2025113020,4.74,45.2,0.0,24.87,5.27,8.55,42.0,0.0
beledweyne,2025113021,4.74,45.2,0.0,23.77,4.44,7.36,51.13,0.0
beledweyne,2025113022,4.74,45.2,0.0,22.83,3.8,6.43,61.36,0.0
beledweyne,2025113023,4.74,45.2,0.0,22.09,3.41,5.77,69.89,0.0
beledweyne,2025120100,4.74,45.2,0.0,21.51,3.38,5.66,76.17,0.0
beledweyne,2025120101,4.74,45.2,0.0,21.13,4.03,6.16,81.65,0.0
beledweyne,2025120102,4.74,45.2,0.0,20.97,4.5,6.37,85.14,0.0
beledweyne,2025120103,4.74,45.2,79.18,21.31,5.41,7.19,84.05,0.0
beledweyne,2025120104,4.74,45.2,298.05,23.11,7.02,8.57,72.21,0.0
beledweyne,2025120105,4.74,45.2,523.35,25.59,7.17,8.48,57.59,0.0
beledweyne,2025120106,4.74,45.2,728.35,28.37,6.81,7.86,44.8,0.0
beledweyne,2025120107,4.74,45.2,865.28,30.92,6.31,7.17,35.49,0.0
beledweyne,2025120108,4.74,45.2,927.12,32.87,5.83,6.54,29.29,0.0
beledweyne,2025120109,4.74,45.2,929.38,34.03,5.38,5.97,25.46,0.0
beledweyne,2025120110,4.74,45.2,835.33,34.71,5.01,5.52,22.83,0.0
beledweyne,2025120111,4.74,45.2,672.9,34.93,4.76,5.26,21.15,0.0
beledweyne,2025120112,4.74,45.2,457.1,34.62,4.59,5.14,20.44,0.0
beledweyne,2025120113,4.74,45.2,216.77,33.73,4.44,5.11,20.65,0.0
beledweyne,2025120114,4.74,45.2,22.98,31.57,3.09,5.09,23.03,0.0
beledweyne,2025120115,4.74,45.2,0.0,28.77,2.66,5.44,27.18,0.0
beledweyne,2025120116,4.74,45.2,0.0,28.09,2.79,5.96,28.42,0.0
beledweyne,2025120117,4.74,45.2,0.0,27.42,3.05,6.69,29.91,0.0
beledweyne,2025120118,4.74,45.2,0.0,26.77,3.67,7.58,32.46,0.0
beledweyne,2025120119,4.74,45.2,0.0,26.22,4.73,8.26,37.65,0.0
beledweyne,2025120120,4.74,45.2,0.0,25.5,5.37,7.91,47.96,0.0
beledweyne,2025120121,4.74,45.2,0.0,24.65,4.89,6.83,60.43,0.0
beledweyne,2025120122,4.74,45.2,0.0,24.01,4.37,5.99,69.82,0.0
beledweyne,2025120123,4.74,45.2,0.0,23.49,4.1,5.65,75.25,0.0
beledweyne,2025120200,4.74,45.2,0.0,23.12,5.45,7.37,78.46,0.02
beledweyne,2025120201,4.74,45.2,0.0,22.71,5.71,7.45,80.88,0.05
beledweyne,2025120202,4.74,45.2,0.0,22.41,5.5,7.26,82.05,0.08
beledweyne,2025120203,4.74,45.2,81.1,22.45,5.95,7.83,80.49,0.1
beledweyne,2025120204,4.74,45.2,295.12,23.61,6.88,8.4,72.39,0.04
beledweyne,2025120205,4.74,45.2,515.6,25.86,6.92,8.13,59.34,0.0
beledweyne,2025120206,4.74,45.2,720.67,28.62,6.53,7.5,47.04,0.0
beledweyne,2025120207,4.74,45.2,863.33,31.2,5.98,6.76,37.71,0.0
beledweyne,2025120208,4.74,45.2,922.72,33.29,5.38,6.01,31.16,0.0
beledweyne,2025120209,4.74,45.2,929.95,34.82,4.8,5.32,26.78,0.0
beledweyne,2025120210,4.74,45.2,804.62,35.74,4.29,4.73,24.1,0.0
beledweyne,2025120211,4.74,45.2,678.3,36.01,4.01,4.43,22.84,0.0
beledweyne,2025120212,4.74,45.2,462.62,35.68,4.07,4.54,22.56,0.0
beledweyne,2025120213,4.74,45.2,221.85,34.71,4.3,4.92,23.49,0.0
beledweyne,2025120214,4.74,45.2,25.0,32.54,3.36,5.31,26.57,0.0
beledweyne,2025120215,4.74,45.2,0.0,29.73,2.82,6.17,31.35,0.0
beledweyne,2025120216,4.74,45.2,0.0,29.28,3.22,7.05,32.46,0.0
beledweyne,2025120217,4.74,45.2,0.0,28.91,3.88,7.67,33.56,0.0
beledweyne,2025120218,4.74,45.2,0.0,28.26,4.5,7.85,35.67,0.0
beledweyne,2025120219,4.74,45.2,0.0,27.27,4.73,7.88,40.05,0.0
beledweyne,2025120220,4.74,45.2,0.0,26.27,4.92,7.81,47.82,0.0
beledweyne,2025120221,4.74,45.2,0.0,25.23,4.65,7.08,58.52,0.0
beledweyne,2025120222,4.74,45.2,0.0,24.21,4.14,6.29,69.08,0.0
beledweyne,2025120223,4.74,45.2,0.0,23.36,3.7,5.76,76.96,0.0
beledweyne,2025120300,4.74,45.2,0.0,22.77,3.87,5.82,81.85,0.02
beledweyne,2025120301,4.74,45.2,0.0,22.3,4.41,6.37,85.25,0.05
beledweyne,2025120302,4.74,45.2,0.0,21.93,4.36,5.99,87.91,0.09
beledweyne,2025120303,4.74,45.2,58.47,22.13,4.87,6.53,86.85,0.13
beledweyne,2025120304,4.74,45.2,186.12,23.81,6.35,7.71,76.62,0.06
beledweyne,2025120305,4.74,45.2,346.12,26.43,6.42,7.49,62.04,0.01
beledweyne,2025120306,4.74,45.2,571.58,29.23,6.07,6.95,49.43,0.0
beledweyne,2025120307,4.74,45.2,789.97,31.75,5.68,6.42,39.82,0.0
beledweyne,2025120308,4.74,45.2,901.75,33.75,5.31,5.96,33.21,0.0
beledweyne,2025120309,4.74,45.2,812.7,35.18,4.97,5.55,28.95,0.0
beledweyne,2025120310,4.74,45.2,744.85,36.0,4.69,5.22,26.49,0.0
beledweyne,2025120311,4.74,45.2,596.83,36.19,4.52,5.04,25.37,0.0
beledweyne,2025120312,4.74,45.2,399.45,35.82,4.5,5.06,25.33,0.0
beledweyne,2025120313,4.74,45.2,190.23,34.83,4.57,5.26,26.42,0.0
beledweyne,2025120314,4.74,45.2,21.5,32.79,3.58,5.49,29.65,0.0
beledweyne,2025120315,4.74,45.2,0.0,30.09,2.84,6.25,34.92,0.0
beledweyne,2025120316,4.74,45.2,0.0,29.78,3.39,7.1,35.9,0.0
beledweyne,2025120317,4.74,45.2,0.0,29.27,4.17,7.64,37.73,0.0
beledweyne,2025120318,4.74,45.2,0.0,28.54,4.88,7.83,41.2,0.0
beledweyne,2025120319,4.74,45.2,0.0,27.52,5.39,8.01,47.92,0.0
beledweyne,2025120320,4.74,45.2,0.0,26.38,5.55,7.61,57.64,0.0
beledweyne,2025120321,4.74,45.2,0.0,25.28,5.21,6.96,67.46,0.0
beledweyne,2025120322,4.74,45.2,0.0,24.46,4.7,6.22,74.2,0.0
beledweyne,2025120323,4.74,45.2,0.0,23.92,4.35,5.79,78.36,0.0
beledweyne,2025120400,4.74,45.2,0.0,23.52,4.27,5.79,81.03,0.01
beledweyne,2025120401,4.74,45.2,0.0,23.12,4.23,5.81,83.4,0.03
beledweyne,2025120402,4.74,45.2,0.0,22.72,4.21,5.91,85.4,0.05
beledweyne,2025120403,4.74,45.2,68.38,22.71,4.86,6.34,84.64,0.07
beledweyne,2025120404,4.74,45.2,246.2,23.92,5.69,6.79,75.47,0.01
beledweyne,2025120405,4.74,45.2,457.23,26.19,5.75,6.66,60.57,0.0
beledweyne,2025120406,4.74,45.2,632.12,28.94,5.54,6.32,46.26,0.0
beledweyne,2025120407,4.74,45.2,846.6,31.5,5.11,5.75,36.08,0.0
beledweyne,2025120408,4.74,45.2,918.28,33.53,4.52,5.04,29.83,0.0
beledweyne,2025120409,4.74,45.2,912.4,34.98,3.91,4.35,26.37,0.0
beledweyne,2025120410,4.74,45.2,798.2,35.94,3.43,3.79,24.46,0.0
beledweyne,2025120411,4.74,45.2,491.62,36.25,3.2,3.52,23.74,0.0
beledweyne,2025120412,4.74,45.2,355.83,35.94,3.32,3.67,23.95,0.0
beledweyne,2025120413,4.74,45.2,180.57,34.99,3.72,4.21,25.22,0.0
beledweyne,2025120414,4.74,45.2,22.4,32.88,3.16,4.95,28.57,0.0
beledweyne,2025120415,4.74,45.2,0.0,30.13,2.8,6.1,33.46,0.0
beledweyne,2025120416,4.74,45.2,0.0,29.56,3.27,7.06,34.41,0.0
beledweyne,2025120417,4.74,45.2,0.0,28.93,3.81,7.59,35.62,0.0
beledweyne,2025120418,4.74,45.2,0.0,28.1,4.23,7.69,37.76,0.0
beledweyne,2025120419,4.74,45.2,0.0,27.07,4.48,7.53,41.58,0.0
beledweyne,2025120420,4.74,45.2,0.0,26.04,4.56,7.21,47.35,0.0
beledweyne,2025120421,4.74,45.2,0.0,25.11,4.41,6.73,54.6,0.0
beledweyne,2025120422,4.74,45.2,0.0,24.2,3.86,5.88,62.36,0.0
beledweyne,2025120423,4.74,45.2,0.0,23.42,3.36,5.28,69.22,0.0
beledweyne,2025120500,4.74,45.2,0.0,22.77,3.0,4.91,74.93,0.0
beledweyne,2025120501,4.74,45.2,0.0,22.31,2.95,4.78,79.01,0.0
beledweyne,2025120502,4.74,45.2,0.0,21.87,2.89,4.74,82.35,0.01
beledweyne,2025120503,4.74,45.2,71.45,21.91,3.87,5.4,82.63,0.03
beledweyne,2025120504,4.74,45.2,258.02,23.66,5.73,7.05,72.36,0.0
beledweyne,2025120505,4.74,45.2,459.8,26.7,6.19,7.28,54.12,0.0
beledweyne,2025120506,4.74,45.2,658.58,29.86,5.72,6.54,41.36,0.0
beledweyne,2025120507,4.74,45.2,826.08,32.54,5.03,5.67,33.52,0.0
beledweyne,2025120508,4.74,45.2,860.85,34.56,4.5,5.03,28.63,0.0
beledweyne,2025120509,4.74,45.2,765.5,35.94,4.22,4.7,25.57,0.0
beledweyne,2025120510,4.74,45.2,526.35,36.73,4.12,4.58,23.83,0.0
beledweyne,2025120511,4.74,45.2,578.78,36.84,4.19,4.66,23.21,0.0
beledweyne,2025120512,4.74,45.2,379.83,36.37,4.41,4.96,23.63,0.0
beledweyne,2025120513,4.74,45.2,188.35,35.33,4.62,5.33,25.07,0.0
beledweyne,2025120514,4.74,45.2,22.95,33.5,3.72,5.63,28.16,0.0
beledweyne,2025120515,4.74,45.2,0.0,31.25,2.81,6.24,32.51,0.0
beledweyne,2025120516,4.74,45.2,0.0,30.66,3.17,6.83,34.07,0.0
beledweyne,2025120517,4.74,45.2,0.0,30.06,3.6,7.3,35.62,0.0
beledweyne,2025120518,4.74,45.2,0.0,29.45,4.29,7.66,37.25,0.0
beledweyne,2025120519,4.74,45.2,0.0,28.59,5.01,7.97,40.1,0.0
beledweyne,2025120520,4.74,45.2,0.0,27.42,5.27,7.91,45.81,0.0
beledweyne,2025120521,4.74,45.2,0.0,26.18,4.74,6.93,54.93,0.0
beledweyne,2025120522,4.74,45.2,0.0,25.06,4.13,6.03,65.64,0.0
beledweyne,2025120523,4.74,45.2,0.0,24.19,3.57,5.23,74.66,0.0
beledweyne,2025120600,4.74,45.2,0.0,23.54,2.98,4.6,80.75,0.0
beledweyne,2025120601,4.74,45.2,0.0,23.14,2.79,4.31,84.4,0.0
beledweyne,2025120602,4.74,45.2,0.0,22.89,2.9,4.47,86.58,0.0
beledweyne,2025120603,4.74,45.2,63.08,23.2,3.69,4.93,85.41,0.0
beledweyne,2025120604,4.74,45.2,235.45,25.14,5.07,6.06,74.23,0.0
beledweyne,2025120605,4.74,45.2,434.6,27.86,5.33,6.15,58.88,0.0
beledweyne,2025120606,4.74,45.2,652.47,30.81,5.13,5.81,45.53,0.0
beledweyne,2025120607,4.74,45.2,818.4,33.45,4.71,5.24,36.3,0.0
beledweyne,2025120608,4.74,45.2,887.05,35.38,4.3,4.76,30.71,0.0
beledweyne,2025120609,4.74,45.2,889.5,36.68,4.19,4.64,26.8,0.0
beledweyne,2025120610,4.74,45.2,787.88,37.4,4.26,4.72,24.36,0.0
beledweyne,2025120611,4.74,45.2,653.47,37.54,4.36,4.85,23.27,0.0
beledweyne,2025120612,4.74,45.2,445.02,37.09,4.51,5.06,23.24,0.0
beledweyne,2025120613,4.74,45.2,216.55,36.08,4.68,5.38,24.13,0.0
beledweyne,2025120614,4.74,45.2,25.45,34.05,3.78,5.76,26.81,0.0
beledweyne,2025120615,4.74,45.2,0.0,31.33,3.04,6.74,31.23,0.0
beledweyne,2025120616,4.74,45.2,0.0,30.78,3.82,7.72,32.22,0.0
beledweyne,2025120617,4.74,45.2,0.0,30.01,4.58,8.17,33.77,0.0
beledweyne,2025120618,4.74,45.2,0.0,29.14,5.36,8.48,36.68,0.0
beledweyne,2025120619,4.74,45.2,0.0,27.99,5.59,8.25,43.2,0.0
beledweyne,2025120620,4.74,45.2,0.0,26.72,5.15,7.36,52.95,0.0
beledweyne,2025120621,4.74,45.2,0.0,25.57,4.6,6.5,63.09,0.0
beledweyne,2025120622,4.74,45.2,0.0,24.63,4.18,5.91,71.34,0.01
beledweyne,2025120623,4.74,45.2,0.0,23.83,4.0,5.75,77.72,0.04
beledweyne,2025120700,4.74,45.2,0.0,23.24,4.02,5.67,82.03,0.0
beledweyne,2025120701,4.74,45.2,0.0,22.86,4.35,5.95,84.44,0.0
beledweyne,2025120702,4.74,45.2,0.0,22.56,4.43,5.93,85.94,0.0
beledweyne,2025120703,4.74,45.2,71.03,22.73,4.67,6.01,84.4,0.0
beledweyne,2025120704,4.74,45.2,245.27,24.39,5.58,6.66,73.53,0.0
beledweyne,2025120705,4.74,45.2,414.4,26.96,5.77,6.67,58.97,0.0
beledweyne,2025120706,4.74,45.2,601.55,29.89,5.56,6.33,46.11,0.0
beledweyne,2025120707,4.74,45.2,806.53,32.56,5.13,5.78,36.95,0.0
beledweyne,2025120708,4.74,45.2,913.33,34.65,4.65,5.18,31.12,0.0
beledweyne,2025120709,4.74,45.2,926.33,36.11,4.32,4.81,27.4,0.0
beledweyne,2025120710,4.74,45.2,809.33,36.96,4.18,4.65,25.06,0.0
beledweyne,2025120711,4.74,45.2,679.78,37.17,4.11,4.59,23.94,0.0
beledweyne,2025120712,4.74,45.2,468.58,36.79,4.15,4.67,23.94,0.0
beledweyne,2025120713,4.74,45.2,229.75,35.81,4.26,4.89,25.0,0.0
beledweyne,2025120714,4.74,45.2,27.48,33.76,3.41,5.24,27.98,0.0
beledweyne,2025120715,4.74,45.2,0.0,30.91,2.79,6.09,32.92,0.0
beledweyne,2025120716,4.74,45.2,0.0,30.46,3.23,7.05,33.87,0.0
beledweyne,2025120717,4.74,45.2,0.0,30.05,3.99,7.72,34.82,0.0
beledweyne,2025120718,4.74,45.2,0.0,29.44,4.78,7.98,36.64,0.0
beledweyne,2025120719,4.74,45.2,0.0,28.47,5.41,8.16,41.33,0.0
beledweyne,2025120720,4.74,45.2,0.0,27.23,5.75,8.12,50.66,0.0
beledweyne,2025120721,4.74,45.2,0.0,25.86,5.19,7.09,62.45,0.0
beledweyne,2025120722,4.74,45.2,0.0,24.81,4.52,6.17,71.64,0.0
beledweyne,2025120723,4.74,45.2,0.0,24.11,4.39,5.97,77.07,0.0
beledweyne,2025120800,4.74,45.2,0.0,23.63,4.47,6.08,80.19,0.0
beledweyne,2025120801,4.74,45.2,0.0,23.33,4.87,6.47,82.03,0.0
beledweyne,2025120802,4.74,45.2,0.0,23.13,5.19,6.83,82.76,0.0
beledweyne,2025120803,4.74,45.2,62.85,23.31,5.49,7.0,81.5,0.0
beledweyne,2025120804,4.74,45.2,254.88,24.99,6.31,7.59,71.84,0.0
beledweyne,2025120805,4.74,45.2,471.5,27.45,6.48,7.54,59.36,0.0
beledweyne,2025120806,4.74,45.2,645.25,30.07,6.15,7.04,48.8,0.0
beledweyne,2025120807,4.74,45.2,775.95,32.49,5.76,6.53,40.5,0.0
beledweyne,2025120808,4.74,45.2,900.62,34.48,5.44,6.14,34.23,0.0
beledweyne,2025120809,4.74,45.2,868.42,35.88,5.18,5.83,30.04,0.0
beledweyne,2025120810,4.74,45.2,824.35,36.66,4.93,5.51,27.51,0.0
beledweyne,2025120811,4.74,45.2,664.62,36.84,4.72,5.29,26.19,0.0
beledweyne,2025120812,4.74,45.2,452.38,36.48,4.7,5.29,25.99,0.0
beledweyne,2025120813,4.74,45.2,218.02,35.49,4.76,5.5,27.03,0.0
beledweyne,2025120814,4.74,45.2,26.05,33.61,3.87,5.71,29.84,0.0
beledweyne,2025120815,4.74,45.2,0.0,31.46,2.82,6.21,33.67,0.0
beledweyne,2025120816,4.74,45.2,0.0,30.99,3.24,6.78,34.64,0.0
beledweyne,2025120817,4.74,45.2,0.0,30.47,3.82,7.2,35.79,0.0
beledweyne,2025120818,4.74,45.2,0.0,29.82,4.41,7.4,37.42,0.0
beledweyne,2025120819,4.74,45.2,0.0,28.93,4.87,7.57,40.56,0.0
beledweyne,2025120820,4.74,45.2,0.0,27.85,5.21,7.58,46.45,0.0
beledweyne,2025120821,4.74,45.2,0.0,26.59,4.87,6.95,55.25,0.0
beledweyne,2025120822,4.74,45.2,0.0,25.52,4.58,6.39,63.95,0.0
beledweyne,2025120823,4.74,45.2,0.0,24.66,4.05,5.63,70.38,0.0
beledweyne,2025120900,4.74,45.2,0.0,24.02,3.49,4.98,74.64,0.0
beledweyne,2025120901,4.74,45.2,0.0,23.52,3.07,4.56,77.6,0.0
beledweyne,2025120902,4.74,45.2,0.0,23.14,2.94,4.5,79.83,0.0
beledweyne,2025120903,4.74,45.2,70.72,23.32,4.18,5.57,79.14,0.0
beledweyne,2025120904,4.74,45.2,281.48,24.95,5.72,6.88,70.81,0.0
beledweyne,2025120905,4.74,45.2,503.0,27.45,6.11,7.12,59.01,0.0
beledweyne,2025120906,4.74,45.2,692.05,30.23,6.09,6.96,48.5,0.0
beledweyne,2025120907,4.74,45.2,826.1,32.56,5.92,6.7,41.06,0.0
beledweyne,2025120908,4.74,45.2,888.25,34.17,5.73,6.46,36.49,0.0
beledweyne,2025120909,4.74,45.2,884.7,35.16,5.44,6.11,33.65,0.0
beledweyne,2025120910,4.74,45.2,827.2,35.75,5.11,5.72,31.56,0.0
beledweyne,2025120911,4.74,45.2,670.78,35.88,4.78,5.37,30.38,0.0
beledweyne,2025120912,4.74,45.2,462.9,35.58,4.43,5.02,30.15,0.0
beledweyne,2025120913,4.74,45.2,228.18,34.61,4.05,4.7,31.29,0.0
beledweyne,2025120914,4.74,45.2,28.8,33.2,3.13,4.48,33.44,0.0
beledweyne,2025120915,4.74,45.2,0.0,31.07,2.2,4.71,37.47,0.0
beledweyne,2025120916,4.74,45.2,0.0,30.43,2.46,5.39,38.65,0.0
beledweyne,2025120917,4.74,45.2,0.0,29.95,2.83,6.18,39.49,0.0
beledweyne,2025120918,4.74,45.2,0.0,29.49,3.49,6.9,40.53,0.0
beledweyne,2025120919,4.74,45.2,0.0,28.83,4.54,7.51,42.96,0.0
beledweyne,2025120920,4.74,45.2,0.0,27.72,5.39,7.9,48.7,0.0
beledweyne,2025120921,4.74,45.2,0.0,26.41,5.34,7.46,57.33,0.0
beledweyne,2025120922,4.74,45.2,0.0,25.24,4.58,6.34,66.03,0.0
beledweyne,2025120923,4.74,45.2,0.0,24.34,3.74,5.32,72.6,0.0
beledweyne,2025121000,4.74,45.2,0.0,23.66,3.08,4.69,77.12,0.0
beledweyne,2025121001,4.74,45.2,0.0,23.12,2.95,4.77,80.38,0.0
beledweyne,2025121002,4.74,45.2,0.0,22.7,3.07,4.93,82.51,0.0
beledweyne,2025121003,4.74,45.2,74.1,22.83,3.82,5.3,81.49,0.0
beledweyne,2025121004,4.74,45.2,284.1,24.72,5.76,7.06,69.34,0.0
beledweyne,2025121005,4.74,45.2,495.75,27.41,6.42,7.54,54.55,0.0
beledweyne,2025121006,4.74,45.2,716.62,30.2,6.23,7.13,44.02,0.0
beledweyne,2025121007,4.74,45.2,860.88,32.64,5.78,6.5,37.07,0.0
beledweyne,2025121008,4.74,45.2,913.1,34.31,5.3,5.93,32.89,0.0
beledweyne,2025121009,4.74,45.2,859.47,34.98,4.89,5.48,30.99,0.0
beledweyne,2025121010,4.74,45.2,515.33,35.53,4.59,5.13,29.4,0.0
beledweyne,2025121011,4.74,45.2,578.83,35.71,4.37,4.9,28.37,0.0
beledweyne,2025121012,4.74,45.2,388.38,35.39,4.25,4.8,28.3,0.0
beledweyne,2025121013,4.74,45.2,189.1,34.55,4.22,4.85,29.39,0.0
beledweyne,2025121014,4.74,45.2,24.45,33.05,3.47,4.99,31.95,0.0
beledweyne,2025121015,4.74,45.2,0.0,31.29,2.65,5.69,35.45,0.0
beledweyne,2025121016,4.74,45.2,0.0,30.95,3.46,6.58,36.37,0.0
beledweyne,2025121017,4.74,45.2,0.0,30.45,4.31,7.17,37.95,0.0
beledweyne,2025121018,4.74,45.2,0.0,29.69,5.0,7.59,40.96,0.0
beledweyne,2025121019,4.74,45.2,0.0,28.74,5.41,7.75,45.86,0.0
beledweyne,2025121020,4.74,45.2,0.0,27.64,5.24,7.26,52.36,0.0
beledweyne,2025121021,4.74,45.2,0.0,26.63,4.59,6.34,58.91,0.0
beledweyne,2025121022,4.74,45.2,0.0,25.84,4.0,5.63,64.25,0.0
beledweyne,2025121023,4.74,45.2,0.0,25.2,3.51,5.14,68.46,0.0
beledweyne,2025121100,4.74,45.2,0.0,24.65,3.14,4.83,72.0,0.0
beledweyne,2025121101,4.74,45.2,0.0,24.18,2.96,4.68,75.07,0.0
beledweyne,2025121102,4.74,45.2,0.0,23.76,2.9,4.59,77.99,0.0
beledweyne,2025121103,4.74,45.2,65.28,23.86,3.82,5.19,78.58,0.0
beledweyne,2025121104,4.74,45.2,266.95,25.45,5.5,6.61,70.51,0.0
beledweyne,2025121105,4.74,45.2,488.95,28.01,5.98,7.0,56.82,0.0
beledweyne,2025121106,4.74,45.2,703.65,30.87,6.03,6.91,45.52,0.0
beledweyne,2025121107,4.74,45.2,838.05,33.22,5.84,6.6,38.37,0.0
beledweyne,2025121108,4.74,45.2,863.38,34.99,5.62,6.32,33.68,0.0
beledweyne,2025121109,4.74,45.2,798.65,36.07,5.42,6.06,30.93,0.0
beledweyne,2025121110,4.74,45.2,661.55,36.5,5.25,5.87,29.59,0.0
beledweyne,2025121111,4.74,45.2,511.6,36.46,5.1,5.74,29.07,0.0
beledweyne,2025121112,4.74,45.2,319.45,35.97,4.98,5.66,29.38,0.0
beledweyne,2025121113,4.74,45.2,157.5,34.98,4.81,5.59,30.9,0.0
beledweyne,2025121114,4.74,45.2,22.0,33.53,3.94,5.46,33.63,0.0
beledweyne,2025121115,4.74,45.2,0.0,31.97,2.6,5.57,37.13,0.0
beledweyne,2025121116,4.74,45.2,0.0,31.39,2.85,5.95,38.83,0.0
beledweyne,2025121117,4.74,45.2,0.0,30.93,3.3,6.33,40.1,0.0
beledweyne,2025121118,4.74,45.2,0.0,30.36,3.95,6.74,41.68,0.0
beledweyne,2025121119,4.74,45.2,0.0,29.42,4.46,7.08,45.35,0.0
beledweyne,2025121120,4.74,45.2,0.0,28.3,4.82,7.04,51.88,0.0
beledweyne,2025121121,4.74,45.2,0.0,27.08,4.78,6.72,60.86,0.0
beledweyne,2025121122,4.74,45.2,0.0,26.02,4.62,6.28,69.16,0.0
beledweyne,2025121123,4.74,45.2,0.0,25.24,4.08,5.55,74.56,0.0
beledweyne,2025121200,4.74,45.2,0.0,24.68,3.61,5.06,77.91,0.0
beledweyne,2025121201,4.74,45.2,0.0,24.23,3.32,4.82,80.04,0.0
beledweyne,2025121202,4.74,45.2,0.0,23.81,3.09,4.62,81.83,0.01
beledweyne,2025121203,4.74,45.2,55.45,23.86,3.64,4.9,81.28,0.01
beledweyne,2025121204,4.74,45.2,216.62,25.46,4.8,5.74,71.97,0.0
beledweyne,2025121205,4.74,45.2,390.95,28.02,5.39,6.26,57.92,0.0
beledweyne,2025121206,4.74,45.2,501.73,30.76,5.7,6.51,46.05,0.0
beledweyne,2025121207,4.74,45.2,558.9,33.03,5.79,6.55,38.01,0.0
beledweyne,2025121208,4.74,45.2,724.05,34.64,5.78,6.52,32.93,0.0
beledweyne,2025121209,4.74,45.2,806.72,35.86,5.67,6.4,29.59,0.0
beledweyne,2025121210,4.74,45.2,668.25,36.6,5.55,6.26,27.66,0.0
beledweyne,2025121211,4.74,45.2,577.9,36.7,5.52,6.25,26.88,0.0
beledweyne,2025121212,4.74,45.2,387.62,36.22,5.6,6.39,27.21,0.0
beledweyne,2025121213,4.74,45.2,189.2,35.1,5.7,6.66,28.84,0.0
beledweyne,2025121214,4.74,45.2,25.3,33.54,5.2,6.93,31.74,0.0
beledweyne,2025121215,4.74,45.2,0.0,32.2,4.7,7.31,34.96,0.0
beledweyne,2025121216,4.74,45.2,0.0,31.51,5.13,7.62,37.35,0.0
beledweyne,2025121217,4.74,45.2,0.0,30.73,5.23,7.68,40.43,0.0
beledweyne,2025121218,4.74,45.2,0.0,29.72,4.87,7.18,44.85,0.0
beledweyne,2025121219,4.74,45.2,0.0,28.67,4.64,6.84,50.41,0.0
beledweyne,2025121220,4.74,45.2,0.0,27.72,4.82,6.77,56.79,0.0
beledweyne,2025121221,4.74,45.2,0.0,26.82,5.07,6.9,63.35,0.0
beledweyne,2025121222,4.74,45.2,0.0,26.03,4.94,6.58,68.41,0.0
beledweyne,2025121223,4.74,45.2,0.0,25.31,4.59,6.14,72.63,0.0
beledweyne,2025121300,4.74,45.2,0.0,24.67,4.14,5.68,76.22,0.0
beledweyne,2025121301,4.74,45.2,0.0,24.16,3.99,5.58,78.94,0.0
beledweyne,2025121302,4.74,45.2,0.0,23.82,4.52,6.21,80.58,0.01
beledweyne,2025121303,4.74,45.2,35.6,23.91,5.13,6.69,79.91,0.02
beledweyne,2025121304,4.74,45.2,139.32,25.2,6.07,7.33,72.84,0.01
beledweyne,2025121305,4.74,45.2,266.62,27.09,6.38,7.47,62.59,0.0
beledweyne,2025121306,4.74,45.2,430.25,29.0,6.31,7.23,53.4,0.0
beledweyne,2025121307,4.74,45.2,621.12,30.84,6.04,6.8,45.71,0.0
beledweyne,2025121308,4.74,45.2,707.5,32.5,5.64,6.31,39.6,0.0
beledweyne,2025121309,4.74,45.2,699.33,33.82,5.2,5.82,35.41,0.0
beledweyne,2025121310,4.74,45.2,674.3,34.86,4.74,5.32,32.46,0.0
beledweyne,2025121311,4.74,45.2,491.52,35.47,4.33,4.89,30.48,0.0
beledweyne,2025121312,4.74,45.2,372.92,35.3,4.04,4.58,30.11,0.0
beledweyne,2025121313,4.74,45.2,176.43,34.38,3.88,4.45,31.32,0.0
beledweyne,2025121314,4.74,45.2,23.42,32.75,3.43,4.63,34.74,0.0
beledweyne,2025121315,4.74,45.2,0.0,31.18,3.49,5.37,39.06,0.0
beledweyne,2025121316,4.74,45.2,0.0,30.44,4.51,6.63,42.81,0.0
beledweyne,2025121317,4.74,45.2,0.0,29.59,5.67,7.75,48.2,0.0
beledweyne,2025121318,4.74,45.2,0.0,28.55,6.18,7.94,54.69,0.0
beledweyne,2025121319,4.74,45.2,0.0,27.64,5.98,7.62,60.58,0.0
beledweyne,2025121320,4.74,45.2,0.0,26.9,5.5,7.0,65.26,0.0
beledweyne,2025121321,4.74,45.2,0.0,26.19,4.96,6.48,69.33,0.0
beledweyne,2025121322,4.74,45.2,0.0,25.54,4.55,6.07,73.11,0.0
beledweyne,2025121323,4.74,45.2,0.0,24.95,4.16,5.61,76.72,0.0
beledweyne,2025121400,4.74,45.2,0.0,24.44,3.64,5.06,80.0,0.0
beledweyne,2025121401,4.74,45.2,0.0,24.02,3.29,4.74,82.63,0.0
beledweyne,2025121402,4.74,45.2,0.0,23.7,3.22,4.68,84.38,0.0
beledweyne,2025121403,4.74,45.2,37.22,23.8,3.9,5.04,83.72,0.0
beledweyne,2025121404,4.74,45.2,159.8,25.25,4.83,5.69,74.76,0.0
beledweyne,2025121405,4.74,45.2,312.62,27.54,5.05,5.76,61.97,0.0
beledweyne,2025121406,4.74,45.2,480.35,30.17,4.93,5.55,50.28,0.0
beledweyne,2025121407,4.74,45.2,589.95,32.57,4.65,5.18,41.38,0.0
beledweyne,2025121408,4.74,45.2,712.22,34.5,4.3,4.75,35.06,0.0
beledweyne,2025121409,4.74,45.2,769.22,35.83,3.93,4.31,30.83,0.0
beledweyne,2025121410,4.74,45.2,781.47,36.55,3.55,3.87,28.04,0.0
beledweyne,2025121411,4.74,45.2,659.08,36.7,3.32,3.61,26.48,0.0
beledweyne,2025121412,4.74,45.2,465.52,36.3,3.22,3.52,26.17,0.0
beledweyne,2025121413,4.74,45.2,230.18,35.37,3.25,3.61,26.82,0.0
beledweyne,2025121414,4.74,45.2,31.25,33.55,2.62,3.98,29.28,0.0
beledweyne,2025121415,4.74,45.2,0.0,31.58,2.32,5.07,32.57,0.0
beledweyne,2025121416,4.74,45.2,0.0,31.2,2.95,6.11,33.14,0.0
beledweyne,2025121417,4.74,45.2,0.0,30.65,3.52,6.51,34.14,0.0
beledweyne,2025121418,4.74,45.2,0.0,29.9,3.91,6.5,36.12,0.0
beledweyne,2025121419,4.74,45.2,0.0,28.86,4.34,6.66,40.58,0.0
beledweyne,2025121420,4.74,45.2,0.0,27.53,4.91,7.04,49.11,0.0
beledweyne,2025121421,4.74,45.2,0.0,26.01,5.23,7.18,60.46,0.0
beledweyne,2025121422,4.74,45.2,0.0,24.81,4.89,6.49,69.93,0.0
beledweyne,2025121423,4.74,45.2,0.0,23.99,4.29,5.7,76.49,0.0
beledweyne,2025121500,4.74,45.2,0.0,23.38,3.69,5.06,80.22,0.0
beledweyne,2025121501,4.74,45.2,0.0,22.86,3.22,4.66,82.81,0.0
beledweyne,2025121502,4.74,45.2,0.0,22.34,2.8,4.33,85.38,0.0
beledweyne,2025121503,4.74,45.2,64.85,22.41,3.4,4.55,85.13,0.0
beledweyne,2025121504,4.74,45.2,283.55,24.41,4.84,5.74,72.98,0.0
beledweyne,2025121505,4.74,45.2,516.33,27.19,5.34,6.14,57.45,0.0
beledweyne,2025121506,4.74,45.2,714.8,30.19,5.29,5.95,45.23,0.0
beledweyne,2025121507,4.74,45.2,854.2,32.97,5.02,5.56,36.07,0.0
beledweyne,2025121508,4.74,45.2,922.12,34.99,4.82,5.31,30.43,0.0
beledweyne,2025121509,4.74,45.2,915.92,36.31,4.5,4.94,26.7,0.0
beledweyne,2025121510,4.74,45.2,831.83,37.07,4.07,4.45,24.18,0.0
beledweyne,2025121511,4.74,45.2,681.7,37.24,3.72,4.07,22.91,0.0
beledweyne,2025121512,4.74,45.2,476.48,36.85,3.58,3.92,22.7,0.0
beledweyne,2025121513,4.74,45.2,239.48,35.9,3.61,4.04,23.45,0.0
beledweyne,2025121514,4.74,45.2,33.3,33.65,2.8,4.49,26.48,0.0
beledweyne,2025121515,4.74,45.2,0.0,30.74,2.73,5.71,31.51,0.0
beledweyne,2025121516,4.74,45.2,0.0,30.25,3.23,6.97,32.83,0.0
beledweyne,2025121517,4.74,45.2,0.0,29.85,4.05,7.7,33.99,0.0
beledweyne,2025121518,4.74,45.2,0.0,29.31,5.08,8.0,35.49,0.0
beledweyne,2025121519,4.74,45.2,0.0,28.13,5.79,8.41,39.63,0.0
beledweyne,2025121520,4.74,45.2,0.0,26.69,6.05,8.36,47.36,0.0
beledweyne,2025121521,4.74,45.2,0.0,25.29,5.5,7.43,57.26,0.0
beledweyne,2025121522,4.74,45.2,0.0,24.13,4.65,6.31,66.04,0.0
beledweyne,2025121523,4.74,45.2,0.0,23.3,3.95,5.55,71.85,0.0
beledweyne,2025121600,4.74,45.2,0.0,22.67,3.27,4.83,75.74,0.0
beledweyne,2025121601,4.74,45.2,0.0,22.11,2.7,4.34,79.05,0.0
beledweyne,2025121602,4.74,45.2,0.0,21.58,2.38,4.11,82.17,0.0
beledweyne,2025121603,4.74,45.2,64.5,21.68,3.23,4.55,82.36,0.0
beledweyne,2025121604,4.74,45.2,268.08,23.62,5.24,6.36,71.51,0.0
beledweyne,2025121605,4.74,45.2,476.45,26.57,5.92,6.95,54.16,0.0
beledweyne,2025121606,4.74,45.2,717.97,29.87,5.97,6.88,39.97,0.0
beledweyne,2025121607,4.74,45.2,868.0,32.86,5.61,6.35,30.96,0.0
beledweyne,2025121608,4.74,45.2,936.97,35.02,5.1,5.72,25.9,0.0
beledweyne,2025121609,4.74,45.2,909.17,36.47,4.61,5.13,22.77,0.0
beledweyne,2025121610,4.74,45.2,732.72,37.29,4.19,4.64,21.14,0.0
beledweyne,2025121611,4.74,45.2,672.62,37.49,3.92,4.35,20.62,0.0
beledweyne,2025121612,4.74,45.2,461.75,37.11,3.83,4.28,20.95,0.0
beledweyne,2025121613,4.74,45.2,233.18,36.16,3.83,4.36,22.05,0.0
beledweyne,2025121614,4.74,45.2,32.83,33.8,2.82,4.64,25.23,0.0
beledweyne,2025121615,4.74,45.2,0.0,30.84,2.74,5.59,29.76,0.0
beledweyne,2025121616,4.74,45.2,0.0,30.16,3.11,6.79,31.0,0.0
beledweyne,2025121617,4.74,45.2,0.0,29.6,3.83,7.81,32.14,0.0
beledweyne,2025121618,4.74,45.2,0.0,28.92,4.97,8.42,34.33,0.0
beledweyne,2025121619,4.74,45.2,0.0,27.75,5.95,8.68,40.92,0.0
beledweyne,2025121620,4.74,45.2,0.0,26.35,5.94,8.15,53.76,0.0
beledweyne,2025121621,4.74,45.2,0.0,25.11,5.34,7.17,68.46,0.0
beledweyne,2025121622,4.74,45.2,0.0,24.3,4.91,6.56,78.21,0.0
beledweyne,2025121623,4.74,45.2,0.0,23.82,4.62,6.22,82.89,0.0
beledweyne,2025121700,4.74,45.2,0.0,23.49,4.72,6.3,85.49,0.01
beledweyne,2025121701,4.74,45.2,0.0,23.24,4.44,5.94,87.27,0.03
beledweyne,2025121702,4.74,45.2,0.0,23.0,3.91,5.38,88.99,0.04
beledweyne,2025121703,4.74,45.2,59.92,23.21,4.4,5.9,88.05,0.04
beledweyne,2025121704,4.74,45.2,264.45,24.96,5.9,7.14,77.55,0.01
beledweyne,2025121705,4.74,45.2,487.52,27.72,6.13,7.16,61.98,0.0
beledweyne,2025121706,4.74,45.2,705.47,30.66,6.0,6.9,47.93,0.0
beledweyne,2025121707,4.74,45.2,839.65,33.3,5.77,6.57,37.92,0.0
beledweyne,2025121708,4.74,45.2,865.72,35.28,5.53,6.27,32.11,0.0
beledweyne,2025121709,4.74,45.2,853.2,36.65,5.31,5.99,28.79,0.0
beledweyne,2025121710,4.74,45.2,627.78,37.42,5.11,5.76,26.87,0.0
beledweyne,2025121711,4.74,45.2,546.5,37.63,5.04,5.68,25.93,0.0
beledweyne,2025121712,4.74,45.2,373.88,37.23,5.06,5.75,25.99,0.0
beledweyne,2025121713,4.74,45.2,204.32,36.24,5.13,5.95,26.96,0.0
beledweyne,2025121714,4.74,45.2,31.83,34.44,4.23,6.18,29.51,0.0
beledweyne,2025121715,4.74,45.2,0.0,32.27,3.27,6.92,33.35,0.0
beledweyne,2025121716,4.74,45.2,0.0,31.93,4.19,7.63,34.09,0.0
beledweyne,2025121717,4.74,45.2,0.0,31.41,5.22,8.1,35.78,0.0
beledweyne,2025121718,4.74,45.2,0.0,30.29,5.96,8.61,41.02,0.0
beledweyne,2025121719,4.74,45.2,0.0,28.78,6.61,8.86,51.29,0.0
beledweyne,2025121720,4.74,45.2,0.0,27.22,6.54,8.53,62.21,0.0
beledweyne,2025121721,4.74,45.2,0.0,26.05,6.12,7.94,69.47,0.0
beledweyne,2025121722,4.74,45.2,0.0,25.33,5.44,7.13,73.06,0.0
beledweyne,2025121723,4.74,45.2,0.0,24.79,4.81,6.44,75.6,0.0
beledweyne,2025121800,4.74,45.2,0.0,24.26,4.21,5.83,78.43,0.0
beledweyne,2025121801,4.74,45.2,0.0,23.72,3.74,5.5,81.53,0.01
beledweyne,2025121802,4.74,45.2,0.0,23.31,3.77,5.52,84.11,0.01
beledweyne,2025121803,4.74,45.2,48.17,23.44,4.36,5.76,83.84,0.01
beledweyne,2025121804,4.74,45.2,180.5,25.18,5.45,6.54,73.96,0.0
beledweyne,2025121805,4.74,45.2,314.5,27.9,5.95,6.96,59.03,0.0
beledweyne,2025121806,4.74,45.2,528.4,30.85,6.1,7.04,46.02,0.0
beledweyne,2025121807,4.74,45.2,699.15,33.41,6.13,6.99,37.25,0.0
beledweyne,2025121808,4.74,45.2,896.45,35.33,6.14,6.95,32.23,0.0
beledweyne,2025121809,4.74,45.2,906.08,36.57,6.06,6.85,29.39,0.0
beledweyne,2025121810,4.74,45.2,764.03,37.23,5.85,6.6,27.61,0.0
beledweyne,2025121811,4.74,45.2,645.53,37.37,5.64,6.37,26.46,0.0
beledweyne,2025121812,4.74,45.2,438.5,36.95,5.53,6.28,26.25,0.0
beledweyne,2025121813,4.74,45.2,214.45,35.9,5.44,6.31,27.26,0.0
beledweyne,2025121814,4.74,45.2,31.2,34.01,4.46,6.41,30.03,0.0
beledweyne,2025121815,4.74,45.2,0.0,31.52,3.26,6.99,34.71,0.0
beledweyne,2025121816,4.74,45.2,0.0,30.84,3.7,7.48,36.45,0.0
beledweyne,2025121817,4.74,45.2,0.0,30.1,3.97,7.58,38.89,0.0
beledweyne,2025121818,4.74,45.2,0.0,29.33,4.38,7.72,42.7,0.0
beledweyne,2025121819,4.74,45.2,0.0,28.5,4.95,7.82,48.62,0.0
beledweyne,2025121820,4.74,45.2,0.0,27.52,5.12,7.52,56.7,0.0
beledweyne,2025121821,4.74,45.2,0.0,26.46,4.78,6.81,65.2,0.0
beledweyne,2025121822,4.74,45.2,0.0,25.56,4.53,6.33,72.21,0.0
beledweyne,2025121823,4.74,45.2,0.0,24.86,4.55,6.23,77.21,0.0
beledweyne,2025121900,4.74,45.2,0.0,24.34,4.52,6.14,80.81,0.01
beledweyne,2025121901,4.74,45.2,0.0,23.92,4.52,6.17,83.75,0.01
beledweyne,2025121902,4.74,45.2,0.0,23.61,4.37,5.93,85.95,0.02
beledweyne,2025121903,4.74,45.2,54.2,23.72,4.6,6.03,85.57,0.02
beledweyne,2025121904,4.74,45.2,257.62,25.33,5.51,6.59,75.89,0.0
beledweyne,2025121905,4.74,45.2,478.05,28.03,5.53,6.41,60.63,0.0
beledweyne,2025121906,4.74,45.2,684.42,31.02,5.44,6.2,46.42,0.0
beledweyne,2025121907,4.74,45.2,836.1,33.6,5.33,6.01,37.21,0.0
beledweyne,2025121908,4.74,45.2,883.53,35.5,5.19,5.82,32.13,0.0
beledweyne,2025121909,4.74,45.2,850.53,36.8,5.03,5.62,29.06,0.0
beledweyne,2025121910,4.74,45.2,816.1,37.5,4.87,5.43,27.2,0.0
beledweyne,2025121911,4.74,45.2,650.05,37.65,4.79,5.35,26.14,0.0
beledweyne,2025121912,4.74,45.2,452.08,37.22,4.81,5.42,26.26,0.0
beledweyne,2025121913,4.74,45.2,225.48,36.17,4.87,5.61,27.57,0.0
beledweyne,2025121914,4.74,45.2,33.33,34.4,4.03,5.77,30.28,0.0
beledweyne,2025121915,4.74,45.2,0.0,32.52,3.02,6.35,33.59,0.0
beledweyne,2025121916,4.74,45.2,0.0,32.03,3.65,6.96,34.53,0.0
beledweyne,2025121917,4.74,45.2,0.0,31.38,4.49,7.39,36.32,0.0
beledweyne,2025121918,4.74,45.2,0.0,30.33,5.35,7.86,40.9,0.0
beledweyne,2025121919,4.74,45.2,0.0,28.92,5.98,8.16,49.63,0.0
beledweyne,2025121920,4.74,45.2,0.0,27.49,5.93,7.76,59.96,0.0
beledweyne,2025121921,4.74,45.2,0.0,26.28,5.66,7.38,68.7,0.0
beledweyne,2025121922,4.74,45.2,0.0,25.38,5.48,7.08,74.24,0.0
beledweyne,2025121923,4.74,45.2,0.0,24.76,5.12,6.65,77.37,0.0
beledweyne,2025122000,4.74,45.2,0.0,24.28,4.79,6.26,79.69,0.0
beledweyne,2025122001,4.74,45.2,0.0,23.89,4.59,6.03,81.67,0.0
beledweyne,2025122002,4.74,45.2,0.0,23.59,4.62,6.04,83.16,0.01
beledweyne,2025122003,4.74,45.2,38.78,23.71,5.17,6.55,82.31,0.02
beledweyne,2025122004,4.74,45.2,133.45,25.28,6.07,7.27,72.96,0.01
beledweyne,2025122005,4.74,45.2,230.82,27.71,6.48,7.55,59.5,0.0
beledweyne,2025122006,4.74,45.2,333.08,30.32,6.42,7.36,48.28,0.0
beledweyne,2025122007,4.74,45.2,450.85,32.69,6.17,7.0,40.61,0.0
beledweyne,2025122008,4.74,45.2,583.67,34.42,5.9,6.65,36.23,0.0
beledweyne,2025122009,4.74,45.2,623.17,35.49,5.65,6.33,33.81,0.0
beledweyne,2025122010,4.74,45.2,600.58,36.03,5.48,6.14,32.54,0.01
beledweyne,2025122011,4.74,45.2,421.6,36.14,5.47,6.15,31.95,0.0
beledweyne,2025122012,4.74,45.2,365.98,35.67,5.49,6.24,32.45,0.0
beledweyne,2025122013,4.74,45.2,188.27,34.69,5.49,6.37,34.04,0.0
beledweyne,2025122014,4.74,45.2,30.3,33.22,4.91,6.4,36.88,0.0
beledweyne,2025122015,4.74,45.2,0.0,31.92,3.66,6.32,39.64,0.0
beledweyne,2025122016,4.74,45.2,0.0,31.34,3.81,6.58,40.84,0.0
beledweyne,2025122017,4.74,45.2,0.0,30.8,4.35,7.09,41.93,0.0
beledweyne,2025122018,4.74,45.2,0.0,30.12,5.09,7.71,43.61,0.0
beledweyne,2025122019,4.74,45.2,0.0,29.1,5.49,7.86,46.98,0.0
beledweyne,2025122020,4.74,45.2,0.0,27.79,5.65,7.8,52.65,0.0
beledweyne,2025122021,4.74,45.2,0.0,26.42,6.12,8.15,60.36,0.0
beledweyne,2025122022,4.74,45.2,0.0,25.29,6.04,7.78,66.88,0.0
beledweyne,2025122023,4.74,45.2,0.0,24.53,5.72,7.37,70.64,0.0
beledweyne,2025122100,4.74,45.2,0.0,23.97,5.77,7.57,73.4,0.0
beledweyne,2025122101,4.74,45.2,0.0,23.52,5.58,7.31,75.84,0.0
beledweyne,2025122102,4.74,45.2,0.0,23.16,5.25,6.94,78.37,0.01
beledweyne,2025122103,4.74,45.2,32.65,23.22,5.52,7.2,79.38,0.02
beledweyne,2025122104,4.74,45.2,152.75,24.78,7.22,8.9,72.05,0.03
beledweyne,2025122105,4.74,45.2,308.0,27.2,7.98,9.51,60.49,0.02
beledweyne,2025122106,4.74,45.2,413.02,29.65,8.0,9.36,50.7,0.02
beledweyne,2025122107,4.74,45.2,451.05,31.99,7.86,9.11,42.7,0.03
beledweyne,2025122108,4.74,45.2,505.65,33.98,7.69,8.86,36.62,0.02
beledweyne,2025122109,4.74,45.2,575.88,35.39,7.41,8.52,32.9,0.01
beledweyne,2025122110,4.74,45.2,532.33,36.19,7.16,8.22,31.0,0.01
beledweyne,2025122111,4.74,45.2,470.88,36.43,6.99,8.03,30.21,0.01
beledweyne,2025122112,4.74,45.2,330.2,35.97,6.91,8.01,30.91,0.0
beledweyne,2025122113,4.74,45.2,166.38,34.9,6.83,8.1,33.02,0.0
beledweyne,2025122114,4.74,45.2,28.52,33.27,6.23,8.11,36.84,0.0
beledweyne,2025122115,4.74,45.2,0.0,31.96,5.5,8.0,40.47,0.0
beledweyne,2025122116,4.74,45.2,0.0,31.24,5.65,8.2,42.67,0.0
beledweyne,2025122117,4.74,45.2,0.0,30.48,5.85,8.45,44.88,0.0
beledweyne,2025122118,4.74,45.2,0.0,29.46,5.4,7.87,47.53,0.0
beledweyne,2025122119,4.74,45.2,0.0,28.39,5.69,8.08,49.98,0.0
beledweyne,2025122120,4.74,45.2,0.0,27.17,6.89,9.4,52.69,0.0
beledweyne,2025122121,4.74,45.2,0.0,25.85,7.3,9.49,56.86,0.0
beledweyne,2025122122,4.74,45.2,0.0,24.8,6.84,8.9,61.85,0.0
beledweyne,2025122123,4.74,45.2,0.0,24.0,6.47,8.42,67.33,0.0
beledweyne,2025122200,4.74,45.2,0.0,23.41,6.03,7.93,72.41,0.0
beledweyne,2025122201,4.74,45.2,0.0,22.93,5.77,7.7,76.62,0.0
beledweyne,2025122202,4.74,45.2,0.0,22.54,5.55,7.51,79.69,0.0
beledweyne,2025122203,4.74,45.2,45.67,22.6,5.82,7.63,79.67,0.0
beledweyne,2025122204,4.74,45.2,237.52,24.26,7.26,8.97,70.19,0.0
beledweyne,2025122205,4.74,45.2,463.6,26.82,7.97,9.55,56.67,0.0
beledweyne,2025122206,4.74,45.2,665.88,29.59,8.0,9.41,45.37,0.0
beledweyne,2025122207,4.74,45.2,814.33,32.1,7.76,9.02,37.15,0.0
beledweyne,2025122208,4.74,45.2,892.05,34.13,7.47,8.63,31.35,0.0
beledweyne,2025122209,4.74,45.2,900.72,35.57,7.16,8.23,27.58,0.0
beledweyne,2025122210,4.74,45.2,729.03,36.41,6.89,7.9,25.18,0.0
beledweyne,2025122211,4.74,45.2,564.45,36.64,6.71,7.71,23.92,0.0
beledweyne,2025122212,4.74,45.2,369.4,36.26,6.61,7.64,23.49,0.0
beledweyne,2025122213,4.74,45.2,182.07,35.28,6.45,7.64,23.95,0.0
beledweyne,2025122214,4.74,45.2,28.52,33.34,5.16,7.52,26.0,0.0
beledweyne,2025122215,4.74,45.2,0.0,30.69,3.9,8.02,29.74,0.0
beledweyne,2025122216,4.74,45.2,0.0,30.02,4.62,8.53,30.56,0.0
beledweyne,2025122217,4.74,45.2,0.0,29.24,5.13,8.75,31.87,0.0
beledweyne,2025122218,4.74,45.2,0.0,28.41,5.44,8.79,34.21,0.0
beledweyne,2025122219,4.74,45.2,0.0,27.54,5.51,8.52,38.82,0.0
beledweyne,2025122220,4.74,45.2,0.0,26.48,5.18,7.84,47.11,0.0
beledweyne,2025122221,4.74,45.2,0.0,25.49,5.05,7.42,57.16,0.0
beledweyne,2025122222,4.74,45.2,0.0,24.56,4.98,7.03,65.82,0.0
beledweyne,2025122223,4.74,45.2,0.0,23.76,4.84,6.69,71.73,0.0
beledweyne,2025122300,4.74,45.2,0.0,23.08,4.71,6.43,75.85,0.0
beledweyne,2025122301,4.74,45.2,0.0,22.5,4.58,6.23,79.06,0.0
beledweyne,2025122302,4.74,45.2,0.0,22.05,4.91,6.88,81.59,0.0
beledweyne,2025122303,4.74,45.2,39.92,22.17,6.16,8.08,80.83,0.0
beledweyne,2025122304,4.74,45.2,193.38,23.92,7.56,9.28,70.49,0.0
beledweyne,2025122305,4.74,45.2,373.52,26.43,8.0,9.52,56.81,0.0
beledweyne,2025122306,4.74,45.2,583.53,29.05,7.79,9.08,45.5,0.0
beledweyne,2025122307,4.74,45.2,794.83,31.54,7.39,8.5,37.18,0.0
beledweyne,2025122308,4.74,45.2,893.38,33.59,6.96,7.92,31.44,0.0
beledweyne,2025122309,4.74,45.2,918.65,35.03,6.52,7.38,27.69,0.0
beledweyne,2025122310,4.74,45.2,825.2,35.87,6.19,6.98,25.11,0.0
beledweyne,2025122311,4.74,45.2,671.9,36.14,6.0,6.79,23.45,0.0
beledweyne,2025122312,4.74,45.2,472.42,35.84,5.91,6.74,22.71,0.0
beledweyne,2025122313,4.74,45.2,241.12,34.87,5.81,6.79,22.96,0.0
beledweyne,2025122314,4.74,45.2,38.78,32.75,4.45,6.8,25.16,0.0
beledweyne,2025122315,4.74,45.2,0.0,29.81,3.41,7.47,29.51,0.0
beledweyne,2025122316,4.74,45.2,0.0,29.12,3.91,8.12,30.69,0.0
beledweyne,2025122317,4.74,45.2,0.0,28.4,4.22,8.29,32.3,0.0
beledweyne,2025122318,4.74,45.2,0.0,27.59,4.33,8.21,34.46,0.0
beledweyne,2025122319,4.74,45.2,0.0,26.8,4.65,8.28,37.19,0.0
beledweyne,2025122320,4.74,45.2,0.0,26.1,5.36,8.53,41.37,0.0
beledweyne,2025122321,4.74,45.2,0.0,25.28,5.51,8.31,48.34,0.0
beledweyne,2025122322,4.74,45.2,0.0,24.3,4.66,7.15,58.13,0.0
beledweyne,2025122323,4.74,45.2,0.0,23.45,3.98,6.29,68.36,0.0
beledweyne,2025122400,4.74,45.2,0.0,22.77,3.77,6.03,76.89,0.0
beledweyne,2025122401,4.74,45.2,0.0,22.42,4.97,7.29,82.69,0.0
beledweyne,2025122402,4.74,45.2,0.0,22.26,5.35,7.42,84.89,0.0
beledweyne,2025122403,4.74,45.2,54.92,22.63,6.18,8.16,81.89,0.0
beledweyne,2025122404,4.74,45.2,277.45,24.28,7.62,9.37,71.34,0.0
beledweyne,2025122405,4.74,45.2,514.92,26.65,8.05,9.57,58.66,0.0
beledweyne,2025122406,4.74,45.2,718.12,29.31,7.95,9.25,47.33,0.0
beledweyne,2025122407,4.74,45.2,863.08,31.75,7.63,8.76,38.46,0.0
beledweyne,2025122408,4.74,45.2,933.92,33.71,7.2,8.19,32.12,0.0
beledweyne,2025122409,4.74,45.2,919.28,35.09,6.6,7.46,27.87,0.0
beledweyne,2025122410,4.74,45.2,850.6,35.9,6.0,6.75,25.39,0.0
beledweyne,2025122411,4.74,45.2,702.8,36.16,5.58,6.29,24.1,0.0
beledweyne,2025122412,4.74,45.2,499.38,35.79,5.32,6.05,23.98,0.0
beledweyne,2025122413,4.74,45.2,260.15,34.84,5.14,5.97,24.92,0.0
beledweyne,2025122414,4.74,45.2,43.7,32.72,3.81,5.95,28.03,0.0
beledweyne,2025122415,4.74,45.2,0.0,29.9,2.99,6.59,33.37,0.0
beledweyne,2025122416,4.74,45.2,0.0,29.47,3.48,7.39,34.88,0.0
beledweyne,2025122417,4.74,45.2,0.0,29.06,4.26,7.88,36.36,0.0
beledweyne,2025122418,4.74,45.2,0.0,28.49,5.18,8.23,38.31,0.0
beledweyne,2025122419,4.74,45.2,0.0,27.62,5.92,8.6,41.86,0.0
beledweyne,2025122420,4.74,45.2,0.0,26.44,6.19,8.54,49.15,0.0
beledweyne,2025122421,4.74,45.2,0.0,25.04,5.96,8.15,60.66,0.0
beledweyne,2025122422,4.74,45.2,0.0,23.88,5.71,7.67,71.63,0.0
beledweyne,2025122423,4.74,45.2,0.0,23.13,5.06,6.86,77.33,0.0
beledweyne,2025122500,4.74,45.2,0.0,22.57,4.8,6.62,80.59,0.0
beledweyne,2025122501,4.74,45.2,0.0,22.08,4.76,6.68,83.08,0.0
beledweyne,2025122502,4.74,45.2,0.0,21.75,4.89,6.75,84.71,0.0
beledweyne,2025122503,4.74,45.2,52.95,22.01,5.52,7.24,83.39,0.0
beledweyne,2025122504,4.74,45.2,271.8,23.85,6.81,8.24,72.93,0.0
beledweyne,2025122505,4.74,45.2,508.92,26.37,7.08,8.29,60.36,0.0
beledweyne,2025122506,4.74,45.2,707.08,29.12,6.79,7.79,49.77,0.0
beledweyne,2025122507,4.74,45.2,841.12,31.68,6.33,7.17,41.25,0.0
beledweyne,2025122508,4.74,45.2,890.72,33.75,5.81,6.54,34.95,0.0
beledweyne,2025122509,4.74,45.2,892.7,35.21,5.23,5.87,30.63,0.0
beledweyne,2025122510,4.74,45.2,852.85,36.11,4.72,5.29,27.99,0.0
beledweyne,2025122511,4.74,45.2,708.35,36.46,4.3,4.83,26.65,0.0
beledweyne,2025122512,4.74,45.2,500.05,36.19,4.02,4.54,26.59,0.0
beledweyne,2025122513,4.74,45.2,259.95,35.31,3.85,4.4,27.67,0.0
beledweyne,2025122514,4.74,45.2,44.38,33.54,2.93,4.38,30.45,0.0
beledweyne,2025122515,4.74,45.2,0.0,31.46,2.36,4.94,34.23,0.0
beledweyne,2025122516,4.74,45.2,0.0,30.88,2.85,5.91,35.23,0.0
beledweyne,2025122517,4.74,45.2,0.0,30.34,3.48,6.77,36.18,0.0
beledweyne,2025122518,4.74,45.2,0.0,29.76,4.4,7.38,37.3,0.0
beledweyne,2025122519,4.74,45.2,0.0,28.9,5.43,7.82,39.67,0.0
beledweyne,2025122520,4.74,45.2,0.0,27.65,6.16,8.34,44.96,0.0
beledweyne,2025122521,4.74,45.2,0.0,26.15,6.29,8.26,54.3,0.0
beledweyne,2025122522,4.74,45.2,0.0,24.72,5.6,7.29,64.77,0.0
beledweyne,2025122523,4.74,45.2,0.0,23.65,5.29,6.89,72.45,0.0
beledweyne,2025122600,4.74,45.2,0.0,22.94,4.93,6.49,76.81,0.0
beledweyne,2025122601,4.74,45.2,0.0,22.45,5.03,6.63,79.35,0.0
beledweyne,2025122602,4.74,45.2,0.0,22.03,5.12,6.75,81.05,0.0
beledweyne,2025122603,4.74,45.2,40.1,22.03,5.61,7.22,80.37,0.0
beledweyne,2025122604,4.74,45.2,173.43,23.57,6.42,7.69,70.98,0.0
beledweyne,2025122605,4.74,45.2,340.35,26.05,6.49,7.54,57.82,0.0
beledweyne,2025122606,4.74,45.2,527.83,28.83,6.15,7.02,46.53,0.0
beledweyne,2025122607,4.74,45.2,810.35,31.51,5.69,6.39,37.85,0.0
beledweyne,2025122608,4.74,45.2,939.72,33.74,5.16,5.75,31.66,0.0
beledweyne,2025122609,4.74,45.2,929.78,35.36,4.66,5.14,27.25,0.0
beledweyne,2025122610,4.74,45.2,849.1,36.3,4.21,4.62,24.28,0.0
beledweyne,2025122611,4.74,45.2,699.9,36.57,3.96,4.35,22.54,0.0
beledweyne,2025122612,4.74,45.2,496.77,36.27,3.89,4.3,21.67,0.0
beledweyne,2025122613,4.74,45.2,261.23,35.32,3.89,4.4,21.92,0.0
beledweyne,2025122614,4.74,45.2,46.22,32.83,2.85,4.72,24.63,0.0
beledweyne,2025122615,4.74,45.2,0.0,29.7,2.83,5.72,29.0,0.0
beledweyne,2025122616,4.74,45.2,0.0,28.93,3.18,6.88,30.11,0.0
beledweyne,2025122617,4.74,45.2,0.0,28.26,3.65,7.74,31.2,0.0
beledweyne,2025122618,4.74,45.2,0.0,27.52,4.2,8.13,32.63,0.0
beledweyne,2025122619,4.74,45.2,0.0,26.67,4.79,8.19,34.97,0.0
beledweyne,2025122620,4.74,45.2,0.0,25.62,5.41,8.25,39.8,0.0
beledweyne,2025122621,4.74,45.2,0.0,24.5,5.68,8.12,48.7,0.0
beledweyne,2025122622,4.74,45.2,0.0,23.49,5.26,7.41,60.46,0.0
beledweyne,2025122623,4.74,45.2,0.0,22.62,4.62,6.62,71.72,0.0
beledweyne,2025122700,4.74,45.2,0.0,21.86,4.19,5.97,80.14,0.0
beledweyne,2025122701,4.74,45.2,0.0,21.25,3.71,5.37,85.63,0.0
beledweyne,2025122702,4.74,45.2,0.0,21.07,4.24,5.93,87.21,0.0
beledweyne,2025122703,4.74,45.2,49.35,21.42,5.3,6.8,84.82,0.0
beledweyne,2025122704,4.74,45.2,256.2,23.25,5.89,6.98,73.45,0.0
beledweyne,2025122705,4.74,45.2,496.23,25.93,5.95,6.83,58.79,0.0
beledweyne,2025122706,4.74,45.2,706.72,28.92,5.76,6.48,46.18,0.0
beledweyne,2025122707,4.74,45.2,856.85,31.73,5.43,6.03,36.77,0.0
beledweyne,2025122708,4.74,45.2,936.28,34.02,5.05,5.54,30.34,0.0
beledweyne,2025122709,4.74,45.2,928.58,35.62,4.62,5.05,26.11,0.0
beledweyne,2025122710,4.74,45.2,853.5,36.54,4.24,4.63,23.37,0.0
beledweyne,2025122711,4.74,45.2,705.62,36.85,4.02,4.4,21.74,0.0
beledweyne,2025122712,4.74,45.2,501.45,36.54,3.94,4.36,21.09,0.0
beledweyne,2025122713,4.74,45.2,263.85,35.62,3.97,4.5,21.33,0.0
beledweyne,2025122714,4.74,45.2,47.12,33.03,2.9,4.9,24.18,0.0
beledweyne,2025122715,4.74,45.2,0.0,29.83,2.95,6.03,28.8,0.0
beledweyne,2025122716,4.74,45.2,0.0,29.08,3.33,7.24,29.95,0.0
beledweyne,2025122717,4.74,45.2,0.0,28.43,3.84,8.12,31.04,0.0
beledweyne,2025122718,4.74,45.2,0.0,27.72,4.48,8.53,32.61,0.0
beledweyne,2025122719,4.74,45.2,0.0,26.79,5.15,8.61,35.85,0.0
beledweyne,2025122720,4.74,45.2,0.0,25.66,5.73,8.67,42.98,0.0
beledweyne,2025122721,4.74,45.2,0.0,24.5,6.0,8.56,55.17,0.0
beledweyne,2025122722,4.74,45.2,0.0,23.44,5.58,7.69,69.17,0.0
beledweyne,2025122723,4.74,45.2,0.0,22.56,4.38,6.25,79.4,0.0
beledweyne,2025122800,4.74,45.2,0.0,21.85,3.5,5.39,85.76,0.0
beledweyne,2025122801,4.74,45.2,0.0,21.35,3.05,4.91,89.49,0.0
beledweyne,2025122802,4.74,45.2,0.0,20.97,2.71,4.48,92.08,0.0
beledweyne,2025122803,4.74,45.2,40.95,21.36,3.57,4.91,90.14,0.0
beledweyne,2025122804,4.74,45.2,193.52,23.66,5.72,6.89,76.14,0.0
beledweyne,2025122805,4.74,45.2,365.85,26.58,5.97,6.9,60.54,0.0
beledweyne,2025122806,4.74,45.2,515.3,29.77,5.8,6.57,47.06,0.0
beledweyne,2025122807,4.74,45.2,762.65,32.79,5.58,6.26,36.46,0.0
beledweyne,2025122808,4.74,45.2,878.6,35.02,5.34,5.94,29.63,0.0
beledweyne,2025122809,4.74,45.2,907.38,36.45,5.05,5.58,25.55,0.0
beledweyne,2025122810,4.74,45.2,856.65,37.24,4.7,5.17,23.03,0.0
beledweyne,2025122811,4.74,45.2,708.08,37.45,4.42,4.86,21.65,0.0
beledweyne,2025122812,4.74,45.2,502.88,36.98,4.34,4.81,21.47,0.0
beledweyne,2025122813,4.74,45.2,264.55,35.95,4.39,5.01,22.17,0.0
beledweyne,2025122814,4.74,45.2,47.75,33.48,3.16,5.35,25.23,0.0
beledweyne,2025122815,4.74,45.2,0.0,30.3,2.96,6.22,30.16,0.0
beledweyne,2025122816,4.74,45.2,0.0,29.5,3.25,7.09,31.61,0.0
beledweyne,2025122817,4.74,45.2,0.0,28.79,3.74,7.84,33.24,0.0
beledweyne,2025122818,4.74,45.2,0.0,27.99,4.64,8.35,36.4,0.0
beledweyne,2025122819,4.74,45.2,0.0,26.86,5.71,8.55,44.13,0.0
beledweyne,2025122820,4.74,45.2,0.0,25.44,5.93,8.21,57.48,0.0
beledweyne,2025122821,4.74,45.2,0.0,24.26,5.37,7.21,70.45,0.0
beledweyne,2025122822,4.74,45.2,0.0,23.37,4.7,6.35,78.77,0.0
beledweyne,2025122823,4.74,45.2,0.0,22.84,4.26,5.7,82.95,0.0
beledweyne,2025122900,4.74,45.2,0.0,22.49,4.03,5.45,85.27,0.0
beledweyne,2025122901,4.74,45.2,0.0,22.28,3.82,5.12,86.53,0.0
beledweyne,2025122902,4.74,45.2,0.0,22.13,3.56,4.84,87.33,0.0
beledweyne,2025122903,4.74,45.2,44.8,22.38,3.81,4.84,85.86,0.0
beledweyne,2025122904,4.74,45.2,223.05,24.03,4.35,5.06,76.02,0.0
beledweyne,2025122905,4.74,45.2,411.75,26.64,4.32,4.86,61.84,0.0
beledweyne,2025122906,4.74,45.2,635.72,29.56,3.94,4.33,49.83,0.0
beledweyne,2025122907,4.74,45.2,851.4,32.73,3.26,3.45,37.98,0.0
beledweyne,2025122908,4.74,45.2,932.1,35.38,2.65,2.75,29.16,0.0
beledweyne,2025122909,4.74,45.2,945.15,36.95,2.41,2.49,24.45,0.0
beledweyne,2025122910,4.74,45.2,866.15,37.79,2.41,2.52,21.67,0.0
beledweyne,2025122911,4.74,45.2,719.33,37.99,2.51,2.65,20.24,0.0
beledweyne,2025122912,4.74,45.2,515.22,37.61,2.71,2.9,19.84,0.0
beledweyne,2025122913,4.74,45.2,275.27,36.63,2.95,3.26,20.33,0.0
beledweyne,2025122914,4.74,45.2,51.35,34.05,2.32,3.97,23.19,0.0
beledweyne,2025122915,4.74,45.2,0.0,31.34,2.72,5.33,26.96,0.0
beledweyne,2025122916,4.74,45.2,0.0,30.72,3.21,6.72,27.99,0.0
beledweyne,2025122917,4.74,45.2,0.0,30.01,3.78,7.55,29.39,0.0
beledweyne,2025122918,4.74,45.2,0.0,29.09,4.49,7.92,32.23,0.0
beledweyne,2025122919,4.74,45.2,0.0,28.08,5.43,8.08,38.32,0.0
beledweyne,2025122920,4.74,45.2,0.0,26.87,5.95,8.16,50.01,0.0
beledweyne,2025122921,4.74,45.2,0.0,25.85,5.88,7.75,63.33,0.0
beledweyne,2025122922,4.74,45.2,0.0,25.09,5.42,7.01,73.46,0.0
beledweyne,2025122923,4.74,45.2,0.0,24.55,4.66,6.06,79.21,0.0
beledweyne,2025123000,4.74,45.2,0.0,24.12,4.04,5.48,82.54,0.0
beledweyne,2025123001,4.74,45.2,0.0,23.77,3.89,5.51,84.72,0.0
beledweyne,2025123002,4.74,45.2,0.0,23.51,3.88,5.52,85.9,0.0
beledweyne,2025123003,4.74,45.2,44.8,23.66,4.22,5.46,84.55,0.0
beledweyne,2025123004,4.74,45.2,248.62,25.32,4.49,5.18,74.8,0.0
beledweyne,2025123005,4.74,45.2,480.55,27.89,4.35,4.9,61.56,0.0
beledweyne,2025123006,4.74,45.2,699.1,30.94,4.36,4.85,46.97,0.0
beledweyne,2025123007,4.74,45.2,848.75,33.78,4.22,4.62,35.15,0.0
beledweyne,2025123008,4.74,45.2,926.75,35.84,4.08,4.44,28.77,0.0
beledweyne,2025123009,4.74,45.2,943.4,37.2,3.98,4.34,25.2,0.0
beledweyne,2025123010,4.74,45.2,865.08,37.92,3.87,4.22,23.1,0.0
beledweyne,2025123011,4.74,45.2,716.8,38.05,3.79,4.15,21.96,0.0
beledweyne,2025123012,4.74,45.2,512.15,37.58,3.81,4.21,21.7,0.0
beledweyne,2025123013,4.74,45.2,274.23,36.6,3.9,4.4,22.23,0.0
beledweyne,2025123014,4.74,45.2,52.85,34.28,2.98,4.8,24.91,0.0
beledweyne,2025123015,4.74,45.2,0.0,31.32,2.83,5.94,29.47,0.0
beledweyne,2025123016,4.74,45.2,0.0,30.57,3.35,7.22,30.86,0.0
beledweyne,2025123017,4.74,45.2,0.0,29.88,4.18,8.11,32.46,0.0
beledweyne,2025123018,4.74,45.2,0.0,28.99,5.42,8.57,36.17,0.0
beledweyne,2025123019,4.74,45.2,0.0,27.43,5.89,8.39,45.83,0.0
beledweyne,2025123020,4.74,45.2,0.0,25.92,5.74,7.77,59.41,0.0
beledweyne,2025123021,4.74,45.2,0.0,24.8,5.03,6.71,70.56,0.0
beledweyne,2025123022,4.74,45.2,0.0,24.0,4.56,6.11,77.93,0.0
beledweyne,2025123023,4.74,45.2,0.0,23.39,4.18,5.61,82.66,0.0
beledweyne,2025123100,4.74,45.2,0.0,22.86,4.05,5.62,86.71,0.0
beledweyne,2025123101,4.74,45.2,0.0,22.51,3.89,5.42,89.64,0.0
beledweyne,2025123102,4.74,45.2,0.0,22.24,3.4,4.94,91.44,0.0
beledweyne,2025123103,4.74,45.2,34.47,22.57,3.61,4.68,89.29,0.0
beledweyne,2025123104,4.74,45.2,153.35,24.65,4.58,5.35,75.51,0.0
beledweyne,2025123105,4.74,45.2,278.0,27.35,5.09,5.79,60.83,0.0
beledweyne,2025123106,4.74,45.2,446.58,30.14,5.12,5.74,48.8,0.0
beledweyne,2025123107,4.74,45.2,704.25,32.6,4.83,5.36,39.91,0.0
beledweyne,2025123108,4.74,45.2,881.88,34.44,4.55,5.03,34.4,0.0
beledweyne,2025123109,4.74,45.2,865.25,35.67,4.42,4.9,30.82,0.0
beledweyne,2025123110,4.74,45.2,775.8,36.28,4.43,4.9,28.56,0.0
beledweyne,2025123111,4.74,45.2,666.05,36.36,4.52,5.02,27.27,0.0
beledweyne,2025123112,4.74,45.2,472.35,35.95,4.71,5.28,27.25,0.0
beledweyne,2025123113,4.74,45.2,247.88,34.94,4.92,5.62,28.51,0.0
beledweyne,2025123114,4.74,45.2,47.28,33.24,4.43,6.01,31.34,0.0
beledweyne,2025123115,4.74,45.2,0.0,31.05,3.35,6.84,35.86,0.0
beledweyne,2025123116,4.74,45.2,0.0,30.28,4.18,7.69,38.12,0.0
beledweyne,2025123117,4.74,45.2,0.0,29.57,4.84,8.08,40.64,0.0
beledweyne,2025123118,4.74,45.2,0.0,28.78,5.09,8.17,43.49,0.0
beledweyne,2025123119,4.74,45.2,0.0,28.06,5.31,8.23,46.5,0.0
beledweyne,2025123120,4.74,45.2,0.0,27.25,5.44,8.09,50.81,0.0
beledweyne,2025123121,4.74,45.2,0.0,26.25,5.37,7.61,57.42,0.0
beledweyne,2025123122,4.74,45.2,0.0,25.21,4.94,6.81,65.36,0.0
beledweyne,2025123123,4.74,45.2,0.0,24.37,4.5,6.18,71.87,0.0
