record_id,technology,parameter,value,unit,assumption_year,currency_basis,evidence_type,source_title,source_url,publication_date,retrieval_date,locator,model_use,caveat
PWR-A-001,HSDG,Unit size,1,MW,Unspecified planning basis,Dollar symbol in table; report currency context USD; cost base year not specified,planning_assumption_not_observed_quote,Optimized Cost Electricity Generation and Transmission Development Plan for Somalia,https://moewr.gov.so/wp-content/uploads/2025/07/Somalia-Generation-and-Transmission-Plan-2025-MoEWR.pdf,2025-06,2026-09-28,p209 Table5-15,Sensitivity candidate only; not adopted into SWITCH,"Technology option, not an existing plant or approved procurement."
PWR-A-002,HSDG,Fuel,Diesel,source fuel label,Unspecified planning basis,Dollar symbol in table; report currency context USD; cost base year not specified,planning_assumption_not_observed_quote,Optimized Cost Electricity Generation and Transmission Development Plan for Somalia,https://moewr.gov.so/wp-content/uploads/2025/07/Somalia-Generation-and-Transmission-Plan-2025-MoEWR.pdf,2025-06,2026-09-28,p209 Table5-15,Sensitivity candidate only; not adopted into SWITCH,"Technology option, not an existing plant or approved procurement."
PWR-A-003,HSDG,CAPEX,1440,USD/kW,Unspecified planning basis,Dollar symbol in table; report currency context USD; cost base year not specified,planning_assumption_not_observed_quote,Optimized Cost Electricity Generation and Transmission Development Plan for Somalia,https://moewr.gov.so/wp-content/uploads/2025/07/Somalia-Generation-and-Transmission-Plan-2025-MoEWR.pdf,2025-06,2026-09-28,p209 Table5-15,Sensitivity candidate only; not adopted into SWITCH,"Technology option, not an existing plant or approved procurement."
PWR-A-004,HSDG,Fixed O&M,10,USD/kW/year,Unspecified planning basis,Dollar symbol in table; report currency context USD; cost base year not specified,planning_assumption_not_observed_quote,Optimized Cost Electricity Generation and Transmission Development Plan for Somalia,https://moewr.gov.so/wp-content/uploads/2025/07/Somalia-Generation-and-Transmission-Plan-2025-MoEWR.pdf,2025-06,2026-09-28,p209 Table5-15,Sensitivity candidate only; not adopted into SWITCH,"Technology option, not an existing plant or approved procurement."
PWR-A-005,HSDG,Variable O&M,10,USD/MWh,Unspecified planning basis,Dollar symbol in table; report currency context USD; cost base year not specified,planning_assumption_not_observed_quote,Optimized Cost Electricity Generation and Transmission Development Plan for Somalia,https://moewr.gov.so/wp-content/uploads/2025/07/Somalia-Generation-and-Transmission-Plan-2025-MoEWR.pdf,2025-06,2026-09-28,p209 Table5-15,Sensitivity candidate only; not adopted into SWITCH,"Technology option, not an existing plant or approved procurement."
PWR-A-006,HSDG,Heat input,2.23,Gcal/MWh,Unspecified planning basis,Dollar symbol in table; report currency context USD; cost base year not specified,planning_assumption_not_observed_quote,Optimized Cost Electricity Generation and Transmission Development Plan for Somalia,https://moewr.gov.so/wp-content/uploads/2025/07/Somalia-Generation-and-Transmission-Plan-2025-MoEWR.pdf,2025-06,2026-09-28,p209 Table5-15,Sensitivity candidate only; not adopted into SWITCH,"Technology option, not an existing plant or approved procurement."
PWR-A-007,HSDG,Lifetime,8,years,Unspecified planning basis,Dollar symbol in table; report currency context USD; cost base year not specified,planning_assumption_not_observed_quote,Optimized Cost Electricity Generation and Transmission Development Plan for Somalia,https://moewr.gov.so/wp-content/uploads/2025/07/Somalia-Generation-and-Transmission-Plan-2025-MoEWR.pdf,2025-06,2026-09-28,p209 Table5-15,Sensitivity candidate only; not adopted into SWITCH,"Technology option, not an existing plant or approved procurement."
PWR-A-008,Diesel MSDG10MW,Unit size,10,MW,Unspecified planning basis,Dollar symbol in table; report currency context USD; cost base year not specified,planning_assumption_not_observed_quote,Optimized Cost Electricity Generation and Transmission Development Plan for Somalia,https://moewr.gov.so/wp-content/uploads/2025/07/Somalia-Generation-and-Transmission-Plan-2025-MoEWR.pdf,2025-06,2026-09-28,p209 Table5-15,Sensitivity candidate only; not adopted into SWITCH,"Technology option, not an existing plant or approved procurement."
PWR-A-009,Diesel MSDG10MW,Fuel,Diesel,source fuel label,Unspecified planning basis,Dollar symbol in table; report currency context USD; cost base year not specified,planning_assumption_not_observed_quote,Optimized Cost Electricity Generation and Transmission Development Plan for Somalia,https://moewr.gov.so/wp-content/uploads/2025/07/Somalia-Generation-and-Transmission-Plan-2025-MoEWR.pdf,2025-06,2026-09-28,p209 Table5-15,Sensitivity candidate only; not adopted into SWITCH,"Technology option, not an existing plant or approved procurement."
PWR-A-010,Diesel MSDG10MW,CAPEX,1500,USD/kW,Unspecified planning basis,Dollar symbol in table; report currency context USD; cost base year not specified,planning_assumption_not_observed_quote,Optimized Cost Electricity Generation and Transmission Development Plan for Somalia,https://moewr.gov.so/wp-content/uploads/2025/07/Somalia-Generation-and-Transmission-Plan-2025-MoEWR.pdf,2025-06,2026-09-28,p209 Table5-15,Sensitivity candidate only; not adopted into SWITCH,"Technology option, not an existing plant or approved procurement."
PWR-A-011,Diesel MSDG10MW,Fixed O&M,10,USD/kW/year,Unspecified planning basis,Dollar symbol in table; report currency context USD; cost base year not specified,planning_assumption_not_observed_quote,Optimized Cost Electricity Generation and Transmission Development Plan for Somalia,https://moewr.gov.so/wp-content/uploads/2025/07/Somalia-Generation-and-Transmission-Plan-2025-MoEWR.pdf,2025-06,2026-09-28,p209 Table5-15,Sensitivity candidate only; not adopted into SWITCH,"Technology option, not an existing plant or approved procurement."
PWR-A-012,Diesel MSDG10MW,Variable O&M,5,USD/MWh,Unspecified planning basis,Dollar symbol in table; report currency context USD; cost base year not specified,planning_assumption_not_observed_quote,Optimized Cost Electricity Generation and Transmission Development Plan for Somalia,https://moewr.gov.so/wp-content/uploads/2025/07/Somalia-Generation-and-Transmission-Plan-2025-MoEWR.pdf,2025-06,2026-09-28,p209 Table5-15,Sensitivity candidate only; not adopted into SWITCH,"Technology option, not an existing plant or approved procurement."
PWR-A-013,Diesel MSDG10MW,Heat input,2.05,Gcal/MWh,Unspecified planning basis,Dollar symbol in table; report currency context USD; cost base year not specified,planning_assumption_not_observed_quote,Optimized Cost Electricity Generation and Transmission Development Plan for Somalia,https://moewr.gov.so/wp-content/uploads/2025/07/Somalia-Generation-and-Transmission-Plan-2025-MoEWR.pdf,2025-06,2026-09-28,p209 Table5-15,Sensitivity candidate only; not adopted into SWITCH,"Technology option, not an existing plant or approved procurement."
PWR-A-014,Diesel MSDG10MW,Lifetime,10,years,Unspecified planning basis,Dollar symbol in table; report currency context USD; cost base year not specified,planning_assumption_not_observed_quote,Optimized Cost Electricity Generation and Transmission Development Plan for Somalia,https://moewr.gov.so/wp-content/uploads/2025/07/Somalia-Generation-and-Transmission-Plan-2025-MoEWR.pdf,2025-06,2026-09-28,p209 Table5-15,Sensitivity candidate only; not adopted into SWITCH,"Technology option, not an existing plant or approved procurement."
PWR-A-015,HFO MSDG10MW,Unit size,10,MW,Unspecified planning basis,Dollar symbol in table; report currency context USD; cost base year not specified,planning_assumption_not_observed_quote,Optimized Cost Electricity Generation and Transmission Development Plan for Somalia,https://moewr.gov.so/wp-content/uploads/2025/07/Somalia-Generation-and-Transmission-Plan-2025-MoEWR.pdf,2025-06,2026-09-28,p209 Table5-15,Sensitivity candidate only; not adopted into SWITCH,"Technology option, not an existing plant or approved procurement."
PWR-A-016,HFO MSDG10MW,Fuel,HFO,source fuel label,Unspecified planning basis,Dollar symbol in table; report currency context USD; cost base year not specified,planning_assumption_not_observed_quote,Optimized Cost Electricity Generation and Transmission Development Plan for Somalia,https://moewr.gov.so/wp-content/uploads/2025/07/Somalia-Generation-and-Transmission-Plan-2025-MoEWR.pdf,2025-06,2026-09-28,p209 Table5-15,Sensitivity candidate only; not adopted into SWITCH,"Technology option, not an existing plant or approved procurement."
PWR-A-017,HFO MSDG10MW,CAPEX,1500,USD/kW,Unspecified planning basis,Dollar symbol in table; report currency context USD; cost base year not specified,planning_assumption_not_observed_quote,Optimized Cost Electricity Generation and Transmission Development Plan for Somalia,https://moewr.gov.so/wp-content/uploads/2025/07/Somalia-Generation-and-Transmission-Plan-2025-MoEWR.pdf,2025-06,2026-09-28,p209 Table5-15,Sensitivity candidate only; not adopted into SWITCH,"Technology option, not an existing plant or approved procurement."
PWR-A-018,HFO MSDG10MW,Fixed O&M,10,USD/kW/year,Unspecified planning basis,Dollar symbol in table; report currency context USD; cost base year not specified,planning_assumption_not_observed_quote,Optimized Cost Electricity Generation and Transmission Development Plan for Somalia,https://moewr.gov.so/wp-content/uploads/2025/07/Somalia-Generation-and-Transmission-Plan-2025-MoEWR.pdf,2025-06,2026-09-28,p209 Table5-15,Sensitivity candidate only; not adopted into SWITCH,"Technology option, not an existing plant or approved procurement."
PWR-A-019,HFO MSDG10MW,Variable O&M,5,USD/MWh,Unspecified planning basis,Dollar symbol in table; report currency context USD; cost base year not specified,planning_assumption_not_observed_quote,Optimized Cost Electricity Generation and Transmission Development Plan for Somalia,https://moewr.gov.so/wp-content/uploads/2025/07/Somalia-Generation-and-Transmission-Plan-2025-MoEWR.pdf,2025-06,2026-09-28,p209 Table5-15,Sensitivity candidate only; not adopted into SWITCH,"Technology option, not an existing plant or approved procurement."
PWR-A-020,HFO MSDG10MW,Heat input,2.1,Gcal/MWh,Unspecified planning basis,Dollar symbol in table; report currency context USD; cost base year not specified,planning_assumption_not_observed_quote,Optimized Cost Electricity Generation and Transmission Development Plan for Somalia,https://moewr.gov.so/wp-content/uploads/2025/07/Somalia-Generation-and-Transmission-Plan-2025-MoEWR.pdf,2025-06,2026-09-28,p209 Table5-15,Sensitivity candidate only; not adopted into SWITCH,"Technology option, not an existing plant or approved procurement."
PWR-A-021,HFO MSDG10MW,Lifetime,10,years,Unspecified planning basis,Dollar symbol in table; report currency context USD; cost base year not specified,planning_assumption_not_observed_quote,Optimized Cost Electricity Generation and Transmission Development Plan for Somalia,https://moewr.gov.so/wp-content/uploads/2025/07/Somalia-Generation-and-Transmission-Plan-2025-MoEWR.pdf,2025-06,2026-09-28,p209 Table5-15,Sensitivity candidate only; not adopted into SWITCH,"Technology option, not an existing plant or approved procurement."
PWR-A-022,HFO MSDG20MW,Unit size,20,MW,Unspecified planning basis,Dollar symbol in table; report currency context USD; cost base year not specified,planning_assumption_not_observed_quote,Optimized Cost Electricity Generation and Transmission Development Plan for Somalia,https://moewr.gov.so/wp-content/uploads/2025/07/Somalia-Generation-and-Transmission-Plan-2025-MoEWR.pdf,2025-06,2026-09-28,p209 Table5-15,Sensitivity candidate only; not adopted into SWITCH,"Technology option, not an existing plant or approved procurement."
PWR-A-023,HFO MSDG20MW,Fuel,HFO,source fuel label,Unspecified planning basis,Dollar symbol in table; report currency context USD; cost base year not specified,planning_assumption_not_observed_quote,Optimized Cost Electricity Generation and Transmission Development Plan for Somalia,https://moewr.gov.so/wp-content/uploads/2025/07/Somalia-Generation-and-Transmission-Plan-2025-MoEWR.pdf,2025-06,2026-09-28,p209 Table5-15,Sensitivity candidate only; not adopted into SWITCH,"Technology option, not an existing plant or approved procurement."
PWR-A-024,HFO MSDG20MW,CAPEX,1400,USD/kW,Unspecified planning basis,Dollar symbol in table; report currency context USD; cost base year not specified,planning_assumption_not_observed_quote,Optimized Cost Electricity Generation and Transmission Development Plan for Somalia,https://moewr.gov.so/wp-content/uploads/2025/07/Somalia-Generation-and-Transmission-Plan-2025-MoEWR.pdf,2025-06,2026-09-28,p209 Table5-15,Sensitivity candidate only; not adopted into SWITCH,"Technology option, not an existing plant or approved procurement."
PWR-A-025,HFO MSDG20MW,Fixed O&M,10,USD/kW/year,Unspecified planning basis,Dollar symbol in table; report currency context USD; cost base year not specified,planning_assumption_not_observed_quote,Optimized Cost Electricity Generation and Transmission Development Plan for Somalia,https://moewr.gov.so/wp-content/uploads/2025/07/Somalia-Generation-and-Transmission-Plan-2025-MoEWR.pdf,2025-06,2026-09-28,p209 Table5-15,Sensitivity candidate only; not adopted into SWITCH,"Technology option, not an existing plant or approved procurement."
PWR-A-026,HFO MSDG20MW,Variable O&M,5,USD/MWh,Unspecified planning basis,Dollar symbol in table; report currency context USD; cost base year not specified,planning_assumption_not_observed_quote,Optimized Cost Electricity Generation and Transmission Development Plan for Somalia,https://moewr.gov.so/wp-content/uploads/2025/07/Somalia-Generation-and-Transmission-Plan-2025-MoEWR.pdf,2025-06,2026-09-28,p209 Table5-15,Sensitivity candidate only; not adopted into SWITCH,"Technology option, not an existing plant or approved procurement."
PWR-A-027,HFO MSDG20MW,Heat input,2.0,Gcal/MWh,Unspecified planning basis,Dollar symbol in table; report currency context USD; cost base year not specified,planning_assumption_not_observed_quote,Optimized Cost Electricity Generation and Transmission Development Plan for Somalia,https://moewr.gov.so/wp-content/uploads/2025/07/Somalia-Generation-and-Transmission-Plan-2025-MoEWR.pdf,2025-06,2026-09-28,p209 Table5-15,Sensitivity candidate only; not adopted into SWITCH,"Technology option, not an existing plant or approved procurement."
PWR-A-028,HFO MSDG20MW,Lifetime,10,years,Unspecified planning basis,Dollar symbol in table; report currency context USD; cost base year not specified,planning_assumption_not_observed_quote,Optimized Cost Electricity Generation and Transmission Development Plan for Somalia,https://moewr.gov.so/wp-content/uploads/2025/07/Somalia-Generation-and-Transmission-Plan-2025-MoEWR.pdf,2025-06,2026-09-28,p209 Table5-15,Sensitivity candidate only; not adopted into SWITCH,"Technology option, not an existing plant or approved procurement."
PWR-A-029,Diesel OCGT30MW,Unit size,30,MW,Unspecified planning basis,Dollar symbol in table; report currency context USD; cost base year not specified,planning_assumption_not_observed_quote,Optimized Cost Electricity Generation and Transmission Development Plan for Somalia,https://moewr.gov.so/wp-content/uploads/2025/07/Somalia-Generation-and-Transmission-Plan-2025-MoEWR.pdf,2025-06,2026-09-28,p209 Table5-15,Sensitivity candidate only; not adopted into SWITCH,"Technology option, not an existing plant or approved procurement."
PWR-A-030,Diesel OCGT30MW,Fuel,Diesel,source fuel label,Unspecified planning basis,Dollar symbol in table; report currency context USD; cost base year not specified,planning_assumption_not_observed_quote,Optimized Cost Electricity Generation and Transmission Development Plan for Somalia,https://moewr.gov.so/wp-content/uploads/2025/07/Somalia-Generation-and-Transmission-Plan-2025-MoEWR.pdf,2025-06,2026-09-28,p209 Table5-15,Sensitivity candidate only; not adopted into SWITCH,"Technology option, not an existing plant or approved procurement."
PWR-A-031,Diesel OCGT30MW,CAPEX,1000,USD/kW,Unspecified planning basis,Dollar symbol in table; report currency context USD; cost base year not specified,planning_assumption_not_observed_quote,Optimized Cost Electricity Generation and Transmission Development Plan for Somalia,https://moewr.gov.so/wp-content/uploads/2025/07/Somalia-Generation-and-Transmission-Plan-2025-MoEWR.pdf,2025-06,2026-09-28,p209 Table5-15,Sensitivity candidate only; not adopted into SWITCH,"Technology option, not an existing plant or approved procurement."
PWR-A-032,Diesel OCGT30MW,Fixed O&M,10,USD/kW/year,Unspecified planning basis,Dollar symbol in table; report currency context USD; cost base year not specified,planning_assumption_not_observed_quote,Optimized Cost Electricity Generation and Transmission Development Plan for Somalia,https://moewr.gov.so/wp-content/uploads/2025/07/Somalia-Generation-and-Transmission-Plan-2025-MoEWR.pdf,2025-06,2026-09-28,p209 Table5-15,Sensitivity candidate only; not adopted into SWITCH,"Technology option, not an existing plant or approved procurement."
PWR-A-033,Diesel OCGT30MW,Variable O&M,4,USD/MWh,Unspecified planning basis,Dollar symbol in table; report currency context USD; cost base year not specified,planning_assumption_not_observed_quote,Optimized Cost Electricity Generation and Transmission Development Plan for Somalia,https://moewr.gov.so/wp-content/uploads/2025/07/Somalia-Generation-and-Transmission-Plan-2025-MoEWR.pdf,2025-06,2026-09-28,p209 Table5-15,Sensitivity candidate only; not adopted into SWITCH,"Technology option, not an existing plant or approved procurement."
PWR-A-034,Diesel OCGT30MW,Heat input,2.39,Gcal/MWh,Unspecified planning basis,Dollar symbol in table; report currency context USD; cost base year not specified,planning_assumption_not_observed_quote,Optimized Cost Electricity Generation and Transmission Development Plan for Somalia,https://moewr.gov.so/wp-content/uploads/2025/07/Somalia-Generation-and-Transmission-Plan-2025-MoEWR.pdf,2025-06,2026-09-28,p209 Table5-15,Sensitivity candidate only; not adopted into SWITCH,"Technology option, not an existing plant or approved procurement."
PWR-A-035,Diesel OCGT30MW,Lifetime,20,years,Unspecified planning basis,Dollar symbol in table; report currency context USD; cost base year not specified,planning_assumption_not_observed_quote,Optimized Cost Electricity Generation and Transmission Development Plan for Somalia,https://moewr.gov.so/wp-content/uploads/2025/07/Somalia-Generation-and-Transmission-Plan-2025-MoEWR.pdf,2025-06,2026-09-28,p209 Table5-15,Sensitivity candidate only; not adopted into SWITCH,"Technology option, not an existing plant or approved procurement."
PWR-A-036,LNG OCGT40MW,Unit size,40,MW,Unspecified planning basis,Dollar symbol in table; report currency context USD; cost base year not specified,planning_assumption_not_observed_quote,Optimized Cost Electricity Generation and Transmission Development Plan for Somalia,https://moewr.gov.so/wp-content/uploads/2025/07/Somalia-Generation-and-Transmission-Plan-2025-MoEWR.pdf,2025-06,2026-09-28,p209 Table5-15,Sensitivity candidate only; not adopted into SWITCH,"Technology option, not an existing plant or approved procurement."
PWR-A-037,LNG OCGT40MW,Fuel,LNG,source fuel label,Unspecified planning basis,Dollar symbol in table; report currency context USD; cost base year not specified,planning_assumption_not_observed_quote,Optimized Cost Electricity Generation and Transmission Development Plan for Somalia,https://moewr.gov.so/wp-content/uploads/2025/07/Somalia-Generation-and-Transmission-Plan-2025-MoEWR.pdf,2025-06,2026-09-28,p209 Table5-15,Sensitivity candidate only; not adopted into SWITCH,"Technology option, not an existing plant or approved procurement."
PWR-A-038,LNG OCGT40MW,CAPEX,1200,USD/kW,Unspecified planning basis,Dollar symbol in table; report currency context USD; cost base year not specified,planning_assumption_not_observed_quote,Optimized Cost Electricity Generation and Transmission Development Plan for Somalia,https://moewr.gov.so/wp-content/uploads/2025/07/Somalia-Generation-and-Transmission-Plan-2025-MoEWR.pdf,2025-06,2026-09-28,p209 Table5-15,Sensitivity candidate only; not adopted into SWITCH,"Technology option, not an existing plant or approved procurement."
PWR-A-039,LNG OCGT40MW,Fixed O&M,10,USD/kW/year,Unspecified planning basis,Dollar symbol in table; report currency context USD; cost base year not specified,planning_assumption_not_observed_quote,Optimized Cost Electricity Generation and Transmission Development Plan for Somalia,https://moewr.gov.so/wp-content/uploads/2025/07/Somalia-Generation-and-Transmission-Plan-2025-MoEWR.pdf,2025-06,2026-09-28,p209 Table5-15,Sensitivity candidate only; not adopted into SWITCH,"Technology option, not an existing plant or approved procurement."
PWR-A-040,LNG OCGT40MW,Variable O&M,2,USD/MWh,Unspecified planning basis,Dollar symbol in table; report currency context USD; cost base year not specified,planning_assumption_not_observed_quote,Optimized Cost Electricity Generation and Transmission Development Plan for Somalia,https://moewr.gov.so/wp-content/uploads/2025/07/Somalia-Generation-and-Transmission-Plan-2025-MoEWR.pdf,2025-06,2026-09-28,p209 Table5-15,Sensitivity candidate only; not adopted into SWITCH,"Technology option, not an existing plant or approved procurement."
PWR-A-041,LNG OCGT40MW,Heat input,2.26,Gcal/MWh,Unspecified planning basis,Dollar symbol in table; report currency context USD; cost base year not specified,planning_assumption_not_observed_quote,Optimized Cost Electricity Generation and Transmission Development Plan for Somalia,https://moewr.gov.so/wp-content/uploads/2025/07/Somalia-Generation-and-Transmission-Plan-2025-MoEWR.pdf,2025-06,2026-09-28,p209 Table5-15,Sensitivity candidate only; not adopted into SWITCH,"Technology option, not an existing plant or approved procurement."
PWR-A-042,LNG OCGT40MW,Lifetime,20,years,Unspecified planning basis,Dollar symbol in table; report currency context USD; cost base year not specified,planning_assumption_not_observed_quote,Optimized Cost Electricity Generation and Transmission Development Plan for Somalia,https://moewr.gov.so/wp-content/uploads/2025/07/Somalia-Generation-and-Transmission-Plan-2025-MoEWR.pdf,2025-06,2026-09-28,p209 Table5-15,Sensitivity candidate only; not adopted into SWITCH,"Technology option, not an existing plant or approved procurement."
PWR-A-043,LNG OCGT100MW,Unit size,100,MW,Unspecified planning basis,Dollar symbol in table; report currency context USD; cost base year not specified,planning_assumption_not_observed_quote,Optimized Cost Electricity Generation and Transmission Development Plan for Somalia,https://moewr.gov.so/wp-content/uploads/2025/07/Somalia-Generation-and-Transmission-Plan-2025-MoEWR.pdf,2025-06,2026-09-28,p209 Table5-15,Sensitivity candidate only; not adopted into SWITCH,"Technology option, not an existing plant or approved procurement."
PWR-A-044,LNG OCGT100MW,Fuel,LNG,source fuel label,Unspecified planning basis,Dollar symbol in table; report currency context USD; cost base year not specified,planning_assumption_not_observed_quote,Optimized Cost Electricity Generation and Transmission Development Plan for Somalia,https://moewr.gov.so/wp-content/uploads/2025/07/Somalia-Generation-and-Transmission-Plan-2025-MoEWR.pdf,2025-06,2026-09-28,p209 Table5-15,Sensitivity candidate only; not adopted into SWITCH,"Technology option, not an existing plant or approved procurement."
PWR-A-045,LNG OCGT100MW,CAPEX,1050,USD/kW,Unspecified planning basis,Dollar symbol in table; report currency context USD; cost base year not specified,planning_assumption_not_observed_quote,Optimized Cost Electricity Generation and Transmission Development Plan for Somalia,https://moewr.gov.so/wp-content/uploads/2025/07/Somalia-Generation-and-Transmission-Plan-2025-MoEWR.pdf,2025-06,2026-09-28,p209 Table5-15,Sensitivity candidate only; not adopted into SWITCH,"Technology option, not an existing plant or approved procurement."
PWR-A-046,LNG OCGT100MW,Fixed O&M,10,USD/kW/year,Unspecified planning basis,Dollar symbol in table; report currency context USD; cost base year not specified,planning_assumption_not_observed_quote,Optimized Cost Electricity Generation and Transmission Development Plan for Somalia,https://moewr.gov.so/wp-content/uploads/2025/07/Somalia-Generation-and-Transmission-Plan-2025-MoEWR.pdf,2025-06,2026-09-28,p209 Table5-15,Sensitivity candidate only; not adopted into SWITCH,"Technology option, not an existing plant or approved procurement."
PWR-A-047,LNG OCGT100MW,Variable O&M,2,USD/MWh,Unspecified planning basis,Dollar symbol in table; report currency context USD; cost base year not specified,planning_assumption_not_observed_quote,Optimized Cost Electricity Generation and Transmission Development Plan for Somalia,https://moewr.gov.so/wp-content/uploads/2025/07/Somalia-Generation-and-Transmission-Plan-2025-MoEWR.pdf,2025-06,2026-09-28,p209 Table5-15,Sensitivity candidate only; not adopted into SWITCH,"Technology option, not an existing plant or approved procurement."
PWR-A-048,LNG OCGT100MW,Heat input,2.26,Gcal/MWh,Unspecified planning basis,Dollar symbol in table; report currency context USD; cost base year not specified,planning_assumption_not_observed_quote,Optimized Cost Electricity Generation and Transmission Development Plan for Somalia,https://moewr.gov.so/wp-content/uploads/2025/07/Somalia-Generation-and-Transmission-Plan-2025-MoEWR.pdf,2025-06,2026-09-28,p209 Table5-15,Sensitivity candidate only; not adopted into SWITCH,"Technology option, not an existing plant or approved procurement."
PWR-A-049,LNG OCGT100MW,Lifetime,20,years,Unspecified planning basis,Dollar symbol in table; report currency context USD; cost base year not specified,planning_assumption_not_observed_quote,Optimized Cost Electricity Generation and Transmission Development Plan for Somalia,https://moewr.gov.so/wp-content/uploads/2025/07/Somalia-Generation-and-Transmission-Plan-2025-MoEWR.pdf,2025-06,2026-09-28,p209 Table5-15,Sensitivity candidate only; not adopted into SWITCH,"Technology option, not an existing plant or approved procurement."
PWR-A-050,LFO OCGT40MW,Unit size,40,MW,Unspecified planning basis,Dollar symbol in table; report currency context USD; cost base year not specified,planning_assumption_not_observed_quote,Optimized Cost Electricity Generation and Transmission Development Plan for Somalia,https://moewr.gov.so/wp-content/uploads/2025/07/Somalia-Generation-and-Transmission-Plan-2025-MoEWR.pdf,2025-06,2026-09-28,p209 Table5-15,Sensitivity candidate only; not adopted into SWITCH,"Technology option, not an existing plant or approved procurement."
PWR-A-051,LFO OCGT40MW,Fuel,LFO,source fuel label,Unspecified planning basis,Dollar symbol in table; report currency context USD; cost base year not specified,planning_assumption_not_observed_quote,Optimized Cost Electricity Generation and Transmission Development Plan for Somalia,https://moewr.gov.so/wp-content/uploads/2025/07/Somalia-Generation-and-Transmission-Plan-2025-MoEWR.pdf,2025-06,2026-09-28,p209 Table5-15,Sensitivity candidate only; not adopted into SWITCH,"Technology option, not an existing plant or approved procurement."
PWR-A-052,LFO OCGT40MW,CAPEX,1200,USD/kW,Unspecified planning basis,Dollar symbol in table; report currency context USD; cost base year not specified,planning_assumption_not_observed_quote,Optimized Cost Electricity Generation and Transmission Development Plan for Somalia,https://moewr.gov.so/wp-content/uploads/2025/07/Somalia-Generation-and-Transmission-Plan-2025-MoEWR.pdf,2025-06,2026-09-28,p209 Table5-15,Sensitivity candidate only; not adopted into SWITCH,"Technology option, not an existing plant or approved procurement."
PWR-A-053,LFO OCGT40MW,Fixed O&M,10,USD/kW/year,Unspecified planning basis,Dollar symbol in table; report currency context USD; cost base year not specified,planning_assumption_not_observed_quote,Optimized Cost Electricity Generation and Transmission Development Plan for Somalia,https://moewr.gov.so/wp-content/uploads/2025/07/Somalia-Generation-and-Transmission-Plan-2025-MoEWR.pdf,2025-06,2026-09-28,p209 Table5-15,Sensitivity candidate only; not adopted into SWITCH,"Technology option, not an existing plant or approved procurement."
PWR-A-054,LFO OCGT40MW,Variable O&M,2,USD/MWh,Unspecified planning basis,Dollar symbol in table; report currency context USD; cost base year not specified,planning_assumption_not_observed_quote,Optimized Cost Electricity Generation and Transmission Development Plan for Somalia,https://moewr.gov.so/wp-content/uploads/2025/07/Somalia-Generation-and-Transmission-Plan-2025-MoEWR.pdf,2025-06,2026-09-28,p209 Table5-15,Sensitivity candidate only; not adopted into SWITCH,"Technology option, not an existing plant or approved procurement."
PWR-A-055,LFO OCGT40MW,Heat input,2.26,Gcal/MWh,Unspecified planning basis,Dollar symbol in table; report currency context USD; cost base year not specified,planning_assumption_not_observed_quote,Optimized Cost Electricity Generation and Transmission Development Plan for Somalia,https://moewr.gov.so/wp-content/uploads/2025/07/Somalia-Generation-and-Transmission-Plan-2025-MoEWR.pdf,2025-06,2026-09-28,p209 Table5-15,Sensitivity candidate only; not adopted into SWITCH,"Technology option, not an existing plant or approved procurement."
PWR-A-056,LFO OCGT40MW,Lifetime,20,years,Unspecified planning basis,Dollar symbol in table; report currency context USD; cost base year not specified,planning_assumption_not_observed_quote,Optimized Cost Electricity Generation and Transmission Development Plan for Somalia,https://moewr.gov.so/wp-content/uploads/2025/07/Somalia-Generation-and-Transmission-Plan-2025-MoEWR.pdf,2025-06,2026-09-28,p209 Table5-15,Sensitivity candidate only; not adopted into SWITCH,"Technology option, not an existing plant or approved procurement."
PWR-A-057,LFO OCGT100MW,Unit size,100,MW,Unspecified planning basis,Dollar symbol in table; report currency context USD; cost base year not specified,planning_assumption_not_observed_quote,Optimized Cost Electricity Generation and Transmission Development Plan for Somalia,https://moewr.gov.so/wp-content/uploads/2025/07/Somalia-Generation-and-Transmission-Plan-2025-MoEWR.pdf,2025-06,2026-09-28,p209 Table5-15,Sensitivity candidate only; not adopted into SWITCH,"Technology option, not an existing plant or approved procurement."
PWR-A-058,LFO OCGT100MW,Fuel,LFO,source fuel label,Unspecified planning basis,Dollar symbol in table; report currency context USD; cost base year not specified,planning_assumption_not_observed_quote,Optimized Cost Electricity Generation and Transmission Development Plan for Somalia,https://moewr.gov.so/wp-content/uploads/2025/07/Somalia-Generation-and-Transmission-Plan-2025-MoEWR.pdf,2025-06,2026-09-28,p209 Table5-15,Sensitivity candidate only; not adopted into SWITCH,"Technology option, not an existing plant or approved procurement."
PWR-A-059,LFO OCGT100MW,CAPEX,1050,USD/kW,Unspecified planning basis,Dollar symbol in table; report currency context USD; cost base year not specified,planning_assumption_not_observed_quote,Optimized Cost Electricity Generation and Transmission Development Plan for Somalia,https://moewr.gov.so/wp-content/uploads/2025/07/Somalia-Generation-and-Transmission-Plan-2025-MoEWR.pdf,2025-06,2026-09-28,p209 Table5-15,Sensitivity candidate only; not adopted into SWITCH,"Technology option, not an existing plant or approved procurement."
PWR-A-060,LFO OCGT100MW,Fixed O&M,10,USD/kW/year,Unspecified planning basis,Dollar symbol in table; report currency context USD; cost base year not specified,planning_assumption_not_observed_quote,Optimized Cost Electricity Generation and Transmission Development Plan for Somalia,https://moewr.gov.so/wp-content/uploads/2025/07/Somalia-Generation-and-Transmission-Plan-2025-MoEWR.pdf,2025-06,2026-09-28,p209 Table5-15,Sensitivity candidate only; not adopted into SWITCH,"Technology option, not an existing plant or approved procurement."
PWR-A-061,LFO OCGT100MW,Variable O&M,2,USD/MWh,Unspecified planning basis,Dollar symbol in table; report currency context USD; cost base year not specified,planning_assumption_not_observed_quote,Optimized Cost Electricity Generation and Transmission Development Plan for Somalia,https://moewr.gov.so/wp-content/uploads/2025/07/Somalia-Generation-and-Transmission-Plan-2025-MoEWR.pdf,2025-06,2026-09-28,p209 Table5-15,Sensitivity candidate only; not adopted into SWITCH,"Technology option, not an existing plant or approved procurement."
PWR-A-062,LFO OCGT100MW,Heat input,2.26,Gcal/MWh,Unspecified planning basis,Dollar symbol in table; report currency context USD; cost base year not specified,planning_assumption_not_observed_quote,Optimized Cost Electricity Generation and Transmission Development Plan for Somalia,https://moewr.gov.so/wp-content/uploads/2025/07/Somalia-Generation-and-Transmission-Plan-2025-MoEWR.pdf,2025-06,2026-09-28,p209 Table5-15,Sensitivity candidate only; not adopted into SWITCH,"Technology option, not an existing plant or approved procurement."
PWR-A-063,LFO OCGT100MW,Lifetime,20,years,Unspecified planning basis,Dollar symbol in table; report currency context USD; cost base year not specified,planning_assumption_not_observed_quote,Optimized Cost Electricity Generation and Transmission Development Plan for Somalia,https://moewr.gov.so/wp-content/uploads/2025/07/Somalia-Generation-and-Transmission-Plan-2025-MoEWR.pdf,2025-06,2026-09-28,p209 Table5-15,Sensitivity candidate only; not adopted into SWITCH,"Technology option, not an existing plant or approved procurement."
PWR-A-064,LNG CCGT1+1 60MW,Unit size,60,MW,Unspecified planning basis,Dollar symbol in table; report currency context USD; cost base year not specified,planning_assumption_not_observed_quote,Optimized Cost Electricity Generation and Transmission Development Plan for Somalia,https://moewr.gov.so/wp-content/uploads/2025/07/Somalia-Generation-and-Transmission-Plan-2025-MoEWR.pdf,2025-06,2026-09-28,p209 Table5-15,Sensitivity candidate only; not adopted into SWITCH,"Technology option, not an existing plant or approved procurement."
PWR-A-065,LNG CCGT1+1 60MW,Fuel,LNG,source fuel label,Unspecified planning basis,Dollar symbol in table; report currency context USD; cost base year not specified,planning_assumption_not_observed_quote,Optimized Cost Electricity Generation and Transmission Development Plan for Somalia,https://moewr.gov.so/wp-content/uploads/2025/07/Somalia-Generation-and-Transmission-Plan-2025-MoEWR.pdf,2025-06,2026-09-28,p209 Table5-15,Sensitivity candidate only; not adopted into SWITCH,"Technology option, not an existing plant or approved procurement."
PWR-A-066,LNG CCGT1+1 60MW,CAPEX,1350,USD/kW,Unspecified planning basis,Dollar symbol in table; report currency context USD; cost base year not specified,planning_assumption_not_observed_quote,Optimized Cost Electricity Generation and Transmission Development Plan for Somalia,https://moewr.gov.so/wp-content/uploads/2025/07/Somalia-Generation-and-Transmission-Plan-2025-MoEWR.pdf,2025-06,2026-09-28,p209 Table5-15,Sensitivity candidate only; not adopted into SWITCH,"Technology option, not an existing plant or approved procurement."
PWR-A-067,LNG CCGT1+1 60MW,Fixed O&M,15,USD/kW/year,Unspecified planning basis,Dollar symbol in table; report currency context USD; cost base year not specified,planning_assumption_not_observed_quote,Optimized Cost Electricity Generation and Transmission Development Plan for Somalia,https://moewr.gov.so/wp-content/uploads/2025/07/Somalia-Generation-and-Transmission-Plan-2025-MoEWR.pdf,2025-06,2026-09-28,p209 Table5-15,Sensitivity candidate only; not adopted into SWITCH,"Technology option, not an existing plant or approved procurement."
PWR-A-068,LNG CCGT1+1 60MW,Variable O&M,2,USD/MWh,Unspecified planning basis,Dollar symbol in table; report currency context USD; cost base year not specified,planning_assumption_not_observed_quote,Optimized Cost Electricity Generation and Transmission Development Plan for Somalia,https://moewr.gov.so/wp-content/uploads/2025/07/Somalia-Generation-and-Transmission-Plan-2025-MoEWR.pdf,2025-06,2026-09-28,p209 Table5-15,Sensitivity candidate only; not adopted into SWITCH,"Technology option, not an existing plant or approved procurement."
PWR-A-069,LNG CCGT1+1 60MW,Heat input,2.1,Gcal/MWh,Unspecified planning basis,Dollar symbol in table; report currency context USD; cost base year not specified,planning_assumption_not_observed_quote,Optimized Cost Electricity Generation and Transmission Development Plan for Somalia,https://moewr.gov.so/wp-content/uploads/2025/07/Somalia-Generation-and-Transmission-Plan-2025-MoEWR.pdf,2025-06,2026-09-28,p209 Table5-15,Sensitivity candidate only; not adopted into SWITCH,"Technology option, not an existing plant or approved procurement."
PWR-A-070,LNG CCGT1+1 60MW,Lifetime,30,years,Unspecified planning basis,Dollar symbol in table; report currency context USD; cost base year not specified,planning_assumption_not_observed_quote,Optimized Cost Electricity Generation and Transmission Development Plan for Somalia,https://moewr.gov.so/wp-content/uploads/2025/07/Somalia-Generation-and-Transmission-Plan-2025-MoEWR.pdf,2025-06,2026-09-28,p209 Table5-15,Sensitivity candidate only; not adopted into SWITCH,"Technology option, not an existing plant or approved procurement."
PWR-A-071,LNG CCGT2+1 120MW,Unit size,120,MW,Unspecified planning basis,Dollar symbol in table; report currency context USD; cost base year not specified,planning_assumption_not_observed_quote,Optimized Cost Electricity Generation and Transmission Development Plan for Somalia,https://moewr.gov.so/wp-content/uploads/2025/07/Somalia-Generation-and-Transmission-Plan-2025-MoEWR.pdf,2025-06,2026-09-28,p209 Table5-15,Sensitivity candidate only; not adopted into SWITCH,"Technology option, not an existing plant or approved procurement."
PWR-A-072,LNG CCGT2+1 120MW,Fuel,LNG,source fuel label,Unspecified planning basis,Dollar symbol in table; report currency context USD; cost base year not specified,planning_assumption_not_observed_quote,Optimized Cost Electricity Generation and Transmission Development Plan for Somalia,https://moewr.gov.so/wp-content/uploads/2025/07/Somalia-Generation-and-Transmission-Plan-2025-MoEWR.pdf,2025-06,2026-09-28,p209 Table5-15,Sensitivity candidate only; not adopted into SWITCH,"Technology option, not an existing plant or approved procurement."
PWR-A-073,LNG CCGT2+1 120MW,CAPEX,1200,USD/kW,Unspecified planning basis,Dollar symbol in table; report currency context USD; cost base year not specified,planning_assumption_not_observed_quote,Optimized Cost Electricity Generation and Transmission Development Plan for Somalia,https://moewr.gov.so/wp-content/uploads/2025/07/Somalia-Generation-and-Transmission-Plan-2025-MoEWR.pdf,2025-06,2026-09-28,p209 Table5-15,Sensitivity candidate only; not adopted into SWITCH,"Technology option, not an existing plant or approved procurement."
PWR-A-074,LNG CCGT2+1 120MW,Fixed O&M,15,USD/kW/year,Unspecified planning basis,Dollar symbol in table; report currency context USD; cost base year not specified,planning_assumption_not_observed_quote,Optimized Cost Electricity Generation and Transmission Development Plan for Somalia,https://moewr.gov.so/wp-content/uploads/2025/07/Somalia-Generation-and-Transmission-Plan-2025-MoEWR.pdf,2025-06,2026-09-28,p209 Table5-15,Sensitivity candidate only; not adopted into SWITCH,"Technology option, not an existing plant or approved procurement."
PWR-A-075,LNG CCGT2+1 120MW,Variable O&M,2,USD/MWh,Unspecified planning basis,Dollar symbol in table; report currency context USD; cost base year not specified,planning_assumption_not_observed_quote,Optimized Cost Electricity Generation and Transmission Development Plan for Somalia,https://moewr.gov.so/wp-content/uploads/2025/07/Somalia-Generation-and-Transmission-Plan-2025-MoEWR.pdf,2025-06,2026-09-28,p209 Table5-15,Sensitivity candidate only; not adopted into SWITCH,"Technology option, not an existing plant or approved procurement."
PWR-A-076,LNG CCGT2+1 120MW,Heat input,1.8,Gcal/MWh,Unspecified planning basis,Dollar symbol in table; report currency context USD; cost base year not specified,planning_assumption_not_observed_quote,Optimized Cost Electricity Generation and Transmission Development Plan for Somalia,https://moewr.gov.so/wp-content/uploads/2025/07/Somalia-Generation-and-Transmission-Plan-2025-MoEWR.pdf,2025-06,2026-09-28,p209 Table5-15,Sensitivity candidate only; not adopted into SWITCH,"Technology option, not an existing plant or approved procurement."
PWR-A-077,LNG CCGT2+1 120MW,Lifetime,30,years,Unspecified planning basis,Dollar symbol in table; report currency context USD; cost base year not specified,planning_assumption_not_observed_quote,Optimized Cost Electricity Generation and Transmission Development Plan for Somalia,https://moewr.gov.so/wp-content/uploads/2025/07/Somalia-Generation-and-Transmission-Plan-2025-MoEWR.pdf,2025-06,2026-09-28,p209 Table5-15,Sensitivity candidate only; not adopted into SWITCH,"Technology option, not an existing plant or approved procurement."
PWR-A-078,LNG CCGT1+1 150MW,Unit size,150,MW,Unspecified planning basis,Dollar symbol in table; report currency context USD; cost base year not specified,planning_assumption_not_observed_quote,Optimized Cost Electricity Generation and Transmission Development Plan for Somalia,https://moewr.gov.so/wp-content/uploads/2025/07/Somalia-Generation-and-Transmission-Plan-2025-MoEWR.pdf,2025-06,2026-09-28,p209 Table5-15,Sensitivity candidate only; not adopted into SWITCH,"Technology option, not an existing plant or approved procurement."
PWR-A-079,LNG CCGT1+1 150MW,Fuel,LNG,source fuel label,Unspecified planning basis,Dollar symbol in table; report currency context USD; cost base year not specified,planning_assumption_not_observed_quote,Optimized Cost Electricity Generation and Transmission Development Plan for Somalia,https://moewr.gov.so/wp-content/uploads/2025/07/Somalia-Generation-and-Transmission-Plan-2025-MoEWR.pdf,2025-06,2026-09-28,p209 Table5-15,Sensitivity candidate only; not adopted into SWITCH,"Technology option, not an existing plant or approved procurement."
PWR-A-080,LNG CCGT1+1 150MW,CAPEX,1150,USD/kW,Unspecified planning basis,Dollar symbol in table; report currency context USD; cost base year not specified,planning_assumption_not_observed_quote,Optimized Cost Electricity Generation and Transmission Development Plan for Somalia,https://moewr.gov.so/wp-content/uploads/2025/07/Somalia-Generation-and-Transmission-Plan-2025-MoEWR.pdf,2025-06,2026-09-28,p209 Table5-15,Sensitivity candidate only; not adopted into SWITCH,"Technology option, not an existing plant or approved procurement."
PWR-A-081,LNG CCGT1+1 150MW,Fixed O&M,15,USD/kW/year,Unspecified planning basis,Dollar symbol in table; report currency context USD; cost base year not specified,planning_assumption_not_observed_quote,Optimized Cost Electricity Generation and Transmission Development Plan for Somalia,https://moewr.gov.so/wp-content/uploads/2025/07/Somalia-Generation-and-Transmission-Plan-2025-MoEWR.pdf,2025-06,2026-09-28,p209 Table5-15,Sensitivity candidate only; not adopted into SWITCH,"Technology option, not an existing plant or approved procurement."
PWR-A-082,LNG CCGT1+1 150MW,Variable O&M,2,USD/MWh,Unspecified planning basis,Dollar symbol in table; report currency context USD; cost base year not specified,planning_assumption_not_observed_quote,Optimized Cost Electricity Generation and Transmission Development Plan for Somalia,https://moewr.gov.so/wp-content/uploads/2025/07/Somalia-Generation-and-Transmission-Plan-2025-MoEWR.pdf,2025-06,2026-09-28,p209 Table5-15,Sensitivity candidate only; not adopted into SWITCH,"Technology option, not an existing plant or approved procurement."
PWR-A-083,LNG CCGT1+1 150MW,Heat input,1.95,Gcal/MWh,Unspecified planning basis,Dollar symbol in table; report currency context USD; cost base year not specified,planning_assumption_not_observed_quote,Optimized Cost Electricity Generation and Transmission Development Plan for Somalia,https://moewr.gov.so/wp-content/uploads/2025/07/Somalia-Generation-and-Transmission-Plan-2025-MoEWR.pdf,2025-06,2026-09-28,p209 Table5-15,Sensitivity candidate only; not adopted into SWITCH,"Technology option, not an existing plant or approved procurement."
PWR-A-084,LNG CCGT1+1 150MW,Lifetime,30,years,Unspecified planning basis,Dollar symbol in table; report currency context USD; cost base year not specified,planning_assumption_not_observed_quote,Optimized Cost Electricity Generation and Transmission Development Plan for Somalia,https://moewr.gov.so/wp-content/uploads/2025/07/Somalia-Generation-and-Transmission-Plan-2025-MoEWR.pdf,2025-06,2026-09-28,p209 Table5-15,Sensitivity candidate only; not adopted into SWITCH,"Technology option, not an existing plant or approved procurement."
PWR-A-085,LNG CCGT2+1 300MW,Unit size,300,MW,Unspecified planning basis,Dollar symbol in table; report currency context USD; cost base year not specified,planning_assumption_not_observed_quote,Optimized Cost Electricity Generation and Transmission Development Plan for Somalia,https://moewr.gov.so/wp-content/uploads/2025/07/Somalia-Generation-and-Transmission-Plan-2025-MoEWR.pdf,2025-06,2026-09-28,p209 Table5-15,Sensitivity candidate only; not adopted into SWITCH,"Technology option, not an existing plant or approved procurement. CONFLICT: source calls technology LNG but fuel cell LFO; retained without correction."
PWR-A-086,LNG CCGT2+1 300MW,Fuel,LFO,source fuel label,Unspecified planning basis,Dollar symbol in table; report currency context USD; cost base year not specified,planning_assumption_not_observed_quote,Optimized Cost Electricity Generation and Transmission Development Plan for Somalia,https://moewr.gov.so/wp-content/uploads/2025/07/Somalia-Generation-and-Transmission-Plan-2025-MoEWR.pdf,2025-06,2026-09-28,p209 Table5-15,Sensitivity candidate only; not adopted into SWITCH,"Technology option, not an existing plant or approved procurement. CONFLICT: source calls technology LNG but fuel cell LFO; retained without correction."
PWR-A-087,LNG CCGT2+1 300MW,CAPEX,1000,USD/kW,Unspecified planning basis,Dollar symbol in table; report currency context USD; cost base year not specified,planning_assumption_not_observed_quote,Optimized Cost Electricity Generation and Transmission Development Plan for Somalia,https://moewr.gov.so/wp-content/uploads/2025/07/Somalia-Generation-and-Transmission-Plan-2025-MoEWR.pdf,2025-06,2026-09-28,p209 Table5-15,Sensitivity candidate only; not adopted into SWITCH,"Technology option, not an existing plant or approved procurement. CONFLICT: source calls technology LNG but fuel cell LFO; retained without correction."
PWR-A-088,LNG CCGT2+1 300MW,Fixed O&M,15,USD/kW/year,Unspecified planning basis,Dollar symbol in table; report currency context USD; cost base year not specified,planning_assumption_not_observed_quote,Optimized Cost Electricity Generation and Transmission Development Plan for Somalia,https://moewr.gov.so/wp-content/uploads/2025/07/Somalia-Generation-and-Transmission-Plan-2025-MoEWR.pdf,2025-06,2026-09-28,p209 Table5-15,Sensitivity candidate only; not adopted into SWITCH,"Technology option, not an existing plant or approved procurement. CONFLICT: source calls technology LNG but fuel cell LFO; retained without correction."
PWR-A-089,LNG CCGT2+1 300MW,Variable O&M,2,USD/MWh,Unspecified planning basis,Dollar symbol in table; report currency context USD; cost base year not specified,planning_assumption_not_observed_quote,Optimized Cost Electricity Generation and Transmission Development Plan for Somalia,https://moewr.gov.so/wp-content/uploads/2025/07/Somalia-Generation-and-Transmission-Plan-2025-MoEWR.pdf,2025-06,2026-09-28,p209 Table5-15,Sensitivity candidate only; not adopted into SWITCH,"Technology option, not an existing plant or approved procurement. CONFLICT: source calls technology LNG but fuel cell LFO; retained without correction."
PWR-A-090,LNG CCGT2+1 300MW,Heat input,1.95,Gcal/MWh,Unspecified planning basis,Dollar symbol in table; report currency context USD; cost base year not specified,planning_assumption_not_observed_quote,Optimized Cost Electricity Generation and Transmission Development Plan for Somalia,https://moewr.gov.so/wp-content/uploads/2025/07/Somalia-Generation-and-Transmission-Plan-2025-MoEWR.pdf,2025-06,2026-09-28,p209 Table5-15,Sensitivity candidate only; not adopted into SWITCH,"Technology option, not an existing plant or approved procurement. CONFLICT: source calls technology LNG but fuel cell LFO; retained without correction."
PWR-A-091,LNG CCGT2+1 300MW,Lifetime,30,years,Unspecified planning basis,Dollar symbol in table; report currency context USD; cost base year not specified,planning_assumption_not_observed_quote,Optimized Cost Electricity Generation and Transmission Development Plan for Somalia,https://moewr.gov.so/wp-content/uploads/2025/07/Somalia-Generation-and-Transmission-Plan-2025-MoEWR.pdf,2025-06,2026-09-28,p209 Table5-15,Sensitivity candidate only; not adopted into SWITCH,"Technology option, not an existing plant or approved procurement. CONFLICT: source calls technology LNG but fuel cell LFO; retained without correction."
PWR-A-092,LFO CCGT1+1 60MW,Unit size,60,MW,Unspecified planning basis,Dollar symbol in table; report currency context USD; cost base year not specified,planning_assumption_not_observed_quote,Optimized Cost Electricity Generation and Transmission Development Plan for Somalia,https://moewr.gov.so/wp-content/uploads/2025/07/Somalia-Generation-and-Transmission-Plan-2025-MoEWR.pdf,2025-06,2026-09-28,p209 Table5-15,Sensitivity candidate only; not adopted into SWITCH,"Technology option, not an existing plant or approved procurement."
PWR-A-093,LFO CCGT1+1 60MW,Fuel,LFO,source fuel label,Unspecified planning basis,Dollar symbol in table; report currency context USD; cost base year not specified,planning_assumption_not_observed_quote,Optimized Cost Electricity Generation and Transmission Development Plan for Somalia,https://moewr.gov.so/wp-content/uploads/2025/07/Somalia-Generation-and-Transmission-Plan-2025-MoEWR.pdf,2025-06,2026-09-28,p209 Table5-15,Sensitivity candidate only; not adopted into SWITCH,"Technology option, not an existing plant or approved procurement."
PWR-A-094,LFO CCGT1+1 60MW,CAPEX,1350,USD/kW,Unspecified planning basis,Dollar symbol in table; report currency context USD; cost base year not specified,planning_assumption_not_observed_quote,Optimized Cost Electricity Generation and Transmission Development Plan for Somalia,https://moewr.gov.so/wp-content/uploads/2025/07/Somalia-Generation-and-Transmission-Plan-2025-MoEWR.pdf,2025-06,2026-09-28,p209 Table5-15,Sensitivity candidate only; not adopted into SWITCH,"Technology option, not an existing plant or approved procurement."
PWR-A-095,LFO CCGT1+1 60MW,Fixed O&M,15,USD/kW/year,Unspecified planning basis,Dollar symbol in table; report currency context USD; cost base year not specified,planning_assumption_not_observed_quote,Optimized Cost Electricity Generation and Transmission Development Plan for Somalia,https://moewr.gov.so/wp-content/uploads/2025/07/Somalia-Generation-and-Transmission-Plan-2025-MoEWR.pdf,2025-06,2026-09-28,p209 Table5-15,Sensitivity candidate only; not adopted into SWITCH,"Technology option, not an existing plant or approved procurement."
PWR-A-096,LFO CCGT1+1 60MW,Variable O&M,2,USD/MWh,Unspecified planning basis,Dollar symbol in table; report currency context USD; cost base year not specified,planning_assumption_not_observed_quote,Optimized Cost Electricity Generation and Transmission Development Plan for Somalia,https://moewr.gov.so/wp-content/uploads/2025/07/Somalia-Generation-and-Transmission-Plan-2025-MoEWR.pdf,2025-06,2026-09-28,p209 Table5-15,Sensitivity candidate only; not adopted into SWITCH,"Technology option, not an existing plant or approved procurement."
PWR-A-097,LFO CCGT1+1 60MW,Heat input,2.1,Gcal/MWh,Unspecified planning basis,Dollar symbol in table; report currency context USD; cost base year not specified,planning_assumption_not_observed_quote,Optimized Cost Electricity Generation and Transmission Development Plan for Somalia,https://moewr.gov.so/wp-content/uploads/2025/07/Somalia-Generation-and-Transmission-Plan-2025-MoEWR.pdf,2025-06,2026-09-28,p209 Table5-15,Sensitivity candidate only; not adopted into SWITCH,"Technology option, not an existing plant or approved procurement."
PWR-A-098,LFO CCGT1+1 60MW,Lifetime,30,years,Unspecified planning basis,Dollar symbol in table; report currency context USD; cost base year not specified,planning_assumption_not_observed_quote,Optimized Cost Electricity Generation and Transmission Development Plan for Somalia,https://moewr.gov.so/wp-content/uploads/2025/07/Somalia-Generation-and-Transmission-Plan-2025-MoEWR.pdf,2025-06,2026-09-28,p209 Table5-15,Sensitivity candidate only; not adopted into SWITCH,"Technology option, not an existing plant or approved procurement."
PWR-A-099,LFO CCGT2+1 120MW,Unit size,120,MW,Unspecified planning basis,Dollar symbol in table; report currency context USD; cost base year not specified,planning_assumption_not_observed_quote,Optimized Cost Electricity Generation and Transmission Development Plan for Somalia,https://moewr.gov.so/wp-content/uploads/2025/07/Somalia-Generation-and-Transmission-Plan-2025-MoEWR.pdf,2025-06,2026-09-28,p209 Table5-15,Sensitivity candidate only; not adopted into SWITCH,"Technology option, not an existing plant or approved procurement."
PWR-A-100,LFO CCGT2+1 120MW,Fuel,LFO,source fuel label,Unspecified planning basis,Dollar symbol in table; report currency context USD; cost base year not specified,planning_assumption_not_observed_quote,Optimized Cost Electricity Generation and Transmission Development Plan for Somalia,https://moewr.gov.so/wp-content/uploads/2025/07/Somalia-Generation-and-Transmission-Plan-2025-MoEWR.pdf,2025-06,2026-09-28,p209 Table5-15,Sensitivity candidate only; not adopted into SWITCH,"Technology option, not an existing plant or approved procurement."
PWR-A-101,LFO CCGT2+1 120MW,CAPEX,1200,USD/kW,Unspecified planning basis,Dollar symbol in table; report currency context USD; cost base year not specified,planning_assumption_not_observed_quote,Optimized Cost Electricity Generation and Transmission Development Plan for Somalia,https://moewr.gov.so/wp-content/uploads/2025/07/Somalia-Generation-and-Transmission-Plan-2025-MoEWR.pdf,2025-06,2026-09-28,p209 Table5-15,Sensitivity candidate only; not adopted into SWITCH,"Technology option, not an existing plant or approved procurement."
PWR-A-102,LFO CCGT2+1 120MW,Fixed O&M,15,USD/kW/year,Unspecified planning basis,Dollar symbol in table; report currency context USD; cost base year not specified,planning_assumption_not_observed_quote,Optimized Cost Electricity Generation and Transmission Development Plan for Somalia,https://moewr.gov.so/wp-content/uploads/2025/07/Somalia-Generation-and-Transmission-Plan-2025-MoEWR.pdf,2025-06,2026-09-28,p209 Table5-15,Sensitivity candidate only; not adopted into SWITCH,"Technology option, not an existing plant or approved procurement."
PWR-A-103,LFO CCGT2+1 120MW,Variable O&M,2,USD/MWh,Unspecified planning basis,Dollar symbol in table; report currency context USD; cost base year not specified,planning_assumption_not_observed_quote,Optimized Cost Electricity Generation and Transmission Development Plan for Somalia,https://moewr.gov.so/wp-content/uploads/2025/07/Somalia-Generation-and-Transmission-Plan-2025-MoEWR.pdf,2025-06,2026-09-28,p209 Table5-15,Sensitivity candidate only; not adopted into SWITCH,"Technology option, not an existing plant or approved procurement."
PWR-A-104,LFO CCGT2+1 120MW,Heat input,1.8,Gcal/MWh,Unspecified planning basis,Dollar symbol in table; report currency context USD; cost base year not specified,planning_assumption_not_observed_quote,Optimized Cost Electricity Generation and Transmission Development Plan for Somalia,https://moewr.gov.so/wp-content/uploads/2025/07/Somalia-Generation-and-Transmission-Plan-2025-MoEWR.pdf,2025-06,2026-09-28,p209 Table5-15,Sensitivity candidate only; not adopted into SWITCH,"Technology option, not an existing plant or approved procurement."
PWR-A-105,LFO CCGT2+1 120MW,Lifetime,30,years,Unspecified planning basis,Dollar symbol in table; report currency context USD; cost base year not specified,planning_assumption_not_observed_quote,Optimized Cost Electricity Generation and Transmission Development Plan for Somalia,https://moewr.gov.so/wp-content/uploads/2025/07/Somalia-Generation-and-Transmission-Plan-2025-MoEWR.pdf,2025-06,2026-09-28,p209 Table5-15,Sensitivity candidate only; not adopted into SWITCH,"Technology option, not an existing plant or approved procurement."
PWR-A-106,LFO CCGT1+1 150MW,Unit size,150,MW,Unspecified planning basis,Dollar symbol in table; report currency context USD; cost base year not specified,planning_assumption_not_observed_quote,Optimized Cost Electricity Generation and Transmission Development Plan for Somalia,https://moewr.gov.so/wp-content/uploads/2025/07/Somalia-Generation-and-Transmission-Plan-2025-MoEWR.pdf,2025-06,2026-09-28,p209 Table5-15,Sensitivity candidate only; not adopted into SWITCH,"Technology option, not an existing plant or approved procurement."
PWR-A-107,LFO CCGT1+1 150MW,Fuel,LFO,source fuel label,Unspecified planning basis,Dollar symbol in table; report currency context USD; cost base year not specified,planning_assumption_not_observed_quote,Optimized Cost Electricity Generation and Transmission Development Plan for Somalia,https://moewr.gov.so/wp-content/uploads/2025/07/Somalia-Generation-and-Transmission-Plan-2025-MoEWR.pdf,2025-06,2026-09-28,p209 Table5-15,Sensitivity candidate only; not adopted into SWITCH,"Technology option, not an existing plant or approved procurement."
PWR-A-108,LFO CCGT1+1 150MW,CAPEX,1150,USD/kW,Unspecified planning basis,Dollar symbol in table; report currency context USD; cost base year not specified,planning_assumption_not_observed_quote,Optimized Cost Electricity Generation and Transmission Development Plan for Somalia,https://moewr.gov.so/wp-content/uploads/2025/07/Somalia-Generation-and-Transmission-Plan-2025-MoEWR.pdf,2025-06,2026-09-28,p209 Table5-15,Sensitivity candidate only; not adopted into SWITCH,"Technology option, not an existing plant or approved procurement."
PWR-A-109,LFO CCGT1+1 150MW,Fixed O&M,15,USD/kW/year,Unspecified planning basis,Dollar symbol in table; report currency context USD; cost base year not specified,planning_assumption_not_observed_quote,Optimized Cost Electricity Generation and Transmission Development Plan for Somalia,https://moewr.gov.so/wp-content/uploads/2025/07/Somalia-Generation-and-Transmission-Plan-2025-MoEWR.pdf,2025-06,2026-09-28,p209 Table5-15,Sensitivity candidate only; not adopted into SWITCH,"Technology option, not an existing plant or approved procurement."
PWR-A-110,LFO CCGT1+1 150MW,Variable O&M,2,USD/MWh,Unspecified planning basis,Dollar symbol in table; report currency context USD; cost base year not specified,planning_assumption_not_observed_quote,Optimized Cost Electricity Generation and Transmission Development Plan for Somalia,https://moewr.gov.so/wp-content/uploads/2025/07/Somalia-Generation-and-Transmission-Plan-2025-MoEWR.pdf,2025-06,2026-09-28,p209 Table5-15,Sensitivity candidate only; not adopted into SWITCH,"Technology option, not an existing plant or approved procurement."
PWR-A-111,LFO CCGT1+1 150MW,Heat input,1.95,Gcal/MWh,Unspecified planning basis,Dollar symbol in table; report currency context USD; cost base year not specified,planning_assumption_not_observed_quote,Optimized Cost Electricity Generation and Transmission Development Plan for Somalia,https://moewr.gov.so/wp-content/uploads/2025/07/Somalia-Generation-and-Transmission-Plan-2025-MoEWR.pdf,2025-06,2026-09-28,p209 Table5-15,Sensitivity candidate only; not adopted into SWITCH,"Technology option, not an existing plant or approved procurement."
PWR-A-112,LFO CCGT1+1 150MW,Lifetime,30,years,Unspecified planning basis,Dollar symbol in table; report currency context USD; cost base year not specified,planning_assumption_not_observed_quote,Optimized Cost Electricity Generation and Transmission Development Plan for Somalia,https://moewr.gov.so/wp-content/uploads/2025/07/Somalia-Generation-and-Transmission-Plan-2025-MoEWR.pdf,2025-06,2026-09-28,p209 Table5-15,Sensitivity candidate only; not adopted into SWITCH,"Technology option, not an existing plant or approved procurement."
PWR-A-113,LFO CCGT2+1 300MW,Unit size,300,MW,Unspecified planning basis,Dollar symbol in table; report currency context USD; cost base year not specified,planning_assumption_not_observed_quote,Optimized Cost Electricity Generation and Transmission Development Plan for Somalia,https://moewr.gov.so/wp-content/uploads/2025/07/Somalia-Generation-and-Transmission-Plan-2025-MoEWR.pdf,2025-06,2026-09-28,p209 Table5-15,Sensitivity candidate only; not adopted into SWITCH,"Technology option, not an existing plant or approved procurement."
PWR-A-114,LFO CCGT2+1 300MW,Fuel,LFO,source fuel label,Unspecified planning basis,Dollar symbol in table; report currency context USD; cost base year not specified,planning_assumption_not_observed_quote,Optimized Cost Electricity Generation and Transmission Development Plan for Somalia,https://moewr.gov.so/wp-content/uploads/2025/07/Somalia-Generation-and-Transmission-Plan-2025-MoEWR.pdf,2025-06,2026-09-28,p209 Table5-15,Sensitivity candidate only; not adopted into SWITCH,"Technology option, not an existing plant or approved procurement."
PWR-A-115,LFO CCGT2+1 300MW,CAPEX,1000,USD/kW,Unspecified planning basis,Dollar symbol in table; report currency context USD; cost base year not specified,planning_assumption_not_observed_quote,Optimized Cost Electricity Generation and Transmission Development Plan for Somalia,https://moewr.gov.so/wp-content/uploads/2025/07/Somalia-Generation-and-Transmission-Plan-2025-MoEWR.pdf,2025-06,2026-09-28,p209 Table5-15,Sensitivity candidate only; not adopted into SWITCH,"Technology option, not an existing plant or approved procurement."
PWR-A-116,LFO CCGT2+1 300MW,Fixed O&M,15,USD/kW/year,Unspecified planning basis,Dollar symbol in table; report currency context USD; cost base year not specified,planning_assumption_not_observed_quote,Optimized Cost Electricity Generation and Transmission Development Plan for Somalia,https://moewr.gov.so/wp-content/uploads/2025/07/Somalia-Generation-and-Transmission-Plan-2025-MoEWR.pdf,2025-06,2026-09-28,p209 Table5-15,Sensitivity candidate only; not adopted into SWITCH,"Technology option, not an existing plant or approved procurement."
PWR-A-117,LFO CCGT2+1 300MW,Variable O&M,2,USD/MWh,Unspecified planning basis,Dollar symbol in table; report currency context USD; cost base year not specified,planning_assumption_not_observed_quote,Optimized Cost Electricity Generation and Transmission Development Plan for Somalia,https://moewr.gov.so/wp-content/uploads/2025/07/Somalia-Generation-and-Transmission-Plan-2025-MoEWR.pdf,2025-06,2026-09-28,p209 Table5-15,Sensitivity candidate only; not adopted into SWITCH,"Technology option, not an existing plant or approved procurement."
PWR-A-118,LFO CCGT2+1 300MW,Heat input,1.95,Gcal/MWh,Unspecified planning basis,Dollar symbol in table; report currency context USD; cost base year not specified,planning_assumption_not_observed_quote,Optimized Cost Electricity Generation and Transmission Development Plan for Somalia,https://moewr.gov.so/wp-content/uploads/2025/07/Somalia-Generation-and-Transmission-Plan-2025-MoEWR.pdf,2025-06,2026-09-28,p209 Table5-15,Sensitivity candidate only; not adopted into SWITCH,"Technology option, not an existing plant or approved procurement."
PWR-A-119,LFO CCGT2+1 300MW,Lifetime,30,years,Unspecified planning basis,Dollar symbol in table; report currency context USD; cost base year not specified,planning_assumption_not_observed_quote,Optimized Cost Electricity Generation and Transmission Development Plan for Somalia,https://moewr.gov.so/wp-content/uploads/2025/07/Somalia-Generation-and-Transmission-Plan-2025-MoEWR.pdf,2025-06,2026-09-28,p209 Table5-15,Sensitivity candidate only; not adopted into SWITCH,"Technology option, not an existing plant or approved procurement."
PWR-A-120,Coal,Unit size,200,MW,Unspecified planning basis,Dollar symbol in table; report currency context USD; cost base year not specified,planning_assumption_not_observed_quote,Optimized Cost Electricity Generation and Transmission Development Plan for Somalia,https://moewr.gov.so/wp-content/uploads/2025/07/Somalia-Generation-and-Transmission-Plan-2025-MoEWR.pdf,2025-06,2026-09-28,p209 Table5-15,Sensitivity candidate only; not adopted into SWITCH,"Technology option, not an existing plant or approved procurement."
PWR-A-121,Coal,Fuel,Coal,source fuel label,Unspecified planning basis,Dollar symbol in table; report currency context USD; cost base year not specified,planning_assumption_not_observed_quote,Optimized Cost Electricity Generation and Transmission Development Plan for Somalia,https://moewr.gov.so/wp-content/uploads/2025/07/Somalia-Generation-and-Transmission-Plan-2025-MoEWR.pdf,2025-06,2026-09-28,p209 Table5-15,Sensitivity candidate only; not adopted into SWITCH,"Technology option, not an existing plant or approved procurement."
PWR-A-122,Coal,CAPEX,5000,USD/kW,Unspecified planning basis,Dollar symbol in table; report currency context USD; cost base year not specified,planning_assumption_not_observed_quote,Optimized Cost Electricity Generation and Transmission Development Plan for Somalia,https://moewr.gov.so/wp-content/uploads/2025/07/Somalia-Generation-and-Transmission-Plan-2025-MoEWR.pdf,2025-06,2026-09-28,p209 Table5-15,Sensitivity candidate only; not adopted into SWITCH,"Technology option, not an existing plant or approved procurement."
PWR-A-123,Coal,Fixed O&M,50,USD/kW/year,Unspecified planning basis,Dollar symbol in table; report currency context USD; cost base year not specified,planning_assumption_not_observed_quote,Optimized Cost Electricity Generation and Transmission Development Plan for Somalia,https://moewr.gov.so/wp-content/uploads/2025/07/Somalia-Generation-and-Transmission-Plan-2025-MoEWR.pdf,2025-06,2026-09-28,p209 Table5-15,Sensitivity candidate only; not adopted into SWITCH,"Technology option, not an existing plant or approved procurement."
PWR-A-124,Coal,Variable O&M,5,USD/MWh,Unspecified planning basis,Dollar symbol in table; report currency context USD; cost base year not specified,planning_assumption_not_observed_quote,Optimized Cost Electricity Generation and Transmission Development Plan for Somalia,https://moewr.gov.so/wp-content/uploads/2025/07/Somalia-Generation-and-Transmission-Plan-2025-MoEWR.pdf,2025-06,2026-09-28,p209 Table5-15,Sensitivity candidate only; not adopted into SWITCH,"Technology option, not an existing plant or approved procurement."
PWR-A-125,Coal,Heat input,2.39,Gcal/MWh,Unspecified planning basis,Dollar symbol in table; report currency context USD; cost base year not specified,planning_assumption_not_observed_quote,Optimized Cost Electricity Generation and Transmission Development Plan for Somalia,https://moewr.gov.so/wp-content/uploads/2025/07/Somalia-Generation-and-Transmission-Plan-2025-MoEWR.pdf,2025-06,2026-09-28,p209 Table5-15,Sensitivity candidate only; not adopted into SWITCH,"Technology option, not an existing plant or approved procurement."
PWR-A-126,Coal,Lifetime,30,years,Unspecified planning basis,Dollar symbol in table; report currency context USD; cost base year not specified,planning_assumption_not_observed_quote,Optimized Cost Electricity Generation and Transmission Development Plan for Somalia,https://moewr.gov.so/wp-content/uploads/2025/07/Somalia-Generation-and-Transmission-Plan-2025-MoEWR.pdf,2025-06,2026-09-28,p209 Table5-15,Sensitivity candidate only; not adopted into SWITCH,"Technology option, not an existing plant or approved procurement."
PWR-A-127,Nuclear,Unit size,300,MW,Unspecified planning basis,Dollar symbol in table; report currency context USD; cost base year not specified,planning_assumption_not_observed_quote,Optimized Cost Electricity Generation and Transmission Development Plan for Somalia,https://moewr.gov.so/wp-content/uploads/2025/07/Somalia-Generation-and-Transmission-Plan-2025-MoEWR.pdf,2025-06,2026-09-28,p209 Table5-15,Sensitivity candidate only; not adopted into SWITCH,"Technology option, not an existing plant or approved procurement."
PWR-A-128,Nuclear,Fuel,Nuclear,source fuel label,Unspecified planning basis,Dollar symbol in table; report currency context USD; cost base year not specified,planning_assumption_not_observed_quote,Optimized Cost Electricity Generation and Transmission Development Plan for Somalia,https://moewr.gov.so/wp-content/uploads/2025/07/Somalia-Generation-and-Transmission-Plan-2025-MoEWR.pdf,2025-06,2026-09-28,p209 Table5-15,Sensitivity candidate only; not adopted into SWITCH,"Technology option, not an existing plant or approved procurement."
PWR-A-129,Nuclear,CAPEX,10000,USD/kW,Unspecified planning basis,Dollar symbol in table; report currency context USD; cost base year not specified,planning_assumption_not_observed_quote,Optimized Cost Electricity Generation and Transmission Development Plan for Somalia,https://moewr.gov.so/wp-content/uploads/2025/07/Somalia-Generation-and-Transmission-Plan-2025-MoEWR.pdf,2025-06,2026-09-28,p209 Table5-15,Sensitivity candidate only; not adopted into SWITCH,"Technology option, not an existing plant or approved procurement."
PWR-A-130,Nuclear,Fixed O&M,120,USD/kW/year,Unspecified planning basis,Dollar symbol in table; report currency context USD; cost base year not specified,planning_assumption_not_observed_quote,Optimized Cost Electricity Generation and Transmission Development Plan for Somalia,https://moewr.gov.so/wp-content/uploads/2025/07/Somalia-Generation-and-Transmission-Plan-2025-MoEWR.pdf,2025-06,2026-09-28,p209 Table5-15,Sensitivity candidate only; not adopted into SWITCH,"Technology option, not an existing plant or approved procurement."
PWR-A-131,Nuclear,Variable O&M,10,USD/MWh,Unspecified planning basis,Dollar symbol in table; report currency context USD; cost base year not specified,planning_assumption_not_observed_quote,Optimized Cost Electricity Generation and Transmission Development Plan for Somalia,https://moewr.gov.so/wp-content/uploads/2025/07/Somalia-Generation-and-Transmission-Plan-2025-MoEWR.pdf,2025-06,2026-09-28,p209 Table5-15,Sensitivity candidate only; not adopted into SWITCH,"Technology option, not an existing plant or approved procurement."
PWR-A-132,Nuclear,Heat input,2.46,Gcal/MWh,Unspecified planning basis,Dollar symbol in table; report currency context USD; cost base year not specified,planning_assumption_not_observed_quote,Optimized Cost Electricity Generation and Transmission Development Plan for Somalia,https://moewr.gov.so/wp-content/uploads/2025/07/Somalia-Generation-and-Transmission-Plan-2025-MoEWR.pdf,2025-06,2026-09-28,p209 Table5-15,Sensitivity candidate only; not adopted into SWITCH,"Technology option, not an existing plant or approved procurement."
PWR-A-133,Nuclear,Lifetime,60,years,Unspecified planning basis,Dollar symbol in table; report currency context USD; cost base year not specified,planning_assumption_not_observed_quote,Optimized Cost Electricity Generation and Transmission Development Plan for Somalia,https://moewr.gov.so/wp-content/uploads/2025/07/Somalia-Generation-and-Transmission-Plan-2025-MoEWR.pdf,2025-06,2026-09-28,p209 Table5-15,Sensitivity candidate only; not adopted into SWITCH,"Technology option, not an existing plant or approved procurement."
PWR-A-134,Existing Hydro (source label),Unit size,4.6,MW,Unspecified planning basis,Dollar symbol in table; report currency context USD; cost base year not specified,planning_assumption_not_observed_quote,Optimized Cost Electricity Generation and Transmission Development Plan for Somalia,https://moewr.gov.so/wp-content/uploads/2025/07/Somalia-Generation-and-Transmission-Plan-2025-MoEWR.pdf,2025-06,2026-09-28,p209 Table5-15,Sensitivity candidate only; not adopted into SWITCH,"Technology option, not an existing plant or approved procurement.80% appears in heat-rate column; stored as efficiency-labelled source value, not Gcal/MWh. Existing label does not verify operational hydro capacity."
PWR-A-135,Existing Hydro (source label),Fuel,-,source fuel label,Unspecified planning basis,Dollar symbol in table; report currency context USD; cost base year not specified,planning_assumption_not_observed_quote,Optimized Cost Electricity Generation and Transmission Development Plan for Somalia,https://moewr.gov.so/wp-content/uploads/2025/07/Somalia-Generation-and-Transmission-Plan-2025-MoEWR.pdf,2025-06,2026-09-28,p209 Table5-15,Sensitivity candidate only; not adopted into SWITCH,"Technology option, not an existing plant or approved procurement.80% appears in heat-rate column; stored as efficiency-labelled source value, not Gcal/MWh. Existing label does not verify operational hydro capacity."
PWR-A-136,Existing Hydro (source label),CAPEX,100,USD/kW,Unspecified planning basis,Dollar symbol in table; report currency context USD; cost base year not specified,planning_assumption_not_observed_quote,Optimized Cost Electricity Generation and Transmission Development Plan for Somalia,https://moewr.gov.so/wp-content/uploads/2025/07/Somalia-Generation-and-Transmission-Plan-2025-MoEWR.pdf,2025-06,2026-09-28,p209 Table5-15,Sensitivity candidate only; not adopted into SWITCH,"Technology option, not an existing plant or approved procurement.80% appears in heat-rate column; stored as efficiency-labelled source value, not Gcal/MWh. Existing label does not verify operational hydro capacity."
PWR-A-137,Existing Hydro (source label),Fixed O&M,10,USD/kW/year,Unspecified planning basis,Dollar symbol in table; report currency context USD; cost base year not specified,planning_assumption_not_observed_quote,Optimized Cost Electricity Generation and Transmission Development Plan for Somalia,https://moewr.gov.so/wp-content/uploads/2025/07/Somalia-Generation-and-Transmission-Plan-2025-MoEWR.pdf,2025-06,2026-09-28,p209 Table5-15,Sensitivity candidate only; not adopted into SWITCH,"Technology option, not an existing plant or approved procurement.80% appears in heat-rate column; stored as efficiency-labelled source value, not Gcal/MWh. Existing label does not verify operational hydro capacity."
PWR-A-138,Existing Hydro (source label),Variable O&M,1,USD/MWh,Unspecified planning basis,Dollar symbol in table; report currency context USD; cost base year not specified,planning_assumption_not_observed_quote,Optimized Cost Electricity Generation and Transmission Development Plan for Somalia,https://moewr.gov.so/wp-content/uploads/2025/07/Somalia-Generation-and-Transmission-Plan-2025-MoEWR.pdf,2025-06,2026-09-28,p209 Table5-15,Sensitivity candidate only; not adopted into SWITCH,"Technology option, not an existing plant or approved procurement.80% appears in heat-rate column; stored as efficiency-labelled source value, not Gcal/MWh. Existing label does not verify operational hydro capacity."
PWR-A-139,Existing Hydro (source label),Efficiency source value,80%,percent as printed,Unspecified planning basis,Dollar symbol in table; report currency context USD; cost base year not specified,planning_assumption_not_observed_quote,Optimized Cost Electricity Generation and Transmission Development Plan for Somalia,https://moewr.gov.so/wp-content/uploads/2025/07/Somalia-Generation-and-Transmission-Plan-2025-MoEWR.pdf,2025-06,2026-09-28,p209 Table5-15,Sensitivity candidate only; not adopted into SWITCH,"Technology option, not an existing plant or approved procurement.80% appears in heat-rate column; stored as efficiency-labelled source value, not Gcal/MWh. Existing label does not verify operational hydro capacity."
PWR-A-140,Existing Hydro (source label),Lifetime,40,years,Unspecified planning basis,Dollar symbol in table; report currency context USD; cost base year not specified,planning_assumption_not_observed_quote,Optimized Cost Electricity Generation and Transmission Development Plan for Somalia,https://moewr.gov.so/wp-content/uploads/2025/07/Somalia-Generation-and-Transmission-Plan-2025-MoEWR.pdf,2025-06,2026-09-28,p209 Table5-15,Sensitivity candidate only; not adopted into SWITCH,"Technology option, not an existing plant or approved procurement.80% appears in heat-rate column; stored as efficiency-labelled source value, not Gcal/MWh. Existing label does not verify operational hydro capacity."
PWR-A-141,New Hydro,Unit size,150,MW,Unspecified planning basis,Dollar symbol in table; report currency context USD; cost base year not specified,planning_assumption_not_observed_quote,Optimized Cost Electricity Generation and Transmission Development Plan for Somalia,https://moewr.gov.so/wp-content/uploads/2025/07/Somalia-Generation-and-Transmission-Plan-2025-MoEWR.pdf,2025-06,2026-09-28,p209 Table5-15,Sensitivity candidate only; not adopted into SWITCH,"Technology option, not an existing plant or approved procurement.80% appears in heat-rate column; stored as efficiency-labelled source value, not Gcal/MWh. Existing label does not verify operational hydro capacity."
PWR-A-142,New Hydro,Fuel,-,source fuel label,Unspecified planning basis,Dollar symbol in table; report currency context USD; cost base year not specified,planning_assumption_not_observed_quote,Optimized Cost Electricity Generation and Transmission Development Plan for Somalia,https://moewr.gov.so/wp-content/uploads/2025/07/Somalia-Generation-and-Transmission-Plan-2025-MoEWR.pdf,2025-06,2026-09-28,p209 Table5-15,Sensitivity candidate only; not adopted into SWITCH,"Technology option, not an existing plant or approved procurement.80% appears in heat-rate column; stored as efficiency-labelled source value, not Gcal/MWh. Existing label does not verify operational hydro capacity."
PWR-A-143,New Hydro,CAPEX,1000,USD/kW,Unspecified planning basis,Dollar symbol in table; report currency context USD; cost base year not specified,planning_assumption_not_observed_quote,Optimized Cost Electricity Generation and Transmission Development Plan for Somalia,https://moewr.gov.so/wp-content/uploads/2025/07/Somalia-Generation-and-Transmission-Plan-2025-MoEWR.pdf,2025-06,2026-09-28,p209 Table5-15,Sensitivity candidate only; not adopted into SWITCH,"Technology option, not an existing plant or approved procurement.80% appears in heat-rate column; stored as efficiency-labelled source value, not Gcal/MWh. Existing label does not verify operational hydro capacity."
PWR-A-144,New Hydro,Fixed O&M,10,USD/kW/year,Unspecified planning basis,Dollar symbol in table; report currency context USD; cost base year not specified,planning_assumption_not_observed_quote,Optimized Cost Electricity Generation and Transmission Development Plan for Somalia,https://moewr.gov.so/wp-content/uploads/2025/07/Somalia-Generation-and-Transmission-Plan-2025-MoEWR.pdf,2025-06,2026-09-28,p209 Table5-15,Sensitivity candidate only; not adopted into SWITCH,"Technology option, not an existing plant or approved procurement.80% appears in heat-rate column; stored as efficiency-labelled source value, not Gcal/MWh. Existing label does not verify operational hydro capacity."
PWR-A-145,New Hydro,Variable O&M,1,USD/MWh,Unspecified planning basis,Dollar symbol in table; report currency context USD; cost base year not specified,planning_assumption_not_observed_quote,Optimized Cost Electricity Generation and Transmission Development Plan for Somalia,https://moewr.gov.so/wp-content/uploads/2025/07/Somalia-Generation-and-Transmission-Plan-2025-MoEWR.pdf,2025-06,2026-09-28,p209 Table5-15,Sensitivity candidate only; not adopted into SWITCH,"Technology option, not an existing plant or approved procurement.80% appears in heat-rate column; stored as efficiency-labelled source value, not Gcal/MWh. Existing label does not verify operational hydro capacity."
PWR-A-146,New Hydro,Efficiency source value,80%,percent as printed,Unspecified planning basis,Dollar symbol in table; report currency context USD; cost base year not specified,planning_assumption_not_observed_quote,Optimized Cost Electricity Generation and Transmission Development Plan for Somalia,https://moewr.gov.so/wp-content/uploads/2025/07/Somalia-Generation-and-Transmission-Plan-2025-MoEWR.pdf,2025-06,2026-09-28,p209 Table5-15,Sensitivity candidate only; not adopted into SWITCH,"Technology option, not an existing plant or approved procurement.80% appears in heat-rate column; stored as efficiency-labelled source value, not Gcal/MWh. Existing label does not verify operational hydro capacity."
PWR-A-147,New Hydro,Lifetime,40,years,Unspecified planning basis,Dollar symbol in table; report currency context USD; cost base year not specified,planning_assumption_not_observed_quote,Optimized Cost Electricity Generation and Transmission Development Plan for Somalia,https://moewr.gov.so/wp-content/uploads/2025/07/Somalia-Generation-and-Transmission-Plan-2025-MoEWR.pdf,2025-06,2026-09-28,p209 Table5-15,Sensitivity candidate only; not adopted into SWITCH,"Technology option, not an existing plant or approved procurement.80% appears in heat-rate column; stored as efficiency-labelled source value, not Gcal/MWh. Existing label does not verify operational hydro capacity."
PWR-A-148,PV,CAPEX,700,USD/kW,2030,Dollar symbol in table; report currency context USD; cost base year not specified,planning_assumption_not_observed_quote,Optimized Cost Electricity Generation and Transmission Development Plan for Somalia,https://moewr.gov.so/wp-content/uploads/2025/07/Somalia-Generation-and-Transmission-Plan-2025-MoEWR.pdf,2025-06,2026-09-28,p209 Table5-16,Sensitivity candidate only; not adopted into SWITCH,Planning cost trajectory; not Somalia vendor quotes.
PWR-A-149,PV,CAPEX,650,USD/kW,2040,Dollar symbol in table; report currency context USD; cost base year not specified,planning_assumption_not_observed_quote,Optimized Cost Electricity Generation and Transmission Development Plan for Somalia,https://moewr.gov.so/wp-content/uploads/2025/07/Somalia-Generation-and-Transmission-Plan-2025-MoEWR.pdf,2025-06,2026-09-28,p209 Table5-16,Sensitivity candidate only; not adopted into SWITCH,Planning cost trajectory; not Somalia vendor quotes.
PWR-A-150,PV,CAPEX,500,USD/kW,2050,Dollar symbol in table; report currency context USD; cost base year not specified,planning_assumption_not_observed_quote,Optimized Cost Electricity Generation and Transmission Development Plan for Somalia,https://moewr.gov.so/wp-content/uploads/2025/07/Somalia-Generation-and-Transmission-Plan-2025-MoEWR.pdf,2025-06,2026-09-28,p209 Table5-16,Sensitivity candidate only; not adopted into SWITCH,Planning cost trajectory; not Somalia vendor quotes.
PWR-A-151,PV,Fixed O&M,7,USD/kW/year,Unspecified planning basis,Dollar symbol in table; report currency context USD; cost base year not specified,planning_assumption_not_observed_quote,Optimized Cost Electricity Generation and Transmission Development Plan for Somalia,https://moewr.gov.so/wp-content/uploads/2025/07/Somalia-Generation-and-Transmission-Plan-2025-MoEWR.pdf,2025-06,2026-09-28,p209 Table5-16,Sensitivity candidate only; not adopted into SWITCH,Planning cost trajectory; not Somalia vendor quotes.
PWR-A-152,PV,Variable O&M,0,USD/MWh,Unspecified planning basis,Dollar symbol in table; report currency context USD; cost base year not specified,planning_assumption_not_observed_quote,Optimized Cost Electricity Generation and Transmission Development Plan for Somalia,https://moewr.gov.so/wp-content/uploads/2025/07/Somalia-Generation-and-Transmission-Plan-2025-MoEWR.pdf,2025-06,2026-09-28,p209 Table5-16,Sensitivity candidate only; not adopted into SWITCH,Planning cost trajectory; not Somalia vendor quotes.
PWR-A-153,PV,Lifetime,25,years,Unspecified planning basis,Dollar symbol in table; report currency context USD; cost base year not specified,planning_assumption_not_observed_quote,Optimized Cost Electricity Generation and Transmission Development Plan for Somalia,https://moewr.gov.so/wp-content/uploads/2025/07/Somalia-Generation-and-Transmission-Plan-2025-MoEWR.pdf,2025-06,2026-09-28,p209 Table5-16,Sensitivity candidate only; not adopted into SWITCH,Planning cost trajectory; not Somalia vendor quotes.
PWR-A-154,Onshore wind,CAPEX,1500,USD/kW,2030,Dollar symbol in table; report currency context USD; cost base year not specified,planning_assumption_not_observed_quote,Optimized Cost Electricity Generation and Transmission Development Plan for Somalia,https://moewr.gov.so/wp-content/uploads/2025/07/Somalia-Generation-and-Transmission-Plan-2025-MoEWR.pdf,2025-06,2026-09-28,p209 Table5-16,Sensitivity candidate only; not adopted into SWITCH,Planning cost trajectory; not Somalia vendor quotes.
PWR-A-155,Onshore wind,CAPEX,1400,USD/kW,2040,Dollar symbol in table; report currency context USD; cost base year not specified,planning_assumption_not_observed_quote,Optimized Cost Electricity Generation and Transmission Development Plan for Somalia,https://moewr.gov.so/wp-content/uploads/2025/07/Somalia-Generation-and-Transmission-Plan-2025-MoEWR.pdf,2025-06,2026-09-28,p209 Table5-16,Sensitivity candidate only; not adopted into SWITCH,Planning cost trajectory; not Somalia vendor quotes.
PWR-A-156,Onshore wind,CAPEX,1300,USD/kW,2050,Dollar symbol in table; report currency context USD; cost base year not specified,planning_assumption_not_observed_quote,Optimized Cost Electricity Generation and Transmission Development Plan for Somalia,https://moewr.gov.so/wp-content/uploads/2025/07/Somalia-Generation-and-Transmission-Plan-2025-MoEWR.pdf,2025-06,2026-09-28,p209 Table5-16,Sensitivity candidate only; not adopted into SWITCH,Planning cost trajectory; not Somalia vendor quotes.
PWR-A-157,Onshore wind,Fixed O&M,20,USD/kW/year,Unspecified planning basis,Dollar symbol in table; report currency context USD; cost base year not specified,planning_assumption_not_observed_quote,Optimized Cost Electricity Generation and Transmission Development Plan for Somalia,https://moewr.gov.so/wp-content/uploads/2025/07/Somalia-Generation-and-Transmission-Plan-2025-MoEWR.pdf,2025-06,2026-09-28,p209 Table5-16,Sensitivity candidate only; not adopted into SWITCH,Planning cost trajectory; not Somalia vendor quotes.
PWR-A-158,Onshore wind,Variable O&M,0,USD/MWh,Unspecified planning basis,Dollar symbol in table; report currency context USD; cost base year not specified,planning_assumption_not_observed_quote,Optimized Cost Electricity Generation and Transmission Development Plan for Somalia,https://moewr.gov.so/wp-content/uploads/2025/07/Somalia-Generation-and-Transmission-Plan-2025-MoEWR.pdf,2025-06,2026-09-28,p209 Table5-16,Sensitivity candidate only; not adopted into SWITCH,Planning cost trajectory; not Somalia vendor quotes.
PWR-A-159,Onshore wind,Lifetime,30,years,Unspecified planning basis,Dollar symbol in table; report currency context USD; cost base year not specified,planning_assumption_not_observed_quote,Optimized Cost Electricity Generation and Transmission Development Plan for Somalia,https://moewr.gov.so/wp-content/uploads/2025/07/Somalia-Generation-and-Transmission-Plan-2025-MoEWR.pdf,2025-06,2026-09-28,p209 Table5-16,Sensitivity candidate only; not adopted into SWITCH,Planning cost trajectory; not Somalia vendor quotes.
PWR-A-160,Offshore wind,CAPEX,2200,USD/kW,2030,Dollar symbol in table; report currency context USD; cost base year not specified,planning_assumption_not_observed_quote,Optimized Cost Electricity Generation and Transmission Development Plan for Somalia,https://moewr.gov.so/wp-content/uploads/2025/07/Somalia-Generation-and-Transmission-Plan-2025-MoEWR.pdf,2025-06,2026-09-28,p209 Table5-16,Sensitivity candidate only; not adopted into SWITCH,Planning cost trajectory; not Somalia vendor quotes.
PWR-A-161,Offshore wind,CAPEX,2100,USD/kW,2040,Dollar symbol in table; report currency context USD; cost base year not specified,planning_assumption_not_observed_quote,Optimized Cost Electricity Generation and Transmission Development Plan for Somalia,https://moewr.gov.so/wp-content/uploads/2025/07/Somalia-Generation-and-Transmission-Plan-2025-MoEWR.pdf,2025-06,2026-09-28,p209 Table5-16,Sensitivity candidate only; not adopted into SWITCH,Planning cost trajectory; not Somalia vendor quotes.
PWR-A-162,Offshore wind,CAPEX,2000,USD/kW,2050,Dollar symbol in table; report currency context USD; cost base year not specified,planning_assumption_not_observed_quote,Optimized Cost Electricity Generation and Transmission Development Plan for Somalia,https://moewr.gov.so/wp-content/uploads/2025/07/Somalia-Generation-and-Transmission-Plan-2025-MoEWR.pdf,2025-06,2026-09-28,p209 Table5-16,Sensitivity candidate only; not adopted into SWITCH,Planning cost trajectory; not Somalia vendor quotes.
PWR-A-163,Offshore wind,Fixed O&M,50,USD/kW/year,Unspecified planning basis,Dollar symbol in table; report currency context USD; cost base year not specified,planning_assumption_not_observed_quote,Optimized Cost Electricity Generation and Transmission Development Plan for Somalia,https://moewr.gov.so/wp-content/uploads/2025/07/Somalia-Generation-and-Transmission-Plan-2025-MoEWR.pdf,2025-06,2026-09-28,p209 Table5-16,Sensitivity candidate only; not adopted into SWITCH,Planning cost trajectory; not Somalia vendor quotes.
PWR-A-164,Offshore wind,Variable O&M,0,USD/MWh,Unspecified planning basis,Dollar symbol in table; report currency context USD; cost base year not specified,planning_assumption_not_observed_quote,Optimized Cost Electricity Generation and Transmission Development Plan for Somalia,https://moewr.gov.so/wp-content/uploads/2025/07/Somalia-Generation-and-Transmission-Plan-2025-MoEWR.pdf,2025-06,2026-09-28,p209 Table5-16,Sensitivity candidate only; not adopted into SWITCH,Planning cost trajectory; not Somalia vendor quotes.
PWR-A-165,Offshore wind,Lifetime,30,years,Unspecified planning basis,Dollar symbol in table; report currency context USD; cost base year not specified,planning_assumption_not_observed_quote,Optimized Cost Electricity Generation and Transmission Development Plan for Somalia,https://moewr.gov.so/wp-content/uploads/2025/07/Somalia-Generation-and-Transmission-Plan-2025-MoEWR.pdf,2025-06,2026-09-28,p209 Table5-16,Sensitivity candidate only; not adopted into SWITCH,Planning cost trajectory; not Somalia vendor quotes.
PWR-A-166,BESS4h,CAPEX,800,USD/kW,2030,Dollar symbol in table; report currency context USD; cost base year not specified,planning_assumption_not_observed_quote,Optimized Cost Electricity Generation and Transmission Development Plan for Somalia,https://moewr.gov.so/wp-content/uploads/2025/07/Somalia-Generation-and-Transmission-Plan-2025-MoEWR.pdf,2025-06,2026-09-28,p209 Table5-16,Sensitivity candidate only; not adopted into SWITCH,"Four-hour BESS CAPEX is per kW of power, not per kWh of energy."
PWR-A-167,BESS4h,CAPEX,480,USD/kW,2040,Dollar symbol in table; report currency context USD; cost base year not specified,planning_assumption_not_observed_quote,Optimized Cost Electricity Generation and Transmission Development Plan for Somalia,https://moewr.gov.so/wp-content/uploads/2025/07/Somalia-Generation-and-Transmission-Plan-2025-MoEWR.pdf,2025-06,2026-09-28,p209 Table5-16,Sensitivity candidate only; not adopted into SWITCH,"Four-hour BESS CAPEX is per kW of power, not per kWh of energy."
PWR-A-168,BESS4h,CAPEX,360,USD/kW,2050,Dollar symbol in table; report currency context USD; cost base year not specified,planning_assumption_not_observed_quote,Optimized Cost Electricity Generation and Transmission Development Plan for Somalia,https://moewr.gov.so/wp-content/uploads/2025/07/Somalia-Generation-and-Transmission-Plan-2025-MoEWR.pdf,2025-06,2026-09-28,p209 Table5-16,Sensitivity candidate only; not adopted into SWITCH,"Four-hour BESS CAPEX is per kW of power, not per kWh of energy."
PWR-A-169,BESS4h,Fixed O&M,0,USD/kW/year,Unspecified planning basis,Dollar symbol in table; report currency context USD; cost base year not specified,planning_assumption_not_observed_quote,Optimized Cost Electricity Generation and Transmission Development Plan for Somalia,https://moewr.gov.so/wp-content/uploads/2025/07/Somalia-Generation-and-Transmission-Plan-2025-MoEWR.pdf,2025-06,2026-09-28,p209 Table5-16,Sensitivity candidate only; not adopted into SWITCH,"Four-hour BESS CAPEX is per kW of power, not per kWh of energy."
PWR-A-170,BESS4h,Variable O&M,0,USD/MWh,Unspecified planning basis,Dollar symbol in table; report currency context USD; cost base year not specified,planning_assumption_not_observed_quote,Optimized Cost Electricity Generation and Transmission Development Plan for Somalia,https://moewr.gov.so/wp-content/uploads/2025/07/Somalia-Generation-and-Transmission-Plan-2025-MoEWR.pdf,2025-06,2026-09-28,p209 Table5-16,Sensitivity candidate only; not adopted into SWITCH,"Four-hour BESS CAPEX is per kW of power, not per kWh of energy."
PWR-A-171,BESS4h,Lifetime,15,years,Unspecified planning basis,Dollar symbol in table; report currency context USD; cost base year not specified,planning_assumption_not_observed_quote,Optimized Cost Electricity Generation and Transmission Development Plan for Somalia,https://moewr.gov.so/wp-content/uploads/2025/07/Somalia-Generation-and-Transmission-Plan-2025-MoEWR.pdf,2025-06,2026-09-28,p209 Table5-16,Sensitivity candidate only; not adopted into SWITCH,"Four-hour BESS CAPEX is per kW of power, not per kWh of energy."
PWR-A-172,500kV single circuit quad Condor,Investment cost,511,thousand USD/km,Unspecified planning basis,Dollar symbol in table; report currency context USD; cost base year not specified,planning_assumption_not_observed_quote,Optimized Cost Electricity Generation and Transmission Development Plan for Somalia,https://moewr.gov.so/wp-content/uploads/2025/07/Somalia-Generation-and-Transmission-Plan-2025-MoEWR.pdf,2025-06,2026-09-28,p210 Table5-17,Sensitivity candidate only; not adopted into SWITCH,Report says Somalia-specific transmission cost observations unavailable; estimates follow Ethiopia-Somalia interconnection study. Do not treat as existing line cost or delivered quote.
PWR-A-173,230kV single circuit twin Ash,Investment cost,313,thousand USD/km,Unspecified planning basis,Dollar symbol in table; report currency context USD; cost base year not specified,planning_assumption_not_observed_quote,Optimized Cost Electricity Generation and Transmission Development Plan for Somalia,https://moewr.gov.so/wp-content/uploads/2025/07/Somalia-Generation-and-Transmission-Plan-2025-MoEWR.pdf,2025-06,2026-09-28,p210 Table5-17,Sensitivity candidate only; not adopted into SWITCH,Report says Somalia-specific transmission cost observations unavailable; estimates follow Ethiopia-Somalia interconnection study. Do not treat as existing line cost or delivered quote.
PWR-A-174,132kV single circuit Ash,Investment cost,237,thousand USD/km,Unspecified planning basis,Dollar symbol in table; report currency context USD; cost base year not specified,planning_assumption_not_observed_quote,Optimized Cost Electricity Generation and Transmission Development Plan for Somalia,https://moewr.gov.so/wp-content/uploads/2025/07/Somalia-Generation-and-Transmission-Plan-2025-MoEWR.pdf,2025-06,2026-09-28,p210 Table5-17,Sensitivity candidate only; not adopted into SWITCH,Report says Somalia-specific transmission cost observations unavailable; estimates follow Ethiopia-Somalia interconnection study. Do not treat as existing line cost or delivered quote.
PWR-A-175,500kV double circuit quad Condor,Investment cost,787,thousand USD/km,Unspecified planning basis,Dollar symbol in table; report currency context USD; cost base year not specified,planning_assumption_not_observed_quote,Optimized Cost Electricity Generation and Transmission Development Plan for Somalia,https://moewr.gov.so/wp-content/uploads/2025/07/Somalia-Generation-and-Transmission-Plan-2025-MoEWR.pdf,2025-06,2026-09-28,p210 Table5-17,Sensitivity candidate only; not adopted into SWITCH,Report says Somalia-specific transmission cost observations unavailable; estimates follow Ethiopia-Somalia interconnection study. Do not treat as existing line cost or delivered quote.
PWR-A-176,230kV double circuit twin Ash,Investment cost,450,thousand USD/km,Unspecified planning basis,Dollar symbol in table; report currency context USD; cost base year not specified,planning_assumption_not_observed_quote,Optimized Cost Electricity Generation and Transmission Development Plan for Somalia,https://moewr.gov.so/wp-content/uploads/2025/07/Somalia-Generation-and-Transmission-Plan-2025-MoEWR.pdf,2025-06,2026-09-28,p210 Table5-17,Sensitivity candidate only; not adopted into SWITCH,Report says Somalia-specific transmission cost observations unavailable; estimates follow Ethiopia-Somalia interconnection study. Do not treat as existing line cost or delivered quote.
PWR-A-177,132kV double circuit Ash,Investment cost,330,thousand USD/km,Unspecified planning basis,Dollar symbol in table; report currency context USD; cost base year not specified,planning_assumption_not_observed_quote,Optimized Cost Electricity Generation and Transmission Development Plan for Somalia,https://moewr.gov.so/wp-content/uploads/2025/07/Somalia-Generation-and-Transmission-Plan-2025-MoEWR.pdf,2025-06,2026-09-28,p210 Table5-17,Sensitivity candidate only; not adopted into SWITCH,Report says Somalia-specific transmission cost observations unavailable; estimates follow Ethiopia-Somalia interconnection study. Do not treat as existing line cost or delivered quote.
PWR-A-178,Transformer500/230kV 500MVA,Investment cost,6300,thousand USD/unit,Unspecified planning basis,Dollar symbol in table; report currency context USD; cost base year not specified,planning_assumption_not_observed_quote,Optimized Cost Electricity Generation and Transmission Development Plan for Somalia,https://moewr.gov.so/wp-content/uploads/2025/07/Somalia-Generation-and-Transmission-Plan-2025-MoEWR.pdf,2025-06,2026-09-28,p210 Table5-17,Sensitivity candidate only; not adopted into SWITCH,Report says Somalia-specific transmission cost observations unavailable; estimates follow Ethiopia-Somalia interconnection study. Do not treat as existing line cost or delivered quote.
PWR-A-179,Transformer500/230kV 250MVA,Investment cost,5500,thousand USD/unit,Unspecified planning basis,Dollar symbol in table; report currency context USD; cost base year not specified,planning_assumption_not_observed_quote,Optimized Cost Electricity Generation and Transmission Development Plan for Somalia,https://moewr.gov.so/wp-content/uploads/2025/07/Somalia-Generation-and-Transmission-Plan-2025-MoEWR.pdf,2025-06,2026-09-28,p210 Table5-17,Sensitivity candidate only; not adopted into SWITCH,Report says Somalia-specific transmission cost observations unavailable; estimates follow Ethiopia-Somalia interconnection study. Do not treat as existing line cost or delivered quote.
PWR-A-180,Transformer500/230kV 150MVA,Investment cost,4500,thousand USD/unit,Unspecified planning basis,Dollar symbol in table; report currency context USD; cost base year not specified,planning_assumption_not_observed_quote,Optimized Cost Electricity Generation and Transmission Development Plan for Somalia,https://moewr.gov.so/wp-content/uploads/2025/07/Somalia-Generation-and-Transmission-Plan-2025-MoEWR.pdf,2025-06,2026-09-28,p210 Table5-17,Sensitivity candidate only; not adopted into SWITCH,Report says Somalia-specific transmission cost observations unavailable; estimates follow Ethiopia-Somalia interconnection study. Do not treat as existing line cost or delivered quote.
PWR-A-181,Transformer230/132kV 250MVA,Investment cost,4300,thousand USD/unit,Unspecified planning basis,Dollar symbol in table; report currency context USD; cost base year not specified,planning_assumption_not_observed_quote,Optimized Cost Electricity Generation and Transmission Development Plan for Somalia,https://moewr.gov.so/wp-content/uploads/2025/07/Somalia-Generation-and-Transmission-Plan-2025-MoEWR.pdf,2025-06,2026-09-28,p210 Table5-17,Sensitivity candidate only; not adopted into SWITCH,Report says Somalia-specific transmission cost observations unavailable; estimates follow Ethiopia-Somalia interconnection study. Do not treat as existing line cost or delivered quote.
PWR-A-182,Transformer230/132kV 150MVA,Investment cost,3200,thousand USD/unit,Unspecified planning basis,Dollar symbol in table; report currency context USD; cost base year not specified,planning_assumption_not_observed_quote,Optimized Cost Electricity Generation and Transmission Development Plan for Somalia,https://moewr.gov.so/wp-content/uploads/2025/07/Somalia-Generation-and-Transmission-Plan-2025-MoEWR.pdf,2025-06,2026-09-28,p210 Table5-17,Sensitivity candidate only; not adopted into SWITCH,Report says Somalia-specific transmission cost observations unavailable; estimates follow Ethiopia-Somalia interconnection study. Do not treat as existing line cost or delivered quote.
PWR-A-183,Transformer230/33kV 100MVA,Investment cost,3000,thousand USD/unit,Unspecified planning basis,Dollar symbol in table; report currency context USD; cost base year not specified,planning_assumption_not_observed_quote,Optimized Cost Electricity Generation and Transmission Development Plan for Somalia,https://moewr.gov.so/wp-content/uploads/2025/07/Somalia-Generation-and-Transmission-Plan-2025-MoEWR.pdf,2025-06,2026-09-28,p210 Table5-17,Sensitivity candidate only; not adopted into SWITCH,Report says Somalia-specific transmission cost observations unavailable; estimates follow Ethiopia-Somalia interconnection study. Do not treat as existing line cost or delivered quote.
PWR-A-184,Transformer230/33kV 50MVA,Investment cost,2580,thousand USD/unit,Unspecified planning basis,Dollar symbol in table; report currency context USD; cost base year not specified,planning_assumption_not_observed_quote,Optimized Cost Electricity Generation and Transmission Development Plan for Somalia,https://moewr.gov.so/wp-content/uploads/2025/07/Somalia-Generation-and-Transmission-Plan-2025-MoEWR.pdf,2025-06,2026-09-28,p210 Table5-17,Sensitivity candidate only; not adopted into SWITCH,Report says Somalia-specific transmission cost observations unavailable; estimates follow Ethiopia-Somalia interconnection study. Do not treat as existing line cost or delivered quote.
PWR-A-185,Transformer132/33kV 100MVA,Investment cost,2500,thousand USD/unit,Unspecified planning basis,Dollar symbol in table; report currency context USD; cost base year not specified,planning_assumption_not_observed_quote,Optimized Cost Electricity Generation and Transmission Development Plan for Somalia,https://moewr.gov.so/wp-content/uploads/2025/07/Somalia-Generation-and-Transmission-Plan-2025-MoEWR.pdf,2025-06,2026-09-28,p210 Table5-17,Sensitivity candidate only; not adopted into SWITCH,Report says Somalia-specific transmission cost observations unavailable; estimates follow Ethiopia-Somalia interconnection study. Do not treat as existing line cost or delivered quote.
PWR-A-186,500kV switchgear,Investment cost,4190,thousand USD/circuit,Unspecified planning basis,Dollar symbol in table; report currency context USD; cost base year not specified,planning_assumption_not_observed_quote,Optimized Cost Electricity Generation and Transmission Development Plan for Somalia,https://moewr.gov.so/wp-content/uploads/2025/07/Somalia-Generation-and-Transmission-Plan-2025-MoEWR.pdf,2025-06,2026-09-28,p210 Table5-17,Sensitivity candidate only; not adopted into SWITCH,Report says Somalia-specific transmission cost observations unavailable; estimates follow Ethiopia-Somalia interconnection study. Do not treat as existing line cost or delivered quote.
PWR-A-187,230kV switchgear,Investment cost,1500,thousand USD/circuit,Unspecified planning basis,Dollar symbol in table; report currency context USD; cost base year not specified,planning_assumption_not_observed_quote,Optimized Cost Electricity Generation and Transmission Development Plan for Somalia,https://moewr.gov.so/wp-content/uploads/2025/07/Somalia-Generation-and-Transmission-Plan-2025-MoEWR.pdf,2025-06,2026-09-28,p210 Table5-17,Sensitivity candidate only; not adopted into SWITCH,Report says Somalia-specific transmission cost observations unavailable; estimates follow Ethiopia-Somalia interconnection study. Do not treat as existing line cost or delivered quote.
PWR-A-188,132kV switchgear,Investment cost,850,thousand USD/circuit,Unspecified planning basis,Dollar symbol in table; report currency context USD; cost base year not specified,planning_assumption_not_observed_quote,Optimized Cost Electricity Generation and Transmission Development Plan for Somalia,https://moewr.gov.so/wp-content/uploads/2025/07/Somalia-Generation-and-Transmission-Plan-2025-MoEWR.pdf,2025-06,2026-09-28,p210 Table5-17,Sensitivity candidate only; not adopted into SWITCH,Report says Somalia-specific transmission cost observations unavailable; estimates follow Ethiopia-Somalia interconnection study. Do not treat as existing line cost or delivered quote.
PWR-A-189,Shunt reactor,Investment cost,15,thousand USD/Mvar,Unspecified planning basis,Dollar symbol in table; report currency context USD; cost base year not specified,planning_assumption_not_observed_quote,Optimized Cost Electricity Generation and Transmission Development Plan for Somalia,https://moewr.gov.so/wp-content/uploads/2025/07/Somalia-Generation-and-Transmission-Plan-2025-MoEWR.pdf,2025-06,2026-09-28,p210 Table5-17,Sensitivity candidate only; not adopted into SWITCH,Report says Somalia-specific transmission cost observations unavailable; estimates follow Ethiopia-Somalia interconnection study. Do not treat as existing line cost or delivered quote.
PWR-A-190,Capacitor bank,Investment cost,25,thousand USD/Mvar,Unspecified planning basis,Dollar symbol in table; report currency context USD; cost base year not specified,planning_assumption_not_observed_quote,Optimized Cost Electricity Generation and Transmission Development Plan for Somalia,https://moewr.gov.so/wp-content/uploads/2025/07/Somalia-Generation-and-Transmission-Plan-2025-MoEWR.pdf,2025-06,2026-09-28,p210 Table5-17,Sensitivity candidate only; not adopted into SWITCH,Report says Somalia-specific transmission cost observations unavailable; estimates follow Ethiopia-Somalia interconnection study. Do not treat as existing line cost or delivered quote.
